Timestamp,Elapsed_s,Label,Total_W,CPU_Temp_C,Throttled_raw,EXT5V_V,0V8_AON_W,0V8_SW_W,1V1_SYS_W,1V8_SYS_W,3V3_ADC_W,3V3_DAC_W,3V3_SYS_W,3V7_WL_SW_W,DDR_VDD2_W,DDR_VDDQ_W,HDMI_W,VDD_CORE_W
07:23:59.487,0.0,E 60 s / 60 s,2.177,50.5,917504,5.16838,0.0031,0.274,0.2039,0.3619,0.0016,0.0002,0.4706,0.0,0.0281,0.0,0.0677,0.7659
07:24:01.492,2.0,E 60 s / 60 s,2.2299,49.9,917504,5.16838,0.0029,0.2731,0.2293,0.3738,0.0004,0.0002,0.4719,0.0143,0.027,0.0,0.0715,0.7656
07:24:03.488,4.0,E 60 s / 60 s,2.1742,50.5,917504,5.171059,0.0031,0.271,0.2032,0.3633,0.0004,0.0002,0.4847,0.0,0.027,0.0,0.069,0.7524
07:24:05.488,6.0,E 60 s / 60 s,2.2038,50.5,917504,5.171059,0.0029,0.2754,0.2032,0.3725,0.0016,0.0,0.4876,0.0,0.0302,0.0,0.0709,0.7594
07:24:07.488,8.0,E 60 s / 60 s,2.1467,50.5,917504,5.1724,0.0031,0.2732,0.2026,0.3573,0.0032,0.0,0.4557,0.0072,0.0162,0.0,0.069,0.7592
07:24:09.488,10.0,E 60 s / 60 s,2.1746,50.5,917504,5.1657,0.0027,0.272,0.2048,0.3574,0.0002,0.0004,0.4712,0.0036,0.0325,0.0,0.0703,0.7594
07:24:11.488,12.0,E 60 s / 60 s,2.1844,50.5,917504,5.171059,0.003,0.2738,0.2039,0.3522,0.0032,0.0,0.4874,0.0071,0.0238,0.0,0.0702,0.7597
07:24:13.488,14.0,E 60 s / 60 s,2.1805,48.8,917504,5.1724,0.0035,0.2746,0.2042,0.3697,0.0006,0.0,0.4827,0.0,0.0215,0.0,0.0709,0.7527
07:24:15.488,16.0,E 60 s / 60 s,2.1769,49.4,917504,5.16972,0.0024,0.2724,0.2026,0.3632,0.0008,0.0,0.4813,0.0036,0.0237,0.0,0.0677,0.7592
07:24:17.488,18.0,E 60 s / 60 s,2.1761,50.5,917504,5.1724,0.0029,0.273,0.2026,0.372,0.0008,0.0,0.4774,0.0,0.0248,0.0,0.0702,0.7524
07:24:19.488,20.0,E 60 s / 60 s,2.2564,49.9,917504,5.17508,0.0027,0.2735,0.2032,0.3636,0.0016,0.0002,0.4859,0.0,0.026,0.0,0.0747,0.8251
07:24:21.488,22.0,E 60 s / 60 s,2.1911,50.5,917504,5.16436,0.0031,0.271,0.2049,0.375,0.0032,0.0,0.4696,0.0107,0.0238,0.0,0.0709,0.7589
07:24:23.488,24.0,E 60 s / 60 s,2.1757,49.9,917504,5.16838,0.0031,0.2748,0.2032,0.3653,0.0002,0.0,0.4745,0.0,0.0314,0.0,0.0709,0.7524
07:24:25.488,26.0,E 60 s / 60 s,2.1946,51.0,917504,5.171059,0.0029,0.2765,0.2016,0.3619,0.0008,0.0,0.4909,0.0,0.0367,0.0,0.0709,0.7524
07:24:27.493,28.0,E 60 s / 60 s,2.1762,50.5,917504,5.16838,0.0027,0.2715,0.2043,0.3617,0.0,0.0002,0.4844,0.0071,0.0152,0.0,0.0702,0.7589
07:24:29.489,30.0,E 60 s / 60 s,2.1911,49.9,917504,5.171059,0.0027,0.2724,0.2037,0.3637,0.0016,0.0002,0.4906,0.0,0.0226,0.0,0.0747,0.7589
07:24:31.489,32.0,E 60 s / 60 s,2.2159,50.5,917504,5.1724,0.0027,0.2708,0.2037,0.3668,0.0004,0.0002,0.4907,0.0143,0.0399,0.0,0.0677,0.7589
07:24:33.489,34.0,E 60 s / 60 s,2.1829,51.0,917504,5.16436,0.0031,0.2728,0.207,0.3786,0.0006,0.0,0.4719,0.0,0.0259,0.0,0.0702,0.7527
07:24:35.489,36.0,E 60 s / 60 s,2.1453,49.9,917504,5.16436,0.0027,0.27,0.2042,0.3635,0.0002,0.0,0.4675,0.0,0.0238,0.0,0.0677,0.7457
07:24:37.489,38.0,E 60 s / 60 s,2.1571,49.9,917504,5.16302,0.0027,0.2737,0.2016,0.3584,0.0008,0.0004,0.4709,0.0,0.0259,0.0,0.0703,0.7524
07:24:39.489,40.0,E 60 s / 60 s,2.1876,49.4,917504,5.171059,0.0025,0.2714,0.2155,0.3584,0.0002,0.0002,0.4809,0.0,0.0303,0.0,0.0696,0.7586
07:24:41.489,42.0,E 60 s / 60 s,2.1866,49.4,917504,5.171059,0.0029,0.274,0.2054,0.3643,0.0008,0.0,0.4816,0.0,0.0355,0.0,0.0696,0.7524
07:24:43.489,44.0,E 60 s / 60 s,2.1259,50.5,917504,5.16838,0.0029,0.275,0.1991,0.3614,0.0004,0.0,0.4625,0.0,0.0141,0.0,0.0706,0.7399
07:24:45.489,46.0,E 60 s / 60 s,2.1716,51.0,917504,5.1657,0.0031,0.2754,0.2269,0.3573,0.0004,0.0,0.4718,0.0,0.027,0.0,0.0703,0.7393
07:24:47.489,48.0,E 60 s / 60 s,2.1661,49.9,917504,5.171059,0.0025,0.2731,0.2032,0.3602,0.0016,0.0004,0.4641,0.0036,0.0345,0.0,0.0702,0.7527
07:24:49.489,50.0,E 60 s / 60 s,2.1581,49.9,917504,5.16436,0.0031,0.2731,0.2059,0.3617,0.0002,0.0002,0.4674,0.0071,0.0226,0.0,0.0702,0.7466
07:24:51.493,52.0,E 60 s / 60 s,2.1676,49.4,917504,5.171059,0.003,0.2701,0.205,0.3615,0.0004,0.0,0.4712,0.0,0.0367,0.0,0.0734,0.7463
07:24:53.490,54.0,E 60 s / 60 s,2.1682,49.9,917504,5.16436,0.0026,0.2724,0.2016,0.3645,0.0,0.0,0.4676,0.0,0.0368,0.0,0.0703,0.7524
07:24:55.490,56.0,E 60 s / 60 s,2.1756,49.9,917504,5.171059,0.0031,0.2717,0.2011,0.3741,0.0002,0.0004,0.4741,0.0,0.027,0.0,0.0709,0.753
07:24:57.490,58.0,E 60 s / 60 s,2.1977,49.4,917504,5.16838,0.0031,0.2726,0.2292,0.3654,0.0016,0.0,0.4809,0.0,0.0281,0.0,0.0708,0.746
07:24:59.489,60.0,E 60 s / 60 s,3.8275,51.6,917504,5.13488,0.003,0.3361,0.2032,0.4058,0.0006,0.0008,0.4744,0.0142,0.2418,0.0047,0.0704,2.0724
07:25:01.489,62.0,E 60 s / 60 s,3.7508,52.1,917504,5.14024,0.0027,0.2937,0.2037,0.3784,0.0016,0.0008,0.4712,0.0,0.1674,0.0,0.0697,2.1615
07:25:03.492,64.0,E 60 s / 60 s,9.6234,59.3,917504,5.02634,0.0027,0.3288,0.2533,0.4041,0.0008,0.0004,0.4994,0.0,0.3346,0.0059,0.0676,7.7258
07:25:05.495,66.0,E 60 s / 60 s,9.7969,63.1,917504,4.95264,0.0033,0.3981,0.3529,0.4266,0.0,0.0002,0.5304,0.0,0.232,0.0,0.0622,7.7912
07:25:07.495,68.0,E 60 s / 60 s,9.149,65.3,917504,5.01964,0.0029,0.3245,0.2869,0.4096,0.0002,0.0008,0.5037,0.0,0.1986,0.0112,0.0662,7.3444
07:25:09.493,70.0,E 60 s / 60 s,6.607,67.0,917504,4.99284,0.0029,0.4034,0.2497,0.3875,0.0004,0.0004,0.5786,0.0,0.0215,0.0,0.0714,4.8912
07:25:11.492,72.0,E 60 s / 60 s,9.8835,68.6,917504,4.9044,0.0028,0.3567,0.2842,0.3879,0.0012,0.0008,0.5164,0.0,0.199,0.0044,0.0697,8.0604
07:25:13.496,74.0,E 60 s / 60 s,8.7588,70.3,917504,4.89636,0.0039,0.4967,0.3532,0.4269,0.0002,0.0,0.5394,0.0069,0.3078,0.0106,0.063,6.5502
07:25:15.499,76.0,E 60 s / 60 s,9.6777,70.8,917504,4.90976,0.0031,0.4376,0.345,0.407,0.0018,0.0002,0.5268,0.0,0.2649,0.0183,0.0661,7.6067
07:25:17.499,78.0,E 60 s / 60 s,6.7349,70.3,917504,4.9111,0.0028,0.403,0.2311,0.4244,0.0008,0.0004,0.6209,0.0,0.473,0.0059,0.0703,4.5023
07:25:19.495,80.0,E 60 s / 60 s,9.455,71.9,917504,4.91914,0.003,0.3269,0.2241,0.383,0.0008,0.0008,0.5907,0.0,0.3423,0.003,0.0673,7.5131
07:25:21.496,82.0,E 60 s / 60 s,9.413,71.9,917504,4.90976,0.0033,0.402,0.2496,0.4269,0.0016,0.0002,0.5745,0.0,0.195,0.0012,0.0645,7.4942
07:25:23.495,84.0,E 60 s / 60 s,9.9415,73.0,917504,4.88564,0.0028,0.4487,0.2213,0.4371,0.0004,0.0004,0.5391,0.0103,0.3442,0.0071,0.0637,7.8664
07:25:25.493,86.0,E 60 s / 60 s,6.1789,73.0,917504,4.99016,0.0029,0.3239,0.3518,0.3737,0.0004,0.0004,0.524,0.0035,0.0927,0.0,0.0654,4.4403
07:25:27.500,88.01,E 60 s / 60 s,10.0969,74.1,917504,4.891,0.0032,0.3263,0.2325,0.4058,0.0008,0.0002,0.5866,0.0103,0.1982,0.0,0.0667,8.2663
07:25:29.499,90.01,E 60 s / 60 s,9.5758,75.2,917504,4.97408,0.0031,0.3981,0.3192,0.4114,0.0002,0.0004,0.5635,0.0,0.2658,0.0015,0.0669,7.5456
07:25:31.499,92.01,E 60 s / 60 s,10.3675,74.1,917504,4.86688,0.0033,0.3972,0.25,0.4309,0.0006,0.0008,0.5358,0.017,0.4723,0.0032,0.0614,8.1951
07:25:33.499,94.01,E 60 s / 60 s,8.2334,74.7,917504,4.99016,0.0029,0.3985,0.3565,0.4213,0.0008,0.0002,0.5134,0.0,0.1616,0.0142,0.0646,6.2994
07:25:35.498,96.01,E 60 s / 60 s,4.4429,74.1,917504,5.09602,0.0029,0.3,0.2234,0.3777,0.0008,0.0004,0.5326,0.0,0.0302,0.0,0.0649,2.91
07:25:37.504,98.01,E 60 s / 60 s,8.5713,74.7,917504,4.9178,0.0027,0.3223,0.224,0.432,0.0008,0.0,0.5399,0.0,0.475,0.0086,0.0658,6.5002
07:25:39.503,100.01,E 60 s / 60 s,10.1883,77.4,917504,4.97542,0.0032,0.3468,0.2842,0.4357,0.0016,0.0008,0.5365,0.0069,0.4054,0.0148,0.0616,8.0907
07:25:41.503,102.01,E 60 s / 60 s,8.0439,75.7,917504,4.89904,0.003,0.4004,0.241,0.4322,0.0016,0.0002,0.5388,0.0137,0.471,0.015,0.0599,5.867
07:25:43.501,104.01,E 60 s / 60 s,6.3463,75.7,917504,4.88832,0.0031,0.45,0.3173,0.4337,0.0016,0.0002,0.541,0.0,0.4934,0.0104,0.0655,4.0302
07:25:45.507,106.01,E 60 s / 60 s,9.5028,77.4,917504,4.87894,0.0034,0.3342,0.2402,0.3999,0.0006,0.0008,0.5442,0.0171,0.2692,0.0074,0.0658,7.62
07:25:47.504,108.01,E 60 s / 60 s,10.1576,77.4,917504,4.8642,0.0031,0.3956,0.3687,0.3895,0.0012,0.0002,0.5383,0.0,0.2802,0.0097,0.0649,8.1061
07:25:49.504,110.01,E 60 s / 60 s,9.6818,77.4,917504,5.01294,0.0029,0.3481,0.2241,0.4214,0.0012,0.0002,0.5388,0.017,0.084,0.0053,0.0626,7.9763
07:25:51.503,112.01,E 60 s / 60 s,7.0534,77.4,917504,4.8709,0.0031,0.4023,0.2486,0.4114,0.0002,0.0002,0.5214,0.0,0.4724,0.0068,0.0638,4.9233
07:25:53.504,114.01,E 60 s / 60 s,8.6384,77.9,917504,4.891,0.0035,0.4763,0.2472,0.4521,0.0016,0.0008,0.5393,0.0,0.5456,0.0047,0.0638,6.3034
07:25:55.507,116.02,E 60 s / 60 s,9.2915,79.0,917504,4.88832,0.0026,0.3478,0.2319,0.4038,0.0002,0.0004,0.5898,0.0,0.1989,0.003,0.0635,7.4497
07:25:57.507,118.02,E 60 s / 60 s,9.9972,78.5,917504,4.85616,0.0032,0.3964,0.2485,0.4001,0.0008,0.0002,0.5767,0.0,0.1516,0.0009,0.0669,8.152
07:25:59.508,120.02,E 60 s / 60 s,10.2774,78.5,917504,4.94192,0.0027,0.3478,0.2314,0.4038,0.0012,0.0002,0.5659,0.0,0.1388,0.0032,0.0659,8.5164
07:26:01.507,122.02,E 60 s / 60 s,9.9022,79.0,917504,4.8709,0.0027,0.4013,0.2256,0.4078,0.0008,0.0002,0.5326,0.0034,0.2703,0.0041,0.0621,7.9914
07:26:03.503,124.02,E 60 s / 60 s,3.586,72.5,917504,5.10272,0.0037,0.3654,0.2857,0.3819,0.0016,0.0008,0.5401,0.0,0.0357,0.0,0.0687,1.9024
07:26:05.503,126.02,E 60 s / 60 s,3.449,67.5,917504,5.1188,0.0027,0.2987,0.4005,0.3795,0.0016,0.0004,0.5132,0.007,0.0259,0.0,0.0694,1.7501
07:26:07.503,128.02,E 60 s / 60 s,3.4294,65.9,917504,5.10138,0.0039,0.3015,0.2209,0.3935,0.0012,0.0002,0.7478,0.0,0.026,0.0,0.0688,1.6655
07:26:09.507,130.02,E 60 s / 60 s,3.4079,64.8,917504,5.10674,0.003,0.3715,0.3565,0.383,0.0012,0.0002,0.5455,0.0,0.0357,0.0,0.0682,1.6431
07:26:11.504,132.02,E 60 s / 60 s,2.4935,61.5,917504,5.14024,0.0033,0.2828,0.2578,0.365,0.0012,0.0002,0.5442,0.0106,0.0347,0.0,0.0684,0.9254
07:26:13.504,134.02,E 60 s / 60 s,2.5548,60.4,917504,5.14024,0.0028,0.3004,0.2865,0.3688,0.0016,0.0002,0.5873,0.0,0.0292,0.0,0.0654,0.9125
07:26:15.504,136.02,E 60 s / 60 s,2.4915,58.7,917504,5.1456,0.0026,0.301,0.3223,0.3724,0.0002,0.0004,0.5035,0.0,0.0259,0.0,0.0692,0.8939
07:26:17.504,138.02,E 60 s / 60 s,2.4126,58.7,917504,5.1322,0.0029,0.28,0.2536,0.3649,0.0008,0.0002,0.5157,0.0106,0.0346,0.0,0.0672,0.882
07:26:19.504,140.02,E 60 s / 60 s,2.4664,58.2,917504,5.14024,0.0028,0.3013,0.2363,0.3652,0.0008,0.0004,0.5768,0.0035,0.0366,0.0,0.068,0.8746
07:26:21.504,142.02,E 60 s / 60 s,2.4226,57.6,917504,5.13354,0.0028,0.2833,0.2881,0.3672,0.0008,0.0002,0.506,0.0071,0.0347,0.0,0.0697,0.8627
07:26:23.504,144.02,E 60 s / 60 s,2.396,58.2,917504,5.14024,0.0027,0.2794,0.2609,0.3701,0.001,0.0004,0.5142,0.0035,0.0313,0.0,0.071,0.8614
07:26:25.504,146.02,E 60 s / 60 s,2.474,57.1,917504,5.12818,0.0031,0.3254,0.2357,0.3715,0.0006,0.0004,0.5786,0.0142,0.0281,0.0,0.0679,0.8486
07:26:27.504,148.02,E 60 s / 60 s,2.3814,56.5,917504,5.13488,0.0029,0.2807,0.2511,0.3775,0.0016,0.0004,0.5189,0.0,0.027,0.0,0.0717,0.8495
07:26:29.504,150.02,E 60 s / 60 s,2.4575,56.0,917504,5.14292,0.003,0.3013,0.2692,0.3768,0.0034,0.0004,0.5552,0.0071,0.0281,0.0,0.0705,0.8425
07:26:31.504,152.02,E 60 s / 60 s,2.5855,56.5,917504,5.1389,0.0032,0.3778,0.3589,0.3619,0.0016,0.0002,0.5326,0.0,0.0238,0.0,0.0705,0.855
07:26:33.504,154.02,E 60 s / 60 s,2.4356,56.0,917504,5.1456,0.0028,0.2792,0.3233,0.3619,0.0008,0.0,0.5188,0.0071,0.0346,0.0,0.0711,0.836
07:26:35.505,156.02,E 60 s / 60 s,2.4104,55.4,917504,5.14292,0.0027,0.3027,0.2459,0.3724,0.0032,0.0,0.5422,0.0106,0.0281,0.0,0.0729,0.8296
07:26:37.505,158.02,E 60 s / 60 s,2.4699,55.4,917504,5.12282,0.0031,0.3038,0.3416,0.3697,0.0032,0.0002,0.5197,0.0035,0.0238,0.0,0.0655,0.8357
07:26:39.505,160.02,E 60 s / 60 s,2.378,55.4,917504,5.14292,0.0027,0.2828,0.2854,0.3684,0.0008,0.0004,0.5102,0.0035,0.0292,0.0,0.0711,0.8235
07:26:41.505,162.02,E 60 s / 60 s,2.4484,54.3,917504,5.14426,0.0024,0.3023,0.2557,0.3654,0.0016,0.0004,0.5878,0.0,0.039,0.0,0.0706,0.8232
07:26:43.505,164.02,E 60 s / 60 s,2.4785,54.9,917504,5.14292,0.0031,0.3038,0.3578,0.3591,0.0004,0.0,0.5401,0.0,0.0248,0.0,0.0662,0.8232
07:26:45.505,166.02,E 60 s / 60 s,2.3348,54.9,917504,5.13622,0.0028,0.2796,0.2533,0.3666,0.0008,0.0004,0.5179,0.0035,0.0238,0.0,0.0692,0.8168
07:26:47.505,168.02,E 60 s / 60 s,2.3783,53.8,917504,5.14292,0.0027,0.304,0.2465,0.3617,0.0002,0.0,0.5422,0.0107,0.0313,0.0,0.0686,0.8103
07:26:49.505,170.02,E 60 s / 60 s,2.4418,54.9,917504,5.14024,0.003,0.2808,0.2856,0.3654,0.0016,0.0,0.5896,0.0036,0.039,0.0,0.07,0.8033
07:26:51.505,172.02,E 60 s / 60 s,2.3975,53.8,917504,5.1456,0.0031,0.282,0.236,0.3686,0.0006,0.0004,0.5963,0.0035,0.0269,0.0,0.0705,0.8097
07:26:53.505,174.02,E 60 s / 60 s,2.3861,54.3,917504,5.14694,0.0031,0.3058,0.2362,0.3643,0.0006,0.0,0.5689,0.0071,0.0272,0.0,0.0692,0.8036
07:26:55.505,176.02,E 60 s / 60 s,2.4525,53.8,917504,5.1456,0.0025,0.3059,0.3412,0.3567,0.0016,0.0,0.5167,0.0,0.041,0.0,0.07,0.8171
07:26:57.505,178.02,E 60 s / 60 s,2.3441,53.8,917504,5.14694,0.0034,0.28,0.2365,0.3725,0.0016,0.0002,0.5365,0.0,0.04,0.0,0.0698,0.8036
07:26:59.505,180.02,E 60 s / 60 s,2.4287,53.8,917504,5.14292,0.0027,0.3558,0.2551,0.3667,0.0008,0.0,0.5392,0.0,0.0368,0.0,0.068,0.8036
07:27:01.505,182.02,E 60 s / 60 s,2.3503,53.8,917504,5.14024,0.0032,0.281,0.2529,0.3661,0.0004,0.0002,0.5207,0.0035,0.054,0.0,0.0699,0.7984
07:27:03.510,184.02,E 60 s / 60 s,8.5374,58.7,917504,4.99418,0.0025,0.4226,0.236,0.4131,0.0004,0.0008,0.5777,0.0035,0.3326,0.0133,0.0688,6.466
07:27:05.512,186.02,E 60 s / 60 s,9.5902,65.9,917504,4.8977,0.003,0.4042,0.2847,0.4112,0.0004,0.0008,0.5403,0.0,0.229,0.0094,0.0656,7.6416
07:27:07.514,188.02,E 60 s / 60 s,9.4288,68.6,917504,4.91914,0.0027,0.3055,0.2324,0.3972,0.0006,0.0008,0.5584,0.0069,0.2506,0.005,0.0655,7.6033
07:27:09.507,190.02,E 60 s / 60 s,9.4866,70.3,917504,4.88966,0.0031,0.4394,0.2877,0.4301,0.0004,0.0008,0.5656,0.0034,0.444,0.0144,0.0653,7.2323
07:27:11.507,192.02,E 60 s / 60 s,9.5615,70.8,917504,5.02634,0.0031,0.3417,0.2502,0.4239,0.0002,0.0,0.5107,0.007,0.4676,0.0,0.0651,7.492
07:27:13.507,194.02,E 60 s / 60 s,9.482,72.5,917504,5.09334,0.0033,0.3291,0.2238,0.4135,0.0032,0.0,0.5326,0.0035,0.2663,0.0056,0.0633,7.6377
07:27:15.511,196.02,E 60 s / 60 s,9.8689,74.1,917504,4.89368,0.0031,0.3481,0.2834,0.3857,0.0004,0.0008,0.5326,0.0069,0.1455,0.0083,0.0609,8.0933
07:27:17.511,198.02,E 60 s / 60 s,8.5036,74.1,917504,4.89904,0.0031,0.4388,0.3182,0.3909,0.0016,0.0004,0.5971,0.0034,0.1951,0.01,0.064,6.4808
07:27:19.511,200.02,E 60 s / 60 s,9.5147,75.2,917504,4.89234,0.0029,0.3135,0.2835,0.4059,0.0008,0.0002,0.5242,0.0138,0.1276,0.0024,0.0644,7.7755
07:27:21.511,202.02,E 60 s / 60 s,9.9332,75.2,917504,4.88698,0.0032,0.3955,0.2506,0.416,0.0008,0.0002,0.6257,0.0034,0.1984,0.0,0.0652,7.9741
07:27:23.511,204.02,E 60 s / 60 s,9.686,75.7,917504,4.92852,0.0034,0.3719,0.2279,0.4188,0.0032,0.0002,0.5971,0.0139,0.4496,0.0044,0.0631,7.5326
07:27:25.511,206.02,E 60 s / 60 s,9.579,77.4,917504,4.86822,0.0033,0.3972,0.2501,0.4248,0.0018,0.0002,0.5701,0.0,0.285,0.0083,0.0639,7.5742
07:27:27.515,208.02,E 60 s / 60 s,10.1565,76.8,917504,4.88296,0.003,0.3133,0.2824,0.3865,0.0008,0.0004,0.5135,0.0277,0.1965,0.0088,0.0623,8.3611
07:27:29.512,210.02,E 60 s / 60 s,10.2365,77.4,917504,4.95666,0.0029,0.3987,0.2477,0.402,0.0006,0.0002,0.5368,0.0035,0.1646,0.0003,0.0662,8.413
07:27:31.511,212.02,E 60 s / 60 s,9.9651,76.8,917504,4.9044,0.0031,0.4239,0.2512,0.423,0.0012,0.0002,0.5479,0.0442,0.1388,0.0188,0.0652,8.0475
07:27:33.511,214.02,E 60 s / 60 s,8.7734,76.8,917504,4.88698,0.0031,0.3942,0.336,0.455,0.0032,0.0008,0.5863,0.0,0.5434,0.0144,0.0643,6.3725
07:27:35.511,216.02,E 60 s / 60 s,9.925,77.9,917504,4.87626,0.0033,0.3596,0.251,0.4072,0.0016,0.0002,0.5076,0.0,0.203,0.0059,0.0615,8.124
07:27:37.511,218.02,E 60 s / 60 s,10.2534,79.0,917504,4.88698,0.0029,0.2958,0.3481,0.3988,0.0012,0.0008,0.506,0.017,0.1978,0.0044,0.0609,8.4197
07:27:39.511,220.02,E 60 s / 60 s,9.3079,78.5,917504,4.89904,0.0031,0.3452,0.2502,0.3883,0.0016,0.0008,0.539,0.0,0.2011,0.003,0.0601,7.5155
07:27:41.511,222.02,E 60 s / 60 s,8.5943,79.6,917504,4.86554,0.003,0.3574,0.2323,0.4273,0.0008,0.0004,0.5907,0.0035,0.3343,0.02,0.0627,6.562
07:27:43.512,224.02,E 60 s / 60 s,9.2813,79.0,917504,4.9915,0.0027,0.3573,0.2476,0.4109,0.0012,0.0002,0.5584,0.0104,0.2155,0.005,0.0647,7.4074
07:27:45.511,226.02,E 60 s / 60 s,9.5363,79.6,917504,4.97542,0.0028,0.394,0.3446,0.4225,0.0024,0.0002,0.5103,0.0,0.2734,0.0056,0.0613,7.5191
07:27:47.516,228.02,E 60 s / 60 s,8.4634,79.6,917504,4.86822,0.0033,0.3964,0.2843,0.4141,0.0008,0.0002,0.5301,0.0,0.3365,0.0115,0.062,6.4241
07:27:49.515,230.02,E 60 s / 60 s,10.0896,80.7,917504,4.88698,0.0039,0.3564,0.3186,0.4248,0.0006,0.0002,0.5107,0.0136,0.3378,0.0156,0.0598,8.0476
07:27:51.518,232.02,E 60 s / 60 s,7.5759,79.0,917504,4.88832,0.0031,0.4447,0.3191,0.4164,0.0024,0.0002,0.5456,0.0,0.2378,0.0,0.0634,5.5432
07:27:53.515,234.02,E 60 s / 60 s,8.2522,79.0,917504,4.86956,0.0031,0.4214,0.2838,0.4195,0.0002,0.0002,0.5333,0.0239,0.2372,0.0036,0.0612,6.2649
07:27:55.515,236.02,E 60 s / 60 s,9.4864,80.7,917504,4.94996,0.0029,0.3931,0.3448,0.4441,0.0016,0.0004,0.5136,0.0136,0.2,0.0026,0.0635,7.5061
07:27:57.515,238.02,E 60 s / 60 s,8.4375,80.7,917504,4.96202,0.0027,0.3548,0.2481,0.4345,0.0012,0.0004,0.539,0.0103,0.2309,0.0047,0.0621,6.5487
07:27:59.515,240.02,E 60 s / 60 s,8.0525,79.6,917504,4.9781,0.0032,0.3933,0.2328,0.4273,0.0018,0.0004,0.5802,0.0,0.3197,0.0053,0.0681,6.0204
07:28:01.520,242.02,E 60 s / 60 s,9.8685,80.7,917504,4.86688,0.0033,0.4124,0.233,0.4337,0.001,0.0,0.5947,0.0069,0.402,0.0,0.0632,7.7181
07:28:03.511,244.02,E 60 s / 60 s,3.6336,75.7,917504,5.08932,0.0027,0.3085,0.2364,0.391,0.0016,0.0002,0.5842,0.007,0.0585,0.0,0.0655,1.9782
07:28:05.511,246.02,E 60 s / 60 s,3.4698,70.3,917504,5.08932,0.0031,0.3503,0.251,0.3794,0.0008,0.0004,0.5993,0.0,0.0313,0.0,0.0675,1.7867
07:28:07.511,248.02,E 60 s / 60 s,3.3522,67.0,917504,5.11344,0.003,0.2852,0.3367,0.3793,0.0016,0.0002,0.5302,0.0,0.0292,0.0,0.0688,1.7179
07:28:09.512,250.02,E 60 s / 60 s,2.6333,64.2,917504,5.13354,0.0029,0.347,0.2524,0.3654,0.0012,0.0002,0.58,0.007,0.0249,0.0,0.0691,0.9832
07:28:11.512,252.02,E 60 s / 60 s,2.5842,63.1,917504,5.12684,0.0028,0.2998,0.3544,0.3685,0.0012,0.0006,0.5066,0.0,0.0314,0.0,0.0728,0.9461
07:28:13.512,254.02,E 60 s / 60 s,2.4613,62.0,917504,5.1389,0.0027,0.2989,0.2298,0.3637,0.0012,0.0004,0.5318,0.0106,0.0293,0.0,0.0672,0.9257
07:28:15.512,256.02,E 60 s / 60 s,2.4937,60.4,917504,5.14292,0.0031,0.301,0.236,0.3635,0.0002,0.0004,0.5739,0.0106,0.0281,0.0,0.0641,0.9129
07:28:17.512,258.02,E 60 s / 60 s,2.3989,59.8,917504,5.1456,0.0033,0.2841,0.2355,0.3671,0.0006,0.0002,0.5133,0.0035,0.0227,0.0,0.0678,0.9007
07:28:19.512,260.03,E 60 s / 60 s,2.4364,59.3,917504,5.13756,0.0031,0.3017,0.2281,0.3591,0.0016,0.0004,0.5621,0.0,0.0346,0.0,0.0647,0.8811
07:28:21.512,262.03,E 60 s / 60 s,2.5529,59.3,917504,5.13488,0.0029,0.3015,0.3509,0.3725,0.001,0.0004,0.5139,0.0,0.04,0.0,0.0684,0.9014
07:28:23.513,264.03,E 60 s / 60 s,2.5024,58.7,917504,5.12818,0.003,0.3027,0.3397,0.3654,0.0002,0.0002,0.5167,0.0035,0.0259,0.0,0.0704,0.8746
07:28:25.513,266.03,E 60 s / 60 s,2.4895,58.7,917504,5.13488,0.0029,0.2822,0.236,0.3777,0.0002,0.0002,0.5386,0.0035,0.0249,0.0,0.0717,0.9516
07:28:27.513,268.03,E 60 s / 60 s,2.4987,58.7,917504,5.1322,0.0028,0.3008,0.3565,0.3579,0.0008,0.0002,0.5131,0.0,0.0271,0.0,0.071,0.8685
07:28:29.513,270.03,E 60 s / 60 s,2.4408,57.1,917504,5.13488,0.003,0.3032,0.2895,0.3716,0.0016,0.0002,0.5125,0.0,0.0313,0.0,0.0655,0.8624
07:28:31.513,272.03,E 60 s / 60 s,2.6063,57.1,917504,5.13354,0.003,0.3779,0.2863,0.3724,0.0032,0.0,0.5907,0.0106,0.0315,0.0,0.0693,0.8614
07:28:33.513,274.03,E 60 s / 60 s,2.4721,57.6,917504,5.12952,0.0029,0.3025,0.348,0.3573,0.0002,0.0004,0.5142,0.0,0.027,0.0,0.0703,0.8492
07:28:35.513,276.03,E 60 s / 60 s,2.4696,56.5,917504,5.14292,0.0031,0.301,0.2364,0.367,0.0002,0.0004,0.5896,0.0,0.0313,0.0,0.0659,0.8746
07:28:37.513,278.03,E 60 s / 60 s,2.6484,56.5,917504,5.14292,0.0028,0.3534,0.2549,0.3738,0.0008,0.0,0.5849,0.0,0.0411,0.0,0.0659,0.9707
07:28:39.513,280.03,E 60 s / 60 s,2.4358,57.1,917504,5.13622,0.003,0.2843,0.2876,0.3733,0.0032,0.0004,0.541,0.0,0.026,0.0,0.0737,0.8434
07:28:41.517,282.03,E 60 s / 60 s,2.3725,57.1,917504,5.14292,0.0031,0.3034,0.2205,0.3635,0.0034,0.0,0.5358,0.0071,0.028,0.0,0.0716,0.836
07:28:43.513,284.03,E 60 s / 60 s,2.5054,55.4,917504,5.14158,0.0028,0.3648,0.2903,0.3654,0.0016,0.0002,0.5317,0.0071,0.0281,0.0,0.0699,0.8434
07:28:45.513,286.03,E 60 s / 60 s,2.3501,56.0,917504,5.14024,0.0027,0.2799,0.2363,0.3719,0.0008,0.0,0.5231,0.0,0.0337,0.0,0.0718,0.8299
07:28:47.513,288.03,E 60 s / 60 s,2.4282,55.4,917504,5.14158,0.0031,0.314,0.2362,0.3598,0.0002,0.0002,0.5844,0.0,0.0238,0.0,0.0704,0.836
07:28:49.513,290.03,E 60 s / 60 s,2.5057,55.4,917504,5.14158,0.0027,0.3726,0.2859,0.369,0.0016,0.0,0.5318,0.0,0.039,0.0,0.0674,0.8357
07:28:51.513,292.03,E 60 s / 60 s,2.3329,54.9,917504,5.14962,0.0027,0.2776,0.2276,0.3619,0.0016,0.0002,0.5459,0.0,0.0291,0.0,0.0698,0.8164
07:28:53.514,294.03,E 60 s / 60 s,2.3966,54.3,917504,5.1389,0.0033,0.3044,0.2363,0.3627,0.0016,0.0,0.5616,0.0035,0.0292,0.0,0.0705,0.8235
07:28:55.514,296.03,E 60 s / 60 s,2.4276,54.3,917504,5.1456,0.0032,0.3087,0.2889,0.3725,0.0006,0.0004,0.5171,0.0035,0.0366,0.0,0.0729,0.8232
07:28:57.514,298.03,E 60 s / 60 s,2.4398,54.3,917504,5.14426,0.0025,0.3763,0.2287,0.367,0.0008,0.0002,0.5455,0.0035,0.0216,0.0,0.0705,0.8232
07:28:59.514,300.03,E 60 s / 60 s,2.5729,53.8,917504,5.14426,0.0031,0.3914,0.2871,0.3697,0.0002,0.0,0.5779,0.0071,0.04,0.0,0.0668,0.8296
07:29:01.514,302.03,E 60 s / 60 s,2.3677,55.4,917504,5.13756,0.003,0.2804,0.2859,0.3637,0.0004,0.0002,0.5188,0.0071,0.028,0.0,0.0699,0.8103
07:29:03.515,304.03,E 60 s / 60 s,8.8239,58.2,917504,4.9312,0.0031,0.4292,0.3207,0.4202,0.0008,0.0002,0.5295,0.0,0.3299,0.0068,0.067,6.7164
07:29:05.524,306.03,E 60 s / 60 s,7.6834,64.8,917504,4.91646,0.0027,0.3769,0.2202,0.4655,0.0006,0.0,0.5358,0.0,0.5382,0.0136,0.0671,5.4628
07:29:07.514,308.03,E 60 s / 60 s,7.0741,67.5,917504,5.0987,0.003,0.3764,0.2835,0.3794,0.0016,0.0002,0.541,0.0035,0.0334,0.0053,0.0681,5.3786
07:29:09.516,310.03,E 60 s / 60 s,9.584,70.8,917504,4.97408,0.0027,0.3966,0.2842,0.406,0.0004,0.0008,0.539,0.0,0.1973,0.005,0.0653,7.6867
07:29:11.515,312.03,E 60 s / 60 s,9.5208,72.5,917504,4.9044,0.003,0.4013,0.2476,0.4257,0.0006,0.0008,0.5707,0.0069,0.3339,0.0112,0.0671,7.4521
07:29:13.519,314.03,E 60 s / 60 s,10.2063,73.6,917504,4.86554,0.0031,0.3988,0.2326,0.3817,0.0,0.0002,0.5883,0.0,0.1868,0.0068,0.0651,8.343
07:29:15.519,316.03,E 60 s / 60 s,6.417,74.1,917504,4.9111,0.003,0.3744,0.3531,0.4461,0.0004,0.0004,0.5021,0.0416,0.4362,0.0115,0.0669,4.1812
07:29:17.521,318.03,E 60 s / 60 s,5.8573,74.1,917504,4.96336,0.003,0.3764,0.3389,0.4638,0.0004,0.0002,0.5125,0.007,0.4784,0.0133,0.0619,3.6016
07:29:19.520,320.03,E 60 s / 60 s,10.3966,75.2,917504,4.87224,0.0029,0.4482,0.3365,0.4012,0.0008,0.0004,0.5197,0.0103,0.3317,0.0059,0.0617,8.2774
07:29:21.519,322.03,E 60 s / 60 s,7.4456,76.8,917504,4.97408,0.0027,0.4763,0.2832,0.4068,0.0032,0.0002,0.6141,0.0103,0.236,0.0068,0.0646,5.3414
07:29:23.519,324.03,E 60 s / 60 s,10.1873,76.8,917504,4.86688,0.0031,0.3958,0.3544,0.4234,0.0004,0.0004,0.5039,0.0068,0.4024,0.0118,0.0602,8.0247
07:29:25.519,326.03,E 60 s / 60 s,9.7278,76.8,917504,4.87492,0.0027,0.3215,0.2334,0.4052,0.0004,0.0004,0.5713,0.0,0.1978,0.0094,0.0653,7.9203
07:29:27.523,328.03,E 60 s / 60 s,8.8527,76.8,917504,4.8843,0.0028,0.4776,0.3739,0.4276,0.0016,0.0008,0.5197,0.0035,0.5479,0.0094,0.0626,6.4253
07:29:29.519,330.03,E 60 s / 60 s,10.0761,77.9,917504,4.8977,0.003,0.3284,0.2327,0.4427,0.0004,0.0008,0.5329,0.0034,0.4762,0.0142,0.0602,7.9811
07:29:31.519,332.03,E 60 s / 60 s,10.2484,78.5,917504,4.95934,0.0032,0.3228,0.2291,0.3988,0.0008,0.0008,0.5846,0.0,0.2673,0.0053,0.065,8.3707
07:29:33.519,334.03,E 60 s / 60 s,7.2342,77.4,917504,4.8709,0.0031,0.4834,0.3362,0.4309,0.0006,0.0002,0.5327,0.0069,0.4086,0.0094,0.0614,4.9608
07:29:35.523,336.03,E 60 s / 60 s,6.6044,79.0,917504,4.8709,0.0032,0.3991,0.2505,0.455,0.0006,0.0008,0.5398,0.0,0.4811,0.0139,0.0639,4.3966
07:29:37.519,338.03,E 60 s / 60 s,7.44,76.8,917504,5.09066,0.0033,0.3985,0.3503,0.3737,0.0012,0.0002,0.5389,0.0,0.0313,0.0089,0.0647,5.669
07:29:39.523,340.03,E 60 s / 60 s,6.4288,80.1,917504,4.88832,0.0032,0.3464,0.3439,0.4026,0.0012,0.0002,0.5075,0.0,0.2189,0.0015,0.0605,4.543
07:29:41.524,342.03,E 60 s / 60 s,8.6976,78.5,917504,4.97274,0.0029,0.3552,0.3198,0.4269,0.0012,0.0008,0.5199,0.0,0.5067,0.0193,0.0621,6.4829
07:29:43.519,344.03,E 60 s / 60 s,7.5624,79.0,917504,4.91914,0.003,0.3442,0.3535,0.4167,0.0016,0.0008,0.5164,0.0,0.3346,0.0095,0.0591,5.523
07:29:45.526,346.03,E 60 s / 60 s,9.655,78.5,917504,4.94996,0.0027,0.3913,0.3532,0.4407,0.0024,0.0002,0.541,0.0034,0.3346,0.0101,0.064,7.5114
07:29:47.519,348.03,E 60 s / 60 s,10.5673,79.6,917504,4.85348,0.0028,0.4451,0.2807,0.4445,0.0008,0.0008,0.5358,0.0136,0.5036,0.0056,0.0619,8.2721
07:29:49.523,350.03,E 60 s / 60 s,9.7915,80.1,917504,4.8709,0.0029,0.3589,0.2827,0.441,0.0016,0.0008,0.5125,0.0034,0.4034,0.0116,0.0591,7.7137
07:29:51.524,352.03,E 60 s / 60 s,6.5048,77.9,917504,4.8843,0.003,0.3771,0.2243,0.4548,0.0012,0.0008,0.5167,0.0,0.4735,0.0215,0.0621,4.3699
07:29:53.523,354.03,E 60 s / 60 s,9.0827,80.1,917504,4.8642,0.0034,0.3918,0.3457,0.4238,0.0018,0.0002,0.5301,0.0,0.3347,0.0044,0.0627,6.9841
07:29:55.523,356.03,E 60 s / 60 s,10.2861,80.7,917504,4.88698,0.0031,0.3548,0.2497,0.4159,0.0004,0.0,0.5227,0.0238,0.1711,0.0006,0.0619,8.4821
07:29:57.527,358.03,E 60 s / 60 s,9.9072,80.7,917504,4.93522,0.0027,0.3919,0.2485,0.4521,0.0008,0.0002,0.5386,0.0,0.0793,0.0,0.064,8.1291
07:29:59.524,360.03,E 60 s / 60 s,6.416,80.7,917504,4.97676,0.0037,0.3825,0.2848,0.4094,0.0002,0.0004,0.5261,0.0034,0.0712,0.0,0.0629,4.6714
07:30:01.519,362.03,E 60 s / 60 s,3.4859,74.1,917504,5.09468,0.0032,0.2977,0.2296,0.383,0.0016,0.0004,0.5353,0.0,0.0584,0.0,0.0679,1.9088
07:30:03.521,364.03,E 60 s / 60 s,2.9584,69.7,917504,5.11344,0.003,0.2975,0.2459,0.376,0.0012,0.0002,0.5254,0.014,0.0585,0.0,0.0695,1.3673
07:30:05.519,366.03,E 60 s / 60 s,2.5419,65.9,917504,5.13488,0.0031,0.2987,0.2251,0.3635,0.0008,0.0002,0.5381,0.007,0.0259,0.0,0.0702,1.0093
07:30:07.519,368.03,E 60 s / 60 s,2.6451,64.2,917504,5.11478,0.0028,0.2998,0.3493,0.3633,0.0008,0.0002,0.5394,0.007,0.026,0.0,0.066,0.9904
07:30:09.520,370.03,E 60 s / 60 s,2.6145,63.1,917504,5.12416,0.0033,0.2884,0.2337,0.3688,0.0008,0.0002,0.5392,0.0141,0.0281,0.0,0.0703,1.0676
07:30:11.520,372.03,E 60 s / 60 s,2.9033,62.0,917504,5.14024,0.0032,0.301,0.2259,0.3688,0.0016,0.0002,0.5422,0.0,0.0335,0.0,0.0634,1.3634
07:30:13.520,374.03,E 60 s / 60 s,2.7955,60.4,917504,5.13622,0.0026,0.3776,0.3557,0.365,0.0008,0.0004,0.5361,0.0,0.0184,0.0,0.0648,1.074
07:30:15.520,376.03,E 60 s / 60 s,2.4849,59.8,917504,5.13488,0.0031,0.2787,0.2844,0.3696,0.0032,0.0004,0.5358,0.0106,0.0281,0.0,0.071,0.9
07:30:17.520,378.03,E 60 s / 60 s,2.6073,59.3,917504,5.13622,0.0026,0.375,0.3557,0.3645,0.0016,0.0004,0.5199,0.0,0.0227,0.0,0.0648,0.9
07:30:19.520,380.03,E 60 s / 60 s,2.4101,59.3,917504,5.13488,0.0032,0.2877,0.2511,0.3671,0.0018,0.0002,0.5063,0.0,0.0336,0.0,0.0705,0.8885
07:30:21.625,382.03,E 60 s / 60 s,2.4402,59.3,917504,5.13354,0.0031,0.2822,0.2859,0.372,0.0012,0.0004,0.5142,0.0071,0.0303,0.0,0.0691,0.8746
07:30:23.520,384.03,E 60 s / 60 s,2.5547,58.2,917504,5.14292,0.0027,0.3514,0.2519,0.3654,0.0016,0.0,0.5897,0.0,0.027,0.0,0.0647,0.9004
07:30:25.520,386.03,E 60 s / 60 s,2.4402,58.2,917504,5.13622,0.0028,0.2764,0.2859,0.3579,0.0008,0.0,0.5391,0.0035,0.0357,0.0,0.0692,0.8688
07:30:27.520,388.03,E 60 s / 60 s,2.467,57.6,917504,5.13354,0.003,0.2779,0.2227,0.3647,0.0016,0.0004,0.6391,0.0,0.0377,0.0,0.0647,0.855
07:30:29.520,390.03,E 60 s / 60 s,2.5873,57.6,917504,5.13354,0.0028,0.3769,0.3231,0.369,0.0016,0.0004,0.5318,0.0071,0.0324,0.0,0.0679,0.8743
07:30:31.520,392.03,E 60 s / 60 s,2.5136,56.5,917504,5.13488,0.0031,0.3275,0.3504,0.3633,0.0008,0.0,0.5037,0.0035,0.0345,0.0,0.0705,0.8563
07:30:33.520,394.03,E 60 s / 60 s,2.5237,57.1,917504,5.14158,0.0039,0.3977,0.2292,0.3697,0.0008,0.0004,0.5616,0.0035,0.0324,0.0,0.0691,0.8553
07:30:35.520,396.03,E 60 s / 60 s,2.5211,56.5,917504,5.13488,0.0029,0.3021,0.3405,0.3662,0.0008,0.0004,0.5318,0.0142,0.0325,0.0,0.0679,0.8618
07:30:37.521,398.03,E 60 s / 60 s,2.4774,56.5,917504,5.1322,0.0031,0.2801,0.3547,0.3635,0.0006,0.0,0.5183,0.0071,0.0291,0.0,0.071,0.8499
07:30:39.521,400.03,E 60 s / 60 s,2.4192,56.5,917504,5.13354,0.0034,0.3033,0.2372,0.3688,0.0016,0.0,0.5713,0.0,0.026,0.0,0.0654,0.8422
07:30:41.521,402.03,E 60 s / 60 s,2.6118,56.0,917504,5.13354,0.0033,0.38,0.3557,0.3724,0.0006,0.0,0.5424,0.0,0.0389,0.0,0.0699,0.8486
07:30:43.521,404.03,E 60 s / 60 s,2.3975,57.1,917504,5.1456,0.0033,0.2799,0.2263,0.3688,0.0008,0.0004,0.5358,0.0,0.0746,0.0,0.0717,0.836
07:30:45.525,406.03,E 60 s / 60 s,2.461,55.4,917504,5.14292,0.0025,0.3033,0.2539,0.3741,0.0016,0.0004,0.5777,0.0106,0.0389,0.0,0.068,0.8299
07:30:47.521,408.03,E 60 s / 60 s,2.3248,55.4,917504,5.14024,0.0027,0.2817,0.2274,0.3666,0.0004,0.0002,0.5229,0.0,0.0293,0.0,0.0705,0.8232
07:30:49.521,410.03,E 60 s / 60 s,2.356,55.4,917504,5.14024,0.0031,0.3034,0.2208,0.3654,0.0016,0.0002,0.5388,0.0,0.0291,0.0,0.0703,0.8232
07:30:51.521,412.03,E 60 s / 60 s,2.4924,56.0,917504,5.1389,0.0027,0.366,0.2883,0.3654,0.0002,0.0,0.5394,0.0,0.0302,0.0,0.0705,0.8296
07:30:53.521,414.03,E 60 s / 60 s,2.3347,54.9,917504,5.14024,0.0026,0.2776,0.2515,0.3614,0.0018,0.0002,0.5164,0.0035,0.0269,0.0,0.0691,0.8235
07:30:55.521,416.03,E 60 s / 60 s,2.489,54.9,917504,5.1389,0.0027,0.3043,0.3588,0.3652,0.0016,0.0,0.5358,0.0,0.0315,0.0,0.066,0.8232
07:30:57.521,418.03,E 60 s / 60 s,2.458,54.9,917504,5.12148,0.0032,0.3063,0.3546,0.3652,0.0,0.0,0.5003,0.0071,0.0346,0.0,0.0699,0.8168
07:30:59.521,420.03,E 60 s / 60 s,2.3499,54.9,917504,5.14694,0.0027,0.3045,0.2235,0.3608,0.0006,0.0,0.533,0.0035,0.0346,0.0,0.0698,0.8168
07:31:01.521,422.03,E 60 s / 60 s,2.3832,54.3,917504,5.14962,0.0033,0.3034,0.2237,0.3653,0.0002,0.0004,0.5616,0.0071,0.0325,0.0,0.068,0.8177
07:31:03.521,424.03,E 60 s / 60 s,2.463,53.8,917504,5.13488,0.0031,0.3062,0.3488,0.3688,0.0002,0.0002,0.5132,0.0071,0.0281,0.0,0.0699,0.8174
07:31:05.522,426.03,E 60 s / 60 s,2.4088,55.4,917504,5.14426,0.0028,0.3039,0.2218,0.3673,0.0004,0.0004,0.5854,0.0,0.0335,0.0,0.0704,0.8229
07:31:07.528,428.03,E 60 s / 60 s,9.5841,64.8,917504,4.92718,0.0028,0.3083,0.2248,0.4159,0.0004,0.0004,0.5462,0.0,0.2716,0.0009,0.0638,7.7491
07:31:09.524,430.03,E 60 s / 60 s,6.3188,65.9,917504,5.1188,0.0031,0.3021,0.3375,0.3823,0.0006,0.0002,0.5475,0.0,0.0304,0.0,0.0656,4.6496
07:31:11.527,432.03,E 60 s / 60 s,9.7504,69.7,917504,4.96738,0.0027,0.4525,0.2238,0.4097,0.0004,0.0008,0.5604,0.0,0.2316,0.0053,0.0678,7.7954
07:31:13.523,434.03,E 60 s / 60 s,8.851,71.9,917504,4.99686,0.0028,0.4003,0.2239,0.4129,0.0008,0.0002,0.5394,0.0,0.4695,0.0109,0.0647,6.7257
07:31:15.523,436.03,E 60 s / 60 s,9.5525,73.6,917504,4.96202,0.0033,0.347,0.2501,0.4055,0.0032,0.0004,0.5338,0.0,0.2207,0.0059,0.0641,7.7185
07:31:17.523,438.03,E 60 s / 60 s,9.1744,74.7,917504,4.8977,0.0031,0.3499,0.2508,0.4319,0.0032,0.0002,0.5248,0.0068,0.5062,0.0097,0.0619,7.0258
07:31:19.530,440.04,E 60 s / 60 s,6.7584,73.6,917504,4.98346,0.0035,0.3987,0.3542,0.4,0.0006,0.0,0.5398,0.007,0.1799,0.0044,0.0617,4.8086
07:31:21.523,442.04,E 60 s / 60 s,9.4708,75.7,917504,4.88832,0.0029,0.3431,0.2839,0.4252,0.0004,0.0008,0.5329,0.0034,0.3388,0.0103,0.0637,7.4656
07:31:23.523,444.04,E 60 s / 60 s,9.055,76.3,917504,4.96336,0.0028,0.3989,0.3178,0.4143,0.0008,0.0002,0.5239,0.0,0.3049,0.0059,0.0642,7.0213
07:31:25.527,446.04,E 60 s / 60 s,9.922,76.8,917504,4.89904,0.0031,0.3958,0.3535,0.4008,0.0032,0.0008,0.5215,0.0,0.1713,0.0047,0.0629,8.0043
07:31:27.527,448.04,E 60 s / 60 s,10.3818,77.4,917504,4.86286,0.0033,0.3973,0.3864,0.4016,0.0006,0.0008,0.5167,0.0,0.333,0.0,0.065,8.2771
07:31:29.527,450.04,E 60 s / 60 s,10.0833,77.4,917504,4.8977,0.0027,0.3228,0.2267,0.3988,0.0016,0.0002,0.5498,0.0173,0.4989,0.0107,0.065,7.9888
07:31:31.527,452.04,E 60 s / 60 s,9.5806,76.8,917504,4.98614,0.003,0.3942,0.2491,0.3967,0.0004,0.0004,0.526,0.0346,0.4416,0.0127,0.0652,7.4567
07:31:33.531,454.04,E 60 s / 60 s,10.1618,78.5,917504,4.89368,0.0027,0.396,0.3452,0.4079,0.0016,0.0002,0.5167,0.0102,0.3679,0.0085,0.0623,8.0425
07:31:35.531,456.04,E 60 s / 60 s,9.1502,78.5,917504,4.85616,0.0029,0.4466,0.2469,0.4132,0.0004,0.0008,0.608,0.0,0.3382,0.0059,0.0637,7.0236
07:31:37.533,458.04,E 60 s / 60 s,8.5181,77.9,917504,4.86554,0.0031,0.3454,0.2641,0.4319,0.0006,0.0008,0.5711,0.0,0.4559,0.0077,0.0669,6.3705
07:31:39.531,460.04,E 60 s / 60 s,10.2093,79.0,917504,4.92986,0.0031,0.3456,0.2322,0.4344,0.0006,0.0004,0.5842,0.0,0.3681,0.0154,0.0658,8.1594
07:31:41.531,462.04,E 60 s / 60 s,7.0906,79.6,917504,4.98748,0.0035,0.3957,0.3363,0.4214,0.001,0.0008,0.5339,0.0,0.4801,0.0095,0.0661,4.8423
07:31:43.531,464.04,E 60 s / 60 s,7.5024,78.5,917504,5.0853,0.003,0.2957,0.3535,0.3893,0.0004,0.0002,0.5333,0.0,0.2331,0.0021,0.0629,5.629
07:31:45.535,466.04,E 60 s / 60 s,10.2414,79.6,917504,4.86018,0.0033,0.3706,0.2233,0.4055,0.0008,0.0004,0.559,0.0068,0.1903,0.0083,0.0633,8.4098
07:31:47.536,468.04,E 60 s / 60 s,10.3539,79.0,917504,4.9312,0.0031,0.3667,0.2324,0.4217,0.0008,0.0004,0.5393,0.0136,0.4628,0.0032,0.0588,8.251
07:31:49.536,470.04,E 60 s / 60 s,9.3997,80.1,917504,4.89368,0.0031,0.3174,0.3503,0.4423,0.0012,0.0,0.5229,0.0,0.0949,0.005,0.0607,7.6019
07:31:51.538,472.04,E 60 s / 60 s,9.3791,80.1,917504,4.86554,0.0033,0.3965,0.2227,0.4058,0.0016,0.0008,0.5394,0.0136,0.4038,0.0109,0.0668,7.3139
07:31:53.535,474.04,E 60 s / 60 s,8.4543,81.2,917504,4.86286,0.0033,0.3946,0.2275,0.4337,0.0008,0.0004,0.5332,0.0068,0.4047,0.008,0.0631,6.3782
07:31:55.539,476.04,E 60 s / 60 s,10.131,80.1,917504,4.97006,0.0029,0.3181,0.2844,0.4141,0.0,0.0004,0.5204,0.0,0.2151,0.0026,0.0613,8.3116
07:31:57.541,478.04,E 60 s / 60 s,6.8555,79.6,917504,4.99552,0.0031,0.3824,0.2249,0.4284,0.001,0.0002,0.5139,0.0172,0.3375,0.0106,0.065,4.8713
07:31:59.535,480.04,E 60 s / 60 s,8.3647,81.8,917504,4.86152,0.0027,0.4404,0.355,0.4149,0.0016,0.0002,0.528,0.0,0.2265,0.0033,0.0638,6.3283
07:32:01.535,482.04,E 60 s / 60 s,6.6517,81.8,917504,4.90976,0.0031,0.4378,0.3523,0.4415,0.0016,0.0,0.5345,0.0,0.4047,0.0041,0.0637,4.4083
07:32:03.531,484.04,E 60 s / 60 s,3.4609,72.5,917504,5.09334,0.0028,0.2833,0.3547,0.3775,0.0016,0.0002,0.5125,0.0105,0.0346,0.0,0.0648,1.8183
07:32:05.531,486.04,E 60 s / 60 s,3.348,68.1,917504,5.0853,0.0036,0.2981,0.2218,0.3875,0.0012,0.0002,0.5656,0.0035,0.0357,0.0,0.067,1.7638
07:32:07.532,488.04,E 60 s / 60 s,2.5327,66.4,917504,5.12148,0.0027,0.2792,0.2521,0.3592,0.0016,0.0,0.539,0.007,0.0334,0.0,0.0684,0.99
07:32:09.532,490.04,E 60 s / 60 s,2.4996,62.0,917504,5.13488,0.0028,0.3004,0.2254,0.3614,0.0008,0.0002,0.5391,0.0035,0.0324,0.0,0.0689,0.9647
07:32:11.532,492.04,E 60 s / 60 s,2.4492,62.0,917504,5.13354,0.0031,0.2872,0.2353,0.3679,0.0012,0.0004,0.5075,0.0106,0.0271,0.0,0.0697,0.9393
07:32:13.532,494.04,E 60 s / 60 s,2.4997,61.5,917504,5.13086,0.0034,0.2991,0.2192,0.3632,0.0018,0.0,0.5951,0.0035,0.0281,0.0,0.0666,0.9197
07:32:15.532,496.04,E 60 s / 60 s,2.5207,61.5,917504,5.12014,0.0027,0.3126,0.2358,0.3718,0.0012,0.0,0.582,0.0035,0.0324,0.0,0.0654,0.9132
07:32:17.532,498.04,E 60 s / 60 s,2.4768,59.8,917504,5.1255,0.0031,0.3009,0.2885,0.3715,0.0012,0.0004,0.5107,0.0035,0.0206,0.0,0.0693,0.9071
07:32:19.532,500.05,E 60 s / 60 s,2.4212,59.3,917504,5.14024,0.0027,0.2783,0.2204,0.3707,0.0016,0.0004,0.5673,0.0,0.0293,0.0,0.0691,0.8814
07:32:21.532,502.05,E 60 s / 60 s,2.5686,59.8,917504,5.1322,0.0031,0.3666,0.2904,0.3741,0.0008,0.0,0.5327,0.0035,0.0324,0.0,0.0648,0.9
07:32:23.533,504.05,E 60 s / 60 s,2.5453,58.7,917504,5.12818,0.0033,0.302,0.3569,0.365,0.0004,0.0004,0.5391,0.0,0.0259,0.0,0.0648,0.8875
07:32:25.537,506.05,E 60 s / 60 s,2.4308,57.6,917504,5.13354,0.0027,0.2792,0.2541,0.3655,0.0016,0.0,0.5394,0.0106,0.0345,0.0,0.0685,0.8746
07:32:27.533,508.05,E 60 s / 60 s,2.4187,58.2,917504,5.13354,0.0026,0.2831,0.2878,0.3652,0.0016,0.0004,0.51,0.0,0.0334,0.0,0.0653,0.8692
07:32:29.533,510.05,E 60 s / 60 s,2.3952,57.6,917504,5.1322,0.0028,0.2794,0.2511,0.3725,0.0004,0.0004,0.5107,0.0035,0.0357,0.0,0.0699,0.8688
07:32:31.610,512.05,E 60 s / 60 s,2.5121,57.6,917504,5.14292,0.0028,0.3482,0.2878,0.3637,0.0004,0.0002,0.5358,0.0106,0.026,0.0,0.0687,0.8679
07:32:33.533,514.05,E 60 s / 60 s,2.5382,57.1,917504,5.13354,0.0027,0.3757,0.3413,0.3672,0.0004,0.0002,0.4931,0.0,0.0249,0.0,0.0648,0.8679
07:32:35.533,516.05,E 60 s / 60 s,2.3717,56.5,917504,5.1456,0.0029,0.2843,0.2339,0.36,0.0006,0.0004,0.5204,0.0106,0.0313,0.0,0.0716,0.8557
07:32:37.533,518.05,E 60 s / 60 s,2.5863,56.5,917504,5.12818,0.0027,0.3656,0.2892,0.3672,0.0016,0.0004,0.5845,0.0141,0.0347,0.0,0.0699,0.8563
07:32:39.533,520.05,E 60 s / 60 s,2.4767,56.5,917504,5.13756,0.003,0.3044,0.2526,0.3768,0.0004,0.0,0.5883,0.0,0.0313,0.0,0.0716,0.8483
07:32:41.533,522.05,E 60 s / 60 s,2.4446,56.0,917504,5.14024,0.003,0.3047,0.2219,0.3654,0.0008,0.0002,0.5993,0.0,0.0312,0.0,0.0698,0.8483
07:32:43.533,524.05,E 60 s / 60 s,2.459,56.5,917504,5.13622,0.0031,0.303,0.2283,0.3619,0.0002,0.0,0.5969,0.0106,0.0399,0.0,0.0667,0.8483
07:32:45.533,526.05,E 60 s / 60 s,2.3737,56.0,917504,5.1456,0.0027,0.2812,0.237,0.3612,0.0006,0.0004,0.5368,0.0071,0.04,0.0,0.0697,0.837
07:32:47.533,528.05,E 60 s / 60 s,2.3659,56.0,917504,5.1389,0.0031,0.3045,0.2254,0.3614,0.0008,0.0002,0.5427,0.0,0.0249,0.0,0.0672,0.8357
07:32:49.533,530.05,E 60 s / 60 s,2.4834,55.4,917504,5.13354,0.0027,0.3022,0.3244,0.3651,0.0032,0.0002,0.5358,0.0035,0.0379,0.0,0.0662,0.8422
07:32:51.533,532.05,E 60 s / 60 s,2.3592,55.4,917504,5.14426,0.0029,0.284,0.2202,0.3617,0.0006,0.0,0.5358,0.0,0.0552,0.0,0.0691,0.8296
07:32:53.534,534.05,E 60 s / 60 s,2.5834,55.4,917504,5.13354,0.0025,0.3669,0.3583,0.3672,0.0016,0.0,0.5426,0.0,0.0335,0.0,0.0674,0.8434
07:32:55.534,536.05,E 60 s / 60 s,2.6201,53.8,917504,5.1456,0.0026,0.3767,0.3388,0.3724,0.0032,0.0,0.5976,0.0036,0.0292,0.0,0.0662,0.8299
07:32:57.534,538.05,E 60 s / 60 s,2.3919,55.4,917504,5.14158,0.0031,0.3041,0.2279,0.3696,0.0006,0.0,0.5659,0.0142,0.0205,0.0,0.0698,0.8161
07:32:59.534,540.05,E 60 s / 60 s,2.5057,54.9,917504,5.14158,0.003,0.3808,0.2915,0.367,0.0002,0.0002,0.5289,0.0035,0.0335,0.0,0.0674,0.8296
07:33:01.534,542.05,E 60 s / 60 s,2.5519,54.9,917504,5.13756,0.0027,0.3534,0.3421,0.3705,0.0008,0.0,0.5455,0.0036,0.0304,0.0,0.0661,0.837
07:33:03.534,544.05,E 60 s / 60 s,2.3967,54.9,917504,5.14292,0.0027,0.3017,0.224,0.3673,0.0008,0.0002,0.5846,0.0,0.0259,0.0,0.066,0.8235
07:33:05.534,546.05,E 60 s / 60 s,2.5174,54.9,917504,5.1389,0.0031,0.3795,0.2889,0.3654,0.0016,0.0004,0.5423,0.0,0.0314,0.0,0.0686,0.836
07:33:07.536,548.05,E 60 s / 60 s,9.7043,63.7,917504,4.92048,0.0029,0.3996,0.3533,0.4102,0.0004,0.0002,0.5358,0.0035,0.326,0.0059,0.0656,7.6009
07:33:09.535,550.05,E 60 s / 60 s,10.2252,67.0,917504,4.92852,0.003,0.4261,0.3534,0.4121,0.0016,0.0004,0.5398,0.0,0.4664,0.0053,0.0662,7.9508
07:33:11.535,552.05,E 60 s / 60 s,9.3617,68.1,917504,4.9446,0.003,0.3476,0.2838,0.4114,0.0016,0.0002,0.5132,0.007,0.2305,0.0059,0.0655,7.492
07:33:13.539,554.05,E 60 s / 60 s,6.6918,71.9,917504,5.03438,0.0035,0.3728,0.2182,0.409,0.0004,0.0008,0.5368,0.0034,0.1892,0.0038,0.0626,4.8912
07:33:15.544,556.05,E 60 s / 60 s,7.8449,71.4,917504,4.91378,0.0027,0.3809,0.3537,0.422,0.0006,0.0008,0.5229,0.0,0.488,0.0106,0.0661,5.5967
07:33:17.540,558.05,E 60 s / 60 s,10.0732,73.6,917504,5.00356,0.0027,0.4,0.3192,0.4136,0.0,0.0002,0.539,0.0102,0.4042,0.0171,0.065,7.9019
07:33:19.539,560.05,E 60 s / 60 s,8.1065,76.8,917504,4.89904,0.0028,0.4214,0.2834,0.3928,0.0004,0.0008,0.5854,0.0171,0.1507,0.0106,0.068,6.1732
07:33:21.539,562.05,E 60 s / 60 s,8.402,75.7,917504,4.90976,0.003,0.318,0.2317,0.4215,0.0008,0.0004,0.5103,0.0102,0.4379,0.0,0.0621,6.406
07:33:23.543,564.05,E 60 s / 60 s,9.0278,76.3,917504,4.88832,0.0027,0.3492,0.2226,0.4238,0.0016,0.0008,0.5425,0.0,0.5078,0.0112,0.0668,6.8989
07:33:25.539,566.05,E 60 s / 60 s,7.0626,75.7,917504,4.98346,0.0029,0.4726,0.3537,0.4203,0.0002,0.0002,0.5338,0.0,0.4581,0.0101,0.0634,4.7473
07:33:27.543,568.05,E 60 s / 60 s,5.0834,76.3,917504,4.99954,0.0028,0.3251,0.2256,0.372,0.0014,0.0002,0.5292,0.0069,0.2839,0.0038,0.0635,3.2689
07:33:29.539,570.05,E 60 s / 60 s,7.2607,77.4,917504,4.8843,0.0032,0.3031,0.2351,0.3812,0.0,0.0004,0.5618,0.0,0.0319,0.0018,0.0662,5.6761
07:33:31.539,572.05,E 60 s / 60 s,6.3906,77.4,917504,4.97408,0.0039,0.4709,0.351,0.4126,0.0008,0.0002,0.5895,0.0307,0.1973,0.005,0.0619,4.2668
07:33:33.543,574.05,E 60 s / 60 s,10.3002,77.9,917504,4.86688,0.0027,0.354,0.2249,0.4058,0.0012,0.0008,0.5453,0.0069,0.3918,0.0048,0.0597,8.3024
07:33:35.540,576.05,E 60 s / 60 s,6.1072,77.9,917504,4.89904,0.0027,0.3968,0.2852,0.4238,0.0016,0.0002,0.5349,0.0,0.4063,0.0115,0.0637,3.9805
07:33:37.539,578.05,E 60 s / 60 s,10.3658,79.6,917504,4.86822,0.0031,0.3066,0.2612,0.4287,0.0004,0.0008,0.5388,0.0,0.4821,0.0,0.062,8.282
07:33:39.543,580.05,E 60 s / 60 s,10.3707,79.0,917504,4.85482,0.0035,0.3404,0.3516,0.3839,0.0012,0.0008,0.5326,0.0102,0.0876,0.0,0.0633,8.5956
07:33:41.544,582.05,E 60 s / 60 s,9.619,78.5,917504,4.97408,0.003,0.3942,0.3838,0.3879,0.0006,0.0002,0.6026,0.0,0.2,0.0012,0.0666,7.579
07:33:43.544,584.05,E 60 s / 60 s,10.0986,80.1,917504,4.8642,0.0031,0.3318,0.2303,0.4108,0.0006,0.0002,0.5433,0.0,0.3375,0.0068,0.062,8.1723
07:33:45.540,586.05,E 60 s / 60 s,7.2684,78.5,917504,4.88966,0.0032,0.3111,0.2847,0.4007,0.0012,0.0008,0.5164,0.0,0.0902,0.0012,0.0671,5.5919
07:33:47.543,588.05,E 60 s / 60 s,8.242,80.1,917504,4.92986,0.0025,0.3315,0.2296,0.4108,0.0008,0.0008,0.5445,0.0068,0.3559,0.0053,0.0621,6.2915
07:33:49.543,590.05,E 60 s / 60 s,10.5014,79.6,917504,4.85348,0.0027,0.496,0.2471,0.4399,0.0012,0.0002,0.5386,0.0,0.3435,0.0104,0.0659,8.3559
07:33:51.543,592.05,E 60 s / 60 s,7.0133,80.1,917504,4.96202,0.0031,0.3955,0.2325,0.4284,0.0002,0.0008,0.533,0.0102,0.3356,0.005,0.0627,5.0062
07:33:53.544,594.05,E 60 s / 60 s,10.4901,80.1,917504,4.97274,0.0033,0.4479,0.2284,0.4213,0.0008,0.0,0.5911,0.0034,0.4764,0.014,0.0624,8.2412
07:33:55.547,596.06,E 60 s / 60 s,10.2447,81.2,917504,4.9848,0.0033,0.3941,0.2499,0.4337,0.0006,0.0002,0.5766,0.0068,0.452,0.0,0.0646,8.0629
07:33:57.547,598.06,E 60 s / 60 s,10.2277,80.7,917504,4.88698,0.0029,0.442,0.3191,0.4159,0.0006,0.0008,0.5377,0.0,0.2825,0.0065,0.0625,8.1571
07:33:59.547,600.06,E 60 s / 60 s,6.6035,80.1,917504,4.88832,0.0029,0.42,0.3191,0.4515,0.0012,0.0008,0.5583,0.0172,0.424,0.008,0.0645,4.336
07:34:01.547,602.06,E 60 s / 60 s,9.9879,81.8,917512,4.88832,0.0035,0.3402,0.3524,0.4249,0.0006,0.0002,0.511,0.0,0.3309,0.0056,0.0625,7.956
07:34:03.551,604.06,E 60 s / 60 s,8.4127,81.2,917504,4.85616,0.0029,0.4392,0.3863,0.4223,0.0032,0.0004,0.5135,0.0068,0.1104,0.0,0.0616,6.466
07:34:05.547,606.06,E 60 s / 60 s,7.2849,81.2,917504,5.00624,0.0033,0.4632,0.3536,0.4284,0.0024,0.0,0.5905,0.0,0.2162,0.0062,0.064,5.1571
07:34:07.543,608.06,E 60 s / 60 s,3.4773,72.5,917504,5.09334,0.0028,0.2966,0.2265,0.3936,0.0018,0.0004,0.5519,0.0035,0.0617,0.0,0.0678,1.8707
07:34:09.543,610.06,E 60 s / 60 s,3.497,69.2,917504,5.09736,0.0028,0.2984,0.3221,0.39,0.0012,0.0002,0.5394,0.0,0.0604,0.0,0.0641,1.8183
07:34:11.543,612.06,E 60 s / 60 s,3.8448,68.6,917504,5.09602,0.0029,0.2981,0.2253,0.375,0.0018,0.0002,0.5648,0.007,0.0583,0.0,0.0651,2.2462
07:34:13.544,614.06,E 60 s / 60 s,2.5362,64.8,917504,5.12148,0.0032,0.2863,0.2522,0.3649,0.0004,0.0002,0.5261,0.0141,0.027,0.0,0.0715,0.9904
07:34:15.544,616.06,E 60 s / 60 s,2.4875,63.1,917504,5.13488,0.0027,0.2994,0.2256,0.3633,0.0008,0.0006,0.5413,0.0035,0.0237,0.0,0.069,0.9575
07:34:17.544,618.06,E 60 s / 60 s,2.6073,63.1,917504,5.12818,0.0028,0.3015,0.3221,0.3643,0.0008,0.0002,0.5854,0.0,0.0269,0.0,0.0646,0.9386
07:34:19.544,620.06,E 60 s / 60 s,2.4525,60.9,917504,5.12952,0.003,0.2804,0.2515,0.3561,0.0012,0.0002,0.5196,0.0,0.0434,0.0,0.07,0.9271
07:34:21.544,622.06,E 60 s / 60 s,2.5205,60.9,917504,5.13354,0.0031,0.3004,0.2289,0.3609,0.0016,0.0004,0.5358,0.0,0.1178,0.0,0.0653,0.9061
07:34:23.544,624.06,E 60 s / 60 s,2.5759,59.8,917504,5.12282,0.0031,0.302,0.3517,0.3619,0.0014,0.0002,0.5167,0.0035,0.0583,0.0,0.0692,0.9078
07:34:25.544,626.06,E 60 s / 60 s,2.4299,59.3,917504,5.13488,0.0032,0.2878,0.2359,0.36,0.0008,0.0004,0.5197,0.0035,0.0563,0.0,0.0684,0.8939
07:34:27.544,628.06,E 60 s / 60 s,2.4776,59.3,917504,5.14292,0.0031,0.2997,0.2268,0.3707,0.0014,0.0002,0.5863,0.0,0.038,0.0,0.0635,0.8878
07:34:29.548,630.06,E 60 s / 60 s,2.5104,59.3,917504,5.13488,0.0027,0.3025,0.3384,0.3672,0.0016,0.0004,0.5189,0.0,0.0259,0.0,0.071,0.8817
07:34:31.544,632.06,E 60 s / 60 s,2.4525,58.7,917504,5.13488,0.0034,0.2826,0.287,0.3679,0.0002,0.0002,0.5239,0.0177,0.0248,0.0,0.0692,0.8756
07:34:33.544,634.06,E 60 s / 60 s,2.4723,58.2,917504,5.14024,0.0029,0.3011,0.2558,0.3666,0.0004,0.0002,0.5651,0.0,0.0335,0.0,0.071,0.8756
07:34:35.545,636.06,E 60 s / 60 s,2.6142,58.2,917504,5.12818,0.0027,0.37,0.3566,0.3661,0.0002,0.0,0.5398,0.0,0.0313,0.0,0.0655,0.882
07:34:37.545,638.06,E 60 s / 60 s,2.3935,58.2,917504,5.1389,0.0031,0.2822,0.2209,0.3653,0.0002,0.0004,0.5422,0.0177,0.0324,0.0,0.0673,0.8618
07:34:39.545,640.06,E 60 s / 60 s,2.4567,57.1,917504,5.1389,0.0032,0.3019,0.2297,0.3626,0.001,0.0004,0.5951,0.0035,0.0303,0.0,0.0672,0.8618
07:34:41.545,642.06,E 60 s / 60 s,2.5271,57.1,917504,5.13488,0.0028,0.3039,0.3479,0.3688,0.0016,0.0004,0.5383,0.0,0.0411,0.0,0.0666,0.8557
07:34:43.545,644.06,E 60 s / 60 s,2.437,57.6,917504,5.13622,0.0029,0.2779,0.3214,0.3634,0.0008,0.0004,0.5131,0.0,0.0249,0.0,0.0704,0.8618
07:34:45.545,646.06,E 60 s / 60 s,2.4222,57.1,917504,5.1322,0.0027,0.3028,0.2858,0.3686,0.0008,0.0002,0.506,0.0071,0.0281,0.0,0.0705,0.8495
07:34:47.545,648.06,E 60 s / 60 s,2.5559,56.0,917504,5.1255,0.0027,0.3026,0.3504,0.3619,0.0016,0.0004,0.5834,0.0035,0.0293,0.0,0.0706,0.8495
07:34:49.545,650.06,E 60 s / 60 s,2.417,56.5,917504,5.13488,0.0027,0.2792,0.2877,0.3687,0.0008,0.0002,0.5199,0.0035,0.028,0.0,0.0703,0.856
07:34:51.549,652.06,E 60 s / 60 s,2.3858,56.5,917504,5.14024,0.0024,0.3035,0.221,0.3703,0.0008,0.0002,0.5367,0.0,0.0335,0.0,0.0685,0.8489
07:34:53.545,654.06,E 60 s / 60 s,2.4594,56.5,917504,5.14024,0.0026,0.2809,0.3227,0.3609,0.0032,0.0002,0.5584,0.0,0.0249,0.0,0.0691,0.8364
07:34:55.545,656.06,E 60 s / 60 s,2.3718,56.0,917504,5.14158,0.0025,0.2835,0.2268,0.3668,0.0016,0.0,0.5391,0.0,0.0389,0.0,0.0691,0.8434
07:34:57.545,658.06,E 60 s / 60 s,2.5776,55.4,917504,5.1389,0.0033,0.3668,0.3563,0.3649,0.0004,0.0002,0.5326,0.0,0.0347,0.0,0.0698,0.8486
07:34:59.545,660.06,E 60 s / 60 s,2.466,55.4,917504,5.12818,0.0026,0.3054,0.341,0.3668,0.0,0.0002,0.5226,0.0035,0.0238,0.0,0.0705,0.8296
07:35:01.545,662.06,E 60 s / 60 s,2.3666,55.4,917504,5.14158,0.0033,0.3027,0.2238,0.3689,0.0004,0.0004,0.5422,0.0035,0.027,0.0,0.0647,0.8296
07:35:03.546,664.06,E 60 s / 60 s,2.4625,55.4,917504,5.13622,0.0029,0.304,0.3203,0.3556,0.0008,0.0004,0.5336,0.0,0.0411,0.0,0.0679,0.8357
07:35:05.546,666.06,E 60 s / 60 s,2.3294,54.9,917504,5.1322,0.0028,0.2799,0.2227,0.3614,0.0008,0.0002,0.5358,0.0071,0.027,0.0,0.0685,0.8232
07:35:07.546,668.06,E 60 s / 60 s,2.4366,54.9,917504,5.14024,0.0027,0.3159,0.2368,0.3649,0.001,0.0004,0.5907,0.0071,0.0238,0.0,0.0699,0.8235
07:35:09.546,670.06,E 60 s / 60 s,2.4547,54.9,917504,5.14292,0.0031,0.3183,0.2396,0.365,0.0008,0.0004,0.5911,0.0071,0.0358,0.0,0.0706,0.8229
07:35:11.551,672.06,E 60 s / 60 s,6.8288,60.9,917504,4.99954,0.0033,0.4718,0.3716,0.4248,0.0065,0.0002,0.5423,0.0,0.4897,0.0083,0.0686,4.4417
07:35:13.547,674.06,E 60 s / 60 s,9.5165,66.4,917504,4.92986,0.0032,0.3764,0.2269,0.4153,0.0016,0.0008,0.5616,0.0,0.3438,0.013,0.0665,7.5073
07:35:15.551,676.06,E 60 s / 60 s,9.7162,68.6,917504,4.92584,0.0033,0.3518,0.2208,0.4073,0.0004,0.0008,0.5332,0.0069,0.3359,0.0062,0.0673,7.7822
07:35:17.547,678.06,E 60 s / 60 s,6.3891,71.9,917504,4.88832,0.0027,0.4655,0.2841,0.4111,0.0,0.0004,0.6068,0.0,0.2048,0.0018,0.0656,4.3464
07:35:19.551,680.06,E 60 s / 60 s,8.359,72.5,917504,4.89904,0.0031,0.4761,0.3526,0.4259,0.0016,0.0008,0.5487,0.0,0.4622,0.008,0.0615,6.0184
07:35:21.552,682.06,E 60 s / 60 s,8.8354,74.7,917504,4.9111,0.0031,0.3989,0.3388,0.4199,0.0012,0.0008,0.4941,0.0,0.3457,0.0148,0.0618,6.7564
07:35:23.551,684.06,E 60 s / 60 s,4.5036,74.1,917504,5.00624,0.003,0.4003,0.3361,0.3731,0.0004,0.0008,0.526,0.0,0.042,0.0047,0.0686,2.7487
07:35:25.547,686.06,E 60 s / 60 s,8.2702,76.8,917504,4.85616,0.0031,0.391,0.2842,0.4043,0.0002,0.0004,0.5327,0.0068,0.1989,0.0112,0.0616,6.3758
07:35:27.551,688.06,E 60 s / 60 s,6.1443,76.3,917504,4.9982,0.0031,0.3488,0.2328,0.4054,0.0004,0.0004,0.5813,0.0,0.25,0.0065,0.0624,4.2532
07:35:29.551,690.06,E 60 s / 60 s,10.108,76.8,917504,4.97274,0.0033,0.299,0.2532,0.4167,0.0018,0.0002,0.5386,0.0034,0.4744,0.0201,0.0622,8.035
07:35:31.552,692.06,E 60 s / 60 s,8.3902,76.3,917504,4.89904,0.003,0.3973,0.3477,0.4269,0.0004,0.0002,0.5096,0.0,0.4738,0.0089,0.0645,6.1579
07:35:33.550,694.06,E 60 s / 60 s,6.4701,76.3,917504,5.0853,0.0029,0.2971,0.2204,0.3795,0.0016,0.0004,0.5425,0.0,0.0378,0.0,0.0661,4.9218
07:35:35.555,696.06,E 60 s / 60 s,7.4054,77.9,917504,4.85214,0.0031,0.3984,0.2274,0.4079,0.0006,0.0008,0.5359,0.0,0.2177,0.0009,0.0641,5.5485
07:35:37.555,698.06,E 60 s / 60 s,6.7966,77.9,917504,4.9915,0.0033,0.3739,0.2325,0.4239,0.0018,0.0008,0.523,0.0,0.2,0.0138,0.0618,4.9617
07:35:39.556,700.06,E 60 s / 60 s,8.5878,79.6,917504,4.87626,0.0032,0.4028,0.2286,0.4364,0.0012,0.0002,0.5976,0.0034,0.4804,0.0041,0.0645,6.3655
07:35:41.555,702.06,E 60 s / 60 s,7.1506,78.5,917504,5.0049,0.0031,0.3785,0.2508,0.4563,0.0016,0.0008,0.5296,0.0,0.4751,0.0009,0.0603,4.9935
07:35:43.557,704.06,E 60 s / 60 s,9.4859,77.9,917504,4.94728,0.0032,0.3676,0.232,0.4357,0.0016,0.0004,0.5383,0.0068,0.465,0.0171,0.0646,7.3537
07:35:45.553,706.06,E 60 s / 60 s,10.1338,79.6,917504,4.88832,0.003,0.3445,0.2832,0.4212,0.0016,0.0002,0.5236,0.0102,0.2677,0.0062,0.0615,8.2108
07:35:47.555,708.06,E 60 s / 60 s,7.0332,79.6,917504,4.8776,0.0031,0.3985,0.3448,0.4111,0.0012,0.0002,0.5264,0.0034,0.3723,0.0024,0.0621,4.9076
07:35:49.559,710.06,E 60 s / 60 s,6.3179,79.6,917504,4.86554,0.0031,0.3788,0.2841,0.4076,0.0016,0.0002,0.5512,0.0,0.2677,0.0083,0.059,4.3564
07:35:51.560,712.06,E 60 s / 60 s,8.408,80.1,917504,4.92986,0.0031,0.3437,0.2248,0.4111,0.0008,0.0008,0.5453,0.0,0.2713,0.0065,0.0662,6.5344
07:35:53.555,714.06,E 60 s / 60 s,10.3478,80.1,917504,4.8441,0.0027,0.372,0.2226,0.416,0.0008,0.0002,0.5436,0.0103,0.3405,0.0047,0.0633,8.3709
07:35:55.556,716.06,E 60 s / 60 s,10.3634,81.2,917504,4.88832,0.0035,0.3933,0.3487,0.4284,0.0016,0.0004,0.5183,0.017,0.2075,0.0077,0.0636,8.3736
07:35:57.557,718.06,E 60 s / 60 s,9.7302,80.1,917504,4.86152,0.0033,0.3925,0.2472,0.4284,0.0006,0.0002,0.5821,0.0034,0.3025,0.0065,0.0672,7.6964
07:35:59.555,720.06,E 60 s / 60 s,10.547,81.2,917504,4.84946,0.0032,0.4451,0.3859,0.4269,0.0008,0.0008,0.5607,0.0,0.3546,0.0068,0.0627,8.2996
07:36:01.555,722.07,E 60 s / 60 s,8.4122,80.7,917504,4.9513,0.0031,0.4198,0.2488,0.4548,0.0004,0.0002,0.5521,0.0,0.4268,0.0118,0.0638,6.2306
07:36:03.555,724.07,E 60 s / 60 s,7.1636,81.8,917504,4.86152,0.0031,0.3567,0.22,0.4036,0.0012,0.0002,0.5488,0.0,0.3006,0.0103,0.0621,5.257
07:36:05.561,726.07,E 60 s / 60 s,7.3397,80.7,917504,4.87626,0.0033,0.4171,0.2502,0.4443,0.0012,0.0008,0.5917,0.0,0.4843,0.0124,0.0656,5.0689
07:36:07.559,728.07,E 60 s / 60 s,9.2441,82.3,917512,4.84812,0.0028,0.3442,0.3448,0.4176,0.0004,0.0002,0.5268,0.0,0.2067,0.0009,0.0622,7.3375
07:36:09.559,730.07,E 60 s / 60 s,8.0254,80.7,917504,4.84812,0.0031,0.4612,0.3487,0.4239,0.0008,0.0004,0.541,0.0169,0.2676,0.0109,0.0606,5.8903
07:36:11.555,732.07,E 60 s / 60 s,3.5559,75.2,917504,5.08932,0.0035,0.3075,0.2253,0.3896,0.0012,0.0,0.5485,0.0035,0.0605,0.0,0.0674,1.9488
07:36:13.555,734.07,E 60 s / 60 s,3.4825,71.4,917504,5.0786,0.003,0.3487,0.2522,0.3819,0.0004,0.0002,0.5368,0.007,0.0584,0.0,0.0679,1.826
07:36:15.559,736.07,E 60 s / 60 s,3.4009,67.5,917504,5.1054,0.003,0.2973,0.3193,0.3814,0.0008,0.0008,0.5383,0.0,0.0272,0.0,0.068,1.7649
07:36:17.555,738.07,E 60 s / 60 s,2.6484,65.3,917504,5.1121,0.003,0.3004,0.3503,0.3679,0.0032,0.0004,0.5139,0.007,0.0281,0.0,0.064,1.0101
07:36:19.555,740.07,E 60 s / 60 s,2.4585,64.2,917504,5.1255,0.0031,0.2825,0.2252,0.3652,0.0016,0.0,0.5059,0.0,0.04,0.0,0.0709,0.9639
07:36:21.556,742.07,E 60 s / 60 s,2.5985,63.1,917504,5.12818,0.0028,0.2991,0.3549,0.3668,0.0008,0.0002,0.5358,0.007,0.0259,0.0,0.0661,0.9389
07:36:23.556,744.07,E 60 s / 60 s,2.5997,61.5,917504,5.12818,0.0032,0.2998,0.3486,0.3584,0.0008,0.0002,0.5229,0.0,0.0822,0.0,0.0647,0.919
07:36:25.556,746.07,E 60 s / 60 s,2.5184,60.9,917504,5.14426,0.003,0.3132,0.2367,0.3633,0.001,0.0002,0.581,0.0,0.0315,0.0,0.0679,0.9207
07:36:27.556,748.07,E 60 s / 60 s,2.5938,60.4,917504,5.12148,0.003,0.3006,0.3451,0.3707,0.0006,0.0004,0.5362,0.0035,0.04,0.0,0.0665,0.9271
07:36:29.556,750.07,E 60 s / 60 s,2.4338,58.2,917504,5.1389,0.0029,0.3002,0.2261,0.3649,0.0004,0.0,0.5391,0.0071,0.0248,0.0,0.069,0.8993
07:36:31.556,752.07,E 60 s / 60 s,2.5056,59.3,917504,5.1389,0.0029,0.3242,0.254,0.3602,0.0024,0.0004,0.5816,0.0035,0.0206,0.0,0.0679,0.8878
07:36:33.556,754.07,E 60 s / 60 s,2.5907,58.7,917504,5.12148,0.0031,0.3015,0.3472,0.3609,0.0018,0.0004,0.5648,0.0,0.04,0.0,0.0698,0.901
07:36:35.556,756.07,E 60 s / 60 s,2.4221,58.7,917504,5.14694,0.0032,0.3009,0.2227,0.3738,0.0008,0.0004,0.5374,0.0035,0.0292,0.0,0.0692,0.8811
07:36:37.610,758.07,E 60 s / 60 s,2.4956,58.2,917504,5.13354,0.0032,0.3015,0.2547,0.3654,0.0,0.0004,0.5834,0.0141,0.0281,0.0,0.0691,0.8756
07:36:39.556,760.07,E 60 s / 60 s,2.4973,57.6,917504,5.12818,0.0025,0.2762,0.3218,0.3635,0.0016,0.0,0.551,0.0141,0.0314,0.0,0.0667,0.8685
07:36:41.560,762.07,E 60 s / 60 s,2.4348,58.2,917504,5.14024,0.0029,0.3004,0.2292,0.3632,0.0004,0.0002,0.562,0.0141,0.0335,0.0,0.0671,0.8618
07:36:43.556,764.07,E 60 s / 60 s,2.6139,57.1,917504,5.1389,0.0028,0.3648,0.2878,0.3738,0.0008,0.0002,0.5332,0.0,0.1147,0.0,0.068,0.8679
07:36:45.556,766.07,E 60 s / 60 s,2.4006,56.5,917504,5.13488,0.0028,0.2769,0.254,0.3672,0.0016,0.0004,0.5394,0.0035,0.0303,0.0,0.069,0.8553
07:36:47.556,768.07,E 60 s / 60 s,2.3708,57.1,917504,5.14158,0.0025,0.2763,0.2268,0.367,0.0,0.0004,0.5326,0.0035,0.0369,0.0,0.0702,0.8547
07:36:49.557,770.07,E 60 s / 60 s,2.5252,57.6,917504,5.13354,0.0031,0.3039,0.3599,0.3688,0.0006,0.0,0.5151,0.0,0.0539,0.0,0.0648,0.855
07:36:51.557,772.07,E 60 s / 60 s,2.3821,56.5,917504,5.14694,0.0027,0.2781,0.2372,0.3654,0.0016,0.0,0.5231,0.0035,0.054,0.0,0.0673,0.8492
07:36:53.557,774.07,E 60 s / 60 s,2.4034,56.5,917504,5.14024,0.0027,0.2811,0.2241,0.3661,0.0032,0.0002,0.5398,0.0071,0.0564,0.0,0.0735,0.8492
07:36:55.557,776.07,E 60 s / 60 s,2.4609,56.0,917504,5.1456,0.0032,0.2782,0.3538,0.3625,0.0018,0.0004,0.5157,0.0035,0.0281,0.0,0.0712,0.8425
07:36:57.557,778.07,E 60 s / 60 s,2.3416,56.5,917504,5.13354,0.0027,0.2807,0.236,0.3565,0.0016,0.0004,0.5197,0.0106,0.0335,0.0,0.071,0.829
07:36:59.557,780.07,E 60 s / 60 s,2.5377,55.4,917504,5.14024,0.0029,0.3169,0.3577,0.3668,0.0034,0.0002,0.542,0.0071,0.0259,0.0,0.0723,0.8425
07:37:01.557,782.07,E 60 s / 60 s,2.5934,55.4,917504,5.13354,0.0027,0.3653,0.3743,0.3705,0.0016,0.0,0.5349,0.0,0.0325,0.0,0.0691,0.8425
07:37:03.557,784.07,E 60 s / 60 s,2.3713,55.4,917504,5.1456,0.003,0.2815,0.2298,0.3724,0.0002,0.0004,0.539,0.0106,0.0346,0.0,0.0698,0.8299
07:37:05.557,786.07,E 60 s / 60 s,2.3734,55.4,917504,5.14694,0.0031,0.305,0.2227,0.3686,0.0016,0.0,0.5381,0.0071,0.0303,0.0,0.0673,0.8296
07:37:07.557,788.07,E 60 s / 60 s,2.4557,55.4,917504,5.14292,0.0031,0.3272,0.237,0.3733,0.0016,0.0004,0.5766,0.0106,0.0378,0.0,0.0648,0.8232
07:37:09.557,790.07,E 60 s / 60 s,2.3802,54.9,917504,5.1389,0.003,0.3033,0.2205,0.3654,0.0016,0.0004,0.542,0.0106,0.04,0.0,0.0698,0.8235
07:37:11.557,792.07,E 60 s / 60 s,2.498,55.4,917504,5.13622,0.0025,0.3561,0.2573,0.366,0.0008,0.0004,0.5898,0.0036,0.0281,0.0,0.0705,0.8229
07:37:13.557,794.07,E 60 s / 60 s,2.3702,56.0,917504,5.12952,0.0028,0.2803,0.2892,0.3652,0.0008,0.0002,0.5132,0.0,0.0302,0.0,0.0712,0.8171
07:37:15.558,796.07,E 60 s / 60 s,2.4254,55.4,917504,5.12952,0.0031,0.3062,0.3244,0.3637,0.0004,0.0004,0.5028,0.0,0.039,0.0,0.0687,0.8168
07:37:17.559,798.07,E 60 s / 60 s,9.4834,64.2,917504,4.92048,0.0027,0.399,0.3382,0.439,0.0002,0.0004,0.5034,0.0,0.2279,0.005,0.0668,7.5008
07:37:19.566,800.07,E 60 s / 60 s,9.0156,68.6,917504,4.97274,0.0028,0.3272,0.2335,0.4076,0.0008,0.0004,0.5231,0.0,0.1814,0.0012,0.0641,7.2734
07:37:21.559,802.07,E 60 s / 60 s,7.1304,70.3,917504,4.92986,0.0032,0.4756,0.3556,0.431,0.0034,0.0,0.5863,0.0,0.4361,0.0145,0.0679,4.7568
07:37:23.558,804.07,E 60 s / 60 s,5.9438,71.4,917504,5.10138,0.0023,0.3811,0.221,0.3778,0.0032,0.0008,0.5365,0.0,0.0313,0.0,0.0669,4.3229
07:37:25.560,806.07,E 60 s / 60 s,8.5219,72.5,917504,4.90976,0.0031,0.3973,0.3547,0.4106,0.0004,0.0002,0.5107,0.0,0.4077,0.0027,0.064,6.3705
07:37:27.559,808.07,E 60 s / 60 s,8.7269,74.7,917504,4.89368,0.0031,0.4263,0.2842,0.4078,0.0,0.0004,0.541,0.0,0.1922,0.0059,0.0668,6.7992
07:37:29.563,810.07,E 60 s / 60 s,7.8444,74.7,917504,4.9982,0.0035,0.3979,0.3524,0.4373,0.0004,0.0008,0.5142,0.0034,0.4374,0.0,0.0674,5.6296
07:37:31.559,812.07,E 60 s / 60 s,9.8377,75.7,917504,5.092,0.003,0.3989,0.2325,0.3777,0.0012,0.0002,0.5914,0.0,0.2162,0.0059,0.065,7.9457
07:37:33.559,814.07,E 60 s / 60 s,10.0631,76.8,917504,4.89636,0.0031,0.2975,0.3226,0.4176,0.0004,0.0002,0.5164,0.0,0.5082,0.0,0.0613,7.9359
07:37:35.563,816.07,E 60 s / 60 s,10.1741,76.8,917504,4.97408,0.0031,0.3919,0.3578,0.4284,0.0008,0.0002,0.5138,0.0,0.1747,0.0112,0.0614,8.2309
07:37:37.563,818.07,E 60 s / 60 s,10.1646,76.8,917504,4.99418,0.0032,0.3293,0.2301,0.4337,0.0004,0.0008,0.5505,0.0,0.4733,0.0,0.0625,8.0807
07:37:39.563,820.07,E 60 s / 60 s,6.5163,77.4,917504,4.99284,0.0031,0.4685,0.3558,0.4269,0.0008,0.0004,0.5383,0.0034,0.4063,0.0068,0.0656,4.2403
07:37:41.564,822.07,E 60 s / 60 s,6.6541,77.9,917504,4.93656,0.0029,0.3957,0.2242,0.4001,0.0004,0.0008,0.5943,0.0312,0.2608,0.0047,0.065,4.674
07:37:43.564,824.07,E 60 s / 60 s,9.9844,77.9,917504,5.0049,0.0029,0.3957,0.3189,0.4109,0.0008,0.0008,0.5845,0.0,0.2343,0.0088,0.0658,7.961
07:37:45.568,826.08,E 60 s / 60 s,7.7585,79.6,917504,4.8575,0.0037,0.3968,0.2251,0.4088,0.0006,0.0002,0.541,0.0,0.2238,0.0142,0.0644,5.8798
07:37:47.567,828.08,E 60 s / 60 s,8.892,78.5,917504,4.86018,0.0032,0.3839,0.2324,0.4181,0.0008,0.0002,0.5125,0.0,0.4086,0.0101,0.0615,6.8606
07:37:49.567,830.08,E 60 s / 60 s,10.3868,79.0,917504,4.89502,0.0027,0.3919,0.3546,0.4065,0.0012,0.0008,0.5642,0.0,0.3371,0.0021,0.0643,8.2615
07:37:51.568,832.08,E 60 s / 60 s,7.0751,79.6,917504,4.95666,0.0031,0.298,0.2322,0.4149,0.0028,0.0002,0.5879,0.0104,0.4466,0.0118,0.0628,5.0045
07:37:53.567,834.08,E 60 s / 60 s,8.5395,80.7,917504,4.96202,0.0032,0.3794,0.2273,0.4234,0.0008,0.0002,0.5323,0.0,0.483,0.0104,0.0622,6.4172
07:37:55.568,836.08,E 60 s / 60 s,6.8679,79.6,917504,4.85482,0.0031,0.3923,0.3503,0.4493,0.0012,0.0002,0.5911,0.0137,0.5344,0.0148,0.0606,4.457
07:37:57.567,838.08,E 60 s / 60 s,9.1976,79.6,917504,4.891,0.0039,0.3448,0.2217,0.39,0.0006,0.0002,0.5426,0.0068,0.408,0.005,0.0616,7.2123
07:37:59.567,840.08,E 60 s / 60 s,5.0004,79.6,917504,4.97408,0.004,0.3947,0.2326,0.4322,0.0016,0.0008,0.58,0.0034,0.4991,0.0,0.0666,2.7854
07:38:01.572,842.08,E 60 s / 60 s,10.2889,81.2,917504,4.9513,0.0032,0.344,0.252,0.4195,0.0006,0.0002,0.5171,0.0102,0.4413,0.0065,0.0607,8.2336
07:38:03.571,844.08,E 60 s / 60 s,8.6886,80.7,917504,4.86152,0.0039,0.4012,0.2324,0.4317,0.0006,0.0002,0.5358,0.0,0.5151,0.0098,0.0619,6.496
07:38:05.567,846.08,E 60 s / 60 s,3.5243,73.6,917504,5.09602,0.0033,0.2841,0.3221,0.3936,0.0006,0.0002,0.5182,0.0,0.0573,0.0,0.0648,1.8801
07:38:07.567,848.08,E 60 s / 60 s,3.4017,68.6,917504,5.09066,0.0036,0.3099,0.2297,0.3821,0.0004,0.0008,0.5947,0.0,0.0314,0.0,0.0701,1.779
07:38:09.567,850.08,E 60 s / 60 s,3.4488,67.0,917504,5.11344,0.0031,0.3749,0.3492,0.3759,0.0002,0.0002,0.5004,0.0,0.0345,0.0,0.0618,1.7485
07:38:11.576,852.08,E 60 s / 60 s,8.3316,74.7,917504,4.88162,0.0036,0.3968,0.2431,0.4284,0.0012,0.0002,0.5433,0.0138,0.4735,0.0133,0.0641,6.1503
07:38:13.575,854.08,E 60 s / 60 s,10.3282,75.7,917504,4.98882,0.003,0.396,0.2499,0.432,0.0008,0.0004,0.5849,0.0,0.4834,0.0098,0.0646,8.1036
07:38:15.577,856.08,E 60 s / 60 s,4.56,77.9,917504,5.00356,0.0033,0.2942,0.3453,0.4599,0.0004,0.0008,0.5268,0.0,0.0601,0.005,0.0617,2.8024
07:38:17.571,858.08,E 60 s / 60 s,3.555,70.3,917504,5.09602,0.0027,0.3752,0.2881,0.3804,0.0012,0.0002,0.5883,0.0035,0.0411,0.0,0.0643,1.8101
07:38:19.571,860.08,E 60 s / 60 s,3.2507,67.5,917504,5.1121,0.0032,0.2821,0.2357,0.3773,0.0008,0.0002,0.5167,0.0,0.0346,0.0,0.0663,1.7338
07:38:21.571,862.08,E 60 s / 60 s,2.6948,65.3,917504,5.12014,0.0028,0.3,0.326,0.365,0.0012,0.0004,0.5336,0.0,0.0323,0.0,0.0647,1.0688
07:38:23.673,864.08,E 60 s / 60 s,2.4646,63.1,917504,5.1255,0.0031,0.2838,0.2253,0.3685,0.001,0.0004,0.5207,0.0106,0.0248,0.0,0.0689,0.9575
07:38:25.572,866.08,E 60 s / 60 s,2.5168,62.0,917504,5.14158,0.0027,0.301,0.2281,0.3651,0.0012,0.0002,0.574,0.0,0.039,0.0,0.0666,0.9389
07:38:27.572,868.08,E 60 s / 60 s,2.5855,60.9,917504,5.12148,0.0031,0.3,0.3461,0.3619,0.0006,0.0002,0.5383,0.0,0.0303,0.0,0.066,0.9389
07:38:29.572,870.08,E 60 s / 60 s,2.4683,60.9,917504,5.14024,0.0025,0.2781,0.2865,0.3719,0.0008,0.0,0.5207,0.0071,0.0227,0.0,0.0709,0.9071
07:38:31.572,872.08,E 60 s / 60 s,2.4751,60.4,917504,5.14292,0.0027,0.301,0.2225,0.3619,0.0008,0.0,0.5931,0.0071,0.0206,0.0,0.0647,0.9007
07:38:33.572,874.08,E 60 s / 60 s,2.4602,59.8,917504,5.12818,0.0031,0.3015,0.2863,0.362,0.0008,0.0004,0.5204,0.0,0.028,0.0,0.0692,0.8885
07:38:35.572,876.08,E 60 s / 60 s,2.4196,58.7,917504,5.1389,0.0031,0.3013,0.2238,0.3673,0.0016,0.0002,0.5398,0.0,0.0324,0.0,0.0691,0.8811
07:38:37.572,878.08,E 60 s / 60 s,2.5046,58.7,917504,5.13354,0.0028,0.315,0.2533,0.369,0.0016,0.0004,0.5849,0.0106,0.0216,0.0,0.0704,0.875
07:38:39.572,880.08,E 60 s / 60 s,2.4392,58.2,917504,5.1456,0.0026,0.2752,0.2877,0.3615,0.0004,0.0002,0.5258,0.0141,0.0283,0.0,0.0687,0.8746
07:38:41.572,882.08,E 60 s / 60 s,2.5956,58.2,917504,5.13622,0.0028,0.3026,0.3749,0.3547,0.0006,0.0004,0.5864,0.0,0.0346,0.0,0.0704,0.8682
07:38:43.572,884.08,E 60 s / 60 s,2.5572,57.6,917504,5.1389,0.0028,0.3005,0.39,0.3637,0.0016,0.0002,0.5393,0.0,0.0238,0.0,0.0674,0.8679
07:38:45.572,886.08,E 60 s / 60 s,2.4004,57.6,917504,5.13488,0.0027,0.281,0.2848,0.3619,0.0016,0.0,0.5231,0.0035,0.0162,0.0,0.0698,0.8557
07:38:47.572,888.08,E 60 s / 60 s,2.3957,57.6,917504,5.14024,0.0026,0.3013,0.2271,0.3567,0.0008,0.0002,0.5426,0.0071,0.0335,0.0,0.0685,0.8553
07:38:49.572,890.08,E 60 s / 60 s,2.5247,57.6,917504,5.12818,0.0034,0.3021,0.359,0.3688,0.0,0.0002,0.5132,0.0,0.04,0.0,0.0698,0.8682
07:38:51.572,892.09,E 60 s / 60 s,2.4125,57.1,917504,5.15096,0.0031,0.3027,0.227,0.3706,0.0016,0.0002,0.5358,0.0,0.0292,0.0,0.0672,0.875
07:38:53.572,894.09,E 60 s / 60 s,2.4603,57.1,917504,5.13354,0.003,0.3026,0.2285,0.3637,0.0006,0.0004,0.5784,0.0,0.0238,0.0,0.0647,0.8946
07:38:55.573,896.09,E 60 s / 60 s,2.3398,56.0,917504,5.14024,0.0031,0.2804,0.2363,0.3635,0.0018,0.0,0.51,0.0,0.026,0.0,0.0698,0.8489
07:38:57.573,898.09,E 60 s / 60 s,2.4783,56.5,917504,5.1389,0.0031,0.3777,0.2558,0.3653,0.0002,0.0,0.5384,0.0,0.0261,0.0,0.0699,0.8418
07:38:59.573,900.09,E 60 s / 60 s,2.5063,56.5,917504,5.1456,0.0026,0.3027,0.3504,0.3706,0.0016,0.0002,0.5197,0.0,0.041,0.0,0.0685,0.8489
07:39:01.573,902.09,E 60 s / 60 s,2.3844,55.4,917504,5.14024,0.0029,0.3023,0.2391,0.3619,0.0006,0.0004,0.5318,0.0142,0.0303,0.0,0.0717,0.8293
07:39:03.573,904.09,E 60 s / 60 s,2.5004,56.0,917504,5.1389,0.0028,0.3659,0.2871,0.3661,0.0002,0.0004,0.5333,0.0071,0.0217,0.0,0.0668,0.8489
07:39:05.573,906.09,E 60 s / 60 s,2.5054,56.5,917504,5.13354,0.0033,0.3023,0.3416,0.3698,0.0032,0.0,0.5358,0.0,0.0357,0.0,0.0706,0.8431
07:39:07.573,908.09,E 60 s / 60 s,2.4722,55.4,917504,5.14426,0.0025,0.3044,0.2554,0.3707,0.0016,0.0002,0.5864,0.0106,0.0379,0.0,0.0667,0.8357
07:39:09.573,910.09,E 60 s / 60 s,2.4471,56.0,917504,5.1389,0.0029,0.3543,0.2547,0.3688,0.0002,0.0002,0.5313,0.0071,0.0238,0.0,0.068,0.8357
07:39:11.573,912.09,E 60 s / 60 s,2.4148,55.4,917504,5.14158,0.0032,0.3542,0.2252,0.3661,0.0004,0.0,0.5427,0.0,0.0248,0.0,0.0755,0.8229
07:39:13.573,914.09,E 60 s / 60 s,2.5959,55.4,917504,5.14426,0.0031,0.387,0.2885,0.3671,0.0016,0.0004,0.5863,0.0177,0.0388,0.0,0.0686,0.8367
07:39:15.573,916.09,E 60 s / 60 s,2.6095,55.4,917504,5.13622,0.0031,0.3887,0.3569,0.3725,0.0006,0.0002,0.5353,0.0,0.0475,0.0,0.0692,0.8354
07:39:17.579,918.09,E 60 s / 60 s,9.4501,64.8,917504,4.92182,0.0028,0.3271,0.3524,0.3858,0.0004,0.0008,0.5207,0.0,0.24,0.0074,0.0662,7.5466
07:39:19.576,920.09,E 60 s / 60 s,9.9162,68.1,917504,4.90976,0.003,0.3988,0.318,0.3936,0.0016,0.0002,0.5132,0.0,0.2315,0.0065,0.0634,7.9864
07:39:21.575,922.09,E 60 s / 60 s,8.8497,69.2,917504,4.95532,0.0028,0.4459,0.3566,0.3951,0.0016,0.0008,0.5358,0.0034,0.3415,0.0142,0.0634,6.6885
07:39:23.576,924.09,E 60 s / 60 s,7.749,73.0,917504,4.92852,0.0033,0.3714,0.2501,0.4253,0.0002,0.0002,0.5654,0.0,0.5416,0.0047,0.061,5.5258
07:39:25.580,926.09,E 60 s / 60 s,9.2761,74.1,917504,4.90976,0.0031,0.3495,0.346,0.3966,0.0012,0.0008,0.5261,0.0034,0.1913,0.005,0.0605,7.3926
07:39:27.575,928.09,E 60 s / 60 s,8.9196,74.7,917504,4.88698,0.0035,0.3219,0.2846,0.4052,0.0004,0.0008,0.5197,0.0,0.3252,0.0216,0.0623,6.9743
07:39:29.575,930.09,E 60 s / 60 s,9.2414,73.6,917504,5.01696,0.0031,0.3902,0.3567,0.3966,0.0004,0.0004,0.5164,0.0,0.1995,0.0047,0.0604,7.3131
07:39:31.575,932.09,E 60 s / 60 s,6.9128,74.7,917504,4.89368,0.0035,0.4255,0.25,0.4341,0.0004,0.0004,0.5391,0.0034,0.4461,0.0103,0.0649,4.7352
07:39:33.575,934.09,E 60 s / 60 s,9.9769,76.8,917504,4.86956,0.0031,0.3607,0.2227,0.4279,0.0016,0.0002,0.5849,0.0172,0.2845,0.0071,0.0604,8.0067
07:39:35.575,936.09,E 60 s / 60 s,9.9087,77.4,917504,5.00088,0.0033,0.3176,0.2486,0.4118,0.0012,0.0004,0.5038,0.0,0.0917,0.0018,0.0669,8.2615
07:39:37.676,938.09,E 60 s / 60 s,10.1632,77.4,917504,4.8642,0.003,0.3944,0.3522,0.4041,0.0008,0.0004,0.4994,0.0137,0.1932,0.0068,0.0621,8.233
07:39:39.576,940.09,E 60 s / 60 s,7.2065,76.8,917504,4.9111,0.0033,0.3818,0.252,0.415,0.0004,0.0004,0.5151,0.0034,0.2667,0.0012,0.0634,5.3039
07:39:41.580,942.09,E 60 s / 60 s,9.5682,77.4,917504,4.98078,0.0034,0.4646,0.2472,0.4199,0.0016,0.0004,0.5574,0.0276,0.2323,0.0154,0.0639,7.5344
07:39:43.579,944.09,E 60 s / 60 s,10.3913,80.1,917504,4.9312,0.0039,0.3457,0.3535,0.3986,0.0008,0.0004,0.5164,0.0,0.3375,0.0038,0.0623,8.3683
07:39:45.579,946.09,E 60 s / 60 s,10.5125,79.0,917504,4.8977,0.003,0.3914,0.3529,0.418,0.0008,0.0008,0.5317,0.0,0.4827,0.0056,0.0612,8.2645
07:39:47.579,948.09,E 60 s / 60 s,10.1794,79.6,917504,4.9312,0.0027,0.3946,0.3538,0.4111,0.0016,0.0008,0.5943,0.0,0.251,0.0071,0.0637,8.0985
07:39:49.580,950.09,E 60 s / 60 s,6.5198,79.0,917504,4.88832,0.0028,0.4475,0.2525,0.4405,0.0012,0.0,0.5943,0.0309,0.4741,0.0101,0.0639,4.2021
07:39:51.581,952.09,E 60 s / 60 s,4.9642,77.4,917504,4.99418,0.0028,0.3625,0.2227,0.3995,0.0008,0.0002,0.5284,0.0069,0.252,0.0118,0.0671,3.1095
07:39:53.579,954.09,E 60 s / 60 s,10.0048,79.6,917504,4.94058,0.003,0.3225,0.3507,0.4197,0.0008,0.0,0.5415,0.0034,0.2709,0.0053,0.0626,8.0244
07:39:55.579,956.09,E 60 s / 60 s,10.192,80.1,917504,4.87626,0.0033,0.3692,0.2812,0.4336,0.0022,0.0002,0.5358,0.0238,0.5101,0.0,0.0634,7.9692
07:39:57.581,958.09,E 60 s / 60 s,6.4583,79.6,917504,4.9245,0.0033,0.3917,0.2479,0.4362,0.0016,0.0,0.5139,0.0206,0.4739,0.0092,0.0624,4.2977
07:39:59.579,960.09,E 60 s / 60 s,10.2126,81.2,917504,4.8776,0.0031,0.4322,0.3499,0.4185,0.0008,0.0002,0.6122,0.0,0.3401,0.008,0.0645,7.9831
07:40:01.579,962.09,E 60 s / 60 s,7.4995,80.1,917504,4.86554,0.0031,0.3973,0.249,0.4557,0.0016,0.0004,0.5191,0.0137,0.4584,0.0085,0.0615,5.3313
07:40:03.580,964.09,E 60 s / 60 s,6.5501,80.7,917504,4.96738,0.0029,0.4155,0.2515,0.4282,0.0004,0.0002,0.5886,0.0,0.4954,0.0,0.0637,4.3036
07:40:05.584,966.09,E 60 s / 60 s,7.0928,80.7,917504,4.90976,0.0032,0.3946,0.3523,0.4326,0.0008,0.0008,0.5261,0.0069,0.4771,0.0107,0.0592,4.8285
07:40:07.579,968.09,E 60 s / 60 s,10.3327,81.2,917504,4.94326,0.0032,0.3496,0.2835,0.4221,0.0018,0.0002,0.5166,0.0034,0.3225,0.0041,0.0624,8.3633
07:40:09.580,970.09,E 60 s / 60 s,10.2478,81.2,917504,4.86688,0.0027,0.393,0.3523,0.4322,0.0024,0.0,0.5157,0.0,0.4032,0.0085,0.0622,8.0756
07:40:11.579,972.09,E 60 s / 60 s,9.652,81.8,917504,4.8642,0.0033,0.337,0.2317,0.4586,0.0006,0.0002,0.543,0.0173,0.4809,0.0124,0.0621,7.5049
07:40:13.580,974.09,E 60 s / 60 s,7.1468,82.9,917504,4.87626,0.0034,0.3937,0.2221,0.4388,0.0008,0.0004,0.5376,0.0136,0.4435,0.0103,0.0599,5.0227
07:40:15.576,976.09,E 60 s / 60 s,3.5446,71.9,917504,5.09602,0.0033,0.3221,0.2522,0.3936,0.0006,0.0002,0.5874,0.0,0.0605,0.0,0.068,1.8565
07:40:17.577,978.09,E 60 s / 60 s,2.7343,68.6,917504,5.1322,0.0031,0.3738,0.2888,0.3685,0.0012,0.0002,0.5472,0.0,0.0292,0.0,0.0677,1.0547
07:40:19.577,980.09,E 60 s / 60 s,2.7988,65.9,917504,5.12148,0.0027,0.3735,0.352,0.3637,0.0012,0.0002,0.5167,0.0,0.108,0.0,0.0652,1.0157
07:40:21.577,982.09,E 60 s / 60 s,2.4677,63.7,917504,5.12818,0.0027,0.2834,0.2275,0.3654,0.0016,0.0004,0.5231,0.0,0.0303,0.0,0.0682,0.965
07:40:23.577,984.09,E 60 s / 60 s,2.5321,63.7,917504,5.12818,0.0035,0.3119,0.2358,0.3644,0.0032,0.0004,0.5681,0.0,0.0377,0.0,0.0685,0.9386
07:40:25.581,986.09,E 60 s / 60 s,2.6698,62.0,917504,5.13354,0.003,0.362,0.3574,0.3654,0.0016,0.0004,0.5287,0.007,0.0378,0.0,0.0679,0.9386
07:40:27.577,988.09,E 60 s / 60 s,2.45,60.9,917504,5.13756,0.0028,0.2786,0.252,0.3573,0.0012,0.0004,0.5201,0.0,0.0574,0.0,0.0729,0.9071
07:40:29.577,990.09,E 60 s / 60 s,2.6124,60.4,917504,5.1322,0.0028,0.3614,0.2876,0.3608,0.0008,0.0002,0.5852,0.0,0.0357,0.0,0.0716,0.9064
07:40:31.577,992.09,E 60 s / 60 s,2.4519,60.4,917504,5.13354,0.0031,0.2761,0.2858,0.369,0.0016,0.0004,0.5188,0.0035,0.0303,0.0,0.0691,0.8943
07:40:33.577,994.09,E 60 s / 60 s,2.5286,59.8,917504,5.13354,0.0026,0.3008,0.3537,0.3688,0.0002,0.0,0.5067,0.0,0.0346,0.0,0.0673,0.8939
07:40:35.577,996.09,E 60 s / 60 s,2.4367,59.8,917504,5.14024,0.0027,0.3009,0.2247,0.3724,0.0002,0.0004,0.5358,0.0212,0.0335,0.0,0.0647,0.8804
07:40:37.577,998.09,E 60 s / 60 s,2.4452,58.7,917504,5.1389,0.0032,0.301,0.2367,0.365,0.0016,0.0,0.5683,0.0035,0.0227,0.0,0.0691,0.874
07:40:39.578,1000.09,E 60 s / 60 s,2.5119,59.3,917504,5.13354,0.0026,0.3015,0.3489,0.3599,0.0018,0.0004,0.5164,0.0,0.0391,0.0,0.0666,0.8746
07:40:41.578,1002.09,E 60 s / 60 s,2.4566,58.7,917504,5.1322,0.0033,0.3006,0.2355,0.3707,0.0004,0.0,0.5799,0.0035,0.0346,0.0,0.0667,0.8614
07:40:43.578,1004.09,E 60 s / 60 s,2.522,56.5,917504,5.12416,0.0027,0.3019,0.3547,0.3653,0.0016,0.0004,0.5197,0.0,0.0303,0.0,0.0704,0.875
07:40:45.578,1006.09,E 60 s / 60 s,2.4206,57.1,917504,5.14024,0.0029,0.2893,0.287,0.369,0.0008,0.0004,0.5093,0.0035,0.0281,0.0,0.0686,0.8618
07:40:47.578,1008.09,E 60 s / 60 s,2.5026,57.1,917504,5.14024,0.0028,0.3521,0.2892,0.3637,0.0012,0.0004,0.5383,0.0,0.0227,0.0,0.0705,0.8618
07:40:49.578,1010.09,E 60 s / 60 s,2.4734,57.1,917504,5.13622,0.003,0.2828,0.3547,0.3613,0.0008,0.0004,0.5066,0.0,0.0395,0.0,0.0679,0.8563
07:40:51.582,1012.09,E 60 s / 60 s,2.4024,57.6,917504,5.1389,0.0027,0.3012,0.2254,0.3619,0.0016,0.0,0.5459,0.0177,0.0281,0.0,0.068,0.8499
07:40:53.578,1014.09,E 60 s / 60 s,2.5586,56.5,917504,5.14158,0.0026,0.3536,0.2874,0.3667,0.0006,0.0004,0.6058,0.0,0.0259,0.0,0.073,0.8425
07:40:55.578,1016.09,E 60 s / 60 s,2.3561,56.0,917504,5.13488,0.0031,0.2776,0.2522,0.3609,0.0006,0.0,0.5197,0.0,0.0205,0.0,0.0716,0.8499
07:40:57.578,1018.09,E 60 s / 60 s,2.3957,56.5,917504,5.1389,0.0031,0.3036,0.2238,0.3671,0.0006,0.0004,0.5377,0.0142,0.0292,0.0,0.0729,0.8431
07:40:59.578,1020.09,E 60 s / 60 s,2.5048,56.5,917504,5.1389,0.0032,0.3036,0.3384,0.376,0.0016,0.0,0.5381,0.0,0.0281,0.0,0.0668,0.8489
07:41:01.578,1022.09,E 60 s / 60 s,2.5104,56.0,917504,5.13488,0.0032,0.3046,0.3817,0.3667,0.0008,0.0004,0.5174,0.0,0.0216,0.0,0.0705,0.8434
07:41:03.578,1024.09,E 60 s / 60 s,2.407,56.5,917504,5.13354,0.0033,0.3021,0.2289,0.367,0.0032,0.0004,0.5616,0.0035,0.0336,0.0,0.068,0.8354
07:41:05.578,1026.09,E 60 s / 60 s,2.527,56.0,917504,5.12818,0.0031,0.3038,0.3589,0.3614,0.0004,0.0004,0.543,0.0035,0.0401,0.0,0.0692,0.8431
07:41:07.579,1028.09,E 60 s / 60 s,2.478,55.4,917504,5.14292,0.0027,0.3025,0.2486,0.3619,0.0016,0.0002,0.6253,0.0106,0.0302,0.0,0.0648,0.8296
07:41:09.579,1030.09,E 60 s / 60 s,2.5221,55.4,917504,5.1389,0.0027,0.3734,0.3229,0.369,0.0016,0.0002,0.5123,0.0035,0.0282,0.0,0.0661,0.8422
07:41:11.579,1032.09,E 60 s / 60 s,2.3788,56.0,917504,5.13488,0.0031,0.281,0.2867,0.3654,0.0016,0.0002,0.5125,0.0,0.0271,0.0,0.0716,0.8296
07:41:13.579,1034.09,E 60 s / 60 s,2.4375,55.4,917504,5.14292,0.003,0.3057,0.2357,0.3703,0.0008,0.0002,0.5976,0.0,0.027,0.0,0.0673,0.8299
07:41:15.579,1036.09,E 60 s / 60 s,2.4931,55.4,917504,5.13622,0.0031,0.3054,0.3422,0.3667,0.0032,0.0004,0.5391,0.0,0.0389,0.0,0.0706,0.8235
07:41:17.579,1038.09,E 60 s / 60 s,2.3763,54.3,917504,5.1322,0.0025,0.2804,0.2526,0.3637,0.0016,0.0,0.5134,0.0107,0.0571,0.0,0.0711,0.8232
07:41:19.585,1040.09,E 60 s / 60 s,5.5394,61.5,917504,4.92986,0.0026,0.3992,0.3354,0.4076,0.0016,0.0008,0.5096,0.0,0.2047,0.0068,0.0647,3.6064
07:41:21.583,1042.09,E 60 s / 60 s,7.7062,65.3,917504,4.93522,0.0028,0.4505,0.3403,0.4199,0.0004,0.0002,0.5099,0.0,0.4581,0.0092,0.0648,5.45
07:41:23.583,1044.09,E 60 s / 60 s,9.6371,68.6,917504,4.88162,0.0032,0.3427,0.2497,0.4162,0.0018,0.0002,0.5455,0.0,0.224,0.0095,0.0648,7.7794
07:41:25.583,1046.09,E 60 s / 60 s,9.4538,71.9,917504,4.87626,0.0029,0.3511,0.2497,0.4114,0.0016,0.0002,0.523,0.0,0.5078,0.0,0.0623,7.3437
07:41:27.588,1048.1,E 60 s / 60 s,9.4354,73.0,917504,4.91244,0.0035,0.3495,0.2497,0.4076,0.0004,0.0004,0.5067,0.0,0.3358,0.0,0.065,7.5167
07:41:29.587,1050.1,E 60 s / 60 s,9.462,73.6,917504,4.95666,0.0032,0.3487,0.2381,0.4072,0.0012,0.0008,0.5423,0.0,0.3379,0.0015,0.0656,7.5155
07:41:31.587,1052.1,E 60 s / 60 s,8.7316,74.1,917504,4.90708,0.0028,0.3973,0.3384,0.4322,0.0008,0.0004,0.5931,0.0,0.4733,0.0119,0.0638,6.4177
07:41:33.587,1054.1,E 60 s / 60 s,10.0946,76.3,917504,4.86956,0.0031,0.447,0.2243,0.4037,0.0006,0.0002,0.5751,0.0,0.3019,0.0062,0.0647,8.0678
07:41:35.587,1056.1,E 60 s / 60 s,10.2326,76.8,917504,4.9312,0.003,0.3215,0.3534,0.4181,0.0002,0.0004,0.5199,0.0,0.1283,0.0059,0.0622,8.4197
07:41:37.587,1058.1,E 60 s / 60 s,8.101,76.8,917504,4.90976,0.0031,0.397,0.223,0.4007,0.0016,0.0002,0.5422,0.0069,0.2057,0.0015,0.0631,6.256
07:41:39.588,1060.1,E 60 s / 60 s,10.1475,78.5,917504,4.88296,0.0032,0.3952,0.3533,0.4123,0.0032,0.0008,0.5034,0.0,0.3343,0.0124,0.0613,8.068
07:41:41.591,1062.1,E 60 s / 60 s,10.5635,77.4,917504,4.8776,0.0033,0.4463,0.387,0.4345,0.0004,0.0002,0.5004,0.0171,0.2008,0.0003,0.062,8.5111
07:41:43.587,1064.1,E 60 s / 60 s,6.7449,77.4,917504,4.86554,0.0031,0.369,0.2824,0.4073,0.0004,0.0002,0.5261,0.0034,0.3221,0.0051,0.0643,4.7614
07:41:45.587,1066.1,E 60 s / 60 s,7.9706,79.0,917504,4.95532,0.0031,0.4064,0.2327,0.4181,0.0008,0.0004,0.5231,0.0069,0.4065,0.0172,0.0632,5.8921
07:41:47.591,1068.1,E 60 s / 60 s,9.9702,80.1,917504,4.88162,0.0029,0.3567,0.2497,0.4052,0.0,0.0004,0.5021,0.0,0.1471,0.0053,0.0621,8.2386
07:41:49.592,1070.1,E 60 s / 60 s,9.4849,77.9,917504,4.94996,0.0032,0.4435,0.3437,0.4111,0.0008,0.0002,0.5261,0.0068,0.2333,0.0148,0.0636,7.4378
07:41:51.595,1072.1,E 60 s / 60 s,7.5104,79.6,917504,4.85482,0.003,0.3945,0.2206,0.3985,0.0012,0.0002,0.543,0.0,0.2086,0.003,0.0607,5.6771
07:41:53.592,1074.1,E 60 s / 60 s,8.4428,79.0,917504,4.86688,0.0031,0.4435,0.3536,0.4287,0.0012,0.0002,0.5447,0.0,0.4172,0.0095,0.0603,6.1808
07:41:55.591,1076.1,E 60 s / 60 s,10.0561,79.6,917504,4.86286,0.0033,0.3949,0.2252,0.446,0.0006,0.0002,0.5358,0.0034,0.3035,0.0133,0.0644,8.0654
07:41:57.595,1078.1,E 60 s / 60 s,6.5523,79.6,917504,4.90976,0.0035,0.3438,0.2478,0.4108,0.0018,0.0008,0.617,0.0,0.2335,0.0,0.0655,4.6277
07:41:59.592,1080.1,E 60 s / 60 s,10.2484,80.1,917504,4.93522,0.0031,0.3945,0.2483,0.4108,0.0012,0.0004,0.5943,0.0104,0.3372,0.0115,0.0669,8.1698
07:42:01.592,1082.1,E 60 s / 60 s,10.4777,79.0,917504,5.00222,0.0031,0.3434,0.2302,0.409,0.0004,0.0002,0.5846,0.0,0.4897,0.0,0.0666,8.3506
07:42:03.591,1084.1,E 60 s / 60 s,8.5577,80.7,917504,4.99954,0.0029,0.3067,0.2317,0.4226,0.0004,0.0002,0.5358,0.0204,0.182,0.0065,0.0645,6.784
07:42:05.591,1086.1,E 60 s / 60 s,9.8162,80.1,917504,5.0585,0.0029,0.3806,0.2498,0.4179,0.0012,0.0004,0.521,0.0,0.3397,0.008,0.0636,7.8311
07:42:07.595,1088.1,E 60 s / 60 s,9.8168,81.8,917504,4.88832,0.0029,0.3551,0.3178,0.4223,0.0016,0.0004,0.517,0.0,0.339,0.0127,0.0624,7.7856
07:42:09.591,1090.1,E 60 s / 60 s,3.5821,73.6,917504,5.09334,0.0032,0.297,0.3476,0.3932,0.0012,0.0002,0.5423,0.0,0.0595,0.0,0.0673,1.8707
07:42:11.591,1092.1,E 60 s / 60 s,3.3393,70.8,917504,5.0719,0.003,0.2974,0.2253,0.383,0.0012,0.0002,0.5639,0.0,0.0326,0.0,0.0668,1.766
07:42:13.600,1094.11,E 60 s / 60 s,8.5705,69.2,917504,5.00624,0.0034,0.4466,0.2886,0.4124,0.0016,0.0002,0.5786,0.0,0.3962,0.0103,0.0668,6.3658
07:42:15.601,1096.11,E 60 s / 60 s,9.9399,76.3,917504,4.95398,0.0034,0.3918,0.2486,0.4252,0.0016,0.0002,0.5913,0.0138,0.1301,0.0059,0.0654,8.0628
07:42:17.603,1098.11,E 60 s / 60 s,7.161,77.4,917504,5.024999,0.0031,0.4459,0.2851,0.4131,0.0016,0.0008,0.6155,0.017,0.2674,0.0106,0.0644,5.0364
07:42:19.599,1100.11,E 60 s / 60 s,3.5464,72.5,917504,5.0987,0.0034,0.2953,0.3211,0.3928,0.0018,0.0002,0.5462,0.0,0.0552,0.0,0.0674,1.863
07:42:21.599,1102.11,E 60 s / 60 s,3.3451,68.1,917504,5.11344,0.0029,0.2979,0.2257,0.3773,0.0008,0.0004,0.596,0.0,0.0345,0.0,0.0676,1.7419
07:42:23.599,1104.11,E 60 s / 60 s,3.3622,66.4,917504,5.11344,0.0035,0.2971,0.3384,0.3755,0.0012,0.0002,0.5368,0.0035,0.0422,0.0,0.0676,1.6961
07:42:25.599,1106.11,E 60 s / 60 s,2.6224,64.2,917504,5.13622,0.0031,0.2975,0.2522,0.3706,0.0032,0.0004,0.5358,0.007,0.0345,0.0,0.0641,1.0539
07:42:27.700,1108.11,E 60 s / 60 s,2.4845,62.6,917504,5.10138,0.0034,0.2996,0.2368,0.3647,0.0018,0.0004,0.539,0.0,0.0248,0.0,0.069,0.945
07:42:29.599,1110.11,E 60 s / 60 s,2.4201,62.6,917504,5.1389,0.0037,0.2851,0.2227,0.362,0.0004,0.0004,0.526,0.0,0.0151,0.0,0.0728,0.9318
07:42:31.600,1112.11,E 60 s / 60 s,2.5126,60.9,917504,5.1322,0.0034,0.2993,0.235,0.3681,0.0032,0.0004,0.5874,0.007,0.0304,0.0,0.0647,0.9136
07:42:33.600,1114.11,E 60 s / 60 s,2.6286,59.8,917504,5.12818,0.0029,0.3006,0.3558,0.3733,0.0002,0.0004,0.5876,0.0035,0.0411,0.0,0.0686,0.8946
07:42:35.600,1116.11,E 60 s / 60 s,2.4612,59.3,917504,5.13622,0.0031,0.2779,0.234,0.3652,0.0018,0.0,0.5897,0.0035,0.0237,0.0,0.0683,0.8939
07:42:37.600,1118.11,E 60 s / 60 s,2.466,58.7,917504,5.13622,0.0031,0.3007,0.2273,0.3617,0.0018,0.0004,0.5777,0.0,0.0381,0.0,0.0679,0.8872
07:42:39.600,1120.11,E 60 s / 60 s,2.4356,59.3,917504,5.14024,0.0034,0.282,0.287,0.3582,0.0016,0.0004,0.5157,0.0,0.0434,0.0,0.0689,0.875
07:42:41.600,1122.11,E 60 s / 60 s,2.3779,58.2,917504,5.14292,0.0035,0.2817,0.222,0.3661,0.0006,0.0,0.5362,0.0035,0.0313,0.0,0.0647,0.8682
07:42:43.600,1124.11,E 60 s / 60 s,2.5252,58.2,917504,5.12818,0.0031,0.2893,0.3537,0.3685,0.0008,0.0002,0.5034,0.0,0.0584,0.0,0.0729,0.875
07:42:45.600,1126.11,E 60 s / 60 s,2.3825,57.6,917504,5.13354,0.0026,0.2785,0.2233,0.3598,0.0008,0.0004,0.5264,0.0,0.0527,0.0,0.0698,0.8682
07:42:47.600,1128.11,E 60 s / 60 s,2.5225,57.6,917504,5.14024,0.0026,0.351,0.2526,0.3565,0.0018,0.0,0.58,0.0141,0.0292,0.0,0.0667,0.8679
07:42:49.600,1130.11,E 60 s / 60 s,2.5143,57.6,917504,5.12282,0.0032,0.3014,0.3526,0.3725,0.0016,0.0002,0.5199,0.0,0.0335,0.0,0.0674,0.8621
07:42:51.600,1132.11,E 60 s / 60 s,2.3464,57.6,917504,5.13354,0.0033,0.2776,0.2361,0.3697,0.0018,0.0004,0.5133,0.0,0.0162,0.0,0.0716,0.8563
07:42:53.604,1134.11,E 60 s / 60 s,2.6037,57.1,917504,5.13354,0.0033,0.3648,0.3578,0.3635,0.0004,0.0002,0.5359,0.0,0.0357,0.0,0.0674,0.8746
07:42:55.600,1136.11,E 60 s / 60 s,2.4186,57.1,917504,5.12818,0.003,0.288,0.2851,0.3688,0.0018,0.0,0.5125,0.0,0.0399,0.0,0.0705,0.8489
07:42:57.600,1138.11,E 60 s / 60 s,2.4112,56.0,917504,5.1389,0.0034,0.3033,0.2275,0.3679,0.0032,0.0,0.5362,0.0106,0.0368,0.0,0.066,0.8563
07:42:59.601,1140.11,E 60 s / 60 s,2.4833,56.0,917504,5.14158,0.0032,0.3022,0.3542,0.3667,0.0004,0.0002,0.5079,0.0,0.0183,0.0,0.0674,0.8627
07:43:01.601,1142.11,E 60 s / 60 s,2.3852,56.0,917504,5.14292,0.0023,0.2804,0.2859,0.3575,0.0032,0.0,0.5093,0.0035,0.0293,0.0,0.0716,0.8422
07:43:03.601,1144.11,E 60 s / 60 s,2.5072,56.0,917504,5.1322,0.0027,0.3526,0.2876,0.3671,0.0006,0.0,0.5345,0.0,0.0443,0.0,0.0692,0.8486
07:43:05.601,1146.11,E 60 s / 60 s,2.4848,57.1,917504,5.1255,0.0027,0.3503,0.2915,0.3672,0.0008,0.0002,0.5394,0.0,0.0248,0.0,0.0655,0.8425
07:43:07.601,1148.11,E 60 s / 60 s,2.3315,55.4,917504,5.1456,0.0027,0.2788,0.2349,0.369,0.0008,0.0004,0.5199,0.0035,0.0183,0.0,0.0735,0.8296
07:43:09.601,1150.11,E 60 s / 60 s,2.4053,56.0,917504,5.14694,0.0026,0.3028,0.2227,0.3615,0.0006,0.0004,0.5719,0.0106,0.041,0.0,0.0685,0.8226
07:43:11.601,1152.11,E 60 s / 60 s,2.4281,55.4,917504,5.13488,0.0035,0.2796,0.3237,0.3648,0.0004,0.0002,0.5139,0.0,0.0346,0.0,0.0704,0.837
07:43:13.601,1154.11,E 60 s / 60 s,2.4186,55.4,917504,5.14024,0.0027,0.2788,0.287,0.3688,0.0,0.0,0.5125,0.0,0.0205,0.0,0.073,0.8753
07:43:15.601,1156.11,E 60 s / 60 s,2.6165,54.9,917504,5.1389,0.0029,0.3651,0.2883,0.367,0.0,0.0,0.5349,0.0,0.0173,0.0,0.07,0.9711
07:43:17.601,1158.11,E 60 s / 60 s,2.3688,55.4,917504,5.13622,0.0029,0.2867,0.2864,0.367,0.0002,0.0,0.51,0.0,0.0216,0.0,0.0705,0.8235
07:43:19.609,1160.11,E 60 s / 60 s,8.4809,62.0,917504,5.04778,0.0031,0.4012,0.3232,0.4088,0.0004,0.0,0.5118,0.0,0.2544,0.0009,0.0645,6.5124
07:43:21.603,1162.11,E 60 s / 60 s,6.8232,66.4,917504,5.024999,0.0028,0.3022,0.2221,0.4099,0.0004,0.0002,0.5304,0.0069,0.1981,0.0136,0.0664,5.0702
07:43:23.603,1164.11,E 60 s / 60 s,9.2546,70.3,917504,4.88698,0.003,0.339,0.2349,0.4153,0.0004,0.0002,0.5229,0.0104,0.1967,0.0059,0.0646,7.4614
07:43:25.610,1166.11,E 60 s / 60 s,10.1501,71.4,917504,4.97006,0.003,0.3238,0.2328,0.4255,0.0006,0.0008,0.5862,0.0035,0.469,0.0,0.0703,8.0346
07:43:27.607,1168.11,E 60 s / 60 s,8.7564,73.6,917504,4.88966,0.0028,0.3991,0.2242,0.3848,0.0016,0.0008,0.5395,0.0069,0.4054,0.0024,0.062,6.727
07:43:29.607,1170.11,E 60 s / 60 s,9.6202,73.0,917504,4.97408,0.0031,0.3492,0.3507,0.4294,0.0016,0.0002,0.5252,0.0,0.4688,0.0024,0.0664,7.4232
07:43:31.602,1172.11,E 60 s / 60 s,6.4157,74.1,917504,5.09602,0.0029,0.2975,0.2244,0.3725,0.0016,0.0002,0.5866,0.0105,0.0238,0.0,0.0657,4.8301
07:43:33.603,1174.11,E 60 s / 60 s,7.0857,75.7,917504,4.88162,0.0034,0.3191,0.2339,0.409,0.0034,0.0002,0.5171,0.0,0.2098,0.0018,0.0637,5.3242
07:43:35.604,1176.11,E 60 s / 60 s,8.5003,75.2,917504,4.90574,0.0028,0.384,0.2328,0.4107,0.0008,0.0,0.5651,0.0,0.3012,0.013,0.0682,6.5216
07:43:37.603,1178.11,E 60 s / 60 s,10.1346,76.3,917504,4.86822,0.0033,0.3449,0.2476,0.422,0.0,0.0002,0.5876,0.0034,0.2212,0.005,0.0658,8.2336
07:43:39.607,1180.12,E 60 s / 60 s,9.5983,76.8,917504,4.97274,0.0033,0.3954,0.25,0.4131,0.0016,0.0008,0.5907,0.0136,0.3373,0.0077,0.0641,7.5208
07:43:41.608,1182.12,E 60 s / 60 s,6.4684,76.8,917504,4.99418,0.0028,0.3973,0.2229,0.4322,0.0008,0.0004,0.5648,0.0,0.4432,0.0112,0.0611,4.3316
07:43:43.604,1184.12,E 60 s / 60 s,9.456,78.5,917504,4.88832,0.0032,0.3453,0.241,0.3968,0.0012,0.0002,0.5393,0.0,0.3674,0.0,0.0626,7.499
07:43:45.607,1186.12,E 60 s / 60 s,9.6836,79.0,917504,4.85482,0.003,0.2959,0.2259,0.4142,0.0008,0.0008,0.5358,0.0,0.304,0.015,0.0674,7.8207
07:43:47.607,1188.12,E 60 s / 60 s,10.5905,78.5,917504,4.98614,0.0033,0.3649,0.2233,0.4494,0.0032,0.0002,0.6011,0.0,0.4876,0.01,0.0638,8.3836
07:43:49.607,1190.12,E 60 s / 60 s,10.2174,78.5,917504,4.9982,0.0031,0.3682,0.3357,0.4161,0.0008,0.0002,0.5107,0.0138,0.2021,0.0056,0.0632,8.2978
07:43:51.610,1192.12,E 60 s / 60 s,5.3987,78.5,917504,4.97274,0.003,0.4474,0.3526,0.3854,0.0016,0.0004,0.5067,0.0,0.4725,0.0,0.066,3.163
07:43:53.611,1194.12,E 60 s / 60 s,10.4861,79.6,917504,4.8642,0.0031,0.3699,0.2486,0.4533,0.0008,0.0008,0.5132,0.0,0.4739,0.0106,0.0615,8.3504
07:43:55.611,1196.12,E 60 s / 60 s,10.146,79.6,917504,4.8776,0.0029,0.331,0.318,0.4172,0.0004,0.0002,0.51,0.0068,0.3374,0.005,0.0626,8.1545
07:43:57.611,1198.12,E 60 s / 60 s,7.023,78.5,917504,4.90976,0.0032,0.3958,0.3892,0.4402,0.0008,0.0002,0.5134,0.0,0.4798,0.0095,0.065,4.726
07:43:59.611,1200.12,E 60 s / 60 s,10.0077,79.6,917504,4.8642,0.0032,0.3437,0.4027,0.4103,0.0012,0.0004,0.5789,0.0068,0.2356,0.0083,0.0632,7.9533
07:44:01.611,1202.12,E 60 s / 60 s,10.246,80.7,917504,4.9044,0.0032,0.3418,0.3178,0.4427,0.0004,0.0002,0.5099,0.0,0.5126,0.0021,0.0631,8.0522
07:44:03.611,1204.12,E 60 s / 60 s,7.6131,79.0,917504,4.96336,0.0031,0.4198,0.2307,0.4223,0.0016,0.0008,0.5794,0.0,0.2674,0.0101,0.0659,5.612
07:44:05.611,1206.12,E 60 s / 60 s,9.691,80.1,917504,4.92986,0.0036,0.3413,0.2338,0.439,0.0008,0.0008,0.5415,0.0271,0.306,0.0059,0.0642,7.7269
07:44:07.615,1208.12,E 60 s / 60 s,7.8612,81.2,917504,5.00892,0.0032,0.3767,0.2237,0.4188,0.0008,0.0002,0.5422,0.0,0.4431,0.0077,0.0616,5.7832
07:44:09.615,1210.12,E 60 s / 60 s,10.2311,82.3,917504,4.85616,0.0037,0.3476,0.2327,0.4197,0.0006,0.0008,0.581,0.0,0.4455,0.0,0.0633,8.1363
07:44:11.611,1212.12,E 60 s / 60 s,3.653,74.1,917504,5.08396,0.0037,0.3705,0.2859,0.3901,0.0006,0.0002,0.5358,0.0,0.0584,0.0,0.0679,1.94
07:44:13.611,1214.12,E 60 s / 60 s,3.5223,70.3,917504,5.1054,0.0033,0.3722,0.3459,0.3794,0.0006,0.0008,0.5358,0.0035,0.0217,0.0,0.0642,1.7949
07:44:15.611,1216.12,E 60 s / 60 s,2.5632,67.0,917504,5.13488,0.0026,0.2858,0.2343,0.3685,0.0008,0.0002,0.5367,0.0035,0.0325,0.0,0.0697,1.0286
07:44:17.619,1218.13,E 60 s / 60 s,10.1471,75.2,917504,4.8709,0.0032,0.4394,0.3188,0.4284,0.0012,0.0002,0.524,0.0,0.4096,0.0095,0.0645,7.9484
07:44:19.615,1220.13,E 60 s / 60 s,3.4434,70.8,917504,5.09602,0.0028,0.2846,0.286,0.3826,0.0008,0.0002,0.5156,0.0,0.0584,0.0,0.0648,1.8477
07:44:21.615,1222.13,E 60 s / 60 s,3.3481,67.5,917504,5.10138,0.0031,0.2996,0.2571,0.3738,0.0012,0.0002,0.5976,0.0,0.027,0.0,0.0694,1.719
07:44:23.615,1224.13,E 60 s / 60 s,3.3832,65.9,917504,5.10808,0.0027,0.2991,0.3806,0.3807,0.0014,0.0002,0.5406,0.0,0.0324,0.0,0.0656,1.6798
07:44:25.615,1226.13,E 60 s / 60 s,3.2104,64.2,917504,5.11076,0.0027,0.2994,0.2338,0.3742,0.0008,0.0002,0.5459,0.0035,0.0346,0.0,0.0701,1.6452
07:44:27.615,1228.13,E 60 s / 60 s,2.6787,63.1,917504,5.13354,0.0031,0.301,0.2388,0.3635,0.0006,0.0004,0.5966,0.0106,0.0389,0.0,0.0653,1.0599
07:44:29.615,1230.13,E 60 s / 60 s,2.6124,60.9,917504,5.13086,0.0026,0.301,0.3574,0.3613,0.001,0.0004,0.5294,0.0,0.0564,0.0,0.0635,0.9393
07:44:31.615,1232.13,E 60 s / 60 s,2.4179,60.4,917504,5.13488,0.0026,0.2771,0.2262,0.3645,0.0016,0.0002,0.5123,0.0035,0.0554,0.0,0.0672,0.9071
07:44:33.620,1234.13,E 60 s / 60 s,2.4995,60.4,917504,5.13354,0.0034,0.3006,0.2335,0.365,0.0004,0.0002,0.5813,0.0071,0.0379,0.0,0.0697,0.9004
07:44:35.616,1236.13,E 60 s / 60 s,2.5888,59.3,917504,5.1456,0.0029,0.3022,0.3526,0.3947,0.0004,0.0004,0.5174,0.0177,0.04,0.0,0.0729,0.8875
07:44:37.616,1238.13,E 60 s / 60 s,2.5858,59.8,917504,5.14024,0.0027,0.3004,0.3576,0.3635,0.0018,0.0004,0.5713,0.0035,0.0313,0.0,0.0648,0.8885
07:44:39.616,1240.13,E 60 s / 60 s,2.636,57.6,917504,5.1322,0.0031,0.3629,0.3913,0.3609,0.0018,0.0004,0.5326,0.0,0.0335,0.0,0.0673,0.882
07:44:41.616,1242.13,E 60 s / 60 s,2.3938,58.7,917504,5.13354,0.0031,0.2782,0.2531,0.375,0.0032,0.0,0.511,0.0071,0.0227,0.0,0.0664,0.874
07:44:43.616,1244.13,E 60 s / 60 s,2.4,58.7,917504,5.14694,0.0031,0.3011,0.2214,0.3643,0.0004,0.0002,0.5406,0.0071,0.0314,0.0,0.0685,0.8618
07:44:45.616,1246.13,E 60 s / 60 s,2.4942,57.6,917504,5.12282,0.0028,0.3043,0.3398,0.3654,0.0016,0.0,0.5199,0.0,0.0304,0.0,0.068,0.8618
07:44:47.616,1248.13,E 60 s / 60 s,2.3723,57.6,917504,5.1389,0.0029,0.2787,0.2204,0.3614,0.002,0.0002,0.5367,0.0142,0.0313,0.0,0.0691,0.8553
07:44:49.616,1250.13,E 60 s / 60 s,2.5298,57.1,917504,5.12148,0.0029,0.3639,0.287,0.365,0.0006,0.0004,0.5388,0.0,0.0324,0.0,0.0699,0.8688
07:44:51.616,1252.13,E 60 s / 60 s,2.4021,57.6,917504,5.1322,0.0028,0.2818,0.2353,0.369,0.0006,0.0004,0.5388,0.0035,0.039,0.0,0.0692,0.8618
07:44:53.721,1254.13,E 60 s / 60 s,2.5275,57.1,917504,5.1322,0.0028,0.3027,0.3577,0.3667,0.0006,0.0004,0.5367,0.0035,0.0205,0.0,0.0731,0.8627
07:44:55.616,1256.13,E 60 s / 60 s,2.4986,56.5,917504,5.13488,0.0031,0.3038,0.3252,0.3653,0.0032,0.0004,0.539,0.0,0.0292,0.0,0.068,0.8614
07:44:57.721,1258.13,E 60 s / 60 s,2.5205,56.5,917504,5.14024,0.0034,0.3553,0.2544,0.3592,0.0032,0.0002,0.6003,0.0,0.0282,0.0,0.0674,0.8489
07:44:59.617,1260.13,E 60 s / 60 s,2.4009,56.5,917504,5.12818,0.0031,0.3027,0.2364,0.367,0.0002,0.0002,0.5604,0.0,0.0324,0.0,0.0679,0.8305
07:45:01.617,1262.13,E 60 s / 60 s,2.4639,55.4,917504,5.13488,0.0033,0.3042,0.3484,0.3706,0.0002,0.0,0.4938,0.0035,0.0205,0.0,0.0704,0.8489
07:45:03.617,1264.13,E 60 s / 60 s,2.3792,56.0,917504,5.13354,0.0027,0.2803,0.2361,0.3614,0.0008,0.0004,0.5621,0.0035,0.027,0.0,0.0691,0.8357
07:45:05.617,1266.13,E 60 s / 60 s,2.5145,56.0,917504,5.12282,0.0027,0.3738,0.324,0.3609,0.0032,0.0,0.51,0.0,0.0206,0.0,0.0704,0.8489
07:45:07.617,1268.13,E 60 s / 60 s,2.4739,54.9,917504,5.13488,0.0029,0.2783,0.3557,0.3725,0.0006,0.0004,0.5201,0.0035,0.0323,0.0,0.0705,0.837
07:45:09.617,1270.13,E 60 s / 60 s,2.3923,55.4,917504,5.14024,0.0028,0.2834,0.2359,0.3619,0.0008,0.0,0.5693,0.0142,0.0281,0.0,0.0729,0.8232
07:45:11.617,1272.13,E 60 s / 60 s,2.4647,55.4,917504,5.14024,0.0029,0.3038,0.3224,0.3697,0.0006,0.0004,0.5333,0.0,0.025,0.0,0.0705,0.836
07:45:13.617,1274.13,E 60 s / 60 s,2.4662,54.3,917504,5.1322,0.0033,0.2807,0.2886,0.3653,0.0002,0.0004,0.5876,0.0071,0.0401,0.0,0.0692,0.8238
07:45:15.617,1276.13,E 60 s / 60 s,2.4123,55.4,917504,5.14292,0.0029,0.3033,0.2225,0.367,0.0004,0.0,0.6093,0.0,0.026,0.0,0.0698,0.8109
07:45:17.617,1278.13,E 60 s / 60 s,2.4918,54.9,917504,5.14158,0.0028,0.3051,0.3421,0.3707,0.0016,0.0004,0.5329,0.0107,0.0237,0.0,0.0725,0.8293
07:45:19.626,1280.13,E 60 s / 60 s,6.4017,60.9,917504,4.95264,0.0027,0.3721,0.2515,0.432,0.0004,0.0002,0.501,0.0,0.457,0.0077,0.0627,4.3144
07:45:21.619,1282.13,E 60 s / 60 s,9.9992,67.5,917504,4.94192,0.0025,0.4756,0.2845,0.4217,0.0016,0.0002,0.5748,0.0,0.263,0.0036,0.0665,7.9052
07:45:23.619,1284.13,E 60 s / 60 s,8.175,69.2,917504,4.9044,0.003,0.3475,0.3509,0.4357,0.0012,0.0008,0.5233,0.0,0.2735,0.0056,0.062,6.1715
07:45:25.620,1286.13,E 60 s / 60 s,6.1624,71.4,917504,4.93388,0.0033,0.464,0.2831,0.3997,0.0016,0.0002,0.5286,0.0,0.2414,0.0036,0.0655,4.1715
07:45:27.623,1288.13,E 60 s / 60 s,7.0627,73.0,917504,4.93388,0.0034,0.4008,0.347,0.41,0.0016,0.0002,0.5563,0.0,0.1849,0.0029,0.0663,5.0892
07:45:29.624,1290.13,E 60 s / 60 s,8.7332,73.0,917504,4.96604,0.0031,0.4589,0.3535,0.461,0.0032,0.0002,0.5326,0.0,0.4719,0.0139,0.0643,6.3705
07:45:31.626,1292.13,E 60 s / 60 s,8.0752,75.2,917504,4.90976,0.003,0.323,0.224,0.3968,0.0004,0.0004,0.5619,0.0,0.1832,0.0128,0.0629,6.3068
07:45:33.619,1294.13,E 60 s / 60 s,10.0348,75.7,917504,4.87224,0.003,0.3952,0.2324,0.4355,0.0004,0.0008,0.6127,0.0035,0.1631,0.0009,0.0659,8.1214
07:45:35.619,1296.13,E 60 s / 60 s,9.9405,76.3,917504,4.88966,0.0029,0.4498,0.3186,0.3928,0.0012,0.0008,0.5171,0.0034,0.3349,0.0071,0.0638,7.848
07:45:37.624,1298.13,E 60 s / 60 s,9.8668,76.3,917504,5.0116,0.0028,0.2964,0.2276,0.3971,0.0012,0.0008,0.5722,0.0103,0.2669,0.011,0.0657,8.0148
07:45:39.620,1300.13,E 60 s / 60 s,9.7995,76.3,917504,4.99552,0.0032,0.3474,0.2227,0.4336,0.0008,0.0004,0.5618,0.0035,0.3354,0.0077,0.0617,7.8213
07:45:41.619,1302.13,E 60 s / 60 s,8.1432,78.5,917504,4.88832,0.0029,0.387,0.2182,0.406,0.0018,0.0004,0.5941,0.0034,0.1983,0.0024,0.0621,6.2666
07:45:43.623,1304.13,E 60 s / 60 s,10.1042,77.4,917504,4.88832,0.0035,0.3201,0.2225,0.4267,0.0008,0.0004,0.5524,0.0138,0.4956,0.0,0.0666,8.0018
07:45:45.623,1306.13,E 60 s / 60 s,7.5868,77.9,917504,4.8843,0.0031,0.3924,0.3442,0.4076,0.0016,0.0002,0.4972,0.0068,0.3225,0.01,0.0646,5.5366
07:45:47.623,1308.13,E 60 s / 60 s,8.6568,78.5,917504,4.87894,0.0027,0.3835,0.2842,0.4135,0.0016,0.0,0.51,0.0,0.4584,0.0127,0.062,6.5282
07:45:49.627,1310.13,E 60 s / 60 s,8.3901,78.5,917504,4.99686,0.003,0.3765,0.2323,0.4273,0.0016,0.0002,0.5939,0.0,0.2828,0.0154,0.0635,6.3935
07:45:51.623,1312.13,E 60 s / 60 s,8.7437,79.0,917504,4.88832,0.0031,0.3939,0.3536,0.431,0.001,0.0002,0.5086,0.0,0.1997,0.0009,0.0641,6.7878
07:45:53.627,1314.13,E 60 s / 60 s,10.1368,79.0,917504,4.87894,0.0033,0.3964,0.3566,0.4287,0.0016,0.0004,0.5055,0.0102,0.3548,0.0174,0.0624,7.9995
07:45:55.627,1316.13,E 60 s / 60 s,10.3337,79.0,917504,4.94996,0.0033,0.3923,0.3189,0.4273,0.0002,0.0002,0.4938,0.0,0.3887,0.0103,0.0624,8.2362
07:45:57.623,1318.13,E 60 s / 60 s,10.0884,79.0,917504,5.00624,0.003,0.3515,0.2314,0.4217,0.0006,0.0002,0.5686,0.0034,0.4042,0.0085,0.0629,8.0323
07:45:59.623,1320.13,E 60 s / 60 s,9.7438,80.1,917504,4.88832,0.0029,0.3861,0.282,0.4337,0.0008,0.0008,0.5368,0.0,0.5075,0.0109,0.0614,7.5208
07:46:01.624,1322.13,E 60 s / 60 s,9.9433,80.1,917504,4.86554,0.0031,0.3445,0.2256,0.4255,0.0016,0.0002,0.5422,0.0068,0.2382,0.0095,0.0631,8.0831
07:46:03.627,1324.13,E 60 s / 60 s,9.368,79.6,917504,4.95264,0.0028,0.3933,0.2488,0.4423,0.0004,0.0008,0.5388,0.0034,0.2044,0.008,0.0643,7.4608
07:46:05.623,1326.13,E 60 s / 60 s,10.3948,81.8,917504,4.86152,0.0035,0.3507,0.232,0.4322,0.0004,0.0008,0.5846,0.0,0.3387,0.0018,0.0632,8.3869
07:46:07.623,1328.13,E 60 s / 60 s,8.5521,80.1,917504,4.86822,0.0029,0.3931,0.3355,0.4206,0.0016,0.0008,0.5358,0.0034,0.2021,0.0059,0.0632,6.5872
07:46:09.627,1330.13,E 60 s / 60 s,5.6765,80.7,917504,4.94594,0.003,0.3768,0.3529,0.4524,0.0032,0.0008,0.5239,0.0275,0.5013,0.0109,0.0645,3.3593
07:46:11.623,1332.13,E 60 s / 60 s,10.1281,80.7,917504,4.8642,0.0034,0.2959,0.2847,0.4426,0.0012,0.0004,0.4978,0.0102,0.4386,0.0112,0.0615,8.0807
07:46:13.623,1334.13,E 60 s / 60 s,6.8986,81.8,917504,4.8642,0.0032,0.3699,0.2329,0.4198,0.0012,0.0002,0.5326,0.0068,0.2675,0.0059,0.0625,4.9962
07:46:15.623,1336.13,E 60 s / 60 s,7.6407,81.2,917504,4.98614,0.0035,0.3278,0.3897,0.432,0.0012,0.0008,0.5229,0.0068,0.4927,0.0127,0.0618,5.3888
07:46:17.630,1338.13,E 60 s / 60 s,9.4322,81.8,917504,4.88698,0.0031,0.3546,0.3509,0.4167,0.0018,0.0008,0.5242,0.0,0.2343,0.013,0.0659,7.4667
07:46:19.620,1340.13,E 60 s / 60 s,3.771,76.8,917504,5.08932,0.003,0.37,0.2859,0.3788,0.0016,0.0002,0.5883,0.0,0.0704,0.0,0.0647,2.0081
07:46:21.620,1342.13,E 60 s / 60 s,3.5874,70.8,917504,5.05582,0.003,0.3724,0.2522,0.3889,0.0004,0.0002,0.608,0.0,0.0605,0.0,0.0676,1.8342
07:46:23.620,1344.13,E 60 s / 60 s,3.3348,69.2,917504,5.10674,0.0029,0.2989,0.2216,0.386,0.0008,0.0004,0.5423,0.0,0.066,0.0,0.0669,1.749
07:46:25.621,1346.13,E 60 s / 60 s,2.5319,65.9,917504,5.13488,0.0031,0.2826,0.252,0.3679,0.0016,0.0004,0.5235,0.0035,0.0249,0.0,0.0684,1.004
07:46:27.621,1348.13,E 60 s / 60 s,2.524,64.2,917504,5.12684,0.0031,0.2993,0.2269,0.369,0.0016,0.0002,0.5607,0.0,0.027,0.0,0.0652,0.9711
07:46:29.621,1350.13,E 60 s / 60 s,2.536,63.1,917504,5.12416,0.003,0.2989,0.2849,0.3652,0.0018,0.0002,0.5125,0.007,0.0357,0.0,0.0678,0.959
07:46:31.621,1352.13,E 60 s / 60 s,2.4565,61.5,917504,5.13354,0.0031,0.2996,0.2214,0.3637,0.0008,0.0002,0.5326,0.0106,0.0345,0.0,0.0647,0.9254
07:46:33.621,1354.13,E 60 s / 60 s,2.5811,60.9,917504,5.1255,0.0027,0.3008,0.3533,0.365,0.0008,0.0,0.5332,0.0,0.0433,0.0,0.0678,0.9142
07:46:35.621,1356.13,E 60 s / 60 s,2.4262,60.4,917504,5.13488,0.0026,0.281,0.2529,0.367,0.0016,0.0004,0.5132,0.0035,0.027,0.0,0.0691,0.9078
07:46:37.621,1358.13,E 60 s / 60 s,2.9889,59.3,917504,5.13622,0.0033,0.3517,0.2538,0.3679,0.0012,0.0002,0.543,0.0,0.0337,0.0,0.0653,1.3688
07:46:39.621,1360.13,E 60 s / 60 s,2.5475,58.7,917504,5.1255,0.0032,0.3006,0.3374,0.3667,0.0004,0.0004,0.5423,0.0035,0.0335,0.0,0.0648,0.8946
07:46:41.621,1362.13,E 60 s / 60 s,2.4338,59.3,917504,5.13354,0.0031,0.302,0.222,0.3626,0.0006,0.0004,0.5365,0.0212,0.0291,0.0,0.0684,0.8878
07:46:43.621,1364.13,E 60 s / 60 s,2.4885,58.7,917504,5.13622,0.0027,0.3011,0.2395,0.3721,0.001,0.0004,0.5784,0.0141,0.026,0.0,0.0647,0.8885
07:46:45.622,1366.13,E 60 s / 60 s,2.4978,57.6,917504,5.14292,0.0033,0.351,0.2546,0.375,0.0016,0.0002,0.5364,0.0106,0.0292,0.0,0.068,0.8679
07:46:47.622,1368.13,E 60 s / 60 s,2.442,57.1,917504,5.1322,0.0029,0.2775,0.2864,0.3686,0.0004,0.0004,0.5167,0.0,0.0314,0.0,0.0703,0.8875
07:46:49.622,1370.13,E 60 s / 60 s,2.6744,57.1,917504,5.14158,0.0034,0.351,0.2519,0.367,0.0002,0.0004,0.5358,0.0,0.027,0.0,0.0704,1.0672
07:46:51.622,1372.13,E 60 s / 60 s,2.5085,58.2,917504,5.1456,0.0032,0.3016,0.3512,0.3654,0.0016,0.0,0.5254,0.0,0.0271,0.0,0.0649,0.8682
07:46:53.622,1374.13,E 60 s / 60 s,2.4584,56.5,917504,5.14158,0.0029,0.3152,0.2371,0.3643,0.0006,0.0004,0.5883,0.0,0.0335,0.0,0.0673,0.8489
07:46:55.622,1376.13,E 60 s / 60 s,2.4584,57.1,917504,5.1322,0.003,0.352,0.253,0.3679,0.0018,0.0004,0.5433,0.0,0.0314,0.0,0.0699,0.8357
07:46:57.622,1378.13,E 60 s / 60 s,2.377,57.1,917504,5.13756,0.0027,0.2807,0.2348,0.3686,0.0008,0.0,0.5388,0.0,0.028,0.0,0.0673,0.8553
07:46:59.622,1380.13,E 60 s / 60 s,2.4776,56.5,917504,5.1389,0.003,0.3148,0.2367,0.3635,0.0016,0.0004,0.5898,0.0071,0.026,0.0,0.0729,0.8618
07:47:01.622,1382.13,E 60 s / 60 s,2.5112,57.6,917504,5.12282,0.0031,0.3021,0.3401,0.3684,0.0004,0.0004,0.5358,0.0,0.0325,0.0,0.0666,0.8618
07:47:03.622,1384.13,E 60 s / 60 s,2.4245,56.5,917504,5.13488,0.0031,0.2823,0.2268,0.375,0.0016,0.0,0.5928,0.0035,0.027,0.0,0.0698,0.8425
07:47:05.626,1386.13,E 60 s / 60 s,2.4648,56.0,917504,5.12282,0.0033,0.314,0.228,0.3688,0.0016,0.0002,0.5939,0.0106,0.0315,0.0,0.0704,0.8425
07:47:07.622,1388.13,E 60 s / 60 s,2.5731,56.0,917504,5.12818,0.0027,0.3914,0.3227,0.3619,0.0016,0.0,0.5393,0.0071,0.0282,0.0,0.0692,0.8489
07:47:09.622,1390.13,E 60 s / 60 s,2.54,56.5,917504,5.1456,0.0031,0.3161,0.3536,0.3688,0.0008,0.0004,0.5427,0.0035,0.0282,0.0,0.0728,0.8499
07:47:11.622,1392.13,E 60 s / 60 s,2.5259,55.4,917504,5.14292,0.0027,0.3924,0.2889,0.367,0.0008,0.0,0.5317,0.0,0.0367,0.0,0.0699,0.8357
07:47:13.622,1394.14,E 60 s / 60 s,2.4065,54.9,917504,5.1456,0.0029,0.304,0.2889,0.3631,0.0006,0.0004,0.5128,0.0106,0.0249,0.0,0.068,0.8302
07:47:15.623,1396.14,E 60 s / 60 s,2.4085,54.9,917504,5.1389,0.0027,0.3028,0.2259,0.3598,0.0008,0.0002,0.5911,0.0035,0.0313,0.0,0.0672,0.8232
07:47:17.623,1398.14,E 60 s / 60 s,2.509,55.4,917504,5.13622,0.0031,0.3546,0.3566,0.3688,0.0002,0.0004,0.5003,0.0,0.0303,0.0,0.0705,0.8241
07:47:19.627,1400.14,E 60 s / 60 s,8.3617,60.9,917504,4.9312,0.0029,0.3417,0.2324,0.4248,0.0004,0.0004,0.5391,0.0035,0.4551,0.0,0.0623,6.2991
07:47:21.627,1402.14,E 60 s / 60 s,9.7046,65.3,917504,4.92048,0.0031,0.3033,0.3492,0.3893,0.0004,0.0002,0.5183,0.0069,0.1979,0.0053,0.062,7.8688
07:47:23.627,1404.14,E 60 s / 60 s,9.2484,68.6,917504,4.93522,0.003,0.4444,0.2259,0.4106,0.0,0.0008,0.5301,0.0,0.3016,0.0044,0.0665,7.2612
07:47:25.627,1406.14,E 60 s / 60 s,9.6108,70.8,917504,5.1054,0.0027,0.4243,0.3811,0.4129,0.0016,0.0002,0.5361,0.0,0.2678,0.0062,0.0677,7.5102
07:47:27.631,1408.14,E 60 s / 60 s,7.313,73.0,917504,4.88966,0.0031,0.3424,0.2858,0.4006,0.0,0.0002,0.5123,0.0,0.2126,0.0032,0.0627,5.49
07:47:29.631,1410.14,E 60 s / 60 s,9.547,73.0,917504,4.89636,0.003,0.3218,0.3533,0.391,0.0012,0.0008,0.5141,0.0,0.2641,0.0003,0.0621,7.6353
07:47:31.635,1412.14,E 60 s / 60 s,6.1175,74.1,917504,4.99954,0.0033,0.3988,0.2346,0.4329,0.0032,0.0002,0.6036,0.0035,0.4725,0.0047,0.0687,3.8916
07:47:33.631,1414.14,E 60 s / 60 s,6.9319,76.3,917504,4.86286,0.0031,0.4854,0.3516,0.4002,0.0004,0.0002,0.5393,0.0,0.2336,0.0041,0.0654,4.8484
07:47:35.631,1416.14,E 60 s / 60 s,8.2057,75.7,917504,5.02768,0.0031,0.3991,0.3351,0.406,0.0016,0.0008,0.5003,0.0,0.1126,0.0124,0.0621,6.3725
07:47:37.631,1418.14,E 60 s / 60 s,10.5441,76.8,917504,4.89368,0.0032,0.4717,0.2519,0.4126,0.0006,0.0002,0.6269,0.0,0.3715,0.0136,0.0658,8.3263
07:47:39.631,1420.14,E 60 s / 60 s,7.4156,77.4,917504,4.89904,0.0027,0.3972,0.2264,0.4256,0.0006,0.0002,0.5362,0.0103,0.4667,0.0009,0.0623,5.2866
07:47:41.636,1422.14,E 60 s / 60 s,6.2777,76.8,917504,4.89904,0.0029,0.2861,0.2842,0.3976,0.0008,0.0002,0.5075,0.0138,0.2076,0.0,0.0646,4.5125
07:47:43.631,1424.14,E 60 s / 60 s,10.3412,78.5,917504,4.88832,0.0032,0.3979,0.2501,0.4287,0.0012,0.0008,0.5914,0.0103,0.2164,0.0074,0.0652,8.3688
07:47:45.631,1426.14,E 60 s / 60 s,7.6626,77.9,917504,4.89904,0.0029,0.4478,0.3459,0.4253,0.0032,0.0002,0.5131,0.0,0.4794,0.0027,0.0626,5.3794
07:47:47.732,1428.14,E 60 s / 60 s,9.6439,79.0,917504,4.86018,0.0031,0.3442,0.2651,0.4124,0.0002,0.0002,0.5171,0.0034,0.334,0.0056,0.0654,7.6932
07:47:49.631,1430.14,E 60 s / 60 s,6.7383,78.5,917504,4.91914,0.0031,0.3778,0.2512,0.4408,0.0004,0.0004,0.5118,0.0,0.493,0.0145,0.0645,4.5807
07:47:51.635,1432.14,E 60 s / 60 s,9.7759,80.7,917504,4.88296,0.0029,0.3153,0.2231,0.3949,0.0006,0.0002,0.5423,0.0034,0.3021,0.0018,0.0644,7.9249
07:47:53.631,1434.14,E 60 s / 60 s,10.3792,80.1,917504,4.88162,0.0035,0.3942,0.3358,0.4231,0.0024,0.0004,0.5423,0.0,0.4043,0.0,0.0636,8.2095
07:47:55.635,1436.14,E 60 s / 60 s,10.3542,78.5,917504,4.95264,0.0029,0.3948,0.3438,0.4085,0.0012,0.0002,0.5264,0.0205,0.1327,0.0044,0.0647,8.4543
07:47:57.637,1438.14,E 60 s / 60 s,8.3356,79.0,917504,4.88832,0.0035,0.3855,0.3526,0.4458,0.0004,0.0008,0.5169,0.0,0.4814,0.0089,0.0621,6.0777
07:47:59.635,1440.14,E 60 s / 60 s,9.9079,80.7,917504,4.98346,0.0034,0.3934,0.3139,0.4291,0.0004,0.0004,0.5462,0.0,0.3369,0.0059,0.0597,7.8186
07:48:01.639,1442.15,E 60 s / 60 s,8.7448,80.7,917504,4.91512,0.0032,0.3575,0.2854,0.4109,0.0018,0.0002,0.6083,0.0,0.3021,0.0098,0.0618,6.7038
07:48:03.642,1444.15,E 60 s / 60 s,9.955,79.0,917504,4.9781,0.0028,0.4388,0.3534,0.4143,0.0012,0.0002,0.5459,0.0,0.4042,0.0044,0.0653,7.7245
07:48:05.639,1446.15,E 60 s / 60 s,8.517,81.2,917504,4.88296,0.0029,0.3925,0.2472,0.402,0.0012,0.0002,0.5719,0.0034,0.2358,0.0,0.0623,6.5976
07:48:07.643,1448.15,E 60 s / 60 s,8.7406,80.7,917504,4.86554,0.0035,0.3949,0.233,0.415,0.0008,0.0004,0.5358,0.0101,0.4759,0.0032,0.062,6.6059
07:48:09.643,1450.15,E 60 s / 60 s,10.0331,80.7,917504,5.02768,0.0035,0.3145,0.2486,0.4234,0.0006,0.0002,0.5393,0.0068,0.3743,0.0015,0.0627,8.0577
07:48:11.643,1452.15,E 60 s / 60 s,7.2264,80.1,917504,5.07994,0.0031,0.3258,0.2254,0.3865,0.0004,0.0002,0.5323,0.0069,0.0636,0.0088,0.0673,5.6061
07:48:13.647,1454.16,E 60 s / 60 s,10.2765,82.3,917504,4.94862,0.0035,0.4398,0.2328,0.4323,0.0012,0.0008,0.604,0.0102,0.4934,0.0,0.0644,7.9939
07:48:15.647,1456.16,E 60 s / 60 s,7.7811,81.2,917512,4.958,0.0032,0.333,0.2314,0.4261,0.0004,0.0002,0.5383,0.0136,0.256,0.0053,0.0602,5.9134
07:48:17.648,1458.16,E 60 s / 60 s,8.1443,81.2,917504,4.88698,0.0033,0.3933,0.2326,0.4477,0.0008,0.0002,0.5141,0.0,0.5006,0.0074,0.0659,5.9784
07:48:19.647,1460.16,E 60 s / 60 s,10.1356,81.8,917504,4.85348,0.0027,0.3691,0.2857,0.4287,0.0008,0.0008,0.5296,0.0,0.4708,0.0,0.0608,7.9865
07:48:21.643,1462.16,E 60 s / 60 s,3.6373,71.4,917504,5.09334,0.0028,0.2972,0.224,0.3919,0.0016,0.0002,0.5745,0.0175,0.0616,0.0,0.0648,2.0011
07:48:23.643,1464.16,E 60 s / 60 s,3.5733,69.2,917504,5.11076,0.0031,0.2979,0.3405,0.383,0.0008,0.0002,0.5349,0.0,0.0583,0.0,0.0687,1.8859
07:48:25.643,1466.16,E 60 s / 60 s,2.6454,66.4,917504,5.12148,0.0031,0.349,0.2537,0.3649,0.0008,0.0002,0.5391,0.0,0.0412,0.0,0.0652,1.0282
07:48:27.643,1468.16,E 60 s / 60 s,2.6055,64.8,917504,5.12416,0.0026,0.2998,0.2859,0.3706,0.0016,0.0002,0.5637,0.0035,0.0292,0.0,0.0702,0.9783
07:48:29.644,1470.16,E 60 s / 60 s,2.4829,63.1,917504,5.13488,0.0036,0.2993,0.2209,0.3736,0.0012,0.0004,0.5368,0.0,0.0279,0.0,0.0677,0.9515
07:48:31.644,1472.16,E 60 s / 60 s,2.5661,62.0,917504,5.13622,0.0029,0.3012,0.3238,0.3652,0.0018,0.0004,0.5318,0.0,0.026,0.0,0.0679,0.945
07:48:33.644,1474.16,E 60 s / 60 s,2.5159,61.5,917504,5.14024,0.0028,0.2825,0.2535,0.3672,0.0008,0.0004,0.5651,0.0,0.0356,0.0,0.0692,0.9389
07:48:35.644,1476.16,E 60 s / 60 s,2.5229,60.9,917504,5.12818,0.0029,0.2983,0.324,0.3644,0.001,0.0004,0.5067,0.0035,0.0249,0.0,0.0703,0.9264
07:48:37.644,1478.16,E 60 s / 60 s,2.4654,60.4,917504,5.1456,0.0031,0.2888,0.2889,0.3707,0.0006,0.0,0.5151,0.0035,0.0271,0.0,0.0673,0.9004
07:48:39.644,1480.16,E 60 s / 60 s,2.5544,59.8,917504,5.12818,0.0027,0.3008,0.3474,0.3635,0.0018,0.0004,0.5293,0.0,0.0293,0.0,0.0717,0.9075
07:48:41.644,1482.16,E 60 s / 60 s,2.6314,59.3,917504,5.1322,0.0029,0.37,0.3569,0.3649,0.0008,0.0002,0.5358,0.0,0.0281,0.0,0.0653,0.9064
07:48:43.644,1484.16,E 60 s / 60 s,2.5133,58.7,917504,5.12148,0.0029,0.2994,0.3516,0.3635,0.0002,0.0004,0.51,0.0035,0.0302,0.0,0.0705,0.8811
07:48:45.644,1486.16,E 60 s / 60 s,2.4199,58.7,917504,5.14024,0.0031,0.301,0.2265,0.3619,0.0016,0.0002,0.5426,0.0035,0.0314,0.0,0.0672,0.8807
07:48:47.644,1488.16,E 60 s / 60 s,2.5304,58.7,917504,5.12818,0.0027,0.3029,0.3492,0.3684,0.0008,0.0004,0.5261,0.0,0.027,0.0,0.0654,0.8875
07:48:49.644,1490.16,E 60 s / 60 s,2.4736,57.6,917504,5.14024,0.0031,0.3022,0.2874,0.3653,0.0018,0.0,0.5358,0.0035,0.0431,0.0,0.0696,0.8618
07:48:51.644,1492.16,E 60 s / 60 s,2.5102,59.3,917504,5.14292,0.0029,0.3529,0.2361,0.3719,0.0008,0.0002,0.5813,0.0,0.0324,0.0,0.0697,0.8618
07:48:53.644,1494.16,E 60 s / 60 s,2.5815,57.6,917504,5.13488,0.0027,0.3767,0.3415,0.3584,0.001,0.0004,0.5361,0.0,0.0259,0.0,0.0698,0.8688
07:48:55.644,1496.16,E 60 s / 60 s,2.4502,57.6,917504,5.1389,0.0028,0.3529,0.2227,0.368,0.0004,0.0002,0.5326,0.0,0.027,0.0,0.0755,0.8682
07:48:57.645,1498.16,E 60 s / 60 s,2.4797,56.5,917504,5.13488,0.0028,0.3016,0.3386,0.36,0.0002,0.0004,0.5188,0.0,0.0227,0.0,0.0661,0.8685
07:48:59.645,1500.16,E 60 s / 60 s,2.4974,57.1,917504,5.13488,0.0031,0.3035,0.3492,0.3696,0.0002,0.0004,0.5077,0.0,0.0303,0.0,0.071,0.8624
07:49:01.645,1502.16,E 60 s / 60 s,2.4507,56.5,917504,5.13622,0.0029,0.3032,0.2291,0.3672,0.0016,0.0004,0.5914,0.0212,0.0282,0.0,0.0698,0.8357
07:49:03.645,1504.16,E 60 s / 60 s,2.4799,56.0,917504,5.13622,0.0028,0.3036,0.3386,0.374,0.0018,0.0004,0.5132,0.0,0.0249,0.0,0.0655,0.855
07:49:05.645,1506.16,E 60 s / 60 s,2.4791,56.5,917504,5.1456,0.0026,0.4043,0.2233,0.3617,0.0034,0.0,0.5358,0.0,0.0356,0.0,0.0698,0.8425
07:49:07.645,1508.16,E 60 s / 60 s,2.3513,56.0,917504,5.13756,0.0027,0.2809,0.236,0.368,0.0032,0.0,0.5229,0.0035,0.0282,0.0,0.0698,0.836
07:49:09.645,1510.16,E 60 s / 60 s,2.4917,56.0,917504,5.13622,0.0027,0.3682,0.2875,0.3616,0.0008,0.0004,0.5358,0.0071,0.0217,0.0,0.0698,0.836
07:49:11.645,1512.16,E 60 s / 60 s,2.5619,56.0,917504,5.13622,0.0026,0.3796,0.3406,0.3668,0.0,0.0002,0.5199,0.0,0.0379,0.0,0.0654,0.8489
07:49:13.649,1514.16,E 60 s / 60 s,2.3626,53.8,917504,5.14158,0.0034,0.3059,0.2241,0.3626,0.0008,0.0002,0.5358,0.0106,0.0259,0.0,0.0698,0.8235
07:49:15.645,1516.16,E 60 s / 60 s,2.5795,56.0,917504,5.1389,0.0031,0.38,0.3578,0.3679,0.0006,0.0002,0.5327,0.0,0.0303,0.0,0.0699,0.837
07:49:17.645,1518.16,E 60 s / 60 s,2.4855,55.4,917504,5.13354,0.0033,0.302,0.3578,0.365,0.0002,0.0,0.5109,0.0,0.0315,0.0,0.0717,0.8431
07:49:19.645,1520.16,E 60 s / 60 s,2.5331,54.9,917504,5.14962,0.0027,0.3044,0.3773,0.3608,0.0004,0.0002,0.5595,0.0071,0.0281,0.0,0.0698,0.8229
07:49:21.648,1522.16,E 60 s / 60 s,9.0492,65.3,917504,4.90708,0.0033,0.4525,0.3422,0.4326,0.0002,0.0002,0.5473,0.0,0.4053,0.0101,0.0639,6.7917
07:49:23.647,1524.16,E 60 s / 60 s,9.5915,69.2,917504,4.91244,0.0027,0.337,0.2854,0.4322,0.0,0.0008,0.506,0.0,0.3695,0.0157,0.0662,7.5761
07:49:25.651,1526.16,E 60 s / 60 s,6.6265,70.8,917504,5.01294,0.0027,0.322,0.2238,0.4073,0.0008,0.0008,0.5495,0.0035,0.2902,0.0056,0.0622,4.7583
07:49:27.647,1528.16,E 60 s / 60 s,6.8981,73.0,917504,4.98346,0.0047,0.4016,0.3426,0.4247,0.0006,0.0008,0.5139,0.0206,0.236,0.0041,0.0634,4.8851
07:49:29.647,1530.16,E 60 s / 60 s,9.879,73.6,917504,4.94996,0.003,0.3981,0.2472,0.4055,0.0008,0.0002,0.6008,0.0068,0.1957,0.0071,0.0657,7.948
07:49:31.647,1532.16,E 60 s / 60 s,9.9983,74.7,917504,4.96336,0.0033,0.3466,0.3361,0.434,0.0008,0.0002,0.5167,0.0,0.3011,0.0003,0.0651,7.9942
07:49:33.651,1534.16,E 60 s / 60 s,8.9445,75.2,917504,4.88832,0.0029,0.4263,0.2485,0.4167,0.0006,0.0008,0.5037,0.0,0.4069,0.0065,0.0615,6.8701
07:49:35.650,1536.16,E 60 s / 60 s,6.7435,74.7,917504,5.02902,0.0031,0.3837,0.2237,0.432,0.0006,0.0002,0.5398,0.0,0.4427,0.0068,0.0616,4.6493
07:49:37.647,1538.16,E 60 s / 60 s,9.6665,75.7,917504,5.00356,0.003,0.399,0.2488,0.4167,0.0006,0.0002,0.5326,0.0,0.3347,0.0038,0.0668,7.6602
07:49:39.651,1540.16,E 60 s / 60 s,10.0219,77.4,917504,4.91378,0.0033,0.3249,0.2282,0.4099,0.0016,0.0002,0.585,0.0173,0.3374,0.003,0.0638,8.0475
07:49:41.651,1542.16,E 60 s / 60 s,6.9992,77.9,917504,4.8441,0.0037,0.4226,0.2364,0.4372,0.0,0.0002,0.5592,0.0,0.3385,0.0136,0.0645,4.9233
07:49:43.651,1544.16,E 60 s / 60 s,9.9897,79.0,917504,4.87894,0.0031,0.442,0.3509,0.4121,0.0004,0.0004,0.5818,0.0,0.3027,0.0125,0.0653,7.8186
07:49:45.651,1546.16,E 60 s / 60 s,6.4732,77.4,917504,4.89234,0.0029,0.3973,0.3546,0.4255,0.0004,0.0008,0.5326,0.0,0.4248,0.0074,0.0674,4.2595
07:49:47.651,1548.16,E 60 s / 60 s,9.6689,77.4,917504,5.10004,0.003,0.3106,0.3177,0.4567,0.0004,0.0008,0.5196,0.0034,0.2833,0.0121,0.0648,7.6964
07:49:49.656,1550.16,E 60 s / 60 s,9.7841,79.6,917504,4.88832,0.0027,0.3476,0.2335,0.4012,0.0016,0.0002,0.5907,0.0138,0.1747,0.0079,0.0668,7.9434
07:49:51.655,1552.16,E 60 s / 60 s,10.3728,79.0,917504,4.99686,0.0033,0.3448,0.2499,0.4143,0.0006,0.0004,0.6001,0.0034,0.4584,0.0047,0.0641,8.2288
07:49:53.655,1554.16,E 60 s / 60 s,8.7634,79.0,917504,4.88832,0.0028,0.4478,0.3518,0.4209,0.0004,0.0004,0.5268,0.024,0.4388,0.0109,0.0611,6.4777
07:49:55.656,1556.16,E 60 s / 60 s,8.6571,78.5,917504,4.98212,0.0034,0.3958,0.3547,0.4328,0.0012,0.0002,0.5268,0.0,0.3437,0.0121,0.0632,6.5231
07:49:57.655,1558.16,E 60 s / 60 s,10.3094,79.6,917504,4.8642,0.0027,0.3936,0.3493,0.4196,0.0016,0.0002,0.5173,0.0,0.2358,0.0024,0.0593,8.3275
07:49:59.655,1560.16,E 60 s / 60 s,9.564,80.7,917504,4.90976,0.0029,0.419,0.2843,0.4407,0.0012,0.0008,0.5391,0.0,0.2717,0.0107,0.0638,7.5297
07:50:01.655,1562.16,E 60 s / 60 s,10.2903,79.0,917504,4.891,0.0029,0.364,0.2836,0.4423,0.0,0.0002,0.535,0.0034,0.471,0.0,0.0618,8.1262
07:50:03.655,1564.16,E 60 s / 60 s,9.5004,80.1,917504,4.9714,0.0032,0.3479,0.2324,0.4362,0.0008,0.0004,0.5035,0.017,0.2692,0.0062,0.0649,7.6186
07:50:05.658,1566.17,E 60 s / 60 s,10.4156,80.7,917504,4.88162,0.0047,0.3925,0.2318,0.4442,0.0002,0.0002,0.5716,0.0,0.4946,0.0044,0.0633,8.2081
07:50:07.659,1568.17,E 60 s / 60 s,8.421,80.1,917504,4.9915,0.0031,0.3679,0.232,0.386,0.0004,0.0004,0.5943,0.0,0.2516,0.0047,0.0656,6.515
07:50:09.659,1570.17,E 60 s / 60 s,10.5917,81.2,917504,4.92986,0.003,0.3864,0.3533,0.4372,0.0004,0.0008,0.5361,0.0,0.5009,0.0,0.0627,8.3109
07:50:11.659,1572.17,E 60 s / 60 s,8.8858,81.2,917504,4.96872,0.0034,0.4835,0.352,0.4211,0.0016,0.0008,0.5403,0.0,0.1988,0.0089,0.0647,6.8107
07:50:13.659,1574.17,E 60 s / 60 s,9.9623,81.2,917504,4.86554,0.0033,0.33,0.2813,0.4304,0.0008,0.0002,0.4867,0.0,0.4063,0.008,0.0644,7.9507
07:50:15.659,1576.17,E 60 s / 60 s,9.957,80.7,917504,4.99686,0.003,0.4376,0.3536,0.4319,0.0016,0.0004,0.5359,0.0,0.4416,0.0041,0.064,7.6831
07:50:17.659,1578.17,E 60 s / 60 s,9.3288,81.8,917512,4.99284,0.0033,0.3682,0.3535,0.4415,0.0012,0.0002,0.6068,0.0034,0.2081,0.0107,0.0623,7.2696
07:50:19.659,1580.17,E 60 s / 60 s,6.889,81.8,917504,4.9312,0.0031,0.4071,0.2246,0.434,0.0008,0.0002,0.5974,0.0,0.2036,0.0056,0.0653,4.9474
07:50:21.655,1582.17,E 60 s / 60 s,3.4578,72.5,917504,5.1054,0.0035,0.2852,0.2838,0.3808,0.0004,0.0002,0.521,0.0105,0.0661,0.0,0.0649,1.8413
07:50:23.655,1584.17,E 60 s / 60 s,3.4122,69.2,917504,5.0652,0.0027,0.3479,0.233,0.3792,0.0004,0.0008,0.5756,0.0,0.0346,0.0,0.0643,1.7736
07:50:25.656,1586.17,E 60 s / 60 s,2.5467,67.0,917504,5.12148,0.0027,0.2804,0.2515,0.3654,0.0016,0.0002,0.5394,0.0141,0.027,0.0,0.0684,0.9961
07:50:27.656,1588.17,E 60 s / 60 s,2.5766,64.2,917504,5.1255,0.0027,0.2872,0.3209,0.367,0.0008,0.0002,0.5067,0.0141,0.0281,0.0,0.0703,0.9786
07:50:29.656,1590.17,E 60 s / 60 s,2.6239,63.7,917504,5.12416,0.0026,0.2988,0.3564,0.3706,0.001,0.0004,0.5353,0.0035,0.0314,0.0,0.0653,0.9586
07:50:31.656,1592.17,E 60 s / 60 s,2.5336,61.5,917504,5.1389,0.0031,0.2983,0.245,0.3643,0.0004,0.0002,0.5881,0.007,0.0357,0.0,0.0653,0.9261
07:50:33.656,1594.17,E 60 s / 60 s,2.5758,60.9,917504,5.13622,0.0029,0.3004,0.3547,0.366,0.0016,0.0004,0.539,0.0,0.026,0.0,0.0655,0.9193
07:50:35.656,1596.17,E 60 s / 60 s,2.4863,60.9,917504,5.1389,0.0031,0.3014,0.2333,0.3691,0.0018,0.0004,0.5624,0.0035,0.0443,0.0,0.0667,0.9004
07:50:37.656,1598.17,E 60 s / 60 s,2.4873,59.8,917504,5.13354,0.0034,0.2996,0.2376,0.367,0.0008,0.0,0.5648,0.0035,0.0412,0.0,0.069,0.9004
07:50:39.656,1600.17,E 60 s / 60 s,2.5104,58.7,917504,5.12282,0.0027,0.3009,0.3414,0.3689,0.0008,0.0002,0.5053,0.0,0.0313,0.0,0.0649,0.8939
07:50:41.657,1602.17,E 60 s / 60 s,2.3822,59.3,917504,5.14292,0.0028,0.2825,0.2365,0.3701,0.0006,0.0004,0.5013,0.0141,0.0237,0.0,0.0692,0.8811
07:50:43.657,1604.17,E 60 s / 60 s,2.4577,58.2,917504,5.1389,0.0034,0.3014,0.2553,0.3625,0.0018,0.0004,0.5648,0.0035,0.0282,0.0,0.0678,0.8685
07:50:45.657,1606.17,E 60 s / 60 s,2.5223,58.7,917504,5.1322,0.0031,0.3014,0.3414,0.3679,0.0004,0.0,0.5215,0.0,0.0422,0.0,0.0686,0.8756
07:50:47.657,1608.17,E 60 s / 60 s,2.3828,58.7,917504,5.14292,0.0032,0.2773,0.2207,0.3737,0.0006,0.0004,0.5391,0.0,0.0431,0.0,0.0698,0.855
07:50:49.657,1610.17,E 60 s / 60 s,2.4721,58.2,917504,5.13622,0.003,0.3014,0.2534,0.3706,0.0002,0.0002,0.5907,0.0071,0.0141,0.0,0.0697,0.8618
07:50:51.657,1612.17,E 60 s / 60 s,2.4864,57.1,917504,5.1456,0.0029,0.3027,0.3567,0.3632,0.0004,0.0002,0.501,0.0,0.0323,0.0,0.0705,0.8563
07:50:53.657,1614.17,E 60 s / 60 s,2.3918,57.1,917504,5.1389,0.0031,0.3028,0.2243,0.3724,0.0008,0.0,0.5353,0.0,0.0357,0.0,0.0691,0.8483
07:50:55.657,1616.17,E 60 s / 60 s,2.4631,57.1,917504,5.14158,0.0026,0.3015,0.2355,0.3654,0.0004,0.0004,0.6167,0.0,0.0227,0.0,0.0686,0.8492
07:50:57.657,1618.17,E 60 s / 60 s,2.3692,56.0,917504,5.14694,0.0031,0.2794,0.2233,0.3672,0.0016,0.0,0.5361,0.0,0.0259,0.0,0.0698,0.8627
07:50:59.657,1620.17,E 60 s / 60 s,2.3976,56.5,917504,5.14158,0.0032,0.3034,0.2287,0.3602,0.0004,0.0,0.5349,0.0035,0.0411,0.0,0.0723,0.8499
07:51:01.657,1622.17,E 60 s / 60 s,2.4819,56.5,917504,5.1456,0.0032,0.2814,0.2533,0.3654,0.0016,0.0002,0.6284,0.0,0.0347,0.0,0.0711,0.8425
07:51:03.657,1624.17,E 60 s / 60 s,2.4054,56.0,917504,5.14158,0.0027,0.2795,0.2219,0.367,0.0008,0.0,0.5939,0.0,0.0324,0.0,0.071,0.8364
07:51:05.657,1626.17,E 60 s / 60 s,2.4428,56.0,917504,5.14292,0.003,0.3034,0.2371,0.3688,0.0008,0.0,0.5874,0.0,0.0302,0.0,0.0697,0.8425
07:51:07.657,1628.17,E 60 s / 60 s,2.4754,55.4,917504,5.13622,0.0028,0.3054,0.3388,0.3617,0.0018,0.0002,0.5261,0.0,0.0281,0.0,0.068,0.8425
07:51:09.658,1630.17,E 60 s / 60 s,2.371,55.4,917504,5.13354,0.0027,0.3039,0.2228,0.361,0.0032,0.0,0.5455,0.0,0.0367,0.0,0.071,0.8241
07:51:11.658,1632.17,E 60 s / 60 s,2.4853,55.4,917504,5.13622,0.0031,0.3054,0.3496,0.3741,0.0002,0.0,0.5086,0.0,0.0422,0.0,0.0661,0.836
07:51:13.658,1634.17,E 60 s / 60 s,2.4763,55.4,917504,5.1322,0.0027,0.3058,0.3515,0.367,0.0032,0.0004,0.506,0.0,0.026,0.0,0.0705,0.8431
07:51:15.658,1636.17,E 60 s / 60 s,2.4294,55.4,917504,5.14426,0.0024,0.3041,0.2367,0.3667,0.0004,0.0002,0.5886,0.0,0.0378,0.0,0.0692,0.8232
07:51:17.658,1638.17,E 60 s / 60 s,2.4857,53.8,917504,5.1456,0.0029,0.3045,0.3403,0.3688,0.0006,0.0004,0.5139,0.0071,0.04,0.0,0.0705,0.8367
07:51:19.658,1640.17,E 60 s / 60 s,2.335,54.3,917504,5.14828,0.0031,0.2841,0.2197,0.3635,0.0002,0.0,0.5386,0.0071,0.0324,0.0,0.0699,0.8164
07:51:21.659,1642.17,E 60 s / 60 s,9.5114,65.3,917504,4.94058,0.0028,0.3019,0.2327,0.43,0.0004,0.0008,0.5401,0.0,0.4727,0.0095,0.0685,7.4521
07:51:23.664,1644.17,E 60 s / 60 s,6.6609,69.7,917504,5.01562,0.0027,0.4523,0.2849,0.4425,0.0016,0.0002,0.5832,0.0,0.3844,0.0053,0.0662,4.4375
07:51:25.659,1646.17,E 60 s / 60 s,9.8982,71.4,917504,4.90976,0.003,0.3073,0.2221,0.41,0.0008,0.0004,0.6358,0.0,0.3751,0.0,0.0618,7.8819
07:51:27.659,1648.17,E 60 s / 60 s,8.9763,73.0,917504,4.88162,0.0025,0.3473,0.2225,0.4016,0.0006,0.0008,0.5818,0.0,0.3178,0.0059,0.0666,7.0289
07:51:29.659,1650.17,E 60 s / 60 s,9.6697,73.0,917504,4.89502,0.0034,0.3722,0.233,0.4131,0.0016,0.0002,0.581,0.0069,0.269,0.0059,0.0649,7.7185
07:51:31.660,1652.17,E 60 s / 60 s,8.7603,74.1,917504,4.89368,0.0031,0.3998,0.3191,0.4241,0.0004,0.0008,0.541,0.0,0.4753,0.0118,0.0683,6.5165
07:51:33.667,1654.17,E 60 s / 60 s,7.1092,74.7,917504,4.88698,0.0031,0.4245,0.2333,0.4204,0.0004,0.0002,0.5656,0.0,0.4573,0.0109,0.0673,4.9262
07:51:35.663,1656.17,E 60 s / 60 s,3.5988,74.7,917504,5.0853,0.0027,0.3,0.2239,0.3857,0.0018,0.0,0.5818,0.0105,0.0303,0.0,0.0681,1.9941
07:51:37.663,1658.17,E 60 s / 60 s,10.1227,76.8,917504,4.89904,0.0029,0.3956,0.3451,0.4238,0.0016,0.0002,0.4874,0.0,0.2072,0.0006,0.0629,8.1953
07:51:39.663,1660.17,E 60 s / 60 s,10.2565,76.8,917504,4.88698,0.0026,0.3479,0.3503,0.3997,0.0,0.0002,0.5167,0.0,0.3351,0.01,0.0658,8.2281
07:51:41.668,1662.17,E 60 s / 60 s,9.8606,77.4,917504,4.88564,0.0031,0.3979,0.3537,0.4008,0.0006,0.0,0.5053,0.0034,0.2357,0.0059,0.0645,7.8895
07:51:43.664,1664.17,E 60 s / 60 s,9.7537,77.9,917504,4.88162,0.0033,0.3714,0.2315,0.4126,0.0002,0.0002,0.5683,0.0311,0.3014,0.0056,0.0658,7.7623
07:51:45.668,1666.17,E 60 s / 60 s,9.8483,77.4,917504,4.97274,0.0028,0.4451,0.2811,0.4038,0.0008,0.0008,0.5976,0.0,0.3346,0.0056,0.0672,7.7089
07:51:47.667,1668.17,E 60 s / 60 s,9.9219,79.0,917504,4.88832,0.003,0.3449,0.2338,0.4232,0.0016,0.0004,0.5167,0.0069,0.3199,0.0027,0.0621,8.0067
07:51:49.664,1670.17,E 60 s / 60 s,10.156,78.5,917504,4.87894,0.0031,0.3601,0.283,0.4001,0.0006,0.0002,0.5001,0.0,0.1919,0.0015,0.0618,8.3535
07:51:51.663,1672.17,E 60 s / 60 s,10.3224,78.5,917504,4.85482,0.0032,0.3725,0.2225,0.4427,0.0,0.0004,0.6037,0.0035,0.4742,0.0,0.0655,8.1342
07:51:53.663,1674.17,E 60 s / 60 s,8.5358,78.5,917504,4.99284,0.0032,0.3734,0.3448,0.4275,0.0016,0.0008,0.5067,0.0,0.2977,0.0074,0.0637,6.5088
07:51:55.664,1676.17,E 60 s / 60 s,6.2475,78.5,917504,4.90842,0.0035,0.371,0.223,0.4,0.0006,0.0008,0.5164,0.0,0.2016,0.0059,0.0628,4.4618
07:51:57.663,1678.17,E 60 s / 60 s,9.9693,79.6,917504,4.85616,0.0033,0.3471,0.2307,0.4255,0.0006,0.0008,0.5842,0.017,0.3137,0.0056,0.0644,7.9763
07:51:59.663,1680.17,E 60 s / 60 s,8.9061,80.1,917504,4.90976,0.0028,0.4526,0.2306,0.4146,0.0008,0.0004,0.5748,0.0,0.277,0.0071,0.0639,6.8814
07:52:01.664,1682.17,E 60 s / 60 s,6.4661,79.0,917504,4.92986,0.0028,0.421,0.2367,0.4424,0.0012,0.0,0.5943,0.0103,0.4616,0.011,0.0615,4.2233
07:52:03.663,1684.17,E 60 s / 60 s,10.0757,80.7,917504,4.8642,0.003,0.4357,0.334,0.4532,0.0016,0.0008,0.5118,0.0,0.1998,0.0092,0.0613,8.0653
07:52:05.663,1686.17,E 60 s / 60 s,9.8128,81.8,917504,4.87626,0.0033,0.3348,0.3503,0.4217,0.0016,0.0002,0.5135,0.017,0.2655,0.0009,0.0635,7.8407
07:52:07.667,1688.17,E 60 s / 60 s,9.5553,78.5,917504,4.9982,0.0034,0.3934,0.4043,0.4143,0.0004,0.0002,0.5207,0.0069,0.3349,0.0056,0.0656,7.4056
07:52:09.667,1690.17,E 60 s / 60 s,9.5688,80.7,917504,4.8843,0.0029,0.3442,0.224,0.4234,0.0014,0.0002,0.553,0.0102,0.3365,0.0041,0.062,7.607
07:52:11.663,1692.17,E 60 s / 60 s,8.7447,79.6,917504,4.94996,0.0029,0.4714,0.3524,0.4389,0.0012,0.0008,0.5229,0.0069,0.4721,0.0092,0.0649,6.4012
07:52:13.667,1694.17,E 60 s / 60 s,10.14,80.7,917504,4.86554,0.0027,0.3473,0.2824,0.4397,0.0006,0.0008,0.4971,0.0,0.3374,0.0059,0.0613,8.1648
07:52:15.662,1696.17,E 60 s / 60 s,6.8733,79.0,917504,5.08932,0.0031,0.3818,0.3527,0.39,0.0008,0.0004,0.5254,0.0,0.0864,0.0,0.0629,5.0698
07:52:17.663,1698.17,E 60 s / 60 s,7.2937,81.2,917504,4.88832,0.003,0.3496,0.2842,0.4344,0.0018,0.0002,0.51,0.0101,0.2775,0.0056,0.0615,5.3557
07:52:19.663,1700.17,E 60 s / 60 s,8.5388,81.8,917504,4.85482,0.0033,0.3418,0.2343,0.4186,0.0004,0.0008,0.5821,0.0,0.2698,0.0062,0.0604,6.6209
07:52:21.661,1702.17,E 60 s / 60 s,4.4895,71.4,917504,5.10138,0.0027,0.2967,0.3392,0.3802,0.0016,0.0002,0.51,0.007,0.0303,0.0,0.0642,2.8574
07:52:23.661,1704.17,E 60 s / 60 s,3.5641,68.6,917504,5.1054,0.0028,0.2984,0.226,0.3794,0.0016,0.0008,0.5422,0.014,0.027,0.0,0.0694,2.0023
07:52:25.661,1706.17,E 60 s / 60 s,2.5558,66.4,917504,5.1121,0.0031,0.2872,0.2868,0.3643,0.0018,0.0002,0.517,0.007,0.0238,0.0,0.0677,0.9968
07:52:27.661,1708.17,E 60 s / 60 s,2.6277,64.2,917504,5.12818,0.0031,0.3482,0.2509,0.3652,0.0008,0.0002,0.58,0.0141,0.0283,0.0,0.0659,0.9711
07:52:29.662,1710.17,E 60 s / 60 s,2.5544,62.6,917504,5.12416,0.0029,0.2809,0.3577,0.3661,0.001,0.0002,0.5117,0.0035,0.0217,0.0,0.0704,0.9382
07:52:31.662,1712.17,E 60 s / 60 s,2.4429,62.0,917504,5.14024,0.003,0.2841,0.235,0.3611,0.0016,0.0002,0.539,0.0035,0.0281,0.0,0.0672,0.92
07:52:33.666,1714.17,E 60 s / 60 s,2.4381,60.9,917504,5.14292,0.0031,0.3014,0.2254,0.3682,0.0032,0.0004,0.535,0.0035,0.0269,0.0,0.0647,0.9061
07:52:35.662,1716.17,E 60 s / 60 s,2.9423,59.8,917504,5.14024,0.0033,0.3504,0.2536,0.3741,0.0002,0.0004,0.5362,0.0035,0.0302,0.0,0.066,1.3243
07:52:37.662,1718.17,E 60 s / 60 s,2.4088,59.3,917504,5.14024,0.0029,0.2781,0.2209,0.3613,0.0008,0.0002,0.5326,0.0,0.0291,0.0,0.0697,0.9132
07:52:39.662,1720.17,E 60 s / 60 s,2.8185,59.3,917504,5.1389,0.0029,0.3761,0.3578,0.3697,0.0016,0.0,0.5329,0.0071,0.0335,0.0,0.0698,1.0672
07:52:41.662,1722.17,E 60 s / 60 s,2.4735,59.3,917504,5.13488,0.0029,0.2768,0.2878,0.3667,0.001,0.0004,0.5177,0.0035,0.0323,0.0,0.0712,0.9132
07:52:43.662,1724.17,E 60 s / 60 s,2.5314,57.6,917504,5.1456,0.0028,0.3005,0.3536,0.3654,0.0004,0.0004,0.5317,0.0,0.0314,0.0,0.0705,0.8746
07:52:45.662,1726.17,E 60 s / 60 s,2.5298,57.6,917504,5.13488,0.0029,0.3507,0.2519,0.3637,0.0006,0.0004,0.591,0.0106,0.0302,0.0,0.066,0.8618
07:52:47.662,1728.17,E 60 s / 60 s,2.5072,57.6,917504,5.12148,0.0026,0.303,0.353,0.3763,0.0032,0.0004,0.51,0.0,0.0324,0.0,0.0698,0.8563
07:52:49.662,1730.17,E 60 s / 60 s,2.4025,57.6,917504,5.14292,0.0028,0.2797,0.2249,0.3688,0.0004,0.0004,0.5416,0.0106,0.0324,0.0,0.0716,0.8692
07:52:51.662,1732.17,E 60 s / 60 s,2.5193,57.1,917504,5.13488,0.0033,0.3645,0.2872,0.3643,0.0002,0.0004,0.5333,0.0,0.0324,0.0,0.0654,0.8682
07:52:53.662,1734.18,E 60 s / 60 s,2.5232,57.1,917504,5.13086,0.0028,0.3023,0.3503,0.3742,0.0016,0.0,0.5125,0.0141,0.0337,0.0,0.0699,0.8618
07:52:55.663,1736.18,E 60 s / 60 s,2.4663,57.1,917504,5.14158,0.0029,0.3035,0.2225,0.3685,0.0008,0.0,0.6131,0.0071,0.0312,0.0,0.0685,0.8483
07:52:57.667,1738.18,E 60 s / 60 s,2.5836,57.1,917504,5.13622,0.003,0.3738,0.3563,0.3654,0.0008,0.0004,0.5318,0.0035,0.0303,0.0,0.0692,0.8489
07:52:59.663,1740.18,E 60 s / 60 s,2.5154,56.0,917504,5.13488,0.0028,0.3283,0.3558,0.3685,0.0,0.0,0.5202,0.0035,0.026,0.0,0.0672,0.8431
07:53:01.663,1742.18,E 60 s / 60 s,2.5651,54.9,917504,5.14158,0.0033,0.3999,0.2375,0.3653,0.0032,0.0,0.6025,0.0,0.039,0.0,0.0654,0.8489
07:53:03.663,1744.18,E 60 s / 60 s,2.5972,55.4,917504,5.1389,0.0027,0.3903,0.3558,0.3668,0.0,0.0,0.5358,0.0035,0.0259,0.0,0.0674,0.8489
07:53:05.663,1746.18,E 60 s / 60 s,2.336,56.5,917504,5.14292,0.0027,0.2801,0.2268,0.365,0.0016,0.0,0.5161,0.0106,0.0302,0.0,0.0729,0.8299
07:53:07.663,1748.18,E 60 s / 60 s,2.434,55.4,917504,5.13354,0.0028,0.3023,0.2217,0.3626,0.0006,0.0004,0.5883,0.0106,0.0389,0.0,0.0704,0.8354
07:53:09.663,1750.18,E 60 s / 60 s,2.421,55.4,917504,5.1456,0.0032,0.2801,0.3216,0.3688,0.0,0.0,0.5067,0.0,0.0281,0.0,0.0699,0.8425
07:53:11.663,1752.18,E 60 s / 60 s,2.4915,55.4,917504,5.14158,0.0027,0.305,0.2257,0.3668,0.0008,0.0004,0.564,0.0106,0.0314,0.0,0.0717,0.9123
07:53:13.663,1754.18,E 60 s / 60 s,2.5448,54.9,917504,5.13354,0.0027,0.3546,0.2886,0.3688,0.0032,0.0004,0.6003,0.0,0.026,0.0,0.0705,0.8296
07:53:15.663,1756.18,E 60 s / 60 s,2.4781,54.9,917504,5.1456,0.0027,0.3069,0.3547,0.3661,0.0002,0.0,0.5139,0.0035,0.0389,0.0,0.068,0.8232
07:53:17.663,1758.18,E 60 s / 60 s,2.4042,54.9,917504,5.14828,0.0032,0.3035,0.2211,0.3654,0.0004,0.0,0.5318,0.0035,0.0401,0.0,0.066,0.8692
07:53:19.663,1760.18,E 60 s / 60 s,2.5349,54.9,917504,5.14426,0.0031,0.3542,0.2526,0.3661,0.0002,0.0,0.6206,0.0106,0.0271,0.0,0.0711,0.8293
07:53:21.675,1762.18,E 60 s / 60 s,8.9247,64.8,917504,4.92048,0.0031,0.444,0.2332,0.4282,0.0004,0.0008,0.543,0.0349,0.0938,0.0015,0.068,7.0738
07:53:23.674,1764.18,E 60 s / 60 s,6.7412,68.1,917504,5.01026,0.0033,0.465,0.2865,0.4177,0.0016,0.0002,0.6073,0.0,0.4547,0.0118,0.0666,4.4264
07:53:25.671,1766.18,E 60 s / 60 s,8.4524,70.8,917504,4.88698,0.0029,0.4083,0.2248,0.4019,0.0012,0.0004,0.5567,0.0068,0.1638,0.0047,0.0652,6.6157
07:53:27.671,1768.18,E 60 s / 60 s,10.0318,73.0,917504,4.9714,0.0029,0.3484,0.2835,0.416,0.0016,0.0002,0.5648,0.0,0.0775,0.0006,0.0674,8.269
07:53:29.671,1770.18,E 60 s / 60 s,9.2209,73.0,917504,4.88698,0.0027,0.3507,0.2525,0.4018,0.0006,0.0,0.5365,0.0,0.239,0.0095,0.0664,7.3613
07:53:31.671,1772.18,E 60 s / 60 s,9.5555,74.7,917504,4.92986,0.0029,0.3976,0.3724,0.406,0.0008,0.0004,0.575,0.0,0.3397,0.0091,0.0671,7.3844
07:53:33.674,1774.18,E 60 s / 60 s,6.2925,74.1,917504,5.03036,0.0035,0.3817,0.3544,0.4107,0.0008,0.0004,0.5358,0.0104,0.3288,0.0059,0.0656,4.1944
07:53:35.671,1776.18,E 60 s / 60 s,10.0309,76.3,917504,4.88832,0.0032,0.4212,0.2858,0.4051,0.0006,0.0008,0.5724,0.0034,0.2836,0.0089,0.0644,7.9815
07:53:37.671,1778.18,E 60 s / 60 s,9.8453,76.3,917504,4.90038,0.0035,0.3966,0.2491,0.4069,0.0004,0.0002,0.5881,0.0,0.1271,0.0009,0.0656,8.0068
07:53:39.671,1780.18,E 60 s / 60 s,9.8414,76.3,917504,4.88162,0.0028,0.308,0.2228,0.4041,0.0016,0.0004,0.5394,0.0,0.2022,0.0038,0.0681,8.0882
07:53:41.671,1782.18,E 60 s / 60 s,10.1471,77.4,917504,4.88028,0.0029,0.3479,0.3524,0.4033,0.0004,0.0008,0.5142,0.0,0.1502,0.005,0.0621,8.3077
07:53:43.671,1784.18,E 60 s / 60 s,7.0099,76.8,917504,4.97006,0.003,0.3894,0.2505,0.4425,0.0004,0.0008,0.5946,0.0034,0.459,0.0095,0.0636,4.7932
07:53:45.672,1786.18,E 60 s / 60 s,5.1807,76.8,917504,4.92986,0.0029,0.3715,0.2329,0.405,0.0032,0.0008,0.5103,0.0,0.201,0.0044,0.0686,3.3801
07:53:47.671,1788.18,E 60 s / 60 s,9.6156,77.9,917504,4.88832,0.0028,0.4394,0.3533,0.3946,0.0008,0.0002,0.5329,0.0,0.2003,0.0083,0.0645,7.6186
07:53:49.671,1790.18,E 60 s / 60 s,10.3682,77.9,917504,4.88832,0.0031,0.4214,0.3534,0.4217,0.0004,0.0002,0.5326,0.0,0.4081,0.0127,0.0652,8.1495
07:53:51.671,1792.18,E 60 s / 60 s,10.1339,77.9,917504,4.8977,0.003,0.3168,0.3492,0.4267,0.0012,0.0002,0.517,0.0034,0.1391,0.0018,0.0631,8.3124
07:53:53.671,1794.18,E 60 s / 60 s,6.3886,78.5,917504,4.98346,0.0028,0.3981,0.2227,0.4586,0.0006,0.0008,0.5667,0.0,0.3381,0.0115,0.0648,4.3238
07:53:55.671,1796.18,E 60 s / 60 s,7.009,77.9,917504,4.96202,0.0035,0.4792,0.3537,0.4067,0.0008,0.0004,0.5329,0.0,0.3291,0.0095,0.0662,4.827
07:53:57.670,1798.18,E 60 s / 60 s,6.3471,77.9,917504,5.09468,0.0027,0.2949,0.2269,0.4025,0.0016,0.0008,0.5424,0.0,0.2033,0.0032,0.068,4.6008
07:53:59.675,1800.18,E 60 s / 60 s,8.8686,79.0,917504,4.8977,0.0027,0.3518,0.2831,0.4058,0.0,0.0002,0.513,0.0136,0.1805,0.0154,0.0626,7.0399
07:54:01.675,1802.18,E 60 s / 60 s,7.1461,79.6,917504,4.99284,0.0033,0.3825,0.2227,0.4073,0.0008,0.0,0.5371,0.0034,0.413,0.0033,0.066,5.1068
07:54:03.679,1804.18,E 60 s / 60 s,5.866,79.0,917504,4.99954,0.0027,0.4471,0.3455,0.4357,0.0008,0.0008,0.4962,0.0034,0.4782,0.005,0.0636,3.587
07:54:05.675,1806.18,E 60 s / 60 s,9.8283,80.7,917504,4.84946,0.003,0.3949,0.2504,0.4076,0.0014,0.0002,0.5781,0.0034,0.2001,0.0018,0.0648,7.9226
07:54:07.675,1808.18,E 60 s / 60 s,9.946,80.1,917504,4.8709,0.0029,0.3479,0.2318,0.4326,0.0032,0.0008,0.6025,0.0,0.3575,0.0133,0.0613,7.892
07:54:09.677,1810.18,E 60 s / 60 s,7.4762,80.1,917504,4.87626,0.0027,0.4932,0.2253,0.4849,0.0016,0.0008,0.5329,0.0103,0.5168,0.0021,0.0625,5.1431
07:54:11.675,1812.18,E 60 s / 60 s,9.9096,80.1,917504,4.84544,0.0033,0.3682,0.2843,0.4131,0.0008,0.0002,0.5907,0.0,0.1984,0.0032,0.0643,7.9831
07:54:13.675,1814.18,E 60 s / 60 s,6.3611,81.2,917504,4.85616,0.0029,0.4444,0.2855,0.4142,0.0012,0.0008,0.5618,0.0,0.2173,0.0106,0.0615,4.3606
07:54:15.681,1816.18,E 60 s / 60 s,9.0639,79.0,917504,4.97274,0.0032,0.39,0.3508,0.4763,0.0008,0.0002,0.5333,0.0,0.2734,0.005,0.063,6.9678
07:54:17.675,1818.18,E 60 s / 60 s,10.3162,81.2,917504,4.8642,0.0031,0.342,0.2345,0.4301,0.0008,0.0004,0.5436,0.0204,0.1326,0.0,0.0595,8.5493
07:54:19.676,1820.18,E 60 s / 60 s,8.3622,80.1,917504,4.99954,0.0032,0.3887,0.2497,0.4495,0.0016,0.0008,0.5208,0.0,0.4097,0.0151,0.0619,6.2612
07:54:21.672,1822.18,E 60 s / 60 s,3.4511,73.6,917504,5.0987,0.003,0.291,0.2861,0.3964,0.0012,0.0002,0.5171,0.0,0.0506,0.0,0.0642,1.8413
07:54:23.672,1824.18,E 60 s / 60 s,3.4194,68.6,917504,5.09066,0.0031,0.2984,0.3215,0.3777,0.0016,0.0002,0.542,0.0,0.0411,0.0,0.0688,1.7649
07:54:25.672,1826.18,E 60 s / 60 s,2.5954,65.9,917504,5.13354,0.0031,0.2973,0.2253,0.3631,0.0008,0.0004,0.5943,0.0106,0.027,0.0,0.0646,1.0089
07:54:27.672,1828.18,E 60 s / 60 s,2.6285,64.2,917504,5.12818,0.003,0.3517,0.2511,0.3679,0.0012,0.0004,0.5786,0.0035,0.0315,0.0,0.0684,0.9711
07:54:29.672,1830.19,E 60 s / 60 s,2.5413,62.6,917504,5.1255,0.0026,0.2815,0.2511,0.3696,0.0012,0.0002,0.5592,0.0035,0.0303,0.0,0.0703,0.9718
07:54:31.672,1832.19,E 60 s / 60 s,2.6632,62.0,917504,5.13354,0.0029,0.2994,0.2333,0.3654,0.0016,0.0002,0.5681,0.0035,0.0302,0.0,0.0653,1.0933
07:54:33.673,1834.19,E 60 s / 60 s,2.7261,60.9,917504,5.12282,0.0027,0.3009,0.3572,0.3652,0.0018,0.0004,0.5358,0.0,0.0228,0.0,0.066,1.0732
07:54:35.673,1836.19,E 60 s / 60 s,2.7099,59.8,917504,5.1322,0.0031,0.3265,0.2363,0.3619,0.0016,0.0002,0.6167,0.0035,0.0313,0.0,0.0672,1.0615
07:54:37.673,1838.19,E 60 s / 60 s,2.4197,59.8,917504,5.14158,0.0033,0.2811,0.2275,0.3703,0.0002,0.0004,0.5391,0.0,0.0334,0.0,0.0704,0.8939
07:54:39.673,1840.19,E 60 s / 60 s,2.5059,59.3,917504,5.12282,0.0031,0.302,0.3436,0.3654,0.0018,0.0004,0.5103,0.0071,0.026,0.0,0.0648,0.8814
07:54:41.673,1842.19,E 60 s / 60 s,2.4461,58.7,917504,5.12952,0.0033,0.2826,0.2869,0.3688,0.0018,0.0004,0.5197,0.0176,0.027,0.0,0.0697,0.8682
07:54:43.678,1844.19,E 60 s / 60 s,2.4389,57.6,917504,5.14292,0.0025,0.3018,0.2222,0.3592,0.0008,0.0002,0.5616,0.0,0.0411,0.0,0.0685,0.8811
07:54:45.673,1846.19,E 60 s / 60 s,2.4977,57.6,917504,5.12282,0.0031,0.3014,0.3577,0.367,0.0016,0.0002,0.4971,0.0,0.026,0.0,0.068,0.8756
07:54:47.673,1848.19,E 60 s / 60 s,2.4318,57.6,917504,5.1322,0.0035,0.2755,0.2888,0.3688,0.0016,0.0002,0.5418,0.0035,0.0313,0.0,0.0673,0.8495
07:54:49.673,1850.19,E 60 s / 60 s,2.6049,57.6,917504,5.14024,0.0031,0.3767,0.3585,0.3697,0.0004,0.0002,0.5365,0.0,0.0293,0.0,0.0693,0.8611
07:54:51.673,1852.19,E 60 s / 60 s,2.4679,57.1,917504,5.1456,0.0028,0.3153,0.2885,0.3652,0.0,0.0,0.5383,0.0071,0.0292,0.0,0.0717,0.8499
07:54:53.673,1854.19,E 60 s / 60 s,2.4628,56.5,917504,5.12282,0.0027,0.3788,0.222,0.3643,0.0002,0.0004,0.5233,0.0106,0.0357,0.0,0.0691,0.8557
07:54:55.673,1856.19,E 60 s / 60 s,2.5357,56.5,917504,5.13354,0.0029,0.377,0.2887,0.3697,0.0004,0.0002,0.5398,0.0,0.0303,0.0,0.0648,0.8618
07:54:57.673,1858.19,E 60 s / 60 s,2.3562,56.0,917504,5.13622,0.0032,0.28,0.2515,0.367,0.0016,0.0,0.5135,0.0035,0.0281,0.0,0.071,0.8367
07:54:59.673,1860.19,E 60 s / 60 s,2.433,56.5,917504,5.13488,0.0031,0.2793,0.3203,0.3679,0.0002,0.0004,0.5171,0.0,0.0282,0.0,0.0731,0.8434
07:55:01.673,1862.19,E 60 s / 60 s,2.5169,56.0,917504,5.13488,0.0029,0.3028,0.373,0.3707,0.0004,0.0,0.5204,0.0035,0.0271,0.0,0.0666,0.8495
07:55:03.674,1864.19,E 60 s / 60 s,2.3562,56.0,917504,5.1456,0.0031,0.2812,0.2526,0.3671,0.0018,0.0,0.5198,0.0,0.0281,0.0,0.0722,0.8302
07:55:05.674,1866.19,E 60 s / 60 s,2.4581,56.0,917504,5.13354,0.0031,0.3029,0.3472,0.3644,0.0032,0.0,0.4938,0.0,0.0302,0.0,0.0697,0.8434
07:55:07.674,1868.19,E 60 s / 60 s,2.4483,55.4,917504,5.13086,0.0025,0.2795,0.3554,0.3661,0.0006,0.0,0.5171,0.0035,0.0249,0.0,0.0691,0.8296
07:55:09.674,1870.19,E 60 s / 60 s,2.391,55.4,917504,5.14962,0.0031,0.3028,0.2268,0.3679,0.0016,0.0002,0.5689,0.0,0.0292,0.0,0.0679,0.8226
07:55:11.678,1872.19,E 60 s / 60 s,2.4529,55.4,917504,5.14158,0.003,0.355,0.2537,0.3697,0.0,0.0004,0.541,0.0035,0.0357,0.0,0.068,0.8229
07:55:13.674,1874.19,E 60 s / 60 s,2.3713,56.0,917504,5.1456,0.0029,0.2768,0.2867,0.3724,0.0016,0.0002,0.5067,0.0035,0.0401,0.0,0.0697,0.8106
07:55:15.674,1876.19,E 60 s / 60 s,2.445,55.4,917504,5.13756,0.0027,0.2812,0.3575,0.3626,0.0004,0.0002,0.5107,0.0,0.0335,0.0,0.0731,0.8232
07:55:17.674,1878.19,E 60 s / 60 s,2.5869,54.9,917504,5.14828,0.0026,0.3542,0.3834,0.3666,0.0008,0.0002,0.5456,0.0,0.0377,0.0,0.0661,0.8296
07:55:19.674,1880.19,E 60 s / 60 s,2.3331,54.9,917504,5.1456,0.0031,0.2753,0.2528,0.3598,0.0006,0.0004,0.5131,0.0106,0.0259,0.0,0.0737,0.8177
07:55:21.675,1882.19,E 60 s / 60 s,8.7712,62.0,917504,5.02634,0.0028,0.3274,0.2251,0.4043,0.001,0.0,0.5422,0.0,0.2022,0.0038,0.0632,6.9992
07:55:23.680,1884.19,E 60 s / 60 s,7.6677,67.0,917504,4.94192,0.0031,0.3996,0.345,0.4426,0.0002,0.0004,0.5139,0.0,0.4541,0.0074,0.065,5.4364
07:55:25.680,1886.19,E 60 s / 60 s,10.0156,70.8,917504,4.90708,0.0027,0.3238,0.2188,0.402,0.0004,0.0002,0.542,0.0,0.3031,0.0056,0.065,8.152
07:55:27.675,1888.19,E 60 s / 60 s,7.0297,71.9,917504,4.8843,0.0029,0.3234,0.2238,0.3985,0.0012,0.0008,0.5236,0.0104,0.1451,0.008,0.0652,5.3268
07:55:29.675,1890.19,E 60 s / 60 s,10.0372,72.5,917504,5.01294,0.0031,0.3223,0.2307,0.4058,0.0006,0.0,0.5845,0.0103,0.1766,0.0009,0.0662,8.2362
07:55:31.680,1892.19,E 60 s / 60 s,6.5854,73.6,917504,4.91378,0.0035,0.3737,0.2229,0.4273,0.0004,0.0008,0.5125,0.0,0.4724,0.0115,0.0644,4.496
07:55:33.680,1894.19,E 60 s / 60 s,10.6167,74.7,917504,4.891,0.0039,0.4106,0.3523,0.4174,0.0008,0.0002,0.5358,0.0,0.4759,0.0,0.0638,8.3559
07:55:35.679,1896.19,E 60 s / 60 s,10.2031,75.7,917504,4.90574,0.0029,0.3757,0.2485,0.4076,0.0008,0.0002,0.5329,0.0104,0.1983,0.0047,0.0627,8.3585
07:55:37.679,1898.19,E 60 s / 60 s,10.1279,75.7,917504,4.88698,0.003,0.3976,0.2483,0.4129,0.0008,0.0008,0.5261,0.0,0.2683,0.008,0.0616,8.2006
07:55:39.679,1900.19,E 60 s / 60 s,9.4726,75.7,917504,5.0049,0.0029,0.3788,0.235,0.4065,0.0016,0.0002,0.5422,0.0034,0.4404,0.0,0.065,7.3966
07:55:41.680,1902.19,E 60 s / 60 s,5.9303,76.3,917504,4.99418,0.0027,0.4474,0.3354,0.376,0.0016,0.0002,0.5189,0.0,0.0345,0.0109,0.0618,4.1409
07:55:43.679,1904.19,E 60 s / 60 s,9.5759,76.8,917504,4.87492,0.0029,0.2965,0.2821,0.4269,0.0012,0.0002,0.5128,0.0,0.4427,0.0127,0.061,7.5367
07:55:45.679,1906.19,E 60 s / 60 s,7.2075,77.9,917504,4.86018,0.0032,0.3964,0.2317,0.4186,0.0004,0.0004,0.5842,0.0034,0.2323,0.005,0.0645,5.2673
07:55:47.683,1908.19,E 60 s / 60 s,9.5418,77.9,917504,4.89234,0.0029,0.35,0.2486,0.412,0.0004,0.0002,0.5492,0.0,0.3366,0.0138,0.0615,7.5666
07:55:49.680,1910.19,E 60 s / 60 s,8.3322,77.4,917504,4.9915,0.0033,0.3457,0.2314,0.4065,0.0018,0.0008,0.5229,0.0035,0.2674,0.0024,0.0636,6.4829
07:55:51.679,1912.19,E 60 s / 60 s,9.6623,77.4,917504,5.0786,0.0032,0.346,0.2269,0.4301,0.0016,0.0008,0.5976,0.0173,0.4742,0.014,0.0662,7.4844
07:55:53.683,1914.19,E 60 s / 60 s,10.3417,78.5,917504,4.87626,0.0031,0.3914,0.3534,0.4129,0.0012,0.0008,0.5383,0.0,0.1925,0.0059,0.0628,8.3795
07:55:55.683,1916.19,E 60 s / 60 s,10.0247,79.0,917504,4.96738,0.0027,0.3168,0.2208,0.4214,0.0008,0.0002,0.4938,0.0,0.3376,0.0,0.0635,8.1671
07:55:57.684,1918.19,E 60 s / 60 s,7.8848,78.5,917504,4.86554,0.0035,0.4043,0.2253,0.4043,0.0004,0.0008,0.591,0.0068,0.3236,0.0059,0.0651,5.8539
07:55:59.684,1920.19,E 60 s / 60 s,9.1103,78.5,917504,4.8977,0.0029,0.3952,0.3468,0.3913,0.0024,0.0002,0.5164,0.0,0.2339,0.0127,0.066,7.1425
07:56:01.684,1922.19,E 60 s / 60 s,9.5712,79.0,917504,4.97408,0.0031,0.3535,0.249,0.4177,0.0065,0.0002,0.5117,0.0,0.407,0.0062,0.0631,7.5533
07:56:03.683,1924.19,E 60 s / 60 s,10.4108,79.0,917504,4.8843,0.0037,0.3148,0.2843,0.3871,0.0006,0.0008,0.5624,0.0,0.1995,0.005,0.0647,8.5879
07:56:05.683,1926.19,E 60 s / 60 s,9.7232,79.0,917504,4.92048,0.0033,0.3937,0.2838,0.4478,0.0004,0.0002,0.5756,0.0103,0.2238,0.0021,0.065,7.7172
07:56:07.683,1928.19,E 60 s / 60 s,10.075,79.0,917504,5.08128,0.0032,0.3924,0.3189,0.4318,0.0016,0.0002,0.5317,0.0,0.3358,0.0101,0.0628,7.9864
07:56:09.687,1930.2,E 60 s / 60 s,10.0224,79.6,917504,4.97676,0.0039,0.391,0.2815,0.4232,0.0016,0.0002,0.5293,0.0,0.2343,0.0035,0.063,8.0908
07:56:11.691,1932.2,E 60 s / 60 s,9.6841,80.7,917504,4.86688,0.0029,0.3924,0.2447,0.4217,0.0008,0.0004,0.5459,0.0442,0.3891,0.0071,0.0631,7.5718
07:56:13.688,1934.2,E 60 s / 60 s,10.2613,79.6,917504,4.99418,0.0027,0.4632,0.3508,0.4442,0.0012,0.0008,0.5469,0.0,0.4733,0.0151,0.0631,7.9001
07:56:15.687,1936.2,E 60 s / 60 s,10.2302,80.1,917504,4.9446,0.0026,0.3901,0.3523,0.406,0.0002,0.0008,0.5345,0.0137,0.2174,0.0062,0.0624,8.2438
07:56:17.687,1938.2,E 60 s / 60 s,9.5806,81.2,917504,4.86688,0.0031,0.4685,0.2836,0.4266,0.0016,0.0008,0.5408,0.0276,0.1869,0.0068,0.0633,7.571
07:56:19.688,1940.2,E 60 s / 60 s,8.5259,80.1,917504,4.89636,0.0027,0.3429,0.351,0.4255,0.0012,0.0002,0.5425,0.0136,0.2372,0.0021,0.0628,6.544
07:56:21.683,1942.2,E 60 s / 60 s,3.5382,72.5,917504,5.0853,0.0028,0.3731,0.2522,0.3879,0.0004,0.0002,0.5365,0.0,0.0593,0.0,0.068,1.8577
07:56:23.683,1944.2,E 60 s / 60 s,3.3309,68.6,917504,5.0987,0.003,0.2979,0.2334,0.3786,0.0004,0.0002,0.5398,0.014,0.0281,0.0,0.07,1.7654
07:56:25.684,1946.2,E 60 s / 60 s,2.5938,65.9,917504,5.13488,0.0035,0.2796,0.2865,0.3643,0.0002,0.0004,0.5204,0.0035,0.0584,0.0,0.0672,1.0097
07:56:27.684,1948.2,E 60 s / 60 s,2.5649,64.8,917504,5.12282,0.0029,0.3002,0.2282,0.3667,0.0008,0.0002,0.5946,0.0106,0.0315,0.0,0.0646,0.9647
07:56:29.684,1950.2,E 60 s / 60 s,2.6886,62.6,917504,5.12952,0.0033,0.3687,0.3583,0.3688,0.0032,0.0002,0.539,0.0,0.0292,0.0,0.066,0.9518
07:56:31.684,1952.2,E 60 s / 60 s,2.539,60.9,917504,5.13488,0.0026,0.2871,0.321,0.3672,0.0016,0.0004,0.527,0.0,0.0302,0.0,0.0684,0.9336
07:56:33.684,1954.2,E 60 s / 60 s,2.5771,60.9,917504,5.13756,0.0031,0.3511,0.2523,0.3627,0.0016,0.0004,0.5907,0.0106,0.0345,0.0,0.0698,0.9004
07:56:35.684,1956.2,E 60 s / 60 s,2.5269,59.3,917504,5.13488,0.0027,0.2824,0.3539,0.3741,0.0008,0.0002,0.5229,0.0,0.0282,0.0,0.0672,0.8946
07:56:37.684,1958.2,E 60 s / 60 s,2.525,59.3,917504,5.13488,0.0029,0.3021,0.3577,0.3668,0.0018,0.0004,0.5102,0.0035,0.028,0.0,0.0705,0.8811
07:56:39.684,1960.2,E 60 s / 60 s,2.4677,58.7,917504,5.13354,0.003,0.301,0.2354,0.3643,0.0002,0.0004,0.5886,0.0,0.0281,0.0,0.0653,0.8814
07:56:41.684,1962.2,E 60 s / 60 s,2.5492,59.3,917504,5.12282,0.0029,0.3706,0.2879,0.3643,0.0006,0.0004,0.5365,0.0,0.0324,0.0,0.066,0.8875
07:56:43.684,1964.2,E 60 s / 60 s,2.3907,58.7,917504,5.14158,0.0032,0.284,0.2261,0.3697,0.0006,0.0004,0.5427,0.0,0.026,0.0,0.0704,0.8676
07:56:45.684,1966.2,E 60 s / 60 s,2.4978,57.1,917504,5.12818,0.0026,0.3137,0.2515,0.3742,0.0016,0.0004,0.5713,0.0035,0.0345,0.0,0.0705,0.874
07:56:47.684,1968.2,E 60 s / 60 s,2.5281,58.2,917504,5.1456,0.0031,0.3008,0.3724,0.3654,0.0018,0.0004,0.5151,0.0035,0.0292,0.0,0.0678,0.8685
07:56:49.685,1970.2,E 60 s / 60 s,2.362,57.1,917504,5.14158,0.0032,0.2847,0.2227,0.3637,0.0016,0.0,0.5394,0.0,0.0281,0.0,0.0697,0.8489
07:56:51.685,1972.2,E 60 s / 60 s,2.4467,56.5,917504,5.14292,0.0026,0.3013,0.2374,0.3742,0.0016,0.0,0.5713,0.0106,0.0348,0.0,0.0705,0.8425
07:56:53.685,1974.2,E 60 s / 60 s,2.5312,57.1,917504,5.13354,0.0028,0.3025,0.3557,0.3773,0.001,0.0004,0.527,0.0035,0.0248,0.0,0.068,0.8682
07:56:55.685,1976.2,E 60 s / 60 s,2.514,56.5,917504,5.1389,0.0027,0.303,0.2221,0.3637,0.0016,0.0,0.5426,0.0106,0.0271,0.0,0.0698,0.9707
07:56:57.689,1978.2,E 60 s / 60 s,2.5598,56.0,917504,5.1389,0.0031,0.3752,0.3405,0.367,0.0016,0.0002,0.5084,0.0,0.0281,0.0,0.0674,0.8682
07:56:59.685,1980.2,E 60 s / 60 s,2.4153,56.0,917504,5.13354,0.0035,0.2781,0.2895,0.3679,0.0006,0.0002,0.5139,0.0142,0.0412,0.0,0.0692,0.837
07:57:01.685,1982.2,E 60 s / 60 s,2.4398,55.4,917504,5.14158,0.0033,0.3152,0.235,0.3662,0.0034,0.0004,0.5737,0.0035,0.0336,0.0,0.0691,0.8364
07:57:03.685,1984.2,E 60 s / 60 s,2.4845,55.4,917504,5.1389,0.0031,0.3043,0.3589,0.3635,0.0008,0.0002,0.5199,0.0071,0.0195,0.0,0.0718,0.8354
07:57:05.685,1986.2,E 60 s / 60 s,2.4119,55.4,917504,5.1456,0.0028,0.2881,0.2869,0.3617,0.0002,0.0004,0.5132,0.0035,0.0292,0.0,0.0699,0.856
07:57:07.685,1988.2,E 60 s / 60 s,2.4215,55.4,917504,5.14426,0.0031,0.3019,0.2362,0.368,0.0008,0.0,0.5745,0.0,0.04,0.0,0.0674,0.8296
07:57:09.685,1990.2,E 60 s / 60 s,2.4646,56.0,917504,5.13488,0.0032,0.2801,0.3552,0.3672,0.0,0.0004,0.5199,0.0,0.0508,0.0,0.071,0.8168
07:57:11.685,1992.2,E 60 s / 60 s,2.3556,54.9,917504,5.1456,0.003,0.2786,0.2523,0.3697,0.0004,0.0,0.5424,0.0,0.0281,0.0,0.0699,0.8112
07:57:13.685,1994.2,E 60 s / 60 s,2.4131,54.3,917504,5.14158,0.0028,0.3028,0.2371,0.3661,0.0006,0.0004,0.5752,0.0071,0.0357,0.0,0.0686,0.8168
07:57:15.685,1996.2,E 60 s / 60 s,2.5021,54.9,917504,5.1456,0.0031,0.3294,0.3566,0.3725,0.0002,0.0,0.5031,0.0106,0.0367,0.0,0.0731,0.8168
07:57:17.690,1998.2,E 60 s / 60 s,2.46,53.8,917504,5.14158,0.0027,0.4038,0.2242,0.3671,0.0004,0.0004,0.5377,0.0035,0.0292,0.0,0.0742,0.8168
07:57:19.686,2000.2,E 60 s / 60 s,2.5117,53.8,917504,5.14292,0.0025,0.4005,0.2381,0.3637,0.0016,0.0002,0.5816,0.0,0.0313,0.0,0.0693,0.8229
07:57:21.687,2002.2,E 60 s / 60 s,9.6383,62.6,917504,5.03438,0.0025,0.366,0.2227,0.4234,0.0016,0.0002,0.5383,0.0,0.2659,0.0068,0.0715,7.7394
07:57:23.688,2004.2,E 60 s / 60 s,9.8211,67.0,917504,4.9982,0.0029,0.3017,0.2317,0.4085,0.0016,0.0008,0.5393,0.0,0.2349,0.0153,0.0624,8.0219
07:57:25.691,2006.2,E 60 s / 60 s,8.4833,69.2,917504,4.95264,0.0035,0.3257,0.2225,0.4229,0.0006,0.0008,0.5527,0.0139,0.4926,0.0103,0.0672,6.3705
07:57:27.687,2008.2,E 60 s / 60 s,9.8087,71.9,917504,4.90306,0.0031,0.2993,0.3444,0.4111,0.0004,0.0004,0.5294,0.0,0.1663,0.003,0.0649,7.9864
07:57:29.691,2010.2,E 60 s / 60 s,7.0028,72.5,917504,4.97274,0.0035,0.4495,0.2499,0.4381,0.0004,0.0008,0.5765,0.0,0.3666,0.0104,0.068,4.8393
07:57:31.687,2012.2,E 60 s / 60 s,6.8305,74.7,917504,5.0987,0.0033,0.4019,0.3176,0.3875,0.0006,0.0002,0.4978,0.0,0.2653,0.0147,0.0687,4.8729
07:57:33.691,2014.2,E 60 s / 60 s,10.0084,74.7,917504,4.98748,0.0033,0.3412,0.2316,0.4131,0.0034,0.0002,0.5298,0.0173,0.2533,0.0059,0.0648,8.1443
07:57:35.687,2016.2,E 60 s / 60 s,10.0934,75.2,917504,4.9312,0.0029,0.3223,0.2339,0.4026,0.0016,0.0002,0.5669,0.0,0.4741,0.0098,0.0674,8.0117
07:57:37.691,2018.2,E 60 s / 60 s,9.9842,76.3,917504,4.8776,0.003,0.451,0.2834,0.4322,0.0012,0.0008,0.5456,0.0,0.3908,0.0154,0.0629,7.7978
07:57:39.696,2020.2,E 60 s / 60 s,8.2767,76.3,917504,4.90842,0.0028,0.4208,0.3211,0.4123,0.0016,0.0008,0.5142,0.0,0.2011,0.0053,0.0623,6.3342
07:57:41.692,2022.2,E 60 s / 60 s,6.4633,76.3,917504,4.9982,0.0027,0.3009,0.2465,0.3857,0.0008,0.0002,0.5398,0.0,0.0226,0.0,0.0638,4.9004
07:57:43.691,2024.2,E 60 s / 60 s,7.8253,77.9,917504,4.86822,0.003,0.3142,0.3912,0.4041,0.0016,0.0002,0.5099,0.0068,0.3027,0.0062,0.0639,5.8214
07:57:45.688,2026.2,E 60 s / 60 s,7.0722,76.8,917504,4.9312,0.0029,0.3867,0.2842,0.4146,0.0008,0.0002,0.5229,0.0,0.5181,0.0074,0.063,4.8713
07:57:47.691,2028.2,E 60 s / 60 s,9.9354,77.9,917504,5.00088,0.0027,0.2973,0.2242,0.4302,0.0004,0.0008,0.5305,0.0,0.4225,0.0089,0.0628,7.9551
07:57:49.691,2030.2,E 60 s / 60 s,7.9674,78.5,917504,4.97944,0.003,0.3968,0.2325,0.4423,0.0008,0.0004,0.5842,0.0,0.5457,0.0009,0.0652,5.6957
07:57:51.695,2032.2,E 60 s / 60 s,10.117,79.0,917504,4.8776,0.0031,0.3354,0.2809,0.4141,0.0008,0.0002,0.5398,0.0,0.243,0.0059,0.0651,8.2288
07:57:53.692,2034.2,E 60 s / 60 s,9.5095,79.0,917504,4.8709,0.0034,0.3959,0.2483,0.4179,0.0018,0.0008,0.5782,0.0068,0.409,0.0,0.0653,7.382
07:57:55.692,2036.2,E 60 s / 60 s,9.1475,79.0,917504,4.9178,0.0026,0.2944,0.3523,0.3949,0.0008,0.0004,0.5264,0.0,0.1984,0.0015,0.0649,7.3108
07:57:57.691,2038.2,E 60 s / 60 s,10.0372,77.4,917504,4.87492,0.0034,0.3468,0.354,0.4269,0.0016,0.0002,0.4909,0.0,0.3845,0.0103,0.063,7.9555
07:57:59.695,2040.2,E 60 s / 60 s,7.6018,79.0,917504,4.96336,0.0029,0.3582,0.2827,0.431,0.0016,0.0008,0.5944,0.0069,0.4429,0.0074,0.063,5.41
07:58:01.692,2042.2,E 60 s / 60 s,9.4469,80.1,917504,4.8642,0.0031,0.3816,0.2811,0.4106,0.002,0.0008,0.5883,0.0,0.2682,0.0,0.0615,7.4497
07:58:03.691,2044.2,E 60 s / 60 s,6.324,79.6,917504,4.84812,0.0027,0.4024,0.221,0.4585,0.0008,0.0008,0.5842,0.0136,0.2014,0.0133,0.0656,4.3598
07:58:05.691,2046.2,E 60 s / 60 s,6.5994,79.6,917504,4.97274,0.0031,0.395,0.3535,0.4592,0.0018,0.0002,0.5907,0.0,0.4042,0.0062,0.0639,4.3216
07:58:07.695,2048.2,E 60 s / 60 s,6.6783,80.1,917504,4.95264,0.0034,0.4691,0.3536,0.4056,0.0018,0.0008,0.535,0.0,0.3219,0.0095,0.0636,4.5139
07:58:09.692,2050.2,E 60 s / 60 s,8.3895,80.7,917504,4.9513,0.0031,0.3456,0.2501,0.4107,0.0012,0.0002,0.5716,0.0136,0.3201,0.0035,0.0634,6.4064
07:58:11.688,2052.2,E 60 s / 60 s,3.4891,72.5,917504,5.10808,0.0031,0.2963,0.3536,0.3723,0.0016,0.0002,0.5197,0.0,0.0238,0.0,0.0685,1.8501
07:58:13.688,2054.2,E 60 s / 60 s,3.298,69.2,917504,5.1121,0.0032,0.2765,0.2505,0.3812,0.0016,0.0004,0.5263,0.007,0.027,0.0,0.0676,1.7567
07:58:15.695,2056.2,E 60 s / 60 s,4.6246,68.6,917504,5.04912,0.0027,0.3761,0.3566,0.4131,0.0016,0.0002,0.5395,0.0,0.4756,0.0107,0.0691,2.3793
07:58:17.695,2058.2,E 60 s / 60 s,9.9104,75.7,917504,4.88832,0.0029,0.3966,0.2487,0.3893,0.0004,0.0008,0.5737,0.0102,0.2611,0.0036,0.065,7.958
07:58:19.699,2060.2,E 60 s / 60 s,8.419,76.8,917504,4.88832,0.0031,0.3966,0.2792,0.4592,0.0016,0.0008,0.5132,0.0,0.3397,0.0136,0.0614,6.3506
07:58:21.691,2062.2,E 60 s / 60 s,3.3348,69.7,917504,5.0987,0.0031,0.2984,0.2236,0.376,0.0008,0.0002,0.5556,0.0,0.0206,0.0,0.0675,1.7889
07:58:23.691,2064.2,E 60 s / 60 s,3.421,67.5,917504,5.0987,0.0032,0.3492,0.251,0.3777,0.0012,0.0008,0.5881,0.007,0.0391,0.0,0.0687,1.7348
07:58:25.691,2066.2,E 60 s / 60 s,3.2421,65.3,917504,5.11478,0.0026,0.2808,0.2876,0.3775,0.0018,0.0008,0.51,0.007,0.0325,0.0,0.0689,1.6727
07:58:27.692,2068.2,E 60 s / 60 s,2.5728,63.1,917504,5.12148,0.0028,0.2999,0.2346,0.365,0.0008,0.0004,0.6026,0.0141,0.0259,0.0,0.0685,0.9582
07:58:29.692,2070.2,E 60 s / 60 s,2.4212,62.0,917504,5.12818,0.0032,0.2801,0.2337,0.369,0.0016,0.0,0.5188,0.0,0.0259,0.0,0.0692,0.9197
07:58:31.692,2072.2,E 60 s / 60 s,2.4821,60.4,917504,5.12282,0.0031,0.2999,0.2272,0.3724,0.0016,0.0004,0.5637,0.0071,0.0325,0.0,0.0679,0.9064
07:58:33.692,2074.2,E 60 s / 60 s,2.5152,59.8,917504,5.1389,0.003,0.3514,0.2535,0.3672,0.0016,0.0002,0.5318,0.0,0.0302,0.0,0.0755,0.9007
07:58:35.692,2076.2,E 60 s / 60 s,2.9513,58.7,917504,5.1389,0.0033,0.3274,0.2369,0.3679,0.0016,0.0002,0.5753,0.0,0.0305,0.0,0.0641,1.3441
07:58:37.692,2078.2,E 60 s / 60 s,2.4274,58.7,917504,5.1389,0.0035,0.3011,0.2247,0.3654,0.0016,0.0002,0.5456,0.0,0.0281,0.0,0.0696,0.8875
07:58:39.692,2080.2,E 60 s / 60 s,2.6355,57.6,917504,5.13622,0.0027,0.3011,0.3464,0.3715,0.0016,0.0,0.5487,0.0,0.0216,0.0,0.0698,0.9722
07:58:41.692,2082.2,E 60 s / 60 s,2.49,58.2,917504,5.13756,0.0026,0.2851,0.3231,0.3707,0.0016,0.0002,0.5117,0.0106,0.0401,0.0,0.0697,0.8746
07:58:43.692,2084.2,E 60 s / 60 s,2.4049,58.7,917504,5.13354,0.0035,0.3033,0.2258,0.3626,0.0006,0.0004,0.553,0.0106,0.0216,0.0,0.0685,0.855
07:58:45.692,2086.2,E 60 s / 60 s,2.5314,57.1,917504,5.12818,0.0027,0.3025,0.3501,0.3672,0.0016,0.0,0.5381,0.0,0.0259,0.0,0.0686,0.8746
07:58:47.692,2088.2,E 60 s / 60 s,2.4051,57.1,917504,5.13354,0.0034,0.3032,0.2275,0.3611,0.0016,0.0004,0.5671,0.0,0.0271,0.0,0.0648,0.8489
07:58:49.692,2090.2,E 60 s / 60 s,2.397,57.6,917504,5.1389,0.0027,0.302,0.224,0.3637,0.0016,0.0004,0.5491,0.0,0.0281,0.0,0.0698,0.8557
07:58:51.692,2092.21,E 60 s / 60 s,2.456,56.5,917504,5.1322,0.0029,0.2918,0.2879,0.3619,0.0016,0.0002,0.5654,0.0,0.0249,0.0,0.0705,0.8489
07:58:53.692,2094.21,E 60 s / 60 s,2.4294,56.5,917504,5.13622,0.0031,0.2803,0.2361,0.36,0.0016,0.0002,0.5961,0.0,0.0334,0.0,0.0697,0.8489
07:58:55.697,2096.21,E 60 s / 60 s,2.4409,56.5,917504,5.14292,0.0029,0.3011,0.2381,0.367,0.0032,0.0,0.5777,0.0071,0.0313,0.0,0.0698,0.8425
07:58:57.693,2098.21,E 60 s / 60 s,2.3786,56.5,917504,5.14024,0.0027,0.2787,0.2531,0.3617,0.0002,0.0004,0.5318,0.0071,0.0314,0.0,0.069,0.8425
07:58:59.693,2100.21,E 60 s / 60 s,2.4458,56.5,917504,5.14024,0.0033,0.3023,0.2381,0.3661,0.0006,0.0,0.5947,0.0,0.0315,0.0,0.0666,0.8425
07:59:01.693,2102.21,E 60 s / 60 s,2.4195,56.0,917504,5.14292,0.003,0.3052,0.255,0.3626,0.0018,0.0,0.5473,0.0071,0.0347,0.0,0.0673,0.8354
07:59:03.693,2104.21,E 60 s / 60 s,2.4303,56.0,917504,5.1389,0.0031,0.2804,0.2529,0.3661,0.0008,0.0,0.5689,0.0035,0.0552,0.0,0.0697,0.8296
07:59:05.793,2106.21,E 60 s / 60 s,2.467,56.0,917504,5.13622,0.0028,0.3026,0.3241,0.3643,0.0004,0.0004,0.5368,0.0,0.026,0.0,0.0662,0.8434
07:59:07.693,2108.21,E 60 s / 60 s,2.3488,54.9,917504,5.13756,0.0032,0.2762,0.2544,0.3696,0.0018,0.0002,0.51,0.0,0.0249,0.0,0.0716,0.837
07:59:09.693,2110.21,E 60 s / 60 s,2.3749,55.4,917504,5.14024,0.0031,0.2804,0.2275,0.3633,0.0008,0.0,0.5683,0.0071,0.0302,0.0,0.0698,0.8244
07:59:11.693,2112.21,E 60 s / 60 s,2.4329,55.4,917504,5.14024,0.0031,0.3049,0.2406,0.368,0.0032,0.0,0.5713,0.0,0.0357,0.0,0.0697,0.8364
07:59:13.693,2114.21,E 60 s / 60 s,2.4077,54.9,917504,5.1456,0.0031,0.2788,0.3241,0.3688,0.0006,0.0004,0.4956,0.0106,0.0238,0.0,0.0718,0.8299
07:59:15.693,2116.21,E 60 s / 60 s,2.4012,55.4,917504,5.14694,0.0025,0.3041,0.2249,0.3654,0.0016,0.0004,0.568,0.0071,0.0367,0.0,0.0673,0.8232
07:59:17.693,2118.21,E 60 s / 60 s,2.4656,54.9,917504,5.14024,0.003,0.3565,0.2542,0.3654,0.0008,0.0,0.5433,0.0,0.0399,0.0,0.073,0.8293
07:59:19.697,2120.21,E 60 s / 60 s,2.5368,54.3,917504,5.1389,0.0026,0.3793,0.3224,0.3619,0.0016,0.0004,0.5426,0.0,0.026,0.0,0.0697,0.8302
07:59:21.699,2122.21,E 60 s / 60 s,9.7036,63.1,917504,4.92584,0.0027,0.3512,0.2226,0.412,0.0032,0.0002,0.5298,0.0518,0.453,0.0003,0.0645,7.6124
07:59:23.695,2124.21,E 60 s / 60 s,9.1805,67.0,917504,5.01696,0.0033,0.3503,0.2327,0.4185,0.0006,0.0,0.5939,0.0,0.2854,0.0059,0.0688,7.2213
07:59:25.695,2126.21,E 60 s / 60 s,9.8579,69.2,917504,4.98346,0.0031,0.3026,0.2339,0.409,0.0004,0.0004,0.5204,0.0069,0.3184,0.0074,0.0642,7.9913
07:59:27.699,2128.21,E 60 s / 60 s,6.6067,72.5,917504,4.87894,0.0033,0.4257,0.3536,0.4054,0.0004,0.0002,0.5391,0.0,0.1979,0.0021,0.0663,4.6128
07:59:29.699,2130.21,E 60 s / 60 s,8.0861,73.6,917504,5.02098,0.0033,0.45,0.2524,0.4195,0.0006,0.0008,0.5396,0.0035,0.4206,0.013,0.0695,5.9134
07:59:31.695,2132.21,E 60 s / 60 s,10.1906,74.1,917504,4.8709,0.0027,0.4003,0.251,0.4123,0.0004,0.0008,0.5818,0.0068,0.3356,0.0053,0.067,8.1265
07:59:33.695,2134.21,E 60 s / 60 s,6.8153,74.1,917504,4.89502,0.003,0.3801,0.2551,0.4355,0.0004,0.0002,0.5368,0.0034,0.2849,0.0015,0.0659,4.8484
07:59:35.700,2136.21,E 60 s / 60 s,7.0729,74.7,917504,4.99418,0.003,0.4482,0.2507,0.4287,0.0008,0.0002,0.6053,0.0,0.4832,0.0089,0.0661,4.7779
07:59:37.695,2138.21,E 60 s / 60 s,10.2476,76.8,917504,4.87626,0.003,0.3234,0.2262,0.4047,0.0004,0.0004,0.5648,0.0,0.1946,0.0083,0.0649,8.4569
07:59:39.699,2140.21,E 60 s / 60 s,10.3446,77.9,917504,4.8441,0.003,0.3477,0.2324,0.423,0.0008,0.0004,0.582,0.0,0.2655,0.013,0.0652,8.4115
07:59:41.699,2142.21,E 60 s / 60 s,10.246,77.9,917504,4.86554,0.0029,0.3707,0.2269,0.4079,0.0016,0.0008,0.5487,0.0,0.2331,0.0115,0.0659,8.3759
07:59:43.699,2144.21,E 60 s / 60 s,8.8476,77.4,917504,4.99418,0.0029,0.3594,0.2818,0.4146,0.0016,0.0008,0.5169,0.0068,0.2162,0.0024,0.0622,6.982
07:59:45.702,2146.21,E 60 s / 60 s,4.5464,77.9,917504,4.9781,0.0039,0.2973,0.2875,0.4354,0.0008,0.0004,0.5229,0.0,0.0345,0.0053,0.0629,2.8956
07:59:47.699,2148.21,E 60 s / 60 s,9.376,79.0,917504,4.86688,0.0031,0.3901,0.2832,0.4035,0.0018,0.0002,0.5376,0.0,0.0595,0.0059,0.0625,7.6287
07:59:49.699,2150.21,E 60 s / 60 s,6.6783,79.0,917504,4.9312,0.0032,0.4868,0.2836,0.454,0.0016,0.0008,0.5392,0.0272,0.5081,0.01,0.0651,4.2987
07:59:51.699,2152.21,E 60 s / 60 s,8.2589,79.0,917504,4.89636,0.003,0.3442,0.2863,0.4146,0.001,0.0,0.5167,0.0,0.1638,0.005,0.0623,6.462
07:59:53.699,2154.21,E 60 s / 60 s,7.082,78.5,917504,4.9513,0.0027,0.4892,0.2199,0.4505,0.0008,0.0008,0.5408,0.0,0.4741,0.0065,0.0652,4.8316
07:59:55.699,2156.21,E 60 s / 60 s,9.6349,79.6,917504,4.87224,0.0032,0.3941,0.2474,0.3926,0.0018,0.0002,0.5201,0.0,0.2179,0.0,0.0626,7.795
07:59:57.699,2158.21,E 60 s / 60 s,9.7748,80.1,917504,4.8709,0.0032,0.3942,0.2821,0.4514,0.0002,0.0002,0.5333,0.0,0.4908,0.0,0.0662,7.5532
07:59:59.699,2160.21,E 60 s / 60 s,9.8791,79.6,917504,4.99284,0.0033,0.3261,0.2313,0.4231,0.0006,0.0008,0.5511,0.0,0.3171,0.0079,0.0645,7.9532
08:00:01.701,2162.21,E 60 s / 60 s,8.3456,81.8,917504,4.8977,0.0033,0.3968,0.2296,0.4322,0.0012,0.0008,0.5816,0.0034,0.2856,0.0056,0.0655,6.3399
08:00:03.700,2164.21,E 60 s / 60 s,10.29,77.9,917504,4.86688,0.0027,0.2983,0.3594,0.441,0.0008,0.0002,0.5553,0.0207,0.4701,0.013,0.0633,8.0653
08:00:05.699,2166.21,E 60 s / 60 s,8.6307,79.6,917504,4.87626,0.0029,0.3936,0.2325,0.4488,0.0,0.0002,0.5512,0.0035,0.492,0.0136,0.0651,6.4273
08:00:07.699,2168.21,E 60 s / 60 s,10.3322,80.7,917504,4.87224,0.0029,0.3367,0.2292,0.4109,0.0008,0.0002,0.5197,0.0204,0.235,0.0065,0.0633,8.5068
08:00:09.699,2170.21,E 60 s / 60 s,8.8291,80.7,917504,4.99954,0.0031,0.3875,0.3526,0.4164,0.0004,0.0004,0.5878,0.0,0.2584,0.0012,0.0633,6.7581
08:00:11.703,2172.21,E 60 s / 60 s,9.2781,81.2,917504,4.99284,0.0032,0.3426,0.2818,0.4159,0.0016,0.0004,0.5183,0.0,0.1995,0.0006,0.0621,7.4521
08:00:13.701,2174.21,E 60 s / 60 s,7.6097,80.7,917504,4.9312,0.003,0.352,0.2324,0.4255,0.0004,0.0002,0.5149,0.0,0.3362,0.008,0.0605,5.6766
08:00:15.696,2176.21,E 60 s / 60 s,3.5975,73.0,917504,5.09468,0.0029,0.2983,0.2249,0.3914,0.0008,0.0004,0.5456,0.007,0.0571,0.0,0.0674,2.0017
08:00:17.696,2178.21,E 60 s / 60 s,3.5239,69.2,917504,5.0987,0.0031,0.3673,0.3558,0.3875,0.0006,0.0004,0.5401,0.0,0.0335,0.0,0.063,1.7725
08:00:19.703,2180.21,E 60 s / 60 s,9.6966,72.5,917504,4.88966,0.0027,0.3454,0.2519,0.4486,0.0032,0.0,0.5229,0.0102,0.3417,0.0109,0.0603,7.6988
08:00:21.699,2182.21,E 60 s / 60 s,2.5944,68.1,917504,5.12952,0.0028,0.2924,0.2512,0.3689,0.0012,0.0004,0.5171,0.0141,0.0226,0.0,0.069,1.0547
08:00:23.699,2184.21,E 60 s / 60 s,2.5471,65.3,917504,5.1389,0.0029,0.2984,0.2268,0.3602,0.0016,0.0004,0.5542,0.007,0.0356,0.0,0.0696,0.9904
08:00:25.699,2186.21,E 60 s / 60 s,2.5917,63.1,917504,5.12014,0.003,0.2997,0.3515,0.3652,0.0008,0.0002,0.506,0.0035,0.0357,0.0,0.0678,0.9582
08:00:27.699,2188.21,E 60 s / 60 s,2.4606,62.0,917504,5.13622,0.0026,0.3036,0.2251,0.3644,0.0008,0.0004,0.5229,0.0,0.04,0.0,0.0683,0.9325
08:00:29.699,2190.21,E 60 s / 60 s,2.7517,60.9,917504,5.13756,0.0027,0.3871,0.2876,0.3672,0.0008,0.0002,0.5383,0.0071,0.0259,0.0,0.0673,1.0676
08:00:31.699,2192.21,E 60 s / 60 s,2.5835,60.9,917504,5.12818,0.0029,0.3,0.3483,0.3654,0.0004,0.0002,0.5157,0.0035,0.0725,0.0,0.0667,0.9078
08:00:33.700,2194.21,E 60 s / 60 s,2.4147,59.8,917504,5.14024,0.0036,0.2816,0.2219,0.3697,0.0004,0.0002,0.5401,0.0035,0.0292,0.0,0.0703,0.8943
08:00:35.704,2196.21,E 60 s / 60 s,2.9724,59.8,917504,5.14024,0.0028,0.3766,0.2879,0.3643,0.0008,0.0004,0.5724,0.0,0.0227,0.0,0.0647,1.2798
08:00:37.700,2198.21,E 60 s / 60 s,2.5143,58.7,917504,5.13488,0.0028,0.3016,0.3414,0.375,0.0018,0.0004,0.5107,0.0,0.0249,0.0,0.0678,0.8878
08:00:39.700,2200.21,E 60 s / 60 s,2.4317,58.2,917504,5.14024,0.0029,0.3014,0.2236,0.3608,0.0004,0.0002,0.543,0.0141,0.0432,0.0,0.0671,0.875
08:00:41.700,2202.21,E 60 s / 60 s,2.5463,58.2,917504,5.13622,0.0031,0.3009,0.3233,0.3707,0.0004,0.0004,0.5236,0.0071,0.0575,0.0,0.0718,0.8875
08:00:43.700,2204.21,E 60 s / 60 s,2.4406,58.2,917504,5.13488,0.0027,0.2763,0.2517,0.3688,0.0002,0.0002,0.5132,0.0106,0.0835,0.0,0.0717,0.8618
08:00:45.700,2206.21,E 60 s / 60 s,2.4261,57.6,917504,5.13622,0.0033,0.3022,0.2287,0.367,0.0002,0.0002,0.5648,0.0071,0.0217,0.0,0.0691,0.8618
08:00:47.700,2208.21,E 60 s / 60 s,2.4348,57.6,917504,5.14292,0.0035,0.3011,0.2244,0.3684,0.0004,0.0004,0.5456,0.0035,0.0563,0.0,0.0698,0.8614
08:00:49.700,2210.21,E 60 s / 60 s,2.3974,57.1,917504,5.14426,0.0033,0.2803,0.236,0.3689,0.0006,0.0004,0.5376,0.0106,0.0411,0.0,0.0698,0.8489
08:00:51.700,2212.21,E 60 s / 60 s,2.5986,56.5,917504,5.1389,0.0033,0.3262,0.3569,0.3679,0.0004,0.0002,0.5915,0.0071,0.0238,0.0,0.0661,0.8553
08:00:53.700,2214.21,E 60 s / 60 s,2.4812,56.5,917504,5.1255,0.0035,0.3012,0.3557,0.3697,0.0006,0.0,0.4955,0.0071,0.0194,0.0,0.0729,0.8557
08:00:55.700,2216.21,E 60 s / 60 s,2.4634,56.5,917504,5.13488,0.0027,0.3013,0.321,0.3672,0.0016,0.0,0.5037,0.0071,0.0324,0.0,0.0705,0.856
08:00:57.700,2218.21,E 60 s / 60 s,2.4872,56.5,917504,5.14158,0.0027,0.3025,0.3563,0.3666,0.0004,0.0002,0.5128,0.0,0.0315,0.0,0.0649,0.8492
08:00:59.700,2220.21,E 60 s / 60 s,2.4773,56.0,917504,5.12818,0.0027,0.3027,0.3402,0.3653,0.0032,0.0004,0.5198,0.0177,0.0206,0.0,0.068,0.8367
08:01:01.700,2222.21,E 60 s / 60 s,2.4256,56.0,917504,5.12148,0.0031,0.3018,0.2375,0.367,0.001,0.0,0.5777,0.0,0.0205,0.0,0.068,0.8489
08:01:03.701,2224.21,E 60 s / 60 s,2.528,55.4,917504,5.12952,0.0031,0.3653,0.2886,0.3703,0.0004,0.0002,0.5472,0.0035,0.0324,0.0,0.068,0.8489
08:01:05.701,2226.21,E 60 s / 60 s,2.3603,56.0,917504,5.14292,0.0026,0.2792,0.223,0.3705,0.0,0.0002,0.539,0.0,0.0411,0.0,0.0686,0.836
08:01:07.701,2228.21,E 60 s / 60 s,2.3552,55.4,917504,5.14158,0.0027,0.3028,0.2227,0.3742,0.0016,0.0,0.5365,0.0,0.0258,0.0,0.0647,0.8241
08:01:09.701,2230.21,E 60 s / 60 s,2.5006,56.0,917504,5.13622,0.0033,0.3046,0.3566,0.3689,0.0018,0.0,0.5326,0.0035,0.0313,0.0,0.068,0.8299
08:01:11.701,2232.21,E 60 s / 60 s,2.3338,54.9,917504,5.14292,0.0025,0.2803,0.2361,0.3649,0.0008,0.0004,0.5157,0.0071,0.0292,0.0,0.0737,0.8232
08:01:13.701,2234.21,E 60 s / 60 s,2.4599,54.3,917504,5.14158,0.0037,0.3024,0.2357,0.376,0.0006,0.0002,0.5993,0.0106,0.0388,0.0,0.0697,0.8229
08:01:15.701,2236.21,E 60 s / 60 s,2.4885,54.9,917504,5.14024,0.0029,0.3064,0.3546,0.3715,0.0004,0.0004,0.5268,0.0035,0.0217,0.0,0.0706,0.8296
08:01:17.701,2238.21,E 60 s / 60 s,2.3259,54.3,917504,5.14828,0.0033,0.2781,0.223,0.367,0.0032,0.0002,0.539,0.0071,0.0237,0.0,0.0649,0.8164
08:01:19.701,2240.21,E 60 s / 60 s,2.3713,54.9,917504,5.14158,0.0031,0.3047,0.2238,0.3724,0.0004,0.0,0.5455,0.0106,0.0292,0.0,0.0711,0.8106
08:01:21.712,2242.21,E 60 s / 60 s,6.2644,62.0,917504,5.0518,0.0027,0.3512,0.227,0.4068,0.0016,0.0002,0.5455,0.0035,0.2681,0.0056,0.0688,4.3834
08:01:23.707,2244.21,E 60 s / 60 s,6.7201,67.5,917504,4.99418,0.003,0.367,0.253,0.4167,0.0,0.0002,0.51,0.0,0.2848,0.0109,0.0643,4.8102
08:01:25.703,2246.21,E 60 s / 60 s,10.0443,69.7,917504,4.9044,0.003,0.4084,0.2328,0.3901,0.0002,0.0002,0.5902,0.0,0.249,0.0062,0.0659,8.0983
08:01:27.704,2248.21,E 60 s / 60 s,8.8625,71.9,917504,4.89904,0.0027,0.4485,0.2314,0.4222,0.0004,0.0002,0.5395,0.0,0.4727,0.0024,0.063,6.6795
08:01:29.707,2250.21,E 60 s / 60 s,10.1909,73.0,917504,4.89904,0.0033,0.4411,0.3359,0.415,0.0004,0.0008,0.523,0.0,0.3979,0.0121,0.0646,7.9967
08:01:31.707,2252.21,E 60 s / 60 s,8.6069,73.0,917504,4.9312,0.0031,0.3683,0.2221,0.4636,0.0008,0.0002,0.5813,0.0,0.5085,0.0162,0.0663,6.3765
08:01:33.703,2254.21,E 60 s / 60 s,9.4885,74.7,917504,5.09736,0.003,0.3352,0.3514,0.4181,0.0008,0.0008,0.506,0.0,0.2661,0.0059,0.0632,7.5379
08:01:35.707,2256.21,E 60 s / 60 s,9.8806,75.7,917504,4.86286,0.0032,0.3589,0.2317,0.4248,0.0002,0.0,0.5692,0.0,0.2,0.0,0.0682,8.0244
08:01:37.703,2258.21,E 60 s / 60 s,6.7344,76.3,917504,4.98882,0.0032,0.4012,0.2255,0.407,0.0016,0.0002,0.5376,0.0136,0.2355,0.0124,0.0652,4.8313
08:01:39.707,2260.21,E 60 s / 60 s,9.4707,75.7,917504,4.93924,0.0027,0.3934,0.2504,0.4273,0.0004,0.0004,0.5907,0.0068,0.266,0.0062,0.0667,7.4597
08:01:41.703,2262.22,E 60 s / 60 s,10.179,76.8,917504,4.98346,0.0032,0.398,0.2827,0.4076,0.0008,0.0002,0.5942,0.0,0.2686,0.0082,0.0659,8.1495
08:01:43.707,2264.22,E 60 s / 60 s,9.9715,78.5,917504,4.96068,0.0032,0.3971,0.2497,0.416,0.0004,0.0004,0.5852,0.0,0.2332,0.0056,0.0663,8.0144
08:01:45.707,2266.22,E 60 s / 60 s,6.4398,77.4,917504,4.98748,0.0031,0.4881,0.3522,0.4006,0.0008,0.0002,0.5423,0.0,0.3306,0.0036,0.0657,4.2526
08:01:47.711,2268.22,E 60 s / 60 s,10.1962,76.8,917504,4.9848,0.0027,0.3315,0.2479,0.4023,0.0012,0.0002,0.5226,0.0068,0.2668,0.0,0.0626,8.3516
08:01:49.709,2270.22,E 60 s / 60 s,9.497,78.5,917504,4.88832,0.0032,0.396,0.2313,0.4076,0.0016,0.0004,0.5361,0.0,0.3912,0.0101,0.0603,7.4591
08:01:51.707,2272.22,E 60 s / 60 s,4.3154,77.9,917504,5.09334,0.004,0.2975,0.2259,0.3738,0.0008,0.0002,0.56,0.0,0.0456,0.0,0.0674,2.7402
08:01:53.707,2274.22,E 60 s / 60 s,9.9217,79.6,917504,4.92718,0.0028,0.3968,0.2488,0.432,0.0008,0.0004,0.5769,0.0068,0.147,0.0053,0.0644,8.0397
08:01:55.707,2276.22,E 60 s / 60 s,6.3929,80.1,917504,4.89904,0.0033,0.3586,0.2497,0.476,0.0032,0.0008,0.4948,0.0034,0.2667,0.0139,0.0605,4.4618
08:01:57.712,2278.22,E 60 s / 60 s,9.6975,78.5,917504,4.86822,0.0028,0.3427,0.2243,0.4252,0.0,0.0002,0.5459,0.0068,0.3732,0.0095,0.0609,7.7061
08:01:59.712,2280.22,E 60 s / 60 s,9.3724,78.5,917504,5.01026,0.0038,0.3656,0.2265,0.4301,0.0012,0.001,0.555,0.0,0.3385,0.0107,0.065,7.3752
08:02:01.711,2282.22,E 60 s / 60 s,8.2303,80.1,917504,4.96336,0.0029,0.319,0.3513,0.4177,0.0014,0.0002,0.5365,0.0,0.235,0.0021,0.0605,6.3036
08:02:03.711,2284.22,E 60 s / 60 s,9.9566,80.1,917504,4.99954,0.003,0.3453,0.2494,0.4384,0.0012,0.0004,0.5139,0.0068,0.4409,0.0133,0.0621,7.8819
08:02:05.711,2286.22,E 60 s / 60 s,8.8011,79.6,917504,4.9312,0.0027,0.3952,0.2334,0.4285,0.0006,0.0002,0.5488,0.0068,0.4656,0.0118,0.0625,6.6448
08:02:07.711,2288.22,E 60 s / 60 s,9.7731,80.1,917504,5.0853,0.0031,0.3627,0.235,0.4423,0.0004,0.0008,0.5898,0.0069,0.0939,0.0047,0.0649,7.9686
08:02:09.707,2290.22,E 60 s / 60 s,3.3942,72.5,917504,5.0987,0.003,0.2982,0.2533,0.3777,0.0012,0.0002,0.5132,0.0,0.0336,0.0,0.0649,1.8489
08:02:11.707,2292.22,E 60 s / 60 s,3.4649,68.6,917504,5.10272,0.003,0.3858,0.2892,0.3826,0.0012,0.0002,0.5459,0.0,0.0346,0.0,0.0675,1.755
08:02:13.716,2294.22,E 60 s / 60 s,9.3468,70.8,917504,5.02232,0.0031,0.398,0.2862,0.4001,0.0008,0.0002,0.5173,0.0035,0.1387,0.0053,0.0635,7.5302
08:02:15.713,2296.22,E 60 s / 60 s,6.4074,75.7,917504,4.96738,0.0033,0.3668,0.2497,0.4296,0.0008,0.0004,0.5169,0.0035,0.4097,0.008,0.0617,4.357
08:02:17.716,2298.22,E 60 s / 60 s,8.5093,77.9,917504,4.88832,0.0031,0.3763,0.3558,0.4397,0.0006,0.0008,0.5313,0.0,0.3354,0.0203,0.0629,6.3831
08:02:19.715,2300.22,E 60 s / 60 s,9.7667,77.9,917504,4.8776,0.003,0.3067,0.2273,0.4248,0.0008,0.0004,0.5915,0.0,0.2519,0.0077,0.0624,7.8903
08:02:21.711,2302.22,E 60 s / 60 s,3.5523,72.5,917504,5.09736,0.0031,0.3478,0.2854,0.3901,0.0002,0.0008,0.5377,0.007,0.0551,0.0,0.0686,1.8565
08:02:23.711,2304.22,E 60 s / 60 s,3.2501,68.6,917504,5.1121,0.0032,0.28,0.2357,0.3725,0.0008,0.0002,0.5102,0.0035,0.0281,0.0,0.0676,1.7485
08:02:25.711,2306.22,E 60 s / 60 s,3.4608,67.0,917504,5.10406,0.0031,0.3482,0.2565,0.3791,0.0008,0.0004,0.5752,0.007,0.0402,0.0,0.0701,1.7801
08:02:27.711,2308.22,E 60 s / 60 s,2.4974,63.7,917504,5.12148,0.0027,0.3268,0.2515,0.3672,0.0008,0.0,0.5123,0.0,0.0302,0.0,0.0669,0.9389
08:02:29.712,2310.22,E 60 s / 60 s,2.626,62.0,917504,5.14024,0.0037,0.4035,0.2345,0.3724,0.0002,0.0002,0.5552,0.0071,0.027,0.0,0.0641,0.9582
08:02:31.712,2312.22,E 60 s / 60 s,2.5672,60.9,917504,5.1322,0.0028,0.3004,0.3526,0.3602,0.0008,0.0004,0.5156,0.0106,0.0313,0.0,0.0666,0.9261
08:02:33.712,2314.22,E 60 s / 60 s,2.4047,60.4,917504,5.13488,0.0025,0.2775,0.2267,0.3672,0.0008,0.0004,0.5199,0.0141,0.0324,0.0,0.0692,0.8939
08:02:35.712,2316.22,E 60 s / 60 s,2.9551,59.8,917504,5.14024,0.0027,0.3013,0.2337,0.3643,0.0006,0.0004,0.5365,0.0071,0.1416,0.0,0.0673,1.2996
08:02:37.712,2318.22,E 60 s / 60 s,2.4722,59.3,917504,5.1322,0.0025,0.3003,0.2896,0.3696,0.0002,0.0,0.5169,0.0035,0.0335,0.0,0.0679,0.8882
08:02:39.712,2320.22,E 60 s / 60 s,2.3976,58.7,917504,5.14024,0.0028,0.2788,0.2254,0.3666,0.0008,0.0004,0.5391,0.0071,0.026,0.0,0.0698,0.8807
08:02:41.712,2322.22,E 60 s / 60 s,2.4977,58.7,917504,5.12282,0.0032,0.3012,0.3559,0.3619,0.0006,0.0,0.4996,0.0,0.0315,0.0,0.0692,0.8746
08:02:43.712,2324.22,E 60 s / 60 s,2.352,57.6,917504,5.14828,0.0027,0.2762,0.2251,0.3584,0.0016,0.0,0.5103,0.0106,0.0281,0.0,0.0698,0.8692
08:02:45.712,2326.22,E 60 s / 60 s,2.5618,57.6,917504,5.14024,0.0031,0.3512,0.2551,0.3702,0.0008,0.0004,0.5391,0.0106,0.0259,0.0,0.0672,0.9382
08:02:47.712,2328.22,E 60 s / 60 s,2.4996,57.1,917504,5.1255,0.0025,0.3032,0.3528,0.3688,0.0008,0.0004,0.5132,0.0,0.0314,0.0,0.0705,0.856
08:02:49.712,2330.22,E 60 s / 60 s,2.3968,57.1,917504,5.14292,0.0029,0.2786,0.2693,0.3617,0.0016,0.0,0.5156,0.0035,0.0389,0.0,0.0697,0.855
08:02:51.712,2332.22,E 60 s / 60 s,2.5939,57.1,917504,5.13622,0.0028,0.3506,0.3827,0.365,0.001,0.0004,0.5358,0.0035,0.0313,0.0,0.0654,0.8553
08:02:53.712,2334.23,E 60 s / 60 s,2.4465,56.0,917504,5.13488,0.0028,0.3018,0.2875,0.3668,0.0008,0.0,0.5488,0.0,0.0217,0.0,0.0673,0.8489
08:02:55.712,2336.23,E 60 s / 60 s,2.4242,56.5,917504,5.14292,0.0025,0.3017,0.2386,0.3654,0.0016,0.0004,0.5671,0.0071,0.0366,0.0,0.0667,0.8364
08:02:57.713,2338.23,E 60 s / 60 s,2.4659,57.1,917504,5.12282,0.0032,0.303,0.3405,0.3666,0.0006,0.0004,0.5099,0.0,0.0303,0.0,0.0692,0.8422
08:02:59.713,2340.23,E 60 s / 60 s,2.5402,56.5,917504,5.14024,0.0027,0.3542,0.2904,0.367,0.0016,0.0002,0.5844,0.0,0.0237,0.0,0.0674,0.8486
08:03:01.713,2342.23,E 60 s / 60 s,2.4842,56.0,917504,5.14426,0.0031,0.3149,0.2363,0.3645,0.0032,0.0,0.5745,0.0035,0.0302,0.0,0.0659,0.8878
08:03:03.713,2344.23,E 60 s / 60 s,2.4956,55.4,917504,5.13488,0.0026,0.3028,0.3561,0.3682,0.0034,0.0004,0.4971,0.0,0.0313,0.0,0.0711,0.8624
08:03:05.713,2346.23,E 60 s / 60 s,2.3296,56.0,917504,5.14962,0.0027,0.2809,0.224,0.3637,0.0016,0.0,0.5231,0.0035,0.0303,0.0,0.0698,0.8299
08:03:07.713,2348.23,E 60 s / 60 s,2.5057,55.4,917504,5.14024,0.0032,0.3035,0.3575,0.3626,0.0004,0.0002,0.5332,0.0,0.0402,0.0,0.0693,0.8357
08:03:09.713,2350.23,E 60 s / 60 s,2.4841,54.9,917504,5.1456,0.0029,0.3039,0.346,0.3715,0.0006,0.0,0.5215,0.0071,0.0303,0.0,0.0707,0.8296
08:03:11.713,2352.23,E 60 s / 60 s,2.4002,54.9,917504,5.14426,0.0026,0.309,0.2546,0.3685,0.0008,0.0,0.5301,0.0,0.0304,0.0,0.0687,0.8354
08:03:13.713,2354.23,E 60 s / 60 s,2.4703,54.9,917504,5.14024,0.0025,0.3057,0.348,0.3626,0.0006,0.0004,0.5042,0.0071,0.0281,0.0,0.068,0.8431
08:03:15.713,2356.23,E 60 s / 60 s,2.3393,54.3,917504,5.14426,0.0033,0.2794,0.2232,0.365,0.0,0.0002,0.5358,0.0036,0.0356,0.0,0.0697,0.8235
08:03:17.713,2358.23,E 60 s / 60 s,2.4345,55.4,917504,5.14292,0.0033,0.3546,0.2544,0.3721,0.0,0.0,0.5358,0.0,0.0237,0.0,0.0674,0.8232
08:03:19.713,2360.23,E 60 s / 60 s,2.4585,55.4,917504,5.1456,0.0031,0.3054,0.3535,0.3668,0.0006,0.0,0.5128,0.0,0.0293,0.0,0.0693,0.8177
08:03:21.719,2362.23,E 60 s / 60 s,8.3928,60.9,917504,5.0183,0.0031,0.4011,0.2505,0.4185,0.0004,0.0008,0.5326,0.0,0.3316,0.0071,0.069,6.3782
08:03:23.715,2364.23,E 60 s / 60 s,9.8219,67.0,917504,4.91378,0.0033,0.4507,0.3526,0.4174,0.0004,0.0004,0.5371,0.0,0.2349,0.003,0.0679,7.7544
08:03:25.715,2366.23,E 60 s / 60 s,9.0618,69.7,917504,4.90708,0.0026,0.3354,0.3524,0.4103,0.0006,0.0008,0.5107,0.0,0.3368,0.0073,0.0648,7.0399
08:03:27.722,2368.23,E 60 s / 60 s,8.3778,71.4,917504,4.90976,0.0027,0.5023,0.3708,0.4322,0.0016,0.0002,0.5125,0.0,0.447,0.0109,0.0639,6.0337
08:03:29.719,2370.23,E 60 s / 60 s,10.291,73.6,917504,4.93254,0.0032,0.448,0.3455,0.3935,0.0004,0.0002,0.5188,0.0103,0.3708,0.0201,0.0639,8.1163
08:03:31.715,2372.23,E 60 s / 60 s,9.3767,74.1,917504,4.8977,0.0025,0.4472,0.2858,0.4199,0.0002,0.0008,0.5393,0.0,0.273,0.007,0.0656,7.3353
08:03:33.719,2374.23,E 60 s / 60 s,5.0601,73.6,917504,5.01696,0.0027,0.4007,0.2851,0.4131,0.0032,0.0008,0.5358,0.0173,0.3332,0.0,0.0656,3.0026
08:03:35.715,2376.23,E 60 s / 60 s,9.5831,76.3,917504,4.88832,0.0032,0.4247,0.2863,0.407,0.0006,0.0,0.5786,0.0,0.266,0.0036,0.0647,7.5484
08:03:37.719,2378.23,E 60 s / 60 s,6.5541,76.3,917504,4.88832,0.0033,0.4097,0.2844,0.4381,0.0018,0.0002,0.5368,0.0307,0.323,0.0035,0.065,4.4576
08:03:39.719,2380.23,E 60 s / 60 s,8.4903,74.7,917504,4.99552,0.0031,0.3949,0.25,0.4102,0.0014,0.0004,0.5393,0.0,0.3352,0.005,0.0684,6.4824
08:03:41.718,2382.23,E 60 s / 60 s,6.6189,75.2,917504,5.09066,0.0028,0.3984,0.2275,0.3804,0.0004,0.0002,0.6141,0.0035,0.0269,0.0,0.0673,4.8973
08:03:43.719,2384.23,E 60 s / 60 s,9.353,77.4,917504,4.87626,0.0033,0.3949,0.2517,0.4043,0.0016,0.0002,0.5747,0.0,0.166,0.0109,0.0645,7.4808
08:03:45.719,2386.23,E 60 s / 60 s,9.8861,77.4,917504,5.01562,0.0029,0.3174,0.2226,0.407,0.0008,0.0002,0.517,0.0,0.0863,0.0009,0.0616,8.2694
08:03:47.719,2388.23,E 60 s / 60 s,10.3008,77.9,917504,4.88296,0.003,0.4419,0.3185,0.4344,0.0016,0.0002,0.539,0.0,0.4508,0.0219,0.0626,8.0268
08:03:49.724,2390.23,E 60 s / 60 s,6.8404,77.9,917504,4.88966,0.0032,0.4441,0.355,0.4468,0.0016,0.0002,0.5132,0.0,0.4304,0.0059,0.0629,4.5773
08:03:51.719,2392.23,E 60 s / 60 s,10.0459,78.5,917504,4.86688,0.0034,0.2972,0.3524,0.4238,0.001,0.0002,0.5229,0.0172,0.3786,0.0071,0.0633,7.9788
08:03:53.719,2394.23,E 60 s / 60 s,6.8777,77.9,917504,4.99016,0.0031,0.4232,0.3372,0.4108,0.0008,0.0002,0.5196,0.0,0.2028,0.0109,0.0595,4.9096
08:03:55.719,2396.23,E 60 s / 60 s,10.162,79.0,917504,4.90976,0.0032,0.3933,0.3524,0.4326,0.0012,0.0008,0.4972,0.0173,0.199,0.0012,0.0639,8.1998
08:03:57.719,2398.23,E 60 s / 60 s,9.7088,78.5,917504,4.88832,0.0033,0.4056,0.2842,0.4178,0.0006,0.0002,0.5469,0.0,0.2339,0.01,0.0669,7.7394
08:03:59.719,2400.23,E 60 s / 60 s,7.6281,78.5,917504,5.092,0.0032,0.4476,0.2491,0.4025,0.0004,0.0,0.5362,0.0,0.5436,0.0127,0.0661,5.3667
08:04:01.723,2402.23,E 60 s / 60 s,9.6128,79.6,917504,4.96202,0.0032,0.3182,0.2476,0.4106,0.0012,0.0002,0.5118,0.0034,0.2337,0.0056,0.0631,7.8143
08:04:03.723,2404.23,E 60 s / 60 s,8.5881,80.1,917504,4.8642,0.0031,0.4083,0.319,0.4287,0.0016,0.0002,0.4898,0.0,0.5074,0.0131,0.0621,6.3549
08:04:05.724,2406.23,E 60 s / 60 s,7.1715,79.6,917504,4.9982,0.003,0.3931,0.2197,0.4352,0.0008,0.0002,0.5135,0.0068,0.4971,0.0137,0.0611,5.0272
08:04:07.723,2408.23,E 60 s / 60 s,7.2571,80.1,917504,4.88564,0.0028,0.3969,0.2249,0.4204,0.0004,0.0004,0.5362,0.0068,0.3394,0.0103,0.0644,5.2543
08:04:09.727,2410.23,E 60 s / 60 s,10.033,80.1,917504,4.84946,0.0027,0.4423,0.2463,0.4264,0.0008,0.0002,0.5834,0.0136,0.235,0.0242,0.0639,7.9942
08:04:11.723,2412.23,E 60 s / 60 s,6.9702,80.1,917504,4.88698,0.0033,0.3367,0.2504,0.4255,0.0008,0.0004,0.5667,0.0173,0.4698,0.0077,0.0634,4.8283
08:04:13.723,2414.23,E 60 s / 60 s,9.9369,81.2,917504,4.88698,0.0031,0.3058,0.2497,0.4388,0.0012,0.0008,0.5034,0.0136,0.4776,0.0136,0.0622,7.8671
08:04:15.723,2416.23,E 60 s / 60 s,9.934,80.7,917504,4.8441,0.003,0.324,0.2262,0.4326,0.0006,0.0002,0.5455,0.0,0.2313,0.0,0.0619,8.1087
08:04:17.731,2418.23,E 60 s / 60 s,10.1297,81.8,917504,4.8575,0.0031,0.3906,0.282,0.4293,0.0008,0.0004,0.5616,0.0137,0.4226,0.0,0.064,7.9616
08:04:19.724,2420.23,E 60 s / 60 s,8.0712,80.7,917504,4.99284,0.003,0.3942,0.3499,0.4407,0.0008,0.0004,0.5096,0.0238,0.2378,0.01,0.0634,6.0375
08:04:21.720,2422.23,E 60 s / 60 s,3.5398,73.0,917504,5.08932,0.003,0.3479,0.251,0.3964,0.0012,0.0004,0.5368,0.0,0.0605,0.0,0.0642,1.8783
08:04:23.720,2424.23,E 60 s / 60 s,3.2789,70.3,917504,5.0987,0.0031,0.2825,0.2254,0.379,0.0004,0.0002,0.5196,0.0,0.0312,0.0,0.065,1.7725
08:04:25.720,2426.23,E 60 s / 60 s,3.4829,67.0,917504,5.11344,0.0035,0.3664,0.3564,0.3731,0.0012,0.0008,0.5362,0.007,0.0346,0.0,0.0688,1.7348
08:04:27.720,2428.23,E 60 s / 60 s,2.5885,64.8,917504,5.12818,0.003,0.2983,0.2269,0.3706,0.0002,0.0002,0.5907,0.0,0.0423,0.0,0.0659,0.9904
08:04:29.720,2430.23,E 60 s / 60 s,2.6615,63.7,917504,5.12282,0.0033,0.3731,0.2872,0.3672,0.0008,0.0004,0.5745,0.0,0.026,0.0,0.0646,0.9643
08:04:31.720,2432.23,E 60 s / 60 s,2.4404,62.6,917504,5.1322,0.0031,0.2781,0.236,0.3652,0.0016,0.0,0.5164,0.0035,0.028,0.0,0.0691,0.9393
08:04:33.720,2434.23,E 60 s / 60 s,2.4679,60.9,917504,5.13354,0.0029,0.2996,0.226,0.3697,0.0018,0.0004,0.557,0.0035,0.0216,0.0,0.066,0.9193
08:04:35.721,2436.23,E 60 s / 60 s,3.1327,60.9,917504,5.13488,0.0027,0.3753,0.2515,0.3742,0.0016,0.0,0.5349,0.0,0.0757,0.0,0.0697,1.447
08:04:37.721,2438.23,E 60 s / 60 s,2.5637,59.8,917504,5.13488,0.0031,0.3004,0.3546,0.3702,0.0018,0.0002,0.5196,0.0176,0.026,0.0,0.0692,0.901
08:04:39.725,2440.23,E 60 s / 60 s,2.4256,59.3,917504,5.13354,0.0027,0.2997,0.2227,0.367,0.0016,0.0002,0.539,0.0071,0.0379,0.0,0.0666,0.8811
08:04:41.721,2442.23,E 60 s / 60 s,2.5222,58.7,917504,5.13622,0.003,0.3015,0.3489,0.3635,0.0032,0.0004,0.5327,0.0,0.0227,0.0,0.0642,0.882
08:04:43.721,2444.23,E 60 s / 60 s,2.614,58.7,917504,5.12952,0.0028,0.3006,0.356,0.3696,0.0016,0.0004,0.5874,0.0141,0.0249,0.0,0.0755,0.8811
08:04:45.721,2446.23,E 60 s / 60 s,3.0409,57.6,917504,5.14024,0.0027,0.3856,0.355,0.3725,0.0016,0.0004,0.5425,0.0035,0.028,0.0,0.0697,1.2793
08:04:47.721,2448.23,E 60 s / 60 s,2.4412,57.6,917504,5.13488,0.0027,0.2762,0.2868,0.3721,0.001,0.0004,0.524,0.0106,0.0227,0.0,0.0691,0.8756
08:04:49.721,2450.23,E 60 s / 60 s,2.4717,57.6,917504,5.1389,0.0034,0.3007,0.2281,0.3661,0.0018,0.0002,0.5915,0.0106,0.0313,0.0,0.0697,0.8682
08:04:51.721,2452.23,E 60 s / 60 s,2.5013,57.1,917504,5.1389,0.0031,0.3073,0.2546,0.365,0.0008,0.0004,0.5996,0.0071,0.0269,0.0,0.0691,0.8676
08:04:53.822,2454.23,E 60 s / 60 s,2.5971,57.6,917504,5.12818,0.0029,0.365,0.3554,0.3653,0.0004,0.0,0.533,0.0,0.0411,0.0,0.0648,0.8692
08:04:55.721,2456.23,E 60 s / 60 s,2.548,57.1,917504,5.14024,0.0027,0.3518,0.2555,0.3654,0.0016,0.0002,0.5898,0.0142,0.0271,0.0,0.0647,0.875
08:04:57.822,2458.23,E 60 s / 60 s,2.4917,57.1,917504,5.12148,0.0028,0.3522,0.2519,0.3672,0.0016,0.0002,0.5769,0.0,0.0248,0.0,0.0655,0.8486
08:04:59.721,2460.23,E 60 s / 60 s,2.4013,57.1,917504,5.14292,0.0029,0.2793,0.2532,0.3637,0.0016,0.0004,0.5264,0.0035,0.0551,0.0,0.0718,0.8434
08:05:01.822,2462.23,E 60 s / 60 s,2.4732,56.0,917504,5.12148,0.0031,0.3254,0.2377,0.3794,0.0002,0.0,0.5874,0.0,0.0259,0.0,0.0647,0.8492
08:05:03.826,2464.23,E 60 s / 60 s,2.4109,56.5,917504,5.1389,0.0031,0.3018,0.228,0.3668,0.0006,0.0,0.5846,0.0071,0.0227,0.0,0.0667,0.8296
08:05:05.722,2466.23,E 60 s / 60 s,2.3684,56.0,917504,5.14024,0.0025,0.2782,0.2348,0.3596,0.0002,0.0002,0.5456,0.0,0.04,0.0,0.0712,0.836
08:05:07.722,2468.23,E 60 s / 60 s,2.5803,56.5,917504,5.13354,0.0026,0.3763,0.3412,0.3724,0.0006,0.0,0.5424,0.0,0.0398,0.0,0.0681,0.837
08:05:09.722,2470.23,E 60 s / 60 s,2.3573,56.0,917504,5.1389,0.0024,0.3033,0.2197,0.3741,0.0004,0.0004,0.539,0.0,0.026,0.0,0.0685,0.8235
08:05:11.722,2472.23,E 60 s / 60 s,2.379,55.4,917504,5.1389,0.0029,0.3035,0.2233,0.3643,0.0016,0.0004,0.5648,0.0035,0.0217,0.0,0.0697,0.8232
08:05:13.822,2474.23,E 60 s / 60 s,2.459,55.4,917504,5.12148,0.0026,0.2786,0.3535,0.3609,0.0018,0.0,0.5132,0.0106,0.0356,0.0,0.0716,0.8305
08:05:15.722,2476.23,E 60 s / 60 s,2.3255,54.9,917504,5.14024,0.0026,0.2793,0.2273,0.3688,0.0032,0.0,0.5164,0.0035,0.0303,0.0,0.0699,0.8241
08:05:17.722,2478.23,E 60 s / 60 s,2.5175,54.9,917504,5.1389,0.0031,0.369,0.2889,0.3759,0.0002,0.0004,0.5384,0.0106,0.0314,0.0,0.0706,0.829
08:05:19.722,2480.23,E 60 s / 60 s,2.4267,54.9,917504,5.1456,0.0024,0.2805,0.2273,0.3724,0.0,0.0004,0.5455,0.0,0.0248,0.0,0.0731,0.9004
08:05:21.722,2482.23,E 60 s / 60 s,2.5126,54.9,917504,5.14962,0.0031,0.3035,0.2237,0.3584,0.0016,0.0004,0.542,0.0,0.0293,0.0,0.073,0.9775
08:05:23.726,2484.23,E 60 s / 60 s,2.5875,54.3,917504,5.1389,0.0027,0.3551,0.2625,0.3714,0.0006,0.0004,0.5336,0.0,0.0238,0.0,0.0667,0.9707
08:05:25.723,2486.23,E 60 s / 60 s,9.1859,59.8,917504,4.95666,0.0026,0.3028,0.3526,0.4138,0.0018,0.0,0.5329,0.0173,0.0919,0.0012,0.0665,7.4026
08:05:27.724,2488.24,E 60 s / 60 s,6.7342,65.3,917504,4.97274,0.0031,0.4005,0.3375,0.4521,0.0,0.0004,0.5093,0.0,0.4713,0.0136,0.0644,4.4819
08:05:29.724,2490.24,E 60 s / 60 s,9.3567,68.6,917504,5.01294,0.0033,0.3506,0.2243,0.4301,0.0032,0.0004,0.5398,0.0,0.2665,0.0056,0.0686,7.4644
08:05:31.727,2492.24,E 60 s / 60 s,9.8248,70.8,917504,4.88966,0.0029,0.3084,0.2215,0.4159,0.0002,0.0004,0.5264,0.0034,0.1193,0.0015,0.0626,8.1622
08:05:33.728,2494.24,E 60 s / 60 s,9.3913,72.5,917504,5.02634,0.0028,0.4233,0.3546,0.4214,0.0004,0.0008,0.517,0.0274,0.1116,0.008,0.0638,7.4602
08:05:35.727,2496.24,E 60 s / 60 s,9.8592,73.6,917504,4.9312,0.0032,0.3237,0.2845,0.4054,0.0006,0.0,0.5128,0.0,0.1899,0.0039,0.0647,8.0704
08:05:37.727,2498.24,E 60 s / 60 s,8.4123,74.1,917504,4.9044,0.0029,0.323,0.2339,0.4373,0.0008,0.0004,0.5931,0.0,0.4568,0.013,0.0671,6.2841
08:05:39.727,2500.24,E 60 s / 60 s,9.6779,76.3,917504,4.88832,0.0027,0.3449,0.3459,0.4129,0.0008,0.0004,0.506,0.0,0.2043,0.0109,0.0623,7.7867
08:05:41.727,2502.24,E 60 s / 60 s,9.8421,75.2,917504,4.88296,0.0035,0.449,0.2238,0.3972,0.0002,0.0002,0.5151,0.0,0.27,0.0033,0.0674,7.9125
08:05:43.727,2504.24,E 60 s / 60 s,8.3531,76.8,917504,4.8709,0.0031,0.4492,0.2497,0.4481,0.0004,0.0002,0.5769,0.0,0.3656,0.0068,0.0661,6.1869
08:05:45.728,2506.24,E 60 s / 60 s,7.1042,76.8,917504,5.01964,0.0031,0.4901,0.251,0.4146,0.0004,0.0004,0.5394,0.0,0.3372,0.0097,0.0662,4.9921
08:05:47.727,2508.24,E 60 s / 60 s,7.3346,76.8,917504,4.90306,0.0032,0.4474,0.251,0.4185,0.0018,0.0002,0.5293,0.0104,0.5013,0.0101,0.0656,5.0959
08:05:49.727,2510.24,E 60 s / 60 s,8.8082,77.4,917504,4.88832,0.003,0.2994,0.2841,0.3883,0.0004,0.0008,0.5157,0.0034,0.2005,0.0009,0.0651,7.0466
08:05:51.727,2512.24,E 60 s / 60 s,10.265,78.5,917504,4.96336,0.0033,0.3221,0.2324,0.4129,0.0008,0.0002,0.5394,0.0,0.4932,0.0009,0.0644,8.1953
08:05:53.728,2514.24,E 60 s / 60 s,8.9809,78.5,917504,4.87224,0.0035,0.4697,0.2832,0.4106,0.0002,0.0002,0.5377,0.0,0.2517,0.0103,0.067,6.9469
08:05:55.730,2516.24,E 60 s / 60 s,9.3219,77.9,917504,4.88698,0.0031,0.3192,0.2842,0.4252,0.0012,0.0008,0.5293,0.0069,0.201,0.0015,0.0629,7.4866
08:05:57.732,2518.24,E 60 s / 60 s,7.1239,77.4,917504,4.8977,0.0033,0.4458,0.2494,0.4038,0.0006,0.0008,0.6001,0.0,0.4798,0.0065,0.0625,4.8713
08:05:59.731,2520.24,E 60 s / 60 s,10.1513,79.6,917504,4.891,0.0031,0.3278,0.2231,0.4078,0.0006,0.0008,0.5248,0.0102,0.2325,0.0065,0.0655,8.3486
08:06:01.731,2522.24,E 60 s / 60 s,8.3548,78.5,917504,5.00222,0.0031,0.3454,0.2831,0.4053,0.0002,0.0002,0.5171,0.0,0.1977,0.0018,0.0645,6.5364
08:06:03.731,2524.24,E 60 s / 60 s,9.3723,79.6,917504,4.9647,0.0031,0.3301,0.2231,0.3936,0.0006,0.0008,0.5197,0.0,0.2322,0.0044,0.0629,7.6017
08:06:05.733,2526.24,E 60 s / 60 s,8.9708,80.1,917504,4.9312,0.0029,0.3465,0.2389,0.4234,0.0016,0.0008,0.5329,0.0,0.335,0.0151,0.0633,7.0104
08:06:07.731,2528.24,E 60 s / 60 s,7.4473,79.6,917504,4.88162,0.0034,0.4717,0.2822,0.422,0.0016,0.0008,0.5359,0.0,0.3366,0.0101,0.0618,5.3212
08:06:09.731,2530.24,E 60 s / 60 s,10.2314,80.7,917504,4.84812,0.0031,0.3966,0.2501,0.4159,0.0008,0.0004,0.5813,0.0102,0.2521,0.0091,0.0652,8.2465
08:06:11.731,2532.24,E 60 s / 60 s,8.6936,80.1,917504,4.9111,0.0031,0.4438,0.3686,0.4053,0.0034,0.0002,0.5401,0.0,0.1488,0.0003,0.0614,6.7185
08:06:13.731,2534.24,E 60 s / 60 s,9.6269,78.5,917504,4.9245,0.003,0.3917,0.352,0.4379,0.0004,0.0008,0.5142,0.0034,0.4811,0.0068,0.0629,7.3727
08:06:15.731,2536.24,E 60 s / 60 s,10.1133,81.2,917504,4.8977,0.0034,0.3254,0.2225,0.4375,0.0016,0.0008,0.5229,0.0,0.3395,0.0044,0.0627,8.1927
08:06:17.731,2538.24,E 60 s / 60 s,8.64,80.1,917504,4.97006,0.0029,0.3933,0.2327,0.4415,0.0016,0.0004,0.5874,0.0,0.4821,0.0091,0.0641,6.4249
08:06:19.731,2540.24,E 60 s / 60 s,9.8982,80.7,917504,4.87358,0.0032,0.3534,0.2259,0.4217,0.0016,0.0002,0.5425,0.0341,0.2747,0.0189,0.0612,7.9608
08:06:21.735,2542.24,E 60 s / 60 s,6.8836,81.2,917504,4.88162,0.0027,0.3929,0.2296,0.4521,0.0008,0.0002,0.5896,0.0,0.4767,0.0068,0.0659,4.6663
08:06:23.731,2544.24,E 60 s / 60 s,10.1933,82.3,917512,4.8642,0.0032,0.3174,0.2241,0.4326,0.0006,0.0002,0.5713,0.0068,0.5217,0.0,0.0579,8.0575
08:06:25.728,2546.24,E 60 s / 60 s,3.6169,76.8,917504,5.09066,0.0027,0.2948,0.2386,0.3875,0.0012,0.0002,0.5365,0.007,0.0711,0.0,0.0679,2.0093
08:06:27.728,2548.24,E 60 s / 60 s,3.476,70.8,917504,5.10004,0.0032,0.2963,0.2861,0.3897,0.0008,0.0002,0.5488,0.0,0.0606,0.0,0.0636,1.8266
08:06:29.728,2550.24,E 60 s / 60 s,3.4133,68.1,917504,5.11076,0.0031,0.2957,0.3515,0.3812,0.0008,0.0002,0.5459,0.0,0.0358,0.0,0.066,1.7332
08:06:31.728,2552.24,E 60 s / 60 s,2.6065,65.3,917504,5.12684,0.0031,0.2968,0.2517,0.3653,0.0016,0.0,0.5866,0.0,0.0335,0.0,0.0646,1.0033
08:06:33.729,2554.24,E 60 s / 60 s,2.639,64.2,917504,5.12818,0.0031,0.3,0.3564,0.3608,0.0008,0.0004,0.5401,0.0141,0.0292,0.0,0.0634,0.9707
08:06:35.729,2556.24,E 60 s / 60 s,2.7492,63.1,917504,5.13622,0.0027,0.3753,0.2287,0.374,0.0016,0.0002,0.594,0.0035,0.1617,0.0,0.0685,0.9389
08:06:37.729,2558.24,E 60 s / 60 s,2.5949,60.9,917504,5.13488,0.0031,0.3735,0.2526,0.3697,0.0012,0.0004,0.5624,0.0106,0.0303,0.0,0.0647,0.9264
08:06:39.729,2560.24,E 60 s / 60 s,2.4868,60.9,917504,5.13488,0.0031,0.282,0.2879,0.3768,0.0012,0.0002,0.5107,0.0,0.0411,0.0,0.0696,0.9142
08:06:41.729,2562.24,E 60 s / 60 s,2.453,60.9,917504,5.13354,0.0033,0.2821,0.2227,0.3636,0.0002,0.0004,0.5715,0.0035,0.0314,0.0,0.0672,0.9071
08:06:43.729,2564.24,E 60 s / 60 s,2.6143,59.8,917504,5.13354,0.0033,0.3751,0.3378,0.367,0.0002,0.0002,0.5104,0.0071,0.0324,0.0,0.0665,0.9142
08:06:45.729,2566.24,E 60 s / 60 s,2.448,58.7,917504,5.12684,0.0026,0.2812,0.2896,0.3654,0.0016,0.0002,0.5132,0.0035,0.0335,0.0,0.0696,0.8875
08:06:47.729,2568.24,E 60 s / 60 s,2.4723,59.3,917504,5.14024,0.0026,0.3013,0.2276,0.3697,0.0016,0.0002,0.5883,0.0106,0.0337,0.0,0.0685,0.8682
08:06:49.729,2570.24,E 60 s / 60 s,2.649,58.7,917504,5.1389,0.0031,0.3706,0.3583,0.3688,0.0002,0.0004,0.5392,0.0,0.0562,0.0,0.0647,0.8875
08:06:51.730,2572.24,E 60 s / 60 s,2.5076,57.6,917504,5.12014,0.0031,0.2758,0.287,0.3705,0.0016,0.0004,0.506,0.0,0.0281,0.0,0.0698,0.9652
08:06:53.733,2574.24,E 60 s / 60 s,2.5298,58.2,917504,5.14024,0.0031,0.3635,0.2867,0.3688,0.0032,0.0004,0.5326,0.0035,0.0259,0.0,0.0674,0.8746
08:06:55.729,2576.24,E 60 s / 60 s,2.4347,57.6,917504,5.14024,0.0031,0.2808,0.2865,0.3667,0.0008,0.0004,0.5238,0.0,0.0508,0.0,0.0729,0.8489
08:06:57.729,2578.24,E 60 s / 60 s,2.4153,57.6,917504,5.14292,0.003,0.3038,0.2389,0.3653,0.0018,0.0004,0.539,0.0071,0.028,0.0,0.0716,0.8563
08:06:59.729,2580.24,E 60 s / 60 s,2.5389,56.5,917504,5.12282,0.0031,0.2999,0.3789,0.3633,0.0004,0.0004,0.5358,0.0,0.0293,0.0,0.073,0.8547
08:07:01.729,2582.24,E 60 s / 60 s,2.4338,57.1,917504,5.14292,0.0029,0.3027,0.2529,0.3626,0.0032,0.0004,0.5364,0.0071,0.0411,0.0,0.0692,0.8553
08:07:03.730,2584.24,E 60 s / 60 s,2.3768,56.0,917504,5.14158,0.0031,0.2788,0.227,0.3697,0.0032,0.0004,0.5365,0.0141,0.0335,0.0,0.0685,0.8418
08:07:05.730,2586.24,E 60 s / 60 s,2.5906,56.0,917504,5.12148,0.0025,0.37,0.3235,0.369,0.0016,0.0,0.535,0.0,0.0551,0.0,0.0661,0.8679
08:07:07.730,2588.24,E 60 s / 60 s,2.4069,57.1,917504,5.14292,0.0028,0.2847,0.2526,0.3688,0.0016,0.0004,0.5408,0.0035,0.0399,0.0,0.0692,0.8425
08:07:09.730,2590.24,E 60 s / 60 s,2.4113,56.0,917504,5.12818,0.0025,0.3137,0.2369,0.3654,0.0016,0.0004,0.5349,0.0,0.0315,0.0,0.0755,0.8489
08:07:11.730,2592.24,E 60 s / 60 s,2.3985,56.0,917504,5.12952,0.0031,0.2762,0.2896,0.3707,0.0004,0.0002,0.5183,0.0035,0.0238,0.0,0.0692,0.8434
08:07:13.730,2594.24,E 60 s / 60 s,2.4355,56.5,917504,5.14828,0.0031,0.3018,0.2249,0.3724,0.0004,0.0,0.5905,0.0035,0.0292,0.0,0.0672,0.8425
08:07:15.730,2596.24,E 60 s / 60 s,2.5592,56.0,917504,5.14426,0.0027,0.3667,0.2897,0.3661,0.0006,0.0004,0.5894,0.0071,0.0281,0.0,0.0661,0.8422
08:07:17.730,2598.24,E 60 s / 60 s,2.3233,54.9,917504,5.1456,0.0027,0.2776,0.2336,0.3654,0.0016,0.0002,0.5128,0.0,0.0324,0.0,0.0673,0.8296
08:07:19.730,2600.24,E 60 s / 60 s,2.4153,56.5,917504,5.1456,0.0035,0.2807,0.3193,0.3697,0.0006,0.0,0.5107,0.0,0.0314,0.0,0.0699,0.8296
08:07:21.730,2602.24,E 60 s / 60 s,2.5524,55.4,917504,5.14292,0.0029,0.3788,0.2875,0.3643,0.001,0.0004,0.5852,0.0,0.0324,0.0,0.07,0.8299
08:07:23.730,2604.24,E 60 s / 60 s,2.4711,54.9,917504,5.14024,0.0026,0.3045,0.3527,0.3633,0.0002,0.0004,0.5099,0.0071,0.0358,0.0,0.0705,0.8241
08:07:25.731,2606.24,E 60 s / 60 s,9.903,59.3,917504,4.92048,0.0027,0.3579,0.2454,0.4195,0.0004,0.0002,0.5462,0.0207,0.4738,0.0065,0.07,7.7596
08:07:27.736,2608.24,E 60 s / 60 s,7.801,65.3,917504,5.01562,0.0026,0.3937,0.287,0.4388,0.0004,0.0008,0.5341,0.0,0.333,0.0095,0.0639,5.7373
08:07:29.736,2610.24,E 60 s / 60 s,6.6957,69.2,917504,5.00624,0.0031,0.4763,0.2864,0.4239,0.0002,0.0002,0.5365,0.0,0.4701,0.0098,0.0677,4.4214
08:07:31.739,2612.24,E 60 s / 60 s,7.6524,71.9,917504,4.88966,0.0029,0.316,0.2525,0.4016,0.0004,0.0004,0.5167,0.0069,0.4775,0.015,0.0623,5.6002
08:07:33.736,2614.24,E 60 s / 60 s,8.4595,72.5,917504,4.90842,0.0031,0.3832,0.2554,0.4468,0.0016,0.0002,0.5326,0.0,0.404,0.0041,0.0678,6.3606
08:07:35.735,2616.24,E 60 s / 60 s,9.9359,74.1,917504,4.98346,0.003,0.3476,0.3523,0.4011,0.0004,0.0008,0.5204,0.0034,0.2163,0.0035,0.0675,8.0196
08:07:37.739,2618.24,E 60 s / 60 s,6.9669,74.7,917504,4.89636,0.0029,0.3954,0.3436,0.4301,0.0008,0.0002,0.5164,0.0,0.3356,0.0,0.0645,4.8774
08:07:39.736,2620.24,E 60 s / 60 s,8.0185,75.2,917504,4.8977,0.0032,0.3707,0.2508,0.4255,0.0008,0.0002,0.51,0.0,0.4516,0.0083,0.065,5.9324
08:07:41.739,2622.25,E 60 s / 60 s,8.4116,77.4,917504,4.87626,0.003,0.3964,0.2488,0.4164,0.0016,0.0002,0.5816,0.0,0.225,0.008,0.0639,6.4666
08:07:43.739,2624.25,E 60 s / 60 s,10.3065,76.8,917504,4.87492,0.0033,0.3972,0.336,0.4202,0.0016,0.0008,0.5392,0.0068,0.201,0.005,0.0673,8.3281
08:07:45.740,2626.25,E 60 s / 60 s,6.1478,76.3,917504,4.97006,0.0027,0.3467,0.2234,0.3995,0.0008,0.0004,0.5358,0.0,0.1924,0.0047,0.0645,4.377
08:07:47.741,2628.25,E 60 s / 60 s,8.6731,76.8,917504,4.9848,0.0031,0.3954,0.2194,0.4575,0.0016,0.0002,0.5296,0.0034,0.5087,0.0059,0.0653,6.4829
08:07:49.744,2630.25,E 60 s / 60 s,10.3156,77.9,917504,4.9848,0.0031,0.3972,0.2476,0.4164,0.0,0.0004,0.5802,0.0,0.3385,0.0086,0.0672,8.2565
08:07:51.747,2632.26,E 60 s / 60 s,10.0274,78.5,917504,4.891,0.003,0.3903,0.3178,0.4302,0.0032,0.0002,0.5333,0.0069,0.1622,0.0062,0.0629,8.1112
08:07:53.747,2634.26,E 60 s / 60 s,6.2527,78.5,917504,4.98882,0.003,0.4034,0.2225,0.3963,0.0004,0.0002,0.5656,0.0,0.2853,0.0044,0.0625,4.309
08:07:55.747,2636.26,E 60 s / 60 s,10.5829,79.0,917504,4.97408,0.0032,0.3911,0.2502,0.4177,0.0006,0.0008,0.6003,0.0069,0.3705,0.0,0.0645,8.477
08:07:57.748,2638.26,E 60 s / 60 s,8.3765,78.5,917504,4.96336,0.0031,0.393,0.3371,0.461,0.001,0.0002,0.5261,0.0034,0.4567,0.0074,0.062,6.1255
08:07:59.746,2640.26,E 60 s / 60 s,7.1961,77.9,917504,5.09334,0.0034,0.297,0.2225,0.4001,0.0012,0.0004,0.535,0.0035,0.0389,0.0,0.0674,5.6266
08:08:01.752,2642.26,E 60 s / 60 s,9.3213,79.0,917504,4.86554,0.0031,0.3456,0.3412,0.4025,0.0002,0.0002,0.5128,0.0,0.1669,0.0041,0.0603,7.4844
08:08:03.751,2644.26,E 60 s / 60 s,9.6122,80.1,917504,4.89904,0.003,0.3938,0.3434,0.4112,0.0016,0.0004,0.4844,0.0,0.1481,0.0,0.0639,7.7623
08:08:05.751,2646.26,E 60 s / 60 s,6.9824,80.1,917504,4.88296,0.0033,0.4181,0.3854,0.4177,0.0004,0.0002,0.5559,0.0,0.405,0.0136,0.0644,4.7184
08:08:07.751,2648.26,E 60 s / 60 s,9.651,79.0,917504,5.00356,0.0029,0.3421,0.2498,0.434,0.0016,0.0008,0.4939,0.0342,0.2673,0.0157,0.0624,7.7463
08:08:09.751,2650.26,E 60 s / 60 s,10.4113,81.8,917504,4.84946,0.0036,0.3954,0.2265,0.4106,0.0014,0.0002,0.5562,0.0103,0.3363,0.0029,0.0654,8.4025
08:08:11.752,2652.26,E 60 s / 60 s,6.4226,80.7,917504,4.98882,0.0034,0.3708,0.2281,0.4507,0.0018,0.0002,0.5624,0.0,0.4001,0.0,0.0633,4.3418
08:08:13.751,2654.26,E 60 s / 60 s,10.0716,79.0,917504,5.0049,0.0029,0.342,0.3472,0.4234,0.0012,0.0002,0.5199,0.0,0.2707,0.0036,0.0621,8.0985
08:08:15.750,2656.26,E 60 s / 60 s,6.7123,79.6,917504,5.09066,0.0031,0.2986,0.2242,0.383,0.0004,0.0002,0.5976,0.0,0.0649,0.0,0.0673,5.073
08:08:17.755,2658.26,E 60 s / 60 s,8.4422,80.1,917504,4.86554,0.0027,0.3421,0.2371,0.4107,0.0008,0.0002,0.5845,0.017,0.2602,0.0053,0.062,6.5195
08:08:19.755,2660.26,E 60 s / 60 s,8.3941,81.2,917504,4.91914,0.0031,0.3855,0.2497,0.4621,0.0012,0.0002,0.5167,0.0,0.3794,0.0027,0.0645,6.329
08:08:21.752,2662.26,E 60 s / 60 s,9.3432,80.1,917504,4.97944,0.0028,0.3887,0.2836,0.4452,0.0018,0.0008,0.5393,0.0,0.4725,0.01,0.0625,7.1359
08:08:23.751,2664.26,E 60 s / 60 s,3.6371,74.1,917504,5.09066,0.0028,0.3456,0.3535,0.3858,0.0012,0.0002,0.5239,0.0,0.0507,0.0,0.0629,1.9106
08:08:25.751,2666.26,E 60 s / 60 s,3.0404,69.7,917504,5.10674,0.0031,0.2958,0.3547,0.3703,0.0012,0.0002,0.5167,0.0,0.0356,0.0,0.0675,1.3953
08:08:27.751,2668.26,E 60 s / 60 s,2.9223,67.0,917504,5.1322,0.0028,0.2801,0.2488,0.3637,0.0008,0.0004,0.5123,0.0,0.0313,0.0,0.0672,1.4148
08:08:29.751,2670.26,E 60 s / 60 s,2.5904,64.2,917504,5.1322,0.0031,0.3108,0.236,0.3697,0.0006,0.0002,0.5753,0.0035,0.0369,0.0,0.0704,0.984
08:08:31.755,2672.26,E 60 s / 60 s,2.5745,62.6,917504,5.13756,0.0029,0.3481,0.254,0.3584,0.0016,0.0002,0.5317,0.0106,0.0313,0.0,0.0646,0.9711
08:08:33.752,2674.26,E 60 s / 60 s,2.4652,62.6,917504,5.1389,0.0026,0.3002,0.2208,0.365,0.0008,0.0002,0.5394,0.0,0.028,0.0,0.0692,0.9389
08:08:35.752,2676.26,E 60 s / 60 s,2.4604,61.5,917504,5.13622,0.0034,0.3004,0.2259,0.3679,0.0012,0.0002,0.5365,0.0106,0.0432,0.0,0.0647,0.9064
08:08:37.752,2678.26,E 60 s / 60 s,2.5526,59.8,917504,5.12952,0.0027,0.3004,0.3546,0.369,0.0008,0.0,0.5167,0.0,0.0411,0.0,0.0667,0.9007
08:08:39.752,2680.26,E 60 s / 60 s,2.5269,59.8,917504,5.1456,0.0032,0.4018,0.2233,0.3688,0.0002,0.0,0.5359,0.0106,0.0248,0.0,0.0697,0.8885
08:08:41.752,2682.26,E 60 s / 60 s,2.5569,58.7,917504,5.14024,0.0028,0.392,0.2344,0.3689,0.0016,0.0,0.541,0.0,0.0563,0.0,0.066,0.8939
08:08:43.752,2684.26,E 60 s / 60 s,2.3782,58.7,917504,5.14024,0.0031,0.2794,0.2222,0.3543,0.0002,0.0002,0.5358,0.0,0.027,0.0,0.0685,0.8875
08:08:45.752,2686.26,E 60 s / 60 s,2.3886,58.2,917504,5.13354,0.0028,0.2825,0.2207,0.3697,0.0004,0.0004,0.5365,0.0035,0.0269,0.0,0.0698,0.8753
08:08:47.752,2688.26,E 60 s / 60 s,2.4977,58.7,917504,5.13622,0.0031,0.3009,0.3486,0.365,0.0004,0.0002,0.5169,0.0,0.0238,0.0,0.0634,0.8753
08:08:49.752,2690.26,E 60 s / 60 s,2.528,57.1,917504,5.13622,0.0031,0.3021,0.3403,0.3619,0.0008,0.0002,0.5364,0.0106,0.0271,0.0,0.0697,0.8756
08:08:51.752,2692.26,E 60 s / 60 s,2.4431,57.6,917504,5.14292,0.0027,0.3011,0.2282,0.3724,0.0032,0.0002,0.5874,0.0,0.0346,0.0,0.0646,0.8486
08:08:53.752,2694.26,E 60 s / 60 s,2.4587,57.1,917504,5.13622,0.0029,0.2817,0.287,0.3637,0.0008,0.0002,0.5167,0.0,0.0888,0.0,0.0681,0.8489
08:08:55.756,2696.26,E 60 s / 60 s,2.5028,57.6,917504,5.13488,0.0033,0.2906,0.3205,0.3643,0.0002,0.0004,0.5345,0.0071,0.0551,0.0,0.0711,0.8557
08:08:57.752,2698.27,E 60 s / 60 s,2.5187,57.1,917504,5.14024,0.0029,0.3644,0.2881,0.3661,0.0006,0.0004,0.5398,0.0,0.0249,0.0,0.0697,0.8618
08:08:59.752,2700.27,E 60 s / 60 s,2.4854,56.5,917504,5.13488,0.0031,0.2835,0.3578,0.3564,0.0006,0.0004,0.5291,0.0035,0.04,0.0,0.0691,0.8418
08:09:01.753,2702.27,E 60 s / 60 s,2.5642,56.5,917504,5.1389,0.0028,0.3018,0.3578,0.3637,0.0016,0.0002,0.5898,0.0,0.0335,0.0,0.0698,0.8431
08:09:03.753,2704.27,E 60 s / 60 s,2.5885,56.0,917504,5.13622,0.0033,0.3711,0.3757,0.3635,0.0004,0.0002,0.5321,0.0035,0.026,0.0,0.0699,0.8428
08:09:05.753,2706.27,E 60 s / 60 s,2.4876,56.0,917504,5.1322,0.0032,0.3012,0.3552,0.367,0.0016,0.0,0.5197,0.0,0.0259,0.0,0.0697,0.844
08:09:07.753,2708.27,E 60 s / 60 s,2.4654,56.0,917504,5.14158,0.0031,0.3535,0.2529,0.3696,0.0004,0.0002,0.5365,0.0,0.0412,0.0,0.0654,0.8425
08:09:09.753,2710.27,E 60 s / 60 s,2.4721,56.0,917504,5.13354,0.0026,0.3033,0.3569,0.3596,0.0008,0.0002,0.5131,0.0,0.0336,0.0,0.0661,0.836
08:09:11.753,2712.27,E 60 s / 60 s,2.3458,55.4,917504,5.12282,0.0027,0.2808,0.2201,0.3635,0.0016,0.0002,0.551,0.0035,0.0216,0.0,0.0648,0.836
08:09:13.753,2714.27,E 60 s / 60 s,2.4607,54.3,917504,5.1121,0.0028,0.3517,0.2898,0.3615,0.0006,0.0004,0.5358,0.0,0.0206,0.0,0.0673,0.8302
08:09:15.753,2716.27,E 60 s / 60 s,2.338,54.9,917504,5.1322,0.0031,0.2789,0.253,0.3707,0.0008,0.0004,0.5156,0.0035,0.0271,0.0,0.0672,0.8177
08:09:17.753,2718.27,E 60 s / 60 s,2.5359,55.4,917504,5.14426,0.0027,0.3527,0.2533,0.3707,0.0016,0.0,0.6206,0.0071,0.0356,0.0,0.0687,0.8229
08:09:19.757,2720.27,E 60 s / 60 s,2.4383,55.4,917504,5.1389,0.0028,0.3047,0.3408,0.3643,0.0006,0.0,0.501,0.0035,0.0303,0.0,0.0668,0.8235
08:09:21.753,2722.27,E 60 s / 60 s,2.3632,54.9,917504,5.15096,0.0029,0.3044,0.2227,0.3654,0.0016,0.0002,0.5326,0.0106,0.0313,0.0,0.0673,0.8241
08:09:23.753,2724.27,E 60 s / 60 s,2.4168,55.4,917504,5.14292,0.0031,0.3038,0.2282,0.3633,0.0016,0.0004,0.5898,0.0,0.0399,0.0,0.0699,0.8168
08:09:25.753,2726.27,E 60 s / 60 s,2.3684,54.3,917504,5.1456,0.0035,0.2783,0.2859,0.3609,0.0006,0.0,0.5188,0.0,0.0401,0.0,0.0699,0.8103
08:09:27.753,2728.27,E 60 s / 60 s,2.3648,54.9,917504,5.14694,0.0027,0.3041,0.2249,0.3662,0.0034,0.0004,0.535,0.0106,0.0282,0.0,0.0722,0.8171
08:09:29.755,2730.27,E 60 s / 60 s,8.3699,64.8,917504,4.9178,0.0029,0.3763,0.227,0.4692,0.0004,0.0004,0.5915,0.0175,0.5398,0.0198,0.0665,6.0586
08:09:31.755,2732.27,E 60 s / 60 s,9.0556,67.0,917504,5.12014,0.0032,0.3764,0.2511,0.461,0.0002,0.0002,0.51,0.0,0.3334,0.0107,0.0696,7.0398
08:09:33.759,2734.27,E 60 s / 60 s,9.8303,70.8,917504,4.88832,0.0033,0.3988,0.2331,0.4352,0.0004,0.0002,0.5909,0.0208,0.2684,0.0047,0.0659,7.8085
08:09:35.759,2736.27,E 60 s / 60 s,10.1789,72.5,917504,4.9781,0.0027,0.4374,0.2833,0.4153,0.0006,0.0008,0.5332,0.0,0.1958,0.0006,0.068,8.2413
08:09:37.755,2738.27,E 60 s / 60 s,9.4302,70.8,917504,4.97274,0.0032,0.3104,0.3492,0.4478,0.0008,0.0002,0.5136,0.0,0.4811,0.0106,0.0659,7.2474
08:09:39.754,2740.27,E 60 s / 60 s,6.4377,73.0,917504,5.10272,0.0034,0.3256,0.2497,0.3812,0.0002,0.0004,0.5358,0.0,0.0378,0.0,0.0673,4.8362
08:09:41.759,2742.27,E 60 s / 60 s,9.9142,75.2,917504,4.97542,0.003,0.4012,0.352,0.4001,0.0,0.0002,0.5294,0.0,0.2001,0.0107,0.0646,7.953
08:09:43.755,2744.27,E 60 s / 60 s,8.388,76.3,917504,4.8776,0.0029,0.5003,0.2522,0.423,0.0006,0.0,0.5301,0.0,0.4536,0.0129,0.0677,6.1446
08:09:45.755,2746.27,E 60 s / 60 s,9.4523,76.3,917504,4.86688,0.003,0.3935,0.3536,0.3963,0.0012,0.0008,0.526,0.0,0.2489,0.0015,0.0637,7.4638
08:09:47.764,2748.27,E 60 s / 60 s,6.7351,76.3,917504,5.00758,0.0034,0.3768,0.2223,0.3942,0.0008,0.0004,0.5458,0.0171,0.4153,0.0068,0.0629,4.6893
08:09:49.763,2750.27,E 60 s / 60 s,5.2939,76.8,917504,4.99954,0.0034,0.2998,0.2425,0.4088,0.0002,0.0004,0.5656,0.0034,0.1964,0.0044,0.0666,3.5022
08:09:51.759,2752.27,E 60 s / 60 s,10.2083,77.9,917504,4.87492,0.0033,0.4195,0.2827,0.4064,0.0008,0.0002,0.5724,0.0034,0.198,0.0006,0.0645,8.2565
08:09:53.759,2754.27,E 60 s / 60 s,6.4807,79.0,917504,4.86018,0.0031,0.3966,0.3189,0.4306,0.0008,0.0002,0.5135,0.0102,0.1934,0.0183,0.0624,4.5329
08:09:55.759,2756.27,E 60 s / 60 s,9.1189,77.9,917504,4.98346,0.0033,0.4233,0.2496,0.4328,0.0004,0.0002,0.5713,0.0,0.2679,0.008,0.0644,7.0977
08:09:57.763,2758.27,E 60 s / 60 s,9.9928,77.9,917504,5.0116,0.003,0.3058,0.2486,0.4411,0.0008,0.0008,0.5131,0.0,0.2016,0.0059,0.0638,8.2082
08:09:59.762,2760.27,E 60 s / 60 s,6.3608,78.5,917504,5.0116,0.0031,0.3971,0.3513,0.4049,0.0008,0.0002,0.5204,0.0034,0.3077,0.005,0.0637,4.3032
08:10:01.759,2762.27,E 60 s / 60 s,9.3808,79.6,917504,4.86554,0.0031,0.3481,0.2264,0.4177,0.0006,0.0008,0.5469,0.0,0.2337,0.0047,0.0644,7.5344
08:10:03.763,2764.27,E 60 s / 60 s,9.8206,79.6,917504,4.87626,0.0028,0.2967,0.3425,0.4111,0.0012,0.0,0.5423,0.017,0.1993,0.0044,0.0624,7.9407
08:10:05.759,2766.27,E 60 s / 60 s,9.8883,79.6,917504,4.89904,0.0032,0.3906,0.2816,0.4362,0.0002,0.0004,0.607,0.0,0.1301,0.005,0.0654,7.9686
08:10:07.760,2768.27,E 60 s / 60 s,7.3408,80.1,917504,4.88162,0.0031,0.3941,0.3482,0.4017,0.0012,0.0002,0.5182,0.0034,0.3328,0.0056,0.0589,5.2733
08:10:09.779,2770.27,E 60 s / 60 s,4.9074,77.9,917504,4.99552,0.0035,0.3717,0.2272,0.3916,0.0016,0.0008,0.5433,0.0,0.2662,0.0056,0.0637,3.0322
08:10:11.767,2772.27,E 60 s / 60 s,9.937,80.7,917504,4.92986,0.0027,0.3199,0.2845,0.423,0.0012,0.0002,0.5167,0.0,0.2156,0.0032,0.0615,8.1087
08:10:13.759,2774.27,E 60 s / 60 s,8.796,81.2,917504,4.97408,0.0027,0.4576,0.2852,0.4344,0.0016,0.0004,0.5415,0.0,0.3547,0.0088,0.0614,6.6476
08:10:15.760,2776.27,E 60 s / 60 s,6.5372,79.6,917504,5.00624,0.003,0.3299,0.3168,0.4199,0.0008,0.0004,0.5296,0.0102,0.3214,0.0041,0.0633,4.5377
08:10:17.763,2778.27,E 60 s / 60 s,7.0458,80.7,917504,4.88832,0.003,0.4949,0.2831,0.4143,0.0012,0.0004,0.5333,0.0,0.2104,0.0124,0.0611,5.0317
08:10:19.759,2780.27,E 60 s / 60 s,6.6897,81.8,917504,4.9982,0.0031,0.4448,0.2508,0.4156,0.0004,0.0008,0.5365,0.0034,0.2365,0.0059,0.0625,4.7292
08:10:21.759,2782.27,E 60 s / 60 s,10.2305,80.7,917504,4.96336,0.0032,0.3943,0.2328,0.4397,0.0004,0.0008,0.5896,0.0069,0.5125,0.0,0.0641,7.9861
08:10:23.766,2784.27,E 60 s / 60 s,6.5868,81.2,917504,4.90038,0.0039,0.3808,0.2858,0.4389,0.0008,0.0002,0.5139,0.0,0.5138,0.01,0.061,4.3776
08:10:25.763,2786.27,E 60 s / 60 s,10.146,81.2,917504,4.93924,0.0032,0.4183,0.2842,0.419,0.0016,0.0,0.5388,0.0068,0.2605,0.0056,0.0637,8.1444
08:10:27.759,2788.27,E 60 s / 60 s,9.8861,81.2,917504,4.86688,0.0032,0.3067,0.2486,0.4231,0.0016,0.0002,0.5302,0.0,0.3397,0.0006,0.0607,7.9714
08:10:29.758,2790.27,E 60 s / 60 s,3.5428,73.0,917504,5.10272,0.0027,0.2963,0.3571,0.3875,0.0016,0.0002,0.5261,0.0,0.0672,0.0,0.0639,1.8401
08:10:31.758,2792.27,E 60 s / 60 s,3.3105,68.6,917504,5.10674,0.0032,0.2984,0.2234,0.3775,0.0008,0.0002,0.5358,0.0,0.0573,0.0,0.0638,1.7501
08:10:33.758,2794.27,E 60 s / 60 s,2.6051,66.4,917504,5.1121,0.0031,0.2984,0.3414,0.3627,0.0018,0.0004,0.4874,0.0,0.0314,0.0,0.0619,1.0165
08:10:35.758,2796.27,E 60 s / 60 s,2.6324,64.2,917504,5.1322,0.0029,0.3945,0.2543,0.3703,0.0012,0.0002,0.5399,0.0,0.0334,0.0,0.065,0.9707
08:10:37.758,2798.27,E 60 s / 60 s,2.629,63.7,917504,5.13086,0.0028,0.3747,0.2897,0.3672,0.0016,0.0002,0.5349,0.0106,0.0336,0.0,0.0691,0.9447
08:10:39.759,2800.27,E 60 s / 60 s,2.6659,62.0,917504,5.13488,0.0033,0.3708,0.3572,0.367,0.0012,0.0,0.5349,0.0,0.0325,0.0,0.0666,0.9325
08:10:41.759,2802.27,E 60 s / 60 s,2.4171,60.9,917504,5.13622,0.0027,0.2809,0.2361,0.3619,0.0016,0.0002,0.5296,0.0,0.0302,0.0,0.0671,0.9068
08:10:43.759,2804.27,E 60 s / 60 s,2.4902,59.8,917504,5.14024,0.0028,0.2816,0.2255,0.3655,0.0008,0.0004,0.5196,0.0,0.1209,0.0,0.0727,0.9004
08:10:45.759,2806.27,E 60 s / 60 s,2.4884,59.8,917504,5.14024,0.0026,0.2796,0.2537,0.3724,0.0002,0.0004,0.5164,0.0035,0.0877,0.0,0.0705,0.9014
08:10:47.759,2808.27,E 60 s / 60 s,2.5428,59.3,917504,5.13488,0.0028,0.326,0.2544,0.3738,0.0008,0.0004,0.5913,0.0106,0.0281,0.0,0.0678,0.8868
08:10:49.759,2810.27,E 60 s / 60 s,2.5974,58.7,917504,5.13622,0.0027,0.3713,0.3567,0.3547,0.0004,0.0004,0.5326,0.0,0.0283,0.0,0.0692,0.8811
08:10:51.759,2812.27,E 60 s / 60 s,2.4184,58.2,917504,5.14292,0.0033,0.3015,0.2367,0.367,0.0032,0.0004,0.5362,0.0,0.0335,0.0,0.0685,0.8679
08:10:53.759,2814.27,E 60 s / 60 s,2.6238,58.2,917504,5.13756,0.0027,0.3518,0.3547,0.3619,0.0008,0.0,0.5784,0.0035,0.0291,0.0,0.0655,0.8753
08:10:55.759,2816.27,E 60 s / 60 s,2.5112,58.2,917504,5.1456,0.0033,0.2812,0.3566,0.3598,0.0004,0.0,0.5134,0.0035,0.04,0.0,0.0654,0.8875
08:10:57.759,2818.27,E 60 s / 60 s,2.5865,57.6,917504,5.13354,0.0031,0.3017,0.2897,0.369,0.0016,0.0004,0.5914,0.0,0.0269,0.0,0.0646,0.9382
08:10:59.759,2820.27,E 60 s / 60 s,2.6149,57.1,917504,5.14158,0.0028,0.3785,0.3565,0.3637,0.0002,0.0,0.5391,0.0035,0.04,0.0,0.0685,0.8621
08:11:01.759,2822.27,E 60 s / 60 s,2.5091,57.1,917504,5.1389,0.0031,0.3018,0.3575,0.3628,0.0016,0.0,0.5197,0.0,0.0281,0.0,0.0653,0.8692
08:11:03.759,2824.27,E 60 s / 60 s,2.5494,57.1,917504,5.12684,0.0033,0.3523,0.2894,0.3682,0.0018,0.0004,0.5326,0.0,0.0282,0.0,0.0667,0.9064
08:11:05.759,2826.27,E 60 s / 60 s,2.5524,56.5,917504,5.12282,0.0031,0.3523,0.2549,0.3759,0.0032,0.0,0.5863,0.0141,0.027,0.0,0.0679,0.8676
08:11:07.759,2828.27,E 60 s / 60 s,2.38,56.5,917504,5.14024,0.0036,0.2787,0.2359,0.3691,0.0006,0.0004,0.5368,0.0035,0.027,0.0,0.0691,0.8553
08:11:09.760,2830.27,E 60 s / 60 s,2.4175,58.2,917504,5.1389,0.0029,0.3027,0.2249,0.3719,0.0008,0.0002,0.5665,0.0071,0.0302,0.0,0.0679,0.8425
08:11:11.760,2832.27,E 60 s / 60 s,2.4178,56.5,917504,5.1456,0.0027,0.2796,0.2863,0.3685,0.0008,0.0002,0.5358,0.0035,0.0248,0.0,0.073,0.8425
08:11:13.760,2834.27,E 60 s / 60 s,2.4392,56.0,917504,5.13354,0.0028,0.3031,0.2347,0.3619,0.0,0.0004,0.5874,0.0106,0.0324,0.0,0.0698,0.836
08:11:15.760,2836.27,E 60 s / 60 s,2.5699,55.4,917504,5.13354,0.0028,0.3507,0.3558,0.369,0.0008,0.0004,0.5336,0.0035,0.0412,0.0,0.0692,0.8428
08:11:17.760,2838.27,E 60 s / 60 s,2.3648,55.4,917504,5.14158,0.0026,0.2755,0.2348,0.3643,0.0,0.0004,0.5365,0.0,0.0292,0.0,0.0724,0.8489
08:11:19.760,2840.27,E 60 s / 60 s,2.4476,55.4,917504,5.13354,0.003,0.3035,0.2527,0.3715,0.0006,0.0004,0.5786,0.0071,0.0357,0.0,0.0704,0.8241
08:11:21.760,2842.27,E 60 s / 60 s,2.469,55.4,917504,5.13488,0.0025,0.3023,0.3535,0.3654,0.0006,0.0,0.5101,0.0,0.0271,0.0,0.0705,0.837
08:11:23.760,2844.27,E 60 s / 60 s,2.3986,55.4,917504,5.1456,0.003,0.2769,0.2867,0.3673,0.0004,0.0002,0.5183,0.0106,0.0388,0.0,0.0729,0.8235
08:11:25.760,2846.27,E 60 s / 60 s,2.4409,55.4,917504,5.14292,0.0034,0.3043,0.2389,0.3679,0.0004,0.0,0.5883,0.0071,0.0313,0.0,0.0698,0.8296
08:11:27.760,2848.27,E 60 s / 60 s,2.5138,54.9,917504,5.14024,0.0031,0.3062,0.3529,0.3679,0.0004,0.0004,0.5398,0.0035,0.0302,0.0,0.0731,0.8364
08:11:29.770,2850.28,E 60 s / 60 s,9.0503,64.8,917504,5.02634,0.0032,0.3507,0.347,0.4159,0.0,0.0002,0.5196,0.0,0.3358,0.0053,0.0665,7.0061
08:11:31.767,2852.28,E 60 s / 60 s,9.3899,68.1,917504,5.02366,0.0033,0.3518,0.2224,0.4167,0.0004,0.0008,0.5326,0.0035,0.2652,0.005,0.0679,7.5202
08:11:33.767,2854.28,E 60 s / 60 s,8.2017,70.3,917504,4.98614,0.0031,0.3252,0.2886,0.4011,0.0002,0.0002,0.5236,0.0034,0.2319,0.0053,0.0661,6.3529
08:11:35.771,2856.28,E 60 s / 60 s,9.9997,71.9,917504,4.97408,0.0031,0.3981,0.2849,0.4044,0.0004,0.0002,0.5204,0.0068,0.1795,0.0044,0.0658,8.1316
08:11:37.767,2858.28,E 60 s / 60 s,8.7074,73.0,917504,4.88162,0.0028,0.3979,0.3808,0.4248,0.0004,0.0008,0.5469,0.0377,0.4835,0.0104,0.0648,6.3566
08:11:39.767,2860.28,E 60 s / 60 s,9.5122,73.6,917504,4.97274,0.0032,0.3995,0.3552,0.4329,0.0032,0.0,0.5358,0.0069,0.2311,0.0062,0.0633,7.4748
08:11:41.768,2862.28,E 60 s / 60 s,9.6202,74.7,917504,5.01428,0.0037,0.328,0.2204,0.4094,0.0,0.0004,0.5261,0.0,0.2155,0.0051,0.0653,7.8464
08:11:43.771,2864.28,E 60 s / 60 s,7.6224,75.7,917504,4.86822,0.0031,0.3479,0.2339,0.4073,0.0,0.0004,0.5368,0.0,0.2202,0.003,0.0641,5.8057
08:11:45.771,2866.28,E 60 s / 60 s,8.759,76.8,917504,4.88832,0.0033,0.467,0.3547,0.4071,0.0004,0.0002,0.5304,0.0035,0.4989,0.0089,0.0646,6.4201
08:11:47.771,2868.28,E 60 s / 60 s,9.7592,76.3,917504,4.85482,0.0033,0.3464,0.2323,0.4079,0.0006,0.0002,0.5876,0.0,0.2662,0.011,0.0652,7.8385
08:11:49.771,2870.28,E 60 s / 60 s,8.7587,75.7,917504,4.9848,0.0029,0.3937,0.2854,0.4088,0.0004,0.0004,0.5164,0.0068,0.289,0.0038,0.0624,6.7887
08:11:51.774,2872.28,E 60 s / 60 s,3.658,76.3,917504,5.09066,0.0027,0.2846,0.3523,0.3791,0.0008,0.0004,0.517,0.0035,0.0237,0.0,0.0629,2.031
08:11:53.779,2874.29,E 60 s / 60 s,10.3655,79.0,917504,4.8776,0.0029,0.3445,0.2846,0.4159,0.0006,0.0008,0.5659,0.0,0.0689,0.0,0.0638,8.6176
08:11:55.779,2876.29,E 60 s / 60 s,9.5112,77.9,917504,4.8776,0.0031,0.2962,0.3535,0.4292,0.0008,0.0008,0.5164,0.0034,0.4761,0.0006,0.0622,7.369
08:11:57.779,2878.29,E 60 s / 60 s,9.2484,78.5,917504,4.88832,0.0031,0.4706,0.3612,0.4372,0.0004,0.0008,0.5333,0.034,0.4473,0.0097,0.0639,6.8869
08:11:59.779,2880.29,E 60 s / 60 s,8.1833,77.4,917504,4.88162,0.0032,0.397,0.3515,0.4276,0.0018,0.0002,0.5326,0.0,0.4655,0.0074,0.0634,5.9332
08:12:01.780,2882.29,E 60 s / 60 s,10.2014,79.0,917504,4.97408,0.0036,0.4382,0.3175,0.4094,0.0012,0.0004,0.5254,0.0,0.3028,0.0059,0.0629,8.1342
08:12:03.784,2884.29,E 60 s / 60 s,9.8248,79.6,917504,4.99954,0.0029,0.3035,0.2231,0.3951,0.0012,0.0002,0.535,0.0,0.3374,0.0124,0.0601,7.954
08:12:05.784,2886.29,E 60 s / 60 s,7.2825,78.5,917504,4.94728,0.0033,0.3975,0.3533,0.4144,0.0012,0.0002,0.5381,0.0136,0.4105,0.008,0.0661,5.0762
08:12:07.783,2888.29,E 60 s / 60 s,9.6921,80.1,917504,4.95666,0.0032,0.4463,0.2483,0.4039,0.0012,0.0002,0.5939,0.0069,0.4528,0.0089,0.0658,7.4608
08:12:09.784,2890.29,E 60 s / 60 s,5.0985,78.5,917504,4.9915,0.0033,0.294,0.2245,0.3777,0.0012,0.0002,0.5415,0.0,0.467,0.0006,0.0667,3.1219
08:12:11.783,2892.29,E 60 s / 60 s,9.9082,80.1,917504,4.87626,0.0029,0.3429,0.3794,0.4109,0.0008,0.0004,0.5231,0.0034,0.2061,0.0056,0.0619,7.9707
08:12:13.783,2894.29,E 60 s / 60 s,9.5954,79.6,917504,4.86286,0.003,0.3011,0.2231,0.4379,0.0014,0.0002,0.5401,0.0,0.4946,0.0,0.0661,7.5279
08:12:15.784,2896.29,E 60 s / 60 s,8.5231,79.6,917504,4.89234,0.0031,0.3615,0.2508,0.4575,0.001,0.0008,0.5648,0.0034,0.5461,0.0151,0.0599,6.259
08:12:17.783,2898.29,E 60 s / 60 s,10.1991,80.1,917504,4.86286,0.0033,0.43,0.2815,0.439,0.0008,0.0008,0.5204,0.0,0.4902,0.0156,0.0645,7.953
08:12:19.783,2900.29,E 60 s / 60 s,8.9176,81.2,917504,4.85884,0.0031,0.3887,0.368,0.4269,0.0032,0.0008,0.4972,0.0102,0.4796,0.0095,0.0618,6.6684
08:12:21.784,2902.29,E 60 s / 60 s,7.358,79.6,917504,4.86822,0.0029,0.3806,0.2497,0.4247,0.0012,0.0004,0.501,0.0342,0.4399,0.0094,0.0619,5.252
08:12:23.783,2904.29,E 60 s / 60 s,7.7659,81.2,917504,5.0853,0.0031,0.4711,0.3536,0.4681,0.0012,0.0002,0.5326,0.0,0.5171,0.0068,0.0641,5.3481
08:12:25.787,2906.3,E 60 s / 60 s,9.9479,82.3,917512,4.8776,0.0032,0.3902,0.3535,0.423,0.0012,0.0002,0.535,0.0,0.083,0.0003,0.0597,8.0985
08:12:27.783,2908.3,E 60 s / 60 s,3.439,73.0,917504,5.09736,0.0031,0.2844,0.2339,0.392,0.0018,0.0008,0.5053,0.007,0.0433,0.0,0.0643,1.903
08:12:29.783,2910.3,E 60 s / 60 s,3.5332,69.7,917504,5.11076,0.0029,0.2966,0.3563,0.379,0.0012,0.0008,0.5131,0.0,0.0325,0.0,0.0643,1.8865
08:12:31.783,2912.3,E 60 s / 60 s,3.2583,67.5,917504,5.10674,0.0028,0.2999,0.2346,0.3791,0.0012,0.0004,0.521,0.0035,0.0323,0.0,0.0651,1.7185
08:12:33.783,2914.3,E 60 s / 60 s,2.7214,65.9,917504,5.11746,0.0031,0.368,0.3558,0.3665,0.0018,0.0002,0.5396,0.0,0.0303,0.0,0.0653,0.9908
08:12:35.783,2916.3,E 60 s / 60 s,2.7218,63.1,917504,5.12416,0.0031,0.3007,0.3556,0.3633,0.0008,0.0002,0.5229,0.007,0.0389,0.0,0.0683,1.0611
08:12:37.783,2918.3,E 60 s / 60 s,2.5158,62.0,917504,5.12952,0.0031,0.2997,0.2233,0.3707,0.0032,0.0002,0.5442,0.0141,0.0271,0.0,0.0658,0.9643
08:12:39.783,2920.3,E 60 s / 60 s,2.5626,61.5,917504,5.1322,0.0031,0.2992,0.3475,0.3625,0.0034,0.0004,0.5197,0.0,0.0217,0.0,0.0716,0.9336
08:12:41.784,2922.3,E 60 s / 60 s,2.5509,59.8,917504,5.1456,0.0034,0.2799,0.2339,0.36,0.0016,0.0002,0.51,0.0035,0.0326,0.0,0.0647,1.0611
08:12:43.784,2924.3,E 60 s / 60 s,2.7203,59.8,917504,5.13354,0.0031,0.3512,0.251,0.3739,0.0012,0.0002,0.5751,0.0,0.0335,0.0,0.0704,1.0607
08:12:45.784,2926.3,E 60 s / 60 s,2.551,59.8,917504,5.13354,0.0029,0.3016,0.3379,0.3724,0.0016,0.0004,0.5201,0.0,0.0281,0.0,0.066,0.92
08:12:47.784,2928.3,E 60 s / 60 s,2.4598,58.7,917504,5.1389,0.003,0.3018,0.2269,0.3619,0.0016,0.0002,0.5874,0.0,0.026,0.0,0.0697,0.8811
08:12:49.784,2930.3,E 60 s / 60 s,2.5435,58.7,917504,5.1456,0.0027,0.3008,0.351,0.3602,0.0016,0.0004,0.5383,0.0071,0.0313,0.0,0.0692,0.8811
08:12:51.784,2932.3,E 60 s / 60 s,2.436,58.7,917504,5.14292,0.0029,0.3027,0.223,0.3637,0.0032,0.0004,0.5459,0.0035,0.0399,0.0,0.0698,0.8811
08:12:53.784,2934.3,E 60 s / 60 s,2.5567,58.2,917504,5.13622,0.0027,0.3507,0.254,0.3723,0.0018,0.0004,0.5866,0.0071,0.0324,0.0,0.068,0.8807
08:12:55.784,2936.3,E 60 s / 60 s,2.5379,57.6,917504,5.13622,0.0029,0.3012,0.3576,0.3688,0.0002,0.0004,0.5327,0.0,0.027,0.0,0.0661,0.8811
08:12:57.784,2938.3,E 60 s / 60 s,2.4271,57.6,917504,5.13354,0.0027,0.3043,0.252,0.3654,0.0016,0.0004,0.5349,0.0,0.0412,0.0,0.0685,0.856
08:12:59.784,2940.3,E 60 s / 60 s,2.6156,57.6,917504,5.13622,0.0031,0.3755,0.3492,0.3669,0.0006,0.0002,0.5361,0.0142,0.0346,0.0,0.0673,0.8679
08:13:01.784,2942.3,E 60 s / 60 s,2.4661,57.6,917504,5.14024,0.0031,0.3522,0.2523,0.3669,0.0008,0.0004,0.5135,0.0071,0.0302,0.0,0.0715,0.8682
08:13:03.784,2944.3,E 60 s / 60 s,2.5387,57.1,917504,5.14024,0.0029,0.4011,0.2361,0.3725,0.0002,0.0004,0.5766,0.0035,0.0259,0.0,0.0642,0.8553
08:13:05.784,2946.3,E 60 s / 60 s,2.5787,56.5,917504,5.13622,0.0031,0.3895,0.3195,0.365,0.0006,0.0,0.5398,0.0,0.0281,0.0,0.0704,0.8627
08:13:07.788,2948.3,E 60 s / 60 s,2.3498,56.5,917504,5.14024,0.0027,0.2848,0.225,0.3654,0.0016,0.0,0.5231,0.0,0.0258,0.0,0.0717,0.8495
08:13:09.784,2950.3,E 60 s / 60 s,2.473,56.0,917504,5.14024,0.0029,0.3512,0.2509,0.3688,0.0016,0.0004,0.539,0.0106,0.0238,0.0,0.0679,0.856
08:13:11.785,2952.3,E 60 s / 60 s,2.4746,56.5,917504,5.1456,0.0031,0.3013,0.3223,0.3697,0.0016,0.0004,0.5333,0.0,0.027,0.0,0.0661,0.8499
08:13:13.785,2954.3,E 60 s / 60 s,2.3406,56.0,917504,5.1389,0.003,0.2826,0.223,0.3635,0.0,0.0002,0.5164,0.0035,0.0399,0.0,0.0723,0.836
08:13:15.785,2956.3,E 60 s / 60 s,2.4945,55.4,917504,5.14024,0.0027,0.3524,0.2547,0.3733,0.0016,0.0004,0.5784,0.0,0.0271,0.0,0.0679,0.836
08:13:17.785,2958.3,E 60 s / 60 s,2.4106,55.4,917504,5.1456,0.0029,0.2783,0.2867,0.3672,0.0004,0.0002,0.5423,0.0035,0.0249,0.0,0.068,0.836
08:13:19.785,2960.3,E 60 s / 60 s,2.4791,55.4,917504,5.1456,0.0031,0.3051,0.3558,0.369,0.0016,0.0,0.5167,0.0035,0.028,0.0,0.0722,0.8241
08:13:21.785,2962.3,E 60 s / 60 s,2.393,54.9,917504,5.14694,0.0032,0.3035,0.2222,0.3685,0.0004,0.0,0.5472,0.0035,0.0411,0.0,0.0673,0.836
08:13:23.785,2964.3,E 60 s / 60 s,2.5008,55.4,917504,5.1389,0.0029,0.3672,0.2877,0.3652,0.0008,0.0,0.5361,0.0,0.0237,0.0,0.0737,0.8434
08:13:25.785,2966.3,E 60 s / 60 s,2.3915,55.4,917504,5.14694,0.0027,0.2792,0.2692,0.3654,0.0016,0.0,0.5329,0.0106,0.0303,0.0,0.0698,0.8296
08:13:27.785,2968.3,E 60 s / 60 s,2.3845,54.9,917504,5.13622,0.0027,0.3039,0.2889,0.3649,0.0,0.0,0.5131,0.0,0.0259,0.0,0.0737,0.8112
08:13:29.785,2970.3,E 60 s / 60 s,2.5073,54.9,917504,5.1456,0.0029,0.3046,0.3837,0.3689,0.0004,0.0,0.5248,0.0,0.026,0.0,0.0661,0.8299
08:13:31.801,2972.3,E 60 s / 60 s,3.9653,56.5,917504,5.08128,0.0028,0.3356,0.2333,0.3989,0.0006,0.0004,0.5818,0.0,0.2152,0.0044,0.0709,2.1214
08:13:33.788,2974.3,E 60 s / 60 s,7.4271,67.0,917504,4.9111,0.0031,0.3511,0.3459,0.4041,0.0004,0.0004,0.5388,0.0069,0.2977,0.0136,0.0678,5.3973
08:13:35.787,2976.3,E 60 s / 60 s,9.6918,69.2,917504,4.89904,0.003,0.4251,0.3384,0.423,0.0032,0.0004,0.5456,0.0035,0.2297,0.0056,0.0641,7.6501
08:13:37.795,2978.3,E 60 s / 60 s,9.6453,71.4,917504,4.89502,0.0032,0.3009,0.2497,0.4159,0.0002,0.0002,0.5073,0.0103,0.3918,0.005,0.0645,7.6964
08:13:39.788,2980.3,E 60 s / 60 s,8.4219,72.5,917504,4.89904,0.003,0.4748,0.3189,0.4156,0.0006,0.0002,0.5377,0.0069,0.4722,0.0083,0.0659,6.1178
08:13:41.787,2982.3,E 60 s / 60 s,9.4529,73.6,917504,4.90842,0.0028,0.3815,0.2854,0.4138,0.0,0.0002,0.5395,0.007,0.3362,0.0092,0.0655,7.4119
08:13:43.787,2984.3,E 60 s / 60 s,8.6074,75.2,917504,4.88832,0.003,0.3496,0.3451,0.423,0.0008,0.0008,0.5151,0.0273,0.1983,0.0056,0.0621,6.6768
08:13:45.787,2986.3,E 60 s / 60 s,6.7215,76.3,917504,4.86554,0.0031,0.3484,0.2313,0.4309,0.0008,0.0002,0.5724,0.0,0.4077,0.0083,0.0615,4.6569
08:13:47.787,2988.3,E 60 s / 60 s,10.4421,76.8,917504,4.86152,0.0027,0.4464,0.2844,0.4357,0.0016,0.0002,0.5974,0.0,0.473,0.0,0.0613,8.1392
08:13:49.788,2990.3,E 60 s / 60 s,8.6025,76.8,917504,4.9312,0.0031,0.3977,0.2503,0.4322,0.0,0.0004,0.5881,0.0103,0.4545,0.0006,0.0643,6.4012
08:13:51.787,2992.3,E 60 s / 60 s,7.2507,76.8,917504,5.00758,0.003,0.4724,0.381,0.4602,0.0012,0.0008,0.5164,0.0415,0.492,0.0118,0.0616,4.8088
08:13:53.795,2994.3,E 60 s / 60 s,9.8912,77.9,917504,4.8776,0.0032,0.3457,0.3519,0.4023,0.0008,0.0002,0.5134,0.0,0.1894,0.0056,0.0617,8.0168
08:13:55.791,2996.3,E 60 s / 60 s,9.8057,78.5,917504,4.87894,0.0031,0.394,0.3472,0.4244,0.0004,0.0008,0.5075,0.0034,0.4919,0.0095,0.0627,7.5609
08:13:57.791,2998.3,E 60 s / 60 s,10.6224,79.0,917504,4.86822,0.0027,0.3937,0.387,0.4058,0.0016,0.0008,0.507,0.0,0.4744,0.0024,0.0627,8.3843
08:13:59.796,3000.3,E 60 s / 60 s,7.0867,76.8,917504,4.98614,0.0031,0.467,0.3523,0.4322,0.0006,0.0002,0.535,0.0,0.4882,0.01,0.0659,4.7322
08:14:01.791,3002.3,E 60 s / 60 s,7.2622,77.9,917504,5.09066,0.0028,0.3451,0.3442,0.3777,0.0008,0.0008,0.4931,0.0,0.0358,0.0,0.0635,5.5984
08:14:03.795,3004.3,E 60 s / 60 s,8.3625,79.6,917504,4.8776,0.0031,0.3803,0.3523,0.3988,0.0008,0.0004,0.5099,0.0136,0.2694,0.0056,0.0601,6.3682
08:14:05.795,3006.3,E 60 s / 60 s,9.9914,78.5,917504,5.00088,0.0032,0.3208,0.2237,0.4199,0.0016,0.0002,0.5135,0.0,0.4546,0.0098,0.0603,7.9838
08:14:07.795,3008.3,E 60 s / 60 s,9.9356,80.1,917504,4.88832,0.0031,0.3263,0.2853,0.3965,0.0012,0.0004,0.5396,0.0,0.4053,0.0068,0.0627,7.9084
08:14:09.795,3010.3,E 60 s / 60 s,9.7036,79.6,917504,4.97274,0.0031,0.3221,0.24,0.4116,0.0018,0.0004,0.5248,0.0,0.3365,0.0024,0.0621,7.7989
08:14:11.800,3012.31,E 60 s / 60 s,8.2995,79.6,917504,4.94326,0.0034,0.3437,0.2216,0.4086,0.0016,0.0002,0.5398,0.0103,0.2773,0.0,0.0615,6.4316
08:14:13.799,3014.31,E 60 s / 60 s,10.3787,81.8,917504,4.8977,0.0032,0.3449,0.3515,0.4371,0.0008,0.0008,0.5034,0.0068,0.2005,0.0012,0.0618,8.4667
08:14:15.799,3016.31,E 60 s / 60 s,9.8473,79.6,917504,4.99016,0.0032,0.3937,0.3498,0.4269,0.0008,0.0008,0.5329,0.0,0.129,0.0047,0.0648,7.9406
08:14:17.799,3018.31,E 60 s / 60 s,9.9256,80.7,917504,4.8441,0.0032,0.3442,0.223,0.4376,0.0006,0.0002,0.5393,0.0,0.1727,0.0021,0.0661,8.1367
08:14:19.799,3020.31,E 60 s / 60 s,10.3184,80.1,917504,4.9044,0.003,0.3096,0.2465,0.4188,0.0008,0.0008,0.5465,0.0,0.1736,0.0053,0.0622,8.5512
08:14:21.800,3022.31,E 60 s / 60 s,9.6901,81.2,917504,4.88966,0.0029,0.3424,0.2313,0.4006,0.0008,0.0002,0.5777,0.0069,0.5173,0.0095,0.0644,7.5361
08:14:23.795,3024.31,E 60 s / 60 s,3.6821,73.6,917504,5.10808,0.0028,0.3704,0.3554,0.3896,0.0012,0.0008,0.5358,0.0,0.0617,0.0,0.0655,1.8988
08:14:25.795,3026.31,E 60 s / 60 s,3.3298,70.3,917504,5.0987,0.003,0.2835,0.2513,0.3759,0.0016,0.0004,0.5257,0.0035,0.0367,0.0,0.0669,1.7813
08:14:27.796,3028.31,E 60 s / 60 s,2.6898,66.4,917504,5.12148,0.0033,0.3733,0.2856,0.3679,0.001,0.0006,0.5365,0.0,0.0412,0.0,0.0703,1.0101
08:14:29.803,3030.31,E 60 s / 60 s,6.1827,75.7,917504,4.88966,0.003,0.4441,0.3526,0.4138,0.0004,0.0004,0.5398,0.0,0.2395,0.0,0.0621,4.1271
08:14:31.803,3032.31,E 60 s / 60 s,8.9551,76.3,917504,4.90306,0.0032,0.4445,0.3189,0.4366,0.0004,0.0,0.5107,0.0,0.4745,0.0097,0.0636,6.6929
08:14:33.799,3034.31,E 60 s / 60 s,3.4943,69.2,917504,5.11344,0.0031,0.3736,0.3557,0.3778,0.0012,0.0002,0.5132,0.0,0.0423,0.0,0.063,1.7643
08:14:35.799,3036.31,E 60 s / 60 s,3.4869,67.0,917504,5.11344,0.0027,0.3883,0.355,0.3773,0.0012,0.0008,0.5335,0.0,0.0411,0.0,0.068,1.719
08:14:37.799,3038.31,E 60 s / 60 s,3.3485,65.3,917504,5.10674,0.0029,0.3124,0.2333,0.3826,0.0008,0.0002,0.6398,0.0,0.0335,0.0,0.0683,1.6748
08:14:39.799,3040.31,E 60 s / 60 s,2.6996,63.1,917504,5.1322,0.0028,0.3731,0.338,0.3667,0.0014,0.0002,0.5446,0.0,0.026,0.0,0.0692,0.9775
08:14:41.799,3042.31,E 60 s / 60 s,2.571,61.5,917504,5.13354,0.0029,0.3769,0.2512,0.3707,0.0008,0.0002,0.5345,0.0,0.027,0.0,0.0679,0.9389
08:14:43.803,3044.31,E 60 s / 60 s,2.5286,61.5,917504,5.13488,0.0023,0.3,0.3223,0.3679,0.0008,0.0002,0.5107,0.0106,0.0303,0.0,0.0703,0.9132
08:14:45.800,3046.31,E 60 s / 60 s,2.391,60.9,917504,5.13354,0.003,0.2782,0.2253,0.3643,0.001,0.0004,0.5139,0.0035,0.0345,0.0,0.0728,0.8939
08:14:47.800,3048.31,E 60 s / 60 s,2.5359,59.3,917504,5.13354,0.0029,0.3009,0.3552,0.3672,0.0016,0.0002,0.506,0.0,0.0347,0.0,0.0672,0.9
08:14:49.800,3050.31,E 60 s / 60 s,2.5605,58.7,917504,5.14024,0.0031,0.3006,0.3514,0.369,0.0004,0.0002,0.5426,0.0,0.027,0.0,0.0648,0.9014
08:14:51.800,3052.31,E 60 s / 60 s,2.5488,58.2,917504,5.1389,0.0031,0.352,0.2539,0.3619,0.0008,0.0002,0.5897,0.0177,0.0315,0.0,0.0635,0.8746
08:14:53.800,3054.31,E 60 s / 60 s,2.4686,59.3,917504,5.1322,0.0031,0.2903,0.3203,0.3602,0.0004,0.0004,0.5196,0.0,0.0293,0.0,0.0693,0.8756
08:14:55.800,3056.31,E 60 s / 60 s,2.4329,58.2,917504,5.13622,0.0031,0.285,0.2264,0.3719,0.0002,0.0,0.5698,0.0106,0.0283,0.0,0.0698,0.8679
08:14:57.800,3058.31,E 60 s / 60 s,2.4587,58.2,917504,5.1389,0.0031,0.3002,0.2358,0.3597,0.0004,0.0004,0.5884,0.0106,0.0259,0.0,0.0666,0.8676
08:14:59.800,3060.31,E 60 s / 60 s,2.4963,57.1,917504,5.12282,0.0027,0.3032,0.35,0.3602,0.0008,0.0004,0.5102,0.0,0.0422,0.0,0.0705,0.8563
08:15:01.800,3062.31,E 60 s / 60 s,2.4088,57.1,917504,5.13622,0.0029,0.3026,0.2346,0.367,0.0016,0.0004,0.5358,0.0,0.0388,0.0,0.0698,0.8553
08:15:03.800,3064.31,E 60 s / 60 s,2.5592,57.1,917504,5.14158,0.0035,0.2783,0.3576,0.3689,0.0004,0.0004,0.51,0.0142,0.0314,0.0,0.0697,0.9249
08:15:05.800,3066.31,E 60 s / 60 s,2.64,56.5,917504,5.14024,0.0029,0.2895,0.2887,0.3654,0.0034,0.0,0.5133,0.0177,0.0216,0.0,0.0699,1.0676
08:15:07.800,3068.31,E 60 s / 60 s,2.4496,57.1,917504,5.14024,0.0032,0.3018,0.2375,0.3625,0.0016,0.0004,0.5874,0.0106,0.0205,0.0,0.0686,0.8553
08:15:09.800,3070.31,E 60 s / 60 s,2.4646,56.5,917504,5.1255,0.0027,0.2776,0.3535,0.3637,0.001,0.0004,0.5164,0.0,0.0281,0.0,0.0728,0.8483
08:15:11.800,3072.31,E 60 s / 60 s,2.3982,56.5,917504,5.14426,0.0031,0.3032,0.2259,0.3725,0.0032,0.0002,0.5442,0.0035,0.0378,0.0,0.0685,0.836
08:15:13.801,3074.31,E 60 s / 60 s,2.5701,56.0,917504,5.13354,0.0032,0.365,0.3566,0.367,0.0016,0.0,0.5318,0.0,0.0313,0.0,0.0649,0.8486
08:15:15.801,3076.31,E 60 s / 60 s,2.3795,56.0,917504,5.13488,0.003,0.285,0.2868,0.3742,0.0004,0.0,0.4945,0.0,0.0281,0.0,0.0704,0.837
08:15:17.801,3078.31,E 60 s / 60 s,2.3814,55.4,917504,5.14024,0.003,0.2791,0.2257,0.369,0.0002,0.0004,0.5215,0.0071,0.0292,0.0,0.0716,0.8746
08:15:19.801,3080.31,E 60 s / 60 s,2.525,55.4,917504,5.13622,0.0033,0.3035,0.3481,0.3644,0.0034,0.0004,0.5326,0.0,0.0302,0.0,0.0705,0.8685
08:15:21.801,3082.31,E 60 s / 60 s,2.3765,55.4,917504,5.1322,0.0033,0.2786,0.2859,0.3644,0.0032,0.0,0.5157,0.0,0.0227,0.0,0.0723,0.8302
08:15:23.801,3084.31,E 60 s / 60 s,2.4677,55.4,917504,5.1389,0.0028,0.3287,0.2549,0.3649,0.0008,0.0004,0.5931,0.0,0.0293,0.0,0.0698,0.8232
08:15:25.801,3086.31,E 60 s / 60 s,2.381,55.4,917504,5.1456,0.003,0.2804,0.287,0.3649,0.0006,0.0004,0.5142,0.0,0.0367,0.0,0.0703,0.8235
08:15:27.801,3088.31,E 60 s / 60 s,2.4161,54.9,917504,5.14024,0.0031,0.2793,0.3205,0.3631,0.0002,0.0,0.5164,0.0035,0.0303,0.0,0.0699,0.8296
08:15:29.801,3090.31,E 60 s / 60 s,2.5313,55.4,917504,5.13756,0.0027,0.3741,0.3241,0.3678,0.0,0.0,0.5293,0.0,0.0271,0.0,0.0693,0.837
08:15:31.801,3092.31,E 60 s / 60 s,2.4382,54.3,917504,5.1456,0.0026,0.2778,0.2865,0.3637,0.0,0.0002,0.5911,0.0036,0.0314,0.0,0.0711,0.8103
08:15:33.803,3094.31,E 60 s / 60 s,9.0047,65.9,917504,4.91914,0.0026,0.2997,0.3384,0.3812,0.0006,0.0002,0.5426,0.0,0.112,0.0082,0.0641,7.255
08:15:35.804,3096.31,E 60 s / 60 s,9.6727,67.5,917504,4.89904,0.0027,0.4029,0.252,0.3981,0.0004,0.0008,0.6068,0.0276,0.3365,0.0024,0.0663,7.5763
08:15:37.804,3098.31,E 60 s / 60 s,9.5498,71.4,917504,4.88832,0.003,0.3995,0.2316,0.4211,0.0008,0.0002,0.6201,0.0,0.339,0.0106,0.066,7.4578
08:15:39.810,3100.31,E 60 s / 60 s,9.7186,72.5,917504,5.00088,0.0033,0.3228,0.2843,0.4199,0.0018,0.0002,0.5197,0.007,0.1655,0.0047,0.0662,7.9231
08:15:41.811,3102.31,E 60 s / 60 s,7.6135,73.0,917504,4.96336,0.0035,0.4486,0.355,0.4036,0.0008,0.0002,0.5358,0.0035,0.4045,0.0095,0.0677,5.3809
08:15:43.903,3104.31,E 60 s / 60 s,3.2889,70.8,917504,5.1121,0.0031,0.2816,0.254,0.3753,0.0002,0.0004,0.5174,0.0,0.0477,0.0,0.0688,1.7403
08:15:45.811,3106.32,E 60 s / 60 s,9.3222,74.7,917504,4.95532,0.0032,0.321,0.3504,0.3802,0.0032,0.0002,0.5151,0.0139,0.3086,0.0024,0.0618,7.362
08:15:47.807,3108.32,E 60 s / 60 s,9.8081,76.8,917504,4.88698,0.003,0.3238,0.2847,0.4115,0.0016,0.0008,0.5108,0.0,0.1999,0.0,0.0627,8.0093
08:15:49.811,3110.32,E 60 s / 60 s,10.0378,77.4,917504,4.88162,0.0037,0.421,0.3362,0.4292,0.0065,0.0,0.5224,0.0034,0.3328,0.0029,0.0631,7.9165
08:15:51.807,3112.32,E 60 s / 60 s,7.067,76.3,917504,4.9245,0.0031,0.4741,0.2892,0.4538,0.0016,0.0004,0.5358,0.0,0.4779,0.0145,0.065,4.7515
08:15:53.812,3114.32,E 60 s / 60 s,10.1275,78.5,917504,4.86554,0.0032,0.3453,0.2479,0.4018,0.0002,0.0002,0.5883,0.0,0.3104,0.0141,0.0669,8.1494
08:15:55.812,3116.32,E 60 s / 60 s,8.9751,78.5,917504,4.8776,0.0033,0.4392,0.2824,0.3928,0.0006,0.0002,0.5107,0.0208,0.1981,0.0036,0.0615,7.062
08:15:57.811,3118.32,E 60 s / 60 s,7.8113,78.5,917504,4.8441,0.0032,0.5151,0.2231,0.4199,0.0006,0.0002,0.5979,0.0035,0.4413,0.0148,0.0643,5.5275
08:15:59.812,3120.32,E 60 s / 60 s,7.1996,77.4,917504,4.92718,0.0031,0.3984,0.249,0.455,0.0008,0.0004,0.5914,0.0311,0.4748,0.0139,0.0646,4.9171
08:16:01.815,3122.32,E 60 s / 60 s,7.7391,77.4,917504,5.08798,0.0035,0.2877,0.3524,0.376,0.0012,0.0004,0.5171,0.0035,0.0249,0.0,0.0641,6.1082
08:16:03.811,3124.32,E 60 s / 60 s,10.253,80.1,917504,4.86688,0.0031,0.3764,0.2303,0.3988,0.0004,0.0008,0.5784,0.0068,0.4975,0.0071,0.0651,8.0883
08:16:05.811,3126.32,E 60 s / 60 s,8.278,79.0,917504,4.97274,0.0033,0.3858,0.2854,0.4252,0.0016,0.0002,0.4901,0.0034,0.4005,0.0121,0.068,6.2023
08:16:07.816,3128.32,E 60 s / 60 s,10.009,79.6,917504,4.88832,0.003,0.4253,0.3531,0.4195,0.0008,0.0004,0.5362,0.0,0.291,0.0056,0.062,7.9121
08:16:09.815,3130.32,E 60 s / 60 s,7.9201,79.0,917504,4.99686,0.0032,0.3614,0.2321,0.4083,0.0016,0.0004,0.5424,0.0138,0.3038,0.0065,0.0645,5.9822
08:16:11.819,3132.33,E 60 s / 60 s,8.2192,79.6,917504,4.8642,0.003,0.4693,0.3771,0.416,0.0004,0.0002,0.5196,0.0102,0.4767,0.0047,0.0614,5.8805
08:16:13.819,3134.33,E 60 s / 60 s,8.2783,80.7,917504,4.8709,0.0035,0.308,0.2486,0.4089,0.0008,0.0004,0.5264,0.0069,0.1982,0.0026,0.0626,6.5114
08:16:15.819,3136.33,E 60 s / 60 s,7.1298,80.1,917504,4.9513,0.0033,0.3969,0.2259,0.4673,0.0008,0.0002,0.5329,0.0275,0.5532,0.0044,0.0644,4.853
08:16:17.819,3138.33,E 60 s / 60 s,8.578,80.7,917504,4.85616,0.0034,0.4458,0.3343,0.4144,0.0016,0.0008,0.5326,0.0,0.2352,0.0012,0.0615,6.5472
08:16:19.820,3140.33,E 60 s / 60 s,8.7291,80.1,917504,4.96336,0.0034,0.3423,0.3501,0.4239,0.0032,0.0008,0.5081,0.0,0.2676,0.0142,0.0606,6.755
08:16:21.820,3142.33,E 60 s / 60 s,6.69,80.1,917504,4.92986,0.0033,0.3969,0.2829,0.4267,0.0012,0.0002,0.5205,0.0069,0.2636,0.0053,0.0625,4.7199
08:16:23.823,3144.33,E 60 s / 60 s,10.1678,82.3,917504,4.92048,0.0026,0.3473,0.2335,0.4249,0.0002,0.0002,0.5883,0.0135,0.2689,0.0056,0.062,8.2208
08:16:25.820,3146.33,E 60 s / 60 s,9.914,81.2,917504,4.92986,0.0031,0.3934,0.3482,0.4257,0.0012,0.0002,0.5164,0.0,0.4001,0.0,0.0615,7.7641
08:16:27.819,3148.33,E 60 s / 60 s,3.5403,73.6,917504,5.09066,0.0028,0.3082,0.2345,0.3896,0.0004,0.0002,0.5655,0.0035,0.0594,0.0,0.0673,1.9088
08:16:29.920,3150.33,E 60 s / 60 s,3.4114,69.7,917504,5.10808,0.0031,0.3852,0.2855,0.383,0.0016,0.0,0.539,0.0,0.0249,0.0,0.0706,1.7185
08:16:31.819,3152.33,E 60 s / 60 s,3.3036,69.2,917504,5.0987,0.0029,0.298,0.2227,0.3775,0.0008,0.0008,0.535,0.0035,0.0574,0.0,0.07,1.7348
08:16:33.819,3154.33,E 60 s / 60 s,2.6364,64.8,917504,5.12416,0.0033,0.2875,0.2874,0.3707,0.001,0.0004,0.5183,0.0106,0.0411,0.0,0.0672,1.0491
08:16:35.821,3156.33,E 60 s / 60 s,2.5906,63.7,917504,5.11344,0.0026,0.2867,0.2525,0.3661,0.001,0.0004,0.5215,0.0,0.0335,0.0,0.0678,1.0584
08:16:37.820,3158.33,E 60 s / 60 s,2.5489,63.1,917504,5.1389,0.0031,0.2979,0.2353,0.3591,0.0012,0.0002,0.5918,0.0317,0.0325,0.0,0.064,0.9322
08:16:39.820,3160.33,E 60 s / 60 s,2.5413,62.0,917504,5.12952,0.0037,0.2994,0.3522,0.3703,0.0006,0.0004,0.491,0.0,0.0314,0.0,0.0653,0.9271
08:16:41.820,3162.33,E 60 s / 60 s,2.4412,61.5,917504,5.13488,0.0023,0.2875,0.2515,0.3681,0.0006,0.0002,0.5091,0.0035,0.0303,0.0,0.0684,0.9197
08:16:43.820,3164.33,E 60 s / 60 s,2.6809,60.4,917504,5.13354,0.0028,0.3704,0.3577,0.3702,0.0008,0.0004,0.5391,0.0,0.0562,0.0,0.0698,0.9136
08:16:45.820,3166.33,E 60 s / 60 s,2.6547,59.8,917504,5.12148,0.0026,0.3002,0.3506,0.3654,0.0016,0.0,0.5093,0.0035,0.1594,0.0,0.068,0.8939
08:16:47.820,3168.33,E 60 s / 60 s,2.4482,59.8,917504,5.14024,0.0028,0.3028,0.2222,0.3703,0.0002,0.0004,0.5368,0.0,0.0552,0.0,0.0704,0.8872
08:16:49.820,3170.33,E 60 s / 60 s,2.5766,58.7,917504,5.12952,0.0027,0.3738,0.3393,0.3619,0.001,0.0004,0.5188,0.0035,0.0335,0.0,0.0667,0.875
08:16:51.820,3172.33,E 60 s / 60 s,2.4366,58.2,917504,5.14024,0.0028,0.3012,0.2856,0.3627,0.0008,0.0004,0.507,0.0141,0.0162,0.0,0.0705,0.8753
08:16:53.820,3174.33,E 60 s / 60 s,2.6099,58.7,917504,5.1389,0.0027,0.3504,0.375,0.369,0.0012,0.0002,0.5388,0.0106,0.028,0.0,0.0648,0.8692
08:16:55.824,3176.33,E 60 s / 60 s,2.5584,57.1,917504,5.13488,0.0031,0.3017,0.3891,0.3688,0.0016,0.0004,0.5059,0.0177,0.0314,0.0,0.0696,0.8692
08:16:57.820,3178.33,E 60 s / 60 s,2.4271,57.1,917504,5.14158,0.0031,0.3007,0.2276,0.368,0.0008,0.0,0.5413,0.0106,0.0357,0.0,0.0711,0.8682
08:16:59.820,3180.33,E 60 s / 60 s,2.4498,57.6,917504,5.14292,0.0033,0.3007,0.2272,0.3697,0.0004,0.0002,0.5915,0.0106,0.026,0.0,0.0648,0.8553
08:17:01.820,3182.33,E 60 s / 60 s,2.4606,57.1,917504,5.12818,0.0031,0.301,0.234,0.3696,0.0006,0.0,0.5789,0.0071,0.026,0.0,0.0661,0.8743
08:17:03.820,3184.33,E 60 s / 60 s,2.456,57.1,917504,5.12818,0.0032,0.3035,0.2379,0.3644,0.0016,0.0002,0.5584,0.0106,0.04,0.0,0.0679,0.8682
08:17:05.821,3186.33,E 60 s / 60 s,2.5511,57.1,917504,5.1255,0.0028,0.3659,0.2856,0.3651,0.0004,0.0002,0.5781,0.0,0.0315,0.0,0.0661,0.8553
08:17:07.821,3188.33,E 60 s / 60 s,2.4222,57.1,917504,5.1322,0.0032,0.2833,0.2854,0.3689,0.0016,0.0002,0.5345,0.0,0.0261,0.0,0.0697,0.8492
08:17:09.821,3190.33,E 60 s / 60 s,2.376,56.5,917504,5.14024,0.003,0.3045,0.2337,0.3654,0.0002,0.0002,0.5359,0.0,0.028,0.0,0.0691,0.836
08:17:11.821,3192.33,E 60 s / 60 s,2.4862,56.5,917504,5.1456,0.0031,0.3038,0.3564,0.3702,0.0006,0.0004,0.4979,0.0071,0.0324,0.0,0.0649,0.8495
08:17:13.821,3194.33,E 60 s / 60 s,2.3552,56.0,917504,5.14158,0.0035,0.2775,0.2338,0.3643,0.0002,0.0,0.5142,0.0106,0.0398,0.0,0.0686,0.8425
08:17:15.821,3196.33,E 60 s / 60 s,2.434,57.1,917504,5.14158,0.0034,0.3017,0.2533,0.3644,0.0006,0.0,0.5863,0.0,0.0184,0.0,0.0698,0.836
08:17:17.821,3198.33,E 60 s / 60 s,2.461,55.4,917504,5.14024,0.0029,0.2793,0.3535,0.3631,0.0008,0.0004,0.5164,0.0071,0.0249,0.0,0.0691,0.8434
08:17:19.821,3200.33,E 60 s / 60 s,2.3575,56.5,917504,5.14158,0.0031,0.2783,0.2251,0.3652,0.0016,0.0,0.5478,0.0106,0.0314,0.0,0.0705,0.8238
08:17:21.821,3202.33,E 60 s / 60 s,2.5008,55.4,917504,5.1456,0.0031,0.3045,0.3498,0.3706,0.0004,0.0004,0.5101,0.0,0.0399,0.0,0.073,0.8489
08:17:23.821,3204.33,E 60 s / 60 s,2.4514,54.9,917504,5.1255,0.0029,0.2794,0.3533,0.3619,0.0008,0.0004,0.5231,0.0,0.0293,0.0,0.0697,0.8305
08:17:25.821,3206.33,E 60 s / 60 s,2.6055,54.9,917504,5.14292,0.0027,0.3514,0.3547,0.3637,0.0006,0.0004,0.6044,0.0,0.0217,0.0,0.0699,0.836
08:17:27.821,3208.33,E 60 s / 60 s,2.5052,55.4,917504,5.13756,0.0026,0.3059,0.3555,0.3619,0.0,0.0004,0.5446,0.0036,0.0369,0.0,0.0703,0.8235
08:17:29.821,3210.33,E 60 s / 60 s,2.4423,54.9,917504,5.14024,0.0026,0.2794,0.287,0.3652,0.0002,0.0,0.5874,0.0,0.026,0.0,0.0712,0.8232
08:17:31.821,3212.33,E 60 s / 60 s,2.4802,54.9,917504,5.12148,0.0029,0.3298,0.2549,0.3602,0.0004,0.0002,0.6105,0.0035,0.027,0.0,0.0673,0.8235
08:17:33.823,3214.33,E 60 s / 60 s,6.2228,65.3,917504,4.97274,0.0031,0.328,0.2285,0.4294,0.0002,0.0002,0.5616,0.0,0.1984,0.0088,0.0667,4.3979
08:17:35.823,3216.33,E 60 s / 60 s,10.3382,68.6,917504,4.95264,0.003,0.4957,0.3531,0.4296,0.0004,0.0008,0.5356,0.0069,0.3146,0.0104,0.0643,8.124
08:17:37.824,3218.33,E 60 s / 60 s,10.0614,69.7,917504,4.99418,0.0029,0.3981,0.3805,0.4358,0.002,0.0008,0.5358,0.0,0.4954,0.01,0.0657,7.7342
08:17:39.829,3220.33,E 60 s / 60 s,6.7748,70.8,917504,4.99284,0.0032,0.4247,0.2322,0.4366,0.0004,0.0004,0.5818,0.0,0.4219,0.0118,0.0668,4.595
08:17:41.827,3222.33,E 60 s / 60 s,9.5318,73.6,917504,4.99016,0.0029,0.4003,0.2493,0.4179,0.0004,0.0004,0.6015,0.0,0.2678,0.0059,0.0675,7.5179
08:17:43.823,3224.33,E 60 s / 60 s,9.6251,74.1,917504,4.91914,0.0033,0.3241,0.224,0.3964,0.0004,0.0008,0.5669,0.0,0.1967,0.0062,0.0652,7.8409
08:17:45.823,3226.33,E 60 s / 60 s,9.8411,75.7,917504,4.92986,0.0031,0.3035,0.249,0.4202,0.0002,0.0002,0.5164,0.0069,0.2082,0.01,0.063,8.0603
08:17:47.832,3228.34,E 60 s / 60 s,9.4852,75.7,917504,4.9044,0.0031,0.3434,0.2472,0.4468,0.0018,0.0002,0.5392,0.0034,0.3269,0.0129,0.0623,7.4979
08:17:49.827,3230.34,E 60 s / 60 s,9.6093,75.2,917504,4.99284,0.0039,0.3972,0.2323,0.4326,0.0016,0.0002,0.5844,0.0,0.44,0.0097,0.0666,7.4408
08:17:51.827,3232.34,E 60 s / 60 s,10.2515,77.4,917504,4.86554,0.0027,0.3816,0.2238,0.4521,0.0002,0.0002,0.5584,0.017,0.4659,0.0056,0.0658,8.0781
08:17:53.827,3234.34,E 60 s / 60 s,9.3713,76.8,917504,4.98212,0.0033,0.3426,0.2323,0.4255,0.0012,0.0008,0.5619,0.0,0.2148,0.0059,0.065,7.5179
08:17:55.827,3236.34,E 60 s / 60 s,7.0585,77.9,917504,4.88162,0.0033,0.3968,0.227,0.4425,0.0016,0.0004,0.5447,0.0307,0.4762,0.0053,0.0678,4.8622
08:17:57.827,3238.34,E 60 s / 60 s,10.1113,77.9,917504,4.88296,0.0028,0.3492,0.354,0.3858,0.0016,0.0004,0.5271,0.0034,0.2003,0.0053,0.0657,8.2157
08:17:59.828,3240.34,E 60 s / 60 s,9.787,77.9,917504,4.88698,0.0031,0.3949,0.2246,0.4202,0.0008,0.0004,0.5424,0.0138,0.4899,0.0089,0.0631,7.6248
08:18:01.827,3242.34,E 60 s / 60 s,7.2961,78.5,917504,4.89234,0.0031,0.3957,0.3459,0.4252,0.0016,0.0008,0.5232,0.0276,0.4616,0.0124,0.0626,5.0364
08:18:03.827,3244.34,E 60 s / 60 s,10.1019,80.1,917504,4.86688,0.003,0.3964,0.3338,0.4043,0.0012,0.0004,0.5229,0.0,0.1338,0.0038,0.0613,8.2409
08:18:05.827,3246.34,E 60 s / 60 s,9.9665,78.5,917504,4.94326,0.0027,0.3714,0.2252,0.4253,0.0012,0.0002,0.5426,0.0,0.3386,0.0154,0.0626,7.9813
08:18:07.828,3248.34,E 60 s / 60 s,6.9927,79.6,917504,5.02768,0.0027,0.3966,0.2328,0.4337,0.0004,0.0002,0.5365,0.0,0.4278,0.0132,0.0637,4.8851
08:18:09.827,3250.34,E 60 s / 60 s,6.2368,80.7,917504,4.88564,0.003,0.3802,0.2324,0.4099,0.0012,0.0002,0.5136,0.0069,0.2422,0.0012,0.0607,4.3854
08:18:11.829,3252.34,E 60 s / 60 s,9.1185,79.6,917504,4.93388,0.003,0.3457,0.2244,0.4204,0.0012,0.0004,0.5401,0.0035,0.3883,0.0047,0.0595,7.1273
08:18:13.827,3254.34,E 60 s / 60 s,6.8867,79.0,917504,4.88832,0.0035,0.3956,0.2247,0.4531,0.0008,0.0008,0.6396,0.0,0.5298,0.0085,0.0629,4.5673
08:18:15.833,3256.34,E 60 s / 60 s,7.5771,79.6,917504,4.97408,0.0033,0.3506,0.2837,0.4274,0.0012,0.0002,0.5118,0.0136,0.2327,0.0068,0.0632,5.6825
08:18:17.827,3258.34,E 60 s / 60 s,8.7427,79.6,917504,4.94058,0.0034,0.395,0.3481,0.4114,0.0016,0.0004,0.5091,0.0,0.2184,0.0082,0.0639,6.7832
08:18:19.827,3260.34,E 60 s / 60 s,6.3586,80.1,917504,4.99418,0.0031,0.3687,0.2319,0.4111,0.0012,0.0002,0.5447,0.0034,0.2704,0.0062,0.0601,4.4576
08:18:21.828,3262.34,E 60 s / 60 s,9.9618,79.6,917504,4.96336,0.0031,0.3848,0.2812,0.4149,0.0018,0.0004,0.5947,0.0,0.2347,0.0038,0.0637,7.9785
08:18:23.824,3264.34,E 60 s / 60 s,3.5951,72.5,917504,5.10674,0.003,0.3709,0.3552,0.3865,0.0016,0.0008,0.5086,0.0,0.0248,0.0,0.0647,1.8789
08:18:25.824,3266.34,E 60 s / 60 s,3.3245,69.2,917504,5.10808,0.003,0.2775,0.2325,0.3848,0.0018,0.0002,0.565,0.007,0.0249,0.0,0.07,1.7578
08:18:27.828,3268.34,E 60 s / 60 s,6.1828,71.9,917504,5.02232,0.0032,0.3977,0.2312,0.399,0.0016,0.0002,0.5874,0.0239,0.3369,0.0175,0.0636,4.1205
08:18:29.832,3270.34,E 60 s / 60 s,7.4822,75.7,917504,4.9044,0.0031,0.3945,0.3534,0.4159,0.0008,0.0004,0.5377,0.0,0.1817,0.0047,0.0632,5.5268
08:18:31.831,3272.34,E 60 s / 60 s,8.5133,77.4,917504,4.87492,0.0033,0.3426,0.2221,0.4266,0.0016,0.0002,0.5388,0.0034,0.1978,0.0065,0.0622,6.7082
08:18:33.827,3274.34,E 60 s / 60 s,3.4626,70.3,917504,5.11076,0.0033,0.298,0.3513,0.376,0.001,0.0008,0.5072,0.0,0.0421,0.0,0.0645,1.8183
08:18:35.831,3276.34,E 60 s / 60 s,3.2666,67.5,917504,5.1188,0.0028,0.2776,0.2517,0.3796,0.0012,0.0008,0.5239,0.007,0.0271,0.0,0.0683,1.7267
08:18:37.827,3278.34,E 60 s / 60 s,2.7015,65.9,917504,5.12014,0.003,0.2856,0.3522,0.3696,0.0016,0.0004,0.5195,0.0,0.0389,0.0,0.0695,1.0611
08:18:39.827,3280.34,E 60 s / 60 s,2.4581,63.7,917504,5.13354,0.0025,0.2864,0.2239,0.3631,0.0016,0.0002,0.5349,0.0035,0.0227,0.0,0.0672,0.9522
08:18:41.827,3282.34,E 60 s / 60 s,2.555,62.6,917504,5.1322,0.0031,0.3005,0.3474,0.3684,0.0008,0.0002,0.5099,0.0,0.0194,0.0,0.0658,0.9393
08:18:43.828,3284.34,E 60 s / 60 s,2.4358,60.9,917504,5.14024,0.0027,0.2778,0.2428,0.3617,0.0018,0.0002,0.5358,0.0,0.0391,0.0,0.0671,0.9068
08:18:45.828,3286.34,E 60 s / 60 s,2.5368,60.4,917504,5.13622,0.0027,0.3012,0.3535,0.3602,0.0016,0.0002,0.5161,0.0,0.0227,0.0,0.0654,0.9132
08:18:47.828,3288.34,E 60 s / 60 s,2.5822,60.4,917504,5.12282,0.0026,0.3008,0.341,0.3703,0.0012,0.0,0.5142,0.0,0.0282,0.0,0.0661,0.9579
08:18:49.828,3290.34,E 60 s / 60 s,2.4168,59.3,917504,5.1389,0.0027,0.2768,0.2406,0.3631,0.0004,0.0004,0.5391,0.0035,0.0281,0.0,0.0678,0.8943
08:18:51.828,3292.34,E 60 s / 60 s,2.5389,59.3,917504,5.13354,0.0028,0.3518,0.2511,0.3549,0.0004,0.0002,0.5846,0.0035,0.041,0.0,0.0678,0.8807
08:18:53.828,3294.34,E 60 s / 60 s,2.4394,58.7,917504,5.1456,0.0025,0.288,0.3188,0.3643,0.001,0.0002,0.4948,0.0,0.0205,0.0,0.0679,0.8814
08:18:55.828,3296.34,E 60 s / 60 s,2.412,58.2,917504,5.1456,0.0035,0.3002,0.2364,0.3725,0.0014,0.0004,0.541,0.0071,0.0238,0.0,0.071,0.8547
08:18:57.828,3298.34,E 60 s / 60 s,2.5031,58.2,917504,5.13488,0.0028,0.3015,0.3469,0.3662,0.0008,0.0002,0.5125,0.0035,0.0291,0.0,0.0649,0.8746
08:18:59.828,3300.34,E 60 s / 60 s,2.4283,58.2,917504,5.13756,0.0026,0.2796,0.2865,0.3654,0.0016,0.0,0.5199,0.0035,0.0348,0.0,0.0716,0.8627
08:19:01.828,3302.34,E 60 s / 60 s,2.4891,57.1,917504,5.1389,0.0029,0.3529,0.2535,0.3696,0.0006,0.0004,0.5368,0.0106,0.0345,0.0,0.0654,0.8618
08:19:03.828,3304.34,E 60 s / 60 s,2.4547,57.1,917504,5.1456,0.0031,0.303,0.3201,0.3616,0.0008,0.0002,0.4996,0.0035,0.0303,0.0,0.0699,0.8624
08:19:05.828,3306.34,E 60 s / 60 s,2.4143,57.1,917504,5.14024,0.0028,0.3277,0.2233,0.365,0.0008,0.0004,0.5421,0.0071,0.0302,0.0,0.066,0.8489
08:19:07.828,3308.34,E 60 s / 60 s,2.4898,57.1,917504,5.14158,0.0031,0.3521,0.253,0.3643,0.0018,0.0004,0.5692,0.0,0.0367,0.0,0.0667,0.8425
08:19:09.828,3310.34,E 60 s / 60 s,2.3485,56.5,917504,5.13354,0.0031,0.2786,0.2363,0.367,0.0032,0.0004,0.51,0.0,0.0389,0.0,0.0685,0.8425
08:19:11.829,3312.34,E 60 s / 60 s,2.3764,56.0,917504,5.13354,0.003,0.3023,0.223,0.3649,0.0008,0.0,0.5436,0.0,0.0228,0.0,0.0671,0.8489
08:19:13.829,3314.34,E 60 s / 60 s,2.4672,54.9,917504,5.13488,0.0028,0.3035,0.3519,0.3697,0.0006,0.0004,0.4975,0.0035,0.0205,0.0,0.0669,0.8499
08:19:15.829,3316.34,E 60 s / 60 s,2.5005,57.1,917504,5.1389,0.0027,0.3052,0.3503,0.3688,0.0002,0.0002,0.5133,0.0035,0.0367,0.0,0.0696,0.8499
08:19:17.829,3318.34,E 60 s / 60 s,2.3827,56.0,917504,5.13488,0.0027,0.3036,0.2266,0.3703,0.0004,0.0002,0.5472,0.0,0.026,0.0,0.0697,0.836
08:19:19.829,3320.34,E 60 s / 60 s,2.5118,55.4,917504,5.13354,0.0026,0.3031,0.3213,0.3655,0.0008,0.0004,0.5423,0.0071,0.0539,0.0,0.0648,0.8499
08:19:21.829,3322.34,E 60 s / 60 s,2.358,55.4,917504,5.13756,0.0031,0.2795,0.2277,0.367,0.0002,0.0002,0.5198,0.0106,0.054,0.0,0.0729,0.8229
08:19:23.829,3324.34,E 60 s / 60 s,2.4215,55.4,917504,5.14292,0.0027,0.3027,0.2211,0.3706,0.0002,0.0002,0.5539,0.0177,0.053,0.0,0.0698,0.8296
08:19:25.829,3326.34,E 60 s / 60 s,2.4759,55.4,917504,5.13622,0.0028,0.3531,0.2872,0.3632,0.0008,0.0002,0.542,0.0035,0.0227,0.0,0.0686,0.8318
08:19:27.829,3328.34,E 60 s / 60 s,2.3562,54.3,917504,5.15096,0.0031,0.305,0.2374,0.3633,0.0,0.0,0.5381,0.0071,0.0195,0.0,0.066,0.8168
08:19:29.829,3330.34,E 60 s / 60 s,2.5362,54.9,917504,5.14426,0.0026,0.3293,0.3563,0.3645,0.0018,0.0002,0.5422,0.0,0.0336,0.0,0.0686,0.837
08:19:31.829,3332.34,E 60 s / 60 s,2.4125,54.9,917504,5.13622,0.0026,0.3045,0.288,0.3723,0.0016,0.0002,0.5067,0.0106,0.0411,0.0,0.068,0.8168
08:19:33.831,3334.34,E 60 s / 60 s,6.6867,64.2,917504,4.9312,0.0025,0.4036,0.3892,0.4109,0.0016,0.0002,0.5037,0.0,0.2153,0.0077,0.0679,4.6842
08:19:35.832,3336.34,E 60 s / 60 s,9.8937,68.1,917504,4.91378,0.0027,0.3515,0.2235,0.4096,0.0016,0.0008,0.5427,0.0309,0.4892,0.0,0.0688,7.7724
08:19:37.832,3338.34,E 60 s / 60 s,9.0339,69.2,917504,5.03974,0.0026,0.3748,0.2533,0.3918,0.0002,0.0002,0.5003,0.0139,0.3312,0.0065,0.0627,7.0964
08:19:39.832,3340.34,E 60 s / 60 s,10.0336,71.9,917504,4.92048,0.0031,0.3985,0.3524,0.4344,0.0004,0.0008,0.5386,0.0376,0.2671,0.0053,0.0628,7.9325
08:19:41.835,3342.34,E 60 s / 60 s,8.9759,73.6,917504,4.92048,0.0032,0.35,0.3496,0.3955,0.0008,0.0004,0.5101,0.0,0.1971,0.0047,0.0637,7.1008
08:19:43.831,3344.34,E 60 s / 60 s,8.4815,73.6,917504,4.89368,0.0031,0.3343,0.3519,0.4322,0.0004,0.0008,0.5157,0.0034,0.2011,0.0121,0.0629,6.5634
08:19:45.835,3346.34,E 60 s / 60 s,8.5908,73.6,917504,4.9111,0.0027,0.4241,0.2502,0.4284,0.0016,0.0002,0.5406,0.0,0.4758,0.0104,0.0667,6.3899
08:19:47.831,3348.34,E 60 s / 60 s,9.6479,74.7,917504,4.99016,0.0028,0.3473,0.2254,0.4335,0.0016,0.0004,0.5462,0.0137,0.465,0.0,0.0641,7.5479
08:19:49.831,3350.34,E 60 s / 60 s,9.7913,75.2,917504,4.99686,0.0032,0.3287,0.2468,0.4129,0.0024,0.0004,0.5425,0.0,0.3384,0.0062,0.0658,7.8439
08:19:51.935,3352.34,E 60 s / 60 s,9.5069,76.8,917504,4.88698,0.0029,0.2958,0.2231,0.4146,0.0004,0.0004,0.5447,0.0,0.4256,0.0142,0.0626,7.5226
08:19:53.835,3354.34,E 60 s / 60 s,9.1592,76.3,917504,5.01696,0.0032,0.3463,0.369,0.4337,0.0032,0.0008,0.543,0.0034,0.4757,0.0089,0.0632,6.9088
08:19:55.835,3356.34,E 60 s / 60 s,6.8202,76.3,917504,4.9312,0.0033,0.3981,0.2508,0.4336,0.0012,0.0008,0.5459,0.0034,0.4059,0.0074,0.0664,4.7033
08:19:57.835,3358.34,E 60 s / 60 s,9.4759,76.8,917504,4.97274,0.0033,0.3473,0.2219,0.4159,0.0008,0.0004,0.5418,0.0,0.338,0.0056,0.0641,7.5367
08:19:59.835,3360.34,E 60 s / 60 s,10.2183,79.0,917504,4.8977,0.0037,0.3217,0.2254,0.4002,0.0004,0.0008,0.5534,0.0034,0.1342,0.0033,0.0649,8.5068
08:20:01.835,3362.34,E 60 s / 60 s,8.7404,79.0,917504,4.99686,0.0033,0.396,0.3358,0.4177,0.0032,0.0008,0.5003,0.0553,0.2348,0.0115,0.0605,6.7212
08:20:03.837,3364.34,E 60 s / 60 s,9.6565,77.9,917504,4.99418,0.003,0.3457,0.2486,0.4105,0.0006,0.0002,0.51,0.0,0.2323,0.0041,0.0625,7.839
08:20:05.840,3366.35,E 60 s / 60 s,10.13,77.9,917504,4.86822,0.0035,0.3135,0.2307,0.4006,0.0016,0.0002,0.63,0.0,0.2352,0.0056,0.0653,8.2438
08:20:07.839,3368.35,E 60 s / 60 s,10.0811,77.9,917504,4.90976,0.0027,0.3077,0.2249,0.4058,0.0016,0.0002,0.5459,0.0035,0.2782,0.0103,0.0617,8.2386
08:20:09.847,3370.35,E 60 s / 60 s,9.6537,79.6,917504,4.99954,0.0027,0.3571,0.2313,0.417,0.0016,0.0,0.5383,0.0,0.3407,0.0148,0.068,7.6823
08:20:11.840,3372.35,E 60 s / 60 s,9.9617,79.0,917504,4.87626,0.003,0.3593,0.2478,0.3964,0.0012,0.0002,0.5495,0.0069,0.3365,0.0106,0.0641,7.9863
08:20:13.840,3374.35,E 60 s / 60 s,6.7857,78.5,917504,5.092,0.0029,0.2859,0.2323,0.4124,0.0016,0.0,0.5204,0.0,0.2681,0.0,0.0655,4.9966
08:20:15.843,3376.35,E 60 s / 60 s,9.3983,80.7,917504,4.8977,0.0032,0.3429,0.2504,0.4345,0.0018,0.0002,0.5229,0.0,0.2977,0.0053,0.0646,7.4748
08:20:17.843,3378.35,E 60 s / 60 s,10.2438,80.7,917504,4.88162,0.0032,0.3673,0.2248,0.422,0.0016,0.0002,0.539,0.0034,0.3739,0.0038,0.0632,8.2414
08:20:19.843,3380.35,E 60 s / 60 s,9.5035,78.5,917504,5.00088,0.0032,0.3691,0.2318,0.4347,0.0004,0.0002,0.5907,0.0,0.3295,0.0032,0.0658,7.475
08:20:21.843,3382.35,E 60 s / 60 s,9.0097,80.1,917504,4.86688,0.0033,0.3942,0.3763,0.4023,0.0012,0.0002,0.5326,0.0,0.276,0.0065,0.0603,6.9569
08:20:23.843,3384.35,E 60 s / 60 s,7.6651,80.7,917504,4.94728,0.0033,0.3961,0.2324,0.4255,0.0004,0.0002,0.5381,0.0,0.3219,0.0104,0.063,5.6738
08:20:25.846,3386.35,E 60 s / 60 s,6.238,81.2,917504,4.88698,0.0032,0.3774,0.2491,0.4427,0.0016,0.0004,0.5329,0.0,0.4077,0.008,0.0613,4.1536
08:20:27.850,3388.35,E 60 s / 60 s,8.6674,79.6,917504,4.99284,0.0031,0.3417,0.227,0.4452,0.001,0.0,0.5441,0.0,0.4604,0.0044,0.0638,6.5767
08:20:29.843,3390.35,E 60 s / 60 s,8.0992,81.8,917504,4.8709,0.0035,0.3187,0.2233,0.4018,0.0012,0.0002,0.5436,0.0102,0.2011,0.0059,0.0621,6.3277
08:20:31.844,3392.35,E 60 s / 60 s,10.1962,81.8,917504,4.86286,0.003,0.3927,0.2479,0.4161,0.0006,0.0002,0.5456,0.0,0.3087,0.0092,0.0644,8.208
08:20:33.840,3394.35,E 60 s / 60 s,3.4896,74.1,917504,5.1054,0.0029,0.3214,0.2511,0.383,0.0008,0.0004,0.5135,0.0105,0.0598,0.0,0.0674,1.8789
08:20:35.840,3396.35,E 60 s / 60 s,3.3952,70.8,917504,5.1054,0.0029,0.3117,0.2361,0.391,0.0018,0.0008,0.5265,0.014,0.0563,0.0,0.0662,1.7878
08:20:37.840,3398.35,E 60 s / 60 s,2.6265,67.5,917504,5.13086,0.0031,0.3242,0.2227,0.3635,0.0016,0.0002,0.5349,0.0,0.0571,0.0,0.0644,1.0547
08:20:39.840,3400.35,E 60 s / 60 s,3.0847,65.3,917504,5.12148,0.0031,0.38,0.356,0.3672,0.001,0.0002,0.5391,0.0,0.0291,0.0,0.0702,1.3387
08:20:41.840,3402.35,E 60 s / 60 s,2.9548,63.7,917504,5.12818,0.0026,0.2988,0.3524,0.3704,0.0006,0.0002,0.5462,0.0,0.0282,0.0,0.0691,1.2862
08:20:43.840,3404.35,E 60 s / 60 s,2.5069,62.0,917504,5.14158,0.0028,0.313,0.2254,0.3654,0.0008,0.0004,0.5459,0.0035,0.0334,0.0,0.0647,0.9515
08:20:45.840,3406.35,E 60 s / 60 s,3.2298,60.4,917504,5.1255,0.0032,0.3756,0.3501,0.3635,0.0016,0.0,0.539,0.0035,0.0347,0.0,0.0648,1.4937
08:20:47.840,3408.35,E 60 s / 60 s,2.9477,60.4,917504,5.13086,0.0028,0.3237,0.2859,0.3661,0.0008,0.0002,0.5472,0.0106,0.0281,0.0,0.0704,1.3119
08:20:49.840,3410.35,E 60 s / 60 s,2.9447,59.8,917504,5.13622,0.0029,0.3886,0.3384,0.3661,0.0012,0.0002,0.5271,0.0,0.0389,0.0,0.0662,1.215
08:20:51.841,3412.35,E 60 s / 60 s,2.8235,59.8,917504,5.13622,0.0029,0.3005,0.3374,0.3626,0.0012,0.0004,0.4948,0.0,0.0249,0.0,0.0704,1.2283
08:20:53.841,3414.35,E 60 s / 60 s,2.8968,59.3,917504,5.12282,0.0027,0.3259,0.2265,0.3652,0.0008,0.0004,0.5939,0.0,0.0336,0.0,0.0685,1.2793
08:20:55.841,3416.35,E 60 s / 60 s,3.0866,58.7,917504,5.12818,0.0026,0.3952,0.3588,0.369,0.0016,0.0004,0.5447,0.0,0.039,0.0,0.0698,1.3055
08:20:57.841,3418.35,E 60 s / 60 s,2.7397,58.2,917504,5.14292,0.0031,0.2779,0.2333,0.3784,0.0006,0.0004,0.5207,0.0,0.0281,0.0,0.068,1.2293
08:20:59.841,3420.35,E 60 s / 60 s,2.8289,58.2,917504,5.12818,0.0027,0.3274,0.2375,0.372,0.0008,0.0004,0.5862,0.0106,0.0292,0.0,0.0659,1.1962
08:21:01.841,3422.35,E 60 s / 60 s,2.8652,58.2,917504,5.13756,0.0025,0.3076,0.3198,0.3667,0.0008,0.0004,0.5164,0.0035,0.0281,0.0,0.0703,1.249
08:21:03.841,3424.35,E 60 s / 60 s,2.8641,57.6,917504,5.14426,0.0031,0.3025,0.2227,0.3661,0.0006,0.0004,0.5367,0.0106,0.0323,0.0,0.0648,1.3243
08:21:05.841,3426.35,E 60 s / 60 s,2.8904,57.6,917504,5.1389,0.0027,0.301,0.3577,0.3626,0.0032,0.0002,0.5398,0.0,0.0313,0.0,0.0699,1.2219
08:21:07.841,3428.35,E 60 s / 60 s,2.823,57.1,917504,5.1322,0.0028,0.278,0.2849,0.3602,0.0016,0.0002,0.5156,0.0035,0.0292,0.0,0.0672,1.2798
08:21:09.841,3430.35,E 60 s / 60 s,2.484,57.1,917504,5.14024,0.0026,0.3521,0.2871,0.3633,0.0008,0.0,0.5423,0.0,0.04,0.0,0.0661,0.8296
08:21:11.841,3432.35,E 60 s / 60 s,2.5241,56.5,917504,5.13622,0.0026,0.3016,0.3394,0.3712,0.0018,0.0004,0.5383,0.0,0.0378,0.0,0.0692,0.8618
08:21:13.841,3434.35,E 60 s / 60 s,2.7704,56.5,917504,5.13488,0.0025,0.282,0.2882,0.3619,0.0032,0.0,0.5264,0.0106,0.055,0.0,0.0697,1.1709
08:21:15.841,3436.35,E 60 s / 60 s,2.3288,56.0,917504,5.14292,0.0033,0.2816,0.227,0.3653,0.0018,0.0,0.5358,0.0,0.0282,0.0,0.0691,0.8168
08:21:17.842,3438.35,E 60 s / 60 s,2.6635,55.4,917504,5.14158,0.0027,0.3536,0.2859,0.3716,0.0016,0.0002,0.7294,0.0,0.025,0.0,0.0703,0.8232
08:21:19.842,3440.35,E 60 s / 60 s,2.3981,55.4,917504,5.1456,0.0026,0.2788,0.287,0.3662,0.0032,0.0,0.539,0.0106,0.0269,0.0,0.0736,0.81
08:21:21.842,3442.35,E 60 s / 60 s,2.4154,56.0,917504,5.14292,0.0028,0.3534,0.2535,0.365,0.0008,0.0002,0.5391,0.0,0.0249,0.0,0.066,0.8097
08:21:23.842,3444.35,E 60 s / 60 s,2.4139,55.4,917504,5.1456,0.0027,0.33,0.2896,0.3631,0.0004,0.0002,0.5261,0.0035,0.028,0.0,0.0731,0.7972
08:21:25.842,3446.35,E 60 s / 60 s,2.4287,56.0,917504,5.14694,0.0025,0.3948,0.2252,0.3672,0.0016,0.0004,0.5358,0.0,0.041,0.0,0.0692,0.791
08:21:27.842,3448.35,E 60 s / 60 s,2.4616,55.4,917504,5.1389,0.0027,0.3918,0.2558,0.3737,0.0008,0.0004,0.5423,0.0,0.0346,0.0,0.0685,0.791
08:21:29.842,3450.35,E 60 s / 60 s,2.3518,54.9,917504,5.1456,0.0031,0.278,0.2539,0.3759,0.0016,0.0,0.5132,0.0035,0.0486,0.0,0.0699,0.8039
08:21:31.842,3452.35,E 60 s / 60 s,2.3754,54.9,917504,5.14426,0.0026,0.3141,0.2378,0.3626,0.0018,0.0,0.5818,0.0106,0.0184,0.0,0.0674,0.7782
08:21:33.846,3454.35,E 60 s / 60 s,8.6096,62.6,917504,5.02232,0.0027,0.4513,0.2501,0.3951,0.0004,0.0008,0.5422,0.0035,0.2988,0.0071,0.0677,6.5899
08:21:35.842,3456.36,E 60 s / 60 s,6.2628,65.9,917504,5.11478,0.0031,0.3712,0.3551,0.3848,0.0004,0.0004,0.5345,0.0,0.0216,0.0,0.0689,4.5229
08:21:37.843,3458.36,E 60 s / 60 s,9.3679,70.3,917504,4.9044,0.0031,0.396,0.2504,0.3965,0.0006,0.0002,0.5818,0.0,0.198,0.0041,0.0681,7.4691
08:21:39.843,3460.36,E 60 s / 60 s,8.1172,71.9,917504,4.95934,0.0031,0.3996,0.3182,0.4021,0.0018,0.0002,0.5123,0.0,0.1983,0.0032,0.0627,6.2157
08:21:41.851,3462.36,E 60 s / 60 s,7.4142,73.0,917504,4.87626,0.0027,0.3465,0.2238,0.3954,0.0016,0.0008,0.5966,0.0,0.232,0.0065,0.0658,5.5426
08:21:43.848,3464.36,E 60 s / 60 s,9.799,74.1,917504,4.9044,0.0033,0.3968,0.2489,0.4058,0.0004,0.0002,0.5849,0.0034,0.2144,0.0036,0.0653,7.872
08:21:45.848,3466.36,E 60 s / 60 s,7.2498,74.1,917504,4.89636,0.0041,0.3987,0.2515,0.4371,0.0012,0.0002,0.5683,0.0138,0.4584,0.0127,0.0658,5.038
08:21:47.849,3468.36,E 60 s / 60 s,7.7006,75.7,917504,4.87224,0.0027,0.3496,0.2204,0.4149,0.0016,0.0008,0.539,0.0068,0.4567,0.0106,0.0627,5.6349
08:21:49.848,3470.36,E 60 s / 60 s,10.0818,76.3,917504,5.00624,0.0027,0.3855,0.2844,0.4636,0.0024,0.0,0.5381,0.0069,0.3532,0.0154,0.0665,7.9632
08:21:51.848,3472.36,E 60 s / 60 s,9.3815,76.8,917504,4.90976,0.0035,0.3994,0.3535,0.4247,0.0006,0.0008,0.5171,0.0,0.0335,0.005,0.0612,7.5822
08:21:53.848,3474.36,E 60 s / 60 s,6.7981,75.2,917504,4.94996,0.0028,0.3996,0.2526,0.4663,0.0016,0.0008,0.5879,0.0623,0.4716,0.0092,0.0634,4.4799
08:21:55.848,3476.36,E 60 s / 60 s,6.5003,75.7,917504,5.09066,0.0032,0.3727,0.2488,0.3737,0.0008,0.0008,0.5436,0.0105,0.028,0.0,0.0668,4.8515
08:21:57.848,3478.36,E 60 s / 60 s,7.5802,76.8,917504,5.01696,0.0026,0.447,0.3724,0.4129,0.0016,0.0008,0.5381,0.0,0.4385,0.0053,0.0621,5.2989
08:21:59.855,3480.36,E 60 s / 60 s,9.1339,77.9,917504,4.88832,0.0036,0.3717,0.3513,0.4125,0.0016,0.0008,0.506,0.0103,0.2815,0.0059,0.0633,7.1254
08:22:01.853,3482.36,E 60 s / 60 s,5.9789,77.9,917504,4.9044,0.0031,0.4004,0.222,0.4557,0.001,0.0002,0.5519,0.0,0.479,0.0062,0.0674,3.7919
08:22:03.855,3484.36,E 60 s / 60 s,8.3888,77.9,917504,4.98614,0.0031,0.334,0.2488,0.4132,0.0008,0.0004,0.5164,0.0,0.2693,0.0062,0.0642,6.5323
08:22:05.856,3486.36,E 60 s / 60 s,9.5601,80.7,917504,4.89636,0.0033,0.346,0.3487,0.4179,0.0008,0.0002,0.5001,0.0,0.3033,0.0089,0.0643,7.5666
08:22:07.856,3488.36,E 60 s / 60 s,9.6732,79.0,917504,4.94326,0.0028,0.356,0.2214,0.3826,0.0012,0.0002,0.5423,0.0035,0.3328,0.0062,0.0636,7.7605
08:22:09.855,3490.36,E 60 s / 60 s,8.7762,77.9,917504,4.97274,0.0031,0.3487,0.2835,0.4408,0.0008,0.0008,0.5202,0.0034,0.4753,0.0132,0.062,6.6245
08:22:11.856,3492.36,E 60 s / 60 s,10.026,79.0,917504,4.95532,0.0028,0.3679,0.2845,0.4345,0.0018,0.0008,0.507,0.0273,0.4373,0.0059,0.0635,7.8926
08:22:13.855,3494.36,E 60 s / 60 s,10.0773,80.7,917504,4.86152,0.0031,0.3916,0.3519,0.4112,0.0012,0.0002,0.5453,0.0238,0.1295,0.0,0.0624,8.1571
08:22:15.855,3496.36,E 60 s / 60 s,6.5645,80.7,917504,4.9848,0.0032,0.351,0.225,0.4248,0.0004,0.0008,0.5391,0.0,0.3361,0.0077,0.0618,4.6146
08:22:17.856,3498.36,E 60 s / 60 s,9.8506,77.9,917504,4.94192,0.0031,0.3948,0.2833,0.4065,0.0012,0.0002,0.5433,0.0,0.3368,0.0142,0.0645,7.8027
08:22:19.947,3500.36,E 60 s / 60 s,3.7208,77.4,917504,5.0853,0.0029,0.3203,0.2329,0.4159,0.0004,0.0004,0.6012,0.0035,0.0595,0.0,0.0668,2.017
08:22:21.860,3502.37,E 60 s / 60 s,8.0907,80.7,917504,4.99418,0.0035,0.3443,0.2311,0.4284,0.0006,0.0002,0.5559,0.0,0.2889,0.0104,0.0636,6.1639
08:22:23.859,3504.37,E 60 s / 60 s,7.2559,79.6,917504,4.88698,0.0031,0.469,0.335,0.4639,0.0018,0.0,0.5495,0.0069,0.4718,0.0092,0.0623,4.8835
08:22:25.863,3506.37,E 60 s / 60 s,10.1332,80.1,917504,4.88028,0.0028,0.334,0.2832,0.4179,0.0006,0.0,0.5927,0.0,0.3326,0.0047,0.0611,8.1036
08:22:27.859,3508.37,E 60 s / 60 s,8.6145,81.8,917504,4.88832,0.0033,0.382,0.2254,0.4468,0.0006,0.0002,0.5713,0.0,0.5053,0.0073,0.0605,6.4118
08:22:29.859,3510.37,E 60 s / 60 s,8.5428,81.8,917504,4.96336,0.0032,0.4437,0.2483,0.4204,0.0006,0.0002,0.6203,0.0069,0.2958,0.0109,0.0636,6.4289
08:22:31.855,3512.37,E 60 s / 60 s,3.5007,72.5,917504,5.0987,0.0032,0.372,0.2854,0.3898,0.0016,0.0002,0.5358,0.0,0.0572,0.0,0.0617,1.7937
08:22:33.856,3514.37,E 60 s / 60 s,3.0499,68.6,917504,5.11478,0.0027,0.2972,0.2217,0.3777,0.0012,0.0002,0.5421,0.0,0.0411,0.0,0.0619,1.5042
08:22:35.856,3516.37,E 60 s / 60 s,3.1363,65.3,917504,5.12148,0.0031,0.3503,0.2519,0.3703,0.0008,0.0002,0.5907,0.0105,0.0302,0.0,0.069,1.4593
08:22:37.856,3518.37,E 60 s / 60 s,3.0838,64.2,917504,5.10138,0.0029,0.2967,0.3586,0.3703,0.0008,0.0002,0.5336,0.0,0.0357,0.0,0.0639,1.4211
08:22:39.856,3520.37,E 60 s / 60 s,2.9663,63.1,917504,5.1121,0.0033,0.2977,0.2236,0.3697,0.0032,0.0004,0.5874,0.007,0.0337,0.0,0.0644,1.3757
08:22:41.856,3522.37,E 60 s / 60 s,2.9653,62.6,917504,5.12818,0.0026,0.3001,0.2238,0.3688,0.0016,0.0002,0.5874,0.007,0.0293,0.0,0.07,1.3744
08:22:43.856,3524.37,E 60 s / 60 s,2.9225,60.9,917504,5.1322,0.0032,0.2875,0.2865,0.3725,0.0016,0.0004,0.5188,0.0141,0.0391,0.0,0.069,1.3298
08:22:45.856,3526.37,E 60 s / 60 s,2.9584,61.5,917504,5.12282,0.0031,0.3237,0.2544,0.3778,0.0014,0.0004,0.5766,0.0,0.0216,0.0,0.0704,1.329
08:22:47.856,3528.37,E 60 s / 60 s,3.0439,60.4,917504,5.12282,0.0027,0.371,0.3571,0.3698,0.0016,0.0004,0.5326,0.0,0.027,0.0,0.0684,1.3133
08:22:49.856,3530.37,E 60 s / 60 s,2.8636,59.3,917504,5.12818,0.0036,0.2996,0.2451,0.3667,0.0008,0.0002,0.5436,0.0,0.0401,0.0,0.0659,1.298
08:22:51.856,3532.37,E 60 s / 60 s,3.0368,59.3,917504,5.1322,0.0031,0.3777,0.2894,0.3702,0.0018,0.0002,0.6073,0.0,0.0249,0.0,0.0715,1.2908
08:22:53.856,3534.37,E 60 s / 60 s,2.9725,59.3,917504,5.11076,0.0027,0.3026,0.322,0.3653,0.0018,0.0002,0.5928,0.0,0.0292,0.0,0.0647,1.2912
08:22:55.856,3536.37,E 60 s / 60 s,2.8986,58.7,917504,5.13488,0.0031,0.301,0.2545,0.3672,0.0016,0.0002,0.5897,0.007,0.0334,0.0,0.0645,1.2763
08:22:57.856,3538.37,E 60 s / 60 s,2.9666,58.2,917504,5.12148,0.0029,0.302,0.3205,0.3714,0.0006,0.0002,0.5401,0.0,0.0336,0.0,0.0672,1.3281
08:22:59.857,3540.37,E 60 s / 60 s,2.9098,57.6,917504,5.12416,0.0031,0.2947,0.3546,0.3697,0.0004,0.0002,0.511,0.0,0.0249,0.0,0.0677,1.2835
08:23:01.857,3542.37,E 60 s / 60 s,3.0835,58.2,917504,5.12952,0.0026,0.301,0.228,0.3667,0.0004,0.0004,0.5748,0.0071,0.0335,0.0,0.0638,1.5051
08:23:03.857,3544.37,E 60 s / 60 s,2.8087,57.1,917504,5.1322,0.0026,0.2906,0.252,0.3652,0.0018,0.0,0.5164,0.0,0.0561,0.0,0.0709,1.253
08:23:05.857,3546.37,E 60 s / 60 s,2.8399,57.1,917504,5.12818,0.0029,0.3004,0.2298,0.3706,0.0002,0.0004,0.5681,0.0106,0.0378,0.0,0.0665,1.2526
08:23:07.857,3548.37,E 60 s / 60 s,2.8391,57.1,917504,5.12818,0.0029,0.302,0.2287,0.375,0.0006,0.0002,0.5656,0.0,0.039,0.0,0.0652,1.2598
08:23:09.857,3550.37,E 60 s / 60 s,2.7286,56.5,917504,5.1322,0.0027,0.2794,0.2359,0.3652,0.0016,0.0,0.5167,0.0,0.0205,0.0,0.0697,1.2369
08:23:11.857,3552.37,E 60 s / 60 s,3.1092,56.0,917504,5.1322,0.0033,0.3138,0.2372,0.3631,0.0002,0.0002,0.5802,0.0,0.0325,0.0,0.066,1.5127
08:23:13.857,3554.37,E 60 s / 60 s,2.9115,56.0,917504,5.12148,0.0026,0.3016,0.3536,0.3759,0.0018,0.0004,0.5086,0.0,0.0368,0.0,0.0703,1.2598
08:23:15.857,3556.37,E 60 s / 60 s,2.7237,56.0,917504,5.12818,0.0025,0.2801,0.2365,0.3741,0.0016,0.0,0.5132,0.0,0.0248,0.0,0.0684,1.2224
08:23:17.857,3558.37,E 60 s / 60 s,2.8218,56.0,917504,5.12282,0.0025,0.2809,0.2219,0.3654,0.0016,0.0002,0.535,0.0,0.0401,0.0,0.0684,1.3056
08:23:19.857,3560.37,E 60 s / 60 s,2.7855,55.4,917504,5.12952,0.0029,0.2787,0.2887,0.365,0.0002,0.0,0.5076,0.0,0.0281,0.0,0.0691,1.2453
08:23:21.857,3562.37,E 60 s / 60 s,2.7703,56.0,917504,5.12952,0.0027,0.2803,0.2378,0.3661,0.0006,0.0004,0.5398,0.0,0.0411,0.0,0.0714,1.2301
08:23:23.857,3564.37,E 60 s / 60 s,2.8924,56.0,917504,5.11478,0.0031,0.3028,0.3243,0.3714,0.0006,0.0004,0.5398,0.0106,0.0313,0.0,0.0704,1.2377
08:23:25.857,3566.37,E 60 s / 60 s,2.8829,55.4,917504,5.1188,0.0026,0.3038,0.3531,0.3723,0.0018,0.0002,0.51,0.0035,0.039,0.0,0.0666,1.2301
08:23:27.857,3568.37,E 60 s / 60 s,2.8004,54.9,917504,5.13488,0.0034,0.3045,0.2364,0.3768,0.0032,0.0002,0.5392,0.0106,0.0423,0.0,0.0697,1.214
08:23:29.858,3570.37,E 60 s / 60 s,2.8496,54.9,917504,5.1389,0.0029,0.3544,0.2555,0.3626,0.0008,0.0,0.5398,0.0106,0.0303,0.0,0.0704,1.2224
08:23:31.858,3572.37,E 60 s / 60 s,2.7635,55.4,917504,5.13354,0.0026,0.2779,0.2374,0.3731,0.0004,0.0,0.4967,0.0071,0.0237,0.0,0.0691,1.2755
08:23:33.858,3574.37,E 60 s / 60 s,3.1281,54.9,917504,5.13488,0.0025,0.3543,0.2538,0.3725,0.0004,0.0002,0.5398,0.0,0.0313,0.0,0.0691,1.5042
08:23:35.860,3576.37,E 60 s / 60 s,8.6978,60.9,917504,5.01696,0.0028,0.3506,0.2868,0.3883,0.0002,0.0004,0.5816,0.0104,0.2518,0.0009,0.0677,6.7563
08:23:37.859,3578.37,E 60 s / 60 s,8.3052,65.9,917504,4.91914,0.0027,0.373,0.2854,0.4087,0.0016,0.0,0.5393,0.0069,0.2148,0.005,0.063,6.4048
08:23:39.859,3580.37,E 60 s / 60 s,9.3992,68.6,917504,5.0049,0.0034,0.3488,0.2883,0.4058,0.0006,0.0004,0.5079,0.0034,0.4237,0.0044,0.0664,7.346
08:23:41.864,3582.37,E 60 s / 60 s,9.1325,70.8,917504,4.97274,0.0031,0.3503,0.3535,0.3801,0.0032,0.0008,0.5091,0.0,0.2117,0.005,0.0652,7.2505
08:23:43.859,3584.37,E 60 s / 60 s,9.4487,71.9,917504,5.02098,0.003,0.3233,0.2216,0.4111,0.0016,0.0002,0.5402,0.0035,0.403,0.0157,0.0641,7.4614
08:23:45.863,3586.37,E 60 s / 60 s,8.8968,73.6,917504,4.98346,0.003,0.3291,0.2843,0.4007,0.0016,0.0008,0.5232,0.0,0.2844,0.0059,0.0632,7.0005
08:23:47.866,3588.37,E 60 s / 60 s,9.8431,74.1,917504,4.90172,0.0033,0.3185,0.2529,0.4241,0.0002,0.0002,0.507,0.0069,0.4031,0.0012,0.0636,7.8621
08:23:49.863,3590.37,E 60 s / 60 s,10.1543,75.2,917504,4.8977,0.0027,0.3542,0.2325,0.4025,0.0008,0.0002,0.5917,0.0034,0.3292,0.0062,0.0636,8.1674
08:23:51.863,3592.37,E 60 s / 60 s,9.0778,75.7,917504,4.88966,0.003,0.3982,0.2843,0.4319,0.0016,0.0002,0.5132,0.0312,0.4767,0.0098,0.065,6.8627
08:23:53.863,3594.37,E 60 s / 60 s,8.5217,74.7,917504,4.99954,0.0031,0.3648,0.2238,0.4249,0.0008,0.0004,0.565,0.0346,0.3343,0.0092,0.0666,6.4941
08:23:55.860,3596.37,E 60 s / 60 s,9.8788,77.4,917504,4.97274,0.0029,0.3445,0.2319,0.4002,0.0012,0.0002,0.5456,0.0,0.2778,0.0006,0.0646,8.0093
08:23:57.863,3598.37,E 60 s / 60 s,6.9442,77.4,917504,5.01026,0.0031,0.4099,0.2493,0.4108,0.0004,0.0002,0.5173,0.0,0.2681,0.0074,0.063,5.0148
08:23:59.863,3600.37,E 60 s / 60 s,7.8323,78.5,917504,4.87626,0.0028,0.4793,0.2215,0.4287,0.0004,0.0008,0.5383,0.0,0.4059,0.0154,0.0644,5.6748
08:24:01.950,3602.37,E 60 s / 60 s,6.2236,79.0,917504,4.87224,0.003,0.3583,0.2324,0.4168,0.0032,0.0002,0.5425,0.0034,0.3698,0.0053,0.0623,4.2263
08:24:03.866,3604.37,E 60 s / 60 s,9.4717,76.8,917504,5.01562,0.0029,0.3316,0.2216,0.4167,0.0004,0.0002,0.523,0.0,0.3354,0.0068,0.0636,7.5695
08:24:05.863,3606.37,E 60 s / 60 s,10.1051,78.5,917504,5.08932,0.0033,0.3961,0.2318,0.4149,0.0006,0.0008,0.5648,0.0138,0.2162,0.0151,0.065,8.1826
08:24:07.868,3608.38,E 60 s / 60 s,10.0387,79.6,917504,4.88296,0.0032,0.3809,0.2836,0.4036,0.0008,0.0002,0.542,0.0,0.092,0.0,0.0656,8.2667
08:24:09.869,3610.38,E 60 s / 60 s,10.3354,79.0,917504,4.96202,0.0032,0.3933,0.3516,0.3981,0.0032,0.0008,0.541,0.0,0.3371,0.0015,0.0619,8.2437
08:24:11.867,3612.38,E 60 s / 60 s,8.6356,79.0,917504,4.891,0.003,0.3788,0.3815,0.431,0.0012,0.0002,0.5392,0.0276,0.4735,0.0083,0.0652,6.326
08:24:13.867,3614.38,E 60 s / 60 s,9.4245,80.1,917504,4.88162,0.0031,0.3318,0.2821,0.4326,0.0006,0.0,0.51,0.0,0.3229,0.0021,0.0639,7.4755
08:24:15.867,3616.38,E 60 s / 60 s,9.3668,80.1,917504,4.97408,0.003,0.3946,0.3813,0.4252,0.0002,0.0004,0.5389,0.0136,0.2144,0.0029,0.0623,7.3299
08:24:17.867,3618.38,E 60 s / 60 s,9.0,80.1,917504,4.8776,0.0028,0.3687,0.3524,0.437,0.0008,0.0002,0.5011,0.0,0.317,0.0142,0.0621,6.9438
08:24:19.868,3620.38,E 60 s / 60 s,9.9548,79.0,917504,4.9111,0.0028,0.3196,0.3483,0.4232,0.0016,0.0004,0.4989,0.0,0.4445,0.0006,0.0636,7.8513
08:24:21.867,3622.38,E 60 s / 60 s,7.9817,81.2,917504,4.85616,0.0032,0.3939,0.2842,0.4282,0.0012,0.0002,0.5427,0.0,0.373,0.013,0.0615,5.8808
08:24:23.867,3624.38,E 60 s / 60 s,6.5054,81.2,917504,4.95666,0.0032,0.3951,0.2832,0.4824,0.0012,0.0008,0.5377,0.0,0.473,0.0131,0.0638,4.2519
08:24:25.868,3626.38,E 60 s / 60 s,8.5557,81.2,917504,4.88832,0.0031,0.3442,0.2471,0.434,0.0012,0.0002,0.5943,0.0,0.2687,0.0068,0.0642,6.592
08:24:27.871,3628.38,E 60 s / 60 s,7.0363,80.1,917504,5.09334,0.003,0.3824,0.2324,0.3948,0.0012,0.0002,0.5164,0.0069,0.4107,0.0148,0.0648,5.0088
08:24:29.864,3630.38,E 60 s / 60 s,3.4019,71.4,917504,5.1054,0.0028,0.2833,0.354,0.3777,0.0016,0.0008,0.5123,0.0,0.039,0.0,0.0649,1.7654
08:24:31.864,3632.38,E 60 s / 60 s,3.2447,68.6,917504,5.11076,0.0039,0.2986,0.2254,0.3807,0.0012,0.0002,0.5456,0.0,0.0272,0.0,0.0663,1.6956
08:24:33.871,3634.38,E 60 s / 60 s,9.7495,73.6,917504,4.89234,0.0033,0.3251,0.234,0.4021,0.0016,0.0002,0.5982,0.0,0.2345,0.0048,0.064,7.8817
08:24:35.866,3636.38,E 60 s / 60 s,3.5756,73.6,917504,5.09736,0.0028,0.2965,0.3362,0.3878,0.0012,0.0008,0.5371,0.0035,0.0616,0.0,0.0611,1.8871
08:24:37.867,3638.38,E 60 s / 60 s,3.3016,68.1,917504,5.09334,0.0027,0.3116,0.2531,0.3857,0.0004,0.0004,0.5947,0.0,0.0358,0.0,0.0664,1.6508
08:24:39.867,3640.38,E 60 s / 60 s,3.2224,65.9,917504,5.12014,0.003,0.2991,0.3373,0.3723,0.0012,0.0002,0.5076,0.0,0.0248,0.0,0.065,1.6121
08:24:41.867,3642.38,E 60 s / 60 s,2.9333,64.8,917504,5.11746,0.0031,0.2996,0.2265,0.3667,0.0012,0.0002,0.5465,0.0,0.027,0.0,0.0651,1.3973
08:24:43.867,3644.38,E 60 s / 60 s,3.0634,62.6,917504,5.12818,0.0028,0.3503,0.2507,0.369,0.0008,0.0004,0.5394,0.0106,0.0313,0.0,0.0647,1.4435
08:24:45.867,3646.38,E 60 s / 60 s,2.8585,62.0,917504,5.12818,0.0029,0.2815,0.2333,0.3669,0.0008,0.0,0.5226,0.0,0.0358,0.0,0.0702,1.3447
08:24:47.868,3648.38,E 60 s / 60 s,2.8899,59.8,917504,5.092,0.0027,0.2994,0.2284,0.3661,0.0012,0.0004,0.5692,0.0035,0.0313,0.0,0.0658,1.3217
08:24:49.868,3650.38,E 60 s / 60 s,2.9337,59.8,917504,5.11076,0.0026,0.3015,0.3222,0.3684,0.0008,0.0002,0.5189,0.0,0.0271,0.0,0.0703,1.3217
08:24:51.868,3652.38,E 60 s / 60 s,2.8729,59.3,917504,5.12282,0.0027,0.3005,0.2356,0.3684,0.0008,0.0002,0.5453,0.0106,0.0272,0.0,0.0683,1.3133
08:24:53.872,3654.38,E 60 s / 60 s,2.8912,59.3,917504,5.12148,0.0026,0.3004,0.2292,0.3784,0.0016,0.0004,0.5681,0.0,0.026,0.0,0.0704,1.3141
08:24:55.868,3656.38,E 60 s / 60 s,2.8388,58.7,917504,5.1188,0.0032,0.2752,0.2875,0.3723,0.0018,0.0004,0.51,0.0,0.0281,0.0,0.0696,1.2908
08:24:57.868,3658.38,E 60 s / 60 s,2.8098,57.6,917504,5.13488,0.0033,0.3013,0.2244,0.3635,0.002,0.0004,0.5377,0.0,0.0303,0.0,0.0641,1.2827
08:24:59.868,3660.38,E 60 s / 60 s,2.9297,58.2,917504,5.12818,0.0027,0.3262,0.2547,0.369,0.0016,0.0,0.5972,0.0035,0.0357,0.0,0.0709,1.2683
08:25:01.868,3662.38,E 60 s / 60 s,2.7962,57.1,917504,5.12148,0.0035,0.2823,0.2531,0.3652,0.0002,0.0004,0.5197,0.0,0.0421,0.0,0.0689,1.2606
08:25:03.868,3664.38,E 60 s / 60 s,2.8295,57.6,917504,5.1322,0.0033,0.3033,0.2278,0.3741,0.0002,0.0002,0.5574,0.0035,0.0323,0.0,0.0666,1.2606
08:25:05.868,3666.38,E 60 s / 60 s,2.9105,57.1,917504,5.12952,0.0031,0.3518,0.2868,0.3661,0.0032,0.0,0.5398,0.0,0.0281,0.0,0.0641,1.2675
08:25:07.868,3668.38,E 60 s / 60 s,2.8257,57.6,917504,5.12818,0.0029,0.3031,0.2427,0.369,0.0008,0.0,0.5381,0.0106,0.0314,0.0,0.0672,1.2598
08:25:09.868,3670.38,E 60 s / 60 s,2.9327,57.1,917504,5.12282,0.0027,0.3806,0.2879,0.3707,0.0016,0.0002,0.5318,0.0,0.0315,0.0,0.0658,1.2598
08:25:11.868,3672.38,E 60 s / 60 s,2.9156,56.0,917504,5.12282,0.0029,0.3027,0.3423,0.3724,0.0008,0.0,0.549,0.0,0.025,0.0,0.0672,1.2534
08:25:13.868,3674.38,E 60 s / 60 s,2.8966,56.5,917504,5.12684,0.0027,0.2791,0.251,0.3679,0.0016,0.0004,0.6335,0.0071,0.0292,0.0,0.0728,1.2514
08:25:15.868,3676.38,E 60 s / 60 s,2.9774,56.5,917504,5.12416,0.0031,0.3727,0.3559,0.3703,0.001,0.0004,0.5426,0.0,0.0237,0.0,0.0703,1.2373
08:25:17.873,3678.38,E 60 s / 60 s,2.8081,54.9,917504,5.12416,0.0027,0.2784,0.2862,0.3742,0.0016,0.0004,0.5134,0.0035,0.0216,0.0,0.0653,1.2606
08:25:19.869,3680.38,E 60 s / 60 s,2.8867,56.5,917504,5.13622,0.0033,0.3522,0.2525,0.3749,0.002,0.0002,0.5365,0.0,0.0379,0.0,0.0672,1.2598
08:25:21.869,3682.38,E 60 s / 60 s,2.8771,56.0,917504,5.13086,0.0031,0.3033,0.3481,0.3724,0.0002,0.0004,0.5086,0.0,0.0377,0.0,0.0728,1.2304
08:25:23.869,3684.38,E 60 s / 60 s,2.9071,54.9,917504,5.1121,0.0032,0.3045,0.3509,0.375,0.0,0.0002,0.5107,0.0,0.0551,0.0,0.0697,1.2377
08:25:25.869,3686.38,E 60 s / 60 s,2.8568,55.4,917504,5.13354,0.0033,0.3056,0.2529,0.3724,0.002,0.0,0.5701,0.0,0.0454,0.0,0.0672,1.2377
08:25:27.869,3688.38,E 60 s / 60 s,2.8928,56.5,917504,5.12818,0.0028,0.3051,0.3464,0.3687,0.0008,0.0,0.5394,0.0,0.0239,0.0,0.068,1.2377
08:25:29.869,3690.38,E 60 s / 60 s,2.8375,56.0,917504,5.12684,0.0025,0.2816,0.3215,0.3619,0.0008,0.0,0.5456,0.0035,0.0172,0.0,0.0716,1.2312
08:25:31.869,3692.38,E 60 s / 60 s,2.8322,55.4,917504,5.14024,0.0035,0.3036,0.2551,0.3667,0.0002,0.0002,0.5756,0.0035,0.0315,0.0,0.0697,1.2224
08:25:33.869,3694.38,E 60 s / 60 s,2.8089,55.4,917504,5.12684,0.0032,0.3059,0.2859,0.3707,0.0016,0.0002,0.5093,0.0106,0.0324,0.0,0.0666,1.2224
08:25:35.875,3696.38,E 60 s / 60 s,4.7774,56.5,917504,5.06922,0.0029,0.4059,0.2385,0.4222,0.0006,0.0004,0.5946,0.0,0.4695,0.0038,0.0705,2.5687
08:25:37.870,3698.38,E 60 s / 60 s,8.74,67.5,917504,4.94728,0.003,0.382,0.232,0.43,0.0004,0.0008,0.5913,0.0035,0.4542,0.0094,0.0666,6.567
08:25:39.871,3700.38,E 60 s / 60 s,9.2728,69.2,917504,4.97542,0.0029,0.4013,0.2831,0.4214,0.0008,0.0002,0.5456,0.0,0.1961,0.0053,0.0679,7.3483
08:25:41.871,3702.38,E 60 s / 60 s,9.315,71.9,917504,4.9312,0.0033,0.3363,0.249,0.4199,0.0002,0.0002,0.5423,0.0,0.3341,0.0086,0.0629,7.3581
08:25:43.871,3704.38,E 60 s / 60 s,9.4003,72.5,917504,4.891,0.0039,0.4013,0.2489,0.3981,0.0012,0.0002,0.5883,0.0,0.1543,0.0038,0.0642,7.5361
08:25:45.879,3706.38,E 60 s / 60 s,6.6969,73.6,917504,5.01562,0.0027,0.3746,0.2844,0.4638,0.0016,0.0,0.5096,0.073,0.4873,0.0098,0.0631,4.4271
08:25:47.878,3708.38,E 60 s / 60 s,8.1828,75.2,917504,4.88698,0.003,0.3755,0.225,0.4054,0.0,0.0002,0.5624,0.0,0.1649,0.0056,0.0625,6.3782
08:25:49.875,3710.38,E 60 s / 60 s,10.2752,75.2,917504,4.87626,0.0029,0.3227,0.2372,0.4213,0.0008,0.0008,0.56,0.0513,0.3332,0.0003,0.0625,8.2823
08:25:51.871,3712.38,E 60 s / 60 s,10.0784,76.8,917504,4.87626,0.0029,0.3894,0.2228,0.4355,0.0012,0.0002,0.5453,0.0484,0.4891,0.0,0.0693,7.8742
08:25:53.871,3714.38,E 60 s / 60 s,8.2112,77.4,917504,4.88832,0.0031,0.4732,0.2845,0.4477,0.0065,0.0002,0.6138,0.0444,0.2836,0.0097,0.064,5.9804
08:25:55.876,3716.38,E 60 s / 60 s,6.5297,76.8,917504,5.01294,0.0034,0.4065,0.2256,0.418,0.0008,0.0002,0.5874,0.0104,0.4292,0.0086,0.0659,4.3737
08:25:57.871,3718.38,E 60 s / 60 s,9.9779,77.4,917504,4.98346,0.0029,0.3943,0.2483,0.4135,0.0016,0.0002,0.581,0.0,0.3347,0.0062,0.0646,7.9306
08:25:59.871,3720.38,E 60 s / 60 s,9.8651,77.9,917504,4.95264,0.0027,0.3973,0.2492,0.4055,0.0004,0.0008,0.5914,0.0,0.1157,0.0009,0.0643,8.0369
08:26:01.871,3722.38,E 60 s / 60 s,8.942,79.0,917504,4.8575,0.0029,0.3702,0.2328,0.4054,0.0008,0.0008,0.5683,0.0069,0.2695,0.0118,0.0644,7.0082
08:26:03.877,3724.38,E 60 s / 60 s,9.9749,79.6,917504,4.88832,0.003,0.3324,0.2496,0.4167,0.0016,0.0002,0.5345,0.0,0.3371,0.0059,0.0616,8.0321
08:26:05.876,3726.38,E 60 s / 60 s,9.4357,78.5,917504,4.9781,0.0027,0.3562,0.2244,0.4096,0.0016,0.0002,0.5392,0.0,0.2675,0.0044,0.0662,7.5637
08:26:07.875,3728.38,E 60 s / 60 s,9.472,79.0,917504,5.07056,0.003,0.3449,0.3496,0.4337,0.0016,0.0008,0.5333,0.0104,0.2684,0.0036,0.0636,7.4591
08:26:09.875,3730.38,E 60 s / 60 s,7.0395,79.6,917504,4.97274,0.0029,0.395,0.2231,0.4146,0.0012,0.0,0.5422,0.0,0.2857,0.0077,0.0634,5.1036
08:26:11.879,3732.38,E 60 s / 60 s,7.7451,79.0,917504,4.89234,0.0027,0.3551,0.2285,0.4017,0.0012,0.0008,0.541,0.0034,0.3284,0.0006,0.0624,5.8192
08:26:13.879,3734.38,E 60 s / 60 s,4.7399,80.1,917504,4.99418,0.0031,0.2957,0.3457,0.4294,0.0006,0.0002,0.5166,0.0035,0.4712,0.0104,0.0616,2.602
08:26:15.876,3736.38,E 60 s / 60 s,9.6511,80.1,917504,4.88832,0.0036,0.397,0.2323,0.3971,0.0016,0.0008,0.5748,0.0171,0.1291,0.0,0.0641,7.8336
08:26:17.875,3738.38,E 60 s / 60 s,9.8004,80.7,917504,4.86688,0.0035,0.4351,0.2481,0.4304,0.0004,0.0002,0.6285,0.0102,0.3699,0.0,0.0631,7.611
08:26:19.879,3740.38,E 60 s / 60 s,10.1447,80.7,917504,4.88162,0.0032,0.3473,0.2321,0.4259,0.0016,0.0002,0.6165,0.0068,0.3366,0.0,0.066,8.1086
08:26:21.875,3742.38,E 60 s / 60 s,9.9913,81.2,917504,4.86822,0.0029,0.3955,0.2323,0.4415,0.0012,0.0008,0.6005,0.0169,0.4805,0.0,0.0651,7.754
08:26:23.876,3744.38,E 60 s / 60 s,10.1946,81.2,917504,4.99954,0.003,0.3448,0.2251,0.4229,0.0006,0.0002,0.5527,0.0104,0.3353,0.0059,0.0602,8.2337
08:26:25.875,3746.38,E 60 s / 60 s,10.0295,81.2,917504,5.0049,0.003,0.3114,0.2303,0.4041,0.0012,0.0002,0.5167,0.034,0.2337,0.0015,0.0623,8.2312
08:26:27.875,3748.38,E 60 s / 60 s,9.25,81.2,917504,4.891,0.0031,0.3421,0.3543,0.4549,0.0012,0.0002,0.51,0.0,0.5112,0.0098,0.0604,7.0027
08:26:29.875,3750.38,E 60 s / 60 s,7.7456,81.8,917504,4.8709,0.0032,0.3445,0.2491,0.4142,0.0012,0.0,0.5294,0.0068,0.2252,0.0021,0.0623,5.9077
08:26:31.877,3752.38,E 60 s / 60 s,10.0641,81.8,917504,4.9848,0.0031,0.4548,0.3187,0.3942,0.0016,0.0002,0.5326,0.0,0.3391,0.005,0.0642,7.9507
08:26:33.876,3754.38,E 60 s / 60 s,3.5564,72.5,917504,5.09334,0.0035,0.3944,0.2529,0.3972,0.0006,0.0008,0.5896,0.0,0.0553,0.0,0.0667,1.7954
08:26:35.872,3756.38,E 60 s / 60 s,3.2912,69.7,917504,5.11076,0.0027,0.2807,0.2269,0.3871,0.0016,0.0002,0.5487,0.007,0.0584,0.0,0.0669,1.7108
08:26:37.872,3758.38,E 60 s / 60 s,3.2326,66.4,917504,5.11076,0.0027,0.3817,0.323,0.3865,0.0004,0.0002,0.5125,0.0,0.0582,0.0,0.0632,1.5042
08:26:39.872,3760.38,E 60 s / 60 s,3.0138,65.3,917504,5.1121,0.0027,0.284,0.2858,0.372,0.0008,0.0004,0.5422,0.0035,0.0325,0.0,0.0683,1.4215
08:26:41.872,3762.38,E 60 s / 60 s,3.0329,63.1,917504,5.12014,0.0029,0.2991,0.2273,0.375,0.0012,0.0002,0.6367,0.0035,0.0335,0.0,0.0639,1.3896
08:26:43.872,3764.38,E 60 s / 60 s,3.0493,62.6,917504,5.12148,0.0033,0.3688,0.287,0.3741,0.0006,0.0004,0.5358,0.0,0.027,0.0,0.0702,1.382
08:26:45.872,3766.38,E 60 s / 60 s,3.0406,61.5,917504,5.12148,0.003,0.3249,0.3515,0.3698,0.0012,0.0002,0.511,0.0,0.0346,0.0,0.0684,1.3761
08:26:47.873,3768.39,E 60 s / 60 s,3.0301,60.9,917504,5.12416,0.0031,0.4253,0.2265,0.3679,0.0014,0.0004,0.5894,0.0035,0.0228,0.0,0.0689,1.3209
08:26:49.873,3770.39,E 60 s / 60 s,2.8539,60.4,917504,5.12416,0.0025,0.2772,0.2508,0.3672,0.0016,0.0,0.5394,0.0,0.0302,0.0,0.0708,1.3141
08:26:51.873,3772.39,E 60 s / 60 s,2.859,59.3,917504,5.12684,0.0029,0.2831,0.2338,0.3759,0.0008,0.0004,0.539,0.0106,0.0334,0.0,0.0645,1.3145
08:26:53.873,3774.39,E 60 s / 60 s,3.0313,60.4,917504,5.12148,0.0027,0.3766,0.2864,0.3646,0.0016,0.0002,0.6036,0.0035,0.0183,0.0,0.0672,1.3065
08:26:55.873,3776.39,E 60 s / 60 s,2.9212,58.7,917504,5.12952,0.0029,0.3015,0.2361,0.374,0.0012,0.0004,0.5963,0.007,0.0389,0.0,0.0652,1.2976
08:26:57.877,3778.39,E 60 s / 60 s,2.8509,58.7,917504,5.1322,0.0029,0.3013,0.2265,0.3741,0.0002,0.0004,0.5713,0.0,0.0346,0.0,0.0633,1.2763
08:26:59.873,3780.39,E 60 s / 60 s,2.938,58.7,917504,5.12148,0.0027,0.3025,0.3497,0.374,0.0016,0.0,0.5264,0.0,0.0237,0.0,0.0665,1.2908
08:27:01.873,3782.39,E 60 s / 60 s,2.9495,58.7,917504,5.12416,0.0025,0.2894,0.3524,0.3654,0.0016,0.0004,0.5318,0.0176,0.028,0.0,0.0691,1.2912
08:27:03.873,3784.39,E 60 s / 60 s,3.008,58.2,917504,5.1255,0.0031,0.3751,0.3578,0.3707,0.0006,0.0,0.5086,0.0,0.028,0.0,0.0716,1.2924
08:27:05.873,3786.39,E 60 s / 60 s,2.9861,58.2,917504,5.11746,0.0027,0.3706,0.3398,0.3724,0.0018,0.0002,0.5151,0.0,0.0313,0.0,0.069,1.2831
08:27:07.873,3788.39,E 60 s / 60 s,2.8733,57.6,917504,5.13488,0.0028,0.2757,0.3203,0.368,0.0016,0.0004,0.5422,0.0,0.0302,0.0,0.0715,1.2606
08:27:09.873,3790.39,E 60 s / 60 s,2.9334,57.1,917504,5.12148,0.0031,0.3018,0.356,0.3689,0.0004,0.0002,0.5352,0.0,0.04,0.0,0.0671,1.2606
08:27:11.873,3792.39,E 60 s / 60 s,3.058,57.1,917504,5.13354,0.0033,0.3754,0.3809,0.3715,0.0006,0.0002,0.5398,0.0106,0.0387,0.0,0.0688,1.2683
08:27:13.873,3794.39,E 60 s / 60 s,2.8214,57.6,917504,5.13488,0.0039,0.302,0.2238,0.3651,0.0004,0.0,0.5716,0.0035,0.0313,0.0,0.0669,1.253
08:27:15.874,3796.39,E 60 s / 60 s,2.7722,57.1,917504,5.13488,0.0031,0.2787,0.227,0.367,0.0018,0.0004,0.5415,0.0,0.028,0.0,0.0708,1.2538
08:27:17.873,3798.39,E 60 s / 60 s,2.8957,56.5,917504,5.13756,0.0028,0.3033,0.2275,0.3679,0.0016,0.0004,0.5886,0.0071,0.0293,0.0,0.0684,1.2988
08:27:19.874,3800.39,E 60 s / 60 s,3.0849,57.1,917504,5.12818,0.0028,0.3539,0.254,0.3714,0.0004,0.0,0.5946,0.0,0.0326,0.0,0.0696,1.4058
08:27:21.878,3802.39,E 60 s / 60 s,2.8971,55.4,917504,5.13488,0.0032,0.3036,0.3546,0.3794,0.0002,0.0,0.51,0.0141,0.0238,0.0,0.0697,1.2385
08:27:23.874,3804.39,E 60 s / 60 s,2.8259,56.5,917504,5.12818,0.0031,0.2771,0.2879,0.3724,0.0006,0.0004,0.5293,0.0,0.0325,0.0,0.0696,1.253
08:27:25.874,3806.39,E 60 s / 60 s,2.8969,55.4,917504,5.12282,0.0031,0.3787,0.2551,0.3697,0.0004,0.0,0.5398,0.0,0.0281,0.0,0.0691,1.253
08:27:27.874,3808.39,E 60 s / 60 s,2.837,55.4,917504,5.12684,0.0033,0.3054,0.2867,0.3707,0.0006,0.0004,0.5171,0.0035,0.0303,0.0,0.0729,1.2461
08:27:29.874,3810.39,E 60 s / 60 s,2.7601,55.4,917504,5.1322,0.0026,0.3031,0.2244,0.3689,0.0004,0.0,0.5352,0.0,0.0378,0.0,0.0654,1.2224
08:27:31.874,3812.39,E 60 s / 60 s,2.9227,55.4,917504,5.0987,0.0028,0.3043,0.3481,0.3661,0.001,0.0004,0.5519,0.0071,0.0303,0.0,0.0645,1.2461
08:27:33.874,3814.39,E 60 s / 60 s,2.7222,55.4,917504,5.13488,0.0027,0.2783,0.2224,0.365,0.0008,0.0,0.5294,0.0071,0.0238,0.0,0.0696,1.2232
08:27:35.874,3816.39,E 60 s / 60 s,2.7945,56.0,917504,5.13086,0.0031,0.3027,0.2263,0.3666,0.0004,0.0002,0.5716,0.0035,0.0313,0.0,0.0671,1.2216
08:27:37.875,3818.39,E 60 s / 60 s,7.2115,60.9,917504,4.92048,0.0029,0.3531,0.3384,0.4106,0.0004,0.0004,0.5627,0.014,0.1917,0.0009,0.0632,5.2733
08:27:39.875,3820.39,E 60 s / 60 s,9.5397,67.0,917504,4.92986,0.003,0.3521,0.3537,0.4143,0.0012,0.0008,0.5109,0.0,0.3406,0.005,0.0673,7.4908
08:27:41.875,3822.39,E 60 s / 60 s,7.9652,69.2,917504,5.02634,0.0031,0.4776,0.2849,0.4335,0.0004,0.0002,0.543,0.0,0.3689,0.022,0.0674,5.7643
08:27:43.880,3824.39,E 60 s / 60 s,8.4109,70.8,917504,4.91244,0.0031,0.4495,0.3176,0.4134,0.0016,0.0002,0.511,0.0,0.44,0.0118,0.0644,6.1982
08:27:45.880,3826.39,E 60 s / 60 s,8.5944,72.5,917504,4.97274,0.0031,0.4003,0.2182,0.4335,0.0016,0.0,0.5422,0.0,0.0596,0.0,0.064,6.8718
08:27:47.879,3828.39,E 60 s / 60 s,8.9595,74.1,917504,5.10674,0.003,0.354,0.282,0.4058,0.0008,0.0002,0.5134,0.0139,0.3172,0.0024,0.0618,7.0049
08:27:49.879,3830.39,E 60 s / 60 s,9.8452,74.1,917504,4.97006,0.0032,0.3295,0.2215,0.4058,0.0008,0.0002,0.5454,0.0,0.2686,0.0012,0.0671,8.0018
08:27:51.879,3832.39,E 60 s / 60 s,9.9742,74.7,917504,4.8776,0.0035,0.3987,0.2325,0.3981,0.0004,0.0008,0.5818,0.0104,0.2311,0.0003,0.0643,8.0522
08:27:53.880,3834.39,E 60 s / 60 s,9.7399,75.7,917504,4.88832,0.0031,0.3871,0.2854,0.4107,0.0008,0.0004,0.5034,0.0034,0.2833,0.005,0.0614,7.7959
08:27:55.883,3836.39,E 60 s / 60 s,9.9588,76.8,917504,4.891,0.0031,0.3197,0.2839,0.4041,0.0008,0.0004,0.5231,0.0034,0.4571,0.0056,0.0627,7.8947
08:27:57.880,3838.39,E 60 s / 60 s,6.6819,76.8,917504,4.97274,0.0034,0.3808,0.3535,0.4435,0.0032,0.0008,0.5067,0.0,0.3021,0.0112,0.065,4.6117
08:27:59.879,3840.39,E 60 s / 60 s,10.0365,78.5,917504,4.92048,0.0028,0.3976,0.2842,0.4023,0.0016,0.0,0.5816,0.0,0.4057,0.0086,0.065,7.8871
08:28:01.879,3842.39,E 60 s / 60 s,10.0343,78.5,917504,4.89636,0.0031,0.3965,0.3536,0.4357,0.0008,0.0002,0.5264,0.0,0.4639,0.0,0.0636,7.7905
08:28:03.880,3844.39,E 60 s / 60 s,6.3096,79.0,917504,4.8709,0.0032,0.4464,0.2518,0.4177,0.0004,0.0002,0.5656,0.038,0.439,0.0092,0.0633,4.0747
08:28:05.879,3846.39,E 60 s / 60 s,9.4353,77.4,917504,4.96202,0.0028,0.3437,0.23,0.4248,0.0012,0.0,0.5358,0.0,0.0764,0.008,0.0638,7.7488
08:28:07.879,3848.39,E 60 s / 60 s,10.0244,79.6,917504,4.99686,0.003,0.3451,0.2486,0.4274,0.0004,0.0008,0.5863,0.0068,0.207,0.0095,0.0604,8.1291
08:28:09.879,3850.39,E 60 s / 60 s,10.2999,79.0,917504,4.89234,0.0031,0.327,0.2833,0.4311,0.0012,0.0008,0.5103,0.0034,0.3352,0.0012,0.0622,8.3411
08:28:11.879,3852.39,E 60 s / 60 s,5.9763,80.1,917504,4.8709,0.0029,0.3957,0.2295,0.4531,0.0012,0.0002,0.5456,0.0034,0.2165,0.0056,0.0645,4.0581
08:28:13.880,3854.39,E 60 s / 60 s,8.574,79.6,917504,4.88698,0.0028,0.4216,0.2479,0.4433,0.0008,0.0008,0.5782,0.0,0.4665,0.0077,0.0634,6.341
08:28:15.880,3856.39,E 60 s / 60 s,9.8317,80.7,917504,4.88832,0.0029,0.341,0.32,0.4249,0.0012,0.0008,0.5305,0.0137,0.2017,0.0056,0.0562,7.9331
08:28:17.879,3858.39,E 60 s / 60 s,9.9275,79.6,917504,4.87626,0.0029,0.2996,0.2324,0.4188,0.0008,0.0008,0.51,0.0,0.3401,0.0089,0.0605,8.0527
08:28:19.879,3860.39,E 60 s / 60 s,9.2699,79.0,917504,5.0116,0.0031,0.3457,0.3513,0.4241,0.0012,0.0002,0.5167,0.0171,0.1986,0.0032,0.0618,7.3468
08:28:21.878,3862.39,E 60 s / 60 s,6.5571,79.0,917504,5.09066,0.003,0.294,0.2302,0.3901,0.0018,0.0008,0.5192,0.0104,0.0661,0.0,0.0617,4.9798
08:28:23.883,3864.39,E 60 s / 60 s,9.9035,82.3,917504,4.88832,0.003,0.3418,0.228,0.4484,0.0008,0.0008,0.581,0.0068,0.2353,0.0003,0.063,7.9942
08:28:25.879,3866.39,E 60 s / 60 s,9.2663,80.7,917504,4.89904,0.0031,0.3678,0.3504,0.4226,0.0012,0.0002,0.5139,0.0238,0.1723,0.005,0.0606,7.3453
08:28:27.879,3868.39,E 60 s / 60 s,7.6076,80.7,917504,4.8776,0.0038,0.4423,0.2489,0.4423,0.0012,0.0002,0.5336,0.0034,0.4799,0.0107,0.0628,5.3786
08:28:29.879,3870.39,E 60 s / 60 s,10.0252,81.8,917504,4.8642,0.0033,0.3691,0.2321,0.4261,0.0004,0.0002,0.5894,0.0,0.1816,0.0062,0.0622,8.1545
08:28:31.878,3872.39,E 60 s / 60 s,3.5135,76.3,917504,5.0987,0.0032,0.2829,0.2508,0.3907,0.0016,0.0002,0.539,0.0105,0.0638,0.0,0.0679,1.903
08:28:33.878,3874.39,E 60 s / 60 s,3.4563,71.4,917504,5.092,0.0031,0.3484,0.2533,0.3972,0.0016,0.0002,0.581,0.0,0.0552,0.0,0.0679,1.7485
08:28:35.878,3876.39,E 60 s / 60 s,3.4023,68.1,917504,5.10138,0.0032,0.3838,0.3533,0.3777,0.0016,0.0004,0.51,0.0,0.0282,0.0,0.0644,1.6798
08:28:37.888,3878.39,E 60 s / 60 s,9.9779,75.2,917504,4.99686,0.0031,0.3972,0.2313,0.4177,0.0008,0.0008,0.5683,0.0,0.3178,0.0056,0.0666,7.9686
08:28:39.878,3880.39,E 60 s / 60 s,3.4203,67.5,917504,5.11076,0.0032,0.3712,0.3773,0.3759,0.0014,0.0002,0.5358,0.0,0.027,0.0,0.0643,1.664
08:28:41.878,3882.39,E 60 s / 60 s,3.1045,65.9,917504,5.11344,0.0029,0.2778,0.2346,0.3723,0.0008,0.0004,0.5135,0.0176,0.027,0.0,0.0619,1.5958
08:28:43.883,3884.39,E 60 s / 60 s,3.0104,64.2,917504,5.12416,0.0032,0.2997,0.2249,0.3707,0.0012,0.0004,0.6011,0.007,0.0368,0.0,0.0677,1.3977
08:28:45.879,3886.39,E 60 s / 60 s,3.0666,62.6,917504,5.12416,0.0029,0.3008,0.3492,0.3669,0.0004,0.0004,0.5254,0.0,0.0433,0.0,0.0703,1.4071
08:28:47.879,3888.39,E 60 s / 60 s,2.932,62.0,917504,5.12684,0.0037,0.2994,0.2218,0.3679,0.0012,0.0004,0.5959,0.0035,0.026,0.0,0.0683,1.3438
08:28:49.879,3890.39,E 60 s / 60 s,2.9831,60.9,917504,5.1255,0.0027,0.3009,0.3405,0.3688,0.0016,0.0002,0.5318,0.0,0.0206,0.0,0.071,1.3451
08:28:51.879,3892.39,E 60 s / 60 s,2.9039,59.8,917504,5.1255,0.0032,0.2786,0.2588,0.3688,0.0008,0.0002,0.5317,0.0141,0.0711,0.0,0.0703,1.3065
08:28:53.879,3894.39,E 60 s / 60 s,3.4452,59.8,917504,5.1255,0.0028,0.3013,0.3734,0.3706,0.0016,0.0004,0.5487,0.0035,0.0314,0.0,0.069,1.7425
08:28:55.879,3896.39,E 60 s / 60 s,3.0185,58.7,917504,5.12014,0.0027,0.3005,0.3794,0.3737,0.0012,0.0002,0.5436,0.0141,0.0227,0.0,0.0659,1.3145
08:28:57.879,3898.39,E 60 s / 60 s,2.7747,58.7,917504,5.12952,0.0029,0.2796,0.2247,0.3696,0.0004,0.0002,0.5171,0.0,0.0206,0.0,0.0683,1.2912
08:28:59.880,3900.39,E 60 s / 60 s,2.9931,58.7,917504,5.12818,0.0029,0.3658,0.2861,0.3653,0.0016,0.0,0.5777,0.0035,0.0411,0.0,0.0659,1.2831
08:29:01.880,3902.39,E 60 s / 60 s,3.0526,59.3,917504,5.12952,0.0031,0.383,0.3567,0.369,0.0004,0.0004,0.5381,0.0035,0.0313,0.0,0.0678,1.2992
08:29:03.880,3904.39,E 60 s / 60 s,2.8324,57.6,917504,5.12148,0.0031,0.3018,0.2251,0.368,0.0032,0.0002,0.5422,0.0,0.0346,0.0,0.0633,1.2908
08:29:05.880,3906.39,E 60 s / 60 s,3.0696,58.2,917504,5.12818,0.0027,0.3015,0.3579,0.3682,0.0024,0.0002,0.5103,0.0035,0.0217,0.0,0.0654,1.4359
08:29:07.884,3908.39,E 60 s / 60 s,2.9406,57.6,917504,5.12148,0.0033,0.3032,0.354,0.3696,0.0002,0.0,0.5003,0.0071,0.0411,0.0,0.0703,1.2916
08:29:09.880,3910.39,E 60 s / 60 s,2.7953,56.5,917504,5.12818,0.0031,0.2788,0.226,0.3685,0.0012,0.0002,0.5239,0.0035,0.0508,0.0,0.0709,1.2683
08:29:11.880,3912.39,E 60 s / 60 s,2.9235,57.1,917504,5.13086,0.0031,0.3017,0.3552,0.3698,0.0032,0.0004,0.5261,0.0071,0.0216,0.0,0.0665,1.2687
08:29:13.880,3914.39,E 60 s / 60 s,2.8296,57.1,917504,5.12416,0.0031,0.2784,0.2863,0.367,0.0018,0.0,0.5293,0.0,0.0388,0.0,0.0715,1.2534
08:29:15.880,3916.39,E 60 s / 60 s,2.8148,57.1,917504,5.13488,0.003,0.3026,0.2276,0.3672,0.0016,0.0004,0.551,0.0,0.0399,0.0,0.0685,1.253
08:29:17.880,3918.39,E 60 s / 60 s,2.9212,56.0,917504,5.12014,0.0029,0.3034,0.3477,0.3704,0.0008,0.0,0.5199,0.0071,0.0259,0.0,0.0673,1.2759
08:29:19.880,3920.39,E 60 s / 60 s,2.8015,57.1,917504,5.13488,0.0028,0.2788,0.2346,0.3685,0.0006,0.0004,0.5658,0.0035,0.0216,0.0,0.0715,1.2534
08:29:21.880,3922.39,E 60 s / 60 s,2.9342,56.0,917504,5.12818,0.003,0.3542,0.2872,0.3688,0.0018,0.0004,0.581,0.0,0.0195,0.0,0.0653,1.253
08:29:23.880,3924.39,E 60 s / 60 s,2.8851,56.5,917504,5.12818,0.0028,0.3039,0.3482,0.3584,0.0012,0.0,0.5096,0.0035,0.0552,0.0,0.0715,1.2308
08:29:25.880,3926.39,E 60 s / 60 s,2.7911,56.0,917504,5.1322,0.0026,0.304,0.2219,0.3725,0.0002,0.0,0.565,0.0,0.026,0.0,0.0696,1.2293
08:29:27.881,3928.39,E 60 s / 60 s,2.908,56.5,917504,5.12282,0.0031,0.3788,0.2375,0.3631,0.0008,0.0,0.5878,0.0035,0.0261,0.0,0.0696,1.2377
08:29:29.881,3930.39,E 60 s / 60 s,2.8659,56.0,917504,5.12416,0.0025,0.3047,0.3558,0.3578,0.0004,0.0,0.5196,0.0,0.0325,0.0,0.0697,1.2228
08:29:31.881,3932.39,E 60 s / 60 s,2.8211,54.9,917504,5.13622,0.0028,0.3045,0.2278,0.369,0.0006,0.0,0.5881,0.0,0.0388,0.0,0.0679,1.2216
08:29:33.881,3934.39,E 60 s / 60 s,2.8612,55.4,917504,5.1255,0.0028,0.3038,0.3416,0.3721,0.0,0.0002,0.5167,0.0035,0.0259,0.0,0.0647,1.2301
08:29:35.881,3936.39,E 60 s / 60 s,2.7457,55.4,917504,5.13488,0.0025,0.292,0.236,0.369,0.0016,0.0002,0.5156,0.0141,0.0216,0.0,0.0715,1.2216
08:29:37.881,3938.39,E 60 s / 60 s,2.7962,55.4,917504,5.13488,0.0031,0.305,0.222,0.3643,0.0032,0.0,0.5656,0.0,0.0357,0.0,0.0679,1.2293
08:29:39.887,3940.4,E 60 s / 60 s,9.5084,67.0,917504,4.91914,0.0027,0.3523,0.2248,0.3846,0.0002,0.0,0.5802,0.0,0.2176,0.0053,0.0662,7.6746
08:29:41.887,3942.4,E 60 s / 60 s,10.0578,69.2,917504,4.97408,0.0031,0.4003,0.2477,0.3935,0.0016,0.0,0.6271,0.007,0.3319,0.0109,0.0658,7.9688
08:29:43.888,3944.4,E 60 s / 60 s,7.3983,69.7,917504,4.9312,0.0032,0.4486,0.3537,0.3964,0.0032,0.0002,0.5429,0.0069,0.1978,0.0027,0.0677,5.3751
08:29:45.888,3946.4,E 60 s / 60 s,8.6266,71.9,917504,5.0049,0.003,0.4022,0.2291,0.4108,0.0008,0.0004,0.5679,0.0208,0.435,0.0116,0.0662,6.4788
08:29:47.887,3948.4,E 60 s / 60 s,9.7266,74.1,917504,5.0786,0.003,0.3487,0.3522,0.4096,0.0016,0.0002,0.533,0.0139,0.2472,0.0044,0.0657,7.7471
08:29:49.892,3950.4,E 60 s / 60 s,10.3038,75.7,917504,5.0183,0.0032,0.3996,0.3526,0.4302,0.0008,0.0002,0.5456,0.0,0.4926,0.0,0.0673,8.0119
08:29:51.891,3952.4,E 60 s / 60 s,8.5035,75.7,917504,4.8843,0.0032,0.3996,0.3186,0.4007,0.0032,0.0002,0.5135,0.0,0.4807,0.0074,0.0662,6.3101
08:29:53.896,3954.4,E 60 s / 60 s,9.4032,75.2,917504,4.97274,0.0027,0.3456,0.2215,0.4146,0.0008,0.0002,0.535,0.0068,0.3352,0.0053,0.0639,7.4714
08:29:55.891,3956.4,E 60 s / 60 s,9.1328,76.8,917504,5.01294,0.0026,0.4214,0.2844,0.4083,0.0016,0.0008,0.5326,0.0,0.3337,0.0065,0.0663,7.0747
08:29:57.891,3958.4,E 60 s / 60 s,9.8973,77.9,917504,4.95666,0.0031,0.3496,0.24,0.4019,0.0006,0.0008,0.5107,0.0102,0.1478,0.0127,0.0627,8.1571
08:29:59.892,3960.4,E 60 s / 60 s,6.6179,77.4,917504,4.8776,0.0035,0.4848,0.3494,0.4559,0.0016,0.0002,0.5242,0.0,0.4069,0.0083,0.0616,4.3216
08:30:01.896,3962.4,E 60 s / 60 s,8.1326,77.9,917504,4.88162,0.0027,0.4896,0.2265,0.4194,0.0008,0.0004,0.5423,0.0102,0.3461,0.0145,0.0633,6.0165
08:30:03.891,3964.4,E 60 s / 60 s,6.298,77.4,917504,4.9044,0.0035,0.4708,0.2512,0.423,0.0002,0.0002,0.6353,0.0034,0.3451,0.0044,0.0644,4.0964
08:30:05.891,3966.4,E 60 s / 60 s,5.618,77.9,917504,4.9044,0.0032,0.2978,0.2261,0.4322,0.0008,0.0004,0.6036,0.0,0.4826,0.0135,0.0663,3.4915
08:30:07.891,3968.4,E 60 s / 60 s,10.2332,79.0,917504,4.86688,0.0031,0.3957,0.2477,0.406,0.0016,0.0008,0.5771,0.0068,0.3348,0.0024,0.0619,8.1953
08:30:09.892,3970.4,E 60 s / 60 s,8.6356,79.6,917504,4.87492,0.0027,0.3956,0.2316,0.4276,0.0016,0.0008,0.5971,0.0102,0.3397,0.0148,0.0662,6.5477
08:30:11.891,3972.4,E 60 s / 60 s,9.9442,79.6,917504,4.86822,0.0027,0.2938,0.3535,0.4108,0.0014,0.0004,0.5469,0.0,0.3724,0.0168,0.0589,7.8866
08:30:13.891,3974.4,E 60 s / 60 s,6.166,79.0,917504,4.88698,0.0031,0.3793,0.2249,0.4478,0.0012,0.0002,0.5305,0.0,0.395,0.0089,0.0597,4.1154
08:30:15.893,3976.4,E 60 s / 60 s,6.3084,79.0,917504,5.02768,0.0026,0.3954,0.249,0.434,0.0008,0.0004,0.5383,0.0,0.4726,0.003,0.0665,4.146
08:30:17.891,3978.4,E 60 s / 60 s,8.1989,80.7,917504,4.88564,0.0035,0.42,0.2501,0.4023,0.0012,0.0008,0.5943,0.0,0.2346,0.0024,0.0633,6.2263
08:30:19.891,3980.4,E 60 s / 60 s,8.4648,80.1,917504,4.88698,0.0031,0.4675,0.3531,0.4586,0.0008,0.0002,0.5362,0.0,0.463,0.0,0.0588,6.1236
08:30:21.892,3982.4,E 60 s / 60 s,8.9372,79.6,917504,4.99954,0.0032,0.342,0.2491,0.4179,0.001,0.0002,0.5399,0.0136,0.3379,0.0062,0.0641,6.9622
08:30:23.892,3984.4,E 60 s / 60 s,10.1299,79.6,917504,5.0116,0.0031,0.4036,0.3509,0.4196,0.0012,0.0008,0.5391,0.0068,0.2322,0.0027,0.0614,8.1087
08:30:25.950,3986.4,E 60 s / 60 s,10.1648,81.2,917504,4.8843,0.0031,0.4362,0.3538,0.4716,0.0016,0.0,0.5408,0.0,0.2862,0.01,0.0645,7.9969
08:30:27.891,3988.4,E 60 s / 60 s,10.1988,81.2,917504,4.88832,0.003,0.3245,0.2837,0.3976,0.0004,0.0,0.5395,0.0,0.0907,0.0,0.0584,8.5011
08:30:29.891,3990.4,E 60 s / 60 s,10.0713,81.2,917504,4.96872,0.0034,0.4431,0.3526,0.4131,0.0006,0.0008,0.5422,0.0068,0.2677,0.0018,0.0626,7.9766
08:30:31.891,3992.4,E 60 s / 60 s,10.5274,81.2,917504,4.86152,0.0031,0.3918,0.282,0.4252,0.0012,0.0002,0.5358,0.0,0.4212,0.0051,0.0631,8.3988
08:30:33.895,3994.4,E 60 s / 60 s,9.0269,80.7,917504,4.99016,0.0033,0.3933,0.3492,0.4397,0.0014,0.0,0.5455,0.0103,0.2666,0.0059,0.0626,6.9492
08:30:35.891,3996.4,E 60 s / 60 s,9.9392,82.3,917512,4.93388,0.0029,0.3939,0.244,0.4199,0.0012,0.0004,0.5769,0.0068,0.2159,0.0044,0.0636,8.0092
08:30:37.889,3998.4,E 60 s / 60 s,3.5611,76.3,917504,5.09736,0.0029,0.2954,0.2921,0.3889,0.0012,0.0,0.5365,0.0035,0.0574,0.0,0.0661,1.9171
08:30:39.889,4000.4,E 60 s / 60 s,3.4874,70.8,917504,5.09066,0.0029,0.2999,0.3551,0.3896,0.0008,0.0004,0.5716,0.0,0.0563,0.0,0.0688,1.7419
08:30:41.889,4002.4,E 60 s / 60 s,3.2483,69.2,917504,5.10674,0.0031,0.298,0.2876,0.3812,0.0008,0.0004,0.5118,0.0,0.027,0.0,0.0662,1.6721
08:30:43.890,4004.4,E 60 s / 60 s,3.2077,66.4,917504,5.11612,0.0027,0.3926,0.3559,0.3654,0.0008,0.0004,0.5425,0.0035,0.0239,0.0,0.0688,1.4512
08:30:45.890,4006.4,E 60 s / 60 s,3.0325,64.8,917504,5.11478,0.0031,0.2996,0.322,0.375,0.0014,0.0,0.5139,0.007,0.0336,0.0,0.0702,1.4067
08:30:47.894,4008.4,E 60 s / 60 s,2.928,63.1,917504,5.12014,0.0031,0.2989,0.2233,0.3724,0.0016,0.0002,0.5386,0.007,0.0389,0.0,0.0688,1.3752
08:30:49.890,4010.4,E 60 s / 60 s,3.0593,62.0,917504,5.12818,0.0031,0.3691,0.2892,0.3733,0.001,0.0002,0.5398,0.007,0.0314,0.0,0.07,1.3752
08:30:51.890,4012.4,E 60 s / 60 s,2.9906,60.9,917504,5.12014,0.0029,0.3007,0.3403,0.3643,0.0014,0.0004,0.5333,0.0,0.026,0.0,0.0689,1.3523
08:30:53.890,4014.4,E 60 s / 60 s,2.9163,60.9,917504,5.12416,0.003,0.2851,0.2873,0.3703,0.0004,0.0002,0.5239,0.0035,0.0356,0.0,0.0697,1.3374
08:30:55.890,4016.4,E 60 s / 60 s,2.9535,59.3,917504,5.1255,0.0029,0.2822,0.3559,0.3804,0.0012,0.0004,0.5365,0.0,0.027,0.0,0.0689,1.298
08:30:57.891,4018.4,E 60 s / 60 s,2.8982,59.3,917504,5.12416,0.003,0.3025,0.2867,0.3688,0.0016,0.0002,0.5199,0.007,0.0312,0.0,0.0703,1.3069
08:30:59.891,4020.4,E 60 s / 60 s,2.8808,59.3,917504,5.12148,0.0027,0.3011,0.235,0.3707,0.0008,0.0004,0.5914,0.0,0.0282,0.0,0.0678,1.2827
08:31:01.891,4022.4,E 60 s / 60 s,3.0275,58.7,917504,5.12014,0.0027,0.3777,0.2859,0.369,0.0016,0.0002,0.5898,0.0176,0.026,0.0,0.0658,1.2912
08:31:03.891,4024.4,E 60 s / 60 s,2.8303,58.2,917504,5.12952,0.0032,0.2913,0.2865,0.365,0.0004,0.0002,0.5093,0.007,0.0291,0.0,0.0697,1.2687
08:31:05.891,4026.4,E 60 s / 60 s,2.9486,58.2,917504,5.1322,0.0034,0.3013,0.2266,0.3696,0.0016,0.0002,0.5681,0.0,0.0292,0.0,0.0734,1.3752
08:31:07.891,4028.4,E 60 s / 60 s,3.0863,57.6,917504,5.12818,0.0025,0.3738,0.3391,0.3725,0.0008,0.0004,0.5264,0.0,0.0292,0.0,0.066,1.3757
08:31:09.891,4030.4,E 60 s / 60 s,2.8139,58.2,917504,5.12148,0.0027,0.2838,0.2859,0.369,0.0016,0.0004,0.5125,0.0,0.0281,0.0,0.0697,1.2602
08:31:11.891,4032.4,E 60 s / 60 s,2.9979,58.2,917504,5.12818,0.0026,0.3733,0.3574,0.3644,0.0018,0.0002,0.539,0.0,0.0346,0.0,0.0639,1.2606
08:31:13.891,4034.4,E 60 s / 60 s,2.8356,56.5,917504,5.12684,0.0033,0.2847,0.2884,0.3777,0.001,0.0002,0.5067,0.0071,0.0293,0.0,0.0689,1.2683
08:31:15.891,4036.4,E 60 s / 60 s,2.8453,56.0,917504,5.12282,0.0027,0.3021,0.2268,0.365,0.0012,0.0004,0.5784,0.0071,0.0227,0.0,0.0702,1.2687
08:31:17.891,4038.4,E 60 s / 60 s,2.9171,56.5,917504,5.12684,0.0028,0.3726,0.29,0.3697,0.0006,0.0004,0.5365,0.0,0.0269,0.0,0.0653,1.2522
08:31:19.891,4040.4,E 60 s / 60 s,2.9377,56.0,917504,5.12818,0.0027,0.303,0.3579,0.3707,0.0016,0.0004,0.5394,0.0,0.0282,0.0,0.0659,1.2679
08:31:21.891,4042.4,E 60 s / 60 s,2.9372,56.0,917504,5.12282,0.0027,0.3537,0.2535,0.3812,0.0008,0.0,0.58,0.0,0.0291,0.0,0.0679,1.2683
08:31:23.891,4044.4,E 60 s / 60 s,2.889,56.0,917504,5.12014,0.0031,0.3036,0.35,0.3672,0.0016,0.0,0.5134,0.0,0.027,0.0,0.0697,1.2534
08:31:25.891,4046.4,E 60 s / 60 s,2.9187,55.4,917504,5.13488,0.003,0.3041,0.252,0.3608,0.0002,0.0,0.5142,0.0,0.1922,0.0,0.0696,1.2224
08:31:27.892,4048.4,E 60 s / 60 s,2.9117,56.5,917504,5.13622,0.0027,0.3896,0.2557,0.3751,0.0006,0.0,0.5358,0.0,0.0282,0.0,0.0711,1.253
08:31:29.892,4050.4,E 60 s / 60 s,2.9282,56.0,917504,5.12282,0.0026,0.3781,0.3391,0.3661,0.0008,0.0002,0.5144,0.0,0.0206,0.0,0.0678,1.2385
08:31:31.892,4052.4,E 60 s / 60 s,2.7617,55.4,917504,5.13756,0.0031,0.2782,0.2897,0.3633,0.0,0.0004,0.5134,0.0071,0.0259,0.0,0.0735,1.2071
08:31:33.892,4054.4,E 60 s / 60 s,2.8782,54.9,917504,5.13622,0.0028,0.3799,0.2863,0.3679,0.0006,0.0004,0.5333,0.0,0.0335,0.0,0.0659,1.2075
08:31:35.896,4056.4,E 60 s / 60 s,2.8776,54.9,917504,5.12148,0.0032,0.3039,0.3554,0.3688,0.0002,0.0004,0.5215,0.0,0.0271,0.0,0.067,1.2301
08:31:37.892,4058.4,E 60 s / 60 s,3.3718,54.9,917504,5.13622,0.0027,0.3036,0.3223,0.3702,0.0008,0.0002,0.5193,0.0071,0.0531,0.0,0.0669,1.7256
08:31:39.892,4060.4,E 60 s / 60 s,2.9358,55.4,917504,5.13354,0.0028,0.3741,0.323,0.3707,0.0002,0.0002,0.5098,0.0035,0.052,0.0,0.0698,1.2297
08:31:41.892,4062.4,E 60 s / 60 s,2.8326,54.9,917504,5.13086,0.0033,0.2788,0.2856,0.365,0.0002,0.0004,0.5229,0.0,0.0973,0.0,0.0716,1.2075
08:31:43.899,4064.41,E 60 s / 60 s,7.235,64.8,917504,4.90708,0.003,0.3512,0.2339,0.4425,0.0004,0.0002,0.5767,0.0172,0.2059,0.0021,0.0667,5.3354
08:31:45.900,4066.41,E 60 s / 60 s,8.3451,67.5,917504,4.9848,0.0032,0.346,0.249,0.4077,0.0008,0.0008,0.5403,0.0174,0.2631,0.0041,0.0647,6.4479
08:31:47.899,4068.41,E 60 s / 60 s,9.5761,69.7,917504,4.90976,0.0027,0.4011,0.2876,0.402,0.0008,0.0002,0.4887,0.0,0.247,0.0035,0.067,7.6755
08:31:49.900,4070.41,E 60 s / 60 s,7.2496,71.4,917504,4.9312,0.0027,0.4721,0.321,0.4181,0.0,0.0004,0.5358,0.0,0.4163,0.0095,0.0661,5.0076
08:31:51.899,4072.41,E 60 s / 60 s,7.386,71.4,917504,5.10272,0.0031,0.4507,0.3567,0.4076,0.0016,0.0,0.4964,0.0,0.5499,0.0113,0.0662,5.0425
08:31:53.903,4074.41,E 60 s / 60 s,10.2537,74.1,917504,4.91378,0.0031,0.4003,0.2502,0.4319,0.0012,0.0004,0.5747,0.0035,0.4881,0.0,0.0663,8.0339
08:31:55.903,4076.41,E 60 s / 60 s,6.8685,73.6,917504,4.87894,0.004,0.3992,0.2505,0.4076,0.0016,0.0002,0.5875,0.0,0.197,0.008,0.0671,4.9456
08:31:57.903,4078.41,E 60 s / 60 s,9.6333,75.2,917504,4.93656,0.0032,0.4226,0.3189,0.4146,0.0012,0.0008,0.5453,0.0,0.3306,0.0129,0.063,7.5202
08:31:59.903,4080.41,E 60 s / 60 s,10.0108,75.7,917504,4.89234,0.0028,0.4394,0.3494,0.4226,0.0012,0.0,0.5394,0.0381,0.3687,0.0059,0.0629,7.7804
08:32:01.907,4082.41,E 60 s / 60 s,5.0917,75.7,917504,4.89904,0.0027,0.4004,0.3459,0.4337,0.0016,0.0002,0.5398,0.0,0.4805,0.0,0.0636,2.8233
08:32:03.903,4084.41,E 60 s / 60 s,10.2814,77.4,917504,4.8776,0.0031,0.4194,0.2819,0.4038,0.0006,0.0,0.542,0.0034,0.2161,0.0083,0.0645,8.3382
08:32:05.903,4086.41,E 60 s / 60 s,10.1704,76.8,917504,5.00624,0.0031,0.3961,0.3521,0.3863,0.0016,0.0008,0.539,0.0,0.0957,0.0015,0.0632,8.331
08:32:07.903,4088.41,E 60 s / 60 s,7.407,76.3,917504,5.0049,0.0033,0.4153,0.355,0.4006,0.0004,0.0002,0.5361,0.0034,0.4078,0.0091,0.064,5.2116
08:32:09.903,4090.41,E 60 s / 60 s,6.7833,76.8,917504,4.90708,0.0033,0.3723,0.235,0.4284,0.0016,0.0004,0.5371,0.0,0.4173,0.0136,0.0633,4.711
08:32:11.903,4092.41,E 60 s / 60 s,8.0938,79.0,917504,4.86554,0.0029,0.3995,0.2313,0.3984,0.0016,0.0008,0.5878,0.0,0.2005,0.0038,0.0633,6.2038
08:32:13.903,4094.41,E 60 s / 60 s,9.9748,78.5,917504,4.94594,0.0032,0.431,0.351,0.3845,0.0012,0.0008,0.5128,0.0,0.3154,0.0065,0.0643,7.9042
08:32:15.904,4096.41,E 60 s / 60 s,9.4661,77.9,917504,5.02634,0.0029,0.3985,0.2494,0.3937,0.0016,0.0002,0.5815,0.0,0.1976,0.0024,0.0628,7.5756
08:32:17.903,4098.41,E 60 s / 60 s,8.6087,77.9,917504,5.01026,0.0028,0.3457,0.2328,0.4089,0.0008,0.0008,0.5683,0.0,0.4456,0.0112,0.0629,6.5287
08:32:19.903,4100.41,E 60 s / 60 s,10.1102,79.6,917504,4.89234,0.0032,0.3451,0.2257,0.4365,0.0006,0.0002,0.581,0.0034,0.4749,0.0,0.0661,7.9735
08:32:21.903,4102.41,E 60 s / 60 s,6.5495,79.0,917504,4.8776,0.0028,0.3927,0.3383,0.4314,0.0012,0.0002,0.5103,0.0068,0.4731,0.01,0.0585,4.3243
08:32:23.903,4104.41,E 60 s / 60 s,8.0163,79.6,917504,4.89904,0.0027,0.3434,0.3171,0.4168,0.0012,0.0002,0.5183,0.0102,0.2718,0.007,0.0614,6.0663
08:32:25.905,4106.41,E 60 s / 60 s,6.9323,78.5,917504,5.01428,0.0028,0.3967,0.2333,0.4197,0.0008,0.0004,0.5931,0.0034,0.438,0.0121,0.066,4.7661
08:32:27.903,4108.41,E 60 s / 60 s,8.9308,79.6,917504,4.96738,0.003,0.3473,0.2849,0.4214,0.0008,0.0008,0.5189,0.0136,0.2778,0.0059,0.0602,6.9961
08:32:29.908,4110.42,E 60 s / 60 s,8.0239,80.7,917504,4.95666,0.0035,0.3221,0.2843,0.4194,0.0004,0.0002,0.5151,0.0136,0.1822,0.0056,0.0621,6.2154
08:32:31.907,4112.42,E 60 s / 60 s,9.6684,80.7,917504,4.8575,0.0029,0.3946,0.3533,0.437,0.001,0.0002,0.5939,0.0,0.4293,0.0021,0.0629,7.3912
08:32:33.909,4114.42,E 60 s / 60 s,7.5429,78.5,917504,5.01562,0.0037,0.3937,0.2492,0.4269,0.0006,0.0002,0.5679,0.0,0.3434,0.0107,0.065,5.4815
08:32:35.908,4116.42,E 60 s / 60 s,10.2337,80.1,917504,4.96202,0.0029,0.3371,0.2836,0.4094,0.0008,0.0002,0.5394,0.0034,0.2686,0.0027,0.0632,8.3225
08:32:37.907,4118.42,E 60 s / 60 s,10.2834,80.1,917504,4.90842,0.0031,0.3435,0.3179,0.4068,0.0006,0.0002,0.5422,0.0207,0.2019,0.0015,0.0608,8.3841
08:32:39.907,4120.42,E 60 s / 60 s,9.8797,80.7,917504,4.88832,0.0031,0.3186,0.2832,0.4279,0.0014,0.0002,0.5045,0.0,0.3204,0.0006,0.0636,7.9561
08:32:41.911,4122.42,E 60 s / 60 s,7.3856,80.1,917504,4.90708,0.0029,0.4913,0.224,0.4425,0.0012,0.0002,0.5261,0.0034,0.5136,0.0097,0.066,5.1046
08:32:43.903,4124.42,E 60 s / 60 s,3.3743,72.5,917504,5.09602,0.0027,0.2847,0.2267,0.3919,0.0006,0.0002,0.5487,0.0105,0.0564,0.0,0.0636,1.7883
08:32:45.907,4126.42,E 60 s / 60 s,3.3479,69.2,917504,5.11076,0.0033,0.2981,0.3405,0.3941,0.0006,0.0002,0.5151,0.0,0.0324,0.0,0.0675,1.6961
08:32:47.904,4128.42,E 60 s / 60 s,3.0084,67.0,917504,5.1188,0.0028,0.2826,0.2519,0.3626,0.0012,0.0,0.5171,0.014,0.027,0.0,0.0669,1.4822
08:32:49.907,4130.42,E 60 s / 60 s,2.6497,65.9,917504,5.11746,0.0031,0.3,0.3533,0.3697,0.0012,0.0002,0.5365,0.007,0.0303,0.0,0.0697,0.9786
08:32:51.905,4132.42,E 60 s / 60 s,2.5719,62.6,917504,5.13622,0.0028,0.3507,0.2537,0.3632,0.0008,0.0002,0.5781,0.0,0.0325,0.0,0.0703,0.9197
08:32:53.904,4134.42,E 60 s / 60 s,2.9578,63.1,917504,5.12818,0.0028,0.2994,0.2284,0.3666,0.0008,0.0004,0.594,0.007,0.0292,0.0,0.0683,1.3608
08:32:55.904,4136.42,E 60 s / 60 s,3.0381,61.5,917504,5.12416,0.0028,0.3503,0.2541,0.3696,0.0012,0.0002,0.6173,0.0,0.0313,0.0,0.0665,1.3447
08:32:57.904,4138.42,E 60 s / 60 s,2.8498,59.8,917504,5.0987,0.0027,0.2784,0.2879,0.369,0.0016,0.0002,0.506,0.0,0.0281,0.0,0.069,1.3069
08:32:59.904,4140.42,E 60 s / 60 s,2.9673,60.4,917504,5.12416,0.003,0.275,0.3553,0.3972,0.001,0.0004,0.5215,0.0071,0.0314,0.0,0.069,1.3065
08:33:01.908,4142.42,E 60 s / 60 s,2.5562,59.3,917504,5.12818,0.0031,0.301,0.3515,0.3697,0.0016,0.0,0.5368,0.0,0.0337,0.0,0.0705,0.8882
08:33:03.908,4144.42,E 60 s / 60 s,2.452,58.2,917504,5.14024,0.0028,0.2789,0.2221,0.3643,0.0006,0.0,0.598,0.0141,0.0282,0.0,0.0683,0.8746
08:33:05.904,4146.42,E 60 s / 60 s,2.8033,58.2,917504,5.13488,0.0031,0.2801,0.237,0.3705,0.0002,0.0004,0.5189,0.0035,0.027,0.0,0.0709,1.2916
08:33:07.908,4148.42,E 60 s / 60 s,2.5072,58.7,917504,5.13488,0.0027,0.302,0.3396,0.3671,0.0016,0.0002,0.5204,0.0,0.0314,0.0,0.068,0.8743
08:33:09.909,4150.42,E 60 s / 60 s,2.9427,57.6,917504,5.11746,0.0031,0.3018,0.3559,0.3644,0.0004,0.0004,0.5333,0.0,0.0271,0.0,0.0646,1.2916
08:33:11.905,4152.42,E 60 s / 60 s,2.7684,57.6,917504,5.12416,0.0027,0.2786,0.2537,0.3662,0.0016,0.0002,0.5067,0.0035,0.0313,0.0,0.0701,1.2538
08:33:13.905,4154.42,E 60 s / 60 s,3.064,57.1,917504,5.12818,0.0029,0.3719,0.3547,0.3707,0.0016,0.0004,0.5973,0.0,0.0345,0.0,0.0697,1.2602
08:33:15.905,4156.42,E 60 s / 60 s,2.8324,56.5,917504,5.12416,0.0034,0.278,0.2863,0.3777,0.0018,0.0004,0.5215,0.0106,0.0314,0.0,0.0691,1.2522
08:33:17.905,4158.42,E 60 s / 60 s,2.8011,57.1,917504,5.12818,0.0027,0.3026,0.2227,0.3697,0.0012,0.0,0.5473,0.0035,0.0314,0.0,0.0671,1.253
08:33:19.905,4160.42,E 60 s / 60 s,2.9771,57.1,917504,5.1255,0.0027,0.3714,0.2883,0.3696,0.0008,0.0002,0.5842,0.0,0.0293,0.0,0.0697,1.261
08:33:21.905,4162.42,E 60 s / 60 s,2.8363,56.5,917504,5.12952,0.0031,0.2829,0.2865,0.376,0.0006,0.0002,0.5327,0.0035,0.0281,0.0,0.0696,1.253
08:33:23.905,4164.42,E 60 s / 60 s,2.7629,56.0,917504,5.13488,0.0031,0.2796,0.223,0.3689,0.0016,0.0002,0.5418,0.0106,0.0249,0.0,0.0715,1.2377
08:33:25.905,4166.42,E 60 s / 60 s,2.9766,56.0,917504,5.13354,0.0027,0.3607,0.2913,0.368,0.0016,0.0002,0.61,0.0,0.0367,0.0,0.0685,1.2369
08:33:27.905,4168.42,E 60 s / 60 s,2.8458,56.0,917504,5.13622,0.0025,0.3023,0.236,0.372,0.0016,0.0,0.5947,0.0,0.0368,0.0,0.0697,1.2301
08:33:29.907,4170.42,E 60 s / 60 s,2.4455,54.9,917504,5.12952,0.0027,0.3067,0.3523,0.3619,0.0016,0.0004,0.5035,0.0,0.0291,0.0,0.0705,0.8168
08:33:31.905,4172.42,E 60 s / 60 s,2.8494,56.5,917504,5.1322,0.003,0.3027,0.2284,0.3666,0.0006,0.0,0.6299,0.0,0.0282,0.0,0.0664,1.2236
08:33:33.909,4174.42,E 60 s / 60 s,2.9603,55.4,917504,5.1322,0.0029,0.3745,0.3546,0.3672,0.0016,0.0004,0.5318,0.0035,0.0282,0.0,0.066,1.2297
08:33:35.906,4176.42,E 60 s / 60 s,2.8909,54.9,917504,5.13086,0.0029,0.3059,0.3483,0.376,0.0016,0.0002,0.5156,0.0,0.04,0.0,0.0703,1.2301
08:33:37.906,4178.42,E 60 s / 60 s,2.8211,54.3,917504,5.13354,0.0027,0.3536,0.2515,0.369,0.0016,0.0002,0.5317,0.0,0.027,0.0,0.0697,1.214
08:33:39.906,4180.42,E 60 s / 60 s,2.7861,54.9,917504,5.13488,0.0025,0.2799,0.252,0.3718,0.0006,0.0004,0.5368,0.0071,0.0562,0.0,0.0716,1.2071
08:33:41.906,4182.42,E 60 s / 60 s,2.7886,54.9,917504,5.13756,0.0031,0.304,0.2238,0.3666,0.0008,0.0,0.5534,0.0,0.053,0.0,0.0691,1.2148
08:33:43.911,4184.42,E 60 s / 60 s,9.7901,65.3,917504,4.93656,0.003,0.3534,0.3457,0.3954,0.0016,0.0002,0.5295,0.0,0.3334,0.0041,0.0641,7.7596
08:33:45.908,4186.42,E 60 s / 60 s,6.7413,66.4,917504,4.91378,0.0027,0.3753,0.3377,0.4344,0.0016,0.0002,0.5118,0.0,0.4692,0.0127,0.0623,4.5334
08:33:47.911,4188.42,E 60 s / 60 s,9.2028,70.3,917504,4.90306,0.004,0.3043,0.2263,0.4124,0.0012,0.0,0.5713,0.0034,0.0462,0.0,0.0652,7.5685
08:33:49.907,4190.42,E 60 s / 60 s,9.5447,71.9,917504,4.92182,0.0026,0.3997,0.2318,0.4355,0.0004,0.0002,0.6141,0.0069,0.2591,0.0032,0.0663,7.5249
08:33:51.912,4192.42,E 60 s / 60 s,7.5521,71.9,917504,4.99552,0.0031,0.4866,0.2834,0.4266,0.0032,0.0008,0.5797,0.0034,0.3349,0.0065,0.0631,5.3608
08:33:53.912,4194.42,E 60 s / 60 s,9.517,73.6,917504,4.88698,0.0029,0.3363,0.32,0.4194,0.002,0.0002,0.5215,0.0207,0.302,0.0044,0.065,7.5226
08:33:55.907,4196.42,E 60 s / 60 s,9.8445,76.3,917504,4.89234,0.0027,0.4007,0.2483,0.4357,0.0016,0.0008,0.6005,0.0034,0.4063,0.0,0.0641,7.6803
08:33:57.908,4198.42,E 60 s / 60 s,8.7045,75.2,917504,4.9312,0.0033,0.3718,0.3189,0.4276,0.0004,0.0008,0.5117,0.0207,0.4551,0.0009,0.0671,6.5261
08:33:59.907,4200.42,E 60 s / 60 s,6.2338,75.2,917504,4.89234,0.003,0.3988,0.2249,0.4603,0.0004,0.0,0.6107,0.0451,0.3377,0.015,0.0656,4.0722
08:34:01.911,4202.42,E 60 s / 60 s,7.9001,75.7,917504,4.92718,0.003,0.3782,0.2209,0.431,0.0012,0.0002,0.5133,0.0034,0.4578,0.0091,0.0664,5.8156
08:34:03.917,4204.42,E 60 s / 60 s,10.0536,76.3,917504,5.01562,0.0028,0.3478,0.2885,0.4078,0.0006,0.0008,0.5681,0.0104,0.3361,0.0103,0.0659,8.0145
08:34:05.916,4206.42,E 60 s / 60 s,10.1973,76.3,917504,4.88296,0.0031,0.4214,0.2831,0.4058,0.0008,0.0,0.5881,0.0272,0.4376,0.0044,0.062,7.9636
08:34:07.915,4208.42,E 60 s / 60 s,6.4109,77.9,917504,5.01696,0.0029,0.4062,0.2322,0.4114,0.0016,0.0008,0.5713,0.0,0.4011,0.005,0.0654,4.3131
08:34:09.912,4210.42,E 60 s / 60 s,8.6253,77.9,917504,4.92584,0.0033,0.3523,0.2323,0.4284,0.0002,0.0002,0.5391,0.0035,0.4054,0.0195,0.0629,6.5781
08:34:11.914,4212.42,E 60 s / 60 s,7.2599,77.4,917504,5.01026,0.0031,0.3961,0.3891,0.4111,0.0006,0.0,0.5425,0.0,0.4421,0.0056,0.0647,5.0048
08:34:13.912,4214.42,E 60 s / 60 s,8.1509,78.5,917504,4.8642,0.0032,0.3332,0.2248,0.3965,0.0004,0.0002,0.543,0.0103,0.2001,0.0198,0.0623,6.3572
08:34:15.911,4216.42,E 60 s / 60 s,7.4588,78.5,917504,4.97274,0.0032,0.3909,0.2228,0.3967,0.0004,0.0002,0.594,0.0,0.2032,0.0095,0.062,5.576
08:34:17.913,4218.42,E 60 s / 60 s,10.0945,79.6,917504,4.86688,0.0031,0.393,0.3538,0.3898,0.0018,0.0004,0.5329,0.0,0.4041,0.0154,0.0621,7.9382
08:34:19.915,4220.42,E 60 s / 60 s,10.257,78.5,917504,4.86554,0.0031,0.3948,0.2491,0.4138,0.0012,0.0008,0.5874,0.0103,0.4065,0.0122,0.0691,8.1087
08:34:21.915,4222.42,E 60 s / 60 s,7.9075,79.0,917504,4.8642,0.0035,0.3445,0.3494,0.402,0.0012,0.0004,0.5104,0.0034,0.3354,0.0094,0.0631,5.8847
08:34:23.913,4224.42,E 60 s / 60 s,10.2457,79.6,917504,4.95666,0.0027,0.3951,0.2337,0.4019,0.0012,0.0002,0.6227,0.0034,0.1991,0.0047,0.0633,8.3177
08:34:25.920,4226.42,E 60 s / 60 s,9.7534,80.1,917504,4.97408,0.0031,0.3619,0.2831,0.438,0.0016,0.0008,0.5326,0.0,0.4751,0.0103,0.065,7.5819
08:34:27.913,4228.42,E 60 s / 60 s,8.681,80.1,917504,4.86688,0.0033,0.3954,0.2498,0.4185,0.0002,0.0008,0.5313,0.0,0.4715,0.0103,0.0589,6.541
08:34:29.911,4230.42,E 60 s / 60 s,9.6866,79.6,917504,4.90842,0.0032,0.3434,0.3498,0.4392,0.0016,0.0008,0.5132,0.0103,0.4831,0.0,0.0629,7.4791
08:34:31.912,4232.42,E 60 s / 60 s,10.1796,81.8,917504,4.86688,0.0027,0.3139,0.2479,0.3924,0.0016,0.0008,0.5045,0.0,0.0981,0.0,0.0589,8.5588
08:34:33.912,4234.42,E 60 s / 60 s,9.797,80.1,917504,5.0116,0.0027,0.3951,0.2337,0.4337,0.0016,0.0002,0.5991,0.0751,0.4843,0.0071,0.063,7.5014
08:34:35.920,4236.42,E 60 s / 60 s,10.2255,80.1,917504,4.9044,0.003,0.395,0.355,0.4107,0.0012,0.0002,0.5099,0.0,0.2687,0.0124,0.0637,8.2056
08:34:37.910,4238.42,E 60 s / 60 s,6.7175,80.1,917504,5.06922,0.0033,0.294,0.3182,0.3953,0.0012,0.0002,0.5317,0.0,0.0702,0.0,0.0611,5.0425
08:34:39.915,4240.42,E 60 s / 60 s,10.3062,80.7,917504,4.84946,0.0033,0.4183,0.2831,0.3982,0.0014,0.0004,0.5358,0.0,0.1309,0.0,0.0649,8.4699
08:34:41.915,4242.42,E 60 s / 60 s,10.0687,81.8,917504,4.88832,0.003,0.4124,0.2472,0.4073,0.0016,0.0008,0.6329,0.0,0.285,0.0,0.0621,8.0163
08:34:43.913,4244.42,E 60 s / 60 s,3.6678,73.6,917504,5.092,0.0034,0.3837,0.3215,0.387,0.0016,0.0004,0.539,0.0,0.0551,0.0,0.0673,1.9088
08:34:45.911,4246.42,E 60 s / 60 s,3.3601,70.3,917504,5.092,0.0033,0.3092,0.2388,0.3821,0.0016,0.0002,0.5656,0.0035,0.0228,0.0,0.068,1.7649
08:34:47.911,4248.42,E 60 s / 60 s,3.1388,67.0,917504,5.12014,0.0032,0.297,0.3378,0.3672,0.0016,0.0002,0.5318,0.0,0.041,0.0,0.0671,1.492
08:34:49.915,4250.42,E 60 s / 60 s,2.6586,65.3,917504,5.1322,0.003,0.3492,0.2551,0.3619,0.0016,0.0002,0.5832,0.0,0.0302,0.0,0.0648,1.0093
08:34:51.915,4252.42,E 60 s / 60 s,2.5108,63.7,917504,5.12952,0.0029,0.2983,0.229,0.3672,0.001,0.0004,0.5713,0.0,0.0259,0.0,0.0627,0.9522
08:34:53.915,4254.42,E 60 s / 60 s,2.5067,62.0,917504,5.1389,0.0028,0.3001,0.2381,0.3626,0.0008,0.0002,0.5692,0.0035,0.0368,0.0,0.0672,0.9254
08:34:55.931,4256.42,E 60 s / 60 s,2.4342,60.9,917504,5.14024,0.0025,0.2993,0.2352,0.3614,0.0008,0.0004,0.5367,0.0035,0.0303,0.0,0.0691,0.8949
08:34:57.915,4258.42,E 60 s / 60 s,2.4659,60.9,917504,5.13488,0.0028,0.2997,0.2241,0.3707,0.0012,0.0002,0.5394,0.007,0.0337,0.0,0.0677,0.9193
08:34:59.917,4260.42,E 60 s / 60 s,2.4972,59.8,917504,5.14024,0.0031,0.3757,0.251,0.365,0.001,0.0004,0.5196,0.0035,0.04,0.0,0.0697,0.8682
08:35:01.915,4262.42,E 60 s / 60 s,2.5011,59.8,917504,5.13488,0.0028,0.2803,0.3193,0.358,0.0008,0.0002,0.5326,0.0071,0.0348,0.0,0.071,0.8943
08:35:03.915,4264.42,E 60 s / 60 s,2.6001,58.7,917504,5.13622,0.0031,0.3769,0.2877,0.3697,0.0004,0.0004,0.585,0.0035,0.0205,0.0,0.0653,0.8875
08:35:05.915,4266.42,E 60 s / 60 s,2.5209,58.7,917504,5.12684,0.0029,0.3027,0.3553,0.3649,0.0004,0.0002,0.5131,0.0,0.0314,0.0,0.0679,0.882
08:35:07.914,4268.42,E 60 s / 60 s,2.4246,58.7,917504,5.14024,0.0027,0.3007,0.2259,0.3669,0.0008,0.0,0.5608,0.0,0.0281,0.0,0.0641,0.8746
08:35:09.914,4270.42,E 60 s / 60 s,2.4759,58.7,917504,5.1389,0.0032,0.3011,0.236,0.3667,0.0018,0.0,0.5976,0.0,0.0369,0.0,0.0648,0.8679
08:35:11.915,4272.42,E 60 s / 60 s,2.5588,57.1,917504,5.1322,0.0027,0.3769,0.2879,0.3654,0.0016,0.0004,0.5394,0.0,0.0413,0.0,0.0686,0.8746
08:35:13.915,4274.42,E 60 s / 60 s,2.582,57.6,917504,5.1389,0.0027,0.3759,0.287,0.3643,0.0032,0.0002,0.585,0.0,0.0314,0.0,0.0704,0.8618
08:35:15.914,4276.42,E 60 s / 60 s,2.356,57.6,917504,5.14694,0.0031,0.2781,0.2231,0.363,0.0018,0.0004,0.5132,0.0035,0.0314,0.0,0.0692,0.8692
08:35:17.915,4278.43,E 60 s / 60 s,2.3929,57.1,917504,5.13354,0.0034,0.3004,0.2238,0.3688,0.0002,0.0004,0.5392,0.0035,0.0281,0.0,0.0697,0.8553
08:35:19.916,4280.43,E 60 s / 60 s,2.4796,57.1,917504,5.14024,0.0027,0.301,0.2382,0.3686,0.0004,0.0002,0.6203,0.0,0.0238,0.0,0.0697,0.8547
08:35:21.919,4282.43,E 60 s / 60 s,2.3796,57.1,917504,5.14024,0.0031,0.2763,0.2512,0.3685,0.0008,0.0,0.5131,0.0,0.0292,0.0,0.0685,0.8688
08:35:23.919,4284.43,E 60 s / 60 s,2.3938,57.1,917504,5.14292,0.0031,0.2803,0.2544,0.3635,0.0006,0.0004,0.5195,0.0106,0.028,0.0,0.0716,0.8618
08:35:25.915,4286.43,E 60 s / 60 s,2.4787,56.5,917504,5.12282,0.0033,0.3042,0.3405,0.3635,0.0032,0.0002,0.5003,0.0,0.0368,0.0,0.0703,0.8563
08:35:27.915,4288.43,E 60 s / 60 s,2.4138,56.0,917504,5.12818,0.0031,0.2855,0.2869,0.3715,0.0004,0.0004,0.5204,0.0035,0.026,0.0,0.073,0.8431
08:35:29.915,4290.43,E 60 s / 60 s,2.4028,56.0,917504,5.14158,0.003,0.3028,0.2245,0.3609,0.0032,0.0004,0.5842,0.0,0.0237,0.0,0.0698,0.8302
08:35:31.915,4292.43,E 60 s / 60 s,2.481,57.1,917504,5.1389,0.0033,0.3535,0.2904,0.3688,0.0018,0.0002,0.5284,0.0,0.026,0.0,0.0661,0.8425
08:35:33.915,4294.43,E 60 s / 60 s,2.5043,56.5,917504,5.13622,0.0027,0.3039,0.3596,0.3724,0.0032,0.0,0.5326,0.0035,0.0248,0.0,0.0648,0.8367
08:35:35.915,4296.43,E 60 s / 60 s,2.3195,55.4,917504,5.1456,0.0026,0.2741,0.235,0.3644,0.0004,0.0004,0.5139,0.0035,0.0237,0.0,0.0718,0.8296
08:35:37.915,4298.43,E 60 s / 60 s,2.3547,54.3,917504,5.14694,0.0032,0.2822,0.2357,0.3652,0.0018,0.0,0.539,0.0106,0.0206,0.0,0.0729,0.8235
08:35:39.915,4300.43,E 60 s / 60 s,2.531,54.9,917504,5.13622,0.0028,0.3917,0.2889,0.3667,0.0006,0.0004,0.533,0.0,0.0303,0.0,0.068,0.8486
08:35:41.914,4302.43,E 60 s / 60 s,2.3649,55.4,917504,5.14828,0.0026,0.3056,0.2223,0.3608,0.0016,0.0002,0.5398,0.0035,0.0377,0.0,0.0673,0.8235
08:35:43.925,4304.43,E 60 s / 60 s,8.6974,62.6,917504,4.93388,0.0027,0.4036,0.3547,0.4302,0.0004,0.0002,0.5184,0.0,0.4512,0.0122,0.0644,6.4595
08:35:45.923,4306.43,E 60 s / 60 s,9.5596,67.5,917504,4.90172,0.0029,0.4265,0.2843,0.3848,0.0008,0.0,0.5383,0.0,0.3348,0.0056,0.0668,7.5149
08:35:47.919,4308.43,E 60 s / 60 s,9.5387,70.8,917504,4.91512,0.0031,0.4472,0.3362,0.4019,0.0004,0.0,0.5294,0.0,0.2672,0.0029,0.0649,7.4855
08:35:49.915,4310.43,E 60 s / 60 s,8.5463,71.4,917504,4.93656,0.0032,0.3988,0.252,0.4191,0.0016,0.0002,0.5779,0.0034,0.2683,0.0021,0.0654,6.5543
08:35:51.923,4312.43,E 60 s / 60 s,10.0971,74.1,917504,4.9044,0.003,0.3137,0.2205,0.4156,0.0004,0.0002,0.5338,0.0172,0.2692,0.0065,0.0633,8.2538
08:35:53.914,4314.43,E 60 s / 60 s,7.2645,74.1,917504,4.99686,0.0031,0.4539,0.2499,0.4575,0.0032,0.0002,0.5422,0.0,0.5364,0.0059,0.0617,4.9505
08:35:55.922,4316.43,E 60 s / 60 s,10.2035,74.7,917504,4.9781,0.0031,0.3981,0.2507,0.4023,0.0008,0.0002,0.6156,0.0,0.2661,0.005,0.0688,8.1927
08:35:57.915,4318.43,E 60 s / 60 s,8.7594,75.2,917504,4.96068,0.0028,0.3528,0.2334,0.4427,0.0016,0.0,0.5897,0.0,0.5099,0.0042,0.0638,6.5584
08:35:59.919,4320.43,E 60 s / 60 s,9.9047,75.7,917504,4.92852,0.0028,0.4253,0.2866,0.4073,0.001,0.0,0.5423,0.0,0.2372,0.0056,0.0614,7.9352
08:36:01.916,4322.43,E 60 s / 60 s,9.4145,76.3,917504,4.88296,0.0027,0.3485,0.2313,0.4059,0.0004,0.0008,0.5524,0.0,0.3377,0.0092,0.0647,7.4608
08:36:03.924,4324.43,E 60 s / 60 s,9.7439,76.3,917504,4.94996,0.0027,0.4438,0.2849,0.4347,0.0032,0.0002,0.5361,0.0,0.3348,0.0126,0.0689,7.622
08:36:05.916,4326.43,E 60 s / 60 s,10.1967,78.5,917504,4.85616,0.0025,0.3454,0.2317,0.3901,0.0016,0.0002,0.5853,0.0,0.0764,0.0009,0.0645,8.4981
08:36:07.919,4328.43,E 60 s / 60 s,9.7643,77.9,917504,4.958,0.0033,0.3215,0.2852,0.4337,0.0006,0.0002,0.5592,0.0,0.1757,0.0059,0.0616,7.9174
08:36:09.919,4330.43,E 60 s / 60 s,9.2496,77.9,917504,4.96202,0.0033,0.3467,0.3489,0.3901,0.0016,0.0008,0.5132,0.0,0.0692,0.0097,0.0643,7.5019
08:36:11.920,4332.43,E 60 s / 60 s,9.4517,77.9,917504,5.01696,0.0032,0.4147,0.3531,0.3918,0.001,0.0002,0.5361,0.0,0.2438,0.0009,0.0621,7.4448
08:36:13.920,4334.43,E 60 s / 60 s,8.672,77.9,917504,4.92048,0.0027,0.4616,0.3526,0.4272,0.0004,0.0002,0.5365,0.0,0.4459,0.0083,0.0623,6.3743
08:36:15.917,4336.43,E 60 s / 60 s,6.6175,77.9,917504,5.09602,0.0031,0.2971,0.2843,0.3794,0.0006,0.0004,0.5183,0.0,0.0605,0.0,0.0619,5.0119
08:36:17.922,4338.43,E 60 s / 60 s,8.7417,78.5,917504,4.86554,0.0031,0.3958,0.2327,0.4252,0.0008,0.0004,0.5946,0.0,0.4755,0.0086,0.0651,6.54
08:36:19.923,4340.43,E 60 s / 60 s,10.1987,79.6,917504,4.9647,0.0034,0.3463,0.3513,0.4255,0.001,0.0004,0.5183,0.0,0.4492,0.0,0.0609,8.0423
08:36:21.930,4342.44,E 60 s / 60 s,7.0244,77.9,917504,4.90976,0.0033,0.4384,0.3502,0.4408,0.0012,0.0002,0.5436,0.0,0.336,0.0154,0.0636,4.8316
08:36:23.928,4344.44,E 60 s / 60 s,9.2919,80.1,917504,4.94728,0.0031,0.3218,0.2825,0.3901,0.0006,0.0002,0.5229,0.0,0.1977,0.0062,0.0613,7.5055
08:36:25.928,4346.44,E 60 s / 60 s,7.3988,79.6,917504,4.97408,0.0028,0.4451,0.2477,0.4267,0.0008,0.0004,0.5335,0.0068,0.3372,0.0026,0.0642,5.3309
08:36:27.931,4348.44,E 60 s / 60 s,8.3034,79.6,917504,4.90708,0.0032,0.4803,0.3511,0.4181,0.0016,0.0002,0.5415,0.0171,0.4074,0.0021,0.0604,6.0203
08:36:29.927,4350.44,E 60 s / 60 s,9.9104,80.1,917504,4.9781,0.0033,0.3427,0.2824,0.4248,0.0008,0.0008,0.507,0.0,0.2927,0.0083,0.0637,7.9838
08:36:31.932,4352.44,E 60 s / 60 s,8.4955,80.1,917504,4.88832,0.0031,0.419,0.3438,0.4094,0.0004,0.0002,0.5293,0.0069,0.1993,0.0032,0.0615,6.5194
08:36:33.931,4354.44,E 60 s / 60 s,9.9635,79.6,917504,4.89368,0.0034,0.3462,0.223,0.4301,0.0004,0.0002,0.5301,0.0,0.509,0.0082,0.0602,7.8526
08:36:35.931,4356.44,E 60 s / 60 s,7.6007,79.0,917504,5.09066,0.0031,0.344,0.3492,0.3928,0.0016,0.0002,0.5075,0.0035,0.3115,0.0,0.0642,5.6231
08:36:37.935,4358.44,E 60 s / 60 s,8.5298,81.2,917504,5.0116,0.0033,0.3647,0.2466,0.4135,0.0018,0.0002,0.5164,0.0068,0.3025,0.0029,0.0619,6.6091
08:36:39.935,4360.44,E 60 s / 60 s,7.4716,81.2,917504,4.89234,0.0032,0.3327,0.2486,0.4195,0.0008,0.0002,0.5131,0.0,0.25,0.0062,0.0589,5.6384
08:36:41.939,4362.44,E 60 s / 60 s,8.3413,80.1,917504,4.89368,0.0032,0.394,0.235,0.4433,0.0016,0.0008,0.5295,0.0171,0.5017,0.0112,0.0631,6.1408
08:36:43.931,4364.44,E 60 s / 60 s,3.4738,74.7,917504,5.09066,0.0031,0.297,0.2221,0.3865,0.0008,0.0,0.5393,0.0105,0.0573,0.0,0.0624,1.8947
08:36:45.931,4366.44,E 60 s / 60 s,3.4612,69.7,917504,5.0987,0.0027,0.2981,0.3385,0.3801,0.0016,0.0002,0.5584,0.0,0.0302,0.0,0.0642,1.7872
08:36:47.931,4368.44,E 60 s / 60 s,3.2095,68.1,917504,5.0987,0.0033,0.2766,0.2242,0.3801,0.0012,0.0008,0.5073,0.007,0.026,0.0,0.0644,1.7185
08:36:49.931,4370.44,E 60 s / 60 s,2.6778,64.8,917504,5.12818,0.0031,0.3871,0.2858,0.3661,0.001,0.0002,0.5333,0.0,0.0346,0.0,0.0641,1.0025
08:36:51.931,4372.44,E 60 s / 60 s,2.4621,63.1,917504,5.13622,0.0031,0.2797,0.2221,0.3672,0.001,0.0002,0.5426,0.0,0.0259,0.0,0.0683,0.9518
08:36:53.932,4374.44,E 60 s / 60 s,2.5382,62.6,917504,5.12818,0.0027,0.3492,0.2521,0.3706,0.0016,0.0002,0.5358,0.0,0.0313,0.0,0.069,0.9257
08:36:55.932,4376.44,E 60 s / 60 s,2.4195,60.9,917504,5.14024,0.0026,0.3006,0.2259,0.3627,0.0008,0.0002,0.5358,0.0,0.0216,0.0,0.0679,0.9014
08:36:57.932,4378.44,E 60 s / 60 s,2.5112,60.4,917504,5.1389,0.0027,0.3014,0.225,0.3777,0.0016,0.0,0.5931,0.0,0.039,0.0,0.0647,0.9061
08:36:59.932,4380.44,E 60 s / 60 s,2.4075,59.3,917504,5.13622,0.0027,0.2811,0.2346,0.3626,0.0006,0.0004,0.5202,0.0,0.041,0.0,0.0704,0.8939
08:37:01.932,4382.44,E 60 s / 60 s,2.6147,59.3,917504,5.14024,0.0029,0.3731,0.3576,0.3697,0.0008,0.0004,0.5107,0.0,0.0411,0.0,0.0648,0.8936
08:37:03.932,4384.44,E 60 s / 60 s,2.4578,58.7,917504,5.13488,0.0027,0.289,0.2497,0.3608,0.0008,0.0002,0.5692,0.0035,0.0249,0.0,0.0691,0.8878
08:37:05.932,4386.44,E 60 s / 60 s,2.466,58.2,917504,5.13488,0.0029,0.3135,0.2349,0.3643,0.0008,0.0004,0.5724,0.0,0.0324,0.0,0.0704,0.874
08:37:07.932,4388.44,E 60 s / 60 s,2.4993,58.2,917504,5.12148,0.0028,0.3013,0.3542,0.3599,0.0016,0.0004,0.5067,0.0106,0.0314,0.0,0.0684,0.8618
08:37:09.932,4390.44,E 60 s / 60 s,2.4335,57.1,917504,5.1456,0.0033,0.2842,0.2701,0.3733,0.0018,0.0004,0.5248,0.0106,0.0345,0.0,0.0691,0.8614
08:37:11.932,4392.44,E 60 s / 60 s,2.54,57.1,917504,5.14292,0.0029,0.3015,0.3554,0.3665,0.002,0.0004,0.541,0.0141,0.0259,0.0,0.0684,0.8618
08:37:13.932,4394.44,E 60 s / 60 s,2.3625,57.6,917504,5.1322,0.0031,0.2808,0.2515,0.3635,0.0002,0.0,0.5101,0.0,0.0291,0.0,0.0685,0.8557
08:37:15.932,4396.44,E 60 s / 60 s,2.3735,57.1,917504,5.1322,0.0031,0.2796,0.2253,0.3688,0.0016,0.0002,0.5326,0.0035,0.04,0.0,0.0704,0.8483
08:37:17.932,4398.45,E 60 s / 60 s,2.5326,54.9,917504,5.14158,0.0029,0.3642,0.2886,0.3649,0.0006,0.0004,0.5406,0.0106,0.0291,0.0,0.0693,0.8614
08:37:19.932,4400.45,E 60 s / 60 s,2.407,56.5,917504,5.13756,0.0033,0.2816,0.2858,0.3724,0.0002,0.0,0.5003,0.0,0.0292,0.0,0.0716,0.8627
08:37:21.933,4402.45,E 60 s / 60 s,2.5742,56.5,917504,5.1456,0.0028,0.2814,0.3219,0.3619,0.0008,0.0,0.6649,0.0,0.0292,0.0,0.0685,0.8428
08:37:23.933,4404.45,E 60 s / 60 s,2.5066,56.0,917504,5.13354,0.0027,0.3037,0.3406,0.3724,0.0016,0.0,0.5125,0.0035,0.0281,0.0,0.0724,0.8692
08:37:25.933,4406.45,E 60 s / 60 s,2.3531,56.0,917504,5.1456,0.003,0.2847,0.2359,0.3679,0.0004,0.0002,0.5139,0.0,0.0345,0.0,0.0699,0.8428
08:37:27.933,4408.45,E 60 s / 60 s,2.4985,56.0,917504,5.14158,0.003,0.3283,0.2367,0.3707,0.0016,0.0,0.5931,0.0141,0.0291,0.0,0.0729,0.8489
08:37:29.933,4410.45,E 60 s / 60 s,2.4658,56.0,917504,5.13622,0.0028,0.3039,0.3403,0.3668,0.0008,0.0,0.5102,0.0,0.0271,0.0,0.0705,0.8434
08:37:31.933,4412.45,E 60 s / 60 s,2.4384,54.9,917504,5.13488,0.0031,0.3038,0.2897,0.3637,0.0016,0.0002,0.5157,0.0071,0.0347,0.0,0.0699,0.8489
08:37:33.933,4414.45,E 60 s / 60 s,2.4969,56.0,917504,5.14292,0.0028,0.3667,0.2887,0.3668,0.0008,0.0004,0.5383,0.0,0.0292,0.0,0.068,0.8351
08:37:35.933,4416.45,E 60 s / 60 s,2.3864,54.3,917504,5.1456,0.003,0.2799,0.319,0.3679,0.0004,0.0002,0.501,0.0035,0.0184,0.0,0.0699,0.8232
08:37:37.933,4418.45,E 60 s / 60 s,2.3182,55.4,917504,5.15096,0.0027,0.2792,0.2219,0.3653,0.0016,0.0,0.5353,0.0,0.0238,0.0,0.0717,0.8168
08:37:39.933,4420.45,E 60 s / 60 s,2.415,54.9,917504,5.13354,0.0031,0.354,0.253,0.3643,0.0018,0.0,0.5326,0.0,0.026,0.0,0.0699,0.8103
08:37:41.933,4422.45,E 60 s / 60 s,2.4482,54.9,917504,5.1456,0.0029,0.2788,0.3537,0.365,0.001,0.0004,0.5231,0.0,0.026,0.0,0.0673,0.8299
08:37:43.934,4424.45,E 60 s / 60 s,9.5688,62.0,917504,4.92718,0.0027,0.3301,0.2326,0.3918,0.0016,0.0002,0.5751,0.0,0.2131,0.0015,0.0709,7.7491
08:37:45.936,4426.45,E 60 s / 60 s,8.5925,65.9,917504,4.99552,0.0029,0.3504,0.3459,0.4362,0.0016,0.0002,0.5293,0.0034,0.4879,0.0159,0.0661,6.3526
08:37:47.936,4428.45,E 60 s / 60 s,9.68,70.3,917504,4.88162,0.0027,0.3523,0.2325,0.422,0.0002,0.0004,0.5939,0.0,0.3363,0.008,0.0672,7.6646
08:37:49.939,4430.45,E 60 s / 60 s,8.5622,69.7,917504,5.00758,0.0032,0.398,0.3512,0.4397,0.0016,0.0,0.541,0.0,0.2644,0.0056,0.0623,6.4951
08:37:51.942,4432.45,E 60 s / 60 s,9.8033,73.6,917504,4.90038,0.0031,0.3409,0.3796,0.4074,0.0,0.0002,0.5866,0.0,0.2672,0.005,0.0667,7.7467
08:37:53.942,4434.45,E 60 s / 60 s,10.2279,73.6,917504,4.92048,0.0027,0.3495,0.3793,0.403,0.0004,0.0008,0.5745,0.0,0.4351,0.0,0.0682,8.0145
08:37:55.935,4436.45,E 60 s / 60 s,9.5203,73.0,917504,4.88832,0.0032,0.4001,0.3471,0.409,0.0006,0.0,0.5196,0.0,0.2504,0.0003,0.0616,7.5284
08:37:57.935,4438.45,E 60 s / 60 s,6.515,74.7,917504,4.89234,0.0031,0.398,0.2247,0.4583,0.0012,0.0002,0.5261,0.0,0.4913,0.0107,0.0677,4.3338
08:37:59.939,4440.45,E 60 s / 60 s,8.0194,75.2,917504,4.9848,0.0032,0.4001,0.3499,0.4073,0.001,0.0002,0.5066,0.0,0.2811,0.0124,0.0639,5.9937
08:38:01.940,4442.45,E 60 s / 60 s,10.0187,76.8,917504,4.88698,0.0029,0.3471,0.3471,0.4116,0.0002,0.0008,0.5077,0.0,0.3333,0.0059,0.063,7.9991
08:38:03.935,4444.45,E 60 s / 60 s,9.9136,76.8,917504,4.8776,0.003,0.2878,0.2489,0.4232,0.0016,0.0008,0.5132,0.0068,0.3687,0.0148,0.0616,7.9831
08:38:05.935,4446.45,E 60 s / 60 s,10.1809,76.8,917504,4.87626,0.0029,0.4005,0.2231,0.4252,0.0008,0.0002,0.5942,0.0,0.4551,0.0139,0.0658,7.9993
08:38:07.939,4448.45,E 60 s / 60 s,7.7373,77.4,917504,4.88296,0.0031,0.2988,0.2486,0.4238,0.001,0.0002,0.5377,0.0035,0.1995,0.0009,0.0623,5.9579
08:38:09.939,4450.45,E 60 s / 60 s,10.1539,77.4,917504,4.88698,0.0033,0.384,0.2501,0.4287,0.0018,0.0002,0.5423,0.0035,0.301,0.0141,0.0654,8.1596
08:38:11.940,4452.45,E 60 s / 60 s,6.7144,76.8,917504,4.90976,0.0031,0.4717,0.2822,0.4304,0.0024,0.0008,0.5296,0.0,0.4411,0.0104,0.062,4.4807
08:38:13.939,4454.45,E 60 s / 60 s,9.1057,79.0,917504,4.86956,0.0033,0.4772,0.3502,0.3991,0.0018,0.0002,0.5344,0.0102,0.1984,0.0018,0.0631,7.0661
08:38:15.943,4456.45,E 60 s / 60 s,8.4241,79.0,917504,4.92316,0.0035,0.3465,0.2475,0.4058,0.0016,0.0008,0.5388,0.0,0.2383,0.0062,0.0643,6.5707
08:38:17.939,4458.45,E 60 s / 60 s,10.153,79.6,917504,4.99552,0.003,0.3464,0.2313,0.4065,0.0,0.0008,0.5768,0.0,0.0905,0.0003,0.0652,8.4323
08:38:19.939,4460.45,E 60 s / 60 s,10.0484,79.6,917504,4.88698,0.0031,0.3955,0.2311,0.4257,0.0006,0.0002,0.5815,0.0034,0.1023,0.0062,0.0658,8.233
08:38:21.939,4462.45,E 60 s / 60 s,8.2886,77.9,917504,4.92986,0.0035,0.3785,0.2413,0.3924,0.0,0.0004,0.5368,0.0,0.1971,0.0059,0.066,6.4666
08:38:23.940,4464.45,E 60 s / 60 s,10.2788,79.6,917504,4.86152,0.0039,0.3976,0.2496,0.4073,0.0006,0.0002,0.5327,0.0,0.4074,0.0156,0.0633,8.2005
08:38:25.940,4466.45,E 60 s / 60 s,9.9098,79.6,917504,4.8709,0.0036,0.3205,0.2239,0.4024,0.0016,0.0002,0.5365,0.0,0.341,0.0,0.0633,8.0168
08:38:27.940,4468.45,E 60 s / 60 s,9.5772,79.0,917504,4.8642,0.0032,0.3263,0.2238,0.3915,0.0012,0.0002,0.5391,0.0,0.2705,0.0059,0.0632,7.7523
08:38:29.939,4470.45,E 60 s / 60 s,6.5717,77.9,917504,4.9781,0.0026,0.3456,0.229,0.4252,0.0016,0.0002,0.5939,0.0,0.4918,0.0127,0.0629,4.4062
08:38:31.941,4472.45,E 60 s / 60 s,10.0605,79.6,917504,5.00758,0.0029,0.393,0.352,0.4443,0.001,0.0,0.5329,0.0,0.2543,0.005,0.0613,8.0138
08:38:33.943,4474.45,E 60 s / 60 s,10.2577,79.6,917504,4.90842,0.0033,0.3687,0.3351,0.4384,0.0012,0.0004,0.5433,0.0,0.0734,0.0056,0.0615,8.4267
08:38:35.944,4476.45,E 60 s / 60 s,9.4886,80.1,917504,4.88698,0.0033,0.3944,0.2479,0.439,0.001,0.0008,0.6238,0.0,0.3632,0.0127,0.0634,7.3391
08:38:37.945,4478.45,E 60 s / 60 s,8.044,80.1,917504,5.00222,0.0032,0.3424,0.2273,0.4089,0.0012,0.0008,0.5911,0.031,0.2054,0.0127,0.066,6.1541
08:38:39.943,4480.45,E 60 s / 60 s,8.2585,79.6,917504,4.97274,0.0027,0.3203,0.3466,0.4146,0.0012,0.0004,0.5103,0.0,0.3394,0.0006,0.0615,6.261
08:38:41.943,4482.45,E 60 s / 60 s,9.668,79.0,917504,4.98882,0.0033,0.3484,0.2303,0.4357,0.0032,0.0008,0.5393,0.0102,0.1415,0.0095,0.0602,7.8856
08:38:43.939,4484.45,E 60 s / 60 s,3.5511,74.1,917504,5.09736,0.0031,0.2963,0.3513,0.3848,0.0016,0.0002,0.5059,0.0,0.0584,0.0,0.0636,1.8859
08:38:45.939,4486.45,E 60 s / 60 s,3.4866,69.7,917504,5.0987,0.0029,0.3109,0.2345,0.3749,0.0016,0.0,0.5913,0.0,0.0271,0.0,0.0639,1.8795
08:38:47.939,4488.45,E 60 s / 60 s,3.3544,67.0,917504,5.11344,0.0029,0.2975,0.3197,0.3777,0.0014,0.0002,0.5261,0.0,0.0411,0.0,0.0693,1.7185
08:38:49.940,4490.45,E 60 s / 60 s,2.6671,63.7,917504,5.12818,0.0031,0.3511,0.2842,0.3654,0.0034,0.0002,0.5837,0.007,0.0336,0.0,0.0647,0.9707
08:38:51.940,4492.45,E 60 s / 60 s,2.616,62.0,917504,5.12148,0.0028,0.2997,0.3552,0.372,0.0008,0.0002,0.5196,0.0035,0.0585,0.0,0.0647,0.9389
08:38:53.940,4494.45,E 60 s / 60 s,2.4574,61.5,917504,5.14024,0.0031,0.2831,0.225,0.3615,0.0012,0.0002,0.5361,0.0035,0.0476,0.0,0.0697,0.9261
08:38:55.940,4496.45,E 60 s / 60 s,2.6415,60.4,917504,5.12148,0.0032,0.3762,0.2879,0.365,0.001,0.0004,0.5946,0.0106,0.0367,0.0,0.0654,0.9004
08:38:57.940,4498.45,E 60 s / 60 s,2.4326,59.3,917504,5.13086,0.003,0.2801,0.2845,0.3617,0.0016,0.0002,0.4996,0.0106,0.0292,0.0,0.0673,0.8946
08:38:59.940,4500.45,E 60 s / 60 s,2.4232,58.7,917504,5.14694,0.0031,0.3018,0.2276,0.3672,0.0016,0.0,0.5358,0.0071,0.0271,0.0,0.0647,0.8872
08:39:01.940,4502.45,E 60 s / 60 s,2.6116,58.2,917504,5.13354,0.0028,0.3767,0.3578,0.3632,0.0012,0.0004,0.5302,0.0,0.0325,0.0,0.0648,0.882
08:39:03.940,4504.45,E 60 s / 60 s,2.5349,58.7,917504,5.13488,0.0031,0.3012,0.3558,0.3637,0.0012,0.0004,0.5254,0.0035,0.028,0.0,0.0705,0.882
08:39:05.940,4506.45,E 60 s / 60 s,2.4399,58.2,917504,5.14158,0.0031,0.3018,0.2242,0.3668,0.0008,0.0004,0.5651,0.0,0.0431,0.0,0.0729,0.8618
08:39:07.940,4508.45,E 60 s / 60 s,2.5226,57.1,917504,5.12952,0.0034,0.3028,0.3514,0.3703,0.0016,0.0004,0.5229,0.0142,0.0303,0.0,0.0697,0.8557
08:39:09.940,4510.45,E 60 s / 60 s,2.3727,56.5,917504,5.1456,0.0025,0.2771,0.2515,0.3626,0.0016,0.0004,0.5164,0.0106,0.0282,0.0,0.0729,0.8489
08:39:11.940,4512.45,E 60 s / 60 s,3.0932,56.0,917504,5.13354,0.003,0.3148,0.2367,0.3684,0.0004,0.0002,0.5862,0.0,0.039,0.0,0.0654,1.4792
08:39:13.940,4514.45,E 60 s / 60 s,2.4991,56.5,917504,5.13354,0.003,0.3019,0.3226,0.3755,0.0008,0.0,0.5358,0.0035,0.039,0.0,0.068,0.8489
08:39:15.940,4516.45,E 60 s / 60 s,2.38,56.5,917504,5.1389,0.0031,0.3026,0.2204,0.3735,0.0002,0.0004,0.5368,0.0106,0.0238,0.0,0.0728,0.8357
08:39:17.941,4518.45,E 60 s / 60 s,2.5601,55.4,917504,5.14292,0.0031,0.3777,0.2883,0.3664,0.0032,0.0,0.5777,0.0,0.0205,0.0,0.0736,0.8495
08:39:19.945,4520.45,E 60 s / 60 s,2.4315,55.4,917504,5.13488,0.0031,0.3051,0.2849,0.3631,0.0004,0.0004,0.5231,0.0106,0.0281,0.0,0.0692,0.8434
08:39:21.941,4522.45,E 60 s / 60 s,2.3983,55.4,917504,5.14828,0.0028,0.3054,0.2259,0.3661,0.0004,0.0002,0.541,0.0,0.028,0.0,0.0666,0.8618
08:39:23.941,4524.45,E 60 s / 60 s,2.5812,54.3,917504,5.13354,0.0026,0.3677,0.3578,0.369,0.0016,0.0,0.5317,0.0036,0.0194,0.0,0.0661,0.8618
08:39:25.941,4526.45,E 60 s / 60 s,2.3792,55.4,917504,5.1456,0.0026,0.2757,0.2889,0.367,0.0016,0.0002,0.5422,0.0035,0.0184,0.0,0.0686,0.8103
08:39:27.941,4528.45,E 60 s / 60 s,2.4177,54.3,917504,5.14694,0.0025,0.3049,0.2385,0.365,0.0008,0.0,0.6002,0.0035,0.0259,0.0,0.0661,0.8103
08:39:29.941,4530.45,E 60 s / 60 s,2.5372,54.3,917504,5.1389,0.0029,0.3793,0.3402,0.3661,0.0004,0.0002,0.5104,0.0,0.041,0.0,0.0666,0.8299
08:39:31.941,4532.45,E 60 s / 60 s,2.3379,53.8,917504,5.1456,0.0031,0.2796,0.2272,0.3706,0.0032,0.0,0.5415,0.0035,0.0227,0.0,0.0699,0.8164
08:39:33.941,4534.45,E 60 s / 60 s,2.4772,54.3,917504,5.13354,0.0027,0.3567,0.2901,0.367,0.0004,0.0,0.5422,0.0,0.0249,0.0,0.07,0.8232
08:39:35.941,4536.45,E 60 s / 60 s,2.504,54.3,917504,5.14158,0.0029,0.3679,0.287,0.3643,0.0016,0.0002,0.5395,0.0,0.041,0.0,0.0705,0.829
08:39:37.941,4538.45,E 60 s / 60 s,2.3775,54.3,917504,5.14962,0.0025,0.2801,0.2209,0.3654,0.0016,0.0,0.5939,0.0071,0.0388,0.0,0.0691,0.7981
08:39:39.941,4540.45,E 60 s / 60 s,2.4284,54.9,917504,5.14694,0.0031,0.3035,0.2385,0.3666,0.0,0.0002,0.621,0.0035,0.0205,0.0,0.0673,0.8042
08:39:41.942,4542.45,E 60 s / 60 s,2.4766,53.2,917504,5.14158,0.0027,0.3554,0.254,0.3651,0.001,0.0004,0.5878,0.0,0.0334,0.0,0.0661,0.8106
08:39:43.943,4544.45,E 60 s / 60 s,8.2884,59.8,917504,5.00624,0.0029,0.4526,0.2533,0.4455,0.0004,0.0,0.5459,0.0207,0.5039,0.0103,0.0668,5.9861
08:39:45.947,4546.45,E 60 s / 60 s,5.305,64.8,917504,4.97408,0.0029,0.402,0.234,0.4337,0.0006,0.0002,0.608,0.0,0.4901,0.0101,0.0684,3.0551
08:39:47.943,4548.45,E 60 s / 60 s,7.8824,68.6,917504,4.99552,0.0029,0.4005,0.3393,0.4007,0.0008,0.0002,0.5394,0.0103,0.2086,0.0035,0.0662,5.9101
08:39:49.943,4550.45,E 60 s / 60 s,8.4378,69.2,917504,4.96872,0.0032,0.4011,0.2339,0.4076,0.0016,0.0,0.5784,0.0,0.1297,0.0012,0.0649,6.6162
08:39:51.943,4552.45,E 60 s / 60 s,9.7483,71.4,917504,4.88966,0.0032,0.3754,0.2328,0.4186,0.0004,0.0008,0.5353,0.0035,0.231,0.0035,0.0641,7.8796
08:39:53.944,4554.45,E 60 s / 60 s,7.3902,71.9,917504,4.92986,0.0028,0.3621,0.2491,0.4589,0.0004,0.0008,0.5207,0.0,0.3838,0.0039,0.0623,5.3455
08:39:55.943,4556.45,E 60 s / 60 s,9.481,73.6,917504,4.97408,0.0028,0.339,0.222,0.3806,0.0012,0.0002,0.5518,0.0,0.0752,0.0047,0.0656,7.8379
08:39:57.948,4558.46,E 60 s / 60 s,10.2105,73.0,917504,4.99686,0.0029,0.386,0.2849,0.441,0.0008,0.0004,0.5845,0.0,0.4726,0.0,0.0667,7.9708
08:39:59.949,4560.46,E 60 s / 60 s,9.9514,74.7,917504,4.9044,0.003,0.501,0.2232,0.4047,0.0004,0.0004,0.5479,0.0103,0.2892,0.0044,0.0646,7.9021
08:40:01.947,4562.46,E 60 s / 60 s,9.4424,74.7,917504,5.01428,0.0029,0.3215,0.222,0.432,0.0004,0.0002,0.591,0.0,0.2647,0.0047,0.0685,7.5344
08:40:03.948,4564.46,E 60 s / 60 s,9.6752,75.2,917504,5.0116,0.0035,0.4492,0.2253,0.4149,0.0016,0.0,0.539,0.0207,0.3701,0.0056,0.0668,7.5785
08:40:05.947,4566.46,E 60 s / 60 s,6.412,75.2,917504,4.9312,0.0028,0.4743,0.3451,0.4621,0.0008,0.0008,0.5035,0.0034,0.1995,0.0177,0.0645,4.3374
08:40:07.947,4568.46,E 60 s / 60 s,9.8203,75.7,917504,4.86688,0.0029,0.3496,0.2328,0.434,0.0012,0.0002,0.5879,0.0,0.4027,0.0154,0.0681,7.7255
08:40:09.947,4570.46,E 60 s / 60 s,6.9363,76.3,917504,4.99954,0.0037,0.3993,0.2302,0.4068,0.0008,0.0004,0.5951,0.0,0.2698,0.0056,0.0645,4.9601
08:40:11.946,4572.46,E 60 s / 60 s,8.9726,75.2,917504,5.092,0.0031,0.3967,0.3536,0.4619,0.0006,0.0002,0.5395,0.0,0.2552,0.0107,0.0673,6.8837
08:40:13.952,4574.46,E 60 s / 60 s,9.7426,78.5,917504,4.8776,0.0031,0.4226,0.2823,0.4194,0.0006,0.0,0.5391,0.0,0.4882,0.0056,0.0644,7.5173
08:40:15.951,4576.46,E 60 s / 60 s,10.2928,77.4,917504,4.88832,0.0037,0.3942,0.3196,0.4301,0.0002,0.0008,0.5333,0.0,0.1402,0.0033,0.0636,8.4038
08:40:17.951,4578.46,E 60 s / 60 s,6.6709,76.8,917504,4.89904,0.0036,0.4598,0.3204,0.4146,0.0,0.0004,0.551,0.0,0.4016,0.0056,0.0645,4.4493
08:40:19.951,4580.46,E 60 s / 60 s,7.44,77.4,917504,4.97408,0.0028,0.3714,0.2499,0.4141,0.0012,0.0,0.5204,0.0104,0.4217,0.013,0.0658,5.3693
08:40:21.951,4582.46,E 60 s / 60 s,10.253,77.9,917504,4.99552,0.0027,0.3595,0.2317,0.4111,0.0012,0.0008,0.5621,0.0,0.4065,0.0132,0.0687,8.1953
08:40:23.955,4584.46,E 60 s / 60 s,9.9092,77.4,917504,4.86688,0.0031,0.3967,0.2317,0.4008,0.0018,0.0,0.5844,0.0,0.2,0.0003,0.0659,8.0244
08:40:25.955,4586.46,E 60 s / 60 s,8.4415,78.5,917504,4.89502,0.003,0.4585,0.3503,0.4217,0.002,0.0008,0.5069,0.0,0.4659,0.0113,0.0633,6.1579
08:40:27.956,4588.46,E 60 s / 60 s,10.2418,78.5,917504,4.96202,0.0027,0.3446,0.2311,0.4213,0.0012,0.0004,0.5931,0.0,0.4727,0.0053,0.0639,8.1055
08:40:29.955,4590.46,E 60 s / 60 s,8.477,78.5,917504,4.96202,0.0031,0.421,0.2322,0.4498,0.0006,0.0002,0.5849,0.0,0.3702,0.0136,0.0638,6.3376
08:40:31.956,4592.46,E 60 s / 60 s,5.5024,78.5,917504,4.97408,0.0029,0.3715,0.3536,0.4269,0.0016,0.0008,0.5423,0.0,0.4684,0.0071,0.0653,3.2618
08:40:33.954,4594.46,E 60 s / 60 s,10.2603,79.6,917504,4.89904,0.003,0.394,0.3533,0.3985,0.0004,0.0,0.5618,0.0,0.2341,0.0036,0.0627,8.2488
08:40:35.955,4596.46,E 60 s / 60 s,7.2055,79.0,917504,4.86956,0.0033,0.3959,0.3524,0.4212,0.0004,0.0004,0.5338,0.0,0.3345,0.0044,0.0647,5.0943
08:40:37.955,4598.46,E 60 s / 60 s,8.4739,78.5,917504,5.0049,0.0031,0.346,0.2329,0.4586,0.0032,0.0002,0.5624,0.0068,0.4778,0.0003,0.0619,6.3206
08:40:39.960,4600.46,E 60 s / 60 s,9.6605,77.9,917504,4.9312,0.0031,0.4651,0.2455,0.4273,0.0002,0.0008,0.5797,0.0034,0.4047,0.0109,0.063,7.4567
08:40:41.956,4602.46,E 60 s / 60 s,10.3018,78.5,917504,4.96068,0.0031,0.4179,0.3527,0.4131,0.0018,0.0,0.581,0.0,0.231,0.0048,0.0629,8.2336
08:40:43.956,4604.46,E 60 s / 60 s,3.4346,74.7,917504,5.09468,0.0031,0.2978,0.2253,0.3679,0.001,0.0002,0.5136,0.0,0.0259,0.0,0.0674,1.9323
08:40:45.952,4606.46,E 60 s / 60 s,3.2803,68.6,917504,5.10674,0.0031,0.2826,0.2362,0.3777,0.0004,0.0008,0.5151,0.007,0.0313,0.0,0.0688,1.7572
08:40:47.952,4608.47,E 60 s / 60 s,3.2449,66.4,917504,5.10808,0.0029,0.2996,0.2468,0.3756,0.0008,0.0004,0.542,0.0,0.0238,0.0,0.0645,1.6885
08:40:49.952,4610.47,E 60 s / 60 s,2.4593,64.2,917504,5.12148,0.0029,0.2802,0.2367,0.3652,0.0016,0.0006,0.51,0.0,0.0303,0.0,0.0671,0.9647
08:40:51.953,4612.47,E 60 s / 60 s,2.5888,61.5,917504,5.14024,0.0029,0.3504,0.2537,0.3701,0.0006,0.0004,0.5756,0.0,0.0335,0.0,0.0697,0.9318
08:40:53.953,4614.47,E 60 s / 60 s,2.5694,60.9,917504,5.12818,0.0028,0.2998,0.3586,0.3627,0.0016,0.0,0.5329,0.0,0.0336,0.0,0.0642,0.9132
08:40:55.953,4616.47,E 60 s / 60 s,2.5372,59.8,917504,5.1255,0.0028,0.3,0.3537,0.3626,0.0002,0.0004,0.5131,0.0071,0.0291,0.0,0.068,0.9004
08:40:57.953,4618.47,E 60 s / 60 s,2.5631,59.3,917504,5.14024,0.0028,0.3507,0.2535,0.3804,0.0018,0.0004,0.5879,0.0,0.0291,0.0,0.0693,0.8872
08:40:59.953,4620.47,E 60 s / 60 s,2.5513,58.7,917504,5.12818,0.0031,0.302,0.3553,0.3643,0.0006,0.0004,0.5336,0.0035,0.0313,0.0,0.0692,0.8878
08:41:01.953,4622.47,E 60 s / 60 s,2.3862,57.6,917504,5.14024,0.0026,0.277,0.2421,0.3643,0.0012,0.0002,0.5365,0.0035,0.0281,0.0,0.0685,0.8621
08:41:03.953,4624.47,E 60 s / 60 s,2.408,57.6,917504,5.13756,0.0029,0.3012,0.2259,0.3645,0.0008,0.0004,0.5648,0.0035,0.0303,0.0,0.0647,0.8489
08:41:05.953,4626.47,E 60 s / 60 s,2.4698,57.1,917504,5.13354,0.0027,0.3041,0.3479,0.3679,0.0004,0.0002,0.4945,0.0,0.0292,0.0,0.0666,0.8563
08:41:07.957,4628.47,E 60 s / 60 s,2.4268,56.5,917504,5.13622,0.0026,0.3055,0.2867,0.3644,0.0002,0.0004,0.5132,0.0071,0.0292,0.0,0.0686,0.8489
08:41:09.953,4630.47,E 60 s / 60 s,2.5579,56.5,917504,5.12282,0.0028,0.3765,0.3214,0.3643,0.0012,0.0004,0.5236,0.0106,0.04,0.0,0.0678,0.8492
08:41:11.953,4632.47,E 60 s / 60 s,2.4559,56.5,917504,5.1456,0.003,0.3018,0.2242,0.3707,0.0002,0.0004,0.5327,0.0,0.0325,0.0,0.0715,0.9189
08:41:13.953,4634.47,E 60 s / 60 s,2.4448,56.0,917504,5.14158,0.003,0.3004,0.2536,0.365,0.0002,0.0004,0.5886,0.0035,0.027,0.0,0.0666,0.8364
08:41:15.953,4636.47,E 60 s / 60 s,2.5815,54.9,917504,5.14024,0.0029,0.3769,0.3589,0.3634,0.001,0.0,0.5356,0.0,0.0335,0.0,0.0659,0.8434
08:41:17.954,4638.47,E 60 s / 60 s,2.7932,54.9,917504,5.13622,0.0028,0.3278,0.2361,0.3725,0.0016,0.0004,0.5393,0.0071,0.0259,0.0,0.0653,1.2144
08:41:19.954,4640.47,E 60 s / 60 s,2.4452,55.4,917504,5.14694,0.0029,0.2801,0.2251,0.3738,0.0008,0.0,0.5429,0.0035,0.1228,0.0,0.0697,0.8235
08:41:21.954,4642.47,E 60 s / 60 s,2.5524,54.9,917504,5.14292,0.0026,0.3523,0.356,0.3696,0.0018,0.0,0.5326,0.0107,0.0377,0.0,0.066,0.8232
08:41:23.954,4644.47,E 60 s / 60 s,2.3592,54.9,917504,5.14024,0.003,0.2765,0.252,0.3679,0.0004,0.0002,0.5171,0.0,0.0539,0.0,0.0711,0.8171
08:41:25.954,4646.47,E 60 s / 60 s,2.4155,54.9,917504,5.14292,0.0028,0.3041,0.2355,0.3684,0.0008,0.0004,0.5683,0.0035,0.0388,0.0,0.0686,0.8241
08:41:27.954,4648.47,E 60 s / 60 s,2.4592,54.9,917504,5.14292,0.0027,0.3047,0.3407,0.3619,0.0016,0.0004,0.5102,0.0,0.0369,0.0,0.0699,0.8302
08:41:29.954,4650.47,E 60 s / 60 s,2.4605,54.3,917504,5.1456,0.0027,0.3063,0.3569,0.3602,0.0,0.0002,0.5167,0.0035,0.0271,0.0,0.0699,0.8171
08:41:31.958,4652.47,E 60 s / 60 s,2.3703,54.3,917504,5.14962,0.0029,0.3059,0.2357,0.3654,0.0016,0.0004,0.5388,0.0142,0.0261,0.0,0.0755,0.8039
08:41:33.954,4654.47,E 60 s / 60 s,2.4764,54.3,917504,5.14292,0.0028,0.3038,0.3719,0.366,0.0012,0.0,0.5067,0.0036,0.0291,0.0,0.0673,0.8238
08:41:35.954,4656.47,E 60 s / 60 s,2.303,53.8,917504,5.14024,0.0025,0.2797,0.2247,0.3768,0.0006,0.0,0.5151,0.0,0.0291,0.0,0.07,0.8045
08:41:37.954,4658.47,E 60 s / 60 s,2.3277,53.2,917504,5.1456,0.0035,0.2791,0.2227,0.3667,0.0008,0.0004,0.5406,0.0071,0.038,0.0,0.0648,0.8039
08:41:39.954,4660.47,E 60 s / 60 s,2.3854,53.2,917504,5.14828,0.0028,0.3046,0.2352,0.372,0.001,0.0004,0.5724,0.0035,0.027,0.0,0.0698,0.7966
08:41:41.954,4662.47,E 60 s / 60 s,2.4456,53.8,917504,5.1456,0.0031,0.3051,0.348,0.3652,0.001,0.0,0.506,0.0036,0.0323,0.0,0.07,0.8112
08:41:43.955,4664.47,E 60 s / 60 s,8.5421,58.2,917504,4.92986,0.0031,0.3343,0.2863,0.4097,0.0004,0.0,0.5151,0.0,0.2391,0.0071,0.0668,6.6801
08:41:45.955,4666.47,E 60 s / 60 s,9.4129,64.8,917504,5.01026,0.0031,0.3972,0.3182,0.4141,0.0004,0.0002,0.5204,0.0,0.3167,0.0065,0.0663,7.3698
08:41:47.957,4668.47,E 60 s / 60 s,6.6925,67.0,917504,4.92852,0.0027,0.465,0.2844,0.4309,0.0016,0.0002,0.5473,0.0453,0.4668,0.0115,0.0647,4.3721
08:41:49.960,4670.47,E 60 s / 60 s,9.2033,69.2,917504,5.00356,0.0031,0.3518,0.2296,0.4185,0.0016,0.0008,0.5132,0.0103,0.3069,0.0062,0.0643,7.297
08:41:51.959,4672.47,E 60 s / 60 s,7.4935,71.4,917504,4.90708,0.0033,0.3319,0.3545,0.4266,0.0,0.0008,0.5622,0.0,0.4278,0.0027,0.0619,5.3218
08:41:53.959,4674.47,E 60 s / 60 s,7.6909,71.4,917504,4.90038,0.0031,0.4765,0.355,0.439,0.0004,0.0002,0.5456,0.0519,0.401,0.0104,0.0672,5.3406
08:41:55.964,4676.47,E 60 s / 60 s,9.343,72.5,917504,4.97944,0.0027,0.347,0.3503,0.4232,0.0012,0.0008,0.5455,0.0,0.2281,0.0044,0.0663,7.3736
08:41:57.959,4678.47,E 60 s / 60 s,10.0352,73.6,917504,5.02232,0.0029,0.4453,0.2815,0.4274,0.0008,0.0002,0.528,0.0,0.2678,0.0035,0.0632,8.0145
08:41:59.963,4680.47,E 60 s / 60 s,9.9637,74.7,917504,4.90038,0.0032,0.3449,0.2323,0.4127,0.0008,0.0002,0.581,0.0242,0.1975,0.0059,0.0625,8.0985
08:42:01.963,4682.47,E 60 s / 60 s,6.8773,74.7,917504,4.87626,0.0031,0.4497,0.346,0.3994,0.0012,0.0008,0.501,0.0,0.2052,0.0188,0.0623,4.8897
08:42:03.963,4684.47,E 60 s / 60 s,10.3799,75.7,917504,4.88832,0.0031,0.3943,0.2502,0.3994,0.0012,0.0008,0.5689,0.0,0.5062,0.0,0.0629,8.1929
08:42:05.964,4686.47,E 60 s / 60 s,6.9511,76.3,917504,5.02098,0.0035,0.4492,0.28,0.3998,0.0008,0.0,0.5391,0.0,0.3364,0.0053,0.0624,4.8744
08:42:07.964,4688.47,E 60 s / 60 s,6.5893,76.3,917504,4.88162,0.0027,0.3715,0.2318,0.4111,0.0016,0.0002,0.5329,0.0069,0.4397,0.0027,0.0625,4.5258
08:42:09.964,4690.47,E 60 s / 60 s,10.2492,77.4,917504,4.9513,0.0031,0.3981,0.23,0.4217,0.001,0.0002,0.5781,0.0,0.4097,0.0047,0.0663,8.1363
08:42:11.968,4692.48,E 60 s / 60 s,10.1904,76.8,917504,4.95532,0.0035,0.3337,0.2464,0.4052,0.0012,0.0002,0.5171,0.0,0.4063,0.0118,0.0645,8.2003
08:42:13.967,4694.48,E 60 s / 60 s,9.3867,77.4,917504,4.87626,0.0031,0.3222,0.2238,0.4052,0.0006,0.0008,0.5345,0.0,0.3362,0.0092,0.0667,7.4844
08:42:15.967,4696.48,E 60 s / 60 s,9.532,77.9,917504,4.88296,0.0032,0.4468,0.2501,0.4197,0.0008,0.0002,0.5358,0.0,0.3347,0.0122,0.0626,7.4661
08:42:17.968,4698.48,E 60 s / 60 s,7.1594,76.3,917504,4.9312,0.0031,0.3839,0.2303,0.4032,0.0008,0.0002,0.5199,0.0,0.1943,0.0068,0.0638,5.3531
08:42:19.969,4700.48,E 60 s / 60 s,8.3394,76.8,917504,4.98212,0.0035,0.4195,0.2524,0.4115,0.0004,0.0008,0.541,0.0,0.2188,0.0027,0.0673,6.4217
08:42:21.968,4702.48,E 60 s / 60 s,10.2283,79.6,917504,4.86554,0.0031,0.3442,0.2401,0.391,0.0004,0.0,0.5849,0.0034,0.2011,0.0083,0.0649,8.3869
08:42:23.967,4704.48,E 60 s / 60 s,7.1489,79.0,917504,4.98614,0.0031,0.4576,0.3427,0.4083,0.0016,0.0008,0.5003,0.0,0.2474,0.0077,0.0618,5.1176
08:42:25.967,4706.48,E 60 s / 60 s,6.7293,78.5,917504,4.88698,0.0031,0.3467,0.2239,0.4512,0.0008,0.0002,0.594,0.0034,0.2601,0.0059,0.062,4.7781
08:42:27.967,4708.48,E 60 s / 60 s,8.6082,78.5,917504,4.87626,0.0035,0.3706,0.3512,0.4336,0.0016,0.0004,0.521,0.0136,0.4771,0.0012,0.0597,6.3747
08:42:29.971,4710.48,E 60 s / 60 s,7.7514,77.4,917504,5.00356,0.0033,0.3942,0.2335,0.4238,0.0016,0.0002,0.5896,0.0,0.2662,0.0107,0.0659,5.7624
08:42:31.968,4712.48,E 60 s / 60 s,9.5131,79.0,917504,5.0116,0.0034,0.3442,0.3832,0.4142,0.0006,0.0002,0.5399,0.0,0.2323,0.0059,0.0653,7.5238
08:42:33.971,4714.48,E 60 s / 60 s,10.4877,79.6,917504,4.88162,0.0033,0.3186,0.2313,0.3959,0.0006,0.0002,0.5786,0.0034,0.4065,0.0,0.0632,8.4862
08:42:35.968,4716.48,E 60 s / 60 s,10.4735,78.5,917504,4.9848,0.0031,0.431,0.3515,0.4255,0.0008,0.0002,0.539,0.0204,0.473,0.0,0.0617,8.1673
08:42:37.973,4718.48,E 60 s / 60 s,8.3966,79.0,917504,4.90976,0.0034,0.4435,0.2293,0.424,0.0008,0.0004,0.5293,0.0,0.3405,0.0059,0.0633,6.3562
08:42:39.967,4720.48,E 60 s / 60 s,9.4901,79.6,917504,4.87626,0.0031,0.393,0.3348,0.4582,0.0032,0.0002,0.5365,0.0068,0.1625,0.0086,0.0607,7.5226
08:42:41.971,4722.48,E 60 s / 60 s,6.6639,79.0,917504,4.87626,0.0034,0.3683,0.2465,0.4212,0.0065,0.0002,0.5151,0.0068,0.2028,0.0047,0.0644,4.824
08:42:43.966,4724.48,E 60 s / 60 s,3.7744,75.2,917504,5.092,0.0032,0.3901,0.3382,0.3902,0.0012,0.0002,0.5584,0.0,0.0576,0.0,0.0635,1.9718
08:42:45.966,4726.48,E 60 s / 60 s,3.4848,69.7,917504,5.09602,0.0026,0.3498,0.251,0.379,0.0008,0.0008,0.617,0.007,0.0335,0.0,0.0696,1.7736
08:42:47.966,4728.48,E 60 s / 60 s,3.3379,67.0,917504,5.1121,0.0031,0.296,0.3515,0.3826,0.0032,0.0,0.5003,0.0105,0.0249,0.0,0.0631,1.7027
08:42:49.967,4730.48,E 60 s / 60 s,2.7888,63.7,917504,5.12818,0.0031,0.3731,0.3564,0.375,0.0012,0.0002,0.617,0.0,0.0271,0.0,0.0653,0.9704
08:42:51.967,4732.48,E 60 s / 60 s,2.5919,62.6,917504,5.13086,0.0029,0.3022,0.3461,0.36,0.0008,0.0002,0.539,0.0035,0.0302,0.0,0.0679,0.9389
08:42:53.967,4734.48,E 60 s / 60 s,2.559,60.9,917504,5.1389,0.0026,0.3749,0.2348,0.3667,0.0016,0.0004,0.5618,0.0071,0.0389,0.0,0.0697,0.9004
08:42:55.967,4736.48,E 60 s / 60 s,2.6679,60.9,917504,5.14024,0.0028,0.3918,0.2876,0.3719,0.0006,0.0004,0.6008,0.0,0.0389,0.0,0.0666,0.9064
08:42:57.967,4738.48,E 60 s / 60 s,2.5172,59.8,917504,5.12818,0.0029,0.3013,0.2849,0.3671,0.001,0.0002,0.5572,0.0035,0.0216,0.0,0.0703,0.9071
08:42:59.967,4740.48,E 60 s / 60 s,2.3995,58.7,917504,5.1322,0.0031,0.2882,0.2339,0.3666,0.0008,0.0002,0.5164,0.0,0.0335,0.0,0.0686,0.8882
08:43:01.967,4742.48,E 60 s / 60 s,2.5388,57.6,917504,5.14024,0.0031,0.3769,0.2883,0.3661,0.0002,0.0002,0.5327,0.0,0.0293,0.0,0.0672,0.8746
08:43:03.968,4744.48,E 60 s / 60 s,2.4762,57.6,917504,5.13488,0.0026,0.2837,0.287,0.367,0.0018,0.0004,0.5608,0.0106,0.0302,0.0,0.0696,0.8624
08:43:05.968,4746.48,E 60 s / 60 s,2.3913,57.1,917504,5.13354,0.0029,0.3004,0.227,0.3614,0.0006,0.0004,0.5358,0.0106,0.0281,0.0,0.0685,0.8553
08:43:07.968,4748.48,E 60 s / 60 s,2.5022,57.1,917504,5.14024,0.003,0.3517,0.2884,0.3627,0.0008,0.0004,0.5329,0.0,0.0554,0.0,0.0648,0.8422
08:43:09.968,4750.48,E 60 s / 60 s,2.4276,56.5,917504,5.13354,0.0031,0.2812,0.2528,0.3715,0.0004,0.0,0.5207,0.0035,0.0823,0.0,0.0697,0.8425
08:43:11.968,4752.48,E 60 s / 60 s,2.3597,56.5,917504,5.14024,0.0025,0.2786,0.2343,0.3703,0.0008,0.0,0.5205,0.0,0.0531,0.0,0.0698,0.8299
08:43:13.968,4754.48,E 60 s / 60 s,2.5136,54.9,917504,5.1389,0.003,0.3022,0.3566,0.3637,0.0,0.0002,0.5426,0.0,0.0259,0.0,0.0705,0.8489
08:43:15.968,4756.48,E 60 s / 60 s,2.4157,54.9,917504,5.13488,0.0035,0.3034,0.2871,0.3608,0.0032,0.0,0.5171,0.0,0.0411,0.0,0.0698,0.8296
08:43:17.968,4758.48,E 60 s / 60 s,2.3628,55.4,917504,5.14024,0.003,0.3053,0.2367,0.3643,0.0032,0.0,0.5302,0.0,0.0324,0.0,0.0647,0.8229
08:43:19.968,4760.48,E 60 s / 60 s,2.5261,54.9,917504,5.14158,0.0033,0.3145,0.3585,0.3667,0.0032,0.0,0.5701,0.0,0.0151,0.0,0.0704,0.8241
08:43:21.968,4762.48,E 60 s / 60 s,2.3337,55.4,917504,5.1456,0.0028,0.2792,0.2238,0.3631,0.0,0.0,0.5391,0.0035,0.0281,0.0,0.0699,0.8241
08:43:23.968,4764.48,E 60 s / 60 s,2.3967,54.9,917504,5.14962,0.0031,0.3043,0.2214,0.366,0.0002,0.0004,0.581,0.0071,0.0291,0.0,0.0673,0.8168
08:43:25.968,4766.48,E 60 s / 60 s,2.4763,54.3,917504,5.12014,0.0026,0.3046,0.3242,0.3707,0.0016,0.0,0.5361,0.0035,0.0388,0.0,0.0711,0.8229
08:43:27.968,4768.48,E 60 s / 60 s,2.3441,53.8,917504,5.14024,0.0027,0.2839,0.2535,0.3784,0.0016,0.0002,0.5073,0.0035,0.0259,0.0,0.0703,0.8168
08:43:29.968,4770.48,E 60 s / 60 s,2.4025,53.8,917504,5.13354,0.0032,0.305,0.2285,0.3688,0.0006,0.0004,0.5616,0.0106,0.0378,0.0,0.0692,0.8168
08:43:31.969,4772.48,E 60 s / 60 s,2.5114,54.3,917504,5.12148,0.0026,0.3678,0.2908,0.3724,0.0016,0.0,0.5326,0.0071,0.0432,0.0,0.0699,0.8235
08:43:33.969,4774.48,E 60 s / 60 s,2.3064,54.3,917504,5.1456,0.0035,0.2753,0.2279,0.3678,0.0032,0.0002,0.5164,0.0,0.0302,0.0,0.0716,0.8103
08:43:35.969,4776.48,E 60 s / 60 s,2.3438,53.8,917504,5.14962,0.0031,0.3052,0.2241,0.3644,0.0004,0.0002,0.5462,0.0,0.0226,0.0,0.0678,0.8097
08:43:37.969,4778.48,E 60 s / 60 s,2.5219,53.8,917504,5.13354,0.0027,0.377,0.3239,0.3626,0.0016,0.0,0.533,0.0035,0.0389,0.0,0.068,0.8106
08:43:39.969,4780.48,E 60 s / 60 s,2.3686,53.8,917504,5.14024,0.0031,0.2765,0.2892,0.3591,0.0004,0.0002,0.5105,0.0106,0.0378,0.0,0.0699,0.8112
08:43:41.969,4782.48,E 60 s / 60 s,2.3593,53.8,917504,5.14426,0.0028,0.3069,0.2286,0.3661,0.0006,0.0004,0.5655,0.0,0.0249,0.0,0.066,0.7975
08:43:43.977,4784.48,E 60 s / 60 s,7.7446,57.1,917504,5.01026,0.0028,0.3881,0.3237,0.4016,0.0004,0.0002,0.5462,0.0,0.3333,0.0027,0.0673,5.6784
08:43:45.976,4786.48,E 60 s / 60 s,9.2975,64.2,917504,5.024999,0.0025,0.4255,0.2511,0.4264,0.0008,0.0002,0.5429,0.0,0.3369,0.0154,0.07,7.2258
08:43:47.975,4788.48,E 60 s / 60 s,7.6487,69.2,917504,5.00758,0.0034,0.4014,0.3505,0.4149,0.0002,0.0,0.5104,0.0069,0.3471,0.0109,0.0649,5.5382
08:43:49.975,4790.48,E 60 s / 60 s,6.4666,70.3,917504,4.96068,0.003,0.4271,0.3545,0.3918,0.0012,0.0008,0.5426,0.0,0.164,0.011,0.0618,4.5087
08:43:51.975,4792.48,E 60 s / 60 s,6.3379,70.8,917504,4.90708,0.0031,0.3818,0.2194,0.4089,0.0008,0.0004,0.5394,0.0,0.3667,0.0136,0.0644,4.3392
08:43:53.975,4794.48,E 60 s / 60 s,8.6166,71.9,917504,4.92584,0.0029,0.4153,0.3541,0.4158,0.0006,0.0008,0.5229,0.0,0.354,0.0068,0.0645,6.4788
08:43:55.977,4796.48,E 60 s / 60 s,6.2364,71.9,917504,5.02634,0.0032,0.3679,0.2852,0.3755,0.0016,0.0004,0.5974,0.0,0.0281,0.0,0.0646,4.5125
08:43:57.975,4798.48,E 60 s / 60 s,6.171,74.7,917504,4.9044,0.0033,0.3969,0.3359,0.4083,0.0006,0.0008,0.507,0.0069,0.2154,0.0021,0.0675,4.2263
08:43:59.976,4800.48,E 60 s / 60 s,9.2751,75.2,917504,4.92048,0.0031,0.4079,0.2847,0.4006,0.0012,0.0008,0.5362,0.0,0.1619,0.0012,0.0656,7.4119
08:44:01.975,4802.49,E 60 s / 60 s,8.6106,74.7,917504,4.85616,0.0031,0.4772,0.2859,0.4094,0.0016,0.0,0.5769,0.0,0.4676,0.0139,0.0656,6.3093
08:44:03.975,4804.49,E 60 s / 60 s,10.2175,75.7,917504,4.92852,0.0028,0.3995,0.3535,0.4129,0.0016,0.0004,0.5329,0.0,0.4887,0.0092,0.0657,7.9503
08:44:05.978,4806.49,E 60 s / 60 s,6.2422,75.2,917504,5.01696,0.0033,0.4474,0.3457,0.4159,0.0004,0.0002,0.541,0.0,0.3351,0.011,0.0663,4.076
08:44:07.975,4808.49,E 60 s / 60 s,10.284,76.3,917504,4.88698,0.0025,0.3957,0.249,0.4054,0.0006,0.0004,0.5907,0.0034,0.3365,0.0012,0.0649,8.2337
08:44:09.976,4810.49,E 60 s / 60 s,9.5513,77.4,917504,4.97006,0.0031,0.3457,0.2246,0.4134,0.0002,0.0002,0.5883,0.0068,0.3999,0.0,0.0648,7.5044
08:44:11.975,4812.49,E 60 s / 60 s,10.1333,76.3,917504,4.8709,0.0033,0.3966,0.3546,0.4328,0.0006,0.0008,0.5392,0.0,0.1184,0.0101,0.0612,8.2158
08:44:13.976,4814.49,E 60 s / 60 s,9.2357,76.3,917504,4.94326,0.0031,0.3215,0.247,0.4073,0.0006,0.0002,0.5134,0.0102,0.2089,0.0036,0.065,7.455
08:44:15.975,4816.49,E 60 s / 60 s,7.0084,76.8,917504,4.97274,0.0028,0.3976,0.3515,0.4164,0.0004,0.0004,0.5607,0.0034,0.4745,0.0095,0.0622,4.729
08:44:17.979,4818.49,E 60 s / 60 s,9.773,78.5,917504,4.87894,0.0033,0.3963,0.337,0.4159,0.0002,0.0002,0.5398,0.0,0.2414,0.005,0.0614,7.7724
08:44:19.975,4820.49,E 60 s / 60 s,9.4205,78.5,917504,4.9044,0.0031,0.396,0.2826,0.3965,0.0004,0.0002,0.5329,0.0,0.1932,0.0015,0.0638,7.5503
08:44:21.975,4822.49,E 60 s / 60 s,10.2558,77.9,917504,4.90708,0.003,0.3958,0.2512,0.3945,0.0032,0.0002,0.5776,0.0,0.3353,0.0107,0.0665,8.2178
08:44:23.975,4824.49,E 60 s / 60 s,7.5346,78.5,917504,4.9044,0.0031,0.3512,0.2307,0.4167,0.0016,0.0008,0.5811,0.0,0.3528,0.0056,0.0638,5.5273
08:44:25.982,4826.49,E 60 s / 60 s,9.4897,79.0,917504,4.8709,0.0031,0.3465,0.345,0.4194,0.0012,0.0008,0.5104,0.0,0.3358,0.0092,0.0621,7.4562
08:44:27.981,4828.49,E 60 s / 60 s,6.9998,77.9,917504,4.97408,0.0028,0.4406,0.3816,0.4257,0.0008,0.0002,0.5435,0.0,0.2329,0.0092,0.0622,4.9004
08:44:29.982,4830.49,E 60 s / 60 s,7.8434,79.6,917504,4.88296,0.0028,0.3464,0.3446,0.3976,0.0004,0.0,0.5358,0.0035,0.1978,0.0015,0.0653,5.9477
08:44:31.975,4832.49,E 60 s / 60 s,10.6253,79.0,917504,4.85616,0.0031,0.3442,0.2554,0.4223,0.0008,0.0002,0.5648,0.0,0.4715,0.0009,0.0633,8.4988
08:44:33.976,4834.49,E 60 s / 60 s,8.8053,78.5,917504,5.00088,0.0027,0.2997,0.2481,0.4291,0.0006,0.0008,0.5326,0.0034,0.3383,0.0062,0.0613,6.8826
08:44:35.975,4836.49,E 60 s / 60 s,7.0535,79.6,917504,4.86688,0.0039,0.4472,0.2504,0.4322,0.0016,0.0008,0.5367,0.0,0.4767,0.0012,0.0635,4.8392
08:44:37.982,4838.49,E 60 s / 60 s,7.3776,79.0,917504,4.89368,0.0032,0.439,0.2843,0.4217,0.0016,0.0008,0.5621,0.0069,0.4634,0.0106,0.0647,5.1193
08:44:39.979,4840.49,E 60 s / 60 s,8.1172,79.6,917504,4.88698,0.0031,0.3954,0.3453,0.4204,0.0018,0.0008,0.5196,0.0,0.2111,0.0015,0.064,6.1541
08:44:41.975,4842.49,E 60 s / 60 s,8.2073,80.1,917504,4.88832,0.0031,0.3429,0.233,0.4266,0.0016,0.0008,0.5818,0.0069,0.2538,0.0109,0.0655,6.2804
08:44:43.974,4844.49,E 60 s / 60 s,3.5749,76.3,917504,5.09602,0.0035,0.2846,0.2524,0.3807,0.0012,0.0008,0.5391,0.007,0.0606,0.0,0.0662,1.9788
08:44:45.974,4846.49,E 60 s / 60 s,3.3167,69.7,917504,5.09602,0.0027,0.2791,0.2535,0.3794,0.0034,0.0002,0.5164,0.0175,0.0292,0.0,0.0693,1.766
08:44:47.974,4848.49,E 60 s / 60 s,3.4922,66.4,917504,5.10808,0.0031,0.3471,0.3821,0.3846,0.0016,0.0008,0.5648,0.0105,0.0227,0.0,0.07,1.7048
08:44:49.975,4850.49,E 60 s / 60 s,2.473,63.7,917504,5.1322,0.0032,0.3008,0.2354,0.3682,0.0008,0.0004,0.5164,0.0,0.0194,0.0,0.071,0.9575
08:44:51.975,4852.49,E 60 s / 60 s,2.4805,62.0,917504,5.13488,0.0037,0.2993,0.2284,0.3661,0.0018,0.0004,0.5336,0.0,0.0379,0.0,0.0696,0.9396
08:44:53.975,4854.49,E 60 s / 60 s,2.5823,61.5,917504,5.13488,0.0027,0.3015,0.3487,0.3707,0.0008,0.0,0.5329,0.0,0.0357,0.0,0.0698,0.9197
08:44:55.975,4856.49,E 60 s / 60 s,2.4068,59.8,917504,5.14024,0.0028,0.2794,0.2207,0.3724,0.0016,0.0,0.5353,0.0035,0.0259,0.0,0.0716,0.8936
08:44:57.975,4858.49,E 60 s / 60 s,2.544,59.3,917504,5.13354,0.0029,0.3012,0.3472,0.3652,0.0018,0.0004,0.5293,0.0,0.0206,0.0,0.0686,0.9068
08:44:59.975,4860.49,E 60 s / 60 s,2.5587,58.7,917504,5.13354,0.0027,0.303,0.3586,0.3652,0.0016,0.0002,0.5358,0.0,0.0413,0.0,0.0692,0.8811
08:45:01.975,4862.49,E 60 s / 60 s,2.591,57.6,917504,5.14292,0.0028,0.3015,0.3728,0.3679,0.0008,0.0002,0.5854,0.0,0.0281,0.0,0.0697,0.8618
08:45:03.975,4864.49,E 60 s / 60 s,2.8836,58.2,917504,5.1389,0.0026,0.3512,0.3848,0.3696,0.0034,0.0002,0.6008,0.0035,0.0303,0.0,0.0699,1.0672
08:45:05.975,4866.49,E 60 s / 60 s,2.5109,58.2,917504,5.12818,0.0039,0.3015,0.3571,0.3631,0.0008,0.0002,0.5131,0.0071,0.0216,0.0,0.0668,0.8756
08:45:07.975,4868.49,E 60 s / 60 s,2.5959,57.1,917504,5.13354,0.0029,0.3757,0.3569,0.3718,0.0008,0.0002,0.5426,0.0,0.0173,0.0,0.066,0.8618
08:45:09.975,4870.49,E 60 s / 60 s,2.5321,56.5,917504,5.13488,0.0032,0.3021,0.3512,0.3635,0.0016,0.0,0.5358,0.0142,0.027,0.0,0.0717,0.8618
08:45:11.976,4872.49,E 60 s / 60 s,2.4966,56.0,917504,5.14292,0.0031,0.327,0.2336,0.3733,0.0006,0.0,0.5844,0.0106,0.0356,0.0,0.0667,0.8618
08:45:13.976,4874.49,E 60 s / 60 s,2.6995,56.0,917504,5.13354,0.0027,0.372,0.3578,0.3753,0.0032,0.0,0.5358,0.0035,0.0162,0.0,0.0686,0.9643
08:45:15.976,4876.49,E 60 s / 60 s,2.3642,54.9,917504,5.1456,0.0024,0.2808,0.2529,0.3626,0.0008,0.0002,0.5332,0.0071,0.0292,0.0,0.0716,0.8235
08:45:17.976,4878.49,E 60 s / 60 s,2.4995,55.4,917504,5.14158,0.0028,0.3652,0.2861,0.365,0.0008,0.0,0.5326,0.0,0.041,0.0,0.07,0.836
08:45:19.976,4880.49,E 60 s / 60 s,2.4382,55.4,917504,5.1456,0.0039,0.2786,0.3365,0.365,0.0,0.0,0.5326,0.0,0.0335,0.0,0.0711,0.8171
08:45:21.976,4882.49,E 60 s / 60 s,2.3612,54.9,917504,5.14292,0.0026,0.2786,0.2525,0.3654,0.0016,0.0,0.5393,0.0106,0.0205,0.0,0.0724,0.8177
08:45:23.976,4884.49,E 60 s / 60 s,2.4986,54.3,917504,5.14158,0.0029,0.3794,0.2846,0.3653,0.0016,0.0002,0.5345,0.0107,0.0184,0.0,0.0718,0.8293
08:45:25.976,4886.49,E 60 s / 60 s,2.465,54.9,917504,5.1456,0.0026,0.3063,0.3203,0.3671,0.0016,0.0002,0.5377,0.0,0.0412,0.0,0.0705,0.8174
08:45:27.976,4888.49,E 60 s / 60 s,2.3676,54.3,917504,5.1456,0.0037,0.3052,0.2281,0.3741,0.0002,0.0004,0.5475,0.0,0.0292,0.0,0.0691,0.81
08:45:29.976,4890.49,E 60 s / 60 s,2.5654,54.3,917504,5.14292,0.0031,0.3797,0.3595,0.3688,0.0004,0.0004,0.535,0.0035,0.0282,0.0,0.07,0.8168
08:45:31.976,4892.49,E 60 s / 60 s,2.4063,53.8,917504,5.1456,0.0031,0.3055,0.2859,0.3689,0.0006,0.0004,0.533,0.0,0.0269,0.0,0.071,0.8109
08:45:33.976,4894.49,E 60 s / 60 s,2.3442,53.8,917504,5.14292,0.0023,0.3059,0.2223,0.3609,0.0002,0.0002,0.5455,0.0,0.041,0.0,0.0685,0.7975
08:45:35.976,4896.49,E 60 s / 60 s,2.5792,53.8,917504,5.13354,0.0032,0.3867,0.3578,0.3666,0.0008,0.0004,0.5456,0.0,0.039,0.0,0.0687,0.8103
08:45:37.976,4898.49,E 60 s / 60 s,2.3446,54.3,917504,5.1456,0.0026,0.2802,0.2367,0.3759,0.0004,0.0002,0.545,0.0036,0.0173,0.0,0.0716,0.8112
08:45:39.977,4900.49,E 60 s / 60 s,2.3964,53.8,917504,5.1389,0.0031,0.307,0.2244,0.3584,0.0006,0.0002,0.6206,0.0035,0.0195,0.0,0.0679,0.791
08:45:41.977,4902.49,E 60 s / 60 s,2.4007,53.8,917504,5.1456,0.0028,0.2803,0.3242,0.3637,0.0004,0.0002,0.5167,0.0,0.0325,0.0,0.0697,0.8103
08:45:43.980,4904.49,E 60 s / 60 s,5.4818,55.4,917504,5.092,0.0031,0.454,0.2551,0.4282,0.0002,0.0004,0.5362,0.0035,0.4418,0.0107,0.0662,3.2823
08:45:45.984,4906.49,E 60 s / 60 s,7.5863,63.7,917504,4.94326,0.0027,0.3265,0.3796,0.4294,0.0002,0.0002,0.5164,0.0104,0.4507,0.0109,0.0672,5.3922
08:45:47.979,4908.49,E 60 s / 60 s,8.4529,68.6,917504,4.88966,0.003,0.453,0.2501,0.3893,0.0002,0.0004,0.5752,0.0,0.1951,0.0033,0.0673,6.516
08:45:49.983,4910.49,E 60 s / 60 s,10.2029,69.2,917504,4.88832,0.0028,0.4514,0.2844,0.4023,0.0004,0.0002,0.5918,0.0,0.2653,0.0027,0.0675,8.1341
08:45:51.983,4912.49,E 60 s / 60 s,6.2027,70.8,917504,4.96738,0.0027,0.4757,0.2215,0.4088,0.0016,0.0002,0.5171,0.0137,0.2655,0.0148,0.0647,4.2163
08:45:53.983,4914.49,E 60 s / 60 s,6.7759,71.4,917504,5.02098,0.0029,0.4037,0.3513,0.4072,0.0008,0.0002,0.5199,0.0,0.194,0.0118,0.0647,4.8193
08:45:55.984,4916.49,E 60 s / 60 s,7.2931,72.5,917504,4.91378,0.0035,0.413,0.2322,0.4205,0.0006,0.0008,0.5986,0.0069,0.4514,0.0094,0.0643,5.0918
08:45:57.984,4918.49,E 60 s / 60 s,9.6872,74.1,917504,4.8977,0.0028,0.3473,0.3694,0.4167,0.0012,0.0008,0.5017,0.0,0.1937,0.0,0.0668,7.7867
08:45:59.987,4920.49,E 60 s / 60 s,8.8278,74.7,917504,4.8977,0.0034,0.4005,0.3202,0.4043,0.0016,0.0002,0.5296,0.0,0.3353,0.0115,0.0631,6.7581
08:46:01.983,4922.49,E 60 s / 60 s,8.1417,75.7,917504,4.88832,0.0027,0.3231,0.249,0.4071,0.0,0.0008,0.5229,0.0,0.1975,0.0154,0.0628,6.3606
08:46:03.984,4924.49,E 60 s / 60 s,6.7769,75.2,917504,4.88832,0.003,0.439,0.352,0.4125,0.0065,0.0,0.5423,0.0069,0.2985,0.0132,0.0685,4.6346
08:46:05.984,4926.49,E 60 s / 60 s,6.7362,74.7,917504,4.90976,0.0029,0.4506,0.2526,0.4617,0.0008,0.0008,0.5394,0.0104,0.5128,0.0163,0.0666,4.4214
08:46:07.985,4928.49,E 60 s / 60 s,6.5178,75.2,917504,4.98346,0.0027,0.3722,0.2829,0.3759,0.0016,0.0004,0.5264,0.0035,0.0219,0.0,0.0636,4.8667
08:46:09.983,4930.49,E 60 s / 60 s,8.0042,76.8,917504,4.8776,0.0032,0.3984,0.2231,0.3972,0.0012,0.0,0.5377,0.0103,0.2152,0.0074,0.062,6.1485
08:46:11.983,4932.49,E 60 s / 60 s,8.5061,77.4,917504,4.8642,0.0029,0.3083,0.2306,0.4043,0.0002,0.0004,0.5358,0.0243,0.155,0.0012,0.0632,6.7802
08:46:13.987,4934.49,E 60 s / 60 s,9.004,77.9,917504,4.86688,0.0031,0.3949,0.2327,0.4255,0.0006,0.0008,0.5842,0.0,0.2494,0.0101,0.0639,7.0389
08:46:15.983,4936.49,E 60 s / 60 s,8.5914,77.4,917504,4.90038,0.0033,0.3354,0.3537,0.4318,0.0012,0.0008,0.5291,0.0,0.483,0.0174,0.0654,6.3702
08:46:17.982,4938.49,E 60 s / 60 s,7.7824,76.8,917504,4.9982,0.0031,0.3114,0.3361,0.4255,0.0008,0.0004,0.5158,0.0,0.1496,0.0127,0.0658,5.9612
08:46:19.983,4940.49,E 60 s / 60 s,10.1035,77.9,917504,4.86822,0.0032,0.296,0.2321,0.3984,0.0008,0.0008,0.5104,0.0,0.3038,0.0068,0.0611,8.2902
08:46:21.987,4942.49,E 60 s / 60 s,6.3204,77.4,917504,4.88832,0.0033,0.4233,0.341,0.4523,0.0012,0.0008,0.4978,0.0,0.1956,0.0118,0.064,4.3293
08:46:23.983,4944.49,E 60 s / 60 s,10.1687,78.5,917504,4.94996,0.0029,0.3346,0.3524,0.4033,0.0008,0.0004,0.5261,0.034,0.1972,0.0009,0.057,8.2591
08:46:25.983,4946.49,E 60 s / 60 s,7.0334,77.9,917504,4.9781,0.0031,0.4049,0.2336,0.4043,0.0016,0.0002,0.5939,0.0,0.4881,0.0077,0.0644,4.8316
08:46:27.984,4948.49,E 60 s / 60 s,10.5677,79.0,917504,4.8776,0.0033,0.3933,0.3481,0.4035,0.0034,0.0004,0.5107,0.0103,0.3368,0.0018,0.0653,8.4908
08:46:29.983,4950.49,E 60 s / 60 s,8.4991,78.5,917504,4.90842,0.0031,0.4971,0.251,0.3959,0.0004,0.0004,0.5713,0.0034,0.3373,0.0056,0.0669,6.3665
08:46:31.983,4952.49,E 60 s / 60 s,9.9884,77.9,917504,4.87224,0.0031,0.3692,0.3506,0.4051,0.0004,0.0002,0.5037,0.0,0.3369,0.0039,0.0614,7.954
08:46:33.983,4954.49,E 60 s / 60 s,8.7547,78.5,917504,4.99284,0.0033,0.3559,0.2239,0.4337,0.0,0.0,0.5462,0.0136,0.3701,0.0142,0.0626,6.7312
08:46:35.983,4956.49,E 60 s / 60 s,9.6036,78.5,917504,4.93522,0.0034,0.3413,0.221,0.4088,0.0016,0.0002,0.585,0.0,0.2713,0.0062,0.0638,7.7008
08:46:37.984,4958.49,E 60 s / 60 s,10.123,80.1,917504,4.86152,0.0032,0.42,0.282,0.4304,0.0006,0.0002,0.5914,0.0136,0.4386,0.0062,0.0625,7.8742
08:46:39.984,4960.49,E 60 s / 60 s,10.229,78.5,917504,4.87894,0.0031,0.3476,0.234,0.4076,0.0012,0.0002,0.5326,0.0,0.2663,0.0056,0.0623,8.3683
08:46:41.983,4962.49,E 60 s / 60 s,10.2174,79.0,917504,4.88832,0.0033,0.3931,0.2208,0.4309,0.0006,0.0008,0.5829,0.0138,0.4929,0.0044,0.0647,8.0092
08:46:43.981,4964.49,E 60 s / 60 s,3.6427,77.4,917504,5.09736,0.0029,0.2855,0.2827,0.3878,0.0012,0.0008,0.5138,0.0,0.0563,0.0,0.0642,2.0475
08:46:45.981,4966.49,E 60 s / 60 s,3.4298,69.7,917504,5.0987,0.0034,0.2985,0.3487,0.383,0.0016,0.0004,0.5132,0.0035,0.0324,0.0,0.0643,1.7807
08:46:47.981,4968.49,E 60 s / 60 s,3.2506,66.4,917504,5.10138,0.0031,0.2992,0.2282,0.3707,0.0016,0.0002,0.5383,0.0,0.0313,0.0,0.0672,1.7108
08:46:49.982,4970.49,E 60 s / 60 s,2.6095,64.2,917504,5.12416,0.0031,0.3129,0.3503,0.3635,0.0006,0.0,0.5192,0.0,0.0292,0.0,0.0653,0.9654
08:46:51.982,4972.49,E 60 s / 60 s,2.6134,61.5,917504,5.13354,0.0035,0.4054,0.2239,0.365,0.0024,0.0004,0.5622,0.0106,0.0314,0.0,0.0697,0.9389
08:46:53.982,4974.49,E 60 s / 60 s,2.5487,60.9,917504,5.13354,0.0025,0.3964,0.2287,0.3615,0.001,0.0,0.549,0.0071,0.0259,0.0,0.0697,0.9068
08:46:55.982,4976.49,E 60 s / 60 s,2.5447,59.8,917504,5.12148,0.003,0.3013,0.3472,0.3637,0.0016,0.0004,0.5167,0.0071,0.028,0.0,0.0678,0.9078
08:46:57.982,4978.49,E 60 s / 60 s,2.5031,58.7,917504,5.12148,0.0028,0.3029,0.3526,0.3668,0.0008,0.0,0.4931,0.0,0.0282,0.0,0.0674,0.8885
08:46:59.982,4980.49,E 60 s / 60 s,2.516,58.7,917504,5.1322,0.0026,0.3012,0.35,0.3703,0.0008,0.0004,0.5164,0.0,0.026,0.0,0.0667,0.8817
08:47:01.982,4982.5,E 60 s / 60 s,2.5144,58.2,917504,5.13622,0.0029,0.3762,0.2544,0.3637,0.0016,0.0,0.5326,0.0,0.039,0.0,0.0697,0.8743
08:47:03.982,4984.5,E 60 s / 60 s,2.4337,56.5,917504,5.14292,0.0031,0.3015,0.2262,0.367,0.0032,0.0,0.5713,0.0071,0.0292,0.0,0.0704,0.8547
08:47:05.983,4986.5,E 60 s / 60 s,2.4249,56.5,917504,5.14024,0.0027,0.3013,0.2359,0.3662,0.0016,0.0002,0.5584,0.0035,0.0368,0.0,0.0698,0.8486
08:47:07.983,4988.5,E 60 s / 60 s,2.3613,55.4,917504,5.13488,0.0027,0.2788,0.236,0.369,0.0016,0.0,0.5258,0.0,0.0399,0.0,0.0711,0.8364
08:47:09.983,4990.5,E 60 s / 60 s,2.4783,56.0,917504,5.1389,0.0029,0.351,0.287,0.369,0.0008,0.0002,0.5318,0.0,0.0259,0.0,0.0679,0.8418
08:47:11.983,4992.5,E 60 s / 60 s,2.5134,56.0,917504,5.1456,0.0031,0.3008,0.3495,0.3733,0.0002,0.0,0.5418,0.0071,0.0315,0.0,0.0692,0.837
08:47:13.983,4994.5,E 60 s / 60 s,2.5078,55.4,917504,5.1389,0.0026,0.3027,0.3578,0.3632,0.0008,0.0,0.5436,0.0106,0.027,0.0,0.0698,0.8296
08:47:15.983,4996.5,E 60 s / 60 s,2.6472,55.4,917504,5.13756,0.0025,0.3528,0.3847,0.3724,0.0016,0.0004,0.5777,0.0071,0.0389,0.0,0.0731,0.836
08:47:17.983,4998.5,E 60 s / 60 s,2.3922,55.4,917504,5.13756,0.0029,0.2741,0.2871,0.3672,0.0016,0.0002,0.5167,0.0106,0.0292,0.0,0.073,0.8296
08:47:19.983,5000.5,E 60 s / 60 s,2.4502,54.9,917504,5.14426,0.0026,0.3538,0.2526,0.3679,0.0008,0.0002,0.5439,0.0071,0.0269,0.0,0.0711,0.8232
08:47:21.983,5002.5,E 60 s / 60 s,2.4476,53.8,917504,5.1456,0.0026,0.3047,0.3201,0.3627,0.0018,0.0004,0.5229,0.0,0.0313,0.0,0.0712,0.8299
08:47:23.983,5004.5,E 60 s / 60 s,2.3445,54.3,917504,5.14962,0.0031,0.3028,0.2265,0.3626,0.0006,0.0004,0.5239,0.0,0.0238,0.0,0.0711,0.8296
08:47:25.987,5006.5,E 60 s / 60 s,2.4998,55.4,917504,5.14292,0.0029,0.3535,0.2373,0.3707,0.0016,0.0002,0.5736,0.0,0.026,0.0,0.0661,0.8679
08:47:27.983,5008.5,E 60 s / 60 s,2.5669,54.9,917504,5.14292,0.0027,0.3053,0.3557,0.3654,0.0008,0.0,0.5221,0.0036,0.0228,0.0,0.0687,0.9197
08:47:29.983,5010.5,E 60 s / 60 s,2.3585,53.8,917504,5.14426,0.0029,0.3047,0.2224,0.3524,0.0008,0.0,0.5648,0.0,0.0314,0.0,0.0685,0.8106
08:47:31.983,5012.5,E 60 s / 60 s,2.4859,53.8,917504,5.1456,0.0028,0.3053,0.3524,0.3724,0.0002,0.0004,0.5362,0.0,0.0336,0.0,0.0716,0.8109
08:47:33.984,5014.5,E 60 s / 60 s,2.345,54.9,917504,5.14024,0.0032,0.28,0.2257,0.3698,0.0016,0.0002,0.5381,0.0107,0.0259,0.0,0.0729,0.8168
08:47:35.984,5016.5,E 60 s / 60 s,2.3961,53.8,917504,5.1389,0.003,0.3049,0.2257,0.3667,0.001,0.0004,0.575,0.0177,0.0238,0.0,0.0736,0.8042
08:47:37.984,5018.5,E 60 s / 60 s,2.3821,53.2,917504,5.1456,0.0031,0.2799,0.2867,0.3649,0.0006,0.0,0.5398,0.0,0.0292,0.0,0.0731,0.8048
08:47:39.984,5020.5,E 60 s / 60 s,2.3889,53.2,917504,5.14426,0.0035,0.3051,0.2233,0.3632,0.0004,0.0002,0.5911,0.0,0.0227,0.0,0.0755,0.8039
08:47:41.984,5022.5,E 60 s / 60 s,2.3955,53.2,917504,5.13622,0.0031,0.2944,0.3219,0.365,0.0,0.0002,0.5196,0.0,0.0303,0.0,0.0699,0.791
08:47:43.993,5024.5,E 60 s / 60 s,4.9781,54.3,917504,5.09066,0.0032,0.3702,0.2363,0.3968,0.0008,0.0,0.5381,0.0,0.1938,0.0142,0.067,3.1577
08:47:45.991,5026.5,E 60 s / 60 s,9.5721,64.2,917504,4.9178,0.003,0.3299,0.2236,0.4287,0.0004,0.0008,0.6029,0.0103,0.3059,0.0053,0.0656,7.5956
08:47:47.991,5028.5,E 60 s / 60 s,6.4787,68.1,917504,4.90976,0.0031,0.4019,0.347,0.3988,0.0008,0.0,0.5128,0.0,0.2465,0.0071,0.0635,4.4972
08:47:49.995,5030.5,E 60 s / 60 s,8.3373,69.7,917504,4.90842,0.0025,0.3645,0.2251,0.426,0.0,0.0002,0.5329,0.007,0.4821,0.0074,0.0648,6.2249
08:47:51.996,5032.5,E 60 s / 60 s,10.3995,71.4,917504,4.91512,0.0028,0.3887,0.3536,0.4335,0.0006,0.0002,0.5345,0.0,0.4724,0.0092,0.0647,8.1393
08:47:53.993,5034.5,E 60 s / 60 s,6.7883,71.4,917504,4.91646,0.0031,0.4016,0.2254,0.4344,0.0004,0.0002,0.5558,0.0313,0.4515,0.011,0.0637,4.6099
08:47:55.996,5036.5,E 60 s / 60 s,9.8155,74.7,917504,4.9647,0.0031,0.3278,0.2243,0.4078,0.0018,0.0002,0.5681,0.0,0.3027,0.0092,0.0636,7.9069
08:47:57.999,5038.51,E 60 s / 60 s,7.0261,73.6,917504,4.8843,0.0032,0.3511,0.2317,0.4273,0.0016,0.0008,0.5377,0.0,0.5077,0.0107,0.063,4.8912
08:47:59.999,5040.51,E 60 s / 60 s,9.8186,74.1,917504,4.90976,0.0029,0.3343,0.2313,0.406,0.0016,0.0002,0.5616,0.0,0.1967,0.0,0.0646,8.0194
08:48:01.999,5042.51,E 60 s / 60 s,8.0142,73.6,917504,4.95666,0.0027,0.3817,0.2233,0.4266,0.0008,0.0002,0.5358,0.0103,0.4804,0.0098,0.0659,5.8768
08:48:04.003,5044.51,E 60 s / 60 s,8.6463,73.6,917504,4.8776,0.0031,0.3979,0.3516,0.4038,0.0004,0.0008,0.5365,0.0,0.2126,0.0053,0.0679,6.6664
08:48:05.999,5046.51,E 60 s / 60 s,7.5255,75.2,917504,5.01562,0.003,0.4011,0.2247,0.4302,0.0,0.0004,0.5435,0.0,0.4712,0.0083,0.0688,5.3744
08:48:07.999,5048.51,E 60 s / 60 s,10.0642,75.7,917504,4.86688,0.003,0.4726,0.2849,0.4206,0.0018,0.0002,0.535,0.0104,0.0582,0.0056,0.0616,8.2102
08:48:09.999,5050.51,E 60 s / 60 s,8.5779,75.7,917504,4.8776,0.0029,0.3503,0.283,0.4053,0.0004,0.0008,0.4819,0.0,0.4387,0.0097,0.0603,6.5446
08:48:12.000,5052.51,E 60 s / 60 s,6.929,75.7,917504,5.01696,0.0032,0.4492,0.2501,0.4301,0.0018,0.0002,0.5215,0.0,0.4762,0.0059,0.0662,4.7245
08:48:13.999,5054.51,E 60 s / 60 s,9.3345,77.9,917504,4.86554,0.0027,0.3106,0.249,0.3988,0.0008,0.0002,0.5264,0.0,0.1986,0.0027,0.0625,7.5822
08:48:15.999,5056.51,E 60 s / 60 s,10.0433,76.8,917504,4.8776,0.0033,0.4458,0.3461,0.4248,0.0,0.0004,0.5408,0.0,0.402,0.0062,0.0637,7.81
08:48:17.999,5058.51,E 60 s / 60 s,9.5938,78.5,917504,4.87224,0.0033,0.3467,0.3903,0.4212,0.0065,0.0008,0.5171,0.0308,0.3405,0.0151,0.0653,7.4561
08:48:19.999,5060.51,E 60 s / 60 s,9.8723,77.4,917504,5.00624,0.003,0.3464,0.3869,0.4001,0.0008,0.0002,0.5403,0.0,0.332,0.0074,0.0644,7.7907
08:48:22.003,5062.51,E 60 s / 60 s,8.3966,77.9,917504,4.87626,0.0028,0.3465,0.3535,0.4337,0.0006,0.0002,0.5344,0.0,0.4733,0.0139,0.0662,6.1715
08:48:24.004,5064.51,E 60 s / 60 s,10.4579,78.5,917504,4.87224,0.0034,0.431,0.3354,0.3949,0.0032,0.0004,0.5134,0.0,0.4673,0.0115,0.0614,8.236
08:48:26.004,5066.51,E 60 s / 60 s,10.0278,77.4,917504,4.92986,0.0029,0.3434,0.2271,0.3801,0.0012,0.0002,0.5401,0.0306,0.2282,0.0021,0.0613,8.2106
08:48:28.003,5068.51,E 60 s / 60 s,8.6763,78.5,917504,4.86688,0.003,0.4216,0.3535,0.4575,0.0016,0.0008,0.5306,0.0,0.4527,0.0153,0.0615,6.3782
08:48:30.003,5070.51,E 60 s / 60 s,10.0682,78.5,917504,4.88698,0.0035,0.3581,0.284,0.4231,0.0002,0.0004,0.5239,0.0034,0.2239,0.0062,0.064,8.1775
08:48:32.003,5072.51,E 60 s / 60 s,5.9567,79.6,917504,4.88162,0.0031,0.3972,0.3522,0.422,0.0004,0.0008,0.5293,0.0,0.4042,0.0083,0.0591,3.7801
08:48:34.004,5074.52,E 60 s / 60 s,5.3156,79.0,917504,4.98614,0.0033,0.3739,0.2208,0.4202,0.0016,0.0008,0.5327,0.0,0.376,0.011,0.065,3.3102
08:48:36.011,5076.52,E 60 s / 60 s,8.0386,80.1,917504,4.9044,0.0032,0.32,0.2844,0.4127,0.0016,0.0008,0.5104,0.0,0.511,0.0198,0.0613,5.9134
08:48:38.011,5078.52,E 60 s / 60 s,8.5817,80.1,917504,4.88296,0.0029,0.3807,0.2843,0.4239,0.0004,0.0008,0.5275,0.0,0.4586,0.0088,0.0643,6.4294
08:48:40.011,5080.52,E 60 s / 60 s,8.0788,78.5,917504,4.87492,0.003,0.3435,0.2476,0.4238,0.0012,0.0008,0.5006,0.0,0.472,0.0074,0.0643,6.0145
08:48:42.011,5082.52,E 60 s / 60 s,8.737,78.5,917504,4.99954,0.0035,0.3939,0.352,0.4319,0.0032,0.0002,0.5489,0.0,0.3105,0.0068,0.0642,6.6219
08:48:44.011,5084.52,E 60 s / 60 s,8.1868,79.6,917504,4.85884,0.0029,0.444,0.3529,0.4195,0.0008,0.0004,0.5034,0.0,0.23,0.0003,0.061,6.1716
08:48:46.011,5086.52,E 60 s / 60 s,3.3555,70.8,917504,5.10004,0.0031,0.2979,0.2253,0.3768,0.0014,0.0004,0.5656,0.007,0.0335,0.0,0.0713,1.7731
08:48:48.007,5088.52,E 60 s / 60 s,3.4386,67.0,917504,5.10272,0.0031,0.2974,0.3379,0.3791,0.0004,0.0002,0.596,0.0,0.0292,0.0,0.0698,1.7256
08:48:50.008,5090.52,E 60 s / 60 s,2.7272,64.2,917504,5.12952,0.003,0.3757,0.2916,0.3714,0.0014,0.0002,0.6012,0.007,0.0347,0.0,0.0631,0.9779
08:48:52.008,5092.52,E 60 s / 60 s,2.5843,62.0,917504,5.12818,0.0029,0.3008,0.3405,0.3636,0.0012,0.0,0.5345,0.0,0.0292,0.0,0.0666,0.945
08:48:54.008,5094.52,E 60 s / 60 s,2.4625,60.9,917504,5.1456,0.0027,0.2823,0.251,0.366,0.0032,0.0002,0.5326,0.0035,0.0346,0.0,0.0727,0.9136
08:48:56.008,5096.52,E 60 s / 60 s,2.5277,59.8,917504,5.14024,0.0034,0.3011,0.2346,0.3705,0.0008,0.0004,0.6116,0.0,0.0359,0.0,0.0697,0.8997
08:48:58.008,5098.52,E 60 s / 60 s,2.5662,59.3,917504,5.13354,0.0027,0.3012,0.3384,0.3686,0.0016,0.0002,0.5296,0.0035,0.056,0.0,0.0704,0.8939
08:49:00.008,5100.52,E 60 s / 60 s,2.4723,59.3,917504,5.1389,0.0027,0.301,0.2259,0.3602,0.0008,0.0004,0.5911,0.0141,0.0378,0.0,0.0704,0.8679
08:49:02.008,5102.52,E 60 s / 60 s,2.591,58.2,917504,5.12282,0.0027,0.376,0.3552,0.3651,0.0008,0.0004,0.506,0.0177,0.028,0.0,0.0704,0.8685
08:49:04.008,5104.52,E 60 s / 60 s,2.3717,57.1,917504,5.13354,0.0032,0.2835,0.2359,0.3615,0.0006,0.0004,0.5199,0.0071,0.0314,0.0,0.0728,0.8553
08:49:06.008,5106.52,E 60 s / 60 s,2.4954,56.5,917504,5.14024,0.0027,0.3026,0.253,0.3733,0.0016,0.0002,0.6133,0.0,0.0302,0.0,0.0698,0.8489
08:49:08.008,5108.52,E 60 s / 60 s,2.576,57.1,917504,5.12818,0.0027,0.3522,0.3794,0.3679,0.0004,0.0,0.5171,0.0,0.0325,0.0,0.0692,0.8547
08:49:10.008,5110.52,E 60 s / 60 s,2.412,55.4,917504,5.13488,0.0024,0.3011,0.2359,0.3663,0.001,0.0004,0.5552,0.0,0.0313,0.0,0.0697,0.8486
08:49:12.008,5112.52,E 60 s / 60 s,2.5094,56.5,917504,5.1389,0.0027,0.3033,0.3576,0.374,0.0008,0.0,0.5326,0.0,0.0271,0.0,0.068,0.8434
08:49:14.008,5114.52,E 60 s / 60 s,2.3198,54.9,917504,5.1389,0.003,0.2784,0.2255,0.365,0.0006,0.0004,0.5171,0.0,0.0291,0.0,0.0716,0.829
08:49:16.008,5116.52,E 60 s / 60 s,2.4316,55.4,917504,5.12148,0.0027,0.3034,0.2363,0.3687,0.0006,0.0,0.5878,0.0035,0.026,0.0,0.0659,0.8367
08:49:18.009,5118.52,E 60 s / 60 s,2.5668,54.9,917504,5.12818,0.0033,0.3717,0.3557,0.3724,0.0002,0.0,0.5295,0.0,0.028,0.0,0.07,0.836
08:49:20.009,5120.52,E 60 s / 60 s,2.3806,55.4,917504,5.14292,0.0033,0.3052,0.2216,0.3738,0.0004,0.0002,0.5333,0.0142,0.0292,0.0,0.0697,0.8296
08:49:22.009,5122.52,E 60 s / 60 s,2.478,54.9,917504,5.14292,0.0027,0.3535,0.2505,0.369,0.0006,0.0004,0.5751,0.0,0.0269,0.0,0.0693,0.8299
08:49:24.009,5124.52,E 60 s / 60 s,2.4858,54.9,917504,5.14024,0.0031,0.303,0.2286,0.3794,0.0016,0.0,0.5669,0.0035,0.027,0.0,0.0672,0.9053
08:49:26.009,5126.52,E 60 s / 60 s,2.434,54.9,917504,5.14158,0.0026,0.3166,0.235,0.3619,0.0016,0.0,0.5864,0.0106,0.0389,0.0,0.0699,0.8103
08:49:28.009,5128.52,E 60 s / 60 s,2.4523,54.3,917504,5.14426,0.0031,0.3543,0.2522,0.3715,0.0006,0.0004,0.5333,0.0,0.0368,0.0,0.0698,0.8302
08:49:30.009,5130.52,E 60 s / 60 s,2.3327,54.3,917504,5.14694,0.0029,0.28,0.2361,0.3636,0.0004,0.0004,0.5333,0.0,0.0368,0.0,0.0685,0.8106
08:49:32.013,5132.52,E 60 s / 60 s,2.2944,54.3,917504,5.15364,0.0031,0.2813,0.2233,0.365,0.0016,0.0002,0.5196,0.0071,0.0238,0.0,0.0711,0.7984
08:49:34.009,5134.52,E 60 s / 60 s,2.4533,53.8,917504,5.14024,0.0028,0.3049,0.3524,0.3608,0.0006,0.0004,0.5132,0.0,0.0302,0.0,0.0706,0.8174
08:49:36.009,5136.52,E 60 s / 60 s,2.3227,53.2,917504,5.14962,0.0031,0.2803,0.2216,0.3679,0.0016,0.0002,0.5398,0.0035,0.0226,0.0,0.0717,0.8103
08:49:38.009,5138.52,E 60 s / 60 s,2.4168,53.2,917504,5.14292,0.0031,0.3051,0.2295,0.3652,0.0018,0.0,0.5897,0.0106,0.0367,0.0,0.0711,0.8039
08:49:40.009,5140.52,E 60 s / 60 s,2.4028,53.2,917504,5.1456,0.0026,0.2834,0.2237,0.3715,0.0004,0.0002,0.6024,0.0035,0.0324,0.0,0.0724,0.8103
08:49:42.009,5142.52,E 60 s / 60 s,2.3918,52.7,917504,5.1456,0.0027,0.3034,0.2222,0.3635,0.0008,0.0,0.5963,0.0,0.0292,0.0,0.0698,0.8039
08:49:44.010,5144.52,E 60 s / 60 s,2.458,53.2,917504,5.14158,0.0026,0.3062,0.3403,0.3614,0.0004,0.0002,0.5365,0.0,0.0237,0.0,0.0699,0.8168
08:49:46.015,5146.52,E 60 s / 60 s,9.018,64.2,917504,5.03974,0.0033,0.3262,0.2845,0.4109,0.0006,0.0008,0.5237,0.0,0.4011,0.0062,0.0677,6.9929
08:49:48.015,5148.52,E 60 s / 60 s,9.8654,67.5,917504,4.91512,0.003,0.4014,0.3511,0.4291,0.0004,0.0008,0.5263,0.0034,0.4857,0.0033,0.0643,7.5966
08:49:50.018,5150.52,E 60 s / 60 s,9.4859,69.2,917504,5.01696,0.0037,0.3518,0.2845,0.4141,0.0008,0.0002,0.5042,0.0,0.1959,0.0098,0.0632,7.6577
08:49:52.012,5152.52,E 60 s / 60 s,10.0071,69.2,917504,4.89368,0.0032,0.4006,0.3364,0.4223,0.0016,0.0008,0.539,0.0,0.2753,0.0082,0.0664,7.9532
08:49:54.015,5154.52,E 60 s / 60 s,9.5108,71.4,917504,4.99552,0.003,0.3051,0.2318,0.4026,0.0004,0.0008,0.4976,0.0,0.4785,0.0009,0.0674,7.5226
08:49:56.011,5156.52,E 60 s / 60 s,6.2809,73.0,917504,4.90842,0.0033,0.3722,0.3212,0.4078,0.0016,0.0004,0.5183,0.0,0.2457,0.0154,0.0625,4.3324
08:49:58.012,5158.52,E 60 s / 60 s,9.0599,71.9,917504,4.99418,0.0031,0.3747,0.2501,0.4336,0.0008,0.0004,0.5745,0.0,0.3343,0.0039,0.065,7.0196
08:50:00.118,5160.52,E 60 s / 60 s,3.366,70.3,917504,5.10674,0.0033,0.3028,0.2216,0.376,0.0002,0.0002,0.5637,0.0035,0.0281,0.0,0.0695,1.7971
08:50:02.011,5162.52,E 60 s / 60 s,10.2422,74.1,917504,4.92048,0.0027,0.3942,0.25,0.3951,0.0016,0.0002,0.5329,0.0,0.3279,0.0012,0.0646,8.2719
08:50:04.011,5164.52,E 60 s / 60 s,7.8414,74.7,917504,4.88028,0.0029,0.4222,0.2843,0.4146,0.0016,0.0008,0.5576,0.0102,0.1967,0.0059,0.0651,5.8794
08:50:06.015,5166.52,E 60 s / 60 s,8.621,74.7,917504,4.95532,0.0031,0.4511,0.2836,0.4464,0.0008,0.0004,0.5745,0.0,0.5231,0.0112,0.0659,6.261
08:50:08.016,5168.52,E 60 s / 60 s,6.1269,74.7,917504,5.03304,0.0032,0.2903,0.2325,0.3794,0.0016,0.0002,0.5072,0.007,0.0399,0.0,0.0638,4.6018
08:50:10.015,5170.52,E 60 s / 60 s,7.5475,76.8,917504,4.86688,0.0031,0.4736,0.2501,0.3985,0.0014,0.0,0.5388,0.0,0.2024,0.0062,0.0613,5.612
08:50:12.015,5172.52,E 60 s / 60 s,7.6869,77.4,917504,4.9312,0.0031,0.4089,0.3478,0.4214,0.0008,0.0002,0.5329,0.0068,0.4886,0.0109,0.0615,5.404
08:50:14.015,5174.52,E 60 s / 60 s,9.5502,75.7,917504,4.88698,0.0033,0.3465,0.2367,0.4111,0.0008,0.0002,0.5456,0.0,0.2454,0.0053,0.0644,7.6908
08:50:16.016,5176.52,E 60 s / 60 s,5.8956,76.8,917504,4.9513,0.003,0.3729,0.2194,0.403,0.0016,0.0008,0.5329,0.0068,0.2005,0.0027,0.0671,4.0849
08:50:18.016,5178.52,E 60 s / 60 s,8.9371,76.3,917504,4.88698,0.0031,0.4466,0.3526,0.4279,0.0002,0.0002,0.5364,0.0,0.4586,0.0071,0.0631,6.6413
08:50:20.016,5180.52,E 60 s / 60 s,10.0723,77.4,917504,4.86688,0.0028,0.3975,0.3459,0.4066,0.0,0.0008,0.5197,0.0034,0.3291,0.0056,0.0619,7.9992
08:50:22.015,5182.52,E 60 s / 60 s,10.2612,78.5,917504,4.87224,0.0032,0.3778,0.2335,0.3935,0.0016,0.0004,0.5898,0.0,0.2032,0.0024,0.059,8.3967
08:50:24.015,5184.52,E 60 s / 60 s,6.518,78.5,917504,4.958,0.0035,0.3958,0.2288,0.4058,0.0006,0.0008,0.5979,0.0034,0.2657,0.0077,0.0649,4.543
08:50:26.119,5186.52,E 60 s / 60 s,9.9865,77.9,917504,4.86554,0.0031,0.3199,0.2285,0.4088,0.0016,0.0008,0.5592,0.0,0.1665,0.0003,0.0666,8.2312
08:50:28.017,5188.52,E 60 s / 60 s,9.1356,77.9,917504,4.97274,0.003,0.3257,0.2307,0.4273,0.0032,0.0008,0.5197,0.0137,0.3001,0.0032,0.0608,7.2474
08:50:30.016,5190.52,E 60 s / 60 s,9.9808,77.9,917504,4.96202,0.0031,0.3945,0.2477,0.4094,0.0016,0.0008,0.5963,0.0,0.2831,0.0074,0.0632,7.9738
08:50:32.020,5192.53,E 60 s / 60 s,10.3166,78.5,917504,4.96202,0.0031,0.4171,0.349,0.4309,0.0032,0.0002,0.5745,0.0102,0.2339,0.0038,0.0648,8.2258
08:50:34.019,5194.53,E 60 s / 60 s,8.6812,78.5,917504,4.88832,0.0035,0.3708,0.3697,0.4269,0.0016,0.0008,0.5603,0.0138,0.5092,0.0079,0.0641,6.3526
08:50:36.019,5196.53,E 60 s / 60 s,10.2523,79.6,917504,4.8709,0.003,0.3456,0.2221,0.4357,0.0012,0.0002,0.5878,0.0,0.4778,0.0056,0.0621,8.1112
08:50:38.021,5198.53,E 60 s / 60 s,6.4283,78.5,917504,5.00892,0.0031,0.4466,0.2477,0.4244,0.0032,0.0008,0.5842,0.0,0.3356,0.0071,0.0616,4.3139
08:50:40.019,5200.53,E 60 s / 60 s,10.2608,79.6,917504,4.86822,0.003,0.3065,0.348,0.4076,0.0016,0.0004,0.5683,0.0,0.2657,0.0006,0.0612,8.2978
08:50:42.019,5202.53,E 60 s / 60 s,6.5738,79.6,917504,4.86822,0.0034,0.4707,0.2827,0.4417,0.0016,0.0002,0.5422,0.0,0.2932,0.0153,0.0638,4.459
08:50:44.019,5204.53,E 60 s / 60 s,9.7198,79.0,917504,4.89904,0.0028,0.3957,0.2454,0.4096,0.0016,0.0,0.5907,0.0,0.2667,0.0003,0.0659,7.7411
08:50:46.015,5206.53,E 60 s / 60 s,3.4417,69.7,917504,5.10808,0.0028,0.2864,0.3546,0.3755,0.0012,0.0008,0.5207,0.0,0.0368,0.0,0.0674,1.7954
08:50:48.015,5208.53,E 60 s / 60 s,3.2686,67.5,917504,5.10138,0.0031,0.3005,0.2244,0.3784,0.001,0.0002,0.5398,0.0105,0.0336,0.0,0.0657,1.7114
08:50:50.120,5210.53,E 60 s / 60 s,2.6044,64.2,917504,5.12282,0.0026,0.3925,0.2236,0.3619,0.0012,0.0006,0.5432,0.0035,0.0431,0.0,0.0671,0.965
08:50:52.020,5212.53,E 60 s / 60 s,2.4951,62.6,917504,5.13354,0.0031,0.3007,0.2252,0.3635,0.0016,0.0002,0.5475,0.0105,0.0302,0.0,0.0672,0.9454
08:50:54.120,5214.53,E 60 s / 60 s,2.5479,60.9,917504,5.13622,0.0031,0.3001,0.2352,0.3632,0.0002,0.0002,0.6213,0.0,0.0281,0.0,0.0704,0.9261
08:50:56.016,5216.53,E 60 s / 60 s,2.5577,60.4,917504,5.13354,0.0029,0.3016,0.3467,0.3707,0.0006,0.0002,0.5327,0.0,0.0259,0.0,0.0698,0.9064
08:50:58.016,5218.53,E 60 s / 60 s,2.5726,60.4,917504,5.13622,0.0032,0.3011,0.375,0.3667,0.0012,0.0002,0.5365,0.0,0.0336,0.0,0.0679,0.8872
08:51:00.116,5220.53,E 60 s / 60 s,2.4435,58.7,917504,5.13622,0.0026,0.3018,0.2275,0.3635,0.0016,0.0004,0.5584,0.0071,0.0356,0.0,0.0704,0.8746
08:51:02.016,5222.53,E 60 s / 60 s,2.3748,58.2,917504,5.14024,0.0027,0.2801,0.2266,0.3626,0.001,0.0002,0.5433,0.0,0.0292,0.0,0.0673,0.8618
08:51:04.016,5224.53,E 60 s / 60 s,2.3705,57.6,917504,5.14024,0.0027,0.2786,0.2337,0.3637,0.0024,0.0002,0.5199,0.0141,0.0249,0.0,0.0685,0.8618
08:51:06.116,5226.53,E 60 s / 60 s,2.4696,57.6,917504,5.14024,0.0027,0.3514,0.2519,0.3733,0.0016,0.0002,0.5311,0.0,0.0292,0.0,0.0672,0.8611
08:51:08.016,5228.53,E 60 s / 60 s,2.3909,57.6,917504,5.13488,0.0035,0.2822,0.251,0.3661,0.0004,0.0002,0.5336,0.0035,0.0184,0.0,0.0698,0.8621
08:51:10.016,5230.53,E 60 s / 60 s,2.4749,56.5,917504,5.13354,0.0031,0.3021,0.235,0.3633,0.0004,0.0004,0.5816,0.0106,0.0389,0.0,0.0647,0.8746
08:51:12.017,5232.53,E 60 s / 60 s,2.6916,56.5,917504,5.13756,0.0026,0.3724,0.359,0.3799,0.0018,0.0004,0.5326,0.0,0.026,0.0,0.0647,0.9522
08:51:14.120,5234.53,E 60 s / 60 s,2.4309,55.4,917504,5.14426,0.0029,0.3026,0.2343,0.3619,0.0016,0.0002,0.5671,0.0,0.0456,0.0,0.0659,0.8489
08:51:16.017,5236.53,E 60 s / 60 s,2.413,56.0,917504,5.13622,0.0033,0.3048,0.2362,0.3555,0.0032,0.0,0.5671,0.0106,0.0313,0.0,0.0648,0.836
08:51:18.017,5238.53,E 60 s / 60 s,2.4528,54.9,917504,5.13354,0.0027,0.3045,0.35,0.369,0.0008,0.0004,0.5028,0.0,0.0346,0.0,0.0648,0.8232
08:51:20.017,5240.53,E 60 s / 60 s,2.3911,55.4,917504,5.14158,0.0032,0.3057,0.2247,0.3707,0.0016,0.0,0.5611,0.0,0.0367,0.0,0.0703,0.8171
08:51:22.017,5242.53,E 60 s / 60 s,2.4676,54.9,917504,5.1389,0.0033,0.354,0.2546,0.3653,0.0018,0.0004,0.5713,0.0,0.0259,0.0,0.068,0.8229
08:51:24.017,5244.53,E 60 s / 60 s,2.3316,54.9,917504,5.14694,0.0026,0.2811,0.2287,0.3666,0.0008,0.0,0.5453,0.0035,0.0227,0.0,0.0699,0.8103
08:51:26.017,5246.53,E 60 s / 60 s,2.4383,53.8,917504,5.14292,0.0031,0.3022,0.2367,0.3626,0.0006,0.0,0.6015,0.0071,0.0346,0.0,0.073,0.8168
08:51:28.017,5248.53,E 60 s / 60 s,2.5667,54.9,917504,5.14158,0.0027,0.3749,0.3586,0.3702,0.0024,0.0,0.535,0.0,0.0325,0.0,0.0662,0.8241
08:51:30.017,5250.53,E 60 s / 60 s,2.3489,53.8,917504,5.14828,0.0026,0.3076,0.2333,0.3666,0.0,0.0,0.5394,0.0,0.026,0.0,0.0692,0.8042
08:51:32.017,5252.53,E 60 s / 60 s,2.4861,54.3,917504,5.14292,0.0027,0.3848,0.2363,0.3724,0.0004,0.0,0.5941,0.0,0.0184,0.0,0.0666,0.8103
08:51:34.119,5254.53,E 60 s / 60 s,2.3435,53.2,917504,5.1389,0.0032,0.3051,0.2219,0.3626,0.0004,0.0,0.5462,0.0035,0.0217,0.0,0.0685,0.8103
08:51:36.120,5256.53,E 60 s / 60 s,2.3379,53.8,917504,5.14024,0.0033,0.2791,0.2875,0.3679,0.0006,0.0,0.5086,0.0,0.0238,0.0,0.0693,0.7978
08:51:38.017,5258.53,E 60 s / 60 s,2.4738,53.2,917504,5.13622,0.0031,0.3067,0.3418,0.3706,0.0002,0.0,0.5456,0.0071,0.0248,0.0,0.0691,0.8048
08:51:40.017,5260.53,E 60 s / 60 s,2.3941,53.2,917504,5.1456,0.0026,0.2812,0.3219,0.3654,0.0016,0.0004,0.5123,0.0,0.0323,0.0,0.072,0.8042
08:51:42.018,5262.53,E 60 s / 60 s,2.422,53.8,917504,5.14292,0.0025,0.306,0.2374,0.3688,0.0,0.0002,0.6003,0.0036,0.0324,0.0,0.0673,0.8036
08:51:44.018,5264.53,E 60 s / 60 s,2.5291,53.8,917504,5.14292,0.0031,0.3044,0.3539,0.3671,0.0004,0.0,0.5734,0.0,0.0539,0.0,0.0693,0.8036
08:51:46.018,5266.53,E 60 s / 60 s,6.0371,62.0,917504,5.11076,0.0031,0.2811,0.226,0.3738,0.0006,0.0008,0.5391,0.0,0.0497,0.0,0.069,4.4938
08:51:48.026,5268.53,E 60 s / 60 s,8.0153,66.4,917504,4.98882,0.0047,0.3603,0.2232,0.403,0.0004,0.0008,0.5682,0.0,0.3351,0.0083,0.068,6.0433
08:51:50.019,5270.53,E 60 s / 60 s,6.6528,69.2,917504,4.89502,0.0033,0.4511,0.2501,0.4408,0.0032,0.0002,0.5991,0.0,0.4953,0.0169,0.0658,4.327
08:51:52.019,5272.53,E 60 s / 60 s,8.8984,70.8,917504,4.90306,0.0027,0.3515,0.2247,0.4248,0.0016,0.0008,0.5913,0.0104,0.3515,0.0158,0.0658,6.8575
08:51:54.019,5274.53,E 60 s / 60 s,6.0446,70.8,917504,5.024999,0.0033,0.476,0.2501,0.3948,0.0004,0.0008,0.5912,0.0034,0.1962,0.0106,0.0649,4.053
08:51:56.026,5276.53,E 60 s / 60 s,7.4699,71.9,917504,4.92986,0.0034,0.4013,0.2239,0.4301,0.0004,0.0002,0.5782,0.0138,0.3351,0.0132,0.0662,5.4041
08:51:58.023,5278.53,E 60 s / 60 s,10.3055,74.7,917504,4.88698,0.003,0.3977,0.3351,0.3948,0.0032,0.0002,0.5164,0.0,0.1967,0.0074,0.0674,8.3836
08:52:00.023,5280.53,E 60 s / 60 s,10.1902,74.1,917504,4.87894,0.0032,0.3244,0.2248,0.4234,0.0004,0.0,0.5524,0.0,0.4875,0.008,0.065,8.101
08:52:02.023,5282.53,E 60 s / 60 s,9.8676,74.1,917504,4.88832,0.0035,0.4435,0.3522,0.407,0.0004,0.0008,0.5395,0.0,0.2988,0.0018,0.0657,7.7544
08:52:04.027,5284.53,E 60 s / 60 s,9.8262,74.7,917504,4.8977,0.0033,0.3038,0.2329,0.4214,0.0,0.0008,0.5401,0.0,0.4874,0.0074,0.0674,7.7617
08:52:06.022,5286.53,E 60 s / 60 s,6.4336,74.1,917504,5.0585,0.003,0.2873,0.2832,0.3812,0.0016,0.0002,0.5067,0.0,0.0399,0.0,0.0666,4.8637
08:52:08.027,5288.54,E 60 s / 60 s,8.0936,76.8,917504,4.86822,0.0035,0.4493,0.3373,0.4006,0.0004,0.0,0.5034,0.0,0.2703,0.0092,0.0631,6.0567
08:52:10.027,5290.54,E 60 s / 60 s,10.0372,76.8,917504,4.87894,0.0028,0.3996,0.3546,0.4248,0.0016,0.0002,0.5423,0.0,0.2491,0.0015,0.0616,7.9992
08:52:12.028,5292.54,E 60 s / 60 s,8.1411,76.8,917504,4.8441,0.0031,0.3618,0.2507,0.4127,0.0016,0.0008,0.5136,0.0,0.3326,0.0136,0.0621,6.1886
08:52:14.027,5294.54,E 60 s / 60 s,9.3513,76.8,917504,4.89636,0.0031,0.341,0.2249,0.3976,0.0016,0.0002,0.5683,0.0034,0.1838,0.0053,0.0646,7.5574
08:52:16.028,5296.54,E 60 s / 60 s,6.4644,76.8,917504,4.89904,0.0031,0.3969,0.2205,0.4266,0.0008,0.0004,0.5669,0.0069,0.4528,0.0189,0.065,4.3054
08:52:18.027,5298.54,E 60 s / 60 s,10.0358,77.4,917504,5.0049,0.0032,0.3453,0.2505,0.4167,0.0002,0.0008,0.5371,0.0034,0.338,0.0056,0.0646,8.0705
08:52:20.031,5300.54,E 60 s / 60 s,10.0533,77.9,917504,4.86688,0.0031,0.431,0.3185,0.4055,0.0012,0.0,0.5239,0.0069,0.1978,0.0077,0.0617,8.096
08:52:22.031,5302.54,E 60 s / 60 s,6.4672,77.9,917504,4.8776,0.0029,0.4235,0.3503,0.4663,0.001,0.0002,0.5326,0.0,0.3451,0.0112,0.0592,4.2748
08:52:24.031,5304.54,E 60 s / 60 s,10.2495,77.9,917504,4.85616,0.0027,0.3967,0.2328,0.4132,0.0016,0.0008,0.5907,0.0,0.2493,0.0098,0.0645,8.2875
08:52:26.031,5306.54,E 60 s / 60 s,7.1737,77.4,917504,4.958,0.0039,0.4984,0.2499,0.4302,0.0004,0.0008,0.5993,0.0,0.4399,0.0089,0.0646,4.8774
08:52:28.032,5308.54,E 60 s / 60 s,4.8441,77.4,917504,5.01026,0.0035,0.3568,0.2371,0.3875,0.0008,0.0004,0.5304,0.0103,0.2363,0.0065,0.0631,3.0112
08:52:30.031,5310.54,E 60 s / 60 s,10.1171,78.5,917504,4.87626,0.0031,0.3309,0.3524,0.4124,0.0006,0.0002,0.5075,0.0068,0.492,0.0139,0.0643,7.9331
08:52:32.031,5312.54,E 60 s / 60 s,10.0574,79.0,917504,4.92986,0.0037,0.3938,0.234,0.4025,0.0016,0.0002,0.5874,0.0239,0.3353,0.0006,0.0648,8.0094
08:52:34.031,5314.54,E 60 s / 60 s,9.7485,79.6,917504,4.96872,0.0033,0.3931,0.3427,0.4088,0.0012,0.0002,0.5771,0.0,0.3341,0.0071,0.0617,7.619
08:52:36.033,5316.54,E 60 s / 60 s,8.0835,77.9,917504,4.97274,0.0031,0.4454,0.25,0.4291,0.0018,0.0002,0.5386,0.0,0.4136,0.0109,0.0644,5.9264
08:52:38.031,5318.54,E 60 s / 60 s,8.2856,79.6,917504,4.8575,0.0033,0.3259,0.2217,0.4127,0.0012,0.0002,0.5318,0.0068,0.3363,0.0,0.0601,6.3855
08:52:40.032,5320.54,E 60 s / 60 s,10.0858,79.0,917504,4.9848,0.0034,0.3593,0.3546,0.4068,0.0012,0.0004,0.5553,0.0102,0.3348,0.0056,0.0652,7.989
08:52:42.035,5322.54,E 60 s / 60 s,9.7608,79.0,917504,4.95264,0.003,0.3934,0.32,0.42,0.0012,0.0008,0.5059,0.0,0.2497,0.008,0.0638,7.795
08:52:44.031,5324.54,E 60 s / 60 s,10.5418,79.6,917504,4.86822,0.0033,0.4378,0.2338,0.4094,0.0008,0.0002,0.6499,0.0136,0.2327,0.0015,0.0627,8.4962
08:52:46.028,5326.54,E 60 s / 60 s,3.4391,70.3,917504,5.09334,0.0033,0.3237,0.2608,0.376,0.0016,0.0002,0.5863,0.007,0.0249,0.0,0.0674,1.7878
08:52:48.028,5328.54,E 60 s / 60 s,3.3458,66.4,917504,5.0987,0.0033,0.3525,0.2501,0.3838,0.0032,0.0,0.5392,0.0105,0.0249,0.0,0.0669,1.7114
08:52:50.028,5330.54,E 60 s / 60 s,2.5677,64.2,917504,5.13488,0.0031,0.3014,0.2244,0.3688,0.0012,0.0002,0.6036,0.0035,0.0269,0.0,0.0702,0.9643
08:52:52.028,5332.54,E 60 s / 60 s,2.5806,63.1,917504,5.11746,0.0029,0.3016,0.3386,0.3688,0.0008,0.0004,0.5197,0.0071,0.0401,0.0,0.0678,0.9329
08:52:54.029,5334.54,E 60 s / 60 s,2.445,60.9,917504,5.1389,0.0028,0.2833,0.2262,0.3686,0.0008,0.0004,0.5415,0.0,0.0367,0.0,0.0716,0.9132
08:52:56.029,5336.54,E 60 s / 60 s,2.5386,59.8,917504,5.13756,0.0029,0.3517,0.2535,0.3655,0.0008,0.0004,0.5365,0.0071,0.039,0.0,0.0679,0.9132
08:52:58.029,5338.54,E 60 s / 60 s,2.5715,59.3,917504,5.12952,0.0035,0.3023,0.3838,0.3733,0.0012,0.0,0.5139,0.0035,0.026,0.0,0.0698,0.8943
08:53:00.029,5340.54,E 60 s / 60 s,2.4806,58.7,917504,5.13622,0.0029,0.3271,0.235,0.3616,0.0016,0.0002,0.5789,0.0,0.028,0.0,0.071,0.8743
08:53:02.029,5342.54,E 60 s / 60 s,2.5239,57.6,917504,5.1322,0.0031,0.303,0.3561,0.3679,0.0004,0.0,0.5182,0.0,0.0302,0.0,0.0693,0.8756
08:53:04.029,5344.54,E 60 s / 60 s,2.4256,57.6,917504,5.14024,0.0035,0.2834,0.2876,0.3672,0.0004,0.0004,0.51,0.0141,0.0281,0.0,0.0691,0.8618
08:53:06.029,5346.54,E 60 s / 60 s,2.4646,57.6,917504,5.13756,0.0029,0.3523,0.2544,0.3666,0.0008,0.0004,0.5423,0.0035,0.0249,0.0,0.0678,0.8486
08:53:08.029,5348.54,E 60 s / 60 s,2.4909,56.5,917504,5.1389,0.0031,0.3025,0.3228,0.3654,0.0018,0.0002,0.5215,0.0106,0.0313,0.0,0.0698,0.8618
08:53:10.029,5350.54,E 60 s / 60 s,2.3933,56.5,917504,5.14158,0.0025,0.3027,0.2292,0.365,0.0008,0.0004,0.542,0.0106,0.0293,0.0,0.0673,0.8434
08:53:12.029,5352.54,E 60 s / 60 s,2.5132,56.5,917504,5.1389,0.0033,0.3538,0.2536,0.3667,0.0006,0.0004,0.5931,0.0071,0.0324,0.0,0.066,0.836
08:53:14.029,5354.54,E 60 s / 60 s,2.3657,56.0,917504,5.1456,0.0026,0.28,0.2341,0.3661,0.0006,0.0,0.5365,0.0,0.039,0.0,0.0697,0.837
08:53:16.029,5356.54,E 60 s / 60 s,2.3622,55.4,917504,5.1389,0.0025,0.304,0.2199,0.3635,0.0016,0.0,0.5427,0.0,0.0227,0.0,0.0698,0.8354
08:53:18.029,5358.54,E 60 s / 60 s,2.4934,55.4,917504,5.13354,0.0027,0.3673,0.2863,0.3646,0.0018,0.0,0.5326,0.0,0.0324,0.0,0.0699,0.8357
08:53:20.029,5360.54,E 60 s / 60 s,2.3672,54.9,917504,5.13756,0.0029,0.2825,0.2526,0.3671,0.0004,0.0002,0.5107,0.0106,0.041,0.0,0.0698,0.8293
08:53:22.030,5362.54,E 60 s / 60 s,2.3523,55.4,917504,5.14158,0.0027,0.3036,0.2233,0.3652,0.0016,0.0002,0.5349,0.0035,0.0228,0.0,0.0648,0.8296
08:53:24.030,5364.54,E 60 s / 60 s,2.4564,54.9,917504,5.13354,0.0031,0.3042,0.3401,0.3644,0.0018,0.0002,0.5132,0.0,0.0249,0.0,0.068,0.8364
08:53:26.030,5366.54,E 60 s / 60 s,2.4059,54.9,917504,5.14158,0.0028,0.2771,0.2542,0.3617,0.0008,0.0004,0.5197,0.0071,0.0281,0.0,0.0729,0.8811
08:53:28.030,5368.54,E 60 s / 60 s,2.6333,54.9,917504,5.14426,0.0031,0.3044,0.2238,0.3649,0.0004,0.0002,0.5456,0.0,0.0388,0.0,0.0661,1.086
08:53:30.030,5370.54,E 60 s / 60 s,2.4778,54.3,917504,5.1389,0.0028,0.2805,0.2861,0.3608,0.0008,0.0004,0.5305,0.0,0.04,0.0,0.0705,0.9053
08:53:32.030,5372.54,E 60 s / 60 s,2.3596,54.3,917504,5.13756,0.0034,0.2809,0.2864,0.3599,0.0002,0.0004,0.5164,0.0,0.0356,0.0,0.0724,0.8039
08:53:34.030,5374.54,E 60 s / 60 s,2.3586,53.8,917504,5.14694,0.0025,0.3041,0.2242,0.369,0.0008,0.0002,0.5381,0.0,0.0412,0.0,0.0685,0.81
08:53:36.030,5376.54,E 60 s / 60 s,2.5112,53.8,917504,5.1456,0.0031,0.3059,0.3528,0.3732,0.0032,0.0004,0.5326,0.0,0.0292,0.0,0.0741,0.8367
08:53:38.030,5378.54,E 60 s / 60 s,2.3258,54.3,917504,5.14158,0.0031,0.2811,0.2229,0.3702,0.0006,0.0,0.5446,0.0,0.0195,0.0,0.0736,0.8103
08:53:40.030,5380.54,E 60 s / 60 s,2.456,54.3,917504,5.14292,0.0031,0.3559,0.2544,0.3646,0.0016,0.0,0.5745,0.0036,0.0281,0.0,0.0661,0.8042
08:53:42.030,5382.54,E 60 s / 60 s,2.4874,53.8,917504,5.14962,0.0029,0.3562,0.2528,0.365,0.0008,0.0002,0.5854,0.0,0.0324,0.0,0.0686,0.8232
08:53:44.030,5384.54,E 60 s / 60 s,2.3869,53.2,917504,5.14962,0.0031,0.3065,0.2207,0.3654,0.0004,0.0004,0.5864,0.0,0.0313,0.0,0.0686,0.8042
08:53:46.032,5386.54,E 60 s / 60 s,5.622,63.7,917504,4.93924,0.0029,0.3367,0.2853,0.4124,0.0004,0.0008,0.5142,0.0034,0.1966,0.0053,0.0669,3.7971
08:53:48.031,5388.54,E 60 s / 60 s,9.2316,67.0,917504,4.8977,0.0031,0.4018,0.2512,0.3988,0.0,0.0002,0.5875,0.0,0.4832,0.0107,0.0662,7.0289
08:53:50.035,5390.54,E 60 s / 60 s,9.5534,68.6,917504,5.03304,0.0033,0.4319,0.2851,0.4072,0.0032,0.0002,0.5658,0.0,0.4705,0.0009,0.0629,7.3223
08:53:52.039,5392.54,E 60 s / 60 s,6.2115,69.7,917504,5.10004,0.0029,0.4958,0.2259,0.3778,0.0008,0.0,0.5326,0.0104,0.0584,0.0056,0.0701,4.4313
08:53:54.035,5394.54,E 60 s / 60 s,9.6726,72.5,917504,4.92048,0.0028,0.2996,0.32,0.4247,0.0012,0.0008,0.5211,0.0034,0.4752,0.0003,0.0646,7.559
08:53:56.035,5396.54,E 60 s / 60 s,8.8408,73.0,917504,4.89904,0.0032,0.483,0.355,0.4287,0.0004,0.0008,0.5881,0.0,0.213,0.0083,0.0647,6.6956
08:53:58.035,5398.54,E 60 s / 60 s,6.7957,73.0,917504,4.99016,0.0031,0.4005,0.3558,0.4326,0.0002,0.0002,0.5422,0.0,0.4709,0.013,0.0667,4.5105
08:54:00.035,5400.54,E 60 s / 60 s,8.3972,74.1,917504,4.97408,0.0032,0.3732,0.2307,0.4002,0.0012,0.0,0.5818,0.0104,0.2326,0.0056,0.0677,6.4905
08:54:02.035,5402.54,E 60 s / 60 s,6.4279,74.1,917504,4.89368,0.0031,0.4636,0.3794,0.3985,0.0004,0.0008,0.5335,0.0,0.2327,0.0038,0.063,4.3491
08:54:04.035,5404.54,E 60 s / 60 s,10.544,75.2,917504,4.87894,0.0033,0.4269,0.3542,0.423,0.0032,0.0002,0.5391,0.0,0.4746,0.0065,0.0615,8.2514
08:54:06.035,5406.54,E 60 s / 60 s,6.5695,75.2,917504,4.88698,0.0028,0.4706,0.3811,0.447,0.0032,0.0,0.5003,0.0,0.4746,0.0115,0.0661,4.2123
08:54:08.035,5408.54,E 60 s / 60 s,9.8473,75.7,917504,4.9714,0.0029,0.347,0.2333,0.4065,0.0008,0.0004,0.5829,0.0068,0.2852,0.0079,0.0687,7.9048
08:54:10.035,5410.54,E 60 s / 60 s,9.9315,77.4,917504,4.87626,0.0028,0.3977,0.3503,0.391,0.0006,0.0004,0.5202,0.0069,0.162,0.0109,0.0616,8.0271
08:54:12.035,5412.54,E 60 s / 60 s,9.6748,76.3,917504,4.87492,0.0031,0.3587,0.2228,0.4149,0.0002,0.0002,0.5621,0.0068,0.185,0.0053,0.0643,7.8513
08:54:14.036,5414.54,E 60 s / 60 s,10.1355,76.8,917504,4.8776,0.0033,0.3471,0.2845,0.4181,0.001,0.0004,0.5329,0.0136,0.3341,0.0156,0.0607,8.124
08:54:16.036,5416.54,E 60 s / 60 s,9.642,76.3,917504,4.98346,0.0029,0.3512,0.2839,0.4179,0.0018,0.0008,0.5067,0.0035,0.3342,0.0112,0.0626,7.6653
08:54:18.035,5418.54,E 60 s / 60 s,7.3842,76.8,917504,5.07994,0.0035,0.2955,0.2235,0.4047,0.0032,0.0008,0.5422,0.0069,0.0346,0.003,0.0692,5.797
08:54:20.039,5420.55,E 60 s / 60 s,9.9098,78.5,917504,4.94058,0.003,0.3066,0.3535,0.3897,0.0016,0.0008,0.5067,0.0103,0.2324,0.0056,0.0619,8.0375
08:54:22.039,5422.55,E 60 s / 60 s,7.2223,77.9,917504,4.89368,0.0029,0.4126,0.3203,0.4318,0.0004,0.0002,0.5361,0.0,0.4219,0.0121,0.0659,5.018
08:54:24.039,5424.55,E 60 s / 60 s,10.2014,79.0,917504,5.0049,0.0034,0.3966,0.2233,0.3963,0.0004,0.0008,0.5204,0.0102,0.1984,0.0033,0.0645,8.3838
08:54:26.039,5426.55,E 60 s / 60 s,10.0198,77.4,917504,4.8843,0.0033,0.3732,0.2529,0.4153,0.0002,0.0002,0.5422,0.0,0.2263,0.0053,0.0669,8.1341
08:54:28.038,5428.55,E 60 s / 60 s,6.6193,76.3,917504,5.09066,0.0032,0.3217,0.2505,0.3759,0.0008,0.0004,0.581,0.0,0.0347,0.0,0.0698,4.9813
08:54:30.041,5430.55,E 60 s / 60 s,9.5019,78.5,917504,4.88698,0.0031,0.3449,0.2291,0.4229,0.0012,0.0002,0.5886,0.0,0.1908,0.0012,0.0645,7.6554
08:54:32.045,5432.55,E 60 s / 60 s,10.3125,78.5,917504,4.85348,0.0029,0.4194,0.2844,0.4214,0.0008,0.0002,0.535,0.0069,0.2895,0.0136,0.0638,8.2745
08:54:34.043,5434.55,E 60 s / 60 s,8.6096,78.5,917504,4.88698,0.0032,0.3946,0.3531,0.4568,0.0002,0.0002,0.5196,0.0102,0.4753,0.0106,0.0657,6.32
08:54:36.043,5436.55,E 60 s / 60 s,9.7271,79.0,917504,4.97274,0.0031,0.3449,0.222,0.4141,0.0006,0.0002,0.5499,0.0,0.2745,0.0056,0.0616,7.8505
08:54:38.047,5438.56,E 60 s / 60 s,10.5891,80.1,917504,4.88698,0.0031,0.3968,0.3445,0.4429,0.0008,0.0,0.5131,0.0102,0.3348,0.0029,0.0618,8.4782
08:54:40.047,5440.56,E 60 s / 60 s,9.4304,80.1,917504,4.90976,0.0031,0.3692,0.2348,0.4515,0.0004,0.0,0.5846,0.0,0.2897,0.0094,0.0656,7.4222
08:54:42.044,5442.56,E 60 s / 60 s,6.615,79.0,917504,4.89904,0.0031,0.4206,0.2342,0.4504,0.0014,0.0002,0.5939,0.0172,0.4986,0.0065,0.0618,4.327
08:54:44.047,5444.56,E 60 s / 60 s,10.0508,79.6,917504,4.94728,0.0032,0.3342,0.2314,0.4375,0.0006,0.0002,0.5131,0.0,0.1473,0.0053,0.0631,8.3148
08:54:46.047,5446.56,E 60 s / 60 s,3.337,70.3,917504,5.09602,0.0031,0.2974,0.2223,0.3772,0.0012,0.0002,0.5327,0.0035,0.0282,0.0,0.0686,1.8025
08:54:48.043,5448.56,E 60 s / 60 s,3.5038,67.5,917504,5.11076,0.0031,0.3875,0.3565,0.3795,0.0004,0.0008,0.5345,0.0,0.0271,0.0,0.0643,1.7501
08:54:50.043,5450.56,E 60 s / 60 s,2.6642,65.3,917504,5.13488,0.0031,0.3496,0.2374,0.3679,0.001,0.0004,0.6206,0.0,0.0357,0.0,0.0653,0.9832
08:54:52.044,5452.56,E 60 s / 60 s,2.5712,63.1,917504,5.1456,0.0032,0.2816,0.2551,0.3756,0.0008,0.0004,0.5093,0.0035,0.0346,0.0,0.0684,1.0388
08:54:54.044,5454.56,E 60 s / 60 s,2.521,60.4,917504,5.12818,0.0027,0.2796,0.2233,0.3635,0.0004,0.0002,0.6219,0.0106,0.0292,0.0,0.0691,0.9207
08:54:56.044,5456.56,E 60 s / 60 s,2.5439,60.4,917504,5.14024,0.0033,0.3504,0.2912,0.3673,0.0004,0.0004,0.5333,0.0,0.0357,0.0,0.068,0.8939
08:54:58.044,5458.56,E 60 s / 60 s,2.4356,59.3,917504,5.13488,0.0029,0.2824,0.2875,0.3654,0.0006,0.0004,0.5151,0.0,0.0249,0.0,0.0691,0.8875
08:55:00.044,5460.56,E 60 s / 60 s,2.5648,58.2,917504,5.12818,0.0027,0.3512,0.2562,0.3707,0.0006,0.0004,0.6025,0.0,0.0282,0.0,0.0654,0.8868
08:55:02.044,5462.56,E 60 s / 60 s,2.499,57.6,917504,5.13622,0.0031,0.3021,0.3413,0.3654,0.0004,0.0002,0.5131,0.0,0.039,0.0,0.0661,0.8682
08:55:04.044,5464.56,E 60 s / 60 s,2.3752,57.1,917504,5.14292,0.0029,0.2779,0.2232,0.3585,0.0008,0.0004,0.5229,0.0035,0.053,0.0,0.0711,0.8611
08:55:06.044,5466.56,E 60 s / 60 s,2.4391,56.5,917504,5.1322,0.0031,0.3015,0.229,0.3633,0.0004,0.0,0.5911,0.0071,0.0293,0.0,0.066,0.8483
08:55:08.044,5468.56,E 60 s / 60 s,2.4935,56.5,917504,5.13354,0.0027,0.3037,0.3503,0.3653,0.0016,0.0002,0.5067,0.0035,0.0313,0.0,0.0661,0.8621
08:55:10.044,5470.56,E 60 s / 60 s,2.3309,56.0,917504,5.14292,0.0028,0.2799,0.223,0.3653,0.0006,0.0,0.5164,0.0,0.0303,0.0,0.0692,0.8434
08:55:12.048,5472.56,E 60 s / 60 s,2.4695,56.5,917504,5.1389,0.0031,0.302,0.254,0.3702,0.0008,0.0004,0.5878,0.0035,0.0228,0.0,0.0686,0.8563
08:55:14.044,5474.56,E 60 s / 60 s,2.4224,56.5,917504,5.13488,0.0032,0.2897,0.3244,0.3633,0.0006,0.0,0.5099,0.0035,0.0282,0.0,0.0697,0.8299
08:55:16.044,5476.56,E 60 s / 60 s,2.3301,55.4,917504,5.1456,0.0031,0.28,0.2219,0.3599,0.0016,0.0,0.5359,0.0035,0.0259,0.0,0.0685,0.8296
08:55:18.044,5478.56,E 60 s / 60 s,2.534,55.4,917504,5.13622,0.0028,0.3656,0.2558,0.3666,0.0008,0.0004,0.5972,0.0,0.0389,0.0,0.0699,0.836
08:55:20.044,5480.56,E 60 s / 60 s,2.3208,54.9,917504,5.14292,0.0025,0.2739,0.224,0.3617,0.0016,0.0,0.5326,0.0106,0.0259,0.0,0.0712,0.8168
08:55:22.045,5482.56,E 60 s / 60 s,2.4822,54.9,917504,5.14024,0.003,0.3538,0.2549,0.3702,0.0,0.0,0.5781,0.0,0.0292,0.0,0.0699,0.8232
08:55:24.045,5484.56,E 60 s / 60 s,2.4615,54.9,917504,5.12818,0.0031,0.3043,0.3414,0.3653,0.0032,0.0,0.5263,0.0,0.0238,0.0,0.0711,0.8229
08:55:26.045,5486.56,E 60 s / 60 s,2.322,53.8,917504,5.14694,0.0032,0.2805,0.2205,0.3696,0.0032,0.0,0.5358,0.0,0.0291,0.0,0.0697,0.8103
08:55:28.045,5488.56,E 60 s / 60 s,2.4228,54.9,917504,5.14158,0.0025,0.3036,0.236,0.3725,0.0002,0.0,0.5673,0.0106,0.0442,0.0,0.0698,0.8161
08:55:30.045,5490.56,E 60 s / 60 s,2.4507,54.9,917504,5.1322,0.0027,0.3055,0.3501,0.3654,0.0016,0.0004,0.507,0.0,0.0162,0.0,0.0712,0.8305
08:55:32.045,5492.56,E 60 s / 60 s,2.3731,53.8,917504,5.1389,0.0031,0.2803,0.2219,0.354,0.0032,0.0,0.5358,0.0035,0.0227,0.0,0.0742,0.8743
08:55:34.045,5494.56,E 60 s / 60 s,2.6193,53.8,917504,5.14024,0.0032,0.3535,0.255,0.3679,0.0006,0.0,0.5344,0.0036,0.0366,0.0,0.0674,0.9972
08:55:36.045,5496.56,E 60 s / 60 s,2.4479,55.4,917504,5.1456,0.0025,0.3067,0.3569,0.3631,0.0008,0.0004,0.5034,0.0035,0.0292,0.0,0.0705,0.8109
08:55:38.049,5498.56,E 60 s / 60 s,2.4008,53.8,917504,5.14426,0.0027,0.3059,0.2395,0.358,0.0,0.0002,0.5878,0.0035,0.0195,0.0,0.0736,0.81
08:55:40.045,5500.56,E 60 s / 60 s,2.4581,53.8,917504,5.14024,0.0027,0.3077,0.3417,0.3697,0.0018,0.0002,0.5164,0.0107,0.0347,0.0,0.0687,0.8039
08:55:42.045,5502.56,E 60 s / 60 s,2.3289,53.2,917504,5.14694,0.0028,0.2805,0.2362,0.3597,0.0008,0.0002,0.5391,0.0,0.0291,0.0,0.0698,0.8106
08:55:44.045,5504.56,E 60 s / 60 s,2.4262,53.2,917504,5.14292,0.0031,0.306,0.2367,0.3685,0.0006,0.0004,0.5756,0.0035,0.0336,0.0,0.0691,0.829
08:55:46.051,5506.56,E 60 s / 60 s,9.5631,63.1,917504,4.92048,0.0028,0.4013,0.3557,0.3924,0.0012,0.0008,0.5271,0.0,0.263,0.0024,0.0682,7.5484
08:55:48.048,5508.56,E 60 s / 60 s,9.6976,67.5,917504,4.8977,0.0033,0.4007,0.2497,0.409,0.0004,0.0008,0.5854,0.0172,0.4705,0.0,0.0691,7.4914
08:55:50.052,5510.56,E 60 s / 60 s,6.028,68.1,917504,4.89904,0.0025,0.3752,0.2861,0.471,0.0002,0.0002,0.4892,0.0,0.4235,0.01,0.0632,3.9068
08:55:52.047,5512.56,E 60 s / 60 s,10.3151,69.2,917504,5.11076,0.0032,0.4007,0.344,0.4301,0.0016,0.0002,0.5198,0.0,0.4664,0.0149,0.0664,8.0679
08:55:54.051,5514.56,E 60 s / 60 s,9.7273,71.4,917504,4.87894,0.0031,0.3213,0.2201,0.3928,0.0004,0.0004,0.5951,0.0,0.1098,0.0056,0.0643,8.0145
08:55:56.049,5516.56,E 60 s / 60 s,8.7119,72.5,917504,4.91646,0.0034,0.4005,0.2242,0.4179,0.0004,0.0002,0.5966,0.0,0.4336,0.0086,0.0672,6.5593
08:55:58.047,5518.56,E 60 s / 60 s,9.6701,73.6,917504,4.891,0.003,0.4511,0.2844,0.4257,0.0016,0.0002,0.581,0.0,0.3351,0.0092,0.0656,7.5131
08:56:00.048,5520.56,E 60 s / 60 s,7.2161,74.1,917504,4.94326,0.0028,0.4494,0.3164,0.409,0.0004,0.0004,0.5781,0.0102,0.1951,0.005,0.0649,5.1844
08:56:02.053,5522.56,E 60 s / 60 s,7.318,73.0,917504,4.97274,0.0028,0.4384,0.3544,0.438,0.0016,0.0008,0.5991,0.0,0.2622,0.0107,0.0683,5.1418
08:56:04.051,5524.56,E 60 s / 60 s,7.5818,75.7,917504,4.8709,0.0035,0.3261,0.352,0.4023,0.0006,0.0008,0.4969,0.0,0.197,0.0021,0.0632,5.7373
08:56:06.055,5526.56,E 60 s / 60 s,8.5317,75.7,917504,4.90976,0.0033,0.4706,0.3533,0.4231,0.0014,0.0002,0.5271,0.0172,0.4205,0.008,0.0631,6.2439
08:56:08.051,5528.56,E 60 s / 60 s,7.6414,75.2,917504,4.86554,0.0031,0.3359,0.2491,0.4254,0.0004,0.0002,0.5462,0.0034,0.4106,0.0239,0.0626,5.5805
08:56:10.052,5530.56,E 60 s / 60 s,6.2453,76.3,917504,4.88832,0.0031,0.376,0.2238,0.4572,0.0004,0.0008,0.5333,0.0,0.4325,0.0086,0.0673,4.1424
08:56:12.052,5532.56,E 60 s / 60 s,10.1365,76.3,917504,4.98346,0.0029,0.3269,0.2843,0.4167,0.0004,0.0004,0.5197,0.0204,0.301,0.0053,0.0682,8.1902
08:56:14.052,5534.56,E 60 s / 60 s,9.9601,76.3,917504,4.92718,0.0026,0.3244,0.2303,0.4135,0.0002,0.0002,0.5298,0.0102,0.2383,0.0,0.0661,8.1443
08:56:16.051,5536.56,E 60 s / 60 s,9.6787,75.7,917504,4.86554,0.0031,0.438,0.3542,0.4164,0.0008,0.0004,0.5426,0.0,0.3354,0.0151,0.0613,7.5113
08:56:18.053,5538.56,E 60 s / 60 s,6.4848,76.8,917504,4.87894,0.0031,0.4871,0.2881,0.4159,0.0004,0.0004,0.5377,0.0,0.4205,0.0121,0.0638,4.2555
08:56:20.055,5540.56,E 60 s / 60 s,5.9586,77.4,917504,4.87894,0.0029,0.3972,0.347,0.4425,0.0016,0.0004,0.535,0.0,0.4762,0.005,0.0682,3.6825
08:56:22.051,5542.56,E 60 s / 60 s,9.1902,77.9,917504,4.88832,0.0032,0.3501,0.2336,0.4344,0.0016,0.0002,0.5862,0.0034,0.2145,0.0059,0.0648,7.2923
08:56:24.051,5544.56,E 60 s / 60 s,8.3209,77.9,917504,4.88832,0.003,0.3989,0.3557,0.4354,0.0008,0.0002,0.5326,0.0068,0.2515,0.0154,0.0652,6.2555
08:56:26.155,5546.56,E 60 s / 60 s,8.7172,77.4,917504,4.97408,0.003,0.3566,0.2835,0.4109,0.0,0.0008,0.5435,0.0,0.2822,0.013,0.0652,6.7585
08:56:28.055,5548.56,E 60 s / 60 s,9.6378,77.4,917504,4.9915,0.0031,0.3687,0.3161,0.4096,0.0008,0.0004,0.4956,0.0103,0.3257,0.0146,0.0653,7.6277
08:56:30.056,5550.56,E 60 s / 60 s,10.0529,79.0,917504,4.86956,0.0027,0.4339,0.3523,0.4203,0.0008,0.0002,0.5257,0.0,0.2329,0.0059,0.0614,8.0168
08:56:32.056,5552.56,E 60 s / 60 s,8.1547,78.5,917504,5.00624,0.003,0.3463,0.2835,0.4041,0.0008,0.0002,0.5167,0.0,0.3387,0.0,0.0615,6.2
08:56:34.055,5554.56,E 60 s / 60 s,8.3525,77.9,917504,4.99686,0.0035,0.4099,0.2231,0.4284,0.0004,0.0002,0.5883,0.0,0.3734,0.0094,0.0601,6.2559
08:56:36.055,5556.56,E 60 s / 60 s,7.9686,78.5,917504,5.00892,0.0032,0.4462,0.3427,0.4094,0.0012,0.0004,0.535,0.0,0.3373,0.0009,0.0627,5.8297
08:56:38.060,5558.57,E 60 s / 60 s,7.1477,78.5,917504,4.98212,0.003,0.4745,0.347,0.4441,0.0012,0.0002,0.5336,0.0,0.5301,0.0107,0.0619,4.7413
08:56:40.059,5560.57,E 60 s / 60 s,9.8257,80.1,917504,4.85616,0.0035,0.3961,0.3524,0.4349,0.0,0.0002,0.585,0.0,0.2347,0.0059,0.0642,7.7488
08:56:42.059,5562.57,E 60 s / 60 s,9.9263,79.0,917504,5.00356,0.0031,0.3698,0.2337,0.4252,0.0008,0.0002,0.5654,0.0,0.2329,0.0018,0.0644,8.0292
08:56:44.059,5564.57,E 60 s / 60 s,9.7102,78.5,917504,4.92852,0.0033,0.4216,0.2843,0.4261,0.0004,0.0008,0.5333,0.0305,0.4768,0.0062,0.0614,7.4655
08:56:46.055,5566.57,E 60 s / 60 s,3.5221,70.8,917504,5.09736,0.0032,0.3478,0.2525,0.3786,0.001,0.0002,0.609,0.0035,0.0335,0.0,0.068,1.8248
08:56:48.055,5568.57,E 60 s / 60 s,3.385,67.0,917504,5.11344,0.0031,0.2981,0.3515,0.3756,0.0008,0.0008,0.542,0.0,0.0302,0.0,0.0649,1.7179
08:56:50.056,5570.57,E 60 s / 60 s,2.6225,65.3,917504,5.12282,0.0031,0.3004,0.3219,0.3715,0.0012,0.0002,0.5333,0.0,0.0324,0.0,0.0684,0.99
08:56:52.056,5572.57,E 60 s / 60 s,2.5466,62.0,917504,5.13488,0.0031,0.3015,0.2875,0.3724,0.0012,0.0004,0.5365,0.0,0.0303,0.0,0.0676,0.9461
08:56:54.056,5574.57,E 60 s / 60 s,2.5043,62.0,917504,5.13086,0.0029,0.2984,0.2243,0.3549,0.0012,0.0004,0.5946,0.0,0.042,0.0,0.0659,0.9197
08:56:56.056,5576.57,E 60 s / 60 s,2.4883,59.8,917504,5.1389,0.0029,0.3012,0.2272,0.365,0.0008,0.0002,0.5884,0.0035,0.0291,0.0,0.0696,0.9004
08:56:58.056,5578.57,E 60 s / 60 s,2.4813,59.3,917504,5.13488,0.0031,0.2776,0.2526,0.3688,0.0008,0.0,0.5326,0.0,0.0898,0.0,0.0685,0.8875
08:57:00.060,5580.57,E 60 s / 60 s,2.4687,57.6,917504,5.14024,0.0031,0.3015,0.2257,0.3671,0.0002,0.0004,0.5908,0.0035,0.0356,0.0,0.066,0.8746
08:57:02.056,5582.57,E 60 s / 60 s,2.5155,57.6,917504,5.1255,0.0028,0.3028,0.3472,0.3655,0.0012,0.0004,0.5272,0.0,0.0335,0.0,0.073,0.8618
08:57:04.056,5584.57,E 60 s / 60 s,2.3908,58.2,917504,5.14024,0.0033,0.283,0.2297,0.3688,0.0024,0.0,0.5475,0.0,0.0314,0.0,0.0698,0.855
08:57:06.056,5586.57,E 60 s / 60 s,2.3988,56.5,917504,5.13622,0.0031,0.3028,0.2389,0.3638,0.0006,0.0,0.5495,0.0,0.0195,0.0,0.0654,0.8553
08:57:08.056,5588.57,E 60 s / 60 s,2.4131,57.1,917504,5.13756,0.0033,0.2783,0.2879,0.3688,0.0002,0.0,0.5229,0.0106,0.0282,0.0,0.0699,0.8431
08:57:10.056,5590.57,E 60 s / 60 s,2.3806,56.5,917504,5.14292,0.0029,0.283,0.222,0.3648,0.0008,0.0004,0.5498,0.0,0.0413,0.0,0.0729,0.8428
08:57:12.056,5592.57,E 60 s / 60 s,2.4815,56.5,917504,5.13488,0.0026,0.3046,0.3404,0.3714,0.0006,0.0,0.5077,0.0035,0.0357,0.0,0.0661,0.8489
08:57:14.056,5594.57,E 60 s / 60 s,2.3579,56.5,917504,5.14292,0.0031,0.2803,0.2529,0.3635,0.0016,0.0,0.5132,0.0071,0.0313,0.0,0.0692,0.8357
08:57:16.056,5596.57,E 60 s / 60 s,2.4647,55.4,917504,5.10138,0.0027,0.3048,0.2562,0.3812,0.0032,0.0004,0.5971,0.0,0.0227,0.0,0.0667,0.8296
08:57:18.056,5598.57,E 60 s / 60 s,2.3945,55.4,917504,5.13488,0.0023,0.2867,0.2886,0.3785,0.0032,0.0004,0.5067,0.0,0.0259,0.0,0.0717,0.8305
08:57:20.057,5600.57,E 60 s / 60 s,2.3538,54.3,917504,5.14828,0.003,0.2739,0.2359,0.3715,0.0006,0.0004,0.5271,0.0035,0.0411,0.0,0.0736,0.8232
08:57:22.057,5602.57,E 60 s / 60 s,2.5027,56.0,917504,5.14292,0.0027,0.3558,0.2549,0.365,0.0008,0.0002,0.6042,0.0,0.0281,0.0,0.0678,0.8232
08:57:24.061,5604.57,E 60 s / 60 s,2.4154,54.9,917504,5.14292,0.0029,0.2788,0.321,0.3615,0.0002,0.0004,0.5196,0.0035,0.0313,0.0,0.073,0.8232
08:57:26.057,5606.57,E 60 s / 60 s,2.3541,54.3,917504,5.14158,0.0025,0.2779,0.2359,0.3635,0.0016,0.0004,0.5358,0.0035,0.0399,0.0,0.0755,0.8177
08:57:28.057,5608.57,E 60 s / 60 s,2.5249,54.9,917504,5.12818,0.0029,0.306,0.3426,0.3666,0.001,0.0004,0.5875,0.0,0.0281,0.0,0.0724,0.8174
08:57:30.057,5610.57,E 60 s / 60 s,2.3966,54.9,917504,5.1456,0.0027,0.2803,0.2881,0.376,0.0016,0.0,0.5198,0.0106,0.0291,0.0,0.0717,0.8168
08:57:32.057,5612.57,E 60 s / 60 s,2.4472,54.3,917504,5.14292,0.0028,0.3546,0.2544,0.3672,0.0018,0.0002,0.5608,0.0,0.0206,0.0,0.068,0.8168
08:57:34.057,5614.57,E 60 s / 60 s,2.3867,53.8,917504,5.14292,0.0028,0.2784,0.2871,0.3666,0.0,0.0004,0.5318,0.0071,0.0194,0.0,0.0692,0.8238
08:57:36.057,5616.57,E 60 s / 60 s,2.5177,53.8,917504,5.14292,0.0031,0.3064,0.2366,0.3688,0.0008,0.0004,0.5739,0.0035,0.0551,0.0,0.0704,0.8986
08:57:38.057,5618.57,E 60 s / 60 s,2.4702,53.8,917504,5.14292,0.0029,0.3564,0.2878,0.3654,0.0008,0.0004,0.5349,0.0036,0.0369,0.0,0.0706,0.8106
08:57:40.057,5620.57,E 60 s / 60 s,2.4614,53.8,917504,5.1456,0.0026,0.2749,0.3231,0.3697,0.0016,0.0,0.5874,0.0036,0.0227,0.0,0.0718,0.8039
08:57:42.057,5622.57,E 60 s / 60 s,2.3801,53.8,917504,5.1456,0.0026,0.2782,0.2268,0.3654,0.0008,0.0002,0.6011,0.0,0.0293,0.0,0.0718,0.8039
08:57:44.057,5624.57,E 60 s / 60 s,2.458,53.2,917504,5.13354,0.0027,0.3062,0.3395,0.3616,0.0004,0.0,0.5326,0.0,0.0401,0.0,0.0649,0.81
08:57:46.067,5626.57,E 60 s / 60 s,8.8576,62.0,917504,5.0317,0.0023,0.3523,0.2369,0.4116,0.0006,0.0002,0.553,0.0,0.1967,0.0142,0.0652,7.0245
08:57:48.063,5628.57,E 60 s / 60 s,9.7372,67.5,917504,4.90976,0.0029,0.3526,0.3459,0.4046,0.0004,0.0002,0.5592,0.0,0.2612,0.0041,0.0659,7.7401
08:57:50.063,5630.57,E 60 s / 60 s,6.3443,69.2,917504,4.96336,0.0032,0.3321,0.222,0.4267,0.0,0.0002,0.5472,0.0,0.2964,0.0156,0.0683,4.4327
08:57:52.060,5632.57,E 60 s / 60 s,9.9518,70.8,917504,4.92584,0.0029,0.3268,0.2259,0.4006,0.0012,0.0008,0.5608,0.0174,0.3366,0.0059,0.0635,8.0094
08:57:54.063,5634.57,E 60 s / 60 s,9.392,71.4,917504,4.95264,0.0031,0.3747,0.2842,0.4218,0.0,0.0004,0.5189,0.0,0.1261,0.0062,0.0628,7.5938
08:57:56.059,5636.57,E 60 s / 60 s,6.8152,71.9,917504,4.91914,0.0026,0.4028,0.2334,0.4314,0.0,0.0002,0.5648,0.0035,0.4008,0.0104,0.0666,4.6987
08:57:58.059,5638.57,E 60 s / 60 s,10.1149,74.7,917504,4.88832,0.0029,0.4022,0.2328,0.4203,0.0016,0.0008,0.6382,0.0069,0.2056,0.0062,0.0658,8.1316
08:58:00.059,5640.57,E 60 s / 60 s,9.7585,75.2,917504,4.98882,0.0028,0.4018,0.2315,0.3784,0.0016,0.0008,0.5424,0.0171,0.067,0.0,0.0677,8.0474
08:58:02.059,5642.57,E 60 s / 60 s,8.8117,74.7,917504,4.90976,0.0031,0.3481,0.3523,0.4146,0.0016,0.0002,0.5878,0.0034,0.4721,0.0148,0.0641,6.5496
08:58:04.059,5644.57,E 60 s / 60 s,9.8131,75.2,917504,4.94996,0.0029,0.3017,0.2334,0.4199,0.0016,0.0008,0.5621,0.0,0.4043,0.0074,0.0658,7.8131
08:58:06.063,5646.57,E 60 s / 60 s,7.3686,75.2,917504,5.00624,0.0028,0.3993,0.2494,0.419,0.0008,0.0002,0.5884,0.0,0.3341,0.0023,0.065,5.3072
08:58:08.060,5648.57,E 60 s / 60 s,7.1033,75.7,917504,4.95666,0.003,0.4253,0.2845,0.422,0.0016,0.0002,0.5713,0.0,0.4468,0.0106,0.0666,4.8713
08:58:10.063,5650.57,E 60 s / 60 s,9.5158,76.8,917504,4.86286,0.0033,0.3246,0.2519,0.4238,0.0006,0.0008,0.5197,0.0207,0.2652,0.005,0.0677,7.6325
08:58:12.063,5652.57,E 60 s / 60 s,9.3903,76.3,917504,4.85482,0.0028,0.36,0.2515,0.4344,0.0008,0.0002,0.5745,0.0069,0.3983,0.0097,0.0665,7.2848
08:58:14.067,5654.57,E 60 s / 60 s,8.8292,77.4,917504,4.87224,0.0035,0.3719,0.3546,0.4214,0.0004,0.0004,0.5105,0.0173,0.3361,0.0098,0.0641,6.7394
08:58:16.063,5656.57,E 60 s / 60 s,7.0944,76.8,917504,4.88564,0.0029,0.3854,0.2199,0.4547,0.0004,0.0002,0.5326,0.0102,0.4751,0.0,0.0622,4.9508
08:58:18.063,5658.57,E 60 s / 60 s,9.4454,77.4,917504,4.86688,0.0026,0.298,0.3524,0.4203,0.0032,0.0,0.494,0.0,0.366,0.0109,0.0612,7.4368
08:58:20.063,5660.57,E 60 s / 60 s,9.9596,77.9,917504,4.9513,0.0032,0.2968,0.2227,0.4179,0.0008,0.0004,0.5403,0.0035,0.494,0.0109,0.0645,7.9046
08:58:22.063,5662.57,E 60 s / 60 s,9.4228,77.4,917504,4.87626,0.003,0.3064,0.2357,0.4039,0.0016,0.0002,0.5425,0.0068,0.3389,0.0103,0.0626,7.5108
08:58:24.063,5664.57,E 60 s / 60 s,8.856,77.4,917504,4.8642,0.0027,0.3976,0.249,0.423,0.0004,0.0002,0.581,0.0344,0.4752,0.0145,0.0617,6.6163
08:58:26.068,5666.57,E 60 s / 60 s,8.888,76.8,917504,4.96202,0.0032,0.4175,0.283,0.4217,0.0008,0.0002,0.5358,0.0,0.337,0.005,0.0657,6.818
08:58:28.063,5668.57,E 60 s / 60 s,9.5099,79.0,917504,4.97944,0.0034,0.4409,0.2831,0.4302,0.0008,0.0002,0.5368,0.0034,0.2345,0.0086,0.0625,7.5055
08:58:30.063,5670.57,E 60 s / 60 s,9.7371,79.0,917504,4.86688,0.0028,0.3957,0.25,0.4199,0.0004,0.0008,0.5943,0.0,0.4945,0.0,0.0668,7.512
08:58:32.063,5672.57,E 60 s / 60 s,6.6644,77.4,917504,4.87492,0.0029,0.3393,0.3523,0.4217,0.0016,0.0002,0.5167,0.0274,0.2767,0.0148,0.0632,4.6477
08:58:34.063,5674.57,E 60 s / 60 s,7.0684,79.0,917504,4.9714,0.0034,0.3223,0.2361,0.4006,0.0002,0.0002,0.5388,0.0068,0.2185,0.0035,0.062,5.276
08:58:36.067,5676.58,E 60 s / 60 s,10.188,78.5,917504,4.93522,0.0035,0.4216,0.281,0.4096,0.0016,0.0002,0.5261,0.0068,0.233,0.0027,0.0631,8.2388
08:58:38.067,5678.58,E 60 s / 60 s,10.4873,78.5,917504,4.92986,0.0028,0.3884,0.377,0.4249,0.0006,0.0004,0.601,0.0241,0.4856,0.0,0.0615,8.1211
08:58:40.065,5680.58,E 60 s / 60 s,10.4896,79.0,917504,4.84946,0.0031,0.4682,0.2501,0.4146,0.0016,0.0002,0.5813,0.0,0.2667,0.0015,0.065,8.4373
08:58:42.067,5682.58,E 60 s / 60 s,8.3127,79.0,917504,4.88832,0.0033,0.369,0.2508,0.4592,0.0018,0.0008,0.5214,0.0,0.5289,0.0165,0.0623,6.0986
08:58:44.067,5684.58,E 60 s / 60 s,10.022,79.6,917504,4.90172,0.0027,0.431,0.3351,0.4041,0.0016,0.0008,0.5737,0.0,0.1985,0.0012,0.0615,8.0119
08:58:46.063,5686.58,E 60 s / 60 s,3.3707,71.9,917504,5.0987,0.0035,0.2971,0.2244,0.375,0.0004,0.0008,0.539,0.0035,0.0314,0.0,0.0637,1.8319
08:58:48.063,5688.58,E 60 s / 60 s,3.3929,67.5,917504,5.11076,0.0034,0.2981,0.3469,0.3794,0.0016,0.0008,0.5164,0.0,0.0455,0.0,0.0674,1.7332
08:58:50.064,5690.58,E 60 s / 60 s,2.5237,65.3,917504,5.12952,0.0027,0.3004,0.2207,0.3602,0.0016,0.0002,0.5394,0.0,0.0401,0.0,0.067,0.9915
08:58:52.064,5692.58,E 60 s / 60 s,2.7067,64.2,917504,5.11746,0.0028,0.3737,0.3756,0.3654,0.0016,0.0004,0.5254,0.0035,0.0302,0.0,0.0698,0.9582
08:58:54.064,5694.58,E 60 s / 60 s,2.5105,61.5,917504,5.14024,0.0032,0.2811,0.2961,0.3733,0.0012,0.0004,0.5376,0.0071,0.0173,0.0,0.0672,0.9261
08:58:56.064,5696.58,E 60 s / 60 s,2.4276,60.4,917504,5.13622,0.0028,0.2783,0.2501,0.3725,0.0008,0.0004,0.5199,0.0035,0.0291,0.0,0.0697,0.9004
08:58:58.064,5698.58,E 60 s / 60 s,2.5532,59.3,917504,5.12952,0.0027,0.28,0.2879,0.369,0.0008,0.0004,0.5361,0.0106,0.0259,0.0,0.0683,0.9715
08:59:00.064,5700.58,E 60 s / 60 s,2.3714,59.3,917504,5.13756,0.0029,0.2779,0.225,0.3637,0.0016,0.0,0.5167,0.0,0.0313,0.0,0.0703,0.882
08:59:02.064,5702.58,E 60 s / 60 s,2.5989,58.2,917504,5.1322,0.0027,0.3706,0.3564,0.367,0.0016,0.0004,0.5326,0.0035,0.0227,0.0,0.0673,0.874
08:59:04.064,5704.58,E 60 s / 60 s,2.3413,57.6,917504,5.13488,0.0037,0.2729,0.2359,0.3608,0.0004,0.0004,0.5169,0.0,0.0194,0.0,0.0691,0.8618
08:59:06.064,5706.58,E 60 s / 60 s,2.5271,57.6,917504,5.14158,0.0031,0.3118,0.2358,0.3633,0.0008,0.0,0.5931,0.0,0.0412,0.0,0.0648,0.9132
08:59:08.064,5708.58,E 60 s / 60 s,2.5028,57.1,917504,5.1389,0.0027,0.3033,0.3208,0.3654,0.0016,0.0002,0.542,0.0,0.0379,0.0,0.0672,0.8618
08:59:10.068,5710.58,E 60 s / 60 s,2.342,56.5,917504,5.13488,0.0025,0.2771,0.2515,0.3619,0.0016,0.0004,0.5059,0.0,0.0346,0.0,0.0703,0.836
08:59:12.064,5712.58,E 60 s / 60 s,2.5327,56.5,917504,5.13354,0.0027,0.3529,0.2537,0.3633,0.0008,0.0004,0.5979,0.0071,0.0303,0.0,0.0674,0.8563
08:59:14.064,5714.58,E 60 s / 60 s,2.4839,56.0,917504,5.13622,0.0031,0.303,0.3503,0.3715,0.0006,0.0,0.5075,0.0,0.0313,0.0,0.0674,0.8492
08:59:16.064,5716.58,E 60 s / 60 s,2.4401,56.0,917504,5.14292,0.0028,0.3025,0.2276,0.3697,0.001,0.0004,0.5881,0.0142,0.028,0.0,0.0697,0.836
08:59:18.065,5718.58,E 60 s / 60 s,2.4526,54.9,917504,5.1389,0.003,0.3163,0.2375,0.3689,0.0006,0.0002,0.585,0.0035,0.0238,0.0,0.0716,0.8422
08:59:20.065,5720.58,E 60 s / 60 s,2.287,55.4,917504,5.1456,0.0031,0.2783,0.2196,0.3638,0.0004,0.0002,0.511,0.0035,0.014,0.0,0.0699,0.8232
08:59:22.065,5722.58,E 60 s / 60 s,2.4554,55.4,917504,5.14292,0.0034,0.3542,0.2385,0.3556,0.0002,0.0004,0.5786,0.0035,0.0281,0.0,0.0698,0.8232
08:59:24.065,5724.58,E 60 s / 60 s,2.5053,54.3,917504,5.12952,0.0031,0.3033,0.354,0.3679,0.0004,0.0002,0.5398,0.0035,0.0391,0.0,0.0699,0.8241
08:59:26.065,5726.58,E 60 s / 60 s,2.421,54.9,917504,5.14292,0.0028,0.3538,0.2249,0.3684,0.0008,0.0,0.5436,0.0035,0.0303,0.0,0.0697,0.8232
08:59:28.065,5728.58,E 60 s / 60 s,2.4249,54.9,917504,5.1389,0.0027,0.3038,0.3239,0.368,0.0016,0.0004,0.5197,0.0,0.0173,0.0,0.0706,0.8171
08:59:30.065,5730.58,E 60 s / 60 s,2.3367,54.3,917504,5.1456,0.0026,0.2765,0.2535,0.3617,0.0,0.0004,0.5349,0.0,0.027,0.0,0.0697,0.8103
08:59:32.065,5732.58,E 60 s / 60 s,2.4466,54.9,917504,5.14426,0.0031,0.3075,0.2384,0.3706,0.0032,0.0004,0.6025,0.0071,0.0347,0.0,0.0691,0.81
08:59:34.065,5734.58,E 60 s / 60 s,2.5157,54.3,917504,5.14024,0.0033,0.2804,0.3533,0.3697,0.0018,0.0002,0.5107,0.0,0.1116,0.0,0.0673,0.8174
08:59:36.065,5736.58,E 60 s / 60 s,2.3304,54.3,917504,5.14694,0.0027,0.2872,0.222,0.3688,0.0032,0.0004,0.5455,0.0035,0.0238,0.0,0.0697,0.8036
08:59:38.065,5738.58,E 60 s / 60 s,2.4156,53.8,917504,5.14024,0.0028,0.306,0.2373,0.3652,0.0018,0.0,0.5866,0.0106,0.0346,0.0,0.0667,0.8039
08:59:40.065,5740.58,E 60 s / 60 s,2.4176,53.8,917504,5.14024,0.0025,0.2747,0.2876,0.3679,0.0004,0.0002,0.543,0.0106,0.0541,0.0,0.0718,0.8048
08:59:42.065,5742.58,E 60 s / 60 s,2.3694,53.8,917504,5.15096,0.0031,0.2789,0.2264,0.3661,0.0016,0.0,0.5724,0.0,0.0519,0.0,0.0718,0.7972
08:59:44.065,5744.58,E 60 s / 60 s,2.3662,53.8,917504,5.14694,0.0033,0.307,0.2199,0.3599,0.0016,0.0002,0.5481,0.0,0.0506,0.0,0.0717,0.8039
08:59:46.071,5746.58,E 60 s / 60 s,9.5554,61.5,917504,5.024999,0.0031,0.4027,0.4047,0.4135,0.0002,0.0002,0.5329,0.0,0.1822,0.0027,0.0678,7.5455
08:59:48.071,5748.58,E 60 s / 60 s,6.0667,65.3,917504,4.92718,0.0027,0.4879,0.3521,0.4681,0.0032,0.0,0.5326,0.0559,0.4698,0.0139,0.068,3.6126
08:59:50.074,5750.58,E 60 s / 60 s,8.5447,69.2,917504,4.8977,0.0031,0.3514,0.2333,0.4195,0.0016,0.0002,0.5915,0.0,0.2591,0.0059,0.0685,6.6108
08:59:52.067,5752.58,E 60 s / 60 s,10.01,69.7,917504,4.89368,0.003,0.3496,0.3367,0.3964,0.0004,0.0008,0.5139,0.0,0.1624,0.0018,0.0652,8.1798
08:59:54.067,5754.58,E 60 s / 60 s,6.3189,71.4,917504,4.91512,0.0028,0.3628,0.319,0.3884,0.0008,0.0,0.5391,0.0,0.2969,0.0065,0.0666,4.336
08:59:56.074,5756.58,E 60 s / 60 s,6.3155,73.6,917504,4.99284,0.0035,0.4753,0.2855,0.4129,0.0008,0.0004,0.493,0.0069,0.4718,0.0059,0.0617,4.0977
08:59:58.068,5758.58,E 60 s / 60 s,8.4624,72.5,917504,4.97274,0.0027,0.3288,0.24,0.4124,0.0004,0.0002,0.5365,0.0,0.3024,0.0053,0.0666,6.567
09:00:00.067,5760.58,E 60 s / 60 s,9.812,74.7,917504,4.88698,0.0031,0.3493,0.2476,0.4058,0.0004,0.0008,0.5426,0.0,0.2718,0.0059,0.0645,7.9201
09:00:02.071,5762.58,E 60 s / 60 s,10.2781,74.7,917504,4.89368,0.0033,0.398,0.2497,0.4171,0.0024,0.0002,0.6003,0.0102,0.4587,0.0127,0.0651,8.0603
09:00:04.067,5764.58,E 60 s / 60 s,6.9784,75.7,917504,4.88832,0.0031,0.4478,0.2492,0.4023,0.0008,0.0002,0.5394,0.0,0.3267,0.0003,0.0683,4.9402
09:00:06.075,5766.58,E 60 s / 60 s,9.9385,75.7,917504,4.85482,0.0031,0.3605,0.2271,0.4196,0.0006,0.0004,0.5433,0.0477,0.2322,0.0065,0.0678,8.0296
09:00:08.071,5768.58,E 60 s / 60 s,6.5004,75.7,917504,4.91914,0.0031,0.4835,0.3192,0.415,0.0032,0.0002,0.5786,0.0,0.3769,0.0091,0.0637,4.2479
09:00:10.071,5770.58,E 60 s / 60 s,10.0933,76.3,917504,4.99686,0.0031,0.3636,0.2241,0.4083,0.0018,0.0002,0.581,0.0034,0.2649,0.0115,0.0666,8.1648
09:00:12.071,5772.58,E 60 s / 60 s,8.8807,76.8,917504,4.87358,0.0031,0.3503,0.3364,0.4035,0.0018,0.0002,0.517,0.0206,0.1941,0.0018,0.0645,6.9874
09:00:14.071,5774.58,E 60 s / 60 s,9.8996,76.8,917504,4.89368,0.003,0.3136,0.25,0.4164,0.0016,0.0,0.5264,0.0035,0.2972,0.0107,0.0635,8.0138
09:00:16.071,5776.58,E 60 s / 60 s,10.3264,77.4,917504,4.86688,0.0029,0.3911,0.3534,0.4116,0.0006,0.0008,0.5304,0.0,0.1959,0.0012,0.0638,8.3746
09:00:18.072,5778.58,E 60 s / 60 s,9.5928,76.8,917504,4.86822,0.0034,0.4206,0.2851,0.4229,0.0004,0.0002,0.5401,0.0,0.2669,0.0062,0.0657,7.5814
09:00:20.068,5780.58,E 60 s / 60 s,6.7267,75.7,917504,5.08932,0.0032,0.3839,0.3534,0.3749,0.0004,0.0008,0.533,0.0035,0.0346,0.0,0.0654,4.9737
09:00:22.075,5782.58,E 60 s / 60 s,8.3891,77.4,917504,4.87894,0.0031,0.4059,0.2853,0.4023,0.0032,0.0002,0.5878,0.0069,0.1997,0.0018,0.0611,6.4318
09:00:24.075,5784.58,E 60 s / 60 s,9.4445,77.4,917504,4.86688,0.0032,0.3966,0.2854,0.41,0.0012,0.0002,0.5361,0.0,0.2913,0.0094,0.0613,7.4497
09:00:26.075,5786.58,E 60 s / 60 s,10.1032,77.9,917504,4.87492,0.0029,0.3495,0.2816,0.3812,0.0016,0.0004,0.5027,0.0,0.0796,0.0,0.0637,8.44
09:00:28.079,5788.58,E 60 s / 60 s,9.2139,79.0,917504,4.87224,0.0026,0.3215,0.3546,0.4349,0.0032,0.0008,0.4836,0.0034,0.4732,0.011,0.0632,7.062
09:00:30.078,5790.58,E 60 s / 60 s,6.276,77.9,917504,5.01428,0.0039,0.3979,0.2249,0.4143,0.0008,0.0002,0.5651,0.0069,0.3384,0.0142,0.0656,4.2439
09:00:32.076,5792.58,E 60 s / 60 s,9.5438,78.5,917504,4.96872,0.0032,0.421,0.2838,0.4131,0.0012,0.0008,0.5782,0.0136,0.2681,0.0109,0.0626,7.4873
09:00:34.075,5794.59,E 60 s / 60 s,6.7111,79.6,917504,4.8709,0.0031,0.3583,0.2865,0.4052,0.0004,0.0008,0.528,0.0034,0.2338,0.0047,0.063,4.8238
09:00:36.075,5796.59,E 60 s / 60 s,10.3646,78.5,917504,4.87626,0.0035,0.3465,0.3502,0.4443,0.0004,0.0002,0.5077,0.0,0.2497,0.0059,0.0647,8.3915
09:00:38.075,5798.59,E 60 s / 60 s,9.0517,80.1,917504,4.87224,0.0033,0.341,0.2493,0.4301,0.0004,0.0002,0.5472,0.0102,0.1497,0.0021,0.0662,7.2521
09:00:40.077,5800.59,E 60 s / 60 s,6.2708,79.0,917504,4.88564,0.0035,0.3711,0.2486,0.4181,0.0012,0.0002,0.526,0.0274,0.4125,0.0132,0.0629,4.1859
09:00:42.079,5802.59,E 60 s / 60 s,10.4659,79.0,917504,4.98882,0.0033,0.3939,0.3492,0.4146,0.0016,0.0008,0.5264,0.0,0.3426,0.0035,0.0614,8.3685
09:00:44.079,5804.59,E 60 s / 60 s,10.0236,79.0,917504,4.96202,0.0031,0.3207,0.2313,0.4115,0.0016,0.0002,0.5345,0.0034,0.2063,0.0059,0.0639,8.2412
09:00:46.074,5806.59,E 60 s / 60 s,3.4128,71.4,917504,5.10004,0.0025,0.2974,0.2274,0.3795,0.001,0.0,0.5686,0.014,0.0313,0.0,0.0662,1.8248
09:00:48.074,5808.59,E 60 s / 60 s,3.496,68.1,917504,5.10808,0.0031,0.3892,0.3557,0.3731,0.0008,0.0002,0.5368,0.007,0.0314,0.0,0.0644,1.7343
09:00:50.074,5810.59,E 60 s / 60 s,3.2016,65.3,917504,5.12952,0.0028,0.285,0.2526,0.3804,0.0012,0.0004,0.5171,0.0106,0.0173,0.0,0.0632,1.6711
09:00:52.075,5812.59,E 60 s / 60 s,2.6126,62.6,917504,5.11478,0.0031,0.3008,0.3508,0.375,0.0014,0.0002,0.5268,0.0,0.0238,0.0,0.0652,0.9654
09:00:54.075,5814.59,E 60 s / 60 s,2.4368,61.5,917504,5.12148,0.003,0.2877,0.2348,0.3635,0.001,0.0004,0.5151,0.0071,0.0346,0.0,0.0703,0.9193
09:00:56.075,5816.59,E 60 s / 60 s,2.6044,59.8,917504,5.14024,0.0027,0.3531,0.2514,0.3667,0.0008,0.0004,0.5927,0.0035,0.039,0.0,0.068,0.9261
09:00:58.075,5818.59,E 60 s / 60 s,2.5416,58.7,917504,5.12818,0.0026,0.3004,0.3487,0.3667,0.0008,0.0004,0.5423,0.0035,0.0269,0.0,0.0678,0.8814
09:01:00.075,5820.59,E 60 s / 60 s,2.5178,59.3,917504,5.1456,0.0031,0.3012,0.3477,0.3635,0.0032,0.0004,0.4938,0.0035,0.0411,0.0,0.0717,0.8885
09:01:02.075,5822.59,E 60 s / 60 s,2.4834,58.7,917504,5.1389,0.0029,0.3518,0.2535,0.3602,0.001,0.0,0.5361,0.0,0.041,0.0,0.0686,0.8682
09:01:04.075,5824.59,E 60 s / 60 s,2.3697,58.2,917504,5.13756,0.0028,0.2787,0.2217,0.3672,0.0016,0.0002,0.535,0.0,0.0378,0.0,0.0684,0.8563
09:01:06.075,5826.59,E 60 s / 60 s,2.4229,57.1,917504,5.1389,0.0031,0.302,0.2275,0.3688,0.0008,0.0002,0.5611,0.0106,0.0259,0.0,0.0679,0.855
09:01:08.075,5828.59,E 60 s / 60 s,2.5319,57.1,917504,5.12818,0.0028,0.301,0.3574,0.3686,0.0008,0.0004,0.5358,0.0035,0.0216,0.0,0.0716,0.8682
09:01:10.076,5830.59,E 60 s / 60 s,2.4096,56.0,917504,5.14158,0.0031,0.2788,0.2886,0.3617,0.0016,0.0004,0.535,0.0071,0.0261,0.0,0.0711,0.836
09:01:12.076,5832.59,E 60 s / 60 s,2.3819,56.5,917504,5.13488,0.0029,0.2802,0.2682,0.3672,0.0016,0.0004,0.5197,0.0035,0.0238,0.0,0.0709,0.8434
09:01:14.076,5834.59,E 60 s / 60 s,2.4461,56.5,917504,5.12282,0.0026,0.3015,0.2864,0.3706,0.0016,0.0002,0.5183,0.0035,0.0368,0.0,0.0756,0.8489
09:01:16.076,5836.59,E 60 s / 60 s,2.3818,56.0,917504,5.13354,0.0031,0.2831,0.2505,0.3653,0.0032,0.0002,0.551,0.0035,0.0194,0.0,0.0729,0.8296
09:01:18.076,5838.59,E 60 s / 60 s,2.4746,55.4,917504,5.13354,0.0031,0.3039,0.3205,0.3644,0.0006,0.0004,0.5362,0.0035,0.0292,0.0,0.0705,0.8422
09:01:20.076,5840.59,E 60 s / 60 s,2.4707,55.4,917504,5.13488,0.0027,0.3054,0.3568,0.367,0.0008,0.0002,0.5132,0.0035,0.0335,0.0,0.0699,0.8177
09:01:22.080,5842.59,E 60 s / 60 s,2.378,54.3,917504,5.1456,0.0029,0.2783,0.2881,0.3608,0.0004,0.0004,0.5142,0.0035,0.0389,0.0,0.0743,0.8161
09:01:24.076,5844.59,E 60 s / 60 s,2.5946,54.9,917504,5.13354,0.0027,0.3021,0.3567,0.3629,0.0002,0.0,0.5362,0.0,0.0141,0.0,0.0668,0.9529
09:01:26.076,5846.59,E 60 s / 60 s,2.4159,55.4,917504,5.13354,0.0028,0.2881,0.2879,0.365,0.0008,0.0,0.5521,0.0,0.0259,0.0,0.0692,0.8241
09:01:28.076,5848.59,E 60 s / 60 s,2.429,54.9,917504,5.14426,0.003,0.3018,0.2347,0.3724,0.0032,0.0,0.5874,0.0,0.0366,0.0,0.0667,0.8232
09:01:30.076,5850.59,E 60 s / 60 s,2.369,54.3,917504,5.1456,0.0031,0.2787,0.2861,0.3644,0.0016,0.0002,0.5086,0.0106,0.0216,0.0,0.0705,0.8235
09:01:32.076,5852.59,E 60 s / 60 s,2.4048,54.3,917504,5.14158,0.0029,0.3039,0.223,0.3679,0.0004,0.0002,0.5894,0.0,0.0238,0.0,0.0698,0.8235
09:01:34.076,5854.59,E 60 s / 60 s,2.4613,54.9,917504,5.14292,0.0026,0.3526,0.2882,0.3599,0.0,0.0002,0.542,0.0,0.0259,0.0,0.0667,0.8232
09:01:36.076,5856.59,E 60 s / 60 s,2.4255,54.9,917504,5.1456,0.0026,0.2792,0.3385,0.3661,0.0002,0.0,0.5169,0.0,0.0379,0.0,0.0737,0.8103
09:01:38.076,5858.59,E 60 s / 60 s,2.4951,53.8,917504,5.14426,0.0031,0.3543,0.254,0.375,0.0004,0.0002,0.598,0.0,0.0238,0.0,0.0693,0.8171
09:01:40.077,5860.59,E 60 s / 60 s,2.4896,54.3,917504,5.1389,0.0031,0.3667,0.2875,0.3667,0.0008,0.0004,0.5401,0.0071,0.0249,0.0,0.0755,0.8168
09:01:42.077,5862.59,E 60 s / 60 s,2.4596,54.3,917504,5.14426,0.0027,0.3924,0.2261,0.367,0.0002,0.0,0.5682,0.0142,0.0183,0.0,0.0667,0.8036
09:01:44.077,5864.59,E 60 s / 60 s,2.5445,53.8,917504,5.1389,0.0028,0.3786,0.2914,0.3643,0.0004,0.0002,0.5849,0.0,0.038,0.0,0.0674,0.8164
09:01:46.083,5866.59,E 60 s / 60 s,9.5244,62.0,917504,4.94058,0.0028,0.3138,0.2491,0.409,0.0004,0.0002,0.511,0.0069,0.4522,0.0,0.0641,7.5149
09:01:48.083,5868.59,E 60 s / 60 s,6.6304,64.2,917504,4.93388,0.003,0.4505,0.2351,0.4284,0.0004,0.0008,0.5875,0.0,0.4528,0.0198,0.0673,4.3848
09:01:50.083,5870.59,E 60 s / 60 s,9.6652,67.5,917504,5.10808,0.0031,0.4011,0.2846,0.4068,0.0,0.0004,0.6058,0.0,0.3524,0.0129,0.0701,7.5279
09:01:52.087,5872.6,E 60 s / 60 s,9.604,70.8,917504,4.98346,0.0028,0.3671,0.2511,0.4283,0.0008,0.0004,0.5701,0.0,0.402,0.0124,0.0664,7.5026
09:01:54.089,5874.6,E 60 s / 60 s,8.4987,71.4,917504,4.97676,0.0033,0.4513,0.3373,0.4149,0.0016,0.0002,0.5197,0.0,0.1795,0.0015,0.0639,6.5256
09:01:56.088,5876.6,E 60 s / 60 s,8.0729,72.5,917504,4.90976,0.0033,0.4989,0.2501,0.4427,0.0016,0.0002,0.5361,0.0,0.4739,0.01,0.0655,5.7905
09:01:58.087,5878.6,E 60 s / 60 s,6.7025,73.0,917504,5.09066,0.0031,0.4014,0.2342,0.3754,0.0008,0.0008,0.5884,0.0,0.2784,0.0116,0.0699,4.7384
09:02:00.091,5880.6,E 60 s / 60 s,9.8377,74.1,917504,4.97274,0.0031,0.3218,0.2488,0.4088,0.0006,0.0002,0.5075,0.0,0.1952,0.005,0.0636,8.0831
09:02:02.091,5882.6,E 60 s / 60 s,9.844,74.1,917504,4.86554,0.0031,0.4004,0.2196,0.4074,0.0006,0.0008,0.533,0.0068,0.2526,0.0097,0.0644,7.9455
09:02:04.091,5884.6,E 60 s / 60 s,9.6952,75.2,917504,4.8709,0.0027,0.3468,0.2253,0.402,0.0012,0.0008,0.5719,0.0,0.2167,0.0131,0.0657,7.8491
09:02:06.095,5886.6,E 60 s / 60 s,9.3074,75.7,917504,4.98748,0.0032,0.4202,0.4031,0.4426,0.0,0.0002,0.5242,0.0,0.0947,0.0026,0.0622,7.3544
09:02:08.090,5888.6,E 60 s / 60 s,6.4069,74.7,917504,5.09602,0.0031,0.2856,0.2328,0.3784,0.0008,0.0002,0.5174,0.0035,0.0259,0.0,0.0649,4.8942
09:02:10.095,5890.6,E 60 s / 60 s,10.2274,77.4,917504,4.9647,0.0033,0.3961,0.2833,0.4026,0.0016,0.0002,0.5863,0.0034,0.2011,0.013,0.0626,8.2739
09:02:12.099,5892.6,E 60 s / 60 s,9.2665,76.8,917504,4.9312,0.0029,0.3167,0.2326,0.3981,0.0002,0.0002,0.5495,0.031,0.1701,0.0059,0.0632,7.4961
09:02:14.093,5894.6,E 60 s / 60 s,7.9321,76.3,917504,5.0049,0.0026,0.3452,0.2342,0.3918,0.0008,0.0002,0.5842,0.0,0.2669,0.005,0.0674,6.0336
09:02:16.099,5896.61,E 60 s / 60 s,10.309,78.5,917504,4.88162,0.0033,0.3953,0.3373,0.4088,0.0006,0.0008,0.5145,0.0,0.1829,0.0059,0.0606,8.3988
09:02:18.099,5898.61,E 60 s / 60 s,8.7545,78.5,917504,4.86688,0.0032,0.3197,0.2236,0.3966,0.0004,0.0,0.5923,0.0069,0.1376,0.0003,0.0627,7.0112
09:02:20.104,5900.61,E 60 s / 60 s,8.0922,78.5,917504,4.94594,0.0027,0.3465,0.2323,0.4021,0.0016,0.0002,0.5777,0.0,0.32,0.0053,0.065,6.1388
09:02:22.099,5902.61,E 60 s / 60 s,9.6596,77.4,917504,4.99552,0.0027,0.3426,0.2242,0.3971,0.0016,0.0002,0.5866,0.0,0.2165,0.0035,0.0644,7.8201
09:02:24.104,5904.61,E 60 s / 60 s,7.2285,77.4,917504,4.92986,0.0035,0.395,0.3516,0.4375,0.0024,0.0002,0.5391,0.0274,0.4869,0.0059,0.062,4.9171
09:02:26.099,5906.61,E 60 s / 60 s,10.1524,79.6,917504,4.9714,0.0039,0.3835,0.3351,0.4039,0.0016,0.0002,0.5103,0.0,0.2184,0.008,0.0621,8.2254
09:02:28.099,5908.61,E 60 s / 60 s,9.9393,80.1,917504,4.87492,0.0031,0.3451,0.2232,0.4256,0.001,0.0002,0.5274,0.0,0.2667,0.0044,0.0645,8.078
09:02:30.099,5910.61,E 60 s / 60 s,9.7468,79.0,917504,4.88966,0.0031,0.3347,0.2182,0.4273,0.0012,0.0008,0.5393,0.0,0.1655,0.0009,0.0615,7.9942
09:02:32.099,5912.61,E 60 s / 60 s,10.2069,79.6,917504,4.86822,0.0031,0.3427,0.2483,0.4096,0.0016,0.0,0.5392,0.0102,0.335,0.0129,0.0608,8.2435
09:02:34.099,5914.61,E 60 s / 60 s,8.6288,79.0,917504,4.89234,0.0031,0.3934,0.3492,0.4411,0.0012,0.0004,0.5401,0.0,0.484,0.0124,0.0641,6.3399
09:02:36.099,5916.61,E 60 s / 60 s,10.1886,80.1,917504,4.99954,0.003,0.432,0.3521,0.4126,0.0006,0.0002,0.5469,0.0069,0.3356,0.0062,0.0629,8.0297
09:02:38.103,5918.61,E 60 s / 60 s,10.3527,81.2,917504,4.94058,0.003,0.3908,0.3524,0.4076,0.0008,0.0004,0.5383,0.0,0.1624,0.0,0.0617,8.4353
09:02:40.107,5920.61,E 60 s / 60 s,8.4796,80.1,917504,4.88832,0.0035,0.3448,0.394,0.4331,0.0006,0.0002,0.5879,0.0103,0.2663,0.005,0.062,6.3718
09:02:42.105,5922.61,E 60 s / 60 s,6.1975,78.5,917504,4.96738,0.0033,0.366,0.2478,0.4284,0.0006,0.0002,0.5204,0.0,0.4638,0.0059,0.0637,4.0975
09:02:44.103,5924.61,E 60 s / 60 s,8.4646,80.1,917504,4.85482,0.0027,0.3429,0.3462,0.4056,0.0016,0.0002,0.5164,0.0034,0.2033,0.0104,0.0612,6.5707
09:02:46.099,5926.61,E 60 s / 60 s,3.4409,73.0,917504,5.09334,0.0031,0.2989,0.2267,0.3766,0.0004,0.0002,0.601,0.0,0.0324,0.0,0.0674,1.8342
09:02:48.099,5928.61,E 60 s / 60 s,3.4325,68.1,917504,5.1054,0.0032,0.3691,0.2854,0.383,0.0016,0.0006,0.539,0.0035,0.0259,0.0,0.0644,1.7567
09:02:50.099,5930.61,E 60 s / 60 s,3.3403,66.4,917504,5.11076,0.0034,0.2981,0.3551,0.3755,0.0012,0.0008,0.5139,0.0,0.026,0.0,0.0713,1.695
09:02:52.099,5932.61,E 60 s / 60 s,2.6106,64.2,917504,5.1255,0.0032,0.3004,0.3488,0.3671,0.0016,0.0002,0.5358,0.0,0.0238,0.0,0.0646,0.965
09:02:54.100,5934.61,E 60 s / 60 s,2.5312,62.6,917504,5.13488,0.0028,0.2811,0.2856,0.3667,0.0008,0.0004,0.5336,0.0106,0.041,0.0,0.0704,0.9382
09:02:56.100,5936.61,E 60 s / 60 s,2.4767,61.5,917504,5.14158,0.0033,0.2997,0.223,0.3615,0.0008,0.0,0.5651,0.0071,0.0281,0.0,0.0685,0.9197
09:02:58.100,5938.61,E 60 s / 60 s,2.5669,59.8,917504,5.1389,0.0033,0.3766,0.287,0.367,0.0002,0.0004,0.5358,0.0,0.0205,0.0,0.0693,0.9068
09:03:00.100,5940.61,E 60 s / 60 s,2.4636,59.3,917504,5.1456,0.0031,0.2842,0.2259,0.367,0.0002,0.0002,0.5842,0.0035,0.0261,0.0,0.0691,0.9
09:03:02.100,5942.61,E 60 s / 60 s,2.5114,59.3,917504,5.13354,0.0027,0.326,0.253,0.3707,0.0016,0.0004,0.5816,0.0,0.0304,0.0,0.0703,0.8746
09:03:04.100,5944.61,E 60 s / 60 s,2.4557,58.7,917504,5.14024,0.0029,0.2829,0.3224,0.3652,0.001,0.0004,0.522,0.0,0.0323,0.0,0.071,0.8557
09:03:06.100,5946.61,E 60 s / 60 s,2.3682,57.6,917504,5.14292,0.0028,0.2778,0.2352,0.3672,0.0008,0.0004,0.5188,0.0071,0.028,0.0,0.0684,0.8618
09:03:08.100,5948.61,E 60 s / 60 s,2.4893,58.2,917504,5.14024,0.0029,0.302,0.323,0.3637,0.0016,0.0004,0.5349,0.0035,0.0227,0.0,0.073,0.8614
09:03:10.100,5950.61,E 60 s / 60 s,2.3992,57.1,917504,5.1322,0.0031,0.2745,0.2509,0.3637,0.0008,0.0004,0.5164,0.0,0.0563,0.0,0.0711,0.8621
09:03:12.100,5952.61,E 60 s / 60 s,2.3727,57.1,917504,5.13756,0.0027,0.28,0.2251,0.3706,0.0006,0.0002,0.5166,0.0,0.052,0.0,0.0696,0.8553
09:03:14.100,5954.61,E 60 s / 60 s,2.5757,56.5,917504,5.1389,0.0031,0.3701,0.3547,0.3688,0.0016,0.0004,0.5326,0.0,0.028,0.0,0.0673,0.8489
09:03:16.100,5956.61,E 60 s / 60 s,2.4939,56.0,917504,5.13622,0.0031,0.303,0.3537,0.3626,0.0002,0.0,0.5107,0.0035,0.0312,0.0,0.0699,0.856
09:03:18.100,5958.61,E 60 s / 60 s,2.4932,56.5,917504,5.14024,0.0032,0.3518,0.253,0.3724,0.0032,0.0004,0.581,0.0,0.0259,0.0,0.0654,0.837
09:03:20.101,5960.61,E 60 s / 60 s,2.5227,56.0,917504,5.14024,0.0032,0.363,0.2889,0.3696,0.0008,0.0002,0.5332,0.0071,0.0324,0.0,0.0755,0.8489
09:03:22.101,5962.61,E 60 s / 60 s,2.3565,56.0,917504,5.14158,0.0029,0.2808,0.2521,0.3643,0.0004,0.0,0.5201,0.0,0.0292,0.0,0.0697,0.837
09:03:24.101,5964.61,E 60 s / 60 s,2.4085,55.4,917504,5.14292,0.003,0.302,0.2287,0.3652,0.0018,0.0002,0.5736,0.0035,0.0314,0.0,0.0698,0.8293
09:03:26.101,5966.61,E 60 s / 60 s,2.4857,54.9,917504,5.12282,0.0027,0.3046,0.3577,0.3653,0.0,0.0002,0.5192,0.0,0.0292,0.0,0.0699,0.837
09:03:28.101,5968.61,E 60 s / 60 s,2.3171,54.9,917504,5.14024,0.0028,0.2807,0.2316,0.3665,0.0004,0.0,0.5171,0.0,0.0228,0.0,0.0711,0.8241
09:03:30.101,5970.61,E 60 s / 60 s,2.3904,55.4,917504,5.13354,0.0029,0.3041,0.2364,0.3634,0.0004,0.0,0.5716,0.0,0.0281,0.0,0.0674,0.8161
09:03:32.105,5972.61,E 60 s / 60 s,2.4694,54.9,917504,5.1322,0.0031,0.3039,0.3524,0.369,0.001,0.0,0.5199,0.0,0.0325,0.0,0.0699,0.8177
09:03:34.101,5974.61,E 60 s / 60 s,2.3894,56.0,917504,5.14694,0.0035,0.3042,0.2403,0.3715,0.0004,0.0004,0.5365,0.0035,0.0303,0.0,0.0692,0.8296
09:03:36.101,5976.61,E 60 s / 60 s,2.9725,54.9,917504,5.13354,0.0028,0.3683,0.3586,0.3725,0.001,0.0,0.5317,0.0,0.0259,0.0,0.0706,1.2412
09:03:38.101,5978.61,E 60 s / 60 s,2.3957,54.9,917504,5.1456,0.0026,0.2765,0.2525,0.3619,0.0016,0.0,0.5188,0.0107,0.0238,0.0,0.0718,0.8756
09:03:40.101,5980.61,E 60 s / 60 s,2.4115,54.9,917504,5.14158,0.0031,0.2873,0.2469,0.3585,0.0018,0.0,0.5377,0.0035,0.0272,0.0,0.0698,0.8756
09:03:42.101,5982.61,E 60 s / 60 s,2.4572,54.3,917504,5.14024,0.0025,0.2794,0.355,0.3631,0.0008,0.0004,0.5164,0.0071,0.0465,0.0,0.0692,0.8168
09:03:44.101,5984.61,E 60 s / 60 s,2.3259,53.2,917504,5.1456,0.0031,0.2781,0.2543,0.3661,0.0006,0.0004,0.5183,0.0,0.0303,0.0,0.0699,0.8048
09:03:46.103,5986.61,E 60 s / 60 s,9.7214,62.0,917504,5.00758,0.0032,0.4028,0.2504,0.4129,0.0008,0.0002,0.5881,0.0035,0.4692,0.0059,0.0684,7.5161
09:03:48.104,5988.61,E 60 s / 60 s,8.4902,67.0,917504,4.91378,0.0031,0.3371,0.2258,0.4314,0.0002,0.0002,0.5395,0.0,0.4688,0.0095,0.065,6.4096
09:03:50.103,5990.61,E 60 s / 60 s,6.6025,68.6,917504,4.92986,0.0029,0.3805,0.2236,0.4621,0.0,0.0004,0.564,0.0103,0.4746,0.0133,0.0659,4.4048
09:03:52.103,5992.61,E 60 s / 60 s,9.6955,70.3,917504,5.12416,0.0027,0.3515,0.2502,0.3819,0.0008,0.0008,0.5737,0.0069,0.3233,0.01,0.067,7.7266
09:03:54.107,5994.61,E 60 s / 60 s,9.24,72.5,917504,4.90976,0.0027,0.322,0.2248,0.3863,0.0,0.0004,0.5897,0.0103,0.1113,0.0035,0.0683,7.5208
09:03:56.111,5996.61,E 60 s / 60 s,8.9563,73.0,917504,4.88832,0.0031,0.3989,0.2457,0.4107,0.0004,0.0002,0.5683,0.0,0.3629,0.0156,0.0655,6.885
09:03:58.107,5998.61,E 60 s / 60 s,9.413,72.5,917504,5.024999,0.0034,0.3214,0.3189,0.4078,0.0016,0.0002,0.5007,0.0,0.267,0.0077,0.0635,7.5208
09:04:00.103,6000.61,E 60 s / 60 s,9.7318,74.1,917504,5.10272,0.0032,0.298,0.3189,0.4589,0.0006,0.0004,0.5107,0.0,0.4769,0.0109,0.0642,7.589
09:04:02.103,6002.61,E 60 s / 60 s,6.0104,75.7,917504,4.86688,0.0031,0.3995,0.2274,0.4161,0.0008,0.0004,0.5731,0.0,0.2018,0.0003,0.0649,4.1231
09:04:04.108,6004.62,E 60 s / 60 s,10.3779,75.7,917504,4.88698,0.003,0.3203,0.2317,0.4054,0.0004,0.0002,0.5157,0.0205,0.471,0.0,0.0643,8.3454
09:04:06.103,6006.62,E 60 s / 60 s,9.1112,76.3,917504,4.91244,0.0031,0.3371,0.2233,0.4055,0.0012,0.0008,0.5401,0.0136,0.2228,0.0144,0.0644,7.2848
09:04:08.107,6008.62,E 60 s / 60 s,8.0686,77.4,917504,4.87894,0.0029,0.3871,0.2237,0.4344,0.0008,0.0002,0.533,0.0,0.4741,0.0103,0.0622,5.9399
09:04:10.112,6010.62,E 60 s / 60 s,7.1378,76.3,917504,4.92584,0.0028,0.4685,0.3546,0.4202,0.0016,0.0002,0.5296,0.0103,0.4639,0.0097,0.0634,4.8129
09:04:12.107,6012.62,E 60 s / 60 s,7.6668,77.9,917504,4.88832,0.0031,0.3175,0.2502,0.4002,0.0008,0.0002,0.5333,0.0,0.1997,0.0024,0.0612,5.8982
09:04:14.107,6014.62,E 60 s / 60 s,10.2466,77.9,917504,4.8441,0.0032,0.4068,0.2843,0.4322,0.0004,0.0008,0.6007,0.0,0.4559,0.0056,0.0625,7.9942
09:04:16.107,6016.62,E 60 s / 60 s,9.636,78.5,917504,4.89368,0.0032,0.3027,0.2313,0.4111,0.0008,0.0008,0.5261,0.0103,0.165,0.0018,0.0669,7.916
09:04:18.107,6018.62,E 60 s / 60 s,8.359,77.9,917504,4.88296,0.003,0.4912,0.2329,0.4302,0.0032,0.0004,0.5204,0.0,0.3906,0.0092,0.0628,6.2151
09:04:20.112,6020.62,E 60 s / 60 s,7.3274,76.8,917504,4.92986,0.0027,0.3979,0.2202,0.4195,0.0002,0.0008,0.5313,0.0273,0.3341,0.0027,0.0605,5.3302
09:04:22.107,6022.62,E 60 s / 60 s,10.0794,79.6,917504,4.88698,0.0032,0.3706,0.3837,0.4118,0.0016,0.0004,0.4971,0.0136,0.3027,0.0071,0.0655,8.0222
09:04:24.111,6024.62,E 60 s / 60 s,9.7727,78.5,917504,4.99016,0.0029,0.3262,0.2303,0.4089,0.0004,0.0002,0.5491,0.0034,0.1647,0.0027,0.062,8.0218
09:04:26.108,6026.62,E 60 s / 60 s,8.1352,79.0,917504,4.96202,0.003,0.3437,0.3189,0.4337,0.0,0.0004,0.5734,0.0,0.3375,0.0147,0.0609,6.049
09:04:28.107,6028.62,E 60 s / 60 s,9.8169,78.5,917504,4.8776,0.003,0.2953,0.3178,0.4032,0.0008,0.0004,0.5197,0.0,0.2158,0.0068,0.0619,7.9922
09:04:30.108,6030.62,E 60 s / 60 s,9.8952,79.6,917504,4.88832,0.0031,0.3459,0.2236,0.4267,0.0016,0.0006,0.5842,0.0139,0.2702,0.0115,0.0682,7.9457
09:04:32.108,6032.62,E 60 s / 60 s,8.0348,78.5,917504,4.89904,0.0028,0.439,0.2834,0.4221,0.0004,0.0008,0.5358,0.0,0.473,0.0101,0.0645,5.8028
09:04:34.111,6034.62,E 60 s / 60 s,7.9085,80.1,917504,4.85616,0.0029,0.4075,0.2843,0.4496,0.0012,0.0,0.5338,0.0034,0.2354,0.0012,0.0642,5.925
09:04:36.108,6036.62,E 60 s / 60 s,10.1046,80.1,917504,4.8441,0.0032,0.3401,0.2246,0.4433,0.0006,0.0008,0.5682,0.0,0.1995,0.0056,0.062,8.2567
09:04:38.108,6038.62,E 60 s / 60 s,5.3787,79.6,917504,4.98748,0.0035,0.3661,0.228,0.4331,0.0006,0.0002,0.5659,0.0035,0.4907,0.003,0.063,3.2211
09:04:40.107,6040.62,E 60 s / 60 s,9.8687,79.6,917504,4.86152,0.0035,0.3371,0.2248,0.4038,0.0012,0.0004,0.5271,0.0204,0.258,0.0059,0.0621,8.0244
09:04:42.108,6042.62,E 60 s / 60 s,9.7525,80.1,917504,4.86688,0.0027,0.3463,0.2269,0.4099,0.0014,0.0002,0.5572,0.0,0.2604,0.0059,0.0659,7.8757
09:04:44.107,6044.62,E 60 s / 60 s,7.3987,79.0,917504,4.96336,0.0028,0.394,0.2848,0.4071,0.0006,0.0002,0.5559,0.0,0.2748,0.0092,0.0637,5.4057
09:04:46.104,6046.62,E 60 s / 60 s,3.5217,73.0,917504,5.10272,0.0027,0.2839,0.3546,0.3723,0.0008,0.0002,0.5135,0.007,0.0411,0.0,0.0674,1.8783
09:04:48.104,6048.62,E 60 s / 60 s,3.3349,68.1,917504,5.09736,0.0026,0.2976,0.2291,0.3777,0.0006,0.0002,0.5637,0.0035,0.0335,0.0,0.0681,1.7583
09:04:50.104,6050.62,E 60 s / 60 s,3.2486,66.4,917504,5.1121,0.0028,0.2799,0.2853,0.381,0.0018,0.0008,0.4962,0.0,0.0323,0.0,0.0645,1.7037
09:04:52.109,6052.62,E 60 s / 60 s,2.6577,64.2,917504,5.12818,0.0027,0.3925,0.2859,0.3654,0.0016,0.0002,0.5318,0.0,0.027,0.0,0.0666,0.984
09:04:54.105,6054.62,E 60 s / 60 s,2.5399,63.1,917504,5.12416,0.0031,0.3009,0.3204,0.3644,0.0018,0.0004,0.51,0.0,0.0347,0.0,0.0652,0.9389
09:04:56.105,6056.62,E 60 s / 60 s,2.4335,60.9,917504,5.13488,0.0027,0.2818,0.2522,0.365,0.0012,0.0004,0.5264,0.0,0.0281,0.0,0.0685,0.9071
09:04:58.105,6058.62,E 60 s / 60 s,2.5536,60.4,917504,5.13622,0.0026,0.3622,0.2865,0.3671,0.0018,0.0,0.5362,0.0,0.0259,0.0,0.0648,0.9064
09:05:00.105,6060.62,E 60 s / 60 s,2.4251,60.4,917504,5.14292,0.0026,0.3011,0.2227,0.3619,0.0008,0.0002,0.5361,0.0,0.0291,0.0,0.0691,0.9014
09:05:02.105,6062.62,E 60 s / 60 s,2.4678,59.3,917504,5.14158,0.0035,0.3011,0.2383,0.3617,0.0032,0.0002,0.5874,0.0,0.0302,0.0,0.0672,0.875
09:05:04.105,6064.62,E 60 s / 60 s,2.5914,58.7,917504,5.13354,0.0028,0.3518,0.2867,0.3652,0.0018,0.0,0.581,0.0071,0.0562,0.0,0.0648,0.874
09:05:06.105,6066.62,E 60 s / 60 s,2.4402,58.2,917504,5.12282,0.0031,0.2766,0.2853,0.3696,0.0016,0.0002,0.5201,0.0141,0.0389,0.0,0.0686,0.8621
09:05:08.105,6068.62,E 60 s / 60 s,2.438,58.2,917504,5.13354,0.0025,0.3027,0.2378,0.3597,0.0006,0.0004,0.5582,0.0106,0.0346,0.0,0.0691,0.8618
09:05:10.105,6070.62,E 60 s / 60 s,2.6068,57.6,917504,5.1389,0.0027,0.3751,0.3583,0.3724,0.0016,0.0004,0.5327,0.0,0.0302,0.0,0.0717,0.8618
09:05:12.106,6072.62,E 60 s / 60 s,2.4053,57.1,917504,5.14024,0.0029,0.2762,0.2877,0.3668,0.0004,0.0,0.5125,0.0035,0.0303,0.0,0.0697,0.8553
09:05:14.106,6074.62,E 60 s / 60 s,2.601,57.1,917504,5.14024,0.003,0.301,0.3937,0.3689,0.0008,0.0,0.5753,0.0071,0.0347,0.0,0.0679,0.8486
09:05:16.106,6076.62,E 60 s / 60 s,2.4752,57.1,917504,5.1456,0.0035,0.3021,0.3541,0.3689,0.0006,0.0004,0.4956,0.0,0.027,0.0,0.0666,0.8563
09:05:18.106,6078.62,E 60 s / 60 s,2.3803,56.0,917504,5.14024,0.003,0.2839,0.224,0.3651,0.0008,0.0004,0.5439,0.0,0.0389,0.0,0.0709,0.8492
09:05:20.106,6080.62,E 60 s / 60 s,2.4116,56.0,917504,5.1389,0.0031,0.3019,0.235,0.3724,0.0016,0.0,0.5415,0.0106,0.0345,0.0,0.0685,0.8425
09:05:22.106,6082.62,E 60 s / 60 s,2.3956,57.1,917504,5.13488,0.003,0.2771,0.2855,0.3685,0.0008,0.0,0.5141,0.0035,0.0238,0.0,0.0697,0.8495
09:05:24.106,6084.62,E 60 s / 60 s,2.3426,55.4,917504,5.14024,0.0031,0.2817,0.2221,0.3598,0.0,0.0002,0.5231,0.0106,0.0259,0.0,0.0672,0.8489
09:05:26.106,6086.62,E 60 s / 60 s,2.5309,54.3,917504,5.13354,0.0029,0.3021,0.3568,0.3688,0.0008,0.0004,0.5326,0.0035,0.027,0.0,0.068,0.8682
09:05:28.106,6088.62,E 60 s / 60 s,2.4621,55.4,917504,5.12282,0.0032,0.2789,0.3417,0.365,0.0,0.0002,0.5358,0.0035,0.027,0.0,0.0703,0.8364
09:05:30.106,6090.62,E 60 s / 60 s,2.3686,55.4,917504,5.14024,0.0025,0.2812,0.2535,0.365,0.0006,0.0004,0.5361,0.0035,0.0303,0.0,0.0722,0.8232
09:05:32.106,6092.62,E 60 s / 60 s,2.3906,54.9,917504,5.14694,0.003,0.3022,0.2529,0.3678,0.0,0.0,0.5422,0.0,0.0312,0.0,0.068,0.8232
09:05:34.106,6094.62,E 60 s / 60 s,2.4841,54.3,917504,5.1456,0.0033,0.3043,0.3499,0.3759,0.0002,0.0,0.5215,0.0035,0.0357,0.0,0.0655,0.8241
09:05:36.106,6096.62,E 60 s / 60 s,2.3747,54.9,917504,5.1389,0.0029,0.305,0.2216,0.3667,0.0008,0.0004,0.5472,0.0,0.0313,0.0,0.0692,0.8296
09:05:38.107,6098.62,E 60 s / 60 s,2.5717,54.9,917504,5.14292,0.0027,0.3765,0.3583,0.3707,0.0018,0.0002,0.5171,0.0071,0.0281,0.0,0.0668,0.8425
09:05:40.107,6100.62,E 60 s / 60 s,2.3973,55.4,917504,5.1456,0.0031,0.2823,0.2881,0.365,0.0008,0.0002,0.533,0.0071,0.0237,0.0,0.0699,0.8241
09:05:42.107,6102.62,E 60 s / 60 s,2.4092,54.9,917504,5.14158,0.0029,0.3049,0.2373,0.3602,0.0016,0.0002,0.581,0.0,0.0259,0.0,0.0724,0.8229
09:05:44.107,6104.62,E 60 s / 60 s,2.4465,54.3,917504,5.14158,0.0025,0.331,0.2537,0.3635,0.0004,0.0002,0.5834,0.0071,0.0248,0.0,0.0699,0.81
09:05:46.111,6106.62,E 60 s / 60 s,9.2982,63.1,917504,4.9245,0.0029,0.3504,0.2842,0.4081,0.0008,0.0004,0.5045,0.0,0.264,0.0077,0.0673,7.4079
09:05:48.111,6108.62,E 60 s / 60 s,9.8297,67.0,917504,4.90976,0.0027,0.3019,0.2318,0.4302,0.0004,0.0002,0.5507,0.0,0.1954,0.0009,0.0656,8.0498
09:05:50.111,6110.62,E 60 s / 60 s,9.0817,69.7,917504,4.90172,0.0033,0.3972,0.3561,0.4397,0.0006,0.0008,0.5072,0.0034,0.2523,0.0106,0.066,7.0443
09:05:52.111,6112.62,E 60 s / 60 s,6.1166,71.4,917504,4.89904,0.0031,0.4007,0.3529,0.4505,0.0016,0.0008,0.5232,0.0,0.4047,0.0089,0.0673,3.9029
09:05:54.111,6114.62,E 60 s / 60 s,9.4415,71.4,917504,5.02634,0.0032,0.359,0.2868,0.407,0.0016,0.0008,0.5268,0.0,0.4218,0.0059,0.0681,7.3604
09:05:56.111,6116.62,E 60 s / 60 s,10.0661,74.1,917504,4.88832,0.0031,0.3976,0.2501,0.4337,0.0006,0.0004,0.5299,0.0,0.4542,0.0,0.0659,7.9306
09:05:58.111,6118.62,E 60 s / 60 s,9.7335,74.1,917504,4.98614,0.0032,0.3231,0.2822,0.415,0.0006,0.0002,0.5166,0.0,0.0909,0.0133,0.064,8.0244
09:06:00.111,6120.62,E 60 s / 60 s,8.2802,75.2,917504,4.94192,0.0035,0.3161,0.2321,0.409,0.0004,0.0004,0.5624,0.0,0.145,0.0056,0.0637,6.542
09:06:02.112,6122.62,E 60 s / 60 s,10.0971,76.3,917504,4.86554,0.003,0.4413,0.3534,0.4292,0.0008,0.0004,0.5358,0.0,0.2363,0.0106,0.0642,8.022
09:06:04.111,6124.62,E 60 s / 60 s,9.8175,76.8,917504,4.87358,0.003,0.3507,0.2239,0.4017,0.0004,0.0002,0.5883,0.0,0.3202,0.0033,0.0644,7.8614
09:06:06.111,6126.62,E 60 s / 60 s,9.7806,76.8,917504,4.87358,0.0027,0.3981,0.3187,0.4006,0.0016,0.0008,0.5777,0.0,0.2684,0.0065,0.0612,7.7443
09:06:08.115,6128.62,E 60 s / 60 s,5.8819,76.3,917504,4.8642,0.0027,0.3964,0.2831,0.4006,0.0016,0.0002,0.5834,0.0,0.4756,0.0068,0.0639,3.6677
09:06:10.112,6130.62,E 60 s / 60 s,9.8148,77.9,917504,4.89234,0.0029,0.3562,0.2257,0.3953,0.0024,0.0002,0.5358,0.0272,0.3363,0.0121,0.0621,7.8586
09:06:12.111,6132.62,E 60 s / 60 s,8.7186,76.8,917504,4.9044,0.003,0.3448,0.3484,0.4044,0.0018,0.0008,0.5086,0.0,0.3728,0.0053,0.0624,6.6664
09:06:14.112,6134.62,E 60 s / 60 s,7.1371,77.9,917504,4.99016,0.0031,0.3983,0.3444,0.3927,0.0,0.0008,0.51,0.0,0.4227,0.0015,0.0686,4.9951
09:06:16.112,6136.62,E 60 s / 60 s,6.9266,78.5,917504,4.88832,0.0035,0.3985,0.2341,0.4038,0.0008,0.0002,0.5336,0.0,0.2099,0.0012,0.0645,5.0765
09:06:18.211,6138.62,E 60 s / 60 s,9.9534,79.6,917504,4.8709,0.003,0.341,0.3523,0.4195,0.0012,0.0004,0.5001,0.0034,0.2465,0.0047,0.0644,8.0168
09:06:20.112,6140.62,E 60 s / 60 s,9.5917,79.0,917504,4.89368,0.0031,0.3493,0.2813,0.4265,0.0008,0.0008,0.5358,0.0,0.3393,0.0164,0.0622,7.5761
09:06:22.111,6142.62,E 60 s / 60 s,7.0232,79.0,917504,5.00624,0.0039,0.3467,0.3518,0.4009,0.0004,0.0002,0.5086,0.0,0.1919,0.005,0.0605,5.1534
09:06:24.112,6144.62,E 60 s / 60 s,9.1328,77.4,917504,4.98212,0.0031,0.3929,0.3439,0.4374,0.0008,0.0004,0.5456,0.0,0.3369,0.0142,0.0657,6.9918
09:06:26.111,6146.62,E 60 s / 60 s,9.7434,79.6,917504,4.84946,0.0033,0.3957,0.2292,0.4079,0.0032,0.0002,0.5734,0.0034,0.3375,0.0036,0.0639,7.7221
09:06:28.111,6148.62,E 60 s / 60 s,10.1434,80.1,917504,4.86286,0.0031,0.3448,0.2533,0.393,0.0008,0.0002,0.5358,0.0034,0.1365,0.0047,0.0637,8.4041
09:06:30.111,6150.62,E 60 s / 60 s,9.6144,79.0,917504,4.99284,0.0029,0.3471,0.2334,0.4442,0.0004,0.0008,0.604,0.0034,0.4075,0.0056,0.0668,7.4982
09:06:32.120,6152.62,E 60 s / 60 s,5.0158,77.4,917504,5.0116,0.0035,0.444,0.3498,0.4188,0.0016,0.0,0.5132,0.0,0.2828,0.0062,0.0675,2.9283
09:06:34.111,6154.62,E 60 s / 60 s,9.6793,80.7,917504,4.86554,0.0027,0.2954,0.2496,0.4103,0.0016,0.0008,0.5086,0.0,0.132,0.0,0.0615,8.0168
09:06:36.111,6156.62,E 60 s / 60 s,10.4208,79.0,917504,4.87626,0.0031,0.4321,0.3501,0.4203,0.0012,0.0002,0.5301,0.0,0.3849,0.0039,0.0615,8.2334
09:06:38.112,6158.62,E 60 s / 60 s,8.7071,79.0,917504,4.88564,0.0033,0.4435,0.3528,0.4663,0.0002,0.0004,0.5326,0.0,0.5078,0.0124,0.0627,6.3251
09:06:40.122,6160.62,E 60 s / 60 s,10.5773,81.8,917504,4.8776,0.0027,0.3226,0.2832,0.4481,0.0018,0.0002,0.5067,0.0,0.4738,0.0029,0.0627,8.4725
09:06:42.115,6162.62,E 60 s / 60 s,8.5481,80.7,917504,4.86152,0.0031,0.4772,0.3529,0.4266,0.0002,0.0008,0.5472,0.0103,0.2005,0.0,0.0633,6.466
09:06:44.115,6164.62,E 60 s / 60 s,8.4414,81.2,917504,4.94594,0.0039,0.3957,0.2367,0.4309,0.0014,0.0002,0.5907,0.0204,0.3377,0.0115,0.0642,6.3481
09:06:46.110,6166.62,E 60 s / 60 s,3.5254,74.7,917504,5.09736,0.004,0.2978,0.2371,0.3808,0.0008,0.0002,0.5716,0.0,0.0551,0.0,0.0661,1.9118
09:06:48.110,6168.62,E 60 s / 60 s,3.557,69.7,917504,5.10674,0.0026,0.3482,0.3547,0.369,0.0012,0.0002,0.604,0.0,0.0281,0.0,0.0688,1.7801
09:06:50.110,6170.62,E 60 s / 60 s,3.2748,66.4,917504,5.10138,0.0031,0.2983,0.2511,0.3836,0.0006,0.0004,0.5174,0.0,0.0345,0.0,0.065,1.7206
09:06:52.110,6172.62,E 60 s / 60 s,2.5258,64.2,917504,5.13488,0.0026,0.3013,0.2273,0.3631,0.001,0.0004,0.5488,0.0106,0.0324,0.0,0.0679,0.9704
09:06:54.110,6174.62,E 60 s / 60 s,2.6141,62.0,917504,5.12282,0.0031,0.3016,0.3541,0.3667,0.001,0.0002,0.5227,0.0,0.0562,0.0,0.0691,0.9393
09:06:56.110,6176.62,E 60 s / 60 s,2.4702,60.4,917504,5.13756,0.0026,0.3005,0.2224,0.367,0.0018,0.0002,0.5418,0.0106,0.0389,0.0,0.0647,0.9197
09:06:58.111,6178.62,E 60 s / 60 s,2.6373,59.8,917504,5.1322,0.0031,0.3015,0.3558,0.367,0.0018,0.0002,0.5971,0.0035,0.0313,0.0,0.0692,0.9068
09:07:00.111,6180.62,E 60 s / 60 s,2.5064,59.3,917504,5.14158,0.0027,0.3017,0.2522,0.3654,0.0016,0.0002,0.5914,0.0071,0.0248,0.0,0.0653,0.8939
09:07:02.111,6182.62,E 60 s / 60 s,2.4613,59.3,917504,5.14292,0.0028,0.3014,0.253,0.3652,0.0016,0.0004,0.5422,0.0141,0.0261,0.0,0.0666,0.8878
09:07:04.111,6184.62,E 60 s / 60 s,2.4911,59.8,917504,5.13488,0.0031,0.2783,0.2865,0.3634,0.0008,0.0002,0.5683,0.0141,0.026,0.0,0.0691,0.8814
09:07:06.111,6186.62,E 60 s / 60 s,2.4492,58.7,917504,5.1389,0.003,0.3018,0.2385,0.367,0.0,0.0004,0.5805,0.0,0.0303,0.0,0.066,0.8618
09:07:08.111,6188.62,E 60 s / 60 s,2.5094,57.6,917504,5.12282,0.0029,0.3005,0.3382,0.3651,0.0004,0.0004,0.5199,0.0,0.0369,0.0,0.0705,0.8746
09:07:10.111,6190.62,E 60 s / 60 s,2.3846,57.1,917504,5.12952,0.0026,0.2809,0.2365,0.3625,0.0016,0.0002,0.539,0.0,0.026,0.0,0.0729,0.8624
09:07:12.111,6192.62,E 60 s / 60 s,2.5411,57.1,917504,5.1255,0.003,0.3528,0.2546,0.3652,0.0018,0.0002,0.6003,0.0,0.0313,0.0,0.0704,0.8614
09:07:14.111,6194.62,E 60 s / 60 s,2.502,57.6,917504,5.12818,0.0029,0.3004,0.324,0.3643,0.0004,0.0004,0.5401,0.0035,0.0357,0.0,0.0685,0.8618
09:07:16.111,6196.62,E 60 s / 60 s,2.4123,56.5,917504,5.14024,0.0027,0.3038,0.2238,0.369,0.0016,0.0002,0.5383,0.0106,0.0399,0.0,0.0673,0.8553
09:07:18.111,6198.62,E 60 s / 60 s,2.4822,56.5,917504,5.1456,0.0029,0.3022,0.3397,0.3742,0.0016,0.0004,0.506,0.0,0.027,0.0,0.066,0.8621
09:07:20.115,6200.62,E 60 s / 60 s,2.4159,54.9,917504,5.11344,0.0026,0.3062,0.2886,0.3688,0.0016,0.0004,0.5133,0.0,0.0303,0.0,0.068,0.836
09:07:22.111,6202.62,E 60 s / 60 s,2.3775,57.6,917504,5.14292,0.0025,0.3046,0.2268,0.3635,0.0006,0.0002,0.5459,0.0035,0.0271,0.0,0.0667,0.836
09:07:24.111,6204.62,E 60 s / 60 s,2.7183,55.4,917504,5.13622,0.0031,0.3014,0.3233,0.3688,0.0016,0.0002,0.539,0.0071,0.026,0.0,0.0673,1.0804
09:07:26.111,6206.62,E 60 s / 60 s,2.4125,55.4,917504,5.1456,0.0029,0.28,0.287,0.3636,0.0006,0.0004,0.5442,0.0,0.0259,0.0,0.0718,0.836
09:07:28.112,6208.62,E 60 s / 60 s,2.369,55.4,917504,5.1389,0.0023,0.3035,0.2265,0.3699,0.0032,0.0,0.539,0.0106,0.0238,0.0,0.0672,0.8229
09:07:30.112,6210.62,E 60 s / 60 s,2.454,54.3,917504,5.1456,0.0031,0.3043,0.3394,0.3679,0.0006,0.0002,0.5084,0.0035,0.0282,0.0,0.068,0.8302
09:07:32.112,6212.62,E 60 s / 60 s,2.4188,54.9,917504,5.14962,0.0031,0.3033,0.2227,0.3665,0.0006,0.0004,0.5886,0.0,0.0335,0.0,0.0704,0.8296
09:07:34.112,6214.62,E 60 s / 60 s,2.4108,55.4,917504,5.14292,0.003,0.3033,0.236,0.365,0.0016,0.0002,0.5769,0.0,0.0367,0.0,0.0648,0.8232
09:07:36.112,6216.62,E 60 s / 60 s,2.5191,54.9,917504,5.14426,0.0031,0.3799,0.2886,0.3706,0.0016,0.0004,0.5422,0.0,0.0302,0.0,0.0718,0.8305
09:07:38.112,6218.62,E 60 s / 60 s,2.4194,53.8,917504,5.1456,0.0025,0.2809,0.2219,0.3654,0.0032,0.0,0.6039,0.0071,0.0378,0.0012,0.0722,0.8232
09:07:40.112,6220.62,E 60 s / 60 s,2.5096,54.9,917504,5.13354,0.003,0.3542,0.2905,0.3733,0.0004,0.0004,0.5364,0.0106,0.0368,0.0,0.0681,0.836
09:07:42.216,6222.62,E 60 s / 60 s,2.4353,53.8,917504,5.14962,0.0027,0.3036,0.2529,0.36,0.0004,0.0004,0.5896,0.0035,0.0313,0.0,0.0743,0.8164
09:07:44.112,6224.62,E 60 s / 60 s,2.3415,54.3,917504,5.1456,0.0031,0.2803,0.2222,0.3632,0.0002,0.0004,0.5521,0.0035,0.0313,0.0,0.0685,0.8168
09:07:46.119,6226.63,E 60 s / 60 s,4.5555,60.4,917504,4.97408,0.0027,0.3535,0.3393,0.4335,0.0012,0.0008,0.5229,0.0,0.5053,0.0071,0.0658,2.3233
09:07:48.119,6228.63,E 60 s / 60 s,10.0292,67.5,917504,4.92048,0.003,0.3985,0.3508,0.4408,0.0002,0.0004,0.5204,0.0,0.2483,0.003,0.0674,7.9964
09:07:50.120,6230.63,E 60 s / 60 s,9.2145,69.2,917504,4.90708,0.003,0.3006,0.3536,0.4086,0.0016,0.0002,0.5125,0.0276,0.5038,0.0068,0.0661,7.0301
09:07:52.119,6232.63,E 60 s / 60 s,9.3117,70.8,917504,4.9915,0.0031,0.359,0.233,0.4314,0.0004,0.0002,0.5951,0.0069,0.3295,0.0065,0.0649,7.2817
09:07:54.119,6234.63,E 60 s / 60 s,9.4819,73.0,917504,4.88698,0.003,0.3156,0.2522,0.4136,0.0004,0.0002,0.5442,0.0069,0.196,0.0059,0.0632,7.6807
09:07:56.119,6236.63,E 60 s / 60 s,7.6902,71.9,917504,5.0384,0.0027,0.3992,0.3211,0.3795,0.0012,0.0008,0.5453,0.0,0.1955,0.0051,0.064,5.7759
09:07:58.119,6238.63,E 60 s / 60 s,8.002,74.7,917504,4.98882,0.003,0.3792,0.2273,0.4096,0.0,0.0002,0.539,0.0171,0.2649,0.008,0.0647,6.0891
09:08:00.119,6240.63,E 60 s / 60 s,9.7158,75.7,917504,4.9111,0.0033,0.4468,0.3546,0.4072,0.0,0.0004,0.5227,0.0,0.3391,0.0118,0.0613,7.5686
09:08:02.119,6242.63,E 60 s / 60 s,10.1856,75.2,917504,5.0116,0.0035,0.4466,0.2847,0.3879,0.0006,0.0008,0.5781,0.0,0.0958,0.0086,0.0642,8.3148
09:08:04.120,6244.63,E 60 s / 60 s,6.2894,75.2,917504,4.94326,0.0033,0.4484,0.2519,0.4542,0.0002,0.0008,0.5721,0.0,0.3361,0.0242,0.0648,4.1335
09:08:06.119,6246.63,E 60 s / 60 s,7.4477,75.7,917504,4.87626,0.0027,0.4232,0.2499,0.4129,0.0008,0.0008,0.5963,0.0,0.4553,0.0083,0.0674,5.2302
09:08:08.219,6248.63,E 60 s / 60 s,3.7315,73.0,917504,5.092,0.0031,0.3956,0.3544,0.376,0.0004,0.0004,0.5844,0.0,0.0303,0.0,0.0692,1.9177
09:08:10.123,6250.63,E 60 s / 60 s,7.644,76.8,917504,4.88832,0.0031,0.3973,0.3351,0.3966,0.0004,0.0008,0.5388,0.0,0.1375,0.0104,0.0633,5.7607
09:08:12.131,6252.63,E 60 s / 60 s,7.3483,76.8,917504,4.8776,0.0028,0.4488,0.3533,0.416,0.0016,0.0008,0.5813,0.0,0.4216,0.0092,0.0645,5.0485
09:08:14.121,6254.63,E 60 s / 60 s,6.8203,77.4,917504,5.00758,0.0031,0.3023,0.2259,0.3836,0.0004,0.0008,0.5401,0.0,0.0961,0.0003,0.0643,5.2034
09:08:16.127,6256.64,E 60 s / 60 s,8.7058,77.4,917504,4.88832,0.0031,0.3894,0.3526,0.4129,0.0,0.0002,0.5329,0.0,0.5375,0.0015,0.0613,6.4145
09:08:18.127,6258.64,E 60 s / 60 s,9.777,79.0,917504,4.92852,0.0034,0.322,0.285,0.409,0.0004,0.0008,0.5469,0.0,0.3243,0.011,0.0642,7.81
09:08:20.127,6260.64,E 60 s / 60 s,9.9499,78.5,917504,4.86688,0.0033,0.2947,0.3504,0.4249,0.0006,0.0002,0.5079,0.0034,0.3006,0.0144,0.0605,7.9888
09:08:22.127,6262.64,E 60 s / 60 s,6.7684,77.9,917504,4.99954,0.0028,0.3326,0.2383,0.4023,0.0008,0.0004,0.5393,0.0034,0.2032,0.0027,0.0643,4.9784
09:08:24.134,6264.64,E 60 s / 60 s,7.6298,77.9,917504,4.97408,0.0039,0.4192,0.2296,0.4238,0.0016,0.0002,0.5863,0.0,0.3365,0.0136,0.0629,5.5521
09:08:26.131,6266.64,E 60 s / 60 s,10.1065,79.6,917504,4.8575,0.0039,0.3207,0.2327,0.4064,0.0008,0.0002,0.5164,0.0,0.3732,0.0056,0.0614,8.185
09:08:28.131,6268.64,E 60 s / 60 s,10.1869,78.5,917504,4.85884,0.0032,0.3218,0.2238,0.3971,0.001,0.0,0.5619,0.0,0.0766,0.0056,0.0616,8.5344
09:08:30.131,6270.64,E 60 s / 60 s,6.5495,80.1,917504,4.99016,0.003,0.4067,0.2854,0.4646,0.0002,0.0002,0.4841,0.0069,0.5046,0.015,0.063,4.3158
09:08:32.131,6272.64,E 60 s / 60 s,9.6293,78.5,917504,4.92986,0.0032,0.4579,0.2847,0.4373,0.0012,0.0002,0.5403,0.0,0.4203,0.0129,0.0638,7.4074
09:08:34.133,6274.64,E 60 s / 60 s,4.899,79.6,917504,5.00892,0.0031,0.3847,0.3534,0.3819,0.0012,0.0,0.5818,0.0,0.0516,0.0027,0.0624,3.0761
09:08:36.131,6276.64,E 60 s / 60 s,8.1833,80.7,917504,4.86688,0.0033,0.3721,0.2236,0.4107,0.0012,0.0008,0.5294,0.0068,0.3122,0.0094,0.0621,6.2518
09:08:38.131,6278.64,E 60 s / 60 s,10.2032,80.7,917504,4.87492,0.0033,0.3379,0.2313,0.4302,0.0018,0.0002,0.5221,0.0102,0.4051,0.0109,0.0627,8.1875
09:08:40.135,6280.64,E 60 s / 60 s,8.7054,80.1,917504,4.8642,0.0031,0.393,0.3422,0.4375,0.0,0.0008,0.535,0.0034,0.4931,0.0,0.0627,6.4346
09:08:42.127,6282.64,E 60 s / 60 s,3.3635,71.9,917504,5.10004,0.0031,0.2992,0.2194,0.3812,0.0008,0.0008,0.5199,0.0,0.0335,0.0,0.0643,1.8413
09:08:44.127,6284.64,E 60 s / 60 s,3.3804,68.6,917504,5.10272,0.003,0.2972,0.321,0.3718,0.0006,0.0002,0.5365,0.0,0.0292,0.0,0.0648,1.7561
09:08:46.128,6286.64,E 60 s / 60 s,2.5883,65.9,917504,5.1322,0.0026,0.2987,0.2381,0.366,0.0016,0.0002,0.5745,0.0035,0.0261,0.0,0.0672,1.0097
09:08:48.128,6288.64,E 60 s / 60 s,2.6357,63.7,917504,5.1322,0.0029,0.2996,0.3577,0.367,0.0012,0.0004,0.5377,0.0035,0.0291,0.0,0.0654,0.9711
09:08:50.128,6290.64,E 60 s / 60 s,2.5035,62.6,917504,5.12952,0.0031,0.2786,0.2255,0.3573,0.0014,0.0002,0.5946,0.0,0.04,0.0,0.0703,0.9325
09:08:52.128,6292.64,E 60 s / 60 s,2.5522,60.9,917504,5.13622,0.0031,0.2999,0.2542,0.3724,0.0032,0.0,0.5842,0.0106,0.0281,0.0,0.0704,0.9261
09:08:54.128,6294.64,E 60 s / 60 s,2.5333,60.4,917504,5.1322,0.0025,0.3028,0.3354,0.3667,0.0008,0.0004,0.5164,0.0035,0.0238,0.0,0.0678,0.9132
09:08:56.128,6296.64,E 60 s / 60 s,2.3752,60.4,917504,5.14024,0.0027,0.2822,0.2208,0.3626,0.0016,0.0002,0.5204,0.0,0.0281,0.0,0.0691,0.8875
09:08:58.128,6298.64,E 60 s / 60 s,2.4346,59.3,917504,5.12148,0.0028,0.3015,0.2365,0.3616,0.0008,0.0004,0.5423,0.0141,0.028,0.0,0.0658,0.8807
09:09:00.128,6300.64,E 60 s / 60 s,2.5301,58.7,917504,5.13756,0.0031,0.2997,0.3558,0.3724,0.0002,0.0004,0.5215,0.0,0.0541,0.0,0.0672,0.8557
09:09:02.128,6302.64,E 60 s / 60 s,2.3763,57.6,917504,5.13622,0.0031,0.2768,0.225,0.3617,0.0008,0.0004,0.5188,0.0141,0.0455,0.0,0.0691,0.8611
09:09:04.129,6304.64,E 60 s / 60 s,2.6079,57.6,917504,5.12282,0.0029,0.3722,0.3576,0.3619,0.0004,0.0004,0.5447,0.0,0.0272,0.0,0.066,0.8746
09:09:06.129,6306.64,E 60 s / 60 s,2.4405,57.1,917504,5.13622,0.0025,0.2892,0.2852,0.3626,0.0016,0.0004,0.5301,0.0035,0.0346,0.0,0.0691,0.8618
09:09:08.129,6308.64,E 60 s / 60 s,2.3805,56.5,917504,5.1322,0.0031,0.2794,0.2531,0.3676,0.0016,0.0002,0.5201,0.0035,0.027,0.0,0.0685,0.8563
09:09:10.129,6310.64,E 60 s / 60 s,2.4946,57.1,917504,5.1322,0.0027,0.3021,0.3559,0.3653,0.0016,0.0,0.5132,0.0,0.027,0.0,0.0706,0.8563
09:09:12.129,6312.64,E 60 s / 60 s,2.4038,56.5,917504,5.12952,0.0029,0.2846,0.2856,0.3666,0.0004,0.0,0.5173,0.0,0.0379,0.0,0.0659,0.8425
09:09:14.129,6314.64,E 60 s / 60 s,2.3965,56.5,917504,5.14694,0.0031,0.3027,0.2287,0.3697,0.0004,0.0002,0.5401,0.0,0.0281,0.0,0.0685,0.855
09:09:16.129,6316.64,E 60 s / 60 s,2.5592,57.1,917504,5.13354,0.0031,0.3496,0.3584,0.3643,0.0032,0.0004,0.5336,0.0,0.0281,0.0,0.0697,0.8486
09:09:18.129,6318.64,E 60 s / 60 s,2.3415,56.0,917504,5.13488,0.0027,0.2796,0.2262,0.3608,0.0002,0.0004,0.5395,0.0071,0.0238,0.0,0.0703,0.8309
09:09:20.129,6320.64,E 60 s / 60 s,2.5426,55.4,917504,5.12818,0.0033,0.3501,0.3558,0.368,0.0032,0.0,0.5293,0.0071,0.027,0.0,0.0692,0.8296
09:09:22.129,6322.64,E 60 s / 60 s,2.496,56.0,917504,5.14024,0.0034,0.2792,0.356,0.3786,0.0006,0.0004,0.5182,0.0106,0.04,0.0,0.0729,0.836
09:09:24.133,6324.64,E 60 s / 60 s,2.3827,56.5,917504,5.12818,0.0032,0.2792,0.2844,0.3644,0.0002,0.0002,0.5157,0.0,0.0259,0.0,0.0724,0.837
09:09:26.129,6326.64,E 60 s / 60 s,2.4848,54.9,917504,5.13354,0.0031,0.3064,0.3558,0.3609,0.0016,0.0,0.5132,0.0,0.0281,0.0,0.0668,0.8489
09:09:28.129,6328.64,E 60 s / 60 s,2.7967,54.9,917504,5.14292,0.003,0.3035,0.2171,0.3619,0.0016,0.0004,0.5413,0.0,0.0302,0.0,0.0711,1.2665
09:09:30.129,6330.64,E 60 s / 60 s,2.6676,54.3,917504,5.14158,0.0027,0.3808,0.2883,0.3627,0.0016,0.0004,0.5393,0.0,0.041,0.0,0.0668,0.984
09:09:32.129,6332.64,E 60 s / 60 s,2.4226,54.3,917504,5.1456,0.0028,0.2794,0.3201,0.3672,0.0016,0.0002,0.5189,0.0071,0.0248,0.0,0.0699,0.8305
09:09:34.130,6334.64,E 60 s / 60 s,2.3056,54.9,917504,5.14694,0.003,0.2817,0.2273,0.3661,0.0006,0.0004,0.5171,0.0,0.0259,0.0,0.0731,0.8103
09:09:36.130,6336.64,E 60 s / 60 s,2.4951,54.3,917504,5.14158,0.0034,0.3553,0.2526,0.367,0.0016,0.0002,0.6102,0.0,0.028,0.0,0.0667,0.81
09:09:38.130,6338.64,E 60 s / 60 s,2.3058,54.3,917504,5.14024,0.0025,0.2724,0.2537,0.3662,0.0018,0.0,0.4962,0.0035,0.0292,0.0,0.0692,0.8109
09:09:40.130,6340.64,E 60 s / 60 s,2.3213,54.3,917504,5.14292,0.0031,0.276,0.2352,0.3648,0.0004,0.0,0.5142,0.0106,0.0281,0.0,0.0717,0.8171
09:09:42.130,6342.64,E 60 s / 60 s,2.4717,54.3,917504,5.14426,0.0028,0.3044,0.2285,0.3696,0.0008,0.0004,0.6455,0.0,0.0347,0.0,0.068,0.8171
09:09:44.130,6344.64,E 60 s / 60 s,2.484,52.7,917504,5.13622,0.0029,0.3053,0.3523,0.3706,0.0008,0.0002,0.5229,0.0,0.0411,0.0,0.0712,0.8168
09:09:46.136,6346.64,E 60 s / 60 s,6.0608,57.6,917504,5.02232,0.0027,0.4043,0.3504,0.4065,0.0032,0.0008,0.5004,0.0693,0.5064,0.0115,0.0669,3.7383
09:09:48.135,6348.64,E 60 s / 60 s,6.2478,65.9,917504,4.92584,0.0029,0.3511,0.3449,0.4111,0.0012,0.0008,0.4938,0.0069,0.1867,0.0048,0.0617,4.3819
09:09:50.135,6350.64,E 60 s / 60 s,8.3729,68.1,917504,4.97408,0.0029,0.4749,0.3185,0.4323,0.0004,0.0002,0.5335,0.0,0.4378,0.0056,0.0682,6.0987
09:09:52.131,6352.64,E 60 s / 60 s,9.685,69.7,917504,4.8977,0.003,0.325,0.2263,0.4089,0.0004,0.0008,0.5391,0.0035,0.0929,0.0,0.068,8.0171
09:09:54.136,6354.64,E 60 s / 60 s,9.5002,70.8,917504,4.9111,0.003,0.3551,0.2236,0.4199,0.0016,0.0004,0.5125,0.0,0.4042,0.0153,0.065,7.4996
09:09:56.135,6356.64,E 60 s / 60 s,9.5863,73.0,917504,4.91244,0.0033,0.3531,0.2821,0.4238,0.0006,0.0008,0.5344,0.0,0.3714,0.0027,0.0645,7.5497
09:09:58.136,6358.64,E 60 s / 60 s,9.0172,73.0,917504,4.96738,0.0029,0.3981,0.3491,0.4131,0.0004,0.0008,0.4971,0.0,0.4829,0.0139,0.0652,6.7938
09:10:00.136,6360.64,E 60 s / 60 s,10.132,75.2,917504,4.88028,0.0033,0.4005,0.3515,0.4103,0.0008,0.0002,0.5268,0.0239,0.3333,0.0053,0.0617,8.0144
09:10:02.136,6362.64,E 60 s / 60 s,9.9079,75.7,917504,4.87894,0.0039,0.3122,0.2486,0.4291,0.0,0.0002,0.5505,0.0,0.4805,0.0,0.0628,7.8201
09:10:04.135,6364.64,E 60 s / 60 s,7.5599,75.2,917504,4.96738,0.003,0.3479,0.2502,0.41,0.0012,0.0008,0.5777,0.0069,0.4007,0.0033,0.0674,5.4908
09:10:06.135,6366.64,E 60 s / 60 s,10.6749,76.3,917504,4.86152,0.0028,0.3983,0.233,0.4019,0.0004,0.0002,0.5911,0.0444,0.4858,0.0018,0.0667,8.4485
09:10:08.135,6368.64,E 60 s / 60 s,7.6847,74.7,917504,4.87626,0.0029,0.3972,0.2254,0.4533,0.0016,0.0008,0.5648,0.0,0.4909,0.0092,0.0658,5.4728
09:10:10.133,6370.64,E 60 s / 60 s,7.6551,76.3,917504,4.97274,0.003,0.3168,0.2228,0.416,0.0,0.0002,0.5358,0.0,0.2652,0.0059,0.0624,5.8269
09:10:12.136,6372.64,E 60 s / 60 s,10.1378,77.4,917504,4.86688,0.0029,0.3437,0.3433,0.4282,0.0004,0.0,0.5391,0.0068,0.2713,0.0059,0.062,8.1342
09:10:14.135,6374.64,E 60 s / 60 s,8.0613,78.5,917504,4.86152,0.0033,0.3979,0.2275,0.4078,0.0004,0.0008,0.5442,0.0,0.3376,0.0059,0.0619,6.0738
09:10:16.135,6376.64,E 60 s / 60 s,6.6915,77.4,917504,4.8709,0.0029,0.3722,0.2317,0.4399,0.0004,0.0008,0.5126,0.0,0.4602,0.0209,0.0658,4.5841
09:10:18.216,6378.64,E 60 s / 60 s,4.8866,74.7,917504,4.99284,0.0029,0.3606,0.2335,0.383,0.0016,0.0002,0.6401,0.0173,0.2475,0.0068,0.0642,2.9289
09:10:20.135,6380.64,E 60 s / 60 s,10.433,77.9,917504,4.891,0.0028,0.4419,0.2827,0.4269,0.0008,0.0002,0.535,0.0068,0.497,0.0053,0.0611,8.1723
09:10:22.136,6382.64,E 60 s / 60 s,4.6282,77.4,917504,4.98882,0.0032,0.3848,0.2816,0.3871,0.0008,0.0008,0.5293,0.0,0.0291,0.0,0.0659,2.9454
09:10:24.135,6384.64,E 60 s / 60 s,9.5051,77.9,917504,4.86554,0.0029,0.4098,0.3526,0.4183,0.0004,0.0008,0.5326,0.0068,0.251,0.0109,0.0669,7.4521
09:10:26.135,6386.64,E 60 s / 60 s,9.8328,78.5,917504,4.86688,0.0035,0.3446,0.3435,0.3981,0.0012,0.0008,0.5043,0.0,0.2655,0.0035,0.0653,7.9023
09:10:28.140,6388.64,E 60 s / 60 s,8.3769,79.6,917504,4.88162,0.0037,0.3132,0.2327,0.3941,0.001,0.0002,0.5622,0.0,0.2616,0.0009,0.0653,6.542
09:10:30.135,6390.64,E 60 s / 60 s,9.5438,79.0,917504,4.90708,0.003,0.2959,0.3524,0.4296,0.0002,0.0002,0.5164,0.0069,0.4743,0.0103,0.0659,7.3887
09:10:32.135,6392.65,E 60 s / 60 s,6.8667,78.5,917504,5.0853,0.0031,0.4466,0.3831,0.3848,0.0012,0.0002,0.5067,0.0,0.0582,0.0083,0.0641,5.0103
09:10:34.139,6394.65,E 60 s / 60 s,9.8736,79.6,917504,4.86018,0.0031,0.3465,0.222,0.4458,0.0016,0.0,0.5595,0.0034,0.3024,0.0083,0.0603,7.9208
09:10:36.139,6396.65,E 60 s / 60 s,10.1093,79.0,917504,4.97006,0.0026,0.3189,0.2214,0.4261,0.0004,0.0008,0.5365,0.0,0.478,0.0,0.0645,8.0599
09:10:38.142,6398.65,E 60 s / 60 s,6.5481,78.5,917504,4.99016,0.0033,0.3828,0.3526,0.4311,0.0014,0.0002,0.5197,0.0,0.4738,0.0047,0.0634,4.3151
09:10:40.143,6400.65,E 60 s / 60 s,10.393,80.1,917504,4.88832,0.0033,0.346,0.2784,0.416,0.0008,0.0002,0.5294,0.0,0.3362,0.0012,0.0624,8.4191
09:10:42.139,6402.65,E 60 s / 60 s,10.3817,81.8,917504,4.84946,0.0031,0.3426,0.2462,0.4217,0.0016,0.0002,0.5768,0.0069,0.4931,0.0,0.0664,8.2232
09:10:44.139,6404.65,E 60 s / 60 s,7.2517,81.2,917504,4.85884,0.0029,0.4693,0.3533,0.4335,0.0004,0.0002,0.5721,0.0,0.4107,0.0112,0.0656,4.9325
09:10:46.135,6406.65,E 60 s / 60 s,6.5969,79.0,917504,5.08664,0.0035,0.2865,0.2486,0.3924,0.0012,0.0002,0.511,0.0,0.0573,0.0,0.0629,5.0332
09:10:48.135,6408.65,E 60 s / 60 s,3.4623,70.8,917504,5.10808,0.0031,0.2974,0.3461,0.3778,0.0008,0.0,0.5196,0.0,0.0432,0.0,0.0647,1.8096
09:10:50.135,6410.65,E 60 s / 60 s,3.5372,68.1,917504,5.11076,0.0029,0.2878,0.2355,0.376,0.0016,0.0008,0.5164,0.0105,0.0345,0.0,0.0688,2.0023
09:10:52.136,6412.65,E 60 s / 60 s,2.5397,64.8,917504,5.11746,0.0031,0.2873,0.2865,0.3626,0.0012,0.0002,0.5075,0.007,0.0292,0.0,0.0703,0.9847
09:10:54.136,6414.65,E 60 s / 60 s,2.4844,63.1,917504,5.11344,0.0031,0.3,0.2513,0.3665,0.0016,0.0004,0.5202,0.0035,0.0292,0.0,0.0696,0.9389
09:10:56.136,6416.65,E 60 s / 60 s,2.6925,62.0,917504,5.1255,0.0029,0.3484,0.3577,0.3895,0.0012,0.0002,0.5358,0.0071,0.0348,0.0,0.0698,0.945
09:10:58.136,6418.65,E 60 s / 60 s,2.5269,60.9,917504,5.12416,0.0027,0.2864,0.3515,0.3664,0.0016,0.0006,0.5067,0.0,0.0335,0.0,0.0703,0.9071
09:11:00.136,6420.65,E 60 s / 60 s,2.4109,59.8,917504,5.12282,0.0026,0.3013,0.2238,0.3646,0.0018,0.0002,0.5286,0.0035,0.026,0.0,0.0646,0.8939
09:11:02.136,6422.65,E 60 s / 60 s,2.5386,59.3,917504,5.13488,0.0027,0.3012,0.352,0.369,0.0016,0.0004,0.5132,0.0,0.0303,0.0,0.068,0.9004
09:11:04.136,6424.65,E 60 s / 60 s,2.4399,58.2,917504,5.13354,0.0031,0.2839,0.2852,0.3688,0.0002,0.0,0.5132,0.0071,0.0281,0.0,0.0692,0.8811
09:11:06.136,6426.65,E 60 s / 60 s,2.3893,59.8,917504,5.13488,0.0033,0.276,0.2348,0.3688,0.0006,0.0004,0.5248,0.0071,0.0281,0.0,0.071,0.8743
09:11:08.136,6428.65,E 60 s / 60 s,2.4672,58.7,917504,5.1255,0.0031,0.2763,0.3207,0.3626,0.0004,0.0004,0.5207,0.0,0.0238,0.0,0.0717,0.8875
09:11:10.136,6430.65,E 60 s / 60 s,2.3852,58.7,917504,5.1322,0.0034,0.2828,0.2249,0.3688,0.0008,0.0004,0.5326,0.0,0.0389,0.0,0.071,0.8618
09:11:12.136,6432.65,E 60 s / 60 s,2.5188,57.6,917504,5.14158,0.0031,0.3256,0.2524,0.3725,0.0018,0.0004,0.5866,0.0141,0.0345,0.0,0.0661,0.8618
09:11:14.137,6434.65,E 60 s / 60 s,2.394,58.2,917504,5.1255,0.0027,0.2847,0.2861,0.3608,0.0008,0.0002,0.5099,0.0071,0.0346,0.0,0.0704,0.8367
09:11:16.137,6436.65,E 60 s / 60 s,2.4356,57.1,917504,5.14024,0.0027,0.3026,0.2388,0.3614,0.0004,0.0004,0.5852,0.0035,0.026,0.0,0.0659,0.8486
09:11:18.137,6438.65,E 60 s / 60 s,2.5292,56.0,917504,5.13354,0.0031,0.3018,0.3424,0.3668,0.0004,0.0004,0.5589,0.0,0.0379,0.0,0.068,0.8495
09:11:20.137,6440.65,E 60 s / 60 s,2.5095,56.5,917504,5.13086,0.0033,0.3028,0.3588,0.3633,0.0032,0.0004,0.5292,0.0035,0.0259,0.0,0.0697,0.8492
09:11:22.137,6442.65,E 60 s / 60 s,2.4876,56.5,917504,5.13354,0.003,0.302,0.2526,0.3706,0.0018,0.0002,0.5961,0.0106,0.0314,0.0,0.071,0.8483
09:11:24.137,6444.65,E 60 s / 60 s,2.4802,56.0,917504,5.1322,0.0031,0.3036,0.3407,0.3644,0.0016,0.0002,0.5204,0.0,0.0303,0.0,0.0666,0.8492
09:11:26.137,6446.65,E 60 s / 60 s,3.0469,56.0,917504,5.1054,0.003,0.3038,0.2247,0.3714,0.0004,0.0,0.5978,0.0106,0.0691,0.0,0.0691,1.3971
09:11:28.137,6448.65,E 60 s / 60 s,2.4446,56.0,917504,5.14292,0.0028,0.3019,0.2535,0.3667,0.0008,0.0,0.5799,0.0071,0.0389,0.0,0.0704,0.8226
09:11:30.137,6450.65,E 60 s / 60 s,2.4455,55.4,917504,5.1389,0.0029,0.3054,0.341,0.3626,0.0004,0.0002,0.511,0.0035,0.0269,0.0,0.0687,0.8229
09:11:32.137,6452.65,E 60 s / 60 s,2.3575,55.4,917504,5.1456,0.0031,0.2788,0.2223,0.3619,0.0016,0.0,0.542,0.0106,0.051,0.0,0.0699,0.8161
09:11:34.137,6454.65,E 60 s / 60 s,2.5832,54.9,917504,5.1389,0.0026,0.3045,0.2415,0.3592,0.0032,0.0004,0.5971,0.0035,0.0335,0.0,0.0729,0.9647
09:11:36.137,6456.65,E 60 s / 60 s,2.4881,54.3,917504,5.14158,0.0025,0.3044,0.348,0.3633,0.0008,0.0004,0.5361,0.0,0.0315,0.0,0.0705,0.8305
09:11:38.137,6458.65,E 60 s / 60 s,2.3662,54.9,917504,5.14828,0.003,0.3033,0.2209,0.3725,0.0002,0.0,0.5358,0.0106,0.0378,0.0,0.0718,0.8103
09:11:40.137,6460.65,E 60 s / 60 s,2.5308,54.9,917504,5.14158,0.0032,0.3529,0.2865,0.3652,0.0,0.0,0.6036,0.0,0.027,0.0,0.0692,0.8232
09:11:42.138,6462.65,E 60 s / 60 s,2.3262,54.9,917504,5.1456,0.0025,0.2808,0.2214,0.3637,0.0016,0.0004,0.5413,0.0035,0.0369,0.0,0.0705,0.8036
09:11:44.138,6464.65,E 60 s / 60 s,2.3741,53.8,917504,5.14426,0.0027,0.3171,0.2355,0.3688,0.0006,0.0004,0.5345,0.0035,0.0325,0.0,0.0681,0.8103
09:11:46.143,6466.65,E 60 s / 60 s,2.5004,54.9,917504,5.092,0.0027,0.3044,0.2889,0.3714,0.0006,0.0004,0.5142,0.0,0.1241,0.0,0.07,0.8238
09:11:48.139,6468.65,E 60 s / 60 s,9.8292,65.3,917504,4.9513,0.0032,0.395,0.2811,0.422,0.0016,0.0002,0.5685,0.0,0.3266,0.0077,0.0662,7.7571
09:11:50.147,6470.65,E 60 s / 60 s,9.222,68.1,917504,4.9714,0.0027,0.3503,0.2852,0.4066,0.0018,0.0002,0.4971,0.0,0.2899,0.0074,0.0632,7.3177
09:11:52.139,6472.65,E 60 s / 60 s,9.4075,68.6,917504,4.96738,0.0032,0.3503,0.221,0.4185,0.0004,0.0008,0.5353,0.0,0.3353,0.0106,0.0683,7.4638
09:11:54.139,6474.65,E 60 s / 60 s,9.7006,70.3,917504,4.97408,0.0029,0.3759,0.2512,0.4266,0.0016,0.0,0.5907,0.0069,0.4575,0.0089,0.0687,7.5096
09:11:56.139,6476.65,E 60 s / 60 s,9.9965,73.0,917504,4.90842,0.0031,0.2893,0.2491,0.4041,0.0004,0.0008,0.5096,0.0,0.232,0.0142,0.0629,8.231
09:11:58.139,6478.65,E 60 s / 60 s,10.3367,73.6,917504,4.89234,0.0037,0.3245,0.3486,0.4105,0.001,0.0002,0.4989,0.0035,0.4016,0.0092,0.0659,8.2692
09:12:00.139,6480.65,E 60 s / 60 s,9.3496,74.1,917504,4.88162,0.0034,0.3495,0.2403,0.3988,0.0006,0.0,0.6165,0.0034,0.1978,0.0006,0.0656,7.4731
09:12:02.140,6482.65,E 60 s / 60 s,7.5891,74.7,917504,4.97274,0.0035,0.3981,0.2329,0.4058,0.0004,0.0008,0.5845,0.0137,0.2279,0.0006,0.0671,5.6537
09:12:04.143,6484.65,E 60 s / 60 s,8.1551,74.7,917504,4.88832,0.0033,0.3845,0.2233,0.4381,0.0016,0.0002,0.5224,0.0068,0.4755,0.0115,0.0637,6.0242
09:12:06.143,6486.65,E 60 s / 60 s,10.2316,75.7,917504,5.09468,0.0035,0.3966,0.3509,0.3916,0.0012,0.0008,0.5093,0.0,0.2627,0.0059,0.0631,8.2461
09:12:08.143,6488.65,E 60 s / 60 s,9.4116,77.4,917504,4.86286,0.003,0.3301,0.2501,0.4017,0.0032,0.0002,0.5298,0.0,0.3001,0.0088,0.0667,7.5179
09:12:10.143,6490.65,E 60 s / 60 s,9.5086,76.8,917504,4.86822,0.003,0.3459,0.354,0.4091,0.0018,0.0002,0.5229,0.0,0.5096,0.0,0.0681,7.294
09:12:12.148,6492.65,E 60 s / 60 s,8.7537,77.4,917504,4.88966,0.0027,0.3754,0.3546,0.4234,0.0016,0.0008,0.5264,0.0102,0.4605,0.003,0.0637,6.5313
09:12:14.146,6494.65,E 60 s / 60 s,6.9358,77.9,917504,5.01562,0.003,0.4675,0.3526,0.4287,0.0004,0.0008,0.5459,0.0273,0.2978,0.0076,0.0628,4.7415
09:12:16.143,6496.65,E 60 s / 60 s,8.4898,77.9,917504,4.9446,0.0033,0.4956,0.2322,0.4008,0.0016,0.0004,0.5961,0.0,0.1477,0.0053,0.0668,6.5399
09:12:18.143,6498.65,E 60 s / 60 s,8.4211,78.5,917504,4.97408,0.0029,0.4006,0.2832,0.4066,0.0018,0.0004,0.5107,0.0,0.2269,0.01,0.0645,6.5135
09:12:20.143,6500.65,E 60 s / 60 s,9.8616,77.4,917504,4.84946,0.0028,0.2972,0.2212,0.4266,0.0016,0.0008,0.5624,0.0069,0.41,0.013,0.0677,7.8513
09:12:22.145,6502.65,E 60 s / 60 s,8.167,77.9,917504,4.88832,0.0034,0.423,0.2526,0.4274,0.0002,0.0004,0.5681,0.0034,0.4417,0.0085,0.0674,5.9708
09:12:24.143,6504.65,E 60 s / 60 s,9.7916,78.5,917504,5.09334,0.0027,0.3431,0.3421,0.4273,0.0016,0.0,0.4874,0.0104,0.4681,0.0127,0.0639,7.6325
09:12:26.147,6506.66,E 60 s / 60 s,10.1415,79.6,917504,4.94594,0.0031,0.3323,0.2835,0.388,0.0012,0.0002,0.5164,0.0138,0.233,0.0062,0.0668,8.2972
09:12:28.147,6508.66,E 60 s / 60 s,8.642,78.5,917504,5.00624,0.0025,0.3706,0.2404,0.3985,0.0012,0.0,0.5391,0.0068,0.4701,0.0085,0.0643,6.5399
09:12:30.147,6510.66,E 60 s / 60 s,9.1347,79.0,917504,4.88832,0.0027,0.3613,0.2215,0.4273,0.0016,0.0002,0.539,0.0,0.336,0.013,0.0626,7.1695
09:12:32.148,6512.66,E 60 s / 60 s,9.0475,79.6,917504,4.88832,0.003,0.3679,0.2268,0.4283,0.0024,0.0004,0.5164,0.0,0.4551,0.0186,0.0596,6.9689
09:12:34.147,6514.66,E 60 s / 60 s,10.3311,80.7,917504,4.86956,0.0032,0.3789,0.2818,0.3947,0.0032,0.0008,0.5365,0.017,0.2539,0.0,0.0599,8.4012
09:12:36.147,6516.66,E 60 s / 60 s,8.1013,79.0,917504,4.9714,0.0031,0.3453,0.3513,0.4852,0.0006,0.0002,0.51,0.0204,0.3346,0.0088,0.0633,5.9784
09:12:38.147,6518.66,E 60 s / 60 s,8.4122,79.6,917504,4.86286,0.0031,0.4302,0.2257,0.4085,0.0018,0.0,0.5358,0.0,0.2337,0.0035,0.064,6.5058
09:12:40.147,6520.66,E 60 s / 60 s,7.606,79.6,917504,5.08396,0.0031,0.3955,0.2844,0.39,0.0012,0.0,0.5394,0.0035,0.1967,0.0012,0.0666,5.7242
09:12:42.148,6522.66,E 60 s / 60 s,10.6337,79.6,917504,4.9111,0.0031,0.388,0.3512,0.4291,0.0032,0.0008,0.5398,0.0,0.3381,0.005,0.0612,8.5141
09:12:44.147,6524.66,E 60 s / 60 s,10.3402,80.7,917504,4.92986,0.0035,0.3176,0.3509,0.4199,0.0008,0.0008,0.5038,0.0069,0.4313,0.0082,0.0578,8.2388
09:12:46.151,6526.66,E 60 s / 60 s,6.9813,80.1,917504,4.97542,0.0029,0.3826,0.2321,0.4354,0.0008,0.0002,0.5329,0.0034,0.4931,0.0107,0.0634,4.8239
09:12:48.145,6528.66,E 60 s / 60 s,3.3632,71.4,917504,5.10004,0.003,0.2841,0.2249,0.369,0.0012,0.0002,0.5447,0.0035,0.0336,0.0,0.0654,1.8336
09:12:50.144,6530.66,E 60 s / 60 s,3.4431,68.1,917504,5.1054,0.0033,0.3501,0.2519,0.3795,0.0012,0.0002,0.6174,0.0,0.0282,0.0,0.0694,1.7419
09:12:52.145,6532.66,E 60 s / 60 s,2.5572,65.3,917504,5.12282,0.0039,0.2983,0.2243,0.3649,0.0012,0.0002,0.5651,0.0,0.0357,0.0,0.0672,0.9965
09:12:54.145,6534.66,E 60 s / 60 s,2.5832,63.7,917504,5.12416,0.0032,0.2988,0.3381,0.3688,0.0016,0.0002,0.5215,0.0,0.0281,0.0,0.0642,0.9586
09:12:56.145,6536.66,E 60 s / 60 s,2.4601,61.5,917504,5.13488,0.0028,0.2797,0.2347,0.3597,0.0008,0.0004,0.5496,0.0,0.0335,0.0,0.0728,0.9261
09:12:58.146,6538.66,E 60 s / 60 s,2.525,62.0,917504,5.1389,0.0028,0.3124,0.2265,0.365,0.0008,0.0002,0.5651,0.0,0.0313,0.0,0.0691,0.9518
09:13:00.145,6540.66,E 60 s / 60 s,2.5702,60.4,917504,5.13488,0.0029,0.2997,0.3526,0.3643,0.0006,0.0004,0.5265,0.0071,0.0389,0.0,0.0704,0.9068
09:13:02.145,6542.66,E 60 s / 60 s,2.4921,59.8,917504,5.13488,0.0028,0.301,0.2208,0.3654,0.0004,0.0004,0.6102,0.0035,0.0248,0.0,0.0691,0.8936
09:13:04.145,6544.66,E 60 s / 60 s,2.5166,59.3,917504,5.13354,0.0027,0.3769,0.2536,0.3609,0.0016,0.0,0.539,0.0035,0.0325,0.0,0.0647,0.8811
09:13:06.145,6546.66,E 60 s / 60 s,2.541,58.7,917504,5.13622,0.0032,0.3267,0.3524,0.3679,0.0002,0.0004,0.5207,0.0,0.0314,0.0,0.0629,0.8753
09:13:08.146,6548.66,E 60 s / 60 s,2.5069,58.2,917504,5.13756,0.0027,0.4016,0.2348,0.3625,0.0016,0.0002,0.5358,0.0,0.0314,0.0,0.0684,0.8679
09:13:10.146,6550.66,E 60 s / 60 s,2.6326,58.2,917504,5.13756,0.0027,0.3883,0.3588,0.366,0.0034,0.0004,0.539,0.0,0.0336,0.0,0.066,0.8743
09:13:12.146,6552.66,E 60 s / 60 s,2.5257,58.2,917504,5.12282,0.0029,0.3014,0.3489,0.3643,0.0004,0.0002,0.5268,0.0,0.0356,0.0,0.0705,0.8746
09:13:14.146,6554.66,E 60 s / 60 s,2.4528,57.6,917504,5.14024,0.0028,0.3016,0.2233,0.3637,0.0004,0.0004,0.5972,0.0106,0.0389,0.0,0.0653,0.8486
09:13:16.146,6556.66,E 60 s / 60 s,2.4681,57.1,917504,5.12818,0.0028,0.303,0.338,0.3637,0.0,0.0004,0.5003,0.0035,0.028,0.0,0.0666,0.8618
09:13:18.146,6558.66,E 60 s / 60 s,2.3803,57.1,917504,5.13354,0.0027,0.3031,0.2217,0.3688,0.0,0.0002,0.5361,0.0071,0.026,0.0,0.066,0.8486
09:13:20.146,6560.66,E 60 s / 60 s,2.4666,57.1,917504,5.13756,0.0027,0.3512,0.2536,0.3654,0.0008,0.0004,0.5391,0.0,0.039,0.0,0.0661,0.8483
09:13:22.146,6562.66,E 60 s / 60 s,2.4799,55.4,917504,5.13086,0.0033,0.3036,0.3228,0.3626,0.0016,0.0002,0.5271,0.0,0.037,0.0,0.0667,0.855
09:13:24.146,6564.66,E 60 s / 60 s,2.3567,56.0,917504,5.14024,0.0031,0.2791,0.234,0.3703,0.0004,0.0,0.5131,0.0176,0.0259,0.0,0.0698,0.8434
09:13:26.146,6566.66,E 60 s / 60 s,2.5161,56.0,917504,5.13354,0.0031,0.354,0.2533,0.3688,0.0018,0.0002,0.5907,0.0106,0.0292,0.0,0.068,0.8364
09:13:28.146,6568.66,E 60 s / 60 s,2.5442,55.4,917504,5.14024,0.0026,0.3038,0.3572,0.3688,0.0002,0.0004,0.5422,0.0,0.0399,0.0,0.0736,0.8553
09:13:30.146,6570.66,E 60 s / 60 s,2.5974,55.4,917504,5.14694,0.0029,0.3049,0.38,0.3673,0.0008,0.0,0.6029,0.0142,0.0315,0.0,0.0698,0.8232
09:13:32.146,6572.66,E 60 s / 60 s,2.6699,54.9,917504,5.14158,0.0029,0.3669,0.3797,0.3685,0.0018,0.0004,0.6078,0.0,0.0313,0.0,0.068,0.8425
09:13:34.147,6574.66,E 60 s / 60 s,2.6188,55.4,917504,5.13354,0.0028,0.3556,0.3859,0.3685,0.0004,0.0002,0.5784,0.0,0.0282,0.0,0.0692,0.8296
09:13:36.147,6576.66,E 60 s / 60 s,2.3519,54.9,917504,5.14426,0.0023,0.3051,0.2222,0.3663,0.0002,0.0004,0.5416,0.0,0.0323,0.0,0.0647,0.8168
09:13:38.147,6578.66,E 60 s / 60 s,2.599,55.4,917504,5.1456,0.0028,0.3776,0.3559,0.3654,0.0008,0.0004,0.5544,0.0,0.0356,0.0,0.0699,0.836
09:13:40.147,6580.66,E 60 s / 60 s,2.3469,55.4,917504,5.1456,0.0031,0.2818,0.2267,0.3671,0.0004,0.0002,0.5248,0.0071,0.0293,0.0,0.0699,0.8364
09:13:42.147,6582.66,E 60 s / 60 s,2.4189,54.3,917504,5.14292,0.0028,0.3044,0.2227,0.3654,0.0016,0.0,0.564,0.0,0.026,0.0,0.0697,0.8621
09:13:44.147,6584.66,E 60 s / 60 s,2.5105,54.3,917504,5.14158,0.0027,0.3043,0.3242,0.3742,0.0018,0.0,0.5345,0.0,0.0314,0.0,0.0692,0.8682
09:13:46.147,6586.66,E 60 s / 60 s,2.418,54.3,917504,5.13354,0.0025,0.3053,0.2373,0.3671,0.0002,0.0004,0.5777,0.0071,0.0293,0.0,0.0743,0.8168
09:13:48.156,6588.66,E 60 s / 60 s,7.4664,65.3,917504,4.92852,0.0031,0.402,0.37,0.4433,0.0002,0.0004,0.5164,0.0,0.2132,0.0021,0.064,5.4517
09:13:50.155,6590.66,E 60 s / 60 s,8.1108,68.1,917504,4.88966,0.003,0.4976,0.2848,0.4146,0.0004,0.0008,0.5413,0.0,0.51,0.0116,0.0668,5.7799
09:13:52.155,6592.66,E 60 s / 60 s,9.2528,70.3,917504,5.0317,0.0031,0.4012,0.3363,0.3865,0.0016,0.0008,0.5197,0.0,0.0893,0.0,0.0617,7.4525
09:13:54.156,6594.66,E 60 s / 60 s,8.2522,71.4,917504,5.03036,0.0031,0.3007,0.3564,0.4114,0.0002,0.0004,0.5006,0.0069,0.1936,0.0104,0.0623,6.4064
09:13:56.220,6596.66,E 60 s / 60 s,4.9491,70.8,917504,4.99954,0.003,0.402,0.3827,0.4181,0.0008,0.0002,0.6172,0.0035,0.251,0.0127,0.0675,2.7904
09:13:58.155,6598.66,E 60 s / 60 s,9.8739,74.7,917504,4.88698,0.0027,0.298,0.3805,0.4498,0.0032,0.0008,0.5006,0.0,0.3327,0.0077,0.0645,7.8333
09:14:00.155,6600.66,E 60 s / 60 s,8.4861,74.1,917504,4.90976,0.0029,0.3488,0.234,0.4033,0.0016,0.0002,0.5894,0.0068,0.2199,0.0053,0.0647,6.6091
09:14:02.159,6602.66,E 60 s / 60 s,9.7136,75.2,917504,4.86688,0.0031,0.3981,0.3694,0.4399,0.0004,0.0002,0.6155,0.0034,0.1823,0.0021,0.0616,7.6377
09:14:04.155,6604.66,E 60 s / 60 s,8.2722,74.7,917504,4.88698,0.0035,0.4495,0.2511,0.4344,0.0018,0.0,0.5869,0.0103,0.4512,0.0083,0.0625,6.0127
09:14:06.155,6606.66,E 60 s / 60 s,10.2976,76.8,917504,5.0049,0.0028,0.4435,0.3527,0.4011,0.0004,0.0008,0.5304,0.0,0.2554,0.0065,0.0628,8.2412
09:14:08.159,6608.67,E 60 s / 60 s,8.4693,77.4,917504,4.84544,0.0023,0.3995,0.2841,0.4044,0.0004,0.0002,0.5863,0.0,0.3095,0.0242,0.0636,6.3948
09:14:10.160,6610.67,E 60 s / 60 s,8.6827,77.4,917504,4.99552,0.0031,0.4734,0.2836,0.403,0.0032,0.0008,0.5349,0.0034,0.2847,0.0038,0.0612,6.6274
09:14:12.159,6612.67,E 60 s / 60 s,9.3469,77.9,917504,4.86822,0.0034,0.3354,0.2273,0.4141,0.0002,0.0004,0.598,0.0,0.2333,0.0086,0.0625,7.4638
09:14:14.159,6614.67,E 60 s / 60 s,9.2057,78.5,917504,4.98346,0.0031,0.3981,0.2194,0.4282,0.0004,0.0002,0.5883,0.0,0.2975,0.0163,0.0638,7.1904
09:14:16.161,6616.67,E 60 s / 60 s,7.4384,77.4,917504,4.97274,0.0035,0.3956,0.3187,0.407,0.0004,0.0008,0.5333,0.0,0.2848,0.003,0.0625,5.4287
09:14:18.163,6618.67,E 60 s / 60 s,8.5485,77.9,917504,5.09736,0.0032,0.3958,0.3421,0.4103,0.0004,0.0002,0.511,0.0,0.3369,0.0074,0.0624,6.4788
09:14:20.168,6620.68,E 60 s / 60 s,10.2042,78.5,917504,4.9982,0.003,0.3023,0.2366,0.3988,0.0004,0.0004,0.5318,0.0034,0.4419,0.0088,0.0644,8.2123
09:14:22.167,6622.68,E 60 s / 60 s,9.7422,78.5,917504,4.92986,0.0029,0.3612,0.2819,0.4111,0.0016,0.0002,0.5429,0.0034,0.2321,0.0162,0.0624,7.8262
09:14:24.172,6624.68,E 60 s / 60 s,8.561,76.8,917504,4.99284,0.0034,0.3683,0.2217,0.3883,0.001,0.0002,0.5579,0.0104,0.2945,0.0056,0.0656,6.6441
09:14:26.170,6626.68,E 60 s / 60 s,6.6366,77.9,917504,5.09066,0.0029,0.3442,0.3523,0.4004,0.0008,0.0002,0.507,0.0035,0.0227,0.0,0.0673,4.9355
09:14:28.176,6628.68,E 60 s / 60 s,9.979,79.6,917504,4.8776,0.0027,0.3471,0.2854,0.4036,0.0006,0.0004,0.5207,0.0069,0.2043,0.0068,0.0612,8.1393
09:14:30.176,6630.68,E 60 s / 60 s,10.0761,79.0,917504,4.9312,0.0031,0.3942,0.3362,0.4352,0.0008,0.0004,0.5358,0.0103,0.101,0.0109,0.0629,8.185
09:14:32.177,6632.68,E 60 s / 60 s,7.0311,79.0,917504,5.0049,0.003,0.3961,0.3166,0.4108,0.0018,0.0002,0.5135,0.0,0.3366,0.0044,0.0637,4.9843
09:14:34.175,6634.68,E 60 s / 60 s,10.124,79.6,917504,4.97408,0.0032,0.3933,0.2299,0.4252,0.0012,0.0008,0.5587,0.017,0.3395,0.0083,0.0614,8.0857
09:14:36.180,6636.69,E 60 s / 60 s,9.6976,80.1,917504,4.88698,0.0029,0.3442,0.3498,0.4179,0.0008,0.0008,0.51,0.0035,0.242,0.0059,0.0586,7.7613
09:14:38.179,6638.69,E 60 s / 60 s,8.8615,80.7,917504,4.8441,0.0032,0.3705,0.2249,0.4304,0.0012,0.0002,0.5553,0.0,0.3273,0.0138,0.0643,6.8704
09:14:40.179,6640.69,E 60 s / 60 s,8.3824,79.6,917504,4.96336,0.0031,0.4694,0.2843,0.4124,0.0014,0.0002,0.5236,0.0103,0.4744,0.0086,0.0636,6.1312
09:14:42.180,6642.69,E 60 s / 60 s,10.1431,80.7,917504,4.8441,0.0026,0.3198,0.2486,0.3995,0.0032,0.0008,0.51,0.0,0.1119,0.0033,0.0636,8.4798
09:14:44.180,6644.69,E 60 s / 60 s,7.0713,81.2,917504,5.01562,0.003,0.4083,0.2296,0.4167,0.0006,0.0002,0.5584,0.0,0.3382,0.0036,0.0603,5.0524
09:14:46.180,6646.69,E 60 s / 60 s,7.0451,80.1,917504,4.97542,0.0027,0.444,0.3923,0.4238,0.0016,0.0002,0.5777,0.0,0.3353,0.0047,0.0633,4.7994
09:14:48.175,6648.69,E 60 s / 60 s,3.4389,73.0,917504,5.09736,0.0027,0.2989,0.2345,0.3865,0.001,0.0002,0.5326,0.0035,0.0628,0.0,0.0668,1.8495
09:14:50.175,6650.69,E 60 s / 60 s,3.397,69.2,917504,5.10674,0.0031,0.2973,0.352,0.3838,0.0008,0.0008,0.51,0.007,0.0345,0.0,0.0657,1.7419
09:14:52.176,6652.69,E 60 s / 60 s,2.7273,67.0,917504,5.1255,0.0031,0.3981,0.2509,0.3633,0.0014,0.0004,0.5946,0.007,0.0336,0.0,0.0652,1.0097
09:14:54.176,6654.69,E 60 s / 60 s,2.522,63.7,917504,5.12148,0.0031,0.2808,0.2859,0.3643,0.0008,0.0002,0.5195,0.0,0.0335,0.0,0.0684,0.9654
09:14:56.176,6656.69,E 60 s / 60 s,2.4783,62.0,917504,5.1322,0.0027,0.2992,0.2373,0.3619,0.0016,0.0,0.5349,0.0,0.0271,0.0,0.0683,0.9454
09:14:58.176,6658.69,E 60 s / 60 s,2.4483,61.5,917504,5.13622,0.0035,0.3015,0.2249,0.3626,0.0006,0.0004,0.5304,0.0,0.0346,0.0,0.0691,0.9207
09:15:00.176,6660.69,E 60 s / 60 s,2.5631,60.4,917504,5.13354,0.003,0.3504,0.253,0.3741,0.0002,0.0002,0.581,0.0,0.0303,0.0,0.0641,0.9068
09:15:02.176,6662.69,E 60 s / 60 s,2.4479,59.8,917504,5.14024,0.0031,0.3013,0.2355,0.3635,0.0006,0.0004,0.5415,0.007,0.028,0.0,0.0666,0.9004
09:15:04.176,6664.69,E 60 s / 60 s,2.6143,59.8,917504,5.14024,0.0029,0.3769,0.2872,0.3609,0.0016,0.0004,0.58,0.0,0.0345,0.0,0.0698,0.9
09:15:06.176,6666.69,E 60 s / 60 s,2.4789,59.3,917504,5.1389,0.0031,0.3014,0.2346,0.3652,0.0008,0.0004,0.5842,0.0,0.0313,0.0,0.0704,0.8875
09:15:08.180,6668.69,E 60 s / 60 s,2.4085,57.6,917504,5.13488,0.0031,0.2801,0.2522,0.3733,0.0004,0.0002,0.5149,0.0035,0.0312,0.0,0.0685,0.8811
09:15:10.176,6670.69,E 60 s / 60 s,2.436,58.7,917504,5.14292,0.0029,0.3016,0.2357,0.3667,0.0008,0.0002,0.5748,0.0,0.0195,0.0,0.066,0.8679
09:15:12.176,6672.69,E 60 s / 60 s,2.6033,58.2,917504,5.13622,0.0028,0.3769,0.2887,0.3667,0.0008,0.0004,0.5849,0.0035,0.0377,0.0,0.073,0.8679
09:15:14.176,6674.69,E 60 s / 60 s,2.5127,57.1,917504,5.12148,0.003,0.2783,0.3576,0.3657,0.0018,0.0002,0.5326,0.0,0.04,0.0,0.0717,0.8618
09:15:16.176,6676.69,E 60 s / 60 s,2.5452,57.1,917504,5.1456,0.0031,0.3004,0.3804,0.3706,0.0016,0.0002,0.5358,0.0,0.0259,0.0,0.066,0.8611
09:15:18.177,6678.69,E 60 s / 60 s,2.5851,57.6,917504,5.13354,0.0027,0.3734,0.3546,0.3689,0.0016,0.0,0.5345,0.0035,0.026,0.0,0.0648,0.855
09:15:20.177,6680.69,E 60 s / 60 s,2.4245,56.5,917504,5.14024,0.0027,0.2842,0.2525,0.3706,0.0008,0.0004,0.5345,0.0141,0.0423,0.0,0.0736,0.8489
09:15:22.177,6682.69,E 60 s / 60 s,2.5015,56.5,917504,5.12818,0.0029,0.3038,0.3544,0.3637,0.0016,0.0004,0.5188,0.0,0.0358,0.0,0.0703,0.8499
09:15:24.177,6684.69,E 60 s / 60 s,2.5009,56.5,917504,5.13354,0.0028,0.3047,0.3513,0.369,0.0008,0.0002,0.5261,0.0071,0.0217,0.0,0.068,0.8492
09:15:26.177,6686.69,E 60 s / 60 s,2.3833,56.5,917504,5.14024,0.0026,0.2779,0.2505,0.3617,0.0016,0.0002,0.5358,0.0071,0.0205,0.0,0.0697,0.8557
09:15:28.177,6688.69,E 60 s / 60 s,2.5032,56.0,917504,5.1322,0.003,0.3036,0.3572,0.3702,0.0008,0.0004,0.5195,0.0,0.0292,0.0,0.0704,0.8489
09:15:30.177,6690.69,E 60 s / 60 s,2.3384,55.4,917504,5.14158,0.0031,0.279,0.2267,0.3709,0.0006,0.0,0.5171,0.0071,0.0335,0.0,0.0698,0.8305
09:15:32.177,6692.69,E 60 s / 60 s,2.4585,54.9,917504,5.13354,0.0026,0.3046,0.3464,0.3688,0.0018,0.0002,0.5003,0.0,0.0292,0.0,0.0686,0.836
09:15:34.177,6694.69,E 60 s / 60 s,2.3783,55.4,917504,5.13354,0.0031,0.2927,0.2874,0.363,0.0004,0.0002,0.5174,0.0,0.0162,0.0,0.0674,0.8305
09:15:36.177,6696.69,E 60 s / 60 s,2.3641,55.4,917504,5.1389,0.0026,0.3029,0.2217,0.366,0.0032,0.0,0.5358,0.0,0.0357,0.0,0.0729,0.8232
09:15:38.177,6698.69,E 60 s / 60 s,2.4615,54.9,917504,5.13354,0.0025,0.3043,0.3386,0.369,0.0016,0.0,0.5134,0.0,0.0346,0.0,0.068,0.8296
09:15:40.177,6700.69,E 60 s / 60 s,2.6233,54.9,917504,5.13622,0.003,0.3063,0.355,0.3703,0.0016,0.0002,0.527,0.0142,0.1613,0.0,0.0674,0.8171
09:15:42.177,6702.69,E 60 s / 60 s,2.4714,54.3,917504,5.14158,0.0031,0.3546,0.2528,0.3697,0.0004,0.0002,0.5752,0.0,0.0281,0.0,0.0705,0.8168
09:15:44.177,6704.69,E 60 s / 60 s,2.4372,54.9,917504,5.14426,0.0027,0.3542,0.2533,0.3643,0.0004,0.0,0.5365,0.0,0.039,0.0,0.0699,0.8168
09:15:46.178,6706.69,E 60 s / 60 s,2.4542,54.3,917504,5.14024,0.0027,0.3067,0.352,0.3684,0.0002,0.0004,0.5132,0.0,0.0228,0.0,0.0705,0.8174
09:15:48.180,6708.69,E 60 s / 60 s,9.4552,64.2,917504,5.0116,0.0031,0.4263,0.3153,0.41,0.0006,0.0008,0.5166,0.0,0.2217,0.0045,0.0667,7.4897
09:15:50.179,6710.69,E 60 s / 60 s,8.1929,68.1,917504,5.00088,0.0027,0.3246,0.2836,0.4076,0.0016,0.0002,0.5135,0.0,0.1967,0.0107,0.0642,6.3875
09:15:52.179,6712.69,E 60 s / 60 s,9.7296,69.2,917504,4.89234,0.0031,0.3504,0.2325,0.3959,0.0002,0.0002,0.581,0.0,0.3358,0.0015,0.0694,7.7596
09:15:54.179,6714.69,E 60 s / 60 s,8.8272,71.4,917504,4.88698,0.0029,0.3518,0.388,0.4039,0.0,0.0004,0.5866,0.0034,0.4711,0.0065,0.0643,6.5481
09:15:56.184,6716.69,E 60 s / 60 s,6.293,71.4,917504,4.92986,0.0027,0.3565,0.3572,0.4487,0.0034,0.0004,0.5132,0.0,0.471,0.0098,0.0668,4.0633
09:15:58.180,6718.69,E 60 s / 60 s,4.8685,73.0,917504,4.9982,0.0032,0.4008,0.3533,0.4217,0.0016,0.0002,0.5323,0.0,0.041,0.0,0.0679,3.0464
09:16:00.183,6720.69,E 60 s / 60 s,8.3479,74.1,917504,4.9848,0.003,0.3254,0.2845,0.4006,0.0016,0.0008,0.51,0.0069,0.2155,0.005,0.0622,6.5323
09:16:02.179,6722.69,E 60 s / 60 s,10.1919,75.2,917504,4.90976,0.0027,0.329,0.2835,0.4266,0.0008,0.0002,0.5308,0.0,0.1973,0.0032,0.0615,8.3563
09:16:04.184,6724.69,E 60 s / 60 s,7.114,75.2,917504,4.88564,0.0029,0.447,0.2486,0.422,0.0016,0.0002,0.5422,0.0,0.4321,0.0074,0.0638,4.9461
09:16:06.183,6726.69,E 60 s / 60 s,4.8293,75.2,917504,4.99552,0.0031,0.2987,0.2278,0.4337,0.0,0.0002,0.5107,0.0069,0.463,0.0077,0.0661,2.8116
09:16:08.179,6728.69,E 60 s / 60 s,7.3547,76.8,917504,4.8441,0.0034,0.3975,0.2507,0.4007,0.0008,0.0004,0.581,0.0069,0.2161,0.003,0.0671,5.427
09:16:10.183,6730.69,E 60 s / 60 s,10.1103,76.8,917504,4.88966,0.0033,0.3621,0.3165,0.3883,0.0002,0.0002,0.4906,0.0,0.2632,0.0021,0.0607,8.2231
09:16:12.183,6732.69,E 60 s / 60 s,9.8385,77.4,917504,4.86286,0.0032,0.3468,0.3524,0.4238,0.0016,0.0002,0.5263,0.0,0.3873,0.0157,0.0599,7.7214
09:16:14.184,6734.69,E 60 s / 60 s,10.3477,78.5,917504,4.88832,0.0031,0.4701,0.3833,0.4301,0.0016,0.0004,0.5472,0.0102,0.4392,0.018,0.0614,7.9831
09:16:16.183,6736.69,E 60 s / 60 s,8.8676,76.8,917504,4.99284,0.0031,0.394,0.3533,0.4103,0.0004,0.0002,0.5336,0.0,0.337,0.0104,0.0616,6.7636
09:16:18.187,6738.69,E 60 s / 60 s,9.9097,78.5,917504,4.85482,0.0033,0.37,0.2296,0.4167,0.0008,0.0004,0.5648,0.0068,0.267,0.0047,0.0644,7.9813
09:16:20.183,6740.69,E 60 s / 60 s,8.7012,79.0,917504,4.86554,0.0031,0.3676,0.23,0.4112,0.0004,0.0002,0.5161,0.0,0.2179,0.0109,0.0644,6.8794
09:16:22.183,6742.69,E 60 s / 60 s,8.1703,78.5,917504,4.9513,0.0039,0.3962,0.2218,0.4177,0.0008,0.0008,0.5396,0.0034,0.2341,0.0106,0.0637,6.2777
09:16:24.185,6744.69,E 60 s / 60 s,10.0509,79.6,917504,4.86286,0.0031,0.4435,0.2494,0.4143,0.0004,0.0004,0.5849,0.0,0.3379,0.0059,0.0654,7.9457
09:16:26.184,6746.69,E 60 s / 60 s,4.9079,79.0,917504,4.92986,0.0039,0.3702,0.222,0.4164,0.0008,0.0004,0.5199,0.0,0.3694,0.0065,0.0617,2.9366
09:16:28.182,6748.69,E 60 s / 60 s,10.2425,80.1,917504,4.86688,0.0029,0.3206,0.2298,0.3898,0.0002,0.0004,0.635,0.0136,0.092,0.0,0.0677,8.4905
09:16:30.183,6750.69,E 60 s / 60 s,10.7466,79.6,917504,4.83338,0.0034,0.3902,0.2299,0.4347,0.0014,0.0002,0.5939,0.0135,0.4932,0.0003,0.0638,8.5221
09:16:32.187,6752.69,E 60 s / 60 s,10.3196,80.7,917504,4.88832,0.0031,0.3184,0.2845,0.4424,0.0008,0.0002,0.5911,0.0137,0.5381,0.0006,0.0621,8.0646
09:16:34.183,6754.69,E 60 s / 60 s,8.3965,80.7,917504,4.87224,0.0035,0.3896,0.3487,0.4159,0.0004,0.0002,0.5539,0.0,0.3103,0.0062,0.0624,6.3053
09:16:36.187,6756.69,E 60 s / 60 s,9.6002,80.1,917504,4.88832,0.0033,0.3424,0.3513,0.4142,0.0012,0.0008,0.5329,0.0,0.2673,0.0032,0.0621,7.6215
09:16:38.183,6758.69,E 60 s / 60 s,7.1251,80.7,917504,4.85482,0.0034,0.3942,0.226,0.4532,0.0016,0.0002,0.5539,0.0272,0.287,0.0174,0.0646,5.0963
09:16:40.183,6760.69,E 60 s / 60 s,9.8289,80.7,917504,4.99418,0.0031,0.3316,0.222,0.4267,0.0004,0.0004,0.5592,0.0138,0.3365,0.0092,0.0644,7.8617
09:16:42.187,6762.7,E 60 s / 60 s,10.3717,81.2,917504,4.8709,0.0033,0.4137,0.3499,0.4001,0.0032,0.0008,0.5358,0.0,0.1195,0.0003,0.0624,8.4825
09:16:44.191,6764.7,E 60 s / 60 s,10.4109,80.7,917504,4.94996,0.0031,0.3293,0.348,0.4161,0.0006,0.0008,0.5261,0.0,0.5053,0.0053,0.0607,8.2156
09:16:46.188,6766.7,E 60 s / 60 s,6.9373,80.7,917504,4.97408,0.0035,0.3816,0.2218,0.4295,0.0008,0.0002,0.5392,0.0068,0.4408,0.0074,0.0619,4.8438
09:16:48.183,6768.7,E 60 s / 60 s,3.5832,71.9,917504,5.08262,0.0031,0.3719,0.2857,0.3914,0.0012,0.0002,0.5391,0.007,0.0563,0.0,0.0642,1.863
09:16:50.183,6770.7,E 60 s / 60 s,3.4191,69.2,917504,5.10808,0.0037,0.2988,0.3459,0.3778,0.0008,0.0004,0.5128,0.014,0.0357,0.0,0.0655,1.7638
09:16:52.183,6772.7,E 60 s / 60 s,2.9337,67.0,917504,5.12818,0.0029,0.372,0.2842,0.3649,0.0012,0.0004,0.5423,0.0,0.027,0.0,0.0654,1.2734
09:16:54.183,6774.7,E 60 s / 60 s,2.8119,64.2,917504,5.12818,0.003,0.2814,0.2505,0.375,0.001,0.0004,0.5133,0.0035,0.0412,0.0,0.0696,1.2729
09:16:56.183,6776.7,E 60 s / 60 s,2.5108,62.0,917504,5.11746,0.0027,0.2988,0.2354,0.3634,0.0008,0.0,0.5813,0.0035,0.0292,0.0,0.0697,0.9261
09:16:58.184,6778.7,E 60 s / 60 s,2.5882,61.5,917504,5.12818,0.0029,0.362,0.2858,0.3672,0.0012,0.0002,0.5393,0.0,0.0249,0.0,0.0653,0.9393
09:17:00.184,6780.7,E 60 s / 60 s,2.4717,60.4,917504,5.14292,0.0034,0.3004,0.2205,0.3706,0.0016,0.0002,0.5487,0.0141,0.0302,0.0,0.0691,0.9129
09:17:02.184,6782.7,E 60 s / 60 s,2.6174,59.3,917504,5.13086,0.0028,0.3767,0.3417,0.367,0.0016,0.0004,0.5132,0.0,0.041,0.0,0.0654,0.9075
09:17:04.184,6784.7,E 60 s / 60 s,2.5473,59.3,917504,5.12818,0.0026,0.3006,0.3484,0.3667,0.0008,0.0002,0.5229,0.0071,0.0292,0.0,0.0678,0.901
09:17:06.184,6786.7,E 60 s / 60 s,2.633,58.7,917504,5.1389,0.0029,0.3014,0.2267,0.3685,0.0012,0.0004,0.5651,0.0035,0.027,0.0,0.0691,1.0672
09:17:08.184,6788.7,E 60 s / 60 s,2.689,59.3,917504,5.13622,0.0029,0.3634,0.2874,0.3653,0.0016,0.0004,0.5326,0.0,0.0346,0.0,0.0659,1.035
09:17:10.184,6790.7,E 60 s / 60 s,2.5251,58.2,917504,5.1255,0.0031,0.2776,0.3374,0.375,0.0016,0.0004,0.5427,0.0,0.0323,0.0,0.0728,0.882
09:17:12.184,6792.7,E 60 s / 60 s,2.4451,57.6,917504,5.1389,0.003,0.3015,0.2287,0.3688,0.0014,0.0004,0.5844,0.0,0.0281,0.0,0.0729,0.856
09:17:14.184,6794.7,E 60 s / 60 s,2.5238,57.1,917504,5.12282,0.0035,0.3026,0.3566,0.3689,0.0006,0.0004,0.523,0.0,0.0259,0.0,0.0679,0.8743
09:17:16.184,6796.7,E 60 s / 60 s,2.5377,56.5,917504,5.12148,0.0026,0.3023,0.352,0.3643,0.0002,0.0,0.5462,0.0106,0.0313,0.0,0.073,0.855
09:17:18.184,6798.7,E 60 s / 60 s,2.5414,57.1,917504,5.13622,0.0028,0.3785,0.2885,0.372,0.0008,0.0004,0.5326,0.0035,0.0413,0.0,0.0654,0.8557
09:17:20.184,6800.7,E 60 s / 60 s,2.4899,57.1,917504,5.13622,0.003,0.3036,0.3395,0.3664,0.0008,0.0002,0.5197,0.0,0.0184,0.0,0.0691,0.8692
09:17:22.184,6802.7,E 60 s / 60 s,2.4488,56.5,917504,5.1389,0.0027,0.3026,0.2216,0.3608,0.0006,0.0004,0.6269,0.0,0.0281,0.0,0.0697,0.8354
09:17:24.184,6804.7,E 60 s / 60 s,2.4313,57.6,917504,5.13622,0.0031,0.3033,0.2362,0.3637,0.0008,0.0,0.5705,0.0071,0.0281,0.0,0.0697,0.8489
09:17:26.185,6806.7,E 60 s / 60 s,2.4053,56.0,917504,5.13488,0.0029,0.3534,0.2339,0.3652,0.0,0.0002,0.5231,0.0,0.0336,0.0,0.0697,0.8232
09:17:28.185,6808.7,E 60 s / 60 s,2.4854,56.0,917504,5.13354,0.0031,0.403,0.223,0.3608,0.0016,0.0004,0.5442,0.0035,0.0389,0.0,0.0698,0.837
09:17:30.185,6810.7,E 60 s / 60 s,2.4994,55.4,917504,5.13086,0.0029,0.3785,0.2875,0.3649,0.0008,0.0004,0.5361,0.0,0.0259,0.0,0.0667,0.8357
09:17:32.189,6812.7,E 60 s / 60 s,2.458,54.9,917504,5.1322,0.0025,0.2804,0.3551,0.367,0.0008,0.0004,0.5067,0.0035,0.0324,0.0,0.0728,0.8364
09:17:34.185,6814.7,E 60 s / 60 s,2.368,55.4,917504,5.14292,0.0032,0.3036,0.2267,0.3638,0.0012,0.0,0.5502,0.0035,0.027,0.0,0.066,0.8229
09:17:36.185,6816.7,E 60 s / 60 s,2.4398,54.9,917504,5.14292,0.003,0.3287,0.2371,0.3626,0.0008,0.0004,0.5915,0.0,0.0249,0.0,0.068,0.8229
09:17:38.185,6818.7,E 60 s / 60 s,2.4166,54.9,917504,5.1456,0.0027,0.2808,0.3221,0.3619,0.0008,0.0004,0.5261,0.0,0.0313,0.0,0.0729,0.8177
09:17:40.185,6820.7,E 60 s / 60 s,2.3205,54.9,917504,5.13354,0.0027,0.2804,0.224,0.3644,0.0016,0.0,0.5329,0.0,0.0324,0.0,0.0718,0.8103
09:17:42.185,6822.7,E 60 s / 60 s,2.4846,54.9,917504,5.14158,0.0032,0.3565,0.254,0.3652,0.0018,0.0004,0.5716,0.0036,0.04,0.0,0.065,0.8232
09:17:44.185,6824.7,E 60 s / 60 s,2.3578,54.9,917504,5.14292,0.0031,0.2822,0.2868,0.3653,0.0032,0.0004,0.51,0.0,0.0259,0.0,0.0705,0.8103
09:17:46.185,6826.7,E 60 s / 60 s,2.4732,54.3,917504,5.14292,0.0033,0.3551,0.2549,0.3667,0.0002,0.0,0.5301,0.0,0.0812,0.0,0.0717,0.81
09:17:48.187,6828.7,E 60 s / 60 s,9.6247,63.7,917504,4.92852,0.0031,0.3025,0.2259,0.4017,0.0002,0.0004,0.5624,0.0034,0.188,0.0,0.0651,7.872
09:17:50.187,6830.7,E 60 s / 60 s,9.3575,67.5,917504,4.9111,0.0033,0.3504,0.3537,0.3928,0.0032,0.0008,0.5139,0.0069,0.0915,0.0056,0.0617,7.5737
09:17:52.187,6832.7,E 60 s / 60 s,6.4755,69.2,917504,5.03974,0.0028,0.3902,0.2189,0.4032,0.0016,0.0008,0.5358,0.0034,0.1977,0.0047,0.0639,4.6525
09:17:54.187,6834.7,E 60 s / 60 s,8.4436,71.9,917504,4.8977,0.0031,0.3645,0.2507,0.4337,0.0034,0.0008,0.5142,0.0,0.3362,0.011,0.0644,6.4615
09:17:56.194,6836.7,E 60 s / 60 s,9.553,73.0,917504,4.95666,0.0028,0.3161,0.2854,0.4213,0.0008,0.0004,0.5358,0.0174,0.4681,0.0104,0.0683,7.4262
09:17:58.187,6838.7,E 60 s / 60 s,7.3939,72.5,917504,5.0853,0.0035,0.3255,0.2501,0.402,0.0004,0.0002,0.598,0.0104,0.1028,0.0,0.0668,5.6343
09:18:00.187,6840.7,E 60 s / 60 s,10.101,75.2,917504,4.86554,0.003,0.3621,0.2239,0.3954,0.0006,0.0008,0.6003,0.0,0.1737,0.0021,0.0619,8.2771
09:18:02.187,6842.7,E 60 s / 60 s,9.2328,74.7,917504,4.87626,0.0027,0.4003,0.2476,0.3988,0.0016,0.0002,0.5006,0.0,0.2036,0.0056,0.0622,7.4096
09:18:04.187,6844.7,E 60 s / 60 s,8.8505,76.3,917504,4.8776,0.0031,0.466,0.227,0.4319,0.0006,0.0002,0.5831,0.0,0.3363,0.0148,0.0632,6.7243
09:18:06.187,6846.7,E 60 s / 60 s,9.0068,75.2,917504,4.97274,0.0034,0.3988,0.3498,0.4046,0.0004,0.0002,0.5076,0.0,0.271,0.0106,0.0675,6.9929
09:18:08.187,6848.7,E 60 s / 60 s,9.8843,75.7,917504,5.09602,0.0032,0.3268,0.2367,0.4521,0.0016,0.0002,0.5326,0.0242,0.1984,0.0056,0.0657,8.0374
09:18:10.187,6850.7,E 60 s / 60 s,10.069,76.8,917504,4.94192,0.0027,0.3958,0.3547,0.3919,0.0008,0.0004,0.5164,0.0,0.23,0.005,0.0703,8.101
09:18:12.187,6852.7,E 60 s / 60 s,8.4197,77.4,917504,4.87894,0.0031,0.4466,0.221,0.4125,0.0006,0.0008,0.5296,0.0,0.2011,0.0053,0.0626,6.5364
09:18:14.195,6854.7,E 60 s / 60 s,8.4303,78.5,917504,4.85348,0.0028,0.446,0.3834,0.4129,0.0016,0.0008,0.5781,0.0,0.3565,0.0148,0.0639,6.1695
09:18:16.192,6856.7,E 60 s / 60 s,8.4355,76.8,917504,5.00892,0.0035,0.4592,0.3773,0.4276,0.0002,0.0004,0.502,0.0034,0.4798,0.0104,0.0653,6.1063
09:18:18.194,6858.7,E 60 s / 60 s,6.9614,77.4,917504,4.97274,0.0029,0.3699,0.2499,0.4251,0.001,0.0002,0.5103,0.0,0.4934,0.0077,0.0634,4.8377
09:18:20.191,6860.7,E 60 s / 60 s,9.9956,78.5,917504,4.8642,0.0031,0.3205,0.2486,0.4177,0.0012,0.0008,0.5215,0.0102,0.3017,0.0086,0.0657,8.096
09:18:22.191,6862.7,E 60 s / 60 s,10.2173,79.6,917504,4.87492,0.0033,0.3188,0.3513,0.3972,0.001,0.0,0.5158,0.0,0.19,0.0,0.0613,8.3786
09:18:24.293,6864.7,E 60 s / 60 s,10.4586,80.1,917504,4.85482,0.0033,0.3201,0.2327,0.3932,0.0016,0.0004,0.5425,0.0,0.2166,0.0085,0.0643,8.6753
09:18:26.195,6866.7,E 60 s / 60 s,8.4733,77.9,917504,4.86956,0.0033,0.3925,0.3526,0.4129,0.0008,0.0002,0.5099,0.0,0.2008,0.0056,0.0618,6.5328
09:18:28.192,6868.7,E 60 s / 60 s,6.6674,79.0,917504,5.0049,0.0034,0.3952,0.3513,0.4454,0.0004,0.0004,0.5207,0.0,0.2865,0.0121,0.0613,4.5907
09:18:30.191,6870.7,E 60 s / 60 s,7.3414,80.1,917504,4.8441,0.0027,0.3794,0.227,0.4164,0.001,0.0002,0.5619,0.0069,0.1977,0.0,0.0652,5.4831
09:18:32.192,6872.7,E 60 s / 60 s,10.3363,80.1,917504,4.9312,0.0031,0.3941,0.2476,0.4392,0.0016,0.0008,0.5844,0.0276,0.1539,0.0024,0.0647,8.417
09:18:34.191,6874.7,E 60 s / 60 s,7.2715,79.6,917504,4.93388,0.0031,0.395,0.3532,0.4532,0.0002,0.0004,0.5333,0.0034,0.2347,0.0059,0.0675,5.2215
09:18:36.199,6876.7,E 60 s / 60 s,4.8313,79.6,917504,4.9848,0.0032,0.2947,0.3537,0.4017,0.0004,0.0002,0.5656,0.0138,0.2623,0.0,0.0656,2.87
09:18:38.195,6878.7,E 60 s / 60 s,10.2608,80.7,917504,4.84946,0.0029,0.3462,0.2469,0.4036,0.0012,0.0008,0.5388,0.0476,0.1445,0.0077,0.0621,8.4585
09:18:40.195,6880.7,E 60 s / 60 s,6.5008,80.7,917504,4.92986,0.0031,0.3435,0.2259,0.4208,0.0008,0.0008,0.5361,0.0102,0.1923,0.0107,0.0618,4.6948
09:18:42.197,6882.7,E 60 s / 60 s,6.5952,80.1,917504,4.99418,0.0035,0.3445,0.2243,0.4222,0.0004,0.0008,0.5377,0.0136,0.3365,0.0077,0.0634,4.6408
09:18:44.196,6884.7,E 60 s / 60 s,8.187,82.3,917512,4.85884,0.0029,0.3112,0.2486,0.4255,0.0004,0.0002,0.539,0.0,0.2364,0.0047,0.0618,6.3562
09:18:46.195,6886.7,E 60 s / 60 s,7.2465,82.3,917512,4.9647,0.003,0.3997,0.2327,0.4146,0.0012,0.0002,0.5907,0.0034,0.2436,0.0091,0.0635,5.2846
09:18:48.191,6888.7,E 60 s / 60 s,3.4807,73.6,917504,5.09334,0.0029,0.2902,0.2874,0.3857,0.0016,0.0004,0.5139,0.0,0.0573,0.0,0.063,1.8783
09:18:50.191,6890.7,E 60 s / 60 s,3.3791,69.7,917504,5.07994,0.0035,0.2975,0.2257,0.3953,0.0008,0.0006,0.5621,0.0035,0.0595,0.0,0.065,1.7654
09:18:52.192,6892.7,E 60 s / 60 s,2.5544,67.5,917504,5.12148,0.0028,0.2856,0.2523,0.3563,0.0008,0.0002,0.5229,0.007,0.0346,0.0,0.069,1.0229
09:18:54.192,6894.7,E 60 s / 60 s,2.7693,64.8,917504,5.12282,0.0029,0.3804,0.3542,0.3704,0.0008,0.0002,0.5618,0.0,0.0378,0.0,0.0646,0.9961
09:18:56.192,6896.7,E 60 s / 60 s,2.5618,63.7,917504,5.13488,0.0031,0.2876,0.3188,0.3715,0.0004,0.0,0.5204,0.0,0.0335,0.0,0.0679,0.9586
09:18:58.192,6898.7,E 60 s / 60 s,2.5078,60.9,917504,5.1188,0.0031,0.3004,0.2334,0.3689,0.0016,0.0002,0.5701,0.007,0.0282,0.0,0.0691,0.9257
09:19:00.192,6900.7,E 60 s / 60 s,2.604,62.0,917504,5.1188,0.0027,0.3012,0.3388,0.3579,0.0006,0.0002,0.588,0.0,0.026,0.0,0.0679,0.9207
09:19:02.192,6902.7,E 60 s / 60 s,2.4337,59.8,917504,5.13488,0.0027,0.2794,0.2359,0.3713,0.0008,0.0002,0.5358,0.0035,0.0411,0.0,0.0691,0.8939
09:19:04.192,6904.7,E 60 s / 60 s,2.4216,59.8,917504,5.13756,0.0031,0.3018,0.2271,0.3703,0.0004,0.0002,0.533,0.0,0.0281,0.0,0.0697,0.8878
09:19:06.192,6906.7,E 60 s / 60 s,2.5284,59.8,917504,5.12416,0.0031,0.2997,0.3524,0.3697,0.0018,0.0004,0.5182,0.0,0.0249,0.0,0.0703,0.8878
09:19:08.192,6908.7,E 60 s / 60 s,2.4092,58.2,917504,5.14292,0.0027,0.3028,0.2337,0.3619,0.0008,0.0004,0.5391,0.0035,0.0281,0.0,0.0679,0.8682
09:19:10.192,6910.7,E 60 s / 60 s,2.444,58.7,917504,5.14158,0.003,0.3013,0.227,0.3633,0.0008,0.0,0.5748,0.0,0.041,0.0,0.0647,0.8682
09:19:12.192,6912.7,E 60 s / 60 s,2.4834,58.7,917504,5.1255,0.0028,0.2776,0.3543,0.3654,0.0006,0.0,0.5134,0.0035,0.0314,0.0,0.0654,0.8688
09:19:14.192,6914.7,E 60 s / 60 s,2.4588,58.2,917504,5.13354,0.0033,0.3026,0.2292,0.3706,0.0002,0.0,0.5896,0.0141,0.0227,0.0,0.0647,0.8618
09:19:16.192,6916.71,E 60 s / 60 s,2.5829,57.1,917504,5.13354,0.0032,0.37,0.3557,0.3626,0.0012,0.0002,0.5205,0.0,0.0293,0.0,0.066,0.8743
09:19:18.193,6918.71,E 60 s / 60 s,2.4835,57.1,917504,5.12818,0.0032,0.277,0.3555,0.3679,0.0018,0.0004,0.5164,0.0,0.0335,0.0,0.0718,0.856
09:19:20.193,6920.71,E 60 s / 60 s,2.4472,57.1,917504,5.14024,0.0031,0.3012,0.2346,0.3672,0.0,0.0002,0.5864,0.0071,0.039,0.0,0.066,0.8425
09:19:22.193,6922.71,E 60 s / 60 s,2.4588,56.5,917504,5.1389,0.0029,0.3028,0.2383,0.3654,0.0016,0.0002,0.5874,0.0177,0.0195,0.0,0.0679,0.855
09:19:24.193,6924.71,E 60 s / 60 s,2.3978,56.0,917504,5.13488,0.003,0.2781,0.2263,0.3584,0.0008,0.0,0.5929,0.0035,0.0303,0.0,0.0692,0.8354
09:19:26.193,6926.71,E 60 s / 60 s,2.5521,56.0,917504,5.13354,0.0027,0.3653,0.2859,0.3637,0.0016,0.0,0.5881,0.0,0.0292,0.0,0.0659,0.8495
09:19:28.193,6928.71,E 60 s / 60 s,2.3713,56.0,917504,5.1322,0.0027,0.2786,0.2521,0.3706,0.0002,0.0,0.5164,0.0,0.0422,0.0,0.0722,0.8364
09:19:30.193,6930.71,E 60 s / 60 s,2.4297,56.0,917504,5.14024,0.0031,0.3034,0.2378,0.3672,0.0016,0.0002,0.5832,0.0035,0.0281,0.0,0.0716,0.8299
09:19:32.193,6932.71,E 60 s / 60 s,2.5408,56.0,917504,5.13622,0.0031,0.3506,0.3568,0.3653,0.0016,0.0002,0.5261,0.0071,0.0271,0.0,0.0666,0.8364
09:19:34.193,6934.71,E 60 s / 60 s,2.4759,55.4,917504,5.1456,0.0028,0.2778,0.3492,0.3706,0.0002,0.0004,0.5128,0.0,0.054,0.0,0.0718,0.8364
09:19:36.193,6936.71,E 60 s / 60 s,2.3504,54.3,917504,5.14158,0.0031,0.2791,0.2276,0.3635,0.0016,0.0002,0.5358,0.0,0.0529,0.0,0.0698,0.8168
09:19:38.193,6938.71,E 60 s / 60 s,2.5161,55.4,917504,5.14024,0.0026,0.3726,0.3231,0.3688,0.0018,0.0,0.5326,0.0,0.0173,0.0,0.068,0.8293
09:19:40.193,6940.71,E 60 s / 60 s,2.4617,55.4,917504,5.1456,0.0027,0.3061,0.3413,0.3608,0.0006,0.0004,0.511,0.0142,0.0347,0.0,0.0667,0.8232
09:19:42.193,6942.71,E 60 s / 60 s,2.3444,54.9,917504,5.14694,0.0026,0.2799,0.223,0.3688,0.0002,0.0002,0.5377,0.0,0.0389,0.0,0.0699,0.8232
09:19:44.193,6944.71,E 60 s / 60 s,2.4897,55.4,917504,5.14024,0.0031,0.3063,0.3482,0.3654,0.0006,0.0004,0.5198,0.0142,0.0281,0.0,0.0666,0.837
09:19:46.193,6946.71,E 60 s / 60 s,2.3347,54.9,917504,5.14292,0.0027,0.2807,0.2238,0.3635,0.0018,0.0,0.5584,0.0,0.0238,0.0,0.0698,0.8103
09:19:48.196,6948.71,E 60 s / 60 s,6.4167,63.1,917504,5.03974,0.0027,0.355,0.2276,0.4149,0.0002,0.0002,0.5358,0.0069,0.1918,0.0044,0.0658,4.6113
09:19:50.199,6950.71,E 60 s / 60 s,8.5286,67.5,917504,4.94728,0.003,0.3154,0.2204,0.4252,0.0004,0.0008,0.5458,0.0035,0.4624,0.0107,0.0644,6.4768
09:19:52.199,6952.71,E 60 s / 60 s,8.4675,69.2,917504,4.99418,0.0031,0.3255,0.2196,0.4114,0.0002,0.0004,0.5358,0.0206,0.3354,0.0097,0.0618,6.544
09:19:54.195,6954.71,E 60 s / 60 s,8.9593,72.5,917504,4.92852,0.003,0.3252,0.2199,0.4238,0.0016,0.0004,0.5326,0.0,0.2269,0.0118,0.0671,7.1471
09:19:56.195,6956.71,E 60 s / 60 s,7.8983,72.5,917504,4.88832,0.0027,0.4374,0.2318,0.4177,0.0018,0.0008,0.5907,0.0381,0.5258,0.0118,0.0677,5.572
09:19:58.195,6958.71,E 60 s / 60 s,10.3527,73.6,917504,4.90976,0.003,0.4012,0.3455,0.4023,0.0016,0.0004,0.5318,0.0,0.3354,0.0009,0.0664,8.2641
09:20:00.196,6960.71,E 60 s / 60 s,6.7043,74.1,917504,4.88832,0.0031,0.397,0.235,0.4568,0.0008,0.0002,0.5716,0.0,0.4735,0.0091,0.0674,4.4898
09:20:02.199,6962.71,E 60 s / 60 s,6.5424,73.6,917504,5.10272,0.0037,0.2984,0.3544,0.3731,0.0006,0.0002,0.5271,0.0,0.026,0.0,0.0692,4.8897
09:20:04.195,6964.71,E 60 s / 60 s,9.9813,76.3,917504,4.9513,0.0031,0.3496,0.2333,0.4071,0.002,0.0002,0.5854,0.0034,0.1973,0.0044,0.0664,8.1291
09:20:06.200,6966.71,E 60 s / 60 s,9.5969,76.3,917504,4.88832,0.0031,0.3465,0.3178,0.4106,0.0004,0.0002,0.5118,0.0068,0.0745,0.0,0.0615,7.8636
09:20:08.195,6968.71,E 60 s / 60 s,7.5121,76.3,917504,4.89368,0.003,0.3833,0.3186,0.4212,0.0004,0.0004,0.5099,0.0,0.4828,0.0103,0.0645,5.3178
09:20:10.199,6970.71,E 60 s / 60 s,7.2486,75.2,917504,5.09066,0.0031,0.2993,0.3347,0.4007,0.0006,0.0,0.5118,0.0105,0.0346,0.0,0.0642,5.589
09:20:12.199,6972.71,E 60 s / 60 s,6.8149,76.8,917504,4.84544,0.0031,0.3913,0.2354,0.4144,0.0008,0.0008,0.5326,0.0,0.3297,0.0065,0.0641,4.8362
09:20:14.199,6974.71,E 60 s / 60 s,10.0784,78.5,917504,4.88832,0.0028,0.3945,0.2322,0.4301,0.0002,0.0004,0.5656,0.0,0.1802,0.0062,0.0657,8.2005
09:20:16.199,6976.71,E 60 s / 60 s,8.1526,78.5,917504,4.85884,0.0032,0.422,0.2327,0.4213,0.0008,0.0002,0.5721,0.0034,0.4055,0.0141,0.0644,6.0128
09:20:18.200,6978.71,E 60 s / 60 s,9.6678,78.5,917504,4.87626,0.0031,0.395,0.2514,0.4337,0.0,0.0004,0.5883,0.0,0.4655,0.0115,0.0688,7.4502
09:20:20.207,6980.71,E 60 s / 60 s,7.0556,77.9,917504,4.90976,0.0035,0.3964,0.3459,0.4317,0.0004,0.0004,0.5042,0.0,0.4227,0.0106,0.0608,4.879
09:20:22.199,6982.71,E 60 s / 60 s,6.2982,78.5,917504,4.87492,0.0031,0.314,0.2325,0.4056,0.0012,0.0004,0.5358,0.0034,0.2204,0.0012,0.0653,4.5153
09:20:24.199,6984.71,E 60 s / 60 s,10.214,79.0,917504,4.86688,0.0033,0.3894,0.3516,0.4,0.0012,0.0004,0.5345,0.0,0.1988,0.0044,0.0659,8.2644
09:20:26.199,6986.71,E 60 s / 60 s,7.4817,79.0,917504,4.86152,0.003,0.334,0.3524,0.4108,0.0016,0.0002,0.501,0.0,0.4307,0.0085,0.06,5.3794
09:20:28.200,6988.71,E 60 s / 60 s,7.4659,78.5,917504,4.90976,0.0034,0.4721,0.2842,0.4284,0.0,0.0006,0.5294,0.0171,0.457,0.0089,0.0682,5.1967
09:20:30.199,6990.71,E 60 s / 60 s,9.926,80.1,917504,4.86822,0.0031,0.3095,0.3913,0.4076,0.0006,0.0008,0.5103,0.0068,0.1984,0.0029,0.0626,8.0321
09:20:32.199,6992.71,E 60 s / 60 s,10.3077,80.1,917504,4.86688,0.0035,0.3676,0.2217,0.4073,0.0012,0.0004,0.5391,0.0,0.3374,0.0053,0.0629,8.3613
09:20:34.199,6994.71,E 60 s / 60 s,10.2142,80.1,917504,4.84544,0.0028,0.3574,0.2821,0.4249,0.0008,0.0004,0.5099,0.0,0.4759,0.0056,0.0636,8.0907
09:20:36.204,6996.71,E 60 s / 60 s,9.0167,79.6,917504,4.97274,0.0031,0.3747,0.2401,0.4269,0.0016,0.0002,0.5157,0.0,0.2654,0.011,0.0647,7.1133
09:20:38.203,6998.71,E 60 s / 60 s,10.3608,80.1,917504,4.87492,0.0028,0.3183,0.249,0.4344,0.0012,0.0,0.5313,0.0034,0.4936,0.0092,0.0632,8.2544
09:20:40.204,7000.71,E 60 s / 60 s,8.1315,79.6,917504,4.95398,0.0039,0.3432,0.221,0.4199,0.0008,0.0004,0.5485,0.0,0.2372,0.0142,0.0588,6.2836
09:20:42.203,7002.71,E 60 s / 60 s,10.0565,81.2,917504,4.8776,0.0032,0.4846,0.3533,0.441,0.0016,0.0004,0.5846,0.0,0.479,0.0083,0.0613,7.6392
09:20:44.203,7004.71,E 60 s / 60 s,9.448,81.2,917504,4.96872,0.0033,0.3933,0.221,0.4222,0.0012,0.0002,0.5324,0.0,0.3394,0.0039,0.0638,7.4673
09:20:46.203,7006.71,E 60 s / 60 s,10.32,81.8,917504,4.83472,0.0029,0.391,0.2797,0.4496,0.0012,0.0002,0.5406,0.017,0.1457,0.0006,0.0632,8.4283
09:20:48.199,7008.71,E 60 s / 60 s,3.5741,74.1,917504,5.09066,0.0031,0.297,0.2859,0.3861,0.0006,0.0008,0.5423,0.014,0.0606,0.0,0.066,1.9177
09:20:50.199,7010.71,E 60 s / 60 s,3.4762,69.7,917504,5.10004,0.003,0.3672,0.2859,0.3839,0.0006,0.0002,0.5396,0.0,0.0335,0.0,0.0656,1.7966
09:20:52.199,7012.71,E 60 s / 60 s,3.3716,68.1,917504,5.10808,0.0029,0.2974,0.3535,0.3791,0.0012,0.0002,0.5167,0.0,0.0227,0.0,0.0643,1.7338
09:20:54.304,7014.71,E 60 s / 60 s,2.575,64.2,917504,5.1322,0.0029,0.3005,0.289,0.3602,0.0024,0.0002,0.5349,0.007,0.0357,0.0,0.0646,0.9775
09:20:56.200,7016.71,E 60 s / 60 s,2.6434,63.1,917504,5.12148,0.0028,0.3736,0.2892,0.3696,0.0012,0.0,0.5336,0.0106,0.0324,0.0,0.0653,0.965
09:20:58.200,7018.71,E 60 s / 60 s,2.4677,61.5,917504,5.1389,0.0032,0.3015,0.2223,0.3637,0.0008,0.0002,0.5413,0.0035,0.0302,0.0,0.0685,0.9325
09:21:00.200,7020.71,E 60 s / 60 s,2.5672,60.9,917504,5.12416,0.0035,0.2763,0.3504,0.3697,0.0004,0.0002,0.5204,0.0035,0.0324,0.0,0.0703,0.94
09:21:02.200,7022.71,E 60 s / 60 s,2.408,60.4,917504,5.14292,0.0026,0.2792,0.2223,0.3649,0.0008,0.0004,0.5419,0.007,0.0281,0.0,0.0673,0.8936
09:21:04.200,7024.71,E 60 s / 60 s,2.4468,59.3,917504,5.1389,0.0027,0.3004,0.2346,0.368,0.0016,0.0002,0.5584,0.0,0.0336,0.0,0.066,0.8814
09:21:06.200,7026.71,E 60 s / 60 s,2.5562,58.7,917504,5.12818,0.0031,0.3033,0.3517,0.3741,0.0002,0.0002,0.541,0.0,0.0313,0.0,0.0698,0.8814
09:21:08.200,7028.71,E 60 s / 60 s,2.4254,58.7,917504,5.13488,0.0027,0.3046,0.2522,0.3666,0.0012,0.0004,0.5174,0.0035,0.0313,0.0,0.0697,0.8756
09:21:10.200,7030.71,E 60 s / 60 s,2.557,59.3,917504,5.13354,0.003,0.3754,0.2549,0.3635,0.0016,0.0002,0.564,0.0106,0.0551,0.0,0.0672,0.8614
09:21:12.200,7032.71,E 60 s / 60 s,2.5654,58.2,917504,5.13756,0.0031,0.3847,0.2533,0.3661,0.0006,0.0004,0.5821,0.0071,0.0272,0.0,0.0729,0.8679
09:21:14.200,7034.71,E 60 s / 60 s,2.4793,57.6,917504,5.12282,0.0029,0.303,0.3487,0.36,0.0006,0.0,0.5076,0.0,0.0227,0.0,0.0653,0.8685
09:21:16.200,7036.71,E 60 s / 60 s,2.4303,57.6,917504,5.14024,0.0026,0.2808,0.2866,0.3696,0.0002,0.0,0.5174,0.0177,0.04,0.0,0.0665,0.8489
09:21:18.204,7038.71,E 60 s / 60 s,2.4634,57.6,917504,5.13756,0.0027,0.3513,0.2522,0.3654,0.0016,0.0004,0.5361,0.0,0.0259,0.0,0.066,0.8618
09:21:20.200,7040.71,E 60 s / 60 s,2.4676,56.5,917504,5.1255,0.0031,0.3016,0.3386,0.3633,0.0004,0.0,0.5231,0.0,0.0238,0.0,0.0647,0.8489
09:21:22.201,7042.71,E 60 s / 60 s,2.4088,57.1,917504,5.1456,0.0025,0.2841,0.2875,0.367,0.0018,0.0004,0.5132,0.0035,0.0336,0.0,0.0727,0.8425
09:21:24.201,7044.71,E 60 s / 60 s,2.3591,56.0,917504,5.1456,0.0029,0.2748,0.2222,0.3707,0.0016,0.0004,0.5426,0.0035,0.0269,0.0,0.0709,0.8425
09:21:26.201,7046.71,E 60 s / 60 s,2.3599,56.0,917504,5.1456,0.0029,0.2796,0.2519,0.3697,0.002,0.0,0.5139,0.0071,0.027,0.0,0.0697,0.836
09:21:28.201,7048.71,E 60 s / 60 s,2.5981,55.4,917504,5.13622,0.0029,0.3677,0.355,0.3686,0.0002,0.0,0.5358,0.0071,0.055,0.0,0.0698,0.836
09:21:30.201,7050.71,E 60 s / 60 s,2.4679,56.0,917504,5.1456,0.0025,0.2795,0.2896,0.3723,0.0008,0.0004,0.5189,0.0,0.0974,0.0,0.0699,0.8367
09:21:32.201,7052.71,E 60 s / 60 s,2.3616,55.4,917504,5.14292,0.0031,0.2792,0.227,0.3637,0.0016,0.0004,0.535,0.0,0.0465,0.0,0.0691,0.836
09:21:34.201,7054.71,E 60 s / 60 s,2.3781,55.4,917504,5.14292,0.003,0.2768,0.2523,0.3627,0.0032,0.0004,0.5229,0.0,0.0562,0.0,0.0711,0.8296
09:21:36.201,7056.71,E 60 s / 60 s,2.5004,54.9,917504,5.1456,0.0027,0.3053,0.3462,0.3654,0.0016,0.0004,0.5296,0.0,0.0335,0.0,0.0731,0.8425
09:21:38.201,7058.71,E 60 s / 60 s,2.3803,55.4,917504,5.1456,0.0028,0.2796,0.2867,0.3667,0.0012,0.0,0.5174,0.0,0.0248,0.0,0.0711,0.8299
09:21:40.201,7060.71,E 60 s / 60 s,2.3502,54.9,917504,5.14828,0.0029,0.2758,0.2446,0.3637,0.0016,0.0,0.522,0.0071,0.0346,0.0,0.0686,0.8293
09:21:42.205,7062.71,E 60 s / 60 s,2.5191,55.4,917504,5.1389,0.0027,0.3041,0.3578,0.3697,0.0016,0.0004,0.5771,0.0,0.0303,0.0,0.0654,0.81
09:21:44.201,7064.71,E 60 s / 60 s,2.478,54.3,917504,5.14024,0.0029,0.305,0.3572,0.3685,0.0006,0.0004,0.5233,0.0,0.0367,0.0,0.0662,0.8171
09:21:46.201,7066.71,E 60 s / 60 s,2.3443,54.3,917504,5.14962,0.0028,0.2776,0.236,0.3602,0.0008,0.0,0.5394,0.0107,0.0303,0.0,0.0699,0.8168
09:21:48.203,7068.71,E 60 s / 60 s,8.7698,62.6,917504,4.93388,0.0033,0.4699,0.3364,0.4071,0.0004,0.0002,0.5333,0.0,0.2644,0.005,0.0625,6.6873
09:21:50.208,7070.71,E 60 s / 60 s,8.4709,65.9,917504,4.96872,0.0027,0.3566,0.249,0.409,0.0008,0.0008,0.5099,0.0035,0.3257,0.0147,0.0644,6.5338
09:21:52.207,7072.71,E 60 s / 60 s,6.2346,68.1,917504,5.11478,0.0032,0.3017,0.2351,0.4002,0.0004,0.0002,0.5301,0.0141,0.0303,0.0,0.0695,4.6499
09:21:54.207,7074.71,E 60 s / 60 s,9.6755,70.8,917504,4.88832,0.0031,0.4347,0.3547,0.4062,0.0016,0.0004,0.5934,0.0,0.2623,0.0095,0.067,7.5426
09:21:56.203,7076.71,E 60 s / 60 s,6.2752,72.5,917504,5.01428,0.0027,0.4982,0.3547,0.4083,0.0018,0.0002,0.5358,0.0,0.2954,0.0124,0.0615,4.1041
09:21:58.207,7078.71,E 60 s / 60 s,10.2445,73.0,917504,4.88832,0.0027,0.4001,0.3729,0.4392,0.0008,0.0008,0.5231,0.0034,0.4914,0.0,0.0617,7.9484
09:22:00.207,7080.72,E 60 s / 60 s,9.1877,72.5,917504,4.97274,0.0035,0.4472,0.2844,0.3883,0.0006,0.0002,0.5293,0.0034,0.2041,0.0041,0.0676,7.255
09:22:02.203,7082.72,E 60 s / 60 s,9.8502,76.3,917504,4.88162,0.0031,0.3997,0.3446,0.4363,0.0006,0.0,0.5377,0.0,0.2758,0.0053,0.0624,7.7846
09:22:04.211,7084.72,E 60 s / 60 s,8.4034,75.7,917504,4.86018,0.0028,0.351,0.2225,0.4088,0.0004,0.0008,0.5624,0.0069,0.1286,0.0,0.0679,6.6511
09:22:06.212,7086.72,E 60 s / 60 s,6.7687,75.7,917504,4.8776,0.0027,0.3479,0.3547,0.4155,0.0016,0.0004,0.5361,0.0,0.2381,0.0047,0.0629,4.804
09:22:08.211,7088.72,E 60 s / 60 s,6.234,76.3,917504,4.88162,0.003,0.3825,0.2247,0.4055,0.0002,0.0004,0.5485,0.0068,0.2681,0.0074,0.059,4.3279
09:22:10.212,7090.72,E 60 s / 60 s,9.5346,75.7,917504,5.00356,0.0027,0.3768,0.2274,0.4109,0.0016,0.0002,0.54,0.0,0.3054,0.0068,0.0634,7.5993
09:22:12.211,7092.72,E 60 s / 60 s,10.0858,77.4,917504,4.88832,0.003,0.3373,0.2226,0.4094,0.0012,0.0002,0.564,0.0069,0.233,0.0077,0.0647,8.2359
09:22:14.211,7094.72,E 60 s / 60 s,10.2731,77.4,917504,4.97274,0.0029,0.3993,0.3458,0.4217,0.0016,0.0008,0.5231,0.0102,0.2011,0.0024,0.0617,8.3025
09:22:16.211,7096.72,E 60 s / 60 s,9.3803,77.4,917504,4.96336,0.0031,0.3323,0.2497,0.383,0.0006,0.0002,0.5084,0.0,0.2031,0.0065,0.0642,7.6291
09:22:18.212,7098.72,E 60 s / 60 s,9.9576,77.4,917504,4.89368,0.0035,0.2962,0.3373,0.4269,0.0006,0.0008,0.5329,0.0034,0.4591,0.013,0.0631,7.8207
09:22:20.212,7100.72,E 60 s / 60 s,8.2989,76.8,917504,4.88832,0.0031,0.4464,0.3472,0.4363,0.0004,0.0008,0.5062,0.0,0.4321,0.0094,0.0622,6.0548
09:22:22.212,7102.72,E 60 s / 60 s,10.3395,78.5,917504,4.86688,0.0032,0.3925,0.2826,0.4043,0.0016,0.0002,0.5831,0.0,0.0755,0.0,0.0645,8.5321
09:22:24.211,7104.72,E 60 s / 60 s,6.892,79.6,917504,4.8709,0.0034,0.4175,0.2462,0.4043,0.0004,0.0002,0.6031,0.0,0.1995,0.0021,0.0644,4.9511
09:22:26.212,7106.72,E 60 s / 60 s,8.6435,79.0,917504,4.84946,0.0027,0.3442,0.2308,0.4195,0.0004,0.0002,0.5648,0.0068,0.4773,0.008,0.0637,6.5252
09:22:28.211,7108.72,E 60 s / 60 s,7.7069,78.5,917504,4.96202,0.0028,0.4433,0.3871,0.4081,0.0024,0.0002,0.5239,0.0,0.4388,0.0088,0.0628,5.4287
09:22:30.211,7110.72,E 60 s / 60 s,9.4371,78.5,917504,4.9915,0.0035,0.3933,0.3364,0.3912,0.0012,0.0008,0.5368,0.0,0.2163,0.0071,0.0627,7.4878
09:22:32.210,7112.72,E 60 s / 60 s,6.6175,77.4,917504,5.0853,0.0035,0.3206,0.2311,0.3749,0.001,0.0002,0.5689,0.014,0.0324,0.0,0.0667,5.0043
09:22:34.219,7114.72,E 60 s / 60 s,10.2655,79.0,917504,4.8776,0.0032,0.344,0.3761,0.3953,0.0016,0.0008,0.5066,0.0,0.108,0.0009,0.0615,8.4676
09:22:36.220,7116.72,E 60 s / 60 s,9.8546,80.1,917504,4.92986,0.0031,0.2941,0.3513,0.4269,0.0004,0.0002,0.5261,0.0,0.2465,0.0068,0.0621,7.9371
09:22:38.215,7118.72,E 60 s / 60 s,7.0995,79.6,917504,4.96872,0.0028,0.4882,0.3522,0.4288,0.0012,0.0002,0.5439,0.0,0.4582,0.0083,0.0638,4.752
09:22:40.215,7120.72,E 60 s / 60 s,10.0886,79.6,917504,5.00624,0.0034,0.393,0.3492,0.4199,0.0016,0.0002,0.5167,0.0,0.3379,0.0024,0.0627,8.0017
09:22:42.219,7122.73,E 60 s / 60 s,10.2511,80.1,917504,4.88162,0.0031,0.3442,0.2318,0.4135,0.0006,0.0002,0.5777,0.0136,0.192,0.0,0.0648,8.4097
09:22:44.219,7124.73,E 60 s / 60 s,10.1801,79.0,917504,4.88832,0.0031,0.3938,0.3416,0.4111,0.0016,0.0002,0.5391,0.0,0.338,0.0041,0.0616,8.0858
09:22:46.221,7126.73,E 60 s / 60 s,8.3853,79.6,917504,4.99552,0.0031,0.3645,0.2283,0.4364,0.0004,0.0004,0.5512,0.0068,0.3368,0.0136,0.0648,6.3791
09:22:48.215,7128.73,E 60 s / 60 s,3.4878,74.1,917504,5.0853,0.0033,0.2975,0.2367,0.3804,0.0004,0.0008,0.5164,0.007,0.0614,0.0,0.0655,1.9183
09:22:50.215,7130.73,E 60 s / 60 s,3.4477,69.2,917504,5.09602,0.0031,0.2992,0.323,0.3786,0.0012,0.0002,0.5401,0.007,0.0431,0.0,0.0655,1.7867
09:22:52.319,7132.73,E 60 s / 60 s,3.8418,67.0,917504,5.09602,0.0035,0.3498,0.235,0.3804,0.0012,0.0002,0.5753,0.0,0.0368,0.0,0.0682,2.1913
09:22:54.215,7134.73,E 60 s / 60 s,2.6469,65.3,917504,5.1121,0.0033,0.2991,0.3574,0.3706,0.0006,0.0002,0.5344,0.0035,0.0248,0.0,0.0691,0.984
09:22:56.216,7136.73,E 60 s / 60 s,2.5943,62.6,917504,5.12282,0.0029,0.3016,0.3375,0.3602,0.0016,0.0004,0.5361,0.0035,0.0238,0.0,0.0691,0.9575
09:22:58.216,7138.73,E 60 s / 60 s,2.97,60.9,917504,5.13354,0.0026,0.302,0.224,0.3555,0.0032,0.0002,0.5358,0.0141,0.0281,0.0,0.0698,1.4347
09:23:00.216,7140.73,E 60 s / 60 s,2.6236,60.9,917504,5.1389,0.0031,0.3013,0.2374,0.3661,0.0012,0.0004,0.5429,0.0035,0.0323,0.0,0.0679,1.0676
09:23:02.216,7142.73,E 60 s / 60 s,2.7864,58.7,917504,5.12282,0.0027,0.3689,0.3542,0.3602,0.0016,0.0002,0.5381,0.0,0.0281,0.0,0.0647,1.0676
09:23:04.216,7144.73,E 60 s / 60 s,2.4418,59.3,917504,5.13488,0.0029,0.2747,0.2869,0.3631,0.0008,0.0004,0.5108,0.0071,0.0378,0.0,0.0691,0.8882
09:23:06.216,7146.73,E 60 s / 60 s,2.4238,59.3,917504,5.13622,0.0033,0.3018,0.2389,0.3743,0.0004,0.0004,0.5317,0.0,0.0336,0.0,0.0647,0.8746
09:23:08.216,7148.73,E 60 s / 60 s,2.4766,57.6,917504,5.13622,0.0031,0.3014,0.2372,0.3661,0.0006,0.0004,0.6044,0.0035,0.0238,0.0,0.0679,0.8682
09:23:10.216,7150.73,E 60 s / 60 s,2.5296,58.2,917504,5.1389,0.0029,0.3701,0.2861,0.3661,0.0006,0.0004,0.5326,0.0035,0.0335,0.0,0.0655,0.8682
09:23:12.216,7152.73,E 60 s / 60 s,2.3946,57.6,917504,5.14292,0.0033,0.2788,0.2535,0.3684,0.0008,0.0,0.5329,0.0035,0.0368,0.0,0.0673,0.8492
09:23:14.220,7154.73,E 60 s / 60 s,2.4144,57.1,917504,5.14426,0.0031,0.3007,0.2281,0.3626,0.0002,0.0004,0.5592,0.0106,0.0282,0.0,0.066,0.8553
09:23:16.216,7156.73,E 60 s / 60 s,2.4936,56.5,917504,5.13354,0.0027,0.3032,0.3401,0.3627,0.0018,0.0002,0.5261,0.0,0.0302,0.0,0.0647,0.8618
09:23:18.317,7158.73,E 60 s / 60 s,2.4164,56.0,917504,5.12818,0.0027,0.2772,0.3193,0.3644,0.0032,0.0004,0.5132,0.0,0.0248,0.0,0.068,0.8431
09:23:20.216,7160.73,E 60 s / 60 s,2.3776,56.0,917504,5.13354,0.0029,0.2795,0.2348,0.3654,0.0016,0.0,0.5608,0.0035,0.0238,0.0,0.0692,0.836
09:23:22.216,7162.73,E 60 s / 60 s,2.4859,55.4,917504,5.13354,0.0029,0.3647,0.2892,0.3608,0.0006,0.0,0.5324,0.0,0.0293,0.0,0.0698,0.836
09:23:24.217,7164.73,E 60 s / 60 s,2.4695,55.4,917504,5.1322,0.0027,0.3563,0.2878,0.3654,0.0,0.0004,0.5123,0.0035,0.0335,0.0,0.0705,0.837
09:23:26.217,7166.73,E 60 s / 60 s,2.5127,55.4,917504,5.13622,0.0029,0.3537,0.2887,0.3703,0.0008,0.0004,0.5731,0.0035,0.0269,0.0,0.0692,0.8232
09:23:28.217,7168.73,E 60 s / 60 s,2.4887,55.4,917504,5.1389,0.0028,0.403,0.2223,0.3697,0.0006,0.0004,0.5604,0.0142,0.0303,0.0,0.0685,0.8164
09:23:30.217,7170.73,E 60 s / 60 s,2.5703,54.9,917504,5.13488,0.0029,0.3918,0.3571,0.3665,0.0004,0.0004,0.5271,0.0,0.0184,0.0,0.0699,0.8357
09:23:32.217,7172.73,E 60 s / 60 s,2.402,54.3,917504,5.1456,0.0031,0.2835,0.2878,0.3643,0.0002,0.0004,0.5462,0.0,0.0325,0.0,0.0736,0.8103
09:23:34.217,7174.73,E 60 s / 60 s,2.4043,54.9,917504,5.1389,0.0031,0.3027,0.2377,0.3654,0.0,0.0004,0.5736,0.0036,0.0249,0.0,0.0698,0.8232
09:23:36.322,7176.73,E 60 s / 60 s,2.4184,54.9,917504,5.14158,0.0031,0.3026,0.2358,0.3649,0.0002,0.0,0.5862,0.0106,0.0227,0.0,0.0692,0.8232
09:23:38.322,7178.73,E 60 s / 60 s,2.4652,54.9,917504,5.13086,0.0031,0.3041,0.3511,0.368,0.0032,0.0,0.5197,0.0,0.0227,0.0,0.0699,0.8235
09:23:40.317,7180.73,E 60 s / 60 s,2.3313,54.3,917504,5.14292,0.0025,0.3039,0.224,0.3619,0.0016,0.0004,0.5393,0.0071,0.0184,0.0,0.0686,0.8036
09:23:42.217,7182.73,E 60 s / 60 s,2.4522,54.3,917504,5.1389,0.0027,0.3059,0.2689,0.3667,0.0008,0.0004,0.5976,0.0035,0.0292,0.0,0.0661,0.8103
09:23:44.217,7184.73,E 60 s / 60 s,2.551,54.3,917504,5.14024,0.0029,0.3045,0.3583,0.3654,0.0016,0.0004,0.5231,0.0,0.0302,0.0,0.0655,0.899
09:23:46.217,7186.73,E 60 s / 60 s,2.5295,54.3,917504,5.14158,0.0031,0.3752,0.3232,0.3685,0.0004,0.0002,0.5395,0.0,0.0282,0.0,0.0681,0.8232
09:23:48.219,7188.73,E 60 s / 60 s,9.6658,58.7,917504,4.90708,0.0027,0.3259,0.2244,0.4292,0.0016,0.0008,0.523,0.0069,0.2303,0.0021,0.0679,7.8511
09:23:50.220,7190.73,E 60 s / 60 s,7.9822,65.9,917504,4.95666,0.0033,0.3596,0.227,0.4121,0.0004,0.0002,0.5495,0.0,0.2976,0.0142,0.0655,6.0528
09:23:52.226,7192.73,E 60 s / 60 s,8.1979,68.1,917504,5.0116,0.0031,0.4009,0.2487,0.4002,0.0004,0.0008,0.5756,0.0069,0.1796,0.0027,0.0678,6.311
09:23:54.221,7194.73,E 60 s / 60 s,6.6856,69.7,917504,4.9312,0.003,0.3754,0.2527,0.4266,0.0012,0.0002,0.6008,0.0,0.4664,0.0123,0.0623,4.4847
09:23:56.219,7196.73,E 60 s / 60 s,8.379,71.9,917504,4.88832,0.0029,0.3507,0.3545,0.3971,0.0016,0.0002,0.5433,0.0,0.4693,0.0221,0.0622,6.1751
09:23:58.223,7198.73,E 60 s / 60 s,8.6119,73.6,917504,4.8709,0.0035,0.4007,0.2251,0.4229,0.0004,0.0008,0.5433,0.0206,0.4732,0.0189,0.0665,6.4361
09:24:00.223,7200.73,E 60 s / 60 s,6.4881,73.6,917504,4.9714,0.0031,0.3754,0.2236,0.4079,0.0016,0.0002,0.5527,0.0069,0.2249,0.0047,0.0653,4.6219
09:24:02.219,7202.73,E 60 s / 60 s,7.9231,74.7,917504,4.86554,0.0031,0.4261,0.2334,0.4291,0.0002,0.0004,0.6133,0.0,0.4676,0.0103,0.0684,5.6713
09:24:04.224,7204.73,E 60 s / 60 s,6.6735,74.7,917504,4.88698,0.0029,0.2995,0.2216,0.3804,0.0012,0.0008,0.5358,0.0,0.0581,0.0,0.0673,5.106
09:24:06.224,7206.73,E 60 s / 60 s,6.5304,75.2,917504,4.87224,0.0033,0.3463,0.2324,0.4035,0.0016,0.0002,0.5368,0.0,0.1855,0.0038,0.0631,4.7536
09:24:08.220,7208.73,E 60 s / 60 s,9.7764,76.3,917504,4.88832,0.0029,0.3315,0.2854,0.4041,0.0008,0.0,0.5326,0.0102,0.3315,0.003,0.063,7.8115
09:24:10.219,7210.73,E 60 s / 60 s,9.8314,76.3,917504,4.92986,0.0027,0.3101,0.2842,0.4375,0.0004,0.0008,0.5199,0.0,0.1943,0.0015,0.0655,8.0145
09:24:12.223,7212.73,E 60 s / 60 s,6.8792,75.7,917504,4.86554,0.0033,0.4731,0.2492,0.4319,0.0008,0.0002,0.5442,0.0,0.4433,0.0088,0.065,4.6594
09:24:14.223,7214.73,E 60 s / 60 s,10.2041,75.7,917504,4.97542,0.0033,0.3582,0.3791,0.4149,0.0004,0.0008,0.5667,0.0,0.2685,0.0079,0.065,8.1393
09:24:16.227,7216.74,E 60 s / 60 s,9.9033,77.4,917504,4.92986,0.0032,0.2946,0.2238,0.4159,0.0008,0.0008,0.5456,0.0,0.0853,0.0,0.0639,8.2693
09:24:18.228,7218.74,E 60 s / 60 s,10.0086,76.3,917504,4.88832,0.0033,0.3199,0.3169,0.4302,0.0004,0.0002,0.4948,0.0,0.1427,0.0012,0.063,8.236
09:24:20.231,7220.74,E 60 s / 60 s,6.8452,77.9,917504,4.86554,0.0031,0.4693,0.3515,0.4125,0.0012,0.0002,0.5361,0.0,0.3553,0.0121,0.0663,4.6375
09:24:22.227,7222.74,E 60 s / 60 s,9.3088,77.4,917504,4.96336,0.0031,0.4202,0.2836,0.4441,0.0006,0.0008,0.5365,0.0,0.072,0.005,0.0661,7.4767
09:24:24.231,7224.74,E 60 s / 60 s,9.9213,77.9,917504,5.01428,0.0029,0.3446,0.2304,0.4097,0.0006,0.0008,0.5424,0.0,0.333,0.0062,0.0616,7.9889
09:24:26.231,7226.74,E 60 s / 60 s,9.885,78.5,917504,4.97006,0.0034,0.3046,0.2486,0.3881,0.0016,0.0008,0.5163,0.0034,0.1327,0.0,0.0621,8.2234
09:24:28.232,7228.74,E 60 s / 60 s,6.299,79.0,917504,4.97274,0.0029,0.3948,0.2241,0.3918,0.0016,0.0008,0.5716,0.0034,0.2661,0.0047,0.0629,4.3743
09:24:30.231,7230.74,E 60 s / 60 s,10.2537,79.0,917504,4.88698,0.0032,0.3134,0.2486,0.4287,0.0032,0.0008,0.5231,0.0,0.2327,0.0038,0.0622,8.434
09:24:32.231,7232.74,E 60 s / 60 s,10.0258,79.0,917504,4.88966,0.003,0.4298,0.2832,0.4261,0.0004,0.0002,0.5455,0.0034,0.2694,0.0147,0.0613,7.9888
09:24:34.234,7234.74,E 60 s / 60 s,6.9639,78.5,917504,4.89904,0.0031,0.3957,0.2214,0.4452,0.0002,0.0002,0.5345,0.0069,0.4792,0.0148,0.0647,4.798
09:24:36.231,7236.74,E 60 s / 60 s,10.0372,80.1,917504,4.8441,0.0027,0.3621,0.2474,0.4062,0.0016,0.0002,0.5118,0.0068,0.2562,0.0059,0.0588,8.1775
09:24:38.231,7238.74,E 60 s / 60 s,10.0969,79.6,917504,4.87224,0.0029,0.3147,0.3491,0.3954,0.0012,0.0002,0.5164,0.0068,0.2625,0.0,0.0627,8.185
09:24:40.231,7240.74,E 60 s / 60 s,9.6589,79.6,917504,4.86688,0.003,0.3368,0.2826,0.4021,0.0008,0.0002,0.5629,0.0034,0.4886,0.011,0.062,7.5055
09:24:42.233,7242.74,E 60 s / 60 s,9.418,79.6,917504,4.86688,0.0033,0.4441,0.2821,0.4282,0.0012,0.0008,0.5818,0.0068,0.337,0.0098,0.0656,7.2573
09:24:44.228,7244.74,E 60 s / 60 s,9.5333,79.6,917504,4.8642,0.0033,0.3495,0.3607,0.431,0.0012,0.0008,0.5863,0.0,0.2161,0.0056,0.0674,7.5114
09:24:46.235,7246.74,E 60 s / 60 s,10.0871,80.1,917504,4.96872,0.0028,0.316,0.2237,0.4269,0.0004,0.0008,0.5201,0.0,0.4859,0.0009,0.0621,8.0474
09:24:48.231,7248.74,E 60 s / 60 s,3.5969,76.8,917504,5.09602,0.0031,0.2867,0.2498,0.3883,0.0012,0.0002,0.5132,0.007,0.0562,0.0,0.0667,2.0246
09:24:50.231,7250.74,E 60 s / 60 s,3.4291,70.3,917504,5.1054,0.0029,0.2847,0.3571,0.3725,0.0004,0.0008,0.5118,0.0105,0.0367,0.0,0.0649,1.7867
09:24:52.231,7252.74,E 60 s / 60 s,3.2555,67.5,917504,5.10138,0.0033,0.2992,0.2232,0.3839,0.0016,0.0002,0.5398,0.007,0.0228,0.0,0.0707,1.7037
09:24:54.231,7254.74,E 60 s / 60 s,2.58,64.2,917504,5.12416,0.0026,0.2871,0.358,0.3617,0.0008,0.0004,0.5164,0.0,0.0259,0.0,0.0678,0.9593
09:24:56.235,7256.74,E 60 s / 60 s,2.4869,63.1,917504,5.1322,0.0033,0.2996,0.222,0.3804,0.0004,0.0004,0.5433,0.0035,0.0356,0.0,0.066,0.9325
09:24:58.231,7258.74,E 60 s / 60 s,2.7289,60.9,917504,5.14024,0.0027,0.3488,0.2872,0.3635,0.0016,0.0002,0.5358,0.0141,0.0379,0.0,0.0699,1.0672
09:25:00.231,7260.74,E 60 s / 60 s,2.6436,60.4,917504,5.1389,0.0029,0.3696,0.3567,0.3679,0.0012,0.0004,0.5396,0.0,0.026,0.0,0.0661,0.9132
09:25:02.231,7262.74,E 60 s / 60 s,2.4337,59.3,917504,5.1322,0.003,0.2815,0.2478,0.3632,0.0018,0.0004,0.5427,0.0,0.0284,0.0,0.0709,0.8939
09:25:04.232,7264.74,E 60 s / 60 s,2.4774,58.7,917504,5.1389,0.0029,0.3142,0.2352,0.3638,0.0004,0.0004,0.5753,0.0071,0.0291,0.0,0.0686,0.8804
09:25:06.232,7266.74,E 60 s / 60 s,2.5141,58.2,917504,5.12818,0.0031,0.2886,0.2881,0.369,0.0012,0.0002,0.5134,0.0106,0.0205,0.0,0.0678,0.9516
09:25:08.232,7268.74,E 60 s / 60 s,2.3936,58.2,917504,5.14024,0.0027,0.2786,0.2481,0.3654,0.0004,0.0002,0.5197,0.0071,0.0303,0.0,0.0729,0.8682
09:25:10.232,7270.74,E 60 s / 60 s,2.3846,57.6,917504,5.13756,0.0031,0.3018,0.2247,0.3643,0.0032,0.0,0.5204,0.0,0.0411,0.0,0.0696,0.8563
09:25:12.232,7272.74,E 60 s / 60 s,2.5908,57.1,917504,5.12282,0.0026,0.3759,0.3578,0.3653,0.0002,0.0004,0.523,0.0,0.042,0.0,0.0678,0.8557
09:25:14.232,7274.74,E 60 s / 60 s,2.3296,56.5,917504,5.14024,0.0029,0.2833,0.2273,0.3637,0.0006,0.0004,0.506,0.0035,0.0302,0.0,0.0691,0.8425
09:25:16.232,7276.74,E 60 s / 60 s,2.4174,56.5,917504,5.13354,0.0032,0.302,0.2239,0.3651,0.001,0.0004,0.5914,0.0,0.027,0.0,0.0679,0.8354
09:25:18.232,7278.74,E 60 s / 60 s,2.4581,56.5,917504,5.14694,0.0031,0.3034,0.2292,0.3637,0.0016,0.0002,0.5943,0.0071,0.0389,0.0,0.0679,0.8489
09:25:20.232,7280.74,E 60 s / 60 s,2.4859,56.0,917504,5.13354,0.0029,0.2807,0.2907,0.3635,0.0008,0.0004,0.5874,0.0035,0.0347,0.0,0.0717,0.8495
09:25:22.232,7282.74,E 60 s / 60 s,2.4152,56.0,917504,5.14158,0.0026,0.304,0.2222,0.367,0.0032,0.0,0.5944,0.0,0.0226,0.0,0.0691,0.8299
09:25:24.232,7284.74,E 60 s / 60 s,2.4859,55.4,917504,5.13354,0.0031,0.3534,0.2524,0.367,0.0002,0.0,0.5842,0.0,0.0228,0.0,0.0673,0.8354
09:25:26.232,7286.74,E 60 s / 60 s,2.4135,56.0,917504,5.1456,0.0027,0.2808,0.3208,0.358,0.0008,0.0,0.5167,0.0,0.0293,0.0,0.0691,0.8354
09:25:28.232,7288.75,E 60 s / 60 s,2.4652,54.9,917504,5.13756,0.0031,0.3053,0.3557,0.3688,0.0006,0.0,0.5063,0.0,0.0248,0.0,0.0716,0.829
09:25:30.232,7290.75,E 60 s / 60 s,2.4178,55.4,917504,5.14158,0.0035,0.3028,0.2362,0.3661,0.0004,0.0002,0.5799,0.0,0.0314,0.0,0.0679,0.8293
09:25:32.233,7292.75,E 60 s / 60 s,2.4596,54.3,917504,5.14426,0.0027,0.3658,0.2522,0.3679,0.0004,0.0002,0.5368,0.0,0.0345,0.0,0.0685,0.8305
09:25:34.233,7294.75,E 60 s / 60 s,2.3425,54.3,917504,5.14962,0.0026,0.2765,0.2542,0.365,0.0006,0.0004,0.5027,0.0,0.0465,0.0,0.0699,0.8241
09:25:36.233,7296.75,E 60 s / 60 s,2.3299,54.3,917504,5.14024,0.0027,0.2792,0.2282,0.3594,0.0032,0.0002,0.5326,0.0,0.0486,0.0,0.0711,0.8048
09:25:38.233,7298.75,E 60 s / 60 s,2.4167,54.3,917504,5.14024,0.0028,0.3543,0.2568,0.3613,0.0004,0.0002,0.5341,0.0,0.0162,0.0,0.0674,0.8232
09:25:40.233,7300.75,E 60 s / 60 s,2.4551,54.9,917504,5.14292,0.0027,0.3054,0.3546,0.3666,0.0004,0.0002,0.5001,0.0,0.0378,0.0,0.0705,0.8168
09:25:42.233,7302.75,E 60 s / 60 s,2.3116,54.3,917504,5.14024,0.0028,0.2787,0.2366,0.3621,0.0008,0.0002,0.5156,0.0071,0.0238,0.0,0.073,0.8109
09:25:44.237,7304.75,E 60 s / 60 s,2.4523,53.8,917504,5.14426,0.0025,0.3035,0.2533,0.3672,0.0016,0.0002,0.5979,0.0071,0.0357,0.0,0.0672,0.8161
09:25:46.233,7306.75,E 60 s / 60 s,2.4623,53.2,917504,5.1389,0.0027,0.3064,0.355,0.3598,0.0008,0.0002,0.5093,0.0,0.0388,0.0,0.0668,0.8226
09:25:48.235,7308.75,E 60 s / 60 s,4.8347,54.9,917504,5.08932,0.0028,0.353,0.2535,0.416,0.0,0.0,0.5423,0.0,0.4591,0.01,0.0667,2.7312
09:25:50.235,7310.75,E 60 s / 60 s,9.5587,64.8,917504,4.90976,0.0031,0.4018,0.3739,0.4112,0.0002,0.0002,0.5196,0.0,0.3012,0.0089,0.067,7.4714
09:25:52.235,7312.75,E 60 s / 60 s,9.8851,69.2,917504,4.9714,0.003,0.3246,0.3503,0.4229,0.0012,0.0004,0.5495,0.0,0.0755,0.0003,0.0641,8.0933
09:25:54.235,7314.75,E 60 s / 60 s,6.2566,68.1,917504,4.97408,0.0027,0.3526,0.252,0.4199,0.0004,0.0002,0.5393,0.0,0.0585,0.0,0.067,4.564
09:25:56.239,7316.75,E 60 s / 60 s,8.4279,71.9,917504,4.88832,0.0031,0.3496,0.2846,0.3946,0.0016,0.0002,0.5753,0.0,0.1936,0.0006,0.0659,6.5587
09:25:58.235,7318.75,E 60 s / 60 s,10.0047,72.5,917504,4.91378,0.0033,0.3108,0.2253,0.4223,0.0002,0.0002,0.5648,0.0,0.2591,0.0012,0.0628,8.1546
09:26:00.237,7320.75,E 60 s / 60 s,9.5747,72.5,917504,5.00088,0.0033,0.423,0.3486,0.4111,0.0008,0.0,0.5326,0.0308,0.2331,0.0053,0.0636,7.5226
09:26:02.242,7322.75,E 60 s / 60 s,9.6233,74.1,917504,4.88832,0.0029,0.437,0.2835,0.4179,0.0004,0.0002,0.5326,0.0,0.3439,0.0053,0.0664,7.5331
09:26:04.239,7324.75,E 60 s / 60 s,8.4763,73.0,917504,4.9848,0.0029,0.3963,0.2488,0.4077,0.0012,0.0008,0.5391,0.0239,0.267,0.0062,0.0689,6.5135
09:26:06.237,7326.75,E 60 s / 60 s,6.0359,74.7,917504,4.8977,0.0035,0.2986,0.2497,0.3791,0.0004,0.0008,0.5077,0.0,0.0591,0.0053,0.0642,4.4675
09:26:08.235,7328.75,E 60 s / 60 s,10.5269,75.7,917504,4.88028,0.003,0.2968,0.2842,0.4331,0.0016,0.0008,0.541,0.0,0.478,0.0012,0.0669,8.4202
09:26:10.235,7330.75,E 60 s / 60 s,8.3653,75.2,917504,4.90842,0.003,0.334,0.2243,0.4006,0.0004,0.0004,0.5878,0.0034,0.286,0.0035,0.068,6.4539
09:26:12.240,7332.75,E 60 s / 60 s,9.8674,75.7,917504,5.00624,0.0032,0.3951,0.3173,0.4088,0.0018,0.0002,0.5301,0.0,0.1305,0.0012,0.0596,8.0197
09:26:14.241,7334.75,E 60 s / 60 s,8.3776,76.3,917504,4.8709,0.003,0.3678,0.2508,0.4419,0.0004,0.0004,0.5139,0.0,0.2,0.0,0.0657,6.5338
09:26:16.244,7336.75,E 60 s / 60 s,5.6209,76.8,917504,4.90976,0.0029,0.3973,0.3451,0.4276,0.0016,0.0002,0.51,0.0,0.4852,0.0138,0.0673,3.3698
09:26:18.239,7338.75,E 60 s / 60 s,9.6208,77.9,917504,4.87626,0.003,0.2983,0.2241,0.376,0.0008,0.0008,0.5453,0.0034,0.1972,0.0,0.0618,7.9102
09:26:20.239,7340.75,E 60 s / 60 s,9.19,78.5,917504,4.85482,0.0032,0.3457,0.3513,0.3989,0.0012,0.0008,0.5264,0.0,0.2144,0.0033,0.0622,7.2825
09:26:22.239,7342.75,E 60 s / 60 s,9.3383,77.9,917504,4.99284,0.0029,0.3921,0.3534,0.4025,0.0006,0.0002,0.5118,0.0,0.0906,0.0,0.0621,7.522
09:26:24.240,7344.75,E 60 s / 60 s,10.134,77.4,917504,4.97542,0.0027,0.3189,0.354,0.4007,0.0016,0.0002,0.5473,0.0,0.3043,0.0027,0.0623,8.1393
09:26:26.243,7346.75,E 60 s / 60 s,8.3878,76.8,917504,5.00624,0.0027,0.3445,0.2335,0.4124,0.0008,0.0008,0.5327,0.0069,0.3375,0.011,0.0656,6.4394
09:26:28.239,7348.75,E 60 s / 60 s,8.3939,78.5,917504,4.8642,0.0034,0.3004,0.3547,0.3963,0.0006,0.0002,0.5371,0.0,0.1724,0.005,0.0613,6.5625
09:26:30.239,7350.75,E 60 s / 60 s,6.3354,79.0,917504,4.86152,0.0033,0.378,0.2828,0.4001,0.0008,0.0002,0.5911,0.0034,0.2856,0.0041,0.0618,4.3243
09:26:32.239,7352.75,E 60 s / 60 s,10.275,76.8,917504,4.88698,0.0029,0.3949,0.3478,0.4143,0.0014,0.0002,0.5141,0.0,0.4868,0.0006,0.0617,8.0501
09:26:34.240,7354.75,E 60 s / 60 s,6.8265,79.0,917504,4.8642,0.003,0.4401,0.2519,0.41,0.0008,0.0002,0.5345,0.0034,0.1645,0.0012,0.0615,4.9555
09:26:36.244,7356.75,E 60 s / 60 s,6.3755,78.5,917504,4.87626,0.003,0.3595,0.2497,0.4388,0.0006,0.0002,0.5659,0.0103,0.4434,0.0115,0.0626,4.23
09:26:38.239,7358.75,E 60 s / 60 s,6.699,77.9,917504,4.97274,0.0032,0.467,0.3557,0.439,0.0008,0.0008,0.5317,0.0069,0.4851,0.0038,0.0627,4.3423
09:26:40.239,7360.75,E 60 s / 60 s,9.9435,79.6,917504,4.85616,0.0027,0.3434,0.3435,0.4023,0.0016,0.0008,0.5164,0.0,0.229,0.0018,0.0621,8.0399
09:26:42.239,7362.75,E 60 s / 60 s,7.8575,79.6,917504,5.00356,0.003,0.4008,0.3535,0.4096,0.0008,0.0004,0.5103,0.0,0.4931,0.0106,0.0658,5.6096
09:26:44.239,7364.75,E 60 s / 60 s,8.7251,80.7,917504,4.84946,0.0027,0.4188,0.2501,0.4096,0.0004,0.0002,0.5648,0.0,0.4668,0.0118,0.0648,6.5349
09:26:46.240,7366.75,E 60 s / 60 s,8.5568,77.9,917504,4.99418,0.0023,0.3902,0.2332,0.4259,0.0004,0.0002,0.5747,0.0102,0.3386,0.0053,0.0645,6.5114
09:26:48.239,7368.75,E 60 s / 60 s,10.4896,80.1,917504,4.86688,0.0029,0.4185,0.3524,0.4266,0.0008,0.0002,0.5268,0.0,0.1574,0.0104,0.0612,8.5325
09:26:50.236,7370.75,E 60 s / 60 s,3.783,69.7,917504,5.0987,0.0027,0.3944,0.3569,0.3828,0.0018,0.0,0.539,0.0035,0.0238,0.0,0.0694,2.0087
09:26:52.236,7372.75,E 60 s / 60 s,3.5158,66.4,917504,5.10272,0.0031,0.3681,0.3567,0.3721,0.0008,0.0008,0.542,0.0035,0.0313,0.0,0.0643,1.7731
09:26:54.237,7374.75,E 60 s / 60 s,2.6194,64.2,917504,5.1121,0.0032,0.3229,0.2551,0.3662,0.0032,0.0002,0.581,0.0035,0.0356,0.0,0.0703,0.9783
09:26:56.237,7376.75,E 60 s / 60 s,2.59,63.1,917504,5.12416,0.0031,0.301,0.3225,0.3696,0.0032,0.0004,0.5401,0.0106,0.0345,0.0,0.066,0.9389
09:26:58.237,7378.75,E 60 s / 60 s,2.4712,60.9,917504,5.12148,0.0026,0.2816,0.2844,0.3721,0.0006,0.0,0.5167,0.0035,0.0205,0.0,0.0704,0.919
09:27:00.237,7380.75,E 60 s / 60 s,2.5532,60.4,917504,5.14158,0.0032,0.2989,0.2364,0.3688,0.0008,0.0002,0.5929,0.0141,0.0716,0.0,0.066,0.9004
09:27:02.237,7382.75,E 60 s / 60 s,2.5367,59.3,917504,5.12818,0.0031,0.3012,0.3395,0.3636,0.0032,0.0002,0.5204,0.0,0.0357,0.0,0.0698,0.9
09:27:04.237,7384.75,E 60 s / 60 s,2.5109,58.7,917504,5.12684,0.003,0.302,0.3526,0.3634,0.001,0.0002,0.5037,0.0035,0.0227,0.0,0.0703,0.8885
09:27:06.237,7386.75,E 60 s / 60 s,2.5052,58.7,917504,5.1389,0.0025,0.3009,0.2226,0.3637,0.001,0.0004,0.5458,0.0106,0.0249,0.0,0.069,0.9639
09:27:08.237,7388.75,E 60 s / 60 s,2.7124,58.2,917504,5.14024,0.0029,0.3517,0.2555,0.3686,0.0016,0.0004,0.5426,0.0071,0.0401,0.0,0.0672,1.0748
09:27:10.237,7390.75,E 60 s / 60 s,2.3669,57.1,917504,5.13488,0.0025,0.2773,0.2535,0.3567,0.0008,0.0004,0.5167,0.0,0.0399,0.0,0.0697,0.8495
09:27:12.237,7392.75,E 60 s / 60 s,2.4417,56.5,917504,5.13488,0.0026,0.2804,0.2897,0.3662,0.0002,0.0004,0.5422,0.0071,0.0237,0.0,0.0741,0.855
09:27:14.237,7394.75,E 60 s / 60 s,2.5919,56.5,917504,5.13354,0.003,0.3644,0.3577,0.3632,0.0008,0.0004,0.5427,0.0035,0.0259,0.0,0.0685,0.8618
09:27:16.237,7396.75,E 60 s / 60 s,2.4913,56.5,917504,5.13354,0.0031,0.303,0.3537,0.3608,0.0006,0.0002,0.5174,0.0,0.04,0.0,0.0692,0.8431
09:27:18.237,7398.75,E 60 s / 60 s,2.3937,56.5,917504,5.13354,0.0027,0.3015,0.2187,0.379,0.0008,0.0004,0.5391,0.0106,0.0303,0.0,0.0685,0.8422
09:27:20.241,7400.75,E 60 s / 60 s,2.4652,55.4,917504,5.14292,0.0027,0.354,0.2529,0.3632,0.001,0.0004,0.5395,0.0035,0.0281,0.0,0.0705,0.8492
09:27:22.237,7402.75,E 60 s / 60 s,2.3973,56.0,917504,5.14024,0.0026,0.2771,0.3189,0.3635,0.0016,0.0004,0.5133,0.0,0.0259,0.0,0.0703,0.8235
09:27:24.238,7404.75,E 60 s / 60 s,2.4149,55.4,917504,5.14694,0.0036,0.3039,0.2208,0.3608,0.0006,0.0,0.5818,0.0106,0.0359,0.0,0.0673,0.8296
09:27:26.238,7406.75,E 60 s / 60 s,2.4456,55.4,917504,5.14292,0.003,0.3153,0.2367,0.3654,0.0016,0.0,0.6154,0.0,0.026,0.0,0.0655,0.8168
09:27:28.238,7408.75,E 60 s / 60 s,2.5105,54.9,917504,5.1389,0.0027,0.3804,0.2905,0.3688,0.0016,0.0,0.5358,0.0,0.0281,0.0,0.073,0.8296
09:27:30.238,7410.75,E 60 s / 60 s,2.4249,54.3,917504,5.14292,0.0031,0.3161,0.2881,0.3643,0.0002,0.0004,0.5139,0.0106,0.0398,0.0,0.0718,0.8164
09:27:32.238,7412.75,E 60 s / 60 s,2.5254,54.9,917504,5.14292,0.0027,0.4033,0.2292,0.3725,0.0016,0.0002,0.5894,0.0071,0.0303,0.0,0.066,0.8232
09:27:34.238,7414.75,E 60 s / 60 s,2.4597,54.3,917504,5.1389,0.0027,0.3028,0.3564,0.3654,0.0032,0.0004,0.5069,0.0,0.0303,0.0,0.068,0.8235
09:27:36.238,7416.75,E 60 s / 60 s,2.4527,54.3,917504,5.14292,0.0028,0.3064,0.3526,0.3671,0.0004,0.0,0.501,0.0,0.0345,0.0,0.0705,0.8174
09:27:38.238,7418.75,E 60 s / 60 s,2.4748,54.3,917504,5.14292,0.003,0.3276,0.254,0.3669,0.0004,0.0002,0.6091,0.0,0.0335,0.0,0.0698,0.8103
09:27:40.238,7420.75,E 60 s / 60 s,2.3563,54.3,917504,5.1456,0.0023,0.2795,0.2875,0.3738,0.0004,0.0004,0.5022,0.0,0.026,0.0,0.0731,0.8112
09:27:42.238,7422.75,E 60 s / 60 s,2.3628,54.3,917504,5.1456,0.0031,0.2776,0.2878,0.3599,0.0002,0.0002,0.5191,0.0036,0.0302,0.0,0.0699,0.8112
09:27:44.242,7424.75,E 60 s / 60 s,2.4573,54.3,917504,5.14292,0.0029,0.3543,0.2876,0.3697,0.0004,0.0004,0.5398,0.0,0.0183,0.0,0.0667,0.8171
09:27:46.238,7426.75,E 60 s / 60 s,2.4819,53.2,917504,5.14292,0.0027,0.3683,0.2862,0.3696,0.0006,0.0004,0.5368,0.0035,0.0292,0.0,0.068,0.8164
09:27:48.238,7428.75,E 60 s / 60 s,2.4782,54.9,917504,5.14024,0.0031,0.3062,0.3578,0.3643,0.0004,0.0002,0.5239,0.0071,0.0313,0.0,0.0731,0.8106
09:27:50.240,7430.75,E 60 s / 60 s,5.886,64.2,917504,5.04242,0.0033,0.3484,0.2226,0.4292,0.0,0.0002,0.5345,0.0069,0.425,0.0059,0.0647,3.8454
09:27:52.239,7432.75,E 60 s / 60 s,9.2425,67.5,917504,4.91512,0.0032,0.3262,0.3548,0.3902,0.0034,0.0,0.5094,0.0,0.2503,0.0012,0.0679,7.3359
09:27:54.243,7434.75,E 60 s / 60 s,5.8079,69.7,917504,4.92316,0.0027,0.3738,0.2534,0.4149,0.0016,0.0002,0.5118,0.0,0.3999,0.0151,0.068,3.7666
09:27:56.243,7436.75,E 60 s / 60 s,9.3821,70.8,917504,4.88832,0.0029,0.3881,0.2844,0.402,0.0004,0.0002,0.5472,0.0069,0.1612,0.0015,0.0682,7.5191
09:27:58.247,7438.75,E 60 s / 60 s,8.3591,72.5,917504,4.88832,0.0032,0.4505,0.371,0.4214,0.0002,0.0002,0.507,0.0034,0.4766,0.0,0.0691,6.0564
09:28:00.243,7440.75,E 60 s / 60 s,7.1777,73.0,917504,4.91378,0.0031,0.3223,0.2843,0.3935,0.0018,0.0002,0.5067,0.0,0.1602,0.0044,0.0647,5.4363
09:28:02.243,7442.75,E 60 s / 60 s,9.4882,73.6,917504,4.97408,0.0033,0.3966,0.2515,0.4234,0.0004,0.0002,0.5946,0.0,0.4813,0.0,0.0666,7.2703
09:28:04.247,7444.75,E 60 s / 60 s,6.5051,74.7,917504,5.09736,0.003,0.2988,0.3183,0.3773,0.0012,0.0004,0.5436,0.0,0.0314,0.0,0.0643,4.8667
09:28:06.247,7446.76,E 60 s / 60 s,10.0806,74.7,917504,4.94326,0.0029,0.3942,0.3534,0.4078,0.0016,0.0004,0.5384,0.0,0.2278,0.0056,0.0627,8.0857
09:28:08.247,7448.76,E 60 s / 60 s,8.5553,75.2,917504,4.86554,0.0031,0.4193,0.2231,0.4091,0.0016,0.0002,0.5654,0.0207,0.2305,0.005,0.0652,6.612
09:28:10.247,7450.76,E 60 s / 60 s,10.1251,75.7,917504,4.86554,0.0031,0.4632,0.2322,0.439,0.0004,0.0004,0.5689,0.0034,0.3349,0.0143,0.0638,8.0016
09:28:12.247,7452.76,E 60 s / 60 s,10.1233,76.3,917504,5.07994,0.0033,0.3116,0.2511,0.4106,0.0016,0.0002,0.5236,0.0,0.4106,0.0133,0.0657,8.1316
09:28:14.252,7454.76,E 60 s / 60 s,10.1321,76.3,917504,4.93924,0.0031,0.3481,0.2317,0.455,0.0016,0.0002,0.6036,0.0034,0.1984,0.0056,0.068,8.2132
09:28:16.251,7456.76,E 60 s / 60 s,9.9425,76.3,917504,4.8776,0.0031,0.3113,0.2832,0.4006,0.0016,0.0004,0.4906,0.0034,0.2554,0.0018,0.0621,8.129
09:28:18.251,7458.76,E 60 s / 60 s,8.3256,77.4,917504,4.87492,0.0032,0.4449,0.2852,0.4038,0.0004,0.0004,0.5883,0.0,0.2128,0.0036,0.0648,6.3184
09:28:20.251,7460.76,E 60 s / 60 s,9.6629,76.3,917504,4.96202,0.0032,0.3003,0.2854,0.4167,0.0,0.0004,0.5157,0.0068,0.3337,0.0118,0.062,7.7269
09:28:22.252,7462.76,E 60 s / 60 s,6.9497,76.8,917504,5.01562,0.003,0.3847,0.3546,0.4331,0.0012,0.0002,0.5037,0.0171,0.334,0.0114,0.0658,4.8408
09:28:24.252,7464.76,E 60 s / 60 s,10.0552,77.4,917504,5.00088,0.003,0.3107,0.2221,0.4043,0.0008,0.0004,0.523,0.0378,0.0957,0.0,0.0657,8.3917
09:28:26.252,7466.76,E 60 s / 60 s,8.1406,76.8,917504,4.88698,0.0031,0.4224,0.2462,0.3985,0.0004,0.0008,0.5724,0.0034,0.2182,0.0015,0.0644,6.2095
09:28:28.255,7468.76,E 60 s / 60 s,9.947,77.4,917504,4.90976,0.0035,0.3448,0.3509,0.4186,0.0002,0.0002,0.5099,0.0,0.299,0.0154,0.0615,7.9431
09:28:30.255,7470.76,E 60 s / 60 s,10.1412,77.9,917504,5.092,0.0035,0.3949,0.3515,0.4326,0.0016,0.0004,0.5293,0.0,0.1297,0.0038,0.0654,8.2284
09:28:32.260,7472.77,E 60 s / 60 s,10.4581,78.5,917504,4.86018,0.0029,0.3442,0.2486,0.4191,0.0008,0.0002,0.585,0.0102,0.4749,0.0085,0.0609,8.3027
09:28:34.259,7474.77,E 60 s / 60 s,7.2496,78.5,917504,4.87626,0.003,0.3138,0.2324,0.4284,0.0008,0.0002,0.6235,0.0,0.1986,0.0144,0.0625,5.3719
09:28:36.259,7476.77,E 60 s / 60 s,10.4202,77.9,917504,4.86822,0.0037,0.344,0.3513,0.4274,0.0002,0.0002,0.5118,0.0069,0.4055,0.0,0.0619,8.3072
09:28:38.260,7478.77,E 60 s / 60 s,6.9177,78.5,917504,4.88698,0.0032,0.38,0.2247,0.4023,0.0012,0.0002,0.5458,0.0035,0.5102,0.0065,0.0652,4.7749
09:28:40.259,7480.77,E 60 s / 60 s,8.6879,80.1,917504,4.86688,0.003,0.4458,0.282,0.4007,0.0008,0.0008,0.6201,0.0,0.1724,0.0085,0.0617,6.692
09:28:42.259,7482.77,E 60 s / 60 s,10.4258,79.0,917504,4.89904,0.0031,0.3964,0.3447,0.4114,0.0016,0.0004,0.5171,0.0,0.4594,0.0106,0.0628,8.2182
09:28:44.259,7484.77,E 60 s / 60 s,6.3732,78.5,917504,4.92986,0.0029,0.4474,0.2496,0.4023,0.0008,0.0002,0.5816,0.0136,0.2575,0.0086,0.0639,4.3447
09:28:46.260,7486.77,E 60 s / 60 s,8.38,77.9,917504,4.9513,0.0033,0.3207,0.2257,0.4225,0.0008,0.0002,0.5907,0.0,0.3346,0.0106,0.0658,6.4052
09:28:48.259,7488.77,E 60 s / 60 s,8.5087,80.1,917504,4.88162,0.0029,0.3848,0.2242,0.4253,0.0012,0.0004,0.5358,0.0069,0.4659,0.0112,0.0642,6.3858
09:28:50.255,7490.77,E 60 s / 60 s,3.3559,69.7,917504,5.10674,0.0031,0.2982,0.221,0.3793,0.0016,0.0004,0.5907,0.0,0.0399,0.0,0.0644,1.7572
09:28:52.255,7492.77,E 60 s / 60 s,3.3099,66.4,917504,5.0987,0.0025,0.299,0.235,0.3777,0.0006,0.0008,0.5993,0.0,0.0226,0.0,0.0687,1.7037
09:28:54.256,7494.77,E 60 s / 60 s,2.4911,64.8,917504,5.1322,0.0028,0.2992,0.2243,0.367,0.0008,0.0002,0.5358,0.0,0.0228,0.0,0.0671,0.9711
09:28:56.260,7496.77,E 60 s / 60 s,2.4758,61.5,917504,5.1389,0.0034,0.2988,0.2208,0.3705,0.0016,0.0004,0.535,0.0106,0.0411,0.0,0.0679,0.9257
09:28:58.256,7498.77,E 60 s / 60 s,2.5572,60.4,917504,5.11746,0.0031,0.3002,0.3208,0.3643,0.0018,0.0004,0.5336,0.0,0.0389,0.0,0.068,0.9261
09:29:00.256,7500.77,E 60 s / 60 s,2.4542,60.4,917504,5.13756,0.0035,0.2809,0.2848,0.369,0.001,0.0004,0.5264,0.0,0.0237,0.0,0.0709,0.8936
09:29:02.256,7502.77,E 60 s / 60 s,2.5319,58.7,917504,5.13354,0.003,0.351,0.2891,0.3678,0.0008,0.0,0.5329,0.0071,0.0259,0.0,0.0667,0.8875
09:29:04.256,7504.77,E 60 s / 60 s,2.5254,58.7,917504,5.12282,0.0028,0.3021,0.3393,0.3661,0.0018,0.0002,0.5377,0.0,0.0282,0.0,0.066,0.8811
09:29:06.256,7506.77,E 60 s / 60 s,2.4659,57.6,917504,5.13488,0.0028,0.2783,0.2526,0.3632,0.0018,0.0004,0.5913,0.0035,0.0346,0.0,0.0691,0.8682
09:29:08.256,7508.77,E 60 s / 60 s,2.437,57.6,917504,5.14024,0.0025,0.2783,0.2219,0.3619,0.0008,0.0,0.5943,0.0177,0.0281,0.0,0.0698,0.8618
09:29:10.256,7510.77,E 60 s / 60 s,2.4688,57.1,917504,5.13086,0.0027,0.3028,0.3493,0.3616,0.001,0.0,0.4969,0.0,0.0282,0.0,0.0703,0.856
09:29:12.257,7512.77,E 60 s / 60 s,2.5156,56.5,917504,5.13488,0.0029,0.301,0.2292,0.3591,0.0006,0.0004,0.5944,0.0035,0.0238,0.0,0.0691,0.9316
09:29:14.257,7514.77,E 60 s / 60 s,2.3532,56.0,917504,5.1456,0.0031,0.2841,0.2273,0.3685,0.0008,0.0004,0.5391,0.0,0.0217,0.0,0.0729,0.8354
09:29:16.257,7516.77,E 60 s / 60 s,2.4049,56.0,917504,5.14024,0.0029,0.3023,0.2367,0.3637,0.0016,0.0004,0.5584,0.0142,0.0271,0.0,0.0681,0.8296
09:29:18.257,7518.77,E 60 s / 60 s,2.4406,55.4,917504,5.13354,0.0026,0.2795,0.3212,0.3688,0.0008,0.0004,0.5125,0.0,0.041,0.0,0.0705,0.8434
09:29:20.257,7520.77,E 60 s / 60 s,2.4986,55.4,917504,5.13488,0.0029,0.2851,0.3583,0.3637,0.0008,0.0004,0.5132,0.0071,0.055,0.0,0.0755,0.8367
09:29:22.257,7522.77,E 60 s / 60 s,2.5729,55.4,917504,5.13756,0.0028,0.3796,0.3558,0.3652,0.0008,0.0002,0.539,0.0,0.0205,0.0,0.0661,0.8428
09:29:24.257,7524.77,E 60 s / 60 s,2.5277,54.9,917504,5.14158,0.0026,0.3721,0.3219,0.3768,0.0016,0.0002,0.532,0.0035,0.0259,0.0,0.0668,0.8241
09:29:26.257,7526.77,E 60 s / 60 s,2.369,54.9,917504,5.14694,0.0027,0.303,0.2217,0.375,0.0002,0.0004,0.5442,0.0142,0.0281,0.0,0.0698,0.8097
09:29:28.257,7528.77,E 60 s / 60 s,2.4307,55.4,917504,5.1389,0.0027,0.3543,0.2521,0.3707,0.0016,0.0004,0.5376,0.0,0.0281,0.0,0.0655,0.8177
09:29:30.257,7530.77,E 60 s / 60 s,2.4691,54.3,917504,5.13622,0.0027,0.3057,0.352,0.3635,0.0016,0.0002,0.5164,0.0,0.0313,0.0,0.0725,0.8232
09:29:32.257,7532.77,E 60 s / 60 s,2.3484,54.3,917504,5.14024,0.0034,0.3038,0.2212,0.3633,0.0004,0.0002,0.5356,0.0,0.0357,0.0,0.0673,0.8177
09:29:34.257,7534.77,E 60 s / 60 s,2.4158,54.3,917504,5.14426,0.0032,0.3166,0.2375,0.3702,0.0004,0.0002,0.5777,0.0,0.0324,0.0,0.0666,0.8109
09:29:36.257,7536.77,E 60 s / 60 s,2.5496,53.2,917504,5.1389,0.0029,0.3676,0.2892,0.365,0.001,0.0,0.604,0.0,0.0368,0.0,0.066,0.8171
09:29:38.258,7538.77,E 60 s / 60 s,2.3716,53.8,917504,5.1456,0.0031,0.2804,0.2859,0.366,0.0016,0.0,0.5254,0.0,0.0259,0.0,0.0722,0.8109
09:29:40.258,7540.77,E 60 s / 60 s,2.3576,54.3,917504,5.14292,0.0027,0.3061,0.2238,0.3643,0.0006,0.0004,0.5368,0.0071,0.0389,0.0,0.0729,0.8039
09:29:42.258,7542.77,E 60 s / 60 s,2.502,53.8,917504,5.14158,0.0028,0.3543,0.2551,0.3759,0.0018,0.0004,0.5939,0.0,0.0292,0.0,0.0718,0.8168
09:29:44.262,7544.77,E 60 s / 60 s,2.4757,53.8,917504,5.13622,0.0026,0.3675,0.2882,0.3666,0.0016,0.0,0.5436,0.0036,0.0292,0.0,0.0686,0.8042
09:29:46.258,7546.77,E 60 s / 60 s,2.3786,53.2,917504,5.14292,0.003,0.3069,0.2207,0.3653,0.0008,0.0004,0.5607,0.0071,0.0411,0.0,0.0686,0.8042
09:29:48.258,7548.77,E 60 s / 60 s,2.5039,53.2,917504,5.14292,0.0031,0.3065,0.3383,0.3741,0.0016,0.0002,0.5261,0.0248,0.0378,0.0,0.068,0.8232
09:29:50.267,7550.78,E 60 s / 60 s,6.5097,64.8,917504,4.97274,0.0028,0.4043,0.2208,0.4143,0.0,0.0002,0.5488,0.0104,0.24,0.018,0.0645,4.5855
09:29:52.267,7552.78,E 60 s / 60 s,9.7091,68.1,917504,4.90306,0.0027,0.3525,0.2226,0.4094,0.0004,0.0008,0.5391,0.0,0.156,0.0056,0.0644,7.9557
09:29:54.267,7554.78,E 60 s / 60 s,9.3856,69.7,917504,4.88162,0.0027,0.3716,0.2247,0.4234,0.0008,0.0002,0.5654,0.0,0.3172,0.0056,0.065,7.409
09:29:56.268,7556.78,E 60 s / 60 s,9.5438,71.4,917504,4.88296,0.0027,0.3003,0.2353,0.4177,0.0002,0.0002,0.5721,0.0206,0.3133,0.0145,0.0669,7.6
09:29:58.267,7558.78,E 60 s / 60 s,10.339,72.5,917504,4.9982,0.0031,0.3946,0.3531,0.4214,0.0006,0.0008,0.5422,0.0,0.4195,0.0,0.0617,8.1418
09:30:00.269,7560.78,E 60 s / 60 s,5.9613,70.8,917504,5.02098,0.0031,0.3847,0.357,0.4033,0.0002,0.0002,0.5139,0.0103,0.338,0.0062,0.0624,3.882
09:30:02.267,7562.78,E 60 s / 60 s,9.1304,74.7,917504,4.88296,0.0029,0.3363,0.2317,0.4097,0.0,0.0004,0.5132,0.0,0.4065,0.0112,0.0628,7.1556
09:30:04.267,7564.78,E 60 s / 60 s,9.779,75.2,917504,4.89636,0.0031,0.4249,0.3546,0.4097,0.0032,0.0008,0.5201,0.0136,0.4699,0.0056,0.0639,7.5095
09:30:06.267,7566.78,E 60 s / 60 s,9.8837,73.6,917504,4.88832,0.0031,0.3848,0.2836,0.4267,0.0004,0.0002,0.5943,0.0034,0.3358,0.0,0.0661,7.7853
09:30:08.271,7568.78,E 60 s / 60 s,9.7063,75.2,917504,4.85482,0.0032,0.3864,0.3538,0.4159,0.0012,0.0002,0.5086,0.0,0.4709,0.0012,0.0655,7.4995
09:30:10.277,7570.78,E 60 s / 60 s,8.0815,75.2,917504,4.87894,0.0031,0.3761,0.2839,0.4344,0.0016,0.0002,0.51,0.0068,0.4733,0.0098,0.0632,5.919
09:30:12.271,7572.78,E 60 s / 60 s,10.371,76.8,917504,4.88832,0.0031,0.4411,0.351,0.409,0.0016,0.0002,0.5391,0.0,0.2635,0.0082,0.0638,8.2902
09:30:14.271,7574.78,E 60 s / 60 s,9.8917,76.8,917504,4.86822,0.0033,0.458,0.249,0.3973,0.0006,0.0002,0.5171,0.0,0.2173,0.0027,0.0623,7.9838
09:30:16.271,7576.78,E 60 s / 60 s,10.1241,77.4,917504,4.8575,0.003,0.4222,0.282,0.4076,0.0004,0.0008,0.5296,0.0,0.3081,0.0044,0.0623,8.1036
09:30:18.272,7578.78,E 60 s / 60 s,7.2116,76.8,917504,4.8642,0.0027,0.4743,0.3437,0.4078,0.0008,0.0002,0.5395,0.0034,0.253,0.0026,0.0664,5.1173
09:30:20.271,7580.78,E 60 s / 60 s,8.6427,77.4,917504,4.90038,0.0032,0.4412,0.3558,0.4203,0.0014,0.0002,0.5295,0.0,0.4573,0.0269,0.062,6.3449
09:30:22.271,7582.78,E 60 s / 60 s,7.0025,75.7,917504,4.94058,0.0032,0.3934,0.3504,0.4217,0.0004,0.0008,0.5252,0.0,0.2676,0.0079,0.0613,4.9706
09:30:24.275,7584.78,E 60 s / 60 s,9.7351,79.0,917504,4.88832,0.0029,0.3705,0.2826,0.4248,0.0006,0.0008,0.585,0.0,0.1971,0.0006,0.065,7.8051
09:30:26.275,7586.78,E 60 s / 60 s,8.2264,77.4,917504,4.8843,0.0029,0.4698,0.3459,0.3954,0.001,0.0002,0.5196,0.0,0.3014,0.0006,0.0602,6.1294
09:30:28.279,7588.78,E 60 s / 60 s,8.4499,77.9,917504,4.88832,0.0032,0.4446,0.2185,0.414,0.0006,0.0002,0.5335,0.0,0.2633,0.0065,0.0683,6.4971
09:30:30.275,7590.78,E 60 s / 60 s,8.3935,77.4,917504,4.96068,0.0031,0.3078,0.2792,0.409,0.0008,0.0002,0.5734,0.0034,0.2236,0.0101,0.0645,6.5185
09:30:32.275,7592.78,E 60 s / 60 s,6.9928,77.9,917504,4.94728,0.0025,0.492,0.3351,0.4055,0.0012,0.0002,0.5358,0.0,0.199,0.0044,0.0612,4.9558
09:30:34.276,7594.78,E 60 s / 60 s,8.4412,79.0,917504,4.8642,0.0027,0.494,0.2235,0.4129,0.0016,0.0002,0.5491,0.0137,0.3294,0.0109,0.0633,6.3399
09:30:36.275,7596.78,E 60 s / 60 s,9.7034,77.9,917504,4.86554,0.0031,0.3434,0.2296,0.4076,0.0006,0.0002,0.5329,0.0,0.2313,0.0056,0.0658,7.8833
09:30:38.275,7598.78,E 60 s / 60 s,6.3619,80.1,917504,4.92584,0.0029,0.3958,0.2411,0.4418,0.0032,0.0004,0.5293,0.0,0.4805,0.0124,0.0638,4.1907
09:30:40.275,7600.78,E 60 s / 60 s,7.3593,80.1,917504,4.97274,0.003,0.3941,0.2496,0.4039,0.0032,0.0004,0.5858,0.0,0.2734,0.0044,0.0661,5.3753
09:30:42.276,7602.78,E 60 s / 60 s,7.981,80.7,917504,4.88698,0.0031,0.3577,0.2486,0.4162,0.0018,0.0008,0.5038,0.0,0.285,0.0056,0.0617,6.0967
09:30:44.275,7604.78,E 60 s / 60 s,7.5752,79.6,917504,4.99552,0.0031,0.4819,0.2821,0.4247,0.0032,0.0004,0.5883,0.0102,0.2311,0.0091,0.0631,5.478
09:30:46.276,7606.78,E 60 s / 60 s,9.418,79.0,917504,4.8575,0.0032,0.3442,0.2321,0.4089,0.0018,0.0008,0.5683,0.0,0.3049,0.0116,0.0632,7.4791
09:30:48.275,7608.79,E 60 s / 60 s,10.0821,80.1,917504,4.96738,0.0039,0.4157,0.2834,0.4255,0.0016,0.0008,0.5377,0.0,0.2662,0.0035,0.0631,8.0805
09:30:50.272,7610.79,E 60 s / 60 s,3.4473,70.8,917504,5.0987,0.0031,0.2974,0.3536,0.3772,0.0012,0.0002,0.5164,0.0,0.0303,0.0,0.0642,1.8036
09:30:52.272,7612.79,E 60 s / 60 s,3.2478,67.0,917504,5.10138,0.0028,0.2976,0.2221,0.3791,0.0004,0.0004,0.5391,0.0,0.0324,0.0,0.0701,1.7037
09:30:54.273,7614.79,E 60 s / 60 s,2.553,65.3,917504,5.12818,0.0031,0.2999,0.287,0.3688,0.0014,0.0004,0.5086,0.0035,0.027,0.0,0.069,0.9843
09:30:56.273,7616.79,E 60 s / 60 s,2.458,63.1,917504,5.13354,0.0031,0.3013,0.2259,0.3635,0.0018,0.0004,0.535,0.0,0.0281,0.0,0.066,0.9329
09:30:58.273,7618.79,E 60 s / 60 s,2.4867,60.9,917504,5.14024,0.0031,0.3004,0.2257,0.3618,0.002,0.0002,0.5624,0.0,0.0389,0.0,0.0728,0.9193
09:31:00.277,7620.79,E 60 s / 60 s,2.5386,60.4,917504,5.13622,0.0031,0.3234,0.2355,0.3661,0.0004,0.0004,0.6003,0.0,0.0334,0.0,0.0691,0.9068
09:31:02.273,7622.79,E 60 s / 60 s,2.5202,58.2,917504,5.13622,0.0028,0.3009,0.3483,0.3614,0.0008,0.0002,0.5226,0.0,0.0206,0.0,0.0686,0.8939
09:31:04.273,7624.79,E 60 s / 60 s,2.3944,58.7,917504,5.13354,0.003,0.2788,0.2677,0.3529,0.0018,0.0002,0.5164,0.0,0.0302,0.0,0.069,0.8743
09:31:06.273,7626.79,E 60 s / 60 s,2.5367,58.7,917504,5.1322,0.0031,0.3008,0.3552,0.3609,0.0016,0.0002,0.5326,0.0035,0.0325,0.0,0.0717,0.8746
09:31:08.273,7628.79,E 60 s / 60 s,2.6025,57.6,917504,5.13354,0.0031,0.3514,0.3848,0.3634,0.0002,0.0,0.5358,0.0035,0.028,0.0,0.0705,0.8618
09:31:10.273,7630.79,E 60 s / 60 s,2.3801,57.1,917504,5.13354,0.0025,0.2807,0.2212,0.3697,0.0016,0.0002,0.5333,0.0035,0.0281,0.0,0.0711,0.8682
09:31:12.273,7632.79,E 60 s / 60 s,2.4262,57.1,917504,5.1389,0.0029,0.3011,0.2227,0.3721,0.0008,0.0004,0.5388,0.0141,0.0562,0.0,0.0672,0.8499
09:31:14.273,7634.79,E 60 s / 60 s,2.4441,56.0,917504,5.1389,0.0029,0.352,0.2519,0.3633,0.0004,0.0002,0.5426,0.0,0.0282,0.0,0.0672,0.8354
09:31:16.273,7636.79,E 60 s / 60 s,2.6191,56.5,917504,5.1389,0.0027,0.3528,0.2886,0.3741,0.0016,0.0,0.5842,0.0035,0.0304,0.0,0.0679,0.9132
09:31:18.273,7638.79,E 60 s / 60 s,2.6481,55.4,917504,5.1389,0.0031,0.3629,0.2892,0.367,0.0032,0.0002,0.5421,0.0,0.0335,0.0,0.0698,0.9772
09:31:20.273,7640.79,E 60 s / 60 s,2.3696,56.5,917504,5.13354,0.0031,0.3021,0.2208,0.3592,0.0032,0.0,0.5422,0.0,0.0421,0.0,0.0672,0.8296
09:31:22.274,7642.79,E 60 s / 60 s,2.4204,56.0,917504,5.1389,0.0031,0.3028,0.236,0.3684,0.0016,0.0,0.5648,0.0071,0.0282,0.0,0.0723,0.836
09:31:24.274,7644.79,E 60 s / 60 s,2.4491,54.3,917504,5.13622,0.0033,0.3046,0.3407,0.367,0.0,0.0,0.5004,0.0,0.0292,0.0,0.0668,0.837
09:31:26.274,7646.79,E 60 s / 60 s,2.3374,55.4,917504,5.14694,0.0031,0.282,0.223,0.3615,0.0002,0.0004,0.5445,0.0035,0.0291,0.0,0.073,0.8171
09:31:28.274,7648.79,E 60 s / 60 s,2.4465,54.9,917504,5.1389,0.0031,0.3535,0.2517,0.3633,0.0008,0.0002,0.5349,0.0035,0.0421,0.0,0.0699,0.8235
09:31:30.274,7650.79,E 60 s / 60 s,2.4318,54.9,917504,5.14694,0.0031,0.3045,0.2291,0.3689,0.0006,0.0004,0.5883,0.0035,0.0358,0.0,0.0679,0.8296
09:31:32.274,7652.79,E 60 s / 60 s,2.4529,54.9,917504,5.14024,0.0028,0.3064,0.3588,0.3653,0.0004,0.0002,0.5067,0.0071,0.0259,0.0,0.0686,0.8106
09:31:34.274,7654.79,E 60 s / 60 s,2.4012,54.3,917504,5.14024,0.0032,0.3029,0.2354,0.3671,0.0032,0.0,0.5637,0.0,0.0379,0.0,0.0648,0.8229
09:31:36.274,7656.79,E 60 s / 60 s,2.5361,54.3,917504,5.14292,0.0029,0.38,0.3578,0.3599,0.0,0.0002,0.5196,0.0,0.0248,0.0,0.0681,0.8229
09:31:38.274,7658.79,E 60 s / 60 s,2.4642,54.3,917504,5.13756,0.0031,0.3046,0.3495,0.3661,0.0004,0.0004,0.5236,0.0,0.0227,0.0,0.0706,0.8232
09:31:40.274,7660.79,E 60 s / 60 s,2.4167,54.3,917504,5.13622,0.0026,0.3047,0.324,0.3706,0.0004,0.0002,0.4989,0.0106,0.027,0.0,0.0667,0.8109
09:31:42.274,7662.79,E 60 s / 60 s,2.4232,53.8,917504,5.14962,0.003,0.3808,0.2373,0.3635,0.0008,0.0004,0.5383,0.0,0.0314,0.0,0.0705,0.7972
09:31:44.274,7664.79,E 60 s / 60 s,2.4546,54.3,917504,5.14024,0.0027,0.3052,0.3513,0.3619,0.0008,0.0004,0.5232,0.0142,0.0259,0.0,0.0706,0.7984
09:31:46.274,7666.79,E 60 s / 60 s,2.3433,53.2,917504,5.14292,0.0026,0.3051,0.2223,0.3615,0.0006,0.0,0.5394,0.0107,0.0291,0.0,0.0673,0.8048
09:31:48.278,7668.79,E 60 s / 60 s,2.4777,53.8,917504,5.14292,0.0029,0.3047,0.3571,0.3637,0.0008,0.0004,0.5221,0.0036,0.0399,0.0,0.0722,0.8103
09:31:50.279,7670.79,E 60 s / 60 s,10.0144,63.1,917504,4.90976,0.0029,0.4149,0.2853,0.4064,0.0004,0.0008,0.5718,0.0,0.2934,0.0021,0.0683,7.9682
09:31:52.280,7672.79,E 60 s / 60 s,9.3115,65.9,917504,4.97274,0.0029,0.3032,0.2372,0.41,0.0016,0.0002,0.5358,0.0,0.2661,0.0103,0.0645,7.4797
09:31:54.279,7674.79,E 60 s / 60 s,7.1558,68.1,917504,4.92986,0.0029,0.4012,0.3457,0.4346,0.0008,0.0004,0.5021,0.0174,0.5161,0.0059,0.068,4.8606
09:31:56.280,7676.79,E 60 s / 60 s,7.2683,70.8,917504,4.89234,0.0032,0.3262,0.2311,0.406,0.0016,0.0002,0.5151,0.0,0.1915,0.0059,0.0646,5.523
09:31:58.283,7678.79,E 60 s / 60 s,7.6773,71.9,917504,4.97408,0.0029,0.3122,0.3546,0.4267,0.0002,0.0002,0.5013,0.0,0.4934,0.0121,0.0686,5.5053
09:32:00.279,7680.79,E 60 s / 60 s,9.8076,72.5,917504,4.8977,0.0031,0.3726,0.3589,0.4096,0.0008,0.0002,0.5326,0.0,0.1967,0.0092,0.0624,7.8614
09:32:02.279,7682.79,E 60 s / 60 s,9.41,73.6,917504,4.88698,0.0032,0.3051,0.2325,0.4195,0.0006,0.0002,0.5286,0.0,0.1995,0.0062,0.0625,7.6521
09:32:04.281,7684.79,E 60 s / 60 s,7.5537,74.1,917504,4.91512,0.0033,0.4493,0.3376,0.4255,0.0016,0.0002,0.5327,0.0104,0.4046,0.0106,0.0646,5.3132
09:32:06.279,7686.79,E 60 s / 60 s,9.4083,74.7,917504,4.88698,0.003,0.3379,0.2491,0.4337,0.0016,0.0008,0.507,0.0273,0.2804,0.0086,0.0627,7.4961
09:32:08.279,7688.79,E 60 s / 60 s,9.836,75.7,917504,4.88698,0.0031,0.3966,0.2328,0.3949,0.001,0.0002,0.5786,0.0,0.1895,0.0115,0.0662,7.9616
09:32:10.279,7690.79,E 60 s / 60 s,6.8448,76.3,917504,4.98078,0.003,0.4122,0.2299,0.407,0.0006,0.0002,0.5915,0.0,0.2054,0.0118,0.0628,4.9204
09:32:12.279,7692.79,E 60 s / 60 s,9.7726,76.3,917504,4.8642,0.0035,0.3722,0.3524,0.4247,0.0006,0.0008,0.5196,0.0,0.407,0.0153,0.0626,7.6138
09:32:14.279,7694.79,E 60 s / 60 s,9.3941,76.3,917504,4.99284,0.0029,0.3398,0.2324,0.4177,0.0032,0.0002,0.585,0.0035,0.2324,0.003,0.0609,7.5131
09:32:16.281,7696.79,E 60 s / 60 s,6.1748,75.7,917504,5.00356,0.0031,0.3972,0.2869,0.4282,0.0016,0.0002,0.5139,0.0,0.2695,0.015,0.0645,4.1947
09:32:18.280,7698.79,E 60 s / 60 s,10.2542,76.8,917504,5.00624,0.003,0.3981,0.3536,0.4185,0.0018,0.0008,0.5313,0.0,0.2746,0.005,0.0645,8.203
09:32:20.283,7700.79,E 60 s / 60 s,9.207,77.4,917504,4.85482,0.0035,0.3219,0.2241,0.3865,0.0004,0.0004,0.5615,0.0034,0.1308,0.0056,0.0656,7.5031
09:32:22.283,7702.79,E 60 s / 60 s,8.439,75.7,917504,4.8843,0.0032,0.3001,0.2228,0.4287,0.0024,0.0002,0.5329,0.0,0.4799,0.0101,0.0615,6.3972
09:32:24.283,7704.79,E 60 s / 60 s,8.9932,79.0,917504,4.8441,0.003,0.3456,0.2214,0.4196,0.0004,0.0008,0.5398,0.0102,0.2709,0.0033,0.0631,7.1152
09:32:26.284,7706.79,E 60 s / 60 s,9.8895,77.9,917504,4.87626,0.0034,0.3421,0.318,0.4119,0.0006,0.0002,0.5681,0.0069,0.3366,0.0053,0.0654,7.8311
09:32:28.282,7708.79,E 60 s / 60 s,6.3872,76.8,917504,5.0786,0.0032,0.4237,0.2844,0.37,0.0006,0.0002,0.5395,0.0,0.0334,0.0,0.0642,4.6681
09:32:30.287,7710.8,E 60 s / 60 s,9.9926,77.9,917504,4.85482,0.0032,0.4145,0.3535,0.4002,0.0008,0.0002,0.5356,0.0,0.2314,0.0059,0.0634,7.9838
09:32:32.287,7712.8,E 60 s / 60 s,7.0106,78.5,917504,4.86956,0.0032,0.394,0.2328,0.4118,0.0,0.0002,0.5782,0.0,0.1993,0.003,0.0656,5.1225
09:32:34.287,7714.8,E 60 s / 60 s,9.518,76.8,917504,4.9781,0.0033,0.3948,0.2494,0.3823,0.0028,0.0008,0.5951,0.0,0.3311,0.0071,0.0623,7.4891
09:32:36.287,7716.8,E 60 s / 60 s,9.8647,78.5,917504,5.0116,0.0033,0.3448,0.2231,0.4094,0.0004,0.0004,0.5813,0.0,0.1989,0.0106,0.0628,8.0297
09:32:38.291,7718.8,E 60 s / 60 s,10.0731,79.0,917504,4.94728,0.0027,0.4327,0.2221,0.4017,0.0008,0.0002,0.5107,0.0,0.2011,0.0062,0.0638,8.2311
09:32:40.291,7720.8,E 60 s / 60 s,7.203,77.9,917504,4.97274,0.003,0.4545,0.2831,0.3932,0.0,0.0008,0.5326,0.0,0.1642,0.0023,0.067,5.3022
09:32:42.291,7722.8,E 60 s / 60 s,9.8708,77.9,917504,4.8776,0.0031,0.2948,0.3438,0.4244,0.0016,0.0004,0.5229,0.0102,0.477,0.0098,0.0656,7.7172
09:32:44.292,7724.8,E 60 s / 60 s,6.481,79.0,917504,4.87894,0.0032,0.3085,0.2821,0.4058,0.0016,0.0002,0.5875,0.0,0.0226,0.0,0.0668,4.8028
09:32:46.296,7726.8,E 60 s / 60 s,8.7588,79.6,917504,4.85482,0.0029,0.4198,0.2824,0.4032,0.0004,0.0002,0.6073,0.0204,0.4741,0.0213,0.0624,6.4644
09:32:48.295,7728.8,E 60 s / 60 s,10.3832,79.0,917504,4.97408,0.0037,0.3924,0.2322,0.402,0.0006,0.0002,0.581,0.0,0.1978,0.0003,0.0642,8.5088
09:32:50.291,7730.8,E 60 s / 60 s,3.6071,70.8,917504,5.10272,0.0029,0.3498,0.3825,0.3766,0.0016,0.0008,0.5713,0.007,0.0282,0.0,0.0681,1.8183
09:32:52.291,7732.8,E 60 s / 60 s,3.3045,68.6,917504,5.11344,0.0028,0.3003,0.2851,0.3707,0.0034,0.0008,0.5093,0.0,0.0421,0.0,0.0632,1.7267
09:32:54.291,7734.8,E 60 s / 60 s,2.6433,64.8,917504,5.1121,0.0032,0.3005,0.3395,0.3679,0.0008,0.0004,0.5201,0.0105,0.0324,0.0,0.0646,1.0033
09:32:56.291,7736.8,E 60 s / 60 s,3.0032,63.1,917504,5.12416,0.0028,0.2998,0.3453,0.3613,0.0012,0.0002,0.5034,0.0,0.0347,0.0,0.0653,1.3891
09:32:58.291,7738.8,E 60 s / 60 s,2.4955,60.9,917504,5.14024,0.0026,0.3011,0.2293,0.3591,0.001,0.0004,0.5818,0.0,0.0281,0.0,0.066,0.9261
09:33:00.291,7740.8,E 60 s / 60 s,2.5608,59.8,917504,5.12818,0.0025,0.3517,0.2526,0.3602,0.0016,0.0004,0.5864,0.0035,0.0271,0.0,0.068,0.9068
09:33:02.292,7742.8,E 60 s / 60 s,2.5636,59.8,917504,5.13622,0.003,0.302,0.3567,0.3696,0.0004,0.0004,0.5344,0.0,0.0282,0.0,0.0686,0.9004
09:33:04.292,7744.8,E 60 s / 60 s,2.4499,57.6,917504,5.1389,0.0028,0.2782,0.2959,0.3617,0.0016,0.0002,0.5327,0.0035,0.0302,0.0,0.0691,0.874
09:33:06.292,7746.8,E 60 s / 60 s,2.5332,58.7,917504,5.14024,0.0025,0.3021,0.3571,0.3584,0.0016,0.0004,0.5393,0.0035,0.0356,0.0,0.0647,0.8679
09:33:08.292,7748.8,E 60 s / 60 s,2.5981,57.6,917504,5.13354,0.0031,0.3517,0.3873,0.3661,0.0004,0.0004,0.5324,0.0,0.027,0.0,0.0679,0.8618
09:33:10.292,7750.8,E 60 s / 60 s,2.3557,57.6,917504,5.1456,0.0031,0.2793,0.2341,0.3602,0.0016,0.0004,0.5349,0.0,0.0304,0.0,0.0692,0.8425
09:33:12.292,7752.8,E 60 s / 60 s,2.3739,56.5,917504,5.14292,0.0035,0.3025,0.2227,0.36,0.0036,0.0004,0.5287,0.0106,0.0282,0.0,0.0647,0.8489
09:33:14.292,7754.8,E 60 s / 60 s,2.448,57.1,917504,5.12148,0.0029,0.3021,0.3228,0.3654,0.001,0.0,0.4973,0.0141,0.0281,0.0,0.0711,0.8431
09:33:16.292,7756.8,E 60 s / 60 s,2.3552,56.0,917504,5.1456,0.0033,0.2784,0.2219,0.3697,0.0002,0.0004,0.5174,0.0,0.0335,0.0,0.0686,0.8618
09:33:18.292,7758.8,E 60 s / 60 s,2.5993,55.4,917504,5.13622,0.0028,0.3042,0.3583,0.3654,0.0,0.0004,0.5317,0.0,0.0399,0.0,0.0654,0.9313
09:33:20.292,7760.8,E 60 s / 60 s,2.3526,56.0,917504,5.1456,0.0029,0.2831,0.2536,0.3602,0.0008,0.0004,0.5164,0.0035,0.0249,0.0,0.0703,0.8364
09:33:22.292,7762.8,E 60 s / 60 s,2.3603,55.4,917504,5.14292,0.0027,0.2818,0.2263,0.3715,0.0004,0.0002,0.5333,0.0106,0.0369,0.0,0.0731,0.8235
09:33:24.292,7764.8,E 60 s / 60 s,2.5576,54.9,917504,5.14292,0.0026,0.3734,0.3552,0.3619,0.0016,0.0,0.5361,0.0,0.0259,0.0021,0.0697,0.829
09:33:26.292,7766.81,E 60 s / 60 s,2.4518,54.3,917504,5.14024,0.0025,0.3044,0.3568,0.36,0.0016,0.0,0.51,0.0035,0.0248,0.0,0.0706,0.8177
09:33:28.292,7768.81,E 60 s / 60 s,2.3122,54.9,917504,5.14426,0.0036,0.2799,0.2208,0.3652,0.0006,0.0004,0.5349,0.0,0.028,0.0,0.0685,0.8103
09:33:30.293,7770.81,E 60 s / 60 s,2.4541,54.3,917504,5.13354,0.0029,0.3671,0.2557,0.365,0.0008,0.0004,0.5394,0.0,0.027,0.0,0.0662,0.8296
09:33:32.293,7772.81,E 60 s / 60 s,2.4311,54.9,917504,5.13622,0.0029,0.3064,0.3227,0.3654,0.0004,0.0002,0.5125,0.0107,0.0271,0.0,0.0661,0.8168
09:33:34.293,7774.81,E 60 s / 60 s,2.3521,54.3,917504,5.14292,0.0031,0.305,0.2373,0.3637,0.0016,0.0,0.5356,0.0,0.0324,0.0,0.0698,0.8036
09:33:36.293,7776.81,E 60 s / 60 s,2.4895,54.9,917504,5.1389,0.0031,0.3534,0.2533,0.3689,0.0006,0.0004,0.5961,0.0,0.0269,0.0,0.0704,0.8164
09:33:38.293,7778.81,E 60 s / 60 s,2.3378,54.3,917504,5.14024,0.0027,0.3062,0.2545,0.3643,0.0002,0.0004,0.5107,0.0035,0.0259,0.0,0.0718,0.7975
09:33:40.293,7780.81,E 60 s / 60 s,2.3822,53.8,917504,5.14292,0.0025,0.3318,0.2363,0.36,0.0016,0.0002,0.5574,0.0035,0.0216,0.0,0.0698,0.7975
09:33:42.293,7782.81,E 60 s / 60 s,2.4845,53.2,917504,5.14158,0.0028,0.3796,0.2875,0.363,0.0006,0.0004,0.5333,0.0,0.0303,0.0,0.0706,0.8164
09:33:44.293,7784.81,E 60 s / 60 s,2.5448,53.8,917504,5.14694,0.0031,0.3803,0.3401,0.3649,0.0008,0.0,0.5318,0.0036,0.0378,0.0,0.0718,0.8106
09:33:46.293,7786.81,E 60 s / 60 s,2.3974,53.2,917504,5.14158,0.0026,0.3044,0.2371,0.3602,0.0,0.0004,0.5907,0.0,0.0269,0.0,0.0648,0.8103
09:33:48.293,7788.81,E 60 s / 60 s,2.4218,53.8,917504,5.1389,0.0027,0.355,0.2534,0.3688,0.0008,0.0004,0.535,0.0036,0.0248,0.0,0.0674,0.81
09:33:50.296,7790.81,E 60 s / 60 s,9.4043,62.6,917504,4.95264,0.0028,0.3573,0.3546,0.4146,0.0008,0.0004,0.5063,0.0,0.3332,0.0103,0.0657,7.3583
09:33:52.298,7792.81,E 60 s / 60 s,4.4497,65.3,917504,5.024999,0.0029,0.3606,0.2226,0.4007,0.0002,0.0004,0.5908,0.0,0.2564,0.003,0.0679,2.5442
09:33:54.295,7794.81,E 60 s / 60 s,9.5899,69.2,917504,4.92986,0.0027,0.3531,0.2519,0.4131,0.0016,0.0002,0.5908,0.0208,0.2982,0.0106,0.0666,7.5803
09:33:56.299,7796.81,E 60 s / 60 s,10.1716,70.3,917504,4.88564,0.0037,0.4014,0.2497,0.4371,0.0032,0.0002,0.5911,0.0035,0.479,0.0,0.0668,7.9359
09:33:58.299,7798.81,E 60 s / 60 s,8.8623,71.9,917504,4.90842,0.0031,0.3807,0.3546,0.4304,0.0016,0.0002,0.5487,0.0,0.4408,0.0009,0.0671,6.6342
09:34:00.297,7800.81,E 60 s / 60 s,7.5505,71.4,917504,4.90976,0.0029,0.4247,0.251,0.4252,0.0008,0.0008,0.5361,0.0034,0.4526,0.0109,0.0661,5.3761
09:34:02.295,7802.81,E 60 s / 60 s,9.7626,73.0,917504,5.10272,0.0031,0.4275,0.2855,0.409,0.0006,0.0,0.5886,0.0035,0.3176,0.0148,0.0675,7.6449
09:34:04.299,7804.81,E 60 s / 60 s,10.086,73.6,917504,4.96738,0.0027,0.3022,0.2245,0.4041,0.0016,0.0008,0.5834,0.0137,0.2146,0.0151,0.0669,8.2565
09:34:06.295,7806.81,E 60 s / 60 s,8.0028,74.7,917504,4.99016,0.0029,0.475,0.251,0.434,0.0008,0.0002,0.5684,0.0,0.4044,0.0115,0.0655,5.789
09:34:08.295,7808.81,E 60 s / 60 s,7.4547,74.7,917504,4.87492,0.0031,0.4036,0.2334,0.4468,0.0002,0.0004,0.5681,0.0,0.4545,0.0044,0.0667,5.2735
09:34:10.295,7810.81,E 60 s / 60 s,7.6011,74.7,917504,4.97274,0.0029,0.4836,0.2367,0.4287,0.0004,0.0002,0.5317,0.0,0.4474,0.0145,0.0653,5.3897
09:34:12.294,7812.81,E 60 s / 60 s,6.5537,75.2,917504,5.08932,0.0026,0.3114,0.2315,0.3879,0.0008,0.0004,0.6133,0.0,0.0323,0.0,0.0686,4.9049
09:34:14.295,7814.81,E 60 s / 60 s,6.7947,77.4,917504,4.87224,0.0031,0.4589,0.2844,0.4052,0.0004,0.0004,0.5365,0.0,0.1967,0.0059,0.0623,4.8408
09:34:16.299,7816.81,E 60 s / 60 s,8.4972,76.8,917504,4.97408,0.0023,0.3944,0.25,0.43,0.0004,0.0002,0.5139,0.0,0.4363,0.0091,0.0621,6.3984
09:34:18.299,7818.81,E 60 s / 60 s,6.3897,77.4,917504,4.87492,0.003,0.3713,0.2856,0.4226,0.0016,0.0008,0.5007,0.0034,0.3181,0.015,0.0614,4.4061
09:34:20.299,7820.81,E 60 s / 60 s,9.0183,76.3,917504,4.98346,0.0031,0.4451,0.3372,0.4076,0.0008,0.0004,0.5123,0.0035,0.2323,0.0083,0.0617,7.0061
09:34:22.298,7822.81,E 60 s / 60 s,7.7563,77.4,917504,5.08396,0.0031,0.3468,0.2501,0.4038,0.0002,0.0004,0.5336,0.0138,0.025,0.0053,0.066,6.1082
09:34:24.299,7824.81,E 60 s / 60 s,9.9465,77.9,917504,4.88028,0.0033,0.3426,0.2812,0.3848,0.0006,0.0002,0.5035,0.0,0.1318,0.0012,0.0639,8.2334
09:34:26.300,7826.81,E 60 s / 60 s,9.8074,78.5,917504,5.00088,0.0027,0.3465,0.3353,0.4095,0.0012,0.0004,0.5164,0.0,0.3344,0.0021,0.06,7.7989
09:34:28.303,7828.81,E 60 s / 60 s,9.2786,79.0,917504,4.99418,0.003,0.3517,0.2367,0.4424,0.0008,0.0008,0.5423,0.0069,0.2782,0.0053,0.0645,7.346
09:34:30.299,7830.81,E 60 s / 60 s,5.1151,77.4,917504,4.99954,0.0033,0.3009,0.2504,0.4007,0.0006,0.0002,0.6326,0.0,0.3665,0.0047,0.0667,3.0885
09:34:32.299,7832.81,E 60 s / 60 s,9.8612,79.0,917504,4.86956,0.003,0.3062,0.3513,0.3857,0.0012,0.0002,0.5298,0.0,0.2332,0.0,0.0617,7.9888
09:34:34.299,7834.81,E 60 s / 60 s,10.2506,79.0,917504,4.84812,0.0032,0.4447,0.249,0.4081,0.0012,0.0002,0.5298,0.0034,0.3354,0.003,0.0648,8.2078
09:34:36.302,7836.81,E 60 s / 60 s,9.8229,78.5,917504,4.86018,0.0035,0.3214,0.2835,0.4217,0.0008,0.0004,0.5318,0.0,0.4556,0.0,0.0606,7.7435
09:34:38.300,7838.81,E 60 s / 60 s,7.6105,79.0,917504,4.86152,0.0036,0.3895,0.3524,0.4354,0.0004,0.0008,0.5456,0.0408,0.3949,0.0077,0.0643,5.3751
09:34:40.298,7840.81,E 60 s / 60 s,8.4728,78.5,917504,5.00356,0.0032,0.4745,0.221,0.3979,0.0008,0.0,0.5361,0.0136,0.2755,0.0065,0.0629,6.4808
09:34:42.299,7842.81,E 60 s / 60 s,9.2795,79.0,917504,5.08664,0.0035,0.3249,0.2227,0.4177,0.0012,0.0002,0.5395,0.0103,0.4058,0.0068,0.0667,7.2802
09:34:44.304,7844.81,E 60 s / 60 s,10.2589,80.1,917504,4.86018,0.0029,0.3479,0.2293,0.4043,0.0006,0.0002,0.5777,0.0068,0.113,0.0,0.0671,8.5091
09:34:46.303,7846.81,E 60 s / 60 s,8.2679,79.6,917504,4.94058,0.003,0.3708,0.2231,0.4362,0.0016,0.0004,0.539,0.0,0.465,0.013,0.0654,6.1504
09:34:48.305,7848.81,E 60 s / 60 s,6.9267,79.6,917504,4.92986,0.0028,0.4062,0.2483,0.4716,0.0016,0.0002,0.5713,0.0,0.5051,0.0065,0.0639,4.6492
09:34:50.299,7850.81,E 60 s / 60 s,3.4292,71.9,917504,5.09334,0.0026,0.2976,0.2236,0.375,0.0016,0.0002,0.5898,0.0035,0.0335,0.0,0.068,1.8336
09:34:52.299,7852.81,E 60 s / 60 s,3.3414,68.1,917504,5.11076,0.003,0.2833,0.3212,0.3738,0.0008,0.0004,0.5229,0.0,0.0291,0.0,0.065,1.7419
09:34:54.299,7854.81,E 60 s / 60 s,2.5683,65.3,917504,5.12818,0.0035,0.2981,0.2372,0.3626,0.0012,0.0002,0.5756,0.0,0.028,0.0,0.0653,0.9965
09:34:56.299,7856.81,E 60 s / 60 s,2.6236,63.1,917504,5.12416,0.0031,0.3008,0.3558,0.3672,0.0008,0.0004,0.5394,0.0,0.0291,0.0,0.0684,0.9586
09:34:58.300,7858.81,E 60 s / 60 s,2.4577,61.5,917504,5.14024,0.003,0.2797,0.2267,0.3581,0.0006,0.0002,0.5394,0.0035,0.0519,0.0,0.0684,0.9261
09:35:00.300,7860.81,E 60 s / 60 s,2.5811,60.9,917504,5.13622,0.0032,0.3637,0.2872,0.3652,0.0016,0.0002,0.5324,0.0071,0.0292,0.0,0.0705,0.9207
09:35:02.300,7862.81,E 60 s / 60 s,2.5382,60.4,917504,5.1188,0.0027,0.2902,0.3216,0.3724,0.0018,0.0002,0.5422,0.0035,0.0325,0.0,0.0703,0.9007
09:35:04.300,7864.81,E 60 s / 60 s,2.4231,59.3,917504,5.13488,0.0029,0.3018,0.2219,0.3631,0.0008,0.0002,0.5397,0.0035,0.0326,0.0,0.0691,0.8875
09:35:06.300,7866.81,E 60 s / 60 s,2.4863,59.3,917504,5.14024,0.0031,0.3148,0.2363,0.367,0.0016,0.0002,0.59,0.0,0.0411,0.0,0.0647,0.8676
09:35:08.300,7868.81,E 60 s / 60 s,2.4676,58.2,917504,5.13488,0.0034,0.282,0.2875,0.3679,0.0018,0.0002,0.5527,0.0035,0.0293,0.0,0.0653,0.874
09:35:10.300,7870.81,E 60 s / 60 s,2.4174,57.1,917504,5.13354,0.0037,0.3021,0.2279,0.3733,0.0014,0.0004,0.5398,0.0,0.0325,0.0,0.0678,0.8685
09:35:12.300,7872.81,E 60 s / 60 s,2.5956,57.1,917504,5.1389,0.0026,0.3734,0.3558,0.3673,0.0002,0.0002,0.5454,0.0,0.0183,0.0,0.0705,0.8618
09:35:14.300,7874.81,E 60 s / 60 s,2.4322,57.1,917504,5.14024,0.0027,0.2903,0.2881,0.3643,0.0006,0.0004,0.533,0.0071,0.027,0.0,0.0698,0.8489
09:35:16.304,7876.81,E 60 s / 60 s,2.3555,56.5,917504,5.13354,0.0027,0.2841,0.222,0.3643,0.0006,0.0002,0.5377,0.0,0.0259,0.0,0.0691,0.8489
09:35:18.300,7878.81,E 60 s / 60 s,2.4539,56.5,917504,5.12282,0.0027,0.3523,0.2546,0.3667,0.0006,0.0004,0.5358,0.0,0.0249,0.0,0.0672,0.8486
09:35:20.300,7880.81,E 60 s / 60 s,2.3517,56.0,917504,5.13488,0.0025,0.2757,0.2544,0.3638,0.0006,0.0,0.5131,0.0,0.0357,0.0,0.0699,0.836
09:35:22.300,7882.81,E 60 s / 60 s,2.4164,56.0,917504,5.1389,0.0025,0.3038,0.2241,0.3755,0.0006,0.0004,0.5764,0.0,0.0357,0.0,0.0679,0.8296
09:35:24.300,7884.81,E 60 s / 60 s,2.5132,55.4,917504,5.12282,0.0029,0.304,0.3568,0.3637,0.0016,0.0002,0.5389,0.0,0.0303,0.0,0.066,0.8489
09:35:26.301,7886.81,E 60 s / 60 s,2.7892,54.9,917504,5.14024,0.0026,0.2847,0.2881,0.3653,0.0002,0.0,0.51,0.0,0.0238,0.0,0.0729,1.2417
09:35:28.301,7888.81,E 60 s / 60 s,2.5926,54.9,917504,5.14292,0.0027,0.3045,0.2274,0.3655,0.0008,0.0004,0.5911,0.0142,0.0313,0.0,0.0704,0.9843
09:35:30.301,7890.81,E 60 s / 60 s,2.6676,54.3,917504,5.1389,0.0029,0.3043,0.3571,0.3603,0.0008,0.0002,0.5358,0.0035,0.1584,0.0,0.0699,0.8743
09:35:32.301,7892.81,E 60 s / 60 s,2.3755,54.9,917504,5.1456,0.0025,0.277,0.2881,0.3749,0.0006,0.0,0.5075,0.0106,0.0238,0.0,0.0729,0.8177
09:35:34.301,7894.81,E 60 s / 60 s,2.3715,54.9,917504,5.14292,0.0035,0.3055,0.2231,0.365,0.0006,0.0004,0.5615,0.0035,0.0184,0.0,0.0736,0.8164
09:35:36.301,7896.81,E 60 s / 60 s,2.4293,54.3,917504,5.14024,0.0028,0.3293,0.2528,0.3738,0.0008,0.0,0.5391,0.0035,0.0366,0.0,0.0673,0.8232
09:35:38.305,7898.81,E 60 s / 60 s,2.3015,54.9,917504,5.14292,0.0025,0.2774,0.2354,0.3653,0.0016,0.0004,0.5069,0.0,0.0238,0.0,0.0711,0.8171
09:35:40.301,7900.81,E 60 s / 60 s,2.3371,54.9,917504,5.14292,0.0028,0.2799,0.2211,0.3643,0.0004,0.0002,0.5336,0.0106,0.0173,0.0,0.0698,0.837
09:35:42.301,7902.81,E 60 s / 60 s,2.5642,54.9,917504,5.14426,0.0029,0.3674,0.3581,0.3567,0.0008,0.0002,0.5426,0.0,0.0315,0.0,0.0681,0.836
09:35:44.301,7904.81,E 60 s / 60 s,2.3243,54.3,917504,5.1456,0.0027,0.2782,0.2367,0.3608,0.0008,0.0002,0.5368,0.0,0.0302,0.0,0.0735,0.8042
09:35:46.301,7906.81,E 60 s / 60 s,2.5058,54.3,917504,5.14694,0.003,0.3559,0.2547,0.3738,0.0008,0.0,0.5951,0.0071,0.0357,0.0,0.0686,0.8112
09:35:48.301,7908.81,E 60 s / 60 s,2.4785,54.9,917504,5.14024,0.0027,0.3069,0.3591,0.3637,0.0016,0.0,0.5326,0.0,0.0195,0.0,0.0692,0.8232
09:35:50.303,7910.81,E 60 s / 60 s,9.6676,63.1,917504,5.02634,0.0025,0.3518,0.2876,0.4244,0.0016,0.0002,0.5408,0.0,0.3323,0.0065,0.0674,7.6525
09:35:52.303,7912.81,E 60 s / 60 s,6.8161,68.6,917504,4.97944,0.0029,0.4004,0.3542,0.3865,0.0012,0.0008,0.5293,0.0411,0.0924,0.0038,0.0632,4.94
09:35:54.304,7914.81,E 60 s / 60 s,8.4657,68.6,917504,4.90976,0.0029,0.4013,0.2857,0.413,0.0006,0.0002,0.5391,0.0,0.2326,0.0015,0.0657,6.5231
09:35:56.310,7916.81,E 60 s / 60 s,9.5608,70.8,917504,4.87626,0.003,0.3652,0.2849,0.4004,0.0016,0.0008,0.5458,0.0,0.4795,0.0009,0.0636,7.4151
09:35:58.303,7918.81,E 60 s / 60 s,9.5196,71.9,917504,4.99954,0.0027,0.4173,0.3533,0.402,0.0008,0.0002,0.5391,0.0,0.2673,0.0056,0.0623,7.4691
09:36:00.302,7920.81,E 60 s / 60 s,5.9222,71.4,917504,5.0987,0.0031,0.3008,0.2347,0.3738,0.0002,0.0002,0.5368,0.0035,0.0249,0.0,0.07,4.3743
09:36:02.304,7922.81,E 60 s / 60 s,10.0949,74.7,917504,4.88832,0.0033,0.3981,0.3371,0.3928,0.0018,0.0002,0.5358,0.0,0.5008,0.0056,0.0629,7.8565
09:36:04.307,7924.81,E 60 s / 60 s,6.7666,74.1,917504,4.98212,0.003,0.4007,0.373,0.4127,0.0012,0.0008,0.5164,0.0068,0.3369,0.0118,0.0631,4.6403
09:36:06.304,7926.81,E 60 s / 60 s,6.7913,76.3,917504,4.86822,0.0028,0.3902,0.235,0.402,0.0008,0.0002,0.5333,0.0068,0.183,0.0053,0.0643,4.9676
09:36:08.308,7928.82,E 60 s / 60 s,6.5609,75.7,917504,4.86688,0.0031,0.3995,0.2258,0.4252,0.0012,0.0002,0.5329,0.0,0.4899,0.0145,0.0665,4.4021
09:36:10.308,7930.82,E 60 s / 60 s,7.4642,75.7,917504,4.9044,0.0032,0.3832,0.2325,0.4241,0.0008,0.0002,0.5167,0.0,0.4545,0.0053,0.0627,5.3809
09:36:12.303,7932.82,E 60 s / 60 s,8.2969,77.4,917504,4.99552,0.0036,0.395,0.3531,0.3981,0.0004,0.0002,0.5204,0.0,0.2134,0.0032,0.0623,6.3473
09:36:14.307,7934.82,E 60 s / 60 s,9.6114,77.4,917504,4.86152,0.0035,0.346,0.2868,0.4096,0.0004,0.0004,0.5128,0.0,0.2135,0.0097,0.0643,7.7644
09:36:16.307,7936.82,E 60 s / 60 s,8.0812,76.8,917504,4.86822,0.0032,0.3983,0.225,0.4357,0.0016,0.0008,0.5519,0.0,0.4445,0.0053,0.0669,5.9479
09:36:18.311,7938.82,E 60 s / 60 s,5.0897,77.4,917504,4.97676,0.0031,0.4498,0.2844,0.4097,0.0004,0.0008,0.5707,0.0,0.2397,0.0065,0.0666,3.058
09:36:20.307,7940.82,E 60 s / 60 s,10.6696,77.4,917504,4.86688,0.0027,0.4441,0.3921,0.4115,0.0016,0.0008,0.5358,0.0,0.3387,0.0103,0.0646,8.4676
09:36:22.307,7942.82,E 60 s / 60 s,6.9542,77.9,917504,4.90172,0.0029,0.3567,0.3535,0.4065,0.0008,0.0004,0.5381,0.0069,0.2315,0.0059,0.0664,4.9846
09:36:24.307,7944.82,E 60 s / 60 s,9.7378,77.9,917504,4.85348,0.003,0.3316,0.2259,0.383,0.0024,0.0004,0.5654,0.0,0.1476,0.0071,0.0646,8.0067
09:36:26.308,7946.82,E 60 s / 60 s,9.3651,77.9,917504,4.88832,0.0031,0.372,0.2856,0.4347,0.0008,0.0002,0.5745,0.0035,0.2006,0.0095,0.0668,7.4139
09:36:28.309,7948.82,E 60 s / 60 s,8.3149,77.9,917504,4.87626,0.0037,0.3943,0.224,0.4146,0.0012,0.0002,0.5447,0.0035,0.5275,0.0097,0.0621,6.1294
09:36:30.311,7950.82,E 60 s / 60 s,10.2602,78.5,917504,4.97408,0.0027,0.3956,0.3534,0.4266,0.0012,0.0002,0.5204,0.0,0.2647,0.0053,0.0668,8.2233
09:36:32.311,7952.82,E 60 s / 60 s,9.6195,79.0,917504,4.96336,0.0029,0.3464,0.3423,0.4023,0.0008,0.0002,0.5261,0.0068,0.2008,0.0083,0.0654,7.7172
09:36:34.312,7954.82,E 60 s / 60 s,8.6399,79.6,917504,4.8709,0.0031,0.3946,0.3525,0.4026,0.0016,0.0008,0.5204,0.0,0.3972,0.0083,0.0683,6.4905
09:36:36.311,7956.82,E 60 s / 60 s,8.308,79.0,917504,4.88028,0.0029,0.4448,0.2836,0.3986,0.0008,0.0008,0.5864,0.0,0.2341,0.0009,0.0635,6.2915
09:36:38.312,7958.82,E 60 s / 60 s,10.0513,78.5,917504,4.99016,0.0033,0.3443,0.3178,0.4408,0.0024,0.0008,0.5142,0.0034,0.4773,0.0,0.0626,7.8844
09:36:40.311,7960.82,E 60 s / 60 s,7.6797,79.6,917504,4.85482,0.0029,0.3462,0.222,0.4382,0.0008,0.0002,0.5393,0.0068,0.3712,0.0012,0.0632,5.6878
09:36:42.311,7962.82,E 60 s / 60 s,9.5547,79.6,917504,4.92182,0.0031,0.2964,0.3477,0.4344,0.0008,0.0008,0.5261,0.0103,0.4876,0.0109,0.0644,7.372
09:36:44.311,7964.82,E 60 s / 60 s,9.7908,80.1,917504,4.9647,0.0031,0.3942,0.352,0.4269,0.001,0.0002,0.51,0.0068,0.3384,0.0033,0.0611,7.694
09:36:46.313,7966.82,E 60 s / 60 s,7.6366,79.6,917504,4.98882,0.0031,0.3948,0.2291,0.4283,0.0004,0.0002,0.5898,0.0,0.4104,0.0092,0.066,5.5053
09:36:48.311,7968.82,E 60 s / 60 s,9.9035,80.7,917504,4.8441,0.0035,0.3205,0.224,0.439,0.0016,0.0004,0.5681,0.0,0.2731,0.0083,0.0605,8.0044
09:36:50.307,7970.82,E 60 s / 60 s,3.3859,71.9,917504,5.10272,0.0029,0.2971,0.2506,0.3793,0.0008,0.0004,0.5164,0.007,0.0345,0.0,0.0649,1.8319
09:36:52.307,7972.82,E 60 s / 60 s,3.4223,68.1,917504,5.09066,0.003,0.349,0.2262,0.3766,0.0018,0.0,0.5907,0.0,0.0701,0.0,0.07,1.7348
09:36:54.308,7974.82,E 60 s / 60 s,2.5497,65.9,917504,5.12416,0.0027,0.2875,0.2886,0.3672,0.0016,0.0002,0.5125,0.0,0.027,0.0,0.0653,0.9972
09:36:56.312,7976.82,E 60 s / 60 s,2.4857,63.1,917504,5.1322,0.0036,0.3002,0.227,0.3643,0.0012,0.0004,0.5207,0.0035,0.0432,0.0,0.0696,0.9518
09:36:58.308,7978.82,E 60 s / 60 s,2.6221,62.0,917504,5.13488,0.0027,0.3518,0.2556,0.3654,0.0016,0.0002,0.609,0.0,0.0411,0.0,0.0691,0.9254
09:37:00.308,7980.82,E 60 s / 60 s,2.4565,61.5,917504,5.13488,0.0029,0.2816,0.2352,0.3637,0.0008,0.0002,0.5426,0.0071,0.0411,0.0,0.0688,0.9125
09:37:02.308,7982.82,E 60 s / 60 s,2.455,60.4,917504,5.1389,0.0039,0.3015,0.2537,0.3602,0.0016,0.0004,0.5391,0.0,0.0282,0.0,0.066,0.9004
09:37:04.308,7984.82,E 60 s / 60 s,2.5247,58.7,917504,5.12416,0.0027,0.302,0.3212,0.3654,0.0032,0.0,0.5462,0.0,0.027,0.0,0.0692,0.8878
09:37:06.308,7986.82,E 60 s / 60 s,2.4717,58.2,917504,5.13622,0.0027,0.3036,0.2863,0.3654,0.0008,0.0004,0.5134,0.0106,0.0421,0.0,0.071,0.8753
09:37:08.309,7988.82,E 60 s / 60 s,2.4172,57.6,917504,5.14024,0.0031,0.3272,0.2238,0.3573,0.0002,0.0004,0.5368,0.0071,0.027,0.0,0.066,0.8682
09:37:10.309,7990.82,E 60 s / 60 s,2.5326,58.2,917504,5.12818,0.0027,0.3023,0.3492,0.3644,0.0006,0.0,0.5422,0.0,0.0282,0.0,0.0674,0.8756
09:37:12.309,7992.82,E 60 s / 60 s,2.423,56.5,917504,5.1322,0.003,0.3036,0.2197,0.3685,0.0018,0.0004,0.5368,0.0177,0.041,0.0,0.069,0.8614
09:37:14.309,7994.82,E 60 s / 60 s,2.5942,57.1,917504,5.1322,0.0029,0.3757,0.3375,0.3655,0.0004,0.0002,0.5358,0.0,0.041,0.0,0.0672,0.8679
09:37:16.309,7996.82,E 60 s / 60 s,2.496,56.5,917504,5.12282,0.0033,0.303,0.3406,0.3688,0.0016,0.0004,0.5229,0.0,0.026,0.0,0.0678,0.8614
09:37:18.309,7998.82,E 60 s / 60 s,2.3647,56.0,917504,5.13488,0.0029,0.304,0.221,0.3585,0.0002,0.0004,0.5361,0.0071,0.0194,0.0,0.0727,0.8425
09:37:20.309,8000.82,E 60 s / 60 s,2.5682,56.5,917504,5.14024,0.0028,0.3527,0.2927,0.3631,0.0008,0.0002,0.5949,0.0,0.0565,0.0,0.0691,0.8354
09:37:22.313,8002.82,E 60 s / 60 s,2.4691,55.4,917504,5.12818,0.0027,0.303,0.2877,0.3672,0.0016,0.0004,0.5093,0.0,0.0886,0.0,0.0717,0.837
09:37:24.395,8004.82,E 60 s / 60 s,2.4102,56.0,917504,5.13354,0.0026,0.3028,0.2282,0.365,0.0008,0.0002,0.5686,0.0106,0.0292,0.0,0.066,0.836
09:37:26.309,8006.82,E 60 s / 60 s,2.542,56.0,917504,5.13354,0.0028,0.3689,0.2891,0.3619,0.0008,0.0,0.5849,0.0,0.026,0.0,0.0716,0.836
09:37:28.309,8008.82,E 60 s / 60 s,2.4852,54.9,917504,5.13488,0.0029,0.305,0.3422,0.3637,0.0006,0.0004,0.5135,0.0071,0.0411,0.0,0.0718,0.837
09:37:30.309,8010.82,E 60 s / 60 s,2.4301,54.9,917504,5.14426,0.0025,0.3052,0.2562,0.3707,0.0016,0.0004,0.5637,0.0071,0.0346,0.0,0.0647,0.8235
09:37:32.309,8012.82,E 60 s / 60 s,2.5284,54.9,917504,5.14024,0.0032,0.302,0.3584,0.3651,0.0008,0.0002,0.5745,0.0,0.0292,0.0,0.0653,0.8296
09:37:34.309,8014.82,E 60 s / 60 s,2.4371,54.3,917504,5.1456,0.0027,0.2799,0.3574,0.3653,0.0008,0.0004,0.5103,0.0035,0.0303,0.0,0.0703,0.8161
09:37:36.309,8016.82,E 60 s / 60 s,2.4113,54.3,917504,5.14158,0.0033,0.3043,0.2253,0.3697,0.0004,0.0,0.5915,0.0035,0.0303,0.0,0.0666,0.8164
09:37:38.310,8018.82,E 60 s / 60 s,2.387,53.8,917504,5.14292,0.0028,0.3042,0.2378,0.3643,0.0008,0.0,0.5692,0.0035,0.0162,0.0,0.0704,0.8177
09:37:40.310,8020.82,E 60 s / 60 s,2.3081,54.3,917504,5.14024,0.0031,0.2765,0.2268,0.3688,0.0018,0.0002,0.5151,0.0071,0.0259,0.0,0.0722,0.8106
09:37:42.310,8022.82,E 60 s / 60 s,2.3118,53.8,917504,5.1389,0.0031,0.2755,0.2267,0.3668,0.0004,0.0002,0.5193,0.0035,0.0324,0.0,0.0735,0.8103
09:37:44.310,8024.82,E 60 s / 60 s,2.4691,53.8,917504,5.13086,0.0027,0.3573,0.2544,0.365,0.0008,0.0004,0.5748,0.0,0.0282,0.0,0.0687,0.8168
09:37:46.310,8026.82,E 60 s / 60 s,2.3185,53.8,917504,5.1456,0.0033,0.277,0.2367,0.3648,0.0002,0.0,0.5204,0.0106,0.0259,0.0,0.0692,0.8103
09:37:48.314,8028.82,E 60 s / 60 s,2.4079,53.8,917504,5.14292,0.0025,0.305,0.2221,0.3626,0.0032,0.0002,0.61,0.0,0.0313,0.0,0.0674,0.8036
09:37:50.318,8030.82,E 60 s / 60 s,6.1678,62.6,917504,4.90976,0.0028,0.4815,0.2854,0.4071,0.0,0.0004,0.5401,0.0173,0.4712,0.005,0.0671,3.89
09:37:52.311,8032.82,E 60 s / 60 s,7.8297,65.9,917504,4.92048,0.003,0.3838,0.2856,0.4146,0.0004,0.0002,0.5456,0.0,0.3844,0.0129,0.0668,5.7323
09:37:54.312,8034.82,E 60 s / 60 s,8.6774,68.1,917504,4.97408,0.0031,0.3999,0.3777,0.4141,0.0004,0.0008,0.5398,0.0103,0.3714,0.0144,0.0625,6.4829
09:37:56.311,8036.82,E 60 s / 60 s,9.8106,70.8,917504,4.89636,0.0031,0.3301,0.2248,0.4106,0.0004,0.0008,0.5433,0.0,0.2135,0.0038,0.0684,8.0119
09:37:58.311,8038.82,E 60 s / 60 s,10.1637,71.9,917504,4.89368,0.0031,0.3123,0.2243,0.4142,0.0004,0.0008,0.5423,0.0,0.3912,0.0024,0.0671,8.2056
09:38:00.311,8040.82,E 60 s / 60 s,7.4625,73.0,917504,5.01696,0.0031,0.4752,0.3717,0.4566,0.0006,0.0008,0.5205,0.0,0.3543,0.0141,0.0632,5.2023
09:38:02.311,8042.82,E 60 s / 60 s,6.1609,73.6,917504,4.8977,0.0029,0.4003,0.2253,0.4427,0.0004,0.0008,0.6037,0.0,0.4075,0.0118,0.0683,3.997
09:38:04.315,8044.82,E 60 s / 60 s,9.959,74.1,917504,4.8843,0.0029,0.3504,0.2207,0.4089,0.0004,0.0004,0.5356,0.0171,0.3348,0.0095,0.0646,8.0138
09:38:06.315,8046.82,E 60 s / 60 s,9.9274,75.2,917504,4.88698,0.0032,0.3501,0.2253,0.4239,0.0016,0.0,0.5971,0.0,0.2503,0.0003,0.0691,8.0065
09:38:08.316,8048.82,E 60 s / 60 s,10.1338,75.2,917504,4.97408,0.0031,0.4398,0.3533,0.399,0.0016,0.0002,0.5358,0.0,0.3326,0.0071,0.0672,7.9942
09:38:10.315,8050.82,E 60 s / 60 s,10.2539,76.8,917504,4.85482,0.0027,0.446,0.3535,0.4249,0.0008,0.0002,0.5718,0.0,0.3685,0.0106,0.063,8.0119
09:38:12.320,8052.82,E 60 s / 60 s,6.7294,75.7,917504,4.92852,0.0027,0.4724,0.252,0.4131,0.0008,0.0008,0.5422,0.0,0.2286,0.0047,0.0647,4.7473
09:38:14.320,8054.82,E 60 s / 60 s,6.5879,76.3,917504,4.89368,0.0032,0.3819,0.2842,0.4291,0.0016,0.0002,0.5118,0.0137,0.4752,0.0145,0.0648,4.4077
09:38:16.315,8056.82,E 60 s / 60 s,7.9148,77.4,917504,4.86554,0.0033,0.3134,0.235,0.4202,0.0016,0.0002,0.539,0.0034,0.5169,0.0189,0.0643,5.7985
09:38:18.315,8058.82,E 60 s / 60 s,9.8622,76.8,917504,4.9379,0.0029,0.4175,0.3536,0.4124,0.0008,0.0004,0.5301,0.0,0.3359,0.0153,0.065,7.7282
09:38:20.315,8060.82,E 60 s / 60 s,8.5168,75.7,917504,4.9312,0.0033,0.3848,0.2852,0.4444,0.0012,0.0002,0.5151,0.0068,0.4873,0.0106,0.0647,6.313
09:38:22.315,8062.82,E 60 s / 60 s,9.1185,76.3,917504,5.08396,0.0032,0.3467,0.252,0.4336,0.0018,0.0008,0.5358,0.0,0.4767,0.0047,0.0681,6.9951
09:38:24.319,8064.83,E 60 s / 60 s,10.146,78.5,917504,4.87626,0.0039,0.3346,0.2333,0.413,0.0006,0.0002,0.5683,0.0,0.4692,0.0124,0.066,8.0445
09:38:26.319,8066.83,E 60 s / 60 s,10.1566,79.0,917504,4.92986,0.0033,0.3432,0.2216,0.4282,0.0008,0.0004,0.5491,0.0,0.3028,0.0068,0.0619,8.2385
09:38:28.319,8068.83,E 60 s / 60 s,9.7657,76.8,917504,4.88832,0.0033,0.3706,0.3533,0.4083,0.0016,0.0002,0.4931,0.0069,0.3423,0.0106,0.0618,7.7137
09:38:30.320,8070.83,E 60 s / 60 s,7.5041,77.4,917504,4.96202,0.0029,0.3671,0.2367,0.4302,0.0,0.0004,0.5217,0.0,0.2156,0.0106,0.0652,5.6537
09:38:32.319,8072.83,E 60 s / 60 s,8.5021,79.0,917504,4.85482,0.0034,0.3942,0.3352,0.4025,0.0016,0.0008,0.5359,0.0,0.3033,0.0227,0.0644,6.4381
09:38:34.319,8074.83,E 60 s / 60 s,7.7374,79.6,917504,4.99418,0.0031,0.509,0.2844,0.4058,0.0004,0.0002,0.5425,0.0,0.4942,0.0086,0.0648,5.4245
09:38:36.323,8076.83,E 60 s / 60 s,10.6843,77.4,917504,4.88162,0.0031,0.3694,0.3346,0.4443,0.0008,0.0002,0.5439,0.024,0.4038,0.0,0.0648,8.4954
09:38:38.323,8078.83,E 60 s / 60 s,7.079,79.0,917504,4.97006,0.0033,0.3942,0.2248,0.4468,0.0012,0.0008,0.6141,0.0,0.4791,0.0103,0.0621,4.8423
09:38:40.323,8080.83,E 60 s / 60 s,5.0,79.0,917504,4.99552,0.0029,0.3966,0.354,0.4126,0.0024,0.0002,0.5131,0.0138,0.0312,0.0,0.064,3.2092
09:38:42.319,8082.83,E 60 s / 60 s,10.3535,79.6,917504,4.87492,0.0031,0.3722,0.3703,0.4094,0.0016,0.0008,0.5123,0.0102,0.2315,0.0038,0.0619,8.3764
09:38:44.319,8084.83,E 60 s / 60 s,10.2014,77.4,917504,4.88698,0.0034,0.3949,0.3492,0.4427,0.0012,0.0002,0.5519,0.0,0.232,0.0009,0.0654,8.1595
09:38:46.324,8086.83,E 60 s / 60 s,9.9762,80.7,917504,4.89904,0.003,0.3451,0.3524,0.4221,0.0008,0.0004,0.5408,0.0,0.3376,0.0059,0.0625,7.9055
09:38:48.319,8088.83,E 60 s / 60 s,8.8092,79.6,917504,4.84946,0.0032,0.4703,0.2844,0.4212,0.0006,0.0002,0.5365,0.0034,0.3451,0.0192,0.0621,6.6629
09:38:50.316,8090.83,E 60 s / 60 s,3.3454,72.5,917504,5.10004,0.003,0.2861,0.2526,0.3723,0.0016,0.0004,0.5189,0.0,0.0226,0.0,0.0617,1.826
09:38:52.316,8092.83,E 60 s / 60 s,3.2914,69.2,917504,5.10272,0.0032,0.2989,0.2259,0.3777,0.0006,0.0008,0.5455,0.0141,0.0249,0.0,0.065,1.7348
09:38:54.416,8094.83,E 60 s / 60 s,3.4091,65.9,917504,5.10272,0.0028,0.3737,0.2887,0.3784,0.0004,0.0004,0.5784,0.0105,0.0216,0.0,0.0669,1.6874
09:38:56.320,8096.83,E 60 s / 60 s,2.4698,63.7,917504,5.13488,0.0031,0.2817,0.2276,0.3725,0.001,0.0002,0.528,0.0071,0.0336,0.0,0.0696,0.9454
09:38:58.317,8098.83,E 60 s / 60 s,2.6793,61.5,917504,5.13354,0.0027,0.3757,0.3552,0.3652,0.001,0.0004,0.5358,0.0,0.0347,0.0,0.0704,0.9382
09:39:00.317,8100.83,E 60 s / 60 s,2.4904,60.4,917504,5.13488,0.0031,0.2827,0.2865,0.369,0.0006,0.0004,0.5199,0.0035,0.0291,0.0,0.0684,0.9271
09:39:02.317,8102.83,E 60 s / 60 s,2.6039,59.8,917504,5.14024,0.0026,0.3021,0.2281,0.3617,0.0008,0.0,0.5413,0.0035,0.0281,0.0,0.0685,1.0672
09:39:04.317,8104.83,E 60 s / 60 s,2.6748,59.8,917504,5.1389,0.0036,0.3135,0.2371,0.3768,0.0004,0.0004,0.5721,0.0035,0.0399,0.0,0.0672,1.0603
09:39:06.317,8106.83,E 60 s / 60 s,2.448,58.2,917504,5.13488,0.0027,0.3039,0.285,0.3686,0.0008,0.0002,0.5164,0.0,0.0271,0.0,0.0679,0.8756
09:39:08.317,8108.83,E 60 s / 60 s,2.4383,58.7,917504,5.1389,0.0031,0.3018,0.2249,0.3667,0.0032,0.0004,0.559,0.0106,0.0325,0.0,0.0679,0.8682
09:39:10.317,8110.83,E 60 s / 60 s,2.4712,58.2,917504,5.13354,0.0027,0.352,0.2537,0.3688,0.0016,0.0,0.541,0.0,0.0205,0.0,0.0692,0.8618
09:39:12.317,8112.83,E 60 s / 60 s,2.4294,57.1,917504,5.1322,0.0031,0.2912,0.287,0.36,0.0018,0.0,0.5132,0.0071,0.0422,0.0,0.0684,0.8553
09:39:14.317,8114.83,E 60 s / 60 s,2.3582,57.6,917504,5.13354,0.0034,0.2788,0.2224,0.3688,0.0032,0.0002,0.5361,0.0071,0.0162,0.0,0.0729,0.8489
09:39:16.317,8116.83,E 60 s / 60 s,2.5753,56.5,917504,5.13622,0.0027,0.3629,0.2877,0.3679,0.0034,0.0002,0.5896,0.0035,0.0238,0.0,0.066,0.8676
09:39:18.317,8118.83,E 60 s / 60 s,2.4445,56.0,917504,5.1456,0.0028,0.2787,0.3205,0.3617,0.0018,0.0004,0.51,0.0,0.0497,0.0,0.0705,0.8483
09:39:20.321,8120.83,E 60 s / 60 s,2.4524,55.4,917504,5.1322,0.0029,0.3028,0.2281,0.369,0.0004,0.0004,0.617,0.0071,0.0314,0.0,0.0691,0.8241
09:39:22.317,8122.83,E 60 s / 60 s,2.5575,55.4,917504,5.14158,0.0027,0.3754,0.3225,0.3666,0.0004,0.0002,0.5436,0.0,0.0292,0.0,0.068,0.8489
09:39:24.317,8124.83,E 60 s / 60 s,2.4329,56.0,917504,5.14024,0.0031,0.3556,0.2532,0.3632,0.0,0.0002,0.5196,0.0,0.0292,0.0,0.0718,0.837
09:39:26.317,8126.83,E 60 s / 60 s,2.509,54.9,917504,5.14158,0.0026,0.4009,0.2252,0.3556,0.0016,0.0,0.5932,0.0,0.0401,0.0,0.0666,0.8232
09:39:28.318,8128.83,E 60 s / 60 s,2.5858,55.4,917504,5.1389,0.0027,0.3973,0.2883,0.3627,0.0018,0.0002,0.5897,0.0106,0.0227,0.0,0.0674,0.8425
09:39:30.318,8130.83,E 60 s / 60 s,2.4985,55.4,917504,5.14292,0.0025,0.4047,0.2299,0.3608,0.0016,0.0,0.5777,0.0,0.0292,0.0,0.0686,0.8235
09:39:32.318,8132.83,E 60 s / 60 s,2.4825,54.9,917504,5.1456,0.0028,0.3036,0.3526,0.3679,0.0006,0.0004,0.5229,0.0,0.0379,0.0,0.0705,0.8235
09:39:34.318,8134.83,E 60 s / 60 s,2.3214,54.9,917504,5.1389,0.0028,0.2783,0.2201,0.3672,0.0008,0.0,0.5426,0.0,0.0228,0.0,0.0698,0.8171
09:39:36.318,8136.83,E 60 s / 60 s,2.4879,54.9,917504,5.14292,0.0027,0.355,0.2892,0.368,0.0016,0.0004,0.5358,0.0035,0.0291,0.0,0.073,0.8296
09:39:38.318,8138.83,E 60 s / 60 s,2.4145,54.3,917504,5.14426,0.0034,0.3052,0.2536,0.3651,0.0006,0.0,0.5689,0.0035,0.0282,0.0,0.0692,0.8168
09:39:40.318,8140.83,E 60 s / 60 s,2.5376,54.3,917504,5.13622,0.0026,0.3531,0.36,0.367,0.0004,0.0,0.5358,0.0035,0.0282,0.0,0.0693,0.8177
09:39:42.318,8142.83,E 60 s / 60 s,2.3803,54.3,917504,5.13756,0.0026,0.2808,0.2886,0.3724,0.0002,0.0002,0.5095,0.0071,0.0379,0.0,0.0705,0.8106
09:39:44.318,8144.83,E 60 s / 60 s,2.4622,54.9,917504,5.13756,0.0025,0.3068,0.3494,0.3619,0.0002,0.0,0.5413,0.0,0.0216,0.0,0.0672,0.8112
09:39:46.322,8146.83,E 60 s / 60 s,2.4249,53.8,917504,5.1389,0.0027,0.3546,0.254,0.3652,0.0034,0.0,0.5318,0.0,0.0326,0.0,0.0699,0.8106
09:39:48.322,8148.83,E 60 s / 60 s,2.4242,54.3,917504,5.14158,0.0032,0.3546,0.254,0.3609,0.0032,0.0,0.5408,0.0071,0.0238,0.0,0.0729,0.8036
09:39:50.320,8150.83,E 60 s / 60 s,8.6321,62.0,917504,4.9312,0.0033,0.373,0.2504,0.4159,0.0006,0.0008,0.5701,0.0174,0.4044,0.0071,0.0699,6.5191
09:39:52.323,8152.83,E 60 s / 60 s,9.6751,67.0,917504,4.9111,0.0026,0.3996,0.3548,0.3971,0.0004,0.0002,0.5329,0.0,0.2214,0.005,0.0631,7.698
09:39:54.323,8154.83,E 60 s / 60 s,4.6642,70.3,917504,4.89904,0.0031,0.3895,0.2855,0.4414,0.0002,0.0002,0.541,0.0,0.4728,0.0071,0.0686,2.4548
09:39:56.323,8156.83,E 60 s / 60 s,9.5566,71.4,917504,4.9312,0.0032,0.3033,0.2496,0.3901,0.0024,0.0002,0.5329,0.0274,0.1986,0.0003,0.0652,7.7834
09:39:58.323,8158.83,E 60 s / 60 s,8.7326,71.4,917504,4.86554,0.0031,0.4647,0.2831,0.4468,0.0018,0.0002,0.5779,0.0034,0.4046,0.0154,0.0683,6.4633
09:40:00.323,8160.83,E 60 s / 60 s,9.634,74.1,917504,5.01026,0.0027,0.3972,0.3503,0.4146,0.0016,0.0002,0.5093,0.0171,0.3217,0.0154,0.0638,7.5402
09:40:02.323,8162.83,E 60 s / 60 s,8.7145,73.6,917504,4.89904,0.0029,0.3471,0.3503,0.4214,0.0,0.0004,0.5097,0.0139,0.4719,0.0139,0.0624,6.5206
09:40:04.324,8164.83,E 60 s / 60 s,6.6072,74.1,917504,4.97274,0.0031,0.4477,0.3534,0.4284,0.0006,0.0008,0.5358,0.0,0.407,0.0062,0.0659,4.3581
09:40:06.323,8166.83,E 60 s / 60 s,9.8544,75.7,917504,4.88832,0.0032,0.4003,0.2499,0.4018,0.0004,0.0008,0.5386,0.0,0.25,0.0,0.0664,7.9431
09:40:08.323,8168.83,E 60 s / 60 s,7.3715,74.1,917504,4.87894,0.0033,0.4144,0.2854,0.4019,0.0006,0.0008,0.5229,0.0,0.3358,0.0083,0.0634,5.3349
09:40:10.328,8170.83,E 60 s / 60 s,6.2456,75.7,917504,5.00758,0.0031,0.4013,0.222,0.4023,0.0002,0.0002,0.5459,0.0274,0.3038,0.0104,0.0619,4.2672
09:40:12.323,8172.83,E 60 s / 60 s,9.8051,76.3,917504,4.86018,0.0034,0.3964,0.2462,0.4294,0.0016,0.0002,0.539,0.0,0.0604,0.0041,0.0665,8.0579
09:40:14.324,8174.83,E 60 s / 60 s,6.7155,75.7,917504,4.88698,0.0027,0.3989,0.35,0.4269,0.0032,0.0002,0.5296,0.0,0.5071,0.012,0.0632,4.4215
09:40:16.323,8176.83,E 60 s / 60 s,10.1196,77.4,917504,4.96202,0.0029,0.3448,0.2219,0.3999,0.0002,0.0004,0.5365,0.0034,0.3739,0.0088,0.0646,8.1622
09:40:18.328,8178.84,E 60 s / 60 s,9.2945,77.9,917504,4.9647,0.0031,0.3123,0.2497,0.3998,0.0032,0.0004,0.5376,0.0068,0.2065,0.0056,0.0668,7.5026
09:40:20.327,8180.84,E 60 s / 60 s,10.5025,76.8,917504,4.9714,0.0035,0.3956,0.3684,0.4221,0.0012,0.0002,0.5099,0.0102,0.4766,0.0053,0.0609,8.2487
09:40:22.327,8182.84,E 60 s / 60 s,10.3135,77.9,917504,4.84678,0.0034,0.3977,0.2331,0.4147,0.0002,0.0002,0.5943,0.0068,0.3621,0.0065,0.0656,8.2288
09:40:24.327,8184.84,E 60 s / 60 s,6.1563,78.5,917504,4.88832,0.0032,0.4456,0.2479,0.4078,0.0016,0.0002,0.5853,0.0,0.1774,0.0065,0.0645,4.2163
09:40:26.329,8186.84,E 60 s / 60 s,9.1847,77.9,917504,4.97274,0.0029,0.3957,0.2472,0.4078,0.0012,0.0002,0.5811,0.0035,0.3353,0.0124,0.0668,7.1305
09:40:28.332,8188.84,E 60 s / 60 s,10.0361,79.0,917504,4.97408,0.0027,0.3946,0.2313,0.4291,0.0002,0.0002,0.5896,0.0068,0.3039,0.0068,0.0642,8.0066
09:40:30.335,8190.84,E 60 s / 60 s,10.0354,79.6,917504,4.8709,0.0029,0.3356,0.2313,0.3981,0.0008,0.0004,0.5917,0.0,0.467,0.0059,0.0613,7.9404
09:40:32.335,8192.84,E 60 s / 60 s,7.6048,79.0,917504,4.85482,0.0027,0.3985,0.2244,0.4164,0.0004,0.0002,0.54,0.0068,0.4742,0.0112,0.0647,5.4652
09:40:34.335,8194.84,E 60 s / 60 s,8.2614,78.5,917504,4.9312,0.0031,0.3929,0.3513,0.415,0.0032,0.0,0.5313,0.0,0.1478,0.0,0.0642,6.3526
09:40:36.336,8196.84,E 60 s / 60 s,6.1969,78.5,917504,5.00758,0.0028,0.3538,0.2821,0.4252,0.0008,0.0002,0.5296,0.0,0.3037,0.005,0.0641,4.2295
09:40:38.335,8198.84,E 60 s / 60 s,6.9935,78.5,917504,4.84812,0.0035,0.4475,0.2462,0.4123,0.0004,0.0002,0.5911,0.0,0.2065,0.01,0.0623,5.0135
09:40:40.335,8200.84,E 60 s / 60 s,7.3418,80.1,917504,4.9781,0.0027,0.4005,0.2296,0.4322,0.0024,0.0008,0.5907,0.0,0.2368,0.0056,0.0663,5.3742
09:40:42.343,8202.84,E 60 s / 60 s,9.729,79.0,917504,4.91512,0.0032,0.4671,0.3541,0.4487,0.001,0.0002,0.5716,0.024,0.2667,0.0157,0.0658,7.5108
09:40:44.336,8204.84,E 60 s / 60 s,9.407,80.7,917504,4.86688,0.0032,0.4065,0.226,0.4274,0.0006,0.0002,0.6012,0.0068,0.3838,0.0101,0.0656,7.2757
09:40:46.339,8206.85,E 60 s / 60 s,8.4722,81.2,917504,4.86688,0.0033,0.3199,0.3188,0.4304,0.0016,0.0002,0.507,0.0102,0.2268,0.0124,0.0632,6.5784
09:40:48.339,8208.85,E 60 s / 60 s,8.5198,79.6,917504,4.88698,0.0031,0.3058,0.249,0.4167,0.0008,0.0004,0.5141,0.0,0.1984,0.0003,0.0626,6.7687
09:40:50.335,8210.85,E 60 s / 60 s,4.3882,73.0,917504,5.10004,0.003,0.2854,0.2343,0.3714,0.0012,0.0002,0.543,0.0035,0.0259,0.0,0.0631,2.8574
09:40:52.335,8212.85,E 60 s / 60 s,3.4395,69.2,917504,5.10674,0.0035,0.2976,0.2272,0.3806,0.0006,0.0008,0.543,0.0035,0.0249,0.0,0.0701,1.8877
09:40:54.335,8214.85,E 60 s / 60 s,3.2494,67.0,917504,5.10674,0.0032,0.2786,0.2876,0.3831,0.0004,0.0008,0.516,0.0,0.027,0.0,0.0643,1.6885
09:40:56.335,8216.85,E 60 s / 60 s,2.6247,63.7,917504,5.12148,0.0035,0.2997,0.2244,0.3626,0.0002,0.0004,0.5655,0.0,0.0325,0.0,0.0684,1.0676
09:40:58.335,8218.85,E 60 s / 60 s,2.6061,61.5,917504,5.12416,0.0031,0.2984,0.3559,0.3665,0.0014,0.0004,0.5142,0.0035,0.0314,0.0,0.0729,0.9582
09:41:00.335,8220.85,E 60 s / 60 s,2.4336,61.5,917504,5.13488,0.0027,0.2811,0.2233,0.3724,0.0002,0.0002,0.5118,0.0035,0.0432,0.0,0.0691,0.9261
09:41:02.336,8222.85,E 60 s / 60 s,2.4514,60.4,917504,5.14024,0.003,0.3008,0.2243,0.3745,0.0032,0.0002,0.5616,0.0,0.0259,0.0,0.071,0.8868
09:41:04.340,8224.85,E 60 s / 60 s,2.6134,58.7,917504,5.13488,0.0031,0.302,0.3605,0.3626,0.0006,0.0002,0.5365,0.0,0.0746,0.0,0.0672,0.9061
09:41:06.336,8226.85,E 60 s / 60 s,2.4927,58.7,917504,5.12952,0.0027,0.2902,0.3203,0.3654,0.0016,0.0004,0.5134,0.0,0.0366,0.0,0.0735,0.8885
09:41:08.336,8228.85,E 60 s / 60 s,2.7449,58.7,917504,5.13622,0.0027,0.3507,0.2556,0.365,0.0008,0.0004,0.6094,0.0,0.0335,0.0,0.066,1.0607
09:41:10.336,8230.85,E 60 s / 60 s,2.4634,58.2,917504,5.12818,0.0033,0.301,0.3212,0.3715,0.0018,0.0004,0.5067,0.0,0.0259,0.0,0.0698,0.8618
09:41:12.336,8232.85,E 60 s / 60 s,2.3847,57.1,917504,5.13488,0.0027,0.2881,0.2513,0.3636,0.0004,0.0,0.5248,0.0,0.0226,0.0,0.0691,0.8621
09:41:14.336,8234.85,E 60 s / 60 s,2.5635,56.5,917504,5.13622,0.0031,0.3537,0.2535,0.3733,0.0006,0.0004,0.6155,0.0035,0.0358,0.0,0.0685,0.8557
09:41:16.336,8236.85,E 60 s / 60 s,2.4131,57.1,917504,5.1322,0.0031,0.2831,0.2867,0.3635,0.0016,0.0,0.5215,0.0,0.0291,0.0,0.0684,0.856
09:41:18.336,8238.85,E 60 s / 60 s,2.4299,56.5,917504,5.1389,0.003,0.3017,0.2343,0.3661,0.0006,0.0004,0.5721,0.0035,0.0261,0.0,0.0666,0.8553
09:41:20.336,8240.85,E 60 s / 60 s,2.5017,56.0,917504,5.12148,0.0025,0.3042,0.3481,0.369,0.0008,0.0002,0.5388,0.0,0.0194,0.0,0.0698,0.8489
09:41:22.336,8242.85,E 60 s / 60 s,2.3992,56.0,917504,5.13354,0.0031,0.2811,0.2246,0.3679,0.0002,0.0004,0.5786,0.0,0.0389,0.0,0.0684,0.836
09:41:24.336,8244.85,E 60 s / 60 s,2.4197,57.1,917504,5.13354,0.0029,0.3023,0.227,0.3654,0.0016,0.0,0.5963,0.0,0.027,0.0,0.0673,0.8299
09:41:26.336,8246.85,E 60 s / 60 s,2.508,55.4,917504,5.12282,0.0028,0.3038,0.3403,0.3632,0.0008,0.0004,0.5505,0.0071,0.0259,0.0,0.0698,0.8434
09:41:28.336,8248.85,E 60 s / 60 s,2.4203,56.5,917504,5.14024,0.0031,0.3545,0.2361,0.3649,0.0002,0.0002,0.5195,0.0106,0.0303,0.0,0.071,0.8299
09:41:30.337,8250.85,E 60 s / 60 s,2.5711,55.4,917504,5.1389,0.0031,0.3026,0.3569,0.3686,0.0004,0.0002,0.5423,0.0,0.0162,0.0,0.0693,0.9116
09:41:32.337,8252.85,E 60 s / 60 s,2.4876,54.9,917504,5.1389,0.0027,0.3033,0.3423,0.3724,0.0032,0.0002,0.539,0.0,0.0238,0.0,0.0711,0.8296
09:41:34.337,8254.85,E 60 s / 60 s,2.4054,54.9,917504,5.1389,0.0031,0.302,0.2293,0.3679,0.0004,0.0,0.5718,0.0,0.0303,0.0,0.0711,0.8296
09:41:36.337,8256.85,E 60 s / 60 s,2.3735,54.9,917504,5.14694,0.0026,0.3054,0.2224,0.3635,0.0002,0.0002,0.5487,0.0035,0.0345,0.0,0.0692,0.8232
09:41:38.337,8258.85,E 60 s / 60 s,2.4978,53.8,917504,5.13354,0.0028,0.3069,0.341,0.3649,0.0,0.0,0.5615,0.0035,0.0283,0.0,0.0716,0.8174
09:41:40.337,8260.85,E 60 s / 60 s,2.3337,54.9,917504,5.1456,0.0036,0.2786,0.222,0.363,0.0002,0.0004,0.5368,0.0071,0.0259,0.0,0.0729,0.8232
09:41:42.337,8262.85,E 60 s / 60 s,2.4289,53.8,917504,5.13756,0.0029,0.3551,0.2519,0.3724,0.0006,0.0004,0.5408,0.0,0.0227,0.0,0.0654,0.8168
09:41:44.337,8264.85,E 60 s / 60 s,2.4685,55.4,917504,5.14158,0.0027,0.305,0.3225,0.3619,0.0016,0.0,0.5413,0.0,0.041,0.0,0.0693,0.8232
09:41:46.337,8266.85,E 60 s / 60 s,2.3312,53.8,917504,5.1389,0.003,0.2813,0.2219,0.3643,0.0006,0.0004,0.5364,0.0,0.0411,0.0,0.0698,0.8124
09:41:48.337,8268.85,E 60 s / 60 s,2.4177,53.8,917504,5.1389,0.0029,0.3546,0.2549,0.3619,0.0016,0.0002,0.5381,0.0107,0.0249,0.0,0.0705,0.7975
09:41:50.344,8270.85,E 60 s / 60 s,7.6744,61.5,917504,4.94058,0.0033,0.3254,0.2227,0.3824,0.0002,0.0004,0.5365,0.007,0.1013,0.0091,0.0695,6.0165
09:41:52.340,8272.85,E 60 s / 60 s,9.4239,67.5,917504,4.91244,0.0031,0.3507,0.23,0.4273,0.0016,0.0002,0.5713,0.0034,0.2993,0.0015,0.0676,7.4678
09:41:54.339,8274.85,E 60 s / 60 s,6.6812,68.6,917504,4.90842,0.0031,0.4016,0.2317,0.3999,0.0004,0.0002,0.5753,0.0,0.2644,0.0068,0.0657,4.732
09:41:56.340,8276.85,E 60 s / 60 s,9.6695,70.3,917504,4.9312,0.0031,0.3473,0.3501,0.4025,0.0006,0.0002,0.539,0.0069,0.2666,0.0109,0.0662,7.6761
09:41:58.347,8278.85,E 60 s / 60 s,8.6479,73.0,917504,4.99284,0.0033,0.3771,0.2333,0.3998,0.0002,0.0002,0.5766,0.0,0.2702,0.0033,0.065,6.7191
09:42:00.343,8280.85,E 60 s / 60 s,9.5373,73.0,917504,4.90574,0.0027,0.3972,0.2497,0.4076,0.0004,0.0008,0.5716,0.0,0.3365,0.0106,0.0677,7.4924
09:42:02.338,8282.85,E 60 s / 60 s,7.2096,72.5,917504,5.09736,0.0032,0.2986,0.32,0.4043,0.0016,0.0008,0.5425,0.0105,0.0607,0.0,0.0649,5.5026
09:42:04.339,8284.85,E 60 s / 60 s,9.4128,75.7,917504,4.88832,0.0027,0.3955,0.2489,0.3954,0.0008,0.0004,0.581,0.0,0.199,0.0044,0.0676,7.5171
09:42:06.340,8286.85,E 60 s / 60 s,6.4209,75.2,917504,4.89368,0.0031,0.4995,0.2327,0.4716,0.0002,0.0,0.5293,0.0,0.3384,0.0157,0.0656,4.2649
09:42:08.339,8288.85,E 60 s / 60 s,9.79,76.3,917504,4.86554,0.0032,0.3352,0.2303,0.4006,0.0006,0.0002,0.5972,0.0035,0.1977,0.0,0.0655,7.956
09:42:10.341,8290.85,E 60 s / 60 s,7.0206,74.7,917504,4.97274,0.0031,0.3644,0.3534,0.4078,0.0002,0.0004,0.5377,0.0,0.4067,0.0077,0.0647,4.8743
09:42:12.344,8292.85,E 60 s / 60 s,10.3933,76.8,917504,4.8709,0.0033,0.3816,0.2831,0.4106,0.0012,0.0008,0.5268,0.0,0.3375,0.0,0.0659,8.3824
09:42:14.343,8294.85,E 60 s / 60 s,9.8887,76.3,917504,5.0049,0.0027,0.3979,0.2326,0.4384,0.0008,0.0002,0.5681,0.0,0.3391,0.0077,0.0656,7.8357
09:42:16.343,8296.85,E 60 s / 60 s,10.3413,77.4,917504,4.88832,0.0031,0.3972,0.2639,0.4195,0.0012,0.0002,0.5358,0.0137,0.3351,0.0,0.0625,8.3092
09:42:18.342,8298.85,E 60 s / 60 s,6.7925,75.7,917504,5.09602,0.0031,0.4881,0.2836,0.381,0.0016,0.0008,0.5286,0.0,0.2407,0.0092,0.064,4.7918
09:42:20.343,8300.85,E 60 s / 60 s,10.3272,77.9,917504,4.97408,0.0027,0.2937,0.3479,0.4074,0.0008,0.0002,0.5258,0.0034,0.2159,0.0065,0.0606,8.4622
09:42:22.343,8302.85,E 60 s / 60 s,8.8923,77.4,917504,4.85616,0.0029,0.3942,0.2291,0.4109,0.0004,0.0002,0.582,0.0306,0.3203,0.008,0.0648,6.8489
09:42:24.343,8304.85,E 60 s / 60 s,9.4264,77.9,917504,4.97944,0.0027,0.4421,0.32,0.4171,0.0016,0.0002,0.5093,0.0,0.2591,0.005,0.062,7.4074
09:42:26.345,8306.85,E 60 s / 60 s,9.7494,77.9,917504,4.99284,0.0029,0.3395,0.2225,0.3988,0.0012,0.0004,0.5096,0.0,0.2999,0.005,0.065,7.9046
09:42:28.340,8308.85,E 60 s / 60 s,6.5082,76.8,917504,5.0853,0.003,0.2946,0.2249,0.3707,0.0004,0.0002,0.5298,0.0,0.0271,0.0,0.0686,4.989
09:42:30.347,8310.86,E 60 s / 60 s,9.3259,79.0,917504,4.8575,0.0032,0.4967,0.2322,0.399,0.0012,0.0002,0.5878,0.0034,0.1838,0.0125,0.0646,7.3414
09:42:32.347,8312.86,E 60 s / 60 s,10.4025,79.0,917504,4.86152,0.0035,0.3952,0.23,0.3924,0.0006,0.0008,0.6003,0.0034,0.475,0.0098,0.0653,8.2261
09:42:34.347,8314.86,E 60 s / 60 s,9.0213,79.6,917504,4.8441,0.0035,0.3572,0.2238,0.4301,0.0006,0.0008,0.5377,0.0,0.2996,0.008,0.0654,7.0945
09:42:36.345,8316.86,E 60 s / 60 s,6.7147,79.0,917504,4.94996,0.0034,0.3075,0.2307,0.3839,0.0016,0.0008,0.5616,0.0035,0.0559,0.0,0.0667,5.0991
09:42:38.352,8318.86,E 60 s / 60 s,9.9098,79.0,917504,4.94728,0.003,0.3176,0.2478,0.4435,0.0032,0.0004,0.5293,0.0034,0.1089,0.0071,0.068,8.1774
09:42:40.351,8320.86,E 60 s / 60 s,6.8217,79.6,917504,4.9714,0.0033,0.3942,0.347,0.4592,0.0012,0.0004,0.535,0.0068,0.4054,0.0156,0.0642,4.5894
09:42:42.352,8322.86,E 60 s / 60 s,5.2144,78.5,917504,4.9781,0.0035,0.394,0.2838,0.4153,0.0008,0.0008,0.5616,0.0,0.3371,0.0,0.0631,3.1544
09:42:44.351,8324.86,E 60 s / 60 s,8.1009,80.1,917504,5.00624,0.0032,0.3082,0.2316,0.4247,0.0002,0.0002,0.5268,0.0102,0.2687,0.0166,0.0666,6.2439
09:42:46.351,8326.86,E 60 s / 60 s,7.6454,80.1,917504,4.9982,0.0028,0.4677,0.3535,0.4234,0.0012,0.0002,0.6414,0.0,0.3762,0.0029,0.0645,5.3115
09:42:48.351,8328.86,E 60 s / 60 s,6.9791,80.1,917504,4.88698,0.0033,0.3771,0.2313,0.4478,0.0016,0.0002,0.5293,0.0136,0.4769,0.0065,0.0613,4.8301
09:42:50.347,8330.86,E 60 s / 60 s,3.5684,72.5,917504,5.09736,0.0031,0.3709,0.3394,0.3848,0.0006,0.0008,0.5031,0.0,0.0303,0.0,0.0642,1.8712
09:42:52.347,8332.86,E 60 s / 60 s,3.3065,68.6,917504,5.10004,0.0027,0.2996,0.2252,0.3707,0.0012,0.0008,0.5423,0.0035,0.0314,0.0,0.0701,1.7589
09:42:54.347,8334.86,E 60 s / 60 s,3.3653,67.5,917504,5.09602,0.003,0.349,0.251,0.3749,0.0006,0.0,0.5815,0.0,0.0335,0.0,0.0681,1.7037
09:42:56.348,8336.86,E 60 s / 60 s,2.5164,64.2,917504,5.12148,0.003,0.2789,0.229,0.3709,0.0012,0.0004,0.5689,0.007,0.0281,0.0,0.0644,0.9647
09:42:58.348,8338.86,E 60 s / 60 s,2.6564,63.1,917504,5.13622,0.0031,0.3518,0.3576,0.3688,0.0006,0.0002,0.5422,0.0,0.027,0.0,0.0654,0.9396
09:43:00.348,8340.86,E 60 s / 60 s,2.4371,61.5,917504,5.13488,0.0028,0.2786,0.2513,0.3616,0.0004,0.0,0.5229,0.0,0.0303,0.0,0.0696,0.9197
09:43:02.348,8342.86,E 60 s / 60 s,2.5114,60.4,917504,5.1322,0.0028,0.2994,0.224,0.3672,0.0012,0.0002,0.6005,0.0035,0.0431,0.0,0.0691,0.9004
09:43:04.348,8344.86,E 60 s / 60 s,2.5297,59.3,917504,5.12952,0.0027,0.3016,0.3215,0.3724,0.0032,0.0004,0.5326,0.0035,0.0314,0.0,0.073,0.8875
09:43:06.348,8346.86,E 60 s / 60 s,2.4901,58.2,917504,5.12952,0.0028,0.2759,0.3371,0.3637,0.0008,0.0004,0.5125,0.0247,0.0194,0.0,0.0653,0.8875
09:43:08.348,8348.86,E 60 s / 60 s,2.4072,58.2,917504,5.1255,0.0027,0.3015,0.2249,0.3733,0.0018,0.0002,0.5365,0.0,0.0293,0.0,0.0684,0.8685
09:43:10.348,8350.86,E 60 s / 60 s,2.5308,58.2,917504,5.11076,0.0031,0.3512,0.2508,0.3738,0.0032,0.0,0.5721,0.0177,0.0217,0.0,0.0697,0.8676
09:43:12.352,8352.86,E 60 s / 60 s,2.4371,57.6,917504,5.13488,0.0031,0.3021,0.2849,0.3591,0.0006,0.0004,0.511,0.0106,0.0281,0.0,0.0691,0.8682
09:43:14.348,8354.86,E 60 s / 60 s,2.4173,56.5,917504,5.13756,0.0027,0.3011,0.2265,0.3724,0.0008,0.0,0.5745,0.0035,0.027,0.0,0.0666,0.8422
09:43:16.348,8356.86,E 60 s / 60 s,2.5471,57.1,917504,5.12818,0.0026,0.3777,0.2874,0.3649,0.0018,0.0,0.5326,0.0,0.0422,0.0,0.0698,0.8682
09:43:18.348,8358.86,E 60 s / 60 s,2.4939,56.5,917504,5.13622,0.0033,0.3012,0.3558,0.367,0.0032,0.0004,0.5133,0.0,0.026,0.0,0.068,0.8557
09:43:20.348,8360.86,E 60 s / 60 s,2.4132,57.1,917504,5.14024,0.0031,0.3018,0.2266,0.3679,0.0032,0.0,0.5753,0.0035,0.0249,0.0,0.0697,0.837
09:43:22.349,8362.86,E 60 s / 60 s,2.5253,56.0,917504,5.14024,0.0025,0.3531,0.2515,0.3661,0.0006,0.0004,0.5847,0.0071,0.04,0.0,0.0704,0.8489
09:43:24.449,8364.86,E 60 s / 60 s,2.4506,56.0,917504,5.11612,0.0029,0.3275,0.2368,0.3626,0.0004,0.0,0.5799,0.0035,0.0368,0.0,0.0704,0.8296
09:43:26.349,8366.86,E 60 s / 60 s,2.3996,56.0,917504,5.1456,0.0023,0.3015,0.2205,0.3735,0.0032,0.0002,0.5455,0.0106,0.0367,0.0,0.0698,0.8357
09:43:28.349,8368.86,E 60 s / 60 s,2.5714,54.3,917504,5.14158,0.0031,0.3715,0.3557,0.3649,0.0016,0.0002,0.5383,0.0,0.0238,0.0,0.0699,0.8425
09:43:30.349,8370.86,E 60 s / 60 s,2.3912,55.4,917504,5.1456,0.0027,0.2796,0.2519,0.3613,0.0,0.0002,0.5488,0.0106,0.0367,0.0,0.0697,0.8296
09:43:32.349,8372.86,E 60 s / 60 s,2.3994,54.9,917504,5.1389,0.0034,0.3033,0.2276,0.3688,0.0016,0.0002,0.5681,0.0071,0.0271,0.0,0.0691,0.8232
09:43:34.349,8374.86,E 60 s / 60 s,2.4745,54.3,917504,5.13622,0.0027,0.2792,0.3515,0.3688,0.0032,0.0004,0.539,0.0035,0.0291,0.0,0.0729,0.8241
09:43:36.349,8376.86,E 60 s / 60 s,2.5163,54.9,917504,5.13086,0.0025,0.3059,0.3588,0.3653,0.0016,0.0004,0.5455,0.0035,0.0302,0.0,0.0731,0.8296
09:43:38.349,8378.86,E 60 s / 60 s,2.4371,54.3,917504,5.14158,0.0031,0.3027,0.2363,0.3621,0.0032,0.0002,0.6003,0.0035,0.0399,0.0,0.0686,0.8171
09:43:40.349,8380.86,E 60 s / 60 s,2.4654,54.3,917504,5.1456,0.0026,0.3047,0.3481,0.3701,0.0002,0.0,0.5142,0.0106,0.0259,0.0,0.0716,0.8174
09:43:42.349,8382.86,E 60 s / 60 s,2.3279,54.3,917504,5.14292,0.0033,0.2801,0.2182,0.3653,0.0002,0.0,0.5487,0.0035,0.0291,0.0,0.0684,0.8109
09:43:44.349,8384.86,E 60 s / 60 s,2.513,54.9,917504,5.13354,0.0028,0.3776,0.2901,0.3697,0.0006,0.0004,0.5377,0.0035,0.0313,0.0,0.0698,0.8293
09:43:46.349,8386.86,E 60 s / 60 s,2.4337,53.8,917504,5.1389,0.0027,0.3059,0.3403,0.3654,0.0016,0.0,0.4964,0.0,0.0434,0.0,0.0674,0.8106
09:43:48.349,8388.86,E 60 s / 60 s,2.3674,54.3,917504,5.14694,0.0024,0.282,0.221,0.3653,0.0,0.0,0.5681,0.0,0.0531,0.0,0.0717,0.8039
09:43:50.351,8390.86,E 60 s / 60 s,9.5689,62.6,917504,5.02098,0.0027,0.3146,0.2483,0.4149,0.0016,0.0008,0.5128,0.0207,0.3332,0.0026,0.0673,7.6492
09:43:52.351,8392.86,E 60 s / 60 s,8.9362,65.9,917504,4.99284,0.0031,0.3254,0.2486,0.4089,0.0004,0.0002,0.5207,0.0,0.3362,0.0035,0.0678,7.0213
09:43:54.351,8394.86,E 60 s / 60 s,9.8229,69.2,917504,4.94058,0.003,0.397,0.2328,0.4076,0.0008,0.0,0.5898,0.0,0.1978,0.0009,0.0683,7.9249
09:43:56.355,8396.86,E 60 s / 60 s,9.6058,70.8,917504,4.88832,0.0033,0.3527,0.2858,0.4313,0.0016,0.0002,0.5003,0.0104,0.2496,0.0097,0.0617,7.6992
09:43:58.351,8398.86,E 60 s / 60 s,6.5508,71.4,917504,4.91378,0.0034,0.3864,0.32,0.4699,0.0004,0.0008,0.4938,0.0,0.4758,0.008,0.0631,4.3292
09:44:00.351,8400.86,E 60 s / 60 s,4.2447,71.4,917504,5.10272,0.0029,0.3748,0.2501,0.3791,0.0008,0.0002,0.5336,0.0,0.026,0.0,0.0643,2.6129
09:44:02.351,8402.86,E 60 s / 60 s,10.1039,74.1,917504,4.88832,0.0032,0.4011,0.251,0.3856,0.0016,0.0002,0.5939,0.0034,0.2401,0.0079,0.0637,8.152
09:44:04.351,8404.86,E 60 s / 60 s,9.9014,75.7,917504,4.99016,0.0032,0.3192,0.221,0.4019,0.0,0.0002,0.5356,0.0034,0.0924,0.0015,0.0616,8.2614
09:44:06.351,8406.86,E 60 s / 60 s,9.9379,75.2,917504,4.92986,0.003,0.3218,0.2225,0.4062,0.0016,0.0002,0.5424,0.0172,0.4722,0.0115,0.0646,7.8747
09:44:08.357,8408.86,E 60 s / 60 s,6.6353,74.7,917504,4.92986,0.0028,0.3749,0.249,0.4353,0.0004,0.0008,0.522,0.0069,0.4794,0.0101,0.062,4.4918
09:44:10.355,8410.86,E 60 s / 60 s,8.9828,76.8,917504,4.8575,0.0031,0.3975,0.2486,0.4023,0.0008,0.0004,0.5391,0.0,0.288,0.0059,0.0615,7.0355
09:44:12.355,8412.86,E 60 s / 60 s,9.7147,76.8,917504,4.90842,0.0027,0.4577,0.2831,0.4076,0.0,0.0004,0.5942,0.0,0.2204,0.0077,0.0654,7.6755
09:44:14.355,8414.86,E 60 s / 60 s,8.6637,78.5,917504,4.97274,0.0029,0.4609,0.2511,0.4212,0.0004,0.0002,0.5393,0.0,0.3028,0.0106,0.0664,6.6079
09:44:16.355,8416.86,E 60 s / 60 s,8.227,77.4,917504,4.8776,0.0031,0.4247,0.3494,0.41,0.0008,0.0002,0.5035,0.0,0.4226,0.0127,0.0624,6.0375
09:44:18.356,8418.86,E 60 s / 60 s,6.3599,77.4,917504,5.00356,0.0029,0.3423,0.2259,0.4102,0.0004,0.0008,0.5359,0.0034,0.2931,0.0053,0.0647,4.4751
09:44:20.355,8420.86,E 60 s / 60 s,9.0966,79.6,917504,4.85482,0.003,0.3714,0.236,0.4202,0.0002,0.0002,0.5392,0.0,0.2162,0.008,0.0638,7.2383
09:44:22.355,8422.86,E 60 s / 60 s,9.4662,78.5,917504,4.8642,0.0033,0.2958,0.2497,0.4291,0.0016,0.0002,0.5928,0.0137,0.3219,0.0,0.0614,7.4967
09:44:24.359,8424.86,E 60 s / 60 s,8.6101,79.0,917504,4.84142,0.0031,0.3941,0.2483,0.3949,0.0004,0.0002,0.6008,0.0,0.4602,0.005,0.0656,6.4374
09:44:26.356,8426.86,E 60 s / 60 s,8.4965,79.0,917504,4.86822,0.0032,0.4713,0.3522,0.4542,0.0008,0.0004,0.5472,0.0,0.4736,0.0107,0.0614,6.1216
09:44:28.355,8428.86,E 60 s / 60 s,7.1007,79.6,917504,4.92986,0.0033,0.4838,0.232,0.4129,0.0024,0.0008,0.5394,0.0,0.2677,0.0104,0.0614,5.0866
09:44:30.355,8430.86,E 60 s / 60 s,10.2371,79.0,917504,4.958,0.0032,0.2999,0.2447,0.3951,0.0004,0.0008,0.5258,0.0,0.3031,0.0131,0.0645,8.3865
09:44:32.355,8432.86,E 60 s / 60 s,8.4247,78.5,917504,5.00758,0.0033,0.3903,0.3455,0.4,0.0006,0.0008,0.5073,0.0,0.2825,0.0097,0.0609,6.4237
09:44:34.355,8434.86,E 60 s / 60 s,6.9866,79.6,917504,4.96068,0.0031,0.4351,0.3546,0.4345,0.0032,0.0002,0.5359,0.0,0.289,0.0083,0.0636,4.8591
09:44:36.355,8436.86,E 60 s / 60 s,9.5911,79.0,917504,4.99552,0.0027,0.4635,0.3534,0.4252,0.0016,0.0002,0.5031,0.0,0.3024,0.0041,0.0665,7.4684
09:44:38.355,8438.87,E 60 s / 60 s,10.3355,80.7,917504,4.87626,0.0035,0.3434,0.3859,0.4302,0.0012,0.0002,0.511,0.0,0.3075,0.0059,0.0642,8.2825
09:44:40.355,8440.87,E 60 s / 60 s,10.3305,80.7,917504,4.86822,0.0032,0.3457,0.2491,0.4266,0.0016,0.0008,0.5171,0.0102,0.3351,0.0059,0.0613,8.3738
09:44:42.356,8442.87,E 60 s / 60 s,10.1841,79.6,917504,4.8441,0.0035,0.3901,0.239,0.4142,0.0004,0.0008,0.5231,0.0034,0.4675,0.0068,0.0622,8.073
09:44:44.360,8444.87,E 60 s / 60 s,6.4979,79.6,917504,4.89904,0.0033,0.3951,0.3492,0.4241,0.0006,0.0004,0.5939,0.0035,0.3354,0.0163,0.0617,4.3144
09:44:46.356,8446.87,E 60 s / 60 s,9.9394,80.7,917504,4.8776,0.0031,0.4316,0.2803,0.399,0.001,0.0002,0.5358,0.0034,0.201,0.0082,0.0614,8.0145
09:44:48.355,8448.87,E 60 s / 60 s,9.6776,79.6,917504,4.95934,0.0039,0.2948,0.2836,0.451,0.0004,0.0002,0.5196,0.0034,0.4518,0.0103,0.0616,7.5969
09:44:50.352,8450.87,E 60 s / 60 s,3.4567,73.6,917504,5.07994,0.0032,0.2838,0.2854,0.376,0.0016,0.0004,0.5125,0.0,0.0292,0.0,0.0699,1.8947
09:44:52.357,8452.87,E 60 s / 60 s,3.2762,69.2,917504,5.09602,0.0027,0.2855,0.2223,0.376,0.0008,0.0004,0.5254,0.0,0.0443,0.0,0.0632,1.7556
09:44:54.353,8454.87,E 60 s / 60 s,4.2476,66.4,917504,5.09066,0.0032,0.2987,0.2262,0.391,0.0016,0.0002,0.5939,0.0105,0.0335,0.0,0.0682,2.6206
09:44:56.353,8456.87,E 60 s / 60 s,2.4956,64.2,917504,5.13086,0.0034,0.288,0.2214,0.3678,0.0032,0.0002,0.539,0.0,0.0368,0.0,0.0646,0.9711
09:44:58.353,8458.87,E 60 s / 60 s,2.5964,62.6,917504,5.12818,0.0028,0.3473,0.2531,0.3703,0.0024,0.0004,0.5781,0.0,0.026,0.0,0.0653,0.9507
09:45:00.353,8460.87,E 60 s / 60 s,2.504,60.9,917504,5.1322,0.0031,0.2807,0.2833,0.3608,0.0006,0.0004,0.5624,0.0,0.0259,0.0,0.0672,0.9197
09:45:02.353,8462.87,E 60 s / 60 s,2.4392,60.4,917504,5.13354,0.0031,0.3004,0.2249,0.3689,0.0008,0.0004,0.5377,0.0035,0.0303,0.0,0.0684,0.9007
09:45:04.353,8464.87,E 60 s / 60 s,2.4989,59.3,917504,5.13488,0.0031,0.3134,0.2355,0.3726,0.0016,0.0004,0.5832,0.0,0.0313,0.0,0.0703,0.8875
09:45:06.353,8466.87,E 60 s / 60 s,2.5997,58.7,917504,5.1255,0.0035,0.302,0.3451,0.3672,0.0006,0.0004,0.5946,0.0035,0.0249,0.0,0.0647,0.8933
09:45:08.354,8468.87,E 60 s / 60 s,2.3784,58.2,917504,5.13354,0.0028,0.278,0.2235,0.3632,0.0008,0.0004,0.5336,0.0,0.0293,0.0,0.0728,0.874
09:45:10.354,8470.87,E 60 s / 60 s,2.5015,57.6,917504,5.13086,0.0027,0.3518,0.2518,0.3725,0.0024,0.0004,0.5358,0.0035,0.0388,0.0,0.0661,0.8756
09:45:12.354,8472.87,E 60 s / 60 s,2.6418,58.2,917504,5.1322,0.0027,0.3761,0.2897,0.3707,0.0016,0.0002,0.6317,0.0035,0.0282,0.0,0.0691,0.8682
09:45:14.354,8474.87,E 60 s / 60 s,2.6021,57.1,917504,5.14292,0.0026,0.2791,0.2354,0.3631,0.0008,0.0,0.5488,0.0106,0.026,0.0,0.0685,1.0672
09:45:16.354,8476.87,E 60 s / 60 s,2.6744,56.5,917504,5.14292,0.0027,0.3024,0.2253,0.3684,0.0016,0.0,0.5976,0.0071,0.0334,0.0,0.0691,1.0668
09:45:18.354,8478.87,E 60 s / 60 s,2.5681,56.5,917504,5.12818,0.0028,0.3748,0.3393,0.3637,0.0008,0.0,0.5189,0.0,0.0314,0.0,0.0673,0.8692
09:45:20.354,8480.87,E 60 s / 60 s,2.3918,56.5,917504,5.14158,0.0027,0.3045,0.225,0.3653,0.0002,0.0002,0.5615,0.0,0.0292,0.0,0.0672,0.836
09:45:22.354,8482.87,E 60 s / 60 s,2.4052,56.0,917504,5.14024,0.0031,0.3279,0.2382,0.3679,0.0006,0.0,0.5365,0.0,0.0206,0.0,0.0678,0.8425
09:45:24.354,8484.87,E 60 s / 60 s,2.4206,55.4,917504,5.1322,0.0026,0.3037,0.2881,0.3617,0.0002,0.0004,0.5151,0.0035,0.039,0.0,0.0693,0.837
09:45:26.354,8486.87,E 60 s / 60 s,2.3748,54.9,917504,5.13354,0.0031,0.2766,0.2856,0.3724,0.0016,0.0004,0.5164,0.0,0.0249,0.0,0.0697,0.8241
09:45:28.354,8488.87,E 60 s / 60 s,2.5246,55.4,917504,5.1389,0.0027,0.3535,0.2547,0.3679,0.0004,0.0004,0.5915,0.0106,0.0238,0.0,0.0704,0.8486
09:45:30.354,8490.87,E 60 s / 60 s,2.4838,54.9,917504,5.13488,0.0031,0.3051,0.352,0.3636,0.0006,0.0,0.5248,0.0035,0.0313,0.0,0.0699,0.8299
09:45:32.354,8492.87,E 60 s / 60 s,2.3998,54.9,917504,5.14024,0.0029,0.2809,0.2263,0.3632,0.0,0.0004,0.5917,0.0106,0.0324,0.0,0.0672,0.8241
09:45:34.355,8494.87,E 60 s / 60 s,2.4875,55.4,917504,5.13354,0.0033,0.352,0.2544,0.3679,0.0004,0.0002,0.5947,0.0035,0.0269,0.0,0.0674,0.8168
09:45:36.355,8496.87,E 60 s / 60 s,2.4079,54.3,917504,5.1456,0.0026,0.3077,0.2886,0.3617,0.0018,0.0002,0.5221,0.0071,0.0293,0.0,0.0691,0.8177
09:45:38.355,8498.87,E 60 s / 60 s,2.4374,54.3,917504,5.1389,0.0027,0.3799,0.2346,0.3654,0.0016,0.0,0.5381,0.0071,0.0261,0.0,0.0716,0.8103
09:45:40.359,8500.87,E 60 s / 60 s,2.5507,53.8,917504,5.13354,0.0032,0.3819,0.3557,0.3671,0.0034,0.0,0.5171,0.0,0.0281,0.0,0.07,0.8241
09:45:42.355,8502.87,E 60 s / 60 s,2.4157,54.9,917504,5.13488,0.0033,0.2788,0.3547,0.3697,0.0002,0.0,0.4945,0.0,0.0271,0.0,0.0706,0.8168
09:45:44.355,8504.87,E 60 s / 60 s,2.4185,53.2,917504,5.14694,0.0034,0.3205,0.2371,0.3644,0.0032,0.0,0.581,0.0,0.028,0.0,0.0704,0.8103
09:45:46.355,8506.87,E 60 s / 60 s,2.5486,54.3,917504,5.1389,0.0027,0.366,0.3588,0.367,0.0002,0.0,0.5395,0.0,0.0314,0.0,0.0718,0.8112
09:45:48.355,8508.87,E 60 s / 60 s,2.4066,52.7,917504,5.14426,0.0032,0.3183,0.2362,0.3573,0.0016,0.0004,0.5753,0.0035,0.0323,0.0,0.0679,0.8103
09:45:50.364,8510.87,E 60 s / 60 s,7.5686,59.8,917504,5.02902,0.0027,0.4022,0.2515,0.4279,0.0016,0.0004,0.5329,0.0,0.2977,0.0109,0.069,5.5718
09:45:52.361,8512.87,E 60 s / 60 s,6.0931,63.7,917504,5.1121,0.0029,0.2792,0.2251,0.3812,0.0012,0.0002,0.5423,0.0035,0.0312,0.0,0.0664,4.5597
09:45:54.367,8514.88,E 60 s / 60 s,9.5581,69.2,917504,4.89904,0.0028,0.3019,0.3512,0.4111,0.0016,0.0004,0.5199,0.0,0.3336,0.0168,0.0674,7.5513
09:45:56.367,8516.88,E 60 s / 60 s,8.0911,69.7,917504,4.99552,0.0029,0.4051,0.2329,0.4248,0.0004,0.0002,0.5818,0.0448,0.4625,0.0135,0.0661,5.856
09:45:58.367,8518.88,E 60 s / 60 s,6.1346,71.9,917504,4.88698,0.0026,0.4005,0.3397,0.4392,0.0016,0.0002,0.5132,0.0171,0.195,0.005,0.0617,4.1588
09:46:00.368,8520.88,E 60 s / 60 s,6.9131,72.5,917504,4.99016,0.0027,0.4718,0.2505,0.4194,0.0004,0.0002,0.5296,0.0034,0.439,0.0,0.0655,4.7305
09:46:02.366,8522.88,E 60 s / 60 s,7.1813,71.9,917504,5.08932,0.0032,0.3485,0.25,0.376,0.001,0.0002,0.5701,0.0035,0.0347,0.0,0.0686,5.5255
09:46:04.371,8524.88,E 60 s / 60 s,7.8507,74.7,917504,4.88832,0.0028,0.4251,0.2488,0.3932,0.0008,0.0008,0.5332,0.0,0.1966,0.0059,0.071,5.9725
09:46:06.371,8526.88,E 60 s / 60 s,8.3304,74.1,917504,4.96202,0.003,0.3273,0.2497,0.4302,0.0004,0.0004,0.5239,0.0,0.3322,0.0068,0.0623,6.3942
09:46:08.372,8528.88,E 60 s / 60 s,6.4199,74.1,917504,5.01294,0.0032,0.3804,0.2238,0.4125,0.0004,0.0004,0.5636,0.0172,0.332,0.0107,0.0684,4.4076
09:46:10.371,8530.88,E 60 s / 60 s,9.3368,75.2,917504,5.09736,0.0033,0.3234,0.2528,0.4177,0.0032,0.0004,0.5398,0.0,0.2677,0.0065,0.0651,7.4567
09:46:12.376,8532.88,E 60 s / 60 s,7.158,76.8,917504,4.84946,0.0033,0.359,0.2367,0.4079,0.0004,0.0008,0.5881,0.0069,0.4736,0.01,0.0655,5.0058
09:46:14.373,8534.88,E 60 s / 60 s,10.0487,75.7,917504,4.88698,0.0035,0.3445,0.232,0.4141,0.0006,0.0008,0.5365,0.0137,0.1978,0.0003,0.0612,8.2437
09:46:16.375,8536.88,E 60 s / 60 s,8.7044,76.3,917504,4.8776,0.0031,0.3473,0.3457,0.3944,0.0008,0.0002,0.5067,0.0069,0.3671,0.0171,0.0627,6.6524
09:46:18.376,8538.88,E 60 s / 60 s,4.9682,76.8,917504,4.97274,0.0031,0.2837,0.2504,0.374,0.0016,0.0008,0.5254,0.0,0.4544,0.0018,0.063,3.0102
09:46:20.379,8540.89,E 60 s / 60 s,7.3955,77.9,917504,4.88832,0.0032,0.3456,0.2486,0.4053,0.0016,0.0002,0.5215,0.0069,0.4758,0.0059,0.0624,5.3185
09:46:22.379,8542.89,E 60 s / 60 s,8.1316,77.4,917504,4.97274,0.003,0.3248,0.2442,0.3826,0.0006,0.0002,0.5465,0.0,0.2,0.0053,0.0639,6.3606
09:46:24.380,8544.89,E 60 s / 60 s,6.7983,76.3,917504,4.93924,0.0031,0.3903,0.2252,0.4164,0.0008,0.0002,0.5391,0.0,0.267,0.0041,0.067,4.8851
09:46:26.379,8546.89,E 60 s / 60 s,9.9886,77.4,917504,5.092,0.003,0.4475,0.2823,0.3981,0.0004,0.0002,0.5304,0.0,0.2768,0.0106,0.0631,7.9763
09:46:28.383,8548.89,E 60 s / 60 s,8.5397,78.5,917504,5.00222,0.0031,0.3442,0.2238,0.4054,0.002,0.0002,0.5323,0.0068,0.4008,0.0,0.0632,6.5578
09:46:30.383,8550.89,E 60 s / 60 s,6.3346,78.5,917504,4.99284,0.003,0.4487,0.3536,0.4067,0.0012,0.0002,0.5167,0.0,0.2,0.0,0.0621,4.3423
09:46:32.383,8552.89,E 60 s / 60 s,9.9274,79.0,917504,4.88162,0.0031,0.351,0.2239,0.4355,0.0006,0.0002,0.523,0.0,0.4061,0.0243,0.0623,7.8974
09:46:34.383,8554.89,E 60 s / 60 s,8.3338,78.5,917504,4.88832,0.0035,0.3736,0.2242,0.4319,0.0004,0.0002,0.5336,0.0,0.4053,0.0091,0.0657,6.2863
09:46:36.383,8556.89,E 60 s / 60 s,8.2074,79.0,917504,4.8776,0.0031,0.3942,0.3535,0.4392,0.0016,0.0002,0.5221,0.0,0.4949,0.0018,0.0627,5.9341
09:46:38.383,8558.89,E 60 s / 60 s,9.884,79.0,917504,4.86822,0.0032,0.3688,0.2253,0.4252,0.0016,0.0004,0.5405,0.0,0.2156,0.0006,0.0653,8.0374
09:46:40.391,8560.9,E 60 s / 60 s,9.728,79.0,917504,4.86018,0.0029,0.347,0.2238,0.4261,0.0004,0.0008,0.5358,0.0,0.4761,0.0041,0.0632,7.6477
09:46:42.388,8562.9,E 60 s / 60 s,6.8805,79.0,917504,4.97676,0.0036,0.3967,0.2311,0.4255,0.0008,0.0008,0.5842,0.0068,0.441,0.0115,0.0647,4.7137
09:46:44.387,8564.9,E 60 s / 60 s,7.1817,80.1,917504,4.92584,0.0031,0.3984,0.2821,0.4269,0.0012,0.0,0.5167,0.0138,0.4902,0.0101,0.0653,4.9739
09:46:46.391,8566.9,E 60 s / 60 s,9.9183,79.0,917504,4.93924,0.0028,0.3952,0.233,0.4234,0.0016,0.0008,0.5737,0.0172,0.5286,0.0115,0.0662,7.6641
09:46:48.387,8568.9,E 60 s / 60 s,9.964,80.1,917504,4.96738,0.0032,0.4333,0.3526,0.3991,0.0016,0.0004,0.5264,0.0,0.238,0.0053,0.0633,7.9409
09:46:50.383,8570.9,E 60 s / 60 s,3.5658,73.0,917504,5.08932,0.0027,0.2955,0.32,0.3855,0.0016,0.0004,0.5317,0.007,0.0562,0.0,0.0641,1.9012
09:46:52.383,8572.9,E 60 s / 60 s,3.4195,68.6,917504,5.10674,0.0036,0.2981,0.3513,0.3739,0.0012,0.0002,0.5391,0.0,0.0261,0.0,0.0693,1.7567
09:46:54.383,8574.9,E 60 s / 60 s,3.273,67.0,917504,5.1121,0.0027,0.3001,0.2565,0.3742,0.0016,0.0002,0.5323,0.0,0.0315,0.0,0.0695,1.7043
09:46:56.384,8576.9,E 60 s / 60 s,2.7621,64.8,917504,5.1322,0.0028,0.3755,0.3565,0.369,0.0008,0.0002,0.5875,0.0,0.0335,0.0,0.0659,0.9704
09:46:58.384,8578.9,E 60 s / 60 s,2.7199,62.0,917504,5.14292,0.0027,0.3488,0.2494,0.3672,0.0008,0.0004,0.6011,0.0,0.0281,0.0,0.0734,1.0479
09:47:00.388,8580.9,E 60 s / 60 s,2.7077,60.9,917504,5.12282,0.0032,0.3762,0.2515,0.3662,0.0018,0.0002,0.5326,0.0,0.028,0.0,0.0679,1.08
09:47:02.384,8582.9,E 60 s / 60 s,2.4706,60.4,917504,5.13488,0.0027,0.3005,0.2862,0.3635,0.0016,0.0,0.5053,0.0035,0.0302,0.0,0.0692,0.9078
09:47:04.384,8584.9,E 60 s / 60 s,2.4414,59.3,917504,5.14024,0.0029,0.3007,0.2279,0.3602,0.0014,0.0004,0.5607,0.0035,0.027,0.0,0.0691,0.8875
09:47:06.384,8586.9,E 60 s / 60 s,2.5386,58.7,917504,5.13354,0.0029,0.3518,0.2893,0.3673,0.0008,0.0002,0.5333,0.0,0.0326,0.0,0.0729,0.8875
09:47:08.384,8588.9,E 60 s / 60 s,3.7204,58.2,917504,5.12282,0.0026,0.3018,0.3542,0.3893,0.0032,0.0002,0.4978,0.0,0.2265,0.0054,0.068,1.8715
09:47:10.384,8590.9,E 60 s / 60 s,2.409,57.6,917504,5.1389,0.003,0.3025,0.2233,0.3619,0.0016,0.0004,0.5394,0.0035,0.0399,0.0,0.0717,0.8618
09:47:12.384,8592.9,E 60 s / 60 s,2.5541,57.6,917504,5.13086,0.0031,0.3037,0.3935,0.3678,0.0016,0.0,0.5197,0.0,0.0313,0.0,0.0653,0.8682
09:47:14.384,8594.9,E 60 s / 60 s,2.4174,57.1,917504,5.1456,0.0032,0.2889,0.2522,0.3654,0.0016,0.0002,0.5413,0.0106,0.0314,0.0,0.0672,0.8553
09:47:16.384,8596.9,E 60 s / 60 s,2.4379,57.1,917504,5.14292,0.0033,0.3028,0.2216,0.3697,0.0032,0.0,0.5753,0.0106,0.0357,0.0,0.0673,0.8483
09:47:18.384,8598.9,E 60 s / 60 s,2.5011,56.5,917504,5.12818,0.0027,0.3027,0.3456,0.3626,0.0016,0.0,0.5358,0.0106,0.0259,0.0,0.071,0.8425
09:47:20.384,8600.9,E 60 s / 60 s,2.4559,56.0,917504,5.13622,0.0031,0.38,0.2357,0.3635,0.0004,0.0002,0.522,0.0035,0.0313,0.0,0.0728,0.8434
09:47:22.384,8602.9,E 60 s / 60 s,2.5316,56.0,917504,5.13622,0.0031,0.3783,0.2859,0.3667,0.0002,0.0,0.5399,0.0035,0.0346,0.0,0.0703,0.8489
09:47:24.389,8604.9,E 60 s / 60 s,2.4523,55.4,917504,5.13354,0.0027,0.3051,0.3397,0.3672,0.0008,0.0004,0.5006,0.0,0.0292,0.0,0.0705,0.836
09:47:26.385,8606.9,E 60 s / 60 s,2.3561,56.5,917504,5.14962,0.0031,0.3043,0.2233,0.367,0.0002,0.0004,0.539,0.0,0.0325,0.0,0.0698,0.8164
09:47:28.385,8608.9,E 60 s / 60 s,2.4148,56.0,917504,5.1389,0.003,0.3038,0.2287,0.3632,0.0006,0.0004,0.5659,0.0142,0.0399,0.0,0.0654,0.8296
09:47:30.385,8610.9,E 60 s / 60 s,2.44,54.9,917504,5.1456,0.0027,0.3039,0.3241,0.3704,0.0,0.0002,0.5131,0.0,0.0324,0.0,0.07,0.8232
09:47:32.385,8612.9,E 60 s / 60 s,2.3919,55.4,917504,5.14426,0.0026,0.3055,0.2216,0.3697,0.0016,0.0002,0.5592,0.0106,0.0303,0.0,0.0729,0.8177
09:47:34.385,8614.9,E 60 s / 60 s,2.3414,54.3,917504,5.14694,0.0028,0.2797,0.237,0.3661,0.0002,0.0004,0.5365,0.0106,0.0227,0.0,0.0686,0.8168
09:47:36.385,8616.9,E 60 s / 60 s,2.4313,54.3,917504,5.13756,0.0027,0.2812,0.3388,0.3697,0.0002,0.0002,0.5139,0.0035,0.0335,0.0,0.0705,0.8171
09:47:38.385,8618.9,E 60 s / 60 s,2.4399,54.9,917504,5.1456,0.0027,0.3058,0.3502,0.3654,0.0016,0.0,0.5125,0.0,0.0303,0.0,0.0674,0.8039
09:47:40.385,8620.9,E 60 s / 60 s,2.3666,53.8,917504,5.14158,0.0031,0.3044,0.2348,0.3671,0.0002,0.0,0.5365,0.0,0.0345,0.0,0.0692,0.8168
09:47:42.385,8622.9,E 60 s / 60 s,2.3528,53.8,917504,5.14292,0.0025,0.2831,0.2715,0.3697,0.0006,0.0,0.5198,0.0,0.0259,0.0,0.0754,0.8042
09:47:44.385,8624.9,E 60 s / 60 s,2.5224,53.2,917504,5.13354,0.0027,0.3033,0.3836,0.3682,0.0032,0.0002,0.5358,0.0036,0.0377,0.0,0.0674,0.8168
09:47:46.385,8626.9,E 60 s / 60 s,2.629,53.8,917504,5.14158,0.0026,0.3562,0.3893,0.3654,0.0016,0.0,0.6007,0.0178,0.0227,0.0,0.068,0.8048
09:47:48.385,8628.9,E 60 s / 60 s,2.3677,53.8,917504,5.1456,0.0026,0.2757,0.2892,0.3665,0.0002,0.0002,0.5202,0.0035,0.0249,0.0,0.0736,0.8109
09:47:50.391,8630.9,E 60 s / 60 s,6.5019,59.3,917504,4.95264,0.0032,0.375,0.2241,0.4663,0.0006,0.0008,0.5492,0.0,0.5132,0.0035,0.0668,4.2991
09:47:52.387,8632.9,E 60 s / 60 s,9.4685,65.3,917504,4.97274,0.0027,0.4128,0.2842,0.415,0.0002,0.0002,0.5333,0.0034,0.1787,0.0059,0.0671,7.565
09:47:54.391,8634.9,E 60 s / 60 s,6.5736,68.1,917504,5.03572,0.0025,0.3768,0.2827,0.4463,0.0016,0.0008,0.5102,0.0173,0.3418,0.0053,0.0626,4.5258
09:47:56.394,8636.9,E 60 s / 60 s,6.3977,70.8,917504,4.90708,0.0026,0.3506,0.3368,0.3954,0.0002,0.0,0.5169,0.0068,0.2684,0.0,0.0657,4.4542
09:47:58.391,8638.9,E 60 s / 60 s,9.3329,71.4,917504,4.92986,0.0032,0.3379,0.2832,0.4255,0.0032,0.0002,0.5358,0.0,0.3343,0.0163,0.0625,7.3307
09:48:00.387,8640.9,E 60 s / 60 s,9.8798,71.9,917504,5.10004,0.003,0.4511,0.2466,0.4114,0.0006,0.0002,0.5289,0.0035,0.3366,0.0065,0.0683,7.8232
09:48:02.390,8642.9,E 60 s / 60 s,9.0904,74.1,917504,4.87894,0.0023,0.3964,0.2265,0.409,0.0004,0.0004,0.585,0.0,0.3375,0.0,0.0656,7.0673
09:48:04.387,8644.9,E 60 s / 60 s,8.2133,74.1,917504,5.01428,0.0031,0.4032,0.234,0.4132,0.0026,0.0008,0.5198,0.0,0.5163,0.0138,0.065,6.0413
09:48:06.387,8646.9,E 60 s / 60 s,8.1445,74.7,917504,4.87894,0.0029,0.3465,0.2829,0.4397,0.0002,0.0002,0.5167,0.0205,0.4699,0.0132,0.0657,5.9861
09:48:08.387,8648.9,E 60 s / 60 s,6.9903,73.6,917504,4.89368,0.0031,0.4003,0.3773,0.4214,0.0,0.0002,0.5748,0.0068,0.463,0.0109,0.0617,4.6707
09:48:10.387,8650.9,E 60 s / 60 s,10.0946,75.7,917504,4.89368,0.0031,0.3474,0.3547,0.4164,0.0024,0.0002,0.5103,0.0102,0.3388,0.0142,0.0648,8.0321
09:48:12.387,8652.9,E 60 s / 60 s,10.1012,76.8,917504,4.86018,0.0036,0.3254,0.2475,0.4144,0.0008,0.0002,0.5135,0.0274,0.4786,0.0106,0.0625,8.0168
09:48:14.391,8654.9,E 60 s / 60 s,10.5146,76.8,917504,4.89904,0.003,0.4081,0.3803,0.4076,0.0016,0.0008,0.535,0.0,0.4913,0.0,0.0686,8.2183
09:48:16.392,8656.9,E 60 s / 60 s,10.0387,76.8,917504,4.90976,0.003,0.3968,0.3546,0.3998,0.0004,0.0002,0.5915,0.0,0.1979,0.0044,0.0629,8.0271
09:48:18.395,8658.9,E 60 s / 60 s,7.572,75.2,917504,4.97006,0.0032,0.397,0.2345,0.431,0.0004,0.0008,0.5928,0.0034,0.442,0.0118,0.0656,5.3895
09:48:20.391,8660.9,E 60 s / 60 s,10.1343,76.8,917504,5.08798,0.0031,0.3482,0.2231,0.4094,0.0012,0.0008,0.5488,0.0,0.3368,0.0088,0.0687,8.1852
09:48:22.395,8662.9,E 60 s / 60 s,10.2435,78.5,917504,4.85616,0.0029,0.4796,0.354,0.4232,0.0016,0.0008,0.5393,0.0136,0.2667,0.0024,0.0612,8.0983
09:48:24.396,8664.9,E 60 s / 60 s,9.9585,77.4,917504,4.88296,0.0035,0.3468,0.3408,0.4194,0.0018,0.0008,0.5338,0.0,0.3558,0.0148,0.0618,7.8792
09:48:26.396,8666.9,E 60 s / 60 s,6.745,76.8,917504,4.92718,0.0031,0.4721,0.2531,0.4062,0.0004,0.0008,0.5907,0.0,0.2153,0.0059,0.067,4.7305
09:48:28.394,8668.9,E 60 s / 60 s,6.486,77.4,917504,5.09736,0.0031,0.4467,0.2846,0.3724,0.0004,0.0004,0.581,0.0242,0.2259,0.0,0.0641,4.4833
09:48:30.397,8670.91,E 60 s / 60 s,10.0893,77.9,917504,4.97676,0.0047,0.4384,0.3521,0.4097,0.0008,0.0008,0.5422,0.0,0.2717,0.0024,0.0647,8.0018
09:48:32.399,8672.91,E 60 s / 60 s,7.6509,79.0,917504,4.97676,0.0029,0.3933,0.4042,0.4111,0.0004,0.0004,0.5393,0.0102,0.3552,0.0053,0.0643,5.4644
09:48:34.399,8674.91,E 60 s / 60 s,10.4039,78.5,917504,4.88832,0.0031,0.4206,0.2821,0.4269,0.0008,0.0002,0.5284,0.0,0.1501,0.0006,0.0636,8.5275
09:48:36.399,8676.91,E 60 s / 60 s,7.0965,78.5,917504,4.90842,0.0035,0.3962,0.3187,0.4132,0.0004,0.0,0.4956,0.0,0.441,0.0142,0.0628,4.9508
09:48:38.398,8678.91,E 60 s / 60 s,6.6795,77.4,917504,5.08128,0.0037,0.2951,0.3509,0.3777,0.0012,0.0004,0.5329,0.0,0.0367,0.0,0.0628,5.018
09:48:40.403,8680.91,E 60 s / 60 s,10.1848,79.6,917504,4.93924,0.003,0.3966,0.2472,0.3825,0.0004,0.0004,0.5655,0.0,0.2691,0.0,0.066,8.2541
09:48:42.403,8682.91,E 60 s / 60 s,10.1425,79.0,917504,4.88832,0.0034,0.4714,0.2834,0.4081,0.0012,0.0002,0.5842,0.0,0.4734,0.0,0.0633,7.854
09:48:44.407,8684.92,E 60 s / 60 s,10.3723,79.0,917504,4.88698,0.003,0.3407,0.2307,0.4249,0.0016,0.0008,0.6213,0.0,0.5042,0.0,0.065,8.1801
09:48:46.416,8686.92,E 60 s / 60 s,8.5621,78.5,917504,4.88832,0.0031,0.487,0.2838,0.4304,0.0016,0.0002,0.5423,0.0,0.4746,0.0106,0.0648,6.2637
09:48:48.411,8688.92,E 60 s / 60 s,8.0843,81.8,917504,4.8642,0.0035,0.315,0.283,0.4249,0.0004,0.0004,0.5077,0.0,0.5162,0.0151,0.0613,5.9566
09:48:50.403,8690.92,E 60 s / 60 s,3.5715,75.2,917504,5.09066,0.0028,0.3086,0.2258,0.3865,0.0016,0.0008,0.581,0.0,0.0551,0.0,0.0674,1.9418
09:48:52.403,8692.92,E 60 s / 60 s,3.4431,69.7,917504,5.10272,0.0027,0.299,0.3554,0.3775,0.0016,0.0002,0.5229,0.0,0.0216,0.0,0.0668,1.7954
09:48:54.403,8694.92,E 60 s / 60 s,3.2594,67.0,917504,5.11344,0.003,0.2833,0.2519,0.3769,0.0008,0.0002,0.5284,0.0035,0.0335,0.0,0.0676,1.7103
09:48:56.403,8696.92,E 60 s / 60 s,2.7063,64.2,917504,5.12282,0.0029,0.3004,0.3466,0.3637,0.0008,0.0002,0.5123,0.007,0.0302,0.0,0.0678,1.0744
09:48:58.403,8698.92,E 60 s / 60 s,2.5828,62.6,917504,5.13488,0.0036,0.3008,0.3558,0.3619,0.0016,0.0004,0.5199,0.007,0.026,0.0,0.0671,0.9386
09:49:00.404,8700.92,E 60 s / 60 s,2.7014,62.0,917504,5.13622,0.003,0.3891,0.3576,0.3637,0.001,0.0002,0.5652,0.0,0.0313,0.0,0.0647,0.9257
09:49:02.404,8702.92,E 60 s / 60 s,2.5598,60.4,917504,5.1322,0.0031,0.3496,0.2878,0.3668,0.0012,0.0004,0.5394,0.0,0.026,0.0,0.0655,0.92
09:49:04.404,8704.92,E 60 s / 60 s,2.4922,59.8,917504,5.1322,0.0031,0.2815,0.2244,0.3715,0.0032,0.0004,0.5971,0.0071,0.0323,0.0,0.0716,0.9
09:49:06.404,8706.92,E 60 s / 60 s,2.5253,59.3,917504,5.14024,0.0031,0.3073,0.2367,0.365,0.0004,0.0002,0.6206,0.0071,0.0281,0.0,0.0697,0.8872
09:49:08.408,8708.92,E 60 s / 60 s,2.5508,58.7,917504,5.1322,0.0028,0.3517,0.2523,0.372,0.0008,0.0004,0.5886,0.0035,0.0304,0.0,0.0672,0.8811
09:49:10.404,8710.92,E 60 s / 60 s,2.3617,58.2,917504,5.14024,0.003,0.277,0.2233,0.3662,0.0032,0.0004,0.5189,0.0,0.0324,0.0,0.0689,0.8682
09:49:12.404,8712.92,E 60 s / 60 s,2.6028,58.2,917504,5.1322,0.0032,0.3643,0.2879,0.3687,0.0008,0.0004,0.6073,0.0,0.0302,0.0,0.066,0.874
09:49:14.404,8714.92,E 60 s / 60 s,2.5797,57.1,917504,5.13354,0.0032,0.3706,0.3577,0.3684,0.0008,0.0002,0.5196,0.0,0.0291,0.0,0.0686,0.8614
09:49:16.404,8716.92,E 60 s / 60 s,2.389,57.6,917504,5.14158,0.0024,0.2768,0.2208,0.3706,0.0016,0.0004,0.541,0.0,0.0496,0.0,0.0704,0.8553
09:49:18.404,8718.92,E 60 s / 60 s,2.5468,56.5,917504,5.1255,0.0031,0.3025,0.3549,0.3666,0.0004,0.0,0.5593,0.0,0.0314,0.0,0.0659,0.8627
09:49:20.404,8720.92,E 60 s / 60 s,2.4866,56.5,917504,5.1322,0.0031,0.3024,0.3545,0.3667,0.0032,0.0,0.5142,0.0035,0.0315,0.0,0.0705,0.837
09:49:22.404,8722.92,E 60 s / 60 s,2.4266,56.5,917504,5.14292,0.0034,0.3146,0.2551,0.3696,0.0016,0.0,0.5401,0.0,0.0324,0.0,0.0673,0.8425
09:49:24.404,8724.92,E 60 s / 60 s,2.5331,56.0,917504,5.13354,0.0028,0.3534,0.2548,0.3584,0.0016,0.0,0.6156,0.0,0.0281,0.0,0.0692,0.8492
09:49:26.404,8726.92,E 60 s / 60 s,2.4879,56.0,917504,5.13488,0.0027,0.3027,0.354,0.365,0.0008,0.0002,0.5229,0.0071,0.0194,0.0,0.0697,0.8434
09:49:28.405,8728.92,E 60 s / 60 s,2.359,55.4,917504,5.14024,0.0031,0.3026,0.2242,0.3619,0.0008,0.0004,0.5349,0.0,0.0249,0.0,0.0698,0.8364
09:49:30.405,8730.92,E 60 s / 60 s,2.4341,56.0,917504,5.1389,0.0031,0.304,0.2368,0.3679,0.0006,0.0,0.598,0.0,0.0249,0.0,0.0691,0.8296
09:49:32.405,8732.92,E 60 s / 60 s,2.3098,56.5,917504,5.13622,0.003,0.2794,0.221,0.3733,0.0002,0.0,0.5098,0.0035,0.0269,0.0,0.0685,0.8241
09:49:34.405,8734.92,E 60 s / 60 s,2.3378,56.5,917504,5.14292,0.0028,0.2794,0.2262,0.3602,0.0016,0.0004,0.5413,0.0106,0.0259,0.0,0.0717,0.8177
09:49:36.405,8736.92,E 60 s / 60 s,2.4474,54.9,917504,5.1389,0.0027,0.3558,0.2569,0.3684,0.0002,0.0004,0.5391,0.0,0.0292,0.0,0.0655,0.8293
09:49:38.405,8738.92,E 60 s / 60 s,2.4557,54.3,917504,5.1322,0.003,0.3045,0.3405,0.3733,0.0004,0.0002,0.5004,0.0,0.0313,0.0,0.0661,0.836
09:49:40.405,8740.92,E 60 s / 60 s,2.4427,54.3,917504,5.14292,0.003,0.3045,0.2287,0.3737,0.0,0.0,0.6008,0.0035,0.0379,0.0,0.0667,0.8238
09:49:42.405,8742.92,E 60 s / 60 s,2.4402,54.3,917504,5.1456,0.0031,0.2796,0.3227,0.3644,0.0006,0.0002,0.5215,0.0,0.0324,0.0,0.0729,0.8428
09:49:44.405,8744.92,E 60 s / 60 s,2.3756,54.9,917504,5.1456,0.003,0.2858,0.2354,0.3626,0.0006,0.0,0.5142,0.0035,0.0249,0.0,0.0703,0.8753
09:49:46.405,8746.92,E 60 s / 60 s,2.421,54.9,917504,5.14158,0.0027,0.3044,0.2219,0.367,0.0016,0.0,0.5524,0.0035,0.0302,0.0,0.0697,0.8676
09:49:48.405,8748.92,E 60 s / 60 s,2.4943,54.3,917504,5.13756,0.0026,0.3036,0.3489,0.3653,0.0032,0.0,0.5359,0.0107,0.0324,0.0,0.0685,0.8232
09:49:50.411,8750.92,E 60 s / 60 s,9.2621,59.3,917504,4.95264,0.0026,0.4027,0.2854,0.4164,0.0012,0.0008,0.5426,0.0,0.2411,0.0065,0.0673,7.2955
09:49:52.408,8752.92,E 60 s / 60 s,8.8568,64.2,917504,5.024999,0.0028,0.3628,0.3524,0.4202,0.0065,0.0002,0.5133,0.0069,0.3996,0.0195,0.0628,6.7098
09:49:54.411,8754.92,E 60 s / 60 s,8.0827,68.1,917504,4.90976,0.0032,0.4717,0.3533,0.4007,0.0,0.0004,0.5765,0.0,0.1977,0.0044,0.0659,6.0089
09:49:56.408,8756.92,E 60 s / 60 s,9.3638,70.8,917504,4.92048,0.0032,0.3995,0.2501,0.4006,0.0065,0.0,0.5943,0.0,0.1946,0.0006,0.0671,7.4474
09:49:58.519,8758.92,E 60 s / 60 s,7.0342,71.4,917504,4.97274,0.0033,0.3254,0.2197,0.3901,0.0032,0.0008,0.5455,0.0,0.1115,0.003,0.0676,5.3641
09:50:00.407,8760.92,E 60 s / 60 s,6.1824,73.0,917504,4.8843,0.0032,0.4008,0.3518,0.4637,0.0004,0.0008,0.5204,0.0,0.3478,0.0098,0.065,4.0188
09:50:02.408,8762.92,E 60 s / 60 s,8.4411,73.0,917504,4.9312,0.003,0.3871,0.2809,0.4498,0.0008,0.0002,0.5004,0.0,0.4594,0.0091,0.0662,6.2841
09:50:04.407,8764.92,E 60 s / 60 s,10.0263,74.7,917504,4.87894,0.003,0.3996,0.3371,0.4114,0.0008,0.0002,0.5086,0.0,0.2872,0.0071,0.0645,8.0068
09:50:06.407,8766.92,E 60 s / 60 s,9.3471,75.2,917504,4.98212,0.0031,0.3935,0.2826,0.3883,0.0016,0.0002,0.5842,0.0138,0.0798,0.0,0.0639,7.536
09:50:08.412,8768.92,E 60 s / 60 s,7.8197,75.2,917504,4.891,0.003,0.431,0.3504,0.454,0.0016,0.0002,0.5834,0.0242,0.3803,0.0148,0.065,5.5117
09:50:10.411,8770.92,E 60 s / 60 s,7.3952,76.3,917504,4.8642,0.003,0.3967,0.3362,0.4159,0.0006,0.0,0.5268,0.0308,0.4692,0.005,0.0611,5.1499
09:50:12.407,8772.92,E 60 s / 60 s,8.0557,75.7,917504,4.88296,0.0027,0.3983,0.2248,0.4218,0.0008,0.0002,0.5639,0.0,0.4694,0.0095,0.0642,5.9002
09:50:14.411,8774.92,E 60 s / 60 s,6.1719,76.8,917504,5.08932,0.0033,0.4847,0.3535,0.3808,0.0006,0.0004,0.5229,0.0,0.0325,0.0054,0.0635,4.3243
09:50:16.411,8776.92,E 60 s / 60 s,9.9591,77.4,917504,4.9513,0.0028,0.3511,0.2328,0.3981,0.0002,0.0004,0.5961,0.0,0.2889,0.0009,0.0633,8.0247
09:50:18.411,8778.92,E 60 s / 60 s,9.2781,77.4,917504,4.84812,0.0029,0.4189,0.2501,0.4043,0.0016,0.0002,0.5358,0.0,0.1396,0.0041,0.0622,7.4585
09:50:20.412,8780.92,E 60 s / 60 s,10.1112,77.4,917504,4.88698,0.0032,0.3457,0.3512,0.4073,0.0008,0.0002,0.5296,0.0034,0.1997,0.0009,0.0587,8.2104
09:50:22.411,8782.92,E 60 s / 60 s,7.5341,77.9,917504,4.88698,0.0031,0.3972,0.2863,0.426,0.0012,0.0,0.5164,0.0,0.4778,0.0089,0.0632,5.354
09:50:24.411,8784.92,E 60 s / 60 s,10.3554,78.5,917504,4.86956,0.0033,0.3078,0.3487,0.3976,0.0004,0.0002,0.5118,0.0102,0.2649,0.0024,0.0597,8.4485
09:50:26.411,8786.92,E 60 s / 60 s,8.6343,79.0,917504,4.86688,0.0029,0.4718,0.2821,0.4067,0.0004,0.0008,0.535,0.0,0.1913,0.003,0.0566,6.6837
09:50:28.411,8788.92,E 60 s / 60 s,10.386,79.6,917504,4.86286,0.0033,0.3465,0.3621,0.4004,0.0,0.0002,0.5167,0.0,0.4405,0.0062,0.0612,8.2488
09:50:30.412,8790.92,E 60 s / 60 s,7.3488,79.0,917504,4.90842,0.0032,0.3719,0.404,0.4185,0.0,0.0004,0.5003,0.0,0.3339,0.0085,0.0637,5.2444
09:50:32.412,8792.92,E 60 s / 60 s,8.1424,79.0,917504,4.89636,0.0034,0.3972,0.3513,0.4301,0.0008,0.0002,0.5949,0.0035,0.4908,0.0097,0.0625,5.7981
09:50:34.411,8794.92,E 60 s / 60 s,8.65,79.6,917504,4.94058,0.0033,0.3966,0.2231,0.4302,0.0004,0.0002,0.5326,0.0,0.201,0.0071,0.0656,6.7899
09:50:36.415,8796.92,E 60 s / 60 s,9.9264,79.0,917504,4.86688,0.0033,0.3285,0.2832,0.4143,0.0012,0.0004,0.51,0.0034,0.3389,0.0,0.0621,7.981
09:50:38.412,8798.92,E 60 s / 60 s,7.1842,80.7,917504,4.89636,0.0031,0.395,0.3487,0.432,0.0024,0.0008,0.5077,0.0,0.445,0.0142,0.0616,4.9737
09:50:40.411,8800.92,E 60 s / 60 s,10.3365,80.7,917504,4.8508,0.0031,0.3178,0.3524,0.4284,0.0012,0.0002,0.5275,0.0,0.5412,0.0098,0.0642,8.0906
09:50:42.411,8802.92,E 60 s / 60 s,10.2195,80.1,917504,4.88832,0.0033,0.414,0.3501,0.423,0.0,0.0002,0.5358,0.0,0.4843,0.0,0.063,7.9457
09:50:44.411,8804.92,E 60 s / 60 s,9.8596,79.6,917504,4.8776,0.0029,0.3934,0.2259,0.4572,0.0008,0.0002,0.5231,0.0069,0.2173,0.013,0.0603,7.9583
09:50:46.411,8806.92,E 60 s / 60 s,7.1075,80.7,917504,4.95264,0.0032,0.4719,0.2844,0.4349,0.0018,0.0008,0.5399,0.0,0.3052,0.0044,0.0612,4.9998
09:50:48.415,8808.92,E 60 s / 60 s,6.5601,81.2,917504,4.94728,0.0031,0.3927,0.2867,0.4235,0.002,0.0008,0.5231,0.0,0.2951,0.0056,0.062,4.5654
09:50:50.411,8810.92,E 60 s / 60 s,3.6492,76.3,917504,5.10004,0.0029,0.2831,0.2842,0.3964,0.0004,0.0002,0.5142,0.014,0.1116,0.0,0.0647,1.9775
09:50:52.411,8812.92,E 60 s / 60 s,3.5091,70.3,917504,5.1054,0.0032,0.3473,0.3522,0.3721,0.0006,0.0002,0.5164,0.007,0.0584,0.0,0.064,1.7878
09:50:54.411,8814.92,E 60 s / 60 s,3.3222,68.1,917504,5.0987,0.0026,0.2983,0.2347,0.3707,0.0016,0.0008,0.5703,0.021,0.0377,0.0,0.0643,1.7201
09:50:56.411,8816.92,E 60 s / 60 s,2.7583,64.8,917504,5.12416,0.0031,0.2996,0.3537,0.3724,0.0002,0.0002,0.5133,0.0106,0.1257,0.0,0.069,1.0104
09:50:58.411,8818.92,E 60 s / 60 s,2.492,63.7,917504,5.1322,0.0028,0.286,0.2359,0.365,0.0008,0.0004,0.5456,0.0,0.027,0.0,0.0703,0.9582
09:51:00.411,8820.92,E 60 s / 60 s,2.559,62.0,917504,5.12148,0.0028,0.2993,0.3546,0.36,0.0008,0.0002,0.4996,0.007,0.0323,0.0,0.0633,0.9389
09:51:02.412,8822.92,E 60 s / 60 s,2.4829,60.9,917504,5.14024,0.0026,0.3003,0.2849,0.3653,0.001,0.0002,0.51,0.0,0.0303,0.0,0.0677,0.9207
09:51:04.412,8824.92,E 60 s / 60 s,2.5158,60.9,917504,5.13354,0.0033,0.3002,0.254,0.367,0.0016,0.0004,0.5811,0.0,0.039,0.0,0.0691,0.9
09:51:06.412,8826.92,E 60 s / 60 s,2.5181,59.3,917504,5.14292,0.0028,0.352,0.2518,0.3696,0.0004,0.0002,0.5391,0.0035,0.0303,0.0,0.0684,0.9
09:51:08.412,8828.92,E 60 s / 60 s,2.4309,59.3,917504,5.13354,0.0028,0.3014,0.2214,0.3608,0.0032,0.0002,0.5365,0.0106,0.0519,0.0,0.0673,0.8746
09:51:10.412,8830.92,E 60 s / 60 s,2.4602,58.2,917504,5.13354,0.0028,0.301,0.254,0.3619,0.0016,0.0004,0.5607,0.0,0.0378,0.0,0.066,0.874
09:51:12.412,8832.92,E 60 s / 60 s,2.4721,57.6,917504,5.13622,0.0028,0.3518,0.2533,0.3637,0.0016,0.0002,0.5381,0.0,0.0269,0.0,0.066,0.8676
09:51:14.412,8834.92,E 60 s / 60 s,2.5368,57.6,917504,5.13488,0.0031,0.3004,0.2337,0.3665,0.0006,0.0004,0.5911,0.0,0.0313,0.0,0.0647,0.9449
09:51:16.412,8836.92,E 60 s / 60 s,2.657,57.6,917504,5.13354,0.0031,0.3765,0.355,0.3644,0.0004,0.0002,0.5896,0.0035,0.027,0.0,0.0691,0.8682
09:51:18.412,8838.92,E 60 s / 60 s,2.5846,57.6,917504,5.13622,0.0027,0.3534,0.3546,0.3707,0.0016,0.0004,0.5453,0.0,0.028,0.0,0.0655,0.8624
09:51:20.412,8840.92,E 60 s / 60 s,2.5001,57.1,917504,5.1322,0.0028,0.3004,0.3574,0.3632,0.0006,0.0004,0.5174,0.0,0.0249,0.0,0.0704,0.8624
09:51:22.412,8842.92,E 60 s / 60 s,2.4044,56.5,917504,5.14024,0.0031,0.3019,0.2361,0.3668,0.0,0.0,0.5555,0.0035,0.028,0.0,0.066,0.8434
09:51:24.412,8844.92,E 60 s / 60 s,2.3729,56.5,917504,5.13354,0.0033,0.3018,0.2216,0.3724,0.0018,0.0002,0.539,0.0,0.0313,0.0,0.0648,0.8367
09:51:26.412,8846.93,E 60 s / 60 s,2.4751,56.0,917504,5.13488,0.0032,0.3035,0.321,0.3672,0.0016,0.0004,0.5161,0.0071,0.0345,0.0,0.071,0.8495
09:51:28.412,8848.93,E 60 s / 60 s,2.4146,56.0,917504,5.11344,0.0025,0.303,0.2358,0.3707,0.0016,0.0,0.5621,0.0071,0.0313,0.0,0.0647,0.8357
09:51:30.413,8850.93,E 60 s / 60 s,2.5734,56.0,917504,5.1121,0.0029,0.3659,0.29,0.3791,0.0024,0.0004,0.6046,0.0,0.0183,0.0,0.0673,0.8425
09:51:32.413,8852.93,E 60 s / 60 s,2.3554,55.4,917504,5.1456,0.0026,0.2808,0.2337,0.3656,0.0032,0.0,0.5204,0.0,0.042,0.0,0.071,0.836
09:51:34.413,8854.93,E 60 s / 60 s,2.4602,55.4,917504,5.1389,0.0028,0.305,0.263,0.3738,0.0008,0.0004,0.5829,0.0,0.0302,0.0,0.0718,0.8296
09:51:36.413,8856.93,E 60 s / 60 s,2.5333,55.4,917504,5.14426,0.0031,0.3532,0.2857,0.3666,0.0008,0.0004,0.5878,0.0106,0.0238,0.0,0.0706,0.8305
09:51:38.413,8858.93,E 60 s / 60 s,2.3824,55.4,917504,5.1456,0.0027,0.2791,0.2859,0.3602,0.0016,0.0002,0.5164,0.0071,0.0346,0.0,0.0712,0.8235
09:51:40.413,8860.93,E 60 s / 60 s,2.4494,55.4,917504,5.12684,0.0028,0.304,0.2535,0.3691,0.0016,0.0004,0.5799,0.0106,0.0357,0.0,0.0685,0.8232
09:51:42.413,8862.93,E 60 s / 60 s,2.4863,54.9,917504,5.14426,0.0027,0.3543,0.2512,0.3672,0.001,0.0004,0.5703,0.0035,0.0302,0.0,0.0636,0.8418
09:51:44.413,8864.93,E 60 s / 60 s,2.3674,54.3,917504,5.1456,0.0026,0.2748,0.2889,0.375,0.0004,0.0002,0.5171,0.0,0.0249,0.0,0.0729,0.8106
09:51:46.413,8866.93,E 60 s / 60 s,2.3646,55.4,917504,5.1456,0.0039,0.3056,0.2238,0.3581,0.0008,0.0,0.5683,0.0,0.0271,0.0,0.0667,0.8103
09:51:48.413,8868.93,E 60 s / 60 s,2.4822,56.0,917504,5.13488,0.0026,0.305,0.3386,0.3706,0.0006,0.0,0.5313,0.0106,0.0259,0.0,0.0673,0.8296
09:51:50.415,8870.93,E 60 s / 60 s,9.0065,59.8,917504,5.0384,0.0031,0.4013,0.3536,0.4151,0.0,0.0004,0.5139,0.0,0.3538,0.0059,0.0659,6.8934
09:51:52.416,8872.93,E 60 s / 60 s,8.2496,65.3,917504,4.97408,0.0027,0.4503,0.3451,0.4214,0.0016,0.0008,0.5004,0.0,0.4071,0.0092,0.0638,6.0472
09:51:54.415,8874.93,E 60 s / 60 s,9.3837,68.1,917504,5.10004,0.003,0.3319,0.2508,0.4181,0.0016,0.0004,0.5161,0.0,0.2986,0.0077,0.0658,7.4897
09:51:56.415,8876.93,E 60 s / 60 s,9.3451,70.3,917504,5.01562,0.0031,0.3001,0.2311,0.4146,0.0008,0.0,0.5426,0.0,0.2303,0.01,0.0622,7.5503
09:51:58.416,8878.93,E 60 s / 60 s,6.0985,72.5,917504,4.9714,0.0028,0.3977,0.3707,0.4058,0.0004,0.0002,0.5001,0.0034,0.1977,0.0006,0.0654,4.1536
09:52:00.419,8880.93,E 60 s / 60 s,9.4632,73.0,917504,4.958,0.0027,0.3985,0.3189,0.4055,0.0004,0.0004,0.5077,0.0137,0.2987,0.0012,0.0663,7.4491
09:52:02.415,8882.93,E 60 s / 60 s,7.8305,74.1,917504,5.00624,0.0027,0.3991,0.3809,0.4191,0.0008,0.0002,0.5296,0.0,0.4423,0.0009,0.0617,5.5932
09:52:04.416,8884.93,E 60 s / 60 s,10.2088,75.2,917504,4.88698,0.0027,0.3952,0.3539,0.4248,0.0004,0.0004,0.5423,0.0,0.3434,0.0062,0.0614,8.078
09:52:06.419,8886.93,E 60 s / 60 s,7.1848,76.3,917504,4.89904,0.0033,0.3973,0.348,0.4489,0.0018,0.0002,0.5151,0.0,0.3446,0.0035,0.0627,5.0593
09:52:08.420,8888.93,E 60 s / 60 s,6.9962,75.2,917504,4.84946,0.0029,0.3993,0.2233,0.4167,0.0012,0.0008,0.5467,0.0172,0.4698,0.0056,0.0644,4.8484
09:52:10.415,8890.93,E 60 s / 60 s,9.4,75.7,917504,4.93522,0.0029,0.3962,0.2583,0.3924,0.0,0.0002,0.5884,0.0,0.2151,0.0133,0.0648,7.4684
09:52:12.415,8892.93,E 60 s / 60 s,10.1462,78.5,917504,4.87224,0.003,0.3457,0.2238,0.4266,0.0008,0.0004,0.5361,0.0308,0.2347,0.0059,0.0614,8.2771
09:52:14.518,8894.93,E 60 s / 60 s,6.0921,76.3,917504,5.092,0.003,0.3338,0.3546,0.3784,0.0012,0.0002,0.511,0.0,0.0446,0.0,0.0647,4.4007
09:52:16.419,8896.93,E 60 s / 60 s,8.3147,77.4,917504,4.83874,0.0033,0.3949,0.3529,0.4167,0.0016,0.0002,0.5907,0.0,0.2465,0.0065,0.0643,6.2371
09:52:18.423,8898.93,E 60 s / 60 s,10.0856,79.0,917504,4.87224,0.0032,0.3463,0.3466,0.422,0.0016,0.0008,0.5164,0.0068,0.2479,0.0059,0.0666,8.1214
09:52:20.419,8900.93,E 60 s / 60 s,9.5291,77.9,917504,4.9714,0.0031,0.3445,0.2238,0.4131,0.0002,0.0004,0.5519,0.0102,0.3402,0.0056,0.0633,7.5727
09:52:22.424,8902.93,E 60 s / 60 s,8.6866,79.0,917504,4.8508,0.0033,0.4435,0.3522,0.4269,0.0012,0.0002,0.5383,0.0,0.4479,0.015,0.0639,6.3942
09:52:24.427,8904.93,E 60 s / 60 s,8.2101,77.9,917504,4.88966,0.003,0.3012,0.2241,0.4073,0.0012,0.0002,0.5333,0.017,0.3386,0.0068,0.063,6.3144
09:52:26.423,8906.93,E 60 s / 60 s,10.4694,78.5,917504,4.96738,0.0029,0.4378,0.3532,0.4249,0.0002,0.0002,0.5261,0.0,0.4736,0.0,0.0628,8.1877
09:52:28.424,8908.93,E 60 s / 60 s,8.808,79.0,917504,4.97274,0.0029,0.4455,0.285,0.4362,0.0016,0.0008,0.5304,0.0,0.4719,0.0047,0.0627,6.5664
09:52:30.423,8910.93,E 60 s / 60 s,10.3363,79.6,917504,4.87492,0.0031,0.3445,0.2232,0.4549,0.0004,0.0002,0.5689,0.0,0.3063,0.0056,0.0661,8.3633
09:52:32.427,8912.93,E 60 s / 60 s,10.2824,80.1,917504,4.9714,0.0031,0.3749,0.2206,0.4267,0.0016,0.0002,0.5383,0.0,0.1726,0.0003,0.0626,8.4815
09:52:34.423,8914.93,E 60 s / 60 s,9.9849,79.6,917504,4.99686,0.0031,0.3449,0.3507,0.4355,0.0008,0.0004,0.4937,0.0138,0.4859,0.0,0.0649,7.7912
09:52:36.425,8916.94,E 60 s / 60 s,4.2777,78.5,917504,5.08932,0.0034,0.2831,0.3515,0.3865,0.0016,0.0002,0.5361,0.0,0.1298,0.0,0.0658,2.5197
09:52:38.431,8918.94,E 60 s / 60 s,9.5466,80.7,917504,4.8575,0.0031,0.3919,0.2806,0.4105,0.0016,0.0008,0.5418,0.0034,0.2605,0.0,0.0631,7.5893
09:52:40.431,8920.94,E 60 s / 60 s,8.649,80.7,917504,4.85616,0.0033,0.3943,0.3522,0.434,0.0012,0.0002,0.5326,0.0,0.5306,0.0,0.0587,6.3419
09:52:42.436,8922.94,E 60 s / 60 s,9.5815,80.7,917504,4.90842,0.0037,0.4351,0.2311,0.4212,0.0006,0.0002,0.5345,0.0,0.4907,0.0104,0.0629,7.391
09:52:44.431,8924.94,E 60 s / 60 s,10.0528,81.2,917504,4.9714,0.0033,0.454,0.3507,0.4144,0.0018,0.0002,0.5361,0.0,0.3024,0.0074,0.0597,7.923
09:52:46.435,8926.94,E 60 s / 60 s,9.8045,81.2,917504,4.85348,0.0027,0.3911,0.3503,0.4131,0.0012,0.0002,0.5135,0.0,0.1991,0.005,0.0614,7.8668
09:52:48.435,8928.94,E 60 s / 60 s,9.3095,80.7,917504,4.85482,0.0028,0.3207,0.2257,0.4073,0.0012,0.0002,0.5326,0.0103,0.221,0.0032,0.0666,7.5179
09:52:50.431,8930.94,E 60 s / 60 s,3.6911,79.0,917504,5.09468,0.0033,0.286,0.267,0.3928,0.0012,0.0,0.5171,0.0,0.0649,0.0,0.0666,2.0921
09:52:52.431,8932.94,E 60 s / 60 s,3.5157,71.4,917504,5.10272,0.0029,0.2979,0.3494,0.3777,0.0008,0.0008,0.5356,0.0105,0.0368,0.0,0.0698,1.8336
09:52:54.431,8934.94,E 60 s / 60 s,3.3271,68.1,917504,5.10138,0.0031,0.3003,0.2623,0.3741,0.0018,0.0008,0.5386,0.0035,0.0281,0.0,0.0726,1.7419
09:52:56.431,8936.94,E 60 s / 60 s,2.5976,65.3,917504,5.12148,0.0028,0.2801,0.2862,0.3633,0.0008,0.0004,0.555,0.014,0.0335,0.0,0.0703,0.9911
09:52:58.431,8938.94,E 60 s / 60 s,2.9149,65.3,917504,5.1322,0.0031,0.3252,0.2508,0.3653,0.0008,0.0004,0.6003,0.0,0.0367,0.0,0.0653,1.2669
09:53:00.431,8940.94,E 60 s / 60 s,2.7116,62.0,917504,5.12818,0.0027,0.3835,0.3537,0.3619,0.0016,0.0002,0.542,0.0141,0.0303,0.0,0.0704,0.9511
09:53:02.432,8942.94,E 60 s / 60 s,2.5524,61.5,917504,5.12684,0.003,0.2989,0.3476,0.3653,0.0008,0.0004,0.5095,0.0,0.0303,0.0,0.0705,0.9261
09:53:04.432,8944.94,E 60 s / 60 s,2.5194,61.5,917504,5.12952,0.0029,0.3004,0.2865,0.3567,0.0012,0.0002,0.5423,0.0035,0.0401,0.0,0.0716,0.9139
09:53:06.432,8946.94,E 60 s / 60 s,2.543,60.4,917504,5.13488,0.0031,0.2994,0.355,0.3703,0.0008,0.0004,0.5099,0.0035,0.0314,0.0,0.0685,0.9007
09:53:08.432,8948.94,E 60 s / 60 s,2.5623,58.2,917504,5.13622,0.0027,0.3007,0.3545,0.3654,0.0016,0.0004,0.5616,0.0,0.0293,0.0,0.0646,0.8814
09:53:10.432,8950.94,E 60 s / 60 s,2.6791,59.3,917504,5.1322,0.0031,0.3512,0.387,0.3655,0.0012,0.0002,0.5834,0.0,0.0315,0.0,0.0685,0.8875
09:53:12.432,8952.94,E 60 s / 60 s,2.4522,58.2,917504,5.13622,0.0027,0.2834,0.2875,0.3637,0.0016,0.0002,0.5383,0.0,0.0313,0.0,0.0754,0.8682
09:53:14.432,8954.94,E 60 s / 60 s,2.5224,57.6,917504,5.12282,0.0027,0.3017,0.3537,0.368,0.0016,0.0002,0.5132,0.0,0.0357,0.0,0.0647,0.8811
09:53:16.432,8956.94,E 60 s / 60 s,2.5591,57.6,917504,5.1389,0.0031,0.3518,0.2515,0.3688,0.0018,0.0002,0.6068,0.0,0.04,0.0,0.0674,0.8676
09:53:18.432,8958.94,E 60 s / 60 s,2.464,57.6,917504,5.13756,0.0031,0.3013,0.2356,0.3654,0.0008,0.0,0.5874,0.0141,0.0281,0.0,0.0654,0.8627
09:53:20.432,8960.94,E 60 s / 60 s,2.514,57.1,917504,5.12818,0.0035,0.3032,0.3461,0.3714,0.0006,0.0004,0.5139,0.0,0.04,0.0,0.0728,0.8621
09:53:22.432,8962.94,E 60 s / 60 s,2.6056,57.1,917504,5.13354,0.0031,0.3523,0.2551,0.3643,0.0008,0.0002,0.6109,0.0035,0.0314,0.0,0.0703,0.9136
09:53:24.432,8964.94,E 60 s / 60 s,2.3941,56.5,917504,5.13488,0.003,0.2749,0.2868,0.3637,0.0008,0.0002,0.5099,0.0,0.0357,0.0,0.0703,0.8489
09:53:26.432,8966.94,E 60 s / 60 s,2.4338,56.5,917504,5.14024,0.0031,0.3039,0.2275,0.3652,0.001,0.0004,0.5866,0.0106,0.0226,0.0,0.0704,0.8425
09:53:28.432,8968.95,E 60 s / 60 s,2.5874,56.5,917504,5.13622,0.0031,0.3747,0.3394,0.3644,0.0016,0.0002,0.5333,0.0106,0.0313,0.0,0.066,0.8627
09:53:30.432,8970.95,E 60 s / 60 s,2.3604,56.5,917504,5.1456,0.003,0.2795,0.2268,0.369,0.0002,0.0002,0.5394,0.0035,0.0325,0.0,0.0705,0.8357
09:53:32.433,8972.95,E 60 s / 60 s,2.4233,55.4,917504,5.13354,0.003,0.3024,0.2281,0.3682,0.0018,0.0004,0.581,0.0035,0.0303,0.0,0.0685,0.836
09:53:34.433,8974.95,E 60 s / 60 s,2.5093,56.0,917504,5.12282,0.0025,0.3659,0.2875,0.3637,0.0016,0.0004,0.5318,0.0071,0.0325,0.0,0.0674,0.8489
09:53:36.433,8976.95,E 60 s / 60 s,2.3404,56.0,917504,5.1456,0.0027,0.2805,0.2343,0.3654,0.0016,0.0002,0.5199,0.0,0.0281,0.0,0.0716,0.836
09:53:38.433,8978.95,E 60 s / 60 s,2.5511,56.0,917504,5.14024,0.0029,0.3487,0.3557,0.3653,0.0002,0.0004,0.5358,0.0,0.0291,0.0,0.0706,0.8425
09:53:40.433,8980.95,E 60 s / 60 s,2.4788,57.1,917504,5.13756,0.0027,0.2791,0.3381,0.3672,0.0006,0.0,0.5576,0.0,0.0313,0.0,0.0661,0.836
09:53:42.433,8982.95,E 60 s / 60 s,2.4138,54.9,917504,5.14024,0.0031,0.3118,0.2859,0.3688,0.0006,0.0004,0.5149,0.0035,0.0216,0.0,0.0729,0.8302
09:53:44.433,8984.95,E 60 s / 60 s,2.5299,55.4,917504,5.14292,0.0028,0.3949,0.2875,0.3635,0.0008,0.0004,0.539,0.0071,0.0304,0.0,0.0674,0.836
09:53:46.433,8986.95,E 60 s / 60 s,2.4764,55.4,917504,5.13622,0.0031,0.2801,0.3515,0.3697,0.0004,0.0002,0.5376,0.0035,0.0238,0.0,0.0697,0.8367
09:53:48.433,8988.95,E 60 s / 60 s,2.4651,55.4,917504,5.13354,0.0028,0.3546,0.2526,0.3643,0.0004,0.0,0.5433,0.0106,0.04,0.0,0.0667,0.8296
09:53:50.435,8990.95,E 60 s / 60 s,5.5268,55.4,917504,5.1121,0.0027,0.3903,0.3557,0.4039,0.0004,0.0002,0.5326,0.0035,0.3294,0.0088,0.0691,3.4303
09:53:52.435,8992.95,E 60 s / 60 s,9.8459,67.5,917504,4.90976,0.0029,0.2999,0.2848,0.4177,0.0004,0.0,0.5294,0.0241,0.1363,0.0012,0.0662,8.0829
09:53:54.435,8994.95,E 60 s / 60 s,9.9773,69.2,917504,5.03304,0.0031,0.4005,0.3457,0.3914,0.0004,0.0004,0.5521,0.0,0.1973,0.0,0.0644,8.0221
09:53:56.436,8996.95,E 60 s / 60 s,9.5229,69.7,917504,4.9312,0.0025,0.4247,0.3534,0.4341,0.0002,0.0004,0.5391,0.0034,0.2335,0.0106,0.0672,7.4538
09:53:58.439,8998.95,E 60 s / 60 s,10.0519,73.0,917504,4.90976,0.0032,0.3346,0.222,0.3999,0.0016,0.0002,0.5398,0.0069,0.335,0.0024,0.0671,8.1392
09:54:00.438,9000.95,E 60 s / 60 s,7.0211,74.1,917504,4.87492,0.0031,0.3794,0.3697,0.4035,0.0002,0.0008,0.5883,0.0,0.2073,0.0074,0.0653,4.9962
09:54:02.439,9002.95,E 60 s / 60 s,8.2941,75.2,917504,4.8709,0.0032,0.359,0.3158,0.4362,0.0016,0.0008,0.5424,0.0,0.489,0.0003,0.0681,6.0777
09:54:04.435,9004.95,E 60 s / 60 s,7.0932,75.2,917504,4.87626,0.0029,0.3463,0.231,0.438,0.0016,0.0004,0.5446,0.0103,0.4844,0.013,0.0682,4.9526
09:54:06.439,9006.95,E 60 s / 60 s,8.2063,76.3,917504,4.90842,0.0031,0.3839,0.2829,0.4392,0.0024,0.0002,0.5167,0.0068,0.4778,0.0092,0.0634,6.0205
09:54:08.435,9008.95,E 60 s / 60 s,9.9062,76.3,917504,4.97408,0.0031,0.3942,0.3165,0.4217,0.0024,0.0002,0.5391,0.0,0.2261,0.0047,0.0649,7.9334
09:54:10.439,9010.95,E 60 s / 60 s,6.6842,78.5,917504,4.8642,0.0033,0.3965,0.3468,0.4109,0.0016,0.0004,0.5326,0.0068,0.3367,0.008,0.0618,4.5788
09:54:12.435,9012.95,E 60 s / 60 s,9.9857,76.8,917504,4.87894,0.0031,0.4216,0.2252,0.423,0.0004,0.0004,0.5534,0.0,0.4818,0.0097,0.0668,7.8002
09:54:14.439,9014.95,E 60 s / 60 s,9.7045,77.4,917504,4.8776,0.0031,0.4474,0.315,0.4108,0.0006,0.0002,0.5368,0.0034,0.4065,0.0219,0.0621,7.4967
09:54:16.440,9016.95,E 60 s / 60 s,8.0097,79.0,917504,4.94728,0.0033,0.3969,0.2521,0.4023,0.0008,0.0002,0.5123,0.0103,0.2326,0.005,0.063,6.1307
09:54:18.440,9018.95,E 60 s / 60 s,6.7299,77.9,917504,5.01562,0.0032,0.3943,0.2225,0.4283,0.0008,0.0002,0.5358,0.0,0.4117,0.0068,0.0646,4.6616
09:54:20.439,9020.95,E 60 s / 60 s,10.0132,79.6,917504,4.85348,0.0027,0.3476,0.3467,0.3875,0.0008,0.0002,0.5157,0.0,0.3394,0.0047,0.0616,8.0062
09:54:22.439,9022.95,E 60 s / 60 s,10.3856,79.6,917504,4.87894,0.0031,0.3468,0.2835,0.4094,0.0004,0.0002,0.5716,0.0,0.4571,0.0065,0.0656,8.2415
09:54:24.444,9024.95,E 60 s / 60 s,8.4323,79.0,917504,4.9513,0.0028,0.3849,0.2219,0.4363,0.0012,0.0002,0.5268,0.0,0.4773,0.0163,0.0625,6.3021
09:54:26.439,9026.95,E 60 s / 60 s,9.4145,79.0,917504,4.88162,0.003,0.3435,0.2219,0.4269,0.0016,0.0004,0.5388,0.0,0.4934,0.0135,0.0628,7.3085
09:54:28.440,9028.95,E 60 s / 60 s,6.0543,80.1,917504,4.92048,0.0033,0.3855,0.2231,0.4052,0.0018,0.0002,0.543,0.0035,0.5127,0.0065,0.0626,3.9068
09:54:30.440,9030.95,E 60 s / 60 s,9.5529,80.7,917504,4.88698,0.0033,0.3801,0.2483,0.4132,0.001,0.0002,0.5344,0.0,0.2184,0.0118,0.0642,7.6779
09:54:32.439,9032.95,E 60 s / 60 s,9.901,79.0,917504,4.92986,0.0031,0.3182,0.2235,0.4326,0.0002,0.0008,0.5418,0.0034,0.3354,0.0,0.063,7.9789
09:54:34.439,9034.95,E 60 s / 60 s,9.9499,79.6,917504,4.8709,0.0034,0.3662,0.3501,0.4115,0.0016,0.0008,0.5021,0.017,0.2293,0.0047,0.0615,8.0017
09:54:36.439,9036.95,E 60 s / 60 s,6.7549,79.0,917504,5.0786,0.0031,0.2946,0.3513,0.3913,0.0012,0.0002,0.5338,0.0,0.0779,0.0,0.0651,5.0364
09:54:38.443,9038.95,E 60 s / 60 s,9.694,80.7,917504,4.86822,0.003,0.3892,0.3506,0.4199,0.0012,0.0004,0.5907,0.0,0.2286,0.0047,0.0641,7.6416
09:54:40.444,9040.95,E 60 s / 60 s,9.4715,81.2,917504,4.85616,0.003,0.3181,0.2214,0.4124,0.0014,0.0002,0.5495,0.017,0.4594,0.0116,0.062,7.4156
09:54:42.443,9042.95,E 60 s / 60 s,7.1227,80.1,917504,4.8776,0.0031,0.394,0.3448,0.4452,0.0008,0.0004,0.5164,0.0,0.442,0.0089,0.062,4.905
09:54:44.444,9044.95,E 60 s / 60 s,10.6479,81.8,917504,4.88698,0.0031,0.4069,0.3472,0.4459,0.0012,0.0008,0.5326,0.0,0.3368,0.0003,0.0603,8.5128
09:54:46.447,9046.95,E 60 s / 60 s,7.2074,81.2,917504,4.86554,0.0031,0.395,0.2306,0.4076,0.001,0.0002,0.6188,0.0271,0.3365,0.0047,0.0647,5.118
09:54:48.443,9048.95,E 60 s / 60 s,9.5837,81.2,917512,4.85616,0.003,0.3935,0.3442,0.444,0.0004,0.0002,0.5171,0.0,0.2665,0.0003,0.0592,7.5552
09:54:50.439,9050.95,E 60 s / 60 s,3.4844,74.1,917504,5.09468,0.0027,0.2977,0.2275,0.3919,0.0012,0.0004,0.5442,0.0,0.0574,0.0,0.0672,1.8942
09:54:52.439,9052.95,E 60 s / 60 s,3.8597,69.7,917504,5.09602,0.0031,0.2963,0.347,0.376,0.0016,0.0004,0.5003,0.0105,0.0369,0.0,0.0635,2.224
09:54:54.439,9054.95,E 60 s / 60 s,3.2782,67.5,917504,5.10942,0.003,0.2818,0.2524,0.3723,0.0008,0.0004,0.5164,0.007,0.054,0.0,0.0644,1.7256
09:54:56.440,9056.95,E 60 s / 60 s,2.6671,65.3,917504,5.1121,0.0027,0.2999,0.3474,0.3637,0.0014,0.0002,0.5458,0.007,0.0304,0.0,0.0653,1.0033
09:54:58.440,9058.95,E 60 s / 60 s,2.604,62.6,917504,5.12282,0.0033,0.2981,0.2395,0.3725,0.0008,0.0002,0.6109,0.0106,0.042,0.0,0.0683,0.9579
09:55:00.440,9060.95,E 60 s / 60 s,2.6526,62.0,917504,5.13354,0.0027,0.3686,0.3559,0.3627,0.0008,0.0002,0.539,0.0,0.0184,0.0,0.0654,0.9389
09:55:02.440,9062.95,E 60 s / 60 s,2.4426,61.5,917504,5.13354,0.0026,0.2872,0.251,0.3619,0.0008,0.0002,0.5167,0.0106,0.0356,0.0,0.0696,0.9064
09:55:04.440,9064.95,E 60 s / 60 s,2.4861,60.4,917504,5.14024,0.0027,0.301,0.2514,0.3652,0.0018,0.0002,0.5422,0.0,0.0411,0.0,0.0672,0.9132
09:55:06.440,9066.95,E 60 s / 60 s,2.5693,59.3,917504,5.13488,0.003,0.3769,0.2876,0.3725,0.0016,0.0,0.5318,0.0,0.0238,0.0,0.0654,0.9068
09:55:08.440,9068.95,E 60 s / 60 s,2.4468,58.7,917504,5.13488,0.0031,0.288,0.2501,0.3697,0.0002,0.0004,0.5139,0.0071,0.0562,0.0,0.0697,0.8885
09:55:10.440,9070.95,E 60 s / 60 s,2.51,58.2,917504,5.13488,0.0031,0.3145,0.2532,0.3632,0.0024,0.0004,0.584,0.0,0.0335,0.0,0.0685,0.8872
09:55:12.440,9072.95,E 60 s / 60 s,2.557,58.7,917504,5.1389,0.0025,0.3515,0.2515,0.376,0.0016,0.0004,0.5883,0.0177,0.0292,0.0,0.0697,0.8685
09:55:14.440,9074.95,E 60 s / 60 s,2.404,57.6,917504,5.1322,0.003,0.2765,0.2853,0.3688,0.0018,0.0002,0.5151,0.0,0.0162,0.0,0.0679,0.8692
09:55:16.440,9076.95,E 60 s / 60 s,2.5317,58.2,917504,5.12818,0.0027,0.3644,0.2858,0.3637,0.0006,0.0,0.5426,0.0035,0.0226,0.0,0.0705,0.8753
09:55:18.441,9078.95,E 60 s / 60 s,2.6075,57.6,917504,5.13354,0.0029,0.3713,0.3566,0.3643,0.0008,0.0,0.5326,0.0035,0.0388,0.0,0.0686,0.8682
09:55:20.445,9080.95,E 60 s / 60 s,2.5235,57.1,917504,5.14292,0.0031,0.3018,0.2348,0.3635,0.0006,0.0004,0.5715,0.0035,0.0411,0.0,0.0653,0.9379
09:55:22.441,9082.95,E 60 s / 60 s,2.5228,56.5,917504,5.13622,0.0031,0.3018,0.3577,0.3684,0.0002,0.0,0.5423,0.0,0.0259,0.0,0.068,0.8553
09:55:24.441,9084.95,E 60 s / 60 s,2.4873,56.5,917504,5.13622,0.0029,0.3047,0.3461,0.3632,0.0016,0.0002,0.5163,0.0,0.0303,0.0,0.0666,0.8553
09:55:26.441,9086.95,E 60 s / 60 s,2.6698,56.5,917504,5.12282,0.0027,0.3028,0.2232,0.367,0.0002,0.0004,0.5874,0.0106,0.0345,0.0,0.073,1.068
09:55:28.441,9088.95,E 60 s / 60 s,2.5302,56.0,917504,5.12282,0.0028,0.3799,0.2882,0.3715,0.0006,0.0,0.5368,0.0,0.0412,0.0,0.0667,0.8425
09:55:30.441,9090.95,E 60 s / 60 s,2.4541,55.4,917504,5.12014,0.0027,0.303,0.3379,0.3637,0.0004,0.0002,0.5102,0.0,0.0195,0.0,0.0673,0.8492
09:55:32.441,9092.95,E 60 s / 60 s,2.3752,56.0,917504,5.1456,0.003,0.2783,0.2863,0.3679,0.0008,0.0,0.5041,0.0,0.0335,0.0,0.0711,0.8302
09:55:34.441,9094.95,E 60 s / 60 s,2.4705,55.4,917504,5.14292,0.0027,0.3276,0.2528,0.3662,0.0002,0.0,0.5813,0.0142,0.0357,0.0,0.0667,0.8232
09:55:36.441,9096.95,E 60 s / 60 s,2.3822,55.4,917504,5.14292,0.0026,0.2773,0.2359,0.3703,0.0,0.0,0.5264,0.0,0.0378,0.0,0.0699,0.8621
09:55:38.441,9098.95,E 60 s / 60 s,2.6118,54.9,917504,5.14426,0.0032,0.3052,0.2275,0.3598,0.0006,0.0004,0.5391,0.0106,0.0239,0.0,0.0679,1.0736
09:55:40.441,9100.95,E 60 s / 60 s,2.5188,54.3,917504,5.1389,0.0026,0.3045,0.3511,0.3592,0.0032,0.0,0.5358,0.0,0.0259,0.0,0.0673,0.8692
09:55:42.441,9102.95,E 60 s / 60 s,2.3341,55.4,917504,5.15096,0.0029,0.2776,0.2219,0.3691,0.0004,0.0,0.5462,0.0,0.027,0.0,0.0716,0.8174
09:55:44.442,9104.95,E 60 s / 60 s,2.4073,55.4,917504,5.14292,0.0028,0.3041,0.2337,0.3667,0.0004,0.0004,0.575,0.0071,0.026,0.0,0.068,0.8232
09:55:46.442,9106.95,E 60 s / 60 s,2.4232,56.0,917504,5.1456,0.0026,0.3059,0.3219,0.3706,0.0016,0.0,0.5132,0.0,0.0151,0.0,0.0685,0.8238
09:55:48.442,9108.95,E 60 s / 60 s,2.4023,54.9,917504,5.1456,0.0035,0.3028,0.2251,0.365,0.0004,0.0002,0.5589,0.0071,0.039,0.0,0.0698,0.8305
09:55:50.442,9110.95,E 60 s / 60 s,2.3855,55.4,917504,5.14292,0.0029,0.3035,0.2212,0.3684,0.0006,0.0004,0.5618,0.0071,0.0292,0.0,0.0672,0.8232
09:55:52.442,9112.95,E 60 s / 60 s,2.3562,54.9,917504,5.14828,0.0037,0.2778,0.2359,0.3671,0.0006,0.0004,0.5376,0.0106,0.0357,0.0,0.0697,0.8171
09:55:54.442,9114.95,E 60 s / 60 s,2.3654,54.9,917504,5.1456,0.0031,0.2737,0.2343,0.3679,0.0004,0.0002,0.5656,0.0106,0.0216,0.0,0.071,0.8168
09:55:56.447,9116.95,E 60 s / 60 s,8.544,65.3,917504,4.88698,0.0025,0.3501,0.3494,0.3924,0.0008,0.0,0.6769,0.0,0.2146,0.003,0.069,6.4854
09:55:58.444,9118.95,E 60 s / 60 s,8.8169,69.2,917504,4.89368,0.0029,0.3187,0.2341,0.4076,0.0,0.0002,0.5648,0.0069,0.172,0.0006,0.0649,7.0443
09:56:00.443,9120.95,E 60 s / 60 s,6.3033,68.6,917504,4.96604,0.0027,0.3879,0.2833,0.4452,0.0008,0.0002,0.5358,0.0,0.5412,0.0103,0.0658,4.0302
09:56:02.443,9122.95,E 60 s / 60 s,7.1338,71.4,917504,4.97274,0.003,0.3884,0.2246,0.4357,0.0,0.0002,0.5388,0.0103,0.4522,0.0089,0.0655,5.0062
09:56:04.443,9124.95,E 60 s / 60 s,9.5239,73.6,917504,5.09066,0.003,0.4253,0.2811,0.4043,0.0004,0.0008,0.539,0.0,0.3333,0.0068,0.0632,7.4667
09:56:06.443,9126.96,E 60 s / 60 s,10.3582,72.5,917504,4.9111,0.0033,0.3968,0.3174,0.4088,0.0032,0.0002,0.5915,0.0069,0.2701,0.0026,0.0621,8.2951
09:56:08.448,9128.96,E 60 s / 60 s,10.2255,74.1,917504,4.88698,0.0033,0.4581,0.2263,0.407,0.0002,0.0002,0.5837,0.0,0.199,0.0056,0.0653,8.2767
09:56:10.446,9130.96,E 60 s / 60 s,7.0355,74.7,917504,5.08932,0.0027,0.3124,0.2199,0.3725,0.0016,0.0008,0.5383,0.0035,0.0226,0.0,0.068,5.4932
09:56:12.447,9132.96,E 60 s / 60 s,9.3066,75.2,917504,4.88698,0.0035,0.3346,0.3515,0.386,0.0004,0.0008,0.5196,0.0,0.1123,0.0,0.0619,7.536
09:56:14.447,9134.96,E 60 s / 60 s,6.5644,76.8,917504,4.88832,0.0027,0.3484,0.282,0.4019,0.0008,0.0002,0.5615,0.0,0.1811,0.0077,0.0616,4.7165
09:56:16.447,9136.96,E 60 s / 60 s,7.6418,76.3,917504,4.84946,0.0027,0.4736,0.2845,0.4309,0.0016,0.0002,0.5422,0.0,0.4339,0.0098,0.065,5.3973
09:56:18.448,9138.96,E 60 s / 60 s,6.5719,76.3,917504,4.90976,0.0032,0.3739,0.2243,0.4146,0.0016,0.0008,0.5327,0.0173,0.4225,0.013,0.0629,4.505
09:56:20.447,9140.96,E 60 s / 60 s,10.3131,77.9,917504,4.9915,0.0029,0.3465,0.2902,0.406,0.0012,0.0008,0.5874,0.0,0.3378,0.0056,0.0653,8.2693
09:56:22.447,9142.96,E 60 s / 60 s,9.8987,79.0,917504,4.83606,0.0031,0.3457,0.2339,0.4248,0.0004,0.0002,0.5868,0.0,0.3375,0.0056,0.0613,7.8994
09:56:24.448,9144.96,E 60 s / 60 s,9.8885,76.8,917504,4.93924,0.0031,0.3442,0.3489,0.4226,0.0032,0.0004,0.5214,0.0034,0.4784,0.0144,0.0609,7.6875
09:56:26.448,9146.96,E 60 s / 60 s,9.4184,77.4,917504,4.91914,0.003,0.3449,0.2243,0.4214,0.0012,0.0008,0.5465,0.0102,0.3412,0.0015,0.0619,7.4614
09:56:28.447,9148.96,E 60 s / 60 s,10.2273,77.9,917504,5.0116,0.0029,0.3969,0.3476,0.4147,0.0004,0.0008,0.5196,0.0137,0.2176,0.0032,0.0661,8.2437
09:56:30.451,9150.96,E 60 s / 60 s,8.0639,79.0,917504,4.99016,0.0033,0.3424,0.2211,0.4073,0.0012,0.0002,0.5556,0.0,0.2532,0.0,0.0642,6.2153
09:56:32.451,9152.96,E 60 s / 60 s,8.7623,78.5,917504,4.99954,0.0032,0.4714,0.2335,0.3971,0.0004,0.0008,0.5946,0.0,0.4749,0.0039,0.0631,6.5194
09:56:34.451,9154.96,E 60 s / 60 s,8.22,79.6,917504,4.85482,0.0027,0.3796,0.249,0.4088,0.0018,0.0002,0.5207,0.0,0.3819,0.0115,0.0614,6.2024
09:56:36.451,9156.96,E 60 s / 60 s,8.7338,78.5,917504,5.08664,0.0026,0.3973,0.227,0.4568,0.001,0.0002,0.5423,0.0103,0.2777,0.0089,0.0655,6.7441
09:56:38.455,9158.96,E 60 s / 60 s,9.6,79.6,917504,4.8642,0.0031,0.295,0.2824,0.4234,0.0016,0.0004,0.5164,0.0,0.3515,0.0148,0.0617,7.6497
09:56:40.455,9160.96,E 60 s / 60 s,9.9874,79.0,917504,5.00222,0.0029,0.3434,0.2313,0.4264,0.0006,0.0002,0.5424,0.0103,0.3655,0.0091,0.062,7.9933
09:56:42.461,9162.96,E 60 s / 60 s,7.6143,79.0,917504,4.88698,0.0027,0.4909,0.2838,0.4392,0.0004,0.0002,0.5383,0.0,0.4059,0.0086,0.0634,5.3809
09:56:44.455,9164.96,E 60 s / 60 s,10.2787,80.1,917504,4.84946,0.0031,0.3299,0.2307,0.4217,0.0012,0.0008,0.591,0.0,0.4075,0.0065,0.063,8.2233
09:56:46.455,9166.96,E 60 s / 60 s,8.5821,81.8,917504,4.97408,0.0032,0.3961,0.2227,0.4461,0.0008,0.0004,0.5433,0.0,0.5053,0.0095,0.0617,6.3931
09:56:48.455,9168.96,E 60 s / 60 s,10.0473,80.1,917504,4.88832,0.0033,0.2956,0.2832,0.4213,0.0014,0.0002,0.5294,0.0,0.2704,0.0012,0.0615,8.1799
09:56:50.455,9170.96,E 60 s / 60 s,8.4774,79.6,917504,4.98212,0.0028,0.3427,0.2316,0.4179,0.0,0.0006,0.5886,0.0,0.3334,0.0092,0.0622,6.4885
09:56:52.459,9172.96,E 60 s / 60 s,8.0066,80.1,917504,4.86688,0.0027,0.3239,0.2269,0.4234,0.0008,0.0002,0.5358,0.0034,0.5167,0.0159,0.0623,5.8947
09:56:54.455,9174.96,E 60 s / 60 s,8.8442,81.2,917504,4.97274,0.0032,0.3398,0.2238,0.4344,0.0008,0.0004,0.5926,0.0034,0.1306,0.0145,0.0608,7.0399
09:56:56.452,9176.96,E 60 s / 60 s,3.568,71.4,917504,5.10406,0.0031,0.3787,0.3537,0.3686,0.0012,0.0002,0.5394,0.0,0.0281,0.0,0.0614,1.8336
09:56:58.452,9178.96,E 60 s / 60 s,3.3406,68.6,917504,5.10808,0.0031,0.2798,0.2869,0.3741,0.0016,0.0,0.5132,0.0035,0.0582,0.0,0.07,1.7501
09:57:00.452,9180.96,E 60 s / 60 s,2.6658,66.4,917504,5.12818,0.0027,0.3004,0.3375,0.3628,0.0016,0.0002,0.5326,0.0,0.0595,0.0,0.0653,1.0033
09:57:02.452,9182.96,E 60 s / 60 s,2.5944,63.1,917504,5.12416,0.0031,0.2793,0.3568,0.3615,0.0018,0.0002,0.5125,0.0106,0.0337,0.0,0.0703,0.9647
09:57:04.452,9184.96,E 60 s / 60 s,2.631,63.1,917504,5.12684,0.0032,0.3487,0.2846,0.3652,0.0018,0.0,0.5939,0.0,0.0259,0.0,0.069,0.9386
09:57:06.452,9186.96,E 60 s / 60 s,2.6647,61.5,917504,5.13622,0.0027,0.3675,0.3566,0.3654,0.001,0.0004,0.5326,0.0035,0.0443,0.0,0.0647,0.9261
09:57:08.452,9188.97,E 60 s / 60 s,2.5337,60.9,917504,5.12818,0.0026,0.2812,0.3545,0.3633,0.0012,0.0002,0.5131,0.0106,0.0335,0.0,0.0665,0.9071
09:57:10.453,9190.97,E 60 s / 60 s,2.5041,60.4,917504,5.1389,0.0031,0.3014,0.2527,0.3707,0.0016,0.0002,0.5781,0.0035,0.0326,0.0,0.0652,0.8949
09:57:12.453,9192.97,E 60 s / 60 s,2.4667,59.3,917504,5.13488,0.0031,0.2882,0.2527,0.3742,0.0006,0.0,0.5075,0.0035,0.0844,0.0,0.0703,0.882
09:57:14.453,9194.97,E 60 s / 60 s,2.4528,58.7,917504,5.13354,0.0031,0.3021,0.237,0.3597,0.0024,0.0002,0.5423,0.0035,0.0562,0.0,0.0716,0.8746
09:57:16.453,9196.97,E 60 s / 60 s,2.4963,58.2,917504,5.1389,0.0028,0.3518,0.252,0.3668,0.0004,0.0004,0.5388,0.0071,0.0433,0.0,0.0647,0.8682
09:57:18.453,9198.97,E 60 s / 60 s,2.4044,58.2,917504,5.12952,0.0026,0.2881,0.251,0.3688,0.0,0.0004,0.51,0.0106,0.0291,0.0,0.0697,0.874
09:57:20.453,9200.97,E 60 s / 60 s,2.6134,58.2,917504,5.14158,0.0033,0.3264,0.3578,0.3715,0.0016,0.0,0.581,0.0106,0.0216,0.0,0.0647,0.875
09:57:22.453,9202.97,E 60 s / 60 s,2.6268,57.1,917504,5.14024,0.003,0.3768,0.374,0.3653,0.0012,0.0004,0.541,0.0035,0.0324,0.0,0.0667,0.8624
09:57:24.453,9204.97,E 60 s / 60 s,2.377,57.1,917504,5.13756,0.0027,0.28,0.2222,0.3672,0.0016,0.0004,0.535,0.0,0.0412,0.0,0.0716,0.855
09:57:26.453,9206.97,E 60 s / 60 s,2.3898,57.1,917504,5.1389,0.0031,0.2844,0.2512,0.3724,0.0,0.0,0.5358,0.0,0.0216,0.0,0.0717,0.8495
09:57:28.453,9208.97,E 60 s / 60 s,2.4555,56.5,917504,5.13622,0.0032,0.3008,0.3224,0.3594,0.0008,0.0,0.5358,0.0,0.013,0.0,0.0648,0.8553
09:57:30.453,9210.97,E 60 s / 60 s,2.3819,56.5,917504,5.13756,0.0031,0.2843,0.2343,0.3597,0.0002,0.0004,0.5469,0.0071,0.041,0.0,0.0686,0.8364
09:57:32.453,9212.97,E 60 s / 60 s,2.5402,56.0,917504,5.11746,0.0031,0.3645,0.2849,0.3703,0.0006,0.0002,0.5358,0.0,0.0518,0.0,0.0672,0.8618
09:57:34.453,9214.97,E 60 s / 60 s,2.5829,56.0,917504,5.12684,0.0027,0.3769,0.3565,0.3788,0.0016,0.0,0.5318,0.0,0.0216,0.0,0.0705,0.8425
09:57:36.453,9216.97,E 60 s / 60 s,2.3604,56.0,917504,5.14158,0.0027,0.3038,0.2283,0.3731,0.0008,0.0,0.5368,0.0071,0.0173,0.0,0.0673,0.8232
09:57:38.453,9218.97,E 60 s / 60 s,2.4796,55.4,917504,5.13622,0.0039,0.3043,0.2547,0.3725,0.0006,0.0004,0.5914,0.0071,0.0432,0.0,0.0659,0.8357
09:57:40.454,9220.97,E 60 s / 60 s,2.5294,56.0,917504,5.13622,0.0032,0.3783,0.3416,0.3687,0.0,0.0,0.5034,0.0,0.0283,0.0,0.0697,0.8364
09:57:42.454,9222.97,E 60 s / 60 s,2.4014,55.4,917504,5.14158,0.0031,0.3035,0.2232,0.3697,0.0006,0.0004,0.5656,0.0142,0.0226,0.0,0.0691,0.8293
09:57:44.454,9224.97,E 60 s / 60 s,2.5495,54.9,917504,5.13622,0.0031,0.3648,0.3547,0.3643,0.0004,0.0002,0.5401,0.0,0.0162,0.0,0.0699,0.8357
09:57:46.454,9226.97,E 60 s / 60 s,2.48,55.4,917504,5.1389,0.0031,0.3038,0.3504,0.3599,0.0016,0.0002,0.5197,0.0035,0.0389,0.0,0.0692,0.8296
09:57:48.454,9228.97,E 60 s / 60 s,2.395,54.9,917504,5.1389,0.0029,0.3056,0.2257,0.376,0.0,0.0004,0.5637,0.0,0.0422,0.0,0.0673,0.8112
09:57:50.454,9230.97,E 60 s / 60 s,2.496,53.8,917504,5.1456,0.0031,0.3045,0.3467,0.3725,0.0016,0.0004,0.5349,0.0071,0.0196,0.0,0.0756,0.8299
09:57:52.458,9232.97,E 60 s / 60 s,2.3492,54.3,917504,5.14024,0.0024,0.2801,0.2544,0.365,0.0,0.0004,0.5261,0.0035,0.0293,0.0,0.0705,0.8174
09:57:54.454,9234.97,E 60 s / 60 s,2.428,54.9,917504,5.1456,0.0027,0.3067,0.2214,0.3665,0.0008,0.0004,0.5368,0.0035,0.0335,0.0,0.0699,0.8856
09:57:56.455,9236.97,E 60 s / 60 s,9.5416,64.8,917504,4.90038,0.0027,0.332,0.2498,0.4159,0.0004,0.0008,0.5721,0.0,0.1259,0.005,0.0674,7.7697
09:57:58.459,9238.97,E 60 s / 60 s,9.2323,67.5,917504,4.98346,0.0031,0.3473,0.2251,0.3823,0.0002,0.0004,0.5362,0.0034,0.2348,0.008,0.0629,7.4285
09:58:00.455,9240.97,E 60 s / 60 s,9.7629,70.3,917504,5.02634,0.0031,0.346,0.222,0.4065,0.0008,0.0008,0.5425,0.0,0.3277,0.0077,0.0651,7.8407
09:58:02.455,9242.97,E 60 s / 60 s,9.3845,73.6,917504,4.89904,0.0027,0.3488,0.2486,0.4089,0.0016,0.0002,0.5884,0.0,0.2001,0.0154,0.0642,7.5055
09:58:04.459,9244.97,E 60 s / 60 s,9.388,73.0,917504,5.00624,0.0028,0.3035,0.2233,0.4458,0.0006,0.0002,0.5433,0.0,0.3687,0.0106,0.0659,7.4232
09:58:06.459,9246.97,E 60 s / 60 s,9.6947,73.0,917504,4.99418,0.003,0.3254,0.2273,0.3971,0.0,0.0002,0.6297,0.0273,0.1651,0.0021,0.0663,7.8513
09:58:08.460,9248.97,E 60 s / 60 s,8.3899,74.7,917504,4.88966,0.0029,0.4014,0.2325,0.4124,0.0032,0.0002,0.5655,0.0,0.3322,0.0175,0.0656,6.3566
09:58:10.459,9250.97,E 60 s / 60 s,7.4847,75.7,917504,4.88698,0.0033,0.3871,0.2845,0.4138,0.0016,0.0002,0.5052,0.0034,0.3173,0.0042,0.0603,5.5038
09:58:12.459,9252.97,E 60 s / 60 s,8.0617,76.3,917504,4.94594,0.0039,0.3854,0.2826,0.4076,0.0004,0.0002,0.5381,0.0,0.237,0.0104,0.0648,6.1312
09:58:14.459,9254.97,E 60 s / 60 s,10.3725,75.7,917504,4.91378,0.0027,0.3958,0.3167,0.4029,0.0004,0.0004,0.5371,0.0,0.267,0.0018,0.0666,8.3812
09:58:16.459,9256.97,E 60 s / 60 s,10.0011,75.7,917504,4.88832,0.0033,0.3715,0.2328,0.3985,0.0004,0.0008,0.5659,0.0034,0.2369,0.0024,0.0666,8.1185
09:58:18.459,9258.97,E 60 s / 60 s,9.7188,75.7,917504,4.94728,0.0029,0.3464,0.347,0.4284,0.0002,0.0002,0.5462,0.0,0.4653,0.0089,0.066,7.5073
09:58:20.459,9260.97,E 60 s / 60 s,10.1204,77.4,917504,4.85482,0.0031,0.3495,0.2242,0.4161,0.0002,0.0002,0.5422,0.0,0.3275,0.008,0.0642,8.1852
09:58:22.463,9262.97,E 60 s / 60 s,7.1338,77.9,917504,4.86688,0.0032,0.431,0.3181,0.4208,0.0016,0.0002,0.5361,0.0,0.2255,0.0104,0.0617,5.1253
09:58:24.459,9264.97,E 60 s / 60 s,6.5379,77.4,917504,4.9848,0.0027,0.3985,0.3451,0.441,0.0016,0.0008,0.5296,0.0,0.4593,0.0146,0.0645,4.2802
09:58:26.459,9266.97,E 60 s / 60 s,8.7083,77.4,917504,4.85616,0.0031,0.3941,0.2328,0.3924,0.0018,0.0002,0.5818,0.0034,0.2325,0.0071,0.0636,6.7954
09:58:28.459,9268.97,E 60 s / 60 s,9.226,77.9,917504,4.97006,0.0032,0.3471,0.2476,0.4301,0.0016,0.0008,0.5803,0.0103,0.0778,0.0039,0.0619,7.4614
09:58:30.459,9270.97,E 60 s / 60 s,10.1706,77.4,917504,5.0786,0.0031,0.3946,0.3412,0.4204,0.0006,0.0002,0.5075,0.0,0.2686,0.0056,0.0617,8.1672
09:58:32.463,9272.97,E 60 s / 60 s,6.267,79.0,917504,4.84946,0.0028,0.321,0.2404,0.4089,0.0004,0.0004,0.5553,0.0,0.2233,0.0024,0.0628,4.4493
09:58:34.463,9274.97,E 60 s / 60 s,9.6811,79.6,917504,4.8508,0.0028,0.4566,0.2233,0.4231,0.0004,0.0004,0.549,0.0,0.4934,0.0107,0.0654,7.4561
09:58:36.463,9276.97,E 60 s / 60 s,7.0753,79.6,917504,4.96872,0.003,0.3825,0.3531,0.437,0.0008,0.0004,0.5229,0.0,0.4399,0.0091,0.0646,4.8621
09:58:38.463,9278.97,E 60 s / 60 s,7.0737,78.5,917504,5.08396,0.0026,0.3976,0.2463,0.3804,0.0006,0.0002,0.5886,0.0,0.2727,0.0145,0.0666,5.1036
09:58:40.467,9280.98,E 60 s / 60 s,7.2134,80.1,917504,4.86822,0.003,0.3518,0.388,0.438,0.0012,0.0008,0.5151,0.0,0.2466,0.0074,0.062,5.1996
09:58:42.468,9282.98,E 60 s / 60 s,10.1723,79.6,917504,4.8508,0.003,0.3907,0.3784,0.4319,0.0004,0.0002,0.5296,0.0,0.423,0.0133,0.0636,7.9382
09:58:44.476,9284.98,E 60 s / 60 s,7.0292,79.0,917504,4.9312,0.0027,0.377,0.2839,0.4375,0.0018,0.0008,0.4971,0.0,0.374,0.005,0.068,4.9813
09:58:46.468,9286.98,E 60 s / 60 s,6.8402,79.6,917504,4.96872,0.0031,0.3952,0.2237,0.4292,0.0016,0.0004,0.5229,0.0,0.3343,0.0118,0.065,4.8529
09:58:48.467,9288.98,E 60 s / 60 s,6.9861,79.6,917504,4.96202,0.0031,0.4067,0.2496,0.4194,0.0008,0.0002,0.5981,0.0034,0.3864,0.0071,0.0629,4.8483
09:58:50.467,9290.98,E 60 s / 60 s,9.9504,79.6,917504,4.99686,0.003,0.4173,0.2832,0.4196,0.0008,0.0002,0.5423,0.0,0.3623,0.005,0.0645,7.8522
09:58:52.472,9292.98,E 60 s / 60 s,10.299,80.7,917504,4.86688,0.0031,0.429,0.2844,0.402,0.0006,0.0002,0.5918,0.0,0.2775,0.0088,0.0628,8.2386
09:58:54.471,9294.98,E 60 s / 60 s,8.9875,80.7,917504,4.8441,0.0032,0.3711,0.221,0.4372,0.0008,0.0004,0.539,0.0034,0.3467,0.0113,0.0627,6.9907
09:58:56.467,9296.98,E 60 s / 60 s,3.5469,71.4,917504,5.092,0.0028,0.3963,0.3204,0.381,0.0006,0.0002,0.5132,0.0,0.042,0.0,0.0643,1.826
09:58:58.467,9298.98,E 60 s / 60 s,3.3141,68.6,917504,5.10138,0.0027,0.298,0.2222,0.3703,0.0012,0.0002,0.5456,0.014,0.0411,0.0,0.0675,1.7512
09:59:00.467,9300.98,E 60 s / 60 s,2.6853,66.4,917504,5.12014,0.0028,0.2998,0.3466,0.3649,0.0008,0.0004,0.547,0.007,0.0292,0.0,0.0703,1.0165
09:59:02.467,9302.98,E 60 s / 60 s,2.5401,63.7,917504,5.12148,0.0027,0.2822,0.2327,0.3666,0.0008,0.0002,0.5294,0.0,0.0173,0.0,0.0664,1.0418
09:59:04.467,9304.98,E 60 s / 60 s,2.4725,62.0,917504,5.1389,0.0033,0.2998,0.2276,0.3649,0.001,0.0004,0.5391,0.0,0.0335,0.0,0.0704,0.9325
09:59:06.467,9306.98,E 60 s / 60 s,2.5458,61.5,917504,5.1188,0.0026,0.3006,0.3211,0.3609,0.0016,0.0002,0.5326,0.0,0.0358,0.0,0.0697,0.9207
09:59:08.468,9308.98,E 60 s / 60 s,2.5463,60.4,917504,5.13354,0.0035,0.3741,0.2276,0.3686,0.0012,0.0002,0.5491,0.0106,0.0412,0.0,0.0635,0.9068
09:59:10.468,9310.98,E 60 s / 60 s,2.5277,59.8,917504,5.12282,0.0028,0.3009,0.3227,0.3613,0.0014,0.0004,0.5391,0.0071,0.0216,0.0,0.0636,0.9068
09:59:12.468,9312.98,E 60 s / 60 s,2.4078,59.3,917504,5.12952,0.0026,0.2826,0.2489,0.3635,0.0018,0.0004,0.5349,0.0,0.0216,0.0,0.0697,0.8817
09:59:14.468,9314.98,E 60 s / 60 s,2.4881,59.3,917504,5.13622,0.0034,0.3254,0.2349,0.3616,0.0002,0.0,0.575,0.0,0.04,0.0,0.0672,0.8804
09:59:16.468,9316.98,E 60 s / 60 s,2.5089,58.7,917504,5.13086,0.0028,0.3013,0.3215,0.3697,0.0006,0.0004,0.5333,0.0,0.0292,0.0,0.0689,0.8811
09:59:18.468,9318.98,E 60 s / 60 s,2.4019,58.2,917504,5.13354,0.0031,0.28,0.252,0.3679,0.001,0.0004,0.5332,0.0035,0.0249,0.0,0.0683,0.8676
09:59:20.468,9320.98,E 60 s / 60 s,2.4412,58.7,917504,5.12684,0.003,0.3015,0.2855,0.367,0.0004,0.0002,0.5248,0.0,0.0281,0.0,0.0694,0.8611
09:59:22.468,9322.98,E 60 s / 60 s,2.588,57.6,917504,5.1389,0.0032,0.3514,0.2864,0.3617,0.0018,0.0,0.539,0.0,0.1102,0.0,0.066,0.8682
09:59:24.468,9324.98,E 60 s / 60 s,2.4428,57.1,917504,5.13488,0.0029,0.2763,0.2494,0.3661,0.0008,0.0,0.5365,0.0,0.0853,0.0,0.0698,0.8557
09:59:26.468,9326.98,E 60 s / 60 s,2.5971,56.5,917504,5.13622,0.0028,0.3018,0.3494,0.3702,0.0008,0.0,0.5066,0.0,0.0552,0.0,0.066,0.9442
09:59:28.468,9328.98,E 60 s / 60 s,2.516,56.5,917504,5.13622,0.0032,0.3042,0.3499,0.3673,0.0008,0.0002,0.5394,0.0035,0.0281,0.0,0.0705,0.8489
09:59:30.468,9330.98,E 60 s / 60 s,2.4232,56.5,917504,5.1322,0.0026,0.2732,0.2869,0.3635,0.0018,0.0004,0.5584,0.0,0.0248,0.0,0.0691,0.8425
09:59:32.468,9332.98,E 60 s / 60 s,2.5615,56.5,917504,5.13354,0.0031,0.302,0.3588,0.3684,0.0008,0.0,0.5846,0.0035,0.0271,0.0,0.0697,0.8434
09:59:34.468,9334.98,E 60 s / 60 s,2.4722,55.4,917504,5.13622,0.0027,0.2774,0.3561,0.3682,0.0016,0.0002,0.5326,0.0,0.0238,0.0,0.0673,0.8425
09:59:36.469,9336.98,E 60 s / 60 s,2.4457,55.4,917504,5.1456,0.0027,0.2821,0.2859,0.3703,0.0004,0.0,0.5651,0.0,0.0303,0.0,0.073,0.836
09:59:38.469,9338.98,E 60 s / 60 s,2.4202,55.4,917504,5.14292,0.0026,0.304,0.2366,0.3725,0.0032,0.0002,0.5635,0.0106,0.0313,0.0,0.066,0.8296
09:59:40.469,9340.98,E 60 s / 60 s,2.404,55.4,917504,5.13488,0.0026,0.2747,0.2866,0.3688,0.0002,0.0004,0.5418,0.0141,0.0281,0.0,0.0696,0.8171
09:59:42.469,9342.98,E 60 s / 60 s,2.3332,54.3,917504,5.13354,0.0031,0.2781,0.2338,0.376,0.0016,0.0,0.5123,0.0106,0.0248,0.0,0.0755,0.8174
09:59:44.469,9344.98,E 60 s / 60 s,2.4823,54.9,917504,5.12952,0.0031,0.3045,0.3482,0.3733,0.0006,0.0004,0.5171,0.0,0.0325,0.0,0.073,0.8296
09:59:46.469,9346.98,E 60 s / 60 s,2.4725,55.4,917504,5.12148,0.0031,0.2801,0.353,0.3679,0.0004,0.0,0.5365,0.0106,0.0336,0.0,0.0698,0.8174
09:59:48.469,9348.98,E 60 s / 60 s,2.3749,53.8,917504,5.14292,0.0031,0.304,0.2264,0.3688,0.0018,0.0002,0.5681,0.0,0.0269,0.0,0.0654,0.8103
09:59:50.469,9350.98,E 60 s / 60 s,2.5035,54.9,917504,5.14158,0.0029,0.3792,0.2858,0.3614,0.0008,0.0002,0.5406,0.0,0.0272,0.0,0.07,0.8354
09:59:52.473,9352.98,E 60 s / 60 s,2.3271,54.3,917504,5.14024,0.0029,0.2776,0.2343,0.3667,0.0034,0.0004,0.5239,0.0035,0.0259,0.0,0.0717,0.8168
09:59:54.469,9354.98,E 60 s / 60 s,2.453,54.3,917504,5.1456,0.0025,0.306,0.2255,0.3685,0.0008,0.0,0.5358,0.0035,0.0422,0.0,0.0692,0.899
09:59:56.475,9356.98,E 60 s / 60 s,6.7567,64.2,917504,4.91914,0.0027,0.4007,0.3541,0.4212,0.0004,0.0002,0.4987,0.0,0.4568,0.0147,0.0652,4.542
09:59:58.471,9358.98,E 60 s / 60 s,9.6582,68.6,917504,4.8977,0.003,0.4031,0.249,0.4083,0.0016,0.0004,0.5519,0.0,0.2825,0.0053,0.0671,7.6859
10:00:00.471,9360.98,E 60 s / 60 s,8.9084,70.3,917504,4.9044,0.0032,0.3878,0.2831,0.407,0.0016,0.0002,0.5395,0.0,0.2203,0.0021,0.0631,7.0005
10:00:02.471,9362.98,E 60 s / 60 s,5.9852,70.8,917504,4.97274,0.0026,0.3741,0.2317,0.4143,0.0002,0.0002,0.5081,0.0103,0.3343,0.0145,0.0647,4.0301
10:00:04.475,9364.98,E 60 s / 60 s,9.8991,72.5,917504,4.97408,0.0031,0.4382,0.248,0.4287,0.0008,0.0002,0.5875,0.0308,0.4638,0.0,0.0608,7.6373
10:00:06.478,9366.98,E 60 s / 60 s,7.3237,74.1,917504,4.96738,0.0032,0.3371,0.2486,0.4002,0.0032,0.0008,0.5298,0.0102,0.23,0.005,0.0639,5.4915
10:00:08.471,9368.98,E 60 s / 60 s,6.3448,74.7,917504,4.89904,0.0032,0.4294,0.335,0.3953,0.0004,0.0004,0.5329,0.0,0.2341,0.0023,0.0659,4.3459
10:00:10.471,9370.98,E 60 s / 60 s,10.1037,75.2,917504,4.90976,0.0032,0.3345,0.2326,0.4309,0.0016,0.0004,0.5424,0.0375,0.1317,0.0027,0.0687,8.3177
10:00:12.471,9372.98,E 60 s / 60 s,8.2876,76.3,917504,4.8776,0.0031,0.4456,0.2846,0.4118,0.0002,0.0002,0.5971,0.0,0.3691,0.0142,0.0668,6.0949
10:00:14.471,9374.98,E 60 s / 60 s,8.4259,76.3,917504,4.8843,0.003,0.328,0.2327,0.4167,0.0024,0.0002,0.5311,0.0,0.4731,0.0142,0.0682,6.3562
10:00:16.476,9376.98,E 60 s / 60 s,9.8974,76.8,917504,4.9781,0.0031,0.3284,0.221,0.4089,0.0032,0.0008,0.5371,0.0068,0.2988,0.008,0.0621,8.0193
10:00:18.574,9378.98,E 60 s / 60 s,7.2618,76.3,917504,5.07994,0.0031,0.2966,0.2365,0.3755,0.0006,0.0008,0.5477,0.0,0.1757,0.0,0.0673,5.5578
10:00:20.471,9380.98,E 60 s / 60 s,10.0189,77.9,917504,4.91914,0.0031,0.3148,0.2237,0.4326,0.0016,0.0008,0.539,0.0,0.2205,0.0012,0.0607,8.2208
10:00:22.475,9382.98,E 60 s / 60 s,9.8793,78.5,917504,4.85482,0.0032,0.3339,0.2462,0.3936,0.0008,0.0002,0.5713,0.0171,0.198,0.0,0.0628,8.0522
10:00:24.476,9384.98,E 60 s / 60 s,7.266,78.5,917504,4.92584,0.0035,0.4667,0.351,0.4131,0.0002,0.0002,0.5358,0.0034,0.3375,0.0074,0.0627,5.0845
10:00:26.477,9386.98,E 60 s / 60 s,5.0343,77.9,917504,4.97274,0.003,0.3989,0.3434,0.4344,0.0018,0.0004,0.5164,0.0069,0.4747,0.0062,0.0671,2.781
10:00:28.475,9388.98,E 60 s / 60 s,9.7826,78.5,917504,4.94996,0.003,0.3972,0.2457,0.3995,0.0008,0.0008,0.5716,0.0,0.2317,0.0101,0.0639,7.8584
10:00:30.475,9390.98,E 60 s / 60 s,8.6654,79.6,917504,4.86822,0.0031,0.4446,0.3441,0.4179,0.0006,0.0002,0.5338,0.0034,0.4733,0.0009,0.0635,6.3802
10:00:32.475,9392.98,E 60 s / 60 s,10.1238,80.1,917504,4.8642,0.003,0.3201,0.2832,0.4025,0.002,0.0002,0.5133,0.0069,0.1403,0.005,0.063,8.3841
10:00:34.476,9394.98,E 60 s / 60 s,6.2764,79.0,917504,4.85482,0.0031,0.395,0.2334,0.4337,0.0004,0.0004,0.5923,0.0069,0.4767,0.0065,0.0659,4.062
10:00:36.475,9396.98,E 60 s / 60 s,10.2205,79.6,917504,4.86688,0.0027,0.3443,0.3694,0.434,0.0016,0.0002,0.5261,0.0068,0.4624,0.0124,0.0613,7.9993
10:00:38.475,9398.98,E 60 s / 60 s,7.7011,80.7,917504,4.87626,0.0031,0.4823,0.3535,0.4231,0.0004,0.0002,0.5488,0.0205,0.4554,0.0065,0.0626,5.3447
10:00:40.476,9400.98,E 60 s / 60 s,9.9234,80.1,917504,4.93388,0.0032,0.4413,0.3157,0.423,0.0012,0.0002,0.5398,0.0034,0.1318,0.0041,0.0612,7.9985
10:00:42.475,9402.98,E 60 s / 60 s,6.8974,79.6,917504,4.89904,0.0029,0.3957,0.2383,0.4384,0.0024,0.0,0.5286,0.0034,0.4757,0.0118,0.0606,4.7396
10:00:44.476,9404.98,E 60 s / 60 s,7.9603,81.2,917504,4.8642,0.003,0.3186,0.3476,0.4202,0.001,0.0002,0.5197,0.0,0.3116,0.0127,0.0612,5.9645
10:00:46.475,9406.98,E 60 s / 60 s,10.5109,81.2,917504,4.86554,0.003,0.323,0.2318,0.4044,0.0,0.0002,0.5362,0.0034,0.4775,0.0029,0.0606,8.4679
10:00:48.476,9408.98,E 60 s / 60 s,9.0683,80.7,917504,4.8776,0.003,0.3496,0.3535,0.4372,0.001,0.0002,0.5091,0.0069,0.3385,0.0079,0.0629,6.9983
10:00:50.475,9410.98,E 60 s / 60 s,10.3571,81.8,917512,4.85616,0.0032,0.4439,0.2488,0.4442,0.002,0.0008,0.5911,0.0,0.3386,0.0073,0.0615,8.2156
10:00:52.472,9412.98,E 60 s / 60 s,3.4215,73.6,917504,5.09468,0.0032,0.2971,0.2205,0.3865,0.0016,0.0002,0.5193,0.007,0.0584,0.0,0.0705,1.8571
10:00:54.472,9414.99,E 60 s / 60 s,3.4916,69.2,917504,5.09736,0.003,0.3718,0.2853,0.3791,0.0004,0.0004,0.5813,0.0,0.0444,0.0,0.0681,1.7578
10:00:56.472,9416.99,E 60 s / 60 s,2.7464,65.9,917504,5.1322,0.0033,0.3738,0.2856,0.3646,0.0016,0.0004,0.6003,0.0035,0.0432,0.0,0.0671,1.0029
10:00:58.472,9418.99,E 60 s / 60 s,2.655,63.1,917504,5.1255,0.0031,0.2988,0.3504,0.365,0.0008,0.0004,0.5651,0.0,0.0314,0.0,0.0678,0.9722
10:01:00.473,9420.99,E 60 s / 60 s,2.5259,62.6,917504,5.12684,0.0033,0.2996,0.2244,0.365,0.0008,0.0002,0.5881,0.0,0.0325,0.0,0.0666,0.9454
10:01:02.473,9422.99,E 60 s / 60 s,2.6575,60.9,917504,5.13354,0.0031,0.3681,0.3554,0.3688,0.001,0.0002,0.5358,0.0,0.0282,0.0,0.0647,0.9322
10:01:04.473,9424.99,E 60 s / 60 s,2.5542,60.4,917504,5.1322,0.0029,0.2989,0.3546,0.3679,0.001,0.0002,0.5142,0.0,0.0346,0.0,0.0666,0.9132
10:01:06.473,9426.99,E 60 s / 60 s,2.4898,61.5,917504,5.1389,0.0031,0.3005,0.2367,0.3626,0.0012,0.0002,0.575,0.0071,0.04,0.0,0.0697,0.8936
10:01:08.473,9428.99,E 60 s / 60 s,2.5049,59.3,917504,5.13622,0.0029,0.3518,0.2533,0.3626,0.0032,0.0002,0.5365,0.0,0.04,0.0,0.0672,0.8872
10:01:10.473,9430.99,E 60 s / 60 s,2.4557,59.8,917504,5.14024,0.0027,0.301,0.2349,0.3627,0.0018,0.0,0.5358,0.0035,0.056,0.0,0.0698,0.8875
10:01:12.477,9432.99,E 60 s / 60 s,2.4015,58.7,917504,5.1389,0.0027,0.3017,0.2236,0.3626,0.0006,0.0004,0.5333,0.0035,0.0401,0.0,0.0641,0.8688
10:01:14.473,9434.99,E 60 s / 60 s,2.5681,56.5,917504,5.13086,0.003,0.37,0.3241,0.3667,0.0008,0.0004,0.5229,0.0,0.028,0.0,0.0647,0.8875
10:01:16.473,9436.99,E 60 s / 60 s,2.3836,57.1,917504,5.14024,0.0027,0.303,0.2221,0.3619,0.0008,0.0004,0.5286,0.0071,0.0216,0.0,0.0673,0.8682
10:01:18.473,9438.99,E 60 s / 60 s,2.4727,58.2,917504,5.14024,0.0028,0.3515,0.2511,0.3666,0.0024,0.0,0.5399,0.0,0.0283,0.0,0.0679,0.8621
10:01:20.473,9440.99,E 60 s / 60 s,2.3981,56.5,917504,5.1322,0.0027,0.2784,0.2855,0.3613,0.0008,0.0004,0.5034,0.0035,0.0378,0.0,0.0679,0.8563
10:01:22.473,9442.99,E 60 s / 60 s,2.373,57.6,917504,5.1322,0.0033,0.2794,0.2503,0.3608,0.0002,0.0004,0.5275,0.0035,0.0293,0.0,0.0697,0.8486
10:01:24.473,9444.99,E 60 s / 60 s,2.4901,56.5,917504,5.1389,0.003,0.303,0.321,0.3672,0.0008,0.0004,0.5423,0.0,0.0281,0.0,0.068,0.8563
10:01:26.473,9446.99,E 60 s / 60 s,2.4417,56.5,917504,5.13354,0.0027,0.2768,0.3361,0.3661,0.0002,0.0002,0.5202,0.0071,0.0281,0.0,0.0673,0.837
10:01:28.474,9448.99,E 60 s / 60 s,2.3798,56.5,917504,5.13354,0.0034,0.3036,0.2222,0.3644,0.0032,0.0004,0.539,0.0141,0.0315,0.0,0.0685,0.8293
10:01:30.474,9450.99,E 60 s / 60 s,2.4424,56.0,917504,5.13756,0.0026,0.3525,0.2511,0.3671,0.0004,0.0,0.5345,0.0,0.0303,0.0,0.0679,0.836
10:01:32.474,9452.99,E 60 s / 60 s,2.4524,56.0,917504,5.1456,0.0025,0.2788,0.3542,0.3617,0.0008,0.0004,0.5133,0.0,0.0281,0.0,0.0706,0.8418
10:01:34.474,9454.99,E 60 s / 60 s,2.3678,55.4,917504,5.1389,0.0034,0.3038,0.2273,0.3703,0.0002,0.0,0.543,0.0035,0.0281,0.0,0.0647,0.8235
10:01:36.478,9456.99,E 60 s / 60 s,2.4914,55.4,917504,5.1389,0.0028,0.3051,0.3412,0.3619,0.0008,0.0004,0.5361,0.0,0.0325,0.0,0.068,0.8425
10:01:38.474,9458.99,E 60 s / 60 s,2.7469,56.0,917504,5.1456,0.0028,0.2765,0.2878,0.3626,0.0004,0.0002,0.511,0.0,0.0281,0.0,0.0685,1.2091
10:01:40.474,9460.99,E 60 s / 60 s,2.598,54.9,917504,5.14292,0.0027,0.3036,0.2375,0.3662,0.0,0.0002,0.5713,0.0071,0.039,0.0,0.0673,1.0033
10:01:42.474,9462.99,E 60 s / 60 s,2.6157,54.9,917504,5.13354,0.0031,0.3281,0.2515,0.3688,0.0006,0.0,0.5718,0.0036,0.0324,0.0,0.0654,0.9904
10:01:44.474,9464.99,E 60 s / 60 s,2.4025,54.9,917504,5.15096,0.0035,0.3042,0.2244,0.3661,0.0006,0.0,0.5669,0.0071,0.0335,0.0,0.0672,0.829
10:01:46.474,9466.99,E 60 s / 60 s,2.3753,54.9,917504,5.14158,0.0026,0.306,0.2279,0.3688,0.0002,0.0004,0.5424,0.0071,0.0345,0.0,0.0686,0.8168
10:01:48.474,9468.99,E 60 s / 60 s,2.4616,54.3,917504,5.1389,0.0029,0.3546,0.2881,0.3654,0.0016,0.0002,0.5358,0.0,0.0292,0.0,0.0667,0.8171
10:01:50.474,9470.99,E 60 s / 60 s,2.4539,53.2,917504,5.1456,0.0031,0.3057,0.3588,0.3653,0.0002,0.0002,0.5086,0.0,0.026,0.0,0.0692,0.8168
10:01:52.474,9472.99,E 60 s / 60 s,2.3576,54.3,917504,5.14426,0.0029,0.3049,0.2235,0.3707,0.0016,0.0004,0.542,0.0,0.0272,0.0,0.0673,0.8171
10:01:54.475,9474.99,E 60 s / 60 s,2.3714,54.9,917504,5.14962,0.0025,0.3038,0.2231,0.3614,0.0008,0.0002,0.5582,0.0,0.0313,0.0,0.0734,0.8168
10:01:56.475,9476.99,E 60 s / 60 s,4.6785,56.5,917504,5.03438,0.0028,0.3812,0.2505,0.3967,0.0004,0.0002,0.5207,0.0035,0.4673,0.0101,0.0678,2.5774
10:01:58.555,9478.99,E 60 s / 60 s,4.3796,62.6,917504,5.03706,0.0026,0.352,0.2266,0.3865,0.0016,0.0,0.5359,0.0,0.2633,0.0126,0.0679,2.5305
10:02:00.479,9480.99,E 60 s / 60 s,8.5084,68.1,917504,4.9044,0.0029,0.3858,0.3528,0.4143,0.0008,0.0004,0.5403,0.0,0.4718,0.0009,0.0661,6.2723
10:02:02.479,9482.99,E 60 s / 60 s,9.8195,69.2,917504,4.89904,0.0023,0.439,0.3338,0.4248,0.0016,0.0,0.4972,0.0,0.4702,0.0018,0.0645,7.5842
10:02:04.479,9484.99,E 60 s / 60 s,9.6443,70.3,917504,5.0049,0.0028,0.4491,0.2822,0.4178,0.0008,0.0008,0.5813,0.0,0.3372,0.0071,0.0702,7.4949
10:02:06.479,9486.99,E 60 s / 60 s,7.4826,72.5,917504,5.10674,0.0026,0.3006,0.2827,0.4076,0.0016,0.0002,0.5102,0.0,0.0302,0.0047,0.0687,5.8734
10:02:08.484,9488.99,E 60 s / 60 s,10.188,73.6,917504,4.9714,0.0034,0.3001,0.3534,0.4021,0.0006,0.0008,0.5386,0.0,0.2132,0.0148,0.067,8.294
10:02:10.483,9490.99,E 60 s / 60 s,10.5091,74.7,917504,4.97408,0.0031,0.3221,0.3794,0.3941,0.0004,0.0002,0.543,0.0,0.4065,0.0006,0.0684,8.3912
10:02:12.483,9492.99,E 60 s / 60 s,10.1416,75.7,917504,4.87894,0.003,0.3409,0.3857,0.4174,0.0002,0.0004,0.5236,0.0103,0.465,0.0053,0.0645,7.9254
10:02:14.484,9494.99,E 60 s / 60 s,9.691,73.6,917504,4.9848,0.0031,0.4398,0.3794,0.4078,0.0004,0.0008,0.539,0.0,0.3384,0.0053,0.0668,7.5102
10:02:16.483,9496.99,E 60 s / 60 s,9.8142,76.8,917504,4.86286,0.0027,0.3338,0.3177,0.4186,0.0004,0.0008,0.541,0.0273,0.3346,0.0056,0.0614,7.7703
10:02:18.483,9498.99,E 60 s / 60 s,8.6573,77.4,917504,4.88832,0.0031,0.4461,0.3181,0.4029,0.0002,0.0004,0.5104,0.0,0.2515,0.0113,0.0651,6.6483
10:02:20.483,9500.99,E 60 s / 60 s,10.443,77.4,917504,4.86822,0.0032,0.3975,0.2491,0.4326,0.0018,0.0008,0.6003,0.0034,0.2667,0.0038,0.0617,8.422
10:02:22.483,9502.99,E 60 s / 60 s,8.5999,76.8,917504,4.84812,0.0032,0.3956,0.2845,0.4287,0.0008,0.0002,0.5429,0.0,0.5102,0.0056,0.0635,6.3645
10:02:24.483,9504.99,E 60 s / 60 s,10.0646,76.8,917504,4.97006,0.0027,0.4198,0.2258,0.4424,0.0008,0.0002,0.5878,0.0034,0.4732,0.0107,0.067,7.8308
10:02:26.482,9506.99,E 60 s / 60 s,6.5111,77.4,917504,5.0853,0.0032,0.298,0.2237,0.3754,0.0004,0.0,0.5423,0.0,0.0584,0.0,0.0649,4.9447
10:02:28.488,9509.0,E 60 s / 60 s,10.0429,79.0,917504,4.9312,0.003,0.4214,0.351,0.3878,0.0002,0.0004,0.5439,0.0137,0.2188,0.0106,0.0674,8.0246
10:02:30.487,9511.0,E 60 s / 60 s,9.8308,79.0,917504,4.88698,0.0031,0.3726,0.2486,0.4019,0.0008,0.0008,0.5852,0.0,0.2369,0.0047,0.0666,7.9096
10:02:32.488,9513.0,E 60 s / 60 s,8.0381,79.0,917504,4.96872,0.0031,0.2971,0.318,0.3998,0.0016,0.0004,0.5162,0.0034,0.1945,0.0033,0.0619,6.2388
10:02:34.487,9515.0,E 60 s / 60 s,6.911,78.5,917504,4.88832,0.0033,0.4455,0.3531,0.4564,0.0008,0.0002,0.5392,0.0,0.4044,0.0062,0.0629,4.639
10:02:36.488,9517.0,E 60 s / 60 s,6.5693,77.9,917504,4.98882,0.0031,0.2955,0.2343,0.3954,0.0004,0.0004,0.5301,0.0,0.1967,0.003,0.0665,4.8438
10:02:38.487,9519.0,E 60 s / 60 s,10.1848,79.0,917504,4.9044,0.0033,0.3279,0.2286,0.4486,0.0012,0.0002,0.5883,0.0,0.4791,0.0074,0.0659,8.0345
10:02:40.488,9521.0,E 60 s / 60 s,10.5127,79.6,917504,4.85482,0.0031,0.396,0.2496,0.4392,0.0,0.0002,0.5914,0.0034,0.4079,0.0109,0.0632,8.3478
10:02:42.487,9523.0,E 60 s / 60 s,7.1436,78.5,917504,4.97006,0.0027,0.3952,0.2235,0.4515,0.0004,0.0002,0.6011,0.0,0.5513,0.015,0.0634,4.8392
10:02:44.488,9525.0,E 60 s / 60 s,9.9925,79.6,917504,4.86152,0.0032,0.3145,0.3512,0.4129,0.0012,0.0002,0.5972,0.0,0.2513,0.0023,0.0642,7.9943
10:02:46.487,9527.0,E 60 s / 60 s,6.8298,80.1,917504,4.98748,0.0026,0.4093,0.237,0.4214,0.001,0.0002,0.6033,0.0068,0.2049,0.0056,0.0634,4.8743
10:02:48.487,9529.0,E 60 s / 60 s,8.5566,81.2,917504,4.98882,0.003,0.3952,0.3515,0.4231,0.0012,0.0002,0.5818,0.0,0.2028,0.005,0.0609,6.5318
10:02:50.487,9531.0,E 60 s / 60 s,6.6884,79.6,917504,4.88832,0.0031,0.4423,0.3526,0.4568,0.0006,0.0002,0.5293,0.0069,0.4919,0.0068,0.0644,4.3336
10:02:52.488,9533.0,E 60 s / 60 s,8.8449,81.2,917504,4.8642,0.0037,0.3886,0.2565,0.4475,0.0004,0.0004,0.5813,0.0,0.3319,0.0062,0.0626,6.7657
10:02:54.487,9535.0,E 60 s / 60 s,9.4988,81.2,917504,4.86152,0.0034,0.295,0.2486,0.4199,0.0016,0.0004,0.5201,0.0,0.4456,0.003,0.0599,7.5014
10:02:56.484,9537.0,E 60 s / 60 s,3.6526,77.4,917504,5.07994,0.0035,0.2987,0.2842,0.3881,0.0012,0.0002,0.5132,0.014,0.0583,0.0,0.0686,2.0227
10:02:58.484,9539.0,E 60 s / 60 s,3.3874,71.4,917504,5.10272,0.0033,0.2981,0.286,0.3775,0.0012,0.0002,0.5091,0.007,0.0281,0.0,0.0672,1.8096
10:03:00.484,9541.0,E 60 s / 60 s,3.4429,68.1,917504,5.1054,0.0028,0.3498,0.3548,0.3738,0.0012,0.0008,0.5367,0.0,0.027,0.0,0.0694,1.7267
10:03:02.485,9543.0,E 60 s / 60 s,2.5408,65.3,917504,5.1322,0.003,0.2994,0.2255,0.3617,0.0018,0.0002,0.5552,0.0106,0.0249,0.0,0.0681,0.9904
10:03:04.485,9545.0,E 60 s / 60 s,2.5553,63.7,917504,5.12818,0.0028,0.3142,0.2367,0.3654,0.0,0.0004,0.5881,0.0,0.0325,0.0,0.0633,0.9518
10:03:06.485,9547.0,E 60 s / 60 s,2.6604,62.0,917504,5.1322,0.0033,0.3795,0.3219,0.367,0.001,0.0004,0.5197,0.0035,0.0582,0.0,0.0666,0.9393
10:03:08.485,9549.0,E 60 s / 60 s,2.4689,60.9,917504,5.13756,0.0033,0.2856,0.2501,0.369,0.0008,0.0004,0.5317,0.0035,0.055,0.0,0.0692,0.9004
10:03:10.485,9551.0,E 60 s / 60 s,2.5568,60.9,917504,5.1322,0.0028,0.3498,0.2529,0.3685,0.0008,0.0004,0.5878,0.0,0.0324,0.0,0.0679,0.8936
10:03:12.485,9553.0,E 60 s / 60 s,2.4134,59.8,917504,5.13488,0.0029,0.2816,0.2518,0.3661,0.0008,0.0002,0.5202,0.0,0.0335,0.0,0.0684,0.8878
10:03:14.485,9555.0,E 60 s / 60 s,2.4191,59.3,917504,5.13354,0.0027,0.2817,0.2385,0.3668,0.0008,0.0004,0.5329,0.0035,0.0291,0.0,0.0691,0.8936
10:03:16.485,9557.0,E 60 s / 60 s,2.6363,59.3,917504,5.13488,0.0027,0.3506,0.3547,0.3637,0.0004,0.0,0.5849,0.0,0.0314,0.0,0.0659,0.882
10:03:18.485,9559.0,E 60 s / 60 s,2.3585,58.2,917504,5.1456,0.0027,0.2789,0.2347,0.3619,0.0008,0.0002,0.5093,0.0,0.0304,0.0,0.0716,0.8682
10:03:20.485,9561.0,E 60 s / 60 s,2.4672,58.2,917504,5.13622,0.0029,0.3004,0.235,0.3637,0.001,0.0004,0.5949,0.0035,0.0388,0.0,0.0647,0.8618
10:03:22.485,9563.0,E 60 s / 60 s,2.4933,57.1,917504,5.12684,0.0027,0.3005,0.3513,0.3668,0.0008,0.0002,0.5167,0.0,0.0206,0.0,0.066,0.8679
10:03:24.485,9565.0,E 60 s / 60 s,2.4347,57.6,917504,5.11344,0.0027,0.3037,0.2877,0.3643,0.0016,0.0002,0.5132,0.0071,0.0227,0.0,0.0691,0.8624
10:03:26.486,9567.0,E 60 s / 60 s,2.4677,57.1,917504,5.12818,0.0026,0.3509,0.2525,0.3707,0.0008,0.0004,0.5381,0.0,0.0282,0.0,0.0685,0.855
10:03:28.486,9569.0,E 60 s / 60 s,2.5085,56.5,917504,5.12416,0.0028,0.3021,0.3558,0.3626,0.0006,0.0004,0.5174,0.0071,0.0324,0.0,0.0648,0.8624
10:03:30.486,9571.0,E 60 s / 60 s,2.3603,57.1,917504,5.14024,0.0026,0.2775,0.2351,0.3715,0.0018,0.0002,0.5136,0.0106,0.0281,0.0,0.071,0.8483
10:03:32.486,9573.0,E 60 s / 60 s,2.5238,56.5,917504,5.1121,0.0026,0.2893,0.3221,0.3759,0.0016,0.0004,0.5132,0.0,0.0216,0.0,0.0654,0.9316
10:03:34.486,9575.0,E 60 s / 60 s,2.4411,56.5,917504,5.1456,0.0028,0.2773,0.3588,0.3637,0.0004,0.0002,0.5157,0.0,0.0184,0.0,0.0678,0.836
10:03:36.486,9577.0,E 60 s / 60 s,2.3399,56.5,917504,5.1322,0.0029,0.278,0.234,0.3661,0.0006,0.0002,0.5268,0.0,0.0238,0.0,0.0709,0.8364
10:03:38.486,9579.0,E 60 s / 60 s,2.4835,56.0,917504,5.14024,0.0027,0.3281,0.235,0.3724,0.0016,0.0,0.5869,0.0177,0.0303,0.0,0.0729,0.836
10:03:40.486,9581.0,E 60 s / 60 s,2.3356,54.9,917504,5.1456,0.0035,0.279,0.2359,0.3686,0.0016,0.0002,0.5164,0.0035,0.0248,0.0,0.0729,0.8293
10:03:42.486,9583.0,E 60 s / 60 s,2.3255,56.0,917504,5.13354,0.0033,0.2783,0.2247,0.3619,0.0004,0.0002,0.5231,0.0035,0.0313,0.0,0.0697,0.829
10:03:44.490,9585.0,E 60 s / 60 s,2.328,55.4,917504,5.15096,0.0033,0.2797,0.2236,0.367,0.0016,0.0002,0.5358,0.0035,0.0279,0.0,0.0678,0.8174
10:03:46.486,9587.0,E 60 s / 60 s,2.5564,54.9,917504,5.14292,0.0032,0.3678,0.3557,0.3635,0.0004,0.0002,0.5317,0.0,0.0313,0.0,0.0667,0.836
10:03:48.486,9589.0,E 60 s / 60 s,2.3386,54.3,917504,5.14694,0.0025,0.2782,0.2524,0.365,0.001,0.0,0.5226,0.0,0.0313,0.0,0.0686,0.8171
10:03:50.486,9591.0,E 60 s / 60 s,2.3993,54.9,917504,5.1389,0.0027,0.3044,0.2359,0.366,0.0016,0.0002,0.5736,0.0035,0.028,0.0,0.0666,0.8168
10:03:52.486,9593.0,E 60 s / 60 s,2.4839,54.9,917504,5.1389,0.0031,0.3047,0.3523,0.3654,0.0016,0.0002,0.5415,0.0,0.0227,0.0,0.0756,0.8168
10:03:54.487,9595.0,E 60 s / 60 s,2.3775,54.9,917504,5.14292,0.0027,0.2803,0.2255,0.3617,0.0016,0.0004,0.5971,0.0035,0.0226,0.0,0.0718,0.8103
10:03:56.495,9597.0,E 60 s / 60 s,8.3484,56.5,917504,5.0049,0.0028,0.3281,0.235,0.4076,0.0008,0.0,0.5426,0.0105,0.2034,0.0053,0.0655,6.5466
10:03:58.491,9599.0,E 60 s / 60 s,9.6562,64.8,917504,5.11746,0.0027,0.3271,0.2831,0.4207,0.0016,0.0008,0.5067,0.0,0.3403,0.0153,0.0641,7.6936
10:04:00.491,9601.0,E 60 s / 60 s,9.4678,68.1,917504,4.9714,0.0031,0.326,0.2228,0.4062,0.0004,0.0002,0.5359,0.0,0.2616,0.0047,0.0672,7.6397
10:04:02.491,9603.0,E 60 s / 60 s,9.8732,71.4,917504,4.89368,0.0032,0.3238,0.3492,0.4129,0.0004,0.0002,0.4931,0.0,0.2341,0.0056,0.064,7.9867
10:04:04.491,9605.0,E 60 s / 60 s,9.2494,72.5,917504,4.91512,0.0031,0.3503,0.3502,0.4213,0.0006,0.0002,0.5131,0.0,0.4256,0.0003,0.062,7.1228
10:04:06.591,9607.0,E 60 s / 60 s,9.2059,73.0,917504,4.8709,0.0031,0.3503,0.2238,0.4118,0.0032,0.0002,0.5317,0.0,0.2472,0.0082,0.062,7.3643
10:04:08.491,9609.0,E 60 s / 60 s,8.6929,74.1,917504,4.97408,0.0029,0.3484,0.3493,0.4196,0.0004,0.0004,0.5195,0.0,0.4086,0.0115,0.066,6.5664
10:04:10.495,9611.0,E 60 s / 60 s,6.5621,75.7,917504,4.9714,0.0027,0.3886,0.2187,0.4021,0.0016,0.0002,0.5197,0.0137,0.1992,0.0082,0.0615,4.746
10:04:12.491,9613.0,E 60 s / 60 s,9.2016,76.3,917504,4.9781,0.0031,0.3266,0.2318,0.4181,0.0008,0.0008,0.5651,0.0,0.0982,0.0012,0.0638,7.492
10:04:14.491,9615.0,E 60 s / 60 s,8.2502,75.7,917504,4.99016,0.0033,0.3889,0.2815,0.4326,0.0002,0.0002,0.5117,0.0,0.4755,0.0153,0.0614,6.0795
10:04:16.491,9617.0,E 60 s / 60 s,9.9493,76.8,917504,4.86688,0.0031,0.4359,0.2834,0.3871,0.0004,0.0002,0.5265,0.0,0.215,0.0133,0.065,8.0194
10:04:18.491,9619.0,E 60 s / 60 s,10.0395,76.8,917504,4.87358,0.0035,0.3706,0.2843,0.4126,0.0006,0.0008,0.5196,0.0034,0.2719,0.0083,0.0628,8.1011
10:04:20.491,9621.0,E 60 s / 60 s,6.628,77.4,917504,4.86688,0.0027,0.3969,0.3435,0.4186,0.0008,0.0002,0.528,0.0,0.3384,0.0112,0.06,4.5277
10:04:22.491,9623.0,E 60 s / 60 s,8.5788,76.8,917504,4.8709,0.0031,0.3481,0.2858,0.3954,0.0006,0.0008,0.5093,0.0034,0.4059,0.0,0.065,6.5614
10:04:24.491,9625.0,E 60 s / 60 s,8.8917,77.9,917504,4.86152,0.0033,0.4491,0.316,0.4371,0.0004,0.0002,0.5391,0.0068,0.4081,0.0068,0.0613,6.6636
10:04:26.492,9627.0,E 60 s / 60 s,9.8191,77.4,917504,4.94728,0.003,0.3479,0.229,0.4292,0.0016,0.0004,0.5345,0.0171,0.477,0.0,0.0631,7.7161
10:04:28.491,9629.0,E 60 s / 60 s,9.9517,77.4,917504,5.09334,0.0029,0.421,0.354,0.4479,0.0004,0.0008,0.5301,0.0,0.063,0.0083,0.063,8.0603
10:04:30.495,9631.0,E 60 s / 60 s,10.0851,78.5,917504,4.84276,0.0032,0.3471,0.3513,0.4023,0.0004,0.0008,0.5226,0.0034,0.1992,0.0024,0.0622,8.1902
10:04:32.495,9633.0,E 60 s / 60 s,10.194,78.5,917504,4.96202,0.0033,0.321,0.2291,0.4072,0.0006,0.0002,0.5821,0.0138,0.4935,0.0071,0.0633,8.0728
10:04:34.597,9635.0,E 60 s / 60 s,6.3875,79.0,917504,4.99418,0.0031,0.4115,0.2259,0.4557,0.0006,0.0002,0.5944,0.0,0.2682,0.0154,0.062,4.3505
10:04:36.492,9637.0,E 60 s / 60 s,8.1855,79.0,917504,4.99284,0.0033,0.3451,0.2317,0.3966,0.0016,0.0008,0.5683,0.0,0.1765,0.0103,0.0658,6.3855
10:04:38.500,9639.01,E 60 s / 60 s,10.1154,79.0,917504,4.99686,0.0033,0.3951,0.2801,0.4006,0.0004,0.0008,0.5361,0.0034,0.1993,0.0083,0.0619,8.226
10:04:40.499,9641.01,E 60 s / 60 s,9.5832,80.1,917504,4.8709,0.0032,0.3075,0.2836,0.4444,0.0008,0.0008,0.5118,0.0,0.0766,0.0041,0.0631,7.8873
10:04:42.501,9643.01,E 60 s / 60 s,8.3156,78.5,917504,4.88698,0.0027,0.4503,0.2222,0.4533,0.0008,0.0008,0.5426,0.0034,0.4795,0.0089,0.0621,6.0891
10:04:44.499,9645.01,E 60 s / 60 s,10.5009,80.1,917504,4.89368,0.0034,0.3331,0.2821,0.4491,0.0018,0.0002,0.5132,0.0,0.4042,0.0068,0.0617,8.4453
10:04:46.499,9647.01,E 60 s / 60 s,9.1353,80.7,917504,4.91244,0.0031,0.3179,0.2243,0.4327,0.0006,0.0002,0.5107,0.0,0.373,0.0095,0.0636,7.1997
10:04:48.503,9649.01,E 60 s / 60 s,6.8182,80.1,917504,4.86688,0.003,0.4451,0.2843,0.4397,0.0008,0.0,0.535,0.0,0.3388,0.0059,0.0621,4.7033
10:04:50.501,9651.01,E 60 s / 60 s,6.9319,79.6,917504,4.96604,0.0032,0.3955,0.3514,0.4375,0.0016,0.0002,0.5264,0.0204,0.2952,0.0074,0.0615,4.8316
10:04:52.499,9653.01,E 60 s / 60 s,9.53,81.2,917504,4.84946,0.0033,0.3153,0.223,0.4164,0.0018,0.0008,0.5426,0.0,0.2032,0.0044,0.062,7.7571
10:04:54.500,9655.01,E 60 s / 60 s,9.736,81.2,917504,4.84946,0.0031,0.3424,0.3501,0.4445,0.0018,0.0008,0.4907,0.0,0.3059,0.0121,0.0639,7.7206
10:04:56.495,9657.01,E 60 s / 60 s,3.7084,77.9,917504,5.0853,0.0033,0.3188,0.2318,0.3843,0.0012,0.0002,0.5866,0.0139,0.0615,0.0,0.0661,2.0405
10:04:58.496,9659.01,E 60 s / 60 s,3.3878,71.4,917504,5.09066,0.0036,0.2966,0.2324,0.3725,0.0008,0.0004,0.5686,0.0,0.0337,0.0,0.068,1.8113
10:05:00.500,9661.01,E 60 s / 60 s,3.4014,68.1,917504,5.1121,0.0027,0.2978,0.3393,0.3784,0.0012,0.0008,0.5395,0.0,0.0325,0.0,0.0674,1.7419
10:05:02.496,9663.01,E 60 s / 60 s,2.585,65.9,917504,5.12952,0.0035,0.2984,0.2249,0.3707,0.0014,0.0002,0.585,0.0,0.0346,0.0,0.0695,0.9968
10:05:04.496,9665.01,E 60 s / 60 s,2.6471,63.1,917504,5.12148,0.0033,0.2992,0.3475,0.3644,0.0018,0.0002,0.5584,0.0106,0.0249,0.0,0.0647,0.9722
10:05:06.496,9667.01,E 60 s / 60 s,2.4512,62.6,917504,5.13622,0.0032,0.3015,0.224,0.3653,0.0008,0.0002,0.539,0.0,0.0215,0.0,0.0696,0.9261
10:05:08.496,9669.01,E 60 s / 60 s,2.6555,60.9,917504,5.12818,0.0028,0.3703,0.3537,0.3637,0.0008,0.0004,0.5429,0.0035,0.025,0.0,0.0659,0.9264
10:05:10.496,9671.01,E 60 s / 60 s,2.5813,60.4,917504,5.12148,0.0031,0.3009,0.3503,0.3661,0.001,0.0004,0.5204,0.0212,0.0335,0.0,0.0647,0.9197
10:05:12.496,9673.01,E 60 s / 60 s,2.4455,59.8,917504,5.14292,0.0027,0.3013,0.2264,0.3715,0.0004,0.0004,0.5424,0.0106,0.0325,0.0,0.0634,0.8939
10:05:14.497,9675.01,E 60 s / 60 s,2.547,59.8,917504,5.13354,0.0027,0.2992,0.3481,0.3672,0.0016,0.0002,0.5318,0.0071,0.0292,0.0,0.066,0.8939
10:05:16.497,9677.01,E 60 s / 60 s,2.3866,59.3,917504,5.13488,0.0029,0.3006,0.2337,0.3643,0.0004,0.0002,0.5142,0.0,0.027,0.0,0.0686,0.8746
10:05:18.497,9679.01,E 60 s / 60 s,2.562,58.7,917504,5.1389,0.0027,0.3902,0.2364,0.365,0.0006,0.0004,0.5753,0.0177,0.042,0.0,0.0635,0.8682
10:05:20.497,9681.01,E 60 s / 60 s,2.4469,57.1,917504,5.13488,0.0027,0.3027,0.2872,0.3672,0.0016,0.0002,0.5199,0.0,0.0292,0.0,0.0673,0.8688
10:05:22.497,9683.01,E 60 s / 60 s,2.4314,57.6,917504,5.12818,0.0028,0.2809,0.3213,0.3608,0.0004,0.0,0.5077,0.0,0.0195,0.0,0.0697,0.8682
10:05:24.497,9685.01,E 60 s / 60 s,2.5163,57.1,917504,5.12818,0.0027,0.3658,0.288,0.3654,0.0006,0.0,0.5365,0.0035,0.0184,0.0,0.0671,0.8682
10:05:26.497,9687.01,E 60 s / 60 s,2.5689,57.1,917504,5.12818,0.0029,0.375,0.3221,0.3667,0.0004,0.0004,0.5261,0.0071,0.0367,0.0,0.0632,0.8682
10:05:28.497,9689.01,E 60 s / 60 s,2.3921,57.1,917504,5.14694,0.0029,0.3017,0.2243,0.3688,0.0016,0.0002,0.5427,0.0,0.0389,0.0,0.0685,0.8425
10:05:30.497,9691.01,E 60 s / 60 s,2.4465,56.0,917504,5.1389,0.0033,0.301,0.235,0.3686,0.0004,0.0,0.5943,0.0035,0.0282,0.0,0.0697,0.8425
10:05:32.497,9693.01,E 60 s / 60 s,2.4512,56.0,917504,5.12818,0.0028,0.3033,0.2872,0.3619,0.0006,0.0,0.5167,0.0,0.0735,0.0,0.0691,0.836
10:05:34.497,9695.01,E 60 s / 60 s,2.4189,56.5,917504,5.1322,0.0031,0.2793,0.2508,0.3741,0.0002,0.0004,0.5197,0.0035,0.0884,0.0,0.0697,0.8296
10:05:36.497,9697.01,E 60 s / 60 s,2.5291,56.0,917504,5.12282,0.0028,0.3036,0.3403,0.3707,0.0004,0.0002,0.5426,0.0035,0.039,0.0,0.0705,0.8553
10:05:38.497,9699.01,E 60 s / 60 s,2.3988,56.5,917504,5.12684,0.0031,0.277,0.2867,0.3635,0.0016,0.0004,0.5197,0.0071,0.0259,0.0,0.0711,0.8428
10:05:40.497,9701.01,E 60 s / 60 s,2.4624,56.0,917504,5.1389,0.0029,0.3026,0.2903,0.3653,0.0016,0.0004,0.5681,0.0,0.0281,0.0,0.0672,0.836
10:05:42.497,9703.01,E 60 s / 60 s,2.5009,55.4,917504,5.13488,0.0027,0.3033,0.3561,0.3661,0.0006,0.0004,0.5345,0.0,0.0389,0.0,0.068,0.8302
10:05:44.498,9705.01,E 60 s / 60 s,2.3598,55.4,917504,5.14024,0.0029,0.305,0.2228,0.3704,0.0006,0.0,0.5391,0.0,0.0313,0.0,0.071,0.8168
10:05:46.498,9707.01,E 60 s / 60 s,2.4969,56.0,917504,5.12282,0.0028,0.3672,0.2879,0.3661,0.0004,0.0002,0.5365,0.0071,0.0248,0.0,0.0679,0.836
10:05:48.498,9709.01,E 60 s / 60 s,2.3952,55.4,917504,5.14426,0.0033,0.3056,0.2525,0.3653,0.0008,0.0004,0.5326,0.0106,0.0401,0.0,0.0674,0.8168
10:05:50.498,9711.01,E 60 s / 60 s,2.3646,54.9,917504,5.14292,0.0031,0.305,0.2233,0.3619,0.0008,0.0002,0.5381,0.0,0.0412,0.0,0.0685,0.8226
10:05:52.498,9713.01,E 60 s / 60 s,2.3537,54.3,917504,5.13756,0.0031,0.2803,0.2367,0.3688,0.0002,0.0004,0.541,0.0071,0.028,0.0,0.0717,0.8164
10:05:54.498,9715.01,E 60 s / 60 s,2.5164,53.8,917504,5.12148,0.0027,0.3778,0.3241,0.3654,0.0006,0.0004,0.5252,0.0,0.0292,0.0,0.0668,0.8241
10:05:56.499,9717.01,E 60 s / 60 s,5.2823,56.0,917504,5.09066,0.0027,0.405,0.2368,0.4046,0.0016,0.0,0.5365,0.0,0.4334,0.0036,0.0682,3.1898
10:05:58.503,9719.01,E 60 s / 60 s,6.2532,64.8,917504,4.89636,0.003,0.3501,0.2249,0.4293,0.0032,0.0002,0.5358,0.007,0.4679,0.0065,0.0665,4.1588
10:06:00.504,9721.01,E 60 s / 60 s,9.5001,68.6,917504,5.00624,0.0031,0.395,0.3533,0.4125,0.0006,0.0,0.524,0.0035,0.3589,0.0068,0.0638,7.3787
10:06:02.504,9723.01,E 60 s / 60 s,9.7982,70.8,917504,4.88832,0.0031,0.4633,0.3529,0.4006,0.0016,0.0002,0.5221,0.0,0.239,0.0029,0.0653,7.7471
10:06:04.503,9725.01,E 60 s / 60 s,6.1805,72.5,917504,4.88698,0.0027,0.4019,0.2358,0.4512,0.0002,0.0002,0.5651,0.0,0.4735,0.0104,0.0643,3.9753
10:06:06.503,9727.01,E 60 s / 60 s,10.1526,73.6,917504,5.01696,0.003,0.4269,0.3534,0.4114,0.0002,0.0004,0.5358,0.0,0.3351,0.0195,0.0677,7.9992
10:06:08.503,9729.01,E 60 s / 60 s,9.9368,74.1,917504,4.97274,0.0033,0.3495,0.3487,0.4214,0.0004,0.0008,0.5001,0.0241,0.2016,0.0053,0.0645,8.0171
10:06:10.503,9731.01,E 60 s / 60 s,8.5934,75.2,917504,4.90976,0.0027,0.2972,0.3459,0.4283,0.0008,0.0002,0.5391,0.0,0.4751,0.0086,0.0645,6.4309
10:06:12.507,9733.01,E 60 s / 60 s,9.5615,75.7,917504,4.86152,0.0031,0.3963,0.2488,0.4283,0.0008,0.0002,0.5456,0.0068,0.3449,0.005,0.0668,7.5149
10:06:14.503,9735.01,E 60 s / 60 s,8.1253,75.2,917504,4.8843,0.0027,0.3964,0.2219,0.4123,0.0008,0.0002,0.5389,0.0,0.402,0.0142,0.0639,6.0719
10:06:16.506,9737.01,E 60 s / 60 s,6.6078,75.7,917504,4.92048,0.0028,0.4546,0.2491,0.4531,0.0012,0.0008,0.5943,0.0069,0.4715,0.0044,0.0658,4.3032
10:06:18.508,9739.02,E 60 s / 60 s,9.8543,77.4,917504,4.86688,0.0033,0.4464,0.2493,0.4291,0.0032,0.0004,0.6133,0.0,0.319,0.0101,0.0637,7.7165
10:06:20.507,9741.02,E 60 s / 60 s,9.8468,77.9,917504,4.96336,0.0031,0.3465,0.229,0.4058,0.0,0.0004,0.5348,0.0,0.2598,0.005,0.0655,7.9968
10:06:22.507,9743.02,E 60 s / 60 s,6.4858,77.4,917504,4.96202,0.0032,0.3981,0.2194,0.4231,0.0012,0.0008,0.6008,0.0,0.4791,0.0139,0.0645,4.2815
10:06:24.508,9745.02,E 60 s / 60 s,7.1538,77.4,917504,5.00356,0.0034,0.3544,0.2843,0.402,0.0002,0.0002,0.5336,0.0,0.1992,0.0041,0.0592,5.3132
10:06:26.508,9747.02,E 60 s / 60 s,8.2238,77.9,917504,4.99284,0.0025,0.4128,0.3373,0.422,0.0008,0.0004,0.4942,0.0,0.1305,0.0,0.0605,6.3629
10:06:28.511,9749.02,E 60 s / 60 s,9.7297,78.5,917504,4.8776,0.0031,0.3979,0.3489,0.3936,0.0012,0.0008,0.5215,0.017,0.1288,0.0009,0.0595,7.8562
10:06:30.511,9751.02,E 60 s / 60 s,10.1645,78.5,917504,4.8776,0.003,0.3847,0.3354,0.3971,0.0012,0.0008,0.5618,0.0,0.0981,0.0,0.0621,8.3203
10:06:32.511,9753.02,E 60 s / 60 s,10.4563,77.9,917504,4.9647,0.0031,0.3166,0.2193,0.4249,0.0016,0.0002,0.5512,0.0,0.3415,0.0015,0.0636,8.5328
10:06:34.511,9755.02,E 60 s / 60 s,9.8259,78.5,917504,4.8776,0.0032,0.328,0.2307,0.3918,0.0008,0.0002,0.5544,0.0206,0.2001,0.0,0.0641,8.0321
10:06:36.511,9757.02,E 60 s / 60 s,8.0563,77.4,917504,4.97944,0.0029,0.3966,0.2309,0.427,0.0004,0.0004,0.5979,0.0034,0.4564,0.0041,0.0635,5.8728
10:06:38.511,9759.02,E 60 s / 60 s,7.798,79.0,917504,5.092,0.003,0.4482,0.2486,0.4142,0.0008,0.0,0.5332,0.0,0.5459,0.0097,0.0647,5.5297
10:06:40.516,9761.02,E 60 s / 60 s,8.7685,79.6,917504,4.87626,0.0031,0.4979,0.24,0.4557,0.0016,0.0002,0.5326,0.0068,0.2709,0.0162,0.0627,6.6809
10:06:42.516,9763.02,E 60 s / 60 s,7.2011,79.0,917504,4.88564,0.0027,0.3694,0.222,0.4515,0.0004,0.0008,0.5834,0.0,0.4742,0.0077,0.065,5.024
10:06:44.519,9765.02,E 60 s / 60 s,10.3664,79.0,917504,4.85482,0.0033,0.4189,0.2827,0.4231,0.0014,0.0002,0.5862,0.0,0.269,0.0053,0.0612,8.315
10:06:46.515,9767.02,E 60 s / 60 s,6.2598,80.1,917504,4.99552,0.003,0.3567,0.2543,0.4121,0.0006,0.0002,0.5367,0.0034,0.2323,0.0062,0.0612,4.3931
10:06:48.515,9769.02,E 60 s / 60 s,9.591,79.0,917504,4.86554,0.0034,0.3691,0.3481,0.4363,0.0006,0.0002,0.5345,0.0102,0.3522,0.0177,0.062,7.4567
10:06:50.520,9771.02,E 60 s / 60 s,9.5834,79.0,917504,4.97274,0.003,0.3813,0.3555,0.4234,0.0024,0.0002,0.5038,0.0034,0.3394,0.0015,0.064,7.5055
10:06:52.515,9773.02,E 60 s / 60 s,7.9862,80.1,917504,4.84544,0.0029,0.4194,0.2811,0.4185,0.0008,0.0004,0.5067,0.0101,0.3223,0.0129,0.0614,5.9496
10:06:54.515,9775.02,E 60 s / 60 s,10.0841,80.1,917504,4.9312,0.0031,0.3421,0.2788,0.4179,0.0008,0.0004,0.5294,0.0,0.1999,0.0036,0.0621,8.2461
10:06:56.515,9777.02,E 60 s / 60 s,8.8487,80.1,917504,4.8709,0.0035,0.344,0.2226,0.4114,0.0032,0.0002,0.5552,0.0,0.3324,0.0121,0.0629,6.9012
10:06:58.511,9779.02,E 60 s / 60 s,3.4801,70.8,917504,5.09468,0.0034,0.2958,0.3518,0.383,0.001,0.0002,0.5183,0.0,0.0388,0.0,0.063,1.8248
10:07:00.512,9781.02,E 60 s / 60 s,3.2756,67.5,917504,5.10138,0.0028,0.2981,0.222,0.3772,0.0012,0.0008,0.5423,0.0035,0.0206,0.0,0.065,1.7419
10:07:02.512,9783.02,E 60 s / 60 s,2.6558,65.9,917504,5.1255,0.0029,0.3007,0.3201,0.3689,0.0012,0.0002,0.541,0.0035,0.0282,0.0,0.0665,1.0225
10:07:04.512,9785.02,E 60 s / 60 s,2.4965,64.2,917504,5.1322,0.0027,0.2818,0.2503,0.3619,0.0002,0.0002,0.535,0.0035,0.027,0.0,0.069,0.9647
10:07:06.512,9787.02,E 60 s / 60 s,2.6506,61.5,917504,5.12818,0.0032,0.371,0.3211,0.3679,0.0004,0.0002,0.5365,0.0106,0.0303,0.0,0.064,0.9454
10:07:08.512,9789.02,E 60 s / 60 s,2.5262,60.9,917504,5.13488,0.003,0.3266,0.2854,0.3684,0.0008,0.0004,0.5201,0.0,0.0335,0.0,0.0684,0.9197
10:07:10.512,9791.02,E 60 s / 60 s,2.5896,60.4,917504,5.1389,0.003,0.3961,0.2337,0.3654,0.0016,0.0004,0.5931,0.0035,0.0249,0.0,0.0679,0.9
10:07:12.512,9793.03,E 60 s / 60 s,2.5668,59.3,917504,5.12818,0.0031,0.2989,0.3561,0.3654,0.0004,0.0002,0.5398,0.0,0.0314,0.0,0.0644,0.9071
10:07:14.512,9795.03,E 60 s / 60 s,2.4277,58.7,917504,5.13488,0.003,0.2791,0.2535,0.3661,0.0006,0.0,0.543,0.0071,0.0206,0.0,0.0672,0.8875
10:07:16.513,9797.03,E 60 s / 60 s,2.4251,58.7,917504,5.13354,0.0029,0.3027,0.223,0.3668,0.0004,0.0,0.5426,0.0141,0.0249,0.0,0.0672,0.8804
10:07:18.513,9799.03,E 60 s / 60 s,2.4961,58.2,917504,5.12684,0.0027,0.3013,0.3507,0.3654,0.0008,0.0,0.5164,0.0,0.0227,0.0,0.0678,0.8682
10:07:20.513,9801.03,E 60 s / 60 s,2.4182,57.6,917504,5.1389,0.0028,0.301,0.2222,0.3666,0.0008,0.0002,0.5553,0.0071,0.0281,0.0,0.0665,0.8676
10:07:22.513,9803.03,E 60 s / 60 s,2.4622,57.1,917504,5.13622,0.0025,0.3027,0.2371,0.3684,0.0008,0.0004,0.5651,0.0141,0.0303,0.0,0.0666,0.8743
10:07:24.517,9805.03,E 60 s / 60 s,2.406,58.2,917504,5.12282,0.0025,0.2787,0.2867,0.3684,0.0008,0.0004,0.5125,0.0106,0.0216,0.0,0.0679,0.856
10:07:26.513,9807.03,E 60 s / 60 s,2.375,57.1,917504,5.1389,0.0031,0.2809,0.2264,0.363,0.0002,0.0004,0.5352,0.0141,0.0324,0.0,0.0703,0.8489
10:07:28.513,9809.03,E 60 s / 60 s,2.5002,57.1,917504,5.12818,0.0028,0.3034,0.3501,0.365,0.0008,0.0,0.5238,0.0071,0.0313,0.0,0.0667,0.8492
10:07:30.513,9811.03,E 60 s / 60 s,2.4431,56.5,917504,5.13488,0.0034,0.2822,0.2906,0.3688,0.0016,0.0002,0.5358,0.0071,0.0346,0.0,0.0698,0.8489
10:07:32.513,9813.03,E 60 s / 60 s,2.5415,57.1,917504,5.13622,0.0031,0.3035,0.3741,0.3733,0.0004,0.0,0.543,0.0035,0.026,0.0,0.066,0.8486
10:07:34.513,9815.03,E 60 s / 60 s,2.4642,56.0,917504,5.12684,0.0031,0.2936,0.3559,0.3679,0.0004,0.0002,0.5136,0.0,0.0261,0.0,0.0673,0.836
10:07:36.513,9817.03,E 60 s / 60 s,2.3935,56.0,917504,5.14024,0.0029,0.2787,0.2859,0.3653,0.0006,0.0004,0.5164,0.0035,0.0325,0.0,0.0703,0.837
10:07:38.607,9819.03,E 60 s / 60 s,2.5305,56.0,917504,5.13354,0.003,0.3039,0.3574,0.3738,0.001,0.0004,0.5365,0.0,0.0313,0.0,0.0678,0.8553
10:07:40.513,9821.03,E 60 s / 60 s,2.4707,55.4,917504,5.13488,0.0026,0.28,0.3546,0.3688,0.0,0.0002,0.5224,0.0106,0.0314,0.0,0.0704,0.8296
10:07:42.513,9823.03,E 60 s / 60 s,2.4854,54.9,917504,5.14292,0.0027,0.3055,0.3561,0.3707,0.0016,0.0002,0.507,0.0,0.0291,0.0,0.07,0.8425
10:07:44.513,9825.03,E 60 s / 60 s,2.5538,54.9,917504,5.14292,0.0027,0.3738,0.3235,0.3654,0.0016,0.0002,0.5093,0.0107,0.0283,0.0,0.0699,0.8685
10:07:46.514,9827.03,E 60 s / 60 s,2.476,55.4,917504,5.1456,0.0026,0.2798,0.3589,0.3679,0.0004,0.0002,0.5133,0.0106,0.0293,0.0,0.0705,0.8425
10:07:48.514,9829.03,E 60 s / 60 s,2.3242,54.3,917504,5.14158,0.0025,0.2794,0.2343,0.3652,0.0002,0.0004,0.5221,0.0106,0.0184,0.0,0.0685,0.8226
10:07:50.514,9831.03,E 60 s / 60 s,2.4736,54.9,917504,5.13354,0.0031,0.3551,0.2878,0.3661,0.0004,0.0002,0.5368,0.0,0.0292,0.0,0.0655,0.8293
10:07:52.514,9833.03,E 60 s / 60 s,2.5788,54.9,917504,5.14024,0.0028,0.3728,0.3583,0.3741,0.0032,0.0,0.5326,0.0,0.0389,0.0,0.0662,0.8299
10:07:54.514,9835.03,E 60 s / 60 s,2.4285,54.3,917504,5.14426,0.0031,0.3047,0.2523,0.3667,0.0008,0.0004,0.5626,0.0071,0.0411,0.0,0.073,0.8168
10:07:56.514,9837.03,E 60 s / 60 s,2.5296,54.3,917504,5.14292,0.0031,0.3686,0.2881,0.3666,0.0004,0.0002,0.5813,0.0,0.0248,0.0,0.0668,0.8296
10:07:58.519,9839.03,E 60 s / 60 s,4.3346,64.8,917504,5.02098,0.0031,0.2808,0.2505,0.4199,0.0016,0.0002,0.5232,0.0035,0.4687,0.0044,0.0644,2.3142
10:08:00.515,9841.03,E 60 s / 60 s,8.5974,68.6,917504,4.90976,0.0029,0.3827,0.354,0.4043,0.0012,0.0008,0.5133,0.0,0.1608,0.0033,0.0627,6.7114
10:08:02.515,9843.03,E 60 s / 60 s,9.9799,70.8,917504,4.97274,0.0035,0.3488,0.3522,0.4141,0.0002,0.0002,0.5118,0.0616,0.4752,0.0115,0.0641,7.7366
10:08:04.515,9845.03,E 60 s / 60 s,9.2143,71.9,917504,4.8977,0.0031,0.3163,0.236,0.4177,0.0008,0.0008,0.5391,0.0034,0.1024,0.0003,0.0657,7.5285
10:08:06.516,9847.03,E 60 s / 60 s,5.9655,72.5,917504,4.90842,0.0027,0.4638,0.2844,0.4076,0.0016,0.0004,0.5349,0.0,0.3271,0.005,0.0657,3.8723
10:08:08.520,9849.03,E 60 s / 60 s,6.0881,74.1,917504,4.88966,0.0035,0.4005,0.2296,0.4309,0.0004,0.0008,0.5721,0.0069,0.4421,0.0,0.0656,3.9356
10:08:10.523,9851.03,E 60 s / 60 s,9.5687,76.3,917504,4.87626,0.0029,0.3983,0.3481,0.3995,0.0004,0.0008,0.5132,0.0,0.3312,0.005,0.0627,7.5067
10:08:12.519,9853.03,E 60 s / 60 s,9.6812,76.3,917504,4.88832,0.0027,0.3042,0.2238,0.3914,0.0004,0.0008,0.5197,0.0171,0.1801,0.0018,0.0638,7.9755
10:08:14.520,9855.03,E 60 s / 60 s,8.1559,76.8,917504,4.95264,0.0027,0.3972,0.2225,0.4344,0.0004,0.0008,0.533,0.0,0.4901,0.0077,0.0659,6.0011
10:08:16.527,9857.03,E 60 s / 60 s,10.1791,76.3,917504,4.94192,0.0027,0.4004,0.2331,0.4205,0.0004,0.0008,0.5393,0.0375,0.2016,0.0,0.0657,8.2771
10:08:18.520,9859.03,E 60 s / 60 s,6.7583,76.8,917504,4.99954,0.0031,0.4012,0.2247,0.4202,0.0016,0.0008,0.5487,0.0102,0.3379,0.0062,0.0668,4.7369
10:08:20.519,9861.03,E 60 s / 60 s,9.7536,76.8,917504,4.86956,0.0037,0.3208,0.2322,0.4052,0.0004,0.0004,0.5926,0.0,0.2005,0.005,0.0643,7.9284
10:08:22.519,9863.03,E 60 s / 60 s,8.7907,77.4,917504,4.85482,0.0029,0.3474,0.3524,0.4287,0.0016,0.0002,0.5465,0.0,0.5119,0.0106,0.0613,6.5272
10:08:24.519,9865.03,E 60 s / 60 s,8.6427,78.5,917504,4.88832,0.0032,0.3481,0.2486,0.4116,0.0016,0.0002,0.5183,0.0,0.2682,0.0077,0.0626,6.7725
10:08:26.519,9867.03,E 60 s / 60 s,8.7799,78.5,917504,4.86688,0.0033,0.4721,0.2844,0.4199,0.0016,0.0004,0.6068,0.0,0.4525,0.0085,0.0643,6.466
10:08:28.519,9869.03,E 60 s / 60 s,8.0353,78.5,917504,4.88832,0.0027,0.3827,0.2465,0.4345,0.0004,0.0002,0.533,0.0,0.483,0.0092,0.063,5.88
10:08:30.519,9871.03,E 60 s / 60 s,9.9835,79.0,917504,4.86554,0.0031,0.3956,0.2321,0.4177,0.0012,0.0002,0.5896,0.0034,0.305,0.0059,0.0643,7.9655
10:08:32.519,9873.03,E 60 s / 60 s,10.3972,79.0,917504,4.88162,0.0029,0.3218,0.2217,0.4088,0.0008,0.0002,0.5883,0.0068,0.3915,0.0103,0.0628,8.3814
10:08:34.519,9875.03,E 60 s / 60 s,9.3349,79.0,917504,4.9781,0.0031,0.2962,0.3178,0.4129,0.0032,0.0008,0.5576,0.0,0.4691,0.0089,0.0621,7.2032
10:08:36.519,9877.03,E 60 s / 60 s,6.5005,79.0,917504,4.86554,0.0035,0.377,0.2238,0.4282,0.0006,0.0004,0.5818,0.0,0.4753,0.003,0.0623,4.3447
10:08:38.520,9879.03,E 60 s / 60 s,9.7203,79.0,917504,4.9781,0.0032,0.4292,0.283,0.4204,0.0012,0.0002,0.643,0.0,0.4065,0.0142,0.065,7.4544
10:08:40.523,9881.03,E 60 s / 60 s,10.2516,80.7,917504,4.9312,0.0032,0.3871,0.3507,0.4249,0.0016,0.0002,0.5358,0.0,0.4129,0.0006,0.0642,8.0704
10:08:42.523,9883.03,E 60 s / 60 s,10.4857,79.6,917504,4.88162,0.0032,0.3934,0.3535,0.4161,0.0034,0.0008,0.5341,0.0034,0.521,0.003,0.0612,8.1928
10:08:44.523,9885.03,E 60 s / 60 s,9.6513,79.0,917504,4.8776,0.0029,0.3291,0.2486,0.4255,0.0,0.0004,0.5313,0.0068,0.4747,0.0112,0.0604,7.5602
10:08:46.523,9887.03,E 60 s / 60 s,10.0191,80.7,917504,4.83338,0.003,0.3426,0.2227,0.4248,0.0016,0.0002,0.5329,0.0,0.3408,0.0056,0.0642,8.0807
10:08:48.523,9889.03,E 60 s / 60 s,8.8255,80.1,917504,4.8642,0.0027,0.4677,0.3691,0.4234,0.0016,0.0008,0.5128,0.0274,0.4074,0.0098,0.0587,6.544
10:08:50.523,9891.03,E 60 s / 60 s,8.7416,79.6,917504,4.9781,0.0032,0.3938,0.2491,0.4156,0.0002,0.0008,0.5338,0.0,0.3398,0.0047,0.0626,6.7381
10:08:52.528,9893.04,E 60 s / 60 s,4.9535,80.1,917504,4.98748,0.0031,0.3512,0.2284,0.3918,0.0016,0.0004,0.5621,0.0,0.1973,0.0,0.0642,3.1534
10:08:54.527,9895.04,E 60 s / 60 s,10.1306,81.2,917504,4.98346,0.0033,0.3097,0.249,0.4202,0.0008,0.0002,0.5182,0.0,0.07,0.0,0.0612,8.4981
10:08:56.532,9897.04,E 60 s / 60 s,10.1469,80.7,917504,4.97274,0.0032,0.3927,0.3484,0.4445,0.0006,0.0008,0.5361,0.0,0.2349,0.0068,0.0654,8.1136
10:08:58.523,9899.04,E 60 s / 60 s,3.5426,71.4,917504,5.09468,0.0029,0.3467,0.2507,0.3825,0.0008,0.0004,0.5852,0.0035,0.0442,0.0,0.0686,1.8571
10:09:00.523,9901.04,E 60 s / 60 s,3.3118,69.2,917504,5.0987,0.0028,0.2828,0.2849,0.3795,0.0016,0.0008,0.506,0.0,0.0336,0.0,0.0631,1.7567
10:09:02.523,9903.04,E 60 s / 60 s,2.7301,65.9,917504,5.12684,0.0029,0.3739,0.286,0.367,0.0012,0.0002,0.539,0.0,0.0335,0.0,0.0652,1.0611
10:09:04.523,9905.04,E 60 s / 60 s,2.594,64.2,917504,5.1255,0.0032,0.2989,0.3451,0.3632,0.0008,0.0004,0.5164,0.0,0.0302,0.0,0.0648,0.9711
10:09:06.523,9907.04,E 60 s / 60 s,2.5708,62.6,917504,5.13354,0.0026,0.2814,0.2195,0.367,0.0002,0.0002,0.5377,0.0,0.039,0.0,0.0684,1.0547
10:09:08.524,9909.04,E 60 s / 60 s,2.7008,60.9,917504,5.1389,0.0028,0.3481,0.2863,0.3637,0.001,0.0004,0.5383,0.0035,0.0303,0.0,0.0653,1.0611
10:09:10.524,9911.04,E 60 s / 60 s,2.548,60.4,917504,5.13488,0.0027,0.3012,0.3451,0.3707,0.0016,0.0,0.5069,0.0035,0.0238,0.0,0.0667,0.9257
10:09:12.624,9913.04,E 60 s / 60 s,2.4298,59.8,917504,5.13086,0.0031,0.2783,0.2854,0.3608,0.0012,0.0004,0.5138,0.0,0.0313,0.0,0.0679,0.8875
10:09:14.625,9915.04,E 60 s / 60 s,2.4246,59.3,917504,5.14292,0.0031,0.2996,0.2254,0.3652,0.0018,0.0002,0.5358,0.0106,0.0281,0.0,0.0672,0.8875
10:09:16.524,9917.04,E 60 s / 60 s,2.5024,59.3,917504,5.13086,0.0029,0.3,0.3534,0.3697,0.0006,0.0002,0.5075,0.0,0.028,0.0,0.0655,0.8746
10:09:18.524,9919.04,E 60 s / 60 s,2.4756,58.2,917504,5.14024,0.0031,0.301,0.2361,0.3678,0.0008,0.0004,0.5608,0.0177,0.028,0.0,0.066,0.8939
10:09:20.625,9921.04,E 60 s / 60 s,2.439,58.2,917504,5.1456,0.0027,0.2878,0.2875,0.3602,0.0016,0.0,0.5167,0.0141,0.0323,0.0,0.0679,0.8682
10:09:22.625,9923.04,E 60 s / 60 s,2.4722,57.6,917504,5.13354,0.0027,0.3512,0.253,0.3654,0.0016,0.0004,0.5349,0.0106,0.0227,0.0,0.0679,0.8618
10:09:24.524,9925.04,E 60 s / 60 s,2.4469,57.1,917504,5.1389,0.0031,0.3014,0.2349,0.3631,0.0016,0.0,0.5846,0.0035,0.0292,0.0,0.0699,0.8557
10:09:26.524,9927.04,E 60 s / 60 s,2.5045,57.1,917504,5.14024,0.0034,0.3518,0.2533,0.3644,0.0032,0.0,0.5684,0.0,0.0259,0.0,0.073,0.8611
10:09:28.524,9929.04,E 60 s / 60 s,2.3923,57.1,917504,5.14024,0.0031,0.3049,0.2521,0.3684,0.001,0.0,0.5164,0.0,0.0281,0.0,0.0691,0.8492
10:09:30.524,9931.04,E 60 s / 60 s,2.4931,56.0,917504,5.13354,0.0032,0.4028,0.222,0.3707,0.0002,0.0,0.5365,0.0035,0.0388,0.0,0.0729,0.8425
10:09:32.625,9933.04,E 60 s / 60 s,2.3743,56.0,917504,5.13354,0.0031,0.2788,0.2217,0.3617,0.0016,0.0002,0.5414,0.0212,0.0323,0.0,0.0698,0.8425
10:09:34.524,9935.04,E 60 s / 60 s,2.3922,56.5,917504,5.14024,0.0029,0.3021,0.2374,0.3688,0.0016,0.0004,0.541,0.0,0.0259,0.0,0.0697,0.8425
10:09:36.625,9937.04,E 60 s / 60 s,2.4647,56.0,917504,5.13354,0.0026,0.304,0.2526,0.3668,0.0016,0.0002,0.5907,0.0106,0.0303,0.0,0.0691,0.836
10:09:38.525,9939.04,E 60 s / 60 s,2.4666,54.9,917504,5.13488,0.0028,0.3036,0.3535,0.358,0.0004,0.0,0.5102,0.0,0.0348,0.0,0.0667,0.8367
10:09:40.625,9941.04,E 60 s / 60 s,2.537,55.4,917504,5.13354,0.0028,0.3784,0.3396,0.3632,0.0008,0.0004,0.5142,0.0,0.0293,0.0,0.0661,0.8422
10:09:42.625,9943.04,E 60 s / 60 s,2.4922,55.4,917504,5.12818,0.0029,0.3043,0.3547,0.3637,0.0016,0.0,0.535,0.0,0.0314,0.0,0.0679,0.8305
10:09:44.525,9945.04,E 60 s / 60 s,2.5467,55.4,917504,5.14292,0.0027,0.375,0.3551,0.3668,0.0008,0.0004,0.5167,0.0,0.0413,0.0,0.0648,0.8232
10:09:46.525,9947.04,E 60 s / 60 s,2.3761,54.9,917504,5.14426,0.0025,0.3055,0.2402,0.3637,0.0016,0.0004,0.5349,0.0035,0.0324,0.0,0.0673,0.8241
10:09:48.625,9949.04,E 60 s / 60 s,2.3256,54.9,917504,5.1456,0.0025,0.2763,0.2536,0.3686,0.0006,0.0004,0.5102,0.0035,0.0281,0.0,0.0712,0.8106
10:09:50.525,9951.04,E 60 s / 60 s,2.4452,54.3,917504,5.1456,0.0025,0.2795,0.3569,0.3725,0.0016,0.0002,0.5134,0.0,0.0249,0.0,0.0712,0.8226
10:09:52.525,9953.04,E 60 s / 60 s,2.4708,54.9,917504,5.14694,0.0032,0.2801,0.3551,0.3608,0.0006,0.0004,0.533,0.0106,0.04,0.0,0.0704,0.8164
10:09:54.525,9955.04,E 60 s / 60 s,2.558,54.3,917504,5.14292,0.0026,0.3496,0.382,0.3671,0.0006,0.0002,0.5359,0.0,0.0249,0.0,0.0655,0.8296
10:09:56.525,9957.04,E 60 s / 60 s,2.5292,53.8,917504,5.13354,0.0031,0.3062,0.3933,0.3688,0.0,0.0,0.5377,0.0035,0.0293,0.0,0.0699,0.8174
10:09:58.528,9959.04,E 60 s / 60 s,9.4067,63.1,917504,4.90842,0.0032,0.3502,0.2242,0.4155,0.0004,0.0008,0.5422,0.0,0.3329,0.0154,0.0697,7.4521
10:10:00.532,9961.04,E 60 s / 60 s,7.4299,66.4,917504,5.01696,0.0031,0.4259,0.2838,0.3893,0.0032,0.0002,0.5863,0.0104,0.2626,0.003,0.0631,5.399
10:10:02.527,9963.04,E 60 s / 60 s,7.4896,70.3,917504,4.89234,0.0032,0.3199,0.236,0.4078,0.0016,0.0002,0.5326,0.0034,0.314,0.0159,0.0647,5.5902
10:10:04.531,9965.04,E 60 s / 60 s,6.2149,71.9,917504,5.01696,0.0026,0.4513,0.2342,0.4017,0.0002,0.0,0.622,0.0103,0.4681,0.0041,0.0655,3.9549
10:10:06.527,9967.04,E 60 s / 60 s,10.0204,73.0,917504,4.89368,0.0029,0.3363,0.2843,0.4131,0.0008,0.0004,0.5038,0.0103,0.3864,0.0032,0.065,8.0138
10:10:08.528,9969.04,E 60 s / 60 s,10.0933,73.6,917504,4.97274,0.0034,0.423,0.3816,0.4309,0.0016,0.0004,0.5229,0.0,0.2321,0.0059,0.0644,8.0271
10:10:10.526,9971.04,E 60 s / 60 s,8.0803,73.6,917504,5.05448,0.0027,0.3457,0.2559,0.4083,0.0008,0.0004,0.5425,0.0,0.2158,0.0089,0.063,6.2363
10:10:12.531,9973.04,E 60 s / 60 s,9.9906,74.7,917504,4.97676,0.0031,0.4099,0.2823,0.4088,0.0032,0.0008,0.5799,0.0,0.2054,0.0097,0.068,8.0195
10:10:14.527,9975.04,E 60 s / 60 s,6.6531,75.7,917504,4.86688,0.0031,0.3949,0.2849,0.3896,0.0004,0.0002,0.5656,0.0,0.3368,0.0,0.0657,4.6117
10:10:16.527,9977.04,E 60 s / 60 s,10.1451,76.8,917504,4.97408,0.0031,0.3989,0.2491,0.4344,0.0004,0.0008,0.5944,0.0,0.1736,0.0044,0.0653,8.2206
10:10:18.531,9979.04,E 60 s / 60 s,6.592,75.7,917504,4.98078,0.0031,0.3481,0.2501,0.3883,0.0002,0.0004,0.5359,0.0069,0.0919,0.0047,0.0649,4.8973
10:10:20.528,9981.04,E 60 s / 60 s,8.8513,77.9,917504,4.86688,0.0032,0.3729,0.3856,0.4344,0.0016,0.0002,0.5132,0.0034,0.4641,0.0119,0.0618,6.599
10:10:22.527,9983.04,E 60 s / 60 s,10.6481,77.4,917504,4.85616,0.0031,0.3963,0.2476,0.4355,0.001,0.0002,0.5398,0.0,0.4746,0.0,0.0643,8.4858
10:10:24.532,9985.04,E 60 s / 60 s,9.6951,77.9,917504,4.91378,0.0033,0.3738,0.3448,0.4131,0.0006,0.0002,0.5576,0.0,0.2394,0.0065,0.0614,7.6943
10:10:26.531,9987.04,E 60 s / 60 s,9.4182,78.5,917504,4.86822,0.0029,0.3823,0.349,0.4149,0.0016,0.0008,0.5067,0.0545,0.301,0.0141,0.0612,7.3292
10:10:28.531,9989.04,E 60 s / 60 s,9.3339,76.8,917504,4.97408,0.0033,0.3575,0.2302,0.4118,0.0032,0.0004,0.5358,0.0068,0.2329,0.0068,0.065,7.4802
10:10:30.532,9991.04,E 60 s / 60 s,7.4181,78.5,917504,4.86152,0.0029,0.3832,0.2315,0.414,0.0008,0.0004,0.5377,0.0068,0.3057,0.0041,0.0631,5.4678
10:10:32.531,9993.04,E 60 s / 60 s,10.1542,78.5,917504,4.86956,0.0031,0.3009,0.221,0.395,0.0012,0.0002,0.5881,0.0,0.2004,0.0,0.0629,8.3814
10:10:34.532,9995.04,E 60 s / 60 s,6.407,77.9,917504,4.85616,0.0032,0.4949,0.3548,0.399,0.001,0.0002,0.5442,0.0,0.1985,0.008,0.0615,4.3418
10:10:36.531,9997.04,E 60 s / 60 s,7.8342,79.0,917504,4.8709,0.0032,0.3969,0.2252,0.4094,0.0,0.0004,0.5478,0.0,0.3372,0.0,0.0566,5.8575
10:10:38.535,9999.04,E 60 s / 60 s,6.5972,78.5,917504,4.88296,0.0031,0.4624,0.3542,0.4542,0.001,0.0002,0.5365,0.0,0.4728,0.0138,0.0613,4.2376
10:10:40.532,10001.04,E 60 s / 60 s,9.8933,79.6,917504,4.99954,0.0033,0.3449,0.2225,0.4094,0.0006,0.0008,0.5296,0.0,0.3402,0.0032,0.0625,7.9763
10:10:42.539,10003.04,E 60 s / 60 s,10.4862,79.6,917504,4.8977,0.0029,0.4449,0.388,0.4199,0.0008,0.0004,0.5681,0.0034,0.2174,0.0104,0.0613,8.3688
10:10:44.535,10005.04,E 60 s / 60 s,8.4547,80.1,917504,4.8508,0.0034,0.3449,0.2824,0.4301,0.0008,0.0004,0.5067,0.0068,0.3286,0.0071,0.062,6.4813
10:10:46.596,10007.04,E 60 s / 60 s,4.9009,76.8,917504,4.99552,0.0031,0.3945,0.2322,0.4108,0.0018,0.0002,0.5368,0.0138,0.2998,0.0074,0.0649,2.9356
10:10:48.535,10009.04,E 60 s / 60 s,8.5221,79.6,917504,4.92986,0.0032,0.4451,0.2493,0.4282,0.0008,0.0002,0.5721,0.0138,0.4492,0.0095,0.0644,6.2863
10:10:50.540,10011.05,E 60 s / 60 s,6.9763,80.1,917504,4.85616,0.0033,0.4437,0.2827,0.4231,0.0008,0.0002,0.541,0.0136,0.3827,0.0148,0.0615,4.8089
10:10:52.540,10013.05,E 60 s / 60 s,6.524,80.1,917504,4.88832,0.0037,0.3684,0.2832,0.4407,0.0012,0.0002,0.5172,0.0,0.5064,0.01,0.0636,4.3293
10:10:54.539,10015.05,E 60 s / 60 s,9.4234,80.7,917504,4.87492,0.0028,0.3152,0.2496,0.4699,0.0016,0.0004,0.5167,0.0,0.3793,0.0103,0.0626,7.4149
10:10:56.539,10017.05,E 60 s / 60 s,7.4394,81.2,917504,4.86688,0.0034,0.3827,0.2834,0.4285,0.0016,0.0002,0.5661,0.0034,0.4309,0.0089,0.0619,5.2684
10:10:58.535,10019.05,E 60 s / 60 s,3.5156,72.5,917504,5.10004,0.0032,0.2915,0.355,0.3821,0.0016,0.0008,0.5171,0.0105,0.0334,0.0,0.0648,1.8554
10:11:00.535,10021.05,E 60 s / 60 s,3.3978,69.2,917504,5.10272,0.0028,0.3109,0.2337,0.3879,0.0012,0.0,0.5782,0.007,0.0272,0.0,0.0682,1.7807
10:11:02.535,10023.05,E 60 s / 60 s,2.5156,66.4,917504,5.11344,0.0026,0.2757,0.2514,0.3627,0.0016,0.0004,0.5135,0.0,0.0303,0.0,0.0678,1.0097
10:11:04.636,10025.05,E 60 s / 60 s,2.6337,64.2,917504,5.12148,0.0031,0.2991,0.3564,0.3635,0.0012,0.0002,0.5326,0.0,0.0314,0.0,0.0684,0.9779
10:11:06.540,10027.05,E 60 s / 60 s,2.6867,62.0,917504,5.1322,0.0031,0.3839,0.3552,0.3626,0.0012,0.0004,0.5336,0.0,0.0302,0.0,0.0647,0.9518
10:11:08.536,10029.05,E 60 s / 60 s,2.5828,61.5,917504,5.12818,0.0027,0.3007,0.3461,0.3725,0.0008,0.0004,0.5231,0.0035,0.0345,0.0,0.0652,0.9332
10:11:10.536,10031.05,E 60 s / 60 s,2.4974,60.9,917504,5.1389,0.0027,0.3013,0.2306,0.3648,0.0006,0.0004,0.5849,0.0106,0.0292,0.0,0.066,0.9064
10:11:12.536,10033.05,E 60 s / 60 s,2.526,59.8,917504,5.13622,0.0028,0.3012,0.3481,0.3617,0.0018,0.0004,0.51,0.0,0.0216,0.0,0.0705,0.9078
10:11:14.536,10035.05,E 60 s / 60 s,2.4277,59.8,917504,5.14158,0.0031,0.3011,0.222,0.3667,0.0,0.0004,0.5379,0.0035,0.0368,0.0,0.0685,0.8875
10:11:16.536,10037.05,E 60 s / 60 s,2.5216,59.3,917504,5.13622,0.0029,0.3268,0.2524,0.365,0.0008,0.0004,0.5885,0.0,0.027,0.0,0.0703,0.8875
10:11:18.536,10039.05,E 60 s / 60 s,2.816,58.2,917504,5.12282,0.0027,0.3949,0.3541,0.3723,0.0018,0.0004,0.539,0.0,0.0216,0.0,0.068,1.0611
10:11:20.536,10041.05,E 60 s / 60 s,2.4325,57.6,917504,5.13488,0.0031,0.2834,0.2849,0.3644,0.0034,0.0004,0.51,0.0,0.0409,0.0,0.0728,0.8692
10:11:22.536,10043.05,E 60 s / 60 s,2.4801,57.6,917504,5.12818,0.0028,0.3135,0.2337,0.3725,0.001,0.0004,0.5911,0.0,0.0368,0.0,0.0666,0.8618
10:11:24.536,10045.05,E 60 s / 60 s,2.5021,57.6,917504,5.13488,0.0029,0.277,0.2875,0.367,0.0008,0.0,0.5866,0.0,0.0324,0.0,0.073,0.875
10:11:26.536,10047.05,E 60 s / 60 s,2.4509,57.1,917504,5.13488,0.003,0.2795,0.2501,0.3643,0.0016,0.0,0.5978,0.0071,0.0184,0.0,0.0673,0.8618
10:11:28.536,10049.05,E 60 s / 60 s,2.52,56.5,917504,5.13622,0.0026,0.3773,0.2864,0.3706,0.0032,0.0004,0.5326,0.0,0.0282,0.0,0.0641,0.8547
10:11:30.537,10051.05,E 60 s / 60 s,2.5364,58.2,917504,5.12818,0.0033,0.2774,0.3544,0.3635,0.0016,0.0004,0.5197,0.0106,0.0756,0.0,0.0678,0.8621
10:11:32.537,10053.05,E 60 s / 60 s,2.3973,56.0,917504,5.1456,0.0025,0.3032,0.2384,0.3673,0.0006,0.0002,0.5391,0.0035,0.0314,0.0,0.0685,0.8425
10:11:34.537,10055.05,E 60 s / 60 s,2.5986,56.5,917504,5.14024,0.0028,0.3783,0.3566,0.3702,0.0016,0.0,0.5358,0.0,0.0238,0.0,0.068,0.8614
10:11:36.537,10057.05,E 60 s / 60 s,2.5025,56.0,917504,5.12952,0.0032,0.2795,0.3558,0.3626,0.0032,0.0,0.5107,0.0071,0.055,0.0,0.0691,0.8563
10:11:38.537,10059.05,E 60 s / 60 s,2.4625,56.0,917504,5.14828,0.0034,0.3036,0.2374,0.3733,0.0016,0.0002,0.585,0.0071,0.0389,0.0,0.0698,0.8422
10:11:40.537,10061.05,E 60 s / 60 s,2.4846,56.0,917504,5.13354,0.0026,0.303,0.3394,0.368,0.0034,0.0002,0.5326,0.0,0.0269,0.0,0.066,0.8425
10:11:42.537,10063.05,E 60 s / 60 s,2.3417,55.4,917504,5.14292,0.0029,0.2805,0.2346,0.3706,0.0002,0.0,0.533,0.0,0.0206,0.0,0.0696,0.8296
10:11:44.537,10065.05,E 60 s / 60 s,2.5311,55.4,917504,5.14292,0.0028,0.3532,0.287,0.3667,0.0008,0.0004,0.5846,0.0071,0.0259,0.0,0.0662,0.8364
10:11:46.537,10067.05,E 60 s / 60 s,2.4629,55.4,917504,5.1456,0.0031,0.2795,0.3504,0.3741,0.0006,0.0004,0.5133,0.0071,0.0313,0.0,0.0661,0.837
10:11:48.537,10069.05,E 60 s / 60 s,2.3714,55.4,917504,5.14426,0.0031,0.3036,0.2376,0.3654,0.0016,0.0004,0.5361,0.0035,0.0283,0.0,0.0686,0.8232
10:11:50.537,10071.05,E 60 s / 60 s,2.4794,56.0,917504,5.13354,0.0031,0.3028,0.3531,0.3631,0.0004,0.0002,0.5294,0.0,0.0249,0.0,0.0661,0.8364
10:11:52.541,10073.05,E 60 s / 60 s,2.5326,54.9,917504,5.1456,0.0026,0.3754,0.3201,0.3702,0.0006,0.0004,0.511,0.0,0.0542,0.0,0.0686,0.8296
10:11:54.537,10075.05,E 60 s / 60 s,2.3605,54.9,917504,5.1456,0.0033,0.2768,0.2521,0.3715,0.0002,0.0002,0.5333,0.0035,0.027,0.0,0.0693,0.8232
10:11:56.537,10077.05,E 60 s / 60 s,2.403,54.3,917504,5.14158,0.0027,0.3039,0.2517,0.3637,0.0016,0.0002,0.5745,0.0036,0.0184,0.0,0.066,0.8168
10:11:58.543,10079.05,E 60 s / 60 s,8.9646,63.1,917504,5.02768,0.0033,0.3304,0.2324,0.4153,0.0032,0.0002,0.5293,0.0,0.3338,0.0056,0.0634,7.0476
10:12:00.539,10081.05,E 60 s / 60 s,7.2483,68.6,917504,5.01964,0.0025,0.3481,0.3439,0.3953,0.0006,0.0002,0.5028,0.0,0.2627,0.005,0.062,5.3252
10:12:02.546,10083.05,E 60 s / 60 s,9.5262,71.4,917504,4.89904,0.0027,0.3028,0.2244,0.4007,0.0032,0.0002,0.5418,0.0,0.268,0.0053,0.0625,7.7145
10:12:04.546,10085.05,E 60 s / 60 s,10.0268,71.4,917504,4.8709,0.003,0.3476,0.2218,0.4074,0.0018,0.0002,0.5293,0.0,0.4627,0.0053,0.0635,7.984
10:12:06.543,10087.05,E 60 s / 60 s,9.8214,72.5,917504,4.9312,0.0028,0.3259,0.2371,0.4252,0.0004,0.0008,0.6008,0.0035,0.4363,0.0,0.0621,7.7266
10:12:08.539,10089.05,E 60 s / 60 s,7.7741,73.0,917504,4.95264,0.0031,0.398,0.2307,0.3942,0.0032,0.0008,0.581,0.0,0.129,0.005,0.0657,5.9634
10:12:10.539,10091.05,E 60 s / 60 s,9.4265,75.7,917504,4.86554,0.0034,0.3973,0.2287,0.3839,0.0,0.0004,0.6059,0.0,0.1572,0.0068,0.0643,7.5785
10:12:12.540,10093.05,E 60 s / 60 s,9.3939,76.3,917504,4.86554,0.0025,0.3239,0.2852,0.4021,0.0016,0.0002,0.5091,0.0034,0.2016,0.0032,0.0602,7.6009
10:12:14.539,10095.05,E 60 s / 60 s,8.231,75.7,917504,4.90038,0.0029,0.3117,0.2502,0.3893,0.001,0.0004,0.5197,0.0,0.1612,0.003,0.0642,6.5276
10:12:16.539,10097.05,E 60 s / 60 s,7.1316,76.3,917504,4.90038,0.0033,0.4922,0.318,0.461,0.0006,0.0008,0.5383,0.0449,0.3304,0.0106,0.0633,4.8682
10:12:18.543,10099.05,E 60 s / 60 s,10.3338,76.8,917504,4.99284,0.0027,0.3966,0.347,0.4094,0.0008,0.0002,0.5125,0.0034,0.3343,0.0053,0.0659,8.2559
10:12:20.548,10101.06,E 60 s / 60 s,9.3084,77.9,917504,4.86286,0.003,0.3114,0.2303,0.3873,0.0032,0.0004,0.5685,0.0103,0.201,0.0012,0.059,7.5326
10:12:22.547,10103.06,E 60 s / 60 s,9.8404,77.9,917504,4.92584,0.0035,0.3467,0.2304,0.4043,0.0006,0.0002,0.6036,0.0,0.1994,0.005,0.068,7.9788
10:12:24.547,10105.06,E 60 s / 60 s,9.7358,77.9,917504,4.94192,0.0033,0.3754,0.2238,0.4083,0.0018,0.0002,0.5329,0.0204,0.3503,0.0118,0.0616,7.746
10:12:26.548,10107.06,E 60 s / 60 s,8.1231,77.9,917504,5.00758,0.0031,0.4846,0.3536,0.4568,0.0016,0.0008,0.5898,0.0476,0.2616,0.0101,0.0615,5.852
10:12:28.548,10109.06,E 60 s / 60 s,8.4965,77.4,917504,4.94192,0.003,0.3954,0.3437,0.4146,0.0016,0.0002,0.5381,0.0137,0.2337,0.0154,0.0643,6.4727
10:12:30.547,10111.06,E 60 s / 60 s,9.4582,80.7,917504,4.86688,0.0031,0.3711,0.2824,0.416,0.0004,0.0008,0.5196,0.0068,0.2422,0.0092,0.0612,7.5455
10:12:32.548,10113.06,E 60 s / 60 s,10.1595,79.0,917504,5.00624,0.0033,0.3957,0.3455,0.3786,0.0008,0.0004,0.4978,0.0,0.0627,0.0,0.0627,8.412
10:12:34.551,10115.06,E 60 s / 60 s,10.5829,79.0,917504,4.87492,0.0029,0.323,0.2824,0.423,0.0032,0.0004,0.5179,0.0136,0.407,0.0041,0.0644,8.5408
10:12:36.551,10117.06,E 60 s / 60 s,7.0588,79.6,917504,4.90976,0.0029,0.3965,0.2275,0.4283,0.0012,0.0004,0.5326,0.0068,0.2983,0.0,0.062,5.1023
10:12:38.551,10119.06,E 60 s / 60 s,6.3977,79.6,917504,4.88564,0.0031,0.4456,0.3502,0.4012,0.0012,0.0002,0.5296,0.0034,0.1925,0.0091,0.0649,4.3966
10:12:40.551,10121.06,E 60 s / 60 s,10.4014,79.6,917504,4.98212,0.0033,0.3954,0.3856,0.4159,0.0032,0.0008,0.5734,0.0069,0.4129,0.0088,0.0635,8.1316
10:12:42.551,10123.06,E 60 s / 60 s,10.3769,79.6,917504,4.9714,0.0032,0.3952,0.23,0.4417,0.0016,0.0004,0.5716,0.038,0.3345,0.0,0.0637,8.297
10:12:44.551,10125.06,E 60 s / 60 s,9.5943,79.6,917504,4.86688,0.0031,0.4453,0.2816,0.4121,0.0004,0.0008,0.5298,0.0,0.3289,0.0018,0.0575,7.5331
10:12:46.551,10127.06,E 60 s / 60 s,8.144,79.6,917504,4.8709,0.0039,0.4819,0.3521,0.4202,0.0012,0.0002,0.5361,0.0169,0.3323,0.0018,0.0644,5.933
10:12:48.552,10129.06,E 60 s / 60 s,10.038,80.7,917504,4.86286,0.0035,0.4421,0.3156,0.439,0.0012,0.0008,0.5229,0.0206,0.2491,0.0097,0.0622,7.9713
10:12:50.552,10131.06,E 60 s / 60 s,10.3189,79.6,917504,5.0049,0.003,0.3936,0.3513,0.4274,0.0012,0.0002,0.5229,0.0,0.3354,0.0041,0.0614,8.2183
10:12:52.555,10133.06,E 60 s / 60 s,7.1921,80.7,917504,4.8776,0.0031,0.449,0.3513,0.4131,0.0016,0.0002,0.5132,0.0034,0.3367,0.0021,0.0606,5.0577
10:12:54.555,10135.06,E 60 s / 60 s,8.7692,80.7,917504,4.85348,0.0029,0.3949,0.334,0.4181,0.0012,0.0008,0.535,0.0,0.5091,0.0,0.0626,6.5104
10:12:56.555,10137.06,E 60 s / 60 s,8.9215,79.6,917504,5.00222,0.0032,0.3434,0.224,0.4355,0.0018,0.0002,0.5304,0.0,0.327,0.0104,0.0627,6.9831
10:12:58.551,10139.06,E 60 s / 60 s,3.6179,72.5,917504,5.09066,0.0031,0.3983,0.2528,0.3843,0.0012,0.0002,0.5845,0.007,0.0586,0.0,0.0643,1.8636
10:13:00.551,10141.06,E 60 s / 60 s,3.317,69.7,917504,5.0987,0.0028,0.2995,0.2223,0.3766,0.0032,0.0004,0.5462,0.0,0.0335,0.0,0.0675,1.7649
10:13:02.551,10143.06,E 60 s / 60 s,2.6791,66.4,917504,5.12148,0.0031,0.3004,0.3201,0.3685,0.0006,0.0002,0.5141,0.0,0.0368,0.0,0.0665,1.0688
10:13:04.551,10145.06,E 60 s / 60 s,2.5304,64.2,917504,5.12818,0.003,0.3011,0.235,0.3637,0.0016,0.0002,0.5648,0.0106,0.0291,0.0,0.0633,0.9579
10:13:06.552,10147.06,E 60 s / 60 s,2.5883,62.6,917504,5.12282,0.0031,0.3518,0.2863,0.3627,0.0032,0.0004,0.5326,0.007,0.0281,0.0,0.0684,0.9447
10:13:08.552,10149.06,E 60 s / 60 s,2.5045,62.0,917504,5.12148,0.0031,0.2878,0.2856,0.3654,0.0008,0.0004,0.5205,0.0106,0.0313,0.0,0.0728,0.9261
10:13:10.556,10151.06,E 60 s / 60 s,2.4714,60.4,917504,5.13622,0.0032,0.325,0.2256,0.3635,0.0016,0.0002,0.5359,0.0035,0.0313,0.0,0.0683,0.9132
10:13:12.552,10153.06,E 60 s / 60 s,2.5815,60.4,917504,5.13622,0.0026,0.3967,0.2863,0.3617,0.0016,0.0002,0.5381,0.0035,0.0259,0.0,0.0647,0.9
10:13:14.552,10155.06,E 60 s / 60 s,2.3996,59.8,917504,5.14024,0.0027,0.2787,0.251,0.3653,0.0006,0.0004,0.5126,0.0106,0.0313,0.0,0.0716,0.875
10:13:16.552,10157.06,E 60 s / 60 s,2.4256,58.7,917504,5.13622,0.0031,0.3019,0.2364,0.365,0.0024,0.0,0.5391,0.0,0.0346,0.0,0.0685,0.8746
10:13:18.552,10159.06,E 60 s / 60 s,2.5023,58.7,917504,5.13622,0.0029,0.3022,0.3217,0.365,0.0004,0.0004,0.5358,0.0035,0.0237,0.0,0.0651,0.8814
10:13:20.552,10161.06,E 60 s / 60 s,2.4836,58.2,917504,5.13488,0.003,0.2843,0.3557,0.3567,0.0008,0.0004,0.5131,0.0071,0.0315,0.0,0.069,0.8621
10:13:22.552,10163.06,E 60 s / 60 s,2.3903,57.1,917504,5.13354,0.0031,0.2803,0.2507,0.3688,0.0004,0.0,0.5133,0.0071,0.0324,0.0,0.0714,0.8627
10:13:24.552,10165.06,E 60 s / 60 s,2.5472,57.1,917504,5.14024,0.0029,0.3781,0.2894,0.3667,0.0008,0.0004,0.5335,0.0,0.0464,0.0,0.0678,0.8611
10:13:26.552,10167.06,E 60 s / 60 s,2.5127,57.6,917504,5.1322,0.0026,0.2775,0.356,0.3702,0.0004,0.0004,0.5196,0.0141,0.0541,0.0,0.0679,0.8499
10:13:28.552,10169.06,E 60 s / 60 s,2.4525,56.0,917504,5.13354,0.0027,0.3026,0.2536,0.3643,0.0004,0.0002,0.5886,0.0,0.0335,0.0,0.0641,0.8425
10:13:30.552,10171.07,E 60 s / 60 s,2.5324,56.5,917504,5.13086,0.0027,0.3738,0.3215,0.3706,0.0032,0.0004,0.507,0.0,0.0399,0.0,0.0705,0.8428
10:13:32.552,10173.07,E 60 s / 60 s,2.3812,56.0,917504,5.13354,0.0031,0.2812,0.2515,0.3636,0.0018,0.0,0.5183,0.0035,0.0389,0.0,0.071,0.8483
10:13:34.552,10175.07,E 60 s / 60 s,2.4705,56.0,917504,5.14292,0.0029,0.3026,0.2881,0.3703,0.001,0.0004,0.5781,0.0,0.0281,0.0,0.0692,0.8299
10:13:36.553,10177.07,E 60 s / 60 s,2.5557,56.0,917504,5.1255,0.0031,0.3035,0.3529,0.3697,0.0018,0.0,0.5326,0.0,0.0746,0.0,0.068,0.8495
10:13:38.553,10179.07,E 60 s / 60 s,2.3716,55.4,917504,5.13622,0.0031,0.3035,0.2253,0.3673,0.0034,0.0002,0.543,0.0,0.0292,0.0,0.0666,0.8299
10:13:40.553,10181.07,E 60 s / 60 s,2.4981,56.0,917504,5.14292,0.0026,0.3542,0.2505,0.3627,0.0018,0.0002,0.5842,0.0071,0.0378,0.0,0.0674,0.8296
10:13:42.553,10183.07,E 60 s / 60 s,2.4765,55.4,917504,5.14426,0.0031,0.3538,0.2516,0.3652,0.0016,0.0002,0.5705,0.0071,0.026,0.0,0.068,0.8293
10:13:44.553,10185.07,E 60 s / 60 s,2.3525,55.4,917504,5.14024,0.0027,0.3049,0.2255,0.3637,0.0016,0.0004,0.5349,0.0071,0.0249,0.0,0.0698,0.8171
10:13:46.553,10187.07,E 60 s / 60 s,2.3485,54.9,917504,5.14158,0.0025,0.2804,0.2268,0.3703,0.0008,0.0004,0.5391,0.0106,0.0259,0.0,0.0692,0.8226
10:13:48.553,10189.07,E 60 s / 60 s,2.43,54.9,917504,5.12282,0.0027,0.2816,0.352,0.3668,0.0016,0.0,0.5131,0.0036,0.0237,0.0,0.068,0.8171
10:13:50.553,10191.07,E 60 s / 60 s,2.373,54.9,917504,5.1322,0.0026,0.2842,0.2873,0.3684,0.0016,0.0002,0.5172,0.0,0.0249,0.0,0.0699,0.8168
10:13:52.553,10193.07,E 60 s / 60 s,2.553,54.9,917504,5.14292,0.0032,0.3678,0.3552,0.3654,0.0016,0.0002,0.5349,0.0,0.0194,0.0,0.0699,0.8354
10:13:54.553,10195.07,E 60 s / 60 s,2.4038,54.9,917504,5.1456,0.0027,0.2757,0.323,0.3611,0.0016,0.0002,0.5229,0.0,0.028,0.0,0.0718,0.8168
10:13:56.553,10197.07,E 60 s / 60 s,2.3623,54.9,917504,5.14426,0.0033,0.3043,0.2233,0.3678,0.0,0.0,0.539,0.0035,0.0303,0.0,0.068,0.8229
10:13:58.555,10199.07,E 60 s / 60 s,9.454,64.2,917504,4.92048,0.0024,0.3997,0.3491,0.4051,0.0006,0.0008,0.5156,0.0207,0.2811,0.0089,0.0673,7.4029
10:14:00.555,10201.07,E 60 s / 60 s,10.2875,67.5,917504,4.88832,0.0032,0.4257,0.2855,0.4397,0.0004,0.0002,0.539,0.0,0.3567,0.0101,0.0647,8.1622
10:14:02.556,10203.07,E 60 s / 60 s,9.6461,69.2,917504,4.90976,0.0031,0.3887,0.3529,0.4131,0.0002,0.0002,0.5218,0.0035,0.4647,0.0103,0.0634,7.4242
10:14:04.556,10205.07,E 60 s / 60 s,9.479,70.3,917504,4.98882,0.0029,0.3977,0.3513,0.4082,0.0024,0.0,0.5123,0.0311,0.3332,0.0177,0.0662,7.356
10:14:06.559,10207.07,E 60 s / 60 s,9.842,73.6,917504,4.88162,0.0026,0.3446,0.2238,0.4337,0.0016,0.0002,0.5336,0.0034,0.2506,0.0071,0.0652,7.9755
10:14:08.559,10209.07,E 60 s / 60 s,6.0371,74.7,917504,4.86822,0.0031,0.396,0.3535,0.403,0.0032,0.0002,0.4971,0.0137,0.2644,0.0136,0.0667,4.0225
10:14:10.555,10211.07,E 60 s / 60 s,10.3128,73.6,917504,4.92986,0.0032,0.2999,0.2834,0.4073,0.0008,0.0002,0.5335,0.0034,0.4303,0.0,0.0662,8.2846
10:14:12.555,10213.07,E 60 s / 60 s,9.4051,75.7,917504,4.87626,0.0031,0.3697,0.2241,0.4186,0.0006,0.0002,0.5293,0.0069,0.313,0.0104,0.0638,7.4655
10:14:14.561,10215.07,E 60 s / 60 s,9.7674,74.7,917504,4.99016,0.0034,0.371,0.2238,0.4291,0.0002,0.0002,0.5648,0.0,0.302,0.0053,0.067,7.8005
10:14:16.555,10217.07,E 60 s / 60 s,8.7674,76.3,917504,4.86688,0.0032,0.3769,0.2465,0.4125,0.0016,0.0002,0.5505,0.0,0.3694,0.0056,0.059,6.742
10:14:18.556,10219.07,E 60 s / 60 s,10.1495,76.3,917504,4.88162,0.0033,0.3551,0.2317,0.4132,0.0004,0.0008,0.5876,0.0,0.2406,0.0003,0.065,8.2514
10:14:20.559,10221.07,E 60 s / 60 s,8.853,77.4,917504,4.86688,0.0032,0.3724,0.3498,0.4149,0.0002,0.0002,0.5263,0.0068,0.4727,0.0121,0.0614,6.6329
10:14:22.567,10223.07,E 60 s / 60 s,9.6124,76.8,917504,4.99284,0.0033,0.3465,0.3503,0.4017,0.0004,0.0004,0.5069,0.0243,0.3369,0.0035,0.0621,7.5761
10:14:24.559,10225.07,E 60 s / 60 s,6.8903,77.4,917504,5.07726,0.0036,0.3957,0.3512,0.3707,0.0012,0.0002,0.5518,0.0069,0.263,0.0152,0.0642,4.8667
10:14:26.559,10227.07,E 60 s / 60 s,6.9324,79.0,917504,4.84812,0.0031,0.3938,0.3416,0.4125,0.0008,0.0002,0.5524,0.0,0.3286,0.0015,0.0633,4.8346
10:14:28.559,10229.07,E 60 s / 60 s,10.0185,79.0,917504,4.8709,0.0033,0.3509,0.2303,0.4194,0.0016,0.0008,0.5852,0.0,0.3026,0.0056,0.0637,8.0551
10:14:30.559,10231.07,E 60 s / 60 s,7.1489,78.5,917504,4.95398,0.0031,0.4576,0.3535,0.4164,0.0008,0.0002,0.5252,0.0,0.255,0.005,0.0632,5.0689
10:14:32.562,10233.07,E 60 s / 60 s,6.2156,77.9,917504,5.0049,0.0031,0.3964,0.3503,0.4088,0.0006,0.0008,0.5107,0.0,0.2688,0.0103,0.0648,4.201
10:14:34.559,10235.07,E 60 s / 60 s,8.9506,80.1,917504,5.00088,0.0035,0.3721,0.2311,0.4159,0.0004,0.0008,0.5592,0.0069,0.3358,0.0074,0.0682,6.9492
10:14:36.563,10237.07,E 60 s / 60 s,10.1246,79.6,917504,4.85616,0.0033,0.395,0.2501,0.422,0.0008,0.0002,0.5842,0.0,0.3839,0.0088,0.0644,8.0117
10:14:38.563,10239.07,E 60 s / 60 s,9.4873,80.1,917504,4.94058,0.0034,0.3756,0.2489,0.4167,0.0012,0.0002,0.5198,0.0,0.3928,0.0068,0.0623,7.4597
10:14:40.563,10241.07,E 60 s / 60 s,9.7189,79.6,917504,4.90306,0.0028,0.319,0.3487,0.4584,0.0012,0.0008,0.5229,0.0034,0.4659,0.0098,0.0634,7.5226
10:14:42.563,10243.07,E 60 s / 60 s,6.8585,80.1,917504,4.83874,0.0033,0.4224,0.249,0.4146,0.0016,0.0002,0.5736,0.0,0.232,0.0032,0.0659,4.8927
10:14:44.563,10245.07,E 60 s / 60 s,9.9952,79.6,917504,4.88832,0.0035,0.3918,0.3498,0.409,0.0004,0.0002,0.5367,0.0,0.2277,0.0009,0.0658,8.0093
10:14:46.564,10247.07,E 60 s / 60 s,10.246,81.2,917504,4.88832,0.0035,0.4694,0.3526,0.4415,0.0032,0.0004,0.5896,0.0,0.4693,0.0194,0.0613,7.8357
10:14:48.563,10249.07,E 60 s / 60 s,10.3535,79.6,917504,5.092,0.0028,0.3077,0.24,0.4392,0.0006,0.0008,0.5914,0.0069,0.4966,0.0091,0.0631,8.1953
10:14:50.568,10251.08,E 60 s / 60 s,10.4313,80.7,917504,4.88564,0.003,0.3581,0.2313,0.4249,0.0004,0.0002,0.5624,0.0103,0.2861,0.0,0.0641,8.4905
10:14:52.571,10253.08,E 60 s / 60 s,8.4092,80.7,917504,4.97006,0.0026,0.3694,0.3513,0.4159,0.0008,0.0002,0.5622,0.0,0.4031,0.0044,0.0619,6.2373
10:14:54.568,10255.08,E 60 s / 60 s,6.7341,80.1,917504,4.99016,0.003,0.3765,0.2314,0.4336,0.0004,0.0002,0.5196,0.0,0.4597,0.0088,0.0591,4.6417
10:14:56.567,10257.08,E 60 s / 60 s,9.765,81.2,917504,4.86688,0.0027,0.3921,0.2479,0.402,0.0008,0.0008,0.5789,0.0102,0.2032,0.0003,0.0645,7.8617
10:14:58.563,10259.08,E 60 s / 60 s,3.4921,72.5,917504,5.07994,0.0033,0.2977,0.2253,0.383,0.0006,0.0008,0.5896,0.0,0.0597,0.0,0.0673,1.8648
10:15:00.563,10261.08,E 60 s / 60 s,3.4384,69.2,917504,5.10406,0.0029,0.2976,0.3512,0.3857,0.0016,0.0008,0.5118,0.0,0.0444,0.0,0.0699,1.7725
10:15:02.563,10263.08,E 60 s / 60 s,2.6682,66.4,917504,5.12952,0.0027,0.3229,0.2525,0.3652,0.0008,0.0002,0.5974,0.0,0.0335,0.0,0.0646,1.0282
10:15:04.563,10265.08,E 60 s / 60 s,2.6534,64.2,917504,5.11344,0.0029,0.3498,0.338,0.3667,0.0008,0.0004,0.5205,0.0,0.0259,0.0,0.0641,0.9843
10:15:06.564,10267.08,E 60 s / 60 s,2.5965,63.1,917504,5.1322,0.0026,0.4004,0.2381,0.3617,0.0018,0.0004,0.5608,0.0,0.027,0.0,0.0646,0.9389
10:15:08.564,10269.08,E 60 s / 60 s,2.677,60.9,917504,5.14292,0.003,0.4004,0.2868,0.3629,0.0008,0.0002,0.5842,0.0,0.0431,0.0,0.0634,0.9322
10:15:10.564,10271.08,E 60 s / 60 s,2.4808,60.9,917504,5.12818,0.0031,0.2831,0.2871,0.365,0.0016,0.0004,0.5136,0.0035,0.0388,0.0,0.0703,0.9142
10:15:12.564,10273.08,E 60 s / 60 s,2.4007,60.4,917504,5.1322,0.0026,0.2881,0.251,0.3595,0.0002,0.0002,0.5107,0.0035,0.0174,0.0,0.0672,0.9004
10:15:14.568,10275.08,E 60 s / 60 s,2.5897,59.3,917504,5.13354,0.003,0.3769,0.2843,0.375,0.0012,0.0004,0.5333,0.0071,0.0435,0.0,0.0647,0.9004
10:15:16.564,10277.08,E 60 s / 60 s,2.5452,58.7,917504,5.13086,0.0027,0.3008,0.3547,0.3706,0.0016,0.0004,0.5133,0.0035,0.0389,0.0,0.0705,0.8882
10:15:18.564,10279.08,E 60 s / 60 s,2.4327,58.7,917504,5.13756,0.0031,0.3004,0.24,0.3697,0.0006,0.0004,0.5333,0.0106,0.0379,0.0,0.0685,0.8682
10:15:20.564,10281.08,E 60 s / 60 s,2.5221,57.6,917504,5.1322,0.0033,0.3008,0.355,0.3725,0.0008,0.0004,0.4996,0.007,0.0283,0.0,0.0723,0.882
10:15:22.564,10283.08,E 60 s / 60 s,2.3384,58.2,917504,5.14024,0.0027,0.2763,0.2249,0.3661,0.0,0.0004,0.5182,0.0,0.0259,0.0,0.0685,0.8553
10:15:24.564,10285.08,E 60 s / 60 s,2.4053,57.6,917504,5.13488,0.0031,0.2795,0.2525,0.376,0.0016,0.0004,0.5183,0.0141,0.027,0.0,0.0709,0.8618
10:15:26.564,10287.08,E 60 s / 60 s,2.5313,57.6,917504,5.13354,0.0027,0.3002,0.3557,0.3725,0.0016,0.0,0.5361,0.0,0.0313,0.0,0.0685,0.8627
10:15:28.564,10289.08,E 60 s / 60 s,2.3655,56.5,917504,5.13488,0.0027,0.2795,0.2535,0.3661,0.0006,0.0004,0.517,0.0035,0.0216,0.0,0.0716,0.8489
10:15:30.564,10291.08,E 60 s / 60 s,2.4117,57.1,917504,5.1322,0.0024,0.2812,0.2867,0.3703,0.0008,0.0002,0.5174,0.0,0.0334,0.0,0.0705,0.8489
10:15:32.565,10293.08,E 60 s / 60 s,2.496,56.5,917504,5.13354,0.0032,0.3011,0.3599,0.3608,0.0006,0.0004,0.5365,0.0,0.0184,0.0,0.0729,0.8422
10:15:34.565,10295.08,E 60 s / 60 s,2.6238,56.0,917504,5.13622,0.0032,0.3788,0.3807,0.3653,0.0016,0.0,0.5327,0.0142,0.0292,0.0,0.0699,0.8483
10:15:36.565,10297.08,E 60 s / 60 s,2.3632,56.0,917504,5.12952,0.0031,0.2784,0.2876,0.3581,0.0004,0.0,0.5086,0.0,0.0205,0.0,0.0703,0.836
10:15:38.565,10299.08,E 60 s / 60 s,2.3824,56.5,917504,5.13354,0.0025,0.3012,0.2346,0.3759,0.0016,0.0004,0.5345,0.0,0.0323,0.0,0.0697,0.8296
10:15:40.565,10301.08,E 60 s / 60 s,2.4032,56.0,917504,5.1456,0.0034,0.3032,0.2861,0.3664,0.0018,0.0,0.5067,0.0035,0.026,0.0,0.0699,0.836
10:15:42.565,10303.08,E 60 s / 60 s,2.4447,55.4,917504,5.14292,0.0029,0.3023,0.2372,0.3668,0.0004,0.0,0.5769,0.0071,0.0226,0.0,0.0673,0.8611
10:15:44.565,10305.08,E 60 s / 60 s,2.5297,56.0,917504,5.12282,0.0032,0.3036,0.3943,0.3668,0.0006,0.0,0.5099,0.0,0.0238,0.0,0.0649,0.8627
10:15:46.565,10307.08,E 60 s / 60 s,2.3337,54.9,917504,5.1389,0.0034,0.2782,0.2233,0.3612,0.0006,0.0004,0.533,0.0,0.0399,0.0,0.0647,0.829
10:15:48.565,10309.08,E 60 s / 60 s,2.5628,55.4,917504,5.14158,0.0028,0.3523,0.3562,0.3768,0.0004,0.0004,0.5365,0.0,0.0303,0.0,0.0648,0.8422
10:15:50.565,10311.08,E 60 s / 60 s,2.347,55.4,917504,5.14024,0.0027,0.281,0.2531,0.3707,0.0,0.0,0.5134,0.0106,0.0236,0.0,0.0686,0.8232
10:15:52.565,10313.08,E 60 s / 60 s,2.3322,54.3,917504,5.13488,0.0029,0.2816,0.2525,0.3649,0.0,0.0,0.5196,0.0035,0.0281,0.0,0.0678,0.8112
10:15:54.565,10315.08,E 60 s / 60 s,2.4705,54.3,917504,5.13354,0.0028,0.3543,0.2533,0.3679,0.0004,0.0002,0.5344,0.0,0.0551,0.0,0.0724,0.8296
10:15:56.565,10317.08,E 60 s / 60 s,2.3971,54.9,917504,5.1456,0.0031,0.3057,0.2874,0.369,0.0016,0.0,0.5102,0.0036,0.0272,0.0,0.0718,0.8177
10:15:58.567,10319.08,E 60 s / 60 s,9.8644,63.7,917504,4.99418,0.0043,0.3521,0.2496,0.4094,0.0006,0.0004,0.5358,0.0034,0.349,0.0097,0.0657,7.8844
10:16:00.571,10321.08,E 60 s / 60 s,9.5437,67.0,917504,4.89904,0.0027,0.3988,0.2853,0.4106,0.0006,0.0002,0.585,0.0034,0.267,0.0053,0.0656,7.5191
10:16:02.571,10323.08,E 60 s / 60 s,5.3126,68.6,917504,4.9312,0.0026,0.4737,0.3533,0.4302,0.0016,0.0002,0.5879,0.0,0.4773,0.0092,0.0675,2.9091
10:16:04.567,10325.08,E 60 s / 60 s,10.2291,72.5,917504,4.97274,0.0027,0.3958,0.3521,0.376,0.0016,0.0002,0.5296,0.0103,0.0694,0.0047,0.0671,8.4197
10:16:06.567,10327.08,E 60 s / 60 s,10.0872,73.0,917504,4.92986,0.0031,0.3979,0.3562,0.4007,0.0018,0.0002,0.5293,0.0,0.325,0.0047,0.0615,8.0068
10:16:08.673,10329.08,E 60 s / 60 s,9.0369,73.0,917504,4.88832,0.003,0.397,0.2834,0.4109,0.0012,0.0008,0.5302,0.0034,0.266,0.0056,0.0649,7.0705
10:16:10.567,10331.08,E 60 s / 60 s,9.5047,73.6,917504,4.90574,0.0025,0.327,0.249,0.434,0.0016,0.0004,0.5193,0.0,0.4708,0.0127,0.0659,7.4215
10:16:12.567,10333.08,E 60 s / 60 s,9.4756,75.7,917504,4.87224,0.0031,0.3748,0.3434,0.4317,0.0004,0.0002,0.5045,0.0,0.2715,0.0101,0.0639,7.472
10:16:14.567,10335.08,E 60 s / 60 s,10.2722,76.8,917504,4.8441,0.0029,0.3972,0.2522,0.4135,0.0004,0.0004,0.5745,0.0,0.3356,0.0009,0.0686,8.2259
10:16:16.567,10337.08,E 60 s / 60 s,6.4772,76.3,917504,4.86554,0.0028,0.3999,0.3924,0.461,0.0008,0.0004,0.5254,0.0,0.1589,0.0112,0.0649,4.4594
10:16:18.571,10339.08,E 60 s / 60 s,6.6901,77.9,917504,4.94594,0.0027,0.3612,0.2232,0.409,0.0004,0.0008,0.5401,0.0034,0.3038,0.0059,0.0615,4.7782
10:16:20.571,10341.08,E 60 s / 60 s,8.2275,77.4,917504,4.87626,0.003,0.469,0.2511,0.4073,0.0008,0.0004,0.5301,0.0,0.4365,0.0071,0.0617,6.0605
10:16:22.572,10343.08,E 60 s / 60 s,6.6361,76.3,917504,4.9781,0.0029,0.3073,0.2221,0.402,0.0004,0.0008,0.5358,0.0035,0.0952,0.0,0.0636,5.0025
10:16:24.571,10345.08,E 60 s / 60 s,9.4521,79.0,917504,4.88698,0.0027,0.396,0.2499,0.39,0.0008,0.0008,0.6174,0.0,0.1862,0.0056,0.0666,7.536
10:16:26.575,10347.08,E 60 s / 60 s,10.3584,79.0,917504,4.94862,0.003,0.3715,0.2229,0.4002,0.0002,0.0004,0.5465,0.0,0.4749,0.0041,0.0603,8.2742
10:16:28.571,10349.08,E 60 s / 60 s,10.3088,79.6,917504,4.85616,0.0031,0.4437,0.3523,0.4089,0.0004,0.0004,0.5618,0.0,0.3386,0.0148,0.0633,8.1214
10:16:30.571,10351.08,E 60 s / 60 s,9.9358,78.5,917504,4.95666,0.0033,0.3448,0.2318,0.4306,0.0016,0.0002,0.6331,0.0,0.4749,0.0,0.0648,7.7508
10:16:32.575,10353.08,E 60 s / 60 s,5.2555,78.5,917504,4.99552,0.0031,0.2957,0.3215,0.3777,0.0016,0.0008,0.5388,0.0,0.4587,0.0035,0.0634,3.1907
10:16:34.571,10355.08,E 60 s / 60 s,7.9252,80.7,917504,4.86152,0.003,0.3204,0.2219,0.4146,0.0012,0.0002,0.5556,0.0136,0.4088,0.0147,0.0601,5.9111
10:16:36.571,10357.08,E 60 s / 60 s,8.8713,78.5,917504,4.96336,0.0031,0.3937,0.3351,0.4424,0.0006,0.0002,0.5911,0.0069,0.4835,0.0136,0.0672,6.534
10:16:38.571,10359.08,E 60 s / 60 s,9.849,80.7,917504,4.93522,0.0033,0.2961,0.2843,0.4086,0.0008,0.0002,0.5132,0.0,0.3369,0.0171,0.0629,7.9256
10:16:40.571,10361.08,E 60 s / 60 s,9.4025,79.6,917504,4.9178,0.003,0.344,0.3513,0.4219,0.0006,0.0002,0.4948,0.0034,0.2664,0.0138,0.0628,7.4402
10:16:42.571,10363.08,E 60 s / 60 s,9.1179,79.6,917504,4.8642,0.0031,0.3204,0.2303,0.4532,0.0016,0.0008,0.5442,0.0102,0.4655,0.0029,0.0621,7.0236
10:16:44.576,10365.08,E 60 s / 60 s,10.212,80.1,917504,4.84544,0.0031,0.342,0.2266,0.4357,0.0004,0.0008,0.5897,0.0,0.1487,0.0,0.0655,8.3996
10:16:46.575,10367.08,E 60 s / 60 s,7.0402,79.6,917504,4.98614,0.0032,0.3954,0.3529,0.4352,0.0002,0.0008,0.4966,0.0,0.4411,0.0071,0.0608,4.8468
10:16:48.575,10369.08,E 60 s / 60 s,10.1067,81.2,917504,4.9781,0.0032,0.4577,0.2808,0.4208,0.0016,0.0008,0.5293,0.0169,0.2745,0.0018,0.0614,8.0577
10:16:50.580,10371.09,E 60 s / 60 s,10.056,81.2,917504,4.86152,0.003,0.3919,0.3535,0.4284,0.0018,0.0008,0.5295,0.0,0.2528,0.0121,0.0627,8.0196
10:16:52.583,10373.09,E 60 s / 60 s,9.9832,81.2,917504,4.86554,0.0036,0.3878,0.3521,0.4235,0.0006,0.0002,0.5333,0.0,0.2782,0.0,0.0658,7.9381
10:16:54.579,10375.09,E 60 s / 60 s,8.653,80.7,917504,4.97408,0.0028,0.2948,0.3429,0.4287,0.0008,0.0004,0.5358,0.0,0.5023,0.0098,0.0636,6.4712
10:16:56.579,10377.09,E 60 s / 60 s,9.2688,81.2,917504,4.86554,0.0031,0.3399,0.2242,0.416,0.0006,0.0002,0.5456,0.0203,0.1553,0.0053,0.0622,7.4961
10:16:58.575,10379.09,E 60 s / 60 s,3.6319,74.1,917504,5.09736,0.0032,0.2964,0.3544,0.3964,0.0012,0.0002,0.5327,0.0,0.0573,0.0,0.066,1.9241
10:17:00.575,10381.09,E 60 s / 60 s,3.3412,69.7,917504,5.09602,0.003,0.2986,0.2344,0.3777,0.0016,0.0008,0.5318,0.0,0.0348,0.0,0.063,1.7954
10:17:02.575,10383.09,E 60 s / 60 s,3.4585,67.5,917504,5.0987,0.0029,0.3855,0.3224,0.3777,0.0012,0.0008,0.5293,0.0035,0.0302,0.0,0.063,1.7419
10:17:04.576,10385.09,E 60 s / 60 s,2.5451,65.3,917504,5.12416,0.0029,0.2791,0.2882,0.3671,0.0004,0.0002,0.5132,0.0,0.0335,0.0,0.0709,0.9897
10:17:06.576,10387.09,E 60 s / 60 s,2.5722,63.1,917504,5.12684,0.0028,0.3495,0.2531,0.3697,0.0012,0.0004,0.5268,0.007,0.0411,0.0,0.069,0.9515
10:17:08.576,10389.09,E 60 s / 60 s,2.5786,61.5,917504,5.13488,0.0027,0.2875,0.353,0.367,0.001,0.0002,0.5021,0.0035,0.0562,0.0,0.0654,0.94
10:17:10.576,10391.09,E 60 s / 60 s,2.5564,61.5,917504,5.13756,0.0026,0.3241,0.2519,0.3707,0.0006,0.0002,0.5773,0.0071,0.0313,0.0,0.0647,0.9261
10:17:12.576,10393.09,E 60 s / 60 s,2.4973,60.9,917504,5.1255,0.0026,0.2997,0.3225,0.3637,0.0008,0.0,0.5161,0.0,0.0259,0.0,0.0653,0.9007
10:17:14.576,10395.09,E 60 s / 60 s,2.5238,59.3,917504,5.13086,0.0025,0.2816,0.3563,0.365,0.0008,0.0002,0.5193,0.0071,0.0366,0.0,0.0666,0.8878
10:17:16.576,10397.09,E 60 s / 60 s,2.4585,58.7,917504,5.1389,0.0029,0.3018,0.2361,0.3613,0.0004,0.0004,0.5615,0.0106,0.0335,0.0,0.0691,0.8807
10:17:18.576,10399.09,E 60 s / 60 s,2.5206,59.3,917504,5.13622,0.003,0.3009,0.3404,0.3649,0.0004,0.0002,0.5326,0.0,0.0293,0.0,0.0678,0.8811
10:17:20.576,10401.09,E 60 s / 60 s,2.3957,57.6,917504,5.14024,0.0028,0.3024,0.2238,0.3661,0.0006,0.0004,0.5359,0.0,0.026,0.0,0.0697,0.8679
10:17:22.576,10403.09,E 60 s / 60 s,2.3971,57.6,917504,5.13756,0.0034,0.3002,0.24,0.367,0.0008,0.0,0.5284,0.0,0.0282,0.0,0.0672,0.8618
10:17:24.576,10405.09,E 60 s / 60 s,2.5102,57.6,917504,5.13354,0.0032,0.3017,0.3504,0.365,0.0008,0.0004,0.5164,0.0,0.0334,0.0,0.0698,0.8692
10:17:26.576,10407.09,E 60 s / 60 s,2.3892,57.1,917504,5.1322,0.0035,0.3007,0.2193,0.3627,0.0,0.0004,0.535,0.0106,0.0313,0.0,0.0703,0.8553
10:17:28.576,10409.09,E 60 s / 60 s,2.4698,57.1,917504,5.13622,0.0029,0.3018,0.2536,0.3706,0.0006,0.0004,0.5876,0.0106,0.028,0.0,0.0647,0.8489
10:17:30.576,10411.09,E 60 s / 60 s,2.454,56.5,917504,5.12684,0.0031,0.2764,0.3559,0.3654,0.001,0.0004,0.5001,0.0071,0.0313,0.0,0.0698,0.8434
10:17:32.576,10413.09,E 60 s / 60 s,2.4365,57.1,917504,5.13354,0.0027,0.3028,0.2371,0.3725,0.0032,0.0004,0.5701,0.0,0.0388,0.0,0.073,0.8357
10:17:34.577,10415.09,E 60 s / 60 s,2.5138,56.5,917504,5.1322,0.0031,0.3022,0.3577,0.3688,0.0002,0.0004,0.5183,0.0035,0.028,0.0,0.0697,0.8618
10:17:36.577,10417.09,E 60 s / 60 s,2.4982,56.5,917504,5.1456,0.0025,0.2778,0.3561,0.3619,0.0016,0.0,0.5125,0.0,0.041,0.0,0.0692,0.8756
10:17:38.577,10419.09,E 60 s / 60 s,2.6249,56.0,917504,5.14292,0.0026,0.304,0.2227,0.3684,0.0018,0.0,0.5874,0.0035,0.0389,0.0,0.0672,1.0282
10:17:40.577,10421.09,E 60 s / 60 s,2.5024,56.0,917504,5.12952,0.0031,0.3039,0.3544,0.3667,0.0002,0.0004,0.5107,0.0,0.0259,0.0,0.0678,0.8692
10:17:42.577,10423.09,E 60 s / 60 s,2.3557,54.9,917504,5.14694,0.0027,0.2788,0.2317,0.369,0.0,0.0004,0.5317,0.0035,0.0367,0.0,0.0717,0.8296
10:17:44.577,10425.09,E 60 s / 60 s,2.4172,56.0,917504,5.14292,0.0026,0.3169,0.2369,0.3653,0.0032,0.0002,0.5713,0.0,0.0367,0.0,0.0673,0.8168
10:17:46.577,10427.09,E 60 s / 60 s,2.3605,54.9,917504,5.14024,0.0029,0.2783,0.2875,0.3685,0.0008,0.0004,0.5045,0.0,0.0205,0.0,0.073,0.8241
10:17:48.577,10429.09,E 60 s / 60 s,2.3768,54.9,917504,5.14024,0.0031,0.303,0.2358,0.3688,0.0016,0.0002,0.528,0.0071,0.0303,0.0,0.0692,0.8296
10:17:50.577,10431.09,E 60 s / 60 s,2.4711,54.9,917504,5.14962,0.0031,0.3041,0.2367,0.365,0.0018,0.0004,0.5911,0.0035,0.0377,0.0,0.0661,0.8614
10:17:52.577,10433.09,E 60 s / 60 s,2.4565,54.9,917504,5.14024,0.0026,0.3038,0.3425,0.3617,0.0016,0.0004,0.5123,0.0036,0.0313,0.0,0.0662,0.8305
10:17:54.577,10435.09,E 60 s / 60 s,2.4207,54.3,917504,5.1389,0.0025,0.3044,0.2395,0.3654,0.0016,0.0004,0.5878,0.0035,0.0389,0.0,0.066,0.8106
10:17:56.577,10437.09,E 60 s / 60 s,2.4158,54.3,917504,5.14158,0.003,0.3022,0.2301,0.367,0.0004,0.0002,0.5944,0.0035,0.0303,0.0,0.0685,0.8161
10:17:58.579,10439.09,E 60 s / 60 s,9.2308,62.0,917504,4.93388,0.0027,0.4013,0.2854,0.3971,0.0002,0.0002,0.5652,0.007,0.4713,0.0018,0.0653,7.0335
10:18:00.579,10441.09,E 60 s / 60 s,9.5752,65.3,917504,4.89636,0.0032,0.3432,0.2864,0.3914,0.0004,0.0,0.5275,0.0138,0.2208,0.0175,0.065,7.7061
10:18:02.584,10443.09,E 60 s / 60 s,7.1211,68.6,917504,4.90842,0.0027,0.3763,0.3356,0.448,0.0,0.0002,0.5059,0.0,0.4702,0.0138,0.0619,4.9066
10:18:04.583,10445.09,E 60 s / 60 s,6.8137,69.7,917504,5.11076,0.0033,0.3918,0.2846,0.3791,0.0016,0.0002,0.5195,0.0,0.2639,0.0148,0.0638,4.8912
10:18:06.586,10447.09,E 60 s / 60 s,9.5039,73.0,917504,4.96336,0.0041,0.3257,0.2334,0.3792,0.0008,0.0002,0.5627,0.0411,0.1992,0.0,0.0642,7.6934
10:18:08.581,10449.09,E 60 s / 60 s,8.9302,73.0,917504,4.90976,0.0031,0.3973,0.3519,0.4074,0.0034,0.0008,0.5189,0.0,0.1958,0.0056,0.0617,6.9842
10:18:10.583,10451.09,E 60 s / 60 s,6.8376,74.7,917504,4.90708,0.0029,0.3972,0.2854,0.4291,0.0004,0.0002,0.535,0.0,0.4582,0.0012,0.0646,4.6634
10:18:12.579,10453.09,E 60 s / 60 s,6.7353,76.3,917504,4.92852,0.0026,0.3972,0.2345,0.4041,0.001,0.0002,0.5651,0.0102,0.3356,0.0141,0.0646,4.706
10:18:14.579,10455.09,E 60 s / 60 s,8.3173,75.2,917504,5.08664,0.0035,0.4116,0.232,0.4119,0.0016,0.0002,0.5681,0.0,0.5096,0.006,0.0666,6.1064
10:18:16.579,10457.09,E 60 s / 60 s,9.4991,76.3,917504,4.94192,0.0032,0.423,0.2847,0.4088,0.001,0.0,0.5333,0.0034,0.3023,0.0065,0.0674,7.4656
10:18:18.579,10459.09,E 60 s / 60 s,10.1733,76.3,917504,4.93656,0.0031,0.3073,0.2496,0.4019,0.0008,0.0004,0.5651,0.0,0.1773,0.005,0.0635,8.3994
10:18:20.583,10461.09,E 60 s / 60 s,10.0335,76.8,917504,4.92986,0.0033,0.314,0.249,0.4159,0.0002,0.0004,0.5333,0.0136,0.4783,0.003,0.0613,7.9611
10:18:22.583,10463.09,E 60 s / 60 s,9.874,76.8,917504,4.95532,0.0029,0.3973,0.3462,0.4441,0.0004,0.0002,0.5174,0.0,0.4922,0.0092,0.0622,7.6019
10:18:24.584,10465.09,E 60 s / 60 s,10.6281,77.9,917504,4.8642,0.0034,0.3573,0.2483,0.4177,0.0,0.0002,0.5777,0.0068,0.4719,0.0041,0.0644,8.4762
10:18:26.583,10467.09,E 60 s / 60 s,10.095,79.6,917504,4.8977,0.0031,0.3676,0.3546,0.4319,0.0004,0.0004,0.528,0.0,0.0887,0.0,0.0613,8.259
10:18:28.583,10469.09,E 60 s / 60 s,6.8844,78.5,917504,5.0049,0.0029,0.4034,0.3543,0.3966,0.0004,0.0002,0.5435,0.0,0.5254,0.0056,0.0641,4.5879
10:18:30.584,10471.09,E 60 s / 60 s,5.8229,77.4,917504,4.95264,0.0031,0.3972,0.2501,0.4246,0.0008,0.0008,0.5777,0.0,0.4847,0.0089,0.0686,3.6064
10:18:32.583,10473.09,E 60 s / 60 s,8.4653,79.0,917504,4.84946,0.0025,0.4202,0.2844,0.4425,0.0016,0.0008,0.6039,0.0,0.2057,0.0027,0.0611,6.4399
10:18:34.587,10475.09,E 60 s / 60 s,6.6456,78.5,917504,4.84946,0.0028,0.3773,0.3362,0.4523,0.0002,0.0004,0.5268,0.0,0.5008,0.01,0.0639,4.375
10:18:36.583,10477.09,E 60 s / 60 s,9.8485,80.1,917504,4.85616,0.0031,0.3945,0.2466,0.4265,0.0016,0.0008,0.585,0.0068,0.3408,0.0139,0.0641,7.7648
10:18:38.583,10479.09,E 60 s / 60 s,9.8131,78.5,917504,4.90842,0.0032,0.3638,0.2227,0.4443,0.0012,0.0002,0.5304,0.0,0.1878,0.0021,0.0655,7.992
10:18:40.583,10481.09,E 60 s / 60 s,7.279,78.5,917504,4.97006,0.0031,0.3937,0.2275,0.4267,0.0012,0.0002,0.5913,0.0,0.4248,0.0071,0.0656,5.1378
10:18:42.583,10483.09,E 60 s / 60 s,8.1057,80.1,917504,4.86554,0.0031,0.4192,0.3341,0.4238,0.0006,0.0008,0.5313,0.0,0.3886,0.0142,0.0612,5.9287
10:18:44.583,10485.09,E 60 s / 60 s,8.4067,80.7,917504,4.84946,0.0029,0.3687,0.2475,0.4232,0.0016,0.0004,0.5188,0.0068,0.2673,0.008,0.0619,6.4997
10:18:46.583,10487.09,E 60 s / 60 s,9.6586,79.6,917504,5.07726,0.0033,0.4314,0.2834,0.4238,0.0008,0.0002,0.5293,0.0103,0.2692,0.0068,0.0629,7.6373
10:18:48.587,10489.1,E 60 s / 60 s,9.5337,80.7,917512,4.891,0.0033,0.3922,0.3533,0.4247,0.0016,0.0008,0.5053,0.0,0.3709,0.005,0.062,7.4146
10:18:50.588,10491.1,E 60 s / 60 s,9.7058,81.2,917504,4.84946,0.0023,0.3426,0.2496,0.4121,0.0016,0.0008,0.5507,0.0138,0.1268,0.0,0.0648,7.9407
10:18:52.587,10493.1,E 60 s / 60 s,8.4599,79.6,917504,4.87894,0.0027,0.3927,0.3519,0.4278,0.0016,0.0008,0.5261,0.0034,0.1984,0.0018,0.0644,6.4883
10:18:54.591,10495.1,E 60 s / 60 s,10.1171,80.7,917504,4.99418,0.0028,0.3487,0.2238,0.4213,0.0008,0.0004,0.56,0.0137,0.2727,0.0094,0.0682,8.1953
10:18:56.591,10497.1,E 60 s / 60 s,10.5449,81.8,917504,4.8776,0.0041,0.4404,0.3878,0.4241,0.0016,0.0002,0.5233,0.0034,0.4931,0.0,0.0613,8.2056
10:18:58.591,10499.1,E 60 s / 60 s,3.4666,74.7,917504,5.09334,0.0031,0.2852,0.2343,0.3865,0.0016,0.0004,0.5091,0.0,0.0649,0.0,0.0648,1.9165
10:19:00.587,10501.1,E 60 s / 60 s,3.4093,70.3,917504,5.08664,0.0029,0.3493,0.2525,0.3784,0.0004,0.0002,0.5398,0.0,0.0324,0.0,0.0656,1.7878
10:19:02.587,10503.1,E 60 s / 60 s,3.286,67.5,917504,5.11478,0.0027,0.3026,0.2845,0.3777,0.0016,0.0002,0.5091,0.0,0.0195,0.0,0.0619,1.7261
10:19:04.587,10505.1,E 60 s / 60 s,2.608,64.8,917504,5.12818,0.0028,0.3692,0.2532,0.3635,0.0016,0.0004,0.5261,0.0,0.0303,0.0,0.064,0.9968
10:19:06.587,10507.1,E 60 s / 60 s,2.6139,63.7,917504,5.12952,0.0027,0.28,0.2854,0.3637,0.0016,0.0004,0.5125,0.0,0.0389,0.0,0.0683,1.0603
10:19:08.587,10509.1,E 60 s / 60 s,2.4787,62.6,917504,5.1188,0.0031,0.2965,0.2346,0.3662,0.001,0.0004,0.5358,0.0,0.0378,0.0,0.0647,0.9386
10:19:10.587,10511.1,E 60 s / 60 s,2.5486,60.4,917504,5.11746,0.0033,0.2987,0.3465,0.3679,0.0032,0.0002,0.5052,0.0,0.0248,0.0,0.0666,0.9322
10:19:12.588,10513.1,E 60 s / 60 s,2.398,60.4,917504,5.13488,0.0026,0.2834,0.2352,0.3672,0.0008,0.0002,0.5102,0.0,0.0281,0.0,0.0697,0.9007
10:19:14.588,10515.1,E 60 s / 60 s,2.5945,59.8,917504,5.13622,0.0027,0.3496,0.2885,0.3615,0.0008,0.0002,0.5816,0.0071,0.04,0.0,0.0685,0.8939
10:19:16.588,10517.1,E 60 s / 60 s,2.578,59.3,917504,5.12818,0.0031,0.2994,0.3496,0.3672,0.0008,0.0002,0.5099,0.0071,0.0797,0.0,0.0661,0.8949
10:19:18.588,10519.1,E 60 s / 60 s,2.411,58.2,917504,5.1389,0.0031,0.2997,0.223,0.3679,0.0032,0.0002,0.5401,0.0071,0.0249,0.0,0.0673,0.8746
10:19:20.588,10521.1,E 60 s / 60 s,2.4487,58.7,917504,5.14024,0.0027,0.3007,0.2354,0.3653,0.0016,0.0002,0.5584,0.0,0.0323,0.0,0.071,0.8811
10:19:22.688,10523.1,E 60 s / 60 s,2.5742,57.1,917504,5.13622,0.003,0.3657,0.2876,0.3715,0.0016,0.0,0.5786,0.0,0.0205,0.0,0.0647,0.8811
10:19:24.592,10525.1,E 60 s / 60 s,2.4577,57.6,917504,5.13354,0.0029,0.3004,0.2226,0.365,0.0016,0.0004,0.5911,0.0177,0.0313,0.0,0.0697,0.855
10:19:26.588,10527.1,E 60 s / 60 s,2.4433,57.6,917504,5.14024,0.0031,0.3015,0.2551,0.3619,0.0016,0.0,0.5616,0.0035,0.0238,0.0,0.069,0.8621
10:19:28.588,10529.1,E 60 s / 60 s,2.3948,56.5,917504,5.13488,0.0031,0.2783,0.2878,0.3679,0.0004,0.0002,0.5239,0.0,0.0205,0.0,0.0692,0.8434
10:19:30.588,10531.1,E 60 s / 60 s,2.3886,57.1,917504,5.13354,0.003,0.3014,0.223,0.3594,0.0032,0.0,0.5293,0.0035,0.041,0.0,0.0697,0.855
10:19:32.588,10533.1,E 60 s / 60 s,2.5251,56.5,917504,5.13354,0.0028,0.3006,0.3503,0.3696,0.0008,0.0,0.5368,0.0,0.0424,0.0,0.0661,0.8557
10:19:34.588,10535.1,E 60 s / 60 s,2.4241,56.5,917504,5.1389,0.0033,0.2807,0.2419,0.3742,0.0002,0.0,0.5939,0.0035,0.0205,0.0,0.0698,0.836
10:19:36.588,10537.1,E 60 s / 60 s,2.4475,56.0,917504,5.14024,0.0032,0.3011,0.2223,0.3706,0.0016,0.0,0.5993,0.0,0.0314,0.0,0.0691,0.8489
10:19:38.588,10539.1,E 60 s / 60 s,2.4854,56.0,917504,5.12818,0.0027,0.3021,0.3496,0.3667,0.0002,0.0004,0.5207,0.0,0.0357,0.0,0.0703,0.837
10:19:40.589,10541.1,E 60 s / 60 s,2.4119,56.0,917504,5.1456,0.0028,0.3033,0.2867,0.3733,0.0032,0.0004,0.5075,0.0035,0.0217,0.0,0.0729,0.8367
10:19:42.589,10543.1,E 60 s / 60 s,2.4446,55.4,917504,5.13354,0.0028,0.352,0.2351,0.3637,0.0016,0.0004,0.5716,0.0035,0.0195,0.0,0.0653,0.829
10:19:44.589,10545.1,E 60 s / 60 s,2.3869,54.9,917504,5.14024,0.0029,0.2771,0.2891,0.3637,0.0002,0.0,0.5067,0.0,0.0539,0.0,0.0697,0.8235
10:19:46.589,10547.1,E 60 s / 60 s,2.4081,54.9,917504,5.14292,0.0027,0.3028,0.2415,0.3672,0.0004,0.0004,0.5654,0.0,0.0356,0.0,0.0685,0.8235
10:19:48.589,10549.1,E 60 s / 60 s,2.4886,54.3,917504,5.12148,0.0033,0.3663,0.2876,0.3609,0.0032,0.0002,0.5393,0.0,0.0335,0.0,0.0704,0.8238
10:19:50.589,10551.1,E 60 s / 60 s,2.3961,54.3,917504,5.1456,0.0031,0.2779,0.321,0.3713,0.0032,0.0,0.5132,0.0,0.0216,0.0,0.0686,0.8161
10:19:52.589,10553.1,E 60 s / 60 s,2.3495,54.9,917504,5.13354,0.0027,0.2795,0.2359,0.3661,0.0002,0.0004,0.5365,0.0,0.039,0.0,0.073,0.8161
10:19:54.589,10555.1,E 60 s / 60 s,2.5459,54.9,917504,5.13354,0.0027,0.3661,0.3546,0.3714,0.0016,0.0,0.5293,0.0,0.0303,0.0,0.0668,0.8232
10:19:56.589,10557.1,E 60 s / 60 s,2.3574,54.3,917504,5.14292,0.0028,0.3048,0.2191,0.3667,0.0006,0.0,0.5412,0.0035,0.0323,0.0,0.0691,0.8171
10:19:58.591,10559.1,E 60 s / 60 s,9.6525,61.5,917504,4.92316,0.0033,0.2992,0.3185,0.4053,0.0004,0.0008,0.5142,0.0034,0.1595,0.0012,0.0671,7.8796
10:20:00.591,10561.1,E 60 s / 60 s,6.6686,66.4,917504,5.02098,0.0029,0.4495,0.3489,0.4096,0.0006,0.0004,0.5198,0.0069,0.336,0.0056,0.0631,4.5252
10:20:02.591,10563.1,E 60 s / 60 s,8.1115,68.6,917504,4.99418,0.0028,0.3543,0.2868,0.4072,0.0004,0.0008,0.5873,0.0035,0.4118,0.01,0.0679,5.9788
10:20:04.591,10565.1,E 60 s / 60 s,9.0254,71.9,917504,5.01294,0.0029,0.3303,0.2186,0.415,0.002,0.0002,0.5392,0.0,0.232,0.0027,0.0635,7.2191
10:20:06.598,10567.1,E 60 s / 60 s,9.8241,71.9,917504,4.86688,0.003,0.3725,0.2876,0.4103,0.0004,0.0008,0.5344,0.0,0.3375,0.0127,0.0668,7.7981
10:20:08.591,10569.1,E 60 s / 60 s,6.1437,73.0,917504,5.02098,0.0029,0.3473,0.3557,0.4266,0.0034,0.0004,0.4892,0.0,0.3348,0.0115,0.0653,4.1066
10:20:10.591,10571.1,E 60 s / 60 s,9.1926,73.6,917504,5.00758,0.0035,0.402,0.2494,0.4259,0.0002,0.0004,0.5769,0.0104,0.0859,0.005,0.068,7.3651
10:20:12.590,10573.1,E 60 s / 60 s,6.4706,73.6,917504,5.10674,0.0031,0.2988,0.2317,0.376,0.0012,0.0002,0.6122,0.0,0.04,0.0,0.065,4.8423
10:20:14.603,10575.1,E 60 s / 60 s,9.333,76.3,917504,4.89904,0.0032,0.3035,0.3545,0.3973,0.0016,0.0002,0.5133,0.0,0.1222,0.0012,0.0675,7.5686
10:20:16.591,10577.1,E 60 s / 60 s,10.3796,76.3,917504,4.8642,0.0031,0.3481,0.352,0.4318,0.0002,0.0002,0.5652,0.0034,0.3828,0.0015,0.0628,8.2288
10:20:18.591,10579.1,E 60 s / 60 s,9.0039,76.3,917504,4.94594,0.0033,0.3855,0.2836,0.4126,0.0018,0.0002,0.5336,0.0,0.2688,0.008,0.0634,7.0432
10:20:20.596,10581.1,E 60 s / 60 s,9.3773,76.3,917504,4.96202,0.0032,0.3866,0.2491,0.4463,0.0016,0.0004,0.5161,0.0207,0.4713,0.0112,0.0662,7.2046
10:20:22.591,10583.1,E 60 s / 60 s,10.0165,77.4,917504,5.00356,0.0031,0.3459,0.2384,0.4135,0.0004,0.0002,0.5487,0.0068,0.3691,0.0154,0.0631,8.0119
10:20:24.599,10585.11,E 60 s / 60 s,10.1058,77.9,917504,4.94996,0.0033,0.4187,0.3322,0.4282,0.0012,0.0002,0.5268,0.0,0.0776,0.0059,0.0655,8.2461
10:20:26.599,10587.11,E 60 s / 60 s,7.0174,77.4,917504,4.90976,0.0032,0.4085,0.2811,0.4039,0.0004,0.0002,0.5136,0.0136,0.481,0.0157,0.0617,4.8345
10:20:28.595,10589.11,E 60 s / 60 s,6.823,78.5,917504,4.99552,0.0028,0.3732,0.354,0.4176,0.0012,0.0002,0.5105,0.0034,0.1989,0.0056,0.0613,4.8943
10:20:30.600,10591.11,E 60 s / 60 s,7.6891,77.9,917504,4.86822,0.0031,0.3965,0.2214,0.4283,0.0008,0.0002,0.5846,0.0205,0.4708,0.015,0.0637,5.4841
10:20:32.602,10593.11,E 60 s / 60 s,7.955,78.5,917504,4.99552,0.0027,0.3345,0.2317,0.39,0.0004,0.0008,0.6134,0.0138,0.2635,0.0038,0.0683,6.0319
10:20:34.595,10595.11,E 60 s / 60 s,8.3583,79.6,917504,4.88698,0.0029,0.3261,0.2236,0.3951,0.0012,0.0002,0.5845,0.0103,0.267,0.0035,0.0625,6.4813
10:20:36.599,10597.11,E 60 s / 60 s,9.3876,79.6,917504,4.88832,0.0033,0.3949,0.3529,0.3984,0.0012,0.0008,0.5164,0.0241,0.1335,0.0027,0.0616,7.4979
10:20:38.600,10599.11,E 60 s / 60 s,10.073,80.1,917504,4.96202,0.0031,0.4494,0.3365,0.4091,0.0008,0.0008,0.5035,0.0,0.3676,0.0184,0.0621,7.9217
10:20:40.599,10601.11,E 60 s / 60 s,9.8774,79.6,917504,4.97274,0.0032,0.4155,0.3536,0.434,0.0024,0.0002,0.5294,0.0,0.5059,0.0041,0.0624,7.5666
10:20:42.608,10603.11,E 60 s / 60 s,10.3769,81.2,917504,4.86688,0.0031,0.3694,0.3503,0.4274,0.0032,0.0008,0.5197,0.0,0.3367,0.005,0.0641,8.2972
10:20:44.599,10605.11,E 60 s / 60 s,6.197,80.1,917504,4.86688,0.0035,0.4437,0.3527,0.4498,0.0012,0.0002,0.5264,0.0,0.4408,0.0,0.0618,3.9169
10:20:46.599,10607.11,E 60 s / 60 s,8.6533,81.8,917504,4.87224,0.003,0.3362,0.2827,0.4349,0.0024,0.0008,0.506,0.0,0.5098,0.0047,0.0614,6.5114
10:20:48.600,10609.11,E 60 s / 60 s,8.401,79.6,917504,4.88832,0.0033,0.4419,0.3523,0.4349,0.0006,0.0002,0.5333,0.0034,0.5068,0.008,0.0614,6.0548
10:20:50.603,10611.11,E 60 s / 60 s,10.2797,81.2,917504,4.86688,0.0033,0.4308,0.3824,0.4132,0.0006,0.0008,0.5361,0.0,0.1649,0.0009,0.0566,8.2902
10:20:52.604,10613.11,E 60 s / 60 s,8.2293,81.2,917504,4.9714,0.0029,0.3288,0.2394,0.4164,0.0008,0.0004,0.5286,0.0,0.2681,0.0124,0.0621,6.3695
10:20:54.604,10615.11,E 60 s / 60 s,9.7629,81.2,917504,4.8642,0.0029,0.3923,0.2495,0.453,0.0004,0.0002,0.6026,0.0172,0.4757,0.0,0.0625,7.5067
10:20:56.603,10617.11,E 60 s / 60 s,3.894,79.0,917504,5.0853,0.0034,0.3724,0.2838,0.3924,0.0034,0.0002,0.5293,0.0035,0.0614,0.0,0.066,2.1781
10:20:58.599,10619.11,E 60 s / 60 s,3.6347,75.7,917504,5.09334,0.0039,0.2947,0.224,0.3795,0.0008,0.0004,0.5832,0.0,0.0704,0.0,0.0697,2.0081
10:21:00.599,10621.11,E 60 s / 60 s,3.7467,69.7,917504,5.10272,0.0033,0.3847,0.3566,0.3759,0.0006,0.0002,0.5352,0.0,0.0249,0.0,0.0642,2.0011
10:21:02.599,10623.11,E 60 s / 60 s,3.2795,68.1,917504,5.10138,0.0028,0.2847,0.2245,0.3759,0.0032,0.0,0.51,0.0035,0.0228,0.0,0.0643,1.7878
10:21:04.599,10625.11,E 60 s / 60 s,2.7185,64.8,917504,5.12282,0.0028,0.3822,0.3845,0.3643,0.0006,0.0004,0.5077,0.0,0.0205,0.0,0.0646,0.9908
10:21:06.600,10627.11,E 60 s / 60 s,2.4866,63.7,917504,5.12818,0.0028,0.2807,0.2266,0.3672,0.0008,0.0004,0.5286,0.0035,0.0424,0.0,0.0689,0.9647
10:21:08.600,10629.11,E 60 s / 60 s,2.5915,62.0,917504,5.13622,0.0027,0.3626,0.2867,0.3626,0.0016,0.0002,0.5301,0.0,0.0347,0.0,0.0653,0.945
10:21:10.604,10631.11,E 60 s / 60 s,2.5557,60.9,917504,5.13086,0.0028,0.2983,0.3394,0.3626,0.0016,0.0004,0.5336,0.0,0.0293,0.0,0.0679,0.9197
10:21:12.600,10633.11,E 60 s / 60 s,2.5426,59.8,917504,5.12818,0.0028,0.3004,0.3519,0.367,0.0016,0.0002,0.5104,0.0035,0.0314,0.0,0.066,0.9071
10:21:14.600,10635.11,E 60 s / 60 s,2.6624,60.4,917504,5.13354,0.0031,0.3631,0.2856,0.3592,0.0018,0.0004,0.5326,0.0,0.0347,0.0,0.0653,1.0165
10:21:16.600,10637.11,E 60 s / 60 s,2.4901,59.8,917504,5.12148,0.0028,0.3022,0.338,0.3667,0.0004,0.0004,0.4969,0.0035,0.0238,0.0,0.0678,0.8875
10:21:18.600,10639.11,E 60 s / 60 s,2.4246,59.3,917504,5.1389,0.0031,0.2992,0.2409,0.3703,0.0006,0.0004,0.5367,0.0,0.0238,0.0,0.0691,0.8804
10:21:20.600,10641.11,E 60 s / 60 s,2.4829,58.2,917504,5.1389,0.0029,0.3111,0.2366,0.367,0.0008,0.0002,0.5692,0.0106,0.0346,0.0,0.0691,0.8807
10:21:22.600,10643.11,E 60 s / 60 s,2.497,57.6,917504,5.13622,0.0026,0.3257,0.2536,0.3688,0.0032,0.0,0.5799,0.0071,0.0291,0.0,0.0655,0.8614
10:21:24.600,10645.11,E 60 s / 60 s,2.4098,57.6,917504,5.14292,0.0024,0.3013,0.2395,0.3707,0.0018,0.0004,0.5358,0.0,0.026,0.0,0.0704,0.8614
10:21:26.600,10647.11,E 60 s / 60 s,2.6017,58.2,917504,5.13622,0.0028,0.3703,0.3563,0.3703,0.0006,0.0004,0.5358,0.0,0.0248,0.0,0.0655,0.875
10:21:28.600,10649.11,E 60 s / 60 s,2.3874,56.5,917504,5.14024,0.0031,0.2891,0.2523,0.3608,0.0032,0.0,0.5239,0.0,0.0347,0.0,0.0703,0.8499
10:21:30.600,10651.11,E 60 s / 60 s,2.4055,56.5,917504,5.14024,0.0033,0.2999,0.2367,0.3689,0.0006,0.0004,0.541,0.0071,0.0281,0.0,0.0641,0.8553
10:21:32.604,10653.11,E 60 s / 60 s,2.5769,56.5,917504,5.12282,0.0028,0.3709,0.3547,0.3672,0.0016,0.0004,0.5394,0.0,0.0248,0.0,0.0661,0.8489
10:21:34.601,10655.11,E 60 s / 60 s,2.4015,56.0,917504,5.1456,0.0033,0.2905,0.286,0.3627,0.0032,0.0002,0.5132,0.0035,0.0259,0.0,0.0704,0.8425
10:21:36.601,10657.11,E 60 s / 60 s,2.5248,56.0,917504,5.13354,0.0029,0.378,0.2547,0.365,0.001,0.0004,0.5881,0.0,0.0303,0.0,0.0684,0.836
10:21:38.601,10659.11,E 60 s / 60 s,2.5654,54.9,917504,5.13354,0.0026,0.3884,0.2866,0.3702,0.0,0.0,0.5846,0.0,0.0335,0.0,0.0697,0.8299
10:21:40.601,10661.11,E 60 s / 60 s,2.3229,56.0,917504,5.14024,0.0031,0.2795,0.2359,0.3672,0.0008,0.0,0.5125,0.0,0.0238,0.0,0.0699,0.8302
10:21:42.601,10663.11,E 60 s / 60 s,2.4793,56.0,917504,5.1389,0.0027,0.3529,0.2857,0.3697,0.0,0.0,0.5327,0.0071,0.0227,0.0,0.0697,0.836
10:21:44.601,10665.11,E 60 s / 60 s,2.495,54.9,917504,5.14158,0.0029,0.3047,0.3375,0.3672,0.0016,0.0,0.5394,0.0,0.0378,0.0,0.0678,0.836
10:21:46.601,10667.11,E 60 s / 60 s,2.4279,55.4,917504,5.1456,0.0035,0.2793,0.2263,0.3679,0.0006,0.0,0.5365,0.0,0.1233,0.0,0.0672,0.8232
10:21:48.601,10669.11,E 60 s / 60 s,2.4108,55.4,917504,5.14158,0.0024,0.3035,0.2538,0.3672,0.0008,0.0004,0.5652,0.0,0.0272,0.0,0.0673,0.8232
10:21:50.601,10671.11,E 60 s / 60 s,2.4434,54.3,917504,5.13354,0.0031,0.3053,0.2871,0.3617,0.0,0.0004,0.5125,0.0071,0.0649,0.0,0.0717,0.8296
10:21:52.601,10673.11,E 60 s / 60 s,2.393,54.3,917504,5.14962,0.0027,0.3076,0.2262,0.3649,0.0016,0.0002,0.5615,0.0,0.0378,0.0,0.0673,0.8232
10:21:54.601,10675.11,E 60 s / 60 s,2.5638,54.3,917504,5.14292,0.0031,0.3667,0.3567,0.3679,0.0004,0.0002,0.5365,0.0035,0.0313,0.0,0.0674,0.8299
10:21:56.605,10677.11,E 60 s / 60 s,2.4651,54.3,917504,5.12818,0.0026,0.3038,0.3393,0.3631,0.0008,0.0,0.5335,0.0,0.0356,0.0,0.0698,0.8168
10:21:58.603,10679.11,E 60 s / 60 s,10.0559,59.8,917504,4.97408,0.0029,0.4024,0.3693,0.4239,0.0004,0.0008,0.5961,0.0,0.2657,0.0044,0.0699,7.9201
10:22:00.603,10681.11,E 60 s / 60 s,8.9572,66.4,917504,4.8977,0.0031,0.4255,0.3853,0.4309,0.0018,0.0002,0.5327,0.0,0.3284,0.0103,0.0668,6.7721
10:22:02.610,10683.11,E 60 s / 60 s,9.7175,67.5,917504,4.97274,0.0031,0.4138,0.3535,0.4212,0.0008,0.0008,0.5361,0.0,0.4616,0.0095,0.068,7.4491
10:22:04.604,10685.11,E 60 s / 60 s,9.9196,70.3,917504,4.99418,0.0031,0.3245,0.3503,0.402,0.0008,0.0008,0.5261,0.0,0.2989,0.0021,0.0633,7.9479
10:22:06.607,10687.11,E 60 s / 60 s,9.5633,71.4,917504,4.97944,0.0047,0.3487,0.2408,0.4058,0.0016,0.0002,0.5576,0.0416,0.1548,0.0053,0.0654,7.7366
10:22:08.610,10689.11,E 60 s / 60 s,6.9284,73.6,917504,4.88698,0.0035,0.3874,0.22,0.4044,0.0004,0.0008,0.5365,0.0104,0.1984,0.0059,0.0638,5.0969
10:22:10.603,10691.11,E 60 s / 60 s,9.5858,74.1,917504,4.87626,0.0032,0.3479,0.2307,0.4031,0.0,0.0002,0.5781,0.0,0.4753,0.0,0.0643,7.483
10:22:12.603,10693.11,E 60 s / 60 s,9.4346,74.7,917504,4.88162,0.0033,0.3981,0.24,0.4229,0.0016,0.0002,0.5326,0.0,0.3481,0.0065,0.0662,7.4151
10:22:14.617,10695.12,E 60 s / 60 s,8.5306,74.7,917504,4.9245,0.0039,0.4224,0.2462,0.399,0.0016,0.0002,0.5802,0.0068,0.3375,0.0145,0.0666,6.4518
10:22:16.611,10697.12,E 60 s / 60 s,9.8167,76.8,917504,4.86688,0.003,0.351,0.2226,0.4238,0.0008,0.0008,0.5326,0.0034,0.268,0.0044,0.0681,7.9381
10:22:18.611,10699.12,E 60 s / 60 s,9.3902,77.4,917504,4.86688,0.0029,0.3195,0.2346,0.3893,0.0004,0.0004,0.5344,0.0205,0.0852,0.0059,0.0668,7.7304
10:22:20.611,10701.12,E 60 s / 60 s,10.6491,76.8,917504,4.90976,0.0031,0.4296,0.3523,0.4052,0.0012,0.0002,0.5689,0.0,0.4764,0.0009,0.0629,8.3482
10:22:22.611,10703.12,E 60 s / 60 s,9.3494,77.4,917504,4.92986,0.0031,0.3151,0.2293,0.4033,0.0016,0.0002,0.5587,0.0,0.2337,0.0103,0.0643,7.5297
10:22:24.611,10705.12,E 60 s / 60 s,8.653,77.4,917504,4.92986,0.0031,0.4341,0.3533,0.4291,0.0012,0.0002,0.5766,0.0,0.2491,0.0053,0.0654,6.5354
10:22:26.614,10707.12,E 60 s / 60 s,7.6626,77.4,917504,4.88162,0.0039,0.3671,0.2232,0.423,0.0012,0.0008,0.5423,0.0,0.421,0.0097,0.0637,5.6065
10:22:28.611,10709.12,E 60 s / 60 s,10.3029,77.9,917504,4.86554,0.0029,0.322,0.2249,0.4231,0.0008,0.0002,0.5487,0.0068,0.3279,0.0082,0.0612,8.3762
10:22:30.611,10711.12,E 60 s / 60 s,9.7728,78.5,917504,4.88832,0.0027,0.4337,0.3448,0.4012,0.0032,0.0008,0.5229,0.0068,0.4347,0.0076,0.0611,7.5532
10:22:32.611,10713.12,E 60 s / 60 s,8.4157,79.6,917504,4.88028,0.0033,0.352,0.2472,0.4294,0.0018,0.0008,0.5094,0.0,0.4658,0.0065,0.0629,6.3366
10:22:34.611,10715.12,E 60 s / 60 s,10.154,78.5,917504,4.86554,0.0031,0.3409,0.2225,0.441,0.0008,0.0002,0.6092,0.0,0.0613,0.0047,0.065,8.4053
10:22:36.612,10717.12,E 60 s / 60 s,9.3423,77.9,917504,4.97408,0.0032,0.3424,0.2249,0.4083,0.0018,0.0002,0.5422,0.0034,0.2854,0.0086,0.0651,7.4567
10:22:38.611,10719.12,E 60 s / 60 s,7.1879,78.5,917504,5.07994,0.0032,0.2957,0.2238,0.3663,0.0012,0.0002,0.5584,0.0035,0.0324,0.0,0.0648,5.6384
10:22:40.615,10721.12,E 60 s / 60 s,10.0423,80.1,917504,4.9044,0.0025,0.344,0.2496,0.4344,0.0016,0.0,0.5842,0.0,0.4594,0.0,0.0644,7.9021
10:22:42.615,10723.12,E 60 s / 60 s,9.5304,80.1,917504,4.8776,0.0032,0.344,0.2293,0.438,0.0008,0.0002,0.5326,0.0,0.3408,0.0113,0.0609,7.5695
10:22:44.619,10725.12,E 60 s / 60 s,9.8852,79.0,917504,4.9848,0.0027,0.3937,0.2834,0.4252,0.0016,0.0002,0.535,0.0,0.3364,0.0071,0.0648,7.8352
10:22:46.615,10727.12,E 60 s / 60 s,9.252,80.7,917504,4.89904,0.0031,0.3663,0.2241,0.4188,0.0012,0.0002,0.5422,0.0,0.2773,0.0035,0.0644,7.3506
10:22:48.615,10729.12,E 60 s / 60 s,7.0278,79.6,917504,4.97408,0.0028,0.4042,0.3487,0.4126,0.0006,0.0002,0.5141,0.0,0.2615,0.0032,0.0631,5.0166
10:22:50.616,10731.12,E 60 s / 60 s,10.0572,80.1,917504,4.89368,0.0027,0.3434,0.2404,0.4647,0.0016,0.0002,0.5327,0.0068,0.444,0.0127,0.0601,7.948
10:22:52.615,10733.12,E 60 s / 60 s,7.974,79.6,917504,4.99552,0.0037,0.344,0.3513,0.3985,0.0012,0.0004,0.5079,0.0,0.3651,0.0012,0.0605,5.9403
10:22:54.615,10735.12,E 60 s / 60 s,9.8683,81.2,917504,4.85884,0.0035,0.2946,0.2252,0.4309,0.0002,0.0004,0.532,0.0204,0.3654,0.0144,0.0635,7.9178
10:22:56.615,10737.12,E 60 s / 60 s,9.9297,81.2,917504,4.88296,0.0029,0.3565,0.2303,0.4375,0.0012,0.0002,0.5329,0.0102,0.4093,0.0153,0.06,7.8735
10:22:58.611,10739.12,E 60 s / 60 s,3.7718,77.4,917504,5.09736,0.0031,0.3692,0.2843,0.3854,0.0004,0.0,0.5401,0.0,0.0682,0.0,0.0591,2.0622
10:23:00.611,10741.12,E 60 s / 60 s,3.4918,70.8,917504,5.09602,0.0031,0.3497,0.2522,0.3759,0.0016,0.0004,0.5844,0.0035,0.0335,0.0,0.068,1.8195
10:23:02.611,10743.12,E 60 s / 60 s,3.2958,68.6,917504,5.10674,0.0029,0.2789,0.2865,0.382,0.0016,0.0004,0.5264,0.0,0.0335,0.0,0.0657,1.7179
10:23:04.612,10745.12,E 60 s / 60 s,2.6528,65.3,917504,5.1188,0.0028,0.3489,0.2846,0.3691,0.0012,0.0002,0.5401,0.0035,0.0282,0.0,0.0646,1.0097
10:23:06.612,10747.12,E 60 s / 60 s,2.6033,63.7,917504,5.12014,0.0029,0.2989,0.3471,0.3619,0.0012,0.0002,0.5254,0.0035,0.0323,0.0,0.0652,0.9647
10:23:08.612,10749.12,E 60 s / 60 s,2.4739,62.6,917504,5.13488,0.0031,0.2978,0.2257,0.3599,0.0004,0.0002,0.5423,0.0035,0.0335,0.0,0.0691,0.9382
10:23:10.612,10751.12,E 60 s / 60 s,2.6508,60.9,917504,5.13086,0.0025,0.3696,0.3547,0.3637,0.0016,0.0004,0.5393,0.0,0.0346,0.0,0.0648,0.9197
10:23:12.612,10753.12,E 60 s / 60 s,2.4345,60.4,917504,5.13488,0.0032,0.2775,0.2348,0.3723,0.0016,0.0004,0.5317,0.0141,0.0282,0.0,0.0703,0.9004
10:23:14.612,10755.12,E 60 s / 60 s,2.5619,59.3,917504,5.13354,0.0029,0.3522,0.252,0.3702,0.0008,0.0004,0.5878,0.0,0.026,0.0,0.0692,0.9004
10:23:16.612,10757.13,E 60 s / 60 s,2.5419,59.3,917504,5.12282,0.0031,0.3009,0.3546,0.3688,0.0032,0.0002,0.5067,0.0,0.0335,0.0,0.0704,0.9004
10:23:18.612,10759.13,E 60 s / 60 s,2.3992,58.2,917504,5.1322,0.0027,0.3022,0.226,0.3602,0.0016,0.0004,0.5326,0.0035,0.0259,0.0,0.0696,0.8746
10:23:20.613,10761.13,E 60 s / 60 s,2.4954,58.2,917504,5.13354,0.0031,0.326,0.2345,0.3759,0.0002,0.0004,0.5777,0.0071,0.0249,0.0,0.0705,0.875
10:23:22.613,10763.13,E 60 s / 60 s,2.5277,58.2,917504,5.12148,0.003,0.3024,0.3475,0.36,0.0008,0.0004,0.5132,0.0177,0.0303,0.0,0.0705,0.882
10:23:24.613,10765.13,E 60 s / 60 s,2.3955,57.1,917504,5.13354,0.0032,0.2799,0.2521,0.3697,0.0018,0.0004,0.517,0.0,0.0389,0.0,0.0703,0.8621
10:23:26.613,10767.13,E 60 s / 60 s,2.4466,56.5,917504,5.1322,0.0028,0.3019,0.2337,0.374,0.0008,0.0002,0.5608,0.0106,0.0324,0.0,0.0678,0.8614
10:23:28.613,10769.13,E 60 s / 60 s,2.419,56.5,917504,5.1322,0.0027,0.2776,0.2858,0.367,0.0008,0.0,0.5093,0.0141,0.0227,0.0,0.0705,0.8685
10:23:30.613,10771.13,E 60 s / 60 s,2.4386,57.1,917504,5.13354,0.0033,0.3033,0.2217,0.3626,0.0004,0.0002,0.5333,0.0071,0.026,0.0,0.0672,0.9136
10:23:32.613,10773.13,E 60 s / 60 s,2.8047,57.1,917504,5.12282,0.0033,0.3654,0.3557,0.3666,0.0012,0.0002,0.5832,0.0071,0.0388,0.0,0.0679,1.0154
10:23:34.613,10775.13,E 60 s / 60 s,2.4253,57.1,917504,5.12148,0.0025,0.2838,0.2864,0.3706,0.0002,0.0002,0.5095,0.0,0.0346,0.0,0.0692,0.8682
10:23:36.613,10777.13,E 60 s / 60 s,2.4447,56.5,917504,5.14292,0.0029,0.3025,0.2343,0.3794,0.0016,0.0002,0.5869,0.0035,0.0248,0.0,0.066,0.8425
10:23:38.613,10779.13,E 60 s / 60 s,2.5865,56.0,917504,5.13354,0.0033,0.3726,0.3573,0.3652,0.0016,0.0,0.539,0.0071,0.0216,0.0,0.0698,0.8489
10:23:40.613,10781.13,E 60 s / 60 s,2.4171,56.5,917504,5.1456,0.0027,0.2792,0.2849,0.3714,0.0018,0.0,0.5197,0.0035,0.0507,0.0,0.0673,0.836
10:23:42.613,10783.13,E 60 s / 60 s,2.5968,56.0,917504,5.1389,0.0026,0.3745,0.3534,0.3688,0.0016,0.0002,0.539,0.0,0.0259,0.0,0.068,0.8627
10:23:44.613,10785.13,E 60 s / 60 s,2.4706,56.0,917504,5.12818,0.0029,0.3051,0.3538,0.3602,0.0016,0.0,0.5189,0.0,0.0184,0.0,0.0672,0.8425
10:23:46.613,10787.13,E 60 s / 60 s,2.3931,56.0,917504,5.14828,0.0027,0.2811,0.234,0.3631,0.0016,0.0,0.5874,0.0035,0.027,0.0,0.0698,0.8229
10:23:48.614,10789.13,E 60 s / 60 s,2.435,54.9,917504,5.14158,0.0031,0.3535,0.2536,0.3635,0.0002,0.0002,0.5358,0.0,0.0281,0.0,0.0674,0.8296
10:23:50.614,10791.13,E 60 s / 60 s,2.5177,54.9,917504,5.13354,0.0031,0.3534,0.3461,0.3707,0.0004,0.0002,0.5134,0.0,0.0259,0.0,0.0674,0.837
10:23:52.614,10793.13,E 60 s / 60 s,2.4661,54.9,917504,5.1389,0.0039,0.395,0.2363,0.3684,0.0004,0.0002,0.5422,0.0035,0.0302,0.0,0.0692,0.8168
10:23:54.614,10795.13,E 60 s / 60 s,2.4419,54.9,917504,5.1389,0.0033,0.303,0.3195,0.3688,0.0002,0.0002,0.5261,0.0,0.0216,0.0,0.0699,0.8293
10:23:56.614,10797.13,E 60 s / 60 s,2.3371,54.9,917504,5.1389,0.0026,0.2808,0.2529,0.3725,0.0008,0.0,0.5164,0.0,0.0271,0.0,0.0736,0.8103
10:23:58.615,10799.13,E 60 s / 60 s,4.373,56.0,917504,5.05984,0.003,0.3862,0.2866,0.4159,0.0006,0.0004,0.5013,0.0,0.4553,0.0077,0.0722,2.2439
10:24:00.620,10801.13,E 60 s / 60 s,9.3073,65.9,917504,5.03438,0.0032,0.3999,0.345,0.4143,0.0006,0.0004,0.4914,0.0,0.32,0.005,0.0671,7.2604
10:24:02.615,10803.13,E 60 s / 60 s,9.6135,69.2,917504,4.90976,0.0029,0.3232,0.2216,0.3858,0.0004,0.0008,0.5362,0.0,0.0819,0.0,0.0637,7.9969
10:24:04.615,10805.13,E 60 s / 60 s,6.9131,70.3,917504,4.97408,0.0031,0.3944,0.3365,0.4002,0.0032,0.0008,0.5134,0.0034,0.1967,0.0026,0.0652,4.9935
10:24:06.615,10807.13,E 60 s / 60 s,9.6091,71.4,917504,5.10808,0.0031,0.3981,0.3536,0.3901,0.0032,0.0008,0.5585,0.0035,0.3513,0.0086,0.0638,7.4744
10:24:08.615,10809.13,E 60 s / 60 s,9.481,73.0,917504,4.9647,0.0032,0.4487,0.2842,0.4043,0.0002,0.0002,0.5151,0.0,0.2374,0.0071,0.0628,7.5179
10:24:10.615,10811.13,E 60 s / 60 s,8.4664,74.1,917504,4.97944,0.0031,0.3752,0.3524,0.4006,0.0004,0.0008,0.5358,0.0,0.1356,0.0023,0.0646,6.5955
10:24:12.619,10813.13,E 60 s / 60 s,7.0365,74.7,917504,4.97006,0.003,0.3223,0.2843,0.4317,0.0008,0.0004,0.5136,0.0,0.2457,0.0065,0.0645,5.1635
10:24:14.619,10815.13,E 60 s / 60 s,9.5935,74.7,917504,5.01696,0.0029,0.3966,0.259,0.3981,0.0002,0.0008,0.5894,0.0239,0.4065,0.0047,0.0689,7.4425
10:24:16.623,10817.13,E 60 s / 60 s,9.4644,75.7,917504,4.97542,0.0031,0.3977,0.2842,0.4203,0.0004,0.0002,0.5313,0.0,0.2668,0.005,0.0651,7.4902
10:24:18.619,10819.13,E 60 s / 60 s,10.121,76.3,917504,4.8441,0.0031,0.3471,0.2231,0.3949,0.0018,0.0002,0.5399,0.0137,0.1935,0.0056,0.065,8.3329
10:24:20.619,10821.13,E 60 s / 60 s,9.948,76.8,917504,4.87626,0.0031,0.3457,0.3519,0.4326,0.0004,0.0008,0.5215,0.0,0.2326,0.0032,0.062,7.9939
10:24:22.619,10823.13,E 60 s / 60 s,8.4906,77.4,917504,4.86956,0.0031,0.4456,0.3534,0.4234,0.0008,0.0004,0.5356,0.0,0.246,0.0097,0.0625,6.41
10:24:24.624,10825.13,E 60 s / 60 s,9.6184,77.9,917504,4.85482,0.0027,0.4327,0.2811,0.4041,0.0016,0.0002,0.6026,0.0034,0.3362,0.0147,0.0636,7.4755
10:24:26.618,10827.13,E 60 s / 60 s,6.5588,76.3,917504,5.0853,0.0034,0.3725,0.2819,0.3724,0.0016,0.0002,0.5298,0.0,0.0313,0.0,0.0684,4.8973
10:24:28.623,10829.13,E 60 s / 60 s,10.2547,79.6,917504,4.89234,0.0028,0.3479,0.3513,0.4248,0.0012,0.0002,0.5104,0.0,0.3329,0.0056,0.0617,8.2158
10:24:30.623,10831.13,E 60 s / 60 s,9.6845,79.0,917504,4.87626,0.0029,0.3946,0.3514,0.4287,0.0006,0.0008,0.5286,0.0,0.4402,0.0148,0.0652,7.4567
10:24:32.623,10833.13,E 60 s / 60 s,10.6223,79.0,917504,4.97408,0.0029,0.2954,0.342,0.4073,0.0008,0.0002,0.5358,0.0,0.4559,0.0,0.0615,8.5205
10:24:34.624,10835.13,E 60 s / 60 s,7.2602,79.0,917504,4.90038,0.003,0.3951,0.2306,0.4507,0.0032,0.0002,0.5333,0.0034,0.5263,0.0127,0.0621,5.0396
10:24:36.621,10837.13,E 60 s / 60 s,7.0292,78.5,917504,4.97944,0.0031,0.3733,0.2833,0.4181,0.0012,0.0008,0.5293,0.0,0.0237,0.0,0.0654,5.3309
10:24:38.623,10839.13,E 60 s / 60 s,10.2929,80.1,917504,4.85482,0.0029,0.3964,0.2485,0.4149,0.0016,0.0008,0.6343,0.0,0.2775,0.0053,0.0641,8.2466
10:24:40.623,10841.13,E 60 s / 60 s,10.319,80.1,917504,4.86688,0.003,0.3479,0.2835,0.3966,0.0012,0.0004,0.5632,0.0,0.0764,0.0035,0.0658,8.5776
10:24:42.627,10843.13,E 60 s / 60 s,10.3084,79.6,917504,4.92584,0.0033,0.3424,0.2257,0.4125,0.0004,0.0002,0.5764,0.0,0.2383,0.0012,0.0652,8.4429
10:24:44.623,10845.13,E 60 s / 60 s,7.0767,79.6,917504,4.87626,0.0032,0.3719,0.3511,0.4496,0.0006,0.0002,0.5261,0.0,0.4775,0.0,0.0619,4.8347
10:24:46.622,10847.13,E 60 s / 60 s,5.9566,78.5,917504,5.08664,0.003,0.3446,0.3437,0.3985,0.0012,0.0004,0.5042,0.0,0.0561,0.0,0.0659,4.2389
10:24:48.627,10849.14,E 60 s / 60 s,6.9247,80.7,917504,4.85482,0.003,0.4459,0.3524,0.423,0.0016,0.0004,0.5236,0.0408,0.2649,0.0091,0.0618,4.7982
10:24:50.631,10851.14,E 60 s / 60 s,10.0197,80.7,917504,4.84946,0.0029,0.3688,0.354,0.4586,0.0004,0.0008,0.5415,0.0,0.3566,0.0148,0.0646,7.8567
10:24:52.629,10853.14,E 60 s / 60 s,6.3958,79.0,917504,4.99284,0.0036,0.3944,0.3561,0.4266,0.0024,0.0008,0.5318,0.0,0.3354,0.0122,0.0627,4.2699
10:24:54.627,10855.14,E 60 s / 60 s,7.9143,80.7,917504,4.84946,0.0033,0.3996,0.2476,0.4108,0.0014,0.0002,0.585,0.0,0.2457,0.0159,0.0645,5.9403
10:24:56.629,10857.14,E 60 s / 60 s,10.321,79.0,917504,4.86018,0.0031,0.383,0.2205,0.4463,0.0012,0.0002,0.5544,0.0207,0.4648,0.0154,0.062,8.1495
10:24:58.631,10859.14,E 60 s / 60 s,8.3226,79.0,917504,4.87224,0.003,0.3924,0.2231,0.4217,0.0016,0.0004,0.5329,0.0,0.428,0.0147,0.0666,6.2382
10:25:00.623,10861.14,E 60 s / 60 s,3.3327,71.9,917504,5.11746,0.0031,0.277,0.2205,0.3896,0.0008,0.0004,0.5034,0.0,0.055,0.0,0.0657,1.8172
10:25:02.623,10863.14,E 60 s / 60 s,3.1914,68.6,917504,5.13086,0.0031,0.2804,0.2053,0.3742,0.0016,0.0008,0.468,0.007,0.0335,0.0,0.0679,1.7496
10:25:04.624,10865.14,E 60 s / 60 s,2.4543,65.9,917504,5.16168,0.0029,0.2786,0.2034,0.369,0.0002,0.0004,0.5099,0.0,0.0348,0.0,0.0648,0.9904
10:25:06.624,10867.14,E 60 s / 60 s,2.3762,63.1,917504,5.15364,0.0027,0.2765,0.2048,0.3619,0.0016,0.0002,0.4934,0.0035,0.0206,0.0,0.0656,0.9454
10:25:08.624,10869.14,E 60 s / 60 s,2.3741,62.0,917504,5.14426,0.0025,0.276,0.2037,0.3619,0.0016,0.0004,0.4874,0.0071,0.0335,0.0,0.0675,0.9325
10:25:10.624,10871.14,E 60 s / 60 s,2.3593,60.9,917504,5.15632,0.0027,0.2781,0.2033,0.369,0.0016,0.0002,0.4869,0.0071,0.0313,0.0,0.0663,0.9129
10:25:12.624,10873.14,E 60 s / 60 s,2.3265,60.4,917504,5.15766,0.0027,0.2747,0.205,0.3697,0.0004,0.0004,0.4751,0.0106,0.0205,0.0,0.0669,0.9004
10:25:14.628,10875.14,E 60 s / 60 s,2.325,59.8,917504,5.16168,0.0033,0.2726,0.2032,0.3609,0.0018,0.0002,0.4809,0.0035,0.041,0.0,0.0708,0.8868
10:25:16.624,10877.14,E 60 s / 60 s,2.3378,58.7,917504,5.15766,0.0031,0.2778,0.2034,0.3679,0.0008,0.0002,0.4819,0.0106,0.0346,0.0,0.0707,0.8868
10:25:18.624,10879.14,E 60 s / 60 s,2.3029,58.7,917504,5.15766,0.0027,0.2762,0.2042,0.3724,0.0018,0.0002,0.468,0.0035,0.0249,0.0,0.0682,0.8807
10:25:20.624,10881.14,E 60 s / 60 s,2.2847,57.6,917504,5.15632,0.003,0.2782,0.2034,0.3725,0.0016,0.0,0.4835,0.0,0.0151,0.0,0.0663,0.8611
10:25:22.624,10883.14,E 60 s / 60 s,2.3168,57.6,917504,5.16034,0.0033,0.2762,0.2022,0.3697,0.0032,0.0,0.4816,0.0071,0.0281,0.0,0.0707,0.8746
10:25:24.624,10885.14,E 60 s / 60 s,2.3348,58.2,917504,5.14426,0.0032,0.2757,0.2048,0.3714,0.0006,0.0004,0.511,0.0035,0.04,0.0,0.0689,0.8553
10:25:26.725,10887.14,E 60 s / 60 s,2.2879,57.6,917504,5.16034,0.0031,0.277,0.2027,0.3652,0.0016,0.0004,0.4801,0.0071,0.0259,0.0,0.0701,0.8547
10:25:28.624,10889.14,E 60 s / 60 s,2.289,56.5,917504,5.159,0.0029,0.2741,0.203,0.3619,0.0008,0.0002,0.4905,0.0,0.026,0.0,0.0732,0.8563
