Timestamp,Mode,Latency_ms,FPS,CPU_Usage_%,RAM_Usage_%,CPU_Temp_C,Throttled,Confidence_Max,Detection_Result
06:30:45.115,Active,409.6,0.0,39.3,12.4,56.8,Yes,0.0,None
06:30:45.536,Active,413.2,0.0,97.6,12.5,57.3,Yes,0.0,None
06:30:45.953,Active,410.2,0.0,98.2,12.5,59.0,Yes,0.0,None
06:30:46.368,Active,408.8,0.0,98.8,12.5,59.0,Yes,0.0,None
06:30:46.784,Active,408.7,0.0,98.8,12.5,60.0,Yes,0.0,None
06:30:47.206,Active,415.6,0.0,98.2,12.5,61.1,Yes,0.0,None
06:30:47.625,Active,409.9,0.0,98.2,12.5,61.1,Yes,0.0,None
06:30:48.066,Active,435.0,0.0,97.2,12.8,61.7,Yes,0.0,None
06:30:48.497,Active,418.5,0.0,95.9,12.8,62.8,Yes,0.0,None
06:30:48.912,Active,408.5,2.3,98.8,12.8,62.8,Yes,0.0,None
06:30:49.331,Active,413.1,2.3,98.8,12.8,63.4,Yes,0.0,None
06:30:49.760,Active,420.8,2.3,96.5,12.8,64.5,Yes,0.0,None
06:30:50.180,Active,412.6,2.3,98.8,12.8,65.0,Yes,0.0,None
06:30:50.594,Active,408.3,2.3,98.8,12.8,64.5,Yes,0.0,None
06:30:51.007,Active,406.3,2.3,99.4,12.7,65.5,Yes,0.0,None
06:30:51.425,Active,406.8,2.3,98.8,12.7,65.0,Yes,0.0,None
06:30:51.841,Active,408.0,2.3,98.2,12.7,66.1,Yes,0.0,None
06:30:52.259,Active,410.2,2.3,98.2,12.6,65.5,Yes,0.0,None
06:30:52.677,Active,407.9,2.3,98.2,12.6,67.2,Yes,0.0,None
06:30:53.093,Active,409.1,2.4,98.8,12.5,66.1,Yes,0.0,None
06:30:53.524,Active,422.3,2.4,98.3,12.5,67.2,Yes,0.0,None
06:30:53.943,Active,408.7,2.4,98.2,12.4,66.7,Yes,0.0,None
06:30:54.363,Active,410.1,2.4,97.6,12.4,67.2,Yes,0.0,None
06:30:54.780,Active,407.9,2.4,98.2,12.4,66.7,Yes,0.0,None
06:30:55.200,Active,410.2,2.4,98.2,12.4,67.8,Yes,0.0,None
06:30:55.620,Active,410.2,2.4,98.2,12.3,67.2,Yes,0.0,None
06:30:56.038,Active,409.9,2.4,97.6,12.2,67.8,Yes,0.0,None
06:30:56.448,Active,404.0,2.4,99.4,12.2,67.8,Yes,0.0,None
06:30:56.864,Active,407.4,2.4,98.8,12.1,68.8,Yes,0.0,None
06:30:57.285,Active,411.1,2.4,98.2,12.1,67.8,Yes,0.0,None
06:30:57.702,Active,408.8,2.4,98.2,12.1,68.3,Yes,0.0,None
06:30:58.120,Active,407.5,2.4,98.8,12.1,69.4,Yes,0.0,None
06:30:58.546,Active,420.0,2.4,98.8,12.1,68.3,Yes,0.0,None
06:30:58.960,Active,407.7,2.4,99.4,12.0,69.4,Yes,0.0,None
06:30:59.376,Active,406.3,2.4,98.8,12.0,69.4,Yes,0.0,None
06:30:59.790,Active,406.1,2.4,98.8,12.0,70.0,Yes,0.0,None
06:31:00.210,Active,414.8,2.4,98.8,12.0,68.8,Yes,0.0,None
06:31:00.629,Active,411.1,2.4,98.2,12.0,69.4,Yes,0.0,None
06:31:01.045,Active,409.6,2.4,98.8,11.9,70.0,Yes,0.0,None
06:31:01.458,Active,406.7,2.4,99.4,11.9,70.0,Yes,0.0,None
06:31:01.874,Active,406.6,2.4,98.2,11.9,70.0,Yes,0.0,None
06:31:02.300,Active,416.5,2.4,98.2,11.9,69.4,Yes,0.0,None
06:31:02.718,Active,406.9,2.4,97.6,11.9,70.0,Yes,0.0,None
06:31:03.136,Active,411.1,2.4,99.4,11.9,71.0,Yes,0.0,None
06:31:03.577,Active,435.6,2.4,96.6,11.9,70.0,Yes,0.0,None
06:31:03.991,Active,407.0,2.4,99.4,11.9,70.0,Yes,0.0,None
06:31:04.408,Active,411.4,2.4,99.4,11.9,70.0,Yes,0.0,None
06:31:04.827,Active,411.8,2.4,98.2,11.9,70.0,Yes,0.0,None
06:31:05.243,Active,409.6,2.4,98.8,11.9,71.6,Yes,0.0,None
06:31:05.660,Active,408.5,2.4,98.2,11.9,70.0,Yes,0.0,None
06:31:06.076,Active,409.8,2.4,99.4,11.8,71.0,Yes,0.0,None
06:31:06.493,Active,409.7,2.4,98.2,11.8,70.5,Yes,0.0,None
06:31:06.911,Active,407.4,2.4,97.6,11.8,71.0,Yes,0.0,None
06:31:07.329,Active,409.5,2.4,98.8,11.8,70.0,Yes,0.0,None
06:31:07.747,Active,408.5,2.4,98.2,11.8,71.0,Yes,0.0,None
06:31:08.165,Active,411.1,2.4,98.2,11.8,71.6,Yes,0.0,None
06:31:08.595,Active,424.0,2.4,98.8,11.8,70.5,Yes,0.0,None
06:31:09.012,Active,410.1,2.4,98.8,11.8,71.6,Yes,0.0,None
06:31:09.430,Active,408.8,2.4,98.2,11.8,71.0,Yes,0.0,None
06:31:09.849,Active,409.2,2.4,98.2,11.8,71.6,Yes,0.0,None
06:31:10.267,Active,411.9,2.4,98.8,11.8,71.0,Yes,0.0,None
06:31:10.685,Active,409.3,2.4,97.6,11.8,72.2,Yes,0.0,None
06:31:11.104,Active,409.5,2.4,98.2,11.8,71.0,Yes,0.0,None
06:31:11.521,Active,407.4,2.4,98.2,11.8,72.2,Yes,0.0,None
06:31:11.961,Active,430.4,2.4,98.3,11.8,72.2,Yes,0.0,None
06:31:12.387,Active,416.7,2.4,96.5,11.8,71.6,Yes,0.0,None
06:31:12.813,Active,416.0,2.4,96.4,11.8,72.7,Yes,0.0,None
06:31:13.232,Active,410.5,2.4,98.8,11.8,72.2,Yes,0.0,None
06:31:13.651,Active,409.4,2.4,97.6,11.8,72.2,Yes,0.0,None
06:31:14.070,Active,409.1,2.4,98.2,11.8,71.6,Yes,0.0,None
06:31:14.598,Active,519.0,2.4,96.7,12.1,72.7,Yes,0.0,None
06:31:15.019,Active,410.5,2.4,98.2,12.1,72.2,Yes,0.0,None
06:31:15.458,Active,433.5,2.4,95.5,12.1,72.2,Yes,0.0,None
06:31:15.875,Active,409.0,2.4,98.8,12.1,72.7,Yes,0.0,None
06:31:16.296,Active,413.2,2.4,98.8,12.1,73.2,Yes,0.0,None
06:31:16.715,Active,411.6,2.4,98.2,12.1,72.7,Yes,0.0,None
06:31:17.135,Active,411.9,2.4,99.4,12.1,72.7,Yes,0.0,None
06:31:17.552,Active,409.1,2.4,98.2,12.0,72.7,Yes,0.0,None
06:31:17.989,Active,426.5,2.4,96.0,12.0,72.7,Yes,0.0,None
06:31:18.411,Active,411.7,2.3,97.6,12.0,72.7,Yes,0.0,None
06:31:18.868,Active,447.6,2.3,97.2,12.0,72.7,Yes,0.0,None
06:31:19.292,Active,413.5,2.3,98.2,12.0,73.2,Yes,0.0,None
06:31:19.709,Active,409.7,2.3,98.2,12.0,72.7,Yes,0.0,None
06:31:20.130,Active,412.2,2.3,98.8,12.0,72.7,Yes,0.0,None
06:31:20.549,Active,409.6,2.3,98.2,12.0,73.2,Yes,0.0,None
06:31:20.969,Active,413.2,2.3,98.8,12.0,72.7,Yes,0.0,None
06:31:21.387,Active,408.4,2.3,97.6,12.0,72.7,Yes,0.0,None
06:31:21.809,Active,413.0,2.3,96.4,12.0,73.8,Yes,0.0,None
06:31:22.227,Active,408.7,2.3,98.2,11.9,73.2,Yes,0.0,None
06:31:22.658,Active,422.1,2.4,96.5,11.9,73.8,Yes,0.0,None
06:31:23.076,Active,410.7,2.4,98.2,11.9,73.2,Yes,0.0,None
06:31:23.492,Active,408.2,2.4,98.2,11.9,73.2,Yes,0.0,None
06:31:23.943,Active,444.0,2.4,95.6,11.9,73.2,Yes,0.0,None
06:31:24.359,Active,409.5,2.4,99.4,11.9,73.2,Yes,0.0,None
06:31:24.775,Active,410.1,2.4,98.2,11.9,73.8,Yes,0.0,None
06:31:25.206,Active,423.8,2.4,98.3,11.9,72.7,Yes,0.0,None
06:31:25.631,Active,414.9,2.4,97.0,11.9,73.8,Yes,0.0,None
06:31:26.060,Active,419.1,2.4,96.5,11.9,73.8,Yes,0.0,None
06:31:26.478,Active,408.3,2.4,98.8,11.9,73.8,Yes,0.0,None
06:31:26.893,Active,405.2,2.4,98.2,11.9,73.8,Yes,0.0,None
06:31:27.319,Active,416.8,2.4,97.0,11.9,73.8,Yes,0.0,None
06:31:27.743,Active,411.8,2.4,96.5,11.9,73.2,Yes,0.0,None
06:31:28.161,Active,411.5,2.4,98.8,11.9,73.2,Yes,0.0,None
06:31:28.575,Active,407.9,2.4,98.8,11.8,73.8,Yes,0.0,None
06:31:29.008,Active,424.5,2.4,98.8,11.9,73.8,Yes,0.0,None
06:31:29.422,Active,407.0,2.4,98.8,11.9,73.8,Yes,0.0,None
06:31:29.838,Active,410.1,2.4,98.2,11.9,74.3,Yes,0.0,None
06:31:30.255,Active,408.9,2.4,97.6,11.8,73.8,Yes,0.0,None
06:31:30.667,Active,406.0,2.4,100.0,11.8,73.8,Yes,0.0,None
06:31:31.083,Active,407.5,2.4,98.8,11.8,74.9,Yes,0.0,None
06:31:31.499,Active,407.6,2.4,99.4,11.8,73.8,Yes,0.0,None
06:31:31.915,Active,410.0,2.4,99.4,11.8,73.8,Yes,0.0,None
06:31:32.335,Active,411.6,2.4,98.8,11.8,74.9,Yes,0.0,None
06:31:32.751,Active,410.0,2.4,99.4,11.8,74.3,Yes,0.0,None
06:31:33.170,Active,413.6,2.4,99.4,11.8,74.3,Yes,0.0,None
06:31:33.586,Active,409.8,2.4,99.4,11.8,74.9,Yes,0.0,None
06:31:34.026,Active,430.1,2.4,97.7,11.9,75.5,Yes,0.0,None
06:31:34.446,Active,412.3,2.4,98.8,11.9,72.7,Yes,0.0,None
06:31:34.859,Active,404.8,2.4,98.8,11.9,74.3,Yes,0.0,None
06:31:35.274,Active,405.3,2.4,99.4,11.9,74.9,Yes,0.0,None
06:31:35.687,Active,404.8,2.4,99.4,11.9,74.9,Yes,0.0,None
06:31:36.105,Active,411.1,2.4,99.4,11.8,74.9,Yes,0.0,None
06:31:36.517,Active,406.1,2.4,98.2,11.8,74.3,Yes,0.0,None
06:31:36.957,Active,430.6,2.4,95.4,11.8,74.9,Yes,0.0,None
06:31:37.372,Active,408.7,2.4,98.8,11.8,74.9,Yes,0.0,None
06:31:37.789,Active,409.4,2.4,98.8,11.8,74.3,Yes,0.0,None
06:31:38.216,Active,421.1,2.4,96.5,11.8,74.3,Yes,0.0,None
06:31:38.630,Active,406.2,2.4,98.8,11.8,74.9,Yes,0.0,None
06:31:39.063,Active,427.6,2.4,98.9,11.8,74.3,Yes,0.0,None
06:31:39.477,Active,407.2,2.4,98.8,11.8,74.9,Yes,0.0,None
06:31:39.891,Active,407.8,2.4,99.4,11.8,75.5,Yes,0.0,None
06:31:40.314,Active,415.3,2.4,98.2,11.8,74.9,Yes,0.0,None
06:31:40.729,Active,409.6,2.4,98.8,11.8,74.9,Yes,0.0,None
06:31:41.156,Active,420.5,2.4,97.6,11.8,74.9,Yes,0.0,None
06:31:41.573,Active,410.8,2.4,98.2,11.8,75.5,Yes,0.0,None
06:31:41.990,Active,411.1,2.4,98.8,11.8,75.5,Yes,0.0,None
06:31:42.404,Active,407.9,2.4,98.8,11.8,74.9,Yes,0.0,None
06:31:42.818,Active,408.2,2.4,98.8,11.8,73.8,Yes,0.0,None
06:31:43.241,Active,413.8,2.4,97.6,11.8,74.9,Yes,0.0,None
06:31:43.654,Active,406.1,2.4,98.8,11.8,75.5,Yes,0.0,None
06:31:44.080,Active,417.1,2.4,97.1,11.8,74.3,Yes,0.0,None
06:31:44.500,Active,412.8,2.4,98.8,11.8,74.9,Yes,0.0,None
06:31:44.920,Active,412.5,2.4,98.2,11.8,74.9,Yes,0.0,None
06:32:30.367,Active,431.3,2.4,1.1,11.8,57.9,Yes,0.0,None
06:32:30.777,Active,404.3,2.4,100.0,11.8,59.0,Yes,0.0,None
06:32:31.196,Active,408.6,2.4,98.2,11.8,59.5,Yes,0.0,None
06:32:31.612,Active,408.8,2.4,98.8,11.8,60.6,Yes,0.0,None
06:32:32.026,Active,406.7,2.4,98.2,11.8,61.7,Yes,0.0,None
06:32:32.437,Active,404.9,2.4,99.4,11.8,62.8,Yes,0.0,None
06:32:32.848,Active,404.2,3.4,99.4,11.8,63.4,Yes,0.0,None
06:32:33.268,Active,409.7,3.4,98.2,11.8,63.9,Yes,0.0,None
06:32:33.683,Active,407.6,3.4,98.8,11.8,64.5,Yes,0.0,None
06:32:34.098,Active,409.6,3.4,99.4,11.8,64.5,Yes,0.0,None
06:32:34.515,Active,408.8,3.4,98.2,11.8,65.0,Yes,0.0,None
06:32:34.951,Active,430.2,3.4,99.4,11.9,66.7,Yes,0.0,None
06:32:35.368,Active,409.6,3.4,98.8,11.9,66.1,Yes,0.0,None
06:32:35.779,Active,405.8,3.4,99.4,11.9,67.2,Yes,0.0,None
06:32:36.200,Active,413.0,3.4,98.8,11.9,65.5,Yes,0.0,None
06:32:36.616,Active,409.2,3.4,98.2,11.8,66.7,Yes,0.0,None
06:32:37.033,Active,409.7,2.4,98.8,11.9,67.2,Yes,0.0,None
06:32:37.446,Active,407.2,2.4,98.8,11.9,67.8,Yes,0.0,None
06:32:37.864,Active,408.7,2.4,98.8,11.8,68.8,Yes,0.0,None
06:32:38.282,Active,410.5,2.4,98.2,11.8,68.3,Yes,0.0,None
06:32:38.696,Active,408.0,2.4,99.4,11.8,68.3,Yes,0.0,None
06:32:39.116,Active,414.0,2.4,97.6,11.8,68.8,Yes,0.0,None
06:32:39.536,Active,408.2,2.4,98.2,11.8,68.8,Yes,0.0,None
06:32:39.948,Active,406.6,2.4,98.8,11.8,69.4,Yes,0.0,None
06:32:40.383,Active,425.6,2.4,98.3,11.8,68.8,Yes,0.0,None
06:32:40.798,Active,409.1,2.4,98.8,11.8,69.4,Yes,0.0,None
06:32:41.224,Active,416.5,2.4,97.0,11.8,68.8,Yes,0.0,None
06:32:41.643,Active,407.4,2.4,97.6,11.8,70.0,Yes,0.0,None
06:32:42.081,Active,429.4,2.4,96.0,11.8,70.5,Yes,0.0,None
06:32:42.496,Active,409.2,2.4,98.2,11.8,70.0,Yes,0.0,None
06:32:42.912,Active,410.2,2.4,98.8,11.8,70.0,Yes,0.0,None
06:32:43.329,Active,409.9,2.4,98.2,11.8,70.5,Yes,0.0,None
06:32:43.748,Active,408.9,2.4,98.2,11.8,70.5,Yes,0.0,None
06:32:44.188,Active,433.2,2.4,95.4,11.8,70.5,Yes,0.0,None
06:32:44.603,Active,407.9,2.4,98.8,11.8,71.0,Yes,0.0,None
06:32:45.016,Active,407.0,2.4,99.4,11.8,71.0,Yes,0.0,None
06:32:45.430,Active,408.3,2.4,99.4,11.8,71.6,Yes,0.0,None
06:32:45.843,Active,406.7,2.4,99.4,11.7,71.0,Yes,0.0,None
06:32:46.255,Active,406.2,2.4,99.4,11.7,71.6,Yes,0.0,None
06:32:46.667,Active,406.0,2.4,98.8,11.7,72.2,Yes,0.0,None
06:32:47.087,Active,410.8,2.4,98.8,11.7,72.2,Yes,0.0,None
06:32:47.499,Active,404.8,2.4,98.8,11.7,71.6,Yes,0.0,None
06:32:47.918,Active,408.3,2.4,98.8,11.7,71.6,Yes,0.0,None
06:32:48.331,Active,406.7,2.4,99.4,11.7,71.6,Yes,0.0,None
06:32:48.743,Active,406.2,2.4,99.4,11.7,71.6,Yes,0.0,None
06:32:49.159,Active,406.9,2.4,98.8,11.7,72.7,Yes,0.0,None
06:32:49.576,Active,409.9,2.4,98.8,11.7,72.2,Yes,0.0,None
06:32:50.004,Active,420.9,2.4,96.5,11.7,71.6,Yes,0.0,None
06:32:50.452,Active,441.0,2.4,98.3,11.8,72.2,Yes,0.0,None
06:32:50.870,Active,410.1,2.4,98.2,11.9,72.2,Yes,0.0,None
06:32:51.299,Active,419.5,2.4,96.5,11.8,72.7,Yes,0.0,None
06:32:51.716,Active,408.7,2.4,98.2,11.8,72.2,Yes,0.0,None
06:32:52.137,Active,413.6,2.4,98.8,11.8,72.2,Yes,0.0,None
06:32:52.563,Active,419.8,2.4,96.5,11.8,72.2,Yes,0.0,None
06:32:52.993,Active,421.2,2.4,96.5,11.8,72.7,Yes,0.0,None
06:32:53.409,Active,409.7,2.4,98.8,11.8,72.7,Yes,0.0,None
06:32:53.824,Active,408.4,2.4,97.6,11.8,73.2,Yes,0.0,None
06:32:54.241,Active,409.5,2.4,98.8,11.8,73.2,Yes,0.0,None
06:32:54.655,Active,408.7,2.4,99.4,11.8,72.7,Yes,0.0,None
06:32:55.072,Active,410.7,2.4,98.8,11.8,73.8,Yes,0.0,None
06:32:55.500,Active,420.6,2.4,98.2,11.8,73.2,Yes,0.0,None
06:32:55.921,Active,412.6,2.4,98.2,11.8,72.7,Yes,0.0,None
06:32:56.343,Active,412.5,2.4,97.6,11.8,73.2,Yes,0.0,None
06:32:56.759,Active,408.0,2.4,98.2,11.8,73.2,Yes,0.0,None
06:32:57.185,Active,417.9,2.4,97.0,11.8,73.2,Yes,0.0,None
06:32:57.601,Active,406.9,2.4,98.2,11.8,73.8,Yes,0.0,None
06:32:58.019,Active,412.3,2.4,98.8,11.8,73.8,Yes,0.0,None
06:32:58.442,Active,414.9,2.4,97.6,11.8,73.8,Yes,0.0,None
06:32:58.861,Active,409.6,2.4,98.2,11.7,73.2,Yes,0.0,None
06:32:59.280,Active,413.0,2.4,98.8,11.7,73.8,Yes,0.0,None
06:32:59.699,Active,411.9,2.4,98.2,11.8,73.8,Yes,0.0,None
06:33:00.117,Active,409.4,2.4,98.2,11.8,73.8,Yes,0.0,None
06:33:00.555,Active,431.6,2.4,99.4,11.8,74.3,Yes,0.0,None
06:33:00.967,Active,406.2,2.4,98.8,11.8,73.8,Yes,0.0,None
06:33:01.385,Active,408.8,2.4,98.8,11.8,73.8,Yes,0.0,None
06:33:01.801,Active,410.4,2.4,98.2,11.8,73.2,Yes,0.0,None
06:33:02.220,Active,409.9,2.4,98.2,11.8,73.8,Yes,0.0,None
06:33:02.635,Active,407.5,2.4,98.8,11.8,73.8,Yes,0.0,None
06:33:03.057,Active,413.2,2.4,98.8,11.8,73.2,Yes,0.0,None
06:33:03.477,Active,409.6,2.4,97.0,11.8,74.9,Yes,0.0,None
06:33:03.894,Active,410.4,2.4,98.8,11.8,73.8,Yes,0.0,None
06:33:04.314,Active,411.2,2.4,98.2,11.8,73.8,Yes,0.0,None
06:33:04.730,Active,410.1,2.4,98.2,11.8,73.8,Yes,0.0,None
06:33:05.145,Active,409.0,2.4,99.4,11.8,74.3,Yes,0.0,None
06:33:05.584,Active,432.6,2.4,98.3,11.8,74.3,Yes,0.0,None
06:33:05.999,Active,409.4,2.4,100.0,11.8,74.3,Yes,0.0,None
06:33:06.410,Active,405.5,2.4,99.4,11.8,74.3,Yes,0.0,None
06:33:06.823,Active,406.9,2.4,99.4,11.8,74.3,Yes,0.0,None
06:33:07.235,Active,405.7,2.4,99.4,11.8,75.5,Yes,0.0,None
06:33:07.651,Active,407.7,2.4,99.4,11.8,74.9,Yes,0.0,None
06:33:08.067,Active,409.9,2.4,99.4,11.8,74.9,Yes,0.0,None
06:33:08.479,Active,406.4,2.4,100.0,11.8,74.9,Yes,0.0,None
06:33:08.893,Active,408.4,2.4,99.4,11.7,74.9,Yes,0.0,None
06:33:09.310,Active,407.9,2.4,98.8,11.7,75.5,Yes,0.0,None
06:33:09.725,Active,408.9,2.4,99.4,11.8,74.9,Yes,0.0,None
06:33:10.143,Active,411.6,2.4,98.2,11.8,74.9,Yes,0.0,None
06:33:10.576,Active,424.8,2.4,98.2,11.8,74.3,Yes,0.0,None
06:33:10.992,Active,409.1,2.4,98.8,11.8,75.5,Yes,0.0,None
06:33:11.408,Active,409.3,2.4,98.8,11.8,74.9,Yes,0.0,None
06:33:11.827,Active,412.0,2.4,98.8,11.8,73.8,Yes,0.0,None
06:33:12.245,Active,411.9,2.4,98.2,11.8,74.9,Yes,0.0,None
06:33:12.659,Active,408.0,2.4,98.8,11.8,75.5,Yes,0.0,None
06:33:13.078,Active,411.1,2.4,98.8,11.8,75.5,Yes,0.0,None
06:33:13.498,Active,410.3,2.4,98.2,11.7,74.9,Yes,0.0,None
06:33:14.029,Active,419.7,2.4,77.4,11.8,74.9,Yes,0.0,None
06:33:14.442,Active,407.2,2.4,99.4,11.7,74.9,Yes,0.0,None
06:33:14.867,Active,415.8,2.3,97.0,11.8,74.3,Yes,0.0,None
06:33:15.291,Active,416.2,2.3,97.6,11.7,75.5,Yes,0.0,None
06:33:15.707,Active,408.0,2.3,98.2,11.7,75.5,Yes,0.0,None
06:33:16.125,Active,410.1,2.3,98.8,11.7,74.9,Yes,0.0,None
06:33:16.545,Active,410.5,2.3,97.6,11.7,77.1,Yes,0.0,None
06:33:16.961,Active,409.7,2.3,98.8,11.7,74.9,Yes,0.0,None
06:33:17.378,Active,408.8,2.3,98.2,11.7,76.5,Yes,0.0,None
06:33:17.791,Active,407.4,2.3,98.8,11.7,75.5,Yes,0.0,None
06:33:18.208,Active,409.0,2.3,99.4,11.8,75.5,Yes,0.0,None
06:33:18.624,Active,410.0,2.3,98.8,11.7,74.9,Yes,0.0,None
06:33:19.047,Active,415.5,2.4,97.6,11.7,75.5,Yes,0.0,None
06:33:19.463,Active,407.4,2.4,98.2,11.7,76.0,Yes,0.0,None
06:33:19.881,Active,409.6,2.4,98.2,11.7,74.9,Yes,0.0,None
06:33:20.295,Active,407.7,2.4,98.8,11.7,75.5,Yes,0.0,None
06:33:20.746,Active,445.5,2.4,98.9,11.8,74.9,Yes,0.0,None
06:33:21.168,Active,412.8,2.4,98.2,11.9,75.5,Yes,0.0,None
06:33:21.583,Active,407.9,2.4,98.2,11.9,76.0,Yes,0.0,None
06:33:22.001,Active,411.7,2.4,98.8,11.9,75.5,Yes,0.0,None
06:33:22.427,Active,419.2,2.4,96.5,11.9,75.5,Yes,0.0,None
06:33:22.840,Active,407.0,2.4,98.8,11.9,76.0,Yes,0.0,None
06:33:23.256,Active,408.8,2.4,98.8,11.8,76.0,Yes,0.0,None
06:33:23.686,Active,423.5,2.4,98.8,11.8,75.5,Yes,0.0,None
06:33:24.108,Active,412.7,2.4,97.6,11.8,74.9,Yes,0.0,None
06:33:24.525,Active,409.7,2.4,98.8,11.8,75.5,Yes,0.0,None
06:33:24.940,Active,406.9,2.4,98.2,11.8,76.0,Yes,0.0,None
06:33:25.356,Active,410.0,2.4,98.8,11.8,75.5,Yes,0.0,None
06:33:25.779,Active,417.3,2.4,98.8,11.9,76.0,Yes,0.0,None
06:33:26.199,Active,410.7,2.4,98.8,11.9,75.5,Yes,0.0,None
06:33:26.611,Active,406.4,2.4,99.4,11.9,75.5,Yes,0.0,None
06:33:27.030,Active,409.8,2.4,98.2,11.9,76.5,Yes,0.0,None
06:33:27.452,Active,409.2,2.4,97.0,11.9,76.5,Yes,0.0,None
06:33:27.867,Active,408.2,2.4,99.4,11.9,76.0,Yes,0.0,None
06:33:28.285,Active,409.3,2.4,98.2,11.8,76.0,Yes,0.0,None
06:33:28.699,Active,408.7,2.4,98.8,11.8,77.1,Yes,0.0,None
06:33:29.125,Active,417.2,2.4,97.0,11.8,76.0,Yes,0.0,None
06:33:29.539,Active,408.1,2.4,98.8,11.8,76.0,Yes,0.0,None
06:33:29.963,Active,415.7,2.4,97.0,11.8,76.0,Yes,0.0,None
06:34:15.396,Active,417.0,2.4,1.3,11.8,59.0,Yes,0.0,None
06:34:15.814,Active,407.4,2.4,98.2,11.8,60.0,Yes,0.0,None
06:34:16.235,Active,411.4,2.4,98.2,11.8,61.1,Yes,0.0,None
06:34:16.650,Active,407.4,6.0,98.2,11.8,61.7,Yes,0.0,None
06:34:17.071,Active,413.8,6.0,98.8,11.8,62.8,Yes,0.0,None
06:34:17.599,Active,417.6,6.0,78.5,11.8,62.8,Yes,0.0,None
06:34:18.019,Active,412.1,6.0,98.2,11.8,63.9,Yes,0.0,None
06:34:18.435,Active,408.0,6.0,98.2,11.8,65.0,Yes,0.0,None
06:34:18.853,Active,406.6,6.0,97.6,11.8,65.0,Yes,0.0,None
06:34:19.271,Active,409.3,6.0,98.2,11.7,65.0,Yes,0.0,None
06:34:19.689,Active,407.6,6.0,98.2,11.7,66.1,Yes,0.0,None
06:34:20.111,Active,413.0,6.0,98.2,11.8,66.1,Yes,0.0,None
06:34:20.529,Active,407.9,6.0,97.6,11.7,67.2,Yes,0.0,None
06:34:20.944,Active,408.9,2.3,99.4,11.7,67.2,Yes,0.0,None
06:34:21.363,Active,411.4,2.3,98.8,11.7,67.2,Yes,0.0,None
06:34:21.821,Active,449.2,2.3,97.3,11.9,67.8,Yes,0.0,None
06:34:22.240,Active,412.8,2.3,98.8,11.9,68.8,Yes,0.0,None
06:34:22.661,Active,409.9,2.3,97.6,11.9,68.8,Yes,0.0,None
06:34:23.076,Active,408.8,2.3,98.8,11.9,68.8,Yes,0.0,None
06:34:23.492,Active,409.0,2.3,98.8,11.9,70.0,Yes,0.0,None
06:34:23.912,Active,410.8,2.3,98.2,11.9,69.4,Yes,0.0,None
06:34:24.347,Active,428.2,2.3,95.4,11.8,69.4,Yes,0.0,None
06:34:24.772,Active,415.4,2.3,97.1,11.8,69.4,Yes,0.0,None
06:34:25.191,Active,413.2,2.4,98.8,11.8,70.0,Yes,0.0,None
06:34:25.611,Active,410.9,2.4,98.2,11.8,70.0,Yes,0.0,None
06:34:26.027,Active,410.2,2.4,98.2,11.8,70.5,Yes,0.0,None
06:34:26.439,Active,405.9,2.4,100.0,11.8,71.0,Yes,0.0,None
06:34:26.873,Active,422.8,2.4,98.3,11.8,70.5,Yes,0.0,None
06:34:27.291,Active,410.3,2.4,98.2,11.8,71.0,Yes,0.0,None
06:34:27.711,Active,410.4,2.4,97.6,11.8,71.0,Yes,0.0,None
06:34:28.132,Active,412.8,2.4,98.8,11.8,70.5,Yes,0.0,None
06:34:28.547,Active,408.0,2.4,98.2,11.8,71.0,Yes,0.0,None
06:34:28.973,Active,417.6,2.4,97.6,11.8,72.2,Yes,0.0,None
06:34:29.389,Active,409.7,2.4,98.8,11.8,71.0,Yes,0.0,None
06:34:29.804,Active,409.3,2.4,98.2,11.8,72.2,Yes,0.0,None
06:34:30.221,Active,410.7,2.4,98.8,11.8,71.6,Yes,0.0,None
06:34:30.639,Active,410.3,2.4,98.2,11.8,73.2,Yes,0.0,None
06:34:31.058,Active,411.1,2.4,98.8,11.8,72.2,Yes,0.0,None
06:34:31.483,Active,419.1,2.4,97.0,11.8,73.2,Yes,0.0,None
06:34:31.915,Active,426.1,2.4,99.4,11.9,73.2,Yes,0.0,None
06:34:32.336,Active,413.0,2.4,98.8,11.9,72.7,Yes,0.0,None
06:34:32.751,Active,407.7,2.4,98.8,11.9,72.2,Yes,0.0,None
06:34:33.169,Active,411.8,2.4,98.8,11.9,72.7,Yes,0.0,None
06:34:33.584,Active,408.1,2.4,98.2,11.9,71.6,Yes,0.0,None
06:34:34.004,Active,410.8,2.4,98.2,11.8,73.2,Yes,0.0,None
06:34:34.422,Active,408.2,2.4,98.2,11.8,73.2,Yes,0.0,None
06:34:34.840,Active,408.3,2.4,98.2,11.8,72.7,Yes,0.0,None
06:34:35.362,Active,412.6,2.4,78.9,11.8,72.2,Yes,0.0,None
06:34:35.784,Active,411.4,2.4,97.0,11.8,72.7,Yes,0.0,None
06:34:36.202,Active,410.5,2.4,98.2,11.8,72.2,Yes,0.0,None
06:34:36.617,Active,406.0,2.4,98.2,11.8,73.2,Yes,0.0,None
06:34:37.055,Active,428.2,2.4,98.3,11.8,73.8,Yes,0.0,None
06:34:37.475,Active,412.2,2.4,97.6,11.8,73.2,Yes,0.0,None
06:34:37.889,Active,405.3,2.3,98.2,11.8,73.8,Yes,0.0,None
06:34:38.307,Active,411.7,2.3,98.8,11.8,73.2,Yes,0.0,None
06:34:38.720,Active,407.4,2.3,99.4,11.8,73.8,Yes,0.0,None
06:34:39.140,Active,412.8,2.3,98.8,11.8,73.8,Yes,0.0,None
06:34:39.554,Active,406.9,2.3,98.2,11.8,73.2,Yes,0.0,None
06:34:39.972,Active,408.7,2.3,98.2,11.8,73.2,Yes,0.0,None
06:34:40.388,Active,407.4,2.3,98.2,11.8,73.8,Yes,0.0,None
06:34:40.803,Active,407.1,2.3,98.2,11.8,74.3,Yes,0.0,None
06:34:41.223,Active,413.5,2.3,98.8,11.8,73.8,Yes,0.0,None
06:34:41.638,Active,409.4,2.3,98.8,11.8,73.8,Yes,0.0,None
06:34:42.076,Active,429.0,2.4,98.3,11.8,73.8,Yes,0.0,None
06:34:42.493,Active,406.8,2.4,98.2,11.8,73.8,Yes,0.0,None
06:34:42.910,Active,408.2,2.4,98.2,11.8,73.2,Yes,0.0,None
06:34:43.328,Active,408.7,2.4,97.6,11.8,73.8,Yes,0.0,None
06:34:43.764,Active,426.3,2.4,95.4,11.8,74.3,Yes,0.0,None
06:34:44.181,Active,409.6,2.4,98.2,11.8,74.3,Yes,0.0,None
06:34:44.598,Active,407.6,2.4,98.2,11.8,74.3,Yes,0.0,None
06:34:45.016,Active,409.2,2.4,98.2,11.8,74.9,Yes,0.0,None
06:34:45.437,Active,411.2,2.4,97.6,11.8,74.3,Yes,0.0,None
06:34:45.855,Active,407.9,2.4,98.2,11.8,75.5,Yes,0.0,None
06:34:46.275,Active,410.5,2.4,98.2,11.8,74.3,Yes,0.0,None
06:34:46.692,Active,407.9,2.4,97.6,11.8,76.0,Yes,0.0,None
06:34:47.112,Active,409.9,2.4,98.2,11.8,74.3,Yes,0.0,None
06:34:47.526,Active,408.3,2.4,99.4,11.8,74.9,Yes,0.0,None
06:34:47.939,Active,405.3,2.4,98.8,11.8,74.3,Yes,0.0,None
06:34:48.355,Active,408.9,2.4,98.8,11.8,74.3,Yes,0.0,None
06:34:48.778,Active,411.0,2.4,97.6,11.8,74.9,Yes,0.0,None
06:34:49.197,Active,413.6,2.4,97.6,11.8,74.9,Yes,0.0,None
06:34:49.614,Active,408.1,2.4,98.2,11.8,73.8,Yes,0.0,None
06:34:50.032,Active,409.2,2.4,98.8,11.8,74.9,Yes,0.0,None
06:34:50.448,Active,409.1,2.4,98.8,11.8,74.3,Yes,0.0,None
06:34:50.866,Active,407.7,2.4,97.6,11.8,74.9,Yes,0.0,None
06:34:51.286,Active,409.3,2.4,97.6,11.8,74.3,Yes,0.0,None
06:34:51.711,Active,418.9,2.4,98.2,11.8,74.9,Yes,0.0,None
06:34:52.164,Active,444.8,2.4,98.3,11.8,74.3,Yes,0.0,None
06:34:52.581,Active,407.2,2.4,98.2,11.8,75.5,Yes,0.0,None
06:34:53.004,Active,412.3,2.4,97.7,11.8,73.8,Yes,0.0,None
06:34:53.418,Active,406.5,2.4,98.2,11.8,76.0,Yes,0.0,None
06:34:53.835,Active,408.0,2.4,98.2,11.8,76.0,Yes,0.0,None
06:34:54.253,Active,411.0,2.4,98.8,11.8,74.9,Yes,0.0,None
06:34:54.668,Active,408.5,2.4,98.8,11.8,76.0,Yes,0.0,None
06:34:55.087,Active,412.3,2.4,98.2,11.8,77.1,Yes,0.0,None
06:34:55.503,Active,409.9,2.4,98.2,11.8,75.5,Yes,0.0,None
06:34:55.915,Active,406.3,2.4,99.4,11.8,76.0,Yes,0.0,None
06:34:56.346,Active,421.3,2.4,96.5,11.8,76.0,Yes,0.0,None
06:34:56.758,Active,406.0,2.4,98.8,11.8,76.0,Yes,0.0,None
06:34:57.179,Active,411.7,2.4,97.7,11.8,76.0,Yes,0.0,None
06:34:57.604,Active,416.4,2.4,98.8,11.8,76.5,Yes,0.0,None
06:34:58.018,Active,408.2,2.4,99.4,11.8,77.1,Yes,0.0,None
06:34:58.431,Active,406.7,2.4,99.4,11.8,77.1,Yes,0.0,None
06:34:58.854,Active,414.3,2.4,97.0,11.8,76.5,Yes,0.0,None
06:34:59.271,Active,408.2,2.4,98.8,11.8,76.0,Yes,0.0,None
06:34:59.684,Active,406.9,2.4,99.4,11.8,75.5,Yes,0.0,None
06:35:00.101,Active,411.1,2.4,98.8,11.8,76.5,Yes,0.0,None
06:35:00.516,Active,408.6,2.4,98.8,11.8,76.0,Yes,0.0,None
06:35:00.931,Active,408.8,2.4,98.2,11.8,75.5,Yes,0.0,None
06:35:01.371,Active,425.8,2.4,95.4,11.7,77.7,Yes,0.0,None
06:35:01.784,Active,407.1,2.4,98.8,11.7,76.5,Yes,0.0,None
06:35:02.200,Active,409.4,2.4,98.8,11.8,76.0,Yes,0.0,None
06:35:02.628,Active,423.0,2.4,99.4,11.8,76.5,Yes,0.0,None
06:35:03.048,Active,409.7,2.4,98.2,11.8,76.5,Yes,0.0,None
06:35:03.465,Active,406.9,2.4,98.2,11.8,76.0,Yes,0.0,None
06:35:03.882,Active,407.6,2.4,98.2,11.8,76.0,Yes,0.0,None
06:35:04.309,Active,417.8,2.4,96.4,11.8,76.0,Yes,0.0,None
06:35:04.725,Active,408.7,2.4,98.8,11.8,76.5,Yes,0.0,None
06:35:05.140,Active,408.5,2.4,98.8,11.8,76.5,Yes,0.0,None
06:35:05.561,Active,413.9,2.4,98.2,11.8,76.0,Yes,0.0,None
06:35:05.989,Active,422.0,2.4,96.4,11.8,77.1,Yes,0.0,None
06:35:06.402,Active,406.5,2.4,98.8,11.8,76.0,Yes,0.0,None
06:35:06.822,Active,414.3,2.4,98.2,11.8,76.0,Yes,0.0,None
06:35:07.237,Active,408.6,2.4,98.8,11.8,76.5,Yes,0.0,None
06:35:07.666,Active,423.8,2.4,99.4,11.8,76.0,Yes,0.0,None
06:35:08.079,Active,406.7,2.4,99.4,11.8,77.1,Yes,0.0,None
06:35:08.495,Active,407.8,2.4,98.8,11.8,76.5,Yes,0.0,None
06:35:08.908,Active,406.7,2.4,98.8,11.8,76.5,Yes,0.0,None
06:35:09.325,Active,411.6,2.4,98.8,11.8,76.5,Yes,0.0,None
06:35:09.737,Active,405.1,2.4,98.8,11.7,77.1,Yes,0.0,None
06:35:10.156,Active,411.7,2.4,97.6,11.7,76.5,Yes,0.0,None
06:35:10.573,Active,406.9,2.4,98.2,11.7,77.1,Yes,0.0,None
06:35:10.990,Active,408.4,2.4,98.8,11.8,76.5,Yes,0.0,None
06:35:11.410,Active,410.4,2.4,98.2,11.8,77.1,Yes,0.0,None
06:35:11.824,Active,407.4,2.4,99.4,11.8,76.5,Yes,0.0,None
06:35:12.240,Active,409.0,2.4,98.8,11.8,76.5,Yes,0.0,None
06:35:12.680,Active,433.1,2.4,98.9,11.9,76.5,Yes,0.0,None
06:35:13.096,Active,410.3,2.4,98.2,11.9,76.5,Yes,0.0,None
06:35:13.512,Active,409.2,2.4,98.8,11.9,76.5,Yes,0.0,None
06:35:13.928,Active,408.6,2.4,98.2,11.9,77.1,Yes,0.0,None
06:35:14.345,Active,409.7,2.4,99.4,11.9,76.5,Yes,0.0,None
06:35:14.759,Active,407.6,2.4,98.8,11.9,77.1,Yes,0.0,None
06:35:15.175,Active,410.2,2.4,99.4,11.9,77.7,Yes,0.0,None
06:36:00.613,Active,424.8,23.3,1.1,11.8,57.9,Yes,0.0,None
06:36:01.027,Active,407.0,23.3,99.4,11.8,61.1,Yes,0.0,None
06:36:01.441,Active,408.6,23.3,99.4,11.8,61.1,Yes,0.0,None
06:36:01.855,Active,405.1,23.3,98.8,11.8,62.8,Yes,0.0,None
06:36:02.271,Active,410.4,23.3,99.4,11.8,63.4,Yes,0.0,None
06:36:02.688,Active,406.3,23.3,98.2,11.8,64.5,Yes,0.0,None
06:36:03.106,Active,409.0,23.3,97.6,11.8,64.5,Yes,0.0,None
06:36:03.543,Active,427.7,23.3,98.3,11.8,65.0,Yes,0.0,None
06:36:04.059,Active,409.7,23.3,80.0,11.8,65.5,Yes,0.0,None
06:36:04.475,Active,408.8,23.3,99.4,11.8,65.5,Yes,0.0,None
06:36:04.886,Active,403.7,2.3,98.8,11.8,66.7,Yes,0.0,None
06:36:05.304,Active,409.4,2.3,99.4,11.8,67.8,Yes,0.0,None
06:36:05.719,Active,409.1,2.3,98.8,11.8,67.2,Yes,0.0,None
06:36:06.134,Active,409.0,2.3,98.2,11.8,67.8,Yes,0.0,None
06:36:06.549,Active,408.8,2.3,99.4,11.7,67.8,Yes,0.0,None
06:36:06.963,Active,407.6,2.3,98.8,11.7,68.3,Yes,0.0,None
06:36:07.378,Active,406.8,2.3,98.8,11.7,68.8,Yes,0.0,None
06:36:07.792,Active,407.6,2.3,99.4,11.7,68.8,Yes,0.0,None
06:36:08.211,Active,411.4,2.3,98.2,11.8,68.8,Yes,0.0,None
06:36:08.651,Active,431.6,2.3,97.2,11.7,68.8,Yes,0.0,None
06:36:09.076,Active,416.9,2.4,97.6,11.8,70.0,Yes,0.0,None
06:36:09.501,Active,418.2,2.4,98.2,11.8,69.4,Yes,0.0,None
06:36:09.917,Active,406.6,2.4,97.6,11.8,69.4,Yes,0.0,None
06:36:10.352,Active,428.5,2.4,97.1,11.8,70.0,Yes,0.0,None
06:36:10.768,Active,410.2,2.4,98.8,11.8,70.5,Yes,0.0,None
06:36:11.187,Active,411.0,2.4,98.2,11.8,72.2,Yes,0.0,None
06:36:11.605,Active,409.3,2.4,98.2,11.8,70.5,Yes,0.0,None
06:36:12.022,Active,411.8,2.4,98.8,11.8,70.5,Yes,0.0,None
06:36:12.438,Active,406.8,2.4,98.2,11.8,71.0,Yes,0.0,None
06:36:12.879,Active,432.0,2.4,95.5,11.8,71.6,Yes,0.0,None
06:36:13.295,Active,410.4,2.4,98.8,11.8,71.0,Yes,0.0,None
06:36:13.727,Active,425.5,2.4,98.8,11.8,71.6,Yes,0.0,None
06:36:14.143,Active,407.8,2.4,98.8,11.8,70.5,Yes,0.0,None
06:36:14.560,Active,406.5,2.4,98.2,11.8,71.6,Yes,0.0,None
06:36:14.975,Active,406.8,2.4,98.2,11.8,72.2,Yes,0.0,None
06:36:15.391,Active,408.1,2.4,98.8,11.8,71.6,Yes,0.0,None
06:36:15.805,Active,406.2,2.4,98.2,11.8,72.2,Yes,0.0,None
06:36:16.225,Active,409.9,2.4,97.6,11.8,73.2,Yes,0.0,None
06:36:16.637,Active,405.6,2.4,99.4,11.8,72.2,Yes,0.0,None
06:36:17.052,Active,409.2,2.4,99.4,11.8,72.7,Yes,0.0,None
06:36:17.467,Active,407.6,2.4,98.8,11.8,72.7,Yes,0.0,None
06:36:17.884,Active,407.4,2.4,98.2,11.7,71.0,Yes,0.0,None
06:36:18.304,Active,410.6,2.4,98.2,11.7,73.2,Yes,0.0,None
06:36:18.818,Active,406.4,2.4,79.6,11.7,72.7,Yes,0.0,None
06:36:19.234,Active,405.4,2.4,98.2,11.8,72.7,Yes,0.0,None
06:36:19.650,Active,407.0,2.4,99.4,11.8,73.2,Yes,0.0,None
06:36:20.062,Active,405.4,2.4,99.4,11.7,73.2,Yes,0.0,None
06:36:20.478,Active,407.1,2.4,98.8,11.7,73.2,Yes,0.0,None
06:36:20.892,Active,405.1,2.4,98.2,11.7,72.7,Yes,0.0,None
06:36:21.310,Active,408.3,2.4,98.8,11.7,73.2,Yes,0.0,None
06:36:21.731,Active,407.4,2.3,97.6,11.8,72.7,Yes,0.0,None
06:36:22.147,Active,407.8,2.3,98.8,11.8,73.2,Yes,0.0,None
06:36:22.574,Active,418.7,2.3,96.5,11.8,73.8,Yes,0.0,None
06:36:23.005,Active,421.4,2.3,96.5,11.8,74.3,Yes,0.0,None
06:36:23.421,Active,406.4,2.3,98.2,11.8,74.3,Yes,0.0,None
06:36:23.876,Active,449.1,2.3,97.3,11.8,73.2,Yes,0.0,None
06:36:24.296,Active,412.7,2.3,98.8,11.8,73.2,Yes,0.0,None
06:36:24.824,Active,420.3,2.3,78.2,11.8,73.2,Yes,0.0,None
06:36:25.244,Active,412.6,2.3,98.2,11.8,73.8,Yes,0.0,None
06:36:25.660,Active,409.1,2.3,98.2,11.8,73.8,Yes,0.0,None
06:36:26.077,Active,409.5,2.3,98.2,11.8,74.3,Yes,0.0,None
06:36:26.496,Active,409.7,2.3,97.6,11.8,73.8,Yes,0.0,None
06:36:26.911,Active,407.3,2.3,98.2,11.8,74.3,Yes,0.0,None
06:36:27.325,Active,408.3,2.3,99.4,11.8,74.3,Yes,0.0,None
06:36:27.740,Active,407.9,2.3,98.2,11.8,74.3,Yes,0.0,None
06:36:28.156,Active,408.4,2.3,98.8,11.8,74.3,Yes,0.0,None
06:36:28.570,Active,406.4,2.3,98.2,11.8,74.9,Yes,0.0,None
06:36:28.997,Active,421.6,2.3,98.8,11.8,74.3,Yes,0.0,None
06:36:29.412,Active,408.8,2.3,98.8,11.8,73.8,Yes,0.0,None
06:36:29.826,Active,406.4,2.3,98.8,11.8,74.9,Yes,0.0,None
06:36:30.249,Active,413.7,2.4,98.2,11.8,74.3,Yes,0.0,None
06:36:30.667,Active,412.2,2.4,98.2,11.8,74.9,Yes,0.0,None
06:36:31.087,Active,410.2,2.4,98.2,11.8,74.3,Yes,0.0,None
06:36:31.511,Active,416.1,2.4,97.0,11.8,74.3,Yes,0.0,None
06:36:31.936,Active,417.1,2.4,97.0,11.8,74.9,Yes,0.0,None
06:36:32.356,Active,413.1,2.4,98.8,11.8,74.9,Yes,0.0,None
06:36:32.772,Active,408.3,2.4,98.2,11.8,74.9,Yes,0.0,None
06:36:33.192,Active,410.4,2.4,97.6,11.8,74.3,Yes,0.0,None
06:36:33.606,Active,408.3,2.4,99.4,11.8,74.9,Yes,0.0,None
06:36:34.039,Active,426.4,2.4,98.8,11.8,74.9,Yes,0.0,None
06:36:34.450,Active,405.6,2.4,99.4,11.8,75.5,Yes,0.0,None
06:36:34.895,Active,435.5,2.4,94.9,11.8,75.5,Yes,0.0,None
06:36:35.333,Active,430.0,2.4,95.4,11.8,75.5,Yes,0.0,None
06:36:35.749,Active,409.7,2.4,99.4,11.8,75.5,Yes,0.0,None
06:36:36.176,Active,421.0,2.4,97.0,11.8,75.5,Yes,0.0,None
06:36:36.588,Active,406.1,2.4,98.8,11.8,74.9,Yes,0.0,None
06:36:37.003,Active,406.9,2.4,98.2,11.8,75.5,Yes,0.0,None
06:36:37.415,Active,405.9,2.4,99.4,11.8,74.9,Yes,0.0,None
06:36:37.830,Active,406.3,2.4,99.4,11.8,74.9,Yes,0.0,None
06:36:38.245,Active,408.9,2.4,99.4,11.8,76.5,Yes,0.0,None
06:36:38.661,Active,410.0,2.4,99.4,11.8,74.3,Yes,0.0,None
06:36:39.104,Active,436.3,2.4,98.3,11.8,76.0,Yes,0.0,None
06:36:39.519,Active,409.3,2.4,98.8,11.8,75.5,Yes,0.0,None
06:36:39.933,Active,408.8,2.4,98.8,11.8,76.0,Yes,0.0,None
06:36:40.350,Active,410.3,2.4,98.2,11.8,74.9,Yes,0.0,None
06:36:40.766,Active,408.3,2.4,98.2,11.8,75.5,Yes,0.0,None
06:36:41.187,Active,411.9,2.4,98.2,11.8,76.0,Yes,0.0,None
06:36:41.605,Active,410.7,2.4,98.2,11.8,76.0,Yes,0.0,None
06:36:42.039,Active,427.5,2.4,95.3,11.8,74.9,Yes,0.0,None
06:36:42.451,Active,406.4,2.4,99.4,11.8,75.5,Yes,0.0,None
06:36:42.869,Active,411.9,2.4,98.8,11.8,77.7,Yes,0.0,None
06:36:43.286,Active,411.2,2.4,98.2,11.8,76.0,Yes,0.0,None
06:36:43.697,Active,405.1,2.4,99.4,11.8,77.1,Yes,0.0,None
06:36:44.131,Active,428.0,2.4,99.4,11.8,75.5,Yes,0.0,None
06:36:44.548,Active,410.4,2.4,98.2,11.8,76.0,Yes,0.0,None
06:36:44.964,Active,408.6,2.4,98.8,11.8,76.5,Yes,0.0,None
06:36:45.380,Active,408.5,2.4,98.8,11.8,76.0,Yes,0.0,None
06:36:45.793,Active,405.9,2.4,98.8,11.8,77.1,Yes,0.0,None
06:36:46.207,Active,408.2,2.4,99.4,11.8,76.0,Yes,0.0,None
06:36:46.623,Active,406.3,2.4,98.2,11.8,77.1,Yes,0.0,None
06:36:47.040,Active,408.3,2.4,98.2,11.8,76.5,Yes,0.0,None
06:36:47.456,Active,410.7,2.4,98.8,11.8,75.5,Yes,0.0,None
06:36:47.870,Active,406.8,2.4,98.2,11.8,76.5,Yes,0.0,None
06:36:48.285,Active,409.1,2.4,98.8,11.8,76.0,Yes,0.0,None
06:36:48.698,Active,407.2,2.4,99.4,11.8,76.0,Yes,0.0,None
06:36:49.115,Active,410.3,2.4,98.8,11.8,76.5,Yes,0.0,None
06:36:49.531,Active,407.6,2.4,98.8,11.8,76.0,Yes,0.0,None
06:36:49.945,Active,407.8,2.4,98.8,11.8,76.5,Yes,0.0,None
06:36:50.361,Active,410.0,2.4,99.4,11.8,76.5,Yes,0.0,None
06:36:50.774,Active,407.1,2.4,98.8,11.8,77.1,Yes,0.0,None
06:36:51.192,Active,408.4,2.4,98.2,11.8,76.5,Yes,0.0,None
06:36:51.607,Active,407.8,2.4,98.2,11.8,76.5,Yes,0.0,None
06:36:52.026,Active,410.3,2.4,98.8,11.8,76.5,Yes,0.0,None
06:36:52.443,Active,407.7,2.4,98.2,11.8,76.5,Yes,0.0,None
06:36:52.859,Active,407.3,2.4,98.8,11.8,76.5,Yes,0.0,None
06:36:53.275,Active,410.3,2.4,98.8,11.8,76.5,Yes,0.0,None
06:36:53.688,Active,407.4,2.4,98.8,11.8,75.5,Yes,0.0,None
06:36:54.137,Active,443.5,2.4,97.8,11.8,76.5,Yes,0.0,None
06:36:54.554,Active,411.0,2.4,97.6,11.8,76.0,Yes,0.0,None
06:36:54.969,Active,408.8,2.4,98.8,11.8,76.5,Yes,0.0,None
06:36:55.386,Active,409.9,2.4,98.2,11.8,77.1,Yes,0.0,None
06:36:55.801,Active,408.5,2.4,98.8,11.8,77.1,Yes,0.0,None
06:36:56.216,Active,409.6,2.4,98.8,11.8,77.1,Yes,0.0,None
06:36:56.630,Active,407.3,2.4,98.8,11.8,76.5,Yes,0.0,None
06:36:57.072,Active,433.1,2.4,95.5,11.8,76.5,Yes,0.0,None
06:36:57.487,Active,407.7,2.4,98.8,11.8,77.1,Yes,0.0,None
06:36:57.905,Active,409.7,2.4,98.2,11.8,77.1,Yes,0.0,None
06:36:58.321,Active,409.2,2.4,98.8,11.8,77.1,Yes,0.0,None
06:36:58.734,Active,407.0,2.4,98.8,11.8,76.5,Yes,0.0,None
06:36:59.154,Active,410.7,2.4,97.6,11.8,76.0,Yes,0.0,None
06:36:59.583,Active,420.0,2.4,98.2,11.8,77.1,Yes,0.0,None
06:37:00.000,Active,410.7,2.4,98.8,11.8,76.5,Yes,0.0,None
06:37:00.413,Active,407.5,2.4,98.8,11.8,76.5,Yes,0.0,None
06:37:45.850,Active,423.3,2.4,1.5,11.9,59.0,Yes,0.0,None
06:37:46.263,Active,406.8,2.4,99.4,11.9,60.0,Yes,0.0,None
06:37:46.675,Active,406.1,2.4,100.0,11.9,61.1,Yes,0.0,None
06:37:47.092,Active,409.1,2.4,99.4,11.9,62.2,Yes,0.0,None
06:37:47.506,Active,408.3,2.4,99.4,11.9,62.8,Yes,0.0,None
06:37:47.920,Active,407.6,2.4,98.2,11.8,63.4,Yes,0.0,None
06:37:48.337,Active,409.9,2.4,98.8,11.8,65.0,Yes,0.0,None
06:37:48.750,Active,406.7,3.0,99.4,11.8,65.0,Yes,0.0,None
06:37:49.166,Active,410.4,3.0,98.8,11.8,65.5,Yes,0.0,None
06:37:49.582,Active,407.0,3.0,98.2,11.8,66.7,Yes,0.0,None
06:37:49.997,Active,408.8,3.0,99.4,11.8,66.1,Yes,0.0,None
06:37:50.411,Active,408.1,3.0,98.8,11.8,67.8,Yes,0.0,None
06:37:50.827,Active,407.3,3.0,98.8,11.8,67.8,Yes,0.0,None
06:37:51.263,Active,427.8,3.0,94.8,11.8,67.8,Yes,0.0,None
06:37:51.680,Active,410.6,3.0,98.8,11.8,68.3,Yes,0.0,None
06:37:52.095,Active,409.0,3.0,98.8,11.7,68.8,Yes,0.0,None
06:37:52.509,Active,408.4,3.0,99.4,11.7,68.8,Yes,0.0,None
06:37:52.923,Active,407.9,2.4,98.2,11.8,69.4,Yes,0.0,None
06:37:53.340,Active,409.2,2.4,98.8,11.8,71.0,Yes,0.0,None
06:37:53.764,Active,418.0,2.4,97.1,11.8,69.4,Yes,0.0,None
06:37:54.184,Active,413.0,2.4,98.8,11.8,69.4,Yes,0.0,None
06:37:54.597,Active,405.9,2.4,98.8,11.8,70.0,Yes,0.0,None
06:37:55.014,Active,410.8,2.4,98.8,11.8,70.0,Yes,0.0,None
06:37:55.465,Active,441.4,2.4,97.8,11.8,70.0,Yes,0.0,None
06:37:55.880,Active,409.2,2.4,98.8,11.9,70.5,Yes,0.0,None
06:37:56.298,Active,409.5,2.4,98.8,11.8,70.5,Yes,0.0,None
06:37:56.716,Active,408.4,2.4,97.6,11.8,71.0,Yes,0.0,None
06:37:57.133,Active,411.3,2.4,98.8,11.8,71.6,Yes,0.0,None
06:37:57.554,Active,406.9,2.4,97.1,11.8,72.2,Yes,0.0,None
06:37:57.973,Active,409.6,2.4,98.2,11.8,71.0,Yes,0.0,None
06:37:58.390,Active,407.1,2.4,98.2,11.8,71.6,Yes,0.0,None
06:37:58.804,Active,407.6,2.4,98.8,11.8,72.2,Yes,0.0,None
06:37:59.225,Active,411.9,2.4,98.2,11.8,71.6,Yes,0.0,None
06:37:59.644,Active,409.0,2.4,98.2,11.8,72.2,Yes,0.0,None
06:38:00.064,Active,410.7,2.4,97.6,11.8,72.2,Yes,0.0,None
06:38:00.493,Active,419.3,2.4,98.2,11.8,72.7,Yes,0.0,None
06:38:00.910,Active,406.9,2.4,98.2,11.8,71.0,Yes,0.0,None
06:38:01.329,Active,411.6,2.4,98.2,11.8,73.2,Yes,0.0,None
06:38:01.743,Active,407.9,2.4,98.8,11.8,72.2,Yes,0.0,None
06:38:02.161,Active,410.2,2.4,98.2,11.8,72.2,Yes,0.0,None
06:38:02.580,Active,410.0,2.4,98.2,11.8,72.2,Yes,0.0,None
06:38:02.997,Active,409.3,2.4,98.8,11.8,73.2,Yes,0.0,None
06:38:03.412,Active,408.7,2.4,99.4,11.8,72.7,Yes,0.0,None
06:38:03.829,Active,410.0,2.4,98.8,11.8,73.8,Yes,0.0,None
06:38:04.246,Active,410.5,2.4,98.2,11.8,72.7,Yes,0.0,None
06:38:04.659,Active,406.8,2.4,99.4,11.8,73.8,Yes,0.0,None
06:38:05.074,Active,409.0,2.4,98.8,11.8,72.7,Yes,0.0,None
06:38:05.508,Active,424.4,2.4,97.7,11.8,73.2,Yes,0.0,None
06:38:05.931,Active,413.1,2.4,97.1,11.8,73.8,Yes,0.0,None
06:38:06.349,Active,410.4,2.4,98.8,11.8,73.8,Yes,0.0,None
06:38:06.770,Active,414.4,2.4,98.2,11.8,73.2,Yes,0.0,None
06:38:07.184,Active,408.5,2.4,99.4,11.8,73.8,Yes,0.0,None
06:38:07.600,Active,408.7,2.4,98.8,11.8,73.2,Yes,0.0,None
06:38:08.015,Active,407.4,2.4,98.8,11.8,74.3,Yes,0.0,None
06:38:08.427,Active,407.0,2.4,99.4,11.8,73.2,Yes,0.0,None
06:38:08.844,Active,408.7,2.4,98.2,11.7,73.8,Yes,0.0,None
06:38:09.264,Active,412.7,2.4,98.8,11.7,73.8,Yes,0.0,None
06:38:09.683,Active,411.6,2.4,97.6,11.7,74.3,Yes,0.0,None
06:38:10.102,Active,410.7,2.4,97.6,11.7,74.3,Yes,0.0,None
06:38:10.539,Active,427.6,2.4,98.3,11.8,74.3,Yes,0.0,None
06:38:10.956,Active,408.7,2.4,98.8,11.9,73.8,Yes,0.0,None
06:38:11.371,Active,408.9,2.4,98.8,11.9,74.9,Yes,0.0,None
06:38:11.786,Active,407.2,2.4,98.8,11.9,74.3,Yes,0.0,None
06:38:12.207,Active,411.4,2.4,98.2,11.9,74.3,Yes,0.0,None
06:38:12.622,Active,406.5,2.4,98.8,11.9,74.3,Yes,0.0,None
06:38:13.039,Active,411.2,2.4,98.8,11.8,74.3,Yes,0.0,None
06:38:13.455,Active,410.5,2.4,98.8,11.8,74.3,Yes,0.0,None
06:38:13.881,Active,417.6,2.4,96.5,11.8,74.9,Yes,0.0,None
06:38:14.320,Active,432.9,2.4,95.4,11.8,74.9,Yes,0.0,None
06:38:14.753,Active,425.7,2.4,95.3,11.8,74.9,Yes,0.0,None
06:38:15.172,Active,412.8,2.4,98.8,11.8,74.9,Yes,0.0,None
06:38:15.603,Active,423.4,2.4,98.2,11.8,74.9,Yes,0.0,None
06:38:16.029,Active,420.4,2.4,98.8,11.8,74.9,Yes,0.0,None
06:38:16.442,Active,407.4,2.4,98.2,11.8,74.3,Yes,0.0,None
06:38:16.857,Active,407.0,2.4,98.8,11.8,74.3,Yes,0.0,None
06:38:17.273,Active,409.5,2.4,98.8,11.8,75.5,Yes,0.0,None
06:38:17.687,Active,408.6,2.4,99.4,11.8,74.9,Yes,0.0,None
06:38:18.106,Active,411.1,2.4,98.2,11.8,76.0,Yes,0.0,None
06:38:18.523,Active,407.4,2.4,98.8,11.8,75.5,Yes,0.0,None
06:38:18.947,Active,415.4,2.4,97.0,11.8,75.5,Yes,0.0,None
06:38:19.370,Active,414.6,2.4,97.6,11.8,75.5,Yes,0.0,None
06:38:19.786,Active,406.8,2.4,98.2,11.8,75.5,Yes,0.0,None
06:38:20.208,Active,412.1,2.4,98.2,11.8,74.9,Yes,0.0,None
06:38:20.627,Active,410.2,2.4,98.2,11.8,75.5,Yes,0.0,None
06:38:21.047,Active,412.1,2.4,98.2,11.8,75.5,Yes,0.0,None
06:38:21.462,Active,408.0,2.4,98.8,11.8,74.9,Yes,0.0,None
06:38:21.879,Active,406.9,2.4,98.2,11.8,75.5,Yes,0.0,None
06:38:22.301,Active,413.7,2.4,97.6,11.8,76.0,Yes,0.0,None
06:38:22.715,Active,408.1,2.4,98.8,11.8,75.5,Yes,0.0,None
06:38:23.133,Active,409.7,2.4,98.8,11.8,75.5,Yes,0.0,None
06:38:23.554,Active,411.2,2.4,97.0,11.8,75.5,Yes,0.0,None
06:38:23.973,Active,409.8,2.4,98.2,11.8,75.5,Yes,0.0,None
06:38:24.389,Active,409.5,2.4,98.8,11.8,76.0,Yes,0.0,None
06:38:24.804,Active,408.8,2.4,99.4,11.8,76.0,Yes,0.0,None
06:38:25.220,Active,410.4,2.4,98.8,11.8,75.5,Yes,0.0,None
06:38:25.675,Active,443.3,2.4,97.8,11.8,75.5,Yes,0.0,None
06:38:26.097,Active,412.0,2.4,97.6,11.8,75.5,Yes,0.0,None
06:38:26.512,Active,408.5,2.4,98.8,11.8,75.5,Yes,0.0,None
06:38:26.928,Active,406.9,2.4,98.2,11.8,75.5,Yes,0.0,None
06:38:27.345,Active,411.3,2.4,98.8,11.8,76.0,Yes,0.0,None
06:38:27.765,Active,409.7,2.4,97.6,11.8,76.0,Yes,0.0,None
06:38:28.181,Active,409.9,2.4,98.2,11.9,76.0,Yes,0.0,None
06:38:28.598,Active,407.5,2.4,97.6,11.8,77.7,Yes,0.0,None
06:38:29.019,Active,411.8,2.4,98.2,11.8,76.0,Yes,0.0,None
06:38:29.433,Active,407.7,2.4,99.4,11.8,76.5,Yes,0.0,None
06:38:29.847,Active,408.0,2.4,98.8,11.8,76.0,Yes,0.0,None
06:38:30.261,Active,408.3,2.4,98.8,11.8,76.0,Yes,0.0,None
06:38:30.680,Active,408.1,2.4,98.2,11.8,76.5,Yes,0.0,None
06:38:31.109,Active,421.8,2.4,98.3,11.8,75.5,Yes,0.0,None
06:38:31.521,Active,406.5,2.4,98.8,11.8,76.5,Yes,0.0,None
06:38:31.935,Active,407.2,2.4,98.2,11.8,76.0,Yes,0.0,None
06:38:32.353,Active,409.4,2.4,98.8,11.8,76.5,Yes,0.0,None
06:38:32.771,Active,412.1,2.4,98.2,11.8,77.1,Yes,0.0,None
06:38:33.184,Active,407.6,2.4,98.8,11.8,76.5,Yes,0.0,None
06:38:33.599,Active,408.0,2.4,98.8,11.8,76.5,Yes,0.0,None
06:38:34.016,Active,410.5,2.4,98.8,11.8,75.5,Yes,0.0,None
06:38:34.445,Active,421.8,2.4,96.5,11.8,76.0,Yes,0.0,None
06:38:34.860,Active,408.0,2.4,98.8,11.8,75.5,Yes,0.0,None
06:38:35.281,Active,410.9,2.4,97.6,11.8,77.1,Yes,0.0,None
06:38:35.699,Active,409.3,2.4,97.6,11.8,76.0,Yes,0.0,None
06:38:36.132,Active,423.5,2.4,98.2,11.8,77.1,Yes,0.0,None
06:38:36.553,Active,413.1,2.4,98.2,11.8,76.5,Yes,0.0,None
06:38:36.972,Active,411.1,2.4,98.2,11.8,76.5,Yes,0.0,None
06:38:37.389,Active,411.7,2.4,98.8,11.8,76.5,Yes,0.0,None
06:38:37.817,Active,422.0,2.4,97.1,11.8,76.5,Yes,0.0,None
06:38:38.236,Active,413.0,2.4,98.2,11.8,76.5,Yes,0.0,None
06:38:38.653,Active,411.0,2.4,98.8,11.8,77.1,Yes,0.0,None
06:38:39.072,Active,412.9,2.4,98.2,11.8,77.1,Yes,0.0,None
06:38:39.488,Active,410.3,2.4,98.8,11.8,77.1,Yes,0.0,None
06:38:39.900,Active,405.7,2.4,98.8,11.8,77.7,Yes,0.0,None
06:38:40.317,Active,411.7,2.4,100.0,11.8,76.5,Yes,0.0,None
06:38:40.733,Active,409.6,2.4,98.2,11.8,77.1,Yes,0.0,None
06:38:41.176,Active,436.6,2.4,97.2,11.9,76.0,Yes,0.0,None
06:38:41.590,Active,408.3,2.4,98.8,11.9,77.1,Yes,0.0,None
06:38:42.008,Active,408.8,2.4,98.2,11.9,76.5,Yes,0.0,None
06:38:42.448,Active,433.8,2.4,95.4,11.9,77.1,Yes,0.0,None
06:38:42.876,Active,420.2,2.4,96.5,11.9,76.5,Yes,0.0,None
06:38:43.319,Active,435.4,2.4,95.5,11.8,76.5,Yes,0.0,None
06:38:43.757,Active,429.7,2.4,94.8,11.8,76.5,Yes,0.0,None
06:38:44.172,Active,408.9,2.4,98.8,11.8,77.1,Yes,0.0,None
06:38:44.585,Active,406.3,2.4,99.4,11.8,77.1,Yes,0.0,None
06:38:45.001,Active,410.3,2.4,98.8,11.8,77.1,Yes,0.0,None
06:38:45.418,Active,407.2,2.4,97.6,11.8,76.5,Yes,0.0,None
06:38:45.832,Active,407.5,2.4,99.4,11.8,77.1,Yes,0.0,None
06:39:31.272,Active,426.6,2.4,1.1,11.8,58.4,Yes,0.0,None
06:39:31.685,Active,407.3,2.4,99.4,11.8,60.0,Yes,0.0,None
06:39:32.113,Active,422.0,2.4,98.3,11.8,61.7,Yes,0.0,None
06:39:32.525,Active,406.1,5.9,99.4,11.8,62.2,Yes,0.0,None
06:39:32.941,Active,409.8,5.9,98.8,11.8,62.8,Yes,0.0,None
06:39:33.363,Active,415.3,5.9,97.6,11.8,63.9,Yes,0.0,None
06:39:33.779,Active,410.3,5.9,98.8,11.8,64.5,Yes,0.0,None
06:39:34.210,Active,422.4,5.9,97.7,11.8,65.0,Yes,0.0,None
06:39:34.627,Active,407.7,5.9,98.2,11.8,66.1,Yes,0.0,None
06:39:35.043,Active,410.1,5.9,99.4,11.8,65.5,Yes,0.0,None
06:39:35.458,Active,409.7,5.9,98.2,11.8,66.1,Yes,0.0,None
06:39:35.871,Active,406.6,5.9,99.4,11.8,67.2,Yes,0.0,None
06:39:36.291,Active,409.2,5.9,98.8,11.8,67.2,Yes,0.0,None
06:39:36.721,Active,418.0,2.4,95.9,11.8,67.8,Yes,0.0,None
06:39:37.149,Active,418.9,2.4,98.2,12.0,67.2,Yes,0.0,None
06:39:37.568,Active,412.7,2.4,98.8,11.9,67.8,Yes,0.0,None
06:39:37.984,Active,410.5,2.4,98.8,12.0,68.8,Yes,0.0,None
06:39:38.399,Active,408.5,2.4,98.8,11.9,69.4,Yes,0.0,None
06:39:38.916,Active,407.9,2.4,79.5,11.9,69.4,Yes,0.0,None
06:39:39.336,Active,409.5,2.4,98.2,11.9,68.3,Yes,0.0,None
06:39:39.752,Active,408.8,2.4,98.8,11.9,69.4,Yes,0.0,None
06:39:40.170,Active,410.4,2.4,98.2,11.9,69.4,Yes,0.0,None
06:39:40.609,Active,429.4,2.4,94.8,11.9,70.0,Yes,0.0,None
06:39:41.025,Active,409.4,2.3,98.8,11.9,71.0,Yes,0.0,None
06:39:41.441,Active,407.7,2.3,98.2,11.9,71.0,Yes,0.0,None
06:39:41.912,Active,462.1,2.3,93.1,11.9,70.0,Yes,0.0,None
06:39:42.330,Active,408.2,2.3,98.8,11.9,70.5,Yes,0.0,None
06:39:42.745,Active,406.0,2.3,98.2,11.9,70.5,Yes,0.0,None
06:39:43.165,Active,410.1,2.3,97.6,11.9,70.5,Yes,0.0,None
06:39:43.580,Active,408.8,2.3,98.8,11.9,70.5,Yes,0.0,None
06:39:43.995,Active,408.0,2.3,98.2,11.9,71.0,Yes,0.0,None
06:39:44.415,Active,411.3,2.3,98.8,11.9,71.0,Yes,0.0,None
06:39:44.840,Active,416.8,2.3,97.6,11.8,71.6,Yes,0.0,None
06:39:45.259,Active,411.9,2.4,98.2,11.8,72.2,Yes,0.0,None
06:39:45.676,Active,408.5,2.4,98.2,11.8,72.7,Yes,0.0,None
06:39:46.095,Active,411.4,2.4,98.2,11.8,72.2,Yes,0.0,None
06:39:46.516,Active,412.8,2.4,97.6,11.8,72.7,Yes,0.0,None
06:39:46.952,Active,430.0,2.4,96.5,11.8,72.2,Yes,0.0,None
06:39:47.389,Active,430.9,2.4,98.9,11.8,72.7,Yes,0.0,None
06:39:47.802,Active,406.3,2.4,98.8,11.8,72.2,Yes,0.0,None
06:39:48.220,Active,412.9,2.4,99.4,11.8,72.2,Yes,0.0,None
06:39:48.635,Active,407.5,2.4,98.2,11.8,73.2,Yes,0.0,None
06:39:49.053,Active,409.5,2.4,98.2,11.8,72.7,Yes,0.0,None
06:39:49.467,Active,408.0,2.4,98.8,11.8,72.7,Yes,0.0,None
06:39:49.882,Active,409.3,2.4,98.8,11.8,72.7,Yes,0.0,None
06:39:50.299,Active,410.4,2.4,99.4,11.8,73.2,Yes,0.0,None
06:39:50.812,Active,404.7,2.4,79.5,11.8,73.2,Yes,0.0,None
06:39:51.227,Active,407.2,2.4,99.4,11.8,73.8,Yes,0.0,None
06:39:51.641,Active,408.2,2.4,99.4,11.8,72.7,Yes,0.0,None
06:39:52.059,Active,411.9,2.4,98.8,11.8,73.8,Yes,0.0,None
06:39:52.480,Active,408.6,2.4,97.0,11.8,73.8,Yes,0.0,None
06:39:52.892,Active,406.3,2.4,99.4,11.8,74.3,Yes,0.0,None
06:39:53.308,Active,410.3,2.4,98.8,11.8,73.8,Yes,0.0,None
06:39:53.724,Active,407.5,2.3,98.2,11.8,73.8,Yes,0.0,None
06:39:54.144,Active,412.8,2.3,98.8,11.8,73.8,Yes,0.0,None
06:39:54.559,Active,409.3,2.3,98.2,11.8,72.7,Yes,0.0,None
06:39:54.980,Active,412.8,2.3,98.8,11.8,73.8,Yes,0.0,None
06:39:55.406,Active,420.1,2.3,96.5,11.8,73.8,Yes,0.0,None
06:39:55.825,Active,410.0,2.3,98.2,11.8,72.7,Yes,0.0,None
06:39:56.240,Active,408.2,2.3,98.8,11.7,74.3,Yes,0.0,None
06:39:56.656,Active,408.7,2.3,98.8,11.7,74.3,Yes,0.0,None
06:39:57.099,Active,434.2,2.3,97.7,11.8,73.2,Yes,0.0,None
06:39:57.516,Active,408.1,2.3,98.8,11.8,74.3,Yes,0.0,None
06:39:57.932,Active,408.6,2.4,98.2,11.8,73.8,Yes,0.0,None
06:39:58.352,Active,413.1,2.4,98.2,11.8,75.5,Yes,0.0,None
06:39:58.768,Active,408.6,2.4,98.8,11.8,75.5,Yes,0.0,None
06:39:59.184,Active,409.6,2.4,99.4,11.8,74.9,Yes,0.0,None
06:39:59.599,Active,408.0,2.4,99.4,11.8,73.2,Yes,0.0,None
06:40:00.016,Active,411.2,2.4,98.8,11.8,75.5,Yes,0.0,None
06:40:00.432,Active,409.7,2.4,99.4,11.8,74.9,Yes,0.0,None
06:40:00.848,Active,409.2,2.4,97.6,11.8,74.3,Yes,0.0,None
06:40:01.269,Active,413.4,2.4,98.8,11.8,74.9,Yes,0.0,None
06:40:01.683,Active,408.5,2.4,98.8,11.8,74.9,Yes,0.0,None
06:40:02.100,Active,408.1,2.4,98.8,11.8,74.9,Yes,0.0,None
06:40:02.526,Active,420.2,2.4,99.4,11.8,74.3,Yes,0.0,None
06:40:02.948,Active,410.5,2.4,97.6,11.8,74.9,Yes,0.0,None
06:40:03.363,Active,407.8,2.4,98.8,11.8,74.9,Yes,0.0,None
06:40:03.775,Active,406.1,2.4,99.4,11.8,74.3,Yes,0.0,None
06:40:04.193,Active,410.8,2.4,98.8,11.8,74.9,Yes,0.0,None
06:40:04.617,Active,418.5,2.4,97.0,11.8,76.0,Yes,0.0,None
06:40:05.036,Active,409.0,2.4,98.2,11.8,75.5,Yes,0.0,None
06:40:05.451,Active,408.0,2.4,98.8,11.8,75.5,Yes,0.0,None
06:40:05.864,Active,406.5,2.4,98.8,11.7,74.9,Yes,0.0,None
06:40:06.278,Active,409.1,2.4,98.8,11.7,75.5,Yes,0.0,None
06:40:06.691,Active,406.7,2.4,98.8,11.7,76.0,Yes,0.0,None
06:40:07.107,Active,407.8,2.4,98.8,11.7,75.5,Yes,0.0,None
06:40:07.540,Active,424.8,2.4,98.8,11.8,75.5,Yes,0.0,None
06:40:07.957,Active,409.3,2.4,98.2,11.8,74.9,Yes,0.0,None
06:40:08.377,Active,410.9,2.4,97.6,11.8,75.5,Yes,0.0,None
06:40:08.790,Active,407.2,2.4,98.8,11.8,75.5,Yes,0.0,None
06:40:09.209,Active,410.1,2.4,98.2,11.8,76.5,Yes,0.0,None
06:40:09.623,Active,405.4,2.4,98.2,11.8,76.0,Yes,0.0,None
06:40:10.039,Active,407.7,2.4,99.4,11.8,75.5,Yes,0.0,None
06:40:10.455,Active,407.2,2.4,98.2,11.8,76.5,Yes,0.0,None
06:40:10.881,Active,420.1,2.4,96.4,11.8,75.5,Yes,0.0,None
06:40:11.298,Active,411.0,2.4,99.4,11.8,75.5,Yes,0.0,None
06:40:11.717,Active,409.6,2.4,98.2,11.8,75.5,Yes,0.0,None
06:40:12.143,Active,419.2,2.4,96.5,11.7,74.9,Yes,0.0,None
06:40:12.578,Active,428.9,2.4,97.7,11.8,76.5,Yes,0.0,None
06:40:12.999,Active,410.9,2.4,97.6,11.8,76.0,Yes,0.0,None
06:40:13.417,Active,407.9,2.4,97.6,11.8,75.5,Yes,0.0,None
06:40:13.829,Active,405.8,2.4,99.4,11.8,76.5,Yes,0.0,None
06:40:14.247,Active,409.9,2.4,98.2,11.8,76.0,Yes,0.0,None
06:40:14.662,Active,409.1,2.4,99.4,11.8,76.5,Yes,0.0,None
06:40:15.079,Active,407.1,2.4,98.2,11.8,76.0,Yes,0.0,None
06:40:15.493,Active,408.9,2.4,98.8,11.8,76.5,Yes,0.0,None
06:40:15.912,Active,412.8,2.4,98.8,11.8,76.0,Yes,0.0,None
06:40:16.336,Active,418.0,2.4,97.6,11.8,76.0,Yes,0.0,None
06:40:16.753,Active,409.8,2.4,98.2,11.8,76.0,Yes,0.0,None
06:40:17.169,Active,409.3,2.4,99.4,11.8,74.3,Yes,0.0,None
06:40:17.606,Active,432.0,2.4,99.4,11.8,76.0,Yes,0.0,None
06:40:18.027,Active,410.6,2.4,98.2,11.8,76.0,Yes,0.0,None
06:40:18.444,Active,408.8,2.4,98.8,11.8,76.0,Yes,0.0,None
06:40:18.887,Active,437.5,2.4,94.4,11.8,76.5,Yes,0.0,None
06:40:19.314,Active,418.8,2.4,97.6,11.8,76.5,Yes,0.0,None
06:40:19.732,Active,408.4,2.4,98.2,11.8,76.5,Yes,0.0,None
06:40:20.148,Active,410.5,2.4,99.4,11.8,76.5,Yes,0.0,None
06:40:20.567,Active,409.3,2.4,98.2,11.8,76.5,Yes,0.0,None
06:40:20.983,Active,409.9,2.4,98.8,11.8,76.5,Yes,0.0,None
06:40:21.402,Active,409.5,2.4,98.2,11.8,76.5,Yes,0.0,None
06:40:21.819,Active,407.8,2.4,98.2,11.8,76.0,Yes,0.0,None
06:40:22.237,Active,409.4,2.4,98.2,11.8,76.5,Yes,0.0,None
06:40:22.653,Active,410.9,2.4,99.4,11.8,76.5,Yes,0.0,None
06:40:23.068,Active,408.7,2.4,98.8,11.8,76.0,Yes,0.0,None
06:40:23.500,Active,424.9,2.4,95.9,11.8,76.0,Yes,0.0,None
06:40:23.915,Active,407.3,2.4,98.8,11.8,76.5,Yes,0.0,None
06:40:24.332,Active,409.1,2.4,98.2,11.8,77.1,Yes,0.0,None
06:40:24.747,Active,409.2,2.4,98.8,11.8,76.5,Yes,0.0,None
06:40:25.168,Active,411.2,2.4,98.2,11.8,77.1,Yes,0.0,None
06:40:25.585,Active,407.4,2.4,98.2,11.8,76.5,Yes,0.0,None
06:40:26.004,Active,410.4,2.4,97.6,11.8,76.0,Yes,0.0,None
06:40:26.425,Active,410.9,2.4,98.2,11.7,76.0,Yes,0.0,None
06:40:26.840,Active,408.0,2.4,98.2,11.7,76.5,Yes,0.0,None
06:40:27.259,Active,409.3,2.4,98.2,11.7,77.1,Yes,0.0,None
06:40:27.702,Active,435.8,2.4,98.9,11.8,76.5,Yes,0.0,None
06:40:28.116,Active,408.3,2.4,99.4,11.8,77.1,Yes,0.0,None
06:40:28.537,Active,413.9,2.4,98.8,11.8,76.5,Yes,0.0,None
06:40:28.981,Active,437.3,2.4,94.3,11.8,76.0,Yes,0.0,None
06:40:29.396,Active,408.3,2.4,98.8,11.8,77.7,Yes,0.0,None
06:40:29.809,Active,407.2,2.4,98.8,11.8,76.5,Yes,0.0,None
06:40:30.226,Active,410.4,2.4,99.4,11.8,77.1,Yes,0.0,None
06:40:30.643,Active,407.8,2.4,97.6,11.8,78.2,Yes,0.0,None
06:40:31.072,Active,421.8,2.4,96.5,11.8,77.1,Yes,0.0,None
06:41:16.512,Active,425.3,23.2,1.4,11.7,58.4,Yes,0.0,None
06:41:16.925,Active,406.9,23.2,99.4,11.8,60.6,Yes,0.0,None
06:41:17.341,Active,410.5,23.2,98.8,11.8,61.1,Yes,0.0,None
06:41:17.760,Active,408.8,23.2,98.2,11.8,62.2,Yes,0.0,None
06:41:18.177,Active,409.4,23.2,98.2,11.8,62.8,Yes,0.0,None
06:41:18.609,Active,425.6,23.2,99.4,11.8,63.4,Yes,0.0,None
06:41:19.027,Active,411.9,23.2,98.2,11.9,63.9,Yes,0.0,None
06:41:19.445,Active,409.7,23.2,98.8,11.9,65.0,Yes,0.0,None
06:41:19.858,Active,407.1,23.2,99.4,11.9,65.5,Yes,0.0,None
06:41:20.273,Active,408.8,23.2,99.4,11.9,66.7,Yes,0.0,None
06:41:20.686,Active,406.3,2.4,99.4,11.9,66.7,Yes,0.0,None
06:41:21.102,Active,410.6,2.4,99.4,11.8,67.2,Yes,0.0,None
06:41:21.516,Active,406.5,2.4,99.4,11.8,66.7,Yes,0.0,None
06:41:21.932,Active,410.1,2.4,98.8,11.8,67.8,Yes,0.0,None
06:41:22.347,Active,409.5,2.4,98.8,11.8,68.8,Yes,0.0,None
06:41:22.760,Active,407.0,2.4,99.4,11.8,68.8,Yes,0.0,None
06:41:23.175,Active,409.4,2.4,98.8,11.8,68.8,Yes,0.0,None
06:41:23.590,Active,407.2,2.4,98.2,11.8,69.4,Yes,0.0,None
06:41:24.018,Active,421.2,2.4,99.4,11.8,70.0,Yes,0.0,None
06:41:24.436,Active,408.6,2.4,97.6,11.8,68.8,Yes,0.0,None
06:41:24.852,Active,410.7,2.4,98.8,11.8,70.0,Yes,0.0,None
06:41:25.268,Active,408.7,2.4,98.8,11.8,69.4,Yes,0.0,None
06:41:25.685,Active,409.7,2.4,98.2,11.8,70.0,Yes,0.0,None
06:41:26.100,Active,409.2,2.4,98.8,11.8,70.0,Yes,0.0,None
06:41:26.515,Active,406.3,2.4,98.8,11.7,70.0,Yes,0.0,None
06:41:26.928,Active,407.5,2.4,98.8,11.7,70.0,Yes,0.0,None
06:41:27.343,Active,409.2,2.4,98.8,11.7,70.5,Yes,0.0,None
06:41:27.764,Active,413.1,2.4,97.6,11.7,72.7,Yes,0.0,None
06:41:28.180,Active,409.8,2.4,99.4,11.7,70.5,Yes,0.0,None
06:41:28.624,Active,436.2,2.4,97.2,11.8,70.5,Yes,0.0,None
06:41:29.047,Active,411.4,2.4,98.2,11.8,71.6,Yes,0.0,None
06:41:29.461,Active,405.7,2.4,98.2,11.8,71.6,Yes,0.0,None
06:41:29.880,Active,410.6,2.4,98.8,11.8,72.2,Yes,0.0,None
06:41:30.296,Active,409.2,2.4,98.2,11.8,72.2,Yes,0.0,None
06:41:30.840,Active,436.2,2.4,77.5,11.8,72.2,Yes,0.0,None
06:41:31.254,Active,407.2,2.4,98.2,11.8,71.0,Yes,0.0,None
06:41:31.673,Active,407.9,2.4,98.2,11.8,71.6,Yes,0.0,None
06:41:32.088,Active,409.2,2.4,98.2,11.8,72.2,Yes,0.0,None
06:41:32.504,Active,409.1,2.4,99.4,11.8,72.2,Yes,0.0,None
06:41:32.920,Active,408.7,2.4,98.8,11.7,72.2,Yes,0.0,None
06:41:33.337,Active,409.9,2.3,98.8,11.7,72.2,Yes,0.0,None
06:41:33.751,Active,407.4,2.3,98.2,11.7,73.2,Yes,0.0,None
06:41:34.172,Active,410.5,2.3,98.2,11.7,72.7,Yes,0.0,None
06:41:34.587,Active,405.9,2.3,98.8,11.7,71.6,Yes,0.0,None
06:41:35.001,Active,407.7,2.3,99.4,11.7,73.2,Yes,0.0,None
06:41:35.420,Active,409.6,2.3,98.2,11.7,72.7,Yes,0.0,None
06:41:35.856,Active,428.6,2.3,95.4,11.7,73.2,Yes,0.0,None
06:41:36.280,Active,417.0,2.3,97.0,11.7,72.2,Yes,0.0,None
06:41:36.695,Active,408.0,2.3,98.8,11.7,73.8,Yes,0.0,None
06:41:37.113,Active,409.3,2.3,98.2,11.7,73.2,Yes,0.0,None
06:41:37.529,Active,409.6,2.4,98.8,11.7,73.2,Yes,0.0,None
06:41:37.942,Active,407.5,2.4,98.8,11.7,73.2,Yes,0.0,None
06:41:38.360,Active,408.7,2.4,98.2,11.7,73.8,Yes,0.0,None
06:41:38.782,Active,415.2,2.4,98.8,11.8,73.2,Yes,0.0,None
06:41:39.201,Active,412.3,2.4,99.4,11.8,73.2,Yes,0.0,None
06:41:39.717,Active,410.1,2.4,79.6,11.8,73.8,Yes,0.0,None
06:41:40.133,Active,410.1,2.4,98.8,11.8,73.2,Yes,0.0,None
06:41:40.546,Active,407.0,2.4,98.8,11.8,74.9,Yes,0.0,None
06:41:40.962,Active,406.8,2.4,98.2,11.8,73.2,Yes,0.0,None
06:41:41.377,Active,407.1,2.4,98.2,11.8,74.3,Yes,0.0,None
06:41:41.795,Active,408.7,2.3,98.2,11.8,73.8,Yes,0.0,None
06:41:42.215,Active,412.0,2.3,98.8,11.8,73.8,Yes,0.0,None
06:41:42.634,Active,407.0,2.3,97.6,11.8,73.8,Yes,0.0,None
06:41:43.051,Active,411.2,2.3,99.4,11.8,74.3,Yes,0.0,None
06:41:43.468,Active,410.9,2.3,98.8,11.8,74.9,Yes,0.0,None
06:41:43.906,Active,430.6,2.3,97.7,11.8,74.9,Yes,0.0,None
06:41:44.319,Active,407.3,2.3,99.4,11.8,74.9,Yes,0.0,None
06:41:44.735,Active,405.6,2.3,98.2,11.8,74.9,Yes,0.0,None
06:41:45.153,Active,411.1,2.3,99.4,11.8,74.9,Yes,0.0,None
06:41:45.569,Active,408.2,2.3,98.2,11.8,75.5,Yes,0.0,None
06:41:45.989,Active,410.4,2.4,98.2,11.8,74.9,Yes,0.0,None
06:41:46.404,Active,408.2,2.4,98.8,11.8,74.9,Yes,0.0,None
06:41:46.825,Active,413.3,2.4,98.8,11.8,74.9,Yes,0.0,None
06:41:47.247,Active,415.7,2.4,97.1,11.8,74.9,Yes,0.0,None
06:41:47.664,Active,407.4,2.4,98.8,11.8,74.9,Yes,0.0,None
06:41:48.079,Active,409.0,2.4,98.8,11.8,74.3,Yes,0.0,None
06:41:48.496,Active,407.1,2.4,98.2,11.8,75.5,Yes,0.0,None
06:41:48.915,Active,408.2,2.4,97.6,11.8,76.0,Yes,0.0,None
06:41:49.354,Active,429.4,2.4,97.7,11.8,74.9,Yes,0.0,None
06:41:49.773,Active,408.5,2.4,98.8,11.8,74.9,Yes,0.0,None
06:41:50.194,Active,411.4,2.4,97.6,11.9,73.8,Yes,0.0,None
06:41:50.607,Active,407.5,2.4,99.4,11.9,76.0,Yes,0.0,None
06:41:51.027,Active,411.6,2.4,98.2,11.9,75.5,Yes,0.0,None
06:41:51.444,Active,408.8,2.4,98.2,11.9,75.5,Yes,0.0,None
06:41:51.858,Active,406.4,2.4,98.8,11.9,74.9,Yes,0.0,None
06:41:52.276,Active,408.6,2.4,98.8,11.8,74.9,Yes,0.0,None
06:41:52.694,Active,409.0,2.4,98.2,11.8,75.5,Yes,0.0,None
06:41:53.113,Active,409.5,2.4,98.2,11.8,75.5,Yes,0.0,None
06:41:53.527,Active,408.4,2.4,98.8,11.8,75.5,Yes,0.0,None
06:41:53.945,Active,408.5,2.4,98.2,11.8,74.9,Yes,0.0,None
06:41:54.362,Active,410.0,2.4,98.8,11.8,76.0,Yes,0.0,None
06:41:54.793,Active,422.0,2.4,96.5,11.8,74.9,Yes,0.0,None
06:41:55.213,Active,414.1,2.4,97.6,11.8,76.0,Yes,0.0,None
06:41:55.627,Active,408.1,2.4,98.8,11.8,74.9,Yes,0.0,None
06:41:56.044,Active,408.3,2.4,98.8,11.8,74.9,Yes,0.0,None
06:41:56.456,Active,406.4,2.4,98.8,11.8,76.5,Yes,0.0,None
06:41:56.870,Active,408.2,2.4,99.4,11.8,76.0,Yes,0.0,None
06:41:57.285,Active,409.2,2.4,98.8,11.8,76.5,Yes,0.0,None
06:41:57.702,Active,409.2,2.4,98.8,11.8,76.0,Yes,0.0,None
06:41:58.119,Active,411.9,2.4,98.8,11.8,76.5,Yes,0.0,None
06:41:58.535,Active,409.3,2.4,97.6,11.8,76.5,Yes,0.0,None
06:41:58.952,Active,407.7,2.4,98.2,11.8,75.5,Yes,0.0,None
06:41:59.407,Active,444.8,2.4,96.7,11.8,76.0,Yes,0.0,None
06:41:59.819,Active,403.5,2.4,98.8,11.8,76.0,Yes,0.0,None
06:42:00.235,Active,407.6,2.4,99.4,11.8,76.5,Yes,0.0,None
06:42:00.647,Active,406.7,2.4,99.4,11.8,75.5,Yes,0.0,None
06:42:01.079,Active,425.9,2.4,96.5,11.8,76.5,Yes,0.0,None
06:42:01.497,Active,409.8,2.4,98.2,11.8,75.5,Yes,0.0,None
06:42:01.916,Active,412.8,2.4,98.8,11.8,76.0,Yes,0.0,None
06:42:02.340,Active,416.9,2.4,97.0,11.8,75.5,Yes,0.0,None
06:42:02.757,Active,409.8,2.4,98.8,11.7,76.0,Yes,0.0,None
06:42:03.174,Active,411.6,2.4,98.2,11.7,76.0,Yes,0.0,None
06:42:03.590,Active,409.0,2.4,98.8,11.7,77.1,Yes,0.0,None
06:42:04.012,Active,412.7,2.4,98.2,11.7,75.5,Yes,0.0,None
06:42:04.441,Active,421.6,2.4,98.2,11.7,77.7,Yes,0.0,None
06:42:04.855,Active,408.6,2.4,98.2,11.8,76.0,Yes,0.0,None
06:42:05.276,Active,415.1,2.4,98.8,11.8,76.5,Yes,0.0,None
06:42:05.691,Active,408.3,2.4,97.6,11.8,76.5,Yes,0.0,None
06:42:06.109,Active,410.1,2.4,98.2,11.8,76.0,Yes,0.0,None
06:42:06.524,Active,408.9,2.4,98.8,11.8,76.5,Yes,0.0,None
06:42:06.939,Active,409.6,2.4,98.8,11.8,76.5,Yes,0.0,None
06:42:07.354,Active,406.5,2.4,98.8,11.8,77.1,Yes,0.0,None
06:42:07.763,Active,403.8,2.4,99.4,11.8,76.5,Yes,0.0,None
06:42:08.179,Active,407.5,2.4,98.8,11.7,76.5,Yes,0.0,None
06:42:08.599,Active,414.7,2.4,98.8,11.7,77.1,Yes,0.0,None
06:42:09.019,Active,413.9,2.4,98.8,11.7,76.5,Yes,0.0,None
06:42:09.468,Active,440.8,2.4,95.6,11.7,76.5,Yes,0.0,None
06:42:09.885,Active,411.2,2.4,98.8,11.8,76.5,Yes,0.0,None
06:42:10.299,Active,408.2,2.4,98.8,11.8,76.5,Yes,0.0,None
06:42:10.713,Active,407.4,2.4,98.8,11.8,76.5,Yes,0.0,None
06:42:11.130,Active,411.1,2.4,98.8,11.8,77.1,Yes,0.0,None
06:42:11.551,Active,411.3,2.4,97.6,11.8,76.5,Yes,0.0,None
06:42:11.967,Active,409.2,2.4,97.6,11.8,77.1,Yes,0.0,None
06:42:12.383,Active,407.3,2.4,98.8,11.8,76.5,Yes,0.0,None
06:42:12.798,Active,409.5,2.4,99.4,11.8,76.5,Yes,0.0,None
06:42:13.224,Active,417.1,2.4,97.6,11.7,76.5,Yes,0.0,None
06:42:13.645,Active,409.9,2.4,97.6,11.7,76.5,Yes,0.0,None
06:42:14.067,Active,415.7,2.4,98.2,11.7,77.1,Yes,0.0,None
06:42:14.506,Active,432.7,2.4,97.7,11.8,76.5,Yes,0.0,None
06:42:14.925,Active,409.6,2.4,98.2,11.8,77.1,Yes,0.0,None
06:42:15.340,Active,409.2,2.4,98.2,11.8,77.1,Yes,0.0,None
06:42:15.758,Active,407.2,2.4,97.6,11.8,77.7,Yes,0.0,None
06:42:16.176,Active,408.4,2.4,98.2,11.8,77.7,Yes,0.0,None
06:43:01.614,Active,422.9,2.4,1.1,12.0,58.4,Yes,0.0,None
06:43:02.025,Active,405.7,2.4,100.0,12.0,60.6,Yes,0.0,None
06:43:02.435,Active,403.9,2.4,100.0,12.0,61.1,Yes,0.0,None
06:43:02.848,Active,407.0,2.4,99.4,12.0,62.8,Yes,0.0,None
06:43:03.264,Active,407.2,2.4,98.2,11.9,63.4,Yes,0.0,None
06:43:03.678,Active,407.0,2.4,99.4,11.9,63.9,Yes,0.0,None
06:43:04.098,Active,410.5,2.4,98.2,11.9,65.0,Yes,0.0,None
06:43:04.512,Active,408.8,3.0,98.8,11.9,65.5,Yes,0.0,None
06:43:04.933,Active,414.3,3.0,97.6,11.9,66.1,Yes,0.0,None
06:43:05.365,Active,421.9,3.0,98.3,12.0,65.5,Yes,0.0,None
06:43:05.778,Active,406.8,3.0,98.2,12.0,66.7,Yes,0.0,None
06:43:06.197,Active,409.4,3.0,98.8,12.0,67.2,Yes,0.0,None
06:43:06.616,Active,412.8,3.0,98.8,12.0,67.8,Yes,0.0,None
06:43:07.033,Active,411.4,3.0,98.2,12.0,67.8,Yes,0.0,None
06:43:07.449,Active,409.3,3.0,99.4,12.0,68.3,Yes,0.0,None
06:43:07.865,Active,409.6,3.0,98.2,11.9,68.8,Yes,0.0,None
06:43:08.284,Active,413.8,3.0,98.2,11.9,69.4,Yes,0.0,None
06:43:08.700,Active,408.2,2.4,99.4,11.9,69.4,Yes,0.0,None
06:43:09.115,Active,410.0,2.4,98.8,11.9,68.8,Yes,0.0,None
06:43:09.529,Active,406.0,2.4,98.2,11.9,69.4,Yes,0.0,None
06:43:09.942,Active,406.7,2.4,98.8,11.8,69.4,Yes,0.0,None
06:43:10.379,Active,428.1,2.4,97.7,11.9,70.0,Yes,0.0,None
06:43:10.793,Active,406.1,2.4,98.8,11.9,70.5,Yes,0.0,None
06:43:11.211,Active,408.0,2.4,98.2,11.9,70.5,Yes,0.0,None
06:43:11.627,Active,407.3,2.4,98.8,11.9,70.5,Yes,0.0,None
06:43:12.050,Active,414.5,2.4,98.2,11.9,70.5,Yes,0.0,None
06:43:12.466,Active,406.8,2.4,98.2,11.9,71.6,Yes,0.0,None
06:43:12.881,Active,409.3,2.4,99.4,11.8,71.0,Yes,0.0,None
06:43:13.301,Active,410.9,2.4,97.6,11.8,71.0,Yes,0.0,None
06:43:13.816,Active,408.2,2.4,79.6,11.8,71.6,Yes,0.0,None
06:43:14.236,Active,413.0,2.4,98.8,11.8,71.0,Yes,0.0,None
06:43:14.650,Active,408.0,2.4,98.2,11.8,71.6,Yes,0.0,None
06:43:15.070,Active,411.1,2.4,98.2,11.8,72.2,Yes,0.0,None
06:43:15.608,Active,431.2,2.4,80.0,11.9,70.5,Yes,0.0,None
06:43:16.024,Active,409.1,2.4,98.2,11.9,72.2,Yes,0.0,None
06:43:16.439,Active,408.7,2.4,99.4,11.9,72.7,Yes,0.0,None
06:43:16.861,Active,414.0,2.4,97.6,11.9,71.6,Yes,0.0,None
06:43:17.275,Active,408.0,2.3,98.8,11.9,73.2,Yes,0.0,None
06:43:17.689,Active,407.9,2.3,99.4,11.9,72.2,Yes,0.0,None
06:43:18.108,Active,409.4,2.3,98.2,11.9,72.2,Yes,0.0,None
06:43:18.532,Active,418.1,2.3,97.6,11.8,72.2,Yes,0.0,None
06:43:18.946,Active,407.2,2.3,98.2,11.8,72.7,Yes,0.0,None
06:43:19.383,Active,430.7,2.3,97.7,11.8,72.7,Yes,0.0,None
06:43:19.814,Active,425.7,2.3,97.7,11.8,73.2,Yes,0.0,None
06:43:20.230,Active,410.3,2.3,99.4,11.8,73.2,Yes,0.0,None
06:43:20.672,Active,433.3,2.3,97.7,11.8,73.2,Yes,0.0,None
06:43:21.096,Active,414.2,2.3,98.2,11.8,73.2,Yes,0.0,None
06:43:21.512,Active,409.3,2.4,98.2,11.8,73.2,Yes,0.0,None
06:43:21.930,Active,409.2,2.4,98.2,11.8,72.7,Yes,0.0,None
06:43:22.352,Active,412.5,2.4,98.2,11.8,72.2,Yes,0.0,None
06:43:22.764,Active,406.5,2.4,98.8,11.8,73.2,Yes,0.0,None
06:43:23.184,Active,409.8,2.4,98.2,11.8,72.7,Yes,0.0,None
06:43:23.600,Active,407.6,2.4,98.8,11.8,73.2,Yes,0.0,None
06:43:24.023,Active,417.6,2.4,98.8,11.8,73.2,Yes,0.0,None
06:43:24.439,Active,408.4,2.4,98.8,11.8,73.8,Yes,0.0,None
06:43:24.853,Active,406.8,2.4,98.8,11.8,73.2,Yes,0.0,None
06:43:25.269,Active,409.6,2.4,98.8,11.8,73.8,Yes,0.0,None
06:43:25.685,Active,408.6,2.4,98.2,11.8,74.9,Yes,0.0,None
06:43:26.105,Active,410.9,2.4,97.6,11.8,74.9,Yes,0.0,None
06:43:26.525,Active,409.6,2.4,98.2,11.8,73.8,Yes,0.0,None
06:43:26.939,Active,407.8,2.4,98.2,11.8,74.3,Yes,0.0,None
06:43:27.357,Active,409.2,2.4,98.2,11.8,74.3,Yes,0.0,None
06:43:27.773,Active,410.0,2.4,98.8,11.8,75.5,Yes,0.0,None
06:43:28.189,Active,409.2,2.4,98.8,11.8,74.9,Yes,0.0,None
06:43:28.603,Active,408.1,2.4,98.8,11.8,75.5,Yes,0.0,None
06:43:29.024,Active,414.6,2.4,98.8,11.7,73.8,Yes,0.0,None
06:43:29.437,Active,407.7,2.4,98.8,11.7,74.3,Yes,0.0,None
06:43:29.851,Active,407.9,2.4,98.8,11.7,74.3,Yes,0.0,None
06:43:30.266,Active,409.3,2.4,98.8,11.7,74.9,Yes,0.0,None
06:43:30.719,Active,443.0,2.4,97.8,11.8,74.3,Yes,0.0,None
06:43:31.135,Active,407.8,2.4,98.2,11.8,75.5,Yes,0.0,None
06:43:31.550,Active,408.3,2.4,99.4,11.8,74.9,Yes,0.0,None
06:43:31.971,Active,412.6,2.4,98.2,11.8,75.5,Yes,0.0,None
06:43:32.383,Active,405.9,2.4,99.4,11.8,74.9,Yes,0.0,None
06:43:32.800,Active,411.6,2.4,98.8,11.8,74.9,Yes,0.0,None
06:43:33.217,Active,410.2,2.4,98.2,11.8,75.5,Yes,0.0,None
06:43:33.634,Active,407.4,2.4,98.2,11.8,76.0,Yes,0.0,None
06:43:34.053,Active,410.4,2.4,98.2,11.8,75.5,Yes,0.0,None
06:43:34.485,Active,425.8,2.4,98.3,11.8,75.5,Yes,0.0,None
06:43:34.900,Active,408.4,2.4,98.2,11.7,75.5,Yes,0.0,None
06:43:35.320,Active,410.5,2.4,98.2,11.7,75.5,Yes,0.0,None
06:43:35.738,Active,408.5,2.4,98.2,11.7,76.0,Yes,0.0,None
06:43:36.162,Active,414.3,2.4,98.2,11.8,75.5,Yes,0.0,None
06:43:36.581,Active,409.5,2.4,98.2,11.7,74.9,Yes,0.0,None
06:43:36.998,Active,410.9,2.4,98.2,11.8,76.0,Yes,0.0,None
06:43:37.416,Active,407.9,2.4,97.6,11.8,74.9,Yes,0.0,None
06:43:37.833,Active,407.7,2.4,98.2,11.8,75.5,Yes,0.0,None
06:43:38.249,Active,409.5,2.4,98.8,11.7,76.5,Yes,0.0,None
06:43:38.665,Active,409.6,2.4,98.8,11.7,74.9,Yes,0.0,None
06:43:39.083,Active,411.9,2.4,98.2,11.7,75.5,Yes,0.0,None
06:43:39.499,Active,408.0,2.4,98.8,11.7,76.5,Yes,0.0,None
06:43:40.025,Active,417.3,2.4,79.0,11.7,74.9,Yes,0.0,None
06:43:40.436,Active,405.2,2.4,98.8,11.7,76.0,Yes,0.0,None
06:43:40.868,Active,420.3,2.4,98.3,11.7,75.5,Yes,0.0,None
06:43:41.282,Active,407.9,2.4,98.8,11.7,76.5,Yes,0.0,None
06:43:41.701,Active,409.1,2.4,97.6,11.7,76.0,Yes,0.0,None
06:43:42.119,Active,411.1,2.4,98.2,11.7,76.0,Yes,0.0,None
06:43:42.536,Active,407.3,2.3,98.2,11.7,76.5,Yes,0.0,None
06:43:42.959,Active,415.9,2.3,97.0,11.7,76.5,Yes,0.0,None
06:43:43.376,Active,408.4,2.3,98.8,11.7,75.5,Yes,0.0,None
06:43:43.788,Active,406.8,2.3,98.8,11.7,76.5,Yes,0.0,None
06:43:44.202,Active,408.3,2.3,99.4,11.7,76.0,Yes,0.0,None
06:43:44.620,Active,409.1,2.3,98.2,11.7,75.5,Yes,0.0,None
06:43:45.038,Active,409.1,2.3,98.2,11.7,76.0,Yes,0.0,None
06:43:45.453,Active,405.0,2.3,98.2,11.7,76.0,Yes,0.0,None
06:43:45.887,Active,428.2,2.3,98.3,11.8,76.5,Yes,0.0,None
06:43:46.304,Active,408.9,2.3,98.8,11.8,76.5,Yes,0.0,None
06:43:46.715,Active,403.6,2.4,98.8,11.8,76.5,Yes,0.0,None
06:43:47.132,Active,409.1,2.4,98.8,11.8,76.0,Yes,0.0,None
06:43:47.549,Active,410.3,2.4,98.8,11.8,76.0,Yes,0.0,None
06:43:47.964,Active,408.3,2.4,98.8,11.8,76.5,Yes,0.0,None
06:43:48.379,Active,407.3,2.4,98.8,11.8,76.5,Yes,0.0,None
06:43:48.795,Active,407.6,2.4,98.2,11.8,76.5,Yes,0.0,None
06:43:49.221,Active,417.8,2.4,97.0,11.8,76.0,Yes,0.0,None
06:43:49.637,Active,410.1,2.4,98.8,11.8,76.5,Yes,0.0,None
06:43:50.053,Active,410.2,2.4,98.8,11.8,76.5,Yes,0.0,None
06:43:50.469,Active,409.6,2.4,98.8,11.8,76.0,Yes,0.0,None
06:43:50.885,Active,409.6,2.4,98.8,11.8,76.5,Yes,0.0,None
06:43:51.320,Active,429.1,2.4,98.3,11.8,76.5,Yes,0.0,None
06:43:51.737,Active,410.8,2.4,97.6,11.8,76.5,Yes,0.0,None
06:43:52.157,Active,411.6,2.4,98.2,11.8,77.7,Yes,0.0,None
06:43:52.574,Active,407.1,2.4,98.2,11.8,77.1,Yes,0.0,None
06:43:52.992,Active,411.6,2.4,99.4,11.8,77.1,Yes,0.0,None
06:43:53.407,Active,407.7,2.4,98.8,11.8,76.0,Yes,0.0,None
06:43:53.820,Active,407.1,2.4,99.4,11.8,76.0,Yes,0.0,None
06:43:54.242,Active,415.1,2.4,97.6,11.8,77.1,Yes,0.0,None
06:43:54.656,Active,407.5,2.4,100.0,11.8,77.1,Yes,0.0,None
06:43:55.073,Active,411.1,2.4,98.2,11.8,77.1,Yes,0.0,None
06:43:55.489,Active,407.5,2.4,98.2,11.8,76.5,Yes,0.0,None
06:43:55.902,Active,406.6,2.4,99.4,11.8,77.1,Yes,0.0,None
06:43:56.320,Active,408.8,2.4,98.2,11.8,77.1,Yes,0.0,None
06:43:56.735,Active,409.3,2.4,98.8,11.8,78.2,Yes,0.0,None
06:43:57.152,Active,411.2,2.4,98.8,11.8,76.0,Yes,0.0,None
06:43:57.566,Active,406.9,2.4,98.2,11.7,77.1,Yes,0.0,None
06:43:57.984,Active,409.1,2.4,98.8,11.8,77.1,Yes,0.0,None
06:43:58.404,Active,410.6,2.4,97.6,11.8,76.5,Yes,0.0,None
06:43:58.820,Active,408.6,2.4,98.2,11.7,77.1,Yes,0.0,None
06:43:59.238,Active,412.3,2.4,98.8,11.7,77.7,Yes,0.0,None
06:43:59.657,Active,410.1,2.4,98.2,11.7,76.5,Yes,0.0,None
06:44:00.073,Active,410.3,2.4,98.8,11.7,77.7,Yes,0.0,None
06:44:00.487,Active,408.3,2.4,98.8,11.7,77.1,Yes,0.0,None
06:44:00.903,Active,408.0,2.4,98.2,11.7,77.7,Yes,0.0,None
06:44:01.352,Active,440.5,2.4,97.8,11.7,77.1,Yes,0.0,None
06:44:46.811,Active,444.4,2.4,1.4,11.8,58.4,Yes,0.0,None
06:44:47.239,Active,415.2,2.4,97.6,11.9,60.0,Yes,0.0,None
06:44:47.657,Active,408.2,2.4,98.2,11.9,61.7,Yes,0.0,None
06:44:48.077,Active,412.5,2.4,98.8,11.9,61.7,Yes,0.0,None
06:44:48.493,Active,409.2,4.7,98.2,11.9,62.8,Yes,0.0,None
06:44:48.911,Active,407.8,4.7,98.2,11.9,63.9,Yes,0.0,None
06:44:49.331,Active,410.3,4.7,98.2,11.8,66.1,Yes,0.0,None
06:44:49.749,Active,408.9,4.7,98.2,11.8,65.5,Yes,0.0,None
06:44:50.166,Active,409.7,4.7,98.2,11.8,66.7,Yes,0.0,None
06:44:50.581,Active,407.6,4.7,98.8,11.8,67.2,Yes,0.0,None
06:44:50.997,Active,409.6,4.7,98.8,11.8,66.7,Yes,0.0,None
06:44:51.413,Active,409.7,4.7,99.4,11.8,66.7,Yes,0.0,None
06:44:51.830,Active,408.7,4.7,97.6,11.8,68.3,Yes,0.0,None
06:44:52.366,Active,425.3,4.7,80.5,11.8,67.2,Yes,0.0,None
06:44:52.784,Active,407.3,2.3,97.6,11.9,67.8,Yes,0.0,None
06:44:53.203,Active,410.2,2.3,98.2,11.9,67.8,Yes,0.0,None
06:44:53.621,Active,411.0,2.3,98.8,11.9,68.3,Yes,0.0,None
06:44:54.037,Active,410.0,2.3,98.2,11.9,68.8,Yes,0.0,None
06:44:54.451,Active,404.6,2.3,97.6,11.9,70.5,Yes,0.0,None
06:44:54.891,Active,429.2,2.3,94.9,11.8,68.8,Yes,0.0,None
06:44:55.309,Active,407.8,2.3,98.2,11.8,69.4,Yes,0.0,None
06:44:55.728,Active,409.3,2.3,98.2,11.8,70.0,Yes,0.0,None
06:44:56.146,Active,409.5,2.3,97.6,11.8,70.0,Yes,0.0,None
06:44:56.564,Active,408.5,2.3,97.6,11.8,70.5,Yes,0.0,None
06:44:56.976,Active,405.2,2.4,98.8,11.8,70.5,Yes,0.0,None
06:44:57.389,Active,407.0,2.4,99.4,11.8,71.0,Yes,0.0,None
06:44:57.808,Active,408.9,2.4,98.2,11.8,71.0,Yes,0.0,None
06:44:58.226,Active,410.4,2.4,98.2,11.8,71.0,Yes,0.0,None
06:44:58.642,Active,408.2,2.4,98.8,11.8,70.5,Yes,0.0,None
06:44:59.067,Active,415.5,2.4,97.6,11.8,71.0,Yes,0.0,None
06:44:59.486,Active,408.9,2.4,97.0,11.8,72.2,Yes,0.0,None
06:44:59.905,Active,409.1,2.4,98.2,11.8,71.0,Yes,0.0,None
06:45:00.323,Active,411.2,2.4,98.8,11.8,72.2,Yes,0.0,None
06:45:00.739,Active,407.4,2.4,98.2,11.8,72.2,Yes,0.0,None
06:45:01.159,Active,411.6,2.4,97.6,11.8,72.2,Yes,0.0,None
06:45:01.574,Active,406.7,2.4,98.2,11.7,72.7,Yes,0.0,None
06:45:01.991,Active,409.6,2.4,98.8,11.7,72.2,Yes,0.0,None
06:45:02.443,Active,443.3,2.4,97.2,11.8,71.6,Yes,0.0,None
06:45:02.859,Active,406.6,2.4,97.6,11.8,71.6,Yes,0.0,None
06:45:03.279,Active,409.6,2.4,98.2,11.8,72.2,Yes,0.0,None
06:45:03.695,Active,407.6,2.4,98.2,11.8,73.2,Yes,0.0,None
06:45:04.113,Active,410.0,2.4,98.2,11.8,73.8,Yes,0.0,None
06:45:04.531,Active,407.6,2.4,98.2,11.8,72.2,Yes,0.0,None
06:45:04.947,Active,410.0,2.4,98.8,11.8,73.8,Yes,0.0,None
06:45:05.362,Active,409.1,2.4,99.4,11.8,73.2,Yes,0.0,None
06:45:05.805,Active,433.9,2.4,94.9,11.8,74.3,Yes,0.0,None
06:45:06.224,Active,412.3,2.4,98.8,11.8,73.2,Yes,0.0,None
06:45:06.644,Active,410.6,2.4,97.6,11.8,72.7,Yes,0.0,None
06:45:07.071,Active,420.1,2.4,96.5,11.8,73.2,Yes,0.0,None
06:45:07.605,Active,428.2,2.4,79.2,11.8,73.2,Yes,0.0,None
06:45:08.023,Active,411.3,2.4,98.2,11.8,73.2,Yes,0.0,None
06:45:08.438,Active,409.3,2.4,99.4,11.8,73.2,Yes,0.0,None
06:45:08.853,Active,409.0,2.4,98.8,11.8,74.3,Yes,0.0,None
06:45:09.277,Active,413.5,2.4,98.2,11.8,73.2,Yes,0.0,None
06:45:09.692,Active,407.6,2.3,98.2,11.8,73.8,Yes,0.0,None
06:45:10.112,Active,410.0,2.3,97.6,11.8,74.3,Yes,0.0,None
06:45:10.529,Active,409.9,2.3,98.8,11.8,73.8,Yes,0.0,None
06:45:10.943,Active,407.7,2.3,98.8,11.8,74.9,Yes,0.0,None
06:45:11.362,Active,411.3,2.3,97.6,11.8,74.3,Yes,0.0,None
06:45:11.789,Active,416.8,2.3,97.0,11.8,74.3,Yes,0.0,None
06:45:12.205,Active,410.1,2.3,98.8,11.8,73.8,Yes,0.0,None
06:45:12.628,Active,416.3,2.3,98.8,11.8,73.8,Yes,0.0,None
06:45:13.045,Active,407.4,2.3,98.2,11.8,74.3,Yes,0.0,None
06:45:13.460,Active,408.4,2.3,99.4,11.8,74.3,Yes,0.0,None
06:45:13.877,Active,411.1,2.4,98.8,11.8,73.8,Yes,0.0,None
06:45:14.293,Active,409.8,2.4,98.8,11.8,74.3,Yes,0.0,None
06:45:14.708,Active,408.3,2.4,98.8,11.8,74.9,Yes,0.0,None
06:45:15.122,Active,408.4,2.4,99.4,11.8,74.3,Yes,0.0,None
06:45:15.539,Active,407.7,2.4,97.6,11.7,75.5,Yes,0.0,None
06:45:15.955,Active,407.5,2.4,98.8,11.7,74.9,Yes,0.0,None
06:45:16.372,Active,408.8,2.4,98.2,11.7,74.9,Yes,0.0,None
06:45:16.792,Active,413.0,2.4,98.8,11.7,74.3,Yes,0.0,None
06:45:17.218,Active,418.3,2.4,97.6,11.7,74.9,Yes,0.0,None
06:45:17.653,Active,425.3,2.4,97.7,11.8,74.9,Yes,0.0,None
06:45:18.070,Active,410.9,2.4,99.4,11.8,74.9,Yes,0.0,None
06:45:18.584,Active,407.4,2.4,79.4,11.8,74.3,Yes,0.0,None
06:45:19.003,Active,409.4,2.4,98.8,11.8,74.9,Yes,0.0,None
06:45:19.418,Active,407.0,2.4,98.8,11.8,75.5,Yes,0.0,None
06:45:19.832,Active,406.1,2.4,98.8,11.8,75.5,Yes,0.0,None
06:45:20.248,Active,408.9,2.4,98.8,11.8,75.5,Yes,0.0,None
06:45:20.662,Active,408.6,2.4,98.2,11.8,75.5,Yes,0.0,None
06:45:21.083,Active,411.3,2.4,98.2,11.8,74.9,Yes,0.0,None
06:45:21.497,Active,405.7,2.4,98.8,11.8,75.5,Yes,0.0,None
06:45:21.910,Active,406.4,2.4,98.8,11.8,74.9,Yes,0.0,None
06:45:22.327,Active,409.2,2.3,98.2,11.8,75.5,Yes,0.0,None
06:45:22.765,Active,429.8,2.3,98.9,11.8,74.9,Yes,0.0,None
06:45:23.183,Active,410.5,2.3,98.2,11.8,74.9,Yes,0.0,None
06:45:23.601,Active,408.3,2.3,97.6,11.8,76.0,Yes,0.0,None
06:45:24.031,Active,421.0,2.3,96.5,11.8,76.0,Yes,0.0,None
06:45:24.461,Active,419.9,2.3,97.7,11.8,75.5,Yes,0.0,None
06:45:24.880,Active,408.0,2.3,98.2,11.8,76.0,Yes,0.0,None
06:45:25.301,Active,412.0,2.3,97.6,11.8,75.5,Yes,0.0,None
06:45:25.721,Active,408.8,2.3,98.2,11.8,76.5,Yes,0.0,None
06:45:26.139,Active,409.1,2.3,98.2,11.8,75.5,Yes,0.0,None
06:45:26.556,Active,407.2,2.4,97.6,11.8,76.0,Yes,0.0,None
06:45:26.973,Active,409.6,2.4,98.8,11.8,75.5,Yes,0.0,None
06:45:27.386,Active,406.5,2.4,98.8,11.8,76.5,Yes,0.0,None
06:45:27.800,Active,407.9,2.4,98.8,11.8,75.5,Yes,0.0,None
06:45:28.217,Active,409.7,2.4,99.4,11.8,76.0,Yes,0.0,None
06:45:28.631,Active,408.0,2.4,98.8,11.7,75.5,Yes,0.0,None
06:45:29.051,Active,410.4,2.4,98.8,11.8,74.9,Yes,0.0,None
06:45:29.475,Active,415.8,2.4,97.0,11.8,75.5,Yes,0.0,None
06:45:29.893,Active,409.5,2.4,98.2,11.8,75.5,Yes,0.0,None
06:45:30.310,Active,410.7,2.4,98.2,11.8,77.1,Yes,0.0,None
06:45:30.723,Active,407.4,2.4,99.4,11.8,76.0,Yes,0.0,None
06:45:31.138,Active,408.7,2.4,99.4,11.7,75.5,Yes,0.0,None
06:45:31.557,Active,405.1,2.4,97.6,11.7,76.5,Yes,0.0,None
06:45:31.972,Active,409.0,2.4,99.4,11.7,76.5,Yes,0.0,None
06:45:32.386,Active,406.4,2.4,98.8,11.7,75.5,Yes,0.0,None
06:45:32.835,Active,443.4,2.4,97.8,11.8,76.5,Yes,0.0,None
06:45:33.252,Active,410.1,2.4,99.4,11.8,76.0,Yes,0.0,None
06:45:33.673,Active,409.6,2.4,97.6,11.8,76.5,Yes,0.0,None
06:45:34.092,Active,412.6,2.4,98.8,11.8,75.5,Yes,0.0,None
06:45:34.514,Active,411.5,2.4,97.6,11.8,76.5,Yes,0.0,None
06:45:34.933,Active,409.5,2.4,98.2,11.8,76.5,Yes,0.0,None
06:45:35.350,Active,411.0,2.4,98.8,11.8,76.0,Yes,0.0,None
06:45:35.771,Active,410.5,2.4,97.6,11.7,76.0,Yes,0.0,None
06:45:36.188,Active,408.8,2.4,98.2,11.7,76.5,Yes,0.0,None
06:45:36.604,Active,408.1,2.4,99.4,11.7,76.0,Yes,0.0,None
06:45:37.044,Active,433.0,2.4,95.4,11.7,74.9,Yes,0.0,None
06:45:37.462,Active,411.4,2.4,98.2,11.7,76.5,Yes,0.0,None
06:45:37.891,Active,419.6,2.4,98.2,11.9,76.5,Yes,0.0,None
06:45:38.308,Active,410.2,2.4,98.2,11.8,76.0,Yes,0.0,None
06:45:38.724,Active,408.2,2.4,99.4,11.8,76.0,Yes,0.0,None
06:45:39.145,Active,413.6,2.4,98.2,11.9,76.0,Yes,0.0,None
06:45:39.560,Active,408.7,2.4,98.2,11.8,76.5,Yes,0.0,None
06:45:39.981,Active,413.6,2.4,98.8,11.8,76.0,Yes,0.0,None
06:45:40.395,Active,408.3,2.4,98.2,11.8,76.5,Yes,0.0,None
06:45:40.821,Active,417.0,2.4,97.0,11.8,76.5,Yes,0.0,None
06:45:41.237,Active,410.5,2.4,98.8,11.8,77.1,Yes,0.0,None
06:45:41.654,Active,407.9,2.4,98.2,11.8,76.5,Yes,0.0,None
06:45:42.070,Active,410.4,2.4,99.4,11.9,76.0,Yes,0.0,None
06:45:42.487,Active,407.1,2.4,98.2,11.8,78.2,Yes,0.0,None
06:45:42.915,Active,418.9,2.4,98.2,11.9,76.5,Yes,0.0,None
06:45:43.333,Active,411.2,2.4,98.8,11.9,76.5,Yes,0.0,None
06:45:43.750,Active,406.8,2.4,98.2,11.9,77.1,Yes,0.0,None
06:45:44.171,Active,411.1,2.4,98.2,11.9,76.5,Yes,0.0,None
06:45:44.585,Active,405.2,2.4,98.2,11.9,76.5,Yes,0.0,None
06:45:45.000,Active,409.1,2.4,99.4,11.8,75.5,Yes,0.0,None
06:45:45.415,Active,407.8,2.4,98.8,11.8,76.0,Yes,0.0,None
06:45:45.845,Active,424.1,2.4,96.5,11.8,76.5,Yes,0.0,None
06:45:46.290,Active,435.5,2.4,95.0,11.8,77.7,Yes,0.0,None
06:45:46.714,Active,414.6,2.4,97.1,11.8,77.1,Yes,0.0,None
06:46:32.166,Active,435.2,2.4,1.1,11.7,58.4,Yes,0.0,None
06:46:32.582,Active,406.2,11.7,98.2,11.8,60.0,Yes,0.0,None
06:46:33.000,Active,411.3,11.7,98.8,11.8,60.0,Yes,0.0,None
06:46:33.420,Active,412.1,11.7,98.8,11.7,62.8,Yes,0.0,None
06:46:33.867,Active,439.6,11.7,97.8,11.9,62.8,Yes,0.0,None
06:46:34.288,Active,412.3,11.7,98.8,11.9,63.4,Yes,0.0,None
06:46:34.700,Active,406.2,11.7,98.8,11.9,64.5,Yes,0.0,None
06:46:35.119,Active,412.2,11.7,98.8,11.9,64.5,Yes,0.0,None
06:46:35.540,Active,412.8,11.7,98.2,11.9,65.5,Yes,0.0,None
06:46:35.956,Active,408.3,11.7,98.8,11.9,65.5,Yes,0.0,None
06:46:36.371,Active,409.4,11.7,99.4,11.8,66.7,Yes,0.0,None
06:46:36.792,Active,412.8,2.4,98.2,11.8,66.7,Yes,0.0,None
06:46:37.207,Active,407.0,2.4,98.8,11.8,67.2,Yes,0.0,None
06:46:37.623,Active,407.5,2.4,98.8,11.8,67.2,Yes,0.0,None
06:46:38.039,Active,410.5,2.4,98.8,11.8,67.2,Yes,0.0,None
06:46:38.453,Active,407.0,2.4,98.8,11.8,68.3,Yes,0.0,None
06:46:38.881,Active,418.9,2.4,98.8,11.8,68.8,Yes,0.0,None
06:46:39.300,Active,412.3,2.4,98.2,11.8,68.3,Yes,0.0,None
06:46:39.712,Active,406.1,2.4,98.8,11.8,69.4,Yes,0.0,None
06:46:40.127,Active,409.4,2.4,100.0,11.8,69.4,Yes,0.0,None
06:46:40.543,Active,409.8,2.4,98.8,11.8,68.8,Yes,0.0,None
06:46:40.959,Active,409.9,2.4,98.2,11.8,70.0,Yes,0.0,None
06:46:41.376,Active,408.4,2.4,98.8,11.8,70.5,Yes,0.0,None
06:46:41.792,Active,409.6,2.4,98.8,11.8,70.0,Yes,0.0,None
06:46:42.215,Active,413.5,2.4,97.6,11.8,70.5,Yes,0.0,None
06:46:42.631,Active,407.3,2.4,98.8,11.8,70.0,Yes,0.0,None
06:46:43.050,Active,411.0,2.4,98.8,11.8,71.0,Yes,0.0,None
06:46:43.463,Active,406.4,2.4,99.4,11.8,70.5,Yes,0.0,None
06:46:43.893,Active,423.1,2.4,99.4,11.8,70.5,Yes,0.0,None
06:46:44.314,Active,413.0,2.4,97.6,11.8,72.2,Yes,0.0,None
06:46:44.731,Active,409.1,2.4,98.8,11.8,71.6,Yes,0.0,None
06:46:45.150,Active,410.9,2.4,98.2,11.8,71.6,Yes,0.0,None
06:46:45.563,Active,404.8,2.4,98.8,11.8,72.2,Yes,0.0,None
06:46:45.982,Active,411.0,2.4,99.4,11.8,72.2,Yes,0.0,None
06:46:46.395,Active,404.5,2.4,98.8,11.8,72.2,Yes,0.0,None
06:46:46.807,Active,405.9,2.4,99.4,11.8,72.2,Yes,0.0,None
06:46:47.227,Active,414.1,2.4,98.8,11.7,72.2,Yes,0.0,None
06:46:47.644,Active,408.8,2.4,98.2,11.7,72.7,Yes,0.0,None
06:46:48.058,Active,407.1,2.4,98.2,11.8,72.7,Yes,0.0,None
06:46:48.474,Active,409.8,2.4,99.4,11.7,72.7,Yes,0.0,None
06:46:48.923,Active,442.1,2.4,96.1,11.8,72.7,Yes,0.0,None
06:46:49.342,Active,408.7,2.4,98.2,11.8,72.7,Yes,0.0,None
06:46:49.764,Active,415.6,2.4,97.0,11.8,71.6,Yes,0.0,None
06:46:50.184,Active,411.7,2.4,98.8,11.8,73.8,Yes,0.0,None
06:46:50.601,Active,409.9,2.4,98.2,11.7,73.8,Yes,0.0,None
06:46:51.018,Active,410.8,2.4,98.2,11.7,73.2,Yes,0.0,None
06:46:51.436,Active,408.5,2.4,98.2,11.7,73.2,Yes,0.0,None
06:46:51.862,Active,419.4,2.4,97.0,11.8,72.7,Yes,0.0,None
06:46:52.291,Active,420.8,2.4,97.7,11.7,73.8,Yes,0.0,None
06:46:52.708,Active,410.5,2.4,98.2,11.7,74.3,Yes,0.0,None
06:46:53.125,Active,409.5,2.4,98.2,11.7,73.8,Yes,0.0,None
06:46:53.541,Active,409.3,2.4,99.4,11.7,73.8,Yes,0.0,None
06:46:53.956,Active,409.0,2.4,98.2,11.7,73.8,Yes,0.0,None
06:46:54.388,Active,425.6,2.4,98.8,11.8,73.8,Yes,0.0,None
06:46:54.803,Active,407.7,2.4,98.2,11.8,73.2,Yes,0.0,None
06:46:55.221,Active,411.8,2.4,99.4,11.8,73.8,Yes,0.0,None
06:46:55.635,Active,407.7,2.4,98.2,11.8,74.3,Yes,0.0,None
06:46:56.050,Active,408.1,2.4,98.8,11.8,73.8,Yes,0.0,None
06:46:56.466,Active,406.9,2.4,98.2,11.8,74.3,Yes,0.0,None
06:46:56.882,Active,406.2,2.4,98.2,11.8,74.3,Yes,0.0,None
06:46:57.300,Active,409.0,2.4,98.2,11.8,74.3,Yes,0.0,None
06:46:57.720,Active,409.9,2.4,97.6,11.8,74.3,Yes,0.0,None
06:46:58.138,Active,410.5,2.4,98.2,11.8,74.3,Yes,0.0,None
06:46:58.556,Active,408.9,2.4,98.2,11.8,74.3,Yes,0.0,None
06:46:58.973,Active,410.8,2.4,98.8,11.8,74.9,Yes,0.0,None
06:46:59.387,Active,407.3,2.4,99.4,11.8,75.5,Yes,0.0,None
06:46:59.804,Active,410.2,2.4,98.2,11.8,74.3,Yes,0.0,None
06:47:00.222,Active,410.0,2.4,98.2,11.8,74.3,Yes,0.0,None
06:47:00.637,Active,409.7,2.4,98.8,11.8,74.9,Yes,0.0,None
06:47:01.053,Active,407.8,2.4,98.2,11.8,74.9,Yes,0.0,None
06:47:01.468,Active,409.3,2.4,98.8,11.8,74.3,Yes,0.0,None
06:47:01.886,Active,410.2,2.4,98.8,11.8,74.9,Yes,0.0,None
06:47:02.311,Active,415.3,2.4,97.7,11.8,74.3,Yes,0.0,None
06:47:02.728,Active,408.1,2.4,98.8,11.8,74.9,Yes,0.0,None
06:47:03.152,Active,416.8,2.4,97.6,11.8,74.9,Yes,0.0,None
06:47:03.570,Active,409.6,2.4,98.2,11.8,75.5,Yes,0.0,None
06:47:03.987,Active,411.0,2.4,98.8,11.8,74.3,Yes,0.0,None
06:47:04.439,Active,445.2,2.4,97.2,11.8,76.0,Yes,0.0,None
06:47:04.855,Active,407.8,2.4,98.2,11.8,75.5,Yes,0.0,None
06:47:05.277,Active,413.5,2.4,97.6,11.8,74.9,Yes,0.0,None
06:47:05.693,Active,408.5,2.4,98.2,11.8,75.5,Yes,0.0,None
06:47:06.114,Active,410.7,2.4,97.6,11.8,74.9,Yes,0.0,None
06:47:06.532,Active,409.9,2.4,98.8,11.8,74.9,Yes,0.0,None
06:47:06.948,Active,408.7,2.4,98.2,11.8,76.0,Yes,0.0,None
06:47:07.363,Active,409.0,2.4,98.8,11.8,74.9,Yes,0.0,None
06:47:07.779,Active,407.0,2.4,98.2,11.8,74.9,Yes,0.0,None
06:47:08.195,Active,408.7,2.4,98.8,11.8,76.0,Yes,0.0,None
06:47:08.612,Active,407.5,2.4,98.2,11.8,75.5,Yes,0.0,None
06:47:09.032,Active,410.5,2.4,97.6,11.8,75.5,Yes,0.0,None
06:47:09.457,Active,415.2,2.4,98.8,11.8,76.0,Yes,0.0,None
06:47:09.872,Active,407.6,2.4,98.2,11.8,76.5,Yes,0.0,None
06:47:10.294,Active,411.6,2.4,98.2,11.8,75.5,Yes,0.0,None
06:47:10.728,Active,424.5,2.4,95.4,11.8,76.0,Yes,0.0,None
06:47:11.144,Active,409.5,2.4,99.4,11.8,75.5,Yes,0.0,None
06:47:11.558,Active,408.4,2.4,99.4,11.8,76.0,Yes,0.0,None
06:47:11.973,Active,407.3,2.4,98.8,11.8,76.0,Yes,0.0,None
06:47:12.392,Active,409.6,2.4,98.8,11.8,76.0,Yes,0.0,None
06:47:12.807,Active,408.0,2.4,98.2,11.8,76.0,Yes,0.0,None
06:47:13.224,Active,410.5,2.4,99.4,11.8,76.5,Yes,0.0,None
06:47:13.638,Active,405.0,2.4,98.2,11.8,76.0,Yes,0.0,None
06:47:14.058,Active,410.1,2.4,98.2,11.8,76.0,Yes,0.0,None
06:47:14.494,Active,426.7,2.4,97.7,11.8,75.5,Yes,0.0,None
06:47:14.910,Active,406.9,2.4,98.2,11.8,76.0,Yes,0.0,None
06:47:15.333,Active,413.2,2.4,97.6,11.8,77.1,Yes,0.0,None
06:47:15.748,Active,408.5,2.4,98.8,11.8,76.5,Yes,0.0,None
06:47:16.168,Active,412.8,2.4,98.2,11.8,76.5,Yes,0.0,None
06:47:16.583,Active,407.4,2.4,98.2,11.8,77.1,Yes,0.0,None
06:47:16.999,Active,409.8,2.4,98.8,11.8,76.5,Yes,0.0,None
06:47:17.417,Active,409.4,2.4,98.2,11.8,76.0,Yes,0.0,None
06:47:17.833,Active,409.4,2.4,99.4,11.8,76.0,Yes,0.0,None
06:47:18.250,Active,411.3,2.4,98.2,11.8,76.0,Yes,0.0,None
06:47:18.668,Active,408.2,2.4,98.2,11.8,76.0,Yes,0.0,None
06:47:19.087,Active,411.0,2.4,98.8,11.8,76.0,Yes,0.0,None
06:47:19.534,Active,438.0,2.4,96.6,11.8,76.5,Yes,0.0,None
06:47:19.952,Active,408.7,2.4,97.6,11.8,75.5,Yes,0.0,None
06:47:20.369,Active,409.1,2.4,98.8,11.8,76.5,Yes,0.0,None
06:47:20.784,Active,408.2,2.4,99.4,11.8,77.1,Yes,0.0,None
06:47:21.203,Active,411.0,2.4,98.2,11.8,76.5,Yes,0.0,None
06:47:21.626,Active,414.9,2.4,97.1,11.8,76.5,Yes,0.0,None
06:47:22.048,Active,412.1,2.4,97.6,11.8,76.5,Yes,0.0,None
06:47:22.464,Active,408.1,2.4,98.2,11.8,76.0,Yes,0.0,None
06:47:22.882,Active,410.6,2.4,97.0,11.8,76.5,Yes,0.0,None
06:47:23.301,Active,409.8,2.4,98.8,11.8,76.5,Yes,0.0,None
06:47:23.715,Active,407.9,2.4,99.4,11.8,76.5,Yes,0.0,None
06:47:24.133,Active,410.0,2.4,97.6,11.8,77.7,Yes,0.0,None
06:47:24.579,Active,435.1,2.4,98.3,11.8,76.0,Yes,0.0,None
06:47:24.995,Active,410.0,2.4,99.4,11.8,76.5,Yes,0.0,None
06:47:25.412,Active,411.3,2.4,98.8,11.8,76.5,Yes,0.0,None
06:47:25.827,Active,408.8,2.4,98.2,11.8,76.5,Yes,0.0,None
06:47:26.247,Active,411.2,2.4,98.2,11.8,76.5,Yes,0.0,None
06:47:26.664,Active,408.5,2.4,98.2,11.8,77.1,Yes,0.0,None
06:47:27.083,Active,411.3,2.4,98.8,11.8,76.0,Yes,0.0,None
06:47:27.504,Active,412.4,2.4,97.6,11.8,77.1,Yes,0.0,None
06:47:27.922,Active,410.1,2.4,97.6,11.8,77.1,Yes,0.0,None
06:47:28.341,Active,409.6,2.4,98.2,11.8,76.5,Yes,0.0,None
06:47:28.760,Active,408.9,2.4,98.2,11.8,77.1,Yes,0.0,None
06:47:29.176,Active,408.1,2.4,98.8,11.8,76.5,Yes,0.0,None
06:47:29.592,Active,410.0,2.4,98.8,11.8,77.1,Yes,0.0,None
06:47:30.017,Active,417.4,2.4,97.6,11.8,77.7,Yes,0.0,None
06:47:30.437,Active,409.8,2.4,97.6,11.7,76.5,Yes,0.0,None
06:47:30.851,Active,407.9,2.4,98.8,11.8,77.1,Yes,0.0,None
06:47:31.271,Active,411.5,2.4,98.8,11.8,76.5,Yes,0.0,None
06:47:31.685,Active,406.5,2.4,98.2,11.8,74.9,Yes,0.0,None
06:47:32.102,Active,408.7,2.4,99.4,11.8,76.5,Yes,0.0,None
06:48:17.538,Active,419.1,2.4,1.4,11.8,59.0,Yes,0.0,None
06:48:17.950,Active,406.0,2.4,100.0,11.8,60.0,Yes,0.0,None
06:48:18.366,Active,409.8,2.4,98.8,11.8,61.7,Yes,0.0,None
06:48:18.787,Active,407.2,2.4,97.0,11.8,62.2,Yes,0.0,None
06:48:19.203,Active,407.7,2.4,98.2,11.8,63.9,Yes,0.0,None
06:48:19.619,Active,407.7,2.4,98.8,11.8,63.4,Yes,0.0,None
06:48:20.035,Active,409.7,2.4,99.4,11.8,64.5,Yes,0.0,None
06:48:20.468,Active,426.4,3.0,99.4,11.8,65.0,Yes,0.0,None
06:48:20.879,Active,404.8,3.0,98.8,11.8,66.1,Yes,0.0,None
06:48:21.295,Active,407.2,3.0,99.4,11.8,66.1,Yes,0.0,None
06:48:21.712,Active,408.5,3.0,98.8,11.8,66.7,Yes,0.0,None
06:48:22.128,Active,409.9,3.0,98.8,11.8,66.7,Yes,0.0,None
06:48:22.544,Active,409.9,3.0,98.8,11.8,67.2,Yes,0.0,None
06:48:22.959,Active,409.2,3.0,98.8,11.8,67.2,Yes,0.0,None
06:48:23.375,Active,409.7,3.0,98.8,11.8,67.8,Yes,0.0,None
06:48:23.788,Active,406.5,3.0,98.8,11.8,68.3,Yes,0.0,None
06:48:24.205,Active,410.3,3.0,99.4,11.8,69.4,Yes,0.0,None
06:48:24.628,Active,413.1,2.4,97.6,11.7,68.3,Yes,0.0,None
06:48:25.049,Active,410.7,2.4,98.2,11.7,68.8,Yes,0.0,None
06:48:25.465,Active,408.7,2.4,98.2,11.7,69.4,Yes,0.0,None
06:48:25.901,Active,426.3,2.4,97.7,11.8,69.4,Yes,0.0,None
06:48:26.326,Active,414.8,2.4,97.6,11.8,70.5,Yes,0.0,None
06:48:26.745,Active,409.1,2.4,98.2,11.8,71.0,Yes,0.0,None
06:48:27.163,Active,411.2,2.4,98.8,11.8,70.0,Yes,0.0,None
06:48:27.582,Active,410.9,2.4,98.2,11.8,70.5,Yes,0.0,None
06:48:28.012,Active,420.7,2.4,96.5,11.8,70.0,Yes,0.0,None
06:48:28.428,Active,409.2,2.4,98.8,11.8,71.0,Yes,0.0,None
06:48:28.845,Active,409.1,2.4,98.8,11.8,71.0,Yes,0.0,None
06:48:29.265,Active,413.0,2.4,97.6,11.8,71.0,Yes,0.0,None
06:48:29.684,Active,412.4,2.4,98.8,11.8,70.5,Yes,0.0,None
06:48:30.109,Active,417.5,2.4,98.2,11.8,71.6,Yes,0.0,None
06:48:30.529,Active,414.0,2.4,97.6,11.8,71.6,Yes,0.0,None
06:48:30.943,Active,408.2,2.4,98.8,11.8,71.6,Yes,0.0,None
06:48:31.362,Active,412.5,2.4,98.2,11.8,72.2,Yes,0.0,None
06:48:31.777,Active,409.1,2.4,98.8,11.8,72.2,Yes,0.0,None
06:48:32.195,Active,411.1,2.4,99.4,11.7,72.7,Yes,0.0,None
06:48:32.612,Active,408.4,2.4,97.6,11.7,72.7,Yes,0.0,None
06:48:33.028,Active,410.2,2.4,99.4,11.7,72.7,Yes,0.0,None
06:48:33.442,Active,408.0,2.4,98.8,11.7,72.2,Yes,0.0,None
06:48:33.861,Active,409.0,2.4,97.6,11.8,73.2,Yes,0.0,None
06:48:34.277,Active,410.0,2.4,98.8,11.8,72.7,Yes,0.0,None
06:48:34.697,Active,409.9,2.4,97.6,11.8,72.7,Yes,0.0,None
06:48:35.117,Active,412.2,2.4,98.8,11.8,72.7,Yes,0.0,None
06:48:35.532,Active,409.3,2.4,98.2,11.8,72.7,Yes,0.0,None
06:48:35.977,Active,437.6,2.4,98.9,11.9,72.7,Yes,0.0,None
06:48:36.395,Active,407.7,2.4,97.6,11.9,71.6,Yes,0.0,None
06:48:36.810,Active,407.4,2.4,98.8,11.9,73.8,Yes,0.0,None
06:48:37.225,Active,409.6,2.4,98.8,11.9,73.8,Yes,0.0,None
06:48:37.644,Active,408.4,2.4,98.2,11.9,72.7,Yes,0.0,None
06:48:38.063,Active,409.4,2.4,98.2,11.8,73.2,Yes,0.0,None
06:48:38.476,Active,406.9,2.4,98.8,11.8,73.8,Yes,0.0,None
06:48:38.891,Active,407.1,2.4,98.2,11.8,73.8,Yes,0.0,None
06:48:39.307,Active,410.1,2.4,99.4,11.8,72.7,Yes,0.0,None
06:48:39.722,Active,407.6,2.4,98.2,11.8,73.8,Yes,0.0,None
06:48:40.141,Active,411.0,2.4,98.8,11.8,73.8,Yes,0.0,None
06:48:40.559,Active,407.8,2.4,97.6,11.8,73.8,Yes,0.0,None
06:48:40.989,Active,419.1,2.4,98.2,11.8,73.8,Yes,0.0,None
06:48:41.407,Active,408.4,2.4,97.6,11.8,73.8,Yes,0.0,None
06:48:41.825,Active,410.8,2.4,98.8,11.8,74.3,Yes,0.0,None
06:48:42.243,Active,410.7,2.4,98.2,11.8,73.8,Yes,0.0,None
06:48:42.664,Active,408.7,2.4,97.6,11.8,74.3,Yes,0.0,None
06:48:43.084,Active,410.5,2.4,98.2,11.8,74.9,Yes,0.0,None
06:48:43.502,Active,408.2,2.4,97.6,11.8,74.3,Yes,0.0,None
06:48:43.919,Active,409.1,2.4,98.8,11.8,73.8,Yes,0.0,None
06:48:44.337,Active,409.4,2.4,98.8,11.8,73.8,Yes,0.0,None
06:48:44.751,Active,407.1,2.4,99.4,11.8,73.8,Yes,0.0,None
06:48:45.171,Active,410.3,2.4,97.6,11.8,74.3,Yes,0.0,None
06:48:45.589,Active,407.9,2.4,98.2,11.8,74.3,Yes,0.0,None
06:48:46.020,Active,421.4,2.4,98.3,11.8,74.3,Yes,0.0,None
06:48:46.441,Active,410.8,2.4,97.6,11.8,74.3,Yes,0.0,None
06:48:46.856,Active,408.6,2.4,98.2,11.8,74.9,Yes,0.0,None
06:48:47.276,Active,410.4,2.4,98.2,11.8,74.3,Yes,0.0,None
06:48:47.700,Active,415.1,2.4,97.1,11.8,74.9,Yes,0.0,None
06:48:48.115,Active,407.4,2.4,99.4,11.8,75.5,Yes,0.0,None
06:48:48.535,Active,408.2,2.4,98.2,11.8,74.3,Yes,0.0,None
06:48:48.948,Active,406.5,2.4,98.8,11.8,76.0,Yes,0.0,None
06:48:49.368,Active,411.1,2.4,98.2,11.8,74.9,Yes,0.0,None
06:48:49.786,Active,407.8,2.4,98.2,11.8,74.3,Yes,0.0,None
06:48:50.209,Active,413.1,2.4,98.2,11.8,74.9,Yes,0.0,None
06:48:50.625,Active,409.7,2.4,98.2,11.8,74.9,Yes,0.0,None
06:48:51.065,Active,429.7,2.4,97.1,11.8,75.5,Yes,0.0,None
06:48:51.481,Active,409.4,2.4,98.8,11.8,74.9,Yes,0.0,None
06:48:51.895,Active,407.9,2.4,98.8,11.8,75.5,Yes,0.0,None
06:48:52.311,Active,409.6,2.4,98.8,11.8,75.5,Yes,0.0,None
06:48:52.727,Active,406.7,2.4,98.2,11.8,76.5,Yes,0.0,None
06:48:53.148,Active,413.8,2.4,98.8,11.8,74.9,Yes,0.0,None
06:48:53.562,Active,407.1,2.4,98.2,11.8,75.5,Yes,0.0,None
06:48:53.982,Active,409.7,2.4,98.2,11.8,74.3,Yes,0.0,None
06:48:54.400,Active,408.9,2.4,97.6,11.8,75.5,Yes,0.0,None
06:48:54.816,Active,406.4,2.4,98.2,11.8,75.5,Yes,0.0,None
06:48:55.237,Active,411.1,2.4,98.2,11.8,75.5,Yes,0.0,None
06:48:55.653,Active,410.0,2.4,98.2,11.8,75.5,Yes,0.0,None
06:48:56.089,Active,428.7,2.4,98.9,11.8,74.3,Yes,0.0,None
06:48:56.505,Active,406.6,2.4,98.8,11.8,76.0,Yes,0.0,None
06:48:56.921,Active,408.3,2.4,98.8,11.8,75.5,Yes,0.0,None
06:48:57.340,Active,410.3,2.4,98.2,11.8,75.5,Yes,0.0,None
06:48:57.758,Active,408.3,2.4,98.2,11.8,76.5,Yes,0.0,None
06:48:58.175,Active,408.8,2.4,98.2,11.8,76.0,Yes,0.0,None
06:48:58.592,Active,408.5,2.4,98.2,11.8,76.0,Yes,0.0,None
06:48:59.012,Active,414.1,2.4,98.2,11.8,76.0,Yes,0.0,None
06:48:59.428,Active,408.5,2.4,98.8,11.8,75.5,Yes,0.0,None
06:48:59.843,Active,409.0,2.4,98.2,11.8,75.5,Yes,0.0,None
06:49:00.271,Active,419.8,2.4,97.1,11.8,75.5,Yes,0.0,None
06:49:00.699,Active,419.3,2.4,96.5,11.8,74.9,Yes,0.0,None
06:49:01.117,Active,409.3,2.4,98.2,11.8,77.1,Yes,0.0,None
06:49:01.529,Active,405.0,2.4,99.4,11.8,76.5,Yes,0.0,None
06:49:01.941,Active,406.0,2.4,99.4,11.8,76.0,Yes,0.0,None
06:49:02.356,Active,408.9,2.4,98.8,11.7,76.0,Yes,0.0,None
06:49:02.767,Active,405.8,2.4,99.4,11.7,75.5,Yes,0.0,None
06:49:03.183,Active,409.8,2.4,98.8,11.7,76.0,Yes,0.0,None
06:49:03.600,Active,407.0,2.4,98.2,11.7,75.5,Yes,0.0,None
06:49:04.019,Active,409.2,2.4,98.2,11.7,76.5,Yes,0.0,None
06:49:04.437,Active,407.8,2.4,98.2,11.7,75.5,Yes,0.0,None
06:49:04.857,Active,410.1,2.4,97.6,11.7,76.0,Yes,0.0,None
06:49:05.276,Active,411.2,2.4,97.6,11.7,76.5,Yes,0.0,None
06:49:05.693,Active,407.1,2.4,98.2,11.7,76.5,Yes,0.0,None
06:49:06.139,Active,437.9,2.4,98.3,11.9,76.5,Yes,0.0,None
06:49:06.556,Active,408.1,2.4,98.2,11.9,76.5,Yes,0.0,None
06:49:06.975,Active,408.8,2.4,98.2,11.9,77.1,Yes,0.0,None
06:49:07.393,Active,408.0,2.4,97.6,11.9,76.0,Yes,0.0,None
06:49:07.810,Active,409.2,2.4,97.6,11.9,76.5,Yes,0.0,None
06:49:08.231,Active,411.0,2.4,98.8,11.9,76.5,Yes,0.0,None
06:49:08.645,Active,406.6,2.4,98.2,11.9,76.0,Yes,0.0,None
06:49:09.061,Active,409.6,2.4,98.8,11.9,76.5,Yes,0.0,None
06:49:09.477,Active,409.5,2.4,99.4,11.8,76.0,Yes,0.0,None
06:49:09.890,Active,406.5,2.4,98.2,11.8,76.5,Yes,0.0,None
06:49:10.309,Active,411.0,2.4,98.8,11.8,76.5,Yes,0.0,None
06:49:10.729,Active,409.6,2.4,97.6,11.8,76.5,Yes,0.0,None
06:49:11.149,Active,413.9,2.4,97.6,11.8,76.5,Yes,0.0,None
06:49:11.577,Active,418.7,2.4,98.8,11.8,77.1,Yes,0.0,None
06:49:11.992,Active,409.4,2.4,99.4,11.8,77.1,Yes,0.0,None
06:49:12.406,Active,407.0,2.4,98.8,11.8,76.5,Yes,0.0,None
06:49:12.825,Active,409.2,2.4,98.2,11.8,77.1,Yes,0.0,None
06:49:13.244,Active,412.4,2.4,98.8,11.8,76.5,Yes,0.0,None
06:49:13.658,Active,407.8,2.4,98.8,11.8,76.5,Yes,0.0,None
06:49:14.083,Active,415.2,2.4,97.1,11.8,77.1,Yes,0.0,None
06:49:14.500,Active,408.6,2.4,98.2,11.8,76.0,Yes,0.0,None
06:49:15.027,Active,417.9,2.3,78.9,11.8,76.5,Yes,0.0,None
06:49:15.446,Active,408.7,2.3,98.2,11.8,74.9,Yes,0.0,None
06:49:15.865,Active,410.8,2.3,98.2,11.8,76.5,Yes,0.0,None
06:49:16.296,Active,423.2,2.3,98.3,11.8,76.5,Yes,0.0,None
06:49:16.816,Active,412.0,2.3,78.7,11.8,76.0,Yes,0.0,None
06:49:17.244,Active,420.5,2.3,98.2,11.8,76.5,Yes,0.0,None
06:50:02.678,Active,419.2,2.3,1.4,11.8,59.0,Yes,0.0,None
06:50:03.099,Active,408.5,2.3,98.8,11.8,59.5,Yes,0.0,None
06:50:03.518,Active,407.9,2.3,97.6,11.8,61.1,Yes,0.0,None
06:50:03.935,Active,408.8,2.3,98.2,11.8,61.7,Yes,0.0,None
06:50:04.355,Active,409.7,4.8,98.2,11.8,62.8,Yes,0.0,None
06:50:04.771,Active,408.6,4.8,98.8,11.8,62.8,Yes,0.0,None
06:50:05.187,Active,410.4,4.8,98.8,11.8,64.5,Yes,0.0,None
06:50:05.602,Active,407.9,4.8,98.8,11.8,65.0,Yes,0.0,None
06:50:06.017,Active,409.1,4.8,98.8,11.8,65.0,Yes,0.0,None
06:50:06.435,Active,408.2,4.8,98.2,11.8,66.1,Yes,0.0,None
06:50:06.849,Active,408.2,4.8,98.8,11.8,67.2,Yes,0.0,None
06:50:07.316,Active,457.9,4.8,96.8,11.8,66.1,Yes,0.0,None
06:50:07.733,Active,408.2,4.8,98.8,11.8,67.8,Yes,0.0,None
06:50:08.151,Active,411.5,4.8,98.8,11.8,67.2,Yes,0.0,None
06:50:08.580,Active,420.7,2.4,95.9,11.8,67.8,Yes,0.0,None
06:50:08.998,Active,411.0,2.4,98.8,11.8,67.8,Yes,0.0,None
06:50:09.412,Active,407.0,2.4,99.4,11.8,68.3,Yes,0.0,None
06:50:09.825,Active,408.0,2.4,99.4,11.8,68.8,Yes,0.0,None
06:50:10.247,Active,411.7,2.4,97.6,11.8,69.4,Yes,0.0,None
06:50:10.663,Active,408.0,2.4,98.8,11.8,67.8,Yes,0.0,None
06:50:11.080,Active,410.5,2.4,98.8,11.8,70.0,Yes,0.0,None
06:50:11.496,Active,408.5,2.4,98.8,11.8,70.0,Yes,0.0,None
06:50:11.913,Active,409.9,2.4,98.2,11.8,69.4,Yes,0.0,None
06:50:12.347,Active,427.7,2.4,97.1,11.8,70.0,Yes,0.0,None
06:50:12.763,Active,407.3,2.4,98.8,11.8,69.4,Yes,0.0,None
06:50:13.182,Active,410.6,2.4,98.2,11.8,70.0,Yes,0.0,None
06:50:13.597,Active,408.0,2.4,98.8,11.8,70.5,Yes,0.0,None
06:50:14.012,Active,409.1,2.4,98.8,11.8,70.5,Yes,0.0,None
06:50:14.456,Active,432.8,2.4,94.9,11.8,71.0,Yes,0.0,None
06:50:14.875,Active,408.7,2.4,98.2,11.8,71.0,Yes,0.0,None
06:50:15.295,Active,411.0,2.4,98.2,11.7,71.0,Yes,0.0,None
06:50:15.711,Active,408.1,2.4,98.8,11.7,71.6,Yes,0.0,None
06:50:16.131,Active,411.5,2.4,97.0,11.8,71.6,Yes,0.0,None
06:50:16.556,Active,415.0,2.4,97.6,11.8,71.6,Yes,0.0,None
06:50:16.973,Active,409.0,2.4,98.8,11.8,71.6,Yes,0.0,None
06:50:17.402,Active,422.1,2.4,98.8,11.8,71.6,Yes,0.0,None
06:50:17.819,Active,407.2,2.4,98.8,11.8,72.2,Yes,0.0,None
06:50:18.238,Active,409.6,2.4,98.8,11.8,72.2,Yes,0.0,None
06:50:18.668,Active,420.4,2.4,96.5,11.8,72.2,Yes,0.0,None
06:50:19.085,Active,409.8,2.4,98.2,11.8,72.2,Yes,0.0,None
06:50:19.502,Active,410.9,2.4,99.4,11.8,72.2,Yes,0.0,None
06:50:19.922,Active,410.1,2.4,97.6,11.8,73.2,Yes,0.0,None
06:50:20.338,Active,410.6,2.4,98.8,11.7,72.7,Yes,0.0,None
06:50:20.887,Active,438.4,2.4,77.0,11.7,72.2,Yes,0.0,None
06:50:21.302,Active,409.3,2.3,98.8,11.7,72.7,Yes,0.0,None
06:50:21.715,Active,406.5,2.3,99.4,11.7,72.2,Yes,0.0,None
06:50:22.134,Active,410.9,2.3,98.8,11.7,72.7,Yes,0.0,None
06:50:22.571,Active,430.8,2.3,97.7,11.9,73.2,Yes,0.0,None
06:50:22.988,Active,410.2,2.3,98.8,11.9,72.7,Yes,0.0,None
06:50:23.405,Active,409.3,2.3,98.8,11.9,72.7,Yes,0.0,None
06:50:23.821,Active,409.3,2.3,98.8,11.9,73.2,Yes,0.0,None
06:50:24.238,Active,410.8,2.3,98.8,11.9,73.8,Yes,0.0,None
06:50:24.655,Active,407.3,2.3,98.8,11.9,72.7,Yes,0.0,None
06:50:25.072,Active,408.8,2.3,98.8,11.9,72.2,Yes,0.0,None
06:50:25.487,Active,408.4,2.4,98.8,11.9,73.2,Yes,0.0,None
06:50:25.902,Active,406.8,2.4,98.2,11.9,74.3,Yes,0.0,None
06:50:26.319,Active,410.4,2.4,98.8,11.9,73.8,Yes,0.0,None
06:50:26.733,Active,408.0,2.4,98.8,11.9,74.3,Yes,0.0,None
06:50:27.151,Active,411.2,2.4,99.4,11.9,73.8,Yes,0.0,None
06:50:27.583,Active,423.9,2.4,98.3,11.9,73.8,Yes,0.0,None
06:50:28.002,Active,410.7,2.4,97.6,11.9,74.3,Yes,0.0,None
06:50:28.417,Active,407.7,2.4,98.8,11.9,73.8,Yes,0.0,None
06:50:28.831,Active,407.8,2.4,98.8,11.9,74.3,Yes,0.0,None
06:50:29.250,Active,410.9,2.4,98.8,11.8,74.3,Yes,0.0,None
06:50:29.663,Active,406.4,2.4,99.4,11.8,73.8,Yes,0.0,None
06:50:30.075,Active,406.0,2.4,99.4,11.8,74.9,Yes,0.0,None
06:50:30.490,Active,408.3,2.4,98.8,11.8,74.9,Yes,0.0,None
06:50:30.907,Active,407.9,2.4,98.2,11.8,73.8,Yes,0.0,None
06:50:31.323,Active,408.8,2.4,99.4,11.8,74.9,Yes,0.0,None
06:50:31.735,Active,404.5,2.4,99.4,11.8,74.3,Yes,0.0,None
06:50:32.154,Active,409.7,2.4,98.2,11.8,74.3,Yes,0.0,None
06:50:32.572,Active,408.7,2.4,98.8,11.8,75.5,Yes,0.0,None
06:50:32.997,Active,418.0,2.4,98.2,11.8,74.3,Yes,0.0,None
06:50:33.413,Active,409.5,2.4,98.8,11.8,74.9,Yes,0.0,None
06:50:33.845,Active,425.4,2.4,95.3,11.8,74.3,Yes,0.0,None
06:50:34.261,Active,410.1,2.4,99.4,11.8,73.8,Yes,0.0,None
06:50:34.679,Active,408.7,2.4,98.2,11.8,74.3,Yes,0.0,None
06:50:35.096,Active,408.2,2.4,98.2,11.8,74.3,Yes,0.0,None
06:50:35.517,Active,410.5,2.4,98.2,11.8,74.9,Yes,0.0,None
06:50:35.938,Active,414.5,2.4,97.6,11.8,74.3,Yes,0.0,None
06:50:36.365,Active,417.5,2.4,96.5,11.8,75.5,Yes,0.0,None
06:50:36.777,Active,405.6,2.4,98.8,11.8,73.8,Yes,0.0,None
06:50:37.194,Active,407.5,2.4,98.2,11.8,75.5,Yes,0.0,None
06:50:37.649,Active,445.1,2.4,97.3,11.8,74.9,Yes,0.0,None
06:50:38.064,Active,408.8,2.4,98.8,11.8,75.5,Yes,0.0,None
06:50:38.480,Active,409.3,2.4,98.8,11.8,74.9,Yes,0.0,None
06:50:38.917,Active,430.8,2.4,94.8,11.8,74.9,Yes,0.0,None
06:50:39.331,Active,408.0,2.4,99.4,11.8,75.5,Yes,0.0,None
06:50:39.744,Active,406.1,2.4,99.4,11.8,74.9,Yes,0.0,None
06:50:40.159,Active,408.4,2.4,98.8,11.8,74.9,Yes,0.0,None
06:50:40.571,Active,406.3,2.4,99.4,11.8,75.5,Yes,0.0,None
06:50:41.000,Active,420.3,2.4,97.1,11.8,75.5,Yes,0.0,None
06:50:41.419,Active,412.8,2.4,98.2,11.8,74.9,Yes,0.0,None
06:50:41.836,Active,411.3,2.4,98.2,11.8,74.9,Yes,0.0,None
06:50:42.259,Active,412.8,2.4,97.1,11.8,76.0,Yes,0.0,None
06:50:42.674,Active,407.5,2.4,98.8,11.8,75.5,Yes,0.0,None
06:50:43.101,Active,420.8,2.4,99.4,11.8,74.9,Yes,0.0,None
06:50:43.518,Active,408.7,2.4,98.2,11.8,74.9,Yes,0.0,None
06:50:43.933,Active,405.5,2.4,98.2,11.8,75.5,Yes,0.0,None
06:50:44.352,Active,411.7,2.4,98.2,11.8,74.9,Yes,0.0,None
06:50:44.768,Active,407.0,2.4,98.8,11.8,74.9,Yes,0.0,None
06:50:45.185,Active,409.1,2.4,98.2,11.8,74.9,Yes,0.0,None
06:50:45.609,Active,417.4,2.4,97.6,11.8,76.0,Yes,0.0,None
06:50:46.028,Active,412.7,2.4,98.8,11.8,75.5,Yes,0.0,None
06:50:46.449,Active,413.2,2.4,97.0,11.8,76.5,Yes,0.0,None
06:50:46.864,Active,408.4,2.4,99.4,11.8,76.0,Yes,0.0,None
06:50:47.280,Active,410.0,2.4,99.4,11.8,76.0,Yes,0.0,None
06:50:47.700,Active,408.5,2.4,97.6,11.8,76.0,Yes,0.0,None
06:50:48.132,Active,425.3,2.4,98.8,11.8,77.1,Yes,0.0,None
06:50:48.547,Active,408.1,2.4,99.4,11.8,76.0,Yes,0.0,None
06:50:48.964,Active,410.3,2.4,98.8,11.8,77.1,Yes,0.0,None
06:50:49.380,Active,408.2,2.4,98.8,11.8,75.5,Yes,0.0,None
06:50:49.801,Active,409.4,2.4,97.6,11.8,75.5,Yes,0.0,None
06:50:50.218,Active,410.3,2.4,98.8,11.8,76.0,Yes,0.0,None
06:50:50.637,Active,409.4,2.4,97.6,11.8,75.5,Yes,0.0,None
06:50:51.054,Active,409.5,2.4,98.8,11.8,76.5,Yes,0.0,None
06:50:51.467,Active,407.0,2.4,98.8,11.8,76.5,Yes,0.0,None
06:50:51.889,Active,412.0,2.4,97.0,11.8,76.0,Yes,0.0,None
06:50:52.305,Active,409.0,2.4,99.4,11.8,76.0,Yes,0.0,None
06:50:52.718,Active,405.9,2.4,98.8,11.8,76.0,Yes,0.0,None
06:50:53.156,Active,428.6,2.4,97.7,11.8,76.5,Yes,0.0,None
06:50:53.577,Active,410.5,2.4,98.2,11.8,76.0,Yes,0.0,None
06:50:53.997,Active,413.6,2.4,98.8,11.8,76.5,Yes,0.0,None
06:50:54.488,Active,485.0,2.4,97.4,11.9,74.9,Yes,0.0,None
06:50:54.908,Active,411.9,2.3,98.8,11.8,75.5,Yes,0.0,None
06:50:55.325,Active,410.6,2.3,98.8,11.8,76.0,Yes,0.0,None
06:50:55.745,Active,413.4,2.3,99.4,11.8,76.0,Yes,0.0,None
06:50:56.162,Active,410.9,2.3,98.2,11.8,76.5,Yes,0.0,None
06:50:56.581,Active,411.8,2.3,98.8,11.8,76.5,Yes,0.0,None
06:50:57.002,Active,411.4,2.3,98.2,11.8,76.0,Yes,0.0,None
06:50:57.417,Active,408.2,2.3,98.8,11.8,76.0,Yes,0.0,None
06:50:57.828,Active,406.0,2.3,99.4,11.8,76.0,Yes,0.0,None
06:50:58.263,Active,427.4,2.3,98.9,11.8,77.1,Yes,0.0,None
06:50:58.678,Active,408.3,2.3,98.8,11.8,76.0,Yes,0.0,None
06:50:59.095,Active,410.5,2.4,98.8,11.8,76.0,Yes,0.0,None
06:50:59.513,Active,409.2,2.4,97.6,11.8,76.0,Yes,0.0,None
06:50:59.929,Active,407.8,2.4,98.2,11.8,76.0,Yes,0.0,None
06:51:00.347,Active,408.5,2.4,98.2,11.8,76.0,Yes,0.0,None
06:51:00.765,Active,410.8,2.4,98.8,11.8,77.1,Yes,0.0,None
06:51:01.183,Active,411.8,2.4,98.8,11.8,76.5,Yes,0.0,None
06:51:01.603,Active,411.9,2.4,97.6,11.8,76.0,Yes,0.0,None
06:51:02.025,Active,413.5,2.4,98.2,11.8,76.5,Yes,0.0,None
06:51:02.441,Active,408.9,2.4,98.2,11.8,77.1,Yes,0.0,None
06:51:47.879,Active,423.7,2.4,1.1,11.8,58.4,Yes,0.0,None
06:51:48.290,Active,405.5,11.9,100.0,11.8,60.0,Yes,0.0,None
06:51:48.702,Active,406.1,11.9,99.4,11.7,61.1,Yes,0.0,None
06:51:49.135,Active,427.0,11.9,99.4,11.8,62.2,Yes,0.0,None
06:51:49.556,Active,410.6,11.9,97.6,11.8,62.2,Yes,0.0,None
06:51:49.999,Active,435.4,11.9,94.9,11.8,63.4,Yes,0.0,None
06:51:50.425,Active,417.4,11.9,97.0,11.8,64.5,Yes,0.0,None
06:51:50.838,Active,406.6,11.9,98.2,11.7,65.0,Yes,0.0,None
06:51:51.259,Active,410.4,11.9,98.2,11.7,65.5,Yes,0.0,None
06:51:51.672,Active,406.2,11.9,98.8,11.7,66.1,Yes,0.0,None
06:51:52.087,Active,407.0,11.9,98.8,11.7,66.1,Yes,0.0,None
06:51:52.503,Active,408.5,2.4,99.4,11.7,66.1,Yes,0.0,None
06:51:52.917,Active,407.0,2.4,98.8,11.7,67.2,Yes,0.0,None
06:51:53.333,Active,409.7,2.4,99.4,11.7,66.7,Yes,0.0,None
06:51:53.749,Active,409.7,2.4,99.4,11.7,67.8,Yes,0.0,None
06:51:54.189,Active,433.6,2.4,98.3,11.8,67.2,Yes,0.0,None
06:51:54.606,Active,410.9,2.4,98.2,11.8,69.4,Yes,0.0,None
06:51:55.027,Active,411.4,2.4,98.2,11.8,68.8,Yes,0.0,None
06:51:55.440,Active,407.2,2.4,98.8,11.8,68.3,Yes,0.0,None
06:51:55.856,Active,406.4,2.4,98.2,11.8,68.8,Yes,0.0,None
06:51:56.273,Active,409.8,2.4,99.4,11.8,69.4,Yes,0.0,None
06:51:56.687,Active,407.8,2.4,98.8,11.8,70.0,Yes,0.0,None
06:51:57.106,Active,413.2,2.4,98.8,11.7,70.0,Yes,0.0,None
06:51:57.541,Active,425.6,2.4,94.8,11.8,70.0,Yes,0.0,None
06:51:57.955,Active,407.4,2.4,99.4,11.8,70.0,Yes,0.0,None
06:51:58.371,Active,407.8,2.4,98.8,11.8,70.5,Yes,0.0,None
06:51:58.783,Active,406.2,2.4,98.8,11.8,71.0,Yes,0.0,None
06:51:59.218,Active,428.3,2.4,98.8,11.8,70.5,Yes,0.0,None
06:51:59.631,Active,406.3,2.4,99.4,11.8,71.0,Yes,0.0,None
06:52:00.046,Active,409.1,2.4,99.4,11.8,71.0,Yes,0.0,None
06:52:00.460,Active,407.9,2.4,100.0,11.8,71.0,Yes,0.0,None
06:52:00.874,Active,407.5,2.4,98.8,11.8,71.6,Yes,0.0,None
06:52:01.292,Active,410.7,2.4,98.2,11.8,71.6,Yes,0.0,None
06:52:01.709,Active,407.5,2.4,98.2,11.8,72.2,Yes,0.0,None
06:52:02.129,Active,409.9,2.4,98.2,11.8,72.2,Yes,0.0,None
06:52:02.546,Active,407.6,2.4,98.2,11.7,72.2,Yes,0.0,None
06:52:02.961,Active,406.5,2.4,98.2,11.8,71.6,Yes,0.0,None
06:52:03.375,Active,407.4,2.4,98.2,11.8,71.6,Yes,0.0,None
06:52:03.796,Active,408.6,2.4,98.2,11.8,72.2,Yes,0.0,None
06:52:04.215,Active,410.8,2.4,97.6,11.8,72.7,Yes,0.0,None
06:52:04.633,Active,411.0,2.4,98.8,11.8,72.2,Yes,0.0,None
06:52:05.052,Active,411.4,2.4,97.6,11.8,72.7,Yes,0.0,None
06:52:05.467,Active,409.0,2.4,99.4,11.8,72.7,Yes,0.0,None
06:52:05.882,Active,407.9,2.4,98.2,11.7,72.7,Yes,0.0,None
06:52:06.312,Active,420.3,2.4,96.0,11.8,71.6,Yes,0.0,None
06:52:06.731,Active,409.1,2.4,98.2,11.7,74.3,Yes,0.0,None
06:52:07.152,Active,410.9,2.4,98.2,11.8,73.8,Yes,0.0,None
06:52:07.570,Active,409.0,2.4,98.2,11.7,73.2,Yes,0.0,None
06:52:07.990,Active,411.1,2.4,97.6,11.7,73.2,Yes,0.0,None
06:52:08.409,Active,409.0,2.4,98.2,11.7,73.2,Yes,0.0,None
06:52:08.823,Active,407.6,2.4,99.4,11.7,73.2,Yes,0.0,None
06:52:09.272,Active,440.9,2.4,98.3,11.8,73.2,Yes,0.0,None
06:52:09.691,Active,408.3,2.4,97.6,11.8,73.2,Yes,0.0,None
06:52:10.109,Active,411.1,2.4,98.8,11.8,73.2,Yes,0.0,None
06:52:10.522,Active,407.0,2.4,98.8,11.8,73.8,Yes,0.0,None
06:52:10.941,Active,409.0,2.4,97.6,11.8,73.8,Yes,0.0,None
06:52:11.359,Active,408.7,2.4,98.2,11.8,73.8,Yes,0.0,None
06:52:11.776,Active,406.9,2.4,98.2,11.8,73.8,Yes,0.0,None
06:52:12.196,Active,410.6,2.4,97.6,11.8,73.8,Yes,0.0,None
06:52:12.720,Active,417.0,2.4,78.9,11.8,74.3,Yes,0.0,None
06:52:13.137,Active,409.3,2.4,98.8,11.8,73.2,Yes,0.0,None
06:52:13.552,Active,408.7,2.3,99.4,11.8,73.2,Yes,0.0,None
06:52:13.971,Active,412.7,2.3,98.2,11.8,74.3,Yes,0.0,None
06:52:14.401,Active,422.9,2.3,98.2,11.8,72.2,Yes,0.0,None
06:52:14.818,Active,410.2,2.3,98.2,11.8,73.8,Yes,0.0,None
06:52:15.233,Active,409.0,2.3,99.4,11.8,74.3,Yes,0.0,None
06:52:15.655,Active,415.4,2.3,97.6,11.8,74.3,Yes,0.0,None
06:52:16.072,Active,410.3,2.3,98.2,11.8,73.8,Yes,0.0,None
06:52:16.488,Active,408.5,2.3,98.8,11.8,74.3,Yes,0.0,None
06:52:16.905,Active,409.7,2.3,98.8,11.8,74.3,Yes,0.0,None
06:52:17.324,Active,412.7,2.3,98.2,11.8,73.8,Yes,0.0,None
06:52:17.739,Active,407.4,2.4,98.2,11.8,74.9,Yes,0.0,None
06:52:18.158,Active,413.4,2.4,99.4,11.8,74.9,Yes,0.0,None
06:52:18.571,Active,406.4,2.4,99.4,11.8,74.9,Yes,0.0,None
06:52:18.986,Active,409.5,2.4,99.4,11.8,74.9,Yes,0.0,None
06:52:19.415,Active,422.4,2.4,99.4,11.8,74.9,Yes,0.0,None
06:52:19.834,Active,407.9,2.4,98.8,11.8,74.9,Yes,0.0,None
06:52:20.250,Active,409.9,2.4,99.4,11.8,74.9,Yes,0.0,None
06:52:20.663,Active,406.5,2.4,99.4,11.8,75.5,Yes,0.0,None
06:52:21.082,Active,410.9,2.4,98.8,11.8,74.9,Yes,0.0,None
06:52:21.495,Active,406.5,2.4,99.4,11.8,74.3,Yes,0.0,None
06:52:21.906,Active,405.5,2.4,99.4,11.8,74.3,Yes,0.0,None
06:52:22.323,Active,408.1,2.4,98.8,11.8,76.0,Yes,0.0,None
06:52:22.735,Active,405.9,2.4,99.4,11.8,75.5,Yes,0.0,None
06:52:23.151,Active,407.9,2.4,98.8,11.8,75.5,Yes,0.0,None
06:52:23.567,Active,410.1,2.4,99.4,11.8,74.9,Yes,0.0,None
06:52:23.984,Active,408.8,2.4,98.2,11.8,75.5,Yes,0.0,None
06:52:24.423,Active,431.1,2.4,98.9,11.8,74.9,Yes,0.0,None
06:52:24.840,Active,408.0,2.4,98.2,11.8,75.5,Yes,0.0,None
06:52:25.260,Active,414.6,2.4,98.8,11.8,74.9,Yes,0.0,None
06:52:25.675,Active,407.7,2.4,98.2,11.8,75.5,Yes,0.0,None
06:52:26.095,Active,411.2,2.4,98.2,11.8,75.5,Yes,0.0,None
06:52:26.515,Active,411.4,2.4,98.2,11.8,76.0,Yes,0.0,None
06:52:26.943,Active,419.1,2.4,98.8,11.8,74.9,Yes,0.0,None
06:52:27.380,Active,429.0,2.4,95.4,11.8,75.5,Yes,0.0,None
06:52:27.798,Active,410.8,2.4,98.8,11.8,76.0,Yes,0.0,None
06:52:28.220,Active,412.2,2.4,98.2,11.8,76.0,Yes,0.0,None
06:52:28.637,Active,409.8,2.4,98.8,11.8,75.5,Yes,0.0,None
06:52:29.059,Active,413.0,2.4,98.2,11.8,76.0,Yes,0.0,None
06:52:29.476,Active,410.6,2.4,98.8,11.8,75.5,Yes,0.0,None
06:52:29.912,Active,429.8,2.4,98.9,11.8,76.5,Yes,0.0,None
06:52:30.328,Active,409.8,2.4,98.8,11.8,75.5,Yes,0.0,None
06:52:30.761,Active,425.1,2.4,95.3,11.8,76.0,Yes,0.0,None
06:52:31.181,Active,413.4,2.4,98.8,11.8,76.0,Yes,0.0,None
06:52:31.595,Active,407.9,2.4,98.2,11.8,74.9,Yes,0.0,None
06:52:32.017,Active,413.6,2.4,98.8,11.8,76.5,Yes,0.0,None
06:52:32.430,Active,406.9,2.4,98.8,11.8,76.0,Yes,0.0,None
06:52:32.848,Active,408.4,2.4,98.8,11.8,75.5,Yes,0.0,None
06:52:33.265,Active,409.7,2.4,98.8,11.8,76.0,Yes,0.0,None
06:52:33.700,Active,426.2,2.4,94.8,11.8,75.5,Yes,0.0,None
06:52:34.116,Active,409.2,2.4,98.2,11.8,76.5,Yes,0.0,None
06:52:34.530,Active,408.0,2.4,99.4,11.8,76.0,Yes,0.0,None
06:52:34.946,Active,406.6,2.4,97.6,11.8,76.0,Yes,0.0,None
06:52:35.365,Active,412.1,2.4,99.4,11.8,76.5,Yes,0.0,None
06:52:35.778,Active,407.2,2.4,98.8,11.8,75.5,Yes,0.0,None
06:52:36.197,Active,408.9,2.4,98.2,11.8,76.0,Yes,0.0,None
06:52:36.613,Active,409.6,2.4,98.8,11.8,76.0,Yes,0.0,None
06:52:37.029,Active,410.0,2.4,98.2,11.8,76.5,Yes,0.0,None
06:52:37.444,Active,408.6,2.4,98.8,11.8,76.0,Yes,0.0,None
06:52:37.859,Active,407.9,2.4,98.2,11.8,77.1,Yes,0.0,None
06:52:38.278,Active,409.1,2.4,98.2,11.8,77.7,Yes,0.0,None
06:52:38.693,Active,407.1,2.4,98.2,11.8,76.0,Yes,0.0,None
06:52:39.109,Active,409.4,2.4,98.8,11.8,76.5,Yes,0.0,None
06:52:39.521,Active,405.3,2.4,98.8,11.7,76.0,Yes,0.0,None
06:52:39.961,Active,433.2,2.4,98.9,11.8,76.5,Yes,0.0,None
06:52:40.377,Active,409.5,2.4,98.8,11.8,76.0,Yes,0.0,None
06:52:40.792,Active,407.4,2.4,98.2,11.8,76.0,Yes,0.0,None
06:52:41.212,Active,411.9,2.4,98.2,11.8,76.5,Yes,0.0,None
06:52:41.633,Active,413.8,2.4,98.2,11.8,76.5,Yes,0.0,None
06:52:42.051,Active,411.1,2.4,98.8,11.8,76.5,Yes,0.0,None
06:52:42.468,Active,411.1,2.4,99.4,11.8,76.0,Yes,0.0,None
06:52:42.883,Active,406.9,2.4,98.2,11.8,77.1,Yes,0.0,None
06:52:43.303,Active,412.9,2.4,98.2,11.8,76.5,Yes,0.0,None
06:52:43.719,Active,407.1,2.4,98.2,11.8,77.1,Yes,0.0,None
06:52:44.136,Active,410.9,2.4,99.4,11.8,76.5,Yes,0.0,None
06:52:44.552,Active,410.7,2.4,98.2,11.8,77.1,Yes,0.0,None
06:52:44.983,Active,423.5,2.4,98.3,11.8,76.5,Yes,0.0,None
06:52:45.400,Active,408.2,2.4,98.8,11.8,77.1,Yes,0.0,None
06:52:45.816,Active,410.0,2.4,98.8,11.8,76.5,Yes,0.0,None
06:52:46.232,Active,410.2,2.4,99.4,11.8,76.5,Yes,0.0,None
06:52:46.647,Active,407.0,2.4,98.2,11.8,76.5,Yes,0.0,None
06:52:47.065,Active,409.0,2.4,98.8,11.8,76.5,Yes,0.0,None
06:52:47.485,Active,414.0,2.4,98.2,11.8,77.1,Yes,0.0,None
06:53:32.930,Active,430.7,2.4,1.4,11.9,57.9,Yes,0.0,None
06:53:33.351,Active,411.1,2.4,98.2,11.8,59.0,Yes,0.0,None
06:53:33.768,Active,408.8,2.4,98.2,11.8,59.0,Yes,0.0,None
06:53:34.200,Active,425.2,2.4,96.5,11.8,62.2,Yes,0.0,None
06:53:34.625,Active,417.4,2.4,98.8,11.8,62.8,Yes,0.0,None
06:53:35.040,Active,409.4,2.4,98.2,11.8,63.4,Yes,0.0,None
06:53:35.463,Active,416.8,2.4,97.6,11.8,63.9,Yes,0.0,None
06:53:35.892,Active,420.6,2.4,95.9,11.8,64.5,Yes,0.0,None
06:53:36.328,Active,429.7,2.6,96.0,11.8,65.0,Yes,0.0,None
06:53:36.745,Active,411.0,2.6,98.8,11.8,65.5,Yes,0.0,None
06:53:37.171,Active,416.5,2.6,97.6,11.8,66.1,Yes,0.0,None
06:53:37.589,Active,409.7,2.6,98.8,11.8,66.1,Yes,0.0,None
06:53:38.006,Active,410.4,2.6,98.2,11.8,67.2,Yes,0.0,None
06:53:38.419,Active,407.5,2.6,98.8,11.8,67.2,Yes,0.0,None
06:53:38.835,Active,409.6,2.6,99.4,11.8,67.8,Yes,0.0,None
06:53:39.251,Active,409.2,2.6,98.8,11.8,67.8,Yes,0.0,None
06:53:39.668,Active,408.1,2.6,98.2,11.8,68.3,Yes,0.0,None
06:53:40.087,Active,412.0,2.6,98.2,11.8,68.8,Yes,0.0,None
06:53:40.505,Active,409.2,2.4,97.6,11.8,68.8,Yes,0.0,None
06:53:40.951,Active,439.6,2.4,98.3,11.9,69.4,Yes,0.0,None
06:53:41.371,Active,412.0,2.4,98.8,11.8,69.4,Yes,0.0,None
06:53:41.785,Active,405.4,2.4,98.2,11.9,70.0,Yes,0.0,None
06:53:42.200,Active,408.7,2.4,99.4,11.9,70.0,Yes,0.0,None
06:53:42.615,Active,407.2,2.4,98.8,11.9,70.5,Yes,0.0,None
06:53:43.030,Active,409.5,2.4,98.8,11.9,70.5,Yes,0.0,None
06:53:43.452,Active,412.1,2.4,97.6,11.8,70.0,Yes,0.0,None
06:53:43.868,Active,408.4,2.4,98.8,11.8,70.5,Yes,0.0,None
06:53:44.286,Active,411.4,2.4,98.2,11.8,71.0,Yes,0.0,None
06:53:44.700,Active,408.1,2.4,98.8,11.8,71.0,Yes,0.0,None
06:53:45.118,Active,412.0,2.4,98.8,11.8,71.0,Yes,0.0,None
06:53:45.537,Active,409.3,2.4,98.2,11.8,71.0,Yes,0.0,None
06:53:45.974,Active,430.6,2.4,97.2,11.8,71.0,Yes,0.0,None
06:53:46.387,Active,407.0,2.4,99.4,11.8,71.6,Yes,0.0,None
06:53:46.799,Active,406.0,2.4,99.4,11.8,71.6,Yes,0.0,None
06:53:47.219,Active,411.9,2.4,98.8,11.8,71.0,Yes,0.0,None
06:53:47.652,Active,426.9,2.4,94.8,11.8,71.6,Yes,0.0,None
06:53:48.072,Active,412.5,2.4,98.8,11.8,72.2,Yes,0.0,None
06:53:48.489,Active,409.5,2.4,98.2,11.8,72.7,Yes,0.0,None
06:53:48.904,Active,409.1,2.4,98.8,11.8,72.7,Yes,0.0,None
06:53:49.323,Active,412.0,2.4,98.2,11.8,72.2,Yes,0.0,None
06:53:49.740,Active,409.0,2.4,98.2,11.8,72.7,Yes,0.0,None
06:53:50.156,Active,408.8,2.4,98.8,11.8,72.2,Yes,0.0,None
06:53:50.571,Active,407.1,2.4,99.4,11.8,72.7,Yes,0.0,None
06:53:51.011,Active,431.8,2.4,96.6,11.8,72.2,Yes,0.0,None
06:53:51.425,Active,407.5,2.4,98.8,11.8,72.7,Yes,0.0,None
06:53:51.840,Active,406.6,2.4,98.2,11.8,72.2,Yes,0.0,None
06:53:52.255,Active,409.3,2.4,99.4,11.8,72.7,Yes,0.0,None
06:53:52.672,Active,410.5,2.4,98.2,11.8,72.2,Yes,0.0,None
06:53:53.089,Active,409.1,2.4,98.2,11.8,73.8,Yes,0.0,None
06:53:53.507,Active,407.9,2.4,98.2,11.8,73.2,Yes,0.0,None
06:53:53.922,Active,408.2,2.4,98.8,11.8,72.7,Yes,0.0,None
06:53:54.344,Active,411.9,2.4,98.2,11.7,73.8,Yes,0.0,None
06:53:54.760,Active,408.8,2.4,97.6,11.8,73.8,Yes,0.0,None
06:53:55.178,Active,410.4,2.4,99.4,11.8,72.7,Yes,0.0,None
06:53:55.597,Active,408.9,2.4,97.6,11.7,73.8,Yes,0.0,None
06:53:56.040,Active,432.8,2.4,97.7,11.8,73.8,Yes,0.0,None
06:53:56.458,Active,409.9,2.4,98.2,11.8,72.7,Yes,0.0,None
06:53:56.876,Active,408.1,2.4,98.2,11.8,74.3,Yes,0.0,None
06:53:57.296,Active,412.4,2.4,98.2,11.8,73.8,Yes,0.0,None
06:53:57.712,Active,408.1,2.4,98.8,11.8,73.8,Yes,0.0,None
06:53:58.129,Active,410.9,2.4,98.2,11.8,74.3,Yes,0.0,None
06:53:58.544,Active,409.2,2.4,98.8,11.8,73.8,Yes,0.0,None
06:53:58.954,Active,403.8,2.4,98.8,11.8,73.8,Yes,0.0,None
06:53:59.373,Active,409.8,2.4,98.8,11.8,73.8,Yes,0.0,None
06:53:59.789,Active,409.1,2.4,98.2,11.8,74.3,Yes,0.0,None
06:54:00.208,Active,412.6,2.4,99.4,11.8,74.3,Yes,0.0,None
06:54:00.625,Active,409.9,2.4,98.2,11.8,74.9,Yes,0.0,None
06:54:01.051,Active,419.6,2.4,98.2,11.8,74.3,Yes,0.0,None
06:54:01.471,Active,413.6,2.4,97.6,11.8,74.3,Yes,0.0,None
06:54:01.888,Active,408.5,2.4,98.8,11.8,75.5,Yes,0.0,None
06:54:02.303,Active,408.3,2.4,98.8,11.8,74.3,Yes,0.0,None
06:54:02.718,Active,406.2,2.4,98.8,11.8,74.9,Yes,0.0,None
06:54:03.147,Active,419.5,2.4,97.7,11.9,74.3,Yes,0.0,None
06:54:03.564,Active,408.2,2.4,98.2,11.9,74.9,Yes,0.0,None
06:54:03.983,Active,411.8,2.4,97.0,11.9,74.9,Yes,0.0,None
06:54:04.401,Active,409.5,2.4,98.8,11.8,75.5,Yes,0.0,None
06:54:04.816,Active,408.6,2.4,98.2,11.8,74.9,Yes,0.0,None
06:54:05.233,Active,409.1,2.4,98.8,11.8,74.9,Yes,0.0,None
06:54:05.649,Active,409.4,2.4,98.8,11.8,74.3,Yes,0.0,None
06:54:06.075,Active,420.2,2.4,96.5,11.8,75.5,Yes,0.0,None
06:54:06.491,Active,408.1,2.4,98.2,11.8,74.3,Yes,0.0,None
06:54:06.908,Active,408.6,2.4,98.8,11.8,74.9,Yes,0.0,None
06:54:07.323,Active,408.9,2.4,98.8,11.8,75.5,Yes,0.0,None
06:54:07.740,Active,409.0,2.4,98.2,11.8,74.9,Yes,0.0,None
06:54:08.158,Active,410.9,2.4,98.8,11.8,74.9,Yes,0.0,None
06:54:08.583,Active,415.2,2.4,96.5,11.8,75.5,Yes,0.0,None
06:54:09.018,Active,426.6,2.4,95.4,11.8,75.5,Yes,0.0,None
06:54:09.437,Active,409.4,2.4,98.2,11.8,75.5,Yes,0.0,None
06:54:09.851,Active,407.9,2.4,98.2,11.8,75.5,Yes,0.0,None
06:54:10.271,Active,411.4,2.4,98.8,11.8,76.0,Yes,0.0,None
06:54:10.688,Active,408.3,2.4,97.6,11.8,75.5,Yes,0.0,None
06:54:11.147,Active,452.1,2.4,97.8,11.8,74.3,Yes,0.0,None
06:54:11.563,Active,409.8,2.4,99.4,11.8,75.5,Yes,0.0,None
06:54:11.984,Active,410.9,2.4,98.2,11.8,75.5,Yes,0.0,None
06:54:12.402,Active,407.8,2.4,97.6,11.8,75.5,Yes,0.0,None
06:54:12.819,Active,409.3,2.4,98.2,11.8,75.5,Yes,0.0,None
06:54:13.240,Active,412.4,2.4,98.2,11.8,75.5,Yes,0.0,None
06:54:13.656,Active,408.3,2.4,98.8,11.8,75.5,Yes,0.0,None
06:54:14.073,Active,409.8,2.4,98.8,11.8,76.0,Yes,0.0,None
06:54:14.488,Active,408.8,2.4,98.8,11.8,76.0,Yes,0.0,None
06:54:14.902,Active,406.7,2.4,98.8,11.8,75.5,Yes,0.0,None
06:54:15.319,Active,410.5,2.4,98.2,11.8,76.0,Yes,0.0,None
06:54:15.737,Active,409.8,2.4,98.8,11.8,74.9,Yes,0.0,None
06:54:16.152,Active,407.5,2.4,98.2,11.8,75.5,Yes,0.0,None
06:54:16.580,Active,417.9,2.4,98.2,11.8,76.0,Yes,0.0,None
06:54:17.005,Active,414.7,2.4,97.6,11.8,76.0,Yes,0.0,None
06:54:17.425,Active,411.1,2.4,98.2,11.8,75.5,Yes,0.0,None
06:54:17.839,Active,407.9,2.4,98.2,11.8,76.0,Yes,0.0,None
06:54:18.264,Active,418.9,2.4,97.6,11.8,76.0,Yes,0.0,None
06:54:18.680,Active,408.3,2.4,98.2,11.8,76.0,Yes,0.0,None
06:54:19.100,Active,410.3,2.4,98.2,11.8,76.5,Yes,0.0,None
06:54:19.518,Active,408.9,2.4,98.2,11.8,76.5,Yes,0.0,None
06:54:19.937,Active,408.7,2.4,98.2,11.8,76.5,Yes,0.0,None
06:54:20.363,Active,416.5,2.4,97.1,11.8,76.5,Yes,0.0,None
06:54:20.781,Active,408.7,2.4,98.2,11.8,76.5,Yes,0.0,None
06:54:21.199,Active,410.4,2.4,98.8,11.8,76.0,Yes,0.0,None
06:54:21.631,Active,425.0,2.4,97.7,11.8,76.0,Yes,0.0,None
06:54:22.048,Active,409.5,2.4,98.8,11.8,76.5,Yes,0.0,None
06:54:22.465,Active,406.8,2.4,98.2,11.8,76.5,Yes,0.0,None
06:54:22.883,Active,408.0,2.4,97.6,11.8,75.5,Yes,0.0,None
06:54:23.300,Active,407.7,2.4,98.8,11.8,76.0,Yes,0.0,None
06:54:23.720,Active,410.1,2.4,97.6,11.8,77.1,Yes,0.0,None
06:54:24.137,Active,409.0,2.4,98.2,11.7,75.5,Yes,0.0,None
06:54:24.557,Active,410.2,2.4,98.2,11.7,76.5,Yes,0.0,None
06:54:24.970,Active,406.1,2.4,98.2,11.7,76.5,Yes,0.0,None
06:54:25.382,Active,405.7,2.4,99.4,11.7,77.1,Yes,0.0,None
06:54:25.800,Active,408.0,2.4,98.2,11.7,76.0,Yes,0.0,None
06:54:26.216,Active,410.4,2.4,99.4,11.7,76.5,Yes,0.0,None
06:54:26.661,Active,434.9,2.4,96.6,11.8,74.9,Yes,0.0,None
06:54:27.076,Active,408.8,2.4,98.8,11.8,75.5,Yes,0.0,None
06:54:27.491,Active,407.4,2.4,99.4,11.8,76.5,Yes,0.0,None
06:54:27.903,Active,405.9,2.4,99.4,11.8,76.5,Yes,0.0,None
06:54:28.323,Active,411.6,2.4,98.2,11.8,76.5,Yes,0.0,None
06:54:28.741,Active,409.9,2.4,97.6,11.8,76.5,Yes,0.0,None
06:54:29.162,Active,411.8,2.4,97.6,11.9,76.5,Yes,0.0,None
06:54:29.577,Active,409.3,2.4,99.4,11.9,76.5,Yes,0.0,None
06:54:29.993,Active,409.4,2.4,98.8,11.9,76.5,Yes,0.0,None
06:54:30.407,Active,407.2,2.4,98.8,11.9,75.5,Yes,0.0,None
06:54:30.828,Active,408.4,2.4,97.6,11.9,76.0,Yes,0.0,None
06:54:31.243,Active,409.1,2.4,99.4,11.9,76.5,Yes,0.0,None
06:54:31.677,Active,427.8,2.4,98.8,11.9,76.5,Yes,0.0,None
06:54:32.093,Active,409.7,2.4,99.4,12.0,76.5,Yes,0.0,None
06:54:32.511,Active,408.3,2.4,98.2,12.0,76.0,Yes,0.0,None
06:55:17.956,Active,424.6,2.4,1.0,11.9,57.9,Yes,0.0,None
06:55:18.371,Active,406.1,2.4,99.4,11.9,60.0,Yes,0.0,None
06:55:18.783,Active,403.5,2.4,99.4,11.9,60.0,Yes,0.0,None
06:55:19.199,Active,409.7,2.4,98.8,11.9,62.2,Yes,0.0,None
06:55:19.611,Active,404.8,2.4,99.4,11.9,62.8,Yes,0.0,None
06:55:20.028,Active,410.4,4.0,98.8,11.9,62.8,Yes,0.0,None
06:55:20.455,Active,419.8,4.0,96.5,11.9,64.5,Yes,0.0,None
06:55:20.882,Active,418.6,4.0,97.1,11.9,65.0,Yes,0.0,None
06:55:21.299,Active,410.3,4.0,99.4,11.9,65.5,Yes,0.0,None
06:55:21.713,Active,408.2,4.0,98.8,11.9,67.2,Yes,0.0,None
06:55:22.140,Active,417.6,4.0,97.1,11.8,65.5,Yes,0.0,None
06:55:22.573,Active,425.0,4.0,98.3,11.8,67.2,Yes,0.0,None
06:55:22.993,Active,410.3,4.0,98.2,11.9,66.7,Yes,0.0,None
06:55:23.412,Active,410.1,4.0,97.6,11.8,67.2,Yes,0.0,None
06:55:23.828,Active,408.6,4.0,98.2,11.8,67.8,Yes,0.0,None
06:55:24.249,Active,410.8,2.4,98.2,11.8,67.8,Yes,0.0,None
06:55:24.673,Active,414.4,2.4,98.2,11.8,68.3,Yes,0.0,None
06:55:25.093,Active,409.9,2.4,98.2,11.8,68.8,Yes,0.0,None
06:55:25.509,Active,406.7,2.4,98.2,11.8,68.3,Yes,0.0,None
06:55:25.926,Active,406.5,2.4,98.2,11.8,69.4,Yes,0.0,None
06:55:26.346,Active,410.1,2.4,97.6,11.8,69.4,Yes,0.0,None
06:55:26.762,Active,406.1,2.4,98.2,11.8,70.0,Yes,0.0,None
06:55:27.180,Active,408.7,2.4,98.2,11.8,70.0,Yes,0.0,None
06:55:27.620,Active,432.5,2.4,98.3,11.8,70.0,Yes,0.0,None
06:55:28.038,Active,408.3,2.4,97.6,11.8,70.0,Yes,0.0,None
06:55:28.453,Active,406.6,2.4,98.8,11.8,71.0,Yes,0.0,None
06:55:28.867,Active,407.3,2.4,98.8,11.8,71.0,Yes,0.0,None
06:55:29.283,Active,408.4,2.4,99.4,11.8,70.5,Yes,0.0,None
06:55:29.698,Active,406.6,2.4,98.8,11.8,70.5,Yes,0.0,None
06:55:30.116,Active,411.2,2.4,98.8,11.8,70.5,Yes,0.0,None
06:55:30.530,Active,408.5,2.4,98.8,11.8,71.0,Yes,0.0,None
06:55:30.948,Active,408.8,2.4,98.2,11.8,72.2,Yes,0.0,None
06:55:31.367,Active,409.4,2.4,97.6,11.8,71.0,Yes,0.0,None
06:55:31.793,Active,417.4,2.4,97.0,11.8,71.6,Yes,0.0,None
06:55:32.212,Active,413.1,2.4,97.6,11.8,71.0,Yes,0.0,None
06:55:32.652,Active,432.5,2.4,98.9,11.8,72.2,Yes,0.0,None
06:55:33.067,Active,407.7,2.4,98.8,11.8,71.0,Yes,0.0,None
06:55:33.484,Active,408.8,2.4,98.2,11.8,71.6,Yes,0.0,None
06:55:33.901,Active,409.5,2.4,98.8,11.8,71.6,Yes,0.0,None
06:55:34.325,Active,418.0,2.4,98.8,11.8,71.6,Yes,0.0,None
06:55:34.739,Active,407.7,2.4,99.4,11.8,72.7,Yes,0.0,None
06:55:35.165,Active,416.8,2.4,97.6,11.8,72.2,Yes,0.0,None
06:55:35.581,Active,409.5,2.4,98.2,11.8,72.7,Yes,0.0,None
06:55:36.000,Active,409.6,2.4,98.2,11.8,72.2,Yes,0.0,None
06:55:36.414,Active,407.7,2.4,99.4,11.8,72.2,Yes,0.0,None
06:55:36.828,Active,407.6,2.4,98.8,11.8,72.7,Yes,0.0,None
06:55:37.246,Active,411.0,2.4,98.8,11.8,72.7,Yes,0.0,None
06:55:37.661,Active,408.0,2.4,97.6,11.8,73.8,Yes,0.0,None
06:55:38.075,Active,407.6,2.4,100.0,11.8,72.7,Yes,0.0,None
06:55:38.487,Active,405.8,2.4,99.4,11.8,73.2,Yes,0.0,None
06:55:38.904,Active,408.5,2.4,98.8,11.8,72.7,Yes,0.0,None
06:55:39.320,Active,408.8,2.4,98.8,11.8,73.2,Yes,0.0,None
06:55:39.740,Active,408.8,2.4,97.6,11.8,73.2,Yes,0.0,None
06:55:40.164,Active,414.3,2.4,98.2,11.8,73.8,Yes,0.0,None
06:55:40.579,Active,407.4,2.4,98.2,11.8,73.8,Yes,0.0,None
06:55:41.000,Active,411.2,2.4,98.2,11.8,73.8,Yes,0.0,None
06:55:41.418,Active,408.4,2.4,97.6,11.7,73.8,Yes,0.0,None
06:55:41.837,Active,408.9,2.4,98.2,11.7,74.3,Yes,0.0,None
06:55:42.255,Active,410.4,2.4,98.2,11.7,74.3,Yes,0.0,None
06:55:42.704,Active,440.9,2.4,98.3,12.0,73.8,Yes,0.0,None
06:55:43.120,Active,409.6,2.4,98.8,12.0,73.2,Yes,0.0,None
06:55:43.535,Active,408.3,2.4,98.8,12.0,73.8,Yes,0.0,None
06:55:43.953,Active,409.0,2.4,97.6,12.0,74.3,Yes,0.0,None
06:55:44.372,Active,412.8,2.4,99.4,12.0,74.3,Yes,0.0,None
06:55:44.789,Active,411.1,2.4,97.0,12.0,73.8,Yes,0.0,None
06:55:45.207,Active,411.4,2.4,98.8,12.0,74.3,Yes,0.0,None
06:55:45.621,Active,407.3,2.4,98.8,11.9,74.3,Yes,0.0,None
06:55:46.040,Active,408.4,2.4,98.2,11.9,73.8,Yes,0.0,None
06:55:46.461,Active,411.6,2.4,97.6,11.9,73.8,Yes,0.0,None
06:55:46.875,Active,407.4,2.4,98.2,11.9,74.9,Yes,0.0,None
06:55:47.296,Active,411.3,2.4,98.2,11.9,74.3,Yes,0.0,None
06:55:47.712,Active,407.9,2.4,98.8,11.9,74.9,Yes,0.0,None
06:55:48.145,Active,423.9,2.4,98.2,11.9,74.9,Yes,0.0,None
06:55:48.559,Active,407.5,2.4,98.8,11.9,74.3,Yes,0.0,None
06:55:48.972,Active,406.9,2.4,99.4,11.9,73.8,Yes,0.0,None
06:55:49.386,Active,408.2,2.4,100.0,11.9,74.9,Yes,0.0,None
06:55:49.799,Active,406.5,2.4,98.8,11.9,74.9,Yes,0.0,None
06:55:50.215,Active,409.8,2.4,99.4,11.9,74.3,Yes,0.0,None
06:55:50.627,Active,406.0,2.4,99.4,11.8,74.9,Yes,0.0,None
06:55:51.042,Active,409.4,2.4,99.4,11.8,75.5,Yes,0.0,None
06:55:51.455,Active,406.5,2.4,99.4,11.8,75.5,Yes,0.0,None
06:55:51.867,Active,405.6,2.4,99.4,11.8,75.5,Yes,0.0,None
06:55:52.279,Active,406.8,2.4,100.0,11.8,75.5,Yes,0.0,None
06:55:52.716,Active,428.0,2.4,95.4,11.8,76.0,Yes,0.0,None
06:55:53.156,Active,432.5,2.4,98.3,11.9,75.5,Yes,0.0,None
06:55:53.568,Active,406.1,2.4,98.8,11.8,74.9,Yes,0.0,None
06:55:53.995,Active,420.9,2.4,97.1,11.8,74.3,Yes,0.0,None
06:55:54.423,Active,419.4,2.4,96.5,11.8,75.5,Yes,0.0,None
06:55:54.838,Active,408.3,2.4,98.8,11.8,74.9,Yes,0.0,None
06:55:55.261,Active,412.9,2.4,97.0,11.8,75.5,Yes,0.0,None
06:55:55.677,Active,409.5,2.4,98.8,11.8,76.0,Yes,0.0,None
06:55:56.097,Active,414.2,2.4,98.8,11.8,75.5,Yes,0.0,None
06:55:56.514,Active,407.5,2.4,97.6,11.8,75.5,Yes,0.0,None
06:55:56.931,Active,407.8,2.4,97.6,11.8,75.5,Yes,0.0,None
06:55:57.350,Active,410.1,2.4,98.8,11.8,74.9,Yes,0.0,None
06:55:57.765,Active,408.9,2.4,98.8,11.8,76.0,Yes,0.0,None
06:55:58.206,Active,431.3,2.4,97.2,11.9,76.5,Yes,0.0,None
06:55:58.623,Active,407.6,2.4,98.2,11.9,74.3,Yes,0.0,None
06:55:59.038,Active,408.5,2.4,98.8,11.9,76.0,Yes,0.0,None
06:55:59.462,Active,414.2,2.4,97.0,11.9,75.5,Yes,0.0,None
06:55:59.879,Active,407.8,2.4,98.2,11.9,76.0,Yes,0.0,None
06:56:00.297,Active,411.8,2.4,99.4,11.8,75.5,Yes,0.0,None
06:56:00.712,Active,408.2,2.4,98.2,11.8,76.0,Yes,0.0,None
06:56:01.132,Active,414.1,2.4,98.8,11.8,75.5,Yes,0.0,None
06:56:01.553,Active,409.1,2.4,97.6,11.8,77.1,Yes,0.0,None
06:56:01.968,Active,408.9,2.4,98.2,11.8,75.5,Yes,0.0,None
06:56:02.404,Active,426.1,2.4,95.3,11.8,76.0,Yes,0.0,None
06:56:02.821,Active,409.0,2.4,98.2,11.8,76.0,Yes,0.0,None
06:56:03.264,Active,437.1,2.4,98.3,11.8,76.0,Yes,0.0,None
06:56:03.679,Active,407.9,2.4,98.2,11.9,76.0,Yes,0.0,None
06:56:04.096,Active,410.0,2.4,98.8,11.9,76.0,Yes,0.0,None
06:56:04.520,Active,416.4,2.4,97.6,11.9,76.5,Yes,0.0,None
06:56:04.934,Active,406.2,2.4,98.8,11.9,76.0,Yes,0.0,None
06:56:05.353,Active,409.9,2.4,98.2,11.8,75.5,Yes,0.0,None
06:56:05.767,Active,407.2,2.4,98.8,11.8,76.0,Yes,0.0,None
06:56:06.186,Active,410.9,2.4,98.2,11.8,74.9,Yes,0.0,None
06:56:06.602,Active,409.8,2.4,98.2,11.8,76.0,Yes,0.0,None
06:56:07.025,Active,413.4,2.4,98.2,11.8,76.5,Yes,0.0,None
06:56:07.440,Active,408.3,2.4,98.2,11.8,76.0,Yes,0.0,None
06:56:07.853,Active,406.9,2.4,98.8,11.8,76.5,Yes,0.0,None
06:56:08.272,Active,410.2,2.4,98.8,11.8,76.5,Yes,0.0,None
06:56:08.687,Active,407.3,2.4,98.2,11.8,77.1,Yes,0.0,None
06:56:09.106,Active,410.2,2.4,98.2,11.8,76.5,Yes,0.0,None
06:56:09.525,Active,409.5,2.4,97.6,11.8,76.5,Yes,0.0,None
06:56:09.945,Active,413.8,2.4,98.8,11.8,76.5,Yes,0.0,None
06:56:10.361,Active,409.3,2.4,98.8,11.8,76.0,Yes,0.0,None
06:56:10.774,Active,406.4,2.4,98.8,11.8,76.0,Yes,0.0,None
06:56:11.193,Active,409.8,2.4,98.2,11.8,76.5,Yes,0.0,None
06:56:11.612,Active,409.8,2.4,98.2,11.8,76.5,Yes,0.0,None
06:56:12.031,Active,411.1,2.4,98.8,11.8,77.1,Yes,0.0,None
06:56:12.447,Active,407.2,2.4,98.2,11.8,76.5,Yes,0.0,None
06:56:12.869,Active,416.2,2.4,97.6,11.8,76.0,Yes,0.0,None
06:56:13.340,Active,461.9,2.4,95.8,11.8,76.5,Yes,0.0,None
06:56:13.753,Active,405.4,2.4,98.8,11.8,76.0,Yes,0.0,None
06:56:14.173,Active,411.2,2.4,98.8,11.8,76.0,Yes,0.0,None
06:56:14.587,Active,407.9,2.4,98.2,11.8,77.1,Yes,0.0,None
06:56:15.006,Active,411.0,2.4,98.2,11.8,76.5,Yes,0.0,None
06:56:15.421,Active,405.1,2.4,98.2,11.8,77.1,Yes,0.0,None
06:56:15.836,Active,408.4,2.4,98.8,11.8,77.7,Yes,0.0,None
06:56:16.250,Active,408.5,2.4,98.8,11.8,76.0,Yes,0.0,None
06:56:16.665,Active,408.2,2.4,99.4,11.8,77.1,Yes,0.0,None
06:56:17.081,Active,409.0,2.4,99.4,11.8,77.7,Yes,0.0,None
06:56:17.494,Active,406.9,2.4,98.8,11.8,77.1,Yes,0.0,None
06:56:17.908,Active,407.1,2.4,98.8,11.8,76.5,Yes,0.0,None
06:57:03.353,Active,430.7,2.4,1.4,11.8,57.3,Yes,0.0,None
06:57:03.765,Active,405.3,11.8,98.2,11.8,59.5,Yes,0.0,None
06:57:04.201,Active,429.4,11.8,98.9,11.9,60.6,Yes,0.0,None
06:57:04.615,Active,408.0,11.8,98.2,11.9,62.2,Yes,0.0,None
06:57:05.033,Active,409.6,11.8,98.8,11.9,62.8,Yes,0.0,None
06:57:05.449,Active,406.8,11.8,98.2,11.9,63.4,Yes,0.0,None
06:57:05.862,Active,406.2,11.8,98.8,11.9,63.9,Yes,0.0,None
06:57:06.276,Active,408.5,11.8,98.8,11.9,64.5,Yes,0.0,None
06:57:06.689,Active,405.8,11.8,98.8,11.9,65.5,Yes,0.0,None
06:57:07.103,Active,407.1,11.8,99.4,11.9,65.5,Yes,0.0,None
06:57:07.525,Active,416.6,11.8,97.0,11.8,65.5,Yes,0.0,None
06:57:07.945,Active,409.7,2.4,97.6,11.8,66.7,Yes,0.0,None
06:57:08.361,Active,408.9,2.4,98.8,11.8,66.7,Yes,0.0,None
06:57:08.773,Active,405.8,2.4,98.8,11.8,67.8,Yes,0.0,None
06:57:09.192,Active,409.1,2.4,98.8,11.8,67.8,Yes,0.0,None
06:57:09.608,Active,405.6,2.4,98.2,11.8,67.8,Yes,0.0,None
06:57:10.028,Active,410.4,2.4,98.8,11.8,67.2,Yes,0.0,None
06:57:10.443,Active,406.0,2.4,98.2,11.8,68.3,Yes,0.0,None
06:57:10.859,Active,409.9,2.4,98.8,11.8,68.8,Yes,0.0,None
06:57:11.284,Active,417.0,2.4,97.0,11.8,68.3,Yes,0.0,None
06:57:11.704,Active,409.6,2.4,98.2,11.8,68.3,Yes,0.0,None
06:57:12.124,Active,412.8,2.4,98.2,11.8,69.4,Yes,0.0,None
06:57:12.538,Active,405.8,2.4,98.8,11.8,68.8,Yes,0.0,None
06:57:12.957,Active,409.5,2.4,98.2,11.8,70.5,Yes,0.0,None
06:57:13.385,Active,422.0,2.4,95.3,11.7,69.4,Yes,0.0,None
06:57:13.804,Active,408.2,2.4,98.2,11.8,70.5,Yes,0.0,None
06:57:14.254,Active,442.5,2.4,97.8,11.9,70.0,Yes,0.0,None
06:57:14.671,Active,409.1,2.4,98.8,11.9,71.0,Yes,0.0,None
06:57:15.092,Active,412.5,2.4,97.6,11.9,70.5,Yes,0.0,None
06:57:15.510,Active,408.0,2.4,98.2,11.9,70.5,Yes,0.0,None
06:57:15.924,Active,405.7,2.4,98.8,11.9,71.6,Yes,0.0,None
06:57:16.341,Active,408.6,2.4,98.8,11.9,71.0,Yes,0.0,None
06:57:16.755,Active,407.8,2.4,98.8,11.9,71.6,Yes,0.0,None
06:57:17.172,Active,408.4,2.4,98.2,11.9,71.6,Yes,0.0,None
06:57:17.589,Active,407.4,2.4,98.2,11.8,72.2,Yes,0.0,None
06:57:18.010,Active,410.8,2.4,98.2,11.8,72.2,Yes,0.0,None
06:57:18.426,Active,405.7,2.4,98.2,11.8,71.6,Yes,0.0,None
06:57:18.843,Active,406.8,2.4,98.2,11.8,72.2,Yes,0.0,None
06:57:19.270,Active,417.5,2.4,98.2,11.8,70.0,Yes,0.0,None
06:57:19.689,Active,409.5,2.4,98.2,11.8,72.2,Yes,0.0,None
06:57:20.108,Active,410.4,2.4,98.2,11.8,72.2,Yes,0.0,None
06:57:20.525,Active,407.9,2.4,98.2,11.9,72.2,Yes,0.0,None
06:57:20.939,Active,408.0,2.4,98.8,11.9,73.8,Yes,0.0,None
06:57:21.352,Active,406.9,2.4,98.8,11.9,72.7,Yes,0.0,None
06:57:21.766,Active,406.1,2.4,98.8,11.9,73.2,Yes,0.0,None
06:57:22.185,Active,409.5,2.4,98.2,11.8,73.8,Yes,0.0,None
06:57:22.599,Active,408.1,2.4,98.8,11.8,72.7,Yes,0.0,None
06:57:23.017,Active,410.6,2.4,98.2,11.8,72.7,Yes,0.0,None
06:57:23.430,Active,406.4,2.4,98.8,11.8,72.7,Yes,0.0,None
06:57:23.846,Active,409.8,2.4,98.8,11.8,73.2,Yes,0.0,None
06:57:24.273,Active,419.2,2.4,97.6,11.9,73.2,Yes,0.0,None
06:57:24.708,Active,423.1,2.4,97.1,11.9,73.2,Yes,0.0,None
06:57:25.127,Active,409.5,2.4,98.2,11.9,73.2,Yes,0.0,None
06:57:25.545,Active,408.3,2.4,98.2,11.9,74.3,Yes,0.0,None
06:57:25.960,Active,408.9,2.4,98.8,11.9,73.2,Yes,0.0,None
06:57:26.378,Active,410.3,2.4,98.8,11.9,73.2,Yes,0.0,None
06:57:26.795,Active,407.6,2.4,98.2,11.9,73.8,Yes,0.0,None
06:57:27.215,Active,410.2,2.4,97.6,11.9,73.2,Yes,0.0,None
06:57:27.629,Active,406.8,2.4,98.8,11.9,73.8,Yes,0.0,None
06:57:28.045,Active,410.0,2.4,98.8,11.9,72.7,Yes,0.0,None
06:57:28.460,Active,408.6,2.4,99.4,11.9,74.3,Yes,0.0,None
06:57:28.895,Active,428.4,2.4,95.4,11.8,73.8,Yes,0.0,None
06:57:29.355,Active,451.2,2.4,94.5,11.8,73.2,Yes,0.0,None
06:57:29.773,Active,409.7,2.4,98.8,11.9,75.5,Yes,0.0,None
06:57:30.190,Active,406.6,2.4,97.6,11.9,73.8,Yes,0.0,None
06:57:30.638,Active,438.1,2.4,94.4,11.9,73.8,Yes,0.0,None
06:57:31.055,Active,410.8,2.4,98.8,11.9,73.8,Yes,0.0,None
06:57:31.471,Active,407.2,2.4,98.2,11.9,73.8,Yes,0.0,None
06:57:31.884,Active,405.4,2.4,98.8,11.8,73.8,Yes,0.0,None
06:57:32.300,Active,410.3,2.4,99.4,11.8,73.8,Yes,0.0,None
06:57:32.716,Active,408.6,2.4,98.2,11.8,73.2,Yes,0.0,None
06:57:33.132,Active,408.8,2.4,98.8,11.8,74.3,Yes,0.0,None
06:57:33.552,Active,412.8,2.4,98.8,11.8,75.5,Yes,0.0,None
06:57:33.971,Active,409.5,2.4,98.2,11.8,74.9,Yes,0.0,None
06:57:34.398,Active,417.0,2.4,97.7,11.8,74.3,Yes,0.0,None
06:57:34.840,Active,435.6,2.4,98.9,11.8,74.3,Yes,0.0,None
06:57:35.267,Active,419.9,2.4,96.5,11.8,74.3,Yes,0.0,None
06:57:35.685,Active,408.8,2.4,98.2,11.8,74.3,Yes,0.0,None
06:57:36.099,Active,407.2,2.4,99.4,11.8,74.3,Yes,0.0,None
06:57:36.514,Active,404.0,2.4,98.8,11.8,74.3,Yes,0.0,None
06:57:36.926,Active,406.3,2.4,99.4,11.8,74.9,Yes,0.0,None
06:57:37.344,Active,411.8,2.4,99.4,11.8,74.3,Yes,0.0,None
06:57:37.758,Active,408.5,2.4,98.8,11.8,74.9,Yes,0.0,None
06:57:38.178,Active,413.0,2.4,97.0,11.8,74.9,Yes,0.0,None
06:57:38.587,Active,402.9,2.4,100.0,11.8,75.5,Yes,0.0,None
06:57:39.003,Active,407.4,2.4,98.8,11.8,75.5,Yes,0.0,None
06:57:39.415,Active,406.0,2.4,99.4,11.8,74.9,Yes,0.0,None
06:57:39.826,Active,405.1,2.4,99.4,11.8,75.5,Yes,0.0,None
06:57:40.251,Active,415.1,2.4,98.2,11.8,74.9,Yes,0.0,None
06:57:40.666,Active,406.8,2.4,98.8,11.8,75.5,Yes,0.0,None
06:57:41.084,Active,410.5,2.4,98.8,11.8,74.9,Yes,0.0,None
06:57:41.512,Active,420.3,2.4,97.1,11.8,74.9,Yes,0.0,None
06:57:41.929,Active,409.6,2.4,98.2,11.7,75.5,Yes,0.0,None
06:57:42.346,Active,411.3,2.4,98.8,11.7,74.3,Yes,0.0,None
06:57:42.763,Active,407.6,2.4,98.2,11.7,74.9,Yes,0.0,None
06:57:43.179,Active,408.0,2.4,98.8,11.7,75.5,Yes,0.0,None
06:57:43.593,Active,405.2,2.4,98.8,11.7,76.0,Yes,0.0,None
06:57:44.018,Active,419.4,2.4,97.7,11.7,74.9,Yes,0.0,None
06:57:44.437,Active,412.4,2.4,98.2,11.7,75.5,Yes,0.0,None
06:57:44.888,Active,444.8,2.4,98.3,11.8,76.0,Yes,0.0,None
06:57:45.304,Active,409.0,2.4,98.2,11.8,74.3,Yes,0.0,None
06:57:45.721,Active,409.4,2.4,98.8,11.8,75.5,Yes,0.0,None
06:57:46.138,Active,410.0,2.4,97.6,11.8,74.9,Yes,0.0,None
06:57:46.553,Active,408.4,2.4,98.2,11.8,76.0,Yes,0.0,None
06:57:46.972,Active,409.9,2.4,98.2,11.8,76.0,Yes,0.0,None
06:57:47.390,Active,407.5,2.4,98.2,11.8,74.9,Yes,0.0,None
06:57:47.808,Active,408.3,2.4,98.2,11.7,75.5,Yes,0.0,None
06:57:48.226,Active,411.0,2.4,98.2,11.7,76.0,Yes,0.0,None
06:57:48.640,Active,405.1,2.4,98.2,11.7,74.9,Yes,0.0,None
06:57:49.060,Active,413.8,2.4,99.4,11.7,74.9,Yes,0.0,None
06:57:49.476,Active,408.3,2.4,98.2,11.7,76.0,Yes,0.0,None
06:57:49.907,Active,423.4,2.4,98.3,11.8,77.1,Yes,0.0,None
06:57:50.325,Active,409.5,2.4,98.8,11.8,76.0,Yes,0.0,None
06:57:50.740,Active,408.8,2.4,97.6,11.8,76.0,Yes,0.0,None
06:57:51.161,Active,412.9,2.4,98.8,11.8,76.0,Yes,0.0,None
06:57:51.609,Active,441.4,2.4,95.5,11.8,76.5,Yes,0.0,None
06:57:52.028,Active,412.5,2.4,98.8,11.8,76.0,Yes,0.0,None
06:57:52.452,Active,416.4,2.4,97.0,11.8,76.0,Yes,0.0,None
06:57:52.866,Active,408.2,2.4,99.4,11.8,76.5,Yes,0.0,None
06:57:53.292,Active,416.3,2.4,97.6,11.8,76.5,Yes,0.0,None
06:57:53.709,Active,411.1,2.4,98.8,11.8,76.0,Yes,0.0,None
06:57:54.125,Active,410.2,2.4,98.2,11.8,76.0,Yes,0.0,None
06:57:54.542,Active,406.3,2.4,98.2,11.8,76.0,Yes,0.0,None
06:57:54.980,Active,428.2,2.4,97.7,11.8,76.0,Yes,0.0,None
06:57:55.397,Active,409.2,2.4,98.8,11.8,76.0,Yes,0.0,None
06:57:55.810,Active,406.0,2.4,98.8,11.8,76.5,Yes,0.0,None
06:57:56.224,Active,407.0,2.4,99.4,11.8,77.1,Yes,0.0,None
06:57:56.644,Active,410.1,2.4,98.2,11.8,76.0,Yes,0.0,None
06:57:57.061,Active,409.9,2.4,98.8,11.8,75.5,Yes,0.0,None
06:57:57.477,Active,406.4,2.4,97.6,11.8,76.0,Yes,0.0,None
06:57:57.896,Active,408.5,2.4,98.2,11.8,76.5,Yes,0.0,None
06:57:58.313,Active,409.7,2.4,98.8,11.8,76.5,Yes,0.0,None
06:57:58.728,Active,408.4,2.4,98.2,11.8,76.0,Yes,0.0,None
06:57:59.147,Active,411.7,2.4,98.2,11.8,76.0,Yes,0.0,None
06:57:59.569,Active,413.2,2.4,97.6,11.8,76.0,Yes,0.0,None
06:58:00.008,Active,432.9,2.4,98.3,11.8,77.1,Yes,0.0,None
06:58:00.420,Active,406.1,2.4,99.4,11.8,76.5,Yes,0.0,None
06:58:00.837,Active,406.3,2.4,97.6,11.8,75.5,Yes,0.0,None
06:58:01.256,Active,411.9,2.4,98.8,11.8,76.0,Yes,0.0,None
06:58:01.672,Active,408.2,2.4,98.2,11.8,76.5,Yes,0.0,None
06:58:02.088,Active,408.1,2.4,98.8,11.8,76.0,Yes,0.0,None
06:58:02.499,Active,403.8,2.4,99.4,11.8,77.1,Yes,0.0,None
06:58:02.915,Active,407.9,2.4,98.2,11.8,76.5,Yes,0.0,None
06:58:48.355,Active,425.8,2.4,1.1,11.8,57.9,Yes,0.0,None
06:58:48.765,Active,404.1,2.4,100.0,11.8,59.5,Yes,0.0,None
06:58:49.180,Active,409.2,2.4,99.4,11.8,61.1,Yes,0.0,None
06:58:49.594,Active,407.0,2.4,99.4,11.8,61.7,Yes,0.0,None
06:58:50.011,Active,410.8,2.4,98.8,11.8,62.8,Yes,0.0,None
06:58:50.427,Active,407.8,2.4,98.2,11.8,62.8,Yes,0.0,None
06:58:50.853,Active,417.5,2.4,98.8,11.8,64.5,Yes,0.0,None
06:58:51.271,Active,410.1,2.4,98.2,11.8,64.5,Yes,0.0,None
06:58:51.689,Active,409.5,2.7,98.2,11.8,64.5,Yes,0.0,None
06:58:52.108,Active,410.8,2.7,98.2,11.8,66.1,Yes,0.0,None
06:58:52.526,Active,408.5,2.7,98.2,11.8,66.1,Yes,0.0,None
06:58:52.942,Active,407.6,2.7,98.8,11.8,66.7,Yes,0.0,None
06:58:53.362,Active,408.6,2.7,96.5,11.8,67.2,Yes,0.0,None
06:58:53.773,Active,405.5,2.7,99.4,11.8,67.8,Yes,0.0,None
06:58:54.195,Active,411.1,2.7,98.2,11.8,68.8,Yes,0.0,None
06:58:54.612,Active,407.8,2.7,97.6,11.8,67.2,Yes,0.0,None
06:58:55.038,Active,416.2,2.7,97.6,11.8,67.8,Yes,0.0,None
06:58:55.454,Active,406.2,2.7,98.2,11.8,70.0,Yes,0.0,None
06:58:55.886,Active,424.3,2.4,98.3,11.8,68.3,Yes,0.0,None
06:58:56.308,Active,411.9,2.4,98.2,11.8,68.8,Yes,0.0,None
06:58:56.726,Active,408.4,2.4,98.2,11.8,69.4,Yes,0.0,None
06:58:57.149,Active,413.2,2.4,98.2,11.8,68.8,Yes,0.0,None
06:58:57.565,Active,409.7,2.4,98.2,11.8,70.0,Yes,0.0,None
06:58:57.980,Active,409.0,2.4,98.2,11.8,70.0,Yes,0.0,None
06:58:58.401,Active,413.4,2.4,98.2,11.8,70.0,Yes,0.0,None
06:58:58.815,Active,407.6,2.4,98.8,11.8,70.5,Yes,0.0,None
06:58:59.246,Active,422.2,2.4,96.5,11.8,70.0,Yes,0.0,None
06:58:59.664,Active,408.3,2.4,97.6,11.8,70.0,Yes,0.0,None
06:59:00.081,Active,409.0,2.4,98.8,11.8,70.5,Yes,0.0,None
06:59:00.523,Active,432.0,2.4,94.4,11.8,70.5,Yes,0.0,None
06:59:00.969,Active,439.5,2.4,97.8,11.8,71.0,Yes,0.0,None
06:59:01.383,Active,407.1,2.4,98.8,11.8,70.5,Yes,0.0,None
06:59:01.801,Active,407.8,2.4,97.6,11.8,71.0,Yes,0.0,None
06:59:02.220,Active,412.8,2.4,98.8,11.8,70.0,Yes,0.0,None
06:59:02.657,Active,429.7,2.4,94.8,11.8,71.6,Yes,0.0,None
06:59:03.078,Active,412.4,2.4,98.2,11.8,72.2,Yes,0.0,None
06:59:03.493,Active,407.3,2.4,98.2,11.8,71.6,Yes,0.0,None
06:59:03.905,Active,405.4,2.4,100.0,11.8,72.2,Yes,0.0,None
06:59:04.325,Active,411.8,2.4,98.2,11.8,72.2,Yes,0.0,None
06:59:04.740,Active,408.2,2.4,98.8,11.8,71.6,Yes,0.0,None
06:59:05.157,Active,411.0,2.4,98.8,11.7,72.2,Yes,0.0,None
06:59:05.572,Active,408.5,2.4,98.8,11.8,72.7,Yes,0.0,None
06:59:05.988,Active,408.4,2.4,98.8,11.7,72.2,Yes,0.0,None
06:59:06.420,Active,424.5,2.4,98.8,11.8,72.7,Yes,0.0,None
06:59:06.833,Active,405.5,2.4,99.4,11.8,72.7,Yes,0.0,None
06:59:07.248,Active,408.2,2.4,98.8,11.8,73.2,Yes,0.0,None
06:59:07.672,Active,416.5,2.4,97.6,11.8,73.2,Yes,0.0,None
06:59:08.091,Active,412.1,2.4,98.8,11.8,72.7,Yes,0.0,None
06:59:08.517,Active,413.5,2.4,95.9,11.8,73.2,Yes,0.0,None
06:59:08.931,Active,407.5,2.4,99.4,11.8,73.2,Yes,0.0,None
06:59:09.355,Active,417.9,2.4,97.0,11.8,73.2,Yes,0.0,None
06:59:09.771,Active,407.5,2.4,99.4,11.8,72.7,Yes,0.0,None
06:59:10.186,Active,406.0,2.4,98.8,11.8,73.2,Yes,0.0,None
06:59:10.599,Active,402.4,2.4,98.8,11.8,73.2,Yes,0.0,None
06:59:11.015,Active,407.4,2.4,99.4,11.8,73.2,Yes,0.0,None
06:59:11.430,Active,407.1,2.4,98.8,11.8,73.8,Yes,0.0,None
06:59:11.842,Active,401.6,2.4,98.2,11.8,73.8,Yes,0.0,None
06:59:12.262,Active,406.5,2.4,98.8,11.8,74.3,Yes,0.0,None
06:59:12.680,Active,405.0,2.4,97.6,11.8,73.8,Yes,0.0,None
06:59:13.097,Active,411.2,2.4,99.4,11.7,74.3,Yes,0.0,None
06:59:13.522,Active,417.3,2.4,97.0,11.7,73.2,Yes,0.0,None
06:59:13.940,Active,408.4,2.4,98.2,11.7,73.8,Yes,0.0,None
06:59:14.357,Active,409.7,2.4,98.2,11.7,73.8,Yes,0.0,None
06:59:14.772,Active,408.9,2.4,98.8,11.7,73.2,Yes,0.0,None
06:59:15.192,Active,413.1,2.4,99.4,11.7,73.8,Yes,0.0,None
06:59:15.612,Active,409.4,2.4,97.0,11.7,73.8,Yes,0.0,None
06:59:16.031,Active,411.8,2.4,97.6,11.7,74.3,Yes,0.0,None
06:59:16.466,Active,427.1,2.4,98.3,11.8,74.9,Yes,0.0,None
06:59:16.884,Active,407.8,2.4,98.2,11.8,73.8,Yes,0.0,None
06:59:17.303,Active,413.8,2.4,98.8,11.8,73.8,Yes,0.0,None
06:59:17.716,Active,407.0,2.4,98.2,11.8,74.3,Yes,0.0,None
06:59:18.135,Active,408.7,2.4,98.2,11.8,74.3,Yes,0.0,None
06:59:18.557,Active,411.9,2.4,98.2,11.8,74.3,Yes,0.0,None
06:59:18.976,Active,409.7,2.4,98.2,11.8,74.3,Yes,0.0,None
06:59:19.396,Active,409.1,2.4,97.6,11.8,74.9,Yes,0.0,None
06:59:19.810,Active,407.0,2.4,98.8,11.8,74.3,Yes,0.0,None
06:59:20.229,Active,412.3,2.4,98.8,11.8,74.9,Yes,0.0,None
06:59:20.672,Active,436.8,2.4,94.3,11.8,74.9,Yes,0.0,None
06:59:21.101,Active,422.5,2.4,97.1,11.7,73.8,Yes,0.0,None
06:59:21.527,Active,419.5,2.4,99.4,11.7,74.9,Yes,0.0,None
06:59:21.940,Active,406.8,2.4,98.8,11.8,74.9,Yes,0.0,None
06:59:22.355,Active,407.3,2.4,99.4,11.8,73.8,Yes,0.0,None
06:59:22.768,Active,407.4,2.4,98.8,11.8,74.9,Yes,0.0,None
06:59:23.189,Active,411.6,2.4,98.2,11.8,74.9,Yes,0.0,None
06:59:23.606,Active,406.4,2.4,97.6,11.8,75.5,Yes,0.0,None
06:59:24.027,Active,410.0,2.4,97.6,11.8,75.5,Yes,0.0,None
06:59:24.444,Active,406.8,2.4,98.2,11.7,75.5,Yes,0.0,None
06:59:24.871,Active,419.5,2.4,98.2,11.7,74.9,Yes,0.0,None
06:59:25.293,Active,410.2,2.4,98.2,11.7,74.9,Yes,0.0,None
06:59:25.706,Active,407.7,2.4,98.8,11.7,75.5,Yes,0.0,None
06:59:26.128,Active,411.6,2.4,98.2,11.7,76.0,Yes,0.0,None
06:59:26.563,Active,425.9,2.4,97.7,11.8,74.9,Yes,0.0,None
06:59:26.980,Active,410.5,2.4,99.4,11.8,75.5,Yes,0.0,None
06:59:27.397,Active,409.5,2.4,97.6,11.8,74.9,Yes,0.0,None
06:59:27.812,Active,408.0,2.4,99.4,11.8,75.5,Yes,0.0,None
06:59:28.228,Active,410.4,2.4,98.8,11.8,76.0,Yes,0.0,None
06:59:28.646,Active,409.9,2.4,98.2,11.8,75.5,Yes,0.0,None
06:59:29.068,Active,411.2,2.4,97.6,11.8,75.5,Yes,0.0,None
06:59:29.480,Active,405.7,2.4,98.8,11.8,75.5,Yes,0.0,None
06:59:29.895,Active,407.8,2.4,98.8,11.8,75.5,Yes,0.0,None
06:59:30.315,Active,411.0,2.4,98.2,11.7,75.5,Yes,0.0,None
06:59:30.732,Active,408.3,2.4,98.2,11.8,74.9,Yes,0.0,None
06:59:31.150,Active,410.2,2.4,98.8,11.8,76.5,Yes,0.0,None
06:59:31.593,Active,433.4,2.4,96.6,11.8,74.9,Yes,0.0,None
06:59:32.011,Active,410.9,2.4,98.8,11.8,75.5,Yes,0.0,None
06:59:32.435,Active,416.0,2.4,96.4,11.8,76.0,Yes,0.0,None
06:59:32.855,Active,412.9,2.4,98.8,11.8,75.5,Yes,0.0,None
06:59:33.269,Active,408.5,2.4,98.2,11.8,75.5,Yes,0.0,None
06:59:33.683,Active,407.7,2.4,99.4,11.8,75.5,Yes,0.0,None
06:59:34.099,Active,410.0,2.4,99.4,11.8,75.5,Yes,0.0,None
06:59:34.523,Active,416.3,2.4,99.4,11.8,75.5,Yes,0.0,None
06:59:34.942,Active,411.0,2.4,98.8,11.8,76.0,Yes,0.0,None
06:59:35.367,Active,415.8,2.4,97.6,11.8,75.5,Yes,0.0,None
06:59:35.787,Active,411.1,2.4,97.6,11.8,76.0,Yes,0.0,None
06:59:36.208,Active,412.4,2.4,98.8,11.8,76.0,Yes,0.0,None
06:59:36.645,Active,429.7,2.4,98.3,11.9,75.5,Yes,0.0,None
06:59:37.063,Active,411.6,2.4,99.4,11.9,76.0,Yes,0.0,None
06:59:37.474,Active,405.0,2.4,99.4,11.9,75.5,Yes,0.0,None
06:59:37.888,Active,407.4,2.4,99.4,11.9,76.0,Yes,0.0,None
06:59:38.303,Active,410.0,2.4,99.4,11.9,75.5,Yes,0.0,None
06:59:38.716,Active,406.5,2.4,98.8,11.9,76.0,Yes,0.0,None
06:59:39.136,Active,413.7,2.4,99.4,11.8,75.5,Yes,0.0,None
06:59:39.549,Active,405.1,2.4,98.8,11.8,75.5,Yes,0.0,None
06:59:39.964,Active,408.5,2.4,98.8,11.8,74.9,Yes,0.0,None
06:59:40.375,Active,404.4,2.4,99.4,11.8,76.0,Yes,0.0,None
06:59:40.791,Active,410.5,2.4,98.8,11.8,76.0,Yes,0.0,None
06:59:41.209,Active,409.4,2.4,98.8,11.8,77.1,Yes,0.0,None
06:59:41.623,Active,407.8,2.4,98.8,11.8,76.5,Yes,0.0,None
06:59:42.040,Active,410.4,2.4,98.8,11.8,76.0,Yes,0.0,None
06:59:42.466,Active,417.9,2.4,97.0,11.8,76.5,Yes,0.0,None
06:59:42.886,Active,410.0,2.4,97.6,11.8,76.0,Yes,0.0,None
06:59:43.309,Active,413.3,2.4,97.6,11.8,76.5,Yes,0.0,None
06:59:43.723,Active,407.9,2.4,99.4,11.8,76.5,Yes,0.0,None
06:59:44.141,Active,411.3,2.4,98.8,11.8,76.5,Yes,0.0,None
06:59:44.558,Active,410.1,2.4,98.2,11.8,76.5,Yes,0.0,None
06:59:44.978,Active,410.4,2.4,97.0,11.8,76.5,Yes,0.0,None
06:59:45.396,Active,411.7,2.4,98.8,11.8,76.5,Yes,0.0,None
06:59:45.817,Active,409.5,2.4,97.0,11.8,76.0,Yes,0.0,None
06:59:46.234,Active,410.5,2.4,98.2,11.8,76.5,Yes,0.0,None
06:59:46.679,Active,438.8,2.4,98.9,11.9,76.5,Yes,0.0,None
06:59:47.096,Active,410.1,2.4,98.8,11.9,77.7,Yes,0.0,None
06:59:47.511,Active,407.6,2.4,98.8,11.9,77.7,Yes,0.0,None
06:59:47.923,Active,405.7,2.4,99.4,11.9,76.0,Yes,0.0,None
07:00:33.367,Active,427.9,2.4,1.4,11.9,58.4,Yes,0.0,None
07:00:33.775,Active,402.1,2.4,100.0,11.9,60.0,Yes,0.0,None
07:00:34.190,Active,406.3,2.4,99.4,11.9,60.0,Yes,0.0,None
07:00:34.611,Active,411.6,2.4,98.2,11.9,62.2,Yes,0.0,None
07:00:35.030,Active,409.1,2.4,97.6,11.9,62.8,Yes,0.0,None
07:00:35.446,Active,406.9,4.0,98.2,11.8,63.9,Yes,0.0,None
07:00:35.863,Active,406.3,4.0,98.2,11.8,63.9,Yes,0.0,None
07:00:36.281,Active,409.0,4.0,98.2,11.8,65.0,Yes,0.0,None
07:00:36.695,Active,408.0,4.0,98.8,11.8,65.0,Yes,0.0,None
07:00:37.117,Active,412.7,4.0,98.2,11.8,65.0,Yes,0.0,None
07:00:37.550,Active,425.6,4.0,97.7,11.8,64.5,Yes,0.0,None
07:00:37.968,Active,408.2,4.0,98.2,11.9,66.1,Yes,0.0,None
07:00:38.386,Active,407.7,4.0,98.2,11.9,67.2,Yes,0.0,None
07:00:38.802,Active,406.2,4.0,98.2,11.9,67.2,Yes,0.0,None
07:00:39.221,Active,409.7,4.0,98.2,11.9,67.2,Yes,0.0,None
07:00:39.638,Active,407.2,2.4,98.2,11.8,67.8,Yes,0.0,None
07:00:40.057,Active,410.0,2.4,98.2,11.8,67.8,Yes,0.0,None
07:00:40.474,Active,407.6,2.4,97.6,11.8,68.3,Yes,0.0,None
07:00:40.900,Active,416.3,2.4,96.4,11.8,68.3,Yes,0.0,None
07:00:41.321,Active,411.2,2.4,98.2,11.8,69.4,Yes,0.0,None
07:00:41.738,Active,408.4,2.4,98.2,11.8,69.4,Yes,0.0,None
07:00:42.161,Active,413.4,2.4,98.2,11.8,69.4,Yes,0.0,None
07:00:42.576,Active,408.2,2.4,97.6,11.8,70.0,Yes,0.0,None
07:00:42.997,Active,413.7,2.4,98.8,11.8,70.5,Yes,0.0,None
07:00:43.412,Active,407.4,2.4,98.2,11.8,70.0,Yes,0.0,None
07:00:43.831,Active,409.4,2.4,97.6,11.8,70.5,Yes,0.0,None
07:00:44.252,Active,412.1,2.4,98.8,11.8,70.5,Yes,0.0,None
07:00:44.669,Active,409.7,2.4,98.2,11.8,70.5,Yes,0.0,None
07:00:45.085,Active,408.6,2.4,98.2,11.8,71.0,Yes,0.0,None
07:00:45.498,Active,405.9,2.4,98.8,11.8,70.5,Yes,0.0,None
07:00:45.913,Active,405.4,2.4,98.2,11.8,71.6,Yes,0.0,None
07:00:46.332,Active,408.7,2.4,98.8,11.8,71.0,Yes,0.0,None
07:00:46.752,Active,409.5,2.4,98.2,11.8,71.6,Yes,0.0,None
07:00:47.173,Active,411.4,2.4,97.6,11.8,71.6,Yes,0.0,None
07:00:47.613,Active,431.5,2.4,98.3,11.8,71.0,Yes,0.0,None
07:00:48.033,Active,410.0,2.4,98.2,11.9,72.2,Yes,0.0,None
07:00:48.445,Active,405.4,2.4,98.8,11.9,72.2,Yes,0.0,None
07:00:48.860,Active,406.8,2.4,98.8,11.9,71.6,Yes,0.0,None
07:00:49.278,Active,408.3,2.4,98.2,11.9,71.6,Yes,0.0,None
07:00:49.695,Active,406.8,2.4,97.6,11.9,72.2,Yes,0.0,None
07:00:50.113,Active,409.9,2.4,98.2,11.9,72.2,Yes,0.0,None
07:00:50.532,Active,408.4,2.4,97.6,11.9,72.7,Yes,0.0,None
07:00:50.955,Active,415.9,2.4,97.6,11.8,72.2,Yes,0.0,None
07:00:51.373,Active,408.9,2.4,98.8,11.8,72.2,Yes,0.0,None
07:00:51.788,Active,408.5,2.4,98.8,11.8,73.8,Yes,0.0,None
07:00:52.211,Active,417.0,2.4,97.6,11.8,72.7,Yes,0.0,None
07:00:52.631,Active,407.6,2.4,97.0,11.8,73.2,Yes,0.0,None
07:00:53.059,Active,419.3,2.4,98.8,11.8,72.7,Yes,0.0,None
07:00:53.471,Active,406.0,2.4,99.4,11.8,73.2,Yes,0.0,None
07:00:53.883,Active,405.9,2.4,99.4,11.8,73.8,Yes,0.0,None
07:00:54.297,Active,407.8,2.4,99.4,11.8,73.2,Yes,0.0,None
07:00:54.816,Active,407.9,2.4,79.7,11.8,73.2,Yes,0.0,None
07:00:55.232,Active,409.5,2.4,98.8,11.8,73.2,Yes,0.0,None
07:00:55.647,Active,407.9,2.4,98.8,11.8,72.7,Yes,0.0,None
07:00:56.063,Active,407.8,2.4,98.8,11.8,73.2,Yes,0.0,None
07:00:56.478,Active,406.9,2.3,98.2,11.8,73.8,Yes,0.0,None
07:00:56.894,Active,406.7,2.3,98.8,11.8,72.7,Yes,0.0,None
07:00:57.316,Active,412.1,2.3,98.2,11.8,73.2,Yes,0.0,None
07:00:57.732,Active,408.9,2.3,98.2,11.8,73.2,Yes,0.0,None
07:00:58.165,Active,423.6,2.3,98.3,11.9,73.8,Yes,0.0,None
07:00:58.584,Active,407.1,2.3,98.2,11.9,73.2,Yes,0.0,None
07:00:59.003,Active,410.0,2.3,98.2,11.9,73.8,Yes,0.0,None
07:00:59.417,Active,406.4,2.3,98.8,11.9,73.2,Yes,0.0,None
07:00:59.830,Active,406.0,2.3,98.8,11.9,73.8,Yes,0.0,None
07:01:00.246,Active,406.6,2.3,98.2,11.8,73.8,Yes,0.0,None
07:01:00.662,Active,405.6,2.4,98.8,11.8,73.8,Yes,0.0,None
07:01:01.088,Active,416.3,2.4,97.1,11.8,74.3,Yes,0.0,None
07:01:01.505,Active,406.8,2.4,98.2,11.8,74.3,Yes,0.0,None
07:01:01.920,Active,408.3,2.4,98.2,11.8,73.8,Yes,0.0,None
07:01:02.338,Active,410.2,2.4,98.8,11.8,73.8,Yes,0.0,None
07:01:02.756,Active,408.5,2.4,97.6,11.8,74.3,Yes,0.0,None
07:01:03.195,Active,432.3,2.4,98.3,11.8,74.3,Yes,0.0,None
07:01:03.616,Active,412.8,2.4,98.2,11.8,74.9,Yes,0.0,None
07:01:04.031,Active,408.6,2.4,99.4,11.8,74.9,Yes,0.0,None
07:01:04.443,Active,405.9,2.4,99.4,11.8,75.5,Yes,0.0,None
07:01:04.859,Active,408.8,2.4,98.8,11.8,74.9,Yes,0.0,None
07:01:05.279,Active,412.6,2.4,98.8,11.8,74.9,Yes,0.0,None
07:01:05.691,Active,406.0,2.4,98.8,11.8,74.3,Yes,0.0,None
07:01:06.109,Active,409.6,2.4,98.8,11.8,75.5,Yes,0.0,None
07:01:06.525,Active,409.5,2.4,99.4,11.8,73.8,Yes,0.0,None
07:01:06.939,Active,408.1,2.4,98.2,11.8,74.3,Yes,0.0,None
07:01:07.358,Active,409.0,2.4,98.2,11.8,74.9,Yes,0.0,None
07:01:07.775,Active,407.0,2.4,97.6,11.8,73.8,Yes,0.0,None
07:01:08.217,Active,432.8,2.4,98.3,11.8,74.3,Yes,0.0,None
07:01:08.633,Active,408.7,2.4,98.2,11.8,74.9,Yes,0.0,None
07:01:09.052,Active,412.4,2.4,98.2,11.8,75.5,Yes,0.0,None
07:01:09.471,Active,408.6,2.4,98.2,11.8,74.9,Yes,0.0,None
07:01:09.886,Active,406.9,2.4,98.8,11.8,74.9,Yes,0.0,None
07:01:10.303,Active,408.9,2.4,98.2,11.8,74.9,Yes,0.0,None
07:01:10.719,Active,407.0,2.4,98.2,11.8,76.0,Yes,0.0,None
07:01:11.137,Active,409.5,2.4,98.8,11.8,74.9,Yes,0.0,None
07:01:11.552,Active,408.3,2.4,98.8,11.8,76.0,Yes,0.0,None
07:01:11.968,Active,406.7,2.4,98.2,11.8,75.5,Yes,0.0,None
07:01:12.385,Active,408.4,2.4,98.2,11.8,75.5,Yes,0.0,None
07:01:12.797,Active,406.1,2.4,98.8,11.8,76.0,Yes,0.0,None
07:01:13.222,Active,415.9,2.4,97.1,11.8,75.5,Yes,0.0,None
07:01:13.640,Active,408.1,2.4,98.2,11.8,75.5,Yes,0.0,None
07:01:14.060,Active,410.0,2.4,97.6,11.8,75.5,Yes,0.0,None
07:01:14.477,Active,407.4,2.4,98.2,11.8,75.5,Yes,0.0,None
07:01:14.896,Active,408.7,2.4,98.2,11.8,76.0,Yes,0.0,None
07:01:15.316,Active,410.2,2.4,98.2,11.8,76.5,Yes,0.0,None
07:01:15.731,Active,405.3,2.4,98.2,11.8,76.0,Yes,0.0,None
07:01:16.157,Active,414.4,2.4,97.0,11.8,75.5,Yes,0.0,None
07:01:16.574,Active,408.1,2.4,97.6,11.8,75.5,Yes,0.0,None
07:01:16.994,Active,409.8,2.4,98.2,11.8,76.5,Yes,0.0,None
07:01:17.411,Active,407.4,2.4,98.8,11.7,75.5,Yes,0.0,None
07:01:17.831,Active,409.1,2.4,97.6,11.7,74.3,Yes,0.0,None
07:01:18.286,Active,444.9,2.4,97.2,11.8,75.5,Yes,0.0,None
07:01:18.701,Active,407.1,2.4,98.8,11.8,76.0,Yes,0.0,None
07:01:19.117,Active,408.6,2.4,98.2,11.9,76.0,Yes,0.0,None
07:01:19.531,Active,407.0,2.4,98.8,11.9,75.5,Yes,0.0,None
07:01:19.943,Active,405.7,2.4,99.4,11.8,76.5,Yes,0.0,None
07:01:20.360,Active,410.7,2.4,98.8,11.8,75.5,Yes,0.0,None
07:01:20.777,Active,408.4,2.4,98.2,11.9,76.0,Yes,0.0,None
07:01:21.195,Active,412.0,2.4,98.8,11.8,76.5,Yes,0.0,None
07:01:21.613,Active,408.7,2.4,97.6,11.8,76.0,Yes,0.0,None
07:01:22.041,Active,417.7,2.4,97.7,11.8,75.5,Yes,0.0,None
07:01:22.455,Active,407.6,2.4,98.2,11.8,76.5,Yes,0.0,None
07:01:22.871,Active,407.4,2.4,98.8,11.8,76.5,Yes,0.0,None
07:01:23.297,Active,417.6,2.4,98.2,11.8,76.0,Yes,0.0,None
07:01:23.810,Active,405.9,2.4,79.6,11.8,76.0,Yes,0.0,None
07:01:24.245,Active,424.9,2.4,96.0,11.8,76.0,Yes,0.0,None
07:01:24.661,Active,409.7,2.4,99.4,11.8,77.1,Yes,0.0,None
07:01:25.087,Active,420.2,2.4,98.2,11.8,76.5,Yes,0.0,None
07:01:25.502,Active,406.9,2.4,98.2,11.8,76.0,Yes,0.0,None
07:01:25.918,Active,406.8,2.3,98.2,11.8,76.0,Yes,0.0,None
07:01:26.378,Active,451.0,2.3,92.8,11.8,76.0,Yes,0.0,None
07:01:26.791,Active,406.1,2.3,98.8,11.8,76.0,Yes,0.0,None
07:01:27.206,Active,409.7,2.3,98.8,11.7,77.7,Yes,0.0,None
07:01:27.618,Active,405.8,2.3,99.4,11.7,77.1,Yes,0.0,None
07:01:28.032,Active,407.5,2.3,98.8,11.8,77.1,Yes,0.0,None
07:01:28.463,Active,423.6,2.3,99.4,11.8,76.5,Yes,0.0,None
07:01:28.884,Active,410.3,2.3,97.6,11.8,76.0,Yes,0.0,None
07:01:29.304,Active,414.4,2.3,98.8,11.8,76.5,Yes,0.0,None
07:01:29.825,Active,412.9,2.3,79.3,11.8,76.0,Yes,0.0,None
07:01:30.241,Active,409.2,2.3,98.8,11.8,76.5,Yes,0.0,None
07:01:30.660,Active,413.4,2.3,98.2,11.8,76.5,Yes,0.0,None
07:01:31.076,Active,408.4,2.3,98.8,11.8,76.5,Yes,0.0,None
07:01:31.493,Active,409.5,2.3,98.8,11.8,76.5,Yes,0.0,None
07:01:31.906,Active,406.8,2.3,98.2,11.7,76.5,Yes,0.0,None
07:01:32.318,Active,406.0,2.3,99.4,11.7,76.5,Yes,0.0,None
07:01:32.729,Active,404.1,2.3,99.4,11.7,78.2,Yes,0.0,None
07:01:33.147,Active,411.8,2.3,98.8,11.8,77.1,Yes,0.0,None
07:02:18.580,Active,417.1,2.3,1.0,11.7,58.4,Yes,0.0,None
07:02:18.996,Active,409.6,2.3,99.4,11.7,59.5,Yes,0.0,None
07:02:19.440,Active,437.7,7.8,97.7,11.8,61.7,Yes,0.0,None
07:02:19.854,Active,406.7,7.8,98.8,11.8,61.7,Yes,0.0,None
07:02:20.276,Active,412.3,7.8,97.6,11.8,63.4,Yes,0.0,None
07:02:20.691,Active,407.2,7.8,98.2,11.8,63.4,Yes,0.0,None
07:02:21.124,Active,424.5,7.8,96.5,11.8,64.5,Yes,0.0,None
07:02:21.539,Active,409.1,7.8,98.8,11.8,65.0,Yes,0.0,None
07:02:21.957,Active,409.7,7.8,97.6,11.8,64.5,Yes,0.0,None
07:02:22.373,Active,407.1,7.8,98.2,11.8,65.0,Yes,0.0,None
07:02:22.787,Active,407.7,7.8,99.4,11.8,67.2,Yes,0.0,None
07:02:23.204,Active,411.0,7.8,99.4,11.8,66.7,Yes,0.0,None
07:02:23.623,Active,410.6,2.4,98.2,11.8,66.1,Yes,0.0,None
07:02:24.041,Active,411.7,2.4,98.8,11.8,66.7,Yes,0.0,None
07:02:24.463,Active,415.6,2.4,99.4,11.8,67.8,Yes,0.0,None
07:02:24.900,Active,431.4,2.4,95.4,11.8,67.8,Yes,0.0,None
07:02:25.319,Active,412.3,2.4,98.2,11.8,70.0,Yes,0.0,None
07:02:25.746,Active,418.3,2.4,96.4,11.8,68.8,Yes,0.0,None
07:02:26.165,Active,409.8,2.4,98.2,11.8,68.3,Yes,0.0,None
07:02:26.583,Active,409.9,2.4,98.2,11.8,68.8,Yes,0.0,None
07:02:27.003,Active,413.3,2.4,98.8,11.8,70.5,Yes,0.0,None
07:02:27.421,Active,409.6,2.4,98.2,11.8,68.8,Yes,0.0,None
07:02:27.836,Active,407.4,2.4,98.2,11.8,68.8,Yes,0.0,None
07:02:28.254,Active,408.3,2.4,98.2,11.7,70.0,Yes,0.0,None
07:02:28.672,Active,407.6,2.4,98.2,11.8,70.0,Yes,0.0,None
07:02:29.092,Active,410.2,2.4,98.2,11.8,70.5,Yes,0.0,None
07:02:29.523,Active,420.6,2.4,97.7,11.8,70.0,Yes,0.0,None
07:02:29.938,Active,407.0,2.4,98.2,11.8,70.5,Yes,0.0,None
07:02:30.350,Active,403.8,2.4,99.4,11.8,70.5,Yes,0.0,None
07:02:30.761,Active,405.5,2.4,100.0,11.8,70.5,Yes,0.0,None
07:02:31.182,Active,411.0,2.4,98.8,11.8,71.0,Yes,0.0,None
07:02:31.600,Active,411.6,2.4,97.6,11.8,72.7,Yes,0.0,None
07:02:32.038,Active,431.3,2.4,95.4,11.8,71.6,Yes,0.0,None
07:02:32.457,Active,409.3,2.4,97.6,11.8,70.5,Yes,0.0,None
07:02:32.873,Active,409.4,2.4,98.8,11.8,71.6,Yes,0.0,None
07:02:33.290,Active,410.1,2.4,98.2,11.8,72.2,Yes,0.0,None
07:02:33.707,Active,408.9,2.4,98.2,11.8,71.6,Yes,0.0,None
07:02:34.126,Active,411.0,2.4,98.2,11.8,71.6,Yes,0.0,None
07:02:34.568,Active,435.3,2.4,97.7,11.8,70.5,Yes,0.0,None
07:02:34.994,Active,418.7,2.4,97.6,11.8,72.7,Yes,0.0,None
07:02:35.417,Active,412.9,2.4,97.6,11.8,72.2,Yes,0.0,None
07:02:35.836,Active,413.5,2.4,98.2,11.8,72.2,Yes,0.0,None
07:02:36.258,Active,415.8,2.4,98.2,11.8,72.2,Yes,0.0,None
07:02:36.677,Active,409.4,2.4,98.2,11.8,72.7,Yes,0.0,None
07:02:37.093,Active,409.0,2.4,98.2,11.8,72.7,Yes,0.0,None
07:02:37.509,Active,406.8,2.4,98.2,11.8,73.2,Yes,0.0,None
07:02:37.924,Active,405.9,2.4,98.2,11.8,72.7,Yes,0.0,None
07:02:38.343,Active,408.6,2.4,98.2,11.8,73.2,Yes,0.0,None
07:02:38.760,Active,406.8,2.4,97.6,11.8,72.7,Yes,0.0,None
07:02:39.178,Active,408.3,2.4,98.2,11.8,72.7,Yes,0.0,None
07:02:39.606,Active,417.7,2.4,98.2,11.8,73.2,Yes,0.0,None
07:02:40.027,Active,411.2,2.4,98.2,11.9,73.8,Yes,0.0,None
07:02:40.442,Active,408.1,2.4,98.2,11.9,72.2,Yes,0.0,None
07:02:40.856,Active,408.0,2.4,98.8,11.9,73.8,Yes,0.0,None
07:02:41.272,Active,408.9,2.4,99.4,11.9,74.3,Yes,0.0,None
07:02:41.687,Active,407.8,2.4,98.8,11.9,73.8,Yes,0.0,None
07:02:42.104,Active,411.0,2.4,98.8,11.9,73.8,Yes,0.0,None
07:02:42.519,Active,407.3,2.4,98.8,11.8,73.2,Yes,0.0,None
07:02:42.934,Active,406.9,2.4,98.2,11.8,73.8,Yes,0.0,None
07:02:43.350,Active,410.0,2.4,99.4,11.8,73.8,Yes,0.0,None
07:02:43.763,Active,406.3,2.4,99.4,11.8,74.3,Yes,0.0,None
07:02:44.177,Active,405.3,2.4,98.8,11.8,73.8,Yes,0.0,None
07:02:44.588,Active,405.2,2.4,100.0,11.8,73.8,Yes,0.0,None
07:02:45.008,Active,414.5,2.4,98.8,11.8,73.8,Yes,0.0,None
07:02:45.429,Active,415.0,2.4,97.0,11.8,73.8,Yes,0.0,None
07:02:45.849,Active,410.4,2.4,98.8,11.8,73.8,Yes,0.0,None
07:02:46.289,Active,433.8,2.4,94.9,11.8,74.3,Yes,0.0,None
07:02:46.708,Active,409.8,2.4,98.2,11.8,74.3,Yes,0.0,None
07:02:47.129,Active,413.5,2.4,98.2,11.8,74.3,Yes,0.0,None
07:02:47.543,Active,407.5,2.4,98.8,11.8,74.9,Yes,0.0,None
07:02:47.974,Active,422.0,2.4,95.3,11.8,73.8,Yes,0.0,None
07:02:48.393,Active,409.4,2.4,97.6,11.8,74.3,Yes,0.0,None
07:02:48.814,Active,414.5,2.4,98.8,11.8,73.8,Yes,0.0,None
07:02:49.235,Active,411.7,2.4,98.2,11.8,74.3,Yes,0.0,None
07:02:49.693,Active,449.2,2.4,97.8,11.8,74.3,Yes,0.0,None
07:02:50.112,Active,412.9,2.4,98.8,11.9,74.9,Yes,0.0,None
07:02:50.536,Active,417.8,2.4,97.0,11.9,74.3,Yes,0.0,None
07:02:50.950,Active,407.5,2.4,98.2,11.9,74.9,Yes,0.0,None
07:02:51.373,Active,413.7,2.4,98.2,11.9,74.9,Yes,0.0,None
07:02:51.788,Active,408.6,2.4,98.8,11.9,74.9,Yes,0.0,None
07:02:52.206,Active,410.9,2.4,98.2,11.9,74.3,Yes,0.0,None
07:02:52.624,Active,409.0,2.4,97.0,11.8,74.3,Yes,0.0,None
07:02:53.038,Active,407.6,2.4,98.8,11.8,74.3,Yes,0.0,None
07:02:53.454,Active,406.8,2.4,98.2,11.8,74.9,Yes,0.0,None
07:02:53.869,Active,408.7,2.4,98.8,11.8,75.5,Yes,0.0,None
07:02:54.288,Active,412.4,2.4,98.8,11.8,75.5,Yes,0.0,None
07:02:54.703,Active,408.0,2.4,98.2,11.8,76.0,Yes,0.0,None
07:02:55.129,Active,419.4,2.4,98.8,11.8,74.9,Yes,0.0,None
07:02:55.543,Active,407.0,2.4,98.8,11.8,76.0,Yes,0.0,None
07:02:55.964,Active,412.2,2.4,98.2,11.8,76.0,Yes,0.0,None
07:02:56.380,Active,408.2,2.4,98.8,11.8,74.9,Yes,0.0,None
07:02:56.795,Active,408.5,2.4,97.6,11.8,75.5,Yes,0.0,None
07:02:57.217,Active,411.9,2.4,98.2,11.8,74.9,Yes,0.0,None
07:02:57.631,Active,407.2,2.4,98.8,11.8,76.0,Yes,0.0,None
07:02:58.063,Active,423.0,2.4,97.1,11.8,76.0,Yes,0.0,None
07:02:58.501,Active,429.2,2.4,94.2,11.8,76.5,Yes,0.0,None
07:02:58.915,Active,407.3,2.4,99.4,11.8,76.5,Yes,0.0,None
07:02:59.333,Active,411.3,2.4,98.8,11.7,74.9,Yes,0.0,None
07:02:59.746,Active,405.1,2.4,98.8,11.7,74.9,Yes,0.0,None
07:03:00.172,Active,416.3,2.4,98.2,11.8,76.0,Yes,0.0,None
07:03:00.587,Active,407.0,2.4,98.8,11.8,76.0,Yes,0.0,None
07:03:01.004,Active,408.8,2.4,98.2,11.8,74.9,Yes,0.0,None
07:03:01.428,Active,417.4,2.4,97.0,11.8,75.5,Yes,0.0,None
07:03:01.842,Active,407.7,2.4,99.4,11.8,76.5,Yes,0.0,None
07:03:02.265,Active,413.6,2.4,97.6,11.8,75.5,Yes,0.0,None
07:03:02.680,Active,408.9,2.4,98.2,11.8,75.5,Yes,0.0,None
07:03:03.098,Active,410.9,2.4,98.8,11.8,75.5,Yes,0.0,None
07:03:03.512,Active,407.5,2.4,99.4,11.8,76.5,Yes,0.0,None
07:03:03.928,Active,409.4,2.4,98.8,11.8,76.5,Yes,0.0,None
07:03:04.344,Active,410.7,2.4,98.8,11.8,76.5,Yes,0.0,None
07:03:04.761,Active,408.1,2.4,98.2,11.8,76.5,Yes,0.0,None
07:03:05.196,Active,429.5,2.4,98.3,11.8,76.0,Yes,0.0,None
07:03:05.612,Active,408.5,2.4,98.8,11.8,76.5,Yes,0.0,None
07:03:06.029,Active,409.1,2.4,98.8,11.8,76.0,Yes,0.0,None
07:03:06.444,Active,409.0,2.4,98.8,11.8,74.9,Yes,0.0,None
07:03:06.860,Active,408.3,2.4,98.2,11.8,76.5,Yes,0.0,None
07:03:07.279,Active,411.1,2.4,97.6,11.8,75.5,Yes,0.0,None
07:03:07.693,Active,405.7,2.4,98.2,11.8,76.5,Yes,0.0,None
07:03:08.109,Active,408.7,2.4,99.4,11.8,76.0,Yes,0.0,None
07:03:08.525,Active,409.5,2.4,98.8,11.8,76.5,Yes,0.0,None
07:03:08.939,Active,408.5,2.4,98.8,11.8,76.5,Yes,0.0,None
07:03:09.357,Active,411.2,2.4,98.8,11.7,76.5,Yes,0.0,None
07:03:09.773,Active,408.5,2.4,98.2,11.7,76.0,Yes,0.0,None
07:03:10.209,Active,429.6,2.4,99.4,11.8,76.0,Yes,0.0,None
07:03:10.623,Active,407.4,2.4,98.8,11.8,77.1,Yes,0.0,None
07:03:11.040,Active,407.5,2.4,98.2,11.8,76.5,Yes,0.0,None
07:03:11.457,Active,409.4,2.4,98.8,11.8,76.5,Yes,0.0,None
07:03:11.870,Active,407.5,2.4,98.2,11.8,76.5,Yes,0.0,None
07:03:12.289,Active,409.3,2.4,98.8,11.8,76.5,Yes,0.0,None
07:03:12.704,Active,408.9,2.4,98.8,11.8,76.0,Yes,0.0,None
07:03:13.122,Active,410.9,2.4,99.4,11.8,76.0,Yes,0.0,None
07:03:13.535,Active,406.2,2.4,98.2,11.8,76.5,Yes,0.0,None
07:03:13.949,Active,408.5,2.4,99.4,11.8,76.0,Yes,0.0,None
07:03:14.366,Active,411.2,2.4,98.8,11.8,76.5,Yes,0.0,None
07:03:14.783,Active,407.8,2.4,98.2,11.8,75.5,Yes,0.0,None
07:03:15.201,Active,409.5,2.4,98.8,11.8,77.1,Yes,0.0,None
07:03:15.615,Active,407.4,2.4,99.4,11.8,76.5,Yes,0.0,None
07:03:16.039,Active,415.9,2.4,97.0,11.8,77.1,Yes,0.0,None
07:03:16.455,Active,407.9,2.4,98.2,11.8,77.7,Yes,0.0,None
07:03:16.870,Active,406.7,2.4,98.8,11.8,77.1,Yes,0.0,None
07:03:17.290,Active,410.7,2.4,98.2,11.7,77.1,Yes,0.0,None
07:03:17.707,Active,410.9,2.4,98.2,11.7,74.9,Yes,0.0,None
07:03:18.132,Active,412.4,2.4,97.6,11.8,77.1,Yes,0.0,None
07:03:18.549,Active,409.5,2.4,98.2,11.8,77.1,Yes,0.0,None
07:04:04.024,Active,461.6,2.4,1.4,11.8,57.9,Yes,0.0,None
07:04:04.441,Active,410.4,2.4,98.8,11.8,59.5,Yes,0.0,None
07:04:04.856,Active,407.6,2.4,98.2,11.8,60.6,Yes,0.0,None
07:04:05.278,Active,414.2,2.4,98.2,11.8,61.7,Yes,0.0,None
07:04:05.691,Active,407.5,2.4,99.4,11.8,62.8,Yes,0.0,None
07:04:06.132,Active,433.8,2.4,98.3,11.9,63.4,Yes,0.0,None
07:04:06.546,Active,408.1,2.4,98.8,11.9,64.5,Yes,0.0,None
07:04:06.960,Active,407.7,2.4,98.8,11.9,65.5,Yes,0.0,None
07:04:07.377,Active,409.2,2.6,98.8,11.9,65.0,Yes,0.0,None
07:04:07.792,Active,408.9,2.6,98.2,11.9,66.1,Yes,0.0,None
07:04:08.209,Active,409.3,2.6,98.8,11.8,66.1,Yes,0.0,None
07:04:08.625,Active,409.5,2.6,98.8,11.8,66.1,Yes,0.0,None
07:04:09.045,Active,411.2,2.6,98.2,11.8,67.2,Yes,0.0,None
07:04:09.463,Active,411.2,2.6,98.8,11.8,67.8,Yes,0.0,None
07:04:09.887,Active,415.6,2.6,97.6,11.8,67.8,Yes,0.0,None
07:04:10.304,Active,408.9,2.6,98.2,11.8,67.8,Yes,0.0,None
07:04:10.719,Active,408.4,2.6,98.8,11.8,68.3,Yes,0.0,None
07:04:11.156,Active,430.4,2.6,98.9,11.9,68.3,Yes,0.0,None
07:04:11.568,Active,406.2,2.4,98.8,11.9,70.0,Yes,0.0,None
07:04:11.987,Active,411.3,2.4,98.8,11.9,70.0,Yes,0.0,None
07:04:12.409,Active,409.5,2.4,97.0,11.9,68.8,Yes,0.0,None
07:04:12.822,Active,407.3,2.4,98.2,11.9,71.0,Yes,0.0,None
07:04:13.242,Active,410.0,2.4,98.2,11.9,70.0,Yes,0.0,None
07:04:13.661,Active,409.7,2.4,98.8,11.9,70.0,Yes,0.0,None
07:04:14.081,Active,411.7,2.4,97.6,11.9,70.0,Yes,0.0,None
07:04:14.496,Active,409.0,2.4,98.2,11.8,70.5,Yes,0.0,None
07:04:14.912,Active,408.4,2.4,98.8,11.8,71.0,Yes,0.0,None
07:04:15.333,Active,410.1,2.4,97.6,11.8,70.5,Yes,0.0,None
07:04:15.746,Active,406.2,2.4,99.4,11.8,70.5,Yes,0.0,None
07:04:16.180,Active,424.7,2.4,96.5,11.8,71.0,Yes,0.0,None
07:04:16.599,Active,407.2,2.4,97.0,11.8,71.0,Yes,0.0,None
07:04:17.015,Active,407.6,2.4,98.8,11.8,71.0,Yes,0.0,None
07:04:17.433,Active,412.1,2.4,98.8,11.8,72.2,Yes,0.0,None
07:04:17.854,Active,414.9,2.4,97.6,11.8,71.6,Yes,0.0,None
07:04:18.272,Active,407.7,2.4,98.2,11.8,72.2,Yes,0.0,None
07:04:18.685,Active,405.5,2.4,98.2,11.8,71.6,Yes,0.0,None
07:04:19.105,Active,409.5,2.4,97.6,11.9,72.2,Yes,0.0,None
07:04:19.521,Active,409.5,2.4,99.4,11.9,72.2,Yes,0.0,None
07:04:19.936,Active,408.9,2.4,98.8,11.8,72.2,Yes,0.0,None
07:04:20.351,Active,407.2,2.4,98.8,11.8,72.2,Yes,0.0,None
07:04:20.769,Active,409.2,2.4,98.2,11.8,72.7,Yes,0.0,None
07:04:21.282,Active,506.9,2.4,91.6,11.9,71.6,Yes,0.0,None
07:04:21.701,Active,409.6,2.4,97.6,11.9,72.7,Yes,0.0,None
07:04:22.120,Active,412.2,2.4,99.4,11.9,72.2,Yes,0.0,None
07:04:22.536,Active,408.2,2.4,98.2,11.9,73.2,Yes,0.0,None
07:04:22.948,Active,404.7,2.4,98.8,11.9,72.7,Yes,0.0,None
07:04:23.366,Active,410.9,2.4,98.8,11.9,73.2,Yes,0.0,None
07:04:23.784,Active,411.1,2.4,97.6,11.9,73.2,Yes,0.0,None
07:04:24.205,Active,412.4,2.3,98.2,11.8,72.7,Yes,0.0,None
07:04:24.618,Active,406.1,2.3,98.8,11.8,73.2,Yes,0.0,None
07:04:25.036,Active,408.4,2.3,98.2,11.8,73.8,Yes,0.0,None
07:04:25.452,Active,408.5,2.3,98.2,11.8,73.2,Yes,0.0,None
07:04:25.876,Active,416.7,2.3,97.0,11.8,73.8,Yes,0.0,None
07:04:26.303,Active,419.8,2.3,98.8,11.8,73.2,Yes,0.0,None
07:04:26.821,Active,409.0,2.3,79.2,11.8,73.2,Yes,0.0,None
07:04:27.238,Active,411.6,2.3,98.2,11.8,73.2,Yes,0.0,None
07:04:27.649,Active,404.7,2.3,99.4,11.8,73.2,Yes,0.0,None
07:04:28.063,Active,407.5,2.3,100.0,11.8,73.8,Yes,0.0,None
07:04:28.484,Active,409.1,2.3,97.6,11.8,73.8,Yes,0.0,None
07:04:28.898,Active,406.9,2.3,98.2,11.8,73.8,Yes,0.0,None
07:04:29.325,Active,419.7,2.3,97.6,11.8,73.8,Yes,0.0,None
07:04:29.741,Active,406.3,2.3,98.2,11.8,73.8,Yes,0.0,None
07:04:30.161,Active,410.5,2.3,98.2,11.8,74.3,Yes,0.0,None
07:04:30.577,Active,409.5,2.3,98.8,11.8,73.8,Yes,0.0,None
07:04:30.999,Active,415.7,2.3,97.6,11.8,73.8,Yes,0.0,None
07:04:31.437,Active,431.6,2.3,97.1,11.8,74.3,Yes,0.0,None
07:04:31.850,Active,407.1,2.3,99.4,11.8,74.3,Yes,0.0,None
07:04:32.267,Active,410.1,2.3,98.8,11.8,74.3,Yes,0.0,None
07:04:32.682,Active,407.0,2.4,98.8,11.8,74.3,Yes,0.0,None
07:04:33.097,Active,408.1,2.4,98.8,11.8,73.8,Yes,0.0,None
07:04:33.511,Active,408.0,2.4,100.0,11.8,74.9,Yes,0.0,None
07:04:33.925,Active,407.2,2.4,98.8,11.8,74.3,Yes,0.0,None
07:04:34.346,Active,414.9,2.4,98.2,11.8,74.3,Yes,0.0,None
07:04:34.764,Active,407.0,2.4,98.2,11.8,75.5,Yes,0.0,None
07:04:35.181,Active,411.0,2.4,98.8,11.8,74.9,Yes,0.0,None
07:04:35.597,Active,408.3,2.4,98.2,11.8,75.5,Yes,0.0,None
07:04:36.012,Active,408.6,2.4,99.4,11.8,75.5,Yes,0.0,None
07:04:36.443,Active,425.2,2.4,98.9,11.8,74.9,Yes,0.0,None
07:04:36.858,Active,406.3,2.4,98.8,11.8,75.5,Yes,0.0,None
07:04:37.277,Active,409.0,2.4,98.8,11.8,74.9,Yes,0.0,None
07:04:37.694,Active,406.8,2.4,97.6,11.8,74.9,Yes,0.0,None
07:04:38.114,Active,410.7,2.4,98.2,11.8,76.5,Yes,0.0,None
07:04:38.532,Active,407.9,2.4,98.2,11.8,74.9,Yes,0.0,None
07:04:38.949,Active,407.7,2.4,98.2,11.8,74.9,Yes,0.0,None
07:04:39.366,Active,409.4,2.4,98.2,11.8,74.3,Yes,0.0,None
07:04:39.784,Active,407.2,2.4,98.2,11.8,74.9,Yes,0.0,None
07:04:40.203,Active,409.7,2.4,97.6,11.8,76.0,Yes,0.0,None
07:04:40.618,Active,406.7,2.4,98.8,11.8,75.5,Yes,0.0,None
07:04:41.037,Active,409.0,2.4,98.8,11.8,76.0,Yes,0.0,None
07:04:41.450,Active,407.1,2.4,98.8,11.8,75.5,Yes,0.0,None
07:04:41.884,Active,424.4,2.4,98.3,11.8,74.9,Yes,0.0,None
07:04:42.304,Active,410.0,2.4,98.2,11.8,75.5,Yes,0.0,None
07:04:42.717,Active,404.7,2.4,98.8,11.8,76.0,Yes,0.0,None
07:04:43.132,Active,409.5,2.4,100.0,11.8,76.0,Yes,0.0,None
07:04:43.547,Active,407.9,2.4,98.8,11.8,74.9,Yes,0.0,None
07:04:43.960,Active,406.0,2.4,99.4,11.8,76.0,Yes,0.0,None
07:04:44.394,Active,426.3,2.4,96.6,11.8,74.9,Yes,0.0,None
07:04:44.813,Active,408.1,2.4,97.0,11.8,76.0,Yes,0.0,None
07:04:45.229,Active,409.0,2.4,98.8,11.8,76.0,Yes,0.0,None
07:04:45.644,Active,408.8,2.4,98.8,11.8,76.0,Yes,0.0,None
07:04:46.060,Active,408.4,2.4,98.2,11.8,75.5,Yes,0.0,None
07:04:46.482,Active,416.1,2.4,97.6,11.8,75.5,Yes,0.0,None
07:04:46.895,Active,405.9,2.4,98.8,11.8,76.5,Yes,0.0,None
07:04:47.314,Active,411.0,2.4,98.8,11.7,76.5,Yes,0.0,None
07:04:47.728,Active,407.7,2.4,98.8,11.7,76.0,Yes,0.0,None
07:04:48.149,Active,411.3,2.4,98.2,11.7,76.0,Yes,0.0,None
07:04:48.563,Active,408.1,2.4,98.8,11.7,76.0,Yes,0.0,None
07:04:48.984,Active,412.5,2.4,98.2,11.7,75.5,Yes,0.0,None
07:04:49.399,Active,407.7,2.4,98.2,11.7,77.1,Yes,0.0,None
07:04:49.820,Active,412.9,2.4,97.6,11.7,76.0,Yes,0.0,None
07:04:50.247,Active,419.4,2.4,95.9,11.7,76.5,Yes,0.0,None
07:04:50.661,Active,407.4,2.4,98.8,11.7,77.1,Yes,0.0,None
07:04:51.076,Active,408.6,2.4,98.8,11.7,76.5,Yes,0.0,None
07:04:51.489,Active,406.7,2.4,99.4,11.7,76.5,Yes,0.0,None
07:04:51.931,Active,435.4,2.4,98.9,11.8,76.5,Yes,0.0,None
07:04:52.357,Active,417.1,2.4,97.6,11.8,76.0,Yes,0.0,None
07:04:52.772,Active,408.3,2.4,98.8,11.8,74.9,Yes,0.0,None
07:04:53.209,Active,429.5,2.4,96.0,11.8,76.0,Yes,0.0,None
07:04:53.647,Active,431.9,2.4,95.5,11.8,76.5,Yes,0.0,None
07:04:54.061,Active,407.5,2.4,99.4,11.8,77.1,Yes,0.0,None
07:04:54.474,Active,407.2,2.4,99.4,11.8,76.5,Yes,0.0,None
07:04:54.890,Active,409.0,2.4,99.4,11.8,76.5,Yes,0.0,None
07:04:55.306,Active,407.8,2.4,98.2,11.8,76.5,Yes,0.0,None
07:04:55.728,Active,411.1,2.4,98.2,11.8,76.0,Yes,0.0,None
07:04:56.148,Active,412.7,2.4,98.2,11.8,76.5,Yes,0.0,None
07:04:56.587,Active,431.5,2.4,94.3,11.8,76.5,Yes,0.0,None
07:04:57.014,Active,420.3,2.4,98.8,11.8,76.5,Yes,0.0,None
07:04:57.432,Active,409.0,2.4,98.2,11.8,76.5,Yes,0.0,None
07:04:57.847,Active,406.5,2.4,98.2,11.8,77.1,Yes,0.0,None
07:04:58.269,Active,414.7,2.4,97.6,11.8,76.5,Yes,0.0,None
07:04:58.686,Active,408.9,2.4,98.8,11.8,76.5,Yes,0.0,None
07:04:59.105,Active,410.0,2.4,98.2,11.8,76.5,Yes,0.0,None
07:04:59.518,Active,406.9,2.4,98.8,11.8,76.5,Yes,0.0,None
07:04:59.937,Active,409.2,2.4,98.2,11.8,76.5,Yes,0.0,None
07:05:00.356,Active,412.2,2.4,98.8,11.7,76.5,Yes,0.0,None
07:05:00.776,Active,412.9,2.4,97.0,11.7,76.5,Yes,0.0,None
07:05:01.194,Active,410.8,2.4,99.4,11.7,76.5,Yes,0.0,None
07:05:01.612,Active,411.6,2.4,97.6,11.7,76.5,Yes,0.0,None
07:05:02.055,Active,436.6,2.4,97.7,11.8,76.0,Yes,0.0,None
07:05:02.467,Active,406.5,2.4,98.8,11.8,77.1,Yes,0.0,None
07:05:02.882,Active,406.1,2.4,98.8,11.8,76.0,Yes,0.0,None
07:05:03.297,Active,409.6,2.4,98.2,11.8,77.1,Yes,0.0,None
07:05:03.713,Active,409.0,2.4,99.4,11.8,76.5,Yes,0.0,None
07:05:49.148,Active,421.7,2.4,1.3,11.7,58.4,Yes,0.0,None
07:05:49.564,Active,408.7,2.4,98.8,11.8,60.0,Yes,0.0,None
07:05:49.981,Active,409.1,2.4,98.8,11.8,61.1,Yes,0.0,None
07:05:50.394,Active,407.1,2.4,98.8,11.8,60.6,Yes,0.0,None
07:05:50.812,Active,408.1,2.4,98.2,11.8,62.8,Yes,0.0,None
07:05:51.232,Active,414.4,4.0,98.2,11.8,63.4,Yes,0.0,None
07:05:51.648,Active,408.4,4.0,98.2,11.8,63.9,Yes,0.0,None
07:05:52.068,Active,412.5,4.0,98.2,11.8,65.0,Yes,0.0,None
07:05:52.485,Active,409.6,4.0,98.2,11.7,65.0,Yes,0.0,None
07:05:52.936,Active,443.4,4.0,97.8,11.9,66.1,Yes,0.0,None
07:05:53.351,Active,408.6,4.0,98.8,11.9,66.1,Yes,0.0,None
07:05:53.767,Active,409.7,4.0,98.8,11.9,67.2,Yes,0.0,None
07:05:54.186,Active,408.7,4.0,98.2,11.9,66.1,Yes,0.0,None
07:05:54.603,Active,407.6,4.0,98.2,11.9,67.8,Yes,0.0,None
07:05:55.024,Active,414.6,4.0,98.8,11.9,67.8,Yes,0.0,None
07:05:55.440,Active,408.7,2.4,98.2,11.9,68.3,Yes,0.0,None
07:05:55.853,Active,405.3,2.4,98.8,11.9,68.3,Yes,0.0,None
07:05:56.271,Active,412.0,2.4,99.4,11.8,68.8,Yes,0.0,None
07:05:56.689,Active,409.9,2.4,98.2,11.8,68.3,Yes,0.0,None
07:05:57.111,Active,412.3,2.4,98.2,11.9,70.0,Yes,0.0,None
07:05:57.527,Active,407.9,2.4,98.2,11.9,69.4,Yes,0.0,None
07:05:57.956,Active,420.7,2.4,98.8,11.9,69.4,Yes,0.0,None
07:05:58.376,Active,411.6,2.4,97.6,11.8,70.0,Yes,0.0,None
07:05:58.797,Active,411.2,2.4,98.2,11.8,70.0,Yes,0.0,None
07:05:59.218,Active,412.3,2.4,97.0,11.8,70.0,Yes,0.0,None
07:05:59.638,Active,410.7,2.4,97.6,11.8,70.0,Yes,0.0,None
07:06:00.059,Active,411.3,2.4,98.2,11.8,70.5,Yes,0.0,None
07:06:00.475,Active,407.7,2.4,98.2,11.8,71.0,Yes,0.0,None
07:06:00.892,Active,408.1,2.4,98.2,11.8,71.0,Yes,0.0,None
07:06:01.308,Active,409.7,2.4,98.8,11.8,71.6,Yes,0.0,None
07:06:01.724,Active,408.9,2.4,98.8,11.8,71.0,Yes,0.0,None
07:06:02.145,Active,413.6,2.4,98.2,11.8,71.6,Yes,0.0,None
07:06:02.560,Active,408.1,2.4,99.4,11.8,71.6,Yes,0.0,None
07:06:02.988,Active,422.4,2.4,98.2,11.8,71.0,Yes,0.0,None
07:06:03.483,Active,408.2,2.4,83.3,11.8,71.6,Yes,0.0,None
07:06:03.903,Active,411.1,2.3,98.2,11.8,71.6,Yes,0.0,None
07:06:04.328,Active,415.3,2.3,97.6,11.8,72.2,Yes,0.0,None
07:06:04.751,Active,415.0,2.3,97.0,11.8,72.2,Yes,0.0,None
07:06:05.170,Active,410.6,2.3,98.2,11.8,71.6,Yes,0.0,None
07:06:05.590,Active,410.6,2.3,97.6,11.8,72.2,Yes,0.0,None
07:06:06.016,Active,419.3,2.3,97.0,11.8,71.6,Yes,0.0,None
07:06:06.432,Active,408.7,2.3,98.2,11.8,72.2,Yes,0.0,None
07:06:06.848,Active,408.3,2.3,98.8,11.8,72.7,Yes,0.0,None
07:06:07.267,Active,411.7,2.3,98.8,11.8,72.2,Yes,0.0,None
07:06:07.684,Active,410.5,2.3,98.8,11.8,73.2,Yes,0.0,None
07:06:08.121,Active,430.7,2.4,98.3,11.8,72.7,Yes,0.0,None
07:06:08.537,Active,410.0,2.4,98.2,11.8,72.2,Yes,0.0,None
07:06:08.952,Active,408.2,2.4,98.8,11.8,73.8,Yes,0.0,None
07:06:09.391,Active,430.8,2.4,96.6,11.8,73.2,Yes,0.0,None
07:06:09.810,Active,410.5,2.4,98.2,11.8,71.6,Yes,0.0,None
07:06:10.230,Active,410.9,2.4,97.6,11.8,73.2,Yes,0.0,None
07:06:10.646,Active,406.4,2.4,98.2,11.8,73.8,Yes,0.0,None
07:06:11.061,Active,409.3,2.4,99.4,11.8,73.2,Yes,0.0,None
07:06:11.484,Active,408.3,2.4,97.1,11.8,73.2,Yes,0.0,None
07:06:11.904,Active,409.3,2.4,97.6,11.8,73.2,Yes,0.0,None
07:06:12.323,Active,409.6,2.4,98.2,11.8,73.8,Yes,0.0,None
07:06:12.743,Active,409.8,2.4,98.2,11.8,73.2,Yes,0.0,None
07:06:13.178,Active,428.3,2.4,98.8,11.8,73.8,Yes,0.0,None
07:06:13.598,Active,409.9,2.4,97.6,11.8,74.3,Yes,0.0,None
07:06:14.016,Active,409.9,2.4,98.8,11.8,73.8,Yes,0.0,None
07:06:14.432,Active,406.3,2.4,98.2,11.8,73.8,Yes,0.0,None
07:06:14.847,Active,407.2,2.4,98.8,11.8,73.8,Yes,0.0,None
07:06:15.264,Active,411.6,2.4,98.2,11.8,73.8,Yes,0.0,None
07:06:15.680,Active,408.4,2.4,98.8,11.8,74.3,Yes,0.0,None
07:06:16.100,Active,410.5,2.4,97.6,11.8,74.3,Yes,0.0,None
07:06:16.519,Active,408.6,2.4,98.2,11.8,74.3,Yes,0.0,None
07:06:16.932,Active,406.2,2.4,98.8,11.8,74.3,Yes,0.0,None
07:06:17.349,Active,409.2,2.4,98.8,11.8,74.3,Yes,0.0,None
07:06:17.765,Active,406.9,2.4,98.2,11.8,74.3,Yes,0.0,None
07:06:18.185,Active,409.4,2.4,98.2,11.8,75.5,Yes,0.0,None
07:06:18.604,Active,409.0,2.4,98.2,11.8,75.5,Yes,0.0,None
07:06:19.020,Active,408.4,2.4,98.2,11.8,74.3,Yes,0.0,None
07:06:19.441,Active,413.6,2.4,98.8,11.7,76.0,Yes,0.0,None
07:06:19.855,Active,407.6,2.4,98.2,11.8,74.3,Yes,0.0,None
07:06:20.281,Active,417.7,2.4,97.6,11.7,74.9,Yes,0.0,None
07:06:20.697,Active,409.1,2.4,98.8,11.8,74.3,Yes,0.0,None
07:06:21.115,Active,411.8,2.4,98.8,11.8,75.5,Yes,0.0,None
07:06:21.530,Active,408.5,2.4,98.8,11.8,74.9,Yes,0.0,None
07:06:21.957,Active,420.2,2.4,96.5,11.8,75.5,Yes,0.0,None
07:06:22.373,Active,409.4,2.4,98.8,11.8,74.3,Yes,0.0,None
07:06:22.787,Active,406.6,2.4,98.2,11.7,74.9,Yes,0.0,None
07:06:23.246,Active,450.0,2.4,96.7,11.8,74.9,Yes,0.0,None
07:06:23.664,Active,408.7,2.4,97.6,11.8,74.3,Yes,0.0,None
07:06:24.082,Active,410.8,2.4,98.8,11.8,74.9,Yes,0.0,None
07:06:24.496,Active,407.8,2.4,98.8,11.8,75.5,Yes,0.0,None
07:06:24.912,Active,408.2,2.4,99.4,11.8,75.5,Yes,0.0,None
07:06:25.332,Active,412.1,2.4,98.2,11.8,76.0,Yes,0.0,None
07:06:25.768,Active,428.0,2.4,96.0,11.8,75.5,Yes,0.0,None
07:06:26.188,Active,412.8,2.4,98.2,11.8,75.5,Yes,0.0,None
07:06:26.606,Active,410.8,2.4,97.0,11.8,75.5,Yes,0.0,None
07:06:27.024,Active,411.6,2.4,98.8,11.8,75.5,Yes,0.0,None
07:06:27.442,Active,408.2,2.4,97.6,11.8,75.5,Yes,0.0,None
07:06:27.862,Active,409.3,2.4,98.2,11.8,76.0,Yes,0.0,None
07:06:28.292,Active,420.2,2.4,98.3,11.8,75.5,Yes,0.0,None
07:06:28.708,Active,408.7,2.4,98.2,11.8,75.5,Yes,0.0,None
07:06:29.126,Active,408.5,2.4,98.2,11.8,75.5,Yes,0.0,None
07:06:29.544,Active,406.7,2.4,98.8,11.8,75.5,Yes,0.0,None
07:06:29.962,Active,409.0,2.4,97.6,11.8,75.5,Yes,0.0,None
07:06:30.380,Active,410.4,2.4,98.8,11.8,75.5,Yes,0.0,None
07:06:30.818,Active,430.3,2.4,94.8,11.8,76.5,Yes,0.0,None
07:06:31.245,Active,417.1,2.4,97.1,11.8,76.0,Yes,0.0,None
07:06:31.659,Active,407.8,2.4,98.8,11.8,75.5,Yes,0.0,None
07:06:32.076,Active,410.5,2.4,98.8,11.7,74.9,Yes,0.0,None
07:06:32.489,Active,407.1,2.4,98.8,11.7,75.5,Yes,0.0,None
07:06:32.905,Active,409.9,2.4,99.4,11.7,75.5,Yes,0.0,None
07:06:33.339,Active,427.4,2.4,98.3,11.7,76.0,Yes,0.0,None
07:06:33.761,Active,413.6,2.4,97.6,11.8,76.0,Yes,0.0,None
07:06:34.188,Active,420.6,2.4,97.0,11.8,76.0,Yes,0.0,None
07:06:34.625,Active,429.5,2.4,95.4,11.8,76.0,Yes,0.0,None
07:06:35.041,Active,409.4,2.4,98.8,11.8,75.5,Yes,0.0,None
07:06:35.452,Active,404.9,2.4,98.8,11.8,76.0,Yes,0.0,None
07:06:35.867,Active,408.7,2.4,99.4,11.8,76.5,Yes,0.0,None
07:06:36.282,Active,409.2,2.4,98.8,11.8,76.5,Yes,0.0,None
07:06:36.700,Active,411.5,2.4,99.4,11.8,76.0,Yes,0.0,None
07:06:37.118,Active,410.6,2.4,98.2,11.8,76.0,Yes,0.0,None
07:06:37.552,Active,424.5,2.4,95.4,11.8,76.0,Yes,0.0,None
07:06:37.968,Active,408.3,2.4,98.8,11.8,76.0,Yes,0.0,None
07:06:38.422,Active,441.7,2.4,96.7,11.8,76.0,Yes,0.0,None
07:06:38.840,Active,411.9,2.4,98.2,11.8,76.0,Yes,0.0,None
07:06:39.258,Active,409.4,2.4,98.8,11.8,76.0,Yes,0.0,None
07:06:39.675,Active,407.5,2.4,98.2,11.8,76.0,Yes,0.0,None
07:06:40.092,Active,411.0,2.4,99.4,11.8,76.0,Yes,0.0,None
07:06:40.507,Active,408.7,2.4,98.8,11.8,76.5,Yes,0.0,None
07:06:40.923,Active,407.7,2.4,98.2,11.8,77.1,Yes,0.0,None
07:06:41.344,Active,412.8,2.4,98.8,11.8,76.0,Yes,0.0,None
07:06:41.769,Active,417.4,2.4,96.4,11.8,77.1,Yes,0.0,None
07:06:42.189,Active,413.8,2.4,97.6,11.8,76.0,Yes,0.0,None
07:06:42.609,Active,413.0,2.4,98.8,11.8,76.5,Yes,0.0,None
07:06:43.024,Active,408.8,2.4,98.8,11.8,76.0,Yes,0.0,None
07:06:43.441,Active,409.7,2.4,98.8,11.8,76.0,Yes,0.0,None
07:06:43.882,Active,435.0,2.4,97.7,11.9,76.0,Yes,0.0,None
07:06:44.299,Active,407.4,2.4,98.8,11.9,77.1,Yes,0.0,None
07:06:44.710,Active,405.3,2.4,99.4,11.9,76.5,Yes,0.0,None
07:06:45.129,Active,411.9,2.4,98.8,11.9,76.5,Yes,0.0,None
07:06:45.546,Active,407.1,2.4,97.0,11.9,76.5,Yes,0.0,None
07:06:45.963,Active,406.7,2.4,98.2,11.9,76.0,Yes,0.0,None
07:06:46.382,Active,409.2,2.4,98.2,11.8,77.1,Yes,0.0,None
07:06:46.801,Active,409.4,2.4,98.2,11.8,74.9,Yes,0.0,None
07:06:47.217,Active,409.6,2.4,98.8,11.8,76.5,Yes,0.0,None
07:06:47.638,Active,410.3,2.4,97.6,11.8,76.5,Yes,0.0,None
07:06:48.054,Active,410.3,2.4,98.8,11.8,76.0,Yes,0.0,None
07:06:48.471,Active,407.9,2.4,98.8,11.8,77.1,Yes,0.0,None
07:06:48.885,Active,405.8,2.4,98.2,11.8,76.5,Yes,0.0,None
07:07:34.353,Active,453.8,2.4,1.4,11.7,57.9,Yes,0.0,None
07:07:34.766,Active,406.0,2.4,98.8,11.7,59.5,Yes,0.0,None
07:07:35.183,Active,410.8,7.8,98.8,11.8,61.7,Yes,0.0,None
07:07:35.607,Active,411.8,7.8,97.0,11.8,62.8,Yes,0.0,None
07:07:36.022,Active,409.1,7.8,99.4,11.8,62.8,Yes,0.0,None
07:07:36.439,Active,408.0,7.8,97.6,11.8,63.4,Yes,0.0,None
07:07:36.851,Active,405.4,7.8,99.4,11.7,64.5,Yes,0.0,None
07:07:37.264,Active,407.1,7.8,99.4,11.7,64.5,Yes,0.0,None
07:07:37.679,Active,406.3,7.8,98.8,11.7,65.5,Yes,0.0,None
07:07:38.099,Active,410.2,7.8,98.2,11.8,66.1,Yes,0.0,None
07:07:38.518,Active,409.5,7.8,97.6,11.7,65.5,Yes,0.0,None
07:07:38.936,Active,407.5,7.8,98.2,11.7,66.7,Yes,0.0,None
07:07:39.379,Active,434.9,2.4,97.7,11.8,67.2,Yes,0.0,None
07:07:39.796,Active,408.6,2.4,98.2,11.8,66.7,Yes,0.0,None
07:07:40.212,Active,408.4,2.4,98.2,11.8,67.8,Yes,0.0,None
07:07:40.628,Active,408.5,2.4,98.8,11.8,67.8,Yes,0.0,None
07:07:41.043,Active,407.4,2.4,98.8,11.8,68.3,Yes,0.0,None
07:07:41.465,Active,410.3,2.4,98.2,11.8,68.3,Yes,0.0,None
07:07:41.880,Active,408.0,2.4,98.2,11.8,68.8,Yes,0.0,None
07:07:42.298,Active,409.0,2.4,98.2,11.8,69.4,Yes,0.0,None
07:07:42.714,Active,407.9,2.4,98.2,11.8,68.8,Yes,0.0,None
07:07:43.131,Active,407.6,2.4,98.2,11.8,70.0,Yes,0.0,None
07:07:43.543,Active,405.9,2.4,99.4,11.8,70.0,Yes,0.0,None
07:07:43.961,Active,407.8,2.4,98.2,11.8,70.5,Yes,0.0,None
07:07:44.379,Active,407.5,2.4,98.2,11.8,70.0,Yes,0.0,None
07:07:44.830,Active,442.6,2.4,97.2,11.8,70.0,Yes,0.0,None
07:07:45.252,Active,412.0,2.4,97.6,11.9,71.0,Yes,0.0,None
07:07:45.668,Active,408.9,2.4,98.8,11.9,70.0,Yes,0.0,None
07:07:46.087,Active,408.9,2.4,98.2,11.9,71.0,Yes,0.0,None
07:07:46.502,Active,408.7,2.4,98.8,11.9,71.0,Yes,0.0,None
07:07:46.927,Active,416.0,2.4,96.5,11.9,71.0,Yes,0.0,None
07:07:47.356,Active,420.5,2.4,97.1,11.8,69.4,Yes,0.0,None
07:07:47.788,Active,424.4,2.4,95.9,11.8,70.5,Yes,0.0,None
07:07:48.204,Active,408.3,2.4,98.8,11.8,71.6,Yes,0.0,None
07:07:48.621,Active,407.8,2.4,98.2,11.8,72.2,Yes,0.0,None
07:07:49.038,Active,409.7,2.4,98.2,11.8,71.6,Yes,0.0,None
07:07:49.459,Active,410.1,2.4,98.2,11.8,71.0,Yes,0.0,None
07:07:49.873,Active,408.2,2.4,98.8,11.8,71.0,Yes,0.0,None
07:07:50.291,Active,408.4,2.4,98.2,11.8,72.7,Yes,0.0,None
07:07:50.709,Active,408.0,2.4,97.6,11.8,71.6,Yes,0.0,None
07:07:51.125,Active,409.4,2.4,99.4,11.8,72.7,Yes,0.0,None
07:07:51.540,Active,408.4,2.4,98.8,11.8,72.2,Yes,0.0,None
07:07:51.957,Active,410.7,2.4,98.2,11.8,72.7,Yes,0.0,None
07:07:52.377,Active,410.8,2.4,98.2,11.8,72.7,Yes,0.0,None
07:07:52.790,Active,406.7,2.4,98.2,11.8,72.7,Yes,0.0,None
07:07:53.303,Active,411.0,2.4,80.3,11.7,72.2,Yes,0.0,None
07:07:53.829,Active,417.2,2.4,78.1,11.8,71.6,Yes,0.0,None
07:07:54.247,Active,409.9,2.4,98.8,11.8,72.7,Yes,0.0,None
07:07:54.694,Active,440.9,2.4,97.8,11.8,72.7,Yes,0.0,None
07:07:55.108,Active,408.4,2.4,99.4,11.8,73.2,Yes,0.0,None
07:07:55.529,Active,410.9,2.4,98.2,11.8,73.2,Yes,0.0,None
07:07:55.944,Active,407.9,2.4,98.2,11.8,73.2,Yes,0.0,None
07:07:56.363,Active,409.2,2.3,97.6,11.8,73.2,Yes,0.0,None
07:07:56.784,Active,411.6,2.3,98.2,11.8,72.7,Yes,0.0,None
07:07:57.204,Active,410.2,2.3,98.2,11.8,73.2,Yes,0.0,None
07:07:57.623,Active,408.8,2.3,98.2,11.8,73.8,Yes,0.0,None
07:07:58.039,Active,406.7,2.3,97.6,11.8,74.3,Yes,0.0,None
07:07:58.457,Active,408.4,2.3,98.2,11.8,73.2,Yes,0.0,None
07:07:58.875,Active,407.8,2.3,98.2,11.8,74.3,Yes,0.0,None
07:07:59.292,Active,410.1,2.3,98.8,11.8,73.2,Yes,0.0,None
07:07:59.711,Active,407.9,2.3,98.2,11.8,73.2,Yes,0.0,None
07:08:00.140,Active,419.2,2.3,97.7,11.8,73.8,Yes,0.0,None
07:08:00.560,Active,410.6,2.4,97.6,11.8,73.2,Yes,0.0,None
07:08:00.978,Active,410.5,2.4,98.2,11.8,73.2,Yes,0.0,None
07:08:01.395,Active,407.4,2.4,98.8,11.8,73.8,Yes,0.0,None
07:08:01.814,Active,407.6,2.4,97.6,11.8,74.3,Yes,0.0,None
07:08:02.227,Active,407.5,2.4,98.8,11.8,74.3,Yes,0.0,None
07:08:02.638,Active,404.9,2.4,99.4,11.7,74.3,Yes,0.0,None
07:08:03.054,Active,409.2,2.4,98.8,11.7,73.8,Yes,0.0,None
07:08:03.478,Active,414.9,2.4,97.6,11.7,73.8,Yes,0.0,None
07:08:03.898,Active,410.5,2.4,97.0,11.8,74.9,Yes,0.0,None
07:08:04.318,Active,414.0,2.4,98.8,11.8,73.8,Yes,0.0,None
07:08:04.736,Active,408.4,2.4,98.2,11.8,73.8,Yes,0.0,None
07:08:05.167,Active,423.5,2.4,98.8,11.8,74.3,Yes,0.0,None
07:08:05.585,Active,407.3,2.4,97.6,11.8,74.9,Yes,0.0,None
07:08:06.000,Active,408.7,2.4,98.8,11.8,75.5,Yes,0.0,None
07:08:06.413,Active,407.3,2.4,99.4,11.8,74.3,Yes,0.0,None
07:08:06.832,Active,410.2,2.4,98.2,11.8,73.8,Yes,0.0,None
07:08:07.247,Active,407.3,2.4,98.8,11.8,73.8,Yes,0.0,None
07:08:07.663,Active,407.5,2.4,98.2,11.8,74.9,Yes,0.0,None
07:08:08.084,Active,412.5,2.4,98.8,11.8,74.3,Yes,0.0,None
07:08:08.501,Active,409.1,2.4,98.2,11.8,75.5,Yes,0.0,None
07:08:09.033,Active,423.0,2.3,78.3,11.7,73.8,Yes,0.0,None
07:08:09.452,Active,409.6,2.3,97.6,11.7,74.9,Yes,0.0,None
07:08:09.887,Active,427.7,2.3,98.3,11.8,74.9,Yes,0.0,None
07:08:10.306,Active,408.7,2.3,97.6,11.8,74.9,Yes,0.0,None
07:08:10.724,Active,406.9,2.3,97.6,11.8,74.9,Yes,0.0,None
07:08:11.140,Active,410.1,2.3,98.8,11.8,73.2,Yes,0.0,None
07:08:11.556,Active,408.6,2.3,98.2,11.8,73.8,Yes,0.0,None
07:08:11.973,Active,407.8,2.3,98.2,11.8,76.0,Yes,0.0,None
07:08:12.392,Active,411.1,2.3,97.6,11.8,74.9,Yes,0.0,None
07:08:12.810,Active,408.9,2.3,98.2,11.8,76.0,Yes,0.0,None
07:08:13.228,Active,408.7,2.4,98.2,11.8,76.0,Yes,0.0,None
07:08:13.647,Active,409.0,2.4,97.6,11.7,75.5,Yes,0.0,None
07:08:14.062,Active,407.0,2.4,98.8,11.8,76.0,Yes,0.0,None
07:08:14.479,Active,408.5,2.4,98.8,11.8,75.5,Yes,0.0,None
07:08:14.896,Active,408.7,2.4,97.6,11.8,74.9,Yes,0.0,None
07:08:15.330,Active,427.0,2.4,98.9,11.8,75.5,Yes,0.0,None
07:08:15.744,Active,407.9,2.4,98.8,11.8,76.0,Yes,0.0,None
07:08:16.161,Active,410.7,2.4,98.8,11.8,75.5,Yes,0.0,None
07:08:16.575,Active,408.2,2.4,98.2,11.8,76.0,Yes,0.0,None
07:08:16.993,Active,411.7,2.4,98.2,11.8,75.5,Yes,0.0,None
07:08:17.412,Active,412.4,2.4,98.8,11.8,76.0,Yes,0.0,None
07:08:17.825,Active,406.7,2.4,98.8,11.8,75.5,Yes,0.0,None
07:08:18.242,Active,411.0,2.4,98.2,11.8,76.0,Yes,0.0,None
07:08:18.656,Active,405.0,2.4,98.2,11.8,76.5,Yes,0.0,None
07:08:19.071,Active,407.2,2.4,98.8,11.8,76.0,Yes,0.0,None
07:08:19.584,Active,406.6,2.4,79.9,11.8,75.5,Yes,0.0,None
07:08:20.004,Active,412.2,2.4,98.8,11.7,76.0,Yes,0.0,None
07:08:20.418,Active,406.5,2.4,98.2,11.7,76.0,Yes,0.0,None
07:08:20.834,Active,409.9,2.4,98.2,11.7,75.5,Yes,0.0,None
07:08:21.248,Active,407.4,2.4,98.8,11.7,76.0,Yes,0.0,None
07:08:21.715,Active,410.9,2.3,88.2,11.7,76.5,Yes,0.0,None
07:08:22.129,Active,407.4,2.3,99.4,11.7,76.0,Yes,0.0,None
07:08:22.547,Active,412.1,2.3,98.8,11.7,75.5,Yes,0.0,None
07:08:22.958,Active,405.6,2.3,98.8,11.8,76.0,Yes,0.0,None
07:08:23.371,Active,404.8,2.3,98.8,11.8,76.0,Yes,0.0,None
07:08:23.786,Active,409.5,2.3,99.4,11.8,76.5,Yes,0.0,None
07:08:24.205,Active,409.5,2.3,98.2,11.8,74.9,Yes,0.0,None
07:08:24.625,Active,410.8,2.3,97.6,11.8,74.9,Yes,0.0,None
07:08:25.038,Active,407.2,2.3,98.8,11.8,76.0,Yes,0.0,None
07:08:25.482,Active,433.6,2.3,98.3,11.9,76.5,Yes,0.0,None
07:08:25.900,Active,408.6,2.4,98.2,12.0,75.5,Yes,0.0,None
07:08:26.317,Active,411.2,2.4,98.8,12.0,75.5,Yes,0.0,None
07:08:26.732,Active,408.6,2.4,98.2,12.0,76.5,Yes,0.0,None
07:08:27.148,Active,409.8,2.4,98.2,12.0,76.0,Yes,0.0,None
07:08:27.565,Active,409.4,2.4,98.2,12.0,75.5,Yes,0.0,None
07:08:27.981,Active,409.7,2.4,99.4,11.9,76.5,Yes,0.0,None
07:08:28.395,Active,407.0,2.4,98.8,11.9,76.5,Yes,0.0,None
07:08:28.814,Active,406.4,2.4,97.6,11.9,75.5,Yes,0.0,None
07:08:29.235,Active,411.4,2.4,97.0,11.9,76.5,Yes,0.0,None
07:08:29.652,Active,408.5,2.4,98.8,11.9,76.5,Yes,0.0,None
07:08:30.068,Active,408.1,2.4,98.8,11.9,76.5,Yes,0.0,None
07:08:30.496,Active,420.3,2.4,98.2,12.0,76.5,Yes,0.0,None
07:08:30.915,Active,407.4,2.4,97.6,12.0,77.1,Yes,0.0,None
07:08:31.332,Active,408.1,2.4,98.8,12.0,76.5,Yes,0.0,None
07:08:31.748,Active,408.4,2.4,98.8,12.0,76.0,Yes,0.0,None
07:08:32.164,Active,410.1,2.4,99.4,11.9,77.1,Yes,0.0,None
07:08:32.582,Active,408.2,2.4,98.2,11.9,77.1,Yes,0.0,None
07:08:32.999,Active,406.5,2.4,98.2,11.9,76.5,Yes,0.0,None
07:08:33.415,Active,407.4,2.4,98.8,11.9,76.5,Yes,0.0,None
07:08:33.827,Active,406.0,2.4,99.4,11.9,76.5,Yes,0.0,None
07:08:34.252,Active,417.0,2.4,97.6,11.9,77.1,Yes,0.0,None
07:09:19.692,Active,425.1,2.4,1.4,11.8,58.4,Yes,0.0,None
07:09:20.104,Active,406.3,2.4,99.4,11.8,60.0,Yes,0.0,None
07:09:20.514,Active,403.7,2.4,100.0,11.8,61.1,Yes,0.0,None
07:09:20.926,Active,406.7,2.4,100.0,11.8,61.7,Yes,0.0,None
07:09:21.340,Active,407.3,2.4,99.4,11.8,62.8,Yes,0.0,None
07:09:21.757,Active,407.4,2.4,98.2,11.8,63.4,Yes,0.0,None
07:09:22.173,Active,409.2,2.4,98.8,11.8,64.5,Yes,0.0,None
07:09:22.589,Active,409.6,2.4,98.8,11.8,63.9,Yes,0.0,None
07:09:23.003,Active,407.7,2.4,98.8,11.8,65.5,Yes,0.0,None
07:09:23.415,Active,406.1,2.4,100.0,11.8,65.5,Yes,0.0,None
07:09:23.831,Active,410.7,2.4,99.4,11.8,65.5,Yes,0.0,None
07:09:24.249,Active,411.6,2.4,98.8,11.8,66.1,Yes,0.0,None
07:09:24.663,Active,407.7,2.4,98.2,11.8,67.2,Yes,0.0,None
07:09:25.092,Active,420.6,2.4,98.8,11.8,67.8,Yes,0.0,None
07:09:25.511,Active,409.1,2.4,97.6,11.8,67.2,Yes,0.0,None
07:09:25.925,Active,407.8,2.4,98.8,11.8,68.3,Yes,0.0,None
07:09:26.380,Active,445.8,2.4,97.3,11.8,68.3,Yes,0.0,None
07:09:26.795,Active,408.1,2.4,98.8,11.8,68.3,Yes,0.0,None
07:09:27.212,Active,411.0,2.4,98.8,11.9,68.3,Yes,0.0,None
07:09:27.624,Active,406.0,2.4,98.2,11.9,69.4,Yes,0.0,None
07:09:28.039,Active,408.0,2.4,98.8,11.9,68.8,Yes,0.0,None
07:09:28.456,Active,410.4,2.4,98.2,11.9,69.4,Yes,0.0,None
07:09:28.872,Active,410.0,2.4,98.8,11.9,68.8,Yes,0.0,None
07:09:29.287,Active,409.1,2.4,99.4,11.8,70.0,Yes,0.0,None
07:09:29.699,Active,406.7,2.4,99.4,11.8,70.5,Yes,0.0,None
07:09:30.114,Active,408.9,2.4,98.8,11.8,70.5,Yes,0.0,None
07:09:30.531,Active,407.6,2.4,98.2,11.8,70.0,Yes,0.0,None
07:09:30.946,Active,405.9,2.4,98.2,11.8,71.0,Yes,0.0,None
07:09:31.376,Active,420.7,2.4,98.2,11.8,71.0,Yes,0.0,None
07:09:31.791,Active,407.9,2.4,98.8,11.8,70.5,Yes,0.0,None
07:09:32.209,Active,409.3,2.4,98.2,11.8,71.0,Yes,0.0,None
07:09:32.623,Active,407.6,2.4,99.4,11.8,71.6,Yes,0.0,None
07:09:33.039,Active,408.0,2.4,98.2,11.8,71.0,Yes,0.0,None
07:09:33.461,Active,414.1,2.4,97.6,11.8,71.6,Yes,0.0,None
07:09:33.876,Active,408.7,2.4,99.4,11.9,71.0,Yes,0.0,None
07:09:34.425,Active,448.5,2.4,78.9,11.8,71.0,Yes,0.0,None
07:09:34.839,Active,407.8,2.4,98.2,11.9,72.2,Yes,0.0,None
07:09:35.257,Active,410.1,2.4,98.2,11.9,72.2,Yes,0.0,None
07:09:35.675,Active,407.4,2.4,98.2,11.9,72.7,Yes,0.0,None
07:09:36.094,Active,411.0,2.3,98.2,11.9,72.2,Yes,0.0,None
07:09:36.532,Active,425.5,2.3,97.7,11.9,72.2,Yes,0.0,None
07:09:36.947,Active,409.2,2.3,98.8,11.8,72.2,Yes,0.0,None
07:09:37.363,Active,408.0,2.3,98.2,11.8,72.2,Yes,0.0,None
07:09:37.781,Active,409.6,2.3,98.8,11.8,73.2,Yes,0.0,None
07:09:38.195,Active,408.2,2.3,98.2,11.8,73.2,Yes,0.0,None
07:09:38.610,Active,406.5,2.3,98.2,11.8,73.8,Yes,0.0,None
07:09:39.028,Active,412.2,2.3,99.4,11.8,72.2,Yes,0.0,None
07:09:39.445,Active,407.0,2.3,97.6,11.8,72.7,Yes,0.0,None
07:09:39.859,Active,407.8,2.3,98.8,11.8,72.7,Yes,0.0,None
07:09:40.276,Active,410.1,2.4,98.8,11.8,74.3,Yes,0.0,None
07:09:40.691,Active,407.7,2.4,98.8,11.8,73.8,Yes,0.0,None
07:09:41.105,Active,408.4,2.4,99.4,11.8,73.2,Yes,0.0,None
07:09:41.563,Active,451.8,2.4,96.7,11.8,73.2,Yes,0.0,None
07:09:41.980,Active,409.6,2.4,98.8,11.8,73.2,Yes,0.0,None
07:09:42.397,Active,409.9,2.4,98.2,11.8,72.7,Yes,0.0,None
07:09:42.810,Active,406.5,2.4,98.8,11.8,73.8,Yes,0.0,None
07:09:43.225,Active,409.4,2.4,98.8,11.8,73.8,Yes,0.0,None
07:09:43.640,Active,408.6,2.4,99.4,11.8,73.8,Yes,0.0,None
07:09:44.056,Active,410.0,2.4,98.8,11.8,74.3,Yes,0.0,None
07:09:44.472,Active,408.5,2.4,98.8,11.8,73.8,Yes,0.0,None
07:09:44.884,Active,406.8,2.4,98.8,11.8,74.3,Yes,0.0,None
07:09:45.299,Active,408.2,2.4,98.8,11.8,74.3,Yes,0.0,None
07:09:45.739,Active,429.1,2.4,96.0,11.8,73.8,Yes,0.0,None
07:09:46.157,Active,409.6,2.4,98.2,11.8,73.8,Yes,0.0,None
07:09:46.591,Active,428.1,2.4,98.9,11.8,73.8,Yes,0.0,None
07:09:47.009,Active,410.1,2.4,98.8,11.9,74.3,Yes,0.0,None
07:09:47.428,Active,409.6,2.4,98.2,11.9,74.3,Yes,0.0,None
07:09:47.843,Active,407.4,2.4,98.2,11.9,73.2,Yes,0.0,None
07:09:48.295,Active,443.5,2.4,93.9,11.9,74.3,Yes,0.0,None
07:09:48.710,Active,407.1,2.4,98.8,11.9,74.3,Yes,0.0,None
07:09:49.125,Active,408.6,2.4,99.4,11.9,74.9,Yes,0.0,None
07:09:49.541,Active,409.8,2.4,99.4,11.8,75.5,Yes,0.0,None
07:09:49.964,Active,416.7,2.4,97.1,11.8,75.5,Yes,0.0,None
07:09:50.380,Active,408.3,2.4,98.8,11.8,74.3,Yes,0.0,None
07:09:50.797,Active,411.2,2.4,98.2,11.8,73.8,Yes,0.0,None
07:09:51.211,Active,407.3,2.4,98.8,11.8,74.3,Yes,0.0,None
07:09:51.653,Active,432.2,2.4,95.4,11.8,74.3,Yes,0.0,None
07:09:52.092,Active,432.2,2.4,94.8,11.8,74.9,Yes,0.0,None
07:09:52.524,Active,421.9,2.4,97.1,11.8,74.9,Yes,0.0,None
07:09:52.937,Active,405.3,2.4,98.2,11.8,75.5,Yes,0.0,None
07:09:53.356,Active,413.6,2.4,98.8,11.8,74.9,Yes,0.0,None
07:09:53.800,Active,437.0,2.4,94.9,11.8,74.3,Yes,0.0,None
07:09:54.217,Active,409.7,2.4,98.8,11.8,75.5,Yes,0.0,None
07:09:54.634,Active,410.2,2.4,98.8,11.8,74.9,Yes,0.0,None
07:09:55.048,Active,409.0,2.4,98.2,11.8,74.9,Yes,0.0,None
07:09:55.464,Active,408.7,2.4,98.8,11.8,74.9,Yes,0.0,None
07:09:55.885,Active,414.0,2.4,97.6,11.8,76.0,Yes,0.0,None
07:09:56.300,Active,408.4,2.4,98.8,11.8,75.5,Yes,0.0,None
07:09:56.771,Active,463.8,2.4,96.3,11.8,74.3,Yes,0.0,None
07:09:57.190,Active,413.1,2.4,99.4,11.8,76.0,Yes,0.0,None
07:09:57.612,Active,413.1,2.4,97.0,11.8,75.5,Yes,0.0,None
07:09:58.035,Active,415.9,2.4,98.2,11.8,74.9,Yes,0.0,None
07:09:58.448,Active,406.9,2.4,98.8,11.8,74.9,Yes,0.0,None
07:09:58.862,Active,407.0,2.4,98.8,11.8,74.9,Yes,0.0,None
07:09:59.277,Active,408.6,2.4,98.8,11.8,75.5,Yes,0.0,None
07:09:59.697,Active,410.6,2.4,98.2,11.8,76.0,Yes,0.0,None
07:10:00.114,Active,408.0,2.4,98.2,11.8,74.9,Yes,0.0,None
07:10:00.528,Active,404.3,2.4,98.8,11.8,75.5,Yes,0.0,None
07:10:00.939,Active,405.6,2.4,100.0,11.8,76.0,Yes,0.0,None
07:10:01.360,Active,413.0,2.4,98.8,11.8,76.0,Yes,0.0,None
07:10:01.787,Active,418.5,2.4,97.1,11.8,74.9,Yes,0.0,None
07:10:02.205,Active,411.1,2.4,98.8,11.8,76.0,Yes,0.0,None
07:10:02.617,Active,406.2,2.4,98.8,11.8,75.5,Yes,0.0,None
07:10:03.037,Active,411.3,2.4,98.2,11.8,76.5,Yes,0.0,None
07:10:03.456,Active,413.1,2.4,98.2,11.8,76.0,Yes,0.0,None
07:10:03.871,Active,407.3,2.4,98.8,11.8,75.5,Yes,0.0,None
07:10:04.287,Active,408.1,2.4,98.8,11.8,76.0,Yes,0.0,None
07:10:04.705,Active,408.0,2.4,97.6,11.8,76.0,Yes,0.0,None
07:10:05.124,Active,413.0,2.4,98.8,11.8,76.0,Yes,0.0,None
07:10:05.548,Active,417.4,2.4,97.0,11.8,76.5,Yes,0.0,None
07:10:05.994,Active,438.7,2.4,94.9,11.8,76.0,Yes,0.0,None
07:10:06.409,Active,408.9,2.4,98.8,11.8,76.0,Yes,0.0,None
07:10:06.840,Active,423.0,2.4,98.3,11.8,75.5,Yes,0.0,None
07:10:07.260,Active,413.6,2.4,98.8,11.8,76.0,Yes,0.0,None
07:10:07.673,Active,406.3,2.4,98.2,11.8,75.5,Yes,0.0,None
07:10:08.098,Active,414.2,2.4,98.2,11.8,76.0,Yes,0.0,None
07:10:08.510,Active,407.1,2.4,99.4,11.8,76.5,Yes,0.0,None
07:10:08.927,Active,408.2,2.4,98.2,11.8,76.0,Yes,0.0,None
07:10:09.342,Active,408.5,2.4,98.8,11.8,76.5,Yes,0.0,None
07:10:09.757,Active,405.8,2.4,98.2,11.8,76.5,Yes,0.0,None
07:10:10.177,Active,409.7,2.4,98.2,11.8,76.5,Yes,0.0,None
07:10:10.593,Active,409.1,2.4,98.8,11.8,76.5,Yes,0.0,None
07:10:11.010,Active,410.1,2.4,98.8,11.8,76.5,Yes,0.0,None
07:10:11.427,Active,407.5,2.4,97.6,11.8,76.5,Yes,0.0,None
07:10:11.868,Active,431.2,2.4,98.3,11.8,76.0,Yes,0.0,None
07:10:12.287,Active,410.1,2.4,98.2,11.8,77.1,Yes,0.0,None
07:10:12.704,Active,407.4,2.4,98.2,11.8,76.5,Yes,0.0,None
07:10:13.124,Active,410.7,2.4,98.2,11.8,76.5,Yes,0.0,None
07:10:13.544,Active,411.6,2.4,98.2,11.8,76.0,Yes,0.0,None
07:10:13.964,Active,412.3,2.4,97.6,11.8,76.5,Yes,0.0,None
07:10:14.381,Active,409.4,2.4,98.2,11.8,77.1,Yes,0.0,None
07:10:14.795,Active,407.8,2.4,98.8,11.8,77.1,Yes,0.0,None
07:10:15.212,Active,411.1,2.4,98.2,11.8,77.1,Yes,0.0,None
07:10:15.635,Active,415.4,2.4,97.6,11.8,76.5,Yes,0.0,None
07:10:16.060,Active,417.2,2.4,97.0,11.8,77.1,Yes,0.0,None
07:10:16.475,Active,407.9,2.4,98.8,11.8,77.1,Yes,0.0,None
07:10:16.890,Active,409.3,2.4,99.4,11.8,76.5,Yes,0.0,None
07:10:17.327,Active,430.4,2.4,98.9,11.8,77.7,Yes,0.0,None
07:10:17.740,Active,407.5,2.4,99.4,11.8,77.7,Yes,0.0,None
07:10:18.154,Active,408.1,2.4,99.4,11.9,76.0,Yes,0.0,None
07:10:18.573,Active,410.0,2.4,98.8,11.9,77.7,Yes,0.0,None
07:10:18.992,Active,413.2,2.4,98.2,11.9,76.0,Yes,0.0,None
07:10:19.405,Active,406.6,2.4,98.8,11.9,77.1,Yes,0.0,None
07:11:04.843,Active,424.4,2.4,1.1,11.8,59.0,Yes,0.0,None
07:11:05.276,Active,420.9,2.4,97.1,11.8,60.0,Yes,0.0,None
07:11:05.697,Active,413.8,2.4,98.2,11.8,61.7,Yes,0.0,None
07:11:06.115,Active,411.4,2.4,99.4,11.8,61.7,Yes,0.0,None
07:11:06.535,Active,409.2,2.4,97.0,11.8,64.5,Yes,0.0,None
07:11:06.953,Active,409.2,2.4,98.2,11.8,64.5,Yes,0.0,None
07:11:07.371,Active,408.8,3.4,98.2,11.8,63.9,Yes,0.0,None
07:11:07.795,Active,416.9,3.4,98.8,11.8,65.0,Yes,0.0,None
07:11:08.211,Active,408.5,3.4,99.4,11.8,65.0,Yes,0.0,None
07:11:08.628,Active,406.4,3.4,98.2,11.8,66.1,Yes,0.0,None
07:11:09.047,Active,411.9,3.4,98.8,11.8,67.2,Yes,0.0,None
07:11:09.473,Active,417.5,3.4,96.5,11.8,66.7,Yes,0.0,None
07:11:09.890,Active,408.4,3.4,98.2,11.8,67.8,Yes,0.0,None
07:11:10.321,Active,422.4,3.4,95.9,11.8,67.8,Yes,0.0,None
07:11:10.748,Active,417.3,3.4,96.4,11.8,67.8,Yes,0.0,None
07:11:11.167,Active,413.0,3.4,98.2,11.7,68.3,Yes,0.0,None
07:11:11.581,Active,405.4,2.4,98.2,11.7,68.3,Yes,0.0,None
07:11:11.997,Active,409.1,2.4,98.8,11.8,68.3,Yes,0.0,None
07:11:12.411,Active,407.3,2.4,98.8,11.8,70.5,Yes,0.0,None
07:11:12.860,Active,442.8,2.4,97.8,11.8,68.8,Yes,0.0,None
07:11:13.300,Active,432.0,2.4,94.9,11.8,69.4,Yes,0.0,None
07:11:13.712,Active,406.7,2.4,98.8,11.9,70.0,Yes,0.0,None
07:11:14.128,Active,408.7,2.4,99.4,11.8,70.0,Yes,0.0,None
07:11:14.544,Active,409.7,2.4,98.8,11.8,69.4,Yes,0.0,None
07:11:14.964,Active,410.9,2.4,98.8,11.8,70.5,Yes,0.0,None
07:11:15.381,Active,409.6,2.4,98.2,11.8,71.0,Yes,0.0,None
07:11:15.797,Active,409.5,2.4,98.8,11.8,71.0,Yes,0.0,None
07:11:16.219,Active,411.9,2.4,97.6,11.8,71.0,Yes,0.0,None
07:11:16.636,Active,408.3,2.4,98.2,11.8,71.6,Yes,0.0,None
07:11:17.056,Active,412.5,2.4,98.2,11.8,70.5,Yes,0.0,None
07:11:17.471,Active,407.1,2.4,98.8,11.8,71.6,Yes,0.0,None
07:11:17.888,Active,409.4,2.4,98.2,11.8,72.2,Yes,0.0,None
07:11:18.328,Active,432.4,2.4,98.3,11.8,71.6,Yes,0.0,None
07:11:18.746,Active,412.3,2.4,98.2,11.8,71.6,Yes,0.0,None
07:11:19.164,Active,411.4,2.4,98.8,11.9,72.7,Yes,0.0,None
07:11:19.581,Active,407.3,2.4,98.2,11.9,72.7,Yes,0.0,None
07:11:20.002,Active,411.1,2.4,97.1,11.9,72.7,Yes,0.0,None
07:11:20.421,Active,409.5,2.4,98.2,11.8,72.2,Yes,0.0,None
07:11:20.835,Active,407.6,2.4,98.8,11.8,72.2,Yes,0.0,None
07:11:21.249,Active,408.3,2.4,98.8,11.8,72.7,Yes,0.0,None
07:11:21.665,Active,406.1,2.4,98.2,11.8,73.2,Yes,0.0,None
07:11:22.081,Active,410.0,2.4,99.4,11.8,73.2,Yes,0.0,None
07:11:22.499,Active,408.4,2.4,98.2,11.8,72.7,Yes,0.0,None
07:11:22.919,Active,410.4,2.4,98.2,11.8,72.7,Yes,0.0,None
07:11:23.341,Active,409.3,2.4,97.6,11.8,73.8,Yes,0.0,None
07:11:23.759,Active,410.2,2.4,97.6,11.8,74.3,Yes,0.0,None
07:11:24.177,Active,410.4,2.4,98.8,11.8,73.2,Yes,0.0,None
07:11:24.593,Active,407.1,2.4,98.2,11.8,73.8,Yes,0.0,None
07:11:25.012,Active,408.1,2.4,98.2,11.8,73.2,Yes,0.0,None
07:11:25.439,Active,419.5,2.4,98.2,11.8,73.8,Yes,0.0,None
07:11:25.853,Active,407.9,2.4,98.8,11.8,74.3,Yes,0.0,None
07:11:26.270,Active,408.0,2.4,98.8,11.8,74.3,Yes,0.0,None
07:11:26.686,Active,409.1,2.4,97.6,11.8,73.8,Yes,0.0,None
07:11:27.103,Active,409.1,2.4,98.2,11.8,74.3,Yes,0.0,None
07:11:27.522,Active,408.3,2.4,98.2,11.8,74.3,Yes,0.0,None
07:11:27.935,Active,407.0,2.4,99.4,11.8,73.8,Yes,0.0,None
07:11:28.385,Active,443.9,2.4,98.3,11.8,74.9,Yes,0.0,None
07:11:28.798,Active,406.7,2.4,99.4,11.8,74.3,Yes,0.0,None
07:11:29.219,Active,410.2,2.4,98.2,11.8,74.3,Yes,0.0,None
07:11:29.635,Active,406.9,2.4,98.2,11.8,75.5,Yes,0.0,None
07:11:30.055,Active,409.7,2.4,97.6,11.8,74.9,Yes,0.0,None
07:11:30.471,Active,407.0,2.4,98.2,11.8,73.8,Yes,0.0,None
07:11:30.886,Active,408.0,2.4,99.4,11.8,74.3,Yes,0.0,None
07:11:31.306,Active,411.7,2.4,98.2,11.8,74.3,Yes,0.0,None
07:11:31.725,Active,409.6,2.4,98.2,11.8,75.5,Yes,0.0,None
07:11:32.144,Active,411.8,2.4,98.2,11.8,74.9,Yes,0.0,None
07:11:32.563,Active,408.9,2.4,97.6,11.8,74.9,Yes,0.0,None
07:11:32.982,Active,410.9,2.4,98.2,11.8,73.8,Yes,0.0,None
07:11:33.413,Active,421.4,2.4,98.2,11.8,74.3,Yes,0.0,None
07:11:33.829,Active,409.3,2.4,98.8,11.8,74.9,Yes,0.0,None
07:11:34.249,Active,413.6,2.4,99.4,11.8,74.3,Yes,0.0,None
07:11:34.677,Active,421.3,2.4,97.6,11.8,74.9,Yes,0.0,None
07:11:35.100,Active,416.4,2.4,98.8,11.8,74.9,Yes,0.0,None
07:11:35.515,Active,407.8,2.4,98.8,11.8,75.5,Yes,0.0,None
07:11:35.927,Active,406.0,2.4,98.8,11.8,74.9,Yes,0.0,None
07:11:36.343,Active,409.2,2.4,99.4,11.8,74.9,Yes,0.0,None
07:11:36.760,Active,409.8,2.4,98.8,11.8,75.5,Yes,0.0,None
07:11:37.176,Active,410.4,2.4,98.8,11.7,74.9,Yes,0.0,None
07:11:37.591,Active,407.7,2.4,98.2,11.7,75.5,Yes,0.0,None
07:11:38.008,Active,410.5,2.4,99.4,11.7,74.9,Yes,0.0,None
07:11:38.440,Active,424.2,2.4,99.4,11.7,75.5,Yes,0.0,None
07:11:38.856,Active,408.5,2.4,98.2,11.8,75.5,Yes,0.0,None
07:11:39.273,Active,410.0,2.4,99.4,11.8,75.5,Yes,0.0,None
07:11:39.687,Active,407.1,2.4,98.8,11.8,75.5,Yes,0.0,None
07:11:40.109,Active,415.8,2.4,97.6,11.8,75.5,Yes,0.0,None
07:11:40.523,Active,408.0,2.4,98.8,11.8,75.5,Yes,0.0,None
07:11:40.937,Active,407.7,2.4,99.4,11.8,76.0,Yes,0.0,None
07:11:41.351,Active,407.8,2.4,98.8,11.8,75.5,Yes,0.0,None
07:11:41.767,Active,408.1,2.4,98.8,11.7,75.5,Yes,0.0,None
07:11:42.184,Active,409.8,2.4,98.8,11.7,76.0,Yes,0.0,None
07:11:42.599,Active,409.2,2.4,98.8,11.7,76.0,Yes,0.0,None
07:11:43.020,Active,411.4,2.4,98.2,11.7,76.0,Yes,0.0,None
07:11:43.458,Active,430.6,2.4,98.3,11.8,77.1,Yes,0.0,None
07:11:43.874,Active,406.7,2.4,98.2,11.8,76.0,Yes,0.0,None
07:11:44.292,Active,408.5,2.4,98.8,11.8,76.0,Yes,0.0,None
07:11:44.709,Active,409.8,2.4,98.2,11.8,75.5,Yes,0.0,None
07:11:45.126,Active,410.8,2.4,98.8,11.8,76.0,Yes,0.0,None
07:11:45.544,Active,408.3,2.4,98.2,11.8,76.0,Yes,0.0,None
07:11:45.959,Active,407.9,2.4,98.8,11.8,76.5,Yes,0.0,None
07:11:46.377,Active,410.8,2.4,98.8,11.8,76.0,Yes,0.0,None
07:11:46.795,Active,407.6,2.4,97.6,11.8,76.0,Yes,0.0,None
07:11:47.214,Active,409.4,2.4,98.2,11.8,76.5,Yes,0.0,None
07:11:47.630,Active,406.0,2.4,98.2,11.8,76.5,Yes,0.0,None
07:11:48.051,Active,411.2,2.4,98.8,11.8,76.5,Yes,0.0,None
07:11:48.465,Active,408.0,2.4,98.8,11.8,76.5,Yes,0.0,None
07:11:48.907,Active,432.7,2.4,98.3,11.8,76.0,Yes,0.0,None
07:11:49.328,Active,410.1,2.4,98.2,11.8,76.0,Yes,0.0,None
07:11:49.748,Active,409.9,2.4,98.2,11.8,76.0,Yes,0.0,None
07:11:50.166,Active,410.1,2.4,98.2,11.8,76.5,Yes,0.0,None
07:11:50.580,Active,408.2,2.4,98.8,11.8,76.0,Yes,0.0,None
07:11:51.001,Active,411.6,2.4,98.2,11.8,77.1,Yes,0.0,None
07:11:51.418,Active,407.8,2.4,98.2,11.8,76.0,Yes,0.0,None
07:11:51.834,Active,408.3,2.4,98.2,11.8,75.5,Yes,0.0,None
07:11:52.253,Active,411.1,2.4,98.2,11.8,76.0,Yes,0.0,None
07:11:52.670,Active,407.5,2.4,98.2,11.8,76.0,Yes,0.0,None
07:11:53.091,Active,410.5,2.4,97.6,11.8,76.5,Yes,0.0,None
07:11:53.592,Active,406.8,2.3,81.9,11.8,76.5,Yes,0.0,None
07:11:54.006,Active,408.3,2.3,99.4,11.8,76.5,Yes,0.0,None
07:11:54.421,Active,405.5,2.3,98.8,11.8,76.0,Yes,0.0,None
07:11:54.835,Active,407.5,2.3,99.4,11.8,77.1,Yes,0.0,None
07:11:55.260,Active,419.0,2.3,97.0,11.8,76.5,Yes,0.0,None
07:11:55.673,Active,405.9,2.3,99.4,11.8,76.5,Yes,0.0,None
07:11:56.086,Active,406.8,2.3,99.4,11.8,77.7,Yes,0.0,None
07:11:56.517,Active,421.1,2.3,96.5,11.8,76.5,Yes,0.0,None
07:11:56.931,Active,407.8,2.3,98.8,11.8,76.0,Yes,0.0,None
07:11:57.346,Active,407.8,2.3,98.8,11.8,76.5,Yes,0.0,None
07:11:57.761,Active,409.1,2.4,99.4,11.8,76.5,Yes,0.0,None
07:11:58.176,Active,408.6,2.4,98.8,11.8,76.0,Yes,0.0,None
07:11:58.616,Active,430.0,2.4,98.3,11.8,76.0,Yes,0.0,None
07:11:59.039,Active,413.7,2.4,97.6,11.8,77.1,Yes,0.0,None
07:11:59.461,Active,410.2,2.4,97.6,11.8,77.1,Yes,0.0,None
07:11:59.874,Active,407.6,2.4,98.8,11.8,75.5,Yes,0.0,None
07:12:00.293,Active,409.8,2.4,98.2,11.8,76.5,Yes,0.0,None
07:12:00.710,Active,407.8,2.4,98.2,11.8,77.1,Yes,0.0,None
07:12:01.127,Active,410.5,2.4,98.8,11.8,76.0,Yes,0.0,None
07:12:01.541,Active,406.0,2.4,98.2,11.8,77.7,Yes,0.0,None
07:12:01.960,Active,410.1,2.4,98.8,11.8,76.5,Yes,0.0,None
07:12:02.377,Active,409.4,2.4,98.2,11.8,77.1,Yes,0.0,None
07:12:02.793,Active,408.2,2.4,98.2,11.8,76.5,Yes,0.0,None
07:12:03.207,Active,407.3,2.4,98.8,11.8,77.7,Yes,0.0,None
07:12:03.623,Active,409.9,2.4,99.4,11.8,77.1,Yes,0.0,None
07:12:04.050,Active,421.5,2.4,98.8,11.8,76.5,Yes,0.0,None
07:12:04.469,Active,409.2,2.4,97.0,11.8,76.0,Yes,0.0,None
07:12:49.927,Active,443.7,2.4,1.4,11.9,58.4,Yes,0.0,None
07:12:50.343,Active,409.5,2.4,100.0,11.9,59.0,Yes,0.0,None
07:12:50.760,Active,407.9,2.4,98.2,11.9,61.1,Yes,0.0,None
07:12:51.181,Active,412.0,5.9,98.2,11.9,61.7,Yes,0.0,None
07:12:51.596,Active,407.8,5.9,98.2,11.9,62.2,Yes,0.0,None
07:12:52.013,Active,409.4,5.9,98.8,11.9,63.4,Yes,0.0,None
07:12:52.430,Active,407.2,5.9,98.2,11.9,63.9,Yes,0.0,None
07:12:52.845,Active,406.6,5.9,98.2,11.8,65.0,Yes,0.0,None
07:12:53.265,Active,412.3,5.9,98.8,11.8,65.0,Yes,0.0,None
07:12:53.679,Active,407.3,5.9,98.2,11.8,66.7,Yes,0.0,None
07:12:54.097,Active,410.9,5.9,98.8,11.8,66.7,Yes,0.0,None
07:12:54.517,Active,410.0,5.9,97.6,11.8,66.7,Yes,0.0,None
07:12:54.937,Active,410.8,5.9,98.2,11.8,67.2,Yes,0.0,None
07:12:55.354,Active,409.1,2.4,98.2,11.8,67.2,Yes,0.0,None
07:12:55.770,Active,407.7,2.4,98.8,11.8,67.8,Yes,0.0,None
07:12:56.184,Active,407.7,2.4,98.8,11.8,68.3,Yes,0.0,None
07:12:56.596,Active,406.3,2.4,99.4,11.8,68.8,Yes,0.0,None
07:12:57.015,Active,411.7,2.4,98.8,11.8,68.3,Yes,0.0,None
07:12:57.432,Active,409.6,2.4,98.2,11.8,68.8,Yes,0.0,None
07:12:57.849,Active,409.0,2.4,98.8,11.8,68.8,Yes,0.0,None
07:12:58.268,Active,411.2,2.4,97.6,11.8,69.4,Yes,0.0,None
07:12:58.683,Active,407.8,2.4,98.8,11.8,70.0,Yes,0.0,None
07:12:59.119,Active,429.7,2.4,96.0,11.8,69.4,Yes,0.0,None
07:12:59.534,Active,408.3,2.4,98.2,11.8,70.0,Yes,0.0,None
07:12:59.983,Active,440.5,2.4,98.3,11.8,70.5,Yes,0.0,None
07:13:00.403,Active,408.1,2.4,98.2,11.8,70.0,Yes,0.0,None
07:13:00.818,Active,408.3,2.4,98.8,11.8,70.5,Yes,0.0,None
07:13:01.235,Active,407.5,2.4,98.2,11.8,70.5,Yes,0.0,None
07:13:01.651,Active,408.5,2.4,98.8,11.8,71.0,Yes,0.0,None
07:13:02.067,Active,410.0,2.4,99.4,11.8,71.0,Yes,0.0,None
07:13:02.479,Active,405.8,2.4,99.4,11.8,71.0,Yes,0.0,None
07:13:02.889,Active,404.3,2.4,99.4,11.8,71.6,Yes,0.0,None
07:13:03.305,Active,406.4,2.4,99.4,11.8,72.2,Yes,0.0,None
07:13:03.720,Active,408.4,2.4,99.4,11.8,71.6,Yes,0.0,None
07:13:04.140,Active,412.2,2.4,98.2,11.8,71.6,Yes,0.0,None
07:13:04.553,Active,407.4,2.4,98.8,11.8,72.2,Yes,0.0,None
07:13:04.978,Active,419.0,2.4,99.4,11.8,72.2,Yes,0.0,None
07:13:05.397,Active,410.8,2.4,98.8,11.8,71.6,Yes,0.0,None
07:13:05.810,Active,406.9,2.4,98.2,11.8,72.2,Yes,0.0,None
07:13:06.229,Active,409.2,2.4,98.2,11.8,72.2,Yes,0.0,None
07:13:06.645,Active,409.5,2.4,98.8,11.8,72.7,Yes,0.0,None
07:13:07.061,Active,410.3,2.4,98.8,11.8,72.7,Yes,0.0,None
07:13:07.487,Active,417.2,2.4,96.5,11.8,72.7,Yes,0.0,None
07:13:07.905,Active,408.6,2.4,98.2,11.8,72.7,Yes,0.0,None
07:13:08.324,Active,412.1,2.4,98.8,11.8,72.7,Yes,0.0,None
07:13:08.744,Active,412.2,2.4,97.0,11.8,73.2,Yes,0.0,None
07:13:09.161,Active,410.8,2.4,99.4,11.8,73.2,Yes,0.0,None
07:13:09.573,Active,405.6,2.4,98.8,11.8,73.2,Yes,0.0,None
07:13:10.004,Active,425.2,2.4,99.4,11.8,73.2,Yes,0.0,None
07:13:10.418,Active,406.7,2.4,99.4,11.9,73.8,Yes,0.0,None
07:13:10.834,Active,409.9,2.4,98.8,11.9,73.2,Yes,0.0,None
07:13:11.255,Active,411.0,2.4,98.8,11.9,73.2,Yes,0.0,None
07:13:11.675,Active,410.3,2.4,97.6,11.9,73.8,Yes,0.0,None
07:13:12.091,Active,409.1,2.4,98.8,11.8,73.2,Yes,0.0,None
07:13:12.505,Active,407.3,2.4,98.8,11.8,73.8,Yes,0.0,None
07:13:12.924,Active,409.6,2.4,98.2,11.8,73.8,Yes,0.0,None
07:13:13.340,Active,407.9,2.4,98.8,11.8,74.3,Yes,0.0,None
07:13:13.756,Active,408.7,2.4,98.8,11.8,73.8,Yes,0.0,None
07:13:14.174,Active,411.7,2.4,98.8,11.8,73.8,Yes,0.0,None
07:13:14.591,Active,407.4,2.4,98.2,11.8,73.8,Yes,0.0,None
07:13:15.027,Active,429.9,2.4,98.8,11.8,74.3,Yes,0.0,None
07:13:15.444,Active,405.4,2.4,98.8,11.8,73.8,Yes,0.0,None
07:13:15.860,Active,410.4,2.4,98.8,11.8,74.3,Yes,0.0,None
07:13:16.277,Active,410.0,2.4,98.2,11.8,73.8,Yes,0.0,None
07:13:16.695,Active,408.0,2.4,98.2,11.8,74.3,Yes,0.0,None
07:13:17.117,Active,411.4,2.4,98.2,11.8,74.3,Yes,0.0,None
07:13:17.531,Active,407.5,2.4,98.8,11.8,73.8,Yes,0.0,None
07:13:17.945,Active,407.1,2.4,98.8,11.8,74.9,Yes,0.0,None
07:13:18.363,Active,407.3,2.4,98.2,11.8,74.3,Yes,0.0,None
07:13:18.777,Active,407.9,2.4,98.8,11.8,74.9,Yes,0.0,None
07:13:19.197,Active,410.7,2.4,98.2,11.8,74.9,Yes,0.0,None
07:13:19.613,Active,409.5,2.4,98.8,11.8,74.9,Yes,0.0,None
07:13:20.056,Active,437.2,2.4,98.9,11.8,73.8,Yes,0.0,None
07:13:20.471,Active,407.8,2.4,98.8,11.8,74.3,Yes,0.0,None
07:13:20.889,Active,408.2,2.4,98.2,11.8,74.9,Yes,0.0,None
07:13:21.307,Active,409.1,2.4,98.2,11.8,74.9,Yes,0.0,None
07:13:21.723,Active,407.8,2.4,98.2,11.8,75.5,Yes,0.0,None
07:13:22.141,Active,411.1,2.4,99.4,11.8,76.5,Yes,0.0,None
07:13:22.555,Active,407.5,2.4,98.8,11.8,74.9,Yes,0.0,None
07:13:22.973,Active,409.5,2.4,98.8,11.8,74.9,Yes,0.0,None
07:13:23.386,Active,407.2,2.4,98.2,11.8,74.9,Yes,0.0,None
07:13:23.805,Active,409.2,2.4,97.6,11.8,74.9,Yes,0.0,None
07:13:24.224,Active,409.8,2.4,97.6,11.8,74.9,Yes,0.0,None
07:13:24.643,Active,409.0,2.4,98.2,11.8,75.5,Yes,0.0,None
07:13:25.065,Active,413.2,2.4,97.0,11.8,76.0,Yes,0.0,None
07:13:25.484,Active,412.9,2.4,99.4,11.8,75.5,Yes,0.0,None
07:13:25.897,Active,406.0,2.4,99.4,11.8,74.9,Yes,0.0,None
07:13:26.316,Active,409.3,2.4,98.2,11.8,76.0,Yes,0.0,None
07:13:26.736,Active,412.3,2.4,97.6,11.8,75.5,Yes,0.0,None
07:13:27.153,Active,410.5,2.4,99.4,11.8,74.9,Yes,0.0,None
07:13:27.573,Active,410.4,2.4,97.6,11.8,74.9,Yes,0.0,None
07:13:28.017,Active,437.3,2.4,94.9,11.8,74.9,Yes,0.0,None
07:13:28.431,Active,406.1,2.4,98.8,11.8,74.9,Yes,0.0,None
07:13:28.855,Active,415.7,2.4,97.0,11.8,75.5,Yes,0.0,None
07:13:29.276,Active,412.5,2.4,97.6,11.8,75.5,Yes,0.0,None
07:13:29.700,Active,416.4,2.4,97.0,11.8,75.5,Yes,0.0,None
07:13:30.169,Active,461.4,2.4,95.2,11.8,75.5,Yes,0.0,None
07:13:30.586,Active,410.4,2.4,98.2,11.8,74.9,Yes,0.0,None
07:13:31.004,Active,408.9,2.4,98.2,11.9,75.5,Yes,0.0,None
07:13:31.419,Active,406.9,2.4,98.8,11.9,76.0,Yes,0.0,None
07:13:31.836,Active,410.3,2.4,98.8,11.9,76.0,Yes,0.0,None
07:13:32.253,Active,409.8,2.4,97.6,11.9,75.5,Yes,0.0,None
07:13:32.673,Active,409.6,2.4,98.2,11.9,76.5,Yes,0.0,None
07:13:33.093,Active,412.1,2.4,98.2,11.8,76.0,Yes,0.0,None
07:13:33.510,Active,407.6,2.4,98.2,11.8,76.0,Yes,0.0,None
07:13:33.928,Active,408.1,2.4,98.2,11.8,75.5,Yes,0.0,None
07:13:34.375,Active,438.1,2.4,95.6,11.8,74.9,Yes,0.0,None
07:13:34.794,Active,407.4,2.4,97.0,11.8,76.0,Yes,0.0,None
07:13:35.211,Active,409.2,2.4,98.8,11.8,76.0,Yes,0.0,None
07:13:35.638,Active,416.3,2.4,97.6,11.8,76.0,Yes,0.0,None
07:13:36.053,Active,409.2,2.4,99.4,11.8,76.5,Yes,0.0,None
07:13:36.468,Active,407.9,2.4,98.2,11.8,76.0,Yes,0.0,None
07:13:36.889,Active,409.1,2.4,97.6,11.8,76.0,Yes,0.0,None
07:13:37.306,Active,410.8,2.4,98.8,11.8,76.0,Yes,0.0,None
07:13:37.724,Active,411.0,2.4,98.8,11.8,76.5,Yes,0.0,None
07:13:38.144,Active,414.3,2.4,98.2,11.8,76.0,Yes,0.0,None
07:13:38.559,Active,407.4,2.4,98.8,11.8,76.0,Yes,0.0,None
07:13:38.976,Active,410.8,2.4,98.2,11.8,75.5,Yes,0.0,None
07:13:39.390,Active,407.7,2.4,99.4,11.8,76.5,Yes,0.0,None
07:13:39.806,Active,406.9,2.4,98.2,11.8,76.5,Yes,0.0,None
07:13:40.223,Active,410.7,2.4,99.4,11.8,76.5,Yes,0.0,None
07:13:40.647,Active,417.6,2.4,98.8,11.8,76.0,Yes,0.0,None
07:13:41.066,Active,411.0,2.4,98.8,11.8,76.5,Yes,0.0,None
07:13:41.479,Active,406.9,2.4,99.4,11.8,76.0,Yes,0.0,None
07:13:41.896,Active,410.4,2.4,98.8,11.8,76.0,Yes,0.0,None
07:13:42.312,Active,409.8,2.4,98.8,11.8,76.5,Yes,0.0,None
07:13:42.728,Active,408.1,2.4,98.8,11.8,76.5,Yes,0.0,None
07:13:43.142,Active,408.2,2.4,99.4,11.8,77.1,Yes,0.0,None
07:13:43.557,Active,405.7,2.4,98.2,11.8,76.0,Yes,0.0,None
07:13:43.985,Active,421.5,2.4,96.5,11.8,76.5,Yes,0.0,None
07:13:44.399,Active,407.6,2.4,99.4,11.8,75.5,Yes,0.0,None
07:13:44.814,Active,408.7,2.4,98.8,11.8,77.1,Yes,0.0,None
07:13:45.235,Active,411.4,2.4,97.6,11.8,76.5,Yes,0.0,None
07:13:45.673,Active,428.5,2.4,98.3,11.8,77.1,Yes,0.0,None
07:13:46.093,Active,410.1,2.4,98.2,11.8,75.5,Yes,0.0,None
07:13:46.507,Active,406.3,2.4,98.8,11.8,77.1,Yes,0.0,None
07:13:46.921,Active,405.8,2.4,98.8,11.8,76.5,Yes,0.0,None
07:13:47.338,Active,410.8,2.4,98.8,11.8,76.5,Yes,0.0,None
07:13:47.761,Active,413.1,2.4,98.2,11.8,76.5,Yes,0.0,None
07:13:48.179,Active,411.2,2.4,98.8,11.8,76.0,Yes,0.0,None
07:13:48.597,Active,409.9,2.4,97.0,11.8,77.1,Yes,0.0,None
07:13:49.017,Active,410.8,2.4,98.2,11.9,75.5,Yes,0.0,None
07:13:49.430,Active,406.8,2.4,99.4,11.9,76.5,Yes,0.0,None
07:13:49.847,Active,407.7,2.4,98.2,11.9,77.1,Yes,0.0,None
07:14:35.291,Active,429.6,2.4,1.1,11.8,58.4,Yes,0.0,None
07:14:35.706,Active,406.2,2.4,98.8,11.8,60.0,Yes,0.0,None
07:14:36.125,Active,409.2,2.4,98.2,11.8,61.1,Yes,0.0,None
07:14:36.550,Active,418.3,2.4,97.6,11.8,61.7,Yes,0.0,None
07:14:36.964,Active,407.4,2.4,98.8,11.9,62.2,Yes,0.0,None
07:14:37.377,Active,405.5,2.4,98.8,11.9,63.9,Yes,0.0,None
07:14:37.788,Active,405.1,2.4,99.4,11.8,63.9,Yes,0.0,None
07:14:38.204,Active,408.9,2.4,99.4,11.8,65.0,Yes,0.0,None
07:14:38.640,Active,429.6,2.4,95.4,11.8,65.5,Yes,0.0,None
07:14:39.064,Active,416.4,2.4,98.2,11.8,66.1,Yes,0.0,None
07:14:39.477,Active,405.9,2.4,98.8,11.8,67.2,Yes,0.0,None
07:14:39.896,Active,409.4,2.4,98.8,11.8,66.1,Yes,0.0,None
07:14:40.312,Active,410.0,2.4,98.8,11.8,67.8,Yes,0.0,None
07:14:40.733,Active,413.7,2.4,97.0,11.8,67.8,Yes,0.0,None
07:14:41.155,Active,414.7,2.4,98.2,11.8,67.8,Yes,0.0,None
07:14:41.589,Active,425.7,2.4,97.7,11.8,67.2,Yes,0.0,None
07:14:42.006,Active,410.4,2.4,98.8,11.9,68.3,Yes,0.0,None
07:14:42.427,Active,407.4,2.4,97.1,11.9,68.8,Yes,0.0,None
07:14:42.845,Active,409.4,2.4,97.6,11.9,68.8,Yes,0.0,None
07:14:43.264,Active,412.3,2.4,98.8,11.9,68.3,Yes,0.0,None
07:14:43.676,Active,406.5,2.4,98.8,11.9,69.4,Yes,0.0,None
07:14:44.090,Active,408.0,2.4,100.0,11.9,70.0,Yes,0.0,None
07:14:44.503,Active,406.4,2.4,99.4,11.9,70.0,Yes,0.0,None
07:14:44.920,Active,408.4,2.4,98.8,11.8,69.4,Yes,0.0,None
07:14:45.336,Active,408.2,2.4,98.8,11.8,70.0,Yes,0.0,None
07:14:45.751,Active,407.9,2.4,99.4,11.8,70.0,Yes,0.0,None
07:14:46.169,Active,412.0,2.4,97.6,11.8,68.3,Yes,0.0,None
07:14:46.611,Active,432.5,2.4,97.7,11.8,71.0,Yes,0.0,None
07:14:47.034,Active,414.3,2.4,98.2,11.9,70.5,Yes,0.0,None
07:14:47.453,Active,409.1,2.4,97.6,11.9,71.6,Yes,0.0,None
07:14:47.866,Active,406.6,2.4,99.4,11.9,71.0,Yes,0.0,None
07:14:48.288,Active,412.5,2.4,98.2,11.9,71.0,Yes,0.0,None
07:14:48.703,Active,407.3,2.4,98.2,11.9,71.6,Yes,0.0,None
07:14:49.123,Active,411.1,2.4,98.2,11.8,71.0,Yes,0.0,None
07:14:49.540,Active,411.4,2.4,98.2,11.8,72.2,Yes,0.0,None
07:14:49.955,Active,407.4,2.4,98.2,11.8,72.2,Yes,0.0,None
07:14:50.385,Active,421.1,2.4,96.5,11.8,72.2,Yes,0.0,None
07:14:50.799,Active,407.7,2.4,98.8,11.8,72.2,Yes,0.0,None
07:14:51.218,Active,410.5,2.4,98.8,11.8,72.2,Yes,0.0,None
07:14:51.660,Active,436.2,2.4,98.9,11.8,72.2,Yes,0.0,None
07:14:52.075,Active,408.0,2.4,98.8,11.8,72.2,Yes,0.0,None
07:14:52.491,Active,409.4,2.4,98.8,11.8,72.7,Yes,0.0,None
07:14:52.904,Active,406.1,2.4,99.4,11.8,72.7,Yes,0.0,None
07:14:53.323,Active,408.8,2.4,98.2,11.8,72.2,Yes,0.0,None
07:14:53.738,Active,408.3,2.4,99.4,11.8,72.7,Yes,0.0,None
07:14:54.158,Active,412.3,2.4,98.8,11.8,72.7,Yes,0.0,None
07:14:54.576,Active,408.6,2.4,97.6,11.8,72.7,Yes,0.0,None
07:14:54.996,Active,412.9,2.4,98.8,11.8,73.2,Yes,0.0,None
07:14:55.412,Active,408.4,2.4,98.2,11.8,73.2,Yes,0.0,None
07:14:55.832,Active,412.5,2.4,97.6,11.8,73.2,Yes,0.0,None
07:14:56.251,Active,411.1,2.4,98.8,11.8,73.2,Yes,0.0,None
07:14:56.665,Active,407.5,2.4,99.4,11.8,73.8,Yes,0.0,None
07:14:57.081,Active,409.1,2.4,98.8,11.8,72.7,Yes,0.0,None
07:14:57.494,Active,406.8,2.4,98.8,11.7,73.2,Yes,0.0,None
07:14:57.915,Active,407.5,2.4,97.0,11.8,73.8,Yes,0.0,None
07:14:58.336,Active,410.8,2.4,98.2,11.7,73.2,Yes,0.0,None
07:14:58.753,Active,407.3,2.4,98.2,11.8,73.8,Yes,0.0,None
07:14:59.173,Active,409.9,2.4,98.2,11.8,74.3,Yes,0.0,None
07:14:59.588,Active,405.9,2.4,98.2,11.7,73.2,Yes,0.0,None
07:15:00.007,Active,409.3,2.4,98.2,11.8,73.8,Yes,0.0,None
07:15:00.422,Active,406.7,2.4,98.8,11.7,73.8,Yes,0.0,None
07:15:00.839,Active,407.6,2.4,98.2,11.7,73.8,Yes,0.0,None
07:15:01.261,Active,411.1,2.4,98.2,11.7,74.3,Yes,0.0,None
07:15:01.716,Active,445.9,2.4,97.2,11.8,73.8,Yes,0.0,None
07:15:02.137,Active,410.4,2.4,97.6,11.8,73.8,Yes,0.0,None
07:15:02.551,Active,407.4,2.4,98.8,11.8,74.3,Yes,0.0,None
07:15:02.967,Active,407.4,2.4,98.2,11.8,74.3,Yes,0.0,None
07:15:03.390,Active,413.9,2.4,97.0,11.8,74.3,Yes,0.0,None
07:15:03.808,Active,408.4,2.4,98.2,11.8,74.3,Yes,0.0,None
07:15:04.226,Active,410.0,2.4,98.2,11.8,74.3,Yes,0.0,None
07:15:04.651,Active,415.4,2.4,97.6,11.8,73.8,Yes,0.0,None
07:15:05.068,Active,408.2,2.4,98.2,11.8,74.3,Yes,0.0,None
07:15:05.489,Active,413.1,2.4,98.2,11.8,74.3,Yes,0.0,None
07:15:05.906,Active,410.2,2.4,97.6,11.8,73.8,Yes,0.0,None
07:15:06.327,Active,411.8,2.4,98.2,11.7,74.9,Yes,0.0,None
07:15:06.748,Active,412.4,2.4,98.2,11.7,74.9,Yes,0.0,None
07:15:07.172,Active,414.5,2.4,98.2,11.8,74.3,Yes,0.0,None
07:15:07.588,Active,409.6,2.4,98.8,11.8,74.9,Yes,0.0,None
07:15:08.008,Active,411.1,2.4,97.6,11.8,74.9,Yes,0.0,None
07:15:08.423,Active,405.7,2.4,98.8,11.8,74.3,Yes,0.0,None
07:15:08.838,Active,407.9,2.4,98.2,11.8,74.9,Yes,0.0,None
07:15:09.254,Active,409.4,2.4,98.8,11.8,75.5,Yes,0.0,None
07:15:09.670,Active,406.4,2.4,97.6,11.8,74.9,Yes,0.0,None
07:15:10.089,Active,408.5,2.4,98.8,11.8,74.9,Yes,0.0,None
07:15:10.505,Active,407.1,2.4,98.2,11.8,74.9,Yes,0.0,None
07:15:10.923,Active,408.1,2.4,98.2,11.8,74.9,Yes,0.0,None
07:15:11.343,Active,411.6,2.4,97.6,11.8,74.9,Yes,0.0,None
07:15:11.761,Active,409.8,2.4,97.6,11.8,74.9,Yes,0.0,None
07:15:12.189,Active,414.8,2.4,98.2,11.8,75.5,Yes,0.0,None
07:15:12.606,Active,409.1,2.4,98.2,11.8,75.5,Yes,0.0,None
07:15:13.025,Active,409.9,2.4,98.2,11.8,73.8,Yes,0.0,None
07:15:13.445,Active,410.6,2.4,98.2,11.8,75.5,Yes,0.0,None
07:15:13.864,Active,412.5,2.4,97.6,11.8,75.5,Yes,0.0,None
07:15:14.280,Active,408.1,2.4,98.8,11.8,75.5,Yes,0.0,None
07:15:14.697,Active,407.4,2.4,98.2,11.8,74.9,Yes,0.0,None
07:15:15.118,Active,411.0,2.4,97.6,11.8,74.9,Yes,0.0,None
07:15:15.535,Active,407.6,2.4,97.6,11.8,75.5,Yes,0.0,None
07:15:15.952,Active,408.1,2.4,97.6,11.8,75.5,Yes,0.0,None
07:15:16.371,Active,410.8,2.4,98.8,11.8,76.0,Yes,0.0,None
07:15:16.788,Active,407.6,2.4,97.6,11.8,76.0,Yes,0.0,None
07:15:17.217,Active,421.1,2.4,98.2,11.8,75.5,Yes,0.0,None
07:15:17.631,Active,407.4,2.4,99.4,11.8,76.0,Yes,0.0,None
07:15:18.048,Active,408.6,2.4,98.2,11.8,76.0,Yes,0.0,None
07:15:18.466,Active,408.2,2.4,98.2,11.8,76.0,Yes,0.0,None
07:15:18.887,Active,411.9,2.4,97.6,11.8,76.0,Yes,0.0,None
07:15:19.305,Active,410.8,2.4,98.8,11.8,77.1,Yes,0.0,None
07:15:19.725,Active,413.4,2.4,97.6,11.8,76.0,Yes,0.0,None
07:15:20.145,Active,410.4,2.4,98.2,11.8,75.5,Yes,0.0,None
07:15:20.561,Active,409.6,2.4,99.4,11.8,76.0,Yes,0.0,None
07:15:20.976,Active,408.8,2.4,98.2,11.8,76.0,Yes,0.0,None
07:15:21.392,Active,407.8,2.4,98.2,11.8,76.5,Yes,0.0,None
07:15:21.813,Active,409.5,2.4,97.6,11.8,76.0,Yes,0.0,None
07:15:22.250,Active,430.4,2.4,98.3,11.8,76.0,Yes,0.0,None
07:15:22.669,Active,409.1,2.4,97.6,11.8,76.5,Yes,0.0,None
07:15:23.087,Active,411.7,2.4,98.8,11.8,76.0,Yes,0.0,None
07:15:23.502,Active,406.9,2.4,98.8,11.8,76.0,Yes,0.0,None
07:15:24.019,Active,409.2,2.4,79.6,11.8,76.5,Yes,0.0,None
07:15:24.435,Active,408.4,2.4,98.8,11.8,75.5,Yes,0.0,None
07:15:24.849,Active,408.5,2.4,98.2,11.8,75.5,Yes,0.0,None
07:15:25.268,Active,409.4,2.3,98.2,11.8,76.0,Yes,0.0,None
07:15:25.697,Active,421.3,2.3,98.8,11.8,76.5,Yes,0.0,None
07:15:26.116,Active,412.8,2.3,99.4,11.8,76.0,Yes,0.0,None
07:15:26.530,Active,406.6,2.3,98.2,11.8,76.0,Yes,0.0,None
07:15:26.943,Active,407.2,2.3,98.8,11.8,75.5,Yes,0.0,None
07:15:27.361,Active,412.0,2.3,99.4,11.8,76.5,Yes,0.0,None
07:15:27.775,Active,408.0,2.3,98.2,11.8,76.0,Yes,0.0,None
07:15:28.194,Active,409.2,2.3,97.6,11.8,76.0,Yes,0.0,None
07:15:28.610,Active,406.3,2.3,98.2,11.7,76.5,Yes,0.0,None
07:15:29.028,Active,408.4,2.3,98.2,11.7,76.5,Yes,0.0,None
07:15:29.443,Active,407.7,2.4,98.8,11.7,76.5,Yes,0.0,None
07:15:29.861,Active,409.7,2.4,98.2,11.7,76.5,Yes,0.0,None
07:15:30.277,Active,410.4,2.4,98.8,11.7,77.1,Yes,0.0,None
07:15:30.694,Active,406.9,2.4,98.2,11.7,77.1,Yes,0.0,None
07:15:31.113,Active,409.2,2.4,98.2,11.7,76.0,Yes,0.0,None
07:15:31.533,Active,410.7,2.4,97.6,11.7,76.0,Yes,0.0,None
07:15:31.952,Active,411.8,2.4,98.2,11.7,76.0,Yes,0.0,None
07:15:32.403,Active,443.5,2.4,96.7,11.8,75.5,Yes,0.0,None
07:15:32.826,Active,414.8,2.4,96.4,11.9,76.5,Yes,0.0,None
07:15:33.244,Active,408.8,2.4,98.8,11.9,77.7,Yes,0.0,None
07:15:33.655,Active,403.9,2.4,98.8,11.9,76.0,Yes,0.0,None
07:15:34.071,Active,408.1,2.4,98.8,11.9,77.1,Yes,0.0,None
07:15:34.499,Active,420.0,2.4,98.2,11.9,76.5,Yes,0.0,None
07:15:35.028,Active,422.3,2.4,79.0,11.8,75.5,Yes,0.0,None
07:16:20.466,Active,424.2,2.4,1.4,11.8,57.9,Yes,0.0,None
07:16:20.877,Active,404.9,2.4,100.0,11.8,60.6,Yes,0.0,None
07:16:21.289,Active,406.1,2.4,99.4,11.8,61.7,Yes,0.0,None
07:16:21.705,Active,409.8,2.4,100.0,11.8,61.7,Yes,0.0,None
07:16:22.121,Active,409.8,2.4,98.2,11.8,62.2,Yes,0.0,None
07:16:22.541,Active,411.1,2.4,98.2,11.8,63.4,Yes,0.0,None
07:16:22.959,Active,411.2,3.4,98.8,11.8,63.9,Yes,0.0,None
07:16:23.396,Active,428.2,3.4,97.7,11.8,64.5,Yes,0.0,None
07:16:23.812,Active,408.6,3.4,98.8,11.9,65.0,Yes,0.0,None
07:16:24.230,Active,410.4,3.4,98.8,11.9,65.5,Yes,0.0,None
07:16:24.646,Active,409.7,3.4,98.8,11.9,66.1,Yes,0.0,None
07:16:25.068,Active,412.4,3.4,97.0,11.9,66.7,Yes,0.0,None
07:16:25.484,Active,408.5,3.4,98.2,11.9,67.2,Yes,0.0,None
07:16:25.900,Active,410.0,3.4,98.8,11.8,67.2,Yes,0.0,None
07:16:26.318,Active,410.8,3.4,98.8,11.8,67.2,Yes,0.0,None
07:16:26.763,Active,435.6,3.4,94.9,11.8,68.3,Yes,0.0,None
07:16:27.181,Active,409.4,2.4,98.8,11.8,67.8,Yes,0.0,None
07:16:27.595,Active,407.7,2.4,98.8,11.8,67.2,Yes,0.0,None
07:16:28.013,Active,411.6,2.4,98.8,11.8,68.3,Yes,0.0,None
07:16:28.428,Active,408.8,2.4,98.8,11.8,69.4,Yes,0.0,None
07:16:28.844,Active,409.4,2.4,98.8,11.8,68.8,Yes,0.0,None
07:16:29.260,Active,409.9,2.4,99.4,11.8,68.8,Yes,0.0,None
07:16:29.681,Active,409.5,2.4,97.6,11.8,70.0,Yes,0.0,None
07:16:30.099,Active,411.2,2.4,98.8,11.8,69.4,Yes,0.0,None
07:16:30.532,Active,425.1,2.4,95.3,11.8,70.0,Yes,0.0,None
07:16:30.948,Active,408.9,2.4,99.4,11.8,69.4,Yes,0.0,None
07:16:31.368,Active,413.0,2.4,98.2,11.8,70.5,Yes,0.0,None
07:16:31.788,Active,408.1,2.4,97.6,11.8,70.0,Yes,0.0,None
07:16:32.209,Active,411.5,2.4,98.2,11.8,71.0,Yes,0.0,None
07:16:32.628,Active,408.6,2.4,98.2,11.8,70.5,Yes,0.0,None
07:16:33.072,Active,434.3,2.4,97.7,11.8,70.5,Yes,0.0,None
07:16:33.587,Active,407.5,2.4,79.6,11.9,70.5,Yes,0.0,None
07:16:34.009,Active,411.7,2.4,98.2,11.9,71.0,Yes,0.0,None
07:16:34.445,Active,428.0,2.4,95.3,11.9,71.0,Yes,0.0,None
07:16:34.861,Active,409.4,2.4,98.2,11.9,72.7,Yes,0.0,None
07:16:35.278,Active,410.4,2.4,98.2,11.9,71.0,Yes,0.0,None
07:16:35.697,Active,409.1,2.3,98.2,11.9,71.6,Yes,0.0,None
07:16:36.112,Active,408.2,2.3,98.8,11.9,71.0,Yes,0.0,None
07:16:36.527,Active,407.4,2.3,98.8,11.8,71.6,Yes,0.0,None
07:16:36.941,Active,406.0,2.3,98.8,11.8,71.6,Yes,0.0,None
07:16:37.359,Active,408.8,2.3,98.2,11.8,72.2,Yes,0.0,None
07:16:37.776,Active,406.8,2.3,98.2,11.8,72.2,Yes,0.0,None
07:16:38.195,Active,409.2,2.3,97.6,11.8,72.2,Yes,0.0,None
07:16:38.619,Active,416.5,2.3,99.4,11.8,72.7,Yes,0.0,None
07:16:39.038,Active,409.1,2.3,97.6,11.8,72.7,Yes,0.0,None
07:16:39.459,Active,410.3,2.3,98.2,11.8,72.7,Yes,0.0,None
07:16:39.878,Active,409.5,2.4,97.6,11.8,72.7,Yes,0.0,None
07:16:40.298,Active,409.4,2.4,98.2,11.8,72.7,Yes,0.0,None
07:16:40.719,Active,410.2,2.4,97.6,11.8,72.7,Yes,0.0,None
07:16:41.134,Active,409.6,2.4,98.8,11.8,73.2,Yes,0.0,None
07:16:41.557,Active,413.5,2.4,97.6,11.8,72.7,Yes,0.0,None
07:16:41.974,Active,408.5,2.4,98.8,11.8,73.8,Yes,0.0,None
07:16:42.393,Active,409.7,2.4,98.2,11.8,73.2,Yes,0.0,None
07:16:42.820,Active,420.3,2.4,96.5,11.8,72.7,Yes,0.0,None
07:16:43.236,Active,408.6,2.4,98.8,11.8,73.8,Yes,0.0,None
07:16:43.665,Active,422.1,2.4,98.8,11.8,73.8,Yes,0.0,None
07:16:44.083,Active,408.9,2.4,97.6,11.8,74.3,Yes,0.0,None
07:16:44.499,Active,407.9,2.4,98.8,11.8,73.2,Yes,0.0,None
07:16:44.913,Active,406.0,2.4,98.8,11.8,73.8,Yes,0.0,None
07:16:45.330,Active,410.7,2.4,98.2,11.8,73.8,Yes,0.0,None
07:16:45.764,Active,424.7,2.4,95.9,11.8,74.3,Yes,0.0,None
07:16:46.180,Active,408.9,2.4,98.8,11.8,72.7,Yes,0.0,None
07:16:46.596,Active,408.5,2.4,98.8,11.8,73.8,Yes,0.0,None
07:16:47.011,Active,409.7,2.4,98.8,11.8,73.8,Yes,0.0,None
07:16:47.427,Active,407.8,2.4,98.8,11.8,74.3,Yes,0.0,None
07:16:47.854,Active,418.8,2.4,97.0,11.8,74.3,Yes,0.0,None
07:16:48.288,Active,424.8,2.4,96.0,11.8,73.8,Yes,0.0,None
07:16:48.711,Active,412.9,2.4,98.8,11.8,73.8,Yes,0.0,None
07:16:49.129,Active,411.6,2.4,98.2,11.8,75.5,Yes,0.0,None
07:16:49.560,Active,425.1,2.4,96.5,11.8,74.3,Yes,0.0,None
07:16:49.977,Active,409.9,2.4,98.8,11.8,74.3,Yes,0.0,None
07:16:50.394,Active,408.2,2.4,98.2,11.8,73.8,Yes,0.0,None
07:16:50.816,Active,412.6,2.4,98.2,11.8,72.7,Yes,0.0,None
07:16:51.231,Active,409.3,2.4,99.4,11.8,74.9,Yes,0.0,None
07:16:51.646,Active,408.7,2.4,98.8,11.8,73.2,Yes,0.0,None
07:16:52.064,Active,409.0,2.4,98.2,11.8,75.5,Yes,0.0,None
07:16:52.480,Active,406.8,2.4,97.6,11.8,74.3,Yes,0.0,None
07:16:52.904,Active,413.5,2.4,98.2,11.8,74.3,Yes,0.0,None
07:16:53.321,Active,411.5,2.4,97.6,11.8,76.0,Yes,0.0,None
07:16:53.762,Active,431.2,2.4,98.3,11.8,74.3,Yes,0.0,None
07:16:54.179,Active,407.5,2.4,98.2,11.8,74.3,Yes,0.0,None
07:16:54.600,Active,409.5,2.4,97.6,11.8,74.3,Yes,0.0,None
07:16:55.015,Active,408.0,2.4,98.8,11.8,74.9,Yes,0.0,None
07:16:55.434,Active,407.2,2.4,98.2,11.8,74.3,Yes,0.0,None
07:16:55.853,Active,408.4,2.4,98.2,11.8,74.9,Yes,0.0,None
07:16:56.267,Active,408.2,2.4,98.8,11.8,74.3,Yes,0.0,None
07:16:56.683,Active,407.8,2.4,98.8,11.8,74.3,Yes,0.0,None
07:16:57.101,Active,409.6,2.4,98.2,11.8,74.9,Yes,0.0,None
07:16:57.519,Active,408.0,2.4,98.2,11.8,74.9,Yes,0.0,None
07:16:57.937,Active,408.2,2.4,98.2,11.8,74.9,Yes,0.0,None
07:16:58.357,Active,410.4,2.4,98.2,11.8,74.9,Yes,0.0,None
07:16:58.774,Active,408.2,2.4,98.8,11.8,75.5,Yes,0.0,None
07:16:59.193,Active,409.0,2.4,98.2,11.8,74.9,Yes,0.0,None
07:16:59.607,Active,407.6,2.4,98.8,11.8,74.9,Yes,0.0,None
07:17:00.028,Active,414.6,2.4,97.6,11.8,75.5,Yes,0.0,None
07:17:00.443,Active,409.8,2.4,99.4,11.8,75.5,Yes,0.0,None
07:17:00.866,Active,414.3,2.4,97.6,11.8,74.9,Yes,0.0,None
07:17:01.289,Active,414.0,2.4,98.2,11.8,77.1,Yes,0.0,None
07:17:01.702,Active,406.1,2.4,100.0,11.8,74.9,Yes,0.0,None
07:17:02.122,Active,410.2,2.4,97.6,11.9,74.9,Yes,0.0,None
07:17:02.539,Active,407.4,2.4,98.8,11.9,74.9,Yes,0.0,None
07:17:02.951,Active,405.8,2.4,99.4,11.9,75.5,Yes,0.0,None
07:17:03.368,Active,408.5,2.4,99.4,11.9,76.0,Yes,0.0,None
07:17:03.824,Active,448.9,2.4,98.4,11.9,76.0,Yes,0.0,None
07:17:04.252,Active,421.1,2.4,96.5,11.9,76.5,Yes,0.0,None
07:17:04.668,Active,408.7,2.4,98.8,11.9,75.5,Yes,0.0,None
07:17:05.092,Active,416.0,2.4,98.2,11.9,75.5,Yes,0.0,None
07:17:05.513,Active,410.7,2.4,97.6,11.8,76.0,Yes,0.0,None
07:17:05.926,Active,406.2,2.4,98.2,11.8,75.5,Yes,0.0,None
07:17:06.339,Active,407.2,2.4,100.0,11.8,74.9,Yes,0.0,None
07:17:06.752,Active,404.8,2.4,98.2,11.8,76.0,Yes,0.0,None
07:17:07.173,Active,410.8,2.4,97.6,11.8,75.5,Yes,0.0,None
07:17:07.610,Active,430.9,2.4,95.4,11.8,76.0,Yes,0.0,None
07:17:08.028,Active,409.0,2.4,98.2,11.8,75.5,Yes,0.0,None
07:17:08.441,Active,406.5,2.4,98.8,11.8,76.0,Yes,0.0,None
07:17:08.864,Active,417.0,2.4,99.4,11.8,75.5,Yes,0.0,None
07:17:09.292,Active,416.7,2.4,96.5,11.8,76.0,Yes,0.0,None
07:17:09.709,Active,409.9,2.4,98.8,11.8,74.3,Yes,0.0,None
07:17:10.138,Active,419.7,2.4,97.1,11.8,76.5,Yes,0.0,None
07:17:10.553,Active,408.8,2.4,99.4,11.8,76.5,Yes,0.0,None
07:17:10.967,Active,407.5,2.4,98.2,11.8,75.5,Yes,0.0,None
07:17:11.385,Active,408.6,2.4,97.6,11.8,75.5,Yes,0.0,None
07:17:11.799,Active,408.2,2.4,98.8,11.8,76.0,Yes,0.0,None
07:17:12.218,Active,410.2,2.4,98.2,11.8,76.0,Yes,0.0,None
07:17:12.637,Active,409.2,2.4,98.2,11.8,75.5,Yes,0.0,None
07:17:13.056,Active,412.1,2.4,98.8,11.7,76.5,Yes,0.0,None
07:17:13.472,Active,410.2,2.4,98.8,11.7,76.5,Yes,0.0,None
07:17:13.902,Active,424.0,2.4,98.8,11.8,75.5,Yes,0.0,None
07:17:14.320,Active,409.8,2.4,98.8,11.8,76.5,Yes,0.0,None
07:17:14.736,Active,408.9,2.4,98.2,11.8,76.5,Yes,0.0,None
07:17:15.176,Active,433.8,2.4,95.4,11.8,76.5,Yes,0.0,None
07:17:15.592,Active,408.4,2.4,99.4,11.8,75.5,Yes,0.0,None
07:17:16.009,Active,411.3,2.4,98.8,11.8,76.0,Yes,0.0,None
07:17:16.427,Active,407.3,2.4,97.6,11.7,76.5,Yes,0.0,None
07:17:16.841,Active,408.0,2.4,98.2,11.8,76.5,Yes,0.0,None
07:17:17.260,Active,412.9,2.4,99.4,11.8,76.5,Yes,0.0,None
07:17:17.692,Active,424.6,2.4,94.8,11.8,77.1,Yes,0.0,None
07:17:18.111,Active,411.8,2.4,98.8,11.8,76.5,Yes,0.0,None
07:17:18.561,Active,441.4,2.4,94.4,11.8,74.9,Yes,0.0,None
07:17:19.000,Active,432.8,2.4,97.7,11.8,77.1,Yes,0.0,None
07:17:19.416,Active,408.6,2.4,98.8,11.8,76.5,Yes,0.0,None
07:17:19.830,Active,407.0,2.4,99.4,11.8,76.0,Yes,0.0,None
07:17:20.251,Active,411.2,2.4,98.2,11.8,77.1,Yes,0.0,None
07:18:05.691,Active,426.0,2.4,1.1,11.8,57.3,Yes,0.0,None
07:18:06.110,Active,410.9,2.4,97.6,11.8,59.5,Yes,0.0,None
07:18:06.531,Active,411.3,2.4,98.8,11.8,60.6,Yes,0.0,None
07:18:06.951,Active,411.7,5.9,98.2,11.8,62.2,Yes,0.0,None
07:18:07.370,Active,411.0,5.9,97.6,11.8,62.8,Yes,0.0,None
07:18:07.792,Active,408.7,5.9,97.0,11.8,63.4,Yes,0.0,None
07:18:08.215,Active,413.3,5.9,98.2,11.8,63.9,Yes,0.0,None
07:18:08.632,Active,408.8,5.9,98.2,11.8,65.0,Yes,0.0,None
07:18:09.050,Active,410.3,5.9,99.4,11.8,63.9,Yes,0.0,None
07:18:09.467,Active,407.5,5.9,98.2,11.8,65.5,Yes,0.0,None
07:18:09.896,Active,418.6,5.9,98.8,11.8,66.1,Yes,0.0,None
07:18:10.310,Active,408.2,5.9,98.8,11.8,66.1,Yes,0.0,None
07:18:10.729,Active,409.6,5.9,98.8,11.8,66.7,Yes,0.0,None
07:18:11.149,Active,414.1,2.4,98.2,11.8,66.7,Yes,0.0,None
07:18:11.564,Active,408.8,2.4,99.4,11.8,67.2,Yes,0.0,None
07:18:11.980,Active,408.3,2.4,98.8,11.8,68.3,Yes,0.0,None
07:18:12.392,Active,404.5,2.4,98.8,11.8,68.8,Yes,0.0,None
07:18:12.804,Active,405.7,2.4,99.4,11.8,68.3,Yes,0.0,None
07:18:13.221,Active,411.4,2.4,100.0,11.8,68.8,Yes,0.0,None
07:18:13.643,Active,415.4,2.4,97.6,11.8,69.4,Yes,0.0,None
07:18:14.067,Active,415.8,2.4,97.6,11.8,68.8,Yes,0.0,None
07:18:14.482,Active,406.7,2.4,98.2,11.8,69.4,Yes,0.0,None
07:18:14.911,Active,419.3,2.4,98.8,11.8,70.0,Yes,0.0,None
07:18:15.327,Active,407.5,2.4,98.8,11.8,69.4,Yes,0.0,None
07:18:15.760,Active,424.9,2.4,97.1,11.8,70.0,Yes,0.0,None
07:18:16.174,Active,408.0,2.4,98.8,11.8,70.5,Yes,0.0,None
07:18:16.597,Active,410.1,2.4,97.6,11.8,70.5,Yes,0.0,None
07:18:17.012,Active,408.3,2.4,98.8,11.8,71.0,Yes,0.0,None
07:18:17.431,Active,409.5,2.4,98.2,11.8,71.0,Yes,0.0,None
07:18:17.847,Active,407.9,2.4,97.6,11.8,71.0,Yes,0.0,None
07:18:18.268,Active,410.8,2.4,98.2,11.8,71.0,Yes,0.0,None
07:18:18.688,Active,411.2,2.4,98.2,11.8,71.0,Yes,0.0,None
07:18:19.105,Active,409.7,2.4,98.8,11.8,71.0,Yes,0.0,None
07:18:19.525,Active,410.4,2.4,98.2,11.8,72.2,Yes,0.0,None
07:18:19.973,Active,440.5,2.4,96.1,11.8,71.6,Yes,0.0,None
07:18:20.392,Active,412.5,2.4,98.8,11.8,71.6,Yes,0.0,None
07:18:20.808,Active,408.3,2.4,98.2,11.8,72.2,Yes,0.0,None
07:18:21.225,Active,409.7,2.4,98.8,11.8,72.2,Yes,0.0,None
07:18:21.643,Active,409.2,2.4,98.2,11.8,70.5,Yes,0.0,None
07:18:22.062,Active,410.2,2.4,98.2,11.8,72.2,Yes,0.0,None
07:18:22.480,Active,408.6,2.4,97.6,11.8,72.2,Yes,0.0,None
07:18:22.896,Active,408.1,2.4,98.8,11.8,72.7,Yes,0.0,None
07:18:23.313,Active,409.1,2.4,98.2,11.8,72.7,Yes,0.0,None
07:18:23.728,Active,409.1,2.4,98.8,11.8,72.7,Yes,0.0,None
07:18:24.162,Active,426.8,2.4,95.9,11.8,72.2,Yes,0.0,None
07:18:24.578,Active,409.4,2.4,98.8,11.8,73.2,Yes,0.0,None
07:18:24.998,Active,409.9,2.4,98.2,11.8,73.2,Yes,0.0,None
07:18:25.424,Active,416.6,2.4,98.8,11.8,73.8,Yes,0.0,None
07:18:25.841,Active,406.8,2.4,98.2,11.8,73.8,Yes,0.0,None
07:18:26.261,Active,409.0,2.4,98.2,11.8,73.2,Yes,0.0,None
07:18:26.674,Active,407.5,2.4,98.8,11.8,73.2,Yes,0.0,None
07:18:27.095,Active,411.3,2.4,98.2,11.8,73.2,Yes,0.0,None
07:18:27.514,Active,408.2,2.4,97.6,11.8,73.8,Yes,0.0,None
07:18:27.933,Active,408.7,2.4,98.2,11.8,73.2,Yes,0.0,None
07:18:28.351,Active,407.5,2.4,98.2,11.8,74.3,Yes,0.0,None
07:18:28.769,Active,409.7,2.4,97.6,11.8,73.8,Yes,0.0,None
07:18:29.201,Active,422.5,2.4,95.9,11.8,72.7,Yes,0.0,None
07:18:29.615,Active,407.5,2.4,98.8,11.8,73.8,Yes,0.0,None
07:18:30.036,Active,412.8,2.4,98.8,11.8,73.8,Yes,0.0,None
07:18:30.450,Active,408.0,2.4,98.2,11.8,74.3,Yes,0.0,None
07:18:30.868,Active,411.0,2.4,98.8,11.8,73.8,Yes,0.0,None
07:18:31.282,Active,406.6,2.4,98.2,11.8,74.3,Yes,0.0,None
07:18:31.701,Active,408.8,2.4,98.8,11.8,73.8,Yes,0.0,None
07:18:32.119,Active,411.8,2.4,98.2,11.8,74.3,Yes,0.0,None
07:18:32.534,Active,406.2,2.4,98.8,11.8,74.3,Yes,0.0,None
07:18:32.951,Active,407.4,2.4,97.6,11.8,74.3,Yes,0.0,None
07:18:33.365,Active,406.1,2.4,98.8,11.8,74.9,Yes,0.0,None
07:18:33.789,Active,413.7,2.4,98.2,11.8,74.3,Yes,0.0,None
07:18:34.206,Active,410.8,2.4,98.8,11.8,73.8,Yes,0.0,None
07:18:34.622,Active,406.5,2.4,98.8,11.7,74.3,Yes,0.0,None
07:18:35.038,Active,407.1,2.4,98.2,11.7,74.9,Yes,0.0,None
07:18:35.489,Active,440.0,2.4,97.2,11.8,74.3,Yes,0.0,None
07:18:35.912,Active,413.5,2.4,98.2,11.8,73.8,Yes,0.0,None
07:18:36.331,Active,409.3,2.4,97.6,11.8,74.3,Yes,0.0,None
07:18:36.741,Active,403.2,2.4,99.4,11.8,75.5,Yes,0.0,None
07:18:37.155,Active,408.0,2.4,99.4,11.8,76.0,Yes,0.0,None
07:18:37.572,Active,407.4,2.4,98.2,11.8,74.9,Yes,0.0,None
07:18:37.992,Active,410.5,2.4,98.2,11.8,74.9,Yes,0.0,None
07:18:38.413,Active,410.9,2.4,98.2,11.8,74.9,Yes,0.0,None
07:18:38.829,Active,408.2,2.4,98.2,11.8,74.9,Yes,0.0,None
07:18:39.244,Active,408.1,2.4,98.8,11.8,74.3,Yes,0.0,None
07:18:39.663,Active,408.0,2.4,98.2,11.8,74.9,Yes,0.0,None
07:18:40.079,Active,409.2,2.4,98.2,11.8,74.9,Yes,0.0,None
07:18:40.510,Active,421.2,2.4,98.3,11.8,75.5,Yes,0.0,None
07:18:40.929,Active,408.4,2.4,98.2,11.8,74.9,Yes,0.0,None
07:18:41.349,Active,411.0,2.4,97.6,11.8,74.9,Yes,0.0,None
07:18:41.765,Active,408.3,2.4,98.8,11.8,75.5,Yes,0.0,None
07:18:42.184,Active,410.3,2.4,98.2,11.8,76.0,Yes,0.0,None
07:18:42.600,Active,408.5,2.4,98.8,11.8,75.5,Yes,0.0,None
07:18:43.021,Active,415.0,2.4,97.6,11.8,74.9,Yes,0.0,None
07:18:43.438,Active,411.0,2.4,99.4,11.8,76.0,Yes,0.0,None
07:18:43.856,Active,408.8,2.4,97.6,11.8,74.9,Yes,0.0,None
07:18:44.279,Active,412.5,2.4,98.2,11.8,75.5,Yes,0.0,None
07:18:44.691,Active,406.1,2.4,98.8,11.8,75.5,Yes,0.0,None
07:18:45.106,Active,409.6,2.4,99.4,11.8,75.5,Yes,0.0,None
07:18:45.532,Active,419.4,2.4,98.8,11.8,75.5,Yes,0.0,None
07:18:45.946,Active,408.3,2.4,99.4,11.8,74.9,Yes,0.0,None
07:18:46.363,Active,410.0,2.4,97.6,11.8,76.0,Yes,0.0,None
07:18:46.780,Active,408.4,2.4,99.4,11.8,75.5,Yes,0.0,None
07:18:47.195,Active,407.7,2.4,98.2,11.8,76.5,Yes,0.0,None
07:18:47.611,Active,408.0,2.4,98.8,11.8,76.0,Yes,0.0,None
07:18:48.028,Active,410.7,2.4,99.4,11.8,76.0,Yes,0.0,None
07:18:48.444,Active,408.2,2.4,98.8,11.8,75.5,Yes,0.0,None
07:18:48.860,Active,408.8,2.4,98.2,11.8,75.5,Yes,0.0,None
07:18:49.276,Active,409.0,2.4,98.8,11.8,77.1,Yes,0.0,None
07:18:49.691,Active,407.8,2.4,99.4,11.8,75.5,Yes,0.0,None
07:18:50.107,Active,410.0,2.4,98.2,11.8,76.0,Yes,0.0,None
07:18:50.548,Active,432.8,2.4,97.7,11.8,76.0,Yes,0.0,None
07:18:50.963,Active,407.5,2.4,98.8,11.8,76.0,Yes,0.0,None
07:18:51.380,Active,407.9,2.4,98.8,11.8,76.0,Yes,0.0,None
07:18:51.796,Active,410.5,2.4,98.2,11.8,76.5,Yes,0.0,None
07:18:52.213,Active,409.6,2.4,99.4,11.8,76.5,Yes,0.0,None
07:18:52.629,Active,409.7,2.4,98.8,11.8,76.0,Yes,0.0,None
07:18:53.046,Active,410.0,2.4,98.2,11.8,75.5,Yes,0.0,None
07:18:53.463,Active,409.0,2.4,98.2,11.8,76.0,Yes,0.0,None
07:18:53.882,Active,409.7,2.4,98.2,11.8,76.0,Yes,0.0,None
07:18:54.299,Active,406.8,2.4,98.2,11.7,76.5,Yes,0.0,None
07:18:54.710,Active,405.5,2.4,98.8,11.7,76.5,Yes,0.0,None
07:18:55.128,Active,408.1,2.4,98.2,11.8,76.5,Yes,0.0,None
07:18:55.569,Active,431.8,2.4,98.3,11.8,75.5,Yes,0.0,None
07:18:55.989,Active,412.2,2.4,98.2,11.8,76.5,Yes,0.0,None
07:18:56.407,Active,408.4,2.4,98.2,11.8,77.7,Yes,0.0,None
07:18:56.824,Active,407.5,2.4,98.2,11.8,77.1,Yes,0.0,None
07:18:57.244,Active,410.4,2.4,97.6,11.8,76.0,Yes,0.0,None
07:18:57.657,Active,407.0,2.4,99.4,11.8,76.0,Yes,0.0,None
07:18:58.075,Active,410.9,2.4,98.8,11.8,76.0,Yes,0.0,None
07:18:58.494,Active,409.0,2.4,98.2,11.8,76.5,Yes,0.0,None
07:18:58.913,Active,409.7,2.4,98.2,11.8,77.1,Yes,0.0,None
07:18:59.331,Active,410.0,2.4,97.6,11.8,77.1,Yes,0.0,None
07:18:59.749,Active,408.9,2.4,97.6,11.8,76.0,Yes,0.0,None
07:19:00.171,Active,411.9,2.4,98.2,11.8,76.0,Yes,0.0,None
07:19:00.589,Active,408.6,2.4,98.2,11.8,76.5,Yes,0.0,None
07:19:01.010,Active,410.8,2.4,97.6,11.8,77.1,Yes,0.0,None
07:19:01.429,Active,409.4,2.4,98.2,11.8,76.0,Yes,0.0,None
07:19:01.844,Active,407.7,2.4,98.2,11.8,76.5,Yes,0.0,None
07:19:02.264,Active,410.4,2.4,98.2,11.8,77.1,Yes,0.0,None
07:19:02.682,Active,408.2,2.4,98.2,11.8,77.1,Yes,0.0,None
07:19:03.101,Active,410.4,2.4,98.2,11.8,78.2,Yes,0.0,None
07:19:03.516,Active,408.7,2.4,99.4,11.8,76.5,Yes,0.0,None
07:19:03.931,Active,407.7,2.4,97.0,11.8,76.5,Yes,0.0,None
07:19:04.348,Active,408.6,2.4,98.8,11.8,76.5,Yes,0.0,None
07:19:04.764,Active,408.8,2.4,98.8,11.8,76.5,Yes,0.0,None
07:19:05.183,Active,411.3,2.4,98.2,11.8,76.5,Yes,0.0,None
07:19:05.633,Active,440.5,2.4,97.2,11.8,76.5,Yes,0.0,None
07:19:51.078,Active,430.3,2.4,1.4,11.8,58.4,Yes,0.0,None
07:19:51.516,Active,428.4,2.4,97.7,11.9,60.0,Yes,0.0,None
07:19:51.935,Active,407.3,2.4,97.6,11.9,61.1,Yes,0.0,None
07:19:52.348,Active,407.1,2.4,98.8,11.9,61.7,Yes,0.0,None
07:19:52.764,Active,408.4,2.4,98.8,11.9,62.8,Yes,0.0,None
07:19:53.182,Active,412.1,2.4,98.8,11.9,63.4,Yes,0.0,None
07:19:53.598,Active,407.0,2.4,98.2,11.9,63.9,Yes,0.0,None
07:19:54.013,Active,408.1,2.4,99.4,11.9,65.5,Yes,0.0,None
07:19:54.428,Active,408.6,2.4,99.4,11.8,64.5,Yes,0.0,None
07:19:54.849,Active,413.9,2.4,97.0,11.8,66.1,Yes,0.0,None
07:19:55.271,Active,415.9,2.4,98.8,11.8,66.7,Yes,0.0,None
07:19:55.685,Active,405.3,2.4,98.8,11.8,66.7,Yes,0.0,None
07:19:56.101,Active,410.5,2.4,98.8,11.8,67.2,Yes,0.0,None
07:19:56.531,Active,420.3,2.4,98.3,11.9,67.2,Yes,0.0,None
07:19:56.950,Active,409.6,2.4,98.2,12.0,67.8,Yes,0.0,None
07:19:57.369,Active,409.1,2.4,98.8,11.9,68.3,Yes,0.0,None
07:19:57.786,Active,408.3,2.4,98.2,12.0,68.3,Yes,0.0,None
07:19:58.205,Active,408.3,2.4,98.2,11.9,68.8,Yes,0.0,None
07:19:58.620,Active,404.4,2.4,98.8,11.9,68.8,Yes,0.0,None
07:19:59.039,Active,411.7,2.4,98.8,11.9,68.3,Yes,0.0,None
07:19:59.455,Active,407.3,2.4,98.8,11.9,69.4,Yes,0.0,None
07:19:59.873,Active,409.7,2.4,97.0,11.9,69.4,Yes,0.0,None
07:20:00.293,Active,409.6,2.4,98.2,11.9,70.0,Yes,0.0,None
07:20:00.707,Active,407.6,2.4,99.4,11.9,69.4,Yes,0.0,None
07:20:01.123,Active,409.9,2.4,98.8,11.9,69.4,Yes,0.0,None
07:20:01.537,Active,407.1,2.4,98.8,11.8,70.5,Yes,0.0,None
07:20:01.950,Active,407.1,2.4,98.8,11.8,70.0,Yes,0.0,None
07:20:02.369,Active,409.3,2.4,98.2,11.8,70.5,Yes,0.0,None
07:20:02.788,Active,409.6,2.4,97.6,11.8,70.5,Yes,0.0,None
07:20:03.209,Active,411.1,2.4,98.2,11.9,71.0,Yes,0.0,None
07:20:03.627,Active,408.9,2.4,98.2,11.8,71.0,Yes,0.0,None
07:20:04.045,Active,410.4,2.4,98.2,11.9,71.0,Yes,0.0,None
07:20:04.462,Active,407.8,2.4,98.8,11.9,71.6,Yes,0.0,None
07:20:04.881,Active,409.9,2.4,97.6,11.8,71.0,Yes,0.0,None
07:20:05.301,Active,410.7,2.4,98.2,11.9,71.6,Yes,0.0,None
07:20:05.716,Active,408.4,2.4,98.8,11.9,71.0,Yes,0.0,None
07:20:06.136,Active,412.6,2.4,98.8,11.9,72.2,Yes,0.0,None
07:20:06.570,Active,427.8,2.4,97.7,11.9,70.5,Yes,0.0,None
07:20:07.012,Active,431.4,2.4,96.6,11.9,71.0,Yes,0.0,None
07:20:07.427,Active,407.6,2.4,98.8,11.9,71.6,Yes,0.0,None
07:20:07.843,Active,407.2,2.4,98.2,11.9,72.7,Yes,0.0,None
07:20:08.260,Active,410.7,2.4,99.4,11.9,72.2,Yes,0.0,None
07:20:08.678,Active,409.3,2.4,97.6,11.9,72.2,Yes,0.0,None
07:20:09.099,Active,411.1,2.4,98.2,11.9,72.7,Yes,0.0,None
07:20:09.515,Active,408.4,2.4,98.8,11.9,72.7,Yes,0.0,None
07:20:09.932,Active,408.0,2.4,98.2,11.9,73.2,Yes,0.0,None
07:20:10.354,Active,415.0,2.4,97.6,11.9,73.2,Yes,0.0,None
07:20:10.774,Active,410.8,2.4,98.2,11.9,72.7,Yes,0.0,None
07:20:11.189,Active,408.4,2.4,98.8,11.9,72.7,Yes,0.0,None
07:20:11.604,Active,407.2,2.4,98.2,11.9,72.2,Yes,0.0,None
07:20:12.031,Active,419.4,2.4,98.8,11.9,73.2,Yes,0.0,None
07:20:12.451,Active,411.3,2.4,97.6,11.8,72.7,Yes,0.0,None
07:20:12.867,Active,408.1,2.4,98.8,11.8,73.2,Yes,0.0,None
07:20:13.285,Active,411.4,2.4,98.8,11.8,72.2,Yes,0.0,None
07:20:13.702,Active,408.5,2.4,98.2,11.8,73.8,Yes,0.0,None
07:20:14.125,Active,413.5,2.4,97.7,11.8,73.8,Yes,0.0,None
07:20:14.545,Active,411.4,2.4,98.8,11.8,73.2,Yes,0.0,None
07:20:14.959,Active,408.1,2.4,98.2,11.8,73.2,Yes,0.0,None
07:20:15.379,Active,413.9,2.4,98.2,11.8,73.8,Yes,0.0,None
07:20:15.794,Active,409.0,2.4,98.8,11.8,73.8,Yes,0.0,None
07:20:16.213,Active,411.1,2.4,98.8,11.8,73.8,Yes,0.0,None
07:20:16.648,Active,428.6,2.4,94.8,11.8,74.3,Yes,0.0,None
07:20:17.085,Active,426.4,2.4,98.3,11.8,73.8,Yes,0.0,None
07:20:17.498,Active,406.4,2.4,99.4,11.8,73.8,Yes,0.0,None
07:20:17.914,Active,406.7,2.4,98.2,11.8,73.8,Yes,0.0,None
07:20:18.327,Active,407.2,2.4,99.4,11.8,73.8,Yes,0.0,None
07:20:18.745,Active,410.8,2.4,98.8,11.8,73.8,Yes,0.0,None
07:20:19.165,Active,414.0,2.4,98.2,11.8,74.3,Yes,0.0,None
07:20:19.582,Active,409.0,2.4,98.2,11.8,73.2,Yes,0.0,None
07:20:20.004,Active,412.8,2.4,97.6,11.8,73.8,Yes,0.0,None
07:20:20.421,Active,409.8,2.4,98.8,11.8,74.3,Yes,0.0,None
07:20:20.836,Active,408.4,2.4,98.2,11.8,73.8,Yes,0.0,None
07:20:21.258,Active,414.2,2.4,99.4,11.8,74.3,Yes,0.0,None
07:20:21.681,Active,413.0,2.4,97.7,11.8,73.2,Yes,0.0,None
07:20:22.114,Active,426.8,2.4,99.4,11.8,74.9,Yes,0.0,None
07:20:22.531,Active,409.3,2.4,98.8,11.8,74.9,Yes,0.0,None
07:20:22.952,Active,414.6,2.4,98.2,11.8,73.2,Yes,0.0,None
07:20:23.372,Active,413.7,2.4,98.2,11.8,74.3,Yes,0.0,None
07:20:23.789,Active,409.6,2.4,98.8,11.8,74.9,Yes,0.0,None
07:20:24.208,Active,413.0,2.4,97.6,11.8,75.5,Yes,0.0,None
07:20:24.626,Active,410.9,2.4,98.2,11.8,74.9,Yes,0.0,None
07:20:25.044,Active,408.7,2.4,98.2,11.8,74.3,Yes,0.0,None
07:20:25.459,Active,407.9,2.4,98.8,11.8,74.3,Yes,0.0,None
07:20:25.875,Active,409.7,2.4,99.4,11.8,74.9,Yes,0.0,None
07:20:26.299,Active,415.7,2.4,97.0,11.8,74.9,Yes,0.0,None
07:20:26.711,Active,405.7,2.4,99.4,11.8,74.9,Yes,0.0,None
07:20:27.156,Active,435.0,2.4,98.3,11.9,74.3,Yes,0.0,None
07:20:27.572,Active,408.5,2.4,98.8,11.9,74.9,Yes,0.0,None
07:20:27.987,Active,408.9,2.4,99.4,11.9,75.5,Yes,0.0,None
07:20:28.423,Active,425.9,2.4,95.4,11.9,74.9,Yes,0.0,None
07:20:28.845,Active,413.5,2.4,97.6,11.9,75.5,Yes,0.0,None
07:20:29.263,Active,411.9,2.4,98.8,11.9,74.9,Yes,0.0,None
07:20:29.679,Active,409.4,2.4,98.8,11.9,75.5,Yes,0.0,None
07:20:30.101,Active,413.4,2.4,98.2,11.9,75.5,Yes,0.0,None
07:20:30.518,Active,410.4,2.4,98.8,11.9,75.5,Yes,0.0,None
07:20:30.931,Active,407.2,2.4,99.4,11.9,75.5,Yes,0.0,None
07:20:31.343,Active,405.3,2.4,98.8,11.9,74.9,Yes,0.0,None
07:20:31.758,Active,406.1,2.4,99.4,11.9,75.5,Yes,0.0,None
07:20:32.186,Active,418.3,2.4,97.1,11.9,75.5,Yes,0.0,None
07:20:32.609,Active,412.9,2.4,97.6,11.8,74.9,Yes,0.0,None
07:20:33.025,Active,409.6,2.4,98.8,11.8,75.5,Yes,0.0,None
07:20:33.439,Active,407.3,2.4,98.8,11.8,76.0,Yes,0.0,None
07:20:33.861,Active,413.3,2.4,97.6,11.8,75.5,Yes,0.0,None
07:20:34.281,Active,413.0,2.4,98.8,11.8,76.0,Yes,0.0,None
07:20:34.700,Active,408.3,2.4,97.6,11.8,76.0,Yes,0.0,None
07:20:35.124,Active,416.0,2.4,97.6,11.8,75.5,Yes,0.0,None
07:20:35.554,Active,422.6,2.4,97.1,11.8,76.0,Yes,0.0,None
07:20:35.977,Active,413.7,2.4,97.6,11.8,75.5,Yes,0.0,None
07:20:36.390,Active,406.7,2.4,98.8,11.8,76.0,Yes,0.0,None
07:20:36.812,Active,408.3,2.4,97.6,11.8,75.5,Yes,0.0,None
07:20:37.259,Active,440.7,2.4,98.9,11.8,75.5,Yes,0.0,None
07:20:37.674,Active,407.0,2.4,98.8,11.8,75.5,Yes,0.0,None
07:20:38.095,Active,414.5,2.4,98.8,11.9,76.0,Yes,0.0,None
07:20:38.535,Active,433.0,2.4,95.4,11.9,75.5,Yes,0.0,None
07:20:38.948,Active,406.8,2.4,98.8,11.9,76.0,Yes,0.0,None
07:20:39.375,Active,420.7,2.4,98.2,11.9,76.0,Yes,0.0,None
07:20:39.787,Active,406.0,2.4,99.4,11.9,76.0,Yes,0.0,None
07:20:40.216,Active,420.8,2.4,98.2,11.9,76.0,Yes,0.0,None
07:20:40.630,Active,407.8,2.4,98.2,11.8,76.5,Yes,0.0,None
07:20:41.055,Active,415.8,2.4,98.2,11.8,76.0,Yes,0.0,None
07:20:41.469,Active,408.2,2.4,98.8,11.8,76.0,Yes,0.0,None
07:20:41.885,Active,407.7,2.4,98.2,11.8,76.0,Yes,0.0,None
07:20:42.317,Active,423.6,2.4,98.3,11.8,75.5,Yes,0.0,None
07:20:42.735,Active,411.3,2.4,98.8,11.8,76.0,Yes,0.0,None
07:20:43.162,Active,418.2,2.4,96.4,11.8,76.0,Yes,0.0,None
07:20:43.589,Active,417.0,2.4,95.9,11.8,76.5,Yes,0.0,None
07:20:44.006,Active,410.9,2.4,98.8,11.8,77.1,Yes,0.0,None
07:20:44.423,Active,407.9,2.4,98.2,11.8,76.0,Yes,0.0,None
07:20:44.839,Active,409.6,2.4,98.8,11.8,76.0,Yes,0.0,None
07:20:45.269,Active,421.8,2.4,95.9,11.8,76.5,Yes,0.0,None
07:20:45.684,Active,408.6,2.4,99.4,11.8,76.0,Yes,0.0,None
07:20:46.106,Active,412.1,2.4,97.6,11.8,76.5,Yes,0.0,None
07:20:46.523,Active,408.0,2.4,98.2,11.8,77.1,Yes,0.0,None
07:20:46.948,Active,416.2,2.4,97.6,11.8,76.0,Yes,0.0,None
07:20:47.376,Active,422.4,2.4,98.8,11.8,77.1,Yes,0.0,None
07:20:47.793,Active,409.8,2.4,98.2,11.8,76.0,Yes,0.0,None
07:20:48.211,Active,410.7,2.4,98.8,11.8,76.0,Yes,0.0,None
07:20:48.623,Active,406.2,2.4,99.4,11.8,76.5,Yes,0.0,None
07:20:49.039,Active,409.8,2.4,99.4,11.8,75.5,Yes,0.0,None
07:20:49.455,Active,407.8,2.4,98.2,11.8,76.0,Yes,0.0,None
07:20:49.869,Active,407.9,2.4,99.4,11.8,76.0,Yes,0.0,None
07:20:50.285,Active,409.7,2.4,98.2,11.8,76.0,Yes,0.0,None
07:20:50.699,Active,408.0,2.4,98.8,11.8,76.5,Yes,0.0,None
07:21:36.133,Active,419.6,2.4,1.3,11.8,58.4,Yes,0.0,None
07:21:36.547,Active,408.8,2.4,99.4,11.8,59.5,Yes,0.0,None
07:21:36.964,Active,408.2,2.4,98.8,11.8,60.6,Yes,0.0,None
07:21:37.379,Active,407.0,2.4,98.8,11.8,62.2,Yes,0.0,None
07:21:37.797,Active,408.3,2.4,97.6,11.8,62.8,Yes,0.0,None
07:21:38.247,Active,443.9,2.4,98.9,11.8,63.4,Yes,0.0,None
07:21:38.664,Active,408.4,3.4,98.2,11.8,64.5,Yes,0.0,None
07:21:39.086,Active,414.5,3.4,98.2,11.8,63.9,Yes,0.0,None
07:21:39.503,Active,410.8,3.4,97.6,11.8,65.5,Yes,0.0,None
07:21:39.925,Active,413.2,3.4,97.0,11.8,65.5,Yes,0.0,None
07:21:40.342,Active,408.4,3.4,98.2,11.8,66.7,Yes,0.0,None
07:21:40.755,Active,406.7,3.4,99.4,11.8,66.1,Yes,0.0,None
07:21:41.173,Active,409.5,3.4,98.2,11.8,67.2,Yes,0.0,None
07:21:41.593,Active,410.5,3.4,98.2,11.8,67.2,Yes,0.0,None
07:21:42.010,Active,410.2,3.4,98.2,11.8,67.8,Yes,0.0,None
07:21:42.426,Active,406.4,3.4,98.8,11.8,68.3,Yes,0.0,None
07:21:42.840,Active,408.3,2.4,98.8,11.8,67.8,Yes,0.0,None
07:21:43.258,Active,412.2,2.4,98.8,11.8,68.8,Yes,0.0,None
07:21:43.678,Active,410.0,2.4,98.8,11.8,68.8,Yes,0.0,None
07:21:44.097,Active,409.2,2.4,98.2,11.8,68.8,Yes,0.0,None
07:21:44.521,Active,418.0,2.4,97.0,11.8,70.0,Yes,0.0,None
07:21:44.934,Active,407.3,2.4,98.8,11.8,69.4,Yes,0.0,None
07:21:45.372,Active,428.3,2.4,94.9,11.8,69.4,Yes,0.0,None
07:21:45.786,Active,408.3,2.4,99.4,11.8,70.0,Yes,0.0,None
07:21:46.216,Active,420.8,2.4,96.5,11.8,70.5,Yes,0.0,None
07:21:46.631,Active,407.2,2.4,98.8,11.8,70.0,Yes,0.0,None
07:21:47.050,Active,410.4,2.4,98.2,11.8,71.0,Yes,0.0,None
07:21:47.466,Active,408.2,2.4,98.8,11.8,71.0,Yes,0.0,None
07:21:47.884,Active,408.6,2.4,98.2,11.8,71.0,Yes,0.0,None
07:21:48.317,Active,427.0,2.4,98.8,11.8,70.5,Yes,0.0,None
07:21:48.733,Active,409.7,2.4,98.8,11.8,71.6,Yes,0.0,None
07:21:49.149,Active,410.4,2.4,98.8,11.8,71.6,Yes,0.0,None
07:21:49.563,Active,407.8,2.4,98.8,11.8,73.2,Yes,0.0,None
07:21:49.980,Active,410.7,2.4,99.4,11.8,71.6,Yes,0.0,None
07:21:50.391,Active,405.6,2.4,98.8,11.8,71.6,Yes,0.0,None
07:21:50.808,Active,409.8,2.4,98.8,11.8,71.6,Yes,0.0,None
07:21:51.236,Active,420.5,2.4,97.0,11.8,71.6,Yes,0.0,None
07:21:51.653,Active,409.3,2.4,98.8,11.8,72.2,Yes,0.0,None
07:21:52.080,Active,420.4,2.4,96.5,11.8,71.6,Yes,0.0,None
07:21:52.495,Active,407.3,2.4,98.8,11.8,72.2,Yes,0.0,None
07:21:52.912,Active,408.3,2.4,98.2,11.8,72.2,Yes,0.0,None
07:21:53.354,Active,435.1,2.4,97.2,11.8,72.2,Yes,0.0,None
07:21:53.772,Active,408.7,2.4,98.2,11.8,72.7,Yes,0.0,None
07:21:54.193,Active,411.7,2.4,98.2,11.9,72.2,Yes,0.0,None
07:21:54.607,Active,407.7,2.4,98.8,11.9,72.7,Yes,0.0,None
07:21:55.025,Active,412.1,2.4,99.4,11.9,73.8,Yes,0.0,None
07:21:55.447,Active,416.1,2.4,97.1,11.9,72.7,Yes,0.0,None
07:21:55.862,Active,407.8,2.4,99.4,11.9,73.8,Yes,0.0,None
07:21:56.277,Active,409.5,2.4,98.8,11.9,73.2,Yes,0.0,None
07:21:56.694,Active,407.1,2.4,97.6,11.8,73.2,Yes,0.0,None
07:21:57.112,Active,410.9,2.4,98.8,11.8,74.3,Yes,0.0,None
07:21:57.528,Active,408.5,2.4,98.8,11.8,73.8,Yes,0.0,None
07:21:57.945,Active,409.7,2.4,98.2,11.8,73.2,Yes,0.0,None
07:21:58.362,Active,410.6,2.4,98.2,11.8,73.8,Yes,0.0,None
07:21:58.797,Active,428.8,2.4,98.8,11.8,73.8,Yes,0.0,None
07:21:59.216,Active,411.7,2.4,98.8,11.8,73.2,Yes,0.0,None
07:21:59.631,Active,408.5,2.4,98.2,11.8,74.3,Yes,0.0,None
07:22:00.051,Active,411.8,2.4,98.2,11.8,73.8,Yes,0.0,None
07:22:00.472,Active,412.1,2.4,97.6,11.8,74.3,Yes,0.0,None
07:22:00.887,Active,407.5,2.4,98.2,11.8,73.8,Yes,0.0,None
07:22:01.302,Active,409.4,2.4,99.4,11.8,74.9,Yes,0.0,None
07:22:01.715,Active,407.0,2.4,99.4,11.8,73.8,Yes,0.0,None
07:22:02.132,Active,410.4,2.4,98.8,11.8,73.8,Yes,0.0,None
07:22:02.552,Active,409.8,2.4,97.6,11.8,74.3,Yes,0.0,None
07:22:02.969,Active,409.0,2.4,98.8,11.8,74.3,Yes,0.0,None
07:22:03.387,Active,410.7,2.4,98.2,11.8,73.8,Yes,0.0,None
07:22:03.802,Active,406.9,2.4,98.2,11.8,74.3,Yes,0.0,None
07:22:04.217,Active,407.9,2.4,100.0,11.8,72.7,Yes,0.0,None
07:22:04.637,Active,409.9,2.4,97.6,11.8,74.3,Yes,0.0,None
07:22:05.057,Active,413.7,2.4,98.2,11.8,73.2,Yes,0.0,None
07:22:05.475,Active,407.7,2.4,98.2,11.7,74.9,Yes,0.0,None
07:22:05.890,Active,408.1,2.4,98.2,11.7,74.3,Yes,0.0,None
07:22:06.313,Active,413.3,2.4,98.2,11.7,74.3,Yes,0.0,None
07:22:06.732,Active,408.2,2.4,98.2,11.8,74.9,Yes,0.0,None
07:22:07.150,Active,409.1,2.4,98.2,11.8,72.7,Yes,0.0,None
07:22:07.564,Active,408.6,2.4,98.8,11.7,74.3,Yes,0.0,None
07:22:07.985,Active,411.5,2.4,98.2,11.7,74.3,Yes,0.0,None
07:22:08.403,Active,407.3,2.4,98.2,11.8,74.9,Yes,0.0,None
07:22:08.853,Active,440.5,2.4,97.8,11.9,74.3,Yes,0.0,None
07:22:09.273,Active,411.1,2.4,98.2,11.9,75.5,Yes,0.0,None
07:22:09.693,Active,411.4,2.4,98.2,11.9,74.3,Yes,0.0,None
07:22:10.111,Active,410.5,2.4,98.2,11.9,74.9,Yes,0.0,None
07:22:10.527,Active,406.7,2.4,98.2,11.8,75.5,Yes,0.0,None
07:22:10.943,Active,409.2,2.4,98.8,11.8,74.3,Yes,0.0,None
07:22:11.362,Active,408.9,2.4,97.6,11.8,74.9,Yes,0.0,None
07:22:11.781,Active,408.9,2.4,98.2,11.8,75.5,Yes,0.0,None
07:22:12.204,Active,413.8,2.4,98.2,11.8,75.5,Yes,0.0,None
07:22:12.620,Active,408.6,2.4,98.2,11.8,76.0,Yes,0.0,None
07:22:13.041,Active,409.8,2.4,97.6,11.8,75.5,Yes,0.0,None
07:22:13.457,Active,407.5,2.4,97.6,11.8,75.5,Yes,0.0,None
07:22:13.888,Active,421.0,2.4,98.3,11.8,76.0,Yes,0.0,None
07:22:14.306,Active,409.2,2.4,97.6,11.8,76.0,Yes,0.0,None
07:22:14.725,Active,409.6,2.4,98.2,11.8,75.5,Yes,0.0,None
07:22:15.143,Active,410.5,2.4,98.2,11.8,76.0,Yes,0.0,None
07:22:15.558,Active,408.2,2.4,98.2,11.8,75.5,Yes,0.0,None
07:22:15.980,Active,412.8,2.4,98.8,11.8,75.5,Yes,0.0,None
07:22:16.396,Active,409.7,2.4,98.2,11.8,75.5,Yes,0.0,None
07:22:16.811,Active,408.5,2.4,98.8,11.8,74.9,Yes,0.0,None
07:22:17.228,Active,410.4,2.4,98.8,11.8,76.5,Yes,0.0,None
07:22:17.643,Active,407.3,2.4,98.8,11.8,75.5,Yes,0.0,None
07:22:18.063,Active,414.0,2.4,97.0,11.8,75.5,Yes,0.0,None
07:22:18.479,Active,407.6,2.4,98.2,11.8,76.0,Yes,0.0,None
07:22:18.911,Active,423.4,2.4,98.8,11.8,76.0,Yes,0.0,None
07:22:19.330,Active,409.2,2.4,98.2,11.8,75.5,Yes,0.0,None
07:22:19.745,Active,406.6,2.4,98.8,11.8,76.5,Yes,0.0,None
07:22:20.159,Active,408.3,2.4,98.8,11.8,76.0,Yes,0.0,None
07:22:20.576,Active,406.8,2.4,98.2,11.8,76.0,Yes,0.0,None
07:22:20.992,Active,409.3,2.4,98.8,11.8,76.0,Yes,0.0,None
07:22:21.406,Active,408.3,2.4,98.8,11.8,75.5,Yes,0.0,None
07:22:21.821,Active,408.9,2.4,98.8,11.8,76.0,Yes,0.0,None
07:22:22.240,Active,410.3,2.4,98.2,11.8,76.0,Yes,0.0,None
07:22:22.657,Active,407.1,2.4,98.2,11.8,76.5,Yes,0.0,None
07:22:23.074,Active,410.9,2.4,99.4,11.8,75.5,Yes,0.0,None
07:22:23.490,Active,406.9,2.4,98.2,11.8,76.5,Yes,0.0,None
07:22:23.923,Active,425.1,2.4,98.3,11.8,76.0,Yes,0.0,None
07:22:24.342,Active,407.1,2.4,98.2,11.8,76.5,Yes,0.0,None
07:22:24.756,Active,405.7,2.4,98.8,11.8,76.0,Yes,0.0,None
07:22:25.176,Active,408.9,2.4,98.2,11.8,76.0,Yes,0.0,None
07:22:25.592,Active,407.5,2.4,98.8,11.8,76.5,Yes,0.0,None
07:22:26.011,Active,412.1,2.4,98.2,11.8,75.5,Yes,0.0,None
07:22:26.423,Active,405.2,2.4,99.4,11.8,76.5,Yes,0.0,None
07:22:26.835,Active,405.8,2.4,99.4,11.8,76.0,Yes,0.0,None
07:22:27.251,Active,407.5,2.4,98.2,11.8,76.5,Yes,0.0,None
07:22:27.665,Active,407.0,2.4,98.8,11.8,76.0,Yes,0.0,None
07:22:28.077,Active,405.3,2.4,98.2,11.8,76.0,Yes,0.0,None
07:22:28.496,Active,409.1,2.4,97.6,11.8,76.0,Yes,0.0,None
07:22:28.916,Active,410.5,2.4,97.6,11.8,76.0,Yes,0.0,None
07:22:29.347,Active,424.5,2.4,98.3,11.8,76.5,Yes,0.0,None
07:22:29.764,Active,407.6,2.4,98.2,11.8,76.0,Yes,0.0,None
07:22:30.180,Active,408.5,2.4,98.8,11.8,76.0,Yes,0.0,None
07:22:30.595,Active,407.2,2.4,97.6,11.8,77.1,Yes,0.0,None
07:22:31.024,Active,420.9,2.4,97.7,11.8,76.5,Yes,0.0,None
07:22:31.440,Active,409.5,2.4,98.2,11.8,76.0,Yes,0.0,None
07:22:31.855,Active,409.1,2.4,98.8,11.8,76.0,Yes,0.0,None
07:22:32.275,Active,411.8,2.4,98.2,11.8,76.5,Yes,0.0,None
07:22:32.691,Active,407.8,2.4,98.2,11.8,76.5,Yes,0.0,None
07:22:33.108,Active,410.7,2.4,98.8,11.8,76.0,Yes,0.0,None
07:22:33.525,Active,409.6,2.4,98.2,11.8,74.9,Yes,0.0,None
07:22:33.945,Active,413.3,2.4,98.2,11.8,76.5,Yes,0.0,None
07:22:34.366,Active,414.6,2.4,97.0,11.8,76.0,Yes,0.0,None
07:22:34.784,Active,408.0,2.4,98.2,11.8,77.1,Yes,0.0,None
07:22:35.204,Active,412.8,2.4,98.2,11.8,77.1,Yes,0.0,None
07:22:35.618,Active,406.9,2.4,98.2,11.8,76.5,Yes,0.0,None
07:22:36.035,Active,407.2,2.4,98.2,11.8,77.7,Yes,0.0,None
07:23:21.478,Active,426.6,2.4,1.1,11.8,59.0,Yes,0.0,None
07:23:21.890,Active,405.7,2.4,100.0,11.8,60.0,Yes,0.0,None
07:23:22.307,Active,410.2,7.9,98.8,11.8,61.1,Yes,0.0,None
07:23:22.721,Active,407.2,7.9,98.8,11.7,61.7,Yes,0.0,None
07:23:23.143,Active,411.8,7.9,98.2,11.7,63.4,Yes,0.0,None
07:23:23.555,Active,405.6,7.9,98.8,11.7,63.4,Yes,0.0,None
07:23:23.966,Active,405.4,7.9,99.4,11.7,63.4,Yes,0.0,None
07:23:24.379,Active,406.1,7.9,99.4,11.7,65.0,Yes,0.0,None
07:23:24.811,Active,423.3,7.9,97.7,11.8,64.5,Yes,0.0,None
07:23:25.231,Active,407.6,7.9,98.8,11.8,66.1,Yes,0.0,None
07:23:25.654,Active,416.3,7.9,98.8,11.8,66.7,Yes,0.0,None
07:23:26.069,Active,408.1,7.9,98.8,11.8,67.2,Yes,0.0,None
07:23:26.478,Active,403.0,2.4,99.4,11.8,67.2,Yes,0.0,None
07:23:26.894,Active,409.7,2.4,98.8,11.8,68.3,Yes,0.0,None
07:23:27.311,Active,406.5,2.4,98.8,11.8,67.8,Yes,0.0,None
07:23:27.727,Active,408.5,2.4,98.8,11.8,68.3,Yes,0.0,None
07:23:28.142,Active,405.9,2.4,98.8,11.8,68.3,Yes,0.0,None
07:23:28.555,Active,404.7,2.4,99.4,11.8,68.8,Yes,0.0,None
07:23:28.982,Active,419.0,2.4,97.7,11.8,68.3,Yes,0.0,None
07:23:29.396,Active,405.1,2.4,98.2,11.8,69.4,Yes,0.0,None
07:23:29.813,Active,408.5,2.4,98.8,11.8,69.4,Yes,0.0,None
07:23:30.255,Active,433.4,2.4,98.3,11.8,69.4,Yes,0.0,None
07:23:30.677,Active,411.4,2.4,97.6,11.8,70.0,Yes,0.0,None
07:23:31.124,Active,441.1,2.4,95.5,11.8,70.5,Yes,0.0,None
07:23:31.541,Active,410.2,2.4,98.8,11.8,70.0,Yes,0.0,None
07:23:31.954,Active,406.9,2.4,98.8,11.8,70.0,Yes,0.0,None
07:23:32.374,Active,413.9,2.4,97.6,11.8,71.0,Yes,0.0,None
07:23:32.786,Active,406.0,2.4,98.8,11.8,70.5,Yes,0.0,None
07:23:33.200,Active,407.8,2.4,99.4,11.8,71.0,Yes,0.0,None
07:23:33.617,Active,406.4,2.4,99.4,11.8,71.6,Yes,0.0,None
07:23:34.033,Active,408.8,2.4,98.8,11.8,71.0,Yes,0.0,None
07:23:34.453,Active,410.1,2.4,98.2,11.8,71.0,Yes,0.0,None
07:23:34.873,Active,409.3,2.4,98.2,11.8,71.6,Yes,0.0,None
07:23:35.298,Active,418.8,2.4,97.0,11.8,71.6,Yes,0.0,None
07:23:35.733,Active,425.2,2.4,96.0,11.8,70.0,Yes,0.0,None
07:23:36.151,Active,411.8,2.4,98.8,11.8,71.6,Yes,0.0,None
07:23:36.567,Active,407.8,2.4,97.6,11.8,72.2,Yes,0.0,None
07:23:36.987,Active,411.9,2.4,98.2,11.8,72.2,Yes,0.0,None
07:23:37.404,Active,408.1,2.4,98.8,11.7,71.0,Yes,0.0,None
07:23:37.821,Active,409.5,2.4,98.8,11.7,71.0,Yes,0.0,None
07:23:38.248,Active,420.1,2.4,96.5,11.7,72.2,Yes,0.0,None
07:23:38.665,Active,407.7,2.4,98.2,11.8,72.7,Yes,0.0,None
07:23:39.085,Active,410.4,2.4,98.2,11.8,72.7,Yes,0.0,None
07:23:39.504,Active,408.3,2.4,97.6,11.7,72.2,Yes,0.0,None
07:23:39.922,Active,408.4,2.4,98.2,11.8,72.7,Yes,0.0,None
07:23:40.373,Active,443.2,2.4,98.3,11.9,72.7,Yes,0.0,None
07:23:40.793,Active,409.8,2.4,98.2,11.9,72.7,Yes,0.0,None
07:23:41.210,Active,409.9,2.4,98.2,12.0,72.7,Yes,0.0,None
07:23:41.628,Active,407.5,2.4,98.2,12.0,72.7,Yes,0.0,None
07:23:42.048,Active,410.6,2.4,97.6,12.0,73.8,Yes,0.0,None
07:23:42.465,Active,407.8,2.4,98.2,12.0,73.2,Yes,0.0,None
07:23:42.882,Active,406.7,2.4,97.6,12.0,74.3,Yes,0.0,None
07:23:43.300,Active,408.3,2.4,98.2,11.9,73.2,Yes,0.0,None
07:23:43.719,Active,407.6,2.4,98.2,11.9,73.2,Yes,0.0,None
07:23:44.137,Active,410.8,2.4,98.8,11.9,72.7,Yes,0.0,None
07:23:44.556,Active,409.9,2.4,98.2,11.9,73.8,Yes,0.0,None
07:23:44.976,Active,409.0,2.4,97.6,11.9,73.2,Yes,0.0,None
07:23:45.408,Active,421.3,2.4,97.7,11.9,74.3,Yes,0.0,None
07:23:45.824,Active,406.6,2.4,98.2,11.8,72.7,Yes,0.0,None
07:23:46.244,Active,409.4,2.4,98.2,11.8,73.8,Yes,0.0,None
07:23:46.662,Active,408.5,2.4,98.2,11.8,73.8,Yes,0.0,None
07:23:47.084,Active,412.4,2.4,98.2,11.8,73.8,Yes,0.0,None
07:23:47.505,Active,415.4,2.4,98.2,11.8,73.8,Yes,0.0,None
07:23:47.923,Active,407.4,2.4,97.6,11.8,73.8,Yes,0.0,None
07:23:48.342,Active,410.0,2.4,98.2,11.8,73.8,Yes,0.0,None
07:23:48.757,Active,409.2,2.4,98.8,11.8,74.3,Yes,0.0,None
07:23:49.170,Active,406.8,2.4,98.8,11.8,73.2,Yes,0.0,None
07:23:49.587,Active,408.8,2.4,99.4,11.8,74.3,Yes,0.0,None
07:23:50.015,Active,418.3,2.4,97.1,11.8,73.8,Yes,0.0,None
07:23:50.456,Active,434.8,2.4,97.7,11.8,74.3,Yes,0.0,None
07:23:50.873,Active,410.4,2.4,99.4,11.8,74.3,Yes,0.0,None
07:23:51.292,Active,410.9,2.4,97.6,11.8,73.2,Yes,0.0,None
07:23:51.712,Active,412.8,2.4,98.8,11.8,74.9,Yes,0.0,None
07:23:52.135,Active,411.6,2.4,97.6,11.8,75.5,Yes,0.0,None
07:23:52.552,Active,408.5,2.4,98.2,11.8,74.9,Yes,0.0,None
07:23:52.967,Active,407.1,2.4,98.2,11.8,74.9,Yes,0.0,None
07:23:53.385,Active,408.4,2.4,98.2,11.8,74.3,Yes,0.0,None
07:23:53.802,Active,411.1,2.4,98.8,11.8,74.9,Yes,0.0,None
07:23:54.223,Active,411.5,2.4,98.2,11.8,74.9,Yes,0.0,None
07:23:54.640,Active,411.3,2.4,98.8,11.8,74.9,Yes,0.0,None
07:23:55.059,Active,413.2,2.4,98.2,11.8,74.9,Yes,0.0,None
07:23:55.504,Active,436.6,2.4,97.2,11.8,75.5,Yes,0.0,None
07:23:55.920,Active,408.4,2.4,98.8,11.8,74.9,Yes,0.0,None
07:23:56.337,Active,409.8,2.4,98.8,11.8,74.9,Yes,0.0,None
07:23:56.752,Active,407.9,2.4,98.2,11.8,75.5,Yes,0.0,None
07:23:57.170,Active,411.7,2.4,98.8,11.8,74.9,Yes,0.0,None
07:23:57.589,Active,409.5,2.4,98.2,11.8,75.5,Yes,0.0,None
07:23:58.006,Active,411.3,2.4,98.8,11.8,75.5,Yes,0.0,None
07:23:58.423,Active,407.1,2.4,98.2,11.8,77.1,Yes,0.0,None
07:23:58.839,Active,410.1,2.4,98.8,11.8,74.3,Yes,0.0,None
07:23:59.258,Active,410.3,2.4,98.2,11.8,75.5,Yes,0.0,None
07:23:59.684,Active,416.3,2.4,97.1,11.8,74.9,Yes,0.0,None
07:24:00.105,Active,413.5,2.4,97.6,11.8,75.5,Yes,0.0,None
07:24:00.531,Active,419.3,2.4,98.8,11.8,74.9,Yes,0.0,None
07:24:00.952,Active,415.4,2.4,98.8,11.8,76.0,Yes,0.0,None
07:24:01.372,Active,412.5,2.4,98.2,11.8,76.0,Yes,0.0,None
07:24:01.793,Active,413.5,2.4,97.6,11.8,76.0,Yes,0.0,None
07:24:02.211,Active,411.9,2.4,98.8,11.8,76.0,Yes,0.0,None
07:24:02.624,Active,406.9,2.4,99.4,11.8,76.0,Yes,0.0,None
07:24:03.064,Active,434.0,2.4,95.5,11.8,76.0,Yes,0.0,None
07:24:03.479,Active,407.6,2.4,99.4,11.8,76.0,Yes,0.0,None
07:24:03.897,Active,411.7,2.4,98.8,11.8,76.0,Yes,0.0,None
07:24:04.313,Active,410.1,2.4,98.2,11.8,75.5,Yes,0.0,None
07:24:04.728,Active,408.1,2.4,98.8,11.8,76.0,Yes,0.0,None
07:24:05.143,Active,409.7,2.4,99.4,11.8,76.0,Yes,0.0,None
07:24:05.558,Active,408.9,2.4,98.8,11.8,75.5,Yes,0.0,None
07:24:05.976,Active,408.0,2.4,98.2,11.8,76.5,Yes,0.0,None
07:24:06.403,Active,421.8,2.4,96.5,11.8,76.0,Yes,0.0,None
07:24:06.820,Active,410.9,2.4,98.8,11.8,75.5,Yes,0.0,None
07:24:07.238,Active,410.6,2.4,98.2,11.8,76.5,Yes,0.0,None
07:24:07.656,Active,408.4,2.4,98.2,11.8,76.5,Yes,0.0,None
07:24:08.070,Active,407.6,2.4,99.4,11.8,75.5,Yes,0.0,None
07:24:08.485,Active,408.7,2.4,99.4,11.8,76.0,Yes,0.0,None
07:24:08.898,Active,407.8,2.4,98.8,11.8,76.0,Yes,0.0,None
07:24:09.316,Active,408.3,2.4,98.2,11.8,76.5,Yes,0.0,None
07:24:09.730,Active,406.2,2.4,98.8,11.8,76.5,Yes,0.0,None
07:24:10.148,Active,408.2,2.4,98.2,11.8,77.1,Yes,0.0,None
07:24:10.582,Active,426.9,2.4,98.8,11.9,75.5,Yes,0.0,None
07:24:11.012,Active,420.0,2.4,97.7,11.9,76.5,Yes,0.0,None
07:24:11.429,Active,409.5,2.4,98.2,11.9,76.5,Yes,0.0,None
07:24:11.843,Active,408.0,2.4,98.2,11.9,76.5,Yes,0.0,None
07:24:12.258,Active,408.8,2.4,99.4,11.9,76.5,Yes,0.0,None
07:24:12.676,Active,408.3,2.4,97.6,11.9,76.0,Yes,0.0,None
07:24:13.096,Active,412.6,2.4,98.8,11.9,76.0,Yes,0.0,None
07:24:13.514,Active,408.1,2.4,97.6,11.9,76.5,Yes,0.0,None
07:24:13.931,Active,410.7,2.4,98.2,11.9,76.0,Yes,0.0,None
07:24:14.362,Active,422.9,2.4,95.9,11.9,76.0,Yes,0.0,None
07:24:14.777,Active,408.0,2.4,98.8,11.9,76.5,Yes,0.0,None
07:24:15.194,Active,410.9,2.4,98.8,11.9,76.5,Yes,0.0,None
07:24:15.608,Active,407.8,2.4,99.4,11.9,76.5,Yes,0.0,None
07:24:16.035,Active,419.8,2.4,98.8,11.9,76.0,Yes,0.0,None
07:24:16.449,Active,407.3,2.4,98.8,11.9,77.1,Yes,0.0,None
07:24:16.869,Active,411.1,2.4,98.2,11.8,76.0,Yes,0.0,None
07:24:17.285,Active,410.1,2.4,98.2,11.8,77.1,Yes,0.0,None
07:24:17.700,Active,408.3,2.4,98.8,11.8,76.5,Yes,0.0,None
07:24:18.117,Active,411.0,2.4,99.4,11.8,75.5,Yes,0.0,None
07:24:18.532,Active,407.8,2.4,98.2,11.8,76.5,Yes,0.0,None
07:24:18.949,Active,407.5,2.4,98.2,11.8,76.0,Yes,0.0,None
07:24:19.369,Active,412.4,2.4,98.2,11.8,77.1,Yes,0.0,None
07:24:19.787,Active,411.4,2.4,98.2,11.8,76.5,Yes,0.0,None
07:24:20.208,Active,412.8,2.4,98.2,11.8,77.1,Yes,0.0,None
07:24:20.624,Active,409.2,2.4,98.2,11.8,75.5,Yes,0.0,None
07:24:21.050,Active,420.6,2.4,98.2,11.8,77.1,Yes,0.0,None
07:25:06.492,Active,424.8,2.4,1.3,11.8,58.4,Yes,0.0,None
07:25:06.903,Active,405.1,2.4,100.0,11.8,59.5,Yes,0.0,None
07:25:07.317,Active,407.7,2.4,99.4,11.8,60.6,Yes,0.0,None
07:25:07.731,Active,408.1,2.4,99.4,11.8,61.7,Yes,0.0,None
07:25:08.150,Active,410.9,2.4,97.0,11.8,62.8,Yes,0.0,None
07:25:08.580,Active,420.2,2.4,96.5,11.8,63.9,Yes,0.0,None
07:25:08.999,Active,411.4,2.4,98.8,11.8,64.5,Yes,0.0,None
07:25:09.416,Active,410.4,2.4,98.8,11.8,65.0,Yes,0.0,None
07:25:09.828,Active,406.3,2.4,98.2,11.8,65.5,Yes,0.0,None
07:25:10.246,Active,410.9,2.4,98.8,11.8,65.5,Yes,0.0,None
07:25:10.660,Active,407.3,2.4,99.4,11.8,66.7,Yes,0.0,None
07:25:11.077,Active,411.5,2.4,99.4,11.8,66.7,Yes,0.0,None
07:25:11.495,Active,410.9,2.4,98.2,11.7,66.7,Yes,0.0,None
07:25:11.937,Active,435.9,2.4,98.3,11.8,67.8,Yes,0.0,None
07:25:12.357,Active,412.9,2.4,98.8,11.8,67.8,Yes,0.0,None
07:25:12.773,Active,409.2,2.4,97.6,11.8,68.3,Yes,0.0,None
07:25:13.185,Active,405.7,2.4,99.4,11.8,68.3,Yes,0.0,None
07:25:13.600,Active,408.5,2.4,99.4,11.8,68.3,Yes,0.0,None
07:25:14.035,Active,429.7,2.4,95.4,11.8,68.8,Yes,0.0,None
07:25:14.451,Active,407.2,2.4,98.2,11.7,68.8,Yes,0.0,None
07:25:14.893,Active,432.3,2.4,95.4,11.7,69.4,Yes,0.0,None
07:25:15.311,Active,411.2,2.4,98.8,11.7,69.4,Yes,0.0,None
07:25:15.726,Active,409.9,2.4,98.8,11.7,70.5,Yes,0.0,None
07:25:16.145,Active,411.8,2.4,98.8,11.7,70.0,Yes,0.0,None
07:25:16.561,Active,407.1,2.4,97.6,11.7,70.0,Yes,0.0,None
07:25:16.994,Active,422.9,2.4,97.7,11.8,70.5,Yes,0.0,None
07:25:17.412,Active,407.2,2.4,98.2,11.8,71.0,Yes,0.0,None
07:25:17.832,Active,410.3,2.4,98.2,11.8,71.0,Yes,0.0,None
07:25:18.250,Active,411.5,2.4,98.2,11.8,71.0,Yes,0.0,None
07:25:18.667,Active,408.7,2.4,98.2,11.8,70.5,Yes,0.0,None
07:25:19.083,Active,409.4,2.4,98.8,11.8,70.5,Yes,0.0,None
07:25:19.500,Active,408.0,2.4,98.8,11.8,71.6,Yes,0.0,None
07:25:19.913,Active,407.0,2.4,98.8,11.8,71.6,Yes,0.0,None
07:25:20.332,Active,409.8,2.4,98.2,11.8,71.6,Yes,0.0,None
07:25:20.742,Active,404.2,2.4,99.4,11.8,72.7,Yes,0.0,None
07:25:21.165,Active,413.5,2.4,98.8,11.8,71.0,Yes,0.0,None
07:25:21.578,Active,407.5,2.4,98.8,11.8,72.2,Yes,0.0,None
07:25:22.012,Active,424.9,2.4,98.3,11.8,72.2,Yes,0.0,None
07:25:22.429,Active,410.3,2.4,98.8,11.8,72.7,Yes,0.0,None
07:25:22.853,Active,417.4,2.4,97.0,11.8,72.2,Yes,0.0,None
07:25:23.274,Active,414.5,2.4,97.6,11.8,72.7,Yes,0.0,None
07:25:23.693,Active,409.2,2.4,98.2,11.8,72.2,Yes,0.0,None
07:25:24.112,Active,412.5,2.4,98.8,11.8,72.7,Yes,0.0,None
07:25:24.553,Active,433.6,2.4,94.3,11.8,72.2,Yes,0.0,None
07:25:24.966,Active,407.0,2.4,98.2,11.8,72.7,Yes,0.0,None
07:25:25.384,Active,405.8,2.4,98.2,11.8,72.7,Yes,0.0,None
07:25:25.808,Active,415.4,2.4,98.8,11.8,72.2,Yes,0.0,None
07:25:26.234,Active,418.0,2.4,97.6,11.8,72.7,Yes,0.0,None
07:25:26.657,Active,413.2,2.4,97.1,11.8,73.2,Yes,0.0,None
07:25:27.105,Active,438.6,2.4,97.2,11.9,73.2,Yes,0.0,None
07:25:27.522,Active,408.8,2.4,98.2,11.9,72.7,Yes,0.0,None
07:25:27.941,Active,409.3,2.4,98.2,11.9,73.2,Yes,0.0,None
07:25:28.356,Active,408.9,2.4,98.8,11.9,73.8,Yes,0.0,None
07:25:28.774,Active,409.5,2.4,98.8,11.9,73.8,Yes,0.0,None
07:25:29.194,Active,410.4,2.4,97.6,11.9,73.2,Yes,0.0,None
07:25:29.613,Active,410.2,2.4,98.2,11.8,73.8,Yes,0.0,None
07:25:30.029,Active,409.2,2.4,98.8,11.8,73.2,Yes,0.0,None
07:25:30.465,Active,426.2,2.4,95.4,11.8,73.8,Yes,0.0,None
07:25:30.885,Active,410.3,2.4,97.6,11.8,73.8,Yes,0.0,None
07:25:31.302,Active,410.7,2.4,98.8,11.8,73.8,Yes,0.0,None
07:25:31.720,Active,408.1,2.4,98.2,11.8,73.8,Yes,0.0,None
07:25:32.158,Active,428.4,2.4,97.7,11.8,73.8,Yes,0.0,None
07:25:32.580,Active,413.0,2.4,97.0,11.8,74.3,Yes,0.0,None
07:25:33.001,Active,410.7,2.4,98.2,11.8,73.8,Yes,0.0,None
07:25:33.417,Active,406.0,2.4,98.2,11.8,73.8,Yes,0.0,None
07:25:33.836,Active,408.8,2.4,98.2,11.8,74.3,Yes,0.0,None
07:25:34.255,Active,411.4,2.4,98.2,11.8,74.9,Yes,0.0,None
07:25:34.678,Active,414.9,2.4,98.2,11.8,74.3,Yes,0.0,None
07:25:35.130,Active,442.1,2.4,93.8,11.8,74.3,Yes,0.0,None
07:25:35.544,Active,407.6,2.4,99.4,11.8,74.3,Yes,0.0,None
07:25:35.958,Active,408.9,2.4,98.2,11.8,74.3,Yes,0.0,None
07:25:36.371,Active,406.6,2.4,99.4,11.8,73.8,Yes,0.0,None
07:25:36.793,Active,415.8,2.4,98.8,11.8,74.3,Yes,0.0,None
07:25:37.212,Active,412.5,2.4,98.8,11.8,74.9,Yes,0.0,None
07:25:37.629,Active,410.5,2.4,98.2,11.8,75.5,Yes,0.0,None
07:25:38.045,Active,409.4,2.4,98.8,11.8,74.9,Yes,0.0,None
07:25:38.460,Active,409.0,2.4,98.8,11.8,73.8,Yes,0.0,None
07:25:38.910,Active,407.8,2.4,91.1,11.8,75.5,Yes,0.0,None
07:25:39.323,Active,406.6,2.4,99.4,11.8,74.9,Yes,0.0,None
07:25:39.742,Active,407.5,2.4,98.2,11.7,74.3,Yes,0.0,None
07:25:40.152,Active,404.0,2.4,99.4,11.7,74.9,Yes,0.0,None
07:25:40.567,Active,402.0,2.4,98.2,11.7,76.0,Yes,0.0,None
07:25:40.987,Active,408.2,2.4,98.2,11.8,74.9,Yes,0.0,None
07:25:41.395,Active,401.8,2.4,99.4,11.7,74.9,Yes,0.0,None
07:25:41.807,Active,403.4,2.4,99.4,11.7,75.5,Yes,0.0,None
07:25:42.255,Active,439.3,2.4,98.9,11.9,74.9,Yes,0.0,None
07:25:42.670,Active,408.3,2.4,98.8,11.9,74.9,Yes,0.0,None
07:25:43.091,Active,411.1,2.4,98.2,11.9,74.9,Yes,0.0,None
07:25:43.520,Active,419.0,2.4,96.4,11.9,76.0,Yes,0.0,None
07:25:43.937,Active,409.6,2.4,98.2,11.9,75.5,Yes,0.0,None
07:25:44.355,Active,411.8,2.4,98.8,11.9,75.5,Yes,0.0,None
07:25:44.769,Active,405.8,2.4,97.6,11.9,76.0,Yes,0.0,None
07:25:45.185,Active,409.3,2.4,98.8,11.9,74.9,Yes,0.0,None
07:25:45.600,Active,408.4,2.4,98.8,11.9,76.0,Yes,0.0,None
07:25:46.019,Active,411.8,2.4,98.2,11.8,74.9,Yes,0.0,None
07:25:46.432,Active,406.4,2.4,98.8,11.8,75.5,Yes,0.0,None
07:25:46.851,Active,408.5,2.4,98.2,11.8,75.5,Yes,0.0,None
07:25:47.275,Active,415.2,2.4,97.6,11.8,74.9,Yes,0.0,None
07:25:47.696,Active,412.5,2.4,98.8,11.8,76.0,Yes,0.0,None
07:25:48.113,Active,410.4,2.4,98.8,11.9,76.0,Yes,0.0,None
07:25:48.526,Active,407.0,2.4,99.4,11.9,75.5,Yes,0.0,None
07:25:48.948,Active,408.1,2.4,97.6,11.8,74.9,Yes,0.0,None
07:25:49.364,Active,406.6,2.4,98.2,11.8,74.9,Yes,0.0,None
07:25:49.778,Active,406.5,2.4,98.8,11.8,76.0,Yes,0.0,None
07:25:50.200,Active,412.9,2.4,98.2,11.8,75.5,Yes,0.0,None
07:25:50.615,Active,407.2,2.4,98.8,11.8,76.0,Yes,0.0,None
07:25:51.035,Active,411.8,2.4,98.2,11.8,76.0,Yes,0.0,None
07:25:51.453,Active,409.7,2.4,98.2,11.8,76.0,Yes,0.0,None
07:25:51.868,Active,409.3,2.4,98.8,11.8,75.5,Yes,0.0,None
07:25:52.305,Active,429.6,2.4,96.6,11.8,75.5,Yes,0.0,None
07:25:52.720,Active,408.8,2.4,98.8,11.8,75.5,Yes,0.0,None
07:25:53.144,Active,416.0,2.4,97.6,11.8,76.0,Yes,0.0,None
07:25:53.560,Active,408.6,2.4,98.2,11.8,76.0,Yes,0.0,None
07:25:53.998,Active,430.9,2.4,96.6,11.8,76.0,Yes,0.0,None
07:25:54.416,Active,410.3,2.4,97.6,11.8,76.5,Yes,0.0,None
07:25:54.831,Active,409.4,2.4,98.8,11.8,74.9,Yes,0.0,None
07:25:55.250,Active,410.9,2.4,98.2,11.8,75.5,Yes,0.0,None
07:25:55.665,Active,404.9,2.4,98.2,11.8,76.0,Yes,0.0,None
07:25:56.081,Active,410.7,2.4,99.4,11.8,76.5,Yes,0.0,None
07:25:56.498,Active,409.4,2.4,98.8,11.8,76.0,Yes,0.0,None
07:25:56.916,Active,408.4,2.4,98.2,11.8,76.0,Yes,0.0,None
07:25:57.352,Active,430.4,2.4,98.3,11.8,76.0,Yes,0.0,None
07:25:57.768,Active,408.2,2.4,98.8,11.8,76.0,Yes,0.0,None
07:25:58.187,Active,411.8,2.4,98.2,11.8,76.5,Yes,0.0,None
07:25:58.601,Active,407.3,2.4,98.8,11.8,76.5,Yes,0.0,None
07:25:59.020,Active,412.5,2.4,98.8,11.8,76.0,Yes,0.0,None
07:25:59.450,Active,422.2,2.4,96.5,11.8,76.0,Yes,0.0,None
07:25:59.869,Active,409.7,2.4,98.2,11.8,76.0,Yes,0.0,None
07:26:00.295,Active,420.0,2.4,97.6,11.8,76.5,Yes,0.0,None
07:26:00.710,Active,406.3,2.4,98.2,11.8,76.5,Yes,0.0,None
07:26:01.123,Active,406.8,2.4,99.4,11.8,76.5,Yes,0.0,None
07:26:01.539,Active,407.8,2.4,99.4,11.8,75.5,Yes,0.0,None
07:26:01.955,Active,407.3,2.4,98.2,11.8,76.5,Yes,0.0,None
07:26:02.374,Active,410.1,2.4,98.2,11.8,76.0,Yes,0.0,None
07:26:02.819,Active,435.8,2.4,97.8,11.8,76.5,Yes,0.0,None
07:26:03.238,Active,410.8,2.4,98.8,11.8,75.5,Yes,0.0,None
07:26:03.654,Active,410.0,2.4,98.8,11.8,76.5,Yes,0.0,None
07:26:04.088,Active,424.3,2.4,96.5,11.8,74.9,Yes,0.0,None
07:26:04.503,Active,406.4,2.4,98.2,11.8,76.0,Yes,0.0,None
07:26:04.919,Active,407.6,2.4,98.8,11.8,77.1,Yes,0.0,None
07:26:05.343,Active,418.0,2.4,97.0,11.8,76.5,Yes,0.0,None
07:26:05.754,Active,405.0,2.4,99.4,11.8,76.0,Yes,0.0,None
07:26:06.168,Active,408.0,2.4,99.4,11.8,76.5,Yes,0.0,None
07:26:51.609,Active,425.9,2.4,1.3,11.7,57.9,Yes,0.0,None
07:26:52.021,Active,405.5,2.4,99.4,11.8,58.4,Yes,0.0,None
07:26:52.434,Active,406.9,2.4,100.0,11.7,60.6,Yes,0.0,None
07:26:52.850,Active,407.0,2.4,97.6,11.7,62.2,Yes,0.0,None
07:26:53.276,Active,416.8,2.4,98.2,11.7,62.8,Yes,0.0,None
07:26:53.700,Active,412.3,2.4,97.6,11.8,63.9,Yes,0.0,None
07:26:54.115,Active,409.5,3.4,98.8,11.8,63.9,Yes,0.0,None
07:26:54.534,Active,408.0,3.4,98.2,11.8,65.5,Yes,0.0,None
07:26:54.951,Active,410.8,3.4,98.8,11.8,66.1,Yes,0.0,None
07:26:55.369,Active,409.1,3.4,98.2,11.8,66.1,Yes,0.0,None
07:26:55.788,Active,408.5,3.4,98.2,11.8,65.5,Yes,0.0,None
07:26:56.203,Active,407.9,3.4,98.8,11.8,66.7,Yes,0.0,None
07:26:56.619,Active,405.3,3.4,98.2,11.8,67.8,Yes,0.0,None
07:26:57.037,Active,411.1,3.4,99.4,11.8,67.2,Yes,0.0,None
07:26:57.456,Active,409.2,3.4,97.6,11.8,67.8,Yes,0.0,None
07:26:57.881,Active,413.8,3.4,97.0,11.8,67.2,Yes,0.0,None
07:26:58.298,Active,411.0,2.4,98.2,11.8,68.8,Yes,0.0,None
07:26:58.836,Active,428.4,2.4,78.4,11.9,68.3,Yes,0.0,None
07:26:59.255,Active,410.3,2.4,98.2,11.9,68.3,Yes,0.0,None
07:26:59.671,Active,409.2,2.4,98.8,11.9,68.8,Yes,0.0,None
07:27:00.091,Active,410.4,2.4,98.2,11.9,69.4,Yes,0.0,None
07:27:00.509,Active,407.1,2.4,97.6,11.9,69.4,Yes,0.0,None
07:27:00.927,Active,407.7,2.4,98.2,11.9,69.4,Yes,0.0,None
07:27:01.346,Active,409.8,2.4,98.2,11.8,70.0,Yes,0.0,None
07:27:01.795,Active,406.1,2.4,91.1,11.8,70.0,Yes,0.0,None
07:27:02.210,Active,408.3,2.4,99.4,11.8,70.5,Yes,0.0,None
07:27:02.625,Active,408.8,2.3,98.8,11.8,70.0,Yes,0.0,None
07:27:03.040,Active,407.4,2.3,98.2,11.8,70.0,Yes,0.0,None
07:27:03.457,Active,407.7,2.3,98.2,11.8,71.6,Yes,0.0,None
07:27:03.890,Active,424.9,2.3,98.3,11.9,71.0,Yes,0.0,None
07:27:04.309,Active,409.5,2.3,98.2,11.9,70.5,Yes,0.0,None
07:27:04.726,Active,408.7,2.3,98.2,11.9,71.6,Yes,0.0,None
07:27:05.145,Active,411.2,2.3,98.2,11.9,71.6,Yes,0.0,None
07:27:05.562,Active,408.0,2.3,98.2,11.9,72.2,Yes,0.0,None
07:27:05.983,Active,411.8,2.3,98.2,11.9,72.2,Yes,0.0,None
07:27:06.404,Active,412.6,2.3,98.2,11.9,71.6,Yes,0.0,None
07:27:06.820,Active,409.6,2.4,98.2,11.9,71.0,Yes,0.0,None
07:27:07.238,Active,411.7,2.4,99.4,11.9,71.6,Yes,0.0,None
07:27:07.657,Active,412.8,2.4,98.8,11.9,71.6,Yes,0.0,None
07:27:08.074,Active,411.5,2.4,98.8,11.9,72.2,Yes,0.0,None
07:27:08.490,Active,409.2,2.4,98.8,11.9,71.6,Yes,0.0,None
07:27:08.911,Active,415.3,2.4,97.6,11.8,71.6,Yes,0.0,None
07:27:09.335,Active,415.4,2.4,98.2,11.8,72.2,Yes,0.0,None
07:27:09.751,Active,407.3,2.4,98.2,11.8,73.2,Yes,0.0,None
07:27:10.170,Active,410.1,2.4,98.2,11.8,72.7,Yes,0.0,None
07:27:10.582,Active,406.2,2.4,98.8,11.8,72.7,Yes,0.0,None
07:27:11.003,Active,411.0,2.4,98.2,11.8,72.7,Yes,0.0,None
07:27:11.420,Active,410.4,2.4,98.8,11.8,72.7,Yes,0.0,None
07:27:11.844,Active,416.0,2.4,97.6,11.8,71.6,Yes,0.0,None
07:27:12.272,Active,422.6,2.4,96.5,11.8,73.2,Yes,0.0,None
07:27:12.686,Active,407.0,2.4,98.8,11.8,73.2,Yes,0.0,None
07:27:13.103,Active,410.2,2.4,98.8,11.8,73.2,Yes,0.0,None
07:27:13.519,Active,409.7,2.4,98.2,11.8,73.2,Yes,0.0,None
07:27:13.963,Active,435.4,2.4,98.3,11.9,73.2,Yes,0.0,None
07:27:14.383,Active,409.6,2.4,98.2,11.9,73.2,Yes,0.0,None
07:27:14.800,Active,408.4,2.4,98.2,11.9,73.2,Yes,0.0,None
07:27:15.217,Active,409.6,2.4,98.8,11.9,71.6,Yes,0.0,None
07:27:15.634,Active,407.8,2.4,98.2,11.8,73.2,Yes,0.0,None
07:27:16.050,Active,410.4,2.4,99.4,11.8,72.7,Yes,0.0,None
07:27:16.462,Active,405.1,2.4,98.8,11.8,74.3,Yes,0.0,None
07:27:16.880,Active,408.0,2.4,97.6,11.8,73.8,Yes,0.0,None
07:27:17.311,Active,421.8,2.4,95.9,11.8,74.9,Yes,0.0,None
07:27:17.726,Active,407.7,2.4,98.8,11.8,74.3,Yes,0.0,None
07:27:18.146,Active,410.7,2.4,98.2,11.8,74.3,Yes,0.0,None
07:27:18.563,Active,408.7,2.4,98.2,11.8,74.3,Yes,0.0,None
07:27:18.994,Active,421.1,2.4,98.2,11.8,74.3,Yes,0.0,None
07:27:19.411,Active,407.7,2.4,97.6,11.8,73.8,Yes,0.0,None
07:27:19.830,Active,408.9,2.4,98.2,11.8,74.3,Yes,0.0,None
07:27:20.247,Active,407.2,2.4,98.2,11.8,73.8,Yes,0.0,None
07:27:20.662,Active,408.0,2.4,99.4,11.8,74.3,Yes,0.0,None
07:27:21.088,Active,416.4,2.4,97.0,11.8,74.3,Yes,0.0,None
07:27:21.504,Active,408.6,2.4,98.8,11.8,73.8,Yes,0.0,None
07:27:21.924,Active,412.2,2.4,98.2,11.8,74.3,Yes,0.0,None
07:27:22.343,Active,410.3,2.4,98.8,11.8,74.3,Yes,0.0,None
07:27:22.760,Active,407.3,2.4,98.2,11.8,74.3,Yes,0.0,None
07:27:23.180,Active,410.3,2.4,97.6,11.8,76.0,Yes,0.0,None
07:27:23.595,Active,407.2,2.4,98.8,11.8,74.9,Yes,0.0,None
07:27:24.030,Active,429.7,2.4,99.4,11.8,74.9,Yes,0.0,None
07:27:24.446,Active,406.9,2.4,98.2,11.8,74.9,Yes,0.0,None
07:27:24.859,Active,405.3,2.4,98.8,11.8,74.3,Yes,0.0,None
07:27:25.280,Active,414.1,2.4,98.2,11.8,74.9,Yes,0.0,None
07:27:25.698,Active,410.4,2.4,97.0,11.8,74.9,Yes,0.0,None
07:27:26.129,Active,421.6,2.4,98.3,11.8,75.5,Yes,0.0,None
07:27:26.542,Active,406.9,2.4,98.2,11.8,74.9,Yes,0.0,None
07:27:26.959,Active,407.6,2.4,98.2,11.8,74.9,Yes,0.0,None
07:27:27.375,Active,407.4,2.4,98.8,11.8,74.9,Yes,0.0,None
07:27:27.796,Active,412.0,2.4,98.2,11.8,74.3,Yes,0.0,None
07:27:28.215,Active,411.8,2.4,98.8,11.8,74.9,Yes,0.0,None
07:27:28.633,Active,409.5,2.4,98.2,11.8,75.5,Yes,0.0,None
07:27:29.074,Active,435.1,2.4,97.7,11.8,74.9,Yes,0.0,None
07:27:29.491,Active,407.5,2.4,98.2,11.8,74.9,Yes,0.0,None
07:27:29.904,Active,406.9,2.4,98.8,11.8,74.9,Yes,0.0,None
07:27:30.320,Active,409.8,2.4,99.4,11.8,75.5,Yes,0.0,None
07:27:30.746,Active,418.9,2.4,96.5,11.8,74.3,Yes,0.0,None
07:27:31.170,Active,414.3,2.4,97.6,11.8,75.5,Yes,0.0,None
07:27:31.587,Active,407.6,2.4,98.8,11.8,75.5,Yes,0.0,None
07:27:32.006,Active,410.7,2.4,97.0,11.8,74.9,Yes,0.0,None
07:27:32.425,Active,409.8,2.4,98.8,11.8,75.5,Yes,0.0,None
07:27:32.841,Active,409.4,2.4,98.2,11.8,76.5,Yes,0.0,None
07:27:33.261,Active,413.6,2.4,98.8,11.8,76.0,Yes,0.0,None
07:27:33.697,Active,429.8,2.4,96.0,11.8,76.0,Yes,0.0,None
07:27:34.129,Active,425.5,2.4,98.8,11.8,76.0,Yes,0.0,None
07:27:34.557,Active,421.4,2.4,98.8,11.8,75.5,Yes,0.0,None
07:27:34.980,Active,417.0,2.4,97.6,11.9,76.0,Yes,0.0,None
07:27:35.399,Active,408.1,2.4,97.6,11.9,75.5,Yes,0.0,None
07:27:35.816,Active,408.6,2.4,98.8,11.9,75.5,Yes,0.0,None
07:27:36.243,Active,419.8,2.4,97.1,11.9,76.5,Yes,0.0,None
07:27:36.665,Active,410.3,2.4,97.6,11.9,74.9,Yes,0.0,None
07:27:37.100,Active,428.6,2.4,95.4,11.8,76.5,Yes,0.0,None
07:27:37.518,Active,408.3,2.4,98.2,11.8,76.0,Yes,0.0,None
07:27:37.935,Active,408.6,2.4,98.8,11.8,76.0,Yes,0.0,None
07:27:38.355,Active,410.4,2.4,97.6,11.8,75.5,Yes,0.0,None
07:27:38.770,Active,409.3,2.4,98.8,11.8,75.5,Yes,0.0,None
07:27:39.188,Active,408.1,2.4,98.2,11.8,77.1,Yes,0.0,None
07:27:39.606,Active,407.9,2.4,98.2,11.8,76.0,Yes,0.0,None
07:27:40.024,Active,408.6,2.4,98.2,11.8,76.0,Yes,0.0,None
07:27:40.445,Active,410.8,2.4,98.2,11.8,76.0,Yes,0.0,None
07:27:40.861,Active,408.7,2.4,97.6,11.8,77.1,Yes,0.0,None
07:27:41.278,Active,408.8,2.4,98.8,11.8,76.0,Yes,0.0,None
07:27:41.694,Active,406.5,2.4,98.2,11.8,76.0,Yes,0.0,None
07:27:42.113,Active,411.1,2.4,98.2,11.8,75.5,Yes,0.0,None
07:27:42.527,Active,407.9,2.4,98.8,11.8,76.5,Yes,0.0,None
07:27:42.942,Active,406.9,2.4,98.2,11.7,76.0,Yes,0.0,None
07:27:43.355,Active,405.0,2.4,99.4,11.7,76.5,Yes,0.0,None
07:27:43.773,Active,407.0,2.4,98.2,11.7,76.0,Yes,0.0,None
07:27:44.225,Active,446.0,2.4,98.9,11.8,76.0,Yes,0.0,None
07:27:44.641,Active,407.3,2.4,98.2,11.8,77.1,Yes,0.0,None
07:27:45.060,Active,408.9,2.4,98.2,11.8,76.0,Yes,0.0,None
07:27:45.475,Active,407.9,2.4,98.8,11.8,76.5,Yes,0.0,None
07:27:45.897,Active,409.6,2.4,97.6,11.8,76.0,Yes,0.0,None
07:27:46.313,Active,409.7,2.4,98.2,11.8,76.5,Yes,0.0,None
07:27:46.732,Active,408.3,2.4,97.6,11.8,76.5,Yes,0.0,None
07:27:47.152,Active,410.4,2.4,98.2,11.8,76.0,Yes,0.0,None
07:27:47.569,Active,409.3,2.4,98.2,11.8,76.5,Yes,0.0,None
07:27:47.993,Active,413.5,2.4,98.2,11.8,76.0,Yes,0.0,None
07:27:48.409,Active,409.6,2.4,98.2,11.8,77.1,Yes,0.0,None
07:27:48.824,Active,408.2,2.4,98.2,11.8,76.0,Yes,0.0,None
07:27:49.244,Active,412.6,2.4,98.8,11.8,76.0,Yes,0.0,None
07:27:49.664,Active,414.2,2.4,98.2,11.8,77.1,Yes,0.0,None
07:27:50.085,Active,412.7,2.4,98.8,11.8,75.5,Yes,0.0,None
07:27:50.501,Active,408.3,2.4,97.0,11.8,76.5,Yes,0.0,None
07:27:50.920,Active,409.5,2.4,98.2,11.8,76.5,Yes,0.0,None
07:27:51.339,Active,409.7,2.4,98.2,11.8,77.1,Yes,0.0,None
07:28:36.783,Active,427.9,2.4,1.3,11.9,57.9,Yes,0.0,None
07:28:37.222,Active,430.6,2.4,95.4,11.9,59.5,Yes,0.0,None
07:28:37.640,Active,409.5,2.4,98.8,11.9,60.6,Yes,0.0,None
07:28:38.057,Active,411.6,5.9,98.2,11.9,62.8,Yes,0.0,None
07:28:38.472,Active,408.5,5.9,98.8,11.8,63.4,Yes,0.0,None
07:28:38.888,Active,407.0,5.9,98.2,11.8,63.4,Yes,0.0,None
07:28:39.303,Active,408.2,5.9,98.8,11.8,63.4,Yes,0.0,None
07:28:39.717,Active,406.1,5.9,98.2,11.8,63.4,Yes,0.0,None
07:28:40.137,Active,409.6,5.9,98.2,11.8,65.0,Yes,0.0,None
07:28:40.553,Active,407.6,5.9,98.2,11.8,66.1,Yes,0.0,None
07:28:40.971,Active,408.8,5.9,97.0,11.8,66.1,Yes,0.0,None
07:28:41.389,Active,409.5,5.9,98.8,11.8,66.7,Yes,0.0,None
07:28:41.804,Active,406.8,5.9,98.2,11.8,66.1,Yes,0.0,None
07:28:42.229,Active,414.4,2.4,97.7,11.8,66.7,Yes,0.0,None
07:28:42.643,Active,407.3,2.4,98.8,11.8,67.8,Yes,0.0,None
07:28:43.061,Active,412.3,2.4,98.8,11.8,68.3,Yes,0.0,None
07:28:43.476,Active,407.3,2.4,98.2,11.8,68.3,Yes,0.0,None
07:28:43.892,Active,408.9,2.4,98.8,11.8,69.4,Yes,0.0,None
07:28:44.312,Active,410.1,2.4,98.2,11.8,69.4,Yes,0.0,None
07:28:44.729,Active,407.6,2.4,98.2,11.8,69.4,Yes,0.0,None
07:28:45.181,Active,442.7,2.4,97.8,11.8,69.4,Yes,0.0,None
07:28:45.597,Active,408.8,2.4,98.8,11.8,70.0,Yes,0.0,None
07:28:46.015,Active,409.1,2.4,97.6,11.9,70.5,Yes,0.0,None
07:28:46.433,Active,408.3,2.4,98.2,11.9,69.4,Yes,0.0,None
07:28:46.849,Active,407.0,2.4,98.2,11.9,70.0,Yes,0.0,None
07:28:47.265,Active,409.4,2.4,98.8,11.9,70.0,Yes,0.0,None
07:28:47.682,Active,407.9,2.4,98.2,11.9,70.5,Yes,0.0,None
07:28:48.102,Active,410.0,2.4,98.2,11.9,71.0,Yes,0.0,None
07:28:48.520,Active,408.5,2.4,97.6,11.8,71.0,Yes,0.0,None
07:28:48.937,Active,407.7,2.4,98.2,11.8,71.6,Yes,0.0,None
07:28:49.356,Active,409.1,2.4,97.6,11.8,71.6,Yes,0.0,None
07:28:49.773,Active,407.3,2.4,98.2,11.8,71.6,Yes,0.0,None
07:28:50.192,Active,409.1,2.4,98.2,11.8,71.6,Yes,0.0,None
07:28:50.622,Active,419.5,2.4,97.7,11.8,72.2,Yes,0.0,None
07:28:51.035,Active,406.7,2.4,99.4,11.8,72.2,Yes,0.0,None
07:28:51.452,Active,408.0,2.4,99.4,11.8,71.6,Yes,0.0,None
07:28:51.864,Active,404.0,2.4,98.2,11.8,72.7,Yes,0.0,None
07:28:52.278,Active,408.0,2.4,100.0,11.8,72.2,Yes,0.0,None
07:28:52.700,Active,408.1,2.4,97.0,11.8,72.7,Yes,0.0,None
07:28:53.123,Active,415.5,2.4,98.2,11.8,72.2,Yes,0.0,None
07:28:53.548,Active,418.3,2.4,97.0,11.7,72.7,Yes,0.0,None
07:28:53.964,Active,409.0,2.4,98.8,11.8,72.7,Yes,0.0,None
07:28:54.393,Active,420.6,2.4,96.5,11.8,72.2,Yes,0.0,None
07:28:54.811,Active,407.8,2.4,98.2,11.8,72.7,Yes,0.0,None
07:28:55.231,Active,410.3,2.4,98.2,11.8,72.7,Yes,0.0,None
07:28:55.663,Active,423.7,2.4,98.3,11.8,72.7,Yes,0.0,None
07:28:56.076,Active,406.3,2.4,98.8,11.8,73.2,Yes,0.0,None
07:28:56.492,Active,410.2,2.4,98.8,11.8,73.2,Yes,0.0,None
07:28:56.935,Active,430.4,2.4,93.3,11.8,73.8,Yes,0.0,None
07:28:57.360,Active,416.2,2.4,97.1,11.8,73.2,Yes,0.0,None
07:28:57.773,Active,406.9,2.4,99.4,11.8,74.3,Yes,0.0,None
07:28:58.189,Active,410.0,2.4,98.2,11.8,73.2,Yes,0.0,None
07:28:58.609,Active,410.2,2.4,98.2,11.8,73.8,Yes,0.0,None
07:28:59.023,Active,407.4,2.4,98.2,11.8,73.2,Yes,0.0,None
07:28:59.436,Active,407.3,2.4,99.4,11.8,73.8,Yes,0.0,None
07:28:59.851,Active,407.8,2.4,99.4,11.8,73.8,Yes,0.0,None
07:29:00.280,Active,422.6,2.4,96.5,11.7,73.8,Yes,0.0,None
07:29:00.733,Active,442.9,2.4,95.6,11.8,74.3,Yes,0.0,None
07:29:01.151,Active,411.9,2.4,98.8,11.8,73.8,Yes,0.0,None
07:29:01.569,Active,409.1,2.4,97.6,11.8,72.7,Yes,0.0,None
07:29:01.990,Active,412.3,2.4,98.2,11.8,74.3,Yes,0.0,None
07:29:02.403,Active,404.7,2.4,99.4,11.8,73.8,Yes,0.0,None
07:29:02.821,Active,409.6,2.4,98.8,11.8,74.3,Yes,0.0,None
07:29:03.237,Active,409.8,2.4,97.6,11.8,73.8,Yes,0.0,None
07:29:03.657,Active,413.4,2.4,98.2,11.8,74.3,Yes,0.0,None
07:29:04.073,Active,409.4,2.4,98.8,11.8,73.8,Yes,0.0,None
07:29:04.488,Active,408.6,2.4,98.8,11.8,75.5,Yes,0.0,None
07:29:04.900,Active,404.5,2.4,98.8,11.8,74.3,Yes,0.0,None
07:29:05.323,Active,416.1,2.4,98.8,11.8,73.8,Yes,0.0,None
07:29:05.757,Active,427.4,2.4,98.8,11.8,74.3,Yes,0.0,None
07:29:06.195,Active,432.3,2.4,95.4,11.8,74.9,Yes,0.0,None
07:29:06.612,Active,408.0,2.4,98.8,11.8,73.8,Yes,0.0,None
07:29:07.030,Active,412.3,2.4,98.8,11.8,74.3,Yes,0.0,None
07:29:07.447,Active,410.7,2.4,99.4,11.8,74.3,Yes,0.0,None
07:29:07.859,Active,406.2,2.4,98.8,11.8,74.9,Yes,0.0,None
07:29:08.275,Active,407.9,2.4,98.8,11.8,74.3,Yes,0.0,None
07:29:08.691,Active,408.0,2.4,98.2,11.8,74.9,Yes,0.0,None
07:29:09.108,Active,408.3,2.4,98.8,11.8,74.9,Yes,0.0,None
07:29:09.523,Active,407.4,2.4,98.8,11.8,74.9,Yes,0.0,None
07:29:09.933,Active,403.8,2.4,100.0,11.8,75.5,Yes,0.0,None
07:29:10.350,Active,411.6,2.4,99.4,11.8,75.5,Yes,0.0,None
07:29:10.779,Active,419.8,2.4,95.9,11.8,75.5,Yes,0.0,None
07:29:11.200,Active,412.1,2.4,98.8,11.8,74.9,Yes,0.0,None
07:29:11.616,Active,410.4,2.4,98.2,11.8,77.1,Yes,0.0,None
07:29:12.033,Active,410.2,2.4,98.2,11.8,76.5,Yes,0.0,None
07:29:12.451,Active,410.8,2.4,98.2,11.8,74.9,Yes,0.0,None
07:29:12.868,Active,410.6,2.4,98.8,11.7,74.9,Yes,0.0,None
07:29:13.304,Active,428.1,2.4,94.8,11.8,75.5,Yes,0.0,None
07:29:13.743,Active,431.5,2.4,96.0,11.8,76.0,Yes,0.0,None
07:29:14.161,Active,411.2,2.4,98.8,11.8,76.0,Yes,0.0,None
07:29:14.578,Active,407.4,2.4,98.2,11.8,75.5,Yes,0.0,None
07:29:14.996,Active,409.0,2.4,98.8,11.9,76.0,Yes,0.0,None
07:29:15.411,Active,407.4,2.4,98.8,11.8,75.5,Yes,0.0,None
07:29:15.861,Active,443.9,2.4,99.4,11.9,75.5,Yes,0.0,None
07:29:16.279,Active,411.3,2.4,98.2,11.9,74.9,Yes,0.0,None
07:29:16.694,Active,409.2,2.4,98.8,11.9,76.5,Yes,0.0,None
07:29:17.112,Active,411.2,2.4,99.4,11.9,76.0,Yes,0.0,None
07:29:17.563,Active,407.1,2.4,91.1,11.9,74.9,Yes,0.0,None
07:29:17.979,Active,409.7,2.4,98.8,11.9,76.0,Yes,0.0,None
07:29:18.411,Active,426.6,2.4,96.5,11.9,75.5,Yes,0.0,None
07:29:18.827,Active,409.6,2.4,99.4,11.9,74.9,Yes,0.0,None
07:29:19.243,Active,409.9,2.4,98.8,11.9,76.0,Yes,0.0,None
07:29:19.654,Active,404.8,2.4,100.0,11.9,74.9,Yes,0.0,None
07:29:20.076,Active,412.3,2.4,97.7,11.9,75.5,Yes,0.0,None
07:29:20.493,Active,409.7,2.4,99.4,11.9,76.0,Yes,0.0,None
07:29:20.917,Active,417.9,2.4,98.2,11.8,77.7,Yes,0.0,None
07:29:21.335,Active,411.1,2.4,98.8,11.8,74.9,Yes,0.0,None
07:29:21.753,Active,409.6,2.4,98.2,11.8,76.5,Yes,0.0,None
07:29:22.169,Active,409.6,2.4,99.4,11.8,76.0,Yes,0.0,None
07:29:22.584,Active,408.7,2.4,98.2,11.8,76.0,Yes,0.0,None
07:29:23.001,Active,409.2,2.4,98.8,11.8,76.5,Yes,0.0,None
07:29:23.421,Active,410.3,2.4,98.2,11.8,75.5,Yes,0.0,None
07:29:23.835,Active,408.0,2.4,98.8,11.8,76.5,Yes,0.0,None
07:29:24.255,Active,411.5,2.4,98.2,11.8,76.0,Yes,0.0,None
07:29:24.669,Active,408.3,2.4,98.8,11.8,76.5,Yes,0.0,None
07:29:25.087,Active,410.5,2.4,98.8,11.8,76.0,Yes,0.0,None
07:29:25.505,Active,409.7,2.4,97.6,11.8,76.5,Yes,0.0,None
07:29:25.945,Active,433.7,2.4,98.3,11.9,76.0,Yes,0.0,None
07:29:26.365,Active,413.5,2.4,98.8,11.9,76.0,Yes,0.0,None
07:29:26.791,Active,419.7,2.4,97.1,11.8,76.5,Yes,0.0,None
07:29:27.227,Active,427.2,2.4,95.9,11.9,76.5,Yes,0.0,None
07:29:27.640,Active,407.1,2.4,98.8,11.8,76.5,Yes,0.0,None
07:29:28.058,Active,410.7,2.4,98.2,11.8,76.5,Yes,0.0,None
07:29:28.476,Active,411.4,2.4,98.2,11.8,76.5,Yes,0.0,None
07:29:28.891,Active,407.8,2.4,98.8,11.8,76.0,Yes,0.0,None
07:29:29.309,Active,411.2,2.4,98.8,11.8,76.0,Yes,0.0,None
07:29:29.723,Active,408.5,2.4,98.8,11.8,75.5,Yes,0.0,None
07:29:30.140,Active,409.9,2.4,98.8,11.8,76.5,Yes,0.0,None
07:29:30.556,Active,408.9,2.4,98.8,11.8,76.5,Yes,0.0,None
07:29:30.995,Active,431.7,2.4,97.7,11.9,76.5,Yes,0.0,None
07:29:31.409,Active,406.9,2.4,98.8,11.9,76.0,Yes,0.0,None
07:29:31.826,Active,407.7,2.4,98.2,11.9,76.5,Yes,0.0,None
07:29:32.246,Active,409.8,2.4,98.2,11.9,74.9,Yes,0.0,None
07:29:32.665,Active,406.9,2.4,98.2,11.9,77.1,Yes,0.0,None
07:29:33.082,Active,407.6,2.4,98.2,11.9,76.5,Yes,0.0,None
07:29:33.497,Active,407.6,2.4,98.8,11.9,76.5,Yes,0.0,None
07:29:33.913,Active,409.6,2.4,98.8,11.8,77.1,Yes,0.0,None
07:29:34.331,Active,411.1,2.4,98.8,11.8,76.5,Yes,0.0,None
07:29:34.747,Active,410.3,2.4,98.8,11.8,76.5,Yes,0.0,None
07:29:35.163,Active,410.2,2.4,98.8,11.8,76.5,Yes,0.0,None
07:29:35.581,Active,409.8,2.4,98.2,11.8,76.5,Yes,0.0,None
07:29:35.996,Active,409.1,2.4,98.8,11.8,77.1,Yes,0.0,None
07:29:36.440,Active,436.5,2.4,96.1,11.8,77.7,Yes,0.0,None
07:30:21.888,Active,432.9,22.8,1.4,11.8,58.4,Yes,0.0,None
07:30:22.308,Active,410.5,22.8,98.2,11.8,60.0,Yes,0.0,None
07:30:22.737,Active,422.0,22.8,96.5,11.8,61.1,Yes,0.0,None
07:30:23.153,Active,409.8,22.8,98.2,11.8,62.2,Yes,0.0,None
07:30:23.571,Active,411.0,22.8,99.4,11.8,63.4,Yes,0.0,None
07:30:23.993,Active,416.9,22.8,97.6,11.8,63.4,Yes,0.0,None
07:30:24.415,Active,411.4,22.8,97.0,11.8,64.5,Yes,0.0,None
07:30:24.830,Active,407.9,22.8,98.8,11.8,65.0,Yes,0.0,None
07:30:25.247,Active,411.5,22.8,98.8,11.8,65.5,Yes,0.0,None
07:30:25.663,Active,409.4,22.8,99.4,11.8,65.5,Yes,0.0,None
07:30:26.097,Active,426.6,2.4,95.3,11.8,66.7,Yes,0.0,None
07:30:26.512,Active,409.3,2.4,98.8,11.8,67.2,Yes,0.0,None
07:30:26.952,Active,431.5,2.4,97.1,11.8,67.2,Yes,0.0,None
07:30:27.373,Active,413.6,2.4,98.8,11.8,67.8,Yes,0.0,None
07:30:27.787,Active,407.8,2.4,97.6,11.8,67.8,Yes,0.0,None
07:30:28.210,Active,414.6,2.4,98.2,11.8,68.3,Yes,0.0,None
07:30:28.630,Active,410.9,2.4,98.2,11.8,68.3,Yes,0.0,None
07:30:29.050,Active,411.1,2.4,98.2,11.8,68.3,Yes,0.0,None
07:30:29.473,Active,409.3,2.4,97.6,11.8,68.8,Yes,0.0,None
07:30:29.895,Active,416.5,2.4,97.0,11.8,69.4,Yes,0.0,None
07:30:30.318,Active,414.1,2.4,98.8,11.8,69.4,Yes,0.0,None
07:30:30.740,Active,415.6,2.4,97.1,11.8,69.4,Yes,0.0,None
07:30:31.156,Active,409.5,2.4,98.8,11.8,70.0,Yes,0.0,None
07:30:31.573,Active,409.6,2.4,98.8,11.8,70.5,Yes,0.0,None
07:30:32.017,Active,438.4,2.4,98.3,11.8,70.0,Yes,0.0,None
07:30:32.436,Active,410.1,2.4,97.6,11.8,70.5,Yes,0.0,None
07:30:32.852,Active,408.7,2.4,98.2,11.8,70.0,Yes,0.0,None
07:30:33.272,Active,412.3,2.4,98.8,11.8,70.0,Yes,0.0,None
07:30:33.686,Active,407.8,2.4,99.4,11.8,71.6,Yes,0.0,None
07:30:34.108,Active,412.4,2.4,98.2,11.8,71.6,Yes,0.0,None
07:30:34.521,Active,406.7,2.4,98.8,11.8,71.6,Yes,0.0,None
07:30:34.934,Active,407.9,2.4,99.4,11.8,72.2,Yes,0.0,None
07:30:35.352,Active,408.5,2.4,98.8,11.8,72.2,Yes,0.0,None
07:30:35.767,Active,407.4,2.4,98.8,11.8,71.6,Yes,0.0,None
07:30:36.188,Active,412.5,2.4,97.0,11.8,71.6,Yes,0.0,None
07:30:36.603,Active,407.9,2.4,98.8,11.8,72.2,Yes,0.0,None
07:30:37.032,Active,422.2,2.4,98.8,11.8,72.2,Yes,0.0,None
07:30:37.452,Active,411.2,2.4,98.8,11.8,72.2,Yes,0.0,None
07:30:37.871,Active,411.7,2.4,97.6,11.8,71.6,Yes,0.0,None
07:30:38.289,Active,411.5,2.4,99.4,11.8,72.7,Yes,0.0,None
07:30:38.715,Active,419.6,2.4,96.5,11.8,72.2,Yes,0.0,None
07:30:39.133,Active,410.3,2.4,98.8,11.8,72.2,Yes,0.0,None
07:30:39.552,Active,409.7,2.4,97.0,11.8,72.7,Yes,0.0,None
07:30:39.968,Active,408.6,2.4,98.8,11.8,72.7,Yes,0.0,None
07:30:40.388,Active,409.9,2.4,97.6,11.8,72.7,Yes,0.0,None
07:30:40.804,Active,409.8,2.4,99.4,11.8,73.2,Yes,0.0,None
07:30:41.220,Active,410.2,2.4,98.8,11.8,72.7,Yes,0.0,None
07:30:41.633,Active,407.1,2.4,98.8,11.8,73.8,Yes,0.0,None
07:30:42.047,Active,408.0,2.4,100.0,11.8,72.7,Yes,0.0,None
07:30:42.464,Active,410.6,2.4,98.8,11.8,73.2,Yes,0.0,None
07:30:42.894,Active,422.3,2.4,95.9,11.8,73.8,Yes,0.0,None
07:30:43.316,Active,411.9,2.4,97.0,11.7,73.2,Yes,0.0,None
07:30:43.733,Active,407.9,2.4,97.6,11.7,73.2,Yes,0.0,None
07:30:44.153,Active,409.8,2.4,98.2,11.8,73.2,Yes,0.0,None
07:30:44.570,Active,407.5,2.4,98.2,11.8,74.3,Yes,0.0,None
07:30:44.992,Active,412.2,2.4,97.7,11.8,73.2,Yes,0.0,None
07:30:45.408,Active,407.8,2.4,98.2,11.8,73.8,Yes,0.0,None
07:30:45.832,Active,413.6,2.4,96.5,11.8,73.8,Yes,0.0,None
07:30:46.252,Active,410.4,2.4,98.2,11.8,73.2,Yes,0.0,None
07:30:46.669,Active,407.4,2.4,98.2,11.8,74.3,Yes,0.0,None
07:30:47.117,Active,439.0,2.4,97.2,11.8,73.2,Yes,0.0,None
07:30:47.532,Active,409.1,2.4,98.8,11.8,73.8,Yes,0.0,None
07:30:47.949,Active,407.3,2.4,97.6,11.9,74.3,Yes,0.0,None
07:30:48.368,Active,412.9,2.4,99.4,11.8,74.3,Yes,0.0,None
07:30:48.784,Active,408.1,2.4,97.6,11.8,73.8,Yes,0.0,None
07:30:49.200,Active,409.6,2.4,99.4,11.8,74.3,Yes,0.0,None
07:30:49.612,Active,406.4,2.4,98.8,11.8,74.3,Yes,0.0,None
07:30:50.031,Active,411.1,2.4,98.2,11.8,75.5,Yes,0.0,None
07:30:50.448,Active,408.1,2.4,98.2,11.8,75.5,Yes,0.0,None
07:30:50.863,Active,408.6,2.4,98.8,11.8,74.9,Yes,0.0,None
07:30:51.283,Active,410.4,2.4,98.2,11.8,74.9,Yes,0.0,None
07:30:51.696,Active,406.8,2.4,98.2,11.8,74.3,Yes,0.0,None
07:30:52.137,Active,433.3,2.4,96.0,11.8,75.5,Yes,0.0,None
07:30:52.560,Active,415.7,2.4,98.2,11.8,74.9,Yes,0.0,None
07:30:52.976,Active,409.3,2.4,98.8,11.8,74.3,Yes,0.0,None
07:30:53.395,Active,411.0,2.4,98.2,11.8,75.5,Yes,0.0,None
07:30:53.810,Active,406.2,2.4,98.2,11.8,74.3,Yes,0.0,None
07:30:54.224,Active,408.2,2.4,99.4,11.8,75.5,Yes,0.0,None
07:30:54.639,Active,408.0,2.4,99.4,11.8,74.9,Yes,0.0,None
07:30:55.061,Active,415.5,2.4,98.2,11.8,74.9,Yes,0.0,None
07:30:55.476,Active,408.5,2.4,98.8,11.8,76.0,Yes,0.0,None
07:30:55.899,Active,416.7,2.4,96.4,11.7,74.9,Yes,0.0,None
07:30:56.315,Active,409.9,2.4,98.8,11.7,75.5,Yes,0.0,None
07:30:56.736,Active,412.4,2.4,97.6,11.8,74.9,Yes,0.0,None
07:30:57.161,Active,417.5,2.4,97.6,11.8,74.9,Yes,0.0,None
07:30:57.584,Active,416.4,2.4,98.8,11.8,74.9,Yes,0.0,None
07:30:58.001,Active,409.0,2.4,99.4,11.8,75.5,Yes,0.0,None
07:30:58.417,Active,408.5,2.4,98.2,11.8,75.5,Yes,0.0,None
07:30:58.833,Active,410.0,2.4,98.8,11.8,75.5,Yes,0.0,None
07:30:59.254,Active,411.2,2.4,97.6,11.8,75.5,Yes,0.0,None
07:30:59.671,Active,407.6,2.4,98.2,11.8,75.5,Yes,0.0,None
07:31:00.115,Active,435.3,2.4,94.3,11.8,76.0,Yes,0.0,None
07:31:00.535,Active,407.6,2.4,97.6,11.8,75.5,Yes,0.0,None
07:31:00.953,Active,409.6,2.4,98.2,11.8,75.5,Yes,0.0,None
07:31:01.368,Active,408.7,2.4,98.8,11.8,74.9,Yes,0.0,None
07:31:01.780,Active,406.1,2.4,98.2,11.8,75.5,Yes,0.0,None
07:31:02.199,Active,412.6,2.4,98.2,11.8,75.5,Yes,0.0,None
07:31:02.641,Active,429.8,2.4,97.7,11.8,74.9,Yes,0.0,None
07:31:03.061,Active,411.6,2.4,98.2,11.8,75.5,Yes,0.0,None
07:31:03.481,Active,412.2,2.4,98.2,11.8,76.0,Yes,0.0,None
07:31:03.894,Active,406.9,2.4,98.8,11.8,75.5,Yes,0.0,None
07:31:04.312,Active,408.9,2.4,98.2,11.8,75.5,Yes,0.0,None
07:31:04.738,Active,415.2,2.4,97.0,11.8,76.0,Yes,0.0,None
07:31:05.156,Active,408.1,2.4,98.2,11.8,75.5,Yes,0.0,None
07:31:05.573,Active,407.3,2.4,98.2,11.7,76.5,Yes,0.0,None
07:31:05.993,Active,409.8,2.4,98.2,11.8,76.0,Yes,0.0,None
07:31:06.413,Active,410.8,2.4,97.6,11.7,76.0,Yes,0.0,None
07:31:06.826,Active,407.0,2.4,98.8,11.7,76.0,Yes,0.0,None
07:31:07.269,Active,436.2,2.4,94.9,11.7,76.5,Yes,0.0,None
07:31:07.700,Active,423.9,2.4,98.3,11.8,76.0,Yes,0.0,None
07:31:08.114,Active,406.3,2.4,98.8,11.8,76.0,Yes,0.0,None
07:31:08.531,Active,405.1,2.4,98.8,11.8,76.0,Yes,0.0,None
07:31:08.949,Active,411.8,2.4,97.6,11.8,77.1,Yes,0.0,None
07:31:09.364,Active,408.7,2.4,98.8,11.8,76.0,Yes,0.0,None
07:31:09.781,Active,409.5,2.4,98.2,11.8,76.0,Yes,0.0,None
07:31:10.208,Active,421.4,2.4,97.0,11.8,76.0,Yes,0.0,None
07:31:10.647,Active,432.0,2.4,97.2,11.8,76.5,Yes,0.0,None
07:31:11.066,Active,410.2,2.4,98.8,11.8,76.5,Yes,0.0,None
07:31:11.482,Active,407.0,2.4,98.2,11.8,76.5,Yes,0.0,None
07:31:11.939,Active,447.6,2.4,92.9,11.8,76.5,Yes,0.0,None
07:31:12.351,Active,405.9,2.4,99.4,11.8,77.1,Yes,0.0,None
07:31:12.769,Active,409.5,2.4,98.8,11.8,76.5,Yes,0.0,None
07:31:13.184,Active,408.7,2.4,98.8,11.8,76.5,Yes,0.0,None
07:31:13.605,Active,412.0,2.4,98.2,11.8,76.0,Yes,0.0,None
07:31:14.021,Active,410.4,2.4,98.8,11.8,76.0,Yes,0.0,None
07:31:14.440,Active,409.5,2.4,98.2,11.8,76.0,Yes,0.0,None
07:31:14.856,Active,408.8,2.4,98.2,11.8,76.5,Yes,0.0,None
07:31:15.272,Active,408.7,2.4,98.8,11.8,76.5,Yes,0.0,None
07:31:15.689,Active,410.9,2.4,98.8,11.8,76.5,Yes,0.0,None
07:31:16.104,Active,408.4,2.4,98.2,11.8,76.5,Yes,0.0,None
07:31:16.518,Active,407.7,2.4,98.8,11.8,76.5,Yes,0.0,None
07:31:16.932,Active,407.6,2.4,98.8,11.8,77.1,Yes,0.0,None
07:31:17.349,Active,407.9,2.4,98.2,11.8,76.5,Yes,0.0,None
07:31:17.816,Active,458.2,2.4,96.3,11.8,77.1,Yes,0.0,None
07:31:18.238,Active,411.3,2.4,97.6,11.8,76.0,Yes,0.0,None
07:31:18.654,Active,407.8,2.4,98.8,11.8,76.5,Yes,0.0,None
07:31:19.070,Active,409.8,2.4,98.8,11.8,76.5,Yes,0.0,None
07:31:19.494,Active,414.6,2.4,97.6,11.8,77.1,Yes,0.0,None
07:31:19.913,Active,409.4,2.4,97.6,11.8,76.5,Yes,0.0,None
07:31:20.330,Active,411.0,2.4,98.8,11.8,76.5,Yes,0.0,None
07:31:20.746,Active,406.4,2.4,98.2,11.8,76.5,Yes,0.0,None
07:31:21.166,Active,411.1,2.4,98.8,11.8,76.0,Yes,0.0,None
07:31:21.579,Active,406.4,2.4,98.8,11.8,76.5,Yes,0.0,None
07:32:07.021,Active,425.3,2.4,1.1,11.7,58.4,Yes,0.0,None
07:32:07.438,Active,407.0,2.4,98.8,11.8,59.5,Yes,0.0,None
07:32:07.851,Active,406.6,2.4,98.8,11.8,61.1,Yes,0.0,None
07:32:08.268,Active,408.8,2.4,99.4,11.8,61.7,Yes,0.0,None
07:32:08.706,Active,431.1,2.4,98.9,11.8,62.8,Yes,0.0,None
07:32:09.121,Active,408.1,2.4,98.8,11.8,63.9,Yes,0.0,None
07:32:09.545,Active,418.6,2.4,97.6,11.8,64.5,Yes,0.0,None
07:32:09.961,Active,409.8,3.0,98.8,11.8,64.5,Yes,0.0,None
07:32:10.377,Active,409.1,3.0,98.2,11.8,65.0,Yes,0.0,None
07:32:10.792,Active,407.6,3.0,98.8,11.8,66.1,Yes,0.0,None
07:32:11.212,Active,410.1,3.0,98.2,11.8,66.1,Yes,0.0,None
07:32:11.632,Active,413.0,3.0,97.6,11.8,67.2,Yes,0.0,None
07:32:12.053,Active,412.4,3.0,98.8,11.8,66.7,Yes,0.0,None
07:32:12.467,Active,408.1,3.0,98.8,11.8,67.2,Yes,0.0,None
07:32:12.885,Active,409.6,3.0,98.2,11.8,67.2,Yes,0.0,None
07:32:13.304,Active,410.8,3.0,98.2,11.8,68.3,Yes,0.0,None
07:32:13.720,Active,408.4,3.0,98.8,11.8,68.3,Yes,0.0,None
07:32:14.139,Active,409.0,2.4,97.6,11.8,68.8,Yes,0.0,None
07:32:14.552,Active,407.3,2.4,99.4,11.8,68.8,Yes,0.0,None
07:32:14.968,Active,408.6,2.4,98.8,11.7,68.8,Yes,0.0,None
07:32:15.383,Active,406.8,2.4,98.2,11.7,70.0,Yes,0.0,None
07:32:15.799,Active,407.5,2.4,98.2,11.8,70.5,Yes,0.0,None
07:32:16.219,Active,410.9,2.4,98.2,11.8,70.0,Yes,0.0,None
07:32:16.637,Active,408.0,2.4,98.2,11.7,68.3,Yes,0.0,None
07:32:17.064,Active,417.5,2.4,96.5,11.8,70.0,Yes,0.0,None
07:32:17.481,Active,407.0,2.4,98.2,11.7,70.0,Yes,0.0,None
07:32:17.896,Active,406.0,2.4,98.2,11.7,71.0,Yes,0.0,None
07:32:18.315,Active,408.2,2.4,98.2,11.7,71.0,Yes,0.0,None
07:32:18.760,Active,435.1,2.4,97.8,11.8,71.0,Yes,0.0,None
07:32:19.188,Active,418.4,2.4,97.1,11.9,71.0,Yes,0.0,None
07:32:19.603,Active,407.8,2.4,98.8,11.9,71.6,Yes,0.0,None
07:32:20.024,Active,413.7,2.4,98.2,11.9,72.2,Yes,0.0,None
07:32:20.466,Active,434.3,2.4,94.9,11.8,71.6,Yes,0.0,None
07:32:20.926,Active,450.7,2.4,94.1,11.8,71.6,Yes,0.0,None
07:32:21.346,Active,411.1,2.4,98.2,11.8,71.6,Yes,0.0,None
07:32:21.764,Active,408.2,2.4,98.2,11.8,71.6,Yes,0.0,None
07:32:22.183,Active,408.0,2.4,97.7,11.8,72.2,Yes,0.0,None
07:32:22.597,Active,405.0,2.3,98.8,11.8,72.2,Yes,0.0,None
07:32:23.016,Active,409.1,2.3,98.8,11.8,72.7,Yes,0.0,None
07:32:23.436,Active,409.8,2.3,98.2,11.8,72.2,Yes,0.0,None
07:32:23.865,Active,421.1,2.3,97.7,11.8,73.8,Yes,0.0,None
07:32:24.283,Active,408.1,2.3,98.2,11.8,72.7,Yes,0.0,None
07:32:24.699,Active,407.6,2.3,98.2,11.8,72.2,Yes,0.0,None
07:32:25.116,Active,409.4,2.3,99.4,11.8,72.2,Yes,0.0,None
07:32:25.533,Active,407.5,2.3,98.2,11.8,72.7,Yes,0.0,None
07:32:25.956,Active,413.4,2.3,97.1,11.8,72.7,Yes,0.0,None
07:32:26.371,Active,407.9,2.3,98.8,11.8,72.7,Yes,0.0,None
07:32:26.787,Active,410.2,2.4,97.6,11.8,72.7,Yes,0.0,None
07:32:27.208,Active,411.8,2.4,97.6,11.8,72.7,Yes,0.0,None
07:32:27.624,Active,408.1,2.4,98.2,11.7,73.8,Yes,0.0,None
07:32:28.042,Active,408.2,2.4,98.2,11.8,73.8,Yes,0.0,None
07:32:28.459,Active,407.8,2.4,98.2,11.8,73.8,Yes,0.0,None
07:32:28.893,Active,424.3,2.4,97.7,11.8,73.2,Yes,0.0,None
07:32:29.308,Active,408.5,2.4,99.4,11.8,73.2,Yes,0.0,None
07:32:29.728,Active,410.3,2.4,97.6,11.8,72.7,Yes,0.0,None
07:32:30.146,Active,410.1,2.4,98.2,11.8,73.8,Yes,0.0,None
07:32:30.562,Active,406.5,2.4,98.2,11.8,73.8,Yes,0.0,None
07:32:30.983,Active,411.0,2.4,98.8,11.8,73.2,Yes,0.0,None
07:32:31.402,Active,411.0,2.4,98.2,11.8,73.8,Yes,0.0,None
07:32:31.818,Active,408.3,2.4,98.8,11.8,74.3,Yes,0.0,None
07:32:32.236,Active,408.6,2.4,98.2,11.8,74.3,Yes,0.0,None
07:32:32.656,Active,408.5,2.4,97.6,11.8,73.8,Yes,0.0,None
07:32:33.075,Active,410.6,2.4,98.8,11.8,73.8,Yes,0.0,None
07:32:33.505,Active,421.5,2.4,95.9,11.8,74.9,Yes,0.0,None
07:32:33.936,Active,424.9,2.4,98.8,11.8,73.8,Yes,0.0,None
07:32:34.362,Active,419.4,2.4,97.0,11.8,74.3,Yes,0.0,None
07:32:34.784,Active,408.5,2.4,97.0,11.8,74.3,Yes,0.0,None
07:32:35.202,Active,411.0,2.4,98.8,11.8,74.3,Yes,0.0,None
07:32:35.616,Active,407.5,2.4,99.4,11.8,75.5,Yes,0.0,None
07:32:36.052,Active,428.7,2.4,96.0,11.8,74.9,Yes,0.0,None
07:32:36.466,Active,406.8,2.4,99.4,11.8,74.3,Yes,0.0,None
07:32:36.887,Active,407.5,2.4,97.0,11.8,74.3,Yes,0.0,None
07:32:37.309,Active,413.2,2.4,98.8,11.8,74.3,Yes,0.0,None
07:32:37.725,Active,408.2,2.4,98.8,11.8,74.9,Yes,0.0,None
07:32:38.145,Active,410.4,2.4,97.6,11.8,74.3,Yes,0.0,None
07:32:38.562,Active,407.7,2.4,98.2,11.8,75.5,Yes,0.0,None
07:32:38.979,Active,407.6,2.4,98.2,11.8,74.3,Yes,0.0,None
07:32:39.417,Active,427.1,2.4,98.3,11.8,74.3,Yes,0.0,None
07:32:39.834,Active,409.0,2.4,98.2,11.8,74.3,Yes,0.0,None
07:32:40.255,Active,411.7,2.4,98.2,11.8,75.5,Yes,0.0,None
07:32:40.670,Active,405.7,2.4,98.2,11.8,76.0,Yes,0.0,None
07:32:41.107,Active,427.6,2.4,95.5,11.8,75.5,Yes,0.0,None
07:32:41.523,Active,410.3,2.4,98.8,11.8,75.5,Yes,0.0,None
07:32:41.943,Active,409.2,2.4,98.2,11.8,74.3,Yes,0.0,None
07:32:42.362,Active,409.2,2.4,97.6,11.8,75.5,Yes,0.0,None
07:32:42.780,Active,407.8,2.4,98.2,11.8,74.9,Yes,0.0,None
07:32:43.199,Active,409.7,2.4,98.2,11.8,75.5,Yes,0.0,None
07:32:43.617,Active,408.2,2.4,97.6,11.8,75.5,Yes,0.0,None
07:32:44.033,Active,409.6,2.4,98.8,11.8,76.0,Yes,0.0,None
07:32:44.483,Active,407.0,2.4,91.1,11.8,74.9,Yes,0.0,None
07:32:44.897,Active,406.8,2.4,99.4,11.8,74.9,Yes,0.0,None
07:32:45.313,Active,407.8,2.4,98.8,11.7,75.5,Yes,0.0,None
07:32:45.733,Active,410.1,2.4,97.6,11.7,75.5,Yes,0.0,None
07:32:46.148,Active,408.2,2.4,98.8,11.7,74.9,Yes,0.0,None
07:32:46.565,Active,410.8,2.4,98.8,11.7,75.5,Yes,0.0,None
07:32:46.984,Active,411.8,2.4,97.6,11.7,74.9,Yes,0.0,None
07:32:47.399,Active,406.6,2.4,98.2,11.8,76.0,Yes,0.0,None
07:32:47.815,Active,407.5,2.4,98.2,11.8,74.9,Yes,0.0,None
07:32:48.237,Active,411.9,2.4,98.2,11.7,76.0,Yes,0.0,None
07:32:48.651,Active,407.2,2.4,98.8,11.7,77.1,Yes,0.0,None
07:32:49.097,Active,437.2,2.4,97.2,11.8,74.3,Yes,0.0,None
07:32:49.511,Active,407.3,2.4,98.2,11.8,75.5,Yes,0.0,None
07:32:49.924,Active,405.6,2.4,98.8,11.9,76.0,Yes,0.0,None
07:32:50.342,Active,408.7,2.4,98.2,11.9,76.0,Yes,0.0,None
07:32:50.755,Active,407.3,2.4,99.4,11.8,75.5,Yes,0.0,None
07:32:51.173,Active,410.4,2.4,97.6,11.8,76.0,Yes,0.0,None
07:32:51.589,Active,407.7,2.4,98.8,11.8,76.0,Yes,0.0,None
07:32:52.009,Active,413.5,2.4,98.8,11.8,76.0,Yes,0.0,None
07:32:52.427,Active,409.5,2.4,98.2,11.8,76.0,Yes,0.0,None
07:32:52.874,Active,405.9,2.4,91.6,11.8,74.9,Yes,0.0,None
07:32:53.294,Active,409.8,2.4,98.2,11.8,76.5,Yes,0.0,None
07:32:53.738,Active,434.5,2.4,93.9,11.8,76.0,Yes,0.0,None
07:32:54.158,Active,410.3,2.4,98.2,11.8,74.9,Yes,0.0,None
07:32:54.587,Active,419.4,2.4,98.3,11.8,76.0,Yes,0.0,None
07:32:55.011,Active,413.5,2.4,98.2,11.8,74.9,Yes,0.0,None
07:32:55.431,Active,410.0,2.4,97.6,11.8,76.0,Yes,0.0,None
07:32:55.853,Active,412.0,2.4,98.2,11.8,76.0,Yes,0.0,None
07:32:56.272,Active,411.5,2.3,98.2,11.8,77.1,Yes,0.0,None
07:32:56.686,Active,408.1,2.3,99.4,11.8,76.0,Yes,0.0,None
07:32:57.104,Active,408.5,2.3,98.2,11.8,76.5,Yes,0.0,None
07:32:57.519,Active,407.7,2.3,98.8,11.8,76.0,Yes,0.0,None
07:32:57.938,Active,409.8,2.3,97.6,11.8,76.0,Yes,0.0,None
07:32:58.356,Active,408.6,2.3,98.2,11.7,76.0,Yes,0.0,None
07:32:58.770,Active,407.6,2.3,99.4,11.7,77.1,Yes,0.0,None
07:32:59.186,Active,405.7,2.3,98.2,11.8,76.5,Yes,0.0,None
07:32:59.614,Active,418.1,2.3,98.8,11.8,76.0,Yes,0.0,None
07:33:00.028,Active,408.6,2.3,99.4,11.8,77.1,Yes,0.0,None
07:33:00.445,Active,407.6,2.4,97.6,11.8,76.0,Yes,0.0,None
07:33:00.868,Active,412.5,2.4,97.6,11.8,77.1,Yes,0.0,None
07:33:01.284,Active,408.5,2.4,99.4,11.8,76.0,Yes,0.0,None
07:33:01.698,Active,408.0,2.4,98.8,11.8,77.1,Yes,0.0,None
07:33:02.117,Active,409.1,2.4,98.2,11.8,76.0,Yes,0.0,None
07:33:02.531,Active,407.8,2.4,98.8,11.7,77.1,Yes,0.0,None
07:33:02.970,Active,430.9,2.4,95.4,11.7,76.5,Yes,0.0,None
07:33:03.383,Active,406.1,2.4,99.4,11.7,75.5,Yes,0.0,None
07:33:03.797,Active,407.9,2.4,98.8,11.7,76.5,Yes,0.0,None
07:33:04.216,Active,412.3,2.4,98.8,11.7,75.5,Yes,0.0,None
07:33:04.651,Active,429.1,2.4,98.3,11.7,76.5,Yes,0.0,None
07:33:05.065,Active,408.6,2.4,99.4,11.7,76.5,Yes,0.0,None
07:33:05.481,Active,409.4,2.4,99.4,11.8,76.5,Yes,0.0,None
07:33:05.894,Active,406.5,2.4,98.8,11.8,76.5,Yes,0.0,None
07:33:06.314,Active,410.8,2.4,97.0,11.8,76.5,Yes,0.0,None
07:33:06.728,Active,407.1,2.4,98.8,11.8,77.1,Yes,0.0,None
07:33:52.170,Active,426.9,2.4,1.4,11.9,58.4,Yes,0.0,None
07:33:52.580,Active,403.8,2.4,99.4,11.9,60.0,Yes,0.0,None
07:33:52.997,Active,411.6,2.4,100.0,11.9,60.6,Yes,0.0,None
07:33:53.411,Active,408.0,2.4,98.2,11.9,62.2,Yes,0.0,None
07:33:53.828,Active,408.4,4.8,98.8,11.9,61.7,Yes,0.0,None
07:33:54.248,Active,413.6,4.8,98.2,11.8,63.4,Yes,0.0,None
07:33:54.663,Active,407.1,4.8,98.2,11.8,63.9,Yes,0.0,None
07:33:55.079,Active,409.3,4.8,98.8,11.8,65.0,Yes,0.0,None
07:33:55.504,Active,418.5,4.8,99.4,11.8,64.5,Yes,0.0,None
07:33:55.918,Active,406.9,4.8,98.8,11.8,65.5,Yes,0.0,None
07:33:56.337,Active,412.5,4.8,99.4,11.8,66.1,Yes,0.0,None
07:33:56.753,Active,408.2,4.8,98.2,11.8,67.2,Yes,0.0,None
07:33:57.174,Active,411.2,4.8,98.2,11.8,67.2,Yes,0.0,None
07:33:57.587,Active,406.8,4.8,99.4,11.8,67.8,Yes,0.0,None
07:33:58.004,Active,409.8,2.4,98.8,11.8,67.2,Yes,0.0,None
07:33:58.419,Active,407.2,2.4,98.8,11.8,67.8,Yes,0.0,None
07:33:58.831,Active,406.1,2.4,99.4,11.8,68.3,Yes,0.0,None
07:33:59.250,Active,410.0,2.4,98.8,11.8,68.3,Yes,0.0,None
07:33:59.666,Active,408.3,2.4,98.8,11.8,68.3,Yes,0.0,None
07:34:00.079,Active,404.8,2.4,98.8,11.8,69.4,Yes,0.0,None
07:34:00.503,Active,418.0,2.4,99.4,11.8,70.0,Yes,0.0,None
07:34:00.920,Active,408.3,2.4,98.8,11.9,69.4,Yes,0.0,None
07:34:01.335,Active,408.9,2.4,98.8,11.9,69.4,Yes,0.0,None
07:34:01.749,Active,408.4,2.4,99.4,11.9,70.5,Yes,0.0,None
07:34:02.165,Active,409.8,2.4,99.4,11.9,70.0,Yes,0.0,None
07:34:02.580,Active,409.1,2.4,99.4,11.9,70.5,Yes,0.0,None
07:34:02.998,Active,410.9,2.4,98.8,11.9,70.0,Yes,0.0,None
07:34:03.411,Active,406.6,2.4,99.4,11.8,71.0,Yes,0.0,None
07:34:03.826,Active,409.1,2.4,98.8,11.8,71.0,Yes,0.0,None
07:34:04.242,Active,409.9,2.4,98.8,11.8,71.6,Yes,0.0,None
07:34:04.655,Active,406.4,2.4,99.4,11.8,71.0,Yes,0.0,None
07:34:05.067,Active,406.3,2.4,100.0,11.8,71.6,Yes,0.0,None
07:34:05.506,Active,430.9,2.4,97.7,11.8,70.5,Yes,0.0,None
07:34:05.936,Active,420.7,2.4,96.5,11.9,71.0,Yes,0.0,None
07:34:06.352,Active,408.1,2.4,99.4,11.9,72.2,Yes,0.0,None
07:34:06.767,Active,407.9,2.4,98.8,11.9,71.0,Yes,0.0,None
07:34:07.215,Active,442.1,2.4,93.9,11.9,71.0,Yes,0.0,None
07:34:07.636,Active,411.9,2.4,97.6,11.9,71.6,Yes,0.0,None
07:34:08.054,Active,410.7,2.4,98.2,11.9,72.2,Yes,0.0,None
07:34:08.468,Active,407.7,2.4,98.8,11.8,72.2,Yes,0.0,None
07:34:08.884,Active,408.8,2.4,98.8,11.8,72.2,Yes,0.0,None
07:34:09.299,Active,408.1,2.4,98.8,11.8,72.2,Yes,0.0,None
07:34:09.815,Active,407.3,2.4,79.6,11.8,72.2,Yes,0.0,None
07:34:10.230,Active,408.3,2.4,98.8,11.8,72.2,Yes,0.0,None
07:34:10.667,Active,430.2,2.3,99.4,11.8,72.2,Yes,0.0,None
07:34:11.079,Active,406.0,2.3,98.8,11.8,72.2,Yes,0.0,None
07:34:11.492,Active,407.2,2.3,100.0,11.8,72.7,Yes,0.0,None
07:34:11.905,Active,405.6,2.3,98.8,11.8,73.2,Yes,0.0,None
07:34:12.322,Active,408.6,2.3,98.8,11.8,73.2,Yes,0.0,None
07:34:12.735,Active,405.3,2.3,98.2,11.8,72.7,Yes,0.0,None
07:34:13.152,Active,410.2,2.3,99.4,11.8,73.2,Yes,0.0,None
07:34:13.568,Active,408.4,2.3,98.8,11.8,72.7,Yes,0.0,None
07:34:13.987,Active,411.1,2.3,98.2,11.8,72.7,Yes,0.0,None
07:34:14.404,Active,408.1,2.3,98.2,11.8,73.8,Yes,0.0,None
07:34:14.818,Active,406.8,2.4,98.8,11.8,72.7,Yes,0.0,None
07:34:15.236,Active,411.0,2.4,98.8,11.8,73.8,Yes,0.0,None
07:34:15.652,Active,410.4,2.4,98.8,11.8,73.2,Yes,0.0,None
07:34:16.067,Active,408.5,2.4,98.8,11.8,73.8,Yes,0.0,None
07:34:16.480,Active,407.3,2.4,98.8,11.8,73.8,Yes,0.0,None
07:34:16.897,Active,410.4,2.4,98.8,11.8,73.2,Yes,0.0,None
07:34:17.313,Active,410.3,2.4,98.2,11.7,73.8,Yes,0.0,None
07:34:17.731,Active,408.7,2.4,98.2,11.8,73.8,Yes,0.0,None
07:34:18.147,Active,407.1,2.4,98.8,11.8,73.2,Yes,0.0,None
07:34:18.560,Active,404.3,2.4,99.4,11.8,73.8,Yes,0.0,None
07:34:18.977,Active,409.1,2.4,99.4,11.8,74.3,Yes,0.0,None
07:34:19.389,Active,406.7,2.4,99.4,11.8,74.9,Yes,0.0,None
07:34:19.805,Active,405.0,2.4,98.8,11.8,74.3,Yes,0.0,None
07:34:20.217,Active,406.8,2.4,99.4,11.8,74.3,Yes,0.0,None
07:34:20.681,Active,454.7,2.4,96.2,11.8,73.2,Yes,0.0,None
07:34:21.113,Active,425.3,2.4,96.5,11.8,74.9,Yes,0.0,None
07:34:21.527,Active,407.5,2.4,99.4,11.8,75.5,Yes,0.0,None
07:34:21.937,Active,404.5,2.4,99.4,11.8,74.3,Yes,0.0,None
07:34:22.359,Active,415.2,2.4,99.4,11.8,74.3,Yes,0.0,None
07:34:22.775,Active,407.5,2.4,98.8,11.8,74.3,Yes,0.0,None
07:34:23.189,Active,408.5,2.4,99.4,11.8,74.3,Yes,0.0,None
07:34:23.602,Active,404.3,2.4,99.4,11.8,74.9,Yes,0.0,None
07:34:24.023,Active,411.8,2.4,99.4,11.7,74.9,Yes,0.0,None
07:34:24.444,Active,414.8,2.4,98.2,11.7,74.3,Yes,0.0,None
07:34:24.860,Active,408.5,2.4,97.6,11.8,74.3,Yes,0.0,None
07:34:25.277,Active,410.5,2.4,98.8,11.8,74.9,Yes,0.0,None
07:34:25.692,Active,407.9,2.4,99.4,11.8,74.9,Yes,0.0,None
07:34:26.118,Active,418.6,2.4,98.8,11.8,74.9,Yes,0.0,None
07:34:26.537,Active,409.5,2.4,97.6,11.8,74.9,Yes,0.0,None
07:34:26.952,Active,408.0,2.4,99.4,11.8,74.9,Yes,0.0,None
07:34:27.366,Active,408.1,2.4,98.8,11.8,74.9,Yes,0.0,None
07:34:27.780,Active,408.6,2.4,99.4,11.8,74.9,Yes,0.0,None
07:34:28.197,Active,410.1,2.4,98.8,11.8,74.9,Yes,0.0,None
07:34:28.612,Active,406.1,2.4,98.2,11.8,74.9,Yes,0.0,None
07:34:29.030,Active,411.8,2.4,98.8,11.8,74.9,Yes,0.0,None
07:34:29.445,Active,405.7,2.4,98.2,11.8,74.3,Yes,0.0,None
07:34:29.861,Active,406.2,2.4,98.8,11.8,75.5,Yes,0.0,None
07:34:30.280,Active,409.9,2.4,98.8,11.8,75.5,Yes,0.0,None
07:34:30.696,Active,408.4,2.4,98.8,11.8,74.9,Yes,0.0,None
07:34:31.128,Active,426.3,2.4,98.3,11.8,76.5,Yes,0.0,None
07:34:31.544,Active,408.4,2.4,98.2,11.8,75.5,Yes,0.0,None
07:34:31.969,Active,417.6,2.4,97.6,11.8,75.5,Yes,0.0,None
07:34:32.382,Active,405.7,2.4,98.8,11.8,76.0,Yes,0.0,None
07:34:32.794,Active,405.6,2.4,100.0,11.8,76.0,Yes,0.0,None
07:34:33.211,Active,410.6,2.4,99.4,11.8,75.5,Yes,0.0,None
07:34:33.627,Active,409.2,2.4,97.6,11.8,76.0,Yes,0.0,None
07:34:34.048,Active,409.0,2.4,98.2,11.8,75.5,Yes,0.0,None
07:34:34.466,Active,408.3,2.4,98.2,11.8,76.0,Yes,0.0,None
07:34:34.886,Active,408.8,2.4,98.2,11.8,75.5,Yes,0.0,None
07:34:35.305,Active,409.4,2.4,97.6,11.8,74.9,Yes,0.0,None
07:34:35.721,Active,409.2,2.4,98.8,11.8,74.9,Yes,0.0,None
07:34:36.161,Active,432.6,2.4,97.7,11.8,74.9,Yes,0.0,None
07:34:36.581,Active,411.0,2.4,98.2,11.8,76.0,Yes,0.0,None
07:34:37.001,Active,413.3,2.4,98.2,11.8,76.0,Yes,0.0,None
07:34:37.417,Active,408.4,2.4,98.2,11.8,74.9,Yes,0.0,None
07:34:37.834,Active,407.3,2.4,98.2,11.8,76.0,Yes,0.0,None
07:34:38.250,Active,406.1,2.4,98.2,11.8,76.5,Yes,0.0,None
07:34:38.664,Active,407.7,2.4,99.4,11.8,76.0,Yes,0.0,None
07:34:39.087,Active,412.8,2.4,98.2,11.8,74.9,Yes,0.0,None
07:34:39.501,Active,406.6,2.4,98.2,11.8,75.5,Yes,0.0,None
07:34:39.918,Active,408.3,2.4,98.2,11.8,75.5,Yes,0.0,None
07:34:40.335,Active,408.7,2.4,98.8,11.8,75.5,Yes,0.0,None
07:34:40.775,Active,430.1,2.4,94.3,11.8,76.0,Yes,0.0,None
07:34:41.229,Active,447.9,2.4,97.2,11.8,75.5,Yes,0.0,None
07:34:41.647,Active,408.6,2.4,97.6,11.8,75.5,Yes,0.0,None
07:34:42.064,Active,408.6,2.4,98.8,11.8,76.0,Yes,0.0,None
07:34:42.481,Active,407.6,2.4,98.2,11.8,76.0,Yes,0.0,None
07:34:42.900,Active,409.5,2.4,97.6,11.8,75.5,Yes,0.0,None
07:34:43.321,Active,410.9,2.4,98.2,11.8,75.5,Yes,0.0,None
07:34:43.741,Active,410.3,2.4,98.2,11.8,76.0,Yes,0.0,None
07:34:44.160,Active,411.4,2.4,97.0,11.8,76.0,Yes,0.0,None
07:34:44.578,Active,408.2,2.4,98.2,11.8,76.0,Yes,0.0,None
07:34:44.995,Active,407.3,2.4,98.2,11.8,77.1,Yes,0.0,None
07:34:45.413,Active,409.5,2.4,98.8,11.8,76.0,Yes,0.0,None
07:34:45.823,Active,403.0,2.4,98.8,11.8,76.0,Yes,0.0,None
07:34:46.239,Active,407.9,2.4,99.4,11.8,76.5,Yes,0.0,None
07:34:46.654,Active,409.0,2.4,98.8,11.8,76.5,Yes,0.0,None
07:34:47.074,Active,414.1,2.4,98.2,11.8,76.0,Yes,0.0,None
07:34:47.485,Active,404.4,2.4,99.4,11.8,76.0,Yes,0.0,None
07:34:47.899,Active,407.4,2.4,99.4,11.8,76.0,Yes,0.0,None
07:34:48.317,Active,409.4,2.4,98.2,11.8,76.5,Yes,0.0,None
07:34:48.733,Active,406.3,2.4,98.2,11.8,76.0,Yes,0.0,None
07:34:49.149,Active,409.5,2.4,98.8,11.8,76.5,Yes,0.0,None
07:34:49.562,Active,407.1,2.4,98.8,11.8,76.0,Yes,0.0,None
07:34:49.980,Active,408.8,2.4,98.8,11.8,76.0,Yes,0.0,None
07:34:50.396,Active,407.7,2.4,98.2,11.8,76.0,Yes,0.0,None
07:34:50.820,Active,416.8,2.4,97.6,11.8,76.5,Yes,0.0,None
07:34:51.310,Active,482.5,2.4,93.8,11.8,76.0,Yes,0.0,None
07:34:51.728,Active,410.1,2.4,98.2,11.8,76.0,Yes,0.0,None
07:34:52.147,Active,409.5,2.4,98.2,11.8,76.5,Yes,0.0,None
07:35:37.602,Active,438.7,22.5,1.1,11.8,57.3,Yes,0.0,None
07:35:38.019,Active,411.7,22.5,98.8,11.8,59.5,Yes,0.0,None
07:35:38.431,Active,405.5,22.5,99.4,11.8,60.6,Yes,0.0,None
07:35:38.853,Active,409.6,22.5,97.6,11.8,62.2,Yes,0.0,None
07:35:39.271,Active,411.7,22.5,98.2,11.8,62.2,Yes,0.0,None
07:35:39.689,Active,409.2,22.5,98.2,11.8,63.9,Yes,0.0,None
07:35:40.105,Active,409.1,22.5,98.8,11.8,64.5,Yes,0.0,None
07:35:40.520,Active,407.5,22.5,98.2,11.8,64.5,Yes,0.0,None
07:35:40.937,Active,406.9,22.5,98.2,11.8,64.5,Yes,0.0,None
07:35:41.354,Active,409.7,22.5,98.2,11.8,66.1,Yes,0.0,None
07:35:41.769,Active,409.5,2.4,99.4,11.8,66.1,Yes,0.0,None
07:35:42.212,Active,435.1,2.4,98.3,11.9,66.7,Yes,0.0,None
07:35:42.639,Active,417.7,2.4,97.1,11.9,66.7,Yes,0.0,None
07:35:43.060,Active,412.6,2.4,98.8,11.9,67.2,Yes,0.0,None
07:35:43.477,Active,409.5,2.4,98.2,11.9,67.8,Yes,0.0,None
07:35:43.892,Active,408.6,2.4,98.2,11.9,68.3,Yes,0.0,None
07:35:44.316,Active,418.0,2.4,98.8,11.9,66.7,Yes,0.0,None
07:35:44.733,Active,409.5,2.4,98.8,11.9,68.3,Yes,0.0,None
07:35:45.159,Active,419.9,2.4,97.1,11.8,67.8,Yes,0.0,None
07:35:45.575,Active,407.4,2.4,98.2,11.8,69.4,Yes,0.0,None
07:35:45.996,Active,414.7,2.4,98.2,11.8,69.4,Yes,0.0,None
07:35:46.413,Active,409.3,2.4,98.8,11.8,70.0,Yes,0.0,None
07:35:46.830,Active,411.7,2.4,98.8,11.8,69.4,Yes,0.0,None
07:35:47.259,Active,420.0,2.4,97.1,11.8,69.4,Yes,0.0,None
07:35:47.704,Active,435.4,2.4,95.5,11.8,70.0,Yes,0.0,None
07:35:48.119,Active,409.5,2.4,98.8,11.8,70.5,Yes,0.0,None
07:35:48.535,Active,406.3,2.4,98.8,11.8,70.0,Yes,0.0,None
07:35:48.951,Active,407.1,2.4,98.2,11.8,71.0,Yes,0.0,None
07:35:49.367,Active,407.6,2.4,98.8,11.8,71.0,Yes,0.0,None
07:35:49.783,Active,407.9,2.4,98.8,11.8,71.0,Yes,0.0,None
07:35:50.202,Active,410.7,2.4,98.8,11.8,71.6,Yes,0.0,None
07:35:50.617,Active,406.7,2.4,98.8,11.8,71.0,Yes,0.0,None
07:35:51.034,Active,411.0,2.4,98.8,11.8,71.6,Yes,0.0,None
07:35:51.462,Active,419.0,2.4,96.5,11.8,71.6,Yes,0.0,None
07:35:51.879,Active,408.1,2.4,98.2,11.8,72.2,Yes,0.0,None
07:35:52.328,Active,442.8,2.4,98.3,11.8,72.2,Yes,0.0,None
07:35:52.745,Active,408.9,2.4,98.8,11.8,72.2,Yes,0.0,None
07:35:53.180,Active,428.0,2.4,95.9,11.8,71.6,Yes,0.0,None
07:35:53.593,Active,407.1,2.4,98.8,11.8,72.2,Yes,0.0,None
07:35:54.012,Active,412.6,2.4,98.8,11.8,72.2,Yes,0.0,None
07:35:54.425,Active,405.9,2.4,98.2,11.8,72.7,Yes,0.0,None
07:35:54.839,Active,407.2,2.4,98.8,11.8,72.7,Yes,0.0,None
07:35:55.260,Active,412.1,2.4,98.2,11.8,72.7,Yes,0.0,None
07:35:55.677,Active,411.8,2.4,98.2,11.8,72.7,Yes,0.0,None
07:35:56.096,Active,410.2,2.4,98.2,11.8,72.7,Yes,0.0,None
07:35:56.514,Active,408.2,2.4,98.2,11.8,72.7,Yes,0.0,None
07:35:56.931,Active,407.3,2.4,98.2,11.8,73.2,Yes,0.0,None
07:35:57.361,Active,422.0,2.4,98.2,11.8,73.2,Yes,0.0,None
07:35:57.776,Active,408.8,2.4,98.2,11.8,73.2,Yes,0.0,None
07:35:58.192,Active,410.3,2.4,98.8,11.8,72.7,Yes,0.0,None
07:35:58.610,Active,406.5,2.4,97.0,11.8,72.7,Yes,0.0,None
07:35:59.029,Active,413.3,2.4,98.8,11.8,73.2,Yes,0.0,None
07:35:59.442,Active,406.7,2.4,98.2,11.8,73.8,Yes,0.0,None
07:35:59.859,Active,407.3,2.4,98.2,11.8,73.2,Yes,0.0,None
07:36:00.279,Active,410.6,2.4,98.2,11.8,73.2,Yes,0.0,None
07:36:00.700,Active,408.4,2.4,97.6,11.8,73.2,Yes,0.0,None
07:36:01.124,Active,414.0,2.4,97.6,11.8,73.8,Yes,0.0,None
07:36:01.541,Active,408.9,2.4,98.8,11.8,73.2,Yes,0.0,None
07:36:01.958,Active,411.5,2.4,98.8,11.8,73.8,Yes,0.0,None
07:36:02.393,Active,427.5,2.4,98.2,11.8,74.3,Yes,0.3115614652633667,Leaf Rot
07:36:02.813,Active,409.6,2.4,97.6,11.8,72.7,Yes,0.3377087712287903,Leaf Rot
07:36:03.231,Active,411.8,2.4,98.2,11.8,73.8,Yes,0.0,None
07:36:03.643,Active,405.8,2.4,98.8,11.8,74.3,Yes,0.0,None
07:36:04.063,Active,412.4,2.4,99.4,11.8,73.8,Yes,0.0,None
07:36:04.480,Active,411.4,2.4,97.6,11.8,73.2,Yes,0.0,None
07:36:04.900,Active,408.2,2.4,97.6,11.8,74.3,Yes,0.0,None
07:36:05.318,Active,410.2,2.4,98.2,11.8,73.8,Yes,0.0,None
07:36:05.732,Active,408.4,2.4,100.0,11.8,73.8,Yes,0.0,None
07:36:06.148,Active,409.9,2.4,98.8,11.8,74.3,Yes,0.0,None
07:36:06.566,Active,408.8,2.4,98.2,11.8,74.3,Yes,0.0,None
07:36:06.986,Active,411.2,2.4,98.2,11.8,73.8,Yes,0.0,None
07:36:07.421,Active,425.2,2.4,98.3,11.8,73.8,Yes,0.0,None
07:36:07.840,Active,413.3,2.4,98.2,11.8,74.9,Yes,0.0,None
07:36:08.261,Active,413.0,2.4,98.8,11.8,73.8,Yes,0.3610323965549469,Leaf Rot
07:36:08.679,Active,410.4,2.4,98.2,11.8,73.2,Yes,0.0,None
07:36:09.101,Active,413.3,2.4,97.6,11.8,74.9,Yes,0.0,None
07:36:09.515,Active,407.5,2.4,98.2,11.8,74.9,Yes,0.0,None
07:36:09.931,Active,407.6,2.4,98.8,11.8,76.0,Yes,0.0,None
07:36:10.351,Active,413.2,2.4,98.2,11.8,74.9,Yes,0.0,None
07:36:10.763,Active,406.7,2.4,98.2,11.8,75.5,Yes,0.0,None
07:36:11.184,Active,411.4,2.4,98.2,11.8,74.3,Yes,0.0,None
07:36:11.598,Active,406.7,2.4,98.2,11.8,74.9,Yes,0.0,None
07:36:12.017,Active,409.4,2.4,97.6,11.8,74.9,Yes,0.0,None
07:36:12.430,Active,407.4,2.4,99.4,11.8,74.9,Yes,0.0,None
07:36:12.861,Active,424.0,2.4,98.8,11.8,76.0,Yes,0.0,None
07:36:13.278,Active,410.3,2.4,98.8,11.8,75.5,Yes,0.32444483041763306,Leaf Rot
07:36:13.694,Active,408.7,2.4,98.2,11.8,74.9,Yes,0.0,None
07:36:14.111,Active,410.8,2.4,99.4,11.8,74.9,Yes,0.0,None
07:36:14.523,Active,406.6,2.4,99.4,11.8,75.5,Yes,0.0,None
07:36:14.936,Active,406.7,2.4,98.8,11.8,74.9,Yes,0.0,None
07:36:15.354,Active,408.6,2.4,98.2,11.8,76.0,Yes,0.0,None
07:36:15.771,Active,407.9,2.4,98.2,11.8,75.5,Yes,0.0,None
07:36:16.190,Active,409.3,2.4,98.2,11.8,75.5,Yes,0.0,None
07:36:16.605,Active,405.0,2.4,98.2,11.8,76.0,Yes,0.0,None
07:36:17.025,Active,410.6,2.4,98.2,11.8,75.5,Yes,0.0,None
07:36:17.442,Active,408.0,2.4,98.2,11.8,76.0,Yes,0.0,None
07:36:17.860,Active,408.0,2.4,98.2,11.8,76.0,Yes,0.0,None
07:36:18.279,Active,411.0,2.4,97.6,11.8,75.5,Yes,0.0,None
07:36:18.698,Active,409.2,2.4,98.2,11.7,76.0,Yes,0.0,None
07:36:19.119,Active,412.1,2.4,98.2,11.8,76.0,Yes,0.0,None
07:36:19.534,Active,406.5,2.4,98.2,11.7,76.0,Yes,0.0,None
07:36:19.964,Active,420.4,2.4,95.9,11.7,75.5,Yes,0.0,None
07:36:20.382,Active,409.1,2.4,98.8,11.8,76.0,Yes,0.33828556537628174,Leaf Rot
07:36:20.799,Active,407.5,2.4,97.6,11.8,76.5,Yes,0.0,None
07:36:21.217,Active,412.0,2.4,98.8,11.8,76.0,Yes,0.0,None
07:36:21.630,Active,406.9,2.4,98.8,11.7,75.5,Yes,0.0,None
07:36:22.048,Active,408.6,2.4,98.2,11.7,76.0,Yes,0.0,None
07:36:22.463,Active,408.0,2.4,98.8,11.7,76.5,Yes,0.0,None
07:36:22.914,Active,442.3,2.4,96.7,11.9,76.0,Yes,0.31503504514694214,Leaf Rot
07:36:23.328,Active,407.8,2.4,100.0,11.9,76.5,Yes,0.0,None
07:36:23.746,Active,409.3,2.4,98.2,11.9,76.0,Yes,0.0,None
07:36:24.163,Active,408.6,2.4,98.2,11.9,76.5,Yes,0.0,None
07:36:24.580,Active,407.0,2.4,97.6,11.9,76.5,Yes,0.0,None
07:36:24.999,Active,410.9,2.4,98.8,11.8,77.1,Yes,0.0,None
07:36:25.427,Active,419.3,2.4,95.9,11.8,78.2,Yes,0.0,None
07:36:25.840,Active,407.1,2.4,99.4,11.8,76.5,Yes,0.0,None
07:36:26.260,Active,411.5,2.4,98.2,11.8,76.0,Yes,0.0,None
07:36:26.679,Active,407.9,2.4,97.0,11.8,76.0,Yes,0.0,None
07:36:27.111,Active,425.5,2.4,96.5,11.8,76.5,Yes,0.0,None
07:36:27.549,Active,429.8,2.4,94.8,11.8,77.1,Yes,0.0,None
07:36:27.982,Active,426.2,2.4,98.8,11.8,76.0,Yes,0.0,None
07:36:28.400,Active,410.7,2.4,97.0,11.8,76.5,Yes,0.0,None
07:36:28.922,Active,413.0,2.4,79.7,11.8,76.0,Yes,0.0,None
07:36:29.341,Active,411.1,2.4,98.2,11.8,75.5,Yes,0.0,None
07:36:29.757,Active,409.0,2.4,98.8,11.8,74.9,Yes,0.0,None
07:36:30.175,Active,409.9,2.4,97.6,11.8,76.0,Yes,0.0,None
07:36:30.590,Active,406.9,2.4,98.8,11.8,76.0,Yes,0.0,None
07:36:31.028,Active,430.8,2.4,96.0,11.8,76.0,Yes,0.0,None
07:36:31.443,Active,407.9,2.4,98.2,11.8,77.1,Yes,0.0,None
07:36:31.859,Active,409.8,2.4,98.8,11.8,76.5,Yes,0.3113628625869751,Leaf Rot
07:36:32.275,Active,408.2,2.3,98.8,11.8,76.0,Yes,0.0,None
07:36:32.693,Active,407.4,2.3,98.2,11.8,76.0,Yes,0.0,None
07:36:33.123,Active,422.1,2.3,98.3,11.8,76.5,Yes,0.0,None
07:36:33.538,Active,406.6,2.3,98.2,11.8,76.5,Yes,0.0,None
07:36:33.956,Active,408.3,2.3,98.2,11.8,76.0,Yes,0.0,None
07:36:34.373,Active,410.0,2.3,98.8,11.8,76.5,Yes,0.0,None
07:36:34.788,Active,406.9,2.3,98.8,11.8,76.0,Yes,0.0,None
07:36:35.208,Active,413.8,2.3,97.6,11.8,76.5,Yes,0.0,None
07:36:35.644,Active,427.6,2.3,95.3,11.8,76.5,Yes,0.0,None
07:36:36.060,Active,409.9,2.3,98.8,11.8,77.7,Yes,0.0,None
07:36:36.475,Active,407.5,2.4,98.8,11.8,76.0,Yes,0.0,None
07:36:36.897,Active,413.7,2.4,97.6,11.8,77.1,Yes,0.0,None
07:36:37.318,Active,412.5,2.4,97.6,11.8,76.5,Yes,0.0,None
07:37:22.751,Active,416.5,2.4,1.4,11.7,57.9,Yes,0.0,None
07:37:23.161,Active,404.2,2.4,100.0,11.7,60.6,Yes,0.0,None
07:37:23.603,Active,435.3,2.4,99.4,11.8,60.0,Yes,0.0,None
07:37:24.024,Active,415.6,2.4,97.0,11.8,62.2,Yes,0.0,None
07:37:24.438,Active,408.4,2.4,99.4,11.8,63.4,Yes,0.0,None
07:37:24.851,Active,406.6,2.4,98.8,11.8,63.4,Yes,0.0,None
07:37:25.267,Active,410.5,2.4,99.4,11.8,63.9,Yes,0.0,None
07:37:25.683,Active,409.4,3.0,98.8,11.8,66.1,Yes,0.0,None
07:37:26.104,Active,412.2,3.0,97.6,11.8,65.5,Yes,0.0,None
07:37:26.524,Active,412.7,3.0,98.8,11.8,65.5,Yes,0.0,None
07:37:26.939,Active,407.9,3.0,98.2,11.8,66.7,Yes,0.0,None
07:37:27.355,Active,408.0,3.0,98.8,11.8,66.7,Yes,0.0,None
07:37:27.767,Active,404.8,3.0,98.8,11.8,67.2,Yes,0.0,None
07:37:28.183,Active,410.1,3.0,99.4,11.8,67.8,Yes,0.0,None
07:37:28.595,Active,405.9,3.0,99.4,11.8,67.8,Yes,0.0,None
07:37:29.027,Active,422.5,3.0,98.3,11.8,68.8,Yes,0.37309345602989197,Leaf Rot
07:37:29.439,Active,405.2,3.0,98.8,11.8,68.8,Yes,0.0,None
07:37:29.860,Active,409.0,2.4,97.6,11.8,69.4,Yes,0.0,None
07:37:30.274,Active,408.6,2.4,98.8,11.8,69.4,Yes,0.0,None
07:37:30.686,Active,405.3,2.4,99.4,11.8,70.0,Yes,0.0,None
07:37:31.103,Active,409.6,2.4,98.8,11.8,69.4,Yes,0.0,None
07:37:31.515,Active,406.1,2.4,99.4,11.8,70.0,Yes,0.0,None
07:37:31.930,Active,408.3,2.4,99.4,11.7,71.0,Yes,0.0,None
07:37:32.349,Active,409.8,2.4,98.2,11.7,70.0,Yes,0.3263937830924988,Leaf Rot
07:37:32.767,Active,407.4,2.4,98.2,11.8,68.8,Yes,0.34616315364837646,Leaf Rot
07:37:33.183,Active,409.0,2.4,98.2,11.9,71.0,Yes,0.0,None
07:37:33.598,Active,406.3,2.4,98.2,11.9,71.0,Yes,0.0,None
07:37:34.034,Active,426.7,2.4,98.9,11.9,70.5,Yes,0.0,None
07:37:34.456,Active,412.4,2.4,98.2,11.9,70.5,Yes,0.0,None
07:37:34.870,Active,407.4,2.4,98.2,11.9,71.6,Yes,0.0,None
07:37:35.289,Active,411.8,2.4,98.2,11.9,72.2,Yes,0.0,None
07:37:35.701,Active,405.5,2.4,98.8,11.9,71.0,Yes,0.0,None
07:37:36.117,Active,410.3,2.4,99.4,11.9,71.6,Yes,0.0,None
07:37:36.531,Active,407.9,2.4,98.8,11.8,72.2,Yes,0.0,None
07:37:36.945,Active,407.0,2.4,98.8,11.8,72.7,Yes,0.0,None
07:37:37.364,Active,409.0,2.4,97.6,11.8,71.6,Yes,0.0,None
07:37:37.781,Active,407.3,2.4,98.2,11.8,72.2,Yes,0.0,None
07:37:38.203,Active,412.9,2.4,98.2,11.8,72.7,Yes,0.3183317184448242,Leaf Rot
07:37:38.619,Active,408.3,2.4,98.2,11.8,72.2,Yes,0.0,None
07:37:39.056,Active,430.8,2.4,98.3,11.8,72.7,Yes,0.0,None
07:37:39.472,Active,406.6,2.4,98.2,11.8,72.2,Yes,0.0,None
07:37:39.888,Active,408.9,2.4,98.8,11.8,72.7,Yes,0.0,None
07:37:40.305,Active,409.6,2.4,97.6,11.8,73.2,Yes,0.0,None
07:37:40.720,Active,405.0,2.4,98.2,11.8,73.2,Yes,0.0,None
07:37:41.134,Active,408.9,2.4,99.4,11.8,73.8,Yes,0.0,None
07:37:41.547,Active,404.8,2.4,99.4,11.8,73.2,Yes,0.0,None
07:37:41.965,Active,409.4,2.4,98.8,11.8,73.2,Yes,0.3143851161003113,Leaf Rot
07:37:42.380,Active,407.7,2.4,98.2,11.8,74.3,Yes,0.0,None
07:37:42.792,Active,406.2,2.4,98.8,11.8,73.8,Yes,0.0,None
07:37:43.207,Active,409.1,2.4,99.4,11.8,74.3,Yes,0.0,None
07:37:43.623,Active,409.5,2.4,99.4,11.8,73.2,Yes,0.0,None
07:37:44.058,Active,429.7,2.4,99.4,11.8,72.7,Yes,0.0,None
07:37:44.471,Active,406.7,2.4,99.4,11.8,73.8,Yes,0.0,None
07:37:44.883,Active,406.4,2.4,99.4,11.8,73.8,Yes,0.0,None
07:37:45.298,Active,408.7,2.4,98.8,11.8,73.8,Yes,0.0,None
07:37:45.709,Active,404.7,2.4,99.4,11.8,74.3,Yes,0.0,None
07:37:46.131,Active,410.6,2.4,97.6,11.8,73.8,Yes,0.0,None
07:37:46.545,Active,406.0,2.4,98.2,11.8,74.3,Yes,0.0,None
07:37:46.965,Active,411.3,2.4,98.2,11.8,73.8,Yes,0.0,None
07:37:47.381,Active,409.2,2.4,98.2,11.8,73.8,Yes,0.0,None
07:37:47.798,Active,408.6,2.4,98.2,11.8,74.3,Yes,0.0,None
07:37:48.217,Active,411.2,2.4,98.8,11.8,73.8,Yes,0.3214811086654663,Leaf Rot
07:37:48.637,Active,409.8,2.4,97.6,11.8,73.8,Yes,0.0,None
07:37:49.055,Active,411.4,2.4,98.8,11.8,75.5,Yes,0.0,None
07:37:49.472,Active,408.8,2.4,98.2,11.8,74.3,Yes,0.0,None
07:37:49.889,Active,409.7,2.4,98.2,11.8,74.3,Yes,0.0,None
07:37:50.307,Active,408.4,2.4,98.2,11.7,74.9,Yes,0.0,None
07:37:50.720,Active,405.4,2.4,98.8,11.7,74.3,Yes,0.0,None
07:37:51.136,Active,410.6,2.4,99.4,11.7,74.9,Yes,0.0,None
07:37:51.559,Active,416.5,2.4,98.2,11.7,74.9,Yes,0.0,None
07:37:51.974,Active,406.8,2.4,98.2,11.7,75.5,Yes,0.0,None
07:37:52.392,Active,408.8,2.4,98.2,11.7,74.9,Yes,0.0,None
07:37:52.813,Active,413.9,2.4,98.8,11.7,74.9,Yes,0.0,None
07:37:53.229,Active,410.2,2.4,98.8,11.8,74.9,Yes,0.0,None
07:37:53.646,Active,407.2,2.4,98.2,11.8,76.0,Yes,0.0,None
07:37:54.143,Active,457.9,2.4,89.9,11.9,74.9,Yes,0.0,None
07:37:54.559,Active,409.5,2.4,99.4,11.9,76.0,Yes,0.0,None
07:37:54.974,Active,409.4,2.4,98.2,11.9,75.5,Yes,0.0,None
07:37:55.392,Active,408.6,2.4,98.8,11.9,75.5,Yes,0.0,None
07:37:55.805,Active,406.9,2.4,98.8,11.9,74.9,Yes,0.0,None
07:37:56.228,Active,417.2,2.4,97.0,11.9,75.5,Yes,0.0,None
07:37:56.644,Active,408.1,2.4,98.8,11.9,76.0,Yes,0.0,None
07:37:57.064,Active,414.6,2.4,98.8,11.9,75.5,Yes,0.0,None
07:37:57.480,Active,410.1,2.4,98.2,11.9,75.5,Yes,0.0,None
07:37:57.896,Active,409.2,2.4,98.8,11.8,75.5,Yes,0.0,None
07:37:58.316,Active,413.6,2.4,98.8,11.8,74.9,Yes,0.0,None
07:37:58.733,Active,411.2,2.4,98.2,11.8,75.5,Yes,0.0,None
07:37:59.150,Active,408.9,2.4,98.2,11.8,75.5,Yes,0.0,None
07:37:59.602,Active,442.9,2.4,95.1,11.8,76.0,Yes,0.0,None
07:38:00.019,Active,410.6,2.4,99.4,11.8,74.9,Yes,0.0,None
07:38:00.431,Active,406.1,2.4,99.4,11.8,76.0,Yes,0.0,None
07:38:00.847,Active,407.4,2.4,98.8,11.8,75.5,Yes,0.0,None
07:38:01.293,Active,437.3,2.4,94.9,11.8,76.0,Yes,0.0,None
07:38:01.710,Active,411.1,2.4,97.6,11.8,75.5,Yes,0.0,None
07:38:02.131,Active,411.8,2.4,98.2,11.8,75.5,Yes,0.0,None
07:38:02.547,Active,407.2,2.4,98.2,11.8,76.5,Yes,0.0,None
07:38:02.963,Active,409.8,2.4,99.4,11.8,75.5,Yes,0.0,None
07:38:03.378,Active,406.1,2.4,98.2,11.8,76.5,Yes,0.0,None
07:38:03.792,Active,405.9,2.4,98.8,11.8,76.5,Yes,0.3167044520378113,Leaf Rot
07:38:04.207,Active,407.0,2.4,98.8,11.8,76.0,Yes,0.0,None
07:38:04.638,Active,422.9,2.4,99.4,11.8,76.5,Yes,0.0,None
07:38:05.057,Active,411.0,2.4,98.2,11.8,76.5,Yes,0.0,None
07:38:05.470,Active,406.8,2.4,98.8,11.8,75.5,Yes,0.0,None
07:38:05.886,Active,405.9,2.4,98.2,11.8,76.0,Yes,0.0,None
07:38:06.302,Active,408.7,2.4,98.8,11.8,76.0,Yes,0.0,None
07:38:06.718,Active,406.4,2.4,97.6,11.8,76.0,Yes,0.0,None
07:38:07.136,Active,408.9,2.4,98.2,11.8,77.1,Yes,0.0,None
07:38:07.554,Active,408.4,2.4,98.2,11.8,76.5,Yes,0.0,None
07:38:07.974,Active,410.4,2.4,98.2,11.8,76.5,Yes,0.31354013085365295,Leaf Rot
07:38:08.389,Active,408.1,2.4,98.2,11.8,76.5,Yes,0.0,None
07:38:08.803,Active,406.7,2.4,98.8,11.8,76.5,Yes,0.0,None
07:38:09.219,Active,407.4,2.4,98.8,11.8,76.5,Yes,0.0,None
07:38:09.651,Active,425.5,2.4,98.3,11.8,76.0,Yes,0.0,None
07:38:10.076,Active,416.6,2.4,98.2,11.8,76.5,Yes,0.31111449003219604,Leaf Rot
07:38:10.503,Active,419.8,2.4,96.5,11.8,76.0,Yes,0.0,None
07:38:10.952,Active,440.2,2.4,93.3,11.8,76.5,Yes,0.0,None
07:38:11.368,Active,410.7,2.4,98.8,11.8,76.5,Yes,0.0,None
07:38:11.784,Active,407.7,2.4,98.2,11.8,76.0,Yes,0.0,None
07:38:12.204,Active,411.0,2.4,98.2,11.8,77.1,Yes,0.0,None
07:38:12.621,Active,408.7,2.4,98.2,11.8,76.0,Yes,0.0,None
07:38:13.042,Active,411.9,2.4,98.2,11.8,77.1,Yes,0.0,None
07:38:13.461,Active,411.3,2.4,98.2,11.7,77.7,Yes,0.0,None
07:38:13.877,Active,408.3,2.4,98.2,11.7,76.5,Yes,0.0,None
07:38:14.293,Active,409.7,2.4,98.8,11.7,76.5,Yes,0.0,None
07:38:14.730,Active,430.2,2.4,98.9,11.8,77.1,Yes,0.0,None
07:38:15.148,Active,410.8,2.4,98.2,11.8,77.1,Yes,0.0,None
07:38:15.563,Active,406.7,2.4,98.2,11.8,77.1,Yes,0.0,None
07:38:15.983,Active,410.1,2.4,98.2,11.8,76.5,Yes,0.0,None
07:38:16.398,Active,407.5,2.4,98.8,11.8,77.1,Yes,0.0,None
07:38:16.820,Active,408.6,2.4,97.1,11.8,77.1,Yes,0.0,None
07:38:17.237,Active,409.8,2.4,98.8,11.8,76.5,Yes,0.0,None
07:38:17.651,Active,407.9,2.4,98.8,11.8,77.7,Yes,0.0,None
07:38:18.069,Active,411.4,2.4,98.8,11.8,77.1,Yes,0.0,None
07:38:18.484,Active,407.4,2.4,98.8,11.7,76.5,Yes,0.0,None
07:38:18.903,Active,408.3,2.4,97.6,11.8,76.5,Yes,0.0,None
07:38:19.320,Active,408.9,2.4,98.2,11.8,76.5,Yes,0.3308972716331482,Leaf Rot
07:38:19.736,Active,408.3,2.4,98.2,11.8,76.5,Yes,0.0,None
07:38:20.155,Active,411.0,2.4,98.8,11.7,77.1,Yes,0.0,None
07:38:20.571,Active,407.8,2.4,98.8,11.7,77.7,Yes,0.0,None
07:38:20.987,Active,408.8,2.4,98.8,11.7,77.1,Yes,0.0,None
07:38:21.398,Active,403.0,2.4,98.8,11.7,76.5,Yes,0.0,None
07:38:21.915,Active,410.6,2.4,80.5,11.7,77.1,Yes,0.0,None
07:38:22.332,Active,409.7,2.4,98.2,11.7,77.1,Yes,0.0,None
07:39:07.763,Active,417.7,2.4,1.1,11.8,59.0,Yes,0.0,None
07:39:08.176,Active,407.4,2.4,100.0,11.8,60.6,Yes,0.0,None
07:39:08.592,Active,408.6,2.4,98.8,11.8,61.1,Yes,0.0,None
07:39:09.033,Active,433.7,2.4,95.5,11.8,62.8,Yes,0.0,None
07:39:09.446,Active,406.2,4.7,98.8,11.8,63.4,Yes,0.0,None
07:39:09.873,Active,417.7,4.7,97.1,11.8,64.5,Yes,0.0,None
07:39:10.296,Active,416.1,4.7,98.8,11.8,64.5,Yes,0.0,None
07:39:10.718,Active,416.2,4.7,98.2,11.8,65.0,Yes,0.0,None
07:39:11.136,Active,408.5,4.7,98.2,11.8,65.0,Yes,0.0,None
07:39:11.554,Active,408.5,4.7,97.6,11.8,66.7,Yes,0.0,None
07:39:11.974,Active,409.7,4.7,98.8,11.8,66.1,Yes,0.0,None
07:39:12.390,Active,410.0,4.7,98.2,11.8,66.7,Yes,0.33443182706832886,Leaf Rot
07:39:12.811,Active,410.9,4.7,97.0,11.8,67.8,Yes,0.0,None
07:39:13.230,Active,410.5,4.7,98.2,11.8,67.8,Yes,0.0,None
07:39:13.644,Active,407.9,2.4,99.4,11.8,67.8,Yes,0.0,None
07:39:14.060,Active,410.5,2.4,98.8,11.8,68.8,Yes,0.3151725232601166,Leaf Rot
07:39:14.474,Active,408.2,2.4,98.8,11.8,68.8,Yes,0.0,None
07:39:14.887,Active,406.6,2.4,99.4,11.8,69.4,Yes,0.0,None
07:39:15.299,Active,406.1,2.4,99.4,11.8,70.0,Yes,0.0,None
07:39:15.733,Active,424.6,2.4,97.7,11.8,70.5,Yes,0.0,None
07:39:16.152,Active,408.9,2.4,98.2,11.9,70.5,Yes,0.0,None
07:39:16.572,Active,410.4,2.4,98.2,11.8,70.0,Yes,0.0,None
07:39:16.988,Active,409.1,2.4,98.2,11.8,70.5,Yes,0.0,None
07:39:17.406,Active,408.1,2.4,98.2,11.8,71.6,Yes,0.0,None
07:39:17.821,Active,407.3,2.4,98.2,11.8,71.0,Yes,0.0,None
07:39:18.245,Active,413.6,2.4,98.2,11.8,70.5,Yes,0.34581518173217773,Leaf Rot
07:39:18.660,Active,407.5,2.4,98.2,11.8,70.0,Yes,0.32327955961227417,Leaf Rot
07:39:19.078,Active,410.8,2.4,98.2,11.8,72.2,Yes,0.0,None
07:39:19.502,Active,414.1,2.4,97.6,11.8,71.6,Yes,0.0,None
07:39:19.918,Active,406.8,2.4,98.2,11.8,71.6,Yes,0.0,None
07:39:20.337,Active,409.6,2.4,98.2,11.8,72.2,Yes,0.0,None
07:39:20.753,Active,407.3,2.4,98.2,11.8,71.6,Yes,0.0,None
07:39:21.174,Active,410.2,2.4,98.2,11.8,72.2,Yes,0.32462555170059204,Leaf Rot
07:39:21.592,Active,408.5,2.4,98.2,11.8,72.2,Yes,0.0,None
07:39:22.009,Active,410.8,2.4,98.2,11.8,71.6,Yes,0.0,None
07:39:22.425,Active,409.9,2.4,98.8,11.8,72.2,Yes,0.0,None
07:39:22.839,Active,407.9,2.4,98.8,11.8,72.2,Yes,0.0,None
07:39:23.255,Active,408.3,2.4,98.2,11.8,72.7,Yes,0.0,None
07:39:23.681,Active,418.1,2.4,96.4,11.7,73.2,Yes,0.0,None
07:39:24.100,Active,410.3,2.4,98.2,11.8,73.2,Yes,0.0,None
07:39:24.516,Active,408.4,2.4,98.8,11.8,72.7,Yes,0.0,None
07:39:24.932,Active,409.7,2.4,98.8,11.8,73.2,Yes,0.0,None
07:39:25.349,Active,409.3,2.4,98.2,11.8,73.2,Yes,0.0,None
07:39:25.800,Active,445.1,2.4,98.3,11.8,73.2,Yes,0.0,None
07:39:26.219,Active,410.7,2.4,98.2,11.8,72.7,Yes,0.0,None
07:39:26.644,Active,416.2,2.4,98.2,11.8,73.2,Yes,0.0,None
07:39:27.064,Active,410.2,2.4,98.2,11.8,73.8,Yes,0.0,None
07:39:27.481,Active,407.0,2.4,98.2,11.8,73.8,Yes,0.0,None
07:39:27.898,Active,408.0,2.4,98.2,11.8,74.3,Yes,0.0,None
07:39:28.313,Active,409.2,2.4,98.2,11.8,73.8,Yes,0.0,None
07:39:28.727,Active,406.4,2.4,98.2,11.8,73.8,Yes,0.0,None
07:39:29.145,Active,409.4,2.4,98.8,11.8,73.8,Yes,0.0,None
07:39:29.566,Active,410.1,2.4,98.2,11.7,74.3,Yes,0.0,None
07:39:29.984,Active,408.7,2.4,97.6,11.7,74.3,Yes,0.0,None
07:39:30.401,Active,408.2,2.4,98.2,11.8,74.3,Yes,0.0,None
07:39:30.831,Active,419.5,2.4,98.3,11.8,73.8,Yes,0.0,None
07:39:31.253,Active,412.8,2.4,97.0,11.8,74.3,Yes,0.0,None
07:39:31.671,Active,409.6,2.4,98.2,11.8,74.9,Yes,0.0,None
07:39:32.089,Active,410.9,2.4,98.8,11.8,75.5,Yes,0.0,None
07:39:32.510,Active,411.6,2.4,98.2,11.8,74.3,Yes,0.3448493480682373,Leaf Rot
07:39:32.926,Active,409.1,2.4,97.6,11.8,75.5,Yes,0.0,None
07:39:33.340,Active,408.7,2.4,99.4,11.8,74.9,Yes,0.0,None
07:39:33.767,Active,420.8,2.4,96.5,11.8,74.3,Yes,0.0,None
07:39:34.183,Active,409.2,2.4,99.4,11.8,74.9,Yes,0.0,None
07:39:34.608,Active,416.5,2.4,98.8,11.8,74.9,Yes,0.0,None
07:39:35.024,Active,408.5,2.4,98.8,11.8,74.9,Yes,0.0,None
07:39:35.437,Active,405.1,2.4,99.4,11.8,74.9,Yes,0.0,None
07:39:35.861,Active,417.7,2.4,100.0,11.8,74.3,Yes,0.0,None
07:39:36.277,Active,409.9,2.4,98.8,11.8,74.3,Yes,0.0,None
07:39:36.693,Active,409.6,2.4,98.8,11.8,74.9,Yes,0.30498695373535156,Leaf Rot
07:39:37.112,Active,412.0,2.4,98.8,11.8,76.0,Yes,0.0,None
07:39:37.525,Active,407.4,2.4,98.8,11.8,74.9,Yes,0.0,None
07:39:37.945,Active,413.6,2.4,98.8,11.8,75.5,Yes,0.0,None
07:39:38.362,Active,411.2,2.4,98.8,11.8,74.9,Yes,0.0,None
07:39:38.778,Active,409.0,2.4,98.8,11.8,75.5,Yes,0.0,None
07:39:39.194,Active,408.8,2.4,98.8,11.8,75.5,Yes,0.0,None
07:39:39.611,Active,407.3,2.4,98.2,11.8,75.5,Yes,0.0,None
07:39:40.030,Active,410.2,2.4,97.6,11.8,75.5,Yes,0.3455844819545746,Leaf Rot
07:39:40.447,Active,407.4,2.4,98.2,11.8,76.0,Yes,0.0,None
07:39:40.881,Active,427.5,2.4,99.4,11.8,76.0,Yes,0.0,None
07:39:41.296,Active,409.9,2.4,98.8,11.8,75.5,Yes,0.0,None
07:39:41.830,Active,426.0,2.4,77.9,11.8,74.9,Yes,0.0,None
07:39:42.257,Active,417.6,2.4,97.1,11.8,76.0,Yes,0.0,None
07:39:42.674,Active,410.8,2.4,98.8,11.8,75.5,Yes,0.0,None
07:39:43.092,Active,411.4,2.3,98.8,11.8,76.0,Yes,0.0,None
07:39:43.506,Active,408.5,2.3,98.8,11.8,75.5,Yes,0.0,None
07:39:43.932,Active,416.9,2.3,96.4,11.8,76.0,Yes,0.0,None
07:39:44.355,Active,415.1,2.3,97.0,11.8,76.0,Yes,0.0,None
07:39:44.784,Active,420.6,2.3,95.9,11.8,74.9,Yes,0.0,None
07:39:45.223,Active,431.5,2.3,95.5,11.8,76.0,Yes,0.0,None
07:39:45.638,Active,406.7,2.3,98.8,11.8,76.0,Yes,0.0,None
07:39:46.074,Active,426.9,2.3,98.3,11.8,76.0,Yes,0.0,None
07:39:46.493,Active,409.8,2.3,98.8,11.8,75.5,Yes,0.0,None
07:39:46.906,Active,407.2,2.3,98.8,11.8,76.5,Yes,0.0,None
07:39:47.334,Active,421.7,2.4,98.3,11.8,76.0,Yes,0.0,None
07:39:47.748,Active,408.1,2.4,98.2,11.8,75.5,Yes,0.0,None
07:39:48.168,Active,412.2,2.4,98.8,11.8,77.1,Yes,0.30867868661880493,Leaf Rot
07:39:48.583,Active,407.9,2.4,98.2,11.8,76.5,Yes,0.0,None
07:39:49.001,Active,411.9,2.4,98.8,11.8,76.5,Yes,0.0,None
07:39:49.418,Active,407.1,2.4,98.2,11.8,76.0,Yes,0.0,None
07:39:49.836,Active,408.9,2.4,98.2,11.8,76.0,Yes,0.0,None
07:39:50.257,Active,414.0,2.4,98.8,11.8,76.0,Yes,0.0,None
07:39:50.691,Active,427.9,2.4,94.8,11.8,76.0,Yes,0.0,None
07:39:51.139,Active,439.4,2.4,95.0,11.8,76.5,Yes,0.0,None
07:39:51.555,Active,407.6,2.4,98.2,11.8,76.5,Yes,0.0,None
07:39:51.968,Active,407.0,2.4,99.4,11.7,76.0,Yes,0.0,None
07:39:52.384,Active,407.0,2.4,98.8,11.7,76.5,Yes,0.0,None
07:39:52.798,Active,408.5,2.4,98.8,11.7,76.0,Yes,0.3080551326274872,Leaf Rot
07:39:53.217,Active,411.7,2.4,98.2,11.8,76.5,Yes,0.0,None
07:39:53.630,Active,406.6,2.4,98.8,11.8,77.7,Yes,0.0,None
07:39:54.049,Active,409.9,2.4,98.2,11.8,76.5,Yes,0.0,None
07:39:54.464,Active,406.2,2.4,98.8,11.8,77.1,Yes,0.0,None
07:39:54.882,Active,408.0,2.4,97.6,11.8,77.1,Yes,0.0,None
07:39:55.300,Active,408.4,2.4,98.2,11.8,76.0,Yes,0.0,None
07:39:55.715,Active,406.8,2.4,98.2,11.8,76.0,Yes,0.0,None
07:39:56.169,Active,446.0,2.4,97.8,11.8,74.9,Yes,0.0,None
07:39:56.586,Active,408.8,2.4,98.8,11.8,77.1,Yes,0.0,None
07:39:57.004,Active,408.8,2.4,97.6,11.8,76.5,Yes,0.0,None
07:39:57.422,Active,408.5,2.4,98.2,11.8,77.1,Yes,0.0,None
07:39:57.835,Active,407.2,2.4,98.8,11.8,77.7,Yes,0.0,None
07:39:58.256,Active,411.9,2.4,98.2,11.8,76.5,Yes,0.0,None
07:39:58.681,Active,419.5,2.4,96.4,11.8,77.1,Yes,0.0,None
07:39:59.098,Active,406.8,2.4,98.8,11.8,77.1,Yes,0.0,None
07:39:59.516,Active,408.4,2.4,98.2,11.7,77.1,Yes,0.31718507409095764,Leaf Rot
07:39:59.932,Active,407.9,2.4,98.2,11.8,76.5,Yes,0.0,None
07:40:00.353,Active,411.6,2.4,98.2,11.8,76.5,Yes,0.0,None
07:40:00.770,Active,407.3,2.4,98.2,11.8,76.5,Yes,0.0,None
07:40:01.190,Active,411.0,2.4,98.2,11.8,77.1,Yes,0.0,None
07:40:01.617,Active,416.9,2.4,98.2,11.8,77.7,Yes,0.0,None
07:40:02.037,Active,411.7,2.4,98.2,11.8,77.1,Yes,0.346332848072052,Leaf Rot
07:40:02.455,Active,408.9,2.4,98.2,11.8,77.7,Yes,0.0,None
07:40:02.873,Active,409.4,2.4,98.2,11.8,76.5,Yes,0.0,None
07:40:03.293,Active,411.4,2.4,98.2,11.8,76.0,Yes,0.0,None
07:40:03.709,Active,406.8,2.4,98.2,11.8,77.7,Yes,0.0,None
07:40:04.124,Active,408.2,2.4,98.8,11.8,78.8,Yes,0.0,None
07:40:04.539,Active,408.0,2.4,98.8,11.8,78.8,Yes,0.0,None
07:40:04.954,Active,409.3,2.4,98.8,11.8,76.5,Yes,0.0,None
07:40:05.373,Active,412.4,2.4,98.8,11.8,77.1,Yes,0.0,None
07:40:05.788,Active,408.9,2.4,98.2,11.8,77.1,Yes,0.0,None
07:40:06.206,Active,410.9,2.4,98.8,11.8,77.1,Yes,0.0,None
07:40:06.633,Active,417.4,2.4,98.2,11.8,77.1,Yes,0.32332146167755127,Leaf Rot
07:40:07.052,Active,409.9,2.4,98.2,11.8,77.1,Yes,0.0,None
07:40:07.472,Active,410.9,2.4,97.6,11.8,77.1,Yes,0.0,None
07:40:52.916,Active,430.2,2.4,1.4,11.8,58.4,Yes,0.0,None
07:40:53.331,Active,407.4,11.8,99.4,11.8,60.0,Yes,0.0,None
07:40:53.747,Active,407.4,11.8,98.8,11.8,62.2,Yes,0.0,None
07:40:54.164,Active,409.9,11.8,99.4,11.8,61.1,Yes,0.0,None
07:40:54.581,Active,408.7,11.8,98.2,11.8,63.4,Yes,0.0,None
07:40:55.000,Active,410.9,11.8,98.2,11.8,63.9,Yes,0.0,None
07:40:55.418,Active,408.6,11.8,98.2,11.8,65.0,Yes,0.0,None
07:40:55.837,Active,408.8,11.8,97.6,11.8,65.0,Yes,0.0,None
07:40:56.255,Active,411.9,11.8,98.8,11.8,65.0,Yes,0.0,None
07:40:56.667,Active,406.4,11.8,99.4,11.7,65.5,Yes,0.0,None
07:40:57.120,Active,445.9,11.8,98.4,11.9,66.7,Yes,0.0,None
07:40:57.538,Active,411.6,2.4,98.2,11.9,67.2,Yes,0.0,None
07:40:57.953,Active,407.8,2.4,98.2,11.9,67.8,Yes,0.0,None
07:40:58.371,Active,411.9,2.4,98.8,11.9,68.8,Yes,0.0,None
07:40:58.790,Active,411.0,2.4,98.2,11.9,68.3,Yes,0.0,None
07:40:59.211,Active,413.5,2.4,97.6,11.9,67.8,Yes,0.0,None
07:40:59.633,Active,413.7,2.4,97.6,11.9,68.8,Yes,0.0,None
07:41:00.051,Active,411.3,2.4,98.8,11.8,69.4,Yes,0.0,None
07:41:00.466,Active,406.6,2.4,98.2,11.8,70.0,Yes,0.0,None
07:41:00.884,Active,411.5,2.4,97.6,11.8,68.8,Yes,0.0,None
07:41:01.300,Active,408.4,2.4,98.8,11.8,70.5,Yes,0.0,None
07:41:01.821,Active,412.8,2.3,79.2,11.8,69.4,Yes,0.0,None
07:41:02.251,Active,420.3,2.3,96.5,11.8,70.5,Yes,0.0,None
07:41:02.674,Active,413.5,2.3,98.8,11.8,70.5,Yes,0.0,None
07:41:03.094,Active,412.8,2.3,98.8,11.8,70.0,Yes,0.0,None
07:41:03.509,Active,409.3,2.3,98.2,11.8,70.5,Yes,0.0,None
07:41:03.923,Active,407.6,2.3,98.2,11.8,71.0,Yes,0.0,None
07:41:04.339,Active,408.0,2.3,98.8,11.8,72.2,Yes,0.0,None
07:41:04.751,Active,406.1,2.3,99.4,11.8,72.7,Yes,0.0,None
07:41:05.168,Active,411.1,2.3,99.4,11.8,71.0,Yes,0.33584821224212646,Leaf Rot
07:41:05.581,Active,405.2,2.3,98.2,11.8,71.6,Yes,0.0,None
07:41:06.000,Active,411.0,2.4,98.2,11.8,71.6,Yes,0.0,None
07:41:06.418,Active,408.5,2.4,98.2,11.8,72.2,Yes,0.0,None
07:41:06.835,Active,408.0,2.4,98.2,11.8,71.6,Yes,0.0,None
07:41:07.253,Active,410.9,2.4,98.2,11.8,72.2,Yes,0.36526045203208923,Leaf Rot
07:41:07.681,Active,414.7,2.4,97.7,11.8,72.2,Yes,0.33806711435317993,Leaf Rot
07:41:08.102,Active,412.4,2.4,98.2,11.8,72.2,Yes,0.0,None
07:41:08.522,Active,411.2,2.4,98.2,11.8,72.2,Yes,0.0,None
07:41:08.938,Active,409.6,2.4,97.0,11.8,73.2,Yes,0.0,None
07:41:09.372,Active,424.9,2.4,95.9,11.8,72.7,Yes,0.0,None
07:41:09.789,Active,409.2,2.4,98.8,11.8,72.2,Yes,0.39093920588493347,Leaf Rot
07:41:10.221,Active,426.0,2.4,96.5,11.8,72.7,Yes,0.0,None
07:41:10.643,Active,415.4,2.4,97.0,11.8,72.7,Yes,0.0,None
07:41:11.060,Active,410.4,2.4,98.2,11.8,73.2,Yes,0.0,None
07:41:11.483,Active,415.7,2.4,97.0,11.8,73.2,Yes,0.0,None
07:41:11.898,Active,407.4,2.4,98.8,11.8,73.8,Yes,0.0,None
07:41:12.340,Active,433.1,2.4,96.6,11.8,72.2,Yes,0.3041912615299225,Leaf Rot
07:41:12.759,Active,407.6,2.4,98.2,11.8,73.8,Yes,0.33440878987312317,Leaf Rot
07:41:13.177,Active,412.3,2.4,98.8,11.8,73.8,Yes,0.0,None
07:41:13.629,Active,443.4,2.4,93.9,11.8,73.8,Yes,0.31898629665374756,Leaf Rot
07:41:14.045,Active,409.7,2.4,98.8,11.8,73.8,Yes,0.0,None
07:41:14.460,Active,408.6,2.4,98.8,11.8,73.2,Yes,0.0,None
07:41:14.877,Active,408.5,2.4,98.2,11.8,73.8,Yes,0.0,None
07:41:15.297,Active,409.3,2.4,98.2,11.8,72.7,Yes,0.0,None
07:41:15.814,Active,405.8,2.4,79.1,11.8,73.8,Yes,0.0,None
07:41:16.242,Active,418.4,2.4,96.5,11.8,73.8,Yes,0.0,None
07:41:16.660,Active,408.9,2.4,98.2,11.8,74.3,Yes,0.0,None
07:41:17.080,Active,410.3,2.4,98.2,11.8,74.3,Yes,0.0,None
07:41:17.497,Active,407.2,2.4,97.6,11.8,74.3,Yes,0.0,None
07:41:17.925,Active,418.1,2.4,98.8,11.8,74.3,Yes,0.0,None
07:41:18.344,Active,409.5,2.4,98.2,11.8,74.9,Yes,0.0,None
07:41:18.760,Active,408.7,2.3,98.8,11.8,73.8,Yes,0.0,None
07:41:19.179,Active,410.7,2.3,98.2,11.8,74.9,Yes,0.0,None
07:41:19.591,Active,405.6,2.3,98.8,11.8,74.9,Yes,0.0,None
07:41:20.012,Active,411.5,2.3,98.2,11.8,74.9,Yes,0.3234447240829468,Leaf Rot
07:41:20.424,Active,406.4,2.3,99.4,11.8,74.9,Yes,0.0,None
07:41:20.840,Active,406.2,2.3,98.2,11.8,74.9,Yes,0.0,None
07:41:21.256,Active,408.0,2.3,98.8,11.8,73.8,Yes,0.0,None
07:41:21.672,Active,406.6,2.3,98.2,11.8,74.9,Yes,0.0,None
07:41:22.093,Active,410.9,2.3,97.6,11.8,74.9,Yes,0.3540119528770447,Leaf Rot
07:41:22.509,Active,407.2,2.3,98.2,11.8,75.5,Yes,0.0,None
07:41:22.931,Active,412.0,2.4,98.2,11.8,76.0,Yes,0.0,None
07:41:23.349,Active,411.6,2.4,98.8,11.8,75.5,Yes,0.0,None
07:41:23.765,Active,406.9,2.4,98.2,11.8,75.5,Yes,0.0,None
07:41:24.186,Active,411.5,2.4,98.2,11.8,74.3,Yes,0.0,None
07:41:24.605,Active,409.4,2.4,98.2,11.8,74.9,Yes,0.0,None
07:41:25.023,Active,409.9,2.4,97.6,11.8,74.9,Yes,0.0,None
07:41:25.442,Active,408.7,2.4,98.2,11.8,75.5,Yes,0.0,None
07:41:25.860,Active,408.5,2.4,97.6,11.8,75.5,Yes,0.0,None
07:41:26.279,Active,410.0,2.4,98.2,11.8,74.9,Yes,0.0,None
07:41:26.702,Active,417.1,2.4,98.8,11.8,75.5,Yes,0.0,None
07:41:27.123,Active,411.9,2.4,98.2,11.8,75.5,Yes,0.34864354133605957,Leaf Rot
07:41:27.539,Active,408.4,2.4,98.2,11.8,75.5,Yes,0.0,None
07:41:27.973,Active,425.0,2.4,98.8,11.8,74.9,Yes,0.0,None
07:41:28.389,Active,409.5,2.4,98.8,11.8,75.5,Yes,0.3235662579536438,Leaf Rot
07:41:28.802,Active,407.0,2.4,98.2,11.8,75.5,Yes,0.0,None
07:41:29.220,Active,411.3,2.4,99.4,11.8,74.9,Yes,0.0,None
07:41:29.637,Active,410.7,2.4,98.8,11.8,75.5,Yes,0.0,None
07:41:30.053,Active,409.2,2.4,98.8,11.8,75.5,Yes,0.0,None
07:41:30.467,Active,407.7,2.4,98.2,11.8,76.0,Yes,0.0,None
07:41:30.890,Active,416.4,2.4,97.6,11.8,75.5,Yes,0.3005639314651489,Leaf Rot
07:41:31.307,Active,408.2,2.4,98.2,11.8,76.0,Yes,0.0,None
07:41:31.722,Active,407.9,2.4,98.2,11.8,76.0,Yes,0.0,None
07:41:32.139,Active,411.3,2.4,98.8,11.8,76.0,Yes,0.0,None
07:41:32.566,Active,418.6,2.4,97.1,11.8,75.5,Yes,0.0,None
07:41:32.993,Active,420.4,2.4,98.2,11.8,76.5,Yes,0.0,None
07:41:33.412,Active,408.1,2.4,98.2,11.8,76.0,Yes,0.0,None
07:41:33.829,Active,407.7,2.4,97.6,11.8,76.0,Yes,0.0,None
07:41:34.248,Active,410.0,2.4,98.2,11.8,76.0,Yes,0.0,None
07:41:34.673,Active,415.7,2.4,98.2,11.8,76.0,Yes,0.0,None
07:41:35.093,Active,409.5,2.4,98.2,11.8,76.5,Yes,0.0,None
07:41:35.516,Active,411.0,2.4,96.5,11.8,76.5,Yes,0.0,None
07:41:35.932,Active,409.3,2.4,98.2,11.8,75.5,Yes,0.0,None
07:41:36.346,Active,406.9,2.4,98.8,11.8,76.5,Yes,0.0,None
07:41:36.768,Active,410.2,2.4,98.2,11.8,75.5,Yes,0.0,None
07:41:37.185,Active,409.5,2.4,98.2,11.8,75.5,Yes,0.3584258556365967,Leaf Rot
07:41:37.606,Active,412.0,2.4,98.2,11.8,76.0,Yes,0.3423629403114319,Leaf Rot
07:41:38.041,Active,429.4,2.4,98.3,11.8,76.0,Yes,0.0,None
07:41:38.462,Active,412.2,2.4,98.2,11.8,76.0,Yes,0.0,None
07:41:38.877,Active,408.2,2.4,97.6,11.8,76.0,Yes,0.0,None
07:41:39.295,Active,408.3,2.4,98.2,11.8,76.5,Yes,0.0,None
07:41:39.711,Active,407.3,2.4,98.2,11.8,76.5,Yes,0.0,None
07:41:40.146,Active,427.0,2.4,95.3,11.8,76.0,Yes,0.0,None
07:41:40.562,Active,407.6,2.4,98.8,11.8,76.5,Yes,0.0,None
07:41:40.978,Active,410.1,2.4,99.4,11.8,77.1,Yes,0.0,None
07:41:41.396,Active,409.0,2.4,97.6,11.8,76.5,Yes,0.0,None
07:41:41.811,Active,408.1,2.4,98.8,11.8,76.0,Yes,0.0,None
07:41:42.255,Active,435.7,2.4,95.5,11.8,77.7,Yes,0.0,None
07:41:42.669,Active,407.1,2.4,97.6,11.8,75.5,Yes,0.0,None
07:41:43.148,Active,473.5,2.4,94.2,11.8,76.5,Yes,0.0,None
07:41:43.580,Active,425.0,2.4,95.9,11.8,76.5,Yes,0.0,None
07:41:43.997,Active,409.9,2.3,98.8,11.8,76.5,Yes,0.0,None
07:41:44.418,Active,411.8,2.3,98.8,11.8,77.7,Yes,0.0,None
07:41:44.832,Active,407.9,2.3,98.2,11.8,74.9,Yes,0.0,None
07:41:45.249,Active,410.8,2.3,99.4,11.8,76.5,Yes,0.0,None
07:41:45.662,Active,407.7,2.3,98.8,11.8,76.0,Yes,0.0,None
07:41:46.081,Active,412.5,2.3,98.2,11.8,76.5,Yes,0.3499894142150879,Leaf Rot
07:41:46.497,Active,409.5,2.3,98.8,11.8,77.1,Yes,0.0,None
07:41:46.912,Active,408.6,2.3,98.8,11.8,76.5,Yes,0.0,None
07:41:47.329,Active,409.6,2.3,98.2,11.8,76.5,Yes,0.0,None
07:41:47.746,Active,407.6,2.3,98.2,11.8,76.5,Yes,0.0,None
07:41:48.193,Active,437.2,2.4,97.8,11.8,77.1,Yes,0.0,None
07:41:48.609,Active,409.8,2.4,98.8,11.8,76.5,Yes,0.0,None
07:41:49.030,Active,414.2,2.4,97.6,11.8,76.5,Yes,0.0,None
07:41:49.449,Active,409.6,2.4,98.2,11.8,76.5,Yes,0.0,None
07:41:49.864,Active,408.6,2.4,98.8,11.8,76.0,Yes,0.0,None
07:41:50.279,Active,409.2,2.4,98.8,11.8,77.1,Yes,0.0,None
07:41:50.693,Active,407.2,2.4,98.8,11.8,77.7,Yes,0.0,None
07:41:51.110,Active,410.8,2.4,99.4,11.8,76.5,Yes,0.0,None
07:41:51.529,Active,409.3,2.4,97.6,11.8,76.5,Yes,0.3515481948852539,Leaf Rot
07:41:51.943,Active,407.7,2.4,99.4,11.8,76.5,Yes,0.0,None
07:41:52.365,Active,413.8,2.4,98.2,11.8,77.1,Yes,0.0,None
07:41:52.781,Active,409.4,2.4,98.2,11.8,77.1,Yes,0.3024212718009949,Leaf Rot
07:42:38.223,Active,428.4,2.4,1.1,11.8,58.4,Yes,0.0,None
07:42:38.642,Active,408.4,2.4,98.8,11.9,59.0,Yes,0.0,None
07:42:39.086,Active,435.0,2.4,97.2,11.9,61.1,Yes,0.0,None
07:42:39.504,Active,409.0,2.4,97.6,11.9,62.2,Yes,0.0,None
07:42:39.918,Active,407.4,2.4,98.8,11.9,62.8,Yes,0.0,None
07:42:40.336,Active,408.5,2.4,98.2,11.9,65.0,Yes,0.0,None
07:42:40.750,Active,408.5,2.4,99.4,11.9,64.5,Yes,0.0,None
07:42:41.167,Active,409.1,2.4,98.2,11.9,65.5,Yes,0.0,None
07:42:41.583,Active,409.4,2.6,98.8,11.8,65.5,Yes,0.0,None
07:42:41.999,Active,409.9,2.6,98.8,11.8,66.7,Yes,0.0,None
07:42:42.422,Active,414.5,2.6,97.0,11.8,66.7,Yes,0.0,None
07:42:42.837,Active,405.6,2.6,98.2,11.8,67.2,Yes,0.0,None
07:42:43.253,Active,409.6,2.6,98.8,11.8,67.8,Yes,0.0,None
07:42:43.666,Active,406.8,2.6,98.8,11.8,68.3,Yes,0.0,None
07:42:44.108,Active,432.7,2.6,97.1,11.9,67.8,Yes,0.0,None
07:42:44.522,Active,407.1,2.6,98.8,11.8,68.3,Yes,0.0,None
07:42:44.939,Active,407.5,2.6,98.2,11.8,70.0,Yes,0.0,None
07:42:45.354,Active,407.1,2.6,98.2,11.8,69.4,Yes,0.0,None
07:42:45.777,Active,413.2,2.4,98.2,11.8,68.8,Yes,0.0,None
07:42:46.189,Active,405.6,2.4,98.2,11.8,70.0,Yes,0.0,None
07:42:46.603,Active,408.4,2.4,99.4,11.8,70.5,Yes,0.0,None
07:42:47.019,Active,410.2,2.4,99.4,11.8,70.0,Yes,0.0,None
07:42:47.431,Active,405.7,2.4,99.4,11.8,71.6,Yes,0.0,None
07:42:47.845,Active,406.2,2.4,99.4,11.8,71.6,Yes,0.0,None
07:42:48.263,Active,411.1,2.4,98.8,11.8,70.5,Yes,0.0,None
07:42:48.687,Active,418.1,2.4,97.6,11.8,70.5,Yes,0.3157739043235779,Leaf Rot
07:42:49.128,Active,432.3,2.4,98.3,11.8,71.6,Yes,0.0,None
07:42:49.543,Active,407.4,2.4,98.8,11.8,72.2,Yes,0.0,None
07:42:49.955,Active,406.5,2.4,99.4,11.8,71.6,Yes,0.0,None
07:42:50.373,Active,410.0,2.4,98.8,11.8,71.6,Yes,0.0,None
07:42:50.795,Active,415.5,2.4,98.2,11.8,72.2,Yes,0.3233835697174072,Leaf Rot
07:42:51.212,Active,409.1,2.4,97.6,11.8,72.2,Yes,0.0,None
07:42:51.626,Active,406.9,2.4,98.8,11.8,72.2,Yes,0.0,None
07:42:52.053,Active,417.5,2.4,97.1,11.8,72.2,Yes,0.0,None
07:42:52.470,Active,410.2,2.4,98.8,11.8,72.7,Yes,0.0,None
07:42:52.888,Active,410.1,2.4,98.2,11.8,72.2,Yes,0.0,None
07:42:53.304,Active,410.3,2.4,98.8,11.8,72.2,Yes,0.0,None
07:42:53.722,Active,410.3,2.4,98.8,11.8,72.2,Yes,0.0,None
07:42:54.141,Active,410.4,2.4,98.2,11.8,72.2,Yes,0.0,None
07:42:54.555,Active,408.1,2.4,98.8,11.8,73.2,Yes,0.0,None
07:42:54.974,Active,410.3,2.4,97.6,11.8,73.2,Yes,0.0,None
07:42:55.389,Active,406.8,2.4,98.8,11.8,73.2,Yes,0.0,None
07:42:55.806,Active,406.9,2.4,98.2,11.8,72.7,Yes,0.0,None
07:42:56.223,Active,408.6,2.4,98.8,11.8,72.7,Yes,0.0,None
07:42:56.642,Active,409.1,2.4,98.2,11.8,73.8,Yes,0.0,None
07:42:57.062,Active,410.9,2.4,97.6,11.8,72.7,Yes,0.0,None
07:42:57.479,Active,409.0,2.4,98.2,11.8,73.8,Yes,0.0,None
07:42:57.932,Active,442.9,2.4,93.9,11.8,73.2,Yes,0.0,None
07:42:58.352,Active,411.3,2.4,98.2,11.8,72.7,Yes,0.0,None
07:42:58.763,Active,405.0,2.4,98.8,11.8,73.8,Yes,0.0,None
07:42:59.217,Active,441.5,2.4,97.8,11.8,72.7,Yes,0.0,None
07:42:59.631,Active,408.2,2.4,98.8,11.8,73.8,Yes,0.0,None
07:43:00.050,Active,410.4,2.4,98.2,11.8,74.3,Yes,0.0,None
07:43:00.466,Active,408.1,2.4,98.2,11.8,72.7,Yes,0.0,None
07:43:00.881,Active,408.1,2.4,99.4,11.8,73.8,Yes,0.0,None
07:43:01.301,Active,411.3,2.4,98.2,11.8,74.9,Yes,0.0,None
07:43:01.718,Active,408.3,2.4,98.2,11.8,74.3,Yes,0.0,None
07:43:02.138,Active,410.9,2.4,98.2,11.8,74.3,Yes,0.3480101227760315,Leaf Rot
07:43:02.555,Active,407.6,2.4,98.2,11.8,74.3,Yes,0.315473347902298,Leaf Rot
07:43:02.977,Active,411.3,2.4,97.6,11.8,74.3,Yes,0.0,None
07:43:03.392,Active,408.2,2.4,98.2,11.8,74.3,Yes,0.0,None
07:43:03.809,Active,408.0,2.4,98.2,11.8,74.9,Yes,0.0,None
07:43:04.229,Active,410.1,2.4,98.2,11.8,73.2,Yes,0.0,None
07:43:04.656,Active,417.5,2.4,98.2,11.8,75.5,Yes,0.0,None
07:43:05.074,Active,408.8,2.4,98.2,11.8,74.9,Yes,0.0,None
07:43:05.491,Active,407.7,2.4,97.6,11.8,74.9,Yes,0.0,None
07:43:05.909,Active,407.5,2.4,98.2,11.8,74.9,Yes,0.0,None
07:43:06.334,Active,418.5,2.4,97.7,11.8,74.9,Yes,0.0,None
07:43:06.762,Active,419.7,2.4,96.4,11.8,74.3,Yes,0.0,None
07:43:07.181,Active,410.6,2.4,98.2,11.8,75.5,Yes,0.0,None
07:43:07.599,Active,407.8,2.4,98.2,11.8,74.9,Yes,0.0,None
07:43:08.020,Active,411.8,2.4,98.2,11.8,74.9,Yes,0.32485663890838623,Leaf Rot
07:43:08.441,Active,412.6,2.4,98.2,11.8,74.9,Yes,0.0,None
07:43:08.858,Active,408.7,2.4,98.2,11.8,75.5,Yes,0.3135037422180176,Leaf Rot
07:43:09.290,Active,422.5,2.4,97.7,11.8,74.9,Yes,0.0,None
07:43:09.707,Active,408.0,2.4,98.2,11.8,74.9,Yes,0.0,None
07:43:10.124,Active,410.0,2.4,98.8,11.8,76.0,Yes,0.3608846664428711,Leaf Rot
07:43:10.557,Active,425.4,2.4,95.9,11.8,75.5,Yes,0.0,None
07:43:10.986,Active,419.3,2.4,96.5,11.8,75.5,Yes,0.0,None
07:43:11.405,Active,409.4,2.4,98.2,11.8,74.9,Yes,0.0,None
07:43:11.821,Active,409.1,2.4,98.8,11.8,75.5,Yes,0.0,None
07:43:12.237,Active,410.2,2.4,98.8,11.8,76.0,Yes,0.0,None
07:43:12.654,Active,410.4,2.4,98.8,11.8,75.5,Yes,0.0,None
07:43:13.072,Active,408.9,2.4,97.6,11.8,74.9,Yes,0.0,None
07:43:13.487,Active,408.0,2.4,99.4,11.8,76.0,Yes,0.0,None
07:43:13.900,Active,406.7,2.4,98.8,11.8,76.5,Yes,0.0,None
07:43:14.341,Active,433.5,2.4,97.1,11.8,74.9,Yes,0.0,None
07:43:14.763,Active,415.2,2.4,97.6,11.8,75.5,Yes,0.0,None
07:43:15.182,Active,412.5,2.4,98.8,11.8,76.0,Yes,0.0,None
07:43:15.613,Active,423.1,2.4,96.5,11.8,76.0,Yes,0.0,None
07:43:16.028,Active,408.3,2.4,98.2,11.8,75.5,Yes,0.0,None
07:43:16.441,Active,407.2,2.4,99.4,11.8,75.5,Yes,0.0,None
07:43:16.856,Active,409.0,2.4,99.4,11.8,75.5,Yes,0.0,None
07:43:17.271,Active,408.0,2.4,98.8,11.8,76.0,Yes,0.0,None
07:43:17.687,Active,408.0,2.4,98.8,11.8,76.5,Yes,0.0,None
07:43:18.108,Active,412.7,2.4,98.8,11.8,77.1,Yes,0.0,None
07:43:18.534,Active,418.5,2.4,96.5,11.8,76.0,Yes,0.0,None
07:43:18.962,Active,418.2,2.4,97.0,11.8,76.5,Yes,0.30407100915908813,Leaf Rot
07:43:19.377,Active,405.7,2.4,98.2,11.8,76.5,Yes,0.0,None
07:43:19.811,Active,427.8,2.4,99.4,11.8,76.0,Yes,0.0,None
07:43:20.225,Active,408.0,2.4,99.4,11.8,76.0,Yes,0.0,None
07:43:20.641,Active,410.0,2.4,99.4,11.8,76.5,Yes,0.0,None
07:43:21.059,Active,410.6,2.4,97.6,11.8,76.5,Yes,0.0,None
07:43:21.476,Active,407.8,2.4,98.2,11.8,76.5,Yes,0.0,None
07:43:21.894,Active,408.6,2.4,97.6,11.8,76.0,Yes,0.0,None
07:43:22.309,Active,409.3,2.4,99.4,11.8,76.5,Yes,0.0,None
07:43:22.725,Active,407.7,2.4,98.2,11.8,75.5,Yes,0.0,None
07:43:23.144,Active,410.3,2.4,98.2,11.8,76.5,Yes,0.0,None
07:43:23.558,Active,407.0,2.4,98.8,11.8,76.0,Yes,0.0,None
07:43:23.980,Active,412.5,2.4,98.2,11.8,76.5,Yes,0.0,None
07:43:24.393,Active,407.2,2.4,98.2,11.8,77.7,Yes,0.0,None
07:43:24.821,Active,417.7,2.4,96.5,11.8,76.5,Yes,0.0,None
07:43:25.237,Active,410.2,2.4,98.8,11.8,77.1,Yes,0.0,None
07:43:25.658,Active,414.9,2.4,98.2,11.8,76.5,Yes,0.31403475999832153,Leaf Rot
07:43:26.078,Active,410.0,2.4,97.6,11.8,77.1,Yes,0.3095860481262207,Leaf Rot
07:43:26.498,Active,413.6,2.4,98.8,11.8,76.5,Yes,0.0,None
07:43:27.018,Active,408.7,2.4,78.9,11.8,77.1,Yes,0.0,None
07:43:27.434,Active,409.0,2.4,98.2,11.8,76.5,Yes,0.0,None
07:43:27.851,Active,407.9,2.3,98.2,11.8,76.5,Yes,0.0,None
07:43:28.266,Active,409.3,2.3,98.8,11.8,76.5,Yes,0.0,None
07:43:28.680,Active,407.0,2.3,98.8,11.8,76.5,Yes,0.0,None
07:43:29.097,Active,411.3,2.3,99.4,11.8,77.1,Yes,0.31060361862182617,Leaf Rot
07:43:29.515,Active,410.9,2.3,98.8,11.8,76.5,Yes,0.0,None
07:43:29.959,Active,438.1,2.3,97.2,11.8,76.5,Yes,0.0,None
07:43:30.382,Active,414.9,2.3,98.2,11.8,76.5,Yes,0.0,None
07:43:30.800,Active,409.0,2.3,98.2,11.8,76.5,Yes,0.32485610246658325,Leaf Rot
07:43:31.217,Active,411.0,2.3,98.8,11.8,77.1,Yes,0.0,None
07:43:31.635,Active,407.8,2.3,97.6,11.8,76.5,Yes,0.0,None
07:43:32.053,Active,409.4,2.4,98.8,11.8,76.5,Yes,0.0,None
07:43:32.471,Active,411.1,2.4,98.8,11.8,76.5,Yes,0.0,None
07:43:32.885,Active,408.2,2.4,98.8,11.8,77.7,Yes,0.0,None
07:43:33.301,Active,409.7,2.4,98.8,11.8,77.1,Yes,0.0,None
07:43:33.717,Active,409.6,2.4,98.8,11.8,76.5,Yes,0.0,None
07:43:34.136,Active,412.7,2.4,98.2,11.8,77.1,Yes,0.32291173934936523,Leaf Rot
07:43:34.560,Active,418.3,2.4,98.2,11.8,77.1,Yes,0.0,None
07:43:34.989,Active,421.4,2.4,99.4,11.8,77.1,Yes,0.0,None
07:43:35.403,Active,407.4,2.4,98.8,11.8,77.1,Yes,0.0,None
07:43:35.820,Active,408.3,2.4,98.2,11.8,77.1,Yes,0.0,None
07:43:36.237,Active,409.1,2.4,98.8,11.8,77.7,Yes,0.0,None
07:43:36.652,Active,409.0,2.4,98.8,11.8,77.7,Yes,0.0,None
07:43:37.072,Active,412.6,2.4,98.8,11.8,76.0,Yes,0.0,None
07:43:37.489,Active,409.6,2.4,98.2,11.8,77.1,Yes,0.0,None
07:43:37.904,Active,408.4,2.4,98.8,11.8,77.1,Yes,0.0,None
07:44:23.336,Active,418.3,2.4,1.3,11.8,59.0,Yes,0.0,None
07:44:23.747,Active,405.4,2.4,100.0,11.9,60.6,Yes,0.0,None
07:44:24.163,Active,410.0,2.4,99.4,11.9,62.2,Yes,0.0,None
07:44:24.578,Active,409.5,2.4,99.4,11.9,62.2,Yes,0.0,None
07:44:24.997,Active,412.8,2.4,98.8,11.9,63.9,Yes,0.0,None
07:44:25.420,Active,416.7,4.0,97.1,11.9,63.9,Yes,0.0,None
07:44:25.835,Active,408.1,4.0,98.8,11.9,64.5,Yes,0.0,None
07:44:26.250,Active,409.3,4.0,98.8,11.8,65.5,Yes,0.0,None
07:44:26.667,Active,409.4,4.0,98.2,11.8,65.5,Yes,0.0,None
07:44:27.083,Active,408.0,4.0,98.8,11.8,66.7,Yes,0.0,None
07:44:27.505,Active,413.9,4.0,97.0,11.8,67.2,Yes,0.0,None
07:44:27.922,Active,407.6,4.0,98.2,11.8,67.8,Yes,0.0,None
07:44:28.339,Active,408.1,4.0,98.2,11.8,67.8,Yes,0.0,None
07:44:28.756,Active,409.9,4.0,99.4,11.8,68.8,Yes,0.35553351044654846,Leaf Rot
07:44:29.173,Active,409.6,4.0,98.2,11.8,68.3,Yes,0.0,None
07:44:29.586,Active,406.8,2.4,98.8,11.8,68.3,Yes,0.0,None
07:44:30.001,Active,408.8,2.4,99.4,11.8,67.8,Yes,0.0,None
07:44:30.417,Active,409.2,2.4,99.4,11.8,68.8,Yes,0.0,None
07:44:30.865,Active,441.8,2.4,97.8,11.9,70.0,Yes,0.31280168890953064,Leaf Rot
07:44:31.284,Active,412.7,2.4,99.4,11.8,69.4,Yes,0.0,None
07:44:31.715,Active,423.6,2.4,95.4,11.8,70.0,Yes,0.3564852774143219,Leaf Rot
07:44:32.148,Active,424.9,2.4,95.9,11.8,70.0,Yes,0.0,None
07:44:32.561,Active,407.4,2.4,99.4,11.8,70.5,Yes,0.0,None
07:44:32.979,Active,409.1,2.4,97.6,11.8,70.0,Yes,0.0,None
07:44:33.408,Active,422.2,2.4,97.0,11.8,70.5,Yes,0.3421427607536316,Leaf Rot
07:44:33.823,Active,409.0,2.4,98.2,11.8,71.6,Yes,0.0,None
07:44:34.242,Active,410.8,2.4,98.8,11.8,71.6,Yes,0.0,None
07:44:34.655,Active,406.6,2.4,98.8,11.8,71.6,Yes,0.0,None
07:44:35.074,Active,409.9,2.4,98.8,11.8,72.2,Yes,0.3063204288482666,Leaf Rot
07:44:35.492,Active,408.3,2.4,97.6,11.8,73.2,Yes,0.0,None
07:44:35.916,Active,418.9,2.4,99.4,11.8,72.2,Yes,0.0,None
07:44:36.336,Active,410.0,2.4,97.6,11.8,72.7,Yes,0.0,None
07:44:36.752,Active,410.5,2.4,98.8,11.8,71.6,Yes,0.0,None
07:44:37.172,Active,411.4,2.4,98.2,11.7,72.2,Yes,0.0,None
07:44:37.588,Active,408.2,2.4,98.2,11.8,72.7,Yes,0.0,None
07:44:38.007,Active,409.5,2.4,98.2,11.8,72.7,Yes,0.0,None
07:44:38.424,Active,407.3,2.4,97.6,11.7,72.2,Yes,0.0,None
07:44:38.838,Active,407.1,2.4,99.4,11.7,72.2,Yes,0.0,None
07:44:39.269,Active,421.7,2.4,96.0,11.7,72.7,Yes,0.0,None
07:44:39.684,Active,408.5,2.4,99.4,11.7,73.2,Yes,0.0,None
07:44:40.101,Active,410.0,2.4,98.8,11.7,72.7,Yes,0.0,None
07:44:40.517,Active,406.9,2.4,98.2,11.7,73.2,Yes,0.0,None
07:44:40.948,Active,424.6,2.4,98.8,11.7,73.2,Yes,0.0,None
07:44:41.364,Active,409.5,2.4,98.2,11.7,73.2,Yes,0.0,None
07:44:41.784,Active,409.8,2.4,98.2,11.7,72.7,Yes,0.0,None
07:44:42.198,Active,406.5,2.4,98.8,11.7,73.8,Yes,0.0,None
07:44:42.612,Active,404.9,2.4,98.8,11.7,73.2,Yes,0.31558758020401,Leaf Rot
07:44:43.029,Active,410.9,2.4,98.8,11.7,73.8,Yes,0.0,None
07:44:43.445,Active,409.8,2.4,98.8,11.7,73.2,Yes,0.0,None
07:44:43.874,Active,422.4,2.4,97.1,11.7,74.3,Yes,0.0,None
07:44:44.292,Active,412.1,2.4,98.8,11.7,74.3,Yes,0.0,None
07:44:44.709,Active,409.8,2.4,98.2,11.7,74.9,Yes,0.0,None
07:44:45.129,Active,410.6,2.4,98.8,11.7,74.9,Yes,0.0,None
07:44:45.544,Active,409.6,2.4,98.8,11.7,73.8,Yes,0.0,None
07:44:45.982,Active,430.8,2.4,98.3,11.8,73.8,Yes,0.0,None
07:44:46.395,Active,407.4,2.4,98.8,11.8,74.3,Yes,0.0,None
07:44:46.810,Active,408.3,2.4,99.4,11.8,73.2,Yes,0.0,None
07:44:47.226,Active,410.6,2.4,99.4,11.8,74.3,Yes,0.0,None
07:44:47.643,Active,409.9,2.4,98.2,11.8,74.3,Yes,0.0,None
07:44:48.061,Active,409.2,2.4,98.2,11.8,74.9,Yes,0.0,None
07:44:48.475,Active,407.4,2.4,98.8,11.8,74.9,Yes,0.0,None
07:44:48.917,Active,433.9,2.4,95.4,11.8,74.3,Yes,0.35340598225593567,Leaf Rot
07:44:49.335,Active,409.1,2.4,98.2,11.8,74.3,Yes,0.0,None
07:44:49.753,Active,407.9,2.4,98.2,11.8,74.9,Yes,0.0,None
07:44:50.169,Active,409.5,2.4,98.2,11.8,76.0,Yes,0.0,None
07:44:50.583,Active,407.2,2.4,98.8,11.8,74.9,Yes,0.0,None
07:44:51.003,Active,410.1,2.4,98.8,11.8,74.9,Yes,0.0,None
07:44:51.442,Active,428.0,2.4,97.1,11.8,74.9,Yes,0.0,None
07:44:51.860,Active,408.6,2.4,98.2,11.8,76.5,Yes,0.0,None
07:44:52.277,Active,409.2,2.4,98.2,11.8,75.5,Yes,0.0,None
07:44:52.693,Active,410.0,2.4,98.2,11.8,75.5,Yes,0.0,None
07:44:53.109,Active,409.7,2.4,98.8,11.8,75.5,Yes,0.30209022760391235,Leaf Rot
07:44:53.529,Active,413.8,2.4,99.4,11.8,75.5,Yes,0.0,None
07:44:53.943,Active,407.9,2.4,98.2,11.8,74.9,Yes,0.0,None
07:44:54.361,Active,409.4,2.4,98.8,11.8,74.9,Yes,0.0,None
07:44:54.777,Active,409.0,2.4,98.8,11.8,76.5,Yes,0.0,None
07:44:55.201,Active,417.4,2.4,97.6,11.8,75.5,Yes,0.0,None
07:44:55.713,Active,405.6,2.4,79.3,11.8,75.5,Yes,0.0,None
07:44:56.131,Active,408.9,2.4,98.2,11.8,74.9,Yes,0.0,None
07:44:56.548,Active,407.7,2.4,97.6,11.8,74.3,Yes,0.0,None
07:44:56.965,Active,408.2,2.4,98.2,11.8,76.0,Yes,0.3156384229660034,Leaf Rot
07:44:57.381,Active,407.8,2.4,98.8,11.8,75.5,Yes,0.0,None
07:44:57.795,Active,406.4,2.4,98.2,11.8,76.0,Yes,0.0,None
07:44:58.210,Active,407.5,2.4,98.8,11.8,76.0,Yes,0.0,None
07:44:58.631,Active,407.8,2.4,97.1,11.7,76.0,Yes,0.0,None
07:44:59.050,Active,410.3,2.3,98.2,11.7,76.0,Yes,0.0,None
07:44:59.468,Active,408.6,2.3,97.6,11.8,76.0,Yes,0.0,None
07:44:59.886,Active,407.8,2.3,98.2,11.8,76.0,Yes,0.0,None
07:45:00.303,Active,411.3,2.3,98.8,11.8,76.0,Yes,0.0,None
07:45:00.722,Active,408.5,2.3,97.1,11.8,75.5,Yes,0.0,None
07:45:01.176,Active,445.9,2.3,98.3,11.8,76.5,Yes,0.0,None
07:45:01.597,Active,411.3,2.3,97.6,11.9,76.0,Yes,0.30831319093704224,Leaf Rot
07:45:02.015,Active,410.6,2.3,98.8,11.9,76.0,Yes,0.0,None
07:45:02.432,Active,410.1,2.3,98.2,11.9,76.0,Yes,0.0,None
07:45:02.849,Active,409.0,2.3,98.2,11.9,77.1,Yes,0.0,None
07:45:03.269,Active,411.1,2.4,98.2,11.9,76.5,Yes,0.0,None
07:45:03.685,Active,407.6,2.4,98.2,11.9,76.5,Yes,0.0,None
07:45:04.105,Active,409.8,2.4,98.2,11.9,76.0,Yes,0.0,None
07:45:04.520,Active,408.6,2.4,98.2,11.9,76.0,Yes,0.0,None
07:45:04.936,Active,408.5,2.4,98.8,11.8,76.5,Yes,0.0,None
07:45:05.353,Active,410.9,2.4,99.4,11.8,76.0,Yes,0.0,None
07:45:05.771,Active,408.7,2.4,98.2,11.8,76.5,Yes,0.0,None
07:45:06.188,Active,408.1,2.4,98.2,11.8,76.5,Yes,0.0,None
07:45:06.614,Active,417.7,2.4,98.3,11.8,77.1,Yes,0.0,None
07:45:07.031,Active,410.8,2.4,99.4,11.8,76.5,Yes,0.0,None
07:45:07.446,Active,408.3,2.4,98.8,11.8,76.5,Yes,0.0,None
07:45:07.858,Active,406.3,2.4,99.4,11.8,76.0,Yes,0.0,None
07:45:08.272,Active,407.7,2.4,99.4,11.8,76.5,Yes,0.30544519424438477,Leaf Rot
07:45:08.689,Active,409.0,2.4,99.4,11.8,78.8,Yes,0.3539865016937256,Leaf Rot
07:45:09.108,Active,413.3,2.4,98.2,11.8,77.1,Yes,0.0,None
07:45:09.523,Active,408.8,2.4,98.2,11.8,76.5,Yes,0.0,None
07:45:09.945,Active,413.7,2.4,98.2,11.8,76.5,Yes,0.0,None
07:45:10.364,Active,413.0,2.4,98.8,11.8,76.5,Yes,0.0,None
07:45:10.780,Active,410.0,2.4,97.6,11.8,76.5,Yes,0.0,None
07:45:11.206,Active,415.4,2.4,98.2,11.8,76.5,Yes,0.34978920221328735,Leaf Rot
07:45:11.636,Active,423.4,2.4,97.7,11.8,76.0,Yes,0.0,None
07:45:12.060,Active,414.2,2.4,98.2,11.8,76.5,Yes,0.0,None
07:45:12.479,Active,409.0,2.4,98.2,11.8,76.5,Yes,0.0,None
07:45:12.897,Active,408.5,2.4,98.2,11.8,77.1,Yes,0.0,None
07:45:13.316,Active,412.2,2.4,98.8,11.8,76.0,Yes,0.0,None
07:45:13.731,Active,408.2,2.4,98.2,11.8,77.1,Yes,0.0,None
07:45:14.149,Active,410.9,2.4,98.8,11.8,77.1,Yes,0.0,None
07:45:14.569,Active,411.1,2.4,98.2,11.8,77.1,Yes,0.0,None
07:45:14.983,Active,407.3,2.4,98.2,11.8,76.5,Yes,0.0,None
07:45:15.395,Active,406.1,2.4,100.0,11.8,78.2,Yes,0.0,None
07:45:15.813,Active,408.4,2.4,98.2,11.8,77.7,Yes,0.0,None
07:45:16.229,Active,409.6,2.4,97.6,11.8,77.7,Yes,0.0,None
07:45:16.663,Active,428.2,2.4,98.9,11.8,77.1,Yes,0.0,None
07:45:17.079,Active,409.8,2.4,98.8,11.8,77.1,Yes,0.0,None
07:45:17.497,Active,409.9,2.4,98.2,11.8,77.7,Yes,0.0,None
07:45:17.911,Active,407.7,2.4,98.8,11.8,77.7,Yes,0.0,None
07:45:18.327,Active,407.6,2.4,98.8,11.8,77.7,Yes,0.0,None
07:45:18.744,Active,408.1,2.4,98.8,11.8,77.1,Yes,0.0,None
07:45:19.161,Active,411.4,2.4,98.8,11.8,77.1,Yes,0.0,None
07:45:19.576,Active,408.5,2.4,99.4,11.8,77.1,Yes,0.0,None
07:45:19.992,Active,410.1,2.4,98.8,11.8,78.2,Yes,0.0,None
07:45:20.409,Active,410.5,2.4,98.8,11.8,77.1,Yes,0.0,None
07:45:20.821,Active,405.9,2.4,98.8,11.8,77.1,Yes,0.0,None
07:45:21.241,Active,410.9,2.4,98.2,11.8,77.7,Yes,0.0,None
07:45:21.682,Active,434.9,2.4,98.9,11.8,76.5,Yes,0.0,None
07:45:22.099,Active,410.5,2.4,98.8,11.8,77.1,Yes,0.0,None
07:45:22.531,Active,424.6,2.4,96.5,11.8,78.2,Yes,0.0,None
07:45:22.947,Active,409.7,2.4,99.4,11.8,77.7,Yes,0.0,None
07:46:08.395,Active,431.9,2.4,1.1,11.8,60.0,Yes,0.0,None
07:46:08.810,Active,406.4,2.4,98.2,11.8,61.1,Yes,0.0,None
07:46:09.228,Active,408.6,7.9,98.2,11.8,60.0,Yes,0.0,None
07:46:09.646,Active,407.6,7.9,98.2,11.8,62.8,Yes,0.0,None
07:46:10.069,Active,413.9,7.9,97.6,11.8,63.4,Yes,0.0,None
07:46:10.480,Active,405.1,7.9,98.8,11.8,63.4,Yes,0.0,None
07:46:10.894,Active,406.6,7.9,98.8,11.8,64.5,Yes,0.0,None
07:46:11.312,Active,408.5,7.9,98.2,11.8,64.5,Yes,0.0,None
07:46:11.729,Active,410.8,7.9,99.4,11.8,65.5,Yes,0.0,None
07:46:12.149,Active,411.9,7.9,97.6,11.8,65.5,Yes,0.0,None
07:46:12.590,Active,435.0,7.9,97.7,11.8,66.7,Yes,0.0,None
07:46:13.010,Active,410.6,7.9,97.6,11.9,67.2,Yes,0.0,None
07:46:13.450,Active,430.2,2.4,95.4,11.9,67.8,Yes,0.0,None
07:46:13.863,Active,407.1,2.4,98.8,11.9,67.8,Yes,0.34223678708076477,Leaf Rot
07:46:14.279,Active,410.4,2.4,98.8,11.9,67.2,Yes,0.0,None
07:46:14.697,Active,409.8,2.4,98.2,11.9,67.8,Yes,0.0,None
07:46:15.113,Active,409.8,2.4,98.2,11.9,68.3,Yes,0.0,None
07:46:15.527,Active,407.4,2.4,99.4,11.8,68.8,Yes,0.0,None
07:46:15.947,Active,410.9,2.4,98.2,11.8,69.4,Yes,0.0,None
07:46:16.363,Active,409.4,2.4,98.2,11.8,69.4,Yes,0.0,None
07:46:16.780,Active,410.6,2.4,98.2,11.8,70.0,Yes,0.0,None
07:46:17.195,Active,409.3,2.4,98.8,11.8,70.0,Yes,0.0,None
07:46:17.631,Active,427.8,2.4,98.3,11.8,70.0,Yes,0.0,None
07:46:18.058,Active,418.2,2.4,97.0,11.9,70.5,Yes,0.0,None
07:46:18.472,Active,407.1,2.4,98.2,11.9,70.5,Yes,0.0,None
07:46:18.886,Active,406.6,2.4,97.6,11.9,71.0,Yes,0.0,None
07:46:19.300,Active,407.9,2.4,98.8,11.9,71.0,Yes,0.0,None
07:46:19.715,Active,409.1,2.4,99.4,11.9,71.6,Yes,0.0,None
07:46:20.137,Active,413.5,2.4,98.2,11.9,71.0,Yes,0.0,None
07:46:20.554,Active,410.5,2.4,98.2,11.8,72.2,Yes,0.0,None
07:46:20.979,Active,416.0,2.4,97.1,11.8,71.6,Yes,0.0,None
07:46:21.399,Active,411.3,2.4,98.2,11.8,71.6,Yes,0.367628812789917,Leaf Rot
07:46:21.816,Active,410.4,2.4,98.2,11.8,71.6,Yes,0.0,None
07:46:22.233,Active,409.3,2.4,98.8,11.8,72.2,Yes,0.0,None
07:46:22.669,Active,429.7,2.4,98.9,11.8,72.2,Yes,0.0,None
07:46:23.084,Active,408.7,2.4,99.4,11.8,73.2,Yes,0.0,None
07:46:23.506,Active,412.3,2.4,97.6,11.8,72.7,Yes,0.33167165517807007,Leaf Rot
07:46:23.922,Active,410.1,2.4,97.6,11.8,72.7,Yes,0.0,None
07:46:24.340,Active,408.9,2.4,98.2,11.8,72.7,Yes,0.0,None
07:46:24.759,Active,408.5,2.4,98.2,11.8,72.7,Yes,0.0,None
07:46:25.177,Active,409.0,2.4,98.2,11.8,72.7,Yes,0.0,None
07:46:25.594,Active,411.0,2.4,98.2,11.8,73.2,Yes,0.0,None
07:46:26.014,Active,410.6,2.4,98.2,11.8,73.8,Yes,0.0,None
07:46:26.430,Active,406.7,2.4,98.2,11.8,74.3,Yes,0.0,None
07:46:26.853,Active,414.6,2.4,97.0,11.8,73.8,Yes,0.0,None
07:46:27.273,Active,411.5,2.4,97.6,11.8,73.2,Yes,0.0,None
07:46:27.694,Active,411.2,2.4,98.2,11.8,73.8,Yes,0.31657034158706665,Leaf Rot
07:46:28.111,Active,410.4,2.4,97.6,11.8,73.2,Yes,0.0,None
07:46:28.526,Active,407.6,2.4,98.2,11.7,73.8,Yes,0.0,None
07:46:28.943,Active,408.7,2.4,98.8,11.7,73.8,Yes,0.0,None
07:46:29.396,Active,406.8,2.4,90.6,11.7,73.2,Yes,0.0,None
07:46:29.809,Active,407.0,2.4,99.4,11.7,73.2,Yes,0.0,None
07:46:30.227,Active,411.9,2.4,98.8,11.8,73.8,Yes,0.0,None
07:46:30.639,Active,405.7,2.4,99.4,11.7,74.3,Yes,0.0,None
07:46:31.055,Active,409.9,2.4,99.4,11.7,73.8,Yes,0.0,None
07:46:31.469,Active,408.5,2.4,98.8,11.7,73.8,Yes,0.0,None
07:46:31.884,Active,408.9,2.4,98.8,11.7,73.8,Yes,0.0,None
07:46:32.300,Active,408.6,2.4,98.8,11.7,74.9,Yes,0.0,None
07:46:32.856,Active,448.5,2.4,80.2,11.8,74.3,Yes,0.0,None
07:46:33.273,Active,409.4,2.4,98.2,11.8,73.8,Yes,0.0,None
07:46:33.693,Active,410.1,2.4,98.2,11.8,73.8,Yes,0.0,None
07:46:34.111,Active,410.4,2.4,98.2,11.8,74.3,Yes,0.0,None
07:46:34.527,Active,407.4,2.3,98.2,11.8,74.3,Yes,0.0,None
07:46:34.944,Active,411.6,2.3,97.6,11.8,74.9,Yes,0.0,None
07:46:35.366,Active,412.7,2.3,98.2,11.7,74.3,Yes,0.0,None
07:46:35.784,Active,411.2,2.3,98.2,11.7,74.3,Yes,0.0,None
07:46:36.204,Active,412.9,2.3,98.2,11.7,74.3,Yes,0.0,None
07:46:36.620,Active,408.3,2.3,98.2,11.7,74.9,Yes,0.0,None
07:46:37.036,Active,409.9,2.3,98.8,11.7,74.3,Yes,0.0,None
07:46:37.452,Active,409.1,2.3,98.8,11.7,74.3,Yes,0.0,None
07:46:37.876,Active,416.3,2.3,98.8,11.8,74.9,Yes,0.0,None
07:46:38.293,Active,409.3,2.3,98.8,11.8,75.5,Yes,0.0,None
07:46:38.713,Active,413.7,2.4,98.8,11.8,74.9,Yes,0.0,None
07:46:39.133,Active,411.2,2.4,98.2,11.8,74.9,Yes,0.0,None
07:46:39.547,Active,408.1,2.4,98.8,11.8,74.9,Yes,0.0,None
07:46:39.964,Active,410.9,2.4,98.2,11.8,74.9,Yes,0.0,None
07:46:40.380,Active,408.1,2.4,97.6,11.8,76.0,Yes,0.0,None
07:46:40.797,Active,409.4,2.4,98.8,11.8,75.5,Yes,0.3483657240867615,Leaf Rot
07:46:41.214,Active,410.9,2.4,98.8,11.8,74.9,Yes,0.0,None
07:46:41.632,Active,409.0,2.4,98.2,11.7,74.9,Yes,0.0,None
07:46:42.055,Active,415.8,2.4,98.2,11.8,74.9,Yes,0.0,None
07:46:42.473,Active,409.4,2.4,98.2,11.8,75.5,Yes,0.0,None
07:46:42.904,Active,424.9,2.4,98.9,11.8,74.9,Yes,0.0,None
07:46:43.323,Active,412.5,2.4,99.4,11.8,75.5,Yes,0.0,None
07:46:43.738,Active,406.4,2.4,98.2,11.8,76.5,Yes,0.0,None
07:46:44.154,Active,410.7,2.4,100.0,11.8,75.5,Yes,0.0,None
07:46:44.567,Active,406.4,2.4,98.8,11.8,76.0,Yes,0.0,None
07:46:44.982,Active,409.7,2.4,99.4,11.8,76.0,Yes,0.0,None
07:46:45.400,Active,408.9,2.4,98.8,11.8,76.0,Yes,0.0,None
07:46:45.831,Active,425.0,2.4,95.9,11.8,76.0,Yes,0.0,None
07:46:46.248,Active,408.8,2.4,98.2,11.8,74.9,Yes,0.0,None
07:46:46.664,Active,409.6,2.4,99.4,11.8,76.0,Yes,0.3212254047393799,Leaf Rot
07:46:47.080,Active,409.4,2.4,98.2,11.8,74.9,Yes,0.0,None
07:46:47.515,Active,427.8,2.4,95.9,11.8,76.0,Yes,0.0,None
07:46:48.020,Active,496.4,2.4,92.0,11.9,75.5,Yes,0.0,None
07:46:48.436,Active,408.6,2.4,98.8,11.9,74.9,Yes,0.3003607392311096,Leaf Rot
07:46:48.851,Active,407.4,2.4,98.2,11.8,76.0,Yes,0.0,None
07:46:49.268,Active,411.6,2.4,98.8,11.8,77.1,Yes,0.0,None
07:46:49.685,Active,409.6,2.4,98.8,11.8,76.5,Yes,0.0,None
07:46:50.106,Active,414.8,2.4,97.6,11.8,76.0,Yes,0.0,None
07:46:50.525,Active,409.4,2.4,98.2,11.8,76.0,Yes,0.0,None
07:46:50.939,Active,407.7,2.4,98.8,11.8,76.5,Yes,0.0,None
07:46:51.355,Active,409.1,2.3,98.8,11.8,76.5,Yes,0.0,None
07:46:51.771,Active,409.2,2.3,98.2,11.8,76.0,Yes,0.0,None
07:46:52.188,Active,408.5,2.3,98.8,11.8,76.5,Yes,0.0,None
07:46:52.601,Active,406.8,2.3,98.8,11.8,76.0,Yes,0.0,None
07:46:53.033,Active,426.3,2.3,98.8,11.8,75.5,Yes,0.0,None
07:46:53.449,Active,408.0,2.3,98.8,11.8,76.0,Yes,0.0,None
07:46:53.866,Active,407.5,2.3,97.6,11.9,76.5,Yes,0.0,None
07:46:54.284,Active,408.4,2.3,98.8,11.9,76.5,Yes,0.0,None
07:46:54.701,Active,406.9,2.3,98.2,11.9,76.0,Yes,0.0,None
07:46:55.117,Active,409.8,2.3,98.8,11.9,76.0,Yes,0.0,None
07:46:55.532,Active,406.5,2.4,98.8,11.9,76.0,Yes,0.0,None
07:46:55.946,Active,407.6,2.4,98.8,11.9,76.0,Yes,0.0,None
07:46:56.364,Active,408.2,2.4,97.0,11.8,76.5,Yes,0.0,None
07:46:56.781,Active,407.8,2.4,98.2,11.8,76.5,Yes,0.0,None
07:46:57.195,Active,407.7,2.4,98.8,11.8,76.5,Yes,0.0,None
07:46:57.607,Active,406.2,2.4,99.4,11.8,76.0,Yes,0.0,None
07:46:58.023,Active,409.1,2.4,98.8,11.8,77.1,Yes,0.0,None
07:46:58.435,Active,405.8,2.4,99.4,11.8,76.5,Yes,0.0,None
07:46:58.847,Active,405.5,2.4,99.4,11.8,76.5,Yes,0.0,None
07:46:59.262,Active,409.1,2.4,100.0,11.8,76.5,Yes,0.0,None
07:46:59.683,Active,410.5,2.4,97.6,11.8,76.5,Yes,0.0,None
07:47:00.102,Active,410.8,2.4,98.2,11.8,77.1,Yes,0.0,None
07:47:00.519,Active,407.4,2.4,98.2,11.7,76.5,Yes,0.0,None
07:47:00.935,Active,408.8,2.4,98.2,11.8,76.5,Yes,0.0,None
07:47:01.351,Active,408.0,2.4,98.8,11.8,76.5,Yes,0.0,None
07:47:01.784,Active,425.5,2.4,96.5,11.8,77.1,Yes,0.0,None
07:47:02.199,Active,408.0,2.4,98.2,11.8,77.1,Yes,0.0,None
07:47:02.613,Active,406.0,2.4,99.4,11.8,77.1,Yes,0.0,None
07:47:03.027,Active,407.3,2.4,98.8,11.8,77.7,Yes,0.0,None
07:47:03.489,Active,414.1,2.4,91.8,11.8,76.5,Yes,0.0,None
07:47:03.903,Active,408.0,2.4,98.2,11.8,76.5,Yes,0.0,None
07:47:04.320,Active,408.8,2.4,98.2,11.8,76.5,Yes,0.0,None
07:47:04.736,Active,408.9,2.4,98.2,11.8,76.5,Yes,0.0,None
07:47:05.160,Active,416.5,2.4,97.0,11.8,76.5,Yes,0.0,None
07:47:05.578,Active,411.4,2.4,98.8,11.8,77.1,Yes,0.0,None
07:47:05.995,Active,410.3,2.4,98.2,11.8,76.5,Yes,0.0,None
07:47:06.413,Active,408.5,2.4,98.2,11.8,77.7,Yes,0.0,None
07:47:06.831,Active,408.6,2.4,98.2,11.8,76.5,Yes,0.0,None
07:47:07.247,Active,409.9,2.4,98.8,11.8,77.7,Yes,0.0,None
07:47:07.664,Active,408.8,2.4,98.2,11.8,77.7,Yes,0.0,None
07:47:08.080,Active,409.5,2.4,98.8,11.8,76.5,Yes,0.0,None
07:47:53.513,Active,418.9,2.4,1.4,11.8,58.4,Yes,0.31017881631851196,Leaf Rot
07:47:53.930,Active,410.7,2.4,98.8,11.8,60.0,Yes,0.3166106343269348,Leaf Rot
07:47:54.371,Active,432.9,2.4,98.3,11.8,61.1,Yes,0.3384661078453064,Leaf Rot
07:47:54.788,Active,410.8,2.4,98.2,11.8,62.2,Yes,0.0,None
07:47:55.206,Active,411.4,2.4,98.8,11.8,63.4,Yes,0.0,None
07:47:55.624,Active,408.3,2.4,98.2,11.8,62.8,Yes,0.0,None
07:47:56.037,Active,407.1,2.4,99.4,11.8,64.5,Yes,0.3133891820907593,Leaf Rot
07:47:56.453,Active,410.2,2.4,99.4,11.8,65.0,Yes,0.30205512046813965,Leaf Rot
07:47:56.871,Active,411.3,2.4,98.8,11.8,65.0,Yes,0.35423988103866577,Leaf Rot
07:47:57.294,Active,416.9,2.4,97.1,11.8,66.1,Yes,0.0,None
07:47:57.712,Active,408.5,2.4,97.6,11.8,66.7,Yes,0.0,None
07:47:58.141,Active,423.1,2.4,96.5,11.8,67.2,Yes,0.0,None
07:47:58.556,Active,407.4,2.4,98.8,11.8,67.8,Yes,0.0,None
07:47:58.974,Active,411.0,2.4,98.8,11.8,67.8,Yes,0.0,None
07:47:59.391,Active,408.9,2.4,97.6,11.8,67.8,Yes,0.0,None
07:47:59.809,Active,409.7,2.4,98.2,11.8,68.3,Yes,0.0,None
07:48:00.226,Active,410.9,2.4,98.8,11.8,68.8,Yes,0.0,None
07:48:00.640,Active,407.7,2.4,100.0,11.8,70.0,Yes,0.3054047226905823,Leaf Rot
07:48:01.057,Active,411.2,2.4,98.8,11.7,70.0,Yes,0.0,None
07:48:01.472,Active,408.8,2.4,98.2,11.8,68.8,Yes,0.0,None
07:48:01.889,Active,409.7,2.4,98.2,11.8,69.4,Yes,0.0,None
07:48:02.306,Active,408.9,2.4,98.2,11.7,70.0,Yes,0.0,None
07:48:02.725,Active,408.7,2.4,97.6,11.7,70.0,Yes,0.0,None
07:48:03.144,Active,412.7,2.4,98.8,11.7,70.5,Yes,0.3058660626411438,Leaf Rot
07:48:03.560,Active,408.0,2.4,97.6,11.7,70.5,Yes,0.0,None
07:48:03.980,Active,410.5,2.4,98.2,11.8,70.5,Yes,0.0,None
07:48:04.433,Active,444.4,2.4,97.8,11.8,70.5,Yes,0.0,None
07:48:04.851,Active,409.3,2.4,98.2,11.8,70.5,Yes,0.0,None
07:48:05.295,Active,435.0,2.4,94.9,11.8,70.5,Yes,0.0,None
07:48:05.824,Active,420.6,2.3,78.7,11.8,71.0,Yes,0.0,None
07:48:06.241,Active,409.5,2.3,98.2,11.8,71.6,Yes,0.0,None
07:48:06.659,Active,409.6,2.3,98.2,11.8,71.6,Yes,0.0,None
07:48:07.076,Active,409.4,2.3,98.8,11.8,71.6,Yes,0.0,None
07:48:07.492,Active,409.5,2.3,98.8,11.8,71.0,Yes,0.0,None
07:48:07.926,Active,426.3,2.3,95.3,11.8,71.6,Yes,0.0,None
07:48:08.346,Active,410.5,2.3,98.2,11.8,72.7,Yes,0.3585329055786133,Leaf Rot
07:48:08.764,Active,407.9,2.3,97.1,11.8,72.2,Yes,0.0,None
07:48:09.180,Active,408.7,2.3,98.8,11.8,72.7,Yes,0.0,None
07:48:09.604,Active,418.2,2.3,98.8,11.8,72.2,Yes,0.0,None
07:48:10.026,Active,411.4,2.4,97.6,11.8,72.2,Yes,0.0,None
07:48:10.440,Active,408.1,2.4,99.4,11.8,73.2,Yes,0.0,None
07:48:10.856,Active,407.7,2.4,97.6,11.8,73.2,Yes,0.0,None
07:48:11.274,Active,408.6,2.4,98.2,11.8,73.2,Yes,0.0,None
07:48:11.694,Active,409.7,2.4,98.2,11.8,73.2,Yes,0.3092081546783447,Leaf Rot
07:48:12.116,Active,413.2,2.4,97.6,11.8,73.2,Yes,0.0,None
07:48:12.533,Active,410.9,2.4,97.6,11.8,73.2,Yes,0.0,None
07:48:12.951,Active,409.4,2.4,98.2,11.7,73.2,Yes,0.3504484295845032,Leaf Rot
07:48:13.369,Active,409.5,2.4,98.2,11.7,73.2,Yes,0.0,None
07:48:13.784,Active,406.1,2.4,98.2,11.7,73.2,Yes,0.0,None
07:48:14.204,Active,412.8,2.4,98.8,11.7,73.2,Yes,0.0,None
07:48:14.632,Active,421.0,2.4,98.3,11.8,72.7,Yes,0.0,None
07:48:15.050,Active,408.5,2.4,98.2,11.8,73.8,Yes,0.0,None
07:48:15.464,Active,408.4,2.4,99.4,11.8,74.3,Yes,0.0,None
07:48:15.876,Active,405.4,2.4,98.8,11.8,73.8,Yes,0.0,None
07:48:16.294,Active,412.2,2.4,99.4,11.8,73.8,Yes,0.0,None
07:48:16.818,Active,410.2,2.4,79.1,11.8,73.2,Yes,0.3671700358390808,Leaf Rot
07:48:17.241,Active,415.0,2.4,97.0,11.8,74.3,Yes,0.0,None
07:48:17.654,Active,407.3,2.4,98.2,11.8,74.3,Yes,0.0,None
07:48:18.074,Active,410.1,2.4,98.2,11.8,73.8,Yes,0.0,None
07:48:18.493,Active,409.3,2.3,98.2,11.8,73.8,Yes,0.0,None
07:48:18.906,Active,406.8,2.3,98.2,11.8,74.3,Yes,0.0,None
07:48:19.349,Active,433.9,2.3,97.2,11.8,73.8,Yes,0.0,None
07:48:19.764,Active,408.4,2.3,98.8,11.8,74.3,Yes,0.0,None
07:48:20.182,Active,410.3,2.3,98.2,11.8,74.3,Yes,0.3409663438796997,Leaf Rot
07:48:20.599,Active,407.8,2.3,98.2,11.8,74.9,Yes,0.0,None
07:48:21.018,Active,411.9,2.3,98.2,11.8,74.3,Yes,0.3201863765716553,Leaf Rot
07:48:21.432,Active,407.8,2.3,98.8,11.8,74.3,Yes,0.0,None
07:48:21.849,Active,409.2,2.3,98.2,11.8,74.3,Yes,0.35698172450065613,Leaf Rot
07:48:22.268,Active,410.4,2.3,97.6,11.8,74.3,Yes,0.0,None
07:48:22.681,Active,407.6,2.4,99.4,11.8,74.9,Yes,0.0,None
07:48:23.102,Active,413.5,2.4,97.0,11.8,74.9,Yes,0.0,None
07:48:23.525,Active,413.3,2.4,97.1,11.8,74.9,Yes,0.0,None
07:48:23.945,Active,413.3,2.4,98.2,11.8,75.5,Yes,0.0,None
07:48:24.365,Active,411.2,2.4,98.2,11.8,74.9,Yes,0.0,None
07:48:24.796,Active,424.5,2.4,98.8,11.8,74.3,Yes,0.0,None
07:48:25.230,Active,427.8,2.4,95.9,11.8,74.9,Yes,0.0,None
07:48:25.650,Active,410.5,2.4,98.2,11.8,75.5,Yes,0.0,None
07:48:26.073,Active,413.2,2.4,97.6,11.8,75.5,Yes,0.0,None
07:48:26.484,Active,404.6,2.4,98.8,11.8,75.5,Yes,0.0,None
07:48:26.900,Active,408.4,2.4,99.4,11.8,75.5,Yes,0.0,None
07:48:27.321,Active,414.2,2.4,97.6,11.8,76.0,Yes,0.0,None
07:48:27.736,Active,408.5,2.4,99.4,11.8,74.9,Yes,0.0,None
07:48:28.153,Active,409.2,2.4,98.8,11.8,76.0,Yes,0.0,None
07:48:28.576,Active,417.3,2.4,97.6,11.8,75.5,Yes,0.0,None
07:48:29.001,Active,418.0,2.4,97.6,11.8,76.0,Yes,0.0,None
07:48:29.418,Active,408.9,2.4,98.2,11.8,76.0,Yes,0.0,None
07:48:29.835,Active,410.2,2.4,98.8,11.8,76.0,Yes,0.0,None
07:48:30.251,Active,410.3,2.4,98.2,11.8,76.5,Yes,0.0,None
07:48:30.663,Active,406.4,2.4,99.4,11.8,75.5,Yes,0.0,None
07:48:31.076,Active,406.8,2.4,100.0,11.8,74.9,Yes,0.0,None
07:48:31.506,Active,419.9,2.4,96.5,11.8,76.0,Yes,0.0,None
07:48:31.919,Active,407.4,2.4,99.4,11.8,76.0,Yes,0.0,None
07:48:32.335,Active,408.4,2.4,98.8,11.8,75.5,Yes,0.0,None
07:48:32.773,Active,429.2,2.4,95.4,11.8,76.0,Yes,0.34912922978401184,Leaf Rot
07:48:33.195,Active,415.5,2.4,98.2,11.8,76.5,Yes,0.0,None
07:48:33.611,Active,408.2,2.4,98.2,11.8,74.9,Yes,0.0,None
07:48:34.030,Active,412.7,2.4,98.8,11.8,76.0,Yes,0.0,None
07:48:34.448,Active,408.2,2.4,97.6,11.8,74.9,Yes,0.0,None
07:48:34.903,Active,447.8,2.4,97.3,11.9,74.9,Yes,0.0,None
07:48:35.322,Active,410.5,2.4,98.2,11.9,76.0,Yes,0.0,None
07:48:35.739,Active,407.0,2.4,98.2,11.9,75.5,Yes,0.0,None
07:48:36.159,Active,413.1,2.4,98.8,11.9,76.0,Yes,0.0,None
07:48:36.575,Active,409.7,2.4,97.6,11.9,77.1,Yes,0.0,None
07:48:37.005,Active,421.9,2.4,97.0,11.8,76.5,Yes,0.0,None
07:48:37.422,Active,410.8,2.4,97.6,11.8,75.5,Yes,0.3423304855823517,Leaf Rot
07:48:37.840,Active,408.7,2.4,98.2,11.8,76.0,Yes,0.0,None
07:48:38.256,Active,409.7,2.4,98.8,11.8,75.5,Yes,0.0,None
07:48:38.671,Active,408.6,2.4,98.8,11.8,77.1,Yes,0.0,None
07:48:39.089,Active,409.8,2.4,98.8,11.8,76.5,Yes,0.0,None
07:48:39.510,Active,409.9,2.4,96.5,11.8,76.5,Yes,0.0,None
07:48:39.939,Active,418.3,2.4,98.2,11.8,76.0,Yes,0.35589197278022766,Leaf Rot
07:48:40.358,Active,412.9,2.4,98.8,11.8,76.5,Yes,0.38541939854621887,Leaf Rot
07:48:40.774,Active,407.0,2.4,98.2,11.8,76.0,Yes,0.0,None
07:48:41.214,Active,430.4,2.4,94.9,11.8,76.5,Yes,0.0,None
07:48:41.631,Active,407.5,2.4,98.2,11.8,76.0,Yes,0.0,None
07:48:42.049,Active,409.3,2.4,98.2,11.8,76.0,Yes,0.0,None
07:48:42.463,Active,408.2,2.4,98.8,11.8,76.0,Yes,0.0,None
07:48:42.909,Active,439.9,2.4,94.4,11.8,75.5,Yes,0.0,None
07:48:43.331,Active,416.0,2.4,97.6,11.7,77.1,Yes,0.0,None
07:48:43.747,Active,407.7,2.4,98.8,11.8,76.5,Yes,0.0,None
07:48:44.163,Active,410.0,2.4,98.8,11.8,76.5,Yes,0.0,None
07:48:44.581,Active,409.4,2.4,98.8,11.8,76.5,Yes,0.0,None
07:48:45.016,Active,428.7,2.4,98.9,11.8,77.1,Yes,0.0,None
07:48:45.436,Active,413.0,2.4,97.6,11.8,77.7,Yes,0.0,None
07:48:45.851,Active,408.6,2.4,98.8,11.8,77.1,Yes,0.0,None
07:48:46.268,Active,410.9,2.4,98.2,11.8,76.5,Yes,0.0,None
07:48:46.684,Active,406.9,2.4,98.2,11.8,77.7,Yes,0.0,None
07:48:47.108,Active,413.3,2.4,98.2,11.8,77.7,Yes,0.0,None
07:48:47.523,Active,409.6,2.4,98.8,11.8,77.1,Yes,0.0,None
07:48:47.938,Active,406.8,2.4,98.2,11.8,77.7,Yes,0.0,None
07:48:48.359,Active,411.1,2.4,98.2,11.8,76.5,Yes,0.0,None
07:48:48.776,Active,408.4,2.4,98.2,11.8,77.1,Yes,0.0,None
07:48:49.197,Active,412.2,2.4,98.2,11.8,77.1,Yes,0.3315446376800537,Leaf Rot
07:48:49.718,Active,415.5,2.4,78.5,11.7,76.5,Yes,0.0,None
07:48:50.149,Active,422.7,2.4,97.1,11.8,76.5,Yes,0.0,None
07:48:50.569,Active,409.7,2.4,98.2,11.8,76.5,Yes,0.0,None
07:48:50.989,Active,410.8,2.4,98.2,11.8,76.0,Yes,0.0,None
07:48:51.404,Active,406.4,2.4,98.2,11.8,77.1,Yes,0.0,None
07:48:51.820,Active,408.3,2.4,99.4,11.8,76.5,Yes,0.0,None
07:48:52.239,Active,411.5,2.3,98.2,11.8,77.1,Yes,0.0,None
07:48:52.652,Active,407.4,2.3,98.8,11.8,77.1,Yes,0.0,None
07:48:53.071,Active,408.7,2.3,98.2,11.8,76.5,Yes,0.0,None
07:48:53.486,Active,405.9,2.3,98.2,11.8,76.5,Yes,0.0,None
07:49:38.930,Active,430.2,2.3,1.2,11.8,59.0,Yes,0.0,None
07:49:39.344,Active,408.5,2.3,98.8,11.8,61.1,Yes,0.0,None
07:49:39.761,Active,406.8,2.3,98.2,11.8,61.1,Yes,0.0,None
07:49:40.179,Active,408.1,2.3,97.6,11.8,62.8,Yes,0.0,None
07:49:40.596,Active,407.7,2.3,98.2,11.8,63.4,Yes,0.0,None
07:49:41.021,Active,418.4,2.3,98.8,11.9,63.9,Yes,0.0,None
07:49:41.438,Active,410.4,3.4,98.8,11.9,64.5,Yes,0.0,None
07:49:41.855,Active,407.3,3.4,98.2,11.8,65.0,Yes,0.0,None
07:49:42.271,Active,407.2,3.4,98.2,11.8,65.0,Yes,0.3047853410243988,Leaf Rot
07:49:42.684,Active,407.6,3.4,99.4,11.8,66.1,Yes,0.0,None
07:49:43.117,Active,426.4,3.4,96.0,11.8,67.2,Yes,0.0,None
07:49:43.537,Active,413.7,3.4,98.2,11.8,67.2,Yes,0.0,None
07:49:43.954,Active,409.7,3.4,98.8,11.8,66.7,Yes,0.32287776470184326,Leaf Rot
07:49:44.373,Active,412.7,3.4,98.2,11.8,68.3,Yes,0.0,None
07:49:44.788,Active,406.4,3.4,98.2,11.8,67.8,Yes,0.0,None
07:49:45.204,Active,408.9,3.4,98.8,11.8,69.4,Yes,0.0,None
07:49:45.621,Active,407.3,2.4,98.2,11.8,68.8,Yes,0.0,None
07:49:46.054,Active,425.7,2.4,98.3,11.9,69.4,Yes,0.0,None
07:49:46.468,Active,405.8,2.4,98.8,11.9,70.0,Yes,0.0,None
07:49:46.885,Active,408.1,2.4,98.2,11.8,70.5,Yes,0.0,None
07:49:47.304,Active,410.8,2.4,98.2,11.8,69.4,Yes,0.0,None
07:49:47.724,Active,410.5,2.4,97.6,11.9,70.0,Yes,0.31362298130989075,Leaf Rot
07:49:48.145,Active,412.5,2.4,98.2,11.9,71.0,Yes,0.0,None
07:49:48.564,Active,411.9,2.4,97.0,11.8,71.6,Yes,0.0,None
07:49:48.985,Active,410.7,2.4,98.2,11.8,71.0,Yes,0.0,None
07:49:49.406,Active,411.0,2.4,98.2,11.8,70.5,Yes,0.0,None
07:49:49.822,Active,407.8,2.4,97.6,11.8,71.0,Yes,0.0,None
07:49:50.240,Active,409.7,2.4,98.8,11.8,71.0,Yes,0.0,None
07:49:50.654,Active,407.5,2.4,98.8,11.8,71.6,Yes,0.0,None
07:49:51.095,Active,432.0,2.4,97.2,11.9,70.5,Yes,0.0,None
07:49:51.512,Active,409.0,2.4,98.2,11.9,71.6,Yes,0.0,None
07:49:51.929,Active,410.1,2.4,98.2,11.9,71.0,Yes,0.0,None
07:49:52.347,Active,409.5,2.4,98.2,11.9,71.6,Yes,0.0,None
07:49:52.764,Active,407.1,2.4,98.2,11.9,72.2,Yes,0.0,None
07:49:53.184,Active,410.6,2.4,98.2,11.9,71.0,Yes,0.0,None
07:49:53.602,Active,408.1,2.4,97.6,11.9,72.2,Yes,0.0,None
07:49:54.021,Active,410.4,2.4,98.8,11.9,71.6,Yes,0.0,None
07:49:54.434,Active,406.5,2.4,98.8,11.8,73.2,Yes,0.0,None
07:49:54.851,Active,406.9,2.4,98.2,11.8,73.2,Yes,0.0,None
07:49:55.266,Active,409.5,2.4,99.4,11.8,73.2,Yes,0.0,None
07:49:55.685,Active,409.5,2.4,98.2,11.8,72.7,Yes,0.0,None
07:49:56.117,Active,425.8,2.4,98.8,11.8,72.7,Yes,0.0,None
07:49:56.534,Active,407.1,2.4,98.2,11.9,73.2,Yes,0.0,None
07:49:56.951,Active,408.8,2.4,98.2,11.9,72.7,Yes,0.37938547134399414,Leaf Rot
07:49:57.368,Active,408.2,2.4,98.2,11.9,72.7,Yes,0.0,None
07:49:57.779,Active,405.6,2.4,99.4,11.9,73.8,Yes,0.0,None
07:49:58.194,Active,409.6,2.4,100.0,11.9,73.8,Yes,0.0,None
07:49:58.607,Active,405.1,2.4,98.8,11.9,72.2,Yes,0.0,None
07:49:59.023,Active,409.3,2.4,99.4,11.9,73.2,Yes,0.0,None
07:49:59.440,Active,408.6,2.4,98.2,11.8,72.7,Yes,0.0,None
07:49:59.856,Active,409.8,2.4,98.2,11.8,73.2,Yes,0.0,None
07:50:00.273,Active,409.7,2.4,98.2,11.8,73.8,Yes,0.0,None
07:50:00.689,Active,409.6,2.4,98.2,11.8,73.2,Yes,0.0,None
07:50:01.109,Active,413.9,2.4,98.2,11.8,73.8,Yes,0.0,None
07:50:01.528,Active,408.6,2.4,97.6,11.8,74.3,Yes,0.0,None
07:50:01.941,Active,407.3,2.4,98.8,11.8,73.8,Yes,0.0,None
07:50:02.361,Active,413.7,2.4,99.4,11.8,73.8,Yes,0.0,None
07:50:02.793,Active,426.1,2.4,96.0,11.8,73.8,Yes,0.0,None
07:50:03.213,Active,413.9,2.4,98.8,11.8,74.3,Yes,0.0,None
07:50:03.632,Active,408.7,2.4,97.6,11.8,73.8,Yes,0.0,None
07:50:04.050,Active,410.4,2.4,98.8,11.8,74.3,Yes,0.0,None
07:50:04.473,Active,413.3,2.4,97.0,11.8,73.2,Yes,0.0,None
07:50:04.887,Active,407.3,2.4,98.8,11.8,74.3,Yes,0.0,None
07:50:05.311,Active,418.8,2.4,97.6,11.8,74.9,Yes,0.0,None
07:50:05.730,Active,406.5,2.4,97.6,11.8,74.3,Yes,0.0,None
07:50:06.179,Active,443.8,2.4,98.9,11.8,73.8,Yes,0.0,None
07:50:06.623,Active,436.0,2.3,93.8,11.8,75.5,Yes,0.0,None
07:50:07.040,Active,409.1,2.3,98.8,11.9,74.3,Yes,0.0,None
07:50:07.456,Active,408.2,2.3,98.2,11.9,76.0,Yes,0.0,None
07:50:07.870,Active,408.3,2.3,98.8,11.9,74.9,Yes,0.0,None
07:50:08.292,Active,412.9,2.3,98.2,11.9,75.5,Yes,0.0,None
07:50:08.705,Active,407.0,2.3,98.8,11.9,75.5,Yes,0.0,None
07:50:09.129,Active,414.8,2.3,98.2,11.9,74.9,Yes,0.0,None
07:50:09.543,Active,407.1,2.3,98.2,11.8,74.9,Yes,0.0,None
07:50:09.959,Active,406.4,2.3,97.6,11.8,75.5,Yes,0.0,None
07:50:10.373,Active,407.4,2.3,98.8,11.8,75.5,Yes,0.0,None
07:50:10.792,Active,409.0,2.4,98.2,11.8,74.3,Yes,0.0,None
07:50:11.216,Active,414.7,2.4,98.2,11.8,74.9,Yes,0.0,None
07:50:11.639,Active,417.0,2.4,98.2,11.8,74.9,Yes,0.0,None
07:50:12.062,Active,414.2,2.4,96.4,11.8,75.5,Yes,0.0,None
07:50:12.480,Active,409.9,2.4,98.2,11.8,75.5,Yes,0.3384498655796051,Leaf Rot
07:50:12.896,Active,408.6,2.4,98.2,11.8,76.0,Yes,0.0,None
07:50:13.318,Active,414.3,2.4,98.2,11.8,75.5,Yes,0.0,None
07:50:13.737,Active,409.9,2.4,98.2,11.8,75.5,Yes,0.0,None
07:50:14.156,Active,412.9,2.4,98.2,11.8,75.5,Yes,0.0,None
07:50:14.574,Active,410.4,2.4,98.2,11.8,76.0,Yes,0.0,None
07:50:14.997,Active,415.8,2.4,98.2,11.8,75.5,Yes,0.0,None
07:50:15.411,Active,408.1,2.4,98.2,11.8,76.0,Yes,0.0,None
07:50:15.830,Active,410.7,2.4,98.2,11.8,76.0,Yes,0.35065585374832153,Leaf Rot
07:50:16.250,Active,410.9,2.4,98.2,11.8,75.5,Yes,0.0,None
07:50:16.680,Active,420.0,2.4,98.8,11.8,76.0,Yes,0.0,None
07:50:17.099,Active,411.9,2.4,98.2,11.8,75.5,Yes,0.0,None
07:50:17.512,Active,407.3,2.4,98.8,11.8,76.5,Yes,0.0,None
07:50:17.930,Active,408.2,2.4,98.2,11.8,76.5,Yes,0.0,None
07:50:18.349,Active,410.7,2.4,99.4,11.8,76.0,Yes,0.0,None
07:50:18.764,Active,407.3,2.4,98.2,11.8,75.5,Yes,0.0,None
07:50:19.178,Active,408.4,2.4,98.8,11.8,76.5,Yes,0.0,None
07:50:19.591,Active,406.5,2.4,99.4,11.8,76.0,Yes,0.0,None
07:50:20.022,Active,421.3,2.4,96.5,11.8,76.0,Yes,0.3543883264064789,Leaf Rot
07:50:20.439,Active,409.9,2.4,97.6,11.8,75.5,Yes,0.0,None
07:50:20.854,Active,407.6,2.4,98.2,11.7,76.5,Yes,0.0,None
07:50:21.269,Active,409.5,2.4,99.4,11.7,75.5,Yes,0.318609356880188,Leaf Rot
07:50:21.707,Active,427.4,2.4,97.2,11.8,76.0,Yes,0.0,None
07:50:22.126,Active,410.9,2.4,98.2,11.8,76.5,Yes,0.0,None
07:50:22.541,Active,408.4,2.4,98.8,11.8,76.0,Yes,0.0,None
07:50:22.956,Active,408.6,2.4,98.2,11.8,76.5,Yes,0.0,None
07:50:23.375,Active,409.7,2.4,98.2,11.8,76.0,Yes,0.350231796503067,Leaf Rot
07:50:23.791,Active,407.6,2.4,98.2,11.8,76.5,Yes,0.0,None
07:50:24.210,Active,410.8,2.4,98.2,11.8,76.0,Yes,0.3062940835952759,Leaf Rot
07:50:24.624,Active,407.4,2.4,98.8,11.8,76.5,Yes,0.0,None
07:50:25.041,Active,409.5,2.4,98.8,11.8,76.5,Yes,0.0,None
07:50:25.458,Active,409.0,2.4,98.2,11.8,76.0,Yes,0.0,None
07:50:25.872,Active,406.0,2.4,98.2,11.8,76.5,Yes,0.0,None
07:50:26.289,Active,410.2,2.4,98.8,11.8,76.5,Yes,0.0,None
07:50:26.726,Active,427.4,2.4,97.7,11.8,76.0,Yes,0.0,None
07:50:27.144,Active,409.6,2.4,98.8,11.8,76.5,Yes,0.0,None
07:50:27.556,Active,406.2,2.4,98.8,11.8,76.5,Yes,0.0,None
07:50:27.974,Active,412.1,2.4,98.8,11.8,77.7,Yes,0.34212547540664673,Leaf Rot
07:50:28.387,Active,407.1,2.4,98.2,11.8,76.5,Yes,0.0,None
07:50:28.805,Active,408.5,2.4,98.2,11.8,76.5,Yes,0.0,None
07:50:29.226,Active,414.0,2.4,98.2,11.8,76.5,Yes,0.0,None
07:50:29.641,Active,407.5,2.4,98.2,11.8,77.1,Yes,0.0,None
07:50:30.062,Active,411.9,2.4,98.2,11.8,77.1,Yes,0.0,None
07:50:30.481,Active,409.1,2.4,98.2,11.8,76.5,Yes,0.0,None
07:50:30.896,Active,408.6,2.4,98.2,11.8,77.1,Yes,0.0,None
07:50:31.312,Active,409.9,2.4,98.8,11.8,76.5,Yes,0.0,None
07:50:31.727,Active,407.3,2.4,98.2,11.8,77.1,Yes,0.0,None
07:50:32.142,Active,409.8,2.4,99.4,11.8,76.5,Yes,0.0,None
07:50:32.561,Active,408.9,2.4,98.2,11.8,77.7,Yes,0.30101558566093445,Leaf Rot
07:50:32.980,Active,410.9,2.4,98.2,11.8,77.1,Yes,0.0,None
07:50:33.398,Active,408.9,2.4,98.2,11.8,76.5,Yes,0.3497939705848694,Leaf Rot
07:50:33.916,Active,407.6,2.4,78.6,11.8,76.5,Yes,0.30593109130859375,Leaf Rot
07:50:34.336,Active,412.5,2.4,98.2,11.8,76.5,Yes,0.0,None
07:50:34.757,Active,413.3,2.4,98.2,11.8,77.7,Yes,0.0,None
07:50:35.172,Active,408.7,2.4,98.8,11.8,76.5,Yes,0.0,None
07:50:35.586,Active,408.6,2.4,99.4,11.8,77.1,Yes,0.0,None
07:50:36.007,Active,411.5,2.3,97.6,11.8,77.1,Yes,0.0,None
07:50:36.422,Active,408.1,2.3,98.8,11.7,77.1,Yes,0.0,None
07:50:36.873,Active,441.9,2.3,97.8,11.9,76.5,Yes,0.0,None
07:50:37.291,Active,410.3,2.3,98.2,11.9,76.5,Yes,0.0,None
07:50:37.708,Active,408.2,2.3,98.2,11.9,77.7,Yes,0.0,None
07:50:38.128,Active,410.4,2.3,98.2,11.9,77.1,Yes,0.0,None
07:50:38.545,Active,408.3,2.3,98.2,11.9,76.5,Yes,0.0,None
07:51:23.987,Active,428.2,2.3,1.3,11.9,59.5,Yes,0.0,None
07:51:24.403,Active,407.1,2.3,98.2,11.9,60.6,Yes,0.0,None
07:51:24.817,Active,406.3,2.3,98.8,11.9,61.7,Yes,0.0,None
07:51:25.239,Active,411.6,5.9,97.7,11.9,62.8,Yes,0.31036248803138733,Leaf Rot
07:51:25.657,Active,409.6,5.9,98.2,11.8,63.4,Yes,0.0,None
07:51:26.076,Active,409.9,5.9,98.2,11.8,64.5,Yes,0.0,None
07:51:26.492,Active,407.4,5.9,97.6,11.8,65.5,Yes,0.0,None
07:51:26.918,Active,415.9,5.9,98.2,11.8,65.0,Yes,0.0,None
07:51:27.337,Active,409.4,5.9,97.6,11.8,66.1,Yes,0.0,None
07:51:27.776,Active,430.6,5.9,98.3,11.8,66.7,Yes,0.0,None
07:51:28.194,Active,409.2,5.9,98.2,11.8,66.7,Yes,0.0,None
07:51:28.612,Active,407.9,5.9,98.2,11.8,67.2,Yes,0.3020305037498474,Leaf Rot
07:51:29.069,Active,410.4,5.9,89.6,11.8,67.8,Yes,0.3167957663536072,Leaf Rot
07:51:29.483,Active,408.1,2.4,98.8,11.8,67.8,Yes,0.0,None
07:51:29.900,Active,408.7,2.4,98.8,11.8,68.3,Yes,0.0,None
07:51:30.318,Active,411.5,2.4,98.8,11.8,68.8,Yes,0.0,None
07:51:30.751,Active,423.7,2.4,95.4,11.8,68.8,Yes,0.32273733615875244,Leaf Rot
07:51:31.171,Active,412.0,2.4,98.2,11.8,70.0,Yes,0.0,None
07:51:31.588,Active,408.8,2.4,98.8,11.8,69.4,Yes,0.0,None
07:51:32.008,Active,412.9,2.4,98.8,11.8,68.8,Yes,0.0,None
07:51:32.434,Active,419.2,2.4,98.2,11.8,70.0,Yes,0.0,None
07:51:32.849,Active,408.8,2.4,97.6,11.8,70.0,Yes,0.0,None
07:51:33.270,Active,412.4,2.4,98.2,11.8,70.0,Yes,0.0,None
07:51:33.705,Active,425.6,2.4,95.3,11.8,71.0,Yes,0.0,None
07:51:34.130,Active,418.7,2.4,97.6,11.8,71.0,Yes,0.0,None
07:51:34.558,Active,420.1,2.4,97.6,11.8,70.5,Yes,0.0,None
07:51:34.977,Active,409.5,2.4,98.2,11.8,71.0,Yes,0.0,None
07:51:35.392,Active,408.0,2.4,98.8,11.8,71.6,Yes,0.0,None
07:51:35.811,Active,409.2,2.4,98.2,11.8,71.0,Yes,0.0,None
07:51:36.232,Active,410.8,2.4,98.2,11.8,72.7,Yes,0.0,None
07:51:36.648,Active,406.7,2.4,98.2,11.8,71.6,Yes,0.0,None
07:51:37.067,Active,408.6,2.4,98.2,11.8,72.2,Yes,0.0,None
07:51:37.482,Active,408.0,2.4,98.2,11.8,72.7,Yes,0.0,None
07:51:37.926,Active,434.7,2.4,98.3,11.8,71.6,Yes,0.0,None
07:51:38.344,Active,408.8,2.4,98.2,11.8,72.7,Yes,0.0,None
07:51:38.764,Active,410.1,2.4,97.6,11.8,72.7,Yes,0.0,None
07:51:39.191,Active,418.9,2.4,97.6,11.8,72.7,Yes,0.0,None
07:51:39.609,Active,407.1,2.4,97.6,11.8,72.7,Yes,0.0,None
07:51:40.028,Active,408.9,2.4,97.6,11.8,72.2,Yes,0.0,None
07:51:40.448,Active,410.0,2.4,98.2,11.8,73.2,Yes,0.0,None
07:51:40.864,Active,408.5,2.4,98.2,11.8,72.7,Yes,0.0,None
07:51:41.279,Active,409.3,2.4,98.8,11.8,73.2,Yes,0.0,None
07:51:41.698,Active,408.5,2.4,97.6,11.8,72.7,Yes,0.0,None
07:51:42.118,Active,410.8,2.4,98.8,11.8,74.3,Yes,0.31052541732788086,Leaf Rot
07:51:42.534,Active,406.6,2.4,98.2,11.8,73.8,Yes,0.0,None
07:51:42.968,Active,426.3,2.4,97.1,11.8,73.8,Yes,0.0,None
07:51:43.387,Active,410.9,2.4,97.6,11.8,73.8,Yes,0.3182259500026703,Leaf Rot
07:51:43.806,Active,410.7,2.4,98.2,11.8,73.8,Yes,0.0,None
07:51:44.225,Active,410.9,2.4,97.6,11.8,73.2,Yes,0.0,None
07:51:44.640,Active,408.6,2.4,98.8,11.8,74.3,Yes,0.0,None
07:51:45.061,Active,413.7,2.4,97.0,11.8,74.3,Yes,0.0,None
07:51:45.474,Active,406.5,2.4,99.4,11.8,74.3,Yes,0.0,None
07:51:45.888,Active,407.6,2.4,98.8,11.8,73.8,Yes,0.0,None
07:51:46.305,Active,409.9,2.4,98.8,11.7,74.3,Yes,0.0,None
07:51:46.725,Active,411.1,2.4,97.6,11.7,73.8,Yes,0.0,None
07:51:47.178,Active,444.2,2.4,93.4,11.7,74.3,Yes,0.0,None
07:51:47.609,Active,421.0,2.4,96.5,11.7,74.3,Yes,0.0,None
07:51:48.044,Active,428.4,2.4,98.9,11.8,74.3,Yes,0.0,None
07:51:48.459,Active,408.0,2.4,98.2,11.8,74.3,Yes,0.0,None
07:51:48.875,Active,407.6,2.4,98.2,11.8,74.9,Yes,0.0,None
07:51:49.297,Active,413.7,2.4,98.8,11.7,74.9,Yes,0.0,None
07:51:49.720,Active,416.8,2.4,97.0,11.8,74.9,Yes,0.0,None
07:51:50.137,Active,410.9,2.4,99.4,11.8,74.9,Yes,0.0,None
07:51:50.552,Active,408.7,2.4,98.2,11.8,74.3,Yes,0.36072322726249695,Leaf Rot
07:51:50.968,Active,409.2,2.4,98.8,11.7,74.3,Yes,0.0,None
07:51:51.391,Active,414.7,2.4,96.5,11.7,74.9,Yes,0.0,None
07:51:51.803,Active,404.5,2.4,99.4,11.7,74.9,Yes,0.0,None
07:51:52.219,Active,407.9,2.4,99.4,11.7,75.5,Yes,0.0,None
07:51:52.636,Active,409.6,2.4,98.8,11.7,74.9,Yes,0.0,None
07:51:53.076,Active,432.6,2.4,97.2,11.9,74.9,Yes,0.0,None
07:51:53.493,Active,410.2,2.4,98.2,11.9,75.5,Yes,0.0,None
07:51:53.913,Active,409.4,2.4,97.6,11.9,74.3,Yes,0.0,None
07:51:54.334,Active,416.0,2.4,98.8,11.9,75.5,Yes,0.0,None
07:51:54.749,Active,408.2,2.4,98.2,11.9,74.9,Yes,0.0,None
07:51:55.165,Active,409.9,2.4,98.8,11.9,76.0,Yes,0.0,None
07:51:55.589,Active,417.3,2.4,97.6,11.8,74.9,Yes,0.3231976628303528,Leaf Rot
07:51:56.017,Active,421.8,2.4,97.7,11.8,75.5,Yes,0.0,None
07:51:56.433,Active,406.8,2.4,98.8,11.9,75.5,Yes,0.0,None
07:51:56.887,Active,447.9,2.4,93.4,11.8,76.0,Yes,0.0,None
07:51:57.302,Active,406.2,2.4,98.2,11.8,76.0,Yes,0.0,None
07:51:57.714,Active,406.8,2.4,99.4,11.8,76.0,Yes,0.0,None
07:51:58.152,Active,429.4,2.4,98.9,11.8,75.5,Yes,0.0,None
07:51:58.569,Active,409.7,2.4,98.2,11.9,75.5,Yes,0.0,None
07:51:58.986,Active,409.7,2.4,98.2,11.9,75.5,Yes,0.0,None
07:51:59.404,Active,409.0,2.4,98.2,11.9,76.0,Yes,0.0,None
07:51:59.819,Active,407.4,2.4,98.2,11.9,76.5,Yes,0.0,None
07:52:00.239,Active,410.5,2.4,97.6,11.9,76.0,Yes,0.0,None
07:52:00.653,Active,406.4,2.4,98.8,11.8,76.0,Yes,0.0,None
07:52:01.068,Active,409.0,2.4,98.8,11.8,76.0,Yes,0.0,None
07:52:01.488,Active,409.9,2.4,97.6,11.8,76.0,Yes,0.0,None
07:52:01.903,Active,409.6,2.4,98.8,11.8,75.5,Yes,0.0,None
07:52:02.319,Active,410.0,2.4,98.8,11.8,76.0,Yes,0.3212584853172302,Leaf Rot
07:52:02.731,Active,405.4,2.4,99.4,11.8,77.1,Yes,0.0,None
07:52:03.147,Active,408.1,2.4,99.4,11.8,76.0,Yes,0.0,None
07:52:03.564,Active,410.3,2.4,98.8,11.8,76.0,Yes,0.0,None
07:52:03.980,Active,409.0,2.4,98.2,11.8,76.0,Yes,0.0,None
07:52:04.397,Active,409.9,2.4,98.8,11.8,76.5,Yes,0.0,None
07:52:04.810,Active,406.3,2.4,98.2,11.8,76.0,Yes,0.0,None
07:52:05.230,Active,410.4,2.4,98.2,11.8,76.0,Yes,0.0,None
07:52:05.647,Active,407.7,2.4,98.2,11.8,75.5,Yes,0.0,None
07:52:06.065,Active,411.4,2.4,98.8,11.8,76.5,Yes,0.0,None
07:52:06.480,Active,408.3,2.4,98.8,11.8,75.5,Yes,0.3774622678756714,Leaf Rot
07:52:06.894,Active,408.4,2.4,98.8,11.7,76.5,Yes,0.0,None
07:52:07.314,Active,410.8,2.4,98.2,11.7,76.5,Yes,0.0,None
07:52:07.728,Active,405.2,2.4,98.2,11.7,76.5,Yes,0.0,None
07:52:08.172,Active,436.5,2.4,98.3,11.8,76.0,Yes,0.0,None
07:52:08.587,Active,407.8,2.4,99.4,11.8,77.1,Yes,0.0,None
07:52:09.008,Active,412.6,2.4,98.2,11.8,76.5,Yes,0.0,None
07:52:09.424,Active,409.8,2.4,98.8,11.8,76.5,Yes,0.0,None
07:52:09.844,Active,408.8,2.4,97.6,11.8,76.5,Yes,0.33050212264060974,Leaf Rot
07:52:10.262,Active,411.3,2.4,98.8,11.8,76.5,Yes,0.0,None
07:52:10.694,Active,422.5,2.4,95.9,11.8,76.5,Yes,0.0,None
07:52:11.136,Active,432.5,2.4,94.9,11.8,76.5,Yes,0.0,None
07:52:11.552,Active,410.3,2.4,98.8,11.8,76.5,Yes,0.0,None
07:52:11.977,Active,418.1,2.4,97.6,11.8,77.1,Yes,0.0,None
07:52:12.393,Active,407.1,2.4,98.2,11.8,77.1,Yes,0.0,None
07:52:12.808,Active,408.9,2.4,99.4,11.8,76.0,Yes,0.0,None
07:52:13.224,Active,409.0,2.4,98.2,11.8,77.1,Yes,0.0,None
07:52:13.647,Active,415.6,2.4,98.8,11.8,76.5,Yes,0.0,None
07:52:14.072,Active,412.7,2.4,97.1,11.8,77.1,Yes,0.0,None
07:52:14.486,Active,406.6,2.4,98.8,11.8,77.1,Yes,0.0,None
07:52:14.902,Active,408.3,2.4,98.8,11.8,77.1,Yes,0.0,None
07:52:15.319,Active,410.5,2.4,98.8,11.8,76.5,Yes,0.0,None
07:52:15.731,Active,406.5,2.4,99.4,11.8,77.1,Yes,0.0,None
07:52:16.154,Active,410.4,2.4,97.0,11.8,77.1,Yes,0.0,None
07:52:16.570,Active,408.2,2.4,98.2,11.8,76.5,Yes,0.0,None
07:52:16.990,Active,410.1,2.4,98.2,11.8,77.1,Yes,0.0,None
07:52:17.406,Active,407.7,2.4,98.2,11.8,77.1,Yes,0.0,None
07:52:17.824,Active,408.4,2.4,98.2,11.8,77.1,Yes,0.3132500648498535,Leaf Rot
07:52:18.242,Active,410.2,2.4,98.2,11.8,75.5,Yes,0.0,None
07:52:18.669,Active,417.4,2.4,98.2,11.8,77.1,Yes,0.0,None
07:52:19.088,Active,409.1,2.4,98.8,11.8,77.1,Yes,0.0,None
07:52:19.499,Active,405.5,2.4,98.8,11.8,77.7,Yes,0.0,None
07:52:19.911,Active,406.6,2.4,99.4,11.8,77.1,Yes,0.0,None
07:52:20.325,Active,407.6,2.4,99.4,11.8,77.1,Yes,0.0,None
07:52:20.742,Active,407.1,2.4,98.2,11.8,77.1,Yes,0.300584077835083,Leaf Rot
07:52:21.157,Active,409.4,2.4,98.8,11.8,77.7,Yes,0.0,None
07:52:21.573,Active,408.6,2.4,98.8,11.8,77.1,Yes,0.33978816866874695,Leaf Rot
07:52:21.993,Active,412.0,2.4,98.2,11.7,77.7,Yes,0.0,None
07:52:22.412,Active,409.0,2.4,98.2,11.8,76.5,Yes,0.0,None
07:52:22.831,Active,410.0,2.4,98.2,11.8,77.1,Yes,0.0,None
07:52:23.253,Active,413.3,2.4,98.2,11.8,77.1,Yes,0.31983837485313416,Leaf Rot
07:52:23.689,Active,428.4,2.4,97.7,11.8,76.5,Yes,0.0,None
07:53:09.174,Active,470.9,21.0,1.3,11.9,58.4,Yes,0.0,None
07:53:09.592,Active,408.7,21.0,98.2,12.0,59.5,Yes,0.0,None
07:53:10.015,Active,416.9,21.0,97.6,12.0,61.7,Yes,0.0,None
07:53:10.436,Active,410.6,21.0,97.6,12.0,62.8,Yes,0.0,None
07:53:10.852,Active,410.3,21.0,99.4,12.0,63.9,Yes,0.0,None
07:53:11.275,Active,416.0,21.0,97.6,12.0,63.4,Yes,0.0,None
07:53:11.691,Active,407.3,21.0,98.2,12.0,64.5,Yes,0.0,None
07:53:12.110,Active,412.8,21.0,98.2,11.9,65.5,Yes,0.0,None
07:53:12.527,Active,407.8,21.0,98.2,11.9,65.5,Yes,0.0,None
07:53:12.941,Active,407.8,21.0,99.4,11.9,66.7,Yes,0.0,None
07:53:13.357,Active,410.1,2.4,98.8,11.9,67.2,Yes,0.0,None
07:53:13.774,Active,408.0,2.4,98.2,11.9,67.8,Yes,0.0,None
07:53:14.190,Active,409.9,2.4,98.8,11.9,67.8,Yes,0.0,None
07:53:14.618,Active,421.2,2.4,97.7,11.9,68.3,Yes,0.0,None
07:53:15.036,Active,408.4,2.4,97.6,11.9,68.8,Yes,0.0,None
07:53:15.453,Active,411.0,2.4,99.4,11.9,68.8,Yes,0.0,None
07:53:15.869,Active,409.6,2.4,97.6,11.9,68.8,Yes,0.0,None
07:53:16.373,Active,409.0,2.4,81.6,11.8,69.4,Yes,0.0,None
07:53:16.785,Active,405.8,2.4,98.8,11.9,70.0,Yes,0.0,None
07:53:17.204,Active,412.9,2.4,97.6,11.8,69.4,Yes,0.0,None
07:53:17.623,Active,409.3,2.3,98.2,11.8,69.4,Yes,0.0,None
07:53:18.042,Active,409.6,2.3,98.2,11.8,70.0,Yes,0.0,None
07:53:18.464,Active,412.1,2.3,98.2,11.8,69.4,Yes,0.3372313678264618,Leaf Rot
07:53:18.890,Active,418.3,2.3,96.5,11.8,71.0,Yes,0.0,None
07:53:19.324,Active,426.4,2.3,98.9,11.9,71.0,Yes,0.0,None
07:53:19.741,Active,409.8,2.3,98.8,11.9,70.0,Yes,0.347181499004364,Leaf Rot
07:53:20.161,Active,413.2,2.3,98.8,11.9,70.0,Yes,0.3625454902648926,Leaf Rot
07:53:20.580,Active,412.9,2.3,98.2,11.9,71.0,Yes,0.0,None
07:53:20.996,Active,408.8,2.3,99.4,11.9,71.6,Yes,0.0,None
07:53:21.414,Active,411.8,2.3,98.8,11.9,71.6,Yes,0.31010323762893677,Leaf Rot
07:53:21.830,Active,409.6,2.4,97.6,11.9,71.6,Yes,0.0,None
07:53:22.248,Active,409.0,2.4,98.8,11.9,72.2,Yes,0.0,None
07:53:22.665,Active,409.9,2.4,98.8,11.9,71.6,Yes,0.0,None
07:53:23.081,Active,409.6,2.4,98.8,11.9,72.2,Yes,0.0,None
07:53:23.497,Active,408.4,2.4,98.2,11.9,72.2,Yes,0.0,None
07:53:23.915,Active,409.3,2.4,98.2,11.9,72.2,Yes,0.38654327392578125,Leaf Rot
07:53:24.354,Active,429.8,2.4,97.2,11.9,71.6,Yes,0.0,None
07:53:24.770,Active,406.5,2.4,98.8,11.9,72.2,Yes,0.0,None
07:53:25.188,Active,409.0,2.4,98.2,11.9,72.7,Yes,0.0,None
07:53:25.613,Active,418.7,2.4,97.6,11.9,72.7,Yes,0.0,None
07:53:26.029,Active,409.7,2.4,98.8,11.9,72.7,Yes,0.0,None
07:53:26.443,Active,407.3,2.4,99.4,11.9,72.7,Yes,0.0,None
07:53:26.867,Active,418.0,2.4,99.4,11.9,72.7,Yes,0.0,None
07:53:27.287,Active,411.9,2.4,98.8,11.8,72.7,Yes,0.0,None
07:53:27.700,Active,407.1,2.4,99.4,11.8,72.7,Yes,0.0,None
07:53:28.119,Active,411.6,2.4,98.8,11.8,73.8,Yes,0.0,None
07:53:28.535,Active,407.2,2.4,98.2,11.8,73.8,Yes,0.0,None
07:53:28.950,Active,407.1,2.4,98.2,11.8,73.8,Yes,0.0,None
07:53:29.372,Active,412.2,2.4,98.2,11.8,73.2,Yes,0.0,None
07:53:29.810,Active,431.9,2.4,98.9,11.8,73.8,Yes,0.0,None
07:53:30.231,Active,411.6,2.4,98.2,11.8,73.8,Yes,0.0,None
07:53:30.648,Active,410.7,2.4,98.8,11.8,73.2,Yes,0.0,None
07:53:31.068,Active,412.9,2.4,97.6,11.8,73.2,Yes,0.0,None
07:53:31.486,Active,411.0,2.4,98.2,11.8,74.3,Yes,0.0,None
07:53:31.902,Active,409.3,2.4,98.2,11.8,73.8,Yes,0.0,None
07:53:32.326,Active,414.2,2.4,97.6,11.8,73.8,Yes,0.0,None
07:53:32.743,Active,409.6,2.4,98.2,11.8,73.8,Yes,0.0,None
07:53:33.162,Active,410.9,2.4,98.2,11.8,74.3,Yes,0.0,None
07:53:33.579,Active,407.6,2.4,98.8,11.8,74.3,Yes,0.0,None
07:53:33.996,Active,409.2,2.4,98.2,11.8,74.3,Yes,0.0,None
07:53:34.413,Active,409.1,2.4,98.8,11.8,73.8,Yes,0.0,None
07:53:34.835,Active,416.1,2.4,98.8,11.8,74.3,Yes,0.0,None
07:53:35.251,Active,409.7,2.4,98.8,11.8,74.3,Yes,0.0,None
07:53:35.668,Active,408.8,2.4,98.8,11.8,74.3,Yes,0.0,None
07:53:36.083,Active,409.2,2.4,98.8,11.8,74.3,Yes,0.0,None
07:53:36.495,Active,405.5,2.4,99.4,11.8,74.3,Yes,0.0,None
07:53:36.911,Active,407.9,2.4,98.8,11.7,74.9,Yes,0.0,None
07:53:37.332,Active,415.2,2.4,97.6,11.7,74.9,Yes,0.0,None
07:53:37.743,Active,403.2,2.4,98.8,11.7,74.9,Yes,0.0,None
07:53:38.170,Active,421.4,2.4,97.7,11.7,74.3,Yes,0.35138529539108276,Leaf Rot
07:53:38.595,Active,415.7,2.4,97.1,11.7,74.3,Yes,0.0,None
07:53:39.015,Active,411.1,2.4,98.2,11.7,74.9,Yes,0.33058884739875793,Leaf Rot
07:53:39.441,Active,413.6,2.4,97.0,11.7,74.3,Yes,0.0,None
07:53:39.897,Active,449.9,2.4,96.7,11.8,74.9,Yes,0.0,None
07:53:40.335,Active,431.2,2.4,95.4,11.8,74.9,Yes,0.0,None
07:53:40.751,Active,407.9,2.4,98.8,11.8,73.8,Yes,0.0,None
07:53:41.172,Active,412.5,2.4,98.2,11.8,74.9,Yes,0.0,None
07:53:41.589,Active,410.1,2.4,98.2,11.8,75.5,Yes,0.0,None
07:53:42.010,Active,411.8,2.4,98.2,11.8,75.5,Yes,0.0,None
07:53:42.430,Active,410.8,2.4,98.2,11.8,75.5,Yes,0.0,None
07:53:42.847,Active,407.3,2.4,98.2,11.8,75.5,Yes,0.0,None
07:53:43.267,Active,414.6,2.4,98.2,11.8,74.9,Yes,0.0,None
07:53:43.705,Active,429.8,2.4,94.8,11.8,75.5,Yes,0.0,None
07:53:44.123,Active,412.0,2.4,98.8,11.8,76.0,Yes,0.0,None
07:53:44.539,Active,409.4,2.4,98.8,11.8,76.0,Yes,0.31769704818725586,Leaf Rot
07:53:44.964,Active,418.6,2.4,98.8,11.8,75.5,Yes,0.33613336086273193,Leaf Rot
07:53:45.391,Active,419.7,2.4,95.9,11.8,76.0,Yes,0.0,None
07:53:45.812,Active,410.9,2.4,98.2,11.8,74.9,Yes,0.0,None
07:53:46.236,Active,416.3,2.4,97.6,11.8,76.0,Yes,0.0,None
07:53:46.655,Active,409.1,2.4,98.2,11.7,76.0,Yes,0.0,None
07:53:47.071,Active,410.1,2.4,99.4,11.7,76.0,Yes,0.0,None
07:53:47.486,Active,406.5,2.4,98.2,11.7,75.5,Yes,0.0,None
07:53:47.905,Active,409.5,2.4,98.2,11.7,76.0,Yes,0.0,None
07:53:48.333,Active,421.8,2.4,97.1,11.7,76.0,Yes,0.0,None
07:53:48.750,Active,406.6,2.4,97.6,11.7,76.0,Yes,0.0,None
07:53:49.170,Active,409.8,2.4,98.8,11.7,77.1,Yes,0.0,None
07:53:49.588,Active,408.1,2.4,97.6,11.7,75.5,Yes,0.0,None
07:53:50.021,Active,425.8,2.4,98.8,11.8,76.0,Yes,0.0,None
07:53:50.434,Active,407.3,2.4,98.2,11.8,76.0,Yes,0.0,None
07:53:50.849,Active,405.5,2.4,98.8,11.8,76.0,Yes,0.0,None
07:53:51.270,Active,409.0,2.4,97.6,11.8,75.5,Yes,0.0,None
07:53:51.686,Active,406.9,2.4,97.6,11.8,76.0,Yes,0.0,None
07:53:52.106,Active,410.0,2.4,98.8,11.8,76.5,Yes,0.0,None
07:53:52.524,Active,408.3,2.4,97.6,11.8,76.5,Yes,0.0,None
07:53:52.940,Active,406.2,2.4,98.2,11.8,76.5,Yes,0.0,None
07:53:53.358,Active,412.1,2.4,99.4,11.8,76.0,Yes,0.31308770179748535,Leaf Rot
07:53:53.780,Active,412.9,2.4,96.5,11.8,76.5,Yes,0.0,None
07:53:54.208,Active,421.0,2.4,97.1,11.8,76.5,Yes,0.0,None
07:53:54.647,Active,430.6,2.4,94.9,11.8,76.0,Yes,0.0,None
07:53:55.112,Active,455.8,2.4,95.1,11.9,76.0,Yes,0.0,None
07:53:55.527,Active,407.6,2.3,99.4,11.9,76.5,Yes,0.0,None
07:53:55.943,Active,407.8,2.3,98.2,11.9,77.1,Yes,0.0,None
07:53:56.362,Active,410.7,2.3,98.2,11.9,76.0,Yes,0.0,None
07:53:56.778,Active,409.1,2.3,98.8,11.9,76.5,Yes,0.0,None
07:53:57.197,Active,410.9,2.3,98.2,11.8,76.0,Yes,0.0,None
07:53:57.617,Active,411.9,2.3,96.4,11.8,76.5,Yes,0.0,None
07:53:58.036,Active,411.0,2.3,97.0,11.8,76.5,Yes,0.0,None
07:53:58.452,Active,407.9,2.3,99.4,11.8,76.5,Yes,0.0,None
07:53:58.869,Active,408.1,2.3,97.6,11.8,76.5,Yes,0.0,None
07:53:59.290,Active,410.8,2.3,97.6,11.8,76.5,Yes,0.0,None
07:53:59.705,Active,406.4,2.4,98.8,11.8,76.5,Yes,0.0,None
07:54:00.140,Active,426.9,2.4,98.3,11.8,76.5,Yes,0.0,None
07:54:00.557,Active,406.4,2.4,98.2,11.9,77.1,Yes,0.0,None
07:54:00.975,Active,408.0,2.4,98.2,11.9,77.7,Yes,0.0,None
07:54:01.398,Active,412.3,2.4,97.6,11.9,76.5,Yes,0.0,None
07:54:01.819,Active,412.0,2.4,97.0,11.9,76.5,Yes,0.0,None
07:54:02.242,Active,414.6,2.4,97.6,11.9,76.5,Yes,0.3605453372001648,Leaf Rot
07:54:02.670,Active,418.3,2.4,96.4,11.9,77.1,Yes,0.0,None
07:54:03.090,Active,410.7,2.4,98.2,11.9,76.5,Yes,0.0,None
07:54:03.505,Active,408.8,2.4,97.5,11.8,77.1,Yes,0.0,None
07:54:03.920,Active,408.7,2.4,99.4,11.8,77.1,Yes,0.0,None
07:54:04.336,Active,409.2,2.4,98.8,11.8,76.0,Yes,0.0,None
07:54:04.753,Active,409.1,2.4,97.6,11.8,77.1,Yes,0.0,None
07:54:05.172,Active,409.3,2.4,97.6,11.8,77.1,Yes,0.0,None
07:54:05.586,Active,407.1,2.4,98.8,11.8,77.1,Yes,0.0,None
07:54:06.004,Active,408.6,2.4,98.2,11.8,77.1,Yes,0.0,None
07:54:06.419,Active,407.9,2.4,98.8,11.8,76.5,Yes,0.0,None
07:54:06.835,Active,410.1,2.4,98.8,11.8,77.1,Yes,0.0,None
07:54:07.251,Active,409.7,2.4,98.8,11.8,77.1,Yes,0.0,None
07:54:07.667,Active,407.9,2.4,99.4,11.8,76.5,Yes,0.0,None
07:54:08.083,Active,408.0,2.4,98.2,11.8,77.7,Yes,0.0,None
07:54:08.500,Active,410.2,2.4,98.8,11.8,76.5,Yes,0.0,None
07:54:08.917,Active,410.9,2.4,98.2,11.8,77.7,Yes,0.0,None
07:54:54.351,Active,420.3,2.4,1.4,11.7,58.4,Yes,0.0,None
07:54:54.768,Active,406.9,2.4,98.2,11.8,60.0,Yes,0.0,None
07:54:55.184,Active,409.4,2.4,98.8,11.8,61.1,Yes,0.33600950241088867,Leaf Rot
07:54:55.600,Active,409.0,2.4,98.8,11.8,61.7,Yes,0.0,None
07:54:56.044,Active,437.9,2.4,97.1,11.8,62.8,Yes,0.0,None
07:54:56.463,Active,410.3,2.4,98.2,11.8,63.9,Yes,0.0,None
07:54:56.880,Active,409.9,2.4,97.6,11.8,64.5,Yes,0.0,None
07:54:57.301,Active,412.9,3.0,98.2,11.8,64.5,Yes,0.33682650327682495,Leaf Rot
07:54:57.720,Active,409.0,3.0,98.2,11.8,65.5,Yes,0.0,None
07:54:58.141,Active,413.9,3.0,98.8,11.8,65.0,Yes,0.0,None
07:54:58.557,Active,409.3,3.0,98.2,11.8,66.1,Yes,0.0,None
07:54:58.974,Active,410.1,3.0,98.2,11.8,66.7,Yes,0.0,None
07:54:59.394,Active,409.3,3.0,98.2,11.8,67.2,Yes,0.0,None
07:54:59.814,Active,406.8,3.0,97.1,11.8,67.8,Yes,0.3722200393676758,Leaf Rot
07:55:00.228,Active,408.1,3.0,99.4,11.8,68.3,Yes,0.0,None
07:55:00.646,Active,408.6,3.0,98.8,11.7,68.3,Yes,0.3020293712615967,Leaf Rot
07:55:01.090,Active,435.9,3.0,97.7,11.8,68.3,Yes,0.0,None
07:55:01.506,Active,409.8,2.4,98.2,11.8,70.0,Yes,0.3272004723548889,Leaf Rot
07:55:01.921,Active,407.9,2.4,98.2,11.8,69.4,Yes,0.0,None
07:55:02.341,Active,411.5,2.4,98.8,11.8,69.4,Yes,0.0,None
07:55:02.755,Active,407.8,2.4,98.8,11.8,69.4,Yes,0.3316749632358551,Leaf Rot
07:55:03.175,Active,411.8,2.4,98.2,11.8,70.0,Yes,0.0,None
07:55:03.591,Active,407.7,2.4,98.2,11.8,69.4,Yes,0.0,None
07:55:04.009,Active,411.1,2.4,98.8,11.8,70.0,Yes,0.0,None
07:55:04.421,Active,405.9,2.4,98.8,11.8,70.0,Yes,0.0,None
07:55:04.836,Active,408.8,2.4,99.4,11.8,70.5,Yes,0.0,None
07:55:05.255,Active,412.0,2.4,98.8,11.8,71.6,Yes,0.0,None
07:55:05.674,Active,411.7,2.4,98.2,11.8,71.6,Yes,0.3235732913017273,Leaf Rot
07:55:06.091,Active,410.8,2.4,98.2,11.8,71.0,Yes,0.0,None
07:55:06.508,Active,410.8,2.4,98.2,11.8,71.6,Yes,0.0,None
07:55:06.924,Active,408.1,2.4,98.2,11.8,71.6,Yes,0.34214016795158386,Leaf Rot
07:55:07.340,Active,409.8,2.4,98.8,11.8,71.6,Yes,0.0,None
07:55:07.757,Active,409.4,2.4,98.2,11.8,71.0,Yes,0.3240759074687958,Leaf Rot
07:55:08.173,Active,409.7,2.4,99.4,11.8,72.2,Yes,0.0,None
07:55:08.589,Active,407.2,2.4,98.2,11.8,72.7,Yes,0.0,None
07:55:09.004,Active,408.6,2.4,98.8,11.8,72.2,Yes,0.0,None
07:55:09.419,Active,407.1,2.4,98.8,11.8,72.7,Yes,0.0,None
07:55:09.836,Active,408.7,2.4,98.2,11.8,72.7,Yes,0.0,None
07:55:10.257,Active,413.7,2.4,98.8,11.8,73.8,Yes,0.0,None
07:55:10.672,Active,409.3,2.4,98.8,11.8,72.2,Yes,0.0,None
07:55:11.114,Active,435.7,2.4,97.7,11.8,71.6,Yes,0.0,None
07:55:11.534,Active,409.6,2.4,98.2,11.8,73.8,Yes,0.0,None
07:55:11.948,Active,408.5,2.4,98.8,11.9,72.7,Yes,0.0,None
07:55:12.363,Active,409.4,2.4,99.4,11.9,73.8,Yes,0.0,None
07:55:12.782,Active,409.3,2.4,97.6,11.9,72.7,Yes,0.0,None
07:55:13.201,Active,411.1,2.4,98.2,11.9,73.2,Yes,0.0,None
07:55:13.619,Active,408.9,2.4,98.2,11.9,72.7,Yes,0.0,None
07:55:14.037,Active,411.6,2.4,98.8,11.8,73.2,Yes,0.0,None
07:55:14.452,Active,407.6,2.4,97.6,11.8,73.2,Yes,0.0,None
07:55:14.870,Active,408.0,2.4,98.2,11.8,73.2,Yes,0.30896416306495667,Leaf Rot
07:55:15.289,Active,409.4,2.4,98.2,11.8,73.2,Yes,0.0,None
07:55:15.711,Active,412.9,2.4,97.7,11.8,73.8,Yes,0.0,None
07:55:16.127,Active,409.9,2.4,98.2,11.8,73.2,Yes,0.0,None
07:55:16.555,Active,419.3,2.4,98.8,11.8,74.9,Yes,0.0,None
07:55:16.976,Active,412.2,2.4,98.2,11.8,74.3,Yes,0.0,None
07:55:17.391,Active,408.6,2.4,98.8,11.8,72.7,Yes,0.36273354291915894,Leaf Rot
07:55:17.813,Active,414.0,2.4,97.6,11.8,73.8,Yes,0.0,None
07:55:18.231,Active,412.1,2.4,98.8,11.8,74.3,Yes,0.0,None
07:55:18.645,Active,407.0,2.4,98.8,11.8,73.8,Yes,0.0,None
07:55:19.060,Active,408.4,2.4,98.8,11.8,73.8,Yes,0.0,None
07:55:19.474,Active,407.7,2.4,98.8,11.8,73.8,Yes,0.0,None
07:55:19.890,Active,407.1,2.4,98.2,11.8,74.3,Yes,0.0,None
07:55:20.308,Active,410.6,2.4,98.8,11.8,74.3,Yes,0.0,None
07:55:20.751,Active,435.4,2.4,96.0,11.8,74.3,Yes,0.0,None
07:55:21.168,Active,409.2,2.4,98.2,11.8,74.9,Yes,0.0,None
07:55:21.600,Active,420.5,2.4,97.7,11.8,73.8,Yes,0.0,None
07:55:22.019,Active,411.3,2.4,98.8,11.8,73.8,Yes,0.0,None
07:55:22.457,Active,429.6,2.4,96.0,11.8,74.3,Yes,0.0,None
07:55:22.871,Active,408.2,2.4,98.2,11.8,75.5,Yes,0.0,None
07:55:23.289,Active,409.2,2.4,98.8,11.8,75.5,Yes,0.0,None
07:55:23.711,Active,412.0,2.4,97.6,11.8,74.3,Yes,0.0,None
07:55:24.141,Active,421.9,2.4,96.5,11.8,74.3,Yes,0.0,None
07:55:24.561,Active,414.2,2.4,97.6,11.8,74.9,Yes,0.0,None
07:55:24.983,Active,412.7,2.4,98.2,11.8,74.9,Yes,0.32665079832077026,Leaf Rot
07:55:25.401,Active,409.7,2.4,98.2,11.8,74.3,Yes,0.0,None
07:55:25.924,Active,415.2,2.4,78.8,11.8,74.3,Yes,0.0,None
07:55:26.368,Active,434.8,2.4,97.8,11.8,74.9,Yes,0.0,None
07:55:26.784,Active,410.7,2.3,99.4,11.8,74.3,Yes,0.0,None
07:55:27.238,Active,447.8,2.3,95.1,11.8,74.3,Yes,0.0,None
07:55:27.668,Active,420.6,2.3,95.9,11.8,76.0,Yes,0.0,None
07:55:28.084,Active,409.6,2.3,98.8,11.8,75.5,Yes,0.0,None
07:55:28.501,Active,409.1,2.3,98.8,11.8,75.5,Yes,0.3389207720756531,Leaf Rot
07:55:28.917,Active,409.8,2.3,98.8,11.8,76.0,Yes,0.30970436334609985,Leaf Rot
07:55:29.335,Active,408.9,2.3,98.8,11.8,75.5,Yes,0.0,None
07:55:29.759,Active,415.7,2.3,97.0,11.8,75.5,Yes,0.0,None
07:55:30.189,Active,421.2,2.3,95.9,11.8,76.0,Yes,0.0,None
07:55:30.610,Active,411.6,2.3,98.2,11.8,76.0,Yes,0.0,None
07:55:31.026,Active,410.7,2.4,98.2,11.8,75.5,Yes,0.0,None
07:55:31.443,Active,406.0,2.4,97.6,11.8,75.5,Yes,0.0,None
07:55:31.883,Active,432.9,2.4,98.3,11.8,76.0,Yes,0.0,None
07:55:32.300,Active,408.8,2.4,98.8,11.8,75.5,Yes,0.0,None
07:55:32.815,Active,407.3,2.4,79.1,11.8,74.9,Yes,0.0,None
07:55:33.232,Active,410.5,2.4,99.4,11.8,75.5,Yes,0.3452739715576172,Leaf Rot
07:55:33.649,Active,408.6,2.4,98.2,11.8,75.5,Yes,0.0,None
07:55:34.066,Active,408.7,2.4,98.2,11.8,75.5,Yes,0.0,None
07:55:34.484,Active,408.5,2.4,97.6,11.8,75.5,Yes,0.0,None
07:55:34.902,Active,409.7,2.4,98.2,11.8,75.5,Yes,0.0,None
07:55:35.320,Active,408.4,2.3,98.2,11.8,75.5,Yes,0.0,None
07:55:35.732,Active,405.9,2.3,99.4,11.8,75.5,Yes,0.39214110374450684,Leaf Rot
07:55:36.150,Active,410.3,2.3,98.8,11.8,76.0,Yes,0.0,None
07:55:36.568,Active,411.6,2.3,98.2,11.8,75.5,Yes,0.0,None
07:55:36.984,Active,408.5,2.3,98.8,11.8,75.5,Yes,0.0,None
07:55:37.411,Active,420.0,2.3,97.1,11.8,75.5,Yes,0.3166297376155853,Leaf Rot
07:55:37.830,Active,410.2,2.3,98.2,11.8,74.9,Yes,0.0,None
07:55:38.247,Active,409.0,2.3,97.6,11.8,76.0,Yes,0.0,None
07:55:38.663,Active,407.4,2.3,98.8,11.8,76.0,Yes,0.0,None
07:55:39.081,Active,410.1,2.3,98.2,11.8,77.1,Yes,0.0,None
07:55:39.496,Active,408.6,2.4,98.8,11.8,76.5,Yes,0.0,None
07:55:39.909,Active,405.5,2.4,99.4,11.8,76.0,Yes,0.0,None
07:55:40.324,Active,408.7,2.4,99.4,11.8,75.5,Yes,0.0,None
07:55:40.740,Active,408.8,2.4,98.8,11.8,76.5,Yes,0.0,None
07:55:41.165,Active,417.2,2.4,97.6,11.8,75.5,Yes,0.0,None
07:55:41.615,Active,443.8,2.4,97.8,11.8,75.5,Yes,0.0,None
07:55:42.034,Active,410.5,2.4,98.2,11.9,77.1,Yes,0.0,None
07:55:42.450,Active,409.4,2.4,98.8,11.9,76.0,Yes,0.0,None
07:55:42.869,Active,409.6,2.4,98.2,11.9,76.0,Yes,0.0,None
07:55:43.285,Active,410.3,2.4,98.8,11.9,76.0,Yes,0.0,None
07:55:43.700,Active,409.0,2.4,98.8,11.9,76.5,Yes,0.0,None
07:55:44.115,Active,407.5,2.4,98.8,11.9,76.5,Yes,0.0,None
07:55:44.529,Active,408.1,2.4,99.4,11.8,76.0,Yes,0.0,None
07:55:44.941,Active,405.8,2.4,98.8,11.8,75.5,Yes,0.0,None
07:55:45.356,Active,408.4,2.4,99.4,11.8,77.1,Yes,0.0,None
07:55:45.780,Active,416.4,2.4,97.0,11.8,76.0,Yes,0.31304189562797546,Leaf Rot
07:55:46.199,Active,412.2,2.4,98.8,11.8,76.5,Yes,0.34341323375701904,Leaf Rot
07:55:46.617,Active,410.0,2.4,98.2,11.8,76.0,Yes,0.0,None
07:55:47.048,Active,424.5,2.4,98.8,11.8,76.5,Yes,0.0,None
07:55:47.464,Active,408.9,2.4,98.2,11.8,77.1,Yes,0.0,None
07:55:47.881,Active,409.2,2.4,98.2,11.8,76.0,Yes,0.0,None
07:55:48.296,Active,408.6,2.4,99.4,11.8,76.5,Yes,0.0,None
07:55:48.816,Active,408.5,2.4,78.7,11.8,76.0,Yes,0.0,None
07:55:49.237,Active,411.5,2.4,98.2,11.8,76.0,Yes,0.0,None
07:55:49.654,Active,408.7,2.4,97.6,11.8,76.0,Yes,0.0,None
07:55:50.075,Active,411.9,2.4,98.2,11.8,75.5,Yes,0.0,None
07:55:50.493,Active,411.0,2.4,97.6,11.8,76.0,Yes,0.0,None
07:55:50.912,Active,408.6,2.4,97.6,11.8,77.1,Yes,0.0,None
07:55:51.332,Active,411.4,2.4,98.2,11.8,76.0,Yes,0.0,None
07:55:51.746,Active,406.9,2.4,98.2,11.8,76.5,Yes,0.0,None
07:55:52.175,Active,419.1,2.3,98.8,11.8,77.1,Yes,0.0,None
07:55:52.590,Active,408.0,2.3,99.4,11.8,76.5,Yes,0.323946475982666,Leaf Rot
07:55:53.003,Active,407.2,2.3,98.8,11.8,76.5,Yes,0.0,None
07:55:53.423,Active,408.6,2.3,98.8,11.8,76.5,Yes,0.0,None
07:55:53.847,Active,415.5,2.3,96.4,11.8,76.5,Yes,0.0,None
07:55:54.266,Active,409.0,2.3,97.6,11.8,76.5,Yes,0.0,None
07:56:39.709,Active,425.8,2.3,1.4,11.8,57.3,Yes,0.0,None
07:56:40.125,Active,410.2,2.3,98.8,11.8,59.0,Yes,0.0,None
07:56:40.540,Active,408.7,2.3,98.8,11.8,60.6,Yes,0.0,None
07:56:40.955,Active,408.0,2.3,98.8,11.8,62.2,Yes,0.0,None
07:56:41.368,Active,405.6,4.8,99.4,11.8,62.2,Yes,0.0,None
07:56:41.787,Active,409.4,4.8,98.8,11.8,62.8,Yes,0.0,None
07:56:42.204,Active,410.0,4.8,98.8,11.8,63.4,Yes,0.30698418617248535,Leaf Rot
07:56:42.682,Active,471.2,4.8,95.2,11.8,63.9,Yes,0.3554181456565857,Leaf Rot
07:56:43.097,Active,408.7,4.8,98.8,11.9,65.0,Yes,0.0,None
07:56:43.515,Active,408.9,4.8,97.6,11.9,65.0,Yes,0.0,None
07:56:43.937,Active,411.9,4.8,98.2,11.9,65.5,Yes,0.0,None
07:56:44.356,Active,412.4,4.8,98.2,11.9,67.2,Yes,0.0,None
07:56:44.772,Active,408.8,4.8,98.2,11.9,66.7,Yes,0.0,None
07:56:45.192,Active,412.7,4.8,98.8,11.9,66.1,Yes,0.0,None
07:56:45.608,Active,408.8,2.4,98.2,11.8,66.1,Yes,0.0,None
07:56:46.027,Active,411.7,2.4,98.2,11.8,67.2,Yes,0.0,None
07:56:46.444,Active,408.2,2.4,98.2,11.8,67.8,Yes,0.34923821687698364,Leaf Rot
07:56:46.878,Active,427.5,2.4,95.9,11.8,67.8,Yes,0.0,None
07:56:47.301,Active,413.2,2.4,97.1,11.8,67.8,Yes,0.0,None
07:56:47.718,Active,410.2,2.4,98.8,11.8,68.3,Yes,0.35166868567466736,Leaf Rot
07:56:48.150,Active,423.4,2.4,97.7,11.8,68.8,Yes,0.0,None
07:56:48.564,Active,407.9,2.4,98.8,11.8,68.8,Yes,0.0,None
07:56:48.981,Active,409.5,2.4,98.8,11.8,68.8,Yes,0.0,None
07:56:49.396,Active,408.8,2.4,99.4,11.8,69.4,Yes,0.0,None
07:56:49.810,Active,407.8,2.4,98.8,11.8,69.4,Yes,0.0,None
07:56:50.234,Active,410.2,2.4,97.6,11.8,69.4,Yes,0.0,None
07:56:50.654,Active,410.8,2.4,98.2,11.8,70.0,Yes,0.0,None
07:56:51.074,Active,410.9,2.4,98.2,11.8,70.0,Yes,0.3393070697784424,Leaf Rot
07:56:51.509,Active,425.2,2.4,95.3,11.8,70.5,Yes,0.0,None
07:56:51.924,Active,408.7,2.4,98.8,11.8,70.0,Yes,0.0,None
07:56:52.344,Active,409.5,2.4,98.2,11.8,70.5,Yes,0.0,None
07:56:52.790,Active,440.5,2.4,95.5,11.8,70.0,Yes,0.0,None
07:56:53.213,Active,415.2,2.4,97.6,11.8,71.0,Yes,0.0,None
07:56:53.636,Active,417.2,2.4,97.0,11.8,70.0,Yes,0.0,None
07:56:54.053,Active,410.7,2.4,98.8,11.8,71.0,Yes,0.0,None
07:56:54.470,Active,410.6,2.4,98.8,11.8,70.5,Yes,0.0,None
07:56:54.886,Active,408.3,2.4,98.2,11.8,72.2,Yes,0.0,None
07:56:55.305,Active,409.6,2.4,98.2,11.8,71.6,Yes,0.0,None
07:56:55.720,Active,408.1,2.4,98.8,11.8,71.6,Yes,0.0,None
07:56:56.135,Active,409.5,2.4,98.8,11.8,71.6,Yes,0.0,None
07:56:56.547,Active,406.1,2.4,99.4,11.8,71.6,Yes,0.0,None
07:56:56.964,Active,409.1,2.4,98.8,11.8,72.7,Yes,0.0,None
07:56:57.380,Active,408.2,2.4,98.8,11.8,71.6,Yes,0.0,None
07:56:57.799,Active,412.5,2.4,99.4,11.8,71.6,Yes,0.0,None
07:56:58.222,Active,416.2,2.4,98.2,11.8,71.6,Yes,0.0,None
07:56:58.636,Active,407.5,2.4,99.4,11.8,71.6,Yes,0.0,None
07:56:59.056,Active,414.5,2.4,98.2,11.8,72.2,Yes,0.0,None
07:56:59.471,Active,407.7,2.4,98.2,11.8,72.2,Yes,0.0,None
07:56:59.886,Active,409.5,2.4,99.4,11.8,72.2,Yes,0.0,None
07:57:00.301,Active,405.9,2.4,98.8,11.8,72.2,Yes,0.0,None
07:57:00.816,Active,407.9,2.4,80.6,11.8,72.2,Yes,0.0,None
07:57:01.231,Active,407.6,2.4,98.8,11.8,72.2,Yes,0.33137717843055725,Leaf Rot
07:57:01.642,Active,404.3,2.4,99.4,11.8,72.7,Yes,0.3352578580379486,Leaf Rot
07:57:02.067,Active,416.1,2.4,97.0,11.8,72.7,Yes,0.0,None
07:57:02.485,Active,407.8,2.3,98.2,11.8,72.7,Yes,0.30047228932380676,Leaf Rot
07:57:02.903,Active,409.7,2.3,98.2,11.8,72.7,Yes,0.3276330232620239,Leaf Rot
07:57:03.341,Active,430.0,2.3,97.7,11.9,73.2,Yes,0.0,None
07:57:03.764,Active,413.2,2.3,97.6,11.9,72.7,Yes,0.0,None
07:57:04.183,Active,410.0,2.3,98.2,11.9,73.2,Yes,0.0,None
07:57:04.599,Active,407.0,2.3,98.2,11.9,72.7,Yes,0.0,None
07:57:05.018,Active,410.4,2.3,98.2,11.9,73.2,Yes,0.0,None
07:57:05.437,Active,409.1,2.3,98.2,11.9,72.7,Yes,0.0,None
07:57:05.856,Active,412.4,2.3,98.8,11.9,73.2,Yes,0.0,None
07:57:06.276,Active,412.5,2.3,98.2,11.8,73.2,Yes,0.0,None
07:57:06.695,Active,411.3,2.4,98.2,11.8,72.7,Yes,0.0,None
07:57:07.115,Active,412.0,2.4,98.2,11.8,73.8,Yes,0.0,None
07:57:07.532,Active,408.2,2.4,98.2,11.8,72.2,Yes,0.0,None
07:57:07.950,Active,409.2,2.4,97.6,11.8,73.8,Yes,0.0,None
07:57:08.367,Active,408.0,2.4,98.8,11.8,73.8,Yes,0.0,None
07:57:08.784,Active,409.6,2.4,98.8,11.8,72.7,Yes,0.0,None
07:57:09.204,Active,411.5,2.4,97.6,11.8,73.8,Yes,0.0,None
07:57:09.615,Active,405.3,2.4,98.8,11.8,73.8,Yes,0.0,None
07:57:10.035,Active,413.5,2.4,99.4,11.8,74.9,Yes,0.0,None
07:57:10.447,Active,406.2,2.4,99.4,11.8,73.8,Yes,0.0,None
07:57:10.857,Active,404.2,2.4,100.0,11.8,73.2,Yes,0.0,None
07:57:11.275,Active,407.7,2.4,98.8,11.8,72.7,Yes,0.0,None
07:57:11.692,Active,408.4,2.4,98.8,11.8,74.3,Yes,0.0,None
07:57:12.108,Active,410.4,2.4,98.8,11.8,73.8,Yes,0.0,None
07:57:12.520,Active,406.0,2.4,98.8,11.8,74.9,Yes,0.0,None
07:57:12.938,Active,409.6,2.4,98.8,11.8,73.8,Yes,0.0,None
07:57:13.394,Active,446.6,2.4,97.8,11.9,73.8,Yes,0.0,None
07:57:13.811,Active,408.1,2.4,98.2,12.0,73.8,Yes,0.0,None
07:57:14.228,Active,410.1,2.4,98.2,12.0,73.8,Yes,0.0,None
07:57:14.643,Active,408.8,2.4,98.8,12.0,73.2,Yes,0.0,None
07:57:15.062,Active,411.7,2.4,98.8,12.0,73.8,Yes,0.0,None
07:57:15.480,Active,408.6,2.4,98.2,11.9,74.3,Yes,0.0,None
07:57:15.891,Active,405.4,2.4,99.4,11.9,74.3,Yes,0.0,None
07:57:16.309,Active,408.6,2.4,98.2,11.9,74.3,Yes,0.0,None
07:57:16.723,Active,407.6,2.4,98.8,11.9,73.8,Yes,0.0,None
07:57:17.141,Active,412.5,2.4,99.4,11.9,74.3,Yes,0.0,None
07:57:17.555,Active,407.3,2.4,97.6,11.9,74.3,Yes,0.0,None
07:57:17.973,Active,408.8,2.4,98.2,11.9,74.3,Yes,0.0,None
07:57:18.500,Active,426.2,2.4,80.6,11.9,73.8,Yes,0.0,None
07:57:18.922,Active,412.2,2.4,98.2,11.9,74.3,Yes,0.0,None
07:57:19.340,Active,410.5,2.3,98.2,11.9,74.9,Yes,0.0,None
07:57:19.758,Active,409.2,2.3,98.2,11.9,74.9,Yes,0.0,None
07:57:20.177,Active,409.6,2.3,97.6,11.9,74.9,Yes,0.0,None
07:57:20.596,Active,409.7,2.3,98.2,11.9,74.3,Yes,0.0,None
07:57:21.017,Active,412.2,2.3,98.2,11.8,74.3,Yes,0.0,None
07:57:21.429,Active,406.8,2.3,98.2,11.8,74.3,Yes,0.0,None
07:57:21.848,Active,408.6,2.3,98.2,11.8,74.9,Yes,0.0,None
07:57:22.267,Active,409.6,2.3,98.2,11.8,75.5,Yes,0.0,None
07:57:22.685,Active,408.8,2.3,98.2,11.8,74.9,Yes,0.0,None
07:57:23.106,Active,411.5,2.3,98.2,11.8,74.3,Yes,0.0,None
07:57:23.541,Active,425.7,2.4,98.3,11.8,74.9,Yes,0.0,None
07:57:23.958,Active,408.0,2.4,97.6,11.8,74.3,Yes,0.0,None
07:57:24.379,Active,412.5,2.4,98.8,11.8,74.3,Yes,0.0,None
07:57:24.797,Active,411.8,2.4,97.6,11.8,74.3,Yes,0.0,None
07:57:25.226,Active,420.6,2.4,97.1,11.8,74.9,Yes,0.0,None
07:57:25.643,Active,408.3,2.4,97.6,11.8,74.3,Yes,0.0,None
07:57:26.058,Active,406.5,2.4,98.8,11.8,76.0,Yes,0.0,None
07:57:26.471,Active,407.1,2.4,100.0,11.8,74.9,Yes,0.0,None
07:57:26.886,Active,409.5,2.4,98.8,11.8,74.3,Yes,0.0,None
07:57:27.319,Active,426.9,2.4,97.7,11.8,75.5,Yes,0.0,None
07:57:27.729,Active,402.6,2.4,99.4,11.8,76.0,Yes,0.32156550884246826,Leaf Rot
07:57:28.143,Active,407.8,2.4,99.4,11.8,75.5,Yes,0.0,None
07:57:28.585,Active,436.0,2.4,98.9,11.8,76.0,Yes,0.0,None
07:57:29.003,Active,409.1,2.4,98.8,11.8,74.9,Yes,0.0,None
07:57:29.414,Active,405.5,2.4,99.4,11.8,74.9,Yes,0.0,None
07:57:29.827,Active,405.9,2.4,98.8,11.8,74.9,Yes,0.0,None
07:57:30.243,Active,410.4,2.4,99.4,11.8,74.3,Yes,0.0,None
07:57:30.655,Active,406.0,2.4,99.4,11.8,74.3,Yes,0.0,None
07:57:31.067,Active,406.0,2.4,99.4,11.8,75.5,Yes,0.0,None
07:57:31.478,Active,404.8,2.4,100.0,11.8,74.9,Yes,0.0,None
07:57:31.901,Active,409.3,2.4,97.0,11.8,74.9,Yes,0.31855958700180054,Leaf Rot
07:57:32.331,Active,424.2,2.4,95.9,11.8,74.9,Yes,0.0,None
07:57:32.758,Active,418.2,2.4,96.5,11.8,73.8,Yes,0.0,None
07:57:33.174,Active,407.1,2.4,98.8,11.8,74.9,Yes,0.0,None
07:57:33.611,Active,427.4,2.4,98.3,11.9,75.5,Yes,0.0,None
07:57:34.030,Active,410.4,2.4,98.8,11.9,75.5,Yes,0.0,None
07:57:34.450,Active,410.3,2.4,98.2,11.9,74.9,Yes,0.0,None
07:57:34.878,Active,418.8,2.4,97.7,11.9,74.9,Yes,0.0,None
07:57:35.297,Active,409.6,2.4,97.6,11.9,75.5,Yes,0.0,None
07:57:35.713,Active,406.7,2.4,98.2,11.9,75.5,Yes,0.0,None
07:57:36.134,Active,414.9,2.4,98.2,11.9,76.5,Yes,0.0,None
07:57:36.552,Active,408.6,2.4,98.2,11.8,75.5,Yes,0.0,None
07:57:36.970,Active,408.1,2.4,98.2,11.8,74.9,Yes,0.0,None
07:57:37.385,Active,407.3,2.4,98.2,11.8,74.9,Yes,0.0,None
07:57:37.799,Active,407.2,2.4,98.8,11.8,75.5,Yes,0.0,None
07:57:38.219,Active,411.4,2.4,98.2,11.8,75.5,Yes,0.0,None
07:57:38.634,Active,408.4,2.4,98.8,11.8,75.5,Yes,0.38099104166030884,Leaf Rot
07:57:39.054,Active,410.9,2.4,97.7,11.8,74.9,Yes,0.0,None
07:57:39.470,Active,409.6,2.4,98.2,11.8,76.0,Yes,0.0,None
07:58:24.912,Active,424.9,2.4,1.4,11.8,57.3,Yes,0.0,None
07:58:25.330,Active,411.0,11.8,98.8,11.8,58.4,Yes,0.0,None
07:58:25.749,Active,409.9,11.8,98.2,11.8,60.0,Yes,0.3461976647377014,Leaf Rot
07:58:26.167,Active,409.1,11.8,98.2,11.8,61.1,Yes,0.0,None
07:58:26.582,Active,407.2,11.8,98.8,11.8,61.7,Yes,0.0,None
07:58:27.000,Active,411.2,11.8,98.8,11.8,61.7,Yes,0.0,None
07:58:27.416,Active,408.6,11.8,98.8,11.8,62.8,Yes,0.0,None
07:58:27.829,Active,405.8,11.8,98.8,11.8,63.9,Yes,0.0,None
07:58:28.248,Active,410.4,11.8,98.2,11.8,64.5,Yes,0.0,None
07:58:28.666,Active,410.1,11.8,98.8,11.8,64.5,Yes,0.0,None
07:58:29.084,Active,410.9,11.8,98.2,11.8,65.0,Yes,0.0,None
07:58:29.523,Active,431.9,2.4,98.3,11.8,65.5,Yes,0.0,None
07:58:29.939,Active,408.1,2.4,98.8,11.9,66.1,Yes,0.0,None
07:58:30.356,Active,410.1,2.4,98.2,11.8,66.7,Yes,0.0,None
07:58:30.772,Active,407.2,2.4,98.2,11.8,66.7,Yes,0.0,None
07:58:31.192,Active,411.2,2.4,97.6,11.8,67.2,Yes,0.0,None
07:58:31.607,Active,407.1,2.4,98.8,11.8,67.8,Yes,0.0,None
07:58:32.023,Active,410.2,2.4,98.8,11.8,67.2,Yes,0.0,None
07:58:32.441,Active,408.0,2.4,98.2,11.8,67.2,Yes,0.3694114089012146,Leaf Rot
07:58:32.857,Active,407.9,2.4,98.2,11.8,67.8,Yes,0.0,None
07:58:33.276,Active,409.5,2.4,98.2,11.8,68.3,Yes,0.0,None
07:58:33.694,Active,408.6,2.4,98.2,11.8,68.3,Yes,0.0,None
07:58:34.114,Active,411.3,2.4,98.2,11.8,70.0,Yes,0.0,None
07:58:34.555,Active,430.5,2.4,97.8,11.8,68.3,Yes,0.3056581914424896,Leaf Rot
07:58:34.984,Active,423.8,2.4,96.5,11.8,69.4,Yes,0.0,None
07:58:35.401,Active,409.3,2.4,98.8,11.8,69.4,Yes,0.0,None
07:58:35.820,Active,412.2,2.4,98.2,11.8,68.3,Yes,0.3161839246749878,Leaf Rot
07:58:36.241,Active,412.9,2.4,98.2,11.8,69.4,Yes,0.3290230631828308,Leaf Rot
07:58:36.653,Active,406.5,2.4,98.8,11.8,71.0,Yes,0.0,None
07:58:37.070,Active,410.4,2.4,99.4,11.8,70.0,Yes,0.0,None
07:58:37.484,Active,407.8,2.4,99.4,11.8,70.0,Yes,0.0,None
07:58:37.895,Active,404.8,2.4,98.8,11.8,69.4,Yes,0.31085464358329773,Leaf Rot
07:58:38.309,Active,408.6,2.4,98.8,11.8,70.0,Yes,0.0,None
07:58:38.722,Active,406.5,2.4,99.4,11.8,71.0,Yes,0.0,None
07:58:39.137,Active,405.9,2.4,98.8,11.8,70.0,Yes,0.0,None
07:58:39.555,Active,408.2,2.4,98.2,11.8,70.5,Yes,0.0,None
07:58:39.969,Active,405.4,2.4,98.2,11.8,70.5,Yes,0.0,None
07:58:40.380,Active,403.5,2.4,99.4,11.7,71.0,Yes,0.0,None
07:58:40.795,Active,409.4,2.4,99.4,11.7,70.5,Yes,0.0,None
07:58:41.211,Active,409.0,2.4,98.8,11.7,71.6,Yes,0.0,None
07:58:41.627,Active,405.6,2.4,98.2,11.7,72.2,Yes,0.0,None
07:58:42.044,Active,410.1,2.4,98.8,11.7,71.0,Yes,0.0,None
07:58:42.470,Active,419.7,2.4,96.5,11.7,71.0,Yes,0.0,None
07:58:42.893,Active,413.0,2.4,97.6,11.7,71.6,Yes,0.0,None
07:58:43.311,Active,411.5,2.4,98.8,11.7,71.6,Yes,0.0,None
07:58:43.729,Active,412.2,2.4,98.8,11.7,71.0,Yes,0.0,None
07:58:44.145,Active,410.2,2.4,98.2,11.7,71.6,Yes,0.0,None
07:58:44.588,Active,432.6,2.4,97.8,11.9,71.6,Yes,0.0,None
07:58:45.006,Active,410.4,2.4,98.8,11.9,72.2,Yes,0.0,None
07:58:45.431,Active,415.4,2.4,97.1,11.9,71.6,Yes,0.0,None
07:58:45.844,Active,407.4,2.4,99.4,11.9,72.2,Yes,0.0,None
07:58:46.259,Active,407.5,2.4,98.8,11.9,71.6,Yes,0.0,None
07:58:46.672,Active,407.0,2.4,98.8,11.9,71.6,Yes,0.0,None
07:58:47.088,Active,409.3,2.4,98.8,11.9,72.2,Yes,0.3172451853752136,Leaf Rot
07:58:47.504,Active,410.1,2.4,98.8,11.9,72.2,Yes,0.31139832735061646,Leaf Rot
07:58:47.925,Active,414.0,2.4,97.0,11.8,72.7,Yes,0.0,None
07:58:48.344,Active,413.0,2.4,99.4,11.8,71.6,Yes,0.3546491265296936,Leaf Rot
07:58:48.768,Active,416.6,2.4,97.6,11.8,72.7,Yes,0.0,None
07:58:49.184,Active,409.2,2.4,98.2,11.8,72.7,Yes,0.0,None
07:58:49.606,Active,414.1,2.4,98.8,11.8,72.2,Yes,0.0,None
07:58:50.034,Active,419.1,2.4,97.7,11.8,72.2,Yes,0.0,None
07:58:50.453,Active,409.5,2.4,98.2,11.8,72.7,Yes,0.0,None
07:58:50.872,Active,412.3,2.4,98.2,11.8,73.8,Yes,0.0,None
07:58:51.289,Active,409.4,2.4,98.2,11.8,72.7,Yes,0.0,None
07:58:51.709,Active,413.9,2.4,97.6,11.8,73.2,Yes,0.0,None
07:58:52.127,Active,411.9,2.4,98.8,11.8,71.6,Yes,0.0,None
07:58:52.542,Active,409.2,2.4,98.2,11.8,72.7,Yes,0.0,None
07:58:52.958,Active,409.1,2.4,98.2,11.8,72.2,Yes,0.0,None
07:58:53.377,Active,408.8,2.4,98.2,11.8,73.2,Yes,0.0,None
07:58:53.792,Active,408.4,2.4,98.8,11.8,73.2,Yes,0.0,None
07:58:54.217,Active,418.0,2.4,97.6,11.8,72.2,Yes,0.0,None
07:58:54.649,Active,425.9,2.4,95.9,11.8,72.7,Yes,0.0,None
07:58:55.095,Active,437.1,2.4,98.3,11.8,72.7,Yes,0.0,None
07:58:55.508,Active,407.0,2.4,98.2,11.8,73.2,Yes,0.0,None
07:58:55.922,Active,408.1,2.4,98.8,11.8,73.2,Yes,0.0,None
07:58:56.341,Active,409.6,2.4,98.2,11.8,73.2,Yes,0.0,None
07:58:56.757,Active,409.6,2.4,98.8,11.8,73.8,Yes,0.0,None
07:58:57.172,Active,408.7,2.4,98.8,11.8,73.8,Yes,0.0,None
07:58:57.590,Active,408.5,2.4,98.2,11.8,72.7,Yes,0.0,None
07:58:58.008,Active,408.9,2.4,98.2,11.8,72.7,Yes,0.0,None
07:58:58.425,Active,406.9,2.4,98.2,11.8,73.8,Yes,0.0,None
07:58:58.840,Active,408.1,2.4,99.4,11.8,73.8,Yes,0.0,None
07:58:59.259,Active,409.9,2.4,98.2,11.8,74.3,Yes,0.0,None
07:58:59.677,Active,408.6,2.4,97.6,11.8,73.2,Yes,0.0,None
07:59:00.121,Active,434.5,2.4,97.7,11.8,73.8,Yes,0.0,None
07:59:00.536,Active,407.9,2.4,98.2,11.8,73.8,Yes,0.0,None
07:59:00.955,Active,409.9,2.4,98.2,11.8,73.8,Yes,0.0,None
07:59:01.373,Active,411.1,2.4,98.2,11.8,73.8,Yes,0.4074074327945709,Leaf Rot
07:59:01.789,Active,405.6,2.4,97.6,11.8,73.2,Yes,0.0,None
07:59:02.206,Active,409.1,2.4,98.8,11.8,73.8,Yes,0.0,None
07:59:02.620,Active,408.3,2.4,98.8,11.8,74.3,Yes,0.0,None
07:59:03.036,Active,409.0,2.4,98.8,11.8,74.3,Yes,0.0,None
07:59:03.453,Active,407.7,2.4,98.2,11.8,72.7,Yes,0.0,None
07:59:03.871,Active,408.7,2.4,98.8,11.8,73.8,Yes,0.0,None
07:59:04.311,Active,431.8,2.4,94.3,11.8,73.8,Yes,0.0,None
07:59:04.726,Active,408.0,2.4,98.2,11.8,74.3,Yes,0.3160282373428345,Leaf Rot
07:59:05.172,Active,436.8,2.4,98.3,11.8,74.3,Yes,0.0,None
07:59:05.590,Active,407.0,2.4,97.6,11.8,74.9,Yes,0.0,None
07:59:06.008,Active,410.0,2.4,97.6,11.8,74.3,Yes,0.0,None
07:59:06.422,Active,406.5,2.4,98.8,11.8,74.3,Yes,0.0,None
07:59:06.842,Active,410.4,2.4,98.2,11.8,74.3,Yes,0.3139984607696533,Leaf Rot
07:59:07.260,Active,410.9,2.4,98.2,11.8,73.8,Yes,0.0,None
07:59:07.680,Active,408.2,2.4,97.0,11.8,74.3,Yes,0.0,None
07:59:08.115,Active,429.3,2.4,96.0,11.8,74.3,Yes,0.0,None
07:59:08.528,Active,407.3,2.4,98.8,11.8,74.9,Yes,0.0,None
07:59:08.947,Active,411.9,2.4,98.8,11.8,74.3,Yes,0.0,None
07:59:09.384,Active,428.8,2.4,95.3,11.8,73.8,Yes,0.0,None
07:59:09.804,Active,407.4,2.4,98.2,11.8,74.3,Yes,0.3420642018318176,Leaf Rot
07:59:10.219,Active,409.6,2.4,99.4,11.8,74.3,Yes,0.0,None
07:59:10.631,Active,406.3,2.4,99.4,11.8,73.8,Yes,0.35174641013145447,Leaf Rot
07:59:11.043,Active,405.8,2.4,99.4,11.8,74.3,Yes,0.0,None
07:59:11.456,Active,405.0,2.4,99.4,11.8,74.3,Yes,0.0,None
07:59:11.884,Active,416.6,2.4,96.4,11.8,74.3,Yes,0.0,None
07:59:12.301,Active,409.1,2.4,98.8,11.8,74.3,Yes,0.34732091426849365,Leaf Rot
07:59:12.715,Active,408.3,2.4,99.4,11.8,74.3,Yes,0.0,None
07:59:13.132,Active,409.7,2.4,98.2,11.8,73.8,Yes,0.0,None
07:59:13.546,Active,406.8,2.4,98.8,11.8,74.9,Yes,0.0,None
07:59:13.963,Active,409.1,2.4,98.8,11.8,74.9,Yes,0.0,None
07:59:14.381,Active,411.5,2.4,98.8,11.7,74.3,Yes,0.0,None
07:59:14.799,Active,410.4,2.4,98.2,11.7,74.3,Yes,0.0,None
07:59:15.252,Active,444.7,2.4,97.2,11.8,74.3,Yes,0.0,None
07:59:15.667,Active,408.1,2.4,98.2,11.8,74.3,Yes,0.0,None
07:59:16.086,Active,409.4,2.4,99.4,11.8,74.9,Yes,0.0,None
07:59:16.505,Active,409.9,2.4,97.6,11.8,74.3,Yes,0.0,None
07:59:16.921,Active,409.0,2.4,98.2,11.8,76.0,Yes,0.3358786106109619,Leaf Rot
07:59:17.339,Active,409.8,2.4,98.2,11.8,74.9,Yes,0.0,None
07:59:17.757,Active,408.1,2.4,97.6,11.8,74.9,Yes,0.0,None
07:59:18.174,Active,410.9,2.4,98.8,11.8,74.3,Yes,0.0,None
07:59:18.589,Active,405.4,2.4,98.8,11.8,74.9,Yes,0.0,None
07:59:19.007,Active,408.7,2.4,98.8,11.8,74.9,Yes,0.0,None
07:59:19.420,Active,407.0,2.4,99.4,11.8,74.3,Yes,0.3064037263393402,Leaf Rot
07:59:19.835,Active,406.9,2.4,98.8,11.8,74.3,Yes,0.3094787001609802,Leaf Rot
07:59:20.257,Active,413.3,2.4,98.2,11.8,74.3,Yes,0.3046024739742279,Leaf Rot
07:59:20.681,Active,416.5,2.4,98.2,11.8,74.3,Yes,0.3100563883781433,Leaf Rot
07:59:21.100,Active,410.9,2.4,98.2,11.8,74.3,Yes,0.0,None
07:59:21.516,Active,407.0,2.4,98.2,11.8,74.9,Yes,0.0,None
07:59:21.930,Active,407.8,2.4,98.8,11.8,74.9,Yes,0.0,None
07:59:22.355,Active,415.2,2.4,97.1,11.8,74.3,Yes,0.0,None
07:59:22.772,Active,408.6,2.4,98.2,11.8,74.9,Yes,0.0,None
07:59:23.186,Active,408.0,2.4,98.8,11.8,74.9,Yes,0.0,None
07:59:23.604,Active,408.0,2.4,98.2,11.8,74.3,Yes,0.0,None
07:59:24.032,Active,417.9,2.4,97.1,11.8,74.9,Yes,0.3269950747489929,Leaf Rot
07:59:24.449,Active,410.0,2.4,98.2,11.8,74.3,Yes,0.0,None
07:59:24.867,Active,410.8,2.4,98.2,11.8,75.5,Yes,0.0,None
08:00:10.312,Active,429.4,2.4,1.2,11.8,56.2,Yes,0.0,None
08:00:10.726,Active,407.7,2.4,99.4,11.9,56.8,Yes,0.0,None
08:00:11.145,Active,409.9,2.4,98.2,11.9,59.0,Yes,0.0,None
08:00:11.562,Active,409.6,2.4,98.2,11.9,60.6,Yes,0.0,None
08:00:11.984,Active,412.4,2.4,98.2,11.9,60.6,Yes,0.3079957962036133,Leaf Rot
08:00:12.400,Active,408.6,2.4,98.2,11.9,62.2,Yes,0.0,None
08:00:12.813,Active,405.3,2.4,98.8,11.9,62.8,Yes,0.0,None
08:00:13.233,Active,413.7,3.0,98.8,11.9,62.8,Yes,0.3068627715110779,Leaf Rot
08:00:13.648,Active,408.2,3.0,98.8,11.9,63.9,Yes,0.320547491312027,Leaf Rot
08:00:14.096,Active,440.7,3.0,93.8,11.9,62.8,Yes,0.0,None
08:00:14.511,Active,405.2,3.0,97.6,11.8,63.9,Yes,0.32012486457824707,Leaf Rot
08:00:14.927,Active,409.0,3.0,98.8,11.8,64.5,Yes,0.0,None
08:00:15.343,Active,407.3,3.0,98.8,11.8,65.0,Yes,0.0,None
08:00:15.760,Active,406.5,3.0,98.2,11.8,65.5,Yes,0.0,None
08:00:16.217,Active,446.8,3.0,96.7,11.8,65.0,Yes,0.0,None
08:00:16.631,Active,407.7,3.0,98.8,11.9,65.5,Yes,0.0,None
08:00:17.048,Active,410.1,3.0,98.8,11.9,67.2,Yes,0.0,None
08:00:17.462,Active,407.4,2.4,98.8,11.9,67.2,Yes,0.0,None
08:00:17.875,Active,406.8,2.4,99.4,11.9,67.8,Yes,0.0,None
08:00:18.294,Active,409.8,2.4,98.2,11.8,67.2,Yes,0.0,None
08:00:18.708,Active,407.8,2.4,98.8,11.8,67.2,Yes,0.0,None
08:00:19.127,Active,411.4,2.4,97.6,11.8,67.8,Yes,0.0,None
08:00:19.546,Active,406.9,2.4,97.0,11.8,67.8,Yes,0.0,None
08:00:19.964,Active,408.3,2.4,98.2,11.8,67.8,Yes,0.0,None
08:00:20.389,Active,419.2,2.4,97.0,11.8,67.8,Yes,0.0,None
08:00:20.804,Active,409.5,2.4,98.8,11.8,67.8,Yes,0.0,None
08:00:21.228,Active,416.9,2.4,97.0,11.8,68.3,Yes,0.0,None
08:00:21.658,Active,418.4,2.4,98.2,11.8,68.3,Yes,0.3571319282054901,Leaf Rot
08:00:22.078,Active,410.4,2.4,97.6,11.8,69.4,Yes,0.0,None
08:00:22.497,Active,409.6,2.4,98.2,11.8,68.3,Yes,0.0,None
08:00:22.911,Active,408.0,2.4,98.2,11.8,68.8,Yes,0.0,None
08:00:23.327,Active,409.3,2.4,98.2,11.8,68.3,Yes,0.0,None
08:00:23.748,Active,410.8,2.4,97.6,11.8,69.4,Yes,0.0,None
08:00:24.165,Active,409.2,2.4,98.2,11.8,69.4,Yes,0.0,None
08:00:24.583,Active,409.2,2.4,98.2,11.8,69.4,Yes,0.0,None
08:00:25.010,Active,418.2,2.4,97.6,11.8,69.4,Yes,0.0,None
08:00:25.422,Active,406.4,2.4,98.8,11.8,69.4,Yes,0.0,None
08:00:25.841,Active,409.0,2.4,97.6,11.8,69.4,Yes,0.0,None
08:00:26.259,Active,410.2,2.4,98.2,11.8,70.0,Yes,0.0,None
08:00:26.681,Active,416.0,2.4,99.4,11.8,70.0,Yes,0.0,None
08:00:27.097,Active,409.7,2.4,98.2,11.8,69.4,Yes,0.0,None
08:00:27.510,Active,406.2,2.4,98.8,11.8,70.0,Yes,0.0,None
08:00:27.930,Active,410.4,2.4,97.6,11.8,70.5,Yes,0.0,None
08:00:28.347,Active,407.1,2.4,97.6,11.8,70.5,Yes,0.0,None
08:00:28.761,Active,407.8,2.4,98.8,11.8,71.0,Yes,0.0,None
08:00:29.178,Active,411.0,2.4,97.6,11.8,70.5,Yes,0.0,None
08:00:29.595,Active,407.9,2.4,98.8,11.8,71.0,Yes,0.0,None
08:00:30.017,Active,413.9,2.4,98.2,11.8,70.5,Yes,0.0,None
08:00:30.431,Active,408.0,2.4,98.8,11.8,71.0,Yes,0.0,None
08:00:30.848,Active,408.1,2.4,98.2,11.8,70.5,Yes,0.35880404710769653,Leaf Rot
08:00:31.264,Active,409.1,2.4,98.2,11.8,71.0,Yes,0.0,None
08:00:31.704,Active,432.5,2.4,98.3,11.8,71.6,Yes,0.0,None
08:00:32.133,Active,423.4,2.4,96.5,11.9,70.5,Yes,0.0,None
08:00:32.573,Active,433.2,2.4,95.4,11.9,71.0,Yes,0.0,None
08:00:32.992,Active,412.3,2.4,98.2,11.9,71.0,Yes,0.0,None
08:00:33.405,Active,407.3,2.4,99.4,11.8,71.0,Yes,0.0,None
08:00:33.820,Active,409.4,2.4,98.2,11.8,71.6,Yes,0.0,None
08:00:34.236,Active,408.8,2.4,98.2,11.8,71.6,Yes,0.0,None
08:00:34.651,Active,407.9,2.4,98.8,11.8,72.2,Yes,0.0,None
08:00:35.072,Active,412.5,2.4,98.2,11.8,71.0,Yes,0.0,None
08:00:35.485,Active,407.2,2.4,99.4,11.8,71.6,Yes,0.0,None
08:00:35.900,Active,408.2,2.4,98.8,11.8,71.6,Yes,0.0,None
08:00:36.316,Active,410.1,2.4,98.8,11.8,72.2,Yes,0.0,None
08:00:36.752,Active,430.2,2.4,98.3,11.8,72.2,Yes,0.0,None
08:00:37.173,Active,414.0,2.4,98.8,11.8,71.6,Yes,0.0,None
08:00:37.589,Active,409.3,2.4,98.2,11.8,71.6,Yes,0.0,None
08:00:38.005,Active,410.3,2.4,98.8,11.8,72.7,Yes,0.0,None
08:00:38.421,Active,409.1,2.4,99.4,11.8,72.7,Yes,0.0,None
08:00:38.836,Active,409.1,2.4,98.8,11.8,72.2,Yes,0.30952978134155273,Leaf Rot
08:00:39.255,Active,411.3,2.4,98.2,11.8,72.7,Yes,0.0,None
08:00:39.672,Active,408.7,2.4,98.2,11.8,72.2,Yes,0.0,None
08:00:40.097,Active,417.6,2.4,97.6,11.8,73.2,Yes,0.0,None
08:00:40.515,Active,411.4,2.4,98.8,11.8,73.2,Yes,0.0,None
08:00:40.934,Active,412.4,2.4,98.8,11.8,72.7,Yes,0.332643985748291,Leaf Rot
08:00:41.389,Active,449.2,2.4,92.8,11.8,72.2,Yes,0.0,None
08:00:41.804,Active,408.5,2.4,98.8,11.8,72.2,Yes,0.0,None
08:00:42.220,Active,410.4,2.4,98.2,11.8,72.2,Yes,0.0,None
08:00:42.644,Active,416.9,2.4,97.6,11.8,72.7,Yes,0.0,None
08:00:43.064,Active,412.7,2.4,98.8,11.8,72.2,Yes,0.0,None
08:00:43.480,Active,408.5,2.4,98.2,11.8,72.7,Yes,0.0,None
08:00:43.896,Active,408.7,2.4,98.8,11.8,72.7,Yes,0.0,None
08:00:44.404,Active,408.0,2.4,80.7,11.8,72.7,Yes,0.0,None
08:00:44.846,Active,435.2,2.4,95.4,11.8,71.6,Yes,0.0,None
08:00:45.262,Active,410.7,2.4,98.8,11.8,72.2,Yes,0.0,None
08:00:45.675,Active,405.1,2.4,98.8,11.8,72.7,Yes,0.31868329644203186,Leaf Rot
08:00:46.092,Active,408.2,2.4,98.8,11.8,72.2,Yes,0.0,None
08:00:46.509,Active,404.6,2.4,97.6,11.8,72.7,Yes,0.0,None
08:00:46.955,Active,437.6,2.3,98.9,11.9,72.7,Yes,0.0,None
08:00:47.375,Active,411.5,2.3,98.8,11.9,72.7,Yes,0.0,None
08:00:47.786,Active,404.8,2.3,98.8,11.9,73.2,Yes,0.3182346522808075,Leaf Rot
08:00:48.199,Active,407.7,2.3,100.0,11.9,72.7,Yes,0.0,None
08:00:48.716,Active,409.4,2.3,79.1,11.9,72.2,Yes,0.34957069158554077,Leaf Rot
08:00:49.132,Active,407.6,2.3,98.2,11.9,72.7,Yes,0.0,None
08:00:49.549,Active,409.9,2.3,99.4,11.8,73.2,Yes,0.0,None
08:00:49.963,Active,408.1,2.3,98.8,11.8,73.2,Yes,0.0,None
08:00:50.378,Active,409.1,2.3,98.8,11.8,72.7,Yes,0.0,None
08:00:50.792,Active,407.0,2.3,98.8,11.8,73.2,Yes,0.0,None
08:00:51.209,Active,411.3,2.4,98.8,11.8,73.8,Yes,0.0,None
08:00:51.621,Active,405.4,2.4,99.4,11.8,73.8,Yes,0.0,None
08:00:52.077,Active,447.8,2.4,94.5,11.8,72.2,Yes,0.0,None
08:00:52.493,Active,407.4,2.4,98.2,11.8,73.2,Yes,0.0,None
08:00:52.920,Active,416.9,2.4,97.1,11.8,73.2,Yes,0.0,None
08:00:53.337,Active,410.5,2.4,98.8,11.8,73.2,Yes,0.0,None
08:00:53.755,Active,411.1,2.4,98.8,11.8,74.3,Yes,0.0,None
08:00:54.174,Active,410.3,2.4,97.6,11.8,72.7,Yes,0.0,None
08:00:54.599,Active,415.1,2.4,96.5,11.8,73.2,Yes,0.0,None
08:00:55.022,Active,415.1,2.4,97.6,11.8,73.2,Yes,0.0,None
08:00:55.437,Active,408.1,2.4,98.2,11.8,73.2,Yes,0.30436477065086365,Leaf Rot
08:00:55.856,Active,409.8,2.4,98.2,11.8,73.2,Yes,0.0,None
08:00:56.276,Active,412.2,2.4,97.6,11.8,73.8,Yes,0.0,None
08:00:56.693,Active,411.6,2.4,98.8,11.8,73.8,Yes,0.0,None
08:00:57.124,Active,424.8,2.4,98.8,11.9,73.2,Yes,0.0,None
08:00:57.541,Active,411.0,2.4,98.2,11.9,73.8,Yes,0.0,None
08:00:57.964,Active,413.9,2.4,97.1,11.9,73.8,Yes,0.0,None
08:00:58.381,Active,409.6,2.4,98.8,11.9,73.8,Yes,0.3637559413909912,Leaf Rot
08:00:58.797,Active,409.8,2.4,98.8,11.9,74.3,Yes,0.0,None
08:00:59.212,Active,409.0,2.4,98.8,11.8,73.8,Yes,0.0,None
08:00:59.629,Active,411.1,2.4,99.4,11.8,74.3,Yes,0.0,None
08:01:00.046,Active,411.1,2.4,98.2,11.8,74.3,Yes,0.0,None
08:01:00.476,Active,420.1,2.4,96.5,11.8,73.2,Yes,0.0,None
08:01:00.891,Active,409.5,2.4,98.8,11.8,73.8,Yes,0.0,None
08:01:01.311,Active,411.7,2.4,98.2,11.8,73.8,Yes,0.33822494745254517,Leaf Rot
08:01:01.724,Active,408.1,2.4,98.8,11.8,73.8,Yes,0.0,None
08:01:02.165,Active,433.0,2.4,98.9,11.8,73.8,Yes,0.0,None
08:01:02.586,Active,415.3,2.4,97.6,11.8,73.8,Yes,0.0,None
08:01:03.006,Active,410.6,2.4,98.2,11.8,73.8,Yes,0.0,None
08:01:03.421,Active,407.6,2.4,98.2,11.8,74.3,Yes,0.0,None
08:01:03.839,Active,409.8,2.4,98.8,11.8,74.3,Yes,0.0,None
08:01:04.260,Active,412.2,2.4,97.6,11.8,74.3,Yes,0.0,None
08:01:04.678,Active,410.7,2.4,98.2,11.8,73.8,Yes,0.0,None
08:01:05.097,Active,410.5,2.4,98.2,11.8,73.8,Yes,0.0,None
08:01:05.515,Active,408.3,2.4,98.2,11.8,73.8,Yes,0.0,None
08:01:05.932,Active,411.6,2.4,98.2,11.8,73.8,Yes,0.0,None
08:01:06.355,Active,415.1,2.4,97.6,11.8,74.3,Yes,0.0,None
08:01:06.771,Active,409.9,2.4,98.8,11.8,73.2,Yes,0.0,None
08:01:07.208,Active,430.1,2.4,98.9,11.8,74.3,Yes,0.0,None
08:01:07.625,Active,406.9,2.4,98.2,11.8,72.7,Yes,0.0,None
08:01:08.045,Active,410.4,2.4,98.2,11.8,73.8,Yes,0.0,None
08:01:08.464,Active,408.3,2.4,98.2,11.8,74.3,Yes,0.0,None
08:01:08.877,Active,408.1,2.4,98.8,11.8,74.3,Yes,0.0,None
08:01:09.299,Active,411.1,2.4,97.6,11.8,73.8,Yes,0.0,None
08:01:09.717,Active,409.9,2.4,98.2,11.8,74.9,Yes,0.0,None
08:01:10.135,Active,410.5,2.4,98.2,11.8,74.3,Yes,0.0,None
08:01:55.596,Active,444.9,2.4,1.4,11.8,56.2,Yes,0.0,None
08:01:56.012,Active,409.0,2.4,99.4,11.9,57.9,Yes,0.0,None
08:01:56.428,Active,405.3,2.4,98.2,11.9,60.0,Yes,0.0,None
08:01:56.841,Active,407.1,2.4,99.4,11.9,59.5,Yes,0.0,None
08:01:57.259,Active,411.7,4.7,98.8,11.9,60.6,Yes,0.0,None
08:01:57.674,Active,407.1,4.7,98.2,11.9,61.1,Yes,0.0,None
08:01:58.107,Active,426.4,4.7,99.4,11.9,61.7,Yes,0.30251795053482056,Leaf Rot
08:01:58.519,Active,406.7,4.7,98.8,11.9,62.8,Yes,0.0,None
08:01:58.935,Active,409.9,4.7,98.8,11.9,63.4,Yes,0.0,None
08:01:59.351,Active,409.9,4.7,98.8,11.9,63.4,Yes,0.0,None
08:01:59.766,Active,408.9,4.7,99.4,11.9,63.9,Yes,0.3086812198162079,Leaf Rot
08:02:00.188,Active,412.9,4.7,97.6,11.9,65.0,Yes,0.0,None
08:02:00.605,Active,410.3,4.7,98.8,11.8,64.5,Yes,0.3150061368942261,Leaf Rot
08:02:01.032,Active,421.3,4.7,97.7,11.8,65.0,Yes,0.0,None
08:02:01.449,Active,411.0,2.4,98.2,11.8,65.5,Yes,0.0,None
08:02:01.864,Active,409.7,2.4,98.2,11.8,66.1,Yes,0.0,None
08:02:02.285,Active,413.2,2.4,98.8,11.8,66.1,Yes,0.0,None
08:02:02.705,Active,413.7,2.4,97.6,11.8,66.7,Yes,0.0,None
08:02:03.163,Active,451.8,2.4,96.2,11.9,67.2,Yes,0.0,None
08:02:03.581,Active,410.0,2.4,98.2,11.8,67.2,Yes,0.0,None
08:02:03.999,Active,411.4,2.4,98.8,11.8,67.8,Yes,0.0,None
08:02:04.417,Active,411.3,2.4,98.2,11.8,67.2,Yes,0.0,None
08:02:04.833,Active,409.2,2.4,98.8,11.8,67.8,Yes,0.0,None
08:02:05.245,Active,406.6,2.4,98.8,11.8,67.8,Yes,0.0,None
08:02:05.662,Active,410.8,2.4,98.8,11.8,67.8,Yes,0.0,None
08:02:06.078,Active,410.4,2.4,99.4,11.8,68.3,Yes,0.0,None
08:02:06.491,Active,406.9,2.4,99.4,11.8,68.8,Yes,0.0,None
08:02:06.907,Active,409.1,2.4,98.8,11.8,67.8,Yes,0.0,None
08:02:07.323,Active,408.8,2.4,99.4,11.8,68.3,Yes,0.0,None
08:02:07.735,Active,403.3,2.4,98.8,11.8,69.4,Yes,0.0,None
08:02:08.171,Active,430.5,2.4,100.0,11.8,69.4,Yes,0.0,None
08:02:08.583,Active,406.2,2.4,99.4,11.8,68.8,Yes,0.0,None
08:02:09.001,Active,411.3,2.4,99.4,11.8,69.4,Yes,0.0,None
08:02:09.415,Active,406.4,2.4,98.2,11.8,69.4,Yes,0.0,None
08:02:09.831,Active,406.1,2.4,98.2,11.8,70.0,Yes,0.0,None
08:02:10.251,Active,410.5,2.4,98.2,11.8,70.0,Yes,0.0,None
08:02:10.668,Active,408.8,2.4,98.2,11.8,70.0,Yes,0.0,None
08:02:11.085,Active,410.3,2.4,98.8,11.8,69.4,Yes,0.0,None
08:02:11.502,Active,408.4,2.4,98.2,11.8,69.4,Yes,0.0,None
08:02:11.918,Active,409.3,2.4,98.8,11.8,69.4,Yes,0.35471582412719727,Leaf Rot
08:02:12.335,Active,408.7,2.4,97.6,11.8,70.5,Yes,0.0,None
08:02:12.752,Active,409.0,2.4,98.8,11.8,70.0,Yes,0.0,None
08:02:13.172,Active,412.6,2.4,98.8,11.8,70.0,Yes,0.0,None
08:02:13.588,Active,408.4,2.4,98.8,11.8,70.5,Yes,0.0,None
08:02:14.005,Active,409.9,2.4,98.2,11.8,71.0,Yes,0.0,None
08:02:14.423,Active,408.5,2.4,98.8,11.8,71.0,Yes,0.0,None
08:02:14.863,Active,431.5,2.4,94.9,11.8,70.0,Yes,0.0,None
08:02:15.279,Active,409.8,2.4,98.8,11.8,70.5,Yes,0.0,None
08:02:15.691,Active,406.4,2.4,99.4,11.8,70.5,Yes,0.0,None
08:02:16.111,Active,413.2,2.4,99.4,11.8,70.5,Yes,0.300709992647171,Leaf Rot
08:02:16.532,Active,413.0,2.4,97.6,11.8,72.7,Yes,0.0,None
08:02:16.947,Active,408.0,2.4,98.8,11.8,71.6,Yes,0.0,None
08:02:17.364,Active,410.3,2.4,99.4,11.8,71.6,Yes,0.33442091941833496,Leaf Rot
08:02:17.779,Active,409.3,2.4,98.2,11.8,71.6,Yes,0.0,None
08:02:18.225,Active,437.9,2.4,97.7,11.8,71.0,Yes,0.0,None
08:02:18.643,Active,408.0,2.4,97.6,11.8,71.6,Yes,0.0,None
08:02:19.062,Active,410.4,2.4,98.2,11.9,71.6,Yes,0.0,None
08:02:19.479,Active,408.1,2.4,98.2,11.9,71.6,Yes,0.0,None
08:02:19.891,Active,406.0,2.4,98.8,11.9,71.6,Yes,0.32318106293678284,Leaf Rot
08:02:20.306,Active,408.8,2.4,99.4,11.9,71.6,Yes,0.0,None
08:02:20.722,Active,408.7,2.4,98.8,11.9,71.6,Yes,0.0,None
08:02:21.139,Active,408.6,2.4,98.8,11.9,71.0,Yes,0.3027474880218506,Leaf Rot
08:02:21.555,Active,410.3,2.4,98.2,11.8,72.2,Yes,0.0,None
08:02:21.981,Active,419.7,2.4,97.6,11.8,72.2,Yes,0.0,None
08:02:22.433,Active,445.8,2.4,93.3,11.8,72.2,Yes,0.0,None
08:02:22.847,Active,407.9,2.4,98.8,11.8,72.7,Yes,0.0,None
08:02:23.268,Active,415.3,2.4,98.8,11.8,71.6,Yes,0.0,None
08:02:23.686,Active,410.4,2.4,99.4,11.8,72.7,Yes,0.0,None
08:02:24.107,Active,411.4,2.4,97.7,11.8,71.6,Yes,0.0,None
08:02:24.520,Active,407.6,2.4,98.8,11.8,72.7,Yes,0.0,None
08:02:24.933,Active,407.1,2.4,99.4,11.8,72.7,Yes,0.3467145264148712,Leaf Rot
08:02:25.351,Active,411.9,2.4,99.4,11.8,72.7,Yes,0.0,None
08:02:25.784,Active,424.9,2.4,96.0,11.8,71.0,Yes,0.0,None
08:02:26.206,Active,414.3,2.4,98.8,11.8,72.7,Yes,0.0,None
08:02:26.634,Active,421.3,2.4,96.5,11.8,72.2,Yes,0.3040691018104553,Leaf Rot
08:02:27.053,Active,412.7,2.4,98.2,11.8,72.7,Yes,0.0,None
08:02:27.472,Active,410.8,2.4,98.2,11.8,71.6,Yes,0.0,None
08:02:27.889,Active,409.8,2.4,98.2,11.8,72.2,Yes,0.3103531002998352,Leaf Rot
08:02:28.325,Active,429.2,2.4,98.9,11.8,71.6,Yes,0.0,None
08:02:28.747,Active,416.1,2.4,97.0,11.8,72.7,Yes,0.3032926321029663,Leaf Rot
08:02:29.164,Active,410.6,2.4,98.8,11.8,73.2,Yes,0.0,None
08:02:29.580,Active,406.2,2.4,98.2,11.8,73.2,Yes,0.0,None
08:02:29.995,Active,407.9,2.4,98.8,11.8,72.7,Yes,0.0,None
08:02:30.436,Active,432.6,2.4,94.9,11.8,72.7,Yes,0.0,None
08:02:30.860,Active,416.0,2.4,97.6,11.8,72.7,Yes,0.0,None
08:02:31.277,Active,409.3,2.4,98.8,11.8,73.2,Yes,0.0,None
08:02:31.700,Active,416.5,2.4,97.6,11.8,73.2,Yes,0.0,None
08:02:32.124,Active,417.0,2.4,97.6,11.8,72.7,Yes,0.0,None
08:02:32.542,Active,409.3,2.4,98.2,11.8,73.2,Yes,0.0,None
08:02:32.961,Active,410.0,2.4,98.2,11.8,73.2,Yes,0.0,None
08:02:33.415,Active,447.1,2.4,97.3,11.8,72.7,Yes,0.0,None
08:02:33.830,Active,406.0,2.4,98.2,11.8,73.2,Yes,0.33876359462738037,Leaf Rot
08:02:34.250,Active,410.4,2.4,98.2,11.9,73.8,Yes,0.0,None
08:02:34.670,Active,410.7,2.4,97.6,11.9,73.2,Yes,0.0,None
08:02:35.091,Active,411.1,2.4,98.2,11.9,73.2,Yes,0.3368435502052307,Leaf Rot
08:02:35.505,Active,408.0,2.4,98.2,11.9,73.8,Yes,0.0,None
08:02:35.919,Active,408.0,2.4,98.2,11.9,72.7,Yes,0.0,None
08:02:36.337,Active,409.9,2.4,98.2,11.8,73.2,Yes,0.0,None
08:02:36.754,Active,410.6,2.4,98.8,11.8,73.8,Yes,0.0,None
08:02:37.172,Active,411.1,2.4,98.2,11.8,72.7,Yes,0.0,None
08:02:37.590,Active,409.2,2.4,98.2,11.8,74.3,Yes,0.0,None
08:02:38.008,Active,411.6,2.4,98.8,11.8,72.7,Yes,0.0,None
08:02:38.441,Active,425.1,2.4,95.9,11.8,73.8,Yes,0.0,None
08:02:38.869,Active,421.7,2.4,98.8,11.8,73.2,Yes,0.0,None
08:02:39.287,Active,408.0,2.4,98.8,11.8,73.8,Yes,0.0,None
08:02:39.701,Active,407.7,2.4,99.4,11.8,73.8,Yes,0.0,None
08:02:40.117,Active,409.9,2.4,98.8,11.8,73.2,Yes,0.31714823842048645,Leaf Rot
08:02:40.539,Active,412.4,2.4,97.7,11.8,72.7,Yes,0.0,None
08:02:40.952,Active,406.4,2.4,98.8,11.8,74.3,Yes,0.0,None
08:02:41.370,Active,409.5,2.4,99.4,11.8,74.3,Yes,0.0,None
08:02:41.782,Active,406.2,2.4,98.2,11.8,73.2,Yes,0.0,None
08:02:42.207,Active,416.4,2.4,98.8,11.8,73.8,Yes,0.0,None
08:02:42.618,Active,405.0,2.4,98.2,11.8,73.8,Yes,0.0,None
08:02:43.035,Active,408.6,2.4,98.8,11.8,73.8,Yes,0.0,None
08:02:43.445,Active,404.5,2.4,99.4,11.8,74.3,Yes,0.0,None
08:02:43.863,Active,409.2,2.4,98.8,11.7,73.8,Yes,0.0,None
08:02:44.279,Active,409.9,2.4,98.8,11.7,74.3,Yes,0.0,None
08:02:44.691,Active,406.2,2.4,98.8,11.7,74.3,Yes,0.0,None
08:02:45.102,Active,405.2,2.4,100.0,11.7,74.9,Yes,0.0,None
08:02:45.519,Active,407.8,2.4,98.8,11.7,73.8,Yes,0.0,None
08:02:45.930,Active,403.5,2.4,98.8,11.7,73.2,Yes,0.0,None
08:02:46.346,Active,409.6,2.4,99.4,11.7,73.8,Yes,0.0,None
08:02:46.762,Active,407.9,2.4,98.2,11.7,73.8,Yes,0.0,None
08:02:47.180,Active,408.6,2.4,98.2,11.7,74.3,Yes,0.0,None
08:02:47.596,Active,406.8,2.4,98.8,11.7,74.9,Yes,0.0,None
08:02:48.018,Active,414.3,2.4,98.2,11.7,74.3,Yes,0.0,None
08:02:48.431,Active,407.5,2.4,98.2,11.7,73.8,Yes,0.0,None
08:02:48.889,Active,448.6,2.4,96.7,11.8,74.3,Yes,0.0,None
08:02:49.316,Active,418.0,2.4,97.7,11.8,74.9,Yes,0.3067828416824341,Leaf Rot
08:02:49.734,Active,408.6,2.4,98.2,11.8,74.9,Yes,0.0,None
08:02:50.152,Active,409.4,2.4,98.2,11.8,74.3,Yes,0.0,None
08:02:50.566,Active,406.8,2.4,98.2,11.8,74.3,Yes,0.0,None
08:02:50.983,Active,409.1,2.4,98.8,11.8,74.9,Yes,0.0,None
08:02:51.399,Active,405.8,2.4,98.2,11.8,73.8,Yes,0.0,None
08:02:51.817,Active,409.1,2.4,98.2,11.8,74.9,Yes,0.0,None
08:02:52.235,Active,411.6,2.4,97.6,11.8,74.3,Yes,0.0,None
08:02:52.652,Active,408.2,2.4,98.2,11.8,74.9,Yes,0.0,None
08:02:53.072,Active,410.2,2.4,98.2,11.8,75.5,Yes,0.340973436832428,Leaf Rot
08:02:53.588,Active,407.2,2.4,79.5,11.8,74.3,Yes,0.33481383323669434,Leaf Rot
08:02:54.023,Active,426.2,2.4,97.1,11.8,74.3,Yes,0.0,None
08:02:54.441,Active,409.9,2.4,98.8,11.8,74.3,Yes,0.0,None
08:02:54.856,Active,408.8,2.4,98.8,11.8,74.9,Yes,0.0,None
08:02:55.273,Active,410.2,2.4,98.2,11.8,74.9,Yes,0.0,None
08:03:40.731,Active,440.3,2.4,1.1,11.9,56.2,Yes,0.0,None
08:03:41.148,Active,408.5,11.6,98.8,11.9,56.2,Yes,0.0,None
08:03:41.565,Active,409.6,11.6,98.2,11.9,60.0,Yes,0.3114604353904724,Leaf Rot
08:03:41.984,Active,412.1,11.6,97.6,11.9,60.0,Yes,0.0,None
08:03:42.409,Active,417.7,11.6,98.2,11.8,60.6,Yes,0.302726686000824,Leaf Rot
08:03:42.824,Active,407.3,11.6,97.6,11.8,62.2,Yes,0.0,None
08:03:43.250,Active,415.5,11.6,97.6,11.8,62.2,Yes,0.0,None
08:03:43.665,Active,405.7,11.6,98.2,11.8,63.4,Yes,0.0,None
08:03:44.085,Active,410.0,11.6,98.2,11.8,63.9,Yes,0.0,None
08:03:44.498,Active,406.9,11.6,99.4,11.8,63.9,Yes,0.0,None
08:03:45.014,Active,407.0,11.6,79.8,11.8,63.4,Yes,0.0,None
08:03:45.430,Active,406.0,2.3,98.2,11.8,64.5,Yes,0.0,None
08:03:45.842,Active,402.9,2.3,98.8,11.8,65.0,Yes,0.0,None
08:03:46.260,Active,411.2,2.3,99.4,11.8,65.0,Yes,0.0,None
08:03:46.701,Active,435.8,2.3,94.9,11.8,65.5,Yes,0.0,None
08:03:47.120,Active,412.6,2.3,99.4,11.8,66.7,Yes,0.0,None
08:03:47.537,Active,406.1,2.3,97.6,11.8,65.5,Yes,0.0,None
08:03:47.950,Active,407.0,2.3,99.4,11.8,67.8,Yes,0.0,None
08:03:48.367,Active,407.5,2.3,98.2,11.8,67.8,Yes,0.0,None
08:03:48.782,Active,406.6,2.3,98.8,11.8,66.7,Yes,0.0,None
08:03:49.202,Active,410.1,2.3,97.6,11.8,67.2,Yes,0.33707067370414734,Leaf Rot
08:03:49.653,Active,437.2,2.4,97.2,11.8,67.2,Yes,0.0,None
08:03:50.067,Active,408.4,2.4,99.4,11.9,67.2,Yes,0.0,None
08:03:50.491,Active,417.6,2.4,97.1,11.9,68.3,Yes,0.0,None
08:03:50.905,Active,407.8,2.4,99.4,11.9,68.3,Yes,0.0,None
08:03:51.326,Active,411.9,2.4,98.2,11.9,68.3,Yes,0.3560059666633606,Leaf Rot
08:03:51.753,Active,418.7,2.4,95.9,11.9,68.3,Yes,0.0,None
08:03:52.169,Active,410.0,2.4,98.2,11.9,68.3,Yes,0.33994126319885254,Leaf Rot
08:03:52.587,Active,409.9,2.4,98.2,11.8,68.8,Yes,0.0,None
08:03:53.009,Active,412.8,2.4,98.2,11.8,68.3,Yes,0.0,None
08:03:53.423,Active,407.7,2.4,98.8,11.8,68.8,Yes,0.0,None
08:03:53.841,Active,409.7,2.4,98.2,11.8,68.8,Yes,0.0,None
08:03:54.259,Active,411.0,2.4,98.8,11.8,70.0,Yes,0.0,None
08:03:54.673,Active,405.4,2.4,98.2,11.8,69.4,Yes,0.0,None
08:03:55.113,Active,430.8,2.4,97.1,11.8,70.0,Yes,0.0,None
08:03:55.528,Active,408.2,2.4,98.2,11.8,70.5,Yes,0.0,None
08:03:55.946,Active,408.4,2.4,98.2,11.8,70.0,Yes,0.0,None
08:03:56.367,Active,411.4,2.4,98.2,11.8,69.4,Yes,0.0,None
08:03:56.784,Active,409.1,2.4,98.2,11.8,69.4,Yes,0.0,None
08:03:57.205,Active,412.5,2.4,98.2,11.8,70.0,Yes,0.0,None
08:03:57.620,Active,408.5,2.4,98.8,11.8,71.0,Yes,0.0,None
08:03:58.034,Active,408.3,2.4,98.8,11.8,70.0,Yes,0.0,None
08:03:58.447,Active,406.8,2.4,98.8,11.8,70.0,Yes,0.0,None
08:03:58.859,Active,406.3,2.4,99.4,11.8,70.5,Yes,0.0,None
08:03:59.276,Active,411.0,2.4,98.8,11.8,70.0,Yes,0.0,None
08:03:59.690,Active,406.8,2.4,98.2,11.8,70.0,Yes,0.0,None
08:04:00.127,Active,427.8,2.4,98.3,11.8,71.0,Yes,0.0,None
08:04:00.545,Active,408.4,2.4,98.2,11.8,71.6,Yes,0.0,None
08:04:00.966,Active,412.0,2.4,97.6,11.8,70.5,Yes,0.0,None
08:04:01.383,Active,408.4,2.4,98.2,11.8,71.0,Yes,0.0,None
08:04:01.798,Active,407.5,2.4,98.8,11.8,70.5,Yes,0.0,None
08:04:02.220,Active,409.0,2.4,97.1,11.8,71.0,Yes,0.0,None
08:04:02.639,Active,409.1,2.4,98.2,11.8,71.6,Yes,0.3237169086933136,Leaf Rot
08:04:03.057,Active,409.5,2.4,98.2,11.8,71.0,Yes,0.0,None
08:04:03.472,Active,408.1,2.4,98.2,11.8,71.6,Yes,0.30428773164749146,Leaf Rot
08:04:03.889,Active,408.5,2.4,98.2,11.8,71.0,Yes,0.0,None
08:04:04.308,Active,410.0,2.4,98.2,11.8,71.6,Yes,0.0,None
08:04:04.725,Active,408.2,2.4,98.2,11.8,71.6,Yes,0.0,None
08:04:05.170,Active,435.1,2.4,98.3,11.8,71.6,Yes,0.0,None
08:04:05.587,Active,407.2,2.4,98.2,11.8,72.2,Yes,0.0,None
08:04:06.009,Active,411.7,2.4,98.2,11.8,71.0,Yes,0.0,None
08:04:06.424,Active,407.7,2.4,98.2,11.8,71.6,Yes,0.0,None
08:04:06.842,Active,407.8,2.4,98.2,11.8,72.2,Yes,0.0,None
08:04:07.265,Active,414.1,2.4,97.1,11.8,72.2,Yes,0.0,None
08:04:07.679,Active,407.0,2.4,98.8,11.8,71.6,Yes,0.0,None
08:04:08.128,Active,440.8,2.4,93.8,11.8,72.2,Yes,0.30024784803390503,Leaf Rot
08:04:08.544,Active,410.2,2.4,98.8,11.8,72.2,Yes,0.0,None
08:04:08.963,Active,410.8,2.4,98.2,11.7,72.2,Yes,0.0,None
08:04:09.382,Active,410.6,2.4,98.2,11.7,73.2,Yes,0.0,None
08:04:09.802,Active,411.5,2.4,98.2,11.7,71.6,Yes,0.3212645947933197,Leaf Rot
08:04:10.242,Active,432.1,2.4,97.7,11.8,73.2,Yes,0.0,None
08:04:10.657,Active,407.9,2.4,98.8,11.8,71.6,Yes,0.0,None
08:04:11.078,Active,414.1,2.4,98.8,11.8,72.7,Yes,0.0,None
08:04:11.495,Active,407.3,2.4,98.2,11.8,72.2,Yes,0.0,None
08:04:11.914,Active,409.6,2.4,98.2,11.8,72.2,Yes,0.0,None
08:04:12.332,Active,410.1,2.4,98.2,11.8,72.7,Yes,0.0,None
08:04:12.748,Active,408.8,2.4,98.2,11.8,72.2,Yes,0.0,None
08:04:13.179,Active,424.1,2.4,96.5,11.8,72.2,Yes,0.0,None
08:04:13.595,Active,409.5,2.4,98.2,11.8,72.7,Yes,0.0,None
08:04:14.011,Active,410.2,2.4,99.4,11.8,72.7,Yes,0.31024256348609924,Leaf Rot
08:04:14.424,Active,406.3,2.4,99.4,11.8,72.7,Yes,0.0,None
08:04:14.840,Active,410.5,2.4,98.8,11.8,71.6,Yes,0.0,None
08:04:15.269,Active,421.6,2.4,96.5,11.7,72.7,Yes,0.0,None
08:04:15.690,Active,414.5,2.4,97.6,11.8,73.2,Yes,0.0,None
08:04:16.119,Active,417.9,2.4,97.1,11.8,72.7,Yes,0.0,None
08:04:16.534,Active,409.3,2.4,98.8,11.7,72.7,Yes,0.0,None
08:04:16.952,Active,408.3,2.4,98.2,11.7,73.2,Yes,0.0,None
08:04:17.367,Active,408.0,2.4,98.8,11.7,72.2,Yes,0.0,None
08:04:17.784,Active,408.5,2.4,98.2,11.7,73.2,Yes,0.0,None
08:04:18.203,Active,411.8,2.4,98.8,11.7,73.2,Yes,0.0,None
08:04:18.621,Active,409.8,2.4,98.8,11.7,73.2,Yes,0.0,None
08:04:19.037,Active,408.6,2.4,98.2,11.7,74.3,Yes,0.0,None
08:04:19.453,Active,408.3,2.4,98.2,11.7,73.8,Yes,0.0,None
08:04:19.870,Active,410.7,2.4,98.8,11.7,72.7,Yes,0.0,None
08:04:20.327,Active,450.4,2.4,96.2,11.8,74.3,Yes,0.0,None
08:04:20.746,Active,410.7,2.4,98.2,11.8,73.2,Yes,0.33620506525039673,Leaf Rot
08:04:21.165,Active,410.7,2.4,97.6,11.8,73.2,Yes,0.0,None
08:04:21.584,Active,409.5,2.4,98.2,11.9,73.2,Yes,0.0,None
08:04:22.001,Active,411.3,2.4,98.8,11.9,73.8,Yes,0.0,None
08:04:22.416,Active,408.9,2.4,98.8,11.8,73.2,Yes,0.3269721269607544,Leaf Rot
08:04:22.829,Active,406.5,2.4,98.2,11.8,73.8,Yes,0.0,None
08:04:23.247,Active,411.4,2.4,99.4,11.8,73.8,Yes,0.0,None
08:04:23.663,Active,407.8,2.4,98.2,11.8,72.7,Yes,0.0,None
08:04:24.079,Active,408.6,2.4,98.2,11.8,73.2,Yes,0.0,None
08:04:24.494,Active,406.3,2.4,98.8,11.8,73.8,Yes,0.0,None
08:04:24.910,Active,406.4,2.4,97.6,11.8,73.8,Yes,0.0,None
08:04:25.341,Active,422.2,2.4,97.7,11.9,72.7,Yes,0.0,None
08:04:25.757,Active,409.9,2.4,99.4,11.9,73.8,Yes,0.0,None
08:04:26.178,Active,414.5,2.4,97.6,11.9,73.2,Yes,0.0,None
08:04:26.594,Active,409.8,2.4,98.2,11.9,73.2,Yes,0.33814874291419983,Leaf Rot
08:04:27.015,Active,412.8,2.4,98.2,11.9,73.8,Yes,0.3602045178413391,Leaf Rot
08:04:27.431,Active,407.1,2.4,98.2,11.9,73.8,Yes,0.0,None
08:04:27.847,Active,406.7,2.4,99.4,11.9,74.3,Yes,0.0,None
08:04:28.263,Active,410.3,2.4,99.4,11.8,73.2,Yes,0.0,None
08:04:28.681,Active,409.3,2.4,98.2,11.8,73.2,Yes,0.31226348876953125,Leaf Rot
08:04:29.101,Active,410.6,2.4,97.6,11.8,73.2,Yes,0.0,None
08:04:29.516,Active,408.9,2.4,98.8,11.8,73.8,Yes,0.0,None
08:04:29.934,Active,408.2,2.4,98.2,11.8,74.3,Yes,0.0,None
08:04:30.367,Active,423.8,2.4,98.3,11.8,74.3,Yes,0.0,None
08:04:30.808,Active,432.8,2.4,94.3,11.8,73.2,Yes,0.0,None
08:04:31.224,Active,408.7,2.4,98.8,11.8,73.2,Yes,0.0,None
08:04:31.641,Active,410.5,2.4,99.4,11.8,73.2,Yes,0.3017544448375702,Leaf Rot
08:04:32.060,Active,413.5,2.4,98.2,11.8,75.5,Yes,0.0,None
08:04:32.477,Active,410.5,2.4,98.8,11.8,73.2,Yes,0.0,None
08:04:32.891,Active,408.2,2.4,98.8,11.8,73.8,Yes,0.0,None
08:04:33.304,Active,407.2,2.4,98.8,11.8,73.8,Yes,0.0,None
08:04:33.715,Active,403.5,2.4,100.0,11.8,73.8,Yes,0.34906941652297974,Leaf Rot
08:04:34.134,Active,412.6,2.4,99.4,11.8,74.3,Yes,0.30753031373023987,Leaf Rot
08:04:34.556,Active,414.9,2.4,97.6,11.8,74.3,Yes,0.0,None
08:04:34.971,Active,409.2,2.4,99.4,11.8,74.3,Yes,0.31612902879714966,Leaf Rot
08:04:35.405,Active,425.2,2.4,97.7,11.8,73.8,Yes,0.0,None
08:04:35.823,Active,409.1,2.4,98.2,11.8,74.3,Yes,0.0,None
08:04:36.242,Active,411.2,2.4,98.2,11.8,73.8,Yes,0.0,None
08:04:36.654,Active,405.2,2.4,99.4,11.8,73.8,Yes,0.39320001006126404,Leaf Rot
08:04:37.075,Active,411.2,2.4,98.2,11.8,73.2,Yes,0.0,None
08:04:37.489,Active,405.8,2.4,98.2,11.8,73.8,Yes,0.0,None
08:04:37.905,Active,409.9,2.4,99.4,11.8,74.3,Yes,0.34174811840057373,Leaf Rot
08:04:38.322,Active,411.0,2.4,98.8,11.8,74.3,Yes,0.0,None
08:04:38.738,Active,407.9,2.4,97.6,11.8,74.9,Yes,0.0,None
08:04:39.156,Active,410.9,2.4,98.8,11.8,73.2,Yes,0.33452439308166504,Leaf Rot
08:04:39.571,Active,406.8,2.4,98.2,11.8,74.3,Yes,0.0,None
08:04:39.990,Active,409.4,2.4,97.6,11.8,74.3,Yes,0.0,None
08:04:40.409,Active,410.8,2.4,98.8,11.8,74.3,Yes,0.0,None
08:05:25.841,Active,418.7,2.4,1.4,11.8,56.8,Yes,0.0,None
08:05:26.257,Active,409.6,2.4,100.0,11.8,58.4,Yes,0.0,None
08:05:26.681,Active,413.0,2.4,98.2,11.8,57.9,Yes,0.0,None
08:05:27.098,Active,411.2,2.4,98.2,11.8,60.0,Yes,0.3017810583114624,Leaf Rot
08:05:27.521,Active,416.3,2.4,98.8,11.8,61.7,Yes,0.0,None
08:05:27.940,Active,408.9,2.4,97.6,11.8,61.7,Yes,0.0,None
08:05:28.368,Active,420.6,2.4,97.1,11.8,61.7,Yes,0.0,None
08:05:28.784,Active,408.6,2.4,98.8,11.8,62.2,Yes,0.0,None
08:05:29.204,Active,413.1,2.6,98.2,11.8,62.8,Yes,0.0,None
08:05:29.624,Active,408.6,2.6,97.6,11.8,63.9,Yes,0.0,None
08:05:30.038,Active,406.5,2.6,98.8,11.8,65.0,Yes,0.0,None
08:05:30.466,Active,419.0,2.6,96.5,11.8,63.9,Yes,0.0,None
08:05:30.901,Active,425.6,2.6,95.4,11.8,65.0,Yes,0.0,None
08:05:31.337,Active,429.9,2.6,98.9,11.8,65.0,Yes,0.0,None
08:05:31.757,Active,409.2,2.6,98.2,11.8,66.1,Yes,0.0,None
08:05:32.174,Active,410.3,2.6,98.8,11.8,65.5,Yes,0.0,None
08:05:32.593,Active,409.6,2.6,98.2,11.8,66.1,Yes,0.0,None
08:05:33.011,Active,411.5,2.6,98.2,11.8,66.1,Yes,0.3632785379886627,Leaf Rot
08:05:33.437,Active,420.7,2.4,95.8,11.8,66.7,Yes,0.0,None
08:05:33.856,Active,410.0,2.4,98.2,11.8,66.7,Yes,0.0,None
08:05:34.289,Active,425.8,2.4,96.5,11.8,67.2,Yes,0.30838093161582947,Leaf Rot
08:05:34.712,Active,414.0,2.4,98.2,11.8,67.8,Yes,0.0,None
08:05:35.126,Active,407.8,2.4,98.8,11.8,67.8,Yes,0.0,None
08:05:35.548,Active,409.9,2.4,97.6,11.8,67.8,Yes,0.0,None
08:05:35.962,Active,406.2,2.4,98.8,11.8,68.3,Yes,0.0,None
08:05:36.404,Active,432.2,2.4,97.7,11.8,67.2,Yes,0.0,None
08:05:36.821,Active,408.1,2.4,98.2,11.8,68.3,Yes,0.0,None
08:05:37.239,Active,411.1,2.4,98.2,11.8,68.3,Yes,0.0,None
08:05:37.658,Active,408.6,2.4,98.2,11.8,68.3,Yes,0.0,None
08:05:38.083,Active,415.3,2.4,97.7,11.8,68.8,Yes,0.0,None
08:05:38.499,Active,406.9,2.4,98.2,11.8,68.8,Yes,0.0,None
08:05:38.917,Active,411.0,2.4,98.2,11.8,69.4,Yes,0.0,None
08:05:39.332,Active,408.9,2.4,98.8,11.8,69.4,Yes,0.0,None
08:05:39.750,Active,408.5,2.4,98.2,11.8,68.8,Yes,0.0,None
08:05:40.169,Active,410.5,2.4,98.2,11.8,69.4,Yes,0.0,None
08:05:40.587,Active,408.9,2.4,98.2,11.8,69.4,Yes,0.0,None
08:05:41.006,Active,411.1,2.4,98.2,11.8,70.0,Yes,0.0,None
08:05:41.425,Active,409.4,2.4,98.2,11.8,69.4,Yes,0.0,None
08:05:41.856,Active,425.1,2.4,98.2,11.8,69.4,Yes,0.0,None
08:05:42.276,Active,413.0,2.4,98.8,11.9,69.4,Yes,0.0,None
08:05:42.694,Active,410.2,2.4,98.2,11.9,70.5,Yes,0.0,None
08:05:43.115,Active,412.7,2.4,97.6,11.8,69.4,Yes,0.3129884600639343,Leaf Rot
08:05:43.532,Active,408.6,2.4,98.2,11.8,70.0,Yes,0.0,None
08:05:43.947,Active,407.5,2.4,98.8,11.8,71.0,Yes,0.0,None
08:05:44.364,Active,408.7,2.4,98.8,11.8,70.5,Yes,0.0,None
08:05:44.776,Active,404.9,2.4,99.4,11.8,70.5,Yes,0.0,None
08:05:45.190,Active,407.7,2.4,99.4,11.8,70.0,Yes,0.0,None
08:05:45.603,Active,407.7,2.4,100.0,11.8,70.5,Yes,0.0,None
08:05:46.020,Active,411.0,2.4,99.4,11.8,70.5,Yes,0.0,None
08:05:46.433,Active,406.6,2.4,98.8,11.8,71.0,Yes,0.0,None
08:05:46.852,Active,409.7,2.4,97.6,11.8,70.5,Yes,0.0,None
08:05:47.271,Active,409.6,2.4,98.2,11.8,71.0,Yes,0.0,None
08:05:47.687,Active,409.0,2.4,98.8,11.8,71.0,Yes,0.0,None
08:05:48.104,Active,409.8,2.4,98.8,11.7,71.6,Yes,0.0,None
08:05:48.519,Active,408.7,2.4,98.8,11.8,70.5,Yes,0.0,None
08:05:48.934,Active,408.3,2.4,98.8,11.8,71.6,Yes,0.0,None
08:05:49.353,Active,409.6,2.4,98.2,11.8,71.0,Yes,0.0,None
08:05:49.777,Active,418.1,2.4,97.6,11.8,71.6,Yes,0.0,None
08:05:50.196,Active,412.6,2.4,97.6,11.8,70.0,Yes,0.0,None
08:05:50.612,Active,408.6,2.4,98.8,11.8,71.0,Yes,0.0,None
08:05:51.029,Active,410.8,2.4,99.4,11.8,70.5,Yes,0.0,None
08:05:51.441,Active,405.8,2.4,98.8,11.8,72.2,Yes,0.0,None
08:05:51.889,Active,441.7,2.4,98.9,11.8,71.0,Yes,0.0,None
08:05:52.308,Active,409.4,2.4,97.6,11.8,71.0,Yes,0.0,None
08:05:52.725,Active,410.0,2.4,98.8,11.8,71.6,Yes,0.0,None
08:05:53.148,Active,417.2,2.4,97.6,11.8,71.0,Yes,0.3066955506801605,Leaf Rot
08:05:53.565,Active,408.0,2.4,98.2,11.8,71.6,Yes,0.0,None
08:05:53.986,Active,411.7,2.4,97.6,11.8,71.6,Yes,0.0,None
08:05:54.403,Active,409.3,2.4,98.2,11.8,72.2,Yes,0.0,None
08:05:54.819,Active,407.9,2.4,98.2,11.8,72.2,Yes,0.0,None
08:05:55.248,Active,421.2,2.4,96.5,11.8,71.6,Yes,0.0,None
08:05:55.666,Active,410.5,2.4,98.8,11.8,71.6,Yes,0.0,None
08:05:56.092,Active,416.6,2.4,98.2,11.8,71.6,Yes,0.0,None
08:05:56.520,Active,417.9,2.4,96.5,11.8,71.0,Yes,0.0,None
08:05:56.966,Active,438.7,2.4,96.1,11.8,72.2,Yes,0.0,None
08:05:57.394,Active,417.9,2.4,97.1,11.8,71.6,Yes,0.0,None
08:05:57.847,Active,407.6,2.4,90.6,11.8,72.2,Yes,0.3395942449569702,Leaf Rot
08:05:58.291,Active,435.5,2.4,94.9,11.8,71.6,Yes,0.0,None
08:05:58.707,Active,407.9,2.3,98.2,11.8,72.2,Yes,0.0,None
08:05:59.123,Active,408.8,2.3,98.8,11.8,72.2,Yes,0.0,None
08:05:59.539,Active,407.9,2.3,99.4,11.8,72.2,Yes,0.0,None
08:05:59.951,Active,405.5,2.3,99.4,11.8,71.6,Yes,0.0,None
08:06:00.372,Active,412.6,2.3,98.2,11.8,71.6,Yes,0.0,None
08:06:00.787,Active,408.6,2.3,99.4,11.8,72.7,Yes,0.0,None
08:06:01.203,Active,410.0,2.3,99.4,11.8,72.7,Yes,0.0,None
08:06:01.613,Active,404.1,2.3,99.4,11.8,72.7,Yes,0.3445379137992859,Leaf Rot
08:06:02.040,Active,417.2,2.3,98.8,11.8,73.2,Yes,0.0,None
08:06:02.457,Active,409.7,2.3,99.4,11.8,72.2,Yes,0.3183130621910095,Leaf Rot
08:06:02.873,Active,409.9,2.4,98.8,11.8,72.2,Yes,0.0,None
08:06:03.289,Active,409.7,2.4,98.8,11.8,72.7,Yes,0.0,None
08:06:03.707,Active,409.1,2.4,98.2,11.8,72.7,Yes,0.0,None
08:06:04.129,Active,413.2,2.4,98.2,11.8,72.7,Yes,0.3313102126121521,Leaf Rot
08:06:04.544,Active,409.5,2.4,98.2,11.8,72.7,Yes,0.0,None
08:06:04.968,Active,417.0,2.4,97.0,11.8,72.2,Yes,0.0,None
08:06:05.385,Active,408.6,2.4,98.8,11.8,72.7,Yes,0.0,None
08:06:05.801,Active,407.4,2.4,98.2,11.8,72.7,Yes,0.0,None
08:06:06.220,Active,410.7,2.4,98.2,11.8,72.2,Yes,0.0,None
08:06:06.634,Active,407.3,2.4,98.8,11.7,73.8,Yes,0.0,None
08:06:07.077,Active,432.4,2.4,97.8,11.8,73.2,Yes,0.33708858489990234,Leaf Rot
08:06:07.493,Active,410.0,2.4,98.8,11.8,72.2,Yes,0.0,None
08:06:07.909,Active,408.1,2.4,98.2,11.8,72.7,Yes,0.0,None
08:06:08.325,Active,408.5,2.4,98.2,11.8,73.2,Yes,0.0,None
08:06:08.744,Active,412.8,2.4,98.2,11.8,73.2,Yes,0.0,None
08:06:09.167,Active,416.1,2.4,98.2,11.8,73.8,Yes,0.0,None
08:06:09.581,Active,405.7,2.4,98.2,11.7,73.2,Yes,0.3198997974395752,Leaf Rot
08:06:09.999,Active,411.8,2.4,99.4,11.8,72.7,Yes,0.0,None
08:06:10.420,Active,408.1,2.4,96.4,11.8,73.8,Yes,0.0,None
08:06:10.833,Active,407.6,2.4,98.8,11.8,73.2,Yes,0.0,None
08:06:11.248,Active,408.2,2.4,99.4,11.8,73.2,Yes,0.0,None
08:06:11.663,Active,409.1,2.4,98.8,11.8,72.7,Yes,0.0,None
08:06:12.092,Active,423.9,2.4,99.4,11.8,73.2,Yes,0.0,None
08:06:12.505,Active,406.5,2.4,99.4,11.8,72.7,Yes,0.0,None
08:06:12.920,Active,408.7,2.4,98.8,11.8,73.8,Yes,0.0,None
08:06:13.337,Active,411.3,2.4,98.8,11.8,73.2,Yes,0.0,None
08:06:13.753,Active,409.8,2.4,98.8,11.8,73.2,Yes,0.0,None
08:06:14.170,Active,410.4,2.4,98.8,11.8,74.3,Yes,0.0,None
08:06:14.586,Active,406.4,2.4,97.6,11.8,73.8,Yes,0.0,None
08:06:15.004,Active,411.3,2.4,99.4,11.8,73.2,Yes,0.0,None
08:06:15.420,Active,408.8,2.4,98.2,11.8,73.2,Yes,0.3173303008079529,Leaf Rot
08:06:15.834,Active,407.0,2.4,98.2,11.8,72.7,Yes,0.0,None
08:06:16.257,Active,413.5,2.4,98.2,11.8,73.8,Yes,0.0,None
08:06:16.675,Active,407.4,2.4,97.0,11.8,73.8,Yes,0.0,None
08:06:17.093,Active,408.9,2.4,98.2,11.8,73.8,Yes,0.30857592821121216,Leaf Rot
08:06:17.512,Active,409.0,2.4,98.8,11.8,73.2,Yes,0.0,None
08:06:17.926,Active,408.3,2.4,98.8,11.7,73.2,Yes,0.0,None
08:06:18.338,Active,405.7,2.4,98.8,11.7,73.8,Yes,0.30463385581970215,Leaf Rot
08:06:18.755,Active,406.7,2.4,98.8,11.7,73.8,Yes,0.0,None
08:06:19.175,Active,410.8,2.4,98.8,11.8,73.8,Yes,0.351365864276886,Leaf Rot
08:06:19.587,Active,406.3,2.4,98.8,11.8,73.8,Yes,0.0,None
08:06:20.002,Active,409.3,2.4,99.4,11.8,74.3,Yes,0.0,None
08:06:20.419,Active,408.6,2.4,98.8,11.8,73.2,Yes,0.0,None
08:06:20.834,Active,408.3,2.4,98.8,11.8,73.2,Yes,0.0,None
08:06:21.255,Active,412.9,2.4,98.8,11.8,73.8,Yes,0.3380354046821594,Leaf Rot
08:06:21.678,Active,417.5,2.4,97.6,11.8,73.8,Yes,0.0,None
08:06:22.127,Active,442.3,2.4,98.9,11.9,73.2,Yes,0.0,None
08:06:22.545,Active,409.7,2.4,98.2,11.9,73.8,Yes,0.0,None
08:06:22.956,Active,405.3,2.4,98.8,11.9,74.3,Yes,0.0,None
08:06:23.395,Active,432.9,2.4,96.0,11.9,74.3,Yes,0.0,None
08:06:23.814,Active,410.2,2.4,98.2,11.9,73.8,Yes,0.0,None
08:06:24.231,Active,409.7,2.4,98.2,11.9,74.3,Yes,0.0,None
08:06:24.647,Active,406.7,2.4,98.2,11.9,74.3,Yes,0.0,None
08:06:25.063,Active,407.6,2.4,98.2,11.9,74.3,Yes,0.0,None
08:06:25.475,Active,405.3,2.4,98.8,11.9,74.3,Yes,0.0,None
08:07:10.916,Active,424.9,2.4,1.1,11.9,57.3,Yes,0.0,None
08:07:11.337,Active,414.8,2.4,98.8,12.0,57.9,Yes,0.0,None
08:07:11.750,Active,407.2,2.4,100.0,12.0,59.5,Yes,0.0,None
08:07:12.164,Active,408.0,2.4,98.8,11.9,59.5,Yes,0.0,None
08:07:12.590,Active,419.7,2.4,97.7,11.9,61.1,Yes,0.0,None
08:07:13.036,Active,436.9,3.9,96.6,12.0,60.6,Yes,0.0,None
08:07:13.457,Active,410.4,3.9,98.8,12.0,62.2,Yes,0.0,None
08:07:13.873,Active,409.7,3.9,98.2,12.0,63.4,Yes,0.0,None
08:07:14.323,Active,443.4,3.9,93.9,12.0,63.4,Yes,0.0,None
08:07:14.772,Active,440.5,3.9,94.4,12.0,63.4,Yes,0.0,None
08:07:15.187,Active,409.3,3.9,98.8,12.0,65.0,Yes,0.0,None
08:07:15.606,Active,410.7,3.9,98.8,12.0,64.5,Yes,0.3838534355163574,Leaf Rot
08:07:16.030,Active,416.7,3.9,97.6,11.9,65.5,Yes,0.0,None
08:07:16.445,Active,407.1,3.9,98.2,11.9,65.0,Yes,0.0,None
08:07:16.864,Active,408.6,3.9,98.2,11.9,65.5,Yes,0.0,None
08:07:17.277,Active,407.4,2.4,98.8,11.9,66.1,Yes,0.0,None
08:07:17.696,Active,408.9,2.4,98.2,11.9,66.7,Yes,0.0,None
08:07:18.117,Active,411.2,2.4,97.6,11.9,66.7,Yes,0.0,None
08:07:18.533,Active,407.6,2.4,98.2,11.9,67.2,Yes,0.0,None
08:07:18.944,Active,404.9,2.4,98.8,11.9,67.2,Yes,0.0,None
08:07:19.368,Active,413.2,2.4,97.6,11.8,67.2,Yes,0.0,None
08:07:19.785,Active,409.6,2.4,98.2,11.8,67.8,Yes,0.0,None
08:07:20.203,Active,411.6,2.4,98.8,11.8,67.2,Yes,0.0,None
08:07:20.633,Active,421.0,2.4,96.4,11.8,67.2,Yes,0.0,None
08:07:21.048,Active,408.2,2.4,98.8,11.8,68.3,Yes,0.0,None
08:07:21.469,Active,410.1,2.4,98.2,11.8,68.3,Yes,0.0,None
08:07:21.885,Active,408.4,2.4,98.2,11.8,68.3,Yes,0.0,None
08:07:22.303,Active,409.0,2.4,98.2,11.8,68.3,Yes,0.0,None
08:07:22.715,Active,404.5,2.4,99.4,11.8,68.8,Yes,0.0,None
08:07:23.159,Active,438.0,2.4,99.4,11.8,69.4,Yes,0.0,None
08:07:23.578,Active,407.3,2.4,98.2,11.8,69.4,Yes,0.0,None
08:07:23.995,Active,408.5,2.4,98.8,11.8,69.4,Yes,0.0,None
08:07:24.410,Active,408.3,2.4,98.8,11.8,70.0,Yes,0.0,None
08:07:24.823,Active,406.5,2.4,99.4,11.8,69.4,Yes,0.0,None
08:07:25.239,Active,409.9,2.4,99.4,11.8,69.4,Yes,0.0,None
08:07:25.655,Active,407.3,2.4,98.2,11.8,70.0,Yes,0.0,None
08:07:26.071,Active,409.1,2.4,99.4,11.8,71.0,Yes,0.0,None
08:07:26.594,Active,413.0,2.4,79.0,11.7,69.4,Yes,0.0,None
08:07:27.011,Active,407.5,2.4,98.8,11.8,69.4,Yes,0.0,None
08:07:27.423,Active,404.8,2.4,99.4,11.8,70.0,Yes,0.0,None
08:07:27.844,Active,413.5,2.4,98.8,11.8,70.0,Yes,0.0,None
08:07:28.268,Active,416.8,2.4,98.8,11.8,70.0,Yes,0.0,None
08:07:28.686,Active,407.0,2.4,97.6,11.8,70.0,Yes,0.0,None
08:07:29.105,Active,409.1,2.4,98.2,11.8,70.5,Yes,0.0,None
08:07:29.522,Active,407.6,2.4,98.2,11.8,71.6,Yes,0.0,None
08:07:29.938,Active,408.3,2.3,98.8,11.8,70.5,Yes,0.0,None
08:07:30.357,Active,411.0,2.3,98.8,11.8,71.0,Yes,0.0,None
08:07:30.775,Active,407.5,2.3,97.0,11.8,71.0,Yes,0.0,None
08:07:31.193,Active,410.8,2.3,98.8,11.8,71.6,Yes,0.0,None
08:07:31.608,Active,408.8,2.3,98.8,11.8,71.0,Yes,0.0,None
08:07:32.028,Active,412.6,2.3,98.2,11.7,71.0,Yes,0.0,None
08:07:32.449,Active,413.3,2.3,98.2,11.7,71.6,Yes,0.0,None
08:07:32.865,Active,409.4,2.3,98.8,11.7,71.0,Yes,0.0,None
08:07:33.291,Active,419.4,2.3,98.2,11.7,71.0,Yes,0.0,None
08:07:33.706,Active,406.7,2.3,98.2,11.8,72.2,Yes,0.0,None
08:07:34.124,Active,408.8,2.4,97.6,11.8,71.6,Yes,0.0,None
08:07:34.538,Active,406.5,2.4,99.4,11.8,71.6,Yes,0.0,None
08:07:34.963,Active,415.3,2.4,98.2,11.7,71.0,Yes,0.0,None
08:07:35.378,Active,407.0,2.4,98.2,11.7,73.2,Yes,0.0,None
08:07:35.793,Active,408.4,2.4,98.8,11.7,71.6,Yes,0.0,None
08:07:36.213,Active,410.9,2.4,98.2,11.7,72.2,Yes,0.0,None
08:07:36.627,Active,407.5,2.4,98.8,11.7,71.6,Yes,0.0,None
08:07:37.044,Active,409.1,2.4,98.8,11.7,71.6,Yes,0.0,None
08:07:37.461,Active,408.8,2.4,98.8,11.7,71.6,Yes,0.0,None
08:07:37.877,Active,409.6,2.4,98.2,11.7,72.2,Yes,0.0,None
08:07:38.312,Active,428.3,2.4,98.3,11.8,71.6,Yes,0.0,None
08:07:38.729,Active,409.6,2.4,98.8,11.8,71.6,Yes,0.0,None
08:07:39.148,Active,411.7,2.4,97.6,11.8,72.2,Yes,0.0,None
08:07:39.564,Active,408.1,2.4,98.2,11.8,72.7,Yes,0.0,None
08:07:39.976,Active,406.1,2.4,99.4,11.8,72.2,Yes,0.0,None
08:07:40.391,Active,409.1,2.4,98.8,11.8,72.2,Yes,0.0,None
08:07:40.806,Active,406.9,2.4,98.8,11.8,72.7,Yes,0.0,None
08:07:41.228,Active,415.6,2.4,99.4,11.7,72.2,Yes,0.0,None
08:07:41.643,Active,409.4,2.4,98.8,11.7,72.7,Yes,0.0,None
08:07:42.059,Active,409.7,2.4,98.8,11.7,72.2,Yes,0.0,None
08:07:42.474,Active,409.0,2.4,98.8,11.7,73.2,Yes,0.0,None
08:07:42.891,Active,409.3,2.4,98.8,11.7,72.2,Yes,0.0,None
08:07:43.308,Active,410.4,2.4,99.4,11.7,72.2,Yes,0.0,None
08:07:43.741,Active,425.0,2.4,98.3,11.7,72.7,Yes,0.0,None
08:07:44.160,Active,412.2,2.4,98.8,11.8,72.7,Yes,0.0,None
08:07:44.575,Active,407.3,2.4,97.6,11.8,72.7,Yes,0.0,None
08:07:45.008,Active,424.6,2.4,95.9,11.8,71.6,Yes,0.0,None
08:07:45.423,Active,408.6,2.4,99.4,11.8,73.8,Yes,0.0,None
08:07:45.840,Active,410.8,2.4,98.8,11.8,72.7,Yes,0.0,None
08:07:46.260,Active,413.1,2.4,97.6,11.8,72.7,Yes,0.0,None
08:07:46.674,Active,406.9,2.4,98.8,11.8,73.2,Yes,0.0,None
08:07:47.093,Active,409.4,2.4,98.2,11.8,73.2,Yes,0.0,None
08:07:47.504,Active,404.7,2.4,98.8,11.8,73.8,Yes,0.0,None
08:07:47.920,Active,408.2,2.4,99.4,11.8,73.2,Yes,0.0,None
08:07:48.340,Active,410.8,2.4,98.8,11.8,73.2,Yes,0.0,None
08:07:48.762,Active,414.7,2.4,97.1,11.8,73.2,Yes,0.0,None
08:07:49.194,Active,422.7,2.4,96.5,11.8,73.2,Yes,0.0,None
08:07:49.613,Active,409.6,2.4,98.8,11.7,73.8,Yes,0.0,None
08:07:50.034,Active,414.1,2.4,98.2,11.7,73.2,Yes,0.0,None
08:07:50.451,Active,407.4,2.4,98.2,11.7,72.7,Yes,0.0,None
08:07:50.869,Active,409.8,2.4,97.6,11.8,73.2,Yes,0.0,None
08:07:51.289,Active,411.0,2.4,98.8,11.8,73.8,Yes,0.0,None
08:07:51.707,Active,408.4,2.4,97.6,11.8,73.2,Yes,0.0,None
08:07:52.126,Active,410.8,2.4,98.8,11.8,73.2,Yes,0.0,None
08:07:52.544,Active,411.4,2.4,98.2,11.8,73.8,Yes,0.0,None
08:07:52.958,Active,407.6,2.4,99.4,11.8,73.2,Yes,0.0,None
08:07:53.374,Active,406.6,2.4,98.2,11.8,72.7,Yes,0.0,None
08:07:53.822,Active,438.5,2.4,97.8,11.8,73.2,Yes,0.0,None
08:07:54.239,Active,409.2,2.4,98.8,11.9,73.8,Yes,0.0,None
08:07:54.655,Active,410.0,2.4,98.8,11.9,73.8,Yes,0.0,None
08:07:55.071,Active,410.1,2.4,98.8,11.9,73.2,Yes,0.0,None
08:07:55.486,Active,408.1,2.4,97.6,11.9,73.8,Yes,0.0,None
08:07:55.904,Active,407.5,2.4,98.8,11.8,72.7,Yes,0.0,None
08:07:56.320,Active,409.3,2.4,98.8,11.8,74.3,Yes,0.0,None
08:07:56.734,Active,407.0,2.4,98.8,11.8,73.2,Yes,0.0,None
08:07:57.164,Active,421.0,2.4,96.5,11.8,73.2,Yes,0.0,None
08:07:57.579,Active,407.8,2.4,98.8,11.8,73.8,Yes,0.0,None
08:07:57.997,Active,409.1,2.4,98.2,11.8,73.8,Yes,0.0,None
08:07:58.412,Active,408.1,2.4,98.8,11.8,73.8,Yes,0.0,None
08:07:58.833,Active,414.9,2.4,99.4,11.8,73.2,Yes,0.0,None
08:07:59.260,Active,421.1,2.4,97.1,11.8,73.8,Yes,0.0,None
08:07:59.675,Active,408.6,2.4,98.8,11.8,73.8,Yes,0.0,None
08:08:00.094,Active,410.3,2.4,98.2,11.8,74.3,Yes,0.0,None
08:08:00.513,Active,409.8,2.4,98.2,11.8,73.8,Yes,0.0,None
08:08:00.927,Active,407.8,2.4,98.8,11.8,73.2,Yes,0.0,None
08:08:01.343,Active,409.4,2.4,99.4,11.8,73.8,Yes,0.0,None
08:08:01.761,Active,409.0,2.4,97.6,11.8,73.8,Yes,0.0,None
08:08:02.179,Active,411.8,2.4,98.8,11.8,73.8,Yes,0.0,None
08:08:02.594,Active,409.2,2.4,98.8,11.8,74.3,Yes,0.0,None
08:08:03.013,Active,409.8,2.4,98.2,11.8,73.2,Yes,0.0,None
08:08:03.436,Active,416.9,2.4,97.0,11.7,73.8,Yes,0.0,None
08:08:03.860,Active,416.8,2.4,99.4,11.8,74.3,Yes,0.0,None
08:08:04.275,Active,407.7,2.4,98.8,11.8,73.8,Yes,0.0,None
08:08:04.692,Active,408.3,2.4,98.2,11.8,73.8,Yes,0.0,None
08:08:05.111,Active,410.6,2.4,98.2,11.8,74.3,Yes,0.0,None
08:08:05.528,Active,409.2,2.4,98.2,11.8,74.3,Yes,0.0,None
08:08:05.948,Active,409.4,2.4,97.6,11.8,74.3,Yes,0.0,None
08:08:06.384,Active,426.1,2.4,96.0,11.8,74.3,Yes,0.0,None
08:08:06.802,Active,408.6,2.4,97.6,11.8,74.3,Yes,0.0,None
08:08:07.230,Active,420.1,2.4,97.1,11.8,74.9,Yes,0.0,None
08:08:07.648,Active,408.2,2.4,98.2,11.8,73.8,Yes,0.0,None
08:08:08.068,Active,410.1,2.4,98.2,11.8,74.3,Yes,0.0,None
08:08:08.483,Active,407.7,2.4,98.2,11.7,74.3,Yes,0.0,None
08:08:08.921,Active,429.4,2.4,98.3,11.8,74.3,Yes,0.0,None
08:08:09.345,Active,417.1,2.4,97.0,11.8,72.7,Yes,0.0,None
08:08:09.759,Active,407.2,2.4,98.8,11.8,74.9,Yes,0.0,None
08:08:10.179,Active,410.4,2.4,98.2,11.8,74.3,Yes,0.0,None
08:08:10.597,Active,408.1,2.4,98.2,11.8,74.9,Yes,0.0,None
08:08:56.031,Active,419.9,2.4,1.4,11.9,56.2,Yes,0.0,None
08:08:56.442,Active,405.5,2.4,99.4,11.9,57.9,Yes,0.0,None
08:08:56.858,Active,405.7,8.0,98.2,11.9,59.5,Yes,0.0,None
08:08:57.277,Active,408.3,8.0,98.2,11.8,59.5,Yes,0.0,None
08:08:57.688,Active,404.1,8.0,98.8,11.8,60.0,Yes,0.0,None
08:08:58.105,Active,411.2,8.0,98.8,11.8,61.7,Yes,0.0,None
08:08:58.523,Active,407.6,8.0,98.2,11.8,61.7,Yes,0.0,None
08:08:58.941,Active,408.4,8.0,98.2,11.8,63.4,Yes,0.0,None
08:08:59.359,Active,410.5,8.0,98.2,11.8,62.8,Yes,0.0,None
08:08:59.782,Active,414.1,8.0,98.2,11.8,63.4,Yes,0.0,None
08:09:00.200,Active,409.9,8.0,98.8,11.8,65.0,Yes,0.0,None
08:09:00.617,Active,407.6,8.0,98.2,11.8,65.0,Yes,0.0,None
08:09:01.035,Active,408.9,2.4,98.8,11.8,65.0,Yes,0.0,None
08:09:01.451,Active,407.3,2.4,98.8,11.8,65.5,Yes,0.0,None
08:09:01.868,Active,408.5,2.4,98.2,11.8,66.7,Yes,0.0,None
08:09:02.283,Active,407.6,2.4,98.8,11.8,65.5,Yes,0.0,None
08:09:02.699,Active,407.8,2.4,98.8,11.8,66.1,Yes,0.0,None
08:09:03.111,Active,405.9,2.4,99.4,11.8,66.7,Yes,0.0,None
08:09:03.526,Active,409.2,2.4,99.4,11.8,66.7,Yes,0.0,None
08:09:03.943,Active,410.6,2.4,98.2,11.8,67.2,Yes,0.0,None
08:09:04.359,Active,407.5,2.4,99.4,11.8,67.2,Yes,0.0,None
08:09:04.780,Active,414.6,2.4,99.4,11.8,67.2,Yes,0.0,None
08:09:05.196,Active,410.7,2.4,99.4,11.8,68.3,Yes,0.0,None
08:09:05.616,Active,409.9,2.4,97.6,11.8,68.8,Yes,0.0,None
08:09:06.032,Active,409.5,2.4,98.8,11.8,68.3,Yes,0.0,None
08:09:06.453,Active,413.6,2.4,97.6,11.8,68.3,Yes,0.0,None
08:09:06.867,Active,407.8,2.4,99.4,11.8,68.3,Yes,0.0,None
08:09:07.285,Active,409.9,2.4,98.2,11.8,68.8,Yes,0.0,None
08:09:07.705,Active,409.0,2.4,98.2,11.8,69.4,Yes,0.0,None
08:09:08.121,Active,409.6,2.4,98.2,11.8,69.4,Yes,0.0,None
08:09:08.537,Active,409.0,2.4,99.4,11.8,69.4,Yes,0.0,None
08:09:08.951,Active,407.6,2.4,98.8,11.8,69.4,Yes,0.0,None
08:09:09.367,Active,409.9,2.4,99.4,11.8,68.8,Yes,0.0,None
08:09:09.778,Active,405.2,2.4,99.4,11.8,68.8,Yes,0.0,None
08:09:10.220,Active,432.1,2.4,97.7,11.8,70.0,Yes,0.0,None
08:09:10.638,Active,407.8,2.4,98.2,11.8,69.4,Yes,0.0,None
08:09:11.054,Active,410.5,2.4,98.8,11.8,69.4,Yes,0.0,None
08:09:11.468,Active,407.4,2.4,99.4,11.8,70.0,Yes,0.0,None
08:09:11.895,Active,419.8,2.4,96.5,11.8,70.0,Yes,0.0,None
08:09:12.311,Active,407.9,2.4,98.2,11.8,70.0,Yes,0.0,None
08:09:12.726,Active,406.6,2.4,98.8,11.8,70.5,Yes,0.0,None
08:09:13.142,Active,408.3,2.4,98.8,11.8,70.5,Yes,0.0,None
08:09:13.555,Active,406.4,2.4,98.8,11.8,70.5,Yes,0.0,None
08:09:13.967,Active,404.9,2.4,99.4,11.8,70.5,Yes,0.0,None
08:09:14.383,Active,406.8,2.4,99.4,11.8,71.0,Yes,0.0,None
08:09:14.795,Active,405.8,2.4,99.4,11.8,71.0,Yes,0.0,None
08:09:15.231,Active,427.3,2.4,99.4,11.8,70.5,Yes,0.0,None
08:09:15.650,Active,409.6,2.4,97.6,11.8,71.0,Yes,0.0,None
08:09:16.071,Active,412.0,2.4,98.2,11.8,70.5,Yes,0.0,None
08:09:16.488,Active,410.3,2.4,98.8,11.8,71.0,Yes,0.0,None
08:09:16.905,Active,409.7,2.4,98.2,11.8,71.6,Yes,0.0,None
08:09:17.320,Active,408.6,2.4,98.8,11.8,71.6,Yes,0.0,None
08:09:17.734,Active,407.5,2.4,98.2,11.8,71.0,Yes,0.0,None
08:09:18.156,Active,412.6,2.4,98.2,11.8,71.0,Yes,0.0,None
08:09:18.572,Active,408.2,2.4,98.8,11.8,71.0,Yes,0.0,None
08:09:18.992,Active,410.6,2.4,97.6,11.8,71.6,Yes,0.0,None
08:09:19.413,Active,411.1,2.4,98.2,11.8,71.0,Yes,0.0,None
08:09:19.829,Active,409.3,2.4,98.2,11.8,71.6,Yes,0.0,None
08:09:20.251,Active,412.0,2.4,98.2,11.8,71.0,Yes,0.0,None
08:09:20.669,Active,409.8,2.4,97.6,11.8,71.6,Yes,0.0,None
08:09:21.087,Active,411.2,2.4,98.2,11.8,71.6,Yes,0.0,None
08:09:21.500,Active,404.1,2.4,98.2,11.8,72.2,Yes,0.0,None
08:09:21.913,Active,406.8,2.4,99.4,11.8,72.2,Yes,0.0,None
08:09:22.332,Active,410.6,2.4,98.2,11.7,71.6,Yes,0.0,None
08:09:22.748,Active,408.5,2.4,99.4,11.8,71.6,Yes,0.0,None
08:09:23.167,Active,411.8,2.4,98.2,11.8,72.2,Yes,0.0,None
08:09:23.589,Active,413.1,2.4,98.2,11.8,72.7,Yes,0.0,None
08:09:24.007,Active,411.1,2.4,98.8,11.8,72.2,Yes,0.0,None
08:09:24.425,Active,409.3,2.4,98.2,11.7,72.7,Yes,0.0,None
08:09:24.841,Active,409.1,2.4,98.8,11.7,72.2,Yes,0.0,None
08:09:25.293,Active,445.1,2.4,98.9,11.8,71.6,Yes,0.0,None
08:09:25.707,Active,407.5,2.4,99.4,11.9,72.2,Yes,0.0,None
08:09:26.127,Active,413.9,2.4,98.8,11.9,72.7,Yes,0.0,None
08:09:26.543,Active,406.0,2.4,98.8,11.9,72.7,Yes,0.0,None
08:09:26.955,Active,405.9,2.4,99.4,11.9,73.2,Yes,0.0,None
08:09:27.371,Active,410.0,2.4,99.4,11.9,72.7,Yes,0.0,None
08:09:27.795,Active,418.2,2.4,99.4,11.9,72.7,Yes,0.0,None
08:09:28.214,Active,411.0,2.4,99.4,11.8,72.7,Yes,0.0,None
08:09:28.637,Active,409.6,2.4,97.0,11.8,72.7,Yes,0.0,None
08:09:29.053,Active,409.9,2.4,98.2,11.8,73.2,Yes,0.0,None
08:09:29.468,Active,408.3,2.4,98.8,11.8,72.7,Yes,0.0,None
08:09:29.882,Active,406.5,2.4,98.8,11.8,73.2,Yes,0.0,None
08:09:30.312,Active,420.3,2.4,98.3,11.8,72.7,Yes,0.0,None
08:09:30.726,Active,408.3,2.4,98.8,11.8,73.2,Yes,0.0,None
08:09:31.145,Active,409.3,2.4,98.8,11.8,72.2,Yes,0.0,None
08:09:31.564,Active,409.9,2.4,98.2,11.8,72.7,Yes,0.0,None
08:09:31.982,Active,410.4,2.4,98.2,11.8,72.7,Yes,0.0,None
08:09:32.397,Active,407.2,2.4,98.2,11.8,72.7,Yes,0.0,None
08:09:32.810,Active,406.3,2.4,98.8,11.8,72.7,Yes,0.0,None
08:09:33.233,Active,413.7,2.4,97.6,11.8,73.2,Yes,0.0,None
08:09:33.649,Active,409.4,2.4,98.8,11.8,72.7,Yes,0.0,None
08:09:34.063,Active,407.6,2.4,98.2,11.8,74.9,Yes,0.0,None
08:09:34.478,Active,406.1,2.4,98.8,11.8,73.2,Yes,0.0,None
08:09:34.909,Active,417.6,2.4,97.1,11.8,73.8,Yes,0.0,None
08:09:35.338,Active,422.2,2.4,98.2,11.8,74.3,Yes,0.0,None
08:09:35.751,Active,407.0,2.4,99.4,11.8,73.2,Yes,0.0,None
08:09:36.167,Active,409.9,2.4,99.4,11.8,72.7,Yes,0.0,None
08:09:36.579,Active,406.0,2.4,99.4,11.8,73.8,Yes,0.0,None
08:09:37.017,Active,428.5,2.4,95.4,11.8,73.8,Yes,0.0,None
08:09:37.440,Active,416.5,2.4,98.8,11.8,73.8,Yes,0.0,None
08:09:37.859,Active,411.8,2.4,98.2,11.8,72.7,Yes,0.0,None
08:09:38.274,Active,409.2,2.4,98.8,11.8,73.8,Yes,0.0,None
08:09:38.683,Active,402.7,2.4,99.4,11.8,74.3,Yes,0.0,None
08:09:39.116,Active,422.5,2.4,96.5,11.8,73.8,Yes,0.0,None
08:09:39.533,Active,409.4,2.4,98.2,11.8,73.2,Yes,0.0,None
08:09:39.958,Active,418.0,2.4,96.5,11.8,72.7,Yes,0.0,None
08:09:40.400,Active,432.1,2.4,97.2,11.8,73.2,Yes,0.0,None
08:09:40.819,Active,409.0,2.4,97.6,11.8,73.8,Yes,0.0,None
08:09:41.240,Active,408.3,2.4,97.6,11.8,73.8,Yes,0.0,None
08:09:41.652,Active,406.3,2.4,99.4,11.8,73.8,Yes,0.0,None
08:09:42.067,Active,407.8,2.4,99.4,11.8,73.8,Yes,0.0,None
08:09:42.482,Active,409.2,2.4,98.8,11.8,73.8,Yes,0.0,None
08:09:42.902,Active,410.4,2.4,97.6,11.8,73.8,Yes,0.0,None
08:09:43.315,Active,407.1,2.4,100.0,11.8,74.3,Yes,0.0,None
08:09:43.735,Active,411.7,2.4,98.2,11.8,73.2,Yes,0.0,None
08:09:44.161,Active,417.8,2.4,97.6,11.8,73.8,Yes,0.0,None
08:09:44.577,Active,409.4,2.4,98.2,11.8,73.8,Yes,0.0,None
08:09:44.992,Active,408.8,2.4,98.2,11.8,74.3,Yes,0.0,None
08:09:45.408,Active,408.4,2.4,98.8,11.8,74.3,Yes,0.0,None
08:09:45.844,Active,428.9,2.4,98.8,11.8,75.5,Yes,0.0,None
08:09:46.260,Active,409.4,2.4,98.8,11.8,73.8,Yes,0.0,None
08:09:46.676,Active,408.4,2.4,99.4,11.8,74.3,Yes,0.0,None
08:09:47.092,Active,408.8,2.4,98.2,11.8,74.3,Yes,0.0,None
08:09:47.511,Active,412.7,2.4,98.2,11.8,74.9,Yes,0.0,None
08:09:47.927,Active,407.5,2.4,98.8,11.8,73.8,Yes,0.0,None
08:09:48.343,Active,410.6,2.4,99.4,11.8,74.3,Yes,0.0,None
08:09:48.772,Active,422.4,2.4,95.9,11.8,73.8,Yes,0.0,None
08:09:49.188,Active,408.6,2.4,98.2,11.8,74.3,Yes,0.0,None
08:09:49.603,Active,407.4,2.4,98.8,11.8,74.9,Yes,0.0,None
08:09:50.018,Active,409.5,2.4,99.4,11.8,74.9,Yes,0.0,None
08:09:50.454,Active,426.0,2.4,96.0,11.8,73.8,Yes,0.0,None
08:09:50.863,Active,402.3,2.4,99.4,11.8,73.8,Yes,0.0,None
08:09:51.281,Active,409.1,2.4,99.4,11.8,74.3,Yes,0.0,None
08:09:51.698,Active,408.7,2.4,97.6,11.7,73.8,Yes,0.0,None
08:09:52.116,Active,408.9,2.4,98.2,11.7,74.3,Yes,0.0,None
08:09:52.532,Active,408.5,2.4,98.8,11.7,74.3,Yes,0.0,None
08:09:52.968,Active,428.0,2.4,96.0,11.7,74.9,Yes,0.0,None
08:09:53.406,Active,429.8,2.4,95.4,11.7,74.3,Yes,0.0,None
08:09:53.831,Active,415.4,2.4,97.0,11.7,74.3,Yes,0.0,None
08:09:54.251,Active,411.2,2.4,98.2,11.7,73.8,Yes,0.0,None
08:09:54.676,Active,416.9,2.4,97.0,11.8,74.3,Yes,0.0,None
08:09:55.091,Active,407.5,2.4,98.8,11.8,75.5,Yes,0.0,None
08:09:55.507,Active,407.9,2.4,99.4,11.8,74.9,Yes,0.0,None
08:10:41.049,Active,427.8,2.4,1.1,11.8,56.2,Yes,0.0,None
08:10:41.497,Active,438.8,2.4,97.7,11.8,56.2,Yes,0.0,None
08:10:41.913,Active,409.2,2.4,98.2,11.9,58.4,Yes,0.0,None
08:10:42.331,Active,408.7,2.4,98.2,11.9,60.0,Yes,0.0,None
08:10:42.755,Active,417.3,2.4,97.6,11.9,61.1,Yes,0.0,None
08:10:43.175,Active,409.9,2.4,98.2,11.9,61.7,Yes,0.0,None
08:10:43.593,Active,407.9,2.4,97.6,11.9,62.8,Yes,0.0,None
08:10:44.011,Active,411.2,2.4,98.8,11.9,62.2,Yes,0.0,None
08:10:44.428,Active,407.6,2.4,98.2,11.9,62.8,Yes,0.0,None
08:10:44.845,Active,406.8,2.4,98.2,11.8,63.9,Yes,0.0,None
08:10:45.267,Active,415.6,2.4,97.6,11.8,64.5,Yes,0.0,None
08:10:45.684,Active,410.3,2.4,98.8,11.8,64.5,Yes,0.0,None
08:10:46.113,Active,422.6,2.4,97.0,11.8,65.0,Yes,0.0,None
08:10:46.536,Active,416.1,2.4,98.8,11.9,65.0,Yes,0.0,None
08:10:46.955,Active,413.8,2.4,98.8,11.9,65.5,Yes,0.0,None
08:10:47.370,Active,407.0,2.4,98.2,11.9,65.5,Yes,0.0,None
08:10:47.785,Active,405.7,2.4,98.8,11.9,65.5,Yes,0.0,None
08:10:48.200,Active,408.4,2.4,98.8,11.9,66.1,Yes,0.0,None
08:10:48.620,Active,410.6,2.4,98.2,11.9,66.1,Yes,0.0,None
08:10:49.037,Active,409.9,2.4,98.2,11.9,67.2,Yes,0.0,None
08:10:49.450,Active,406.7,2.4,99.4,11.9,67.2,Yes,0.0,None
08:10:49.868,Active,407.9,2.4,98.2,11.8,67.2,Yes,0.0,None
08:10:50.286,Active,409.1,2.4,98.2,11.8,66.1,Yes,0.0,None
08:10:50.704,Active,407.9,2.4,97.6,11.8,67.8,Yes,0.0,None
08:10:51.119,Active,407.6,2.4,98.8,11.8,68.3,Yes,0.0,None
08:10:51.539,Active,411.1,2.4,98.2,11.8,68.3,Yes,0.0,None
08:10:51.951,Active,406.3,2.4,98.8,11.8,68.3,Yes,0.0,None
08:10:52.369,Active,408.0,2.4,97.6,11.8,68.3,Yes,0.0,None
08:10:52.789,Active,410.6,2.4,98.2,11.8,68.3,Yes,0.0,None
08:10:53.208,Active,411.3,2.4,98.2,11.8,68.8,Yes,0.0,None
08:10:53.625,Active,409.7,2.4,98.8,11.8,69.4,Yes,0.0,None
08:10:54.041,Active,409.9,2.4,98.2,11.8,69.4,Yes,0.0,None
08:10:54.453,Active,405.1,2.4,98.2,11.8,68.8,Yes,0.0,None
08:10:54.867,Active,408.3,2.4,99.4,11.8,69.4,Yes,0.0,None
08:10:55.286,Active,409.1,2.4,97.6,11.7,70.0,Yes,0.0,None
08:10:55.702,Active,405.7,2.4,98.2,11.8,70.5,Yes,0.0,None
08:10:56.129,Active,417.3,2.4,97.1,11.8,70.0,Yes,0.0,None
08:10:56.545,Active,409.8,2.4,98.8,11.7,70.0,Yes,0.0,None
08:10:56.988,Active,433.7,2.4,98.3,11.8,70.0,Yes,0.0,None
08:10:57.404,Active,408.4,2.4,99.4,11.8,70.5,Yes,0.0,None
08:10:57.819,Active,407.3,2.4,98.2,11.8,70.0,Yes,0.0,None
08:10:58.235,Active,409.6,2.4,99.4,11.8,70.5,Yes,0.0,None
08:10:58.647,Active,406.4,2.4,99.4,11.8,70.0,Yes,0.0,None
08:10:59.063,Active,409.6,2.4,99.4,11.8,70.0,Yes,0.0,None
08:10:59.474,Active,405.8,2.4,99.4,11.8,71.0,Yes,0.0,None
08:10:59.886,Active,406.0,2.4,98.8,11.8,71.0,Yes,0.0,None
08:11:00.302,Active,406.9,2.4,98.8,11.8,71.0,Yes,0.0,None
08:11:00.714,Active,405.9,2.4,98.8,11.8,71.0,Yes,0.0,None
08:11:01.130,Active,410.1,2.4,99.4,11.7,71.0,Yes,0.0,None
08:11:01.549,Active,411.6,2.4,98.2,11.7,71.0,Yes,0.0,None
08:11:01.975,Active,420.0,2.4,98.8,11.8,71.6,Yes,0.0,None
08:11:02.395,Active,409.8,2.4,97.6,11.8,71.6,Yes,0.0,None
08:11:02.809,Active,408.0,2.4,98.2,11.8,70.5,Yes,0.0,None
08:11:03.228,Active,410.0,2.4,98.2,11.8,71.0,Yes,0.0,None
08:11:03.644,Active,408.2,2.4,98.8,11.8,71.6,Yes,0.0,None
08:11:04.059,Active,409.6,2.4,99.4,11.8,71.0,Yes,0.0,None
08:11:04.474,Active,406.4,2.4,98.8,11.8,71.0,Yes,0.0,None
08:11:04.920,Active,436.1,2.4,94.4,11.7,71.0,Yes,0.0,None
08:11:05.339,Active,411.5,2.4,98.2,11.7,71.6,Yes,0.0,None
08:11:05.757,Active,409.2,2.4,98.2,11.7,71.6,Yes,0.0,None
08:11:06.176,Active,413.0,2.4,98.8,11.7,72.2,Yes,0.0,None
08:11:06.596,Active,408.1,2.4,97.6,11.7,72.2,Yes,0.0,None
08:11:07.029,Active,427.0,2.4,98.8,11.8,72.2,Yes,0.0,None
08:11:07.444,Active,408.4,2.4,98.8,11.8,70.5,Yes,0.0,None
08:11:07.860,Active,409.1,2.4,98.8,11.8,72.7,Yes,0.0,None
08:11:08.277,Active,409.9,2.4,98.8,11.8,71.6,Yes,0.0,None
08:11:08.692,Active,408.4,2.4,98.8,11.8,72.2,Yes,0.0,None
08:11:09.110,Active,411.7,2.4,98.2,11.8,73.2,Yes,0.0,None
08:11:09.537,Active,417.5,2.4,97.1,11.7,72.7,Yes,0.0,None
08:11:09.948,Active,404.5,2.4,99.4,11.8,72.7,Yes,0.0,None
08:11:10.365,Active,411.0,2.4,99.4,11.8,71.0,Yes,0.0,None
08:11:10.788,Active,416.2,2.4,98.2,11.8,72.7,Yes,0.0,None
08:11:11.215,Active,419.4,2.4,97.7,11.8,73.2,Yes,0.0,None
08:11:11.628,Active,406.9,2.4,99.4,11.8,72.2,Yes,0.0,None
08:11:12.069,Active,431.3,2.4,97.1,11.8,72.7,Yes,0.0,None
08:11:12.486,Active,407.5,2.4,98.2,11.8,73.2,Yes,0.0,None
08:11:12.904,Active,407.9,2.4,98.2,11.8,72.2,Yes,0.0,None
08:11:13.323,Active,411.2,2.4,98.2,11.8,73.2,Yes,0.0,None
08:11:13.738,Active,406.8,2.4,98.8,11.8,72.7,Yes,0.0,None
08:11:14.158,Active,409.6,2.4,98.2,11.8,72.7,Yes,0.0,None
08:11:14.573,Active,409.0,2.4,98.8,11.8,72.7,Yes,0.0,None
08:11:14.988,Active,408.8,2.4,98.8,11.8,72.7,Yes,0.0,None
08:11:15.402,Active,408.1,2.4,99.4,11.8,72.2,Yes,0.0,None
08:11:15.815,Active,407.0,2.4,99.4,11.8,73.2,Yes,0.0,None
08:11:16.232,Active,410.5,2.4,98.8,11.8,72.7,Yes,0.0,None
08:11:16.646,Active,407.9,2.4,99.4,11.8,72.7,Yes,0.0,None
08:11:17.093,Active,437.1,2.4,97.2,11.8,73.8,Yes,0.0,None
08:11:17.509,Active,407.1,2.4,98.2,11.8,73.2,Yes,0.0,None
08:11:17.927,Active,408.4,2.4,98.2,11.8,73.2,Yes,0.0,None
08:11:18.349,Active,413.7,2.4,98.2,11.8,73.8,Yes,0.0,None
08:11:18.764,Active,408.4,2.4,98.2,11.8,73.2,Yes,0.0,None
08:11:19.182,Active,410.4,2.4,98.8,11.8,73.2,Yes,0.0,None
08:11:19.599,Active,408.0,2.4,98.2,11.8,73.2,Yes,0.0,None
08:11:20.020,Active,412.3,2.4,98.2,11.8,72.7,Yes,0.0,None
08:11:20.435,Active,409.5,2.4,98.8,11.8,72.7,Yes,0.0,None
08:11:20.849,Active,407.6,2.4,98.2,11.7,73.2,Yes,0.0,None
08:11:21.266,Active,410.3,2.4,98.8,11.7,73.2,Yes,0.0,None
08:11:21.682,Active,408.0,2.4,98.2,11.7,73.2,Yes,0.0,None
08:11:22.103,Active,411.6,2.4,98.2,11.7,73.2,Yes,0.0,None
08:11:22.520,Active,409.0,2.4,98.2,11.7,73.2,Yes,0.0,None
08:11:22.937,Active,409.5,2.4,98.8,11.7,73.8,Yes,0.0,None
08:11:23.353,Active,409.1,2.4,98.8,11.7,73.8,Yes,0.0,None
08:11:23.763,Active,403.8,2.4,98.8,11.7,73.2,Yes,0.0,None
08:11:24.179,Active,409.7,2.4,99.4,11.7,73.2,Yes,0.0,None
08:11:24.591,Active,405.7,2.4,99.4,11.7,73.8,Yes,0.0,None
08:11:25.013,Active,413.3,2.4,98.2,11.7,72.7,Yes,0.0,None
08:11:25.425,Active,405.5,2.4,99.4,11.7,73.8,Yes,0.0,None
08:11:25.839,Active,407.2,2.4,98.8,11.7,73.8,Yes,0.0,None
08:11:26.257,Active,412.1,2.4,99.4,11.7,73.2,Yes,0.0,None
08:11:26.673,Active,407.2,2.4,98.2,11.7,73.8,Yes,0.0,None
08:11:27.117,Active,434.7,2.4,97.7,11.8,73.2,Yes,0.0,None
08:11:27.532,Active,405.5,2.4,97.6,11.8,73.8,Yes,0.0,None
08:11:27.964,Active,426.2,2.4,98.3,11.8,73.8,Yes,0.0,None
08:11:28.377,Active,405.5,2.4,98.8,11.8,73.8,Yes,0.0,None
08:11:28.790,Active,406.9,2.4,98.8,11.8,72.7,Yes,0.0,None
08:11:29.209,Active,410.8,2.4,98.8,11.8,73.8,Yes,0.0,None
08:11:29.623,Active,407.5,2.4,98.2,11.8,73.8,Yes,0.0,None
08:11:30.039,Active,407.7,2.4,98.2,11.8,73.8,Yes,0.0,None
08:11:30.457,Active,406.0,2.4,97.6,11.7,73.8,Yes,0.0,None
08:11:30.871,Active,407.2,2.4,99.4,11.7,73.2,Yes,0.0,None
08:11:31.286,Active,409.4,2.4,100.0,11.7,73.8,Yes,0.0,None
08:11:31.699,Active,406.8,2.4,98.2,11.7,73.8,Yes,0.0,None
08:11:32.120,Active,410.8,2.4,98.2,11.7,73.8,Yes,0.0,None
08:11:32.546,Active,418.6,2.4,98.3,11.8,74.3,Yes,0.0,None
08:11:32.997,Active,441.5,2.4,93.9,11.8,73.2,Yes,0.0,None
08:11:33.419,Active,416.2,2.4,97.6,11.8,72.7,Yes,0.0,None
08:11:33.836,Active,408.9,2.4,97.6,11.8,73.8,Yes,0.0,None
08:11:34.253,Active,410.9,2.4,98.8,11.8,74.3,Yes,0.0,None
08:11:34.675,Active,412.7,2.4,98.2,11.8,73.8,Yes,0.0,None
08:11:35.092,Active,411.1,2.4,98.8,11.8,73.8,Yes,0.0,None
08:11:35.514,Active,408.2,2.4,97.0,11.8,73.2,Yes,0.0,None
08:11:35.931,Active,409.6,2.4,98.8,11.8,73.2,Yes,0.0,None
08:11:36.350,Active,410.7,2.4,98.2,11.7,73.8,Yes,0.0,None
08:11:36.769,Active,412.1,2.4,97.6,11.7,74.3,Yes,0.0,None
08:11:37.190,Active,414.7,2.4,97.6,11.8,74.3,Yes,0.0,None
08:11:37.623,Active,423.1,2.4,98.3,11.8,73.8,Yes,0.0,None
08:11:38.051,Active,419.9,2.4,97.1,11.8,74.9,Yes,0.0,None
08:11:38.465,Active,407.2,2.4,98.8,11.8,73.8,Yes,0.0,None
08:11:38.880,Active,408.1,2.4,98.8,11.8,73.8,Yes,0.0,None
08:11:39.294,Active,408.1,2.4,99.4,11.8,74.3,Yes,0.0,None
08:11:39.710,Active,410.8,2.4,99.4,11.8,75.5,Yes,0.0,None
08:11:40.127,Active,410.4,2.4,99.4,11.7,74.3,Yes,0.0,None
08:11:40.539,Active,405.8,2.4,98.8,11.7,74.9,Yes,0.0,None
08:11:40.955,Active,409.4,2.4,98.8,11.8,74.3,Yes,0.0,None
08:12:26.395,Active,426.5,2.4,1.3,11.7,56.2,Yes,0.0,None
08:12:26.820,Active,418.9,2.4,97.1,11.7,57.3,Yes,0.0,None
08:12:27.235,Active,408.7,2.4,98.8,11.8,59.0,Yes,0.0,None
08:12:27.652,Active,410.7,2.4,98.2,11.7,59.5,Yes,0.0,None
08:12:28.097,Active,437.0,2.4,98.3,11.8,60.6,Yes,0.0,None
08:12:28.517,Active,410.2,3.9,98.2,11.8,60.6,Yes,0.0,None
08:12:28.949,Active,422.6,3.9,95.3,11.9,62.8,Yes,0.0,None
08:12:29.365,Active,409.0,3.9,98.8,11.9,63.9,Yes,0.0,None
08:12:29.780,Active,408.3,3.9,99.4,11.9,62.8,Yes,0.0,None
08:12:30.196,Active,410.0,3.9,98.8,11.9,64.5,Yes,0.0,None
08:12:30.611,Active,407.5,3.9,98.8,11.9,65.0,Yes,0.0,None
08:12:31.028,Active,410.6,3.9,98.8,11.9,65.5,Yes,0.0,None
08:12:31.443,Active,408.0,3.9,98.8,11.8,63.9,Yes,0.0,None
08:12:31.858,Active,408.8,3.9,98.8,11.8,65.0,Yes,0.0,None
08:12:32.278,Active,410.4,3.9,98.2,11.8,66.7,Yes,0.0,None
08:12:32.696,Active,408.3,2.4,98.2,11.8,65.5,Yes,0.0,None
08:12:33.114,Active,410.6,2.4,98.2,11.8,66.1,Yes,0.0,None
08:12:33.545,Active,421.8,2.4,98.3,11.8,65.5,Yes,0.0,None
08:12:33.961,Active,409.4,2.4,98.8,11.8,66.7,Yes,0.0,None
08:12:34.376,Active,408.9,2.4,98.8,11.8,67.2,Yes,0.0,None
08:12:34.794,Active,410.9,2.4,98.8,11.8,66.7,Yes,0.0,None
08:12:35.214,Active,410.8,2.4,97.6,11.8,67.2,Yes,0.0,None
08:12:35.633,Active,409.4,2.4,98.2,11.8,67.2,Yes,0.0,None
08:12:36.054,Active,415.0,2.4,98.2,11.8,67.2,Yes,0.0,None
08:12:36.470,Active,406.9,2.4,98.2,11.7,67.8,Yes,0.0,None
08:12:36.886,Active,406.9,2.4,97.6,11.8,68.3,Yes,0.0,None
08:12:37.302,Active,409.5,2.4,99.4,11.8,68.3,Yes,0.0,None
08:12:37.719,Active,407.3,2.4,97.6,11.7,68.3,Yes,0.0,None
08:12:38.136,Active,408.8,2.4,98.8,11.7,68.3,Yes,0.0,None
08:12:38.569,Active,425.0,2.4,98.8,11.8,68.8,Yes,0.0,None
08:12:38.988,Active,412.0,2.4,98.2,11.8,69.4,Yes,0.0,None
08:12:39.403,Active,407.7,2.4,98.2,11.8,68.8,Yes,0.0,None
08:12:39.817,Active,407.4,2.4,98.8,11.8,68.8,Yes,0.0,None
08:12:40.237,Active,410.8,2.4,97.6,11.8,69.4,Yes,0.0,None
08:12:40.648,Active,405.1,2.4,99.4,11.8,68.8,Yes,0.0,None
08:12:41.064,Active,409.5,2.4,98.8,11.8,68.8,Yes,0.0,None
08:12:41.481,Active,409.6,2.4,98.8,11.7,71.0,Yes,0.0,None
08:12:41.895,Active,407.3,2.4,98.2,11.7,70.0,Yes,0.0,None
08:12:42.314,Active,409.7,2.4,98.2,11.7,70.5,Yes,0.0,None
08:12:42.730,Active,408.0,2.4,98.8,11.7,70.5,Yes,0.0,None
08:12:43.147,Active,410.9,2.4,98.8,11.7,69.4,Yes,0.0,None
08:12:43.581,Active,423.9,2.4,97.7,11.8,70.5,Yes,0.0,None
08:12:43.995,Active,407.3,2.4,99.4,11.8,69.4,Yes,0.0,None
08:12:44.410,Active,408.3,2.4,99.4,11.8,70.0,Yes,0.0,None
08:12:44.828,Active,409.8,2.4,98.2,11.8,70.5,Yes,0.0,None
08:12:45.246,Active,410.7,2.4,98.2,11.8,70.0,Yes,0.0,None
08:12:45.669,Active,409.7,2.4,97.0,11.8,71.0,Yes,0.0,None
08:12:46.087,Active,409.8,2.4,98.2,11.8,70.5,Yes,0.0,None
08:12:46.501,Active,408.3,2.4,98.8,11.8,70.5,Yes,0.0,None
08:12:46.915,Active,408.1,2.4,99.4,11.8,70.5,Yes,0.0,None
08:12:47.340,Active,418.5,2.4,97.6,11.8,71.0,Yes,0.0,None
08:12:47.758,Active,407.7,2.4,98.2,11.8,71.6,Yes,0.0,None
08:12:48.176,Active,409.7,2.4,98.8,11.8,71.0,Yes,0.0,None
08:12:48.611,Active,427.3,2.4,98.9,11.8,71.0,Yes,0.0,None
08:12:49.029,Active,411.7,2.4,100.0,11.9,71.6,Yes,0.0,None
08:12:49.443,Active,407.3,2.4,98.8,11.9,71.6,Yes,0.0,None
08:12:49.855,Active,406.6,2.4,99.4,11.9,71.0,Yes,0.0,None
08:12:50.275,Active,409.5,2.4,97.6,11.9,71.6,Yes,0.0,None
08:12:50.692,Active,407.9,2.4,98.2,11.9,71.6,Yes,0.0,None
08:12:51.113,Active,410.9,2.4,98.2,11.9,71.0,Yes,0.0,None
08:12:51.529,Active,408.8,2.4,98.2,11.8,71.0,Yes,0.0,None
08:12:51.951,Active,415.2,2.4,97.6,11.8,71.6,Yes,0.0,None
08:12:52.368,Active,408.7,2.4,98.2,11.8,71.6,Yes,0.0,None
08:12:52.783,Active,407.7,2.4,98.8,11.8,71.0,Yes,0.0,None
08:12:53.201,Active,411.4,2.4,98.8,11.8,71.6,Yes,0.0,None
08:12:53.613,Active,405.7,2.4,98.2,11.8,71.0,Yes,0.0,None
08:12:54.028,Active,409.0,2.4,99.4,11.8,71.0,Yes,0.0,None
08:12:54.444,Active,409.0,2.4,98.8,11.8,71.0,Yes,0.0,None
08:12:54.861,Active,409.5,2.4,98.8,11.8,72.2,Yes,0.0,None
08:12:55.280,Active,412.2,2.4,98.8,11.8,72.2,Yes,0.0,None
08:12:55.703,Active,415.8,2.4,97.0,11.8,72.2,Yes,0.0,None
08:12:56.145,Active,435.4,2.4,94.9,11.8,72.2,Yes,0.0,None
08:12:56.564,Active,413.0,2.4,98.2,11.8,72.2,Yes,0.0,None
08:12:56.986,Active,414.2,2.4,98.2,11.8,71.6,Yes,0.0,None
08:12:57.403,Active,407.8,2.4,98.2,11.8,72.2,Yes,0.0,None
08:12:57.817,Active,407.6,2.4,98.8,11.8,72.7,Yes,0.0,None
08:12:58.236,Active,412.5,2.4,98.8,11.8,73.2,Yes,0.0,None
08:12:58.685,Active,441.0,2.4,96.6,11.8,72.2,Yes,0.0,None
08:12:59.102,Active,410.9,2.4,99.4,11.9,72.2,Yes,0.0,None
08:12:59.517,Active,408.7,2.4,97.6,11.9,71.6,Yes,0.0,None
08:12:59.931,Active,407.6,2.4,99.4,11.9,72.2,Yes,0.0,None
08:13:00.346,Active,409.4,2.4,99.4,11.8,72.7,Yes,0.0,None
08:13:00.761,Active,408.7,2.4,98.8,11.8,72.7,Yes,0.0,None
08:13:01.178,Active,410.4,2.4,98.2,11.8,72.7,Yes,0.0,None
08:13:01.594,Active,406.2,2.4,98.2,11.8,72.7,Yes,0.0,None
08:13:02.011,Active,410.7,2.4,99.4,11.8,72.7,Yes,0.0,None
08:13:02.423,Active,406.1,2.4,99.4,11.8,72.2,Yes,0.0,None
08:13:02.935,Active,405.6,2.4,79.5,11.8,72.7,Yes,0.0,None
08:13:03.353,Active,408.9,2.4,98.2,11.8,72.7,Yes,0.0,None
08:13:03.779,Active,416.3,2.4,98.2,11.8,72.7,Yes,0.0,None
08:13:04.200,Active,411.4,2.4,98.2,11.8,72.2,Yes,0.0,None
08:13:04.615,Active,407.7,2.4,98.8,11.8,72.7,Yes,0.0,None
08:13:05.029,Active,406.4,2.4,98.8,11.8,72.7,Yes,0.0,None
08:13:05.443,Active,407.7,2.4,98.2,11.8,72.7,Yes,0.0,None
08:13:05.858,Active,409.1,2.4,98.8,11.8,73.2,Yes,0.0,None
08:13:06.269,Active,404.8,2.3,99.4,11.8,72.2,Yes,0.0,None
08:13:06.678,Active,402.9,2.3,100.0,11.8,73.8,Yes,0.0,None
08:13:07.091,Active,406.6,2.3,100.0,11.8,73.8,Yes,0.0,None
08:13:07.512,Active,405.4,2.3,97.0,11.8,73.2,Yes,0.0,None
08:13:07.925,Active,407.4,2.3,99.4,11.8,73.2,Yes,0.0,None
08:13:08.340,Active,408.9,2.3,98.8,11.8,73.2,Yes,0.0,None
08:13:08.757,Active,409.6,2.3,98.8,11.8,73.2,Yes,0.0,None
08:13:09.180,Active,413.1,2.3,98.8,11.8,73.2,Yes,0.0,None
08:13:09.597,Active,407.3,2.3,97.6,11.8,73.2,Yes,0.0,None
08:13:10.015,Active,411.1,2.3,99.4,11.8,72.7,Yes,0.0,None
08:13:10.432,Active,408.0,2.4,97.6,11.8,73.8,Yes,0.0,None
08:13:10.849,Active,409.3,2.4,98.8,11.8,73.2,Yes,0.0,None
08:13:11.266,Active,411.0,2.4,98.8,11.8,73.2,Yes,0.0,None
08:13:11.686,Active,409.6,2.4,97.0,11.8,73.2,Yes,0.0,None
08:13:12.105,Active,410.7,2.4,97.6,11.8,73.2,Yes,0.0,None
08:13:12.521,Active,409.7,2.4,98.8,11.8,73.8,Yes,0.0,None
08:13:12.937,Active,409.5,2.4,98.8,11.8,73.8,Yes,0.0,None
08:13:13.355,Active,411.3,2.4,98.8,11.8,73.2,Yes,0.0,None
08:13:13.769,Active,408.0,2.4,99.4,11.8,73.8,Yes,0.0,None
08:13:14.210,Active,434.4,2.4,97.8,11.8,73.8,Yes,0.0,None
08:13:14.628,Active,408.6,2.4,97.0,11.8,73.8,Yes,0.0,None
08:13:15.045,Active,409.1,2.4,98.8,11.8,73.2,Yes,0.0,None
08:13:15.460,Active,408.6,2.4,98.8,11.8,73.2,Yes,0.0,None
08:13:15.877,Active,409.3,2.4,98.8,11.8,73.2,Yes,0.0,None
08:13:16.292,Active,408.9,2.4,98.2,11.8,73.2,Yes,0.0,None
08:13:16.706,Active,405.8,2.4,99.4,11.8,73.2,Yes,0.0,None
08:13:17.124,Active,408.3,2.4,98.2,11.8,73.2,Yes,0.0,None
08:13:17.539,Active,409.0,2.4,99.4,11.8,73.2,Yes,0.0,None
08:13:17.952,Active,406.5,2.4,98.8,11.7,74.3,Yes,0.0,None
08:13:18.368,Active,410.4,2.4,99.4,11.7,73.8,Yes,0.0,None
08:13:18.784,Active,409.8,2.4,98.8,11.7,73.2,Yes,0.0,None
08:13:19.221,Active,429.2,2.4,98.3,11.8,73.2,Yes,0.0,None
08:13:19.636,Active,408.4,2.4,98.8,11.8,74.3,Yes,0.0,None
08:13:20.053,Active,410.1,2.4,98.2,11.9,73.8,Yes,0.0,None
08:13:20.470,Active,407.0,2.4,98.2,11.9,73.2,Yes,0.0,None
08:13:20.888,Active,408.4,2.4,98.2,11.9,74.3,Yes,0.0,None
08:13:21.304,Active,408.1,2.4,98.8,11.9,73.8,Yes,0.0,None
08:13:21.821,Active,408.8,2.4,79.7,11.9,73.8,Yes,0.0,None
08:13:22.237,Active,410.0,2.4,98.8,11.8,74.3,Yes,0.0,None
08:13:22.654,Active,407.5,2.4,98.2,11.8,74.3,Yes,0.0,None
08:13:23.071,Active,407.3,2.3,98.2,11.8,73.8,Yes,0.0,None
08:13:23.583,Active,406.4,2.3,80.4,11.8,73.2,Yes,0.0,None
08:13:23.999,Active,410.1,2.3,99.4,11.8,72.7,Yes,0.0,None
08:13:24.416,Active,410.1,2.3,98.8,11.8,73.8,Yes,0.0,None
08:13:24.831,Active,407.2,2.3,98.2,11.8,74.3,Yes,0.0,None
08:13:25.249,Active,409.3,2.3,97.6,11.8,73.8,Yes,0.0,None
08:13:25.665,Active,406.9,2.3,98.8,11.8,74.3,Yes,0.0,None
08:13:26.081,Active,407.5,2.3,98.8,11.8,74.3,Yes,0.0,None
08:14:11.521,Active,422.5,2.3,1.0,11.9,56.2,Yes,0.0,None
08:14:11.935,Active,407.7,2.3,98.8,11.9,57.3,Yes,0.0,None
08:14:12.352,Active,408.3,7.9,98.8,11.9,59.0,Yes,0.0,None
08:14:12.768,Active,408.5,7.9,98.2,11.9,60.0,Yes,0.0,None
08:14:13.184,Active,410.3,7.9,99.4,11.9,60.6,Yes,0.0,None
08:14:13.599,Active,407.9,7.9,98.8,11.9,62.2,Yes,0.0,None
08:14:14.015,Active,408.9,7.9,98.8,11.9,61.7,Yes,0.0,None
08:14:14.432,Active,410.2,7.9,98.2,11.9,62.8,Yes,0.0,None
08:14:14.876,Active,435.9,7.9,97.7,11.8,62.8,Yes,0.0,None
08:14:15.297,Active,410.3,7.9,97.6,11.8,63.4,Yes,0.0,None
08:14:15.717,Active,410.8,7.9,98.2,11.8,63.9,Yes,0.0,None
08:14:16.131,Active,407.5,7.9,98.8,11.8,64.5,Yes,0.0,None
08:14:16.552,Active,408.4,2.4,97.6,11.8,63.9,Yes,0.0,None
08:14:16.969,Active,409.6,2.4,98.8,11.8,65.5,Yes,0.0,None
08:14:17.384,Active,407.7,2.4,98.2,11.8,65.0,Yes,0.0,None
08:14:17.799,Active,407.7,2.4,98.8,11.8,65.5,Yes,0.0,None
08:14:18.216,Active,410.2,2.4,98.8,11.8,66.1,Yes,0.0,None
08:14:18.644,Active,418.0,2.4,97.1,11.8,66.7,Yes,0.0,None
08:14:19.060,Active,408.2,2.4,98.2,11.8,66.1,Yes,0.0,None
08:14:19.479,Active,409.0,2.4,97.6,11.7,67.2,Yes,0.0,None
08:14:19.896,Active,408.4,2.4,98.8,11.8,67.2,Yes,0.0,None
08:14:20.328,Active,425.0,2.4,97.7,11.8,66.7,Yes,0.0,None
08:14:20.747,Active,408.3,2.4,98.2,11.8,67.8,Yes,0.0,None
08:14:21.163,Active,410.9,2.4,98.2,11.9,68.3,Yes,0.0,None
08:14:21.580,Active,408.3,2.4,98.8,11.9,67.2,Yes,0.0,None
08:14:22.001,Active,414.0,2.4,97.6,11.9,67.8,Yes,0.0,None
08:14:22.423,Active,412.7,2.4,97.6,11.9,67.8,Yes,0.0,None
08:14:22.839,Active,407.8,2.4,98.2,11.9,68.3,Yes,0.0,None
08:14:23.252,Active,407.1,2.4,99.4,11.8,68.8,Yes,0.0,None
08:14:23.666,Active,406.5,2.4,98.8,11.8,68.8,Yes,0.0,None
08:14:24.083,Active,411.3,2.4,98.8,11.8,68.8,Yes,0.0,None
08:14:24.499,Active,407.6,2.4,98.8,11.8,68.8,Yes,0.0,None
08:14:24.919,Active,410.2,2.4,97.6,11.8,68.8,Yes,0.0,None
08:14:25.337,Active,409.4,2.4,98.2,11.8,69.4,Yes,0.0,None
08:14:25.752,Active,406.1,2.4,98.8,11.8,69.4,Yes,0.0,None
08:14:26.173,Active,410.8,2.4,98.2,11.8,68.8,Yes,0.0,None
08:14:26.589,Active,408.7,2.4,98.2,11.8,70.5,Yes,0.0,None
08:14:27.012,Active,413.8,2.4,98.2,11.8,69.4,Yes,0.0,None
08:14:27.427,Active,407.6,2.4,98.2,11.8,70.0,Yes,0.0,None
08:14:27.847,Active,411.0,2.4,97.6,11.8,70.0,Yes,0.0,None
08:14:28.273,Active,417.8,2.4,96.5,11.8,70.5,Yes,0.0,None
08:14:28.689,Active,407.8,2.4,98.8,11.8,70.5,Yes,0.0,None
08:14:29.109,Active,411.9,2.4,98.2,11.8,70.0,Yes,0.0,None
08:14:29.523,Active,407.4,2.4,98.8,11.7,70.0,Yes,0.0,None
08:14:29.936,Active,406.7,2.4,98.8,11.7,70.5,Yes,0.0,None
08:14:30.391,Active,449.8,2.4,98.4,11.8,70.0,Yes,0.0,None
08:14:30.806,Active,409.1,2.4,98.8,11.8,70.0,Yes,0.0,None
08:14:31.222,Active,410.0,2.4,99.4,11.8,71.6,Yes,0.0,None
08:14:31.635,Active,406.4,2.4,99.4,11.8,70.5,Yes,0.0,None
08:14:32.051,Active,410.0,2.4,99.4,11.8,71.0,Yes,0.0,None
08:14:32.463,Active,406.0,2.4,99.4,11.8,71.0,Yes,0.0,None
08:14:32.875,Active,406.3,2.4,99.4,11.8,71.0,Yes,0.0,None
08:14:33.292,Active,410.4,2.4,99.4,11.8,71.0,Yes,0.0,None
08:14:33.705,Active,405.1,2.4,98.8,11.8,71.0,Yes,0.0,None
08:14:34.124,Active,413.4,2.4,98.8,11.8,71.0,Yes,0.0,None
08:14:34.545,Active,413.5,2.4,97.6,11.8,71.0,Yes,0.0,None
08:14:34.961,Active,409.4,2.4,98.8,11.8,71.0,Yes,0.0,None
08:14:35.385,Active,416.1,2.4,98.8,11.8,71.6,Yes,0.0,None
08:14:35.804,Active,409.0,2.4,98.2,11.8,71.0,Yes,0.0,None
08:14:36.225,Active,411.6,2.4,98.2,11.8,71.0,Yes,0.0,None
08:14:36.645,Active,409.1,2.4,97.6,11.8,71.0,Yes,0.0,None
08:14:37.064,Active,410.1,2.4,98.2,11.8,71.0,Yes,0.0,None
08:14:37.484,Active,409.2,2.4,97.6,11.8,71.6,Yes,0.0,None
08:14:37.908,Active,414.8,2.4,97.6,11.8,72.7,Yes,0.0,None
08:14:38.328,Active,409.5,2.4,97.6,11.8,71.6,Yes,0.0,None
08:14:38.746,Active,408.2,2.4,98.2,11.8,71.6,Yes,0.0,None
08:14:39.165,Active,409.1,2.4,98.2,11.8,72.2,Yes,0.0,None
08:14:39.587,Active,412.7,2.4,97.6,11.8,71.0,Yes,0.0,None
08:14:40.007,Active,408.8,2.4,97.6,11.8,71.6,Yes,0.0,None
08:14:40.434,Active,419.7,2.4,99.4,11.8,71.6,Yes,0.0,None
08:14:40.860,Active,416.6,2.4,96.4,11.8,71.6,Yes,0.0,None
08:14:41.277,Active,409.6,2.4,98.8,11.8,72.2,Yes,0.0,None
08:14:41.697,Active,411.5,2.4,97.6,11.8,71.6,Yes,0.0,None
08:14:42.120,Active,414.0,2.4,98.2,11.8,71.6,Yes,0.0,None
08:14:42.541,Active,410.9,2.4,97.6,11.8,72.2,Yes,0.0,None
08:14:42.960,Active,408.6,2.4,98.2,11.8,72.7,Yes,0.0,None
08:14:43.374,Active,408.0,2.4,99.4,11.8,72.2,Yes,0.0,None
08:14:43.790,Active,407.0,2.4,98.2,11.8,72.2,Yes,0.0,None
08:14:44.212,Active,412.2,2.4,98.2,11.8,72.7,Yes,0.0,None
08:14:44.628,Active,408.6,2.4,98.2,11.8,72.2,Yes,0.0,None
08:14:45.052,Active,416.8,2.4,98.2,11.7,72.7,Yes,0.0,None
08:14:45.486,Active,427.0,2.4,97.7,11.8,73.2,Yes,0.0,None
08:14:45.904,Active,408.2,2.4,97.6,11.8,73.2,Yes,0.0,None
08:14:46.321,Active,411.3,2.4,98.8,11.8,72.2,Yes,0.0,None
08:14:46.734,Active,407.0,2.4,98.8,11.8,72.7,Yes,0.0,None
08:14:47.156,Active,415.4,2.4,97.6,11.8,72.2,Yes,0.0,None
08:14:47.572,Active,408.5,2.4,97.6,11.8,72.7,Yes,0.0,None
08:14:47.992,Active,412.9,2.4,98.8,11.8,72.2,Yes,0.0,None
08:14:48.408,Active,409.1,2.4,98.8,11.8,72.7,Yes,0.0,None
08:14:48.825,Active,409.6,2.4,98.2,11.8,72.2,Yes,0.0,None
08:14:49.256,Active,423.1,2.4,96.0,11.8,73.2,Yes,0.0,None
08:14:49.672,Active,408.1,2.4,98.8,11.8,72.7,Yes,0.0,None
08:14:50.091,Active,413.9,2.4,99.4,11.8,71.0,Yes,0.0,None
08:14:50.509,Active,411.6,2.4,97.6,11.7,73.2,Yes,0.0,None
08:14:50.956,Active,433.7,2.4,95.5,11.8,72.7,Yes,0.0,None
08:14:51.375,Active,410.4,2.4,98.2,11.8,72.7,Yes,0.0,None
08:14:51.790,Active,406.9,2.4,98.8,11.8,73.8,Yes,0.0,None
08:14:52.206,Active,409.5,2.4,99.4,11.8,72.7,Yes,0.0,None
08:14:52.623,Active,407.6,2.4,97.6,11.8,73.8,Yes,0.0,None
08:14:53.049,Active,417.6,2.4,98.2,11.7,73.2,Yes,0.0,None
08:14:53.463,Active,407.8,2.4,98.8,11.7,74.3,Yes,0.0,None
08:14:53.880,Active,408.4,2.4,98.2,11.8,73.2,Yes,0.0,None
08:14:54.297,Active,410.1,2.4,97.6,11.8,73.8,Yes,0.0,None
08:14:54.820,Active,415.9,2.4,79.4,11.8,72.7,Yes,0.0,None
08:14:55.240,Active,410.1,2.4,98.2,11.8,72.7,Yes,0.0,None
08:14:55.680,Active,430.2,2.4,94.8,11.7,73.2,Yes,0.0,None
08:14:56.100,Active,410.2,2.4,98.2,11.7,73.2,Yes,0.0,None
08:14:56.518,Active,407.9,2.4,98.2,11.7,73.2,Yes,0.0,None
08:14:56.936,Active,408.7,2.4,98.2,11.7,73.8,Yes,0.0,None
08:14:57.353,Active,410.5,2.4,98.8,11.7,73.2,Yes,0.0,None
08:14:57.769,Active,407.4,2.4,98.2,11.7,73.2,Yes,0.0,None
08:14:58.186,Active,409.1,2.4,98.2,11.7,73.2,Yes,0.0,None
08:14:58.603,Active,407.8,2.3,98.2,11.7,73.8,Yes,0.0,None
08:14:59.026,Active,412.9,2.3,98.2,11.7,73.8,Yes,0.0,None
08:14:59.446,Active,409.0,2.3,98.2,11.7,73.8,Yes,0.0,None
08:14:59.865,Active,409.5,2.3,98.2,11.7,72.7,Yes,0.0,None
08:15:00.285,Active,411.0,2.3,97.6,11.7,73.8,Yes,0.0,None
08:15:00.731,Active,439.3,2.3,98.9,11.7,73.8,Yes,0.0,None
08:15:01.148,Active,409.8,2.3,98.2,11.8,74.3,Yes,0.0,None
08:15:01.561,Active,407.0,2.3,99.4,11.8,73.8,Yes,0.0,None
08:15:01.980,Active,411.3,2.3,98.2,11.8,73.8,Yes,0.0,None
08:15:02.401,Active,411.5,2.3,98.2,11.8,73.8,Yes,0.0,None
08:15:02.817,Active,409.4,2.4,98.2,11.8,73.8,Yes,0.0,None
08:15:03.237,Active,413.6,2.4,98.8,11.8,74.3,Yes,0.0,None
08:15:03.652,Active,408.6,2.4,98.8,11.8,73.2,Yes,0.0,None
08:15:04.068,Active,408.3,2.4,98.2,11.8,73.2,Yes,0.0,None
08:15:04.485,Active,408.5,2.4,98.2,11.7,74.3,Yes,0.0,None
08:15:04.898,Active,407.0,2.4,98.8,11.7,73.8,Yes,0.0,None
08:15:05.315,Active,410.8,2.4,99.4,11.8,73.8,Yes,0.0,None
08:15:05.730,Active,409.0,2.4,98.2,11.8,75.5,Yes,0.0,None
08:15:06.159,Active,419.2,2.4,98.3,11.8,73.8,Yes,0.0,None
08:15:06.591,Active,422.2,2.4,95.9,11.8,74.3,Yes,0.0,None
08:15:07.009,Active,411.8,2.4,98.8,11.8,73.8,Yes,0.0,None
08:15:07.429,Active,413.9,2.4,97.6,11.8,73.8,Yes,0.0,None
08:15:07.842,Active,406.7,2.4,99.4,11.8,75.5,Yes,0.0,None
08:15:08.264,Active,412.2,2.4,97.6,11.8,73.8,Yes,0.0,None
08:15:08.679,Active,409.0,2.4,98.2,11.8,74.3,Yes,0.0,None
08:15:09.097,Active,409.8,2.4,98.8,11.8,74.3,Yes,0.0,None
08:15:09.522,Active,416.3,2.4,96.5,11.8,74.3,Yes,0.0,None
08:15:09.941,Active,408.2,2.4,98.2,11.8,73.8,Yes,0.0,None
08:15:10.359,Active,409.5,2.4,98.2,11.8,74.3,Yes,0.0,None
08:15:10.786,Active,416.6,2.4,98.2,11.8,74.3,Yes,0.0,None
08:15:11.206,Active,410.6,2.4,98.2,11.8,74.3,Yes,0.0,None
08:15:56.654,Active,427.6,2.4,1.4,11.7,55.1,Yes,0.0,None
08:15:57.066,Active,405.8,2.4,100.0,11.8,56.8,Yes,0.0,None
08:15:57.479,Active,406.7,2.4,99.4,11.8,59.0,Yes,0.0,None
08:15:57.898,Active,409.4,2.4,98.8,11.7,60.0,Yes,0.0,None
08:15:58.312,Active,407.8,2.4,98.8,11.7,59.0,Yes,0.0,None
08:15:58.728,Active,406.0,2.4,98.8,11.7,60.6,Yes,0.0,None
08:15:59.149,Active,410.1,2.4,97.6,11.7,61.7,Yes,0.0,None
08:15:59.566,Active,407.1,2.4,98.8,11.7,62.2,Yes,0.0,None
08:15:59.983,Active,410.9,2.4,98.8,11.7,62.2,Yes,0.0,None
08:16:00.398,Active,408.2,2.4,98.8,11.7,63.4,Yes,0.0,None
08:16:00.832,Active,424.6,2.4,95.3,11.7,63.9,Yes,0.0,None
08:16:01.247,Active,408.5,2.4,99.4,11.7,64.5,Yes,0.0,None
08:16:01.727,Active,472.7,2.4,94.2,11.8,63.9,Yes,0.0,None
08:16:02.141,Active,408.3,2.4,99.4,11.8,65.5,Yes,0.0,None
08:16:02.555,Active,407.7,2.4,99.4,11.8,65.0,Yes,0.0,None
08:16:02.970,Active,409.2,2.4,98.8,11.8,65.0,Yes,0.0,None
08:16:03.385,Active,408.2,2.4,98.8,11.8,65.5,Yes,0.0,None
08:16:03.799,Active,407.6,2.4,98.8,11.8,66.1,Yes,0.0,None
08:16:04.220,Active,412.7,2.4,98.2,11.8,65.5,Yes,0.0,None
08:16:04.636,Active,409.5,2.4,98.8,11.8,66.7,Yes,0.0,None
08:16:05.054,Active,411.6,2.4,98.8,11.8,66.7,Yes,0.0,None
08:16:05.469,Active,408.6,2.4,98.8,11.8,66.7,Yes,0.0,None
08:16:05.890,Active,414.8,2.4,97.6,11.8,67.8,Yes,0.0,None
08:16:06.309,Active,410.3,2.4,98.8,11.7,68.8,Yes,0.0,None
08:16:06.725,Active,408.2,2.4,98.2,11.8,67.8,Yes,0.0,None
08:16:07.155,Active,420.1,2.4,98.3,11.8,67.8,Yes,0.0,None
08:16:07.591,Active,429.9,2.4,95.4,11.8,68.3,Yes,0.0,None
08:16:08.012,Active,411.5,2.4,98.2,11.8,67.8,Yes,0.0,None
08:16:08.428,Active,408.6,2.4,98.2,11.8,67.8,Yes,0.0,None
08:16:08.842,Active,408.1,2.4,98.8,11.8,68.8,Yes,0.0,None
08:16:09.261,Active,409.3,2.4,98.2,11.8,68.8,Yes,0.0,None
08:16:09.676,Active,408.3,2.4,98.2,11.8,68.3,Yes,0.0,None
08:16:10.093,Active,410.0,2.4,98.8,11.8,69.4,Yes,0.0,None
08:16:10.522,Active,418.4,2.4,97.1,11.8,69.4,Yes,0.0,None
08:16:10.939,Active,407.3,2.4,98.8,11.8,69.4,Yes,0.0,None
08:16:11.355,Active,409.1,2.4,98.8,11.8,69.4,Yes,0.0,None
08:16:11.780,Active,414.8,2.4,98.2,11.8,69.4,Yes,0.0,None
08:16:12.202,Active,410.8,2.4,98.2,11.8,69.4,Yes,0.0,None
08:16:12.619,Active,407.4,2.4,97.6,11.8,70.0,Yes,0.0,None
08:16:13.038,Active,409.0,2.4,98.2,11.8,69.4,Yes,0.0,None
08:16:13.491,Active,441.8,2.4,93.3,11.8,70.0,Yes,0.0,None
08:16:13.907,Active,406.8,2.4,97.6,11.8,69.4,Yes,0.0,None
08:16:14.327,Active,409.8,2.4,98.2,11.7,70.0,Yes,0.0,None
08:16:14.742,Active,407.7,2.4,98.8,11.7,70.5,Yes,0.0,None
08:16:15.161,Active,409.4,2.4,98.2,11.8,69.4,Yes,0.0,None
08:16:15.577,Active,408.2,2.4,98.2,11.8,70.5,Yes,0.0,None
08:16:15.994,Active,411.0,2.4,98.8,11.8,70.0,Yes,0.0,None
08:16:16.413,Active,408.6,2.4,98.2,11.8,69.4,Yes,0.0,None
08:16:16.851,Active,428.8,2.4,97.7,11.8,70.0,Yes,0.0,None
08:16:17.267,Active,409.3,2.4,98.8,11.8,70.0,Yes,0.0,None
08:16:17.679,Active,406.4,2.4,99.4,11.8,70.5,Yes,0.0,None
08:16:18.097,Active,411.9,2.4,99.4,11.8,71.0,Yes,0.0,None
08:16:18.514,Active,407.6,2.4,97.6,11.8,71.0,Yes,0.0,None
08:16:18.931,Active,407.1,2.4,98.2,11.8,71.0,Yes,0.0,None
08:16:19.346,Active,409.6,2.4,98.8,11.8,71.6,Yes,0.0,None
08:16:19.764,Active,408.5,2.4,98.2,11.8,70.0,Yes,0.0,None
08:16:20.181,Active,409.4,2.4,98.8,11.8,70.5,Yes,0.0,None
08:16:20.596,Active,408.5,2.4,99.4,11.8,71.0,Yes,0.0,None
08:16:21.018,Active,414.3,2.4,98.2,11.8,71.6,Yes,0.0,None
08:16:21.437,Active,410.0,2.4,97.6,11.8,70.0,Yes,0.0,None
08:16:21.852,Active,407.5,2.4,98.2,11.8,71.6,Yes,0.0,None
08:16:22.296,Active,436.5,2.4,98.9,11.8,71.6,Yes,0.0,None
08:16:22.712,Active,408.9,2.4,98.2,11.9,71.6,Yes,0.0,None
08:16:23.131,Active,409.6,2.4,98.2,11.9,71.6,Yes,0.0,None
08:16:23.549,Active,407.8,2.4,97.6,11.9,71.6,Yes,0.0,None
08:16:23.970,Active,411.7,2.4,98.2,11.9,71.6,Yes,0.0,None
08:16:24.386,Active,409.4,2.4,98.2,11.9,71.6,Yes,0.0,None
08:16:24.803,Active,407.0,2.4,98.2,11.9,71.0,Yes,0.0,None
08:16:25.222,Active,409.9,2.4,97.6,11.8,71.6,Yes,0.0,None
08:16:25.641,Active,408.4,2.4,98.2,11.8,71.6,Yes,0.0,None
08:16:26.059,Active,410.9,2.4,98.2,11.8,71.0,Yes,0.0,None
08:16:26.475,Active,407.6,2.4,98.8,11.8,73.2,Yes,0.0,None
08:16:26.896,Active,412.9,2.4,98.2,11.8,71.6,Yes,0.0,None
08:16:27.317,Active,410.8,2.4,98.2,11.8,72.2,Yes,0.0,None
08:16:27.731,Active,407.3,2.4,98.2,11.8,73.2,Yes,0.0,None
08:16:28.147,Active,408.5,2.4,98.8,11.8,71.6,Yes,0.0,None
08:16:28.564,Active,407.7,2.4,97.6,11.7,71.0,Yes,0.0,None
08:16:28.983,Active,409.6,2.4,98.2,11.8,72.2,Yes,0.0,None
08:16:29.397,Active,407.1,2.4,98.8,11.7,72.2,Yes,0.0,None
08:16:29.814,Active,407.2,2.4,98.2,11.7,72.2,Yes,0.0,None
08:16:30.232,Active,409.1,2.4,98.2,11.7,72.2,Yes,0.0,None
08:16:30.646,Active,407.1,2.4,98.8,11.7,72.2,Yes,0.0,None
08:16:31.064,Active,409.6,2.4,98.2,11.7,72.7,Yes,0.0,None
08:16:31.477,Active,405.8,2.4,98.8,11.7,72.7,Yes,0.0,None
08:16:31.895,Active,408.9,2.4,98.2,11.8,72.7,Yes,0.0,None
08:16:32.343,Active,437.4,2.4,97.8,11.8,72.7,Yes,0.0,None
08:16:32.758,Active,409.4,2.4,98.2,11.8,72.7,Yes,0.0,None
08:16:33.180,Active,412.7,2.4,98.2,11.9,72.2,Yes,0.0,None
08:16:33.596,Active,409.4,2.4,98.8,11.9,72.7,Yes,0.0,None
08:16:34.015,Active,411.3,2.4,98.2,11.9,73.2,Yes,0.0,None
08:16:34.430,Active,408.8,2.4,98.8,11.8,72.2,Yes,0.0,None
08:16:34.845,Active,409.6,2.4,99.4,11.8,72.2,Yes,0.0,None
08:16:35.265,Active,412.5,2.4,98.2,11.8,72.2,Yes,0.0,None
08:16:35.680,Active,408.8,2.4,98.2,11.8,72.7,Yes,0.0,None
08:16:36.101,Active,410.4,2.4,97.6,11.8,72.2,Yes,0.0,None
08:16:36.514,Active,407.1,2.4,98.8,11.8,72.7,Yes,0.0,None
08:16:36.926,Active,405.7,2.4,99.4,11.8,73.2,Yes,0.0,None
08:16:37.392,Active,417.2,2.4,90.2,11.8,72.2,Yes,0.0,None
08:16:37.807,Active,407.9,2.4,98.2,11.8,72.2,Yes,0.0,None
08:16:38.224,Active,410.9,2.4,98.8,11.8,72.7,Yes,0.0,None
08:16:38.641,Active,409.1,2.4,98.2,11.8,72.7,Yes,0.0,None
08:16:39.061,Active,410.2,2.4,98.2,11.8,72.7,Yes,0.0,None
08:16:39.479,Active,407.9,2.4,98.2,11.8,73.2,Yes,0.0,None
08:16:39.897,Active,408.3,2.4,97.6,11.8,73.2,Yes,0.0,None
08:16:40.316,Active,412.2,2.4,98.8,11.8,72.2,Yes,0.0,None
08:16:40.733,Active,407.5,2.4,98.2,11.8,72.7,Yes,0.0,None
08:16:41.169,Active,426.5,2.4,96.0,11.7,72.2,Yes,0.0,None
08:16:41.586,Active,409.6,2.4,98.2,11.7,73.2,Yes,0.0,None
08:16:42.009,Active,413.2,2.4,97.0,11.7,71.6,Yes,0.0,None
08:16:42.444,Active,424.4,2.4,97.7,11.8,73.2,Yes,0.0,None
08:16:42.863,Active,408.8,2.4,98.2,11.8,72.2,Yes,0.0,None
08:16:43.281,Active,410.6,2.4,98.2,11.8,73.2,Yes,0.0,None
08:16:43.694,Active,407.1,2.4,98.8,11.8,74.3,Yes,0.0,None
08:16:44.112,Active,410.1,2.4,98.8,11.8,73.2,Yes,0.0,None
08:16:44.533,Active,409.4,2.4,97.0,11.8,73.2,Yes,0.0,None
08:16:44.953,Active,410.2,2.4,98.2,11.8,73.2,Yes,0.0,None
08:16:45.370,Active,408.9,2.4,98.2,11.7,73.8,Yes,0.0,None
08:16:45.789,Active,411.0,2.4,98.2,11.7,72.7,Yes,0.0,None
08:16:46.209,Active,413.6,2.4,98.2,11.7,72.7,Yes,0.0,None
08:16:46.626,Active,406.1,2.4,98.2,11.7,73.8,Yes,0.0,None
08:16:47.042,Active,407.8,2.4,98.2,11.7,73.2,Yes,0.0,None
08:16:47.477,Active,428.1,2.4,98.3,11.8,72.7,Yes,0.0,None
08:16:47.892,Active,408.4,2.4,98.8,11.9,73.2,Yes,0.0,None
08:16:48.308,Active,410.0,2.4,98.8,11.9,73.8,Yes,0.0,None
08:16:48.724,Active,409.7,2.4,98.8,11.9,73.8,Yes,0.0,None
08:16:49.141,Active,410.5,2.4,98.8,11.9,73.2,Yes,0.0,None
08:16:49.556,Active,408.9,2.4,98.8,11.9,74.3,Yes,0.0,None
08:16:49.979,Active,415.8,2.4,98.2,11.8,73.8,Yes,0.0,None
08:16:50.396,Active,408.6,2.4,98.2,11.8,73.2,Yes,0.0,None
08:16:50.815,Active,408.8,2.4,98.2,11.8,73.8,Yes,0.0,None
08:16:51.239,Active,418.2,2.4,97.6,11.8,72.7,Yes,0.0,None
08:16:51.655,Active,407.5,2.4,98.8,11.8,74.3,Yes,0.0,None
08:16:52.070,Active,409.5,2.4,99.4,11.8,73.2,Yes,0.0,None
08:16:52.607,Active,429.8,2.4,79.9,11.9,73.2,Yes,0.0,None
08:16:53.026,Active,407.1,2.4,98.8,11.9,73.8,Yes,0.0,None
08:16:53.443,Active,405.0,2.4,98.2,11.9,73.8,Yes,0.0,None
08:16:53.854,Active,405.6,2.4,99.4,11.9,72.7,Yes,0.0,None
08:16:54.270,Active,410.0,2.4,98.8,11.9,73.8,Yes,0.0,None
08:16:54.683,Active,407.0,2.4,99.4,11.9,74.3,Yes,0.0,None
08:16:55.108,Active,418.9,2.3,97.0,11.9,73.8,Yes,0.0,None
08:16:55.523,Active,407.6,2.3,98.8,11.9,74.3,Yes,0.0,None
08:16:55.941,Active,409.2,2.3,98.8,11.8,73.8,Yes,0.0,None
08:16:56.357,Active,409.1,2.3,98.8,11.8,73.8,Yes,0.0,None
08:17:41.798,Active,426.9,2.3,1.1,11.7,55.6,Yes,0.0,None
08:17:42.217,Active,409.1,2.3,98.2,11.8,56.8,Yes,0.0,None
08:17:42.627,Active,403.2,2.3,98.8,11.8,59.0,Yes,0.0,None
08:17:43.039,Active,403.6,2.3,99.4,11.8,60.0,Yes,0.0,None
08:17:43.467,Active,422.1,2.3,99.4,11.9,60.0,Yes,0.0,None
08:17:43.881,Active,406.9,2.3,99.4,11.9,60.6,Yes,0.0,None
08:17:44.299,Active,410.8,3.4,98.2,11.9,61.7,Yes,0.0,None
08:17:44.716,Active,408.6,3.4,98.8,11.9,61.7,Yes,0.0,None
08:17:45.136,Active,410.6,3.4,97.6,11.9,62.2,Yes,0.0,None
08:17:45.554,Active,408.2,3.4,98.2,11.9,63.9,Yes,0.0,None
08:17:45.976,Active,412.4,3.4,98.2,11.9,63.4,Yes,0.0,None
08:17:46.391,Active,407.5,3.4,98.2,11.9,62.8,Yes,0.0,None
08:17:46.810,Active,409.5,3.4,97.6,11.8,64.5,Yes,0.0,None
08:17:47.230,Active,410.1,3.4,98.8,11.8,64.5,Yes,0.0,None
08:17:47.648,Active,407.5,3.4,97.6,11.8,65.0,Yes,0.0,None
08:17:48.067,Active,410.0,3.4,98.2,11.8,65.0,Yes,0.0,None
08:17:48.508,Active,433.9,2.4,98.9,11.9,65.5,Yes,0.0,None
08:17:48.922,Active,407.6,2.4,99.4,11.9,66.1,Yes,0.0,None
08:17:49.337,Active,408.8,2.4,99.4,11.9,66.7,Yes,0.0,None
08:17:49.752,Active,408.5,2.4,98.8,11.9,66.1,Yes,0.0,None
08:17:50.195,Active,435.6,2.4,94.9,11.9,66.7,Yes,0.0,None
08:17:50.612,Active,410.5,2.4,98.8,11.8,67.2,Yes,0.0,None
08:17:51.030,Active,410.9,2.4,97.0,11.8,67.2,Yes,0.0,None
08:17:51.446,Active,409.1,2.4,98.8,11.8,67.8,Yes,0.0,None
08:17:51.885,Active,428.4,2.4,94.9,11.8,67.8,Yes,0.0,None
08:17:52.300,Active,409.1,2.4,98.2,11.8,67.8,Yes,0.0,None
08:17:52.713,Active,406.7,2.4,98.8,11.8,67.8,Yes,0.0,None
08:17:53.130,Active,410.6,2.4,99.4,11.8,67.8,Yes,0.0,None
08:17:53.564,Active,427.7,2.4,98.8,11.8,68.3,Yes,0.0,None
08:17:53.985,Active,410.3,2.4,98.2,11.8,68.3,Yes,0.0,None
08:17:54.401,Active,408.4,2.4,98.2,11.8,67.2,Yes,0.0,None
08:17:54.817,Active,406.5,2.4,98.2,11.8,68.3,Yes,0.0,None
08:17:55.233,Active,409.8,2.4,98.8,11.8,68.8,Yes,0.0,None
08:17:55.647,Active,407.6,2.4,98.8,11.8,68.3,Yes,0.0,None
08:17:56.065,Active,409.4,2.4,98.8,11.8,68.8,Yes,0.0,None
08:17:56.479,Active,407.6,2.4,98.8,11.8,69.4,Yes,0.0,None
08:17:56.934,Active,406.5,2.4,90.1,11.8,69.4,Yes,0.0,None
08:17:57.355,Active,415.1,2.4,98.2,11.8,70.5,Yes,0.0,None
08:17:57.772,Active,410.7,2.4,99.4,11.8,68.3,Yes,0.0,None
08:17:58.189,Active,409.8,2.4,98.2,11.8,69.4,Yes,0.0,None
08:17:58.603,Active,407.6,2.4,98.8,11.8,69.4,Yes,0.0,None
08:17:59.024,Active,412.7,2.4,98.2,11.8,70.0,Yes,0.0,None
08:17:59.466,Active,435.5,2.4,94.9,11.8,70.0,Yes,0.0,None
08:17:59.883,Active,407.7,2.4,97.6,11.7,69.4,Yes,0.0,None
08:18:00.302,Active,409.3,2.4,98.2,11.7,70.0,Yes,0.0,None
08:18:00.822,Active,410.5,2.4,79.3,11.7,69.4,Yes,0.0,None
08:18:01.243,Active,410.7,2.3,97.6,11.7,70.0,Yes,0.0,None
08:18:01.659,Active,407.7,2.3,98.8,11.7,69.4,Yes,0.0,None
08:18:02.078,Active,410.4,2.3,98.2,11.7,70.0,Yes,0.0,None
08:18:02.494,Active,406.9,2.3,98.2,11.7,70.0,Yes,0.0,None
08:18:02.912,Active,408.6,2.3,98.2,11.7,70.5,Yes,0.0,None
08:18:03.335,Active,413.4,2.3,97.6,11.7,70.0,Yes,0.0,None
08:18:03.861,Active,517.4,2.3,90.8,11.8,70.5,Yes,0.0,None
08:18:04.277,Active,409.7,2.3,98.8,11.8,70.0,Yes,0.0,None
08:18:04.691,Active,407.8,2.3,98.8,11.8,70.0,Yes,0.0,None
08:18:05.109,Active,412.2,2.3,99.4,11.8,69.4,Yes,0.0,None
08:18:05.524,Active,408.6,2.3,98.2,11.8,71.0,Yes,0.0,None
08:18:05.939,Active,407.9,2.3,98.8,11.8,71.0,Yes,0.0,None
08:18:06.351,Active,405.3,2.3,99.4,11.8,69.4,Yes,0.0,None
08:18:06.768,Active,408.6,2.3,98.8,11.8,70.5,Yes,0.0,None
08:18:07.185,Active,409.6,2.3,98.2,11.8,71.0,Yes,0.0,None
08:18:07.601,Active,409.2,2.3,98.8,11.8,71.0,Yes,0.0,None
08:18:08.015,Active,408.0,2.3,98.8,11.8,71.6,Yes,0.0,None
08:18:08.430,Active,409.0,2.3,99.4,11.8,71.0,Yes,0.0,None
08:18:08.885,Active,447.3,2.3,94.4,11.8,71.0,Yes,0.0,None
08:18:09.301,Active,409.1,2.3,98.8,11.8,71.0,Yes,0.0,None
08:18:09.813,Active,405.0,2.3,79.5,11.8,70.5,Yes,0.0,None
08:18:10.233,Active,413.6,2.3,98.8,11.8,71.6,Yes,0.0,None
08:18:10.647,Active,407.5,2.3,98.8,11.8,71.0,Yes,0.0,None
08:18:11.063,Active,410.4,2.3,98.8,11.8,71.6,Yes,0.0,None
08:18:11.477,Active,407.9,2.3,99.4,11.8,71.0,Yes,0.0,None
08:18:11.893,Active,410.3,2.3,98.8,11.7,71.6,Yes,0.0,None
08:18:12.314,Active,410.8,2.3,98.2,11.8,71.0,Yes,0.0,None
08:18:12.730,Active,406.7,2.3,98.2,11.8,71.6,Yes,0.0,None
08:18:13.150,Active,410.1,2.3,97.6,11.8,72.2,Yes,0.0,None
08:18:13.567,Active,407.6,2.3,98.2,11.8,71.6,Yes,0.0,None
08:18:13.996,Active,423.4,2.4,98.8,11.8,72.2,Yes,0.0,None
08:18:14.412,Active,408.8,2.4,98.8,11.8,71.6,Yes,0.0,None
08:18:14.828,Active,408.6,2.4,98.8,11.8,72.2,Yes,0.0,None
08:18:15.248,Active,409.1,2.4,98.2,11.8,71.6,Yes,0.0,None
08:18:15.662,Active,405.9,2.4,98.8,11.8,72.2,Yes,0.0,None
08:18:16.084,Active,412.9,2.4,97.6,11.8,71.6,Yes,0.0,None
08:18:16.499,Active,407.8,2.4,98.8,11.8,72.2,Yes,0.0,None
08:18:16.913,Active,407.3,2.4,99.4,11.8,72.7,Yes,0.0,None
08:18:17.329,Active,410.7,2.4,99.4,11.8,71.6,Yes,0.0,None
08:18:17.747,Active,408.4,2.4,97.6,11.8,72.2,Yes,0.0,None
08:18:18.167,Active,409.7,2.4,98.2,11.8,72.2,Yes,0.0,None
08:18:18.580,Active,406.9,2.4,99.4,11.8,72.2,Yes,0.0,None
08:18:19.012,Active,426.1,2.4,98.3,11.8,72.7,Yes,0.0,None
08:18:19.427,Active,409.1,2.4,98.8,11.8,72.2,Yes,0.0,None
08:18:19.840,Active,406.9,2.4,98.8,11.8,71.6,Yes,0.0,None
08:18:20.258,Active,410.2,2.4,98.8,11.8,72.7,Yes,0.0,None
08:18:20.674,Active,406.5,2.4,98.2,11.8,72.2,Yes,0.0,None
08:18:21.109,Active,427.2,2.4,95.9,11.8,71.6,Yes,0.0,None
08:18:21.525,Active,407.1,2.4,98.8,11.8,73.2,Yes,0.0,None
08:18:21.940,Active,409.1,2.4,98.2,11.8,72.7,Yes,0.0,None
08:18:22.356,Active,409.8,2.4,98.8,11.8,72.7,Yes,0.0,None
08:18:22.771,Active,408.4,2.4,98.8,11.8,73.2,Yes,0.0,None
08:18:23.198,Active,421.0,2.4,97.1,11.8,72.7,Yes,0.0,None
08:18:23.617,Active,409.2,2.4,97.0,11.7,72.2,Yes,0.0,None
08:18:24.045,Active,421.1,2.4,98.8,11.8,72.2,Yes,0.0,None
08:18:24.465,Active,413.7,2.4,98.8,11.8,72.7,Yes,0.0,None
08:18:24.878,Active,406.4,2.4,98.2,11.9,72.7,Yes,0.0,None
08:18:25.296,Active,412.1,2.4,98.8,11.9,72.7,Yes,0.0,None
08:18:25.711,Active,407.5,2.4,98.8,11.9,73.2,Yes,0.0,None
08:18:26.127,Active,409.8,2.4,99.4,11.9,72.7,Yes,0.0,None
08:18:26.544,Active,404.9,2.4,97.6,11.9,73.8,Yes,0.0,None
08:18:26.962,Active,407.0,2.4,98.2,11.9,72.7,Yes,0.0,None
08:18:27.375,Active,404.8,2.4,99.4,11.9,73.2,Yes,0.0,None
08:18:27.787,Active,406.1,2.4,99.4,11.9,72.7,Yes,0.0,None
08:18:28.201,Active,408.2,2.4,100.0,11.8,72.7,Yes,0.0,None
08:18:28.724,Active,413.2,2.4,78.5,11.8,72.7,Yes,0.0,None
08:18:29.146,Active,410.9,2.4,98.8,11.8,72.2,Yes,0.0,None
08:18:29.559,Active,405.7,2.4,98.8,11.8,72.2,Yes,0.0,None
08:18:29.972,Active,406.5,2.4,98.8,11.8,72.2,Yes,0.0,None
08:18:30.387,Active,407.3,2.4,98.8,11.8,73.2,Yes,0.0,None
08:18:30.808,Active,408.4,2.3,97.6,11.8,73.8,Yes,0.0,None
08:18:31.224,Active,409.5,2.3,98.8,11.8,73.2,Yes,0.0,None
08:18:31.641,Active,409.7,2.3,98.8,11.8,73.2,Yes,0.0,None
08:18:32.055,Active,407.7,2.3,98.8,11.8,73.2,Yes,0.0,None
08:18:32.467,Active,405.5,2.3,99.4,11.8,73.2,Yes,0.0,None
08:18:32.885,Active,408.3,2.3,98.8,11.8,72.7,Yes,0.0,None
08:18:33.318,Active,426.8,2.3,96.0,11.8,72.7,Yes,0.0,None
08:18:33.735,Active,407.9,2.3,98.2,11.8,72.7,Yes,0.0,None
08:18:34.184,Active,440.6,2.3,98.3,11.8,72.2,Yes,0.0,None
08:18:34.598,Active,407.9,2.3,98.2,11.8,73.2,Yes,0.0,None
08:18:35.016,Active,408.2,2.4,98.2,11.8,73.2,Yes,0.0,None
08:18:35.433,Active,409.8,2.4,98.8,11.8,73.8,Yes,0.0,None
08:18:35.853,Active,414.1,2.4,97.6,11.8,73.8,Yes,0.0,None
08:18:36.275,Active,412.4,2.4,98.8,11.8,73.8,Yes,0.0,None
08:18:36.688,Active,407.7,2.4,98.2,11.8,73.2,Yes,0.0,None
08:18:37.104,Active,409.1,2.4,99.4,11.8,73.2,Yes,0.0,None
08:18:37.517,Active,406.9,2.4,99.4,11.8,73.2,Yes,0.0,None
08:18:37.932,Active,408.4,2.4,99.4,11.8,73.2,Yes,0.0,None
08:18:38.350,Active,410.0,2.4,99.4,11.8,73.2,Yes,0.0,None
08:18:38.762,Active,406.3,2.4,98.8,11.8,73.2,Yes,0.0,None
08:18:39.179,Active,409.7,2.4,98.8,11.8,74.3,Yes,0.0,None
08:18:39.603,Active,416.0,2.4,98.8,11.8,73.8,Yes,0.0,None
08:18:40.021,Active,411.5,2.4,99.4,11.8,73.8,Yes,0.0,None
08:18:40.444,Active,416.9,2.4,97.0,11.8,73.2,Yes,0.0,None
08:18:40.858,Active,406.6,2.4,98.8,11.8,73.8,Yes,0.0,None
08:18:41.287,Active,420.0,2.4,97.1,11.8,73.2,Yes,0.0,None
08:18:41.704,Active,410.2,2.4,97.6,11.8,73.2,Yes,0.0,None
08:19:27.138,Active,419.1,2.4,1.4,11.9,55.6,Yes,0.0,None
08:19:27.559,Active,408.7,2.4,98.2,11.9,57.3,Yes,0.0,None
08:19:27.982,Active,416.3,2.4,99.4,11.9,59.0,Yes,0.0,None
08:19:28.398,Active,410.4,5.9,98.8,11.9,59.0,Yes,0.0,None
08:19:28.817,Active,409.6,5.9,98.2,11.8,59.5,Yes,0.0,None
08:19:29.233,Active,409.5,5.9,98.2,11.8,60.6,Yes,0.0,None
08:19:29.649,Active,409.8,5.9,98.8,11.8,62.2,Yes,0.0,None
08:19:30.065,Active,409.4,5.9,98.2,11.8,62.2,Yes,0.0,None
08:19:30.478,Active,407.4,5.9,98.8,11.8,62.8,Yes,0.0,None
08:19:30.894,Active,406.7,5.9,98.8,11.8,62.8,Yes,0.0,None
08:19:31.317,Active,413.8,5.9,97.0,11.8,63.9,Yes,0.0,None
08:19:31.731,Active,407.8,5.9,99.4,11.8,63.9,Yes,0.0,None
08:19:32.156,Active,414.1,5.9,97.6,11.8,64.5,Yes,0.0,None
08:19:32.571,Active,407.2,2.4,97.0,11.8,64.5,Yes,0.0,None
08:19:32.994,Active,415.6,2.4,98.2,11.8,66.1,Yes,0.0,None
08:19:33.413,Active,409.5,2.4,98.2,11.8,65.0,Yes,0.0,None
08:19:33.836,Active,416.4,2.4,97.0,11.8,66.7,Yes,0.0,None
08:19:34.255,Active,411.8,2.4,97.6,11.8,66.7,Yes,0.0,None
08:19:34.693,Active,429.2,2.4,97.1,11.8,66.1,Yes,0.0,None
08:19:35.148,Active,448.2,2.4,97.3,11.8,66.7,Yes,0.0,None
08:19:35.564,Active,410.1,2.4,98.8,11.8,67.2,Yes,0.0,None
08:19:35.985,Active,413.5,2.4,97.6,11.8,66.7,Yes,0.0,None
08:19:36.399,Active,407.7,2.4,98.2,11.8,68.8,Yes,0.0,None
08:19:36.818,Active,410.5,2.4,97.6,11.8,67.2,Yes,0.0,None
08:19:37.238,Active,409.9,2.4,97.6,11.8,67.8,Yes,0.0,None
08:19:37.660,Active,412.4,2.4,98.8,11.8,67.8,Yes,0.0,None
08:19:38.076,Active,410.0,2.4,98.8,11.8,67.8,Yes,0.0,None
08:19:38.497,Active,409.2,2.4,98.2,11.8,67.2,Yes,0.0,None
08:19:38.912,Active,408.1,2.4,98.2,11.8,68.8,Yes,0.0,None
08:19:39.331,Active,409.6,2.4,98.2,11.8,68.8,Yes,0.0,None
08:19:39.746,Active,407.6,2.4,98.8,11.8,68.3,Yes,0.0,None
08:19:40.168,Active,412.4,2.4,98.2,11.8,68.8,Yes,0.0,None
08:19:40.596,Active,421.2,2.4,98.3,11.8,69.4,Yes,0.0,None
08:19:41.017,Active,411.3,2.4,98.2,11.8,67.8,Yes,0.0,None
08:19:41.435,Active,407.8,2.4,97.6,11.8,69.4,Yes,0.0,None
08:19:41.853,Active,408.4,2.4,98.2,11.8,69.4,Yes,0.0,None
08:19:42.273,Active,410.5,2.4,98.8,11.8,69.4,Yes,0.0,None
08:19:42.687,Active,407.9,2.4,98.8,11.8,68.8,Yes,0.0,None
08:19:43.108,Active,410.6,2.4,97.6,11.8,69.4,Yes,0.0,None
08:19:43.528,Active,410.3,2.4,98.2,11.8,68.8,Yes,0.0,None
08:19:43.972,Active,438.3,2.4,94.4,11.8,70.0,Yes,0.0,None
08:19:44.387,Active,408.1,2.4,98.8,11.8,70.5,Yes,0.0,None
08:19:44.804,Active,411.0,2.4,98.8,11.8,70.0,Yes,0.0,None
08:19:45.222,Active,410.6,2.4,98.2,11.8,69.4,Yes,0.0,None
08:19:45.657,Active,421.8,2.4,97.1,11.8,69.4,Yes,0.0,None
08:19:46.077,Active,409.5,2.4,98.2,11.8,70.0,Yes,0.0,None
08:19:46.494,Active,407.6,2.4,98.2,11.8,70.0,Yes,0.0,None
08:19:46.908,Active,404.2,2.4,98.2,11.8,71.0,Yes,0.0,None
08:19:47.323,Active,408.6,2.4,98.8,11.8,70.5,Yes,0.0,None
08:19:47.743,Active,409.1,2.4,98.2,11.8,70.0,Yes,0.0,None
08:19:48.160,Active,408.5,2.4,98.8,11.8,70.5,Yes,0.0,None
08:19:48.574,Active,406.3,2.4,98.8,11.8,71.0,Yes,0.0,None
08:19:48.990,Active,410.9,2.4,99.4,11.8,70.0,Yes,0.0,None
08:19:49.404,Active,406.1,2.4,98.8,11.8,71.0,Yes,0.0,None
08:19:49.817,Active,406.6,2.4,98.2,11.8,71.0,Yes,0.0,None
08:19:50.237,Active,411.3,2.4,98.8,11.8,71.0,Yes,0.0,None
08:19:50.672,Active,425.5,2.4,97.7,11.8,71.0,Yes,0.0,None
08:19:51.093,Active,412.8,2.4,98.8,11.8,71.0,Yes,0.0,None
08:19:51.508,Active,408.2,2.4,97.6,11.8,72.2,Yes,0.0,None
08:19:51.925,Active,409.2,2.4,97.6,11.8,71.0,Yes,0.0,None
08:19:52.342,Active,410.1,2.4,99.4,11.8,70.0,Yes,0.0,None
08:19:52.759,Active,411.5,2.4,98.8,11.8,71.0,Yes,0.0,None
08:19:53.181,Active,413.6,2.4,98.2,11.8,71.0,Yes,0.0,None
08:19:53.596,Active,408.7,2.4,98.2,11.8,71.6,Yes,0.0,None
08:19:54.015,Active,411.9,2.4,98.8,11.8,71.0,Yes,0.0,None
08:19:54.441,Active,419.1,2.4,96.4,11.8,71.6,Yes,0.0,None
08:19:54.856,Active,408.8,2.4,98.8,11.8,72.2,Yes,0.0,None
08:19:55.273,Active,410.7,2.4,99.4,11.8,71.0,Yes,0.0,None
08:19:55.704,Active,424.9,2.4,98.8,11.8,71.0,Yes,0.0,None
08:19:56.119,Active,407.4,2.4,98.8,11.9,72.2,Yes,0.0,None
08:19:56.531,Active,406.5,2.4,99.4,11.9,71.0,Yes,0.0,None
08:19:56.948,Active,410.1,2.4,98.8,11.8,71.6,Yes,0.0,None
08:19:57.368,Active,412.2,2.4,97.0,11.8,71.6,Yes,0.0,None
08:19:57.785,Active,407.4,2.4,98.2,11.8,71.6,Yes,0.0,None
08:19:58.212,Active,417.2,2.4,97.1,11.8,71.6,Yes,0.0,None
08:19:58.629,Active,408.4,2.4,98.2,11.8,71.6,Yes,0.0,None
08:19:59.047,Active,408.9,2.4,98.2,11.8,72.7,Yes,0.0,None
08:19:59.462,Active,408.3,2.4,99.4,11.8,71.6,Yes,0.0,None
08:19:59.876,Active,407.6,2.4,99.4,11.8,73.2,Yes,0.0,None
08:20:00.295,Active,410.7,2.4,97.6,11.8,71.6,Yes,0.0,None
08:20:00.810,Active,406.1,2.4,79.4,11.8,71.6,Yes,0.0,None
08:20:01.228,Active,408.9,2.4,98.8,11.8,72.2,Yes,0.0,None
08:20:01.643,Active,407.3,2.4,98.8,11.8,72.2,Yes,0.0,None
08:20:02.063,Active,411.2,2.3,98.2,11.8,71.6,Yes,0.0,None
08:20:02.481,Active,409.8,2.3,98.2,11.8,71.6,Yes,0.0,None
08:20:02.895,Active,407.1,2.3,98.2,11.8,72.2,Yes,0.0,None
08:20:03.339,Active,405.0,2.3,92.1,11.7,72.7,Yes,0.0,None
08:20:03.761,Active,413.1,2.3,97.6,11.7,72.7,Yes,0.0,None
08:20:04.180,Active,409.7,2.3,98.2,11.8,72.2,Yes,0.0,None
08:20:04.595,Active,407.0,2.3,98.2,11.8,72.2,Yes,0.0,None
08:20:05.018,Active,414.8,2.3,98.2,11.8,72.7,Yes,0.0,None
08:20:05.443,Active,418.8,2.3,96.4,11.8,72.2,Yes,0.0,None
08:20:05.904,Active,454.9,2.3,96.2,11.8,72.7,Yes,0.0,None
08:20:06.318,Active,407.0,2.3,99.4,11.8,72.2,Yes,0.0,None
08:20:06.754,Active,426.5,2.3,96.0,11.8,72.2,Yes,0.0,None
08:20:07.175,Active,411.7,2.3,98.2,11.8,72.7,Yes,0.0,None
08:20:07.590,Active,408.3,2.3,98.8,11.8,72.7,Yes,0.0,None
08:20:08.008,Active,411.9,2.3,98.8,11.8,72.7,Yes,0.0,None
08:20:08.427,Active,411.8,2.3,98.2,11.8,72.2,Yes,0.0,None
08:20:08.849,Active,413.5,2.3,97.6,11.8,73.2,Yes,0.0,None
08:20:09.268,Active,409.0,2.3,98.2,11.8,73.2,Yes,0.0,None
08:20:09.681,Active,406.1,2.3,99.4,11.8,73.2,Yes,0.0,None
08:20:10.100,Active,408.9,2.3,98.2,11.8,73.8,Yes,0.0,None
08:20:10.518,Active,407.5,2.4,98.2,11.8,73.2,Yes,0.0,None
08:20:10.947,Active,419.5,2.4,97.7,11.8,72.7,Yes,0.0,None
08:20:11.368,Active,410.8,2.4,98.2,11.8,73.2,Yes,0.0,None
08:20:11.785,Active,407.4,2.4,98.2,11.8,72.7,Yes,0.0,None
08:20:12.204,Active,410.5,2.4,98.2,11.8,73.2,Yes,0.0,None
08:20:12.619,Active,407.3,2.4,98.8,11.8,74.9,Yes,0.0,None
08:20:13.032,Active,405.9,2.4,98.2,11.8,72.7,Yes,0.0,None
08:20:13.467,Active,425.3,2.4,96.0,11.8,73.2,Yes,0.0,None
08:20:13.906,Active,430.4,2.4,95.5,11.8,72.7,Yes,0.0,None
08:20:14.329,Active,413.9,2.4,98.2,11.8,74.9,Yes,0.0,None
08:20:14.752,Active,416.5,2.4,98.2,11.8,73.8,Yes,0.0,None
08:20:15.212,Active,452.9,2.4,94.5,11.8,72.7,Yes,0.0,None
08:20:15.629,Active,409.3,2.4,98.8,11.8,73.2,Yes,0.0,None
08:20:16.057,Active,422.2,2.4,98.2,11.8,73.2,Yes,0.0,None
08:20:16.471,Active,407.5,2.4,98.8,11.8,72.7,Yes,0.0,None
08:20:16.883,Active,406.1,2.4,99.4,11.8,73.8,Yes,0.0,None
08:20:17.300,Active,411.2,2.4,99.4,11.8,73.2,Yes,0.0,None
08:20:17.817,Active,405.1,2.4,78.8,11.8,72.7,Yes,0.0,None
08:20:18.232,Active,408.6,2.4,99.4,11.8,72.7,Yes,0.0,None
08:20:18.650,Active,408.7,2.4,97.6,11.8,73.2,Yes,0.0,None
08:20:19.069,Active,408.8,2.3,98.2,11.8,72.7,Yes,0.0,None
08:20:19.485,Active,407.6,2.3,98.2,11.8,73.2,Yes,0.0,None
08:20:19.912,Active,416.9,2.3,96.5,11.8,73.8,Yes,0.0,None
08:20:20.328,Active,408.9,2.3,98.8,11.8,73.2,Yes,0.0,None
08:20:20.747,Active,411.2,2.3,98.2,11.8,73.2,Yes,0.0,None
08:20:21.186,Active,431.0,2.3,97.7,11.8,73.2,Yes,0.0,None
08:20:21.613,Active,417.4,2.3,97.1,11.8,73.8,Yes,0.0,None
08:20:22.028,Active,408.9,2.3,99.4,11.8,73.8,Yes,0.0,None
08:20:22.449,Active,410.3,2.3,98.2,11.8,73.8,Yes,0.0,None
08:20:22.864,Active,409.2,2.3,98.8,11.8,73.2,Yes,0.0,None
08:20:23.282,Active,410.4,2.4,97.0,11.8,73.8,Yes,0.0,None
08:20:23.700,Active,408.1,2.4,98.2,11.8,73.8,Yes,0.0,None
08:20:24.119,Active,411.3,2.4,97.6,11.8,73.8,Yes,0.0,None
08:20:24.537,Active,409.5,2.4,98.2,11.8,73.2,Yes,0.0,None
08:20:24.952,Active,409.0,2.4,98.8,11.8,74.3,Yes,0.0,None
08:20:25.371,Active,411.8,2.4,98.2,11.8,73.8,Yes,0.0,None
08:20:25.789,Active,409.7,2.4,98.2,11.8,73.8,Yes,0.0,None
08:20:26.248,Active,453.1,2.4,95.6,11.8,73.2,Yes,0.0,None
08:20:26.664,Active,407.4,2.4,98.8,11.8,73.2,Yes,0.0,None
08:20:27.080,Active,409.0,2.4,98.8,11.8,73.8,Yes,0.0,None
08:21:12.519,Active,423.8,23.3,1.1,11.8,55.6,Yes,0.0,None
08:21:12.928,Active,402.6,23.3,100.0,11.8,57.9,Yes,0.0,None
08:21:13.346,Active,410.9,23.3,99.4,11.8,59.0,Yes,0.0,None
08:21:13.759,Active,407.0,23.3,98.8,11.8,59.5,Yes,0.0,None
08:21:14.176,Active,409.4,23.3,98.8,11.8,59.5,Yes,0.0,None
08:21:14.590,Active,408.3,23.3,99.4,11.8,61.1,Yes,0.0,None
08:21:15.009,Active,410.7,23.3,98.8,11.8,61.7,Yes,0.0,None
08:21:15.426,Active,407.8,23.3,97.6,11.8,62.2,Yes,0.0,None
08:21:15.844,Active,408.2,23.3,98.2,11.8,62.8,Yes,0.0,None
08:21:16.262,Active,408.7,23.3,98.2,11.8,63.4,Yes,0.0,None
08:21:16.680,Active,408.1,2.4,98.2,11.8,62.8,Yes,0.0,None
08:21:17.118,Active,426.6,2.4,97.2,11.8,64.5,Yes,0.0,None
08:21:17.535,Active,406.2,2.4,98.2,11.8,64.5,Yes,0.0,None
08:21:17.953,Active,409.3,2.4,97.6,11.8,65.5,Yes,0.0,None
08:21:18.369,Active,409.8,2.4,99.4,11.8,65.0,Yes,0.0,None
08:21:18.785,Active,408.8,2.4,98.2,11.8,65.5,Yes,0.0,None
08:21:19.207,Active,411.4,2.4,98.2,11.8,65.5,Yes,0.0,None
08:21:19.623,Active,407.9,2.4,98.2,11.8,66.1,Yes,0.0,None
08:21:20.045,Active,413.5,2.4,97.6,11.8,66.7,Yes,0.0,None
08:21:20.469,Active,417.9,2.4,97.0,11.8,67.2,Yes,0.0,None
08:21:20.888,Active,409.7,2.4,98.2,11.8,67.2,Yes,0.0,None
08:21:21.304,Active,409.8,2.4,98.8,11.8,67.2,Yes,0.0,None
08:21:21.716,Active,405.4,2.4,98.8,11.8,66.7,Yes,0.0,None
08:21:22.152,Active,430.4,2.4,99.4,11.9,67.2,Yes,0.0,None
08:21:22.583,Active,415.1,2.4,94.8,11.9,67.2,Yes,0.0,None
08:21:22.996,Active,407.4,2.4,99.4,11.9,67.2,Yes,0.0,None
08:21:23.412,Active,409.0,2.4,99.4,11.9,66.7,Yes,0.0,None
08:21:23.829,Active,408.6,2.4,97.0,11.8,67.8,Yes,0.0,None
08:21:24.244,Active,408.7,2.4,99.4,11.8,68.3,Yes,0.0,None
08:21:24.657,Active,407.2,2.4,98.8,11.8,68.8,Yes,0.0,None
08:21:25.074,Active,408.3,2.4,98.2,11.8,68.3,Yes,0.0,None
08:21:25.589,Active,408.0,2.4,79.9,11.8,67.2,Yes,0.0,None
08:21:26.004,Active,408.1,2.4,98.8,11.8,68.3,Yes,0.0,None
08:21:26.425,Active,410.6,2.4,97.6,11.8,68.3,Yes,0.0,None
08:21:26.840,Active,408.1,2.4,98.2,11.8,69.4,Yes,0.0,None
08:21:27.281,Active,433.2,2.4,98.3,11.8,67.8,Yes,0.0,None
08:21:27.697,Active,407.0,2.4,98.2,11.8,68.8,Yes,0.0,None
08:21:28.120,Active,417.0,2.4,99.4,11.8,69.4,Yes,0.0,None
08:21:28.538,Active,407.6,2.4,97.6,11.8,69.4,Yes,0.0,None
08:21:28.953,Active,408.0,2.4,98.8,11.8,70.0,Yes,0.0,None
08:21:29.378,Active,415.1,2.3,97.6,11.8,70.0,Yes,0.0,None
08:21:29.796,Active,408.5,2.3,98.2,11.8,69.4,Yes,0.0,None
08:21:30.210,Active,408.5,2.3,99.4,11.8,70.0,Yes,0.0,None
08:21:30.623,Active,405.2,2.3,98.8,11.8,70.0,Yes,0.0,None
08:21:31.039,Active,409.5,2.3,99.4,11.7,69.4,Yes,0.0,None
08:21:31.457,Active,407.7,2.3,97.6,11.7,70.0,Yes,0.0,None
08:21:31.873,Active,406.8,2.3,98.2,11.7,70.0,Yes,0.0,None
08:21:32.293,Active,410.0,2.3,97.6,11.7,70.0,Yes,0.0,None
08:21:32.713,Active,408.8,2.3,97.6,11.7,70.5,Yes,0.0,None
08:21:33.133,Active,409.9,2.3,98.2,11.8,70.5,Yes,0.0,None
08:21:33.559,Active,416.6,2.4,97.1,11.7,71.0,Yes,0.0,None
08:21:33.977,Active,409.7,2.4,98.8,11.7,70.5,Yes,0.0,None
08:21:34.389,Active,405.2,2.4,98.2,11.7,70.5,Yes,0.0,None
08:21:34.816,Active,415.7,2.4,98.2,11.7,70.0,Yes,0.0,None
08:21:35.232,Active,409.0,2.4,98.8,11.7,70.0,Yes,0.0,None
08:21:35.649,Active,406.7,2.4,98.2,11.7,70.5,Yes,0.0,None
08:21:36.067,Active,408.1,2.4,98.2,11.7,71.6,Yes,0.0,None
08:21:36.485,Active,408.3,2.4,97.6,11.7,71.0,Yes,0.0,None
08:21:36.905,Active,409.5,2.4,98.2,11.7,71.0,Yes,0.0,None
08:21:37.359,Active,446.4,2.4,97.2,11.8,71.6,Yes,0.0,None
08:21:37.779,Active,408.7,2.4,97.0,11.8,70.5,Yes,0.0,None
08:21:38.198,Active,410.8,2.4,98.8,11.8,71.0,Yes,0.0,None
08:21:38.616,Active,408.2,2.4,97.6,11.8,70.5,Yes,0.0,None
08:21:39.032,Active,408.8,2.4,98.8,11.8,71.6,Yes,0.0,None
08:21:39.448,Active,408.4,2.4,98.8,11.8,71.0,Yes,0.0,None
08:21:39.861,Active,405.6,2.4,98.8,11.8,71.6,Yes,0.0,None
08:21:40.275,Active,407.5,2.4,99.4,11.8,71.6,Yes,0.0,None
08:21:40.690,Active,409.5,2.4,99.4,11.8,71.6,Yes,0.0,None
08:21:41.107,Active,407.5,2.4,98.8,11.8,71.6,Yes,0.0,None
08:21:41.526,Active,408.4,2.4,98.2,11.8,71.6,Yes,0.0,None
08:21:41.939,Active,404.8,2.4,98.8,11.8,71.0,Yes,0.0,None
08:21:42.366,Active,420.3,2.4,98.8,11.8,71.6,Yes,0.0,None
08:21:42.789,Active,413.5,2.4,98.2,11.8,72.2,Yes,0.0,None
08:21:43.207,Active,411.2,2.4,98.8,11.8,71.6,Yes,0.0,None
08:21:43.622,Active,407.0,2.4,98.2,11.8,72.2,Yes,0.0,None
08:21:44.035,Active,406.3,2.4,99.4,11.8,72.2,Yes,0.0,None
08:21:44.451,Active,406.8,2.4,98.8,11.8,71.6,Yes,0.0,None
08:21:44.863,Active,405.8,2.4,99.4,11.8,72.2,Yes,0.0,None
08:21:45.278,Active,408.7,2.4,98.8,11.8,72.2,Yes,0.0,None
08:21:45.690,Active,406.0,2.4,99.4,11.7,72.2,Yes,0.0,None
08:21:46.103,Active,406.3,2.4,99.4,11.7,72.2,Yes,0.0,None
08:21:46.518,Active,406.6,2.4,98.8,11.7,72.2,Yes,0.0,None
08:21:46.934,Active,408.3,2.4,99.4,11.7,72.2,Yes,0.0,None
08:21:47.367,Active,422.3,2.4,98.3,11.8,71.6,Yes,0.0,None
08:21:47.780,Active,404.9,2.4,99.4,11.8,73.2,Yes,0.0,None
08:21:48.198,Active,411.1,2.4,99.4,11.8,72.2,Yes,0.0,None
08:21:48.615,Active,409.0,2.4,97.6,11.8,72.2,Yes,0.0,None
08:21:49.035,Active,412.1,2.4,98.8,11.8,72.2,Yes,0.0,None
08:21:49.450,Active,408.9,2.4,98.8,11.8,72.2,Yes,0.0,None
08:21:49.868,Active,411.7,2.4,98.8,11.8,72.2,Yes,0.0,None
08:21:50.286,Active,410.0,2.4,98.2,11.8,72.7,Yes,0.0,None
08:21:50.702,Active,406.9,2.4,98.2,11.8,72.7,Yes,0.0,None
08:21:51.122,Active,409.7,2.4,97.6,11.8,72.2,Yes,0.0,None
08:21:51.540,Active,407.7,2.4,98.2,11.7,72.7,Yes,0.0,None
08:21:51.955,Active,405.4,2.4,98.2,11.8,73.2,Yes,0.0,None
08:21:52.408,Active,442.2,2.4,95.6,11.8,72.2,Yes,0.0,None
08:21:52.825,Active,409.7,2.4,99.4,11.8,72.7,Yes,0.0,None
08:21:53.240,Active,409.1,2.4,98.2,11.8,72.2,Yes,0.0,None
08:21:53.656,Active,408.4,2.4,98.8,11.8,73.2,Yes,0.0,None
08:21:54.095,Active,431.8,2.4,95.4,11.8,72.7,Yes,0.0,None
08:21:54.529,Active,422.9,2.4,94.8,11.8,72.7,Yes,0.0,None
08:21:54.947,Active,409.3,2.4,98.2,11.8,72.7,Yes,0.0,None
08:21:55.364,Active,410.2,2.4,98.8,11.8,72.7,Yes,0.0,None
08:21:55.784,Active,412.2,2.4,98.2,11.8,72.2,Yes,0.0,None
08:21:56.199,Active,407.4,2.4,99.4,11.8,72.7,Yes,0.0,None
08:21:56.615,Active,405.3,2.4,98.2,11.8,73.2,Yes,0.0,None
08:21:57.043,Active,421.6,2.4,97.0,11.8,72.2,Yes,0.0,None
08:21:57.486,Active,434.1,2.4,94.3,11.8,72.7,Yes,0.0,None
08:21:57.919,Active,426.1,2.4,98.8,11.9,72.7,Yes,0.0,None
08:21:58.338,Active,407.6,2.4,97.6,11.9,73.2,Yes,0.0,None
08:21:58.760,Active,411.1,2.4,97.6,11.9,72.7,Yes,0.0,None
08:21:59.173,Active,408.1,2.4,98.8,11.9,73.2,Yes,0.0,None
08:21:59.590,Active,406.9,2.4,98.8,11.9,73.2,Yes,0.0,None
08:22:00.006,Active,408.3,2.4,98.8,11.9,73.2,Yes,0.0,None
08:22:00.423,Active,407.8,2.4,98.2,11.8,73.2,Yes,0.0,None
08:22:00.849,Active,417.5,2.4,97.0,11.8,73.2,Yes,0.0,None
08:22:01.268,Active,410.7,2.4,98.2,11.8,72.2,Yes,0.0,None
08:22:01.681,Active,407.1,2.4,98.8,11.8,73.2,Yes,0.0,None
08:22:02.098,Active,410.5,2.4,99.4,11.8,73.2,Yes,0.0,None
08:22:02.512,Active,408.2,2.4,98.8,11.8,73.2,Yes,0.0,None
08:22:02.923,Active,403.5,2.4,99.4,11.8,73.2,Yes,0.0,None
08:22:03.339,Active,406.0,2.4,98.8,11.8,73.2,Yes,0.0,None
08:22:03.760,Active,409.8,2.4,97.6,11.8,73.2,Yes,0.0,None
08:22:04.181,Active,413.1,2.4,97.6,11.8,73.2,Yes,0.0,None
08:22:04.596,Active,407.4,2.4,98.8,11.8,72.7,Yes,0.0,None
08:22:05.015,Active,411.9,2.4,98.8,11.8,73.8,Yes,0.0,None
08:22:05.426,Active,404.8,2.4,98.8,11.8,73.8,Yes,0.0,None
08:22:05.843,Active,404.1,2.4,98.2,11.8,74.3,Yes,0.0,None
08:22:06.265,Active,411.0,2.4,98.2,11.8,73.8,Yes,0.0,None
08:22:06.683,Active,409.1,2.4,98.2,11.8,73.8,Yes,0.0,None
08:22:07.101,Active,408.8,2.4,98.8,11.8,73.2,Yes,0.0,None
08:22:07.518,Active,407.8,2.4,98.2,11.7,73.8,Yes,0.0,None
08:22:07.966,Active,439.1,2.4,97.8,11.9,73.8,Yes,0.0,None
08:22:08.383,Active,407.0,2.4,98.8,11.9,73.2,Yes,0.0,None
08:22:08.800,Active,407.4,2.4,98.2,11.9,73.2,Yes,0.0,None
08:22:09.221,Active,410.8,2.4,98.2,11.9,74.3,Yes,0.0,None
08:22:09.646,Active,415.1,2.4,97.1,11.9,74.3,Yes,0.0,None
08:22:10.066,Active,410.8,2.4,98.2,11.9,73.2,Yes,0.0,None
08:22:10.484,Active,408.5,2.4,98.2,11.8,74.3,Yes,0.0,None
08:22:10.903,Active,409.4,2.4,97.6,11.9,73.8,Yes,0.0,None
08:22:11.323,Active,410.7,2.4,98.2,11.8,73.8,Yes,0.0,None
08:22:11.749,Active,417.9,2.4,97.6,11.8,74.3,Yes,0.0,None
08:22:12.169,Active,409.7,2.4,98.2,11.9,74.3,Yes,0.0,None
08:22:57.608,Active,425.2,2.4,1.4,11.8,56.2,Yes,0.0,None
08:22:58.024,Active,408.6,2.4,99.4,11.8,58.4,Yes,0.0,None
08:22:58.442,Active,406.2,2.4,98.2,11.8,58.4,Yes,0.0,None
08:22:58.880,Active,428.2,2.4,98.9,11.9,59.5,Yes,0.0,None
08:22:59.299,Active,409.3,2.4,97.6,11.9,60.6,Yes,0.0,None
08:22:59.824,Active,415.9,2.4,78.9,11.9,60.6,Yes,0.0,None
08:23:00.242,Active,410.5,2.4,98.2,11.9,61.1,Yes,0.0,None
08:23:00.661,Active,409.4,2.9,98.2,11.9,61.7,Yes,0.0,None
08:23:01.077,Active,410.5,2.9,98.8,11.8,62.2,Yes,0.0,None
08:23:01.499,Active,412.9,2.9,98.2,11.8,62.8,Yes,0.0,None
08:23:01.914,Active,407.0,2.9,98.2,11.9,65.0,Yes,0.0,None
08:23:02.334,Active,410.0,2.9,97.0,11.8,63.9,Yes,0.0,None
08:23:02.758,Active,414.5,2.9,97.1,11.9,64.5,Yes,0.0,None
08:23:03.178,Active,410.5,2.9,97.0,11.9,63.9,Yes,0.0,None
08:23:03.594,Active,406.6,2.9,98.2,11.9,65.0,Yes,0.0,None
08:23:04.011,Active,407.3,2.9,98.8,11.9,65.0,Yes,0.0,None
08:23:04.424,Active,407.1,2.9,99.4,11.9,66.1,Yes,0.0,None
08:23:04.841,Active,410.3,2.4,98.8,11.8,65.5,Yes,0.0,None
08:23:05.258,Active,410.5,2.4,98.2,11.8,65.5,Yes,0.0,None
08:23:05.673,Active,408.5,2.4,98.2,11.8,66.1,Yes,0.0,None
08:23:06.092,Active,409.5,2.4,98.8,11.8,66.7,Yes,0.0,None
08:23:06.510,Active,407.5,2.4,97.6,11.8,66.7,Yes,0.0,None
08:23:06.927,Active,407.1,2.4,98.2,11.8,67.2,Yes,0.0,None
08:23:07.349,Active,413.0,2.4,97.6,11.8,66.7,Yes,0.0,None
08:23:07.764,Active,408.5,2.4,98.8,11.8,66.7,Yes,0.0,None
08:23:08.182,Active,410.7,2.4,98.2,11.8,67.2,Yes,0.0,None
08:23:08.645,Active,453.3,2.4,95.1,11.8,66.1,Yes,0.0,None
08:23:09.064,Active,412.8,2.4,98.8,11.9,67.2,Yes,0.0,None
08:23:09.479,Active,407.7,2.4,98.8,11.9,67.8,Yes,0.0,None
08:23:09.897,Active,409.4,2.4,98.2,11.8,68.3,Yes,0.0,None
08:23:10.311,Active,407.7,2.4,98.8,11.8,68.3,Yes,0.0,None
08:23:10.727,Active,410.3,2.4,99.4,11.8,68.3,Yes,0.0,None
08:23:11.146,Active,410.7,2.4,97.6,11.8,68.3,Yes,0.0,None
08:23:11.564,Active,408.4,2.4,98.2,11.8,68.8,Yes,0.0,None
08:23:11.979,Active,409.1,2.4,98.8,11.8,68.8,Yes,0.0,None
08:23:12.499,Active,423.2,2.4,80.6,11.8,68.8,Yes,0.0,None
08:23:12.913,Active,407.5,2.4,98.8,11.8,68.8,Yes,0.0,None
08:23:13.327,Active,407.9,2.3,98.8,11.8,69.4,Yes,0.0,None
08:23:13.745,Active,408.4,2.3,98.2,11.8,68.8,Yes,0.0,None
08:23:14.169,Active,417.0,2.3,98.8,11.9,69.4,Yes,0.0,None
08:23:14.596,Active,416.9,2.3,95.9,11.8,69.4,Yes,0.0,None
08:23:15.013,Active,408.9,2.3,98.2,11.8,69.4,Yes,0.0,None
08:23:15.430,Active,407.8,2.3,98.2,11.8,69.4,Yes,0.0,None
08:23:15.847,Active,407.3,2.3,98.2,11.8,69.4,Yes,0.0,None
08:23:16.267,Active,409.8,2.3,98.2,11.8,71.0,Yes,0.0,None
08:23:16.682,Active,407.0,2.3,98.2,11.8,69.4,Yes,0.0,None
08:23:17.100,Active,411.0,2.3,98.8,11.8,70.0,Yes,0.0,None
08:23:17.519,Active,409.5,2.4,98.2,11.8,70.0,Yes,0.0,None
08:23:17.935,Active,406.8,2.4,98.2,11.8,70.5,Yes,0.0,None
08:23:18.354,Active,408.9,2.4,97.6,11.8,70.0,Yes,0.0,None
08:23:18.778,Active,415.9,2.4,98.8,11.8,70.0,Yes,0.0,None
08:23:19.199,Active,410.6,2.4,98.2,11.8,71.0,Yes,0.0,None
08:23:19.615,Active,407.9,2.4,98.8,11.8,70.0,Yes,0.0,None
08:23:20.034,Active,410.9,2.4,98.8,11.8,70.5,Yes,0.0,None
08:23:20.447,Active,407.1,2.4,98.8,11.8,70.5,Yes,0.0,None
08:23:20.861,Active,406.8,2.4,99.4,11.8,71.0,Yes,0.0,None
08:23:21.276,Active,408.9,2.4,98.8,11.8,70.5,Yes,0.0,None
08:23:21.687,Active,404.0,2.4,98.8,11.8,71.6,Yes,0.0,None
08:23:22.102,Active,408.8,2.4,100.0,11.8,71.0,Yes,0.0,None
08:23:22.521,Active,409.5,2.4,97.6,11.8,71.0,Yes,0.0,None
08:23:22.931,Active,404.1,2.4,98.8,11.8,71.0,Yes,0.0,None
08:23:23.349,Active,411.5,2.4,99.4,11.8,71.0,Yes,0.0,None
08:23:23.762,Active,406.9,2.4,98.8,11.8,71.0,Yes,0.0,None
08:23:24.202,Active,430.9,2.4,98.3,11.8,70.5,Yes,0.0,None
08:23:24.620,Active,408.5,2.4,97.0,11.8,71.0,Yes,0.0,None
08:23:25.037,Active,409.5,2.4,98.8,11.8,71.0,Yes,0.0,None
08:23:25.451,Active,408.0,2.4,98.8,11.8,71.6,Yes,0.0,None
08:23:25.868,Active,407.5,2.4,98.2,11.8,71.0,Yes,0.0,None
08:23:26.287,Active,409.4,2.4,97.6,11.8,70.5,Yes,0.0,None
08:23:26.703,Active,407.1,2.4,98.8,11.8,71.6,Yes,0.0,None
08:23:27.122,Active,409.9,2.4,97.6,11.8,70.5,Yes,0.0,None
08:23:27.538,Active,406.8,2.4,98.8,11.8,71.0,Yes,0.0,None
08:23:27.965,Active,416.1,2.4,97.6,11.8,72.2,Yes,0.0,None
08:23:28.386,Active,414.3,2.4,98.2,11.8,72.2,Yes,0.0,None
08:23:28.801,Active,407.6,2.4,98.8,11.8,71.6,Yes,0.0,None
08:23:29.242,Active,431.4,2.4,98.3,11.8,71.6,Yes,0.0,None
08:23:29.662,Active,410.9,2.4,98.2,11.8,71.6,Yes,0.0,None
08:23:30.083,Active,411.9,2.4,97.6,11.9,71.6,Yes,0.0,None
08:23:30.500,Active,408.8,2.4,98.8,11.9,71.6,Yes,0.0,None
08:23:30.915,Active,407.0,2.4,98.2,11.9,71.6,Yes,0.0,None
08:23:31.333,Active,412.0,2.4,99.4,11.9,71.6,Yes,0.0,None
08:23:31.745,Active,405.6,2.4,98.2,11.8,71.6,Yes,0.0,None
08:23:32.160,Active,409.3,2.4,100.0,11.8,71.6,Yes,0.0,None
08:23:32.580,Active,410.5,2.4,97.0,11.8,72.2,Yes,0.0,None
08:23:32.999,Active,410.6,2.4,98.2,11.8,72.2,Yes,0.0,None
08:23:33.430,Active,423.0,2.4,96.0,11.8,70.5,Yes,0.0,None
08:23:33.849,Active,409.8,2.4,98.2,11.8,71.6,Yes,0.0,None
08:23:34.263,Active,408.0,2.4,99.4,11.8,72.2,Yes,0.0,None
08:23:34.682,Active,412.6,2.4,99.4,11.8,71.6,Yes,0.0,None
08:23:35.106,Active,414.2,2.4,97.6,11.8,71.6,Yes,0.0,None
08:23:35.528,Active,408.5,2.4,97.1,11.8,73.2,Yes,0.0,None
08:23:35.944,Active,408.8,2.4,98.2,11.8,72.7,Yes,0.0,None
08:23:36.362,Active,410.1,2.4,98.8,11.8,72.2,Yes,0.0,None
08:23:36.777,Active,405.6,2.4,98.2,11.8,72.7,Yes,0.0,None
08:23:37.196,Active,412.5,2.4,98.8,11.8,72.2,Yes,0.0,None
08:23:37.611,Active,409.0,2.4,98.2,11.8,72.7,Yes,0.0,None
08:23:38.028,Active,408.9,2.4,98.2,11.8,72.7,Yes,0.0,None
08:23:38.443,Active,407.5,2.4,99.4,11.8,72.7,Yes,0.0,None
08:23:38.854,Active,405.5,2.4,99.4,11.8,72.7,Yes,0.0,None
08:23:39.311,Active,450.4,2.4,97.8,11.8,71.6,Yes,0.0,None
08:23:39.738,Active,417.5,2.4,96.5,11.8,72.7,Yes,0.0,None
08:23:40.151,Active,406.5,2.4,99.4,11.8,72.2,Yes,0.0,None
08:23:40.566,Active,408.6,2.4,98.8,11.8,72.2,Yes,0.0,None
08:23:40.984,Active,411.0,2.4,98.8,11.8,73.2,Yes,0.0,None
08:23:41.400,Active,408.8,2.4,98.8,11.8,72.7,Yes,0.0,None
08:23:41.916,Active,407.2,2.4,79.1,11.8,72.2,Yes,0.0,None
08:23:42.333,Active,409.2,2.4,98.8,11.8,72.2,Yes,0.0,None
08:23:42.747,Active,407.7,2.3,98.8,11.8,72.2,Yes,0.0,None
08:23:43.167,Active,411.4,2.3,98.2,11.8,72.7,Yes,0.0,None
08:23:43.586,Active,412.2,2.3,98.2,11.8,73.2,Yes,0.0,None
08:23:44.022,Active,426.7,2.3,94.9,11.8,72.2,Yes,0.0,None
08:23:44.448,Active,416.5,2.3,98.2,11.8,72.7,Yes,0.0,None
08:23:44.889,Active,433.2,2.3,95.5,11.8,72.7,Yes,0.0,None
08:23:45.316,Active,421.2,2.3,96.5,11.8,72.7,Yes,0.0,None
08:23:45.745,Active,422.1,2.3,96.5,11.8,72.7,Yes,0.0,None
08:23:46.164,Active,409.8,2.3,98.2,11.8,72.7,Yes,0.0,None
08:23:46.604,Active,432.2,2.3,95.4,11.8,71.0,Yes,0.0,None
08:23:47.024,Active,412.9,2.3,97.6,11.8,72.7,Yes,0.0,None
08:23:47.439,Active,408.3,2.3,98.8,11.8,73.8,Yes,0.0,None
08:23:47.856,Active,408.5,2.3,98.8,11.8,71.6,Yes,0.0,None
08:23:48.284,Active,420.6,2.3,96.5,11.7,72.7,Yes,0.0,None
08:23:48.704,Active,412.3,2.3,98.8,11.8,73.2,Yes,0.0,None
08:23:49.122,Active,411.0,2.3,98.8,11.8,73.2,Yes,0.0,None
08:23:49.551,Active,422.5,2.3,98.2,11.8,73.2,Yes,0.0,None
08:23:49.969,Active,408.2,2.3,98.2,11.8,73.2,Yes,0.0,None
08:23:50.383,Active,407.1,2.3,99.4,11.8,73.2,Yes,0.0,None
08:23:50.795,Active,406.0,2.3,99.4,11.8,72.7,Yes,0.0,None
08:23:51.211,Active,410.0,2.4,99.4,11.8,73.8,Yes,0.0,None
08:23:51.623,Active,405.9,2.4,99.4,11.8,73.2,Yes,0.0,None
08:23:52.035,Active,406.6,2.4,99.4,11.8,72.7,Yes,0.0,None
08:23:52.470,Active,426.3,2.4,96.0,11.8,73.8,Yes,0.0,None
08:23:52.913,Active,433.6,2.4,93.8,11.8,73.2,Yes,0.0,None
08:23:53.332,Active,412.6,2.4,98.8,11.8,73.8,Yes,0.0,None
08:23:53.763,Active,423.5,2.4,95.3,11.8,73.2,Yes,0.0,None
08:23:54.180,Active,408.3,2.4,98.8,11.8,73.8,Yes,0.0,None
08:23:54.617,Active,429.4,2.4,97.7,11.8,73.2,Yes,0.0,None
08:23:55.031,Active,408.1,2.4,98.8,11.8,73.8,Yes,0.0,None
08:23:55.454,Active,414.5,2.4,97.6,11.8,74.3,Yes,0.0,None
08:23:55.868,Active,407.3,2.4,98.8,11.8,73.8,Yes,0.0,None
08:23:56.287,Active,409.5,2.4,98.2,11.8,73.2,Yes,0.0,None
08:23:56.704,Active,408.6,2.4,98.2,11.8,74.3,Yes,0.0,None
08:23:57.121,Active,409.1,2.4,98.8,11.8,73.2,Yes,0.0,None
08:23:57.535,Active,408.5,2.4,98.8,11.8,73.2,Yes,0.0,None
08:24:42.978,Active,426.4,2.4,1.1,11.9,55.6,Yes,0.0,None
08:24:43.388,Active,404.1,2.4,100.0,11.9,58.4,Yes,0.0,None
08:24:43.802,Active,407.0,2.4,99.4,11.9,58.4,Yes,0.0,None
08:24:44.215,Active,406.6,2.4,99.4,11.9,60.0,Yes,0.0,None
08:24:44.627,Active,405.9,4.8,99.4,11.9,60.6,Yes,0.0,None
08:24:45.044,Active,410.6,4.8,100.0,11.9,60.6,Yes,0.0,None
08:24:45.467,Active,417.7,4.8,98.8,11.9,61.7,Yes,0.0,None
08:24:45.880,Active,406.0,4.8,98.8,11.9,62.8,Yes,0.0,None
08:24:46.300,Active,410.2,4.8,97.6,11.9,62.8,Yes,0.0,None
08:24:46.715,Active,407.6,4.8,98.8,11.9,63.4,Yes,0.0,None
08:24:47.131,Active,407.9,4.8,98.8,11.9,63.4,Yes,0.0,None
08:24:47.546,Active,407.7,4.8,98.8,11.9,63.9,Yes,0.0,None
08:24:47.965,Active,408.6,4.8,97.0,11.9,64.5,Yes,0.0,None
08:24:48.383,Active,407.6,4.8,97.6,11.9,65.0,Yes,0.0,None
08:24:48.800,Active,408.0,2.4,98.8,11.9,65.0,Yes,0.0,None
08:24:49.217,Active,411.7,2.4,98.8,11.8,65.5,Yes,0.0,None
08:24:49.633,Active,408.5,2.4,98.2,11.8,65.5,Yes,0.0,None
08:24:50.048,Active,408.3,2.4,99.4,11.8,65.5,Yes,0.0,None
08:24:50.482,Active,423.5,2.4,97.7,11.9,66.7,Yes,0.0,None
08:24:50.903,Active,412.0,2.4,97.6,11.9,66.7,Yes,0.0,None
08:24:51.321,Active,408.3,2.4,98.2,11.9,67.2,Yes,0.0,None
08:24:51.741,Active,410.2,2.4,97.0,11.9,67.2,Yes,0.0,None
08:24:52.161,Active,409.0,2.4,98.2,11.9,67.2,Yes,0.0,None
08:24:52.572,Active,405.5,2.4,98.2,11.9,66.1,Yes,0.0,None
08:24:52.989,Active,409.1,2.4,98.8,11.9,67.8,Yes,0.0,None
08:24:53.404,Active,408.4,2.4,98.8,11.9,68.3,Yes,0.0,None
08:24:53.819,Active,407.4,2.4,98.8,11.9,67.8,Yes,0.0,None
08:24:54.234,Active,409.3,2.4,99.4,11.9,68.8,Yes,0.0,None
08:24:54.651,Active,409.4,2.4,98.2,11.8,68.8,Yes,0.0,None
08:24:55.068,Active,408.5,2.4,98.8,11.8,68.8,Yes,0.0,None
08:24:55.509,Active,431.6,2.4,97.2,11.9,68.8,Yes,0.0,None
08:24:55.925,Active,410.0,2.4,99.4,11.9,68.3,Yes,0.0,None
08:24:56.351,Active,416.3,2.4,96.5,11.9,70.5,Yes,0.0,None
08:24:56.769,Active,409.8,2.4,98.8,11.9,68.8,Yes,0.0,None
08:24:57.193,Active,417.4,2.4,98.2,11.9,68.8,Yes,0.0,None
08:24:57.605,Active,406.4,2.4,98.2,11.8,70.5,Yes,0.0,None
08:24:58.025,Active,411.3,2.4,97.6,11.9,69.4,Yes,0.0,None
08:24:58.442,Active,410.3,2.4,99.4,11.9,69.4,Yes,0.0,None
08:24:58.857,Active,408.9,2.4,98.8,11.8,70.0,Yes,0.0,None
08:24:59.273,Active,409.4,2.4,98.8,11.8,70.0,Yes,0.0,None
08:24:59.687,Active,407.6,2.4,98.8,11.8,70.5,Yes,0.0,None
08:25:00.108,Active,412.6,2.4,98.2,11.8,70.5,Yes,0.0,None
08:25:00.535,Active,420.6,2.4,98.3,11.8,70.0,Yes,0.0,None
08:25:00.981,Active,437.8,2.4,95.4,11.8,69.4,Yes,0.0,None
08:25:01.397,Active,409.4,2.4,98.8,11.8,70.0,Yes,0.0,None
08:25:01.813,Active,409.5,2.4,98.2,11.8,70.5,Yes,0.0,None
08:25:02.229,Active,409.6,2.4,98.2,11.8,70.5,Yes,0.0,None
08:25:02.648,Active,409.5,2.4,98.2,11.8,70.5,Yes,0.0,None
08:25:03.068,Active,414.6,2.4,98.8,11.8,70.0,Yes,0.0,None
08:25:03.481,Active,407.0,2.4,98.2,11.8,70.5,Yes,0.0,None
08:25:03.895,Active,407.4,2.4,99.4,11.8,70.5,Yes,0.0,None
08:25:04.311,Active,408.1,2.4,98.8,11.8,71.6,Yes,0.0,None
08:25:04.723,Active,405.9,2.4,98.8,11.8,70.5,Yes,0.0,None
08:25:05.143,Active,411.1,2.4,98.8,11.8,71.0,Yes,0.0,None
08:25:05.565,Active,409.4,2.4,97.0,11.8,71.0,Yes,0.0,None
08:25:06.000,Active,428.7,2.4,97.7,11.8,71.0,Yes,0.0,None
08:25:06.443,Active,435.8,2.4,96.0,11.8,72.2,Yes,0.0,None
08:25:06.871,Active,419.5,2.4,97.7,11.8,71.0,Yes,0.0,None
08:25:07.292,Active,413.0,2.4,97.6,11.8,72.2,Yes,0.0,None
08:25:07.709,Active,406.9,2.4,98.2,11.8,71.0,Yes,0.0,None
08:25:08.125,Active,409.5,2.4,98.8,11.8,71.0,Yes,0.0,None
08:25:08.538,Active,407.1,2.4,98.8,11.8,71.6,Yes,0.0,None
08:25:08.957,Active,409.5,2.4,97.6,11.8,71.6,Yes,0.0,None
08:25:09.373,Active,410.1,2.4,98.2,11.7,71.6,Yes,0.0,None
08:25:09.788,Active,408.5,2.4,98.8,11.7,70.0,Yes,0.0,None
08:25:10.208,Active,412.9,2.4,98.8,11.7,73.2,Yes,0.0,None
08:25:10.650,Active,434.2,2.4,97.7,11.8,71.0,Yes,0.0,None
08:25:11.068,Active,408.6,2.4,98.2,11.8,71.0,Yes,0.0,None
08:25:11.483,Active,407.8,2.4,98.8,11.8,71.0,Yes,0.0,None
08:25:11.904,Active,412.4,2.4,97.6,11.8,72.2,Yes,0.0,None
08:25:12.322,Active,410.9,2.4,99.4,11.8,71.6,Yes,0.0,None
08:25:12.736,Active,407.7,2.4,98.8,11.8,72.2,Yes,0.0,None
08:25:13.157,Active,413.9,2.4,99.4,11.8,72.2,Yes,0.0,None
08:25:13.572,Active,408.5,2.4,98.8,11.8,72.2,Yes,0.0,None
08:25:13.991,Active,411.7,2.4,98.8,11.8,72.2,Yes,0.0,None
08:25:14.433,Active,433.8,2.4,94.3,11.8,72.2,Yes,0.0,None
08:25:14.864,Active,424.9,2.4,96.5,11.8,72.2,Yes,0.0,None
08:25:15.288,Active,417.6,2.4,97.0,11.8,72.2,Yes,0.0,None
08:25:15.717,Active,422.6,2.4,97.1,11.8,72.2,Yes,0.0,None
08:25:16.145,Active,419.2,2.4,98.3,11.8,72.7,Yes,0.0,None
08:25:16.565,Active,410.7,2.4,97.6,11.8,72.7,Yes,0.0,None
08:25:16.982,Active,410.9,2.4,98.2,11.8,72.7,Yes,0.0,None
08:25:17.398,Active,406.3,2.4,98.2,11.8,72.2,Yes,0.0,None
08:25:17.919,Active,414.6,2.4,79.2,11.8,71.6,Yes,0.0,None
08:25:18.335,Active,409.1,2.3,98.2,11.8,72.7,Yes,0.0,None
08:25:18.751,Active,405.0,2.3,97.0,11.8,72.2,Yes,0.0,None
08:25:19.168,Active,405.1,2.3,98.2,11.8,72.7,Yes,0.0,None
08:25:19.585,Active,409.6,2.3,98.8,11.8,72.2,Yes,0.0,None
08:25:20.004,Active,412.4,2.3,98.8,11.8,72.2,Yes,0.0,None
08:25:20.417,Active,405.9,2.3,98.2,11.8,72.7,Yes,0.0,None
08:25:20.849,Active,420.5,2.3,97.7,11.8,73.2,Yes,0.0,None
08:25:21.267,Active,411.3,2.3,98.8,11.8,72.7,Yes,0.0,None
08:25:21.685,Active,408.7,2.3,98.2,11.8,73.2,Yes,0.0,None
08:25:22.103,Active,409.7,2.3,98.2,11.8,72.7,Yes,0.0,None
08:25:22.521,Active,407.9,2.4,98.2,11.8,73.2,Yes,0.0,None
08:25:22.941,Active,411.1,2.4,97.6,11.8,73.2,Yes,0.0,None
08:25:23.353,Active,405.5,2.4,98.8,11.8,73.2,Yes,0.0,None
08:25:23.764,Active,405.1,2.4,99.4,11.8,73.2,Yes,0.0,None
08:25:24.184,Active,409.4,2.4,98.8,11.8,73.8,Yes,0.0,None
08:25:24.599,Active,406.6,2.4,98.2,11.7,72.7,Yes,0.0,None
08:25:25.017,Active,410.4,2.4,98.8,11.8,72.7,Yes,0.0,None
08:25:25.431,Active,408.1,2.4,98.8,11.8,73.2,Yes,0.0,None
08:25:25.867,Active,429.1,2.4,98.3,11.8,72.7,Yes,0.0,None
08:25:26.293,Active,417.8,2.4,97.0,11.8,73.2,Yes,0.0,None
08:25:26.710,Active,409.9,2.4,97.0,11.8,73.2,Yes,0.0,None
08:25:27.132,Active,412.6,2.4,98.2,11.8,74.3,Yes,0.0,None
08:25:27.558,Active,418.6,2.4,95.9,11.8,73.2,Yes,0.0,None
08:25:27.978,Active,409.8,2.4,97.6,11.8,72.7,Yes,0.0,None
08:25:28.412,Active,420.5,2.4,97.1,11.8,73.2,Yes,0.0,None
08:25:28.842,Active,422.2,2.4,95.3,11.8,73.2,Yes,0.0,None
08:25:29.258,Active,407.8,2.4,98.8,11.8,73.8,Yes,0.0,None
08:25:29.678,Active,409.2,2.4,97.6,11.8,73.8,Yes,0.0,None
08:25:30.101,Active,412.9,2.4,98.2,11.8,73.2,Yes,0.0,None
08:25:30.516,Active,408.3,2.4,98.2,11.8,73.8,Yes,0.0,None
08:25:30.935,Active,408.8,2.4,98.2,11.8,73.8,Yes,0.0,None
08:25:31.365,Active,422.8,2.4,97.7,11.8,73.8,Yes,0.0,None
08:25:31.785,Active,410.8,2.4,98.2,11.8,73.2,Yes,0.0,None
08:25:32.203,Active,411.1,2.4,98.2,11.8,73.8,Yes,0.0,None
08:25:32.620,Active,408.0,2.4,98.2,11.8,73.8,Yes,0.0,None
08:25:33.038,Active,407.6,2.4,98.2,11.8,74.9,Yes,0.0,None
08:25:33.456,Active,408.4,2.4,98.2,11.8,75.5,Yes,0.0,None
08:25:33.872,Active,408.7,2.4,98.8,11.8,73.8,Yes,0.0,None
08:25:34.287,Active,407.7,2.4,98.8,11.8,74.3,Yes,0.0,None
08:25:34.711,Active,418.1,2.4,98.8,11.8,73.8,Yes,0.0,None
08:25:35.130,Active,411.9,2.4,98.2,11.8,74.3,Yes,0.0,None
08:25:35.551,Active,407.5,2.4,97.6,11.8,73.2,Yes,0.0,None
08:25:35.967,Active,409.4,2.4,98.8,11.8,73.8,Yes,0.0,None
08:25:36.382,Active,405.6,2.4,98.8,11.8,74.9,Yes,0.0,None
08:25:36.801,Active,409.0,2.4,98.2,11.8,74.3,Yes,0.0,None
08:25:37.221,Active,411.0,2.4,97.6,11.8,73.8,Yes,0.0,None
08:25:37.634,Active,407.0,2.4,99.4,11.7,73.8,Yes,0.0,None
08:25:38.054,Active,409.3,2.4,97.6,11.7,74.3,Yes,0.0,None
08:25:38.472,Active,408.1,2.4,98.2,11.7,74.3,Yes,0.0,None
08:25:38.884,Active,406.9,2.4,99.4,11.7,74.3,Yes,0.0,None
08:25:39.304,Active,412.8,2.4,98.8,11.7,74.3,Yes,0.0,None
08:25:39.819,Active,406.9,2.4,79.2,11.7,73.8,Yes,0.0,None
08:25:40.239,Active,409.0,2.4,98.2,11.7,74.9,Yes,0.0,None
08:25:40.657,Active,408.2,2.4,98.2,11.7,74.3,Yes,0.0,None
08:25:41.108,Active,441.8,2.4,97.2,11.8,73.8,Yes,0.0,None
08:25:41.523,Active,407.4,2.4,98.8,11.8,73.8,Yes,0.0,None
08:25:41.940,Active,408.1,2.4,98.8,11.8,73.2,Yes,0.0,None
08:25:42.357,Active,410.8,2.4,98.8,11.8,73.8,Yes,0.0,None
08:25:42.772,Active,408.0,2.4,99.4,11.8,74.9,Yes,0.0,None
08:26:28.206,Active,420.5,2.4,1.4,11.9,57.3,Yes,0.0,None
08:26:28.621,Active,406.7,11.9,99.4,11.9,58.4,Yes,0.0,None
08:26:29.037,Active,408.8,11.9,98.2,11.9,59.5,Yes,0.0,None
08:26:29.455,Active,408.8,11.9,97.6,11.8,60.6,Yes,0.0,None
08:26:29.870,Active,406.3,11.9,98.8,11.8,60.0,Yes,0.0,None
08:26:30.289,Active,409.3,11.9,98.2,11.8,62.2,Yes,0.0,None
08:26:30.704,Active,408.8,11.9,98.8,11.8,61.7,Yes,0.0,None
08:26:31.123,Active,411.6,11.9,97.6,11.8,63.4,Yes,0.0,None
08:26:31.539,Active,408.1,11.9,98.2,11.8,63.4,Yes,0.0,None
08:26:31.960,Active,408.2,11.9,97.6,11.8,63.9,Yes,0.0,None
08:26:32.398,Active,430.2,11.9,98.8,11.8,65.0,Yes,0.0,None
08:26:32.813,Active,409.5,2.4,99.4,11.8,65.0,Yes,0.0,None
08:26:33.246,Active,425.8,2.4,96.0,11.8,65.0,Yes,0.0,None
08:26:33.665,Active,409.3,2.4,98.2,11.8,67.2,Yes,0.0,None
08:26:34.200,Active,425.3,2.4,78.0,11.8,65.5,Yes,0.0,None
08:26:34.621,Active,413.6,2.4,97.6,11.8,67.2,Yes,0.0,None
08:26:35.037,Active,409.5,2.4,98.2,11.8,67.2,Yes,0.0,None
08:26:35.451,Active,407.1,2.4,98.8,11.8,67.2,Yes,0.0,None
08:26:35.866,Active,407.6,2.4,98.8,11.8,66.7,Yes,0.0,None
08:26:36.281,Active,408.9,2.4,98.8,11.8,67.8,Yes,0.0,None
08:26:36.697,Active,409.0,2.4,98.8,11.8,67.8,Yes,0.0,None
08:26:37.117,Active,412.3,2.3,98.2,11.8,68.3,Yes,0.0,None
08:26:37.532,Active,407.4,2.3,98.2,11.8,67.8,Yes,0.0,None
08:26:37.953,Active,411.2,2.3,98.2,11.8,68.3,Yes,0.0,None
08:26:38.370,Active,409.1,2.3,98.2,11.8,68.8,Yes,0.0,None
08:26:38.783,Active,407.4,2.3,99.4,11.8,68.3,Yes,0.0,None
08:26:39.199,Active,408.8,2.3,98.8,11.8,69.4,Yes,0.0,None
08:26:39.615,Active,406.1,2.3,97.6,11.8,68.8,Yes,0.0,None
08:26:40.034,Active,409.6,2.3,98.2,11.8,69.4,Yes,0.0,None
08:26:40.452,Active,407.7,2.3,98.2,11.8,69.4,Yes,0.0,None
08:26:40.872,Active,412.6,2.3,97.6,11.8,69.4,Yes,0.0,None
08:26:41.289,Active,409.0,2.4,98.8,11.8,69.4,Yes,0.0,None
08:26:41.704,Active,408.5,2.4,98.8,11.8,70.0,Yes,0.0,None
08:26:42.183,Active,471.7,2.4,94.2,11.8,70.0,Yes,0.0,None
08:26:42.599,Active,407.5,2.4,98.2,11.8,70.0,Yes,0.0,None
08:26:43.016,Active,408.9,2.4,98.8,11.8,70.0,Yes,0.0,None
08:26:43.436,Active,407.8,2.4,97.6,11.8,70.5,Yes,0.0,None
08:26:43.853,Active,407.3,2.4,98.2,11.8,70.0,Yes,0.0,None
08:26:44.267,Active,407.2,2.4,98.8,11.8,70.0,Yes,0.0,None
08:26:44.685,Active,407.7,2.4,98.2,11.8,70.5,Yes,0.0,None
08:26:45.102,Active,410.6,2.4,98.2,11.8,71.0,Yes,0.0,None
08:26:45.524,Active,412.1,2.4,98.2,11.8,70.5,Yes,0.0,None
08:26:45.939,Active,408.9,2.4,98.2,11.8,70.5,Yes,0.0,None
08:26:46.360,Active,411.8,2.4,98.2,11.8,71.0,Yes,0.0,None
08:26:46.775,Active,407.9,2.4,98.2,11.8,71.0,Yes,0.0,None
08:26:47.195,Active,410.0,2.4,98.2,11.8,71.6,Yes,0.0,None
08:26:47.741,Active,434.1,2.4,77.7,11.8,71.0,Yes,0.0,None
08:26:48.165,Active,417.9,2.4,97.6,11.8,70.5,Yes,0.0,None
08:26:48.579,Active,407.8,2.4,98.8,11.8,71.6,Yes,0.0,None
08:26:48.997,Active,411.5,2.4,98.8,11.8,71.6,Yes,0.0,None
08:26:49.415,Active,411.8,2.4,98.2,11.8,71.6,Yes,0.0,None
08:26:49.831,Active,407.8,2.3,97.6,11.8,71.6,Yes,0.0,None
08:26:50.249,Active,409.7,2.3,98.8,11.8,72.2,Yes,0.0,None
08:26:50.667,Active,408.3,2.3,98.2,11.8,72.2,Yes,0.0,None
08:26:51.087,Active,411.7,2.3,97.6,11.8,72.2,Yes,0.0,None
08:26:51.505,Active,409.4,2.3,97.6,11.8,71.6,Yes,0.0,None
08:26:51.921,Active,405.6,2.3,98.2,11.8,72.7,Yes,0.0,None
08:26:52.351,Active,424.1,2.3,99.4,11.8,71.0,Yes,0.0,None
08:26:52.766,Active,406.2,2.3,98.8,11.8,72.2,Yes,0.0,None
08:26:53.180,Active,408.3,2.3,99.4,11.8,72.7,Yes,0.0,None
08:26:53.592,Active,406.1,2.3,100.0,11.8,73.2,Yes,0.0,None
08:26:54.011,Active,411.4,2.4,98.8,11.8,72.2,Yes,0.0,None
08:26:54.426,Active,409.1,2.4,98.8,11.8,73.2,Yes,0.0,None
08:26:54.842,Active,406.9,2.4,98.2,11.8,72.7,Yes,0.0,None
08:26:55.261,Active,409.1,2.4,98.2,11.8,72.2,Yes,0.0,None
08:26:55.676,Active,408.7,2.4,98.8,11.8,73.2,Yes,0.0,None
08:26:56.107,Active,423.9,2.4,96.5,11.8,73.2,Yes,0.0,None
08:26:56.531,Active,415.6,2.4,97.0,11.8,72.7,Yes,0.0,None
08:26:56.953,Active,410.0,2.4,97.0,11.8,72.7,Yes,0.0,None
08:26:57.449,Active,489.6,2.4,91.9,11.8,72.7,Yes,0.0,None
08:26:57.865,Active,409.1,2.4,99.4,11.8,72.2,Yes,0.0,None
08:26:58.287,Active,414.9,2.3,98.8,11.8,72.7,Yes,0.0,None
08:26:58.705,Active,412.5,2.3,98.8,11.8,72.7,Yes,0.0,None
08:26:59.123,Active,411.5,2.3,98.2,11.8,73.2,Yes,0.0,None
08:26:59.541,Active,407.4,2.3,97.6,11.8,73.2,Yes,0.0,None
08:26:59.956,Active,408.3,2.3,98.8,11.8,72.7,Yes,0.0,None
08:27:00.379,Active,416.0,2.3,97.0,11.8,73.2,Yes,0.0,None
08:27:00.802,Active,414.8,2.3,97.6,11.8,73.2,Yes,0.0,None
08:27:01.227,Active,415.9,2.3,97.6,11.8,72.7,Yes,0.0,None
08:27:01.643,Active,410.0,2.3,99.4,11.8,73.2,Yes,0.0,None
08:27:02.064,Active,412.6,2.3,97.6,11.8,73.8,Yes,0.0,None
08:27:02.478,Active,407.3,2.4,98.8,11.7,73.8,Yes,0.0,None
08:27:02.908,Active,424.0,2.4,98.8,11.8,73.2,Yes,0.0,None
08:27:03.323,Active,407.7,2.4,98.8,11.8,73.8,Yes,0.0,None
08:27:03.735,Active,405.5,2.4,99.4,11.8,73.2,Yes,0.0,None
08:27:04.151,Active,407.2,2.4,99.4,11.9,73.8,Yes,0.0,None
08:27:04.568,Active,405.8,2.4,98.2,11.8,73.8,Yes,0.0,None
08:27:04.985,Active,410.9,2.4,99.4,11.8,73.2,Yes,0.0,None
08:27:05.398,Active,406.6,2.4,98.8,11.8,73.8,Yes,0.0,None
08:27:05.911,Active,406.5,2.4,79.8,11.8,73.2,Yes,0.0,None
08:27:06.335,Active,411.8,2.4,97.6,11.8,73.8,Yes,0.0,None
08:27:06.751,Active,409.3,2.3,98.2,11.8,73.2,Yes,0.0,None
08:27:07.171,Active,412.9,2.3,98.8,11.8,74.3,Yes,0.0,None
08:27:07.600,Active,423.0,2.3,96.5,11.8,73.8,Yes,0.0,None
08:27:08.020,Active,413.4,2.3,98.8,11.8,73.8,Yes,0.0,None
08:27:08.437,Active,409.4,2.3,98.2,11.8,73.8,Yes,0.0,None
08:27:08.851,Active,407.8,2.3,98.8,11.8,73.8,Yes,0.0,None
08:27:09.269,Active,410.7,2.3,98.8,11.8,74.3,Yes,0.0,None
08:27:09.686,Active,409.4,2.3,97.6,11.8,74.3,Yes,0.0,None
08:27:10.117,Active,421.7,2.3,96.5,11.8,73.8,Yes,0.0,None
08:27:10.540,Active,416.9,2.3,96.4,11.8,73.8,Yes,0.0,None
08:27:10.958,Active,410.2,2.4,98.8,11.8,74.3,Yes,0.0,None
08:27:11.377,Active,409.4,2.4,98.2,11.7,73.8,Yes,0.0,None
08:27:11.791,Active,408.2,2.4,98.8,11.7,73.8,Yes,0.0,None
08:27:12.217,Active,417.3,2.4,97.6,11.8,73.8,Yes,0.0,None
08:27:12.669,Active,445.4,2.4,97.2,11.8,73.8,Yes,0.0,None
08:27:13.085,Active,410.0,2.4,98.8,11.9,73.8,Yes,0.0,None
08:27:13.501,Active,409.6,2.4,98.8,11.9,74.3,Yes,0.0,None
08:27:13.920,Active,413.4,2.4,98.2,11.9,74.3,Yes,0.0,None
08:27:14.340,Active,413.1,2.4,98.2,11.9,74.9,Yes,0.0,None
08:27:14.759,Active,410.2,2.4,97.6,11.9,73.8,Yes,0.0,None
08:27:15.185,Active,417.3,2.4,97.6,11.9,74.3,Yes,0.0,None
08:27:15.599,Active,407.6,2.4,98.8,11.8,74.3,Yes,0.0,None
08:27:16.018,Active,410.8,2.4,98.2,11.8,74.3,Yes,0.0,None
08:27:16.440,Active,412.4,2.4,97.6,11.8,74.3,Yes,0.0,None
08:27:16.856,Active,409.4,2.4,98.8,11.8,74.3,Yes,0.0,None
08:27:17.276,Active,413.0,2.4,98.2,11.8,73.8,Yes,0.0,None
08:27:17.698,Active,415.3,2.4,98.2,11.8,74.9,Yes,0.0,None
08:27:18.139,Active,431.1,2.4,96.6,11.8,74.9,Yes,0.0,None
08:27:18.556,Active,408.6,2.4,98.2,11.8,74.9,Yes,0.0,None
08:27:18.971,Active,408.0,2.4,98.8,11.8,73.8,Yes,0.0,None
08:27:19.390,Active,410.2,2.4,98.2,11.8,75.5,Yes,0.0,None
08:27:19.804,Active,407.9,2.4,98.8,11.8,74.9,Yes,0.0,None
08:27:20.219,Active,407.4,2.4,98.8,11.8,74.3,Yes,0.0,None
08:27:20.631,Active,405.9,2.4,99.4,11.8,74.9,Yes,0.0,None
08:27:21.046,Active,409.4,2.4,99.4,11.8,74.9,Yes,0.0,None
08:27:21.462,Active,406.1,2.4,98.2,11.8,74.3,Yes,0.0,None
08:27:21.875,Active,406.5,2.4,99.4,11.8,74.3,Yes,0.0,None
08:27:22.287,Active,406.3,2.4,99.4,11.7,74.9,Yes,0.0,None
08:27:22.703,Active,403.8,2.4,98.8,11.8,74.9,Yes,0.0,None
08:27:23.135,Active,424.0,2.4,98.9,11.8,75.5,Yes,0.0,None
08:27:23.556,Active,410.6,2.4,98.2,11.8,74.9,Yes,0.0,None
08:27:23.971,Active,409.0,2.4,98.2,11.8,74.9,Yes,0.0,None
08:27:24.397,Active,417.2,2.4,97.1,11.8,74.9,Yes,0.0,None
08:27:24.823,Active,420.2,2.4,97.1,11.8,74.9,Yes,0.0,None
08:27:25.243,Active,410.4,2.4,98.2,11.8,74.9,Yes,0.0,None
08:27:25.662,Active,408.5,2.4,97.6,11.8,74.9,Yes,0.0,None
08:27:26.081,Active,409.5,2.4,98.2,11.8,74.9,Yes,0.0,None
08:27:26.496,Active,408.5,2.4,98.2,11.8,75.5,Yes,0.0,None
08:27:26.911,Active,407.2,2.4,98.8,11.8,74.9,Yes,0.0,None
08:27:27.340,Active,420.6,2.4,96.5,11.8,74.9,Yes,0.0,None
08:27:27.755,Active,407.7,2.4,98.2,11.8,75.5,Yes,0.0,None
08:27:28.189,Active,425.6,2.4,98.8,11.8,74.9,Yes,0.0,None
08:28:13.668,Active,465.5,2.4,1.3,11.8,56.8,Yes,0.0,None
08:28:14.093,Active,414.0,2.4,97.6,11.8,58.4,Yes,0.0,None
08:28:14.513,Active,410.3,2.4,97.6,11.8,60.0,Yes,0.3041343092918396,Leaf Rot
08:28:14.928,Active,408.6,2.4,98.2,11.8,60.6,Yes,0.0,None
08:28:15.344,Active,408.9,2.4,98.8,11.8,61.7,Yes,0.33844780921936035,Leaf Rot
08:28:15.761,Active,410.0,2.4,98.8,11.8,62.8,Yes,0.0,None
08:28:16.177,Active,409.6,2.4,98.2,11.8,62.8,Yes,0.0,None
08:28:16.594,Active,411.0,2.4,98.8,11.8,63.4,Yes,0.0,None
08:28:17.013,Active,409.9,2.6,98.2,11.8,63.9,Yes,0.0,None
08:28:17.429,Active,409.7,2.6,99.4,11.8,64.5,Yes,0.0,None
08:28:17.842,Active,407.3,2.6,98.2,11.8,65.0,Yes,0.0,None
08:28:18.260,Active,408.6,2.6,98.8,11.8,66.1,Yes,0.0,None
08:28:18.677,Active,408.4,2.6,98.8,11.8,66.1,Yes,0.0,None
08:28:19.106,Active,422.5,2.6,98.3,11.8,66.1,Yes,0.32378819584846497,Leaf Rot
08:28:19.521,Active,405.9,2.6,98.2,11.8,66.1,Yes,0.0,None
08:28:19.935,Active,404.8,2.6,98.8,11.8,67.8,Yes,0.0,None
08:28:20.355,Active,409.0,2.6,98.2,11.8,67.2,Yes,0.0,None
08:28:20.768,Active,406.6,2.6,99.4,11.8,67.8,Yes,0.3605140149593353,Leaf Rot
08:28:21.187,Active,411.9,2.4,98.8,11.8,67.8,Yes,0.0,None
08:28:21.608,Active,412.5,2.4,97.6,11.8,68.3,Yes,0.0,None
08:28:22.028,Active,412.4,2.4,98.8,11.8,68.3,Yes,0.0,None
08:28:22.444,Active,408.7,2.4,98.2,11.8,68.3,Yes,0.0,None
08:28:22.860,Active,408.5,2.4,98.2,11.8,68.3,Yes,0.0,None
08:28:23.274,Active,407.2,2.4,99.4,11.7,69.4,Yes,0.0,None
08:28:23.688,Active,406.2,2.4,98.8,11.7,69.4,Yes,0.0,None
08:28:24.122,Active,423.7,2.4,98.3,11.8,68.8,Yes,0.0,None
08:28:24.535,Active,406.9,2.4,99.4,11.8,70.0,Yes,0.0,None
08:28:24.944,Active,403.7,2.4,99.4,11.8,69.4,Yes,0.0,None
08:28:25.360,Active,408.7,2.4,99.4,11.8,69.4,Yes,0.3396826982498169,Leaf Rot
08:28:25.783,Active,415.7,2.4,97.0,11.8,69.4,Yes,0.3284109830856323,Leaf Rot
08:28:26.201,Active,409.8,2.4,98.2,11.8,68.8,Yes,0.0,None
08:28:26.620,Active,408.6,2.4,98.2,11.8,70.5,Yes,0.0,None
08:28:27.037,Active,409.5,2.4,98.2,11.8,70.5,Yes,0.0,None
08:28:27.449,Active,405.9,2.4,99.4,11.8,71.0,Yes,0.0,None
08:28:27.865,Active,409.4,2.4,98.8,11.8,71.0,Yes,0.0,None
08:28:28.283,Active,410.6,2.4,98.2,11.8,70.5,Yes,0.0,None
08:28:28.704,Active,408.9,2.4,98.2,11.8,71.0,Yes,0.33619678020477295,Leaf Rot
08:28:29.141,Active,429.6,2.4,97.7,11.8,71.0,Yes,0.0,None
08:28:29.558,Active,408.6,2.4,97.6,11.8,71.6,Yes,0.0,None
08:28:29.974,Active,407.7,2.4,98.8,11.8,71.0,Yes,0.0,None
08:28:30.392,Active,408.3,2.4,98.2,11.8,71.0,Yes,0.0,None
08:28:30.809,Active,410.8,2.4,98.2,11.8,71.6,Yes,0.0,None
08:28:31.226,Active,410.7,2.4,98.2,11.8,72.2,Yes,0.0,None
08:28:31.642,Active,406.5,2.4,98.8,11.7,71.6,Yes,0.0,None
08:28:32.062,Active,410.3,2.4,98.2,11.7,72.2,Yes,0.0,None
08:28:32.476,Active,405.0,2.4,98.2,11.7,73.8,Yes,0.0,None
08:28:32.894,Active,410.4,2.4,98.8,11.8,71.6,Yes,0.3346903324127197,Leaf Rot
08:28:33.310,Active,409.4,2.4,97.6,11.8,72.2,Yes,0.0,None
08:28:33.725,Active,408.8,2.4,98.8,11.8,72.2,Yes,0.0,None
08:28:34.163,Active,431.4,2.4,98.3,11.9,72.2,Yes,0.0,None
08:28:34.580,Active,408.6,2.4,98.2,11.9,72.2,Yes,0.0,None
08:28:34.996,Active,408.8,2.4,98.8,11.9,72.7,Yes,0.0,None
08:28:35.412,Active,408.8,2.4,99.4,11.9,72.7,Yes,0.0,None
08:28:35.832,Active,413.0,2.4,98.2,11.9,73.2,Yes,0.0,None
08:28:36.250,Active,410.8,2.4,98.8,11.9,72.7,Yes,0.0,None
08:28:36.681,Active,421.7,2.4,95.9,11.9,72.7,Yes,0.0,None
08:28:37.100,Active,412.4,2.4,98.8,11.9,72.7,Yes,0.0,None
08:28:37.532,Active,425.0,2.4,95.9,11.9,72.7,Yes,0.0,None
08:28:37.947,Active,408.0,2.4,98.8,11.9,72.7,Yes,0.0,None
08:28:38.366,Active,412.4,2.4,98.8,11.9,73.2,Yes,0.0,None
08:28:38.781,Active,407.8,2.4,98.2,11.9,72.7,Yes,0.0,None
08:28:39.203,Active,412.6,2.4,98.2,11.9,73.8,Yes,0.36831218004226685,Leaf Rot
08:28:39.621,Active,412.5,2.4,97.6,11.8,72.7,Yes,0.0,None
08:28:40.041,Active,410.2,2.4,98.2,11.8,73.2,Yes,0.0,None
08:28:40.460,Active,410.2,2.4,98.2,11.8,73.2,Yes,0.0,None
08:28:40.872,Active,405.2,2.4,98.8,11.8,73.8,Yes,0.0,None
08:28:41.291,Active,407.8,2.4,98.2,11.8,74.3,Yes,0.0,None
08:28:41.704,Active,407.4,2.4,99.4,11.8,73.2,Yes,0.0,None
08:28:42.125,Active,413.2,2.4,98.8,11.8,73.2,Yes,0.41376858949661255,Leaf Rot
08:28:42.536,Active,404.5,2.4,98.8,11.8,73.2,Yes,0.0,None
08:28:42.947,Active,405.6,2.4,99.4,11.8,74.3,Yes,0.0,None
08:28:43.361,Active,407.9,2.4,99.4,11.8,73.8,Yes,0.0,None
08:28:43.781,Active,413.6,2.4,98.8,11.8,73.8,Yes,0.0,None
08:28:44.236,Active,449.1,2.4,98.4,11.8,73.2,Yes,0.0,None
08:28:44.680,Active,434.6,2.4,93.7,11.9,73.8,Yes,0.0,None
08:28:45.098,Active,410.4,2.4,98.2,11.9,73.2,Yes,0.0,None
08:28:45.513,Active,409.4,2.4,99.4,11.9,73.2,Yes,0.0,None
08:28:45.929,Active,409.7,2.4,98.2,11.9,73.8,Yes,0.0,None
08:28:46.345,Active,410.3,2.4,98.8,11.9,73.8,Yes,0.0,None
08:28:46.761,Active,406.7,2.4,98.2,11.9,74.3,Yes,0.0,None
08:28:47.176,Active,408.7,2.4,98.8,11.9,74.3,Yes,0.0,None
08:28:47.591,Active,407.7,2.4,99.4,11.8,74.3,Yes,0.0,None
08:28:48.013,Active,416.4,2.4,97.6,11.8,75.5,Yes,0.0,None
08:28:48.433,Active,409.7,2.4,98.2,11.8,74.3,Yes,0.0,None
08:28:48.849,Active,409.3,2.4,98.8,11.8,75.5,Yes,0.0,None
08:28:49.281,Active,426.6,2.4,97.1,11.8,74.3,Yes,0.0,None
08:28:49.700,Active,407.6,2.4,98.2,11.8,72.7,Yes,0.0,None
08:28:50.115,Active,407.4,2.4,98.8,11.8,74.9,Yes,0.0,None
08:28:50.531,Active,410.4,2.4,99.4,11.8,74.3,Yes,0.3085213899612427,Leaf Rot
08:28:50.946,Active,408.6,2.4,98.8,11.8,74.9,Yes,0.0,None
08:28:51.363,Active,409.5,2.4,98.2,11.8,74.9,Yes,0.0,None
08:28:51.778,Active,406.6,2.4,98.8,11.8,74.3,Yes,0.0,None
08:28:52.197,Active,409.5,2.4,98.2,11.8,74.3,Yes,0.0,None
08:28:52.612,Active,409.1,2.4,98.2,11.8,74.9,Yes,0.0,None
08:28:53.035,Active,414.3,2.4,98.2,11.8,74.3,Yes,0.4162304401397705,Leaf Rot
08:28:53.457,Active,409.5,2.4,97.6,11.8,74.9,Yes,0.0,None
08:28:53.879,Active,415.1,2.4,97.6,11.8,74.3,Yes,0.0,None
08:28:54.306,Active,421.3,2.4,97.6,11.8,73.8,Yes,0.0,None
08:28:54.726,Active,410.1,2.4,98.2,11.8,74.9,Yes,0.0,None
08:28:55.148,Active,411.6,2.4,98.2,11.8,74.3,Yes,0.0,None
08:28:55.564,Active,408.9,2.4,98.2,11.8,74.9,Yes,0.0,None
08:28:55.983,Active,411.4,2.4,98.2,11.8,75.5,Yes,0.3041090965270996,Leaf Rot
08:28:56.396,Active,407.1,2.4,98.2,11.8,74.9,Yes,0.0,None
08:28:56.844,Active,441.1,2.4,94.4,11.8,74.9,Yes,0.0,None
08:28:57.272,Active,420.4,2.4,97.1,11.8,74.9,Yes,0.0,None
08:28:57.686,Active,407.0,2.4,98.2,11.8,75.5,Yes,0.0,None
08:28:58.104,Active,411.4,2.4,98.8,11.8,74.9,Yes,0.0,None
08:28:58.544,Active,433.6,2.4,94.9,11.8,76.0,Yes,0.0,None
08:28:58.962,Active,410.8,2.4,98.2,11.8,75.5,Yes,0.0,None
08:28:59.403,Active,434.1,2.4,97.7,11.8,74.9,Yes,0.0,None
08:28:59.917,Active,407.9,2.4,79.3,11.9,74.3,Yes,0.0,None
08:29:00.336,Active,409.5,2.4,98.2,11.9,75.5,Yes,0.0,None
08:29:00.754,Active,407.8,2.4,98.2,11.9,75.5,Yes,0.0,None
08:29:01.172,Active,409.1,2.4,97.6,11.9,74.9,Yes,0.0,None
08:29:01.591,Active,409.4,2.4,98.2,11.9,74.9,Yes,0.3709108531475067,Leaf Rot
08:29:02.008,Active,409.6,2.4,98.2,11.9,75.5,Yes,0.0,None
08:29:02.427,Active,408.9,2.4,97.6,11.8,74.3,Yes,0.0,None
08:29:02.844,Active,408.8,2.4,98.8,11.8,75.5,Yes,0.0,None
08:29:03.364,Active,414.0,2.3,78.4,11.8,74.9,Yes,0.0,None
08:29:03.784,Active,408.3,2.3,97.6,11.8,74.9,Yes,0.0,None
08:29:04.202,Active,412.2,2.3,98.8,11.8,75.5,Yes,0.0,None
08:29:04.644,Active,434.1,2.3,98.3,11.8,74.9,Yes,0.32096678018569946,Leaf Rot
08:29:05.062,Active,409.9,2.3,98.2,11.8,75.5,Yes,0.0,None
08:29:05.479,Active,407.7,2.3,97.6,11.8,73.8,Yes,0.0,None
08:29:05.900,Active,408.4,2.3,97.6,11.8,76.0,Yes,0.0,None
08:29:06.318,Active,409.2,2.3,98.2,11.8,74.9,Yes,0.0,None
08:29:06.734,Active,406.7,2.3,98.2,11.8,75.5,Yes,0.0,None
08:29:07.155,Active,410.4,2.3,97.0,11.8,75.5,Yes,0.0,None
08:29:07.569,Active,406.1,2.4,98.2,11.8,75.5,Yes,0.0,None
08:29:07.990,Active,411.9,2.4,97.6,11.8,74.3,Yes,0.43636083602905273,Leaf Rot
08:29:08.407,Active,407.7,2.4,98.2,11.8,74.9,Yes,0.0,None
08:29:08.825,Active,408.3,2.4,98.2,11.8,75.5,Yes,0.0,None
08:29:09.243,Active,410.2,2.4,98.2,11.8,75.5,Yes,0.0,None
08:29:09.661,Active,409.3,2.4,98.8,11.8,75.5,Yes,0.0,None
08:29:10.079,Active,411.3,2.4,98.2,11.8,75.5,Yes,0.0,None
08:29:10.493,Active,408.1,2.4,99.4,11.8,76.0,Yes,0.0,None
08:29:10.909,Active,409.0,2.4,98.2,11.8,76.5,Yes,0.0,None
08:29:11.324,Active,409.0,2.4,98.8,11.8,75.5,Yes,0.0,None
08:29:11.741,Active,409.3,2.4,98.8,11.8,76.0,Yes,0.0,None
08:29:12.165,Active,417.8,2.4,97.0,11.8,76.0,Yes,0.0,None
08:29:12.599,Active,427.9,2.4,96.0,11.8,77.1,Yes,0.43357565999031067,Leaf Rot
08:29:13.035,Active,427.1,2.4,96.0,11.8,76.0,Yes,0.0,None
08:29:13.449,Active,407.9,2.4,98.2,11.8,76.0,Yes,0.3028629720211029,Leaf Rot
08:29:58.881,Active,418.6,2.4,1.3,11.8,57.3,Yes,0.0,None
08:29:59.301,Active,414.2,2.4,98.8,11.8,59.5,Yes,0.3765988349914551,Leaf Rot
08:29:59.721,Active,413.5,2.4,97.0,11.8,60.6,Yes,0.0,None
08:30:00.136,Active,408.7,2.4,98.8,11.9,61.1,Yes,0.0,None
08:30:00.594,Active,451.8,2.4,95.6,11.9,62.8,Yes,0.3089120388031006,Leaf Rot
08:30:01.014,Active,413.0,3.9,98.8,11.9,62.8,Yes,0.0,None
08:30:01.448,Active,427.6,3.9,94.9,11.9,63.4,Yes,0.0,None
08:30:01.864,Active,408.4,3.9,98.8,11.9,64.5,Yes,0.0,None
08:30:02.280,Active,408.8,3.9,99.4,11.9,64.5,Yes,0.0,None
08:30:02.697,Active,409.7,3.9,98.2,11.9,65.0,Yes,0.31644558906555176,Leaf Rot
08:30:03.116,Active,412.8,3.9,98.8,11.9,66.1,Yes,0.0,None
08:30:03.530,Active,408.4,3.9,98.2,11.8,66.1,Yes,0.0,None
08:30:03.948,Active,407.6,3.9,98.2,11.9,67.2,Yes,0.0,None
08:30:04.365,Active,409.7,3.9,98.2,11.9,68.3,Yes,0.0,None
08:30:04.788,Active,416.6,3.9,97.0,11.9,67.2,Yes,0.0,None
08:30:05.208,Active,412.4,2.4,98.2,11.8,67.2,Yes,0.0,None
08:30:05.646,Active,432.0,2.4,98.9,11.9,67.8,Yes,0.4386161267757416,Leaf Rot
08:30:06.064,Active,409.6,2.4,98.2,11.9,68.8,Yes,0.0,None
08:30:06.478,Active,406.6,2.4,98.2,11.9,68.3,Yes,0.0,None
08:30:06.893,Active,409.1,2.4,99.4,11.9,68.8,Yes,0.0,None
08:30:07.313,Active,414.5,2.4,98.2,11.9,69.4,Yes,0.31812965869903564,Leaf Rot
08:30:07.758,Active,434.0,2.4,94.9,11.9,68.8,Yes,0.0,None
08:30:08.181,Active,415.2,2.4,97.0,11.9,69.4,Yes,0.0,None
08:30:08.596,Active,408.9,2.4,98.8,11.9,70.0,Yes,0.0,None
08:30:09.016,Active,412.5,2.4,98.8,11.9,70.0,Yes,0.0,None
08:30:09.433,Active,411.3,2.4,98.8,11.9,70.0,Yes,0.0,None
08:30:09.857,Active,418.2,2.4,96.4,11.9,71.0,Yes,0.0,None
08:30:10.279,Active,412.6,2.4,97.6,11.9,71.0,Yes,0.0,None
08:30:10.722,Active,434.4,2.4,94.9,11.9,71.0,Yes,0.0,None
08:30:11.145,Active,413.7,2.4,97.1,11.9,71.0,Yes,0.0,None
08:30:11.558,Active,407.0,2.4,98.8,11.9,71.0,Yes,0.0,None
08:30:11.977,Active,409.7,2.4,98.2,11.8,71.0,Yes,0.35816287994384766,Leaf Rot
08:30:12.394,Active,410.2,2.4,98.8,11.8,70.5,Yes,0.34899529814720154,Leaf Rot
08:30:12.813,Active,409.9,2.4,98.2,11.8,71.6,Yes,0.0,None
08:30:13.229,Active,409.8,2.4,98.8,11.8,71.6,Yes,0.0,None
08:30:13.645,Active,408.9,2.4,98.8,11.8,71.6,Yes,0.3773776590824127,Leaf Rot
08:30:14.068,Active,416.3,2.4,98.2,11.8,71.0,Yes,0.0,None
08:30:14.485,Active,411.4,2.4,97.6,11.8,71.0,Yes,0.0,None
08:30:14.899,Active,408.1,2.4,98.8,11.8,71.6,Yes,0.0,None
08:30:15.317,Active,409.3,2.4,98.8,11.8,71.6,Yes,0.0,None
08:30:15.768,Active,444.8,2.4,98.3,11.8,72.2,Yes,0.0,None
08:30:16.185,Active,411.0,2.4,98.2,11.9,72.2,Yes,0.0,None
08:30:16.602,Active,408.4,2.4,98.8,11.9,72.7,Yes,0.0,None
08:30:17.023,Active,411.3,2.4,98.2,11.9,72.2,Yes,0.0,None
08:30:17.444,Active,412.4,2.4,97.6,11.9,72.2,Yes,0.0,None
08:30:17.866,Active,414.3,2.4,97.6,11.9,72.2,Yes,0.0,None
08:30:18.285,Active,412.8,2.4,97.6,11.8,73.2,Yes,0.0,None
08:30:18.698,Active,406.9,2.4,98.2,11.8,71.6,Yes,0.0,None
08:30:19.120,Active,412.6,2.4,98.2,11.8,72.7,Yes,0.0,None
08:30:19.535,Active,407.3,2.4,98.2,11.8,73.2,Yes,0.0,None
08:30:19.946,Active,405.4,2.4,99.4,11.8,73.2,Yes,0.0,None
08:30:20.362,Active,410.1,2.4,99.4,11.8,72.7,Yes,0.0,None
08:30:20.787,Active,418.5,2.4,98.8,11.8,72.7,Yes,0.0,None
08:30:21.209,Active,413.9,2.4,98.2,11.8,73.8,Yes,0.0,None
08:30:21.623,Active,407.9,2.4,98.2,11.8,72.7,Yes,0.0,None
08:30:22.042,Active,410.4,2.4,98.8,11.8,73.8,Yes,0.0,None
08:30:22.458,Active,408.4,2.4,97.6,11.8,73.2,Yes,0.0,None
08:30:22.876,Active,409.0,2.4,97.6,11.8,73.2,Yes,0.38730892539024353,Leaf Rot
08:30:23.297,Active,413.2,2.4,98.2,11.8,73.8,Yes,0.0,None
08:30:23.710,Active,406.3,2.4,98.8,11.8,73.8,Yes,0.0,None
08:30:24.128,Active,408.3,2.4,98.2,11.8,73.8,Yes,0.0,None
08:30:24.547,Active,409.6,2.4,98.2,11.8,73.8,Yes,0.0,None
08:30:24.964,Active,408.1,2.4,98.2,11.8,74.3,Yes,0.0,None
08:30:25.378,Active,408.2,2.4,98.8,11.8,74.3,Yes,0.0,None
08:30:25.804,Active,420.0,2.4,99.4,11.8,73.8,Yes,0.0,None
08:30:26.229,Active,418.0,2.4,98.2,11.8,73.8,Yes,0.31810253858566284,Leaf Rot
08:30:26.645,Active,408.8,2.4,98.2,11.8,73.8,Yes,0.30741286277770996,Leaf Rot
08:30:27.064,Active,408.9,2.4,97.6,11.8,73.8,Yes,0.0,None
08:30:27.480,Active,407.2,2.4,98.8,11.8,74.3,Yes,0.0,None
08:30:27.898,Active,408.7,2.4,98.2,11.8,74.9,Yes,0.32144463062286377,Leaf Rot
08:30:28.317,Active,409.3,2.4,98.2,11.8,74.9,Yes,0.0,None
08:30:28.733,Active,409.2,2.4,98.8,11.8,74.3,Yes,0.3569028973579407,Leaf Rot
08:30:29.156,Active,417.6,2.4,98.2,11.8,74.3,Yes,0.0,None
08:30:29.573,Active,405.3,2.4,97.6,11.8,73.8,Yes,0.0,None
08:30:29.991,Active,409.1,2.4,98.8,11.8,74.9,Yes,0.4091571867465973,Leaf Rot
08:30:30.404,Active,407.6,2.4,98.8,11.8,74.3,Yes,0.0,None
08:30:30.840,Active,426.7,2.4,97.7,11.8,74.3,Yes,0.0,None
08:30:31.259,Active,410.3,2.4,97.6,11.8,74.9,Yes,0.0,None
08:30:31.674,Active,407.1,2.4,98.2,11.8,74.9,Yes,0.0,None
08:30:32.111,Active,427.7,2.4,95.9,11.8,75.5,Yes,0.303208589553833,Leaf Rot
08:30:32.540,Active,420.3,2.4,96.5,11.8,74.9,Yes,0.0,None
08:30:32.956,Active,410.8,2.4,98.8,11.8,74.9,Yes,0.0,None
08:30:33.372,Active,409.0,2.4,98.2,11.7,74.3,Yes,0.0,None
08:30:33.794,Active,412.0,2.4,98.2,11.7,74.3,Yes,0.32864925265312195,Leaf Rot
08:30:34.221,Active,420.2,2.4,96.5,11.7,74.9,Yes,0.0,None
08:30:34.635,Active,407.9,2.4,98.8,11.8,75.5,Yes,0.0,None
08:30:35.047,Active,405.4,2.4,98.8,11.8,75.5,Yes,0.0,None
08:30:35.460,Active,405.8,2.4,99.4,11.8,74.9,Yes,0.0,None
08:30:35.873,Active,406.9,2.4,99.4,11.7,75.5,Yes,0.0,None
08:30:36.312,Active,433.0,2.4,98.3,11.8,75.5,Yes,0.0,None
08:30:36.730,Active,411.0,2.4,98.8,11.8,74.3,Yes,0.0,None
08:30:37.148,Active,411.1,2.4,98.2,11.9,75.5,Yes,0.0,None
08:30:37.566,Active,409.5,2.4,98.2,11.9,75.5,Yes,0.3576730191707611,Leaf Rot
08:30:37.984,Active,409.5,2.4,98.2,11.9,74.9,Yes,0.0,None
08:30:38.401,Active,407.7,2.4,97.6,11.9,76.0,Yes,0.0,None
08:30:38.815,Active,407.9,2.4,99.4,11.9,75.5,Yes,0.0,None
08:30:39.236,Active,411.3,2.4,97.6,11.8,75.5,Yes,0.0,None
08:30:39.651,Active,407.5,2.4,98.2,11.8,76.0,Yes,0.0,None
08:30:40.069,Active,410.6,2.4,99.4,11.8,74.9,Yes,0.0,None
08:30:40.484,Active,407.0,2.4,98.8,11.8,74.9,Yes,0.0,None
08:30:40.900,Active,409.9,2.4,98.8,11.8,76.0,Yes,0.0,None
08:30:41.321,Active,413.0,2.4,98.2,11.8,75.5,Yes,0.0,None
08:30:41.739,Active,411.7,2.4,98.2,11.8,75.5,Yes,0.0,None
08:30:42.156,Active,410.9,2.4,99.4,11.8,76.0,Yes,0.0,None
08:30:42.568,Active,404.4,2.4,98.8,11.8,76.5,Yes,0.0,None
08:30:42.984,Active,408.4,2.4,98.8,11.8,74.9,Yes,0.0,None
08:30:43.396,Active,405.1,2.4,99.4,11.8,76.5,Yes,0.0,None
08:30:43.808,Active,405.7,2.4,99.4,11.8,76.0,Yes,0.0,None
08:30:44.225,Active,411.2,2.4,99.4,11.8,75.5,Yes,0.0,None
08:30:44.641,Active,406.8,2.4,98.8,11.8,76.0,Yes,0.0,None
08:30:45.060,Active,412.3,2.4,98.8,11.8,75.5,Yes,0.0,None
08:30:45.489,Active,422.6,2.4,96.5,11.8,76.0,Yes,0.0,None
08:30:45.903,Active,407.4,2.4,98.2,11.7,75.5,Yes,0.0,None
08:30:46.375,Active,462.1,2.4,94.7,11.9,75.5,Yes,0.0,None
08:30:46.791,Active,408.6,2.4,98.8,11.9,76.0,Yes,0.33422309160232544,Leaf Rot
08:30:47.210,Active,407.1,2.4,97.6,11.9,75.5,Yes,0.0,None
08:30:47.624,Active,406.3,2.4,98.8,11.9,76.5,Yes,0.33156949281692505,Leaf Rot
08:30:48.040,Active,406.5,2.4,98.8,11.9,77.1,Yes,0.0,None
08:30:48.455,Active,409.1,2.4,98.8,11.9,77.1,Yes,0.42122966051101685,Leaf Rot
08:30:48.867,Active,406.1,2.4,99.4,11.9,76.0,Yes,0.30551186203956604,Leaf Rot
08:30:49.283,Active,410.0,2.4,98.8,11.9,77.1,Yes,0.0,None
08:30:49.698,Active,406.8,2.4,98.2,11.9,75.5,Yes,0.0,None
08:30:50.116,Active,411.6,2.4,98.8,11.9,76.0,Yes,0.0,None
08:30:50.529,Active,407.1,2.4,98.8,11.9,76.0,Yes,0.0,None
08:30:50.941,Active,405.5,2.4,98.8,11.9,76.0,Yes,0.0,None
08:30:51.373,Active,423.4,2.4,98.8,11.9,76.5,Yes,0.0,None
08:30:51.787,Active,408.0,2.4,98.2,11.9,76.0,Yes,0.0,None
08:30:52.204,Active,410.5,2.4,99.4,11.8,76.5,Yes,0.0,None
08:30:52.623,Active,412.0,2.4,98.2,11.8,75.5,Yes,0.0,None
08:30:53.040,Active,408.6,2.4,98.2,11.8,77.1,Yes,0.0,None
08:30:53.460,Active,412.5,2.4,98.2,11.8,76.5,Yes,0.33078211545944214,Leaf Rot
08:30:53.878,Active,410.8,2.4,98.2,11.8,76.0,Yes,0.43478599190711975,Leaf Rot
08:30:54.312,Active,426.6,2.4,96.0,11.8,76.0,Yes,0.0,None
08:30:54.726,Active,406.3,2.4,98.8,11.8,76.5,Yes,0.0,None
08:30:55.140,Active,407.5,2.4,99.4,11.8,77.7,Yes,0.0,None
08:30:55.553,Active,407.6,2.4,99.4,11.8,76.0,Yes,0.0,None
08:30:55.968,Active,408.7,2.4,98.8,11.8,77.1,Yes,0.0,None
08:30:56.395,Active,419.4,2.4,98.2,11.8,77.1,Yes,0.0,None
08:30:56.811,Active,407.5,2.4,98.2,11.8,77.1,Yes,0.0,None
08:30:57.261,Active,441.5,2.4,94.4,11.8,75.5,Yes,0.0,None
08:30:57.675,Active,406.8,2.4,98.8,11.8,76.0,Yes,0.3073287904262543,Leaf Rot
08:30:58.093,Active,409.4,2.4,98.2,11.8,76.0,Yes,0.0,None
08:30:58.507,Active,408.0,2.4,98.8,11.8,76.5,Yes,0.0,None
08:31:43.949,Active,428.5,2.4,1.3,11.8,58.4,Yes,0.0,None
08:31:44.365,Active,409.8,2.4,98.8,11.8,59.5,Yes,0.0,None
08:31:44.782,Active,407.5,7.9,98.2,11.8,61.1,Yes,0.0,None
08:31:45.202,Active,411.4,7.9,98.2,11.8,62.2,Yes,0.0,None
08:31:45.648,Active,436.2,7.9,94.4,11.8,63.4,Yes,0.0,None
08:31:46.070,Active,412.9,7.9,97.0,11.8,63.9,Yes,0.3160293698310852,Leaf Rot
08:31:46.501,Active,421.7,7.9,95.4,11.8,63.4,Yes,0.0,None
08:31:47.021,Active,411.2,7.9,79.7,11.8,65.5,Yes,0.0,None
08:31:47.467,Active,438.8,7.9,97.8,11.9,65.0,Yes,0.0,None
08:31:47.886,Active,410.3,7.9,98.2,11.9,65.5,Yes,0.0,None
08:31:48.304,Active,409.1,7.9,97.6,11.9,66.7,Yes,0.0,None
08:31:48.723,Active,409.1,7.9,98.2,11.9,67.2,Yes,0.0,None
08:31:49.146,Active,412.3,2.3,97.6,11.9,67.2,Yes,0.40923014283180237,Leaf Rot
08:31:49.564,Active,408.5,2.3,97.6,11.9,67.8,Yes,0.0,None
08:31:49.981,Active,410.0,2.3,98.8,11.9,67.8,Yes,0.0,None
08:31:50.395,Active,408.5,2.3,98.8,11.9,67.8,Yes,0.35011452436447144,Leaf Rot
08:31:50.809,Active,406.3,2.3,98.8,11.8,68.8,Yes,0.0,None
08:31:51.223,Active,407.9,2.3,98.8,11.8,68.3,Yes,0.0,None
08:31:51.641,Active,411.0,2.3,98.8,11.8,68.8,Yes,0.0,None
08:31:52.057,Active,410.1,2.3,98.2,11.8,68.8,Yes,0.0,None
08:31:52.483,Active,419.0,2.3,98.2,11.8,70.0,Yes,0.37933382391929626,Leaf Rot
08:31:52.901,Active,410.0,2.3,97.6,11.8,69.4,Yes,0.0,None
08:31:53.316,Active,409.1,2.4,98.8,11.8,70.5,Yes,0.0,None
08:31:53.732,Active,408.5,2.4,98.8,11.8,70.5,Yes,0.0,None
08:31:54.150,Active,411.7,2.4,98.8,11.8,70.0,Yes,0.0,None
08:31:54.568,Active,408.5,2.4,98.2,11.8,70.0,Yes,0.0,None
08:31:54.996,Active,420.2,2.4,98.2,11.8,70.5,Yes,0.0,None
08:31:55.409,Active,407.7,2.4,98.8,11.8,70.5,Yes,0.0,None
08:31:55.825,Active,410.1,2.4,99.4,11.8,71.6,Yes,0.0,None
08:31:56.253,Active,418.2,2.4,97.1,11.8,71.0,Yes,0.3852088749408722,Leaf Rot
08:31:56.667,Active,405.1,2.4,98.2,11.8,71.6,Yes,0.0,None
08:31:57.086,Active,408.7,2.4,98.8,11.8,72.2,Yes,0.0,None
08:31:57.518,Active,422.2,2.4,98.2,11.8,71.6,Yes,0.0,None
08:31:57.934,Active,410.6,2.4,98.2,11.8,72.2,Yes,0.0,None
08:31:58.355,Active,411.3,2.4,98.2,11.8,71.6,Yes,0.0,None
08:31:58.774,Active,409.4,2.4,98.2,11.8,72.2,Yes,0.0,None
08:31:59.197,Active,413.7,2.4,98.2,11.8,72.2,Yes,0.3151266276836395,Leaf Rot
08:31:59.615,Active,409.9,2.4,98.2,11.8,72.2,Yes,0.0,None
08:32:00.035,Active,410.5,2.4,97.6,11.8,72.7,Yes,0.0,None
08:32:00.453,Active,411.0,2.4,99.4,11.8,72.7,Yes,0.0,None
08:32:00.871,Active,409.5,2.4,97.6,11.8,72.7,Yes,0.0,None
08:32:01.295,Active,414.0,2.4,98.2,11.8,72.7,Yes,0.0,None
08:32:01.711,Active,408.6,2.4,98.2,11.8,72.7,Yes,0.0,None
08:32:02.130,Active,413.6,2.4,98.2,11.8,72.2,Yes,0.0,None
08:32:02.567,Active,427.7,2.4,97.7,11.8,72.7,Yes,0.0,None
08:32:02.981,Active,406.2,2.4,98.8,11.8,73.2,Yes,0.0,None
08:32:03.396,Active,408.1,2.4,99.4,11.8,72.7,Yes,0.0,None
08:32:03.810,Active,407.3,2.4,98.8,11.8,72.7,Yes,0.0,None
08:32:04.232,Active,411.9,2.4,98.2,11.8,73.2,Yes,0.0,None
08:32:04.647,Active,407.4,2.4,98.8,11.8,73.8,Yes,0.0,None
08:32:05.062,Active,409.4,2.4,99.4,11.8,73.8,Yes,0.0,None
08:32:05.479,Active,407.6,2.4,97.6,11.8,73.8,Yes,0.0,None
08:32:05.894,Active,406.0,2.4,98.2,11.8,72.7,Yes,0.0,None
08:32:06.308,Active,408.8,2.4,99.4,11.8,73.2,Yes,0.0,None
08:32:06.721,Active,405.2,2.4,98.8,11.8,73.8,Yes,0.0,None
08:32:07.135,Active,407.4,2.4,99.4,11.8,73.8,Yes,0.0,None
08:32:07.565,Active,421.5,2.4,98.8,11.8,73.8,Yes,0.0,None
08:32:07.987,Active,415.7,2.4,98.2,11.8,73.8,Yes,0.0,None
08:32:08.405,Active,410.1,2.4,97.6,11.8,73.8,Yes,0.0,None
08:32:08.822,Active,407.2,2.4,98.8,11.8,74.3,Yes,0.0,None
08:32:09.235,Active,406.6,2.4,99.4,11.8,73.8,Yes,0.0,None
08:32:09.654,Active,413.5,2.4,98.8,11.8,73.2,Yes,0.0,None
08:32:10.069,Active,407.3,2.4,98.2,11.8,75.5,Yes,0.0,None
08:32:10.486,Active,408.4,2.4,98.2,11.8,73.8,Yes,0.0,None
08:32:10.911,Active,411.9,2.4,96.4,11.8,74.3,Yes,0.0,None
08:32:11.329,Active,409.3,2.4,98.2,11.8,74.9,Yes,0.0,None
08:32:11.742,Active,408.0,2.4,99.4,11.8,74.3,Yes,0.0,None
08:32:12.156,Active,407.2,2.4,99.4,11.8,75.5,Yes,0.0,None
08:32:12.568,Active,405.0,2.4,99.4,11.8,74.3,Yes,0.421691358089447,Leaf Rot
08:32:12.989,Active,414.8,2.4,98.2,11.7,74.9,Yes,0.0,None
08:32:13.403,Active,407.8,2.4,98.2,11.7,74.9,Yes,0.0,None
08:32:13.819,Active,409.1,2.4,98.8,11.7,75.5,Yes,0.0,None
08:32:14.246,Active,419.0,2.4,98.8,11.7,74.9,Yes,0.30950307846069336,Leaf Rot
08:32:14.663,Active,410.5,2.4,97.0,11.7,76.0,Yes,0.0,None
08:32:15.081,Active,409.6,2.4,98.8,11.7,74.9,Yes,0.0,None
08:32:15.495,Active,407.3,2.4,98.8,11.7,75.5,Yes,0.0,None
08:32:15.913,Active,409.5,2.4,97.6,11.7,74.3,Yes,0.0,None
08:32:16.331,Active,411.4,2.4,98.8,11.7,74.9,Yes,0.0,None
08:32:16.745,Active,405.7,2.4,98.2,11.7,75.5,Yes,0.0,None
08:32:17.168,Active,413.5,2.4,97.6,11.8,74.9,Yes,0.0,None
08:32:17.610,Active,434.3,2.4,97.7,11.8,74.3,Yes,0.31950682401657104,Leaf Rot
08:32:18.029,Active,409.5,2.4,98.2,11.9,75.5,Yes,0.0,None
08:32:18.443,Active,407.2,2.4,98.2,11.9,75.5,Yes,0.0,None
08:32:18.861,Active,410.0,2.4,98.2,11.9,75.5,Yes,0.0,None
08:32:19.281,Active,411.3,2.4,97.0,11.9,76.0,Yes,0.0,None
08:32:19.704,Active,413.8,2.4,97.6,11.9,76.0,Yes,0.0,None
08:32:20.122,Active,410.2,2.4,98.2,11.8,75.5,Yes,0.0,None
08:32:20.535,Active,406.9,2.4,99.4,11.8,75.5,Yes,0.0,None
08:32:20.948,Active,407.7,2.4,98.8,11.8,75.5,Yes,0.0,None
08:32:21.369,Active,413.8,2.4,98.8,11.8,76.0,Yes,0.0,None
08:32:21.785,Active,409.6,2.4,98.2,11.8,76.0,Yes,0.0,None
08:32:22.207,Active,415.3,2.4,98.8,11.8,75.5,Yes,0.0,None
08:32:22.624,Active,409.6,2.4,97.0,11.8,76.0,Yes,0.42393797636032104,Leaf Rot
08:32:23.049,Active,419.7,2.4,98.2,11.8,75.5,Yes,0.0,None
08:32:23.465,Active,409.3,2.4,98.8,11.8,76.0,Yes,0.0,None
08:32:23.885,Active,414.2,2.4,98.2,11.8,76.0,Yes,0.0,None
08:32:24.303,Active,411.0,2.4,98.8,11.8,76.5,Yes,0.0,None
08:32:24.720,Active,408.8,2.4,98.2,11.8,75.5,Yes,0.0,None
08:32:25.136,Active,408.6,2.4,99.4,11.8,75.5,Yes,0.0,None
08:32:25.549,Active,405.6,2.4,98.8,11.8,75.5,Yes,0.0,None
08:32:25.961,Active,406.4,2.4,99.4,11.8,75.5,Yes,0.0,None
08:32:26.377,Active,407.2,2.4,98.2,11.8,76.0,Yes,0.0,None
08:32:26.795,Active,407.7,2.4,98.2,11.8,76.0,Yes,0.0,None
08:32:27.211,Active,410.2,2.4,99.4,11.8,75.5,Yes,0.3174712061882019,Leaf Rot
08:32:27.624,Active,405.4,2.4,98.8,11.8,75.5,Yes,0.0,None
08:32:28.049,Active,419.5,2.4,98.8,11.8,76.0,Yes,0.0,None
08:32:28.472,Active,413.7,2.4,97.1,11.8,76.5,Yes,0.0,None
08:32:28.890,Active,408.3,2.4,98.2,11.8,76.5,Yes,0.0,None
08:32:29.308,Active,408.0,2.4,98.8,11.8,76.0,Yes,0.0,None
08:32:29.729,Active,410.1,2.4,97.6,11.8,76.0,Yes,0.0,None
08:32:30.147,Active,410.6,2.4,98.2,11.8,76.5,Yes,0.0,None
08:32:30.563,Active,406.8,2.4,98.2,11.7,76.5,Yes,0.0,None
08:32:30.983,Active,409.9,2.4,98.2,11.7,76.5,Yes,0.0,None
08:32:31.399,Active,407.8,2.4,98.2,11.7,76.0,Yes,0.0,None
08:32:31.926,Active,417.4,2.4,78.7,11.7,76.5,Yes,0.3069877624511719,Leaf Rot
08:32:32.344,Active,410.5,2.4,98.2,11.8,75.5,Yes,0.0,None
08:32:32.761,Active,409.5,2.4,98.8,11.8,76.0,Yes,0.0,None
08:32:33.209,Active,441.7,2.4,97.2,11.8,76.5,Yes,0.0,None
08:32:33.629,Active,412.8,2.4,98.2,11.8,76.5,Yes,0.0,None
08:32:34.047,Active,411.5,2.4,98.2,11.8,76.5,Yes,0.0,None
08:32:34.468,Active,410.4,2.4,97.0,11.8,76.5,Yes,0.0,None
08:32:34.885,Active,407.5,2.4,98.2,11.8,76.0,Yes,0.0,None
08:32:35.302,Active,410.2,2.3,98.8,11.8,76.5,Yes,0.0,None
08:32:35.720,Active,408.2,2.3,98.2,11.8,76.5,Yes,0.0,None
08:32:36.141,Active,411.5,2.3,98.2,11.8,76.0,Yes,0.0,None
08:32:36.558,Active,408.8,2.3,98.2,11.8,76.5,Yes,0.0,None
08:32:36.976,Active,408.3,2.3,98.2,11.8,76.0,Yes,0.0,None
08:32:37.394,Active,407.9,2.3,98.2,11.8,76.5,Yes,0.0,None
08:32:37.812,Active,408.2,2.3,98.2,11.8,77.1,Yes,0.31461942195892334,Leaf Rot
08:32:38.254,Active,433.3,2.3,98.3,11.8,76.5,Yes,0.35016193985939026,Leaf Rot
08:32:38.674,Active,412.0,2.3,98.2,11.8,76.0,Yes,0.3214293420314789,Leaf Rot
08:32:39.091,Active,409.5,2.3,98.2,11.8,76.5,Yes,0.0,None
08:32:39.511,Active,408.8,2.4,97.0,11.8,76.5,Yes,0.0,None
08:32:39.926,Active,407.5,2.4,98.8,11.8,76.5,Yes,0.0,None
08:32:40.346,Active,410.4,2.4,98.2,11.8,77.1,Yes,0.0,None
08:32:40.763,Active,408.2,2.4,98.2,11.8,76.5,Yes,0.0,None
08:32:41.183,Active,410.4,2.4,97.6,11.8,76.5,Yes,0.0,None
08:32:41.602,Active,408.9,2.4,98.2,11.8,77.1,Yes,0.0,None
08:32:42.022,Active,410.2,2.4,98.2,11.8,76.5,Yes,0.0,None
08:32:42.438,Active,408.3,2.4,98.8,11.8,76.5,Yes,0.0,None
08:32:42.861,Active,414.5,2.4,97.6,11.8,76.5,Yes,0.0,None
08:32:43.278,Active,410.0,2.4,98.8,11.8,77.1,Yes,0.0,None
08:32:43.701,Active,413.4,2.4,97.6,11.8,76.5,Yes,0.0,None
08:33:29.157,Active,442.4,2.4,1.4,11.8,59.0,Yes,0.0,None
08:33:29.573,Active,410.6,2.4,99.4,11.8,60.6,Yes,0.0,None
08:33:29.987,Active,407.7,2.4,98.2,11.8,61.7,Yes,0.0,None
08:33:30.407,Active,412.1,2.4,98.2,11.8,61.7,Yes,0.0,None
08:33:30.828,Active,412.8,2.4,97.6,11.8,62.8,Yes,0.0,None
08:33:31.245,Active,407.5,2.4,98.8,11.8,63.9,Yes,0.0,None
08:33:31.659,Active,407.5,2.4,98.8,11.8,64.5,Yes,0.0,None
08:33:32.102,Active,435.4,2.4,95.4,11.8,65.0,Yes,0.0,None
08:33:32.513,Active,405.1,2.4,98.8,11.8,65.0,Yes,0.0,None
08:33:32.925,Active,405.7,2.4,100.0,11.7,66.1,Yes,0.0,None
08:33:33.339,Active,408.4,2.4,99.4,11.7,66.1,Yes,0.0,None
08:33:33.751,Active,405.4,2.4,99.4,11.7,67.8,Yes,0.0,None
08:33:34.189,Active,431.8,2.4,99.4,11.9,66.7,Yes,0.0,None
08:33:34.605,Active,409.2,2.4,98.8,11.9,67.2,Yes,0.362362265586853,Leaf Rot
08:33:35.029,Active,417.8,2.4,98.2,11.9,68.8,Yes,0.0,None
08:33:35.444,Active,408.9,2.4,99.4,11.9,68.3,Yes,0.0,None
08:33:35.859,Active,409.2,2.4,98.8,11.9,68.3,Yes,0.0,None
08:33:36.280,Active,415.1,2.4,98.2,11.9,68.8,Yes,0.0,None
08:33:36.694,Active,406.8,2.4,98.2,11.8,68.8,Yes,0.0,None
08:33:37.114,Active,413.4,2.4,98.8,11.8,69.4,Yes,0.36033737659454346,Leaf Rot
08:33:37.532,Active,410.8,2.4,97.6,11.8,69.4,Yes,0.0,None
08:33:37.948,Active,408.6,2.4,98.8,11.8,70.0,Yes,0.0,None
08:33:38.368,Active,412.6,2.4,98.2,11.8,70.0,Yes,0.0,None
08:33:38.792,Active,416.9,2.4,97.6,11.8,70.5,Yes,0.0,None
08:33:39.231,Active,432.5,2.4,98.9,11.8,70.0,Yes,0.0,None
08:33:39.649,Active,409.8,2.4,98.8,11.8,70.5,Yes,0.0,None
08:33:40.064,Active,409.1,2.4,98.2,11.8,70.5,Yes,0.0,None
08:33:40.479,Active,408.0,2.4,98.8,11.8,70.5,Yes,0.0,None
08:33:40.894,Active,408.1,2.4,99.4,11.8,70.5,Yes,0.0,None
08:33:41.313,Active,409.6,2.4,98.2,11.8,71.6,Yes,0.0,None
08:33:41.726,Active,407.1,2.4,99.4,11.8,71.0,Yes,0.0,None
08:33:42.145,Active,409.2,2.4,98.2,11.8,72.2,Yes,0.0,None
08:33:42.561,Active,410.0,2.4,98.8,11.8,71.6,Yes,0.0,None
08:33:42.975,Active,407.5,2.4,98.2,11.8,71.6,Yes,0.0,None
08:33:43.392,Active,408.9,2.4,98.8,11.8,72.2,Yes,0.0,None
08:33:43.819,Active,416.7,2.4,96.5,11.8,72.2,Yes,0.0,None
08:33:44.255,Active,427.3,2.4,95.4,11.7,72.7,Yes,0.0,None
08:33:44.674,Active,410.3,2.4,98.8,11.7,72.2,Yes,0.0,None
08:33:45.091,Active,410.0,2.4,97.6,11.7,72.2,Yes,0.0,None
08:33:45.511,Active,408.4,2.4,97.6,11.7,72.2,Yes,0.0,None
08:33:45.928,Active,411.1,2.4,98.2,11.7,72.2,Yes,0.0,None
08:33:46.343,Active,407.6,2.4,98.8,11.7,72.7,Yes,0.0,None
08:33:46.760,Active,408.6,2.4,98.8,11.7,73.2,Yes,0.0,None
08:33:47.179,Active,411.0,2.4,98.2,11.7,72.7,Yes,0.0,None
08:33:47.617,Active,429.7,2.4,94.2,11.7,74.3,Yes,0.4200650453567505,Leaf Rot
08:33:48.032,Active,406.2,2.4,97.6,11.8,73.2,Yes,0.0,None
08:33:48.449,Active,409.3,2.4,98.8,11.8,73.2,Yes,0.0,None
08:33:48.864,Active,408.3,2.4,98.8,11.8,73.2,Yes,0.0,None
08:33:49.313,Active,439.3,2.4,97.8,11.9,72.2,Yes,0.0,None
08:33:49.731,Active,410.2,2.4,98.8,11.9,73.2,Yes,0.0,None
08:33:50.149,Active,410.9,2.4,98.2,11.9,73.8,Yes,0.0,None
08:33:50.564,Active,408.2,2.4,98.8,11.9,73.8,Yes,0.0,None
08:33:50.982,Active,410.3,2.4,98.8,11.9,73.2,Yes,0.3425290286540985,Leaf Rot
08:33:51.401,Active,409.9,2.4,97.6,11.9,73.8,Yes,0.0,None
08:33:51.817,Active,409.5,2.4,98.8,11.9,73.2,Yes,0.0,None
08:33:52.236,Active,412.8,2.4,98.8,11.9,73.8,Yes,0.0,None
08:33:52.652,Active,409.9,2.4,98.2,11.9,73.2,Yes,0.0,None
08:33:53.068,Active,410.2,2.4,98.8,11.8,73.8,Yes,0.3278777003288269,Leaf Rot
08:33:53.483,Active,408.8,2.4,98.8,11.8,74.3,Yes,0.0,None
08:33:53.893,Active,404.6,2.4,99.4,11.8,73.8,Yes,0.0,None
08:33:54.322,Active,419.3,2.4,98.8,11.8,74.3,Yes,0.0,None
08:33:54.739,Active,407.2,2.4,98.2,11.8,74.3,Yes,0.0,None
08:33:55.154,Active,408.3,2.4,99.4,11.8,74.3,Yes,0.0,None
08:33:55.571,Active,406.7,2.4,98.2,11.8,74.3,Yes,0.0,None
08:33:55.990,Active,412.1,2.4,98.8,11.8,74.9,Yes,0.0,None
08:33:56.404,Active,406.3,2.4,97.6,11.8,74.3,Yes,0.0,None
08:33:56.820,Active,408.8,2.4,98.8,11.8,74.3,Yes,0.0,None
08:33:57.241,Active,413.9,2.4,97.6,11.8,74.3,Yes,0.0,None
08:33:57.661,Active,413.5,2.4,98.8,11.8,74.3,Yes,0.0,None
08:33:58.077,Active,409.3,2.4,98.2,11.8,74.9,Yes,0.0,None
08:33:58.490,Active,406.9,2.4,98.8,11.8,74.9,Yes,0.0,None
08:33:58.907,Active,407.8,2.4,98.8,11.8,74.3,Yes,0.0,None
08:33:59.350,Active,435.0,2.4,97.7,11.8,74.3,Yes,0.33533012866973877,Leaf Rot
08:33:59.770,Active,410.1,2.4,97.6,11.8,74.9,Yes,0.0,None
08:34:00.191,Active,411.3,2.4,98.2,11.8,74.9,Yes,0.0,None
08:34:00.611,Active,410.4,2.4,97.6,11.8,74.9,Yes,0.0,None
08:34:01.028,Active,409.6,2.4,98.8,11.8,74.9,Yes,0.0,None
08:34:01.445,Active,409.3,2.4,98.2,11.8,74.3,Yes,0.0,None
08:34:01.856,Active,405.0,2.4,98.8,11.8,74.9,Yes,0.0,None
08:34:02.273,Active,410.0,2.4,98.8,11.8,75.5,Yes,0.0,None
08:34:02.693,Active,410.8,2.4,97.6,11.8,74.9,Yes,0.0,None
08:34:03.115,Active,416.0,2.4,98.2,11.8,75.5,Yes,0.0,None
08:34:03.530,Active,408.1,2.4,98.2,11.8,74.9,Yes,0.0,None
08:34:03.940,Active,403.4,2.4,99.4,11.8,76.0,Yes,0.0,None
08:34:04.378,Active,431.0,2.4,100.0,11.8,75.5,Yes,0.0,None
08:34:04.793,Active,406.8,2.4,98.8,11.8,74.9,Yes,0.0,None
08:34:05.214,Active,414.5,2.4,98.8,11.8,75.5,Yes,0.34304195642471313,Leaf Rot
08:34:05.629,Active,408.5,2.4,97.6,11.8,74.9,Yes,0.0,None
08:34:06.047,Active,408.7,2.4,98.2,11.8,74.9,Yes,0.31672459840774536,Leaf Rot
08:34:06.464,Active,408.1,2.4,98.2,11.8,75.5,Yes,0.0,None
08:34:06.881,Active,409.2,2.4,98.2,11.8,75.5,Yes,0.33874309062957764,Leaf Rot
08:34:07.297,Active,409.8,2.4,98.8,11.8,75.5,Yes,0.0,None
08:34:07.711,Active,407.3,2.4,98.2,11.8,75.5,Yes,0.0,None
08:34:08.130,Active,412.7,2.4,98.8,11.8,75.5,Yes,0.0,None
08:34:08.546,Active,409.3,2.4,98.2,11.8,76.5,Yes,0.0,None
08:34:08.962,Active,406.0,2.4,98.2,11.8,76.0,Yes,0.0,None
08:34:09.408,Active,438.7,2.4,94.4,11.7,75.5,Yes,0.0,None
08:34:09.849,Active,433.7,2.4,98.3,11.8,76.5,Yes,0.35442522168159485,Leaf Rot
08:34:10.266,Active,410.3,2.4,98.2,11.8,76.0,Yes,0.0,None
08:34:10.688,Active,409.0,2.4,97.0,11.8,75.5,Yes,0.0,None
08:34:11.109,Active,413.7,2.4,98.8,11.8,76.0,Yes,0.0,None
08:34:11.530,Active,412.4,2.4,98.2,11.8,75.5,Yes,0.30894869565963745,Leaf Rot
08:34:11.948,Active,410.4,2.4,97.6,11.8,77.1,Yes,0.0,None
08:34:12.369,Active,412.8,2.4,98.2,11.8,76.5,Yes,0.3288079500198364,Leaf Rot
08:34:12.793,Active,410.2,2.4,97.0,11.8,76.5,Yes,0.0,None
08:34:13.215,Active,415.1,2.4,98.2,11.8,76.5,Yes,0.3547971248626709,Leaf Rot
08:34:13.632,Active,410.5,2.4,98.2,11.8,76.0,Yes,0.0,None
08:34:14.049,Active,410.8,2.4,98.8,11.8,76.0,Yes,0.0,None
08:34:14.462,Active,407.0,2.4,98.8,11.8,76.0,Yes,0.0,None
08:34:14.897,Active,424.6,2.4,95.4,11.8,76.0,Yes,0.3436228334903717,Leaf Rot
08:34:15.318,Active,412.3,2.4,98.2,11.8,76.0,Yes,0.0,None
08:34:15.738,Active,411.3,2.4,97.6,11.8,74.9,Yes,0.0,None
08:34:16.159,Active,413.2,2.4,97.6,11.8,76.0,Yes,0.0,None
08:34:16.575,Active,407.5,2.4,98.2,11.8,77.1,Yes,0.0,None
08:34:16.995,Active,412.0,2.4,98.2,11.8,76.0,Yes,0.0,None
08:34:17.410,Active,407.1,2.4,97.6,11.8,76.0,Yes,0.0,None
08:34:17.829,Active,411.7,2.4,98.8,11.8,76.5,Yes,0.0,None
08:34:18.248,Active,412.6,2.4,98.2,11.8,76.5,Yes,0.0,None
08:34:18.663,Active,407.5,2.4,98.8,11.8,76.5,Yes,0.0,None
08:34:19.078,Active,409.5,2.4,98.8,11.8,76.0,Yes,0.0,None
08:34:19.499,Active,411.9,2.4,97.6,11.8,76.0,Yes,0.0,None
08:34:19.953,Active,445.6,2.4,97.2,11.8,76.0,Yes,0.0,None
08:34:20.369,Active,409.7,2.4,98.8,11.8,76.5,Yes,0.0,None
08:34:20.784,Active,408.6,2.4,98.8,11.8,76.0,Yes,0.3029515743255615,Leaf Rot
08:34:21.200,Active,409.7,2.4,99.4,11.8,76.5,Yes,0.0,None
08:34:21.632,Active,426.6,2.4,95.9,11.8,76.5,Yes,0.0,None
08:34:22.148,Active,409.2,2.4,79.6,11.8,75.5,Yes,0.0,None
08:34:22.561,Active,406.4,2.4,98.8,11.8,76.5,Yes,0.0,None
08:34:22.980,Active,413.0,2.4,99.4,11.8,75.5,Yes,0.0,None
08:34:23.419,Active,431.7,2.3,94.4,11.8,76.5,Yes,0.0,None
08:34:23.836,Active,408.5,2.3,98.8,11.8,75.5,Yes,0.0,None
08:34:24.255,Active,412.0,2.3,98.2,11.8,76.5,Yes,0.0,None
08:34:24.672,Active,408.7,2.3,98.2,11.8,76.5,Yes,0.0,None
08:34:25.098,Active,418.3,2.3,98.8,11.8,77.7,Yes,0.30479270219802856,Leaf Rot
08:34:25.520,Active,409.9,2.3,97.6,11.8,77.1,Yes,0.0,None
08:34:25.936,Active,410.2,2.3,98.8,11.8,76.5,Yes,0.0,None
08:34:26.352,Active,409.3,2.3,98.2,11.8,77.7,Yes,0.0,None
08:34:26.773,Active,414.4,2.3,98.2,11.8,77.1,Yes,0.0,None
08:34:27.188,Active,408.8,2.3,98.8,11.8,76.5,Yes,0.0,None
08:34:27.608,Active,412.9,2.4,98.2,11.8,77.1,Yes,0.0,None
08:34:28.024,Active,408.3,2.4,98.8,11.7,76.5,Yes,0.0,None
08:34:28.436,Active,406.1,2.4,98.8,11.7,77.1,Yes,0.0,None
08:34:28.852,Active,406.5,2.4,98.2,11.8,77.1,Yes,0.0,None
08:35:14.292,Active,424.9,2.4,1.4,11.8,58.4,Yes,0.0,None
08:35:14.708,Active,410.2,2.4,98.8,11.8,59.5,Yes,0.0,None
08:35:15.124,Active,408.9,2.4,98.8,11.8,60.6,Yes,0.0,None
08:35:15.539,Active,407.8,2.4,98.8,11.8,62.2,Yes,0.0,None
08:35:15.960,Active,412.8,2.4,97.6,11.8,62.2,Yes,0.0,None
08:35:16.382,Active,415.6,2.4,98.2,11.8,63.9,Yes,0.0,None
08:35:16.796,Active,408.2,3.4,98.8,11.8,63.9,Yes,0.0,None
08:35:17.225,Active,422.8,3.4,97.1,11.8,65.0,Yes,0.0,None
08:35:17.640,Active,408.6,3.4,98.8,11.8,66.1,Yes,0.0,None
08:35:18.059,Active,409.4,3.4,98.8,11.8,65.0,Yes,0.0,None
08:35:18.478,Active,409.5,3.4,97.6,11.8,66.7,Yes,0.3048321008682251,Leaf Rot
08:35:18.896,Active,409.5,3.4,98.2,11.8,66.7,Yes,0.0,None
08:35:19.318,Active,413.1,3.4,98.2,11.7,67.2,Yes,0.3622620105743408,Leaf Rot
08:35:19.733,Active,409.2,3.4,98.2,11.7,67.8,Yes,0.0,None
08:35:20.146,Active,407.1,3.4,99.4,11.7,68.8,Yes,0.0,None
08:35:20.573,Active,421.0,3.4,98.8,11.8,67.8,Yes,0.3546592593193054,Leaf Rot
08:35:20.994,Active,414.1,2.4,98.2,11.9,68.3,Yes,0.0,None
08:35:21.413,Active,410.2,2.4,97.6,11.9,67.8,Yes,0.0,None
08:35:21.832,Active,409.2,2.4,98.2,11.9,69.4,Yes,0.0,None
08:35:22.250,Active,410.7,2.4,98.8,11.9,69.4,Yes,0.0,None
08:35:22.667,Active,408.6,2.4,98.2,11.9,68.8,Yes,0.0,None
08:35:23.083,Active,409.7,2.4,98.8,11.9,68.8,Yes,0.0,None
08:35:23.501,Active,409.6,2.4,98.2,11.9,70.5,Yes,0.0,None
08:35:24.020,Active,410.2,2.4,79.7,11.9,68.3,Yes,0.0,None
08:35:24.437,Active,408.0,2.4,98.2,11.9,70.0,Yes,0.0,None
08:35:24.852,Active,408.2,2.4,98.8,11.9,70.5,Yes,0.31233692169189453,Leaf Rot
08:35:25.268,Active,409.9,2.3,98.8,11.9,71.0,Yes,0.0,None
08:35:25.684,Active,408.3,2.3,98.8,11.9,71.6,Yes,0.0,None
08:35:26.111,Active,421.4,2.3,98.8,11.9,70.5,Yes,0.0,None
08:35:26.524,Active,405.4,2.3,98.8,11.9,71.0,Yes,0.0,None
08:35:26.939,Active,406.7,2.3,98.8,11.9,71.6,Yes,0.0,None
08:35:27.354,Active,407.6,2.3,98.8,11.9,72.2,Yes,0.0,None
08:35:27.768,Active,406.1,2.3,98.8,11.9,71.6,Yes,0.0,None
08:35:28.192,Active,416.9,2.3,97.6,11.9,71.0,Yes,0.0,None
08:35:28.625,Active,423.5,2.3,97.7,11.8,71.6,Yes,0.0,None
08:35:29.039,Active,405.4,2.3,98.2,11.9,72.7,Yes,0.0,None
08:35:29.455,Active,405.4,2.4,98.8,11.9,72.2,Yes,0.39234626293182373,Leaf Rot
08:35:29.867,Active,405.1,2.4,98.8,11.8,72.2,Yes,0.0,None
08:35:30.289,Active,413.3,2.4,98.2,11.8,72.7,Yes,0.0,None
08:35:30.705,Active,409.7,2.4,98.8,11.8,72.7,Yes,0.0,None
08:35:31.138,Active,425.4,2.4,98.3,11.8,72.7,Yes,0.0,None
08:35:31.558,Active,410.8,2.4,98.2,11.8,72.7,Yes,0.30263304710388184,Leaf Rot
08:35:31.975,Active,408.4,2.4,98.2,11.8,72.7,Yes,0.0,None
08:35:32.389,Active,406.4,2.4,99.4,11.8,72.7,Yes,0.0,None
08:35:32.805,Active,409.9,2.4,98.8,11.8,72.2,Yes,0.0,None
08:35:33.222,Active,411.3,2.4,98.8,11.8,73.2,Yes,0.0,None
08:35:33.637,Active,408.5,2.4,98.8,11.8,72.7,Yes,0.0,None
08:35:34.056,Active,410.8,2.4,97.6,11.8,72.7,Yes,0.0,None
08:35:34.470,Active,406.9,2.4,98.8,11.8,73.8,Yes,0.0,None
08:35:34.890,Active,414.3,2.4,99.4,11.8,73.8,Yes,0.0,None
08:35:35.307,Active,408.8,2.4,98.8,11.8,73.2,Yes,0.0,None
08:35:35.722,Active,408.3,2.4,98.8,11.7,73.8,Yes,0.0,None
08:35:36.162,Active,430.7,2.4,97.7,11.8,73.8,Yes,0.38302427530288696,Leaf Rot
08:35:36.580,Active,410.9,2.4,97.0,11.8,74.3,Yes,0.0,None
08:35:36.995,Active,409.3,2.4,98.8,11.8,74.9,Yes,0.0,None
08:35:37.412,Active,411.2,2.4,98.8,11.8,73.8,Yes,0.0,None
08:35:37.827,Active,407.4,2.4,98.8,11.8,74.3,Yes,0.0,None
08:35:38.247,Active,411.7,2.4,98.2,11.8,73.8,Yes,0.0,None
08:35:38.663,Active,407.2,2.4,98.8,11.8,74.3,Yes,0.0,None
08:35:39.077,Active,407.8,2.4,98.8,11.8,73.8,Yes,0.0,None
08:35:39.495,Active,409.1,2.4,97.6,11.8,74.3,Yes,0.0,None
08:35:39.911,Active,409.3,2.4,98.8,11.8,73.8,Yes,0.3103604316711426,Leaf Rot
08:35:40.328,Active,408.9,2.4,97.6,11.8,74.9,Yes,0.0,None
08:35:40.747,Active,408.7,2.4,98.2,11.8,73.8,Yes,0.31870439648628235,Leaf Rot
08:35:41.189,Active,433.8,2.4,98.3,11.8,74.3,Yes,0.0,None
08:35:41.604,Active,408.8,2.4,98.8,11.8,74.9,Yes,0.0,None
08:35:42.020,Active,409.0,2.4,98.2,11.8,74.9,Yes,0.0,None
08:35:42.437,Active,410.0,2.4,98.8,11.8,74.9,Yes,0.0,None
08:35:42.850,Active,406.6,2.4,98.8,11.8,74.3,Yes,0.0,None
08:35:43.266,Active,410.4,2.4,98.8,11.8,74.9,Yes,0.0,None
08:35:43.683,Active,410.6,2.4,98.8,11.8,74.9,Yes,0.0,None
08:35:44.101,Active,411.6,2.4,98.8,11.8,74.9,Yes,0.34826624393463135,Leaf Rot
08:35:44.520,Active,413.6,2.4,98.8,11.8,74.9,Yes,0.0,None
08:35:44.936,Active,408.5,2.4,98.8,11.8,74.9,Yes,0.0,None
08:35:45.353,Active,411.1,2.4,98.8,11.8,73.8,Yes,0.0,None
08:35:45.768,Active,407.8,2.4,98.2,11.8,75.5,Yes,0.0,None
08:35:46.184,Active,410.2,2.4,98.8,11.8,75.5,Yes,0.0,None
08:35:46.604,Active,410.2,2.4,98.2,11.8,75.5,Yes,0.0,None
08:35:47.020,Active,407.8,2.4,98.2,11.8,76.0,Yes,0.0,None
08:35:47.442,Active,412.7,2.4,98.2,11.8,73.8,Yes,0.0,None
08:35:47.858,Active,408.4,2.4,97.6,11.8,75.5,Yes,0.0,None
08:35:48.277,Active,411.1,2.4,98.2,11.8,74.9,Yes,0.0,None
08:35:48.688,Active,404.8,2.4,98.8,11.8,76.0,Yes,0.0,None
08:35:49.103,Active,409.3,2.4,99.4,11.8,76.0,Yes,0.0,None
08:35:49.521,Active,411.4,2.4,99.4,11.8,76.0,Yes,0.327144980430603,Leaf Rot
08:35:49.936,Active,407.7,2.4,98.2,11.8,75.5,Yes,0.0,None
08:35:50.356,Active,412.5,2.4,98.2,11.7,76.0,Yes,0.0,None
08:35:50.770,Active,407.8,2.4,98.8,11.7,76.0,Yes,0.0,None
08:35:51.220,Active,443.8,2.4,98.9,11.8,74.9,Yes,0.0,None
08:35:51.637,Active,408.1,2.4,98.2,11.8,76.0,Yes,0.0,None
08:35:52.054,Active,408.2,2.4,98.2,11.8,76.0,Yes,0.0,None
08:35:52.471,Active,408.8,2.4,98.8,11.8,75.5,Yes,0.0,None
08:35:52.889,Active,410.0,2.4,98.2,11.8,76.5,Yes,0.0,None
08:35:53.304,Active,408.6,2.4,98.2,11.8,76.0,Yes,0.0,None
08:35:53.725,Active,411.5,2.4,98.2,11.8,76.0,Yes,0.0,None
08:35:54.143,Active,411.0,2.4,98.2,11.8,76.5,Yes,0.0,None
08:35:54.558,Active,407.3,2.4,98.8,11.8,76.0,Yes,0.0,None
08:35:54.980,Active,411.4,2.4,97.6,11.8,76.0,Yes,0.4095405042171478,Leaf Rot
08:35:55.396,Active,407.8,2.4,98.2,11.8,76.5,Yes,0.0,None
08:35:55.813,Active,408.1,2.4,98.2,11.8,76.0,Yes,0.0,None
08:35:56.234,Active,410.6,2.4,98.2,11.8,76.0,Yes,0.0,None
08:35:56.662,Active,419.6,2.4,97.7,11.8,77.1,Yes,0.0,None
08:35:57.081,Active,410.5,2.4,98.2,11.8,74.9,Yes,0.0,None
08:35:57.495,Active,408.1,2.4,98.8,11.8,77.7,Yes,0.0,None
08:35:57.913,Active,408.8,2.4,98.2,11.8,77.1,Yes,0.0,None
08:35:58.329,Active,409.2,2.4,98.8,11.8,76.5,Yes,0.0,None
08:35:58.744,Active,408.7,2.4,98.8,11.8,76.5,Yes,0.0,None
08:35:59.157,Active,406.8,2.4,99.4,11.8,77.1,Yes,0.0,None
08:35:59.576,Active,410.1,2.4,98.2,11.8,74.9,Yes,0.0,None
08:35:59.995,Active,411.1,2.4,98.2,11.8,76.5,Yes,0.0,None
08:36:00.411,Active,406.2,2.4,98.8,11.8,76.5,Yes,0.0,None
08:36:00.832,Active,412.0,2.4,98.2,11.8,77.1,Yes,0.0,None
08:36:01.247,Active,408.7,2.4,98.8,11.7,76.5,Yes,0.0,None
08:36:01.673,Active,420.0,2.4,98.8,11.8,75.5,Yes,0.0,None
08:36:02.087,Active,407.5,2.4,98.8,11.8,76.5,Yes,0.0,None
08:36:02.500,Active,407.6,2.4,99.4,11.8,77.7,Yes,0.0,None
08:36:02.914,Active,407.0,2.4,98.8,11.8,76.5,Yes,0.3990821838378906,Leaf Rot
08:36:03.331,Active,408.1,2.4,98.2,11.8,76.5,Yes,0.0,None
08:36:03.748,Active,410.5,2.4,99.4,11.8,76.5,Yes,0.0,None
08:36:04.164,Active,410.3,2.4,98.8,11.8,77.1,Yes,0.0,None
08:36:04.578,Active,406.9,2.4,98.8,11.8,76.5,Yes,0.0,None
08:36:04.999,Active,410.5,2.4,98.2,11.8,76.5,Yes,0.0,None
08:36:05.415,Active,407.4,2.4,98.2,11.8,76.5,Yes,0.0,None
08:36:05.831,Active,407.7,2.4,98.2,11.8,77.1,Yes,0.31864631175994873,Leaf Rot
08:36:06.250,Active,410.1,2.4,98.2,11.8,77.1,Yes,0.0,None
08:36:06.689,Active,429.9,2.4,97.7,11.8,76.5,Yes,0.3649854362010956,Leaf Rot
08:36:07.111,Active,412.8,2.4,98.2,11.8,77.1,Yes,0.0,None
08:36:07.540,Active,417.1,2.4,96.5,11.8,77.1,Yes,0.0,None
08:36:07.957,Active,409.4,2.4,98.2,11.8,77.7,Yes,0.0,None
08:36:08.377,Active,411.0,2.4,97.6,11.8,77.1,Yes,0.0,None
08:36:08.793,Active,408.5,2.4,98.2,11.8,77.1,Yes,0.0,None
08:36:09.225,Active,426.5,2.4,96.5,11.7,76.5,Yes,0.0,None
08:36:09.641,Active,408.5,2.4,97.6,11.8,76.0,Yes,0.0,None
08:36:10.059,Active,411.3,2.4,98.8,11.7,76.5,Yes,0.0,None
08:36:10.478,Active,410.4,2.4,98.2,11.7,76.5,Yes,0.0,None
08:36:10.894,Active,408.5,2.4,98.2,11.7,76.5,Yes,0.0,None
08:36:11.314,Active,410.5,2.4,97.6,11.8,76.5,Yes,0.0,None
08:36:11.751,Active,428.5,2.4,98.3,11.9,76.0,Yes,0.0,None
08:36:12.168,Active,411.0,2.4,98.8,11.9,77.7,Yes,0.0,None
08:36:12.585,Active,409.9,2.4,98.8,11.9,76.5,Yes,0.0,None
08:36:13.003,Active,411.0,2.4,98.8,11.9,77.1,Yes,0.0,None
08:36:13.419,Active,407.6,2.4,98.2,11.9,76.5,Yes,0.0,None
08:36:13.836,Active,408.7,2.4,98.2,11.9,77.1,Yes,0.0,None
08:36:14.253,Active,409.9,2.4,98.8,11.9,77.7,Yes,0.0,None
08:36:59.707,Active,439.7,2.4,1.4,11.9,58.4,Yes,0.0,None
08:37:00.146,Active,430.7,2.4,95.4,11.9,60.0,Yes,0.0,None
08:37:00.562,Active,408.3,7.7,98.8,11.9,60.6,Yes,0.0,None
08:37:00.980,Active,408.3,7.7,97.6,11.8,62.2,Yes,0.0,None
08:37:01.403,Active,415.7,7.7,97.6,11.8,63.9,Yes,0.0,None
08:37:01.832,Active,420.0,7.7,96.5,11.8,63.4,Yes,0.3126765489578247,Leaf Rot
08:37:02.257,Active,417.9,7.7,98.2,11.8,64.5,Yes,0.0,None
08:37:02.681,Active,416.6,7.7,98.2,11.9,65.5,Yes,0.0,None
08:37:03.130,Active,439.6,7.7,94.4,12.0,66.1,Yes,0.30142873525619507,Leaf Rot
08:37:03.541,Active,405.3,7.7,98.8,12.0,67.2,Yes,0.0,None
08:37:03.957,Active,409.7,7.7,99.4,12.0,66.7,Yes,0.30946415662765503,Leaf Rot
08:37:04.371,Active,407.7,7.7,99.4,12.0,67.2,Yes,0.0,None
08:37:04.799,Active,418.4,2.4,95.9,12.0,67.8,Yes,0.0,None
08:37:05.294,Active,406.1,2.4,82.8,11.9,67.2,Yes,0.0,None
08:37:05.715,Active,411.1,2.4,98.8,11.9,68.3,Yes,0.3153270483016968,Leaf Rot
08:37:06.133,Active,411.2,2.4,98.2,11.9,68.3,Yes,0.0,None
08:37:06.550,Active,408.1,2.4,98.2,11.9,68.3,Yes,0.0,None
08:37:06.965,Active,405.2,2.4,98.8,11.9,69.4,Yes,0.0,None
08:37:07.409,Active,434.2,2.4,98.3,11.9,68.8,Yes,0.0,None
08:37:07.829,Active,410.8,2.4,98.2,11.9,70.0,Yes,0.0,None
08:37:08.252,Active,416.9,2.4,97.6,11.9,70.0,Yes,0.0,None
08:37:08.667,Active,408.1,2.4,98.2,11.9,70.0,Yes,0.0,None
08:37:09.084,Active,408.9,2.3,98.2,11.9,70.0,Yes,0.0,None
08:37:09.498,Active,408.5,2.3,99.4,11.9,71.0,Yes,0.0,None
08:37:09.912,Active,405.0,2.3,97.6,11.9,71.6,Yes,0.0,None
08:37:10.327,Active,409.5,2.3,99.4,11.9,71.0,Yes,0.0,None
08:37:10.753,Active,419.3,2.3,97.0,11.9,71.0,Yes,0.0,None
08:37:11.171,Active,408.7,2.3,98.2,11.8,71.6,Yes,0.0,None
08:37:11.591,Active,409.3,2.3,98.2,11.8,70.5,Yes,0.0,None
08:37:12.008,Active,408.7,2.3,98.8,11.8,71.6,Yes,0.0,None
08:37:12.425,Active,406.8,2.3,97.6,11.8,72.2,Yes,0.0,None
08:37:12.862,Active,428.7,2.3,98.3,11.8,71.6,Yes,0.0,None
08:37:13.278,Active,407.7,2.4,98.8,11.8,71.6,Yes,0.0,None
08:37:13.696,Active,408.7,2.4,98.2,11.8,71.6,Yes,0.3056483864784241,Leaf Rot
08:37:14.113,Active,409.6,2.4,98.2,11.8,72.7,Yes,0.0,None
08:37:14.530,Active,407.4,2.4,98.2,11.8,72.2,Yes,0.0,None
08:37:14.952,Active,411.1,2.4,97.6,11.8,72.7,Yes,0.0,None
08:37:15.368,Active,408.9,2.4,98.2,11.8,72.7,Yes,0.0,None
08:37:15.786,Active,408.4,2.4,98.2,11.8,72.7,Yes,0.0,None
08:37:16.209,Active,413.1,2.4,98.2,11.8,72.2,Yes,0.0,None
08:37:16.623,Active,407.9,2.4,98.2,11.8,73.2,Yes,0.0,None
08:37:17.040,Active,410.0,2.4,98.8,11.8,72.7,Yes,0.0,None
08:37:17.457,Active,407.8,2.4,98.2,11.8,73.2,Yes,0.0,None
08:37:17.875,Active,408.1,2.4,98.2,11.8,73.8,Yes,0.0,None
08:37:18.291,Active,407.7,2.4,98.2,11.8,73.2,Yes,0.0,None
08:37:18.711,Active,411.3,2.4,98.8,11.8,73.2,Yes,0.0,None
08:37:19.133,Active,415.6,2.4,97.6,11.8,73.8,Yes,0.44649413228034973,Leaf Rot
08:37:19.621,Active,418.3,2.4,84.5,11.8,73.2,Yes,0.3408556580543518,Leaf Rot
08:37:20.056,Active,426.9,2.4,96.0,11.8,73.2,Yes,0.0,None
08:37:20.472,Active,410.2,2.4,99.4,11.8,73.8,Yes,0.0,None
08:37:20.890,Active,410.6,2.4,98.2,11.8,73.8,Yes,0.31676214933395386,Leaf Rot
08:37:21.307,Active,410.8,2.4,98.2,11.7,73.2,Yes,0.0,None
08:37:21.725,Active,409.9,2.3,98.8,11.8,73.8,Yes,0.0,None
08:37:22.141,Active,410.1,2.3,98.8,11.8,73.8,Yes,0.0,None
08:37:22.580,Active,430.0,2.3,97.7,11.9,73.2,Yes,0.0,None
08:37:22.999,Active,412.6,2.3,99.4,11.9,74.3,Yes,0.0,None
08:37:23.416,Active,409.1,2.3,98.2,11.9,74.3,Yes,0.0,None
08:37:23.839,Active,416.2,2.3,97.6,11.9,74.3,Yes,0.0,None
08:37:24.274,Active,426.5,2.3,95.4,11.9,74.3,Yes,0.0,None
08:37:24.719,Active,435.5,2.3,94.3,11.9,74.3,Yes,0.0,None
08:37:25.138,Active,410.2,2.3,98.2,11.9,74.9,Yes,0.0,None
08:37:25.557,Active,410.1,2.3,97.1,11.9,74.3,Yes,0.0,None
08:37:25.974,Active,410.3,2.4,99.4,11.9,73.8,Yes,0.31226658821105957,Leaf Rot
08:37:26.388,Active,407.3,2.4,97.6,11.9,74.3,Yes,0.0,None
08:37:26.804,Active,409.6,2.4,98.8,11.9,74.9,Yes,0.3770293593406677,Leaf Rot
08:37:27.221,Active,410.1,2.4,98.2,11.9,74.9,Yes,0.0,None
08:37:27.638,Active,408.3,2.4,98.2,11.9,74.9,Yes,0.0,None
08:37:28.066,Active,418.6,2.4,98.2,11.9,74.3,Yes,0.0,None
08:37:28.487,Active,411.8,2.4,98.2,11.9,74.9,Yes,0.0,None
08:37:28.915,Active,420.3,2.4,98.2,11.8,75.5,Yes,0.0,None
08:37:29.334,Active,410.1,2.4,98.8,11.8,74.9,Yes,0.3527488112449646,Leaf Rot
08:37:29.755,Active,411.7,2.4,98.2,11.8,74.3,Yes,0.0,None
08:37:30.186,Active,422.2,2.4,97.6,11.8,75.5,Yes,0.0,None
08:37:30.616,Active,421.7,2.4,95.9,11.8,74.9,Yes,0.0,None
08:37:31.036,Active,412.9,2.4,98.8,11.8,75.5,Yes,0.0,None
08:37:31.451,Active,409.0,2.4,98.2,11.8,74.9,Yes,0.0,None
08:37:31.868,Active,408.5,2.4,98.8,11.8,75.5,Yes,0.0,None
08:37:32.285,Active,411.6,2.4,98.8,11.8,75.5,Yes,0.0,None
08:37:32.701,Active,409.4,2.4,98.2,11.8,75.5,Yes,0.0,None
08:37:33.132,Active,424.9,2.4,98.8,11.8,74.9,Yes,0.30739080905914307,Leaf Rot
08:37:33.548,Active,408.3,2.4,98.2,11.8,75.5,Yes,0.0,None
08:37:33.965,Active,409.9,2.4,98.8,11.8,76.0,Yes,0.4082539677619934,Leaf Rot
08:37:34.381,Active,407.1,2.4,98.2,11.8,76.0,Yes,0.0,None
08:37:34.804,Active,414.0,2.4,98.2,11.8,75.5,Yes,0.0,None
08:37:35.216,Active,406.6,2.4,98.2,11.9,76.0,Yes,0.0,None
08:37:35.633,Active,409.6,2.4,100.0,11.8,76.0,Yes,0.0,None
08:37:36.052,Active,412.8,2.4,98.2,11.8,75.5,Yes,0.0,None
08:37:36.492,Active,433.1,2.4,95.4,11.8,76.0,Yes,0.0,None
08:37:36.906,Active,406.9,2.4,98.8,11.8,75.5,Yes,0.0,None
08:37:37.330,Active,415.0,2.4,97.6,11.8,76.5,Yes,0.0,None
08:37:37.749,Active,408.8,2.4,98.2,11.8,76.0,Yes,0.0,None
08:37:38.199,Active,443.4,2.4,96.6,11.8,76.5,Yes,0.0,None
08:37:38.617,Active,410.8,2.4,98.2,11.8,76.0,Yes,0.0,None
08:37:39.035,Active,411.4,2.4,98.2,11.8,76.0,Yes,0.0,None
08:37:39.450,Active,408.3,2.4,98.8,11.8,76.0,Yes,0.0,None
08:37:39.860,Active,404.2,2.4,98.8,11.8,76.0,Yes,0.0,None
08:37:40.289,Active,418.9,2.4,97.6,11.8,76.0,Yes,0.0,None
08:37:40.704,Active,407.9,2.4,98.2,11.8,76.5,Yes,0.0,None
08:37:41.123,Active,409.8,2.4,98.2,11.8,76.5,Yes,0.0,None
08:37:41.542,Active,410.4,2.4,98.2,11.8,76.0,Yes,0.0,None
08:37:41.958,Active,409.4,2.4,98.8,11.8,76.0,Yes,0.0,None
08:37:42.375,Active,407.5,2.4,97.6,11.8,77.1,Yes,0.0,None
08:37:42.791,Active,408.0,2.4,98.8,11.8,76.5,Yes,0.0,None
08:37:43.228,Active,428.8,2.4,98.8,11.8,76.0,Yes,0.0,None
08:37:43.644,Active,406.3,2.4,98.2,11.8,76.5,Yes,0.0,None
08:37:44.061,Active,409.3,2.4,98.8,11.8,77.1,Yes,0.0,None
08:37:44.476,Active,408.5,2.4,98.8,11.8,76.5,Yes,0.0,None
08:37:44.894,Active,412.4,2.4,98.8,11.8,76.5,Yes,0.0,None
08:37:45.308,Active,408.4,2.4,98.2,11.8,77.1,Yes,0.0,None
08:37:45.726,Active,408.6,2.4,97.0,11.8,76.5,Yes,0.0,None
08:37:46.153,Active,416.8,2.4,97.6,11.8,76.5,Yes,0.0,None
08:37:46.568,Active,408.4,2.4,98.8,11.8,76.5,Yes,0.3241882920265198,Leaf Rot
08:37:46.985,Active,408.5,2.4,98.2,11.8,77.1,Yes,0.0,None
08:37:47.401,Active,406.9,2.4,98.8,11.8,76.5,Yes,0.0,None
08:37:47.816,Active,408.2,2.4,98.8,11.8,76.5,Yes,0.37831541895866394,Leaf Rot
08:37:48.234,Active,410.3,2.4,97.6,11.8,77.7,Yes,0.0,None
08:37:48.649,Active,407.0,2.4,98.2,11.8,77.7,Yes,0.0,None
08:37:49.067,Active,411.4,2.4,98.2,11.8,76.5,Yes,0.40337705612182617,Leaf Rot
08:37:49.489,Active,409.6,2.4,97.6,11.8,76.5,Yes,0.0,None
08:37:49.904,Active,408.3,2.4,98.8,11.8,77.7,Yes,0.0,None
08:37:50.327,Active,417.3,2.4,98.2,11.8,76.5,Yes,0.30629032850265503,Leaf Rot
08:37:50.744,Active,409.1,2.4,97.6,11.8,76.5,Yes,0.0,None
08:37:51.164,Active,412.6,2.4,98.8,11.8,76.5,Yes,0.0,None
08:37:51.578,Active,407.0,2.4,98.2,11.8,77.1,Yes,0.0,None
08:37:52.000,Active,412.9,2.4,98.8,11.8,77.1,Yes,0.0,None
08:37:52.432,Active,425.0,2.4,95.3,11.8,77.7,Yes,0.0,None
08:37:52.847,Active,409.1,2.4,99.4,11.8,76.5,Yes,0.0,None
08:37:53.300,Active,446.7,2.4,97.8,11.8,76.5,Yes,0.3910589814186096,Leaf Rot
08:37:53.713,Active,406.6,2.4,98.2,11.8,77.1,Yes,0.0,None
08:37:54.126,Active,407.9,2.4,99.4,11.9,77.7,Yes,0.0,None
08:37:54.539,Active,404.8,2.4,99.4,11.9,77.1,Yes,0.0,None
08:37:54.954,Active,409.6,2.4,99.4,11.9,77.1,Yes,0.0,None
08:37:55.367,Active,406.9,2.4,99.4,11.9,77.1,Yes,0.0,None
08:37:55.779,Active,403.5,2.4,98.8,11.9,77.1,Yes,0.0,None
08:37:56.195,Active,407.1,2.4,99.4,11.9,77.1,Yes,0.0,None
08:37:56.615,Active,410.1,2.4,97.0,11.8,78.2,Yes,0.0,None
08:37:57.031,Active,405.2,2.4,98.2,11.8,77.7,Yes,0.0,None
08:37:57.445,Active,407.9,2.4,100.0,11.8,77.1,Yes,0.0,None
08:37:57.869,Active,417.9,2.4,97.0,11.8,77.1,Yes,0.0,None
08:37:58.293,Active,417.7,2.4,98.8,11.8,77.1,Yes,0.0,None
08:37:58.707,Active,408.2,2.4,98.8,11.8,77.1,Yes,0.0,None
08:37:59.130,Active,414.8,2.4,97.6,11.8,77.7,Yes,0.0,None
08:37:59.547,Active,407.1,2.4,98.2,11.8,77.1,Yes,0.0,None
08:38:44.999,Active,436.4,2.4,1.4,11.9,58.4,Yes,0.0,None
08:38:45.416,Active,408.6,2.4,98.2,11.9,60.0,Yes,0.0,None
08:38:45.832,Active,410.0,2.4,98.8,11.9,61.1,Yes,0.0,None
08:38:46.250,Active,410.9,2.4,98.8,11.9,62.8,Yes,0.0,None
08:38:46.678,Active,418.5,2.4,97.1,11.9,62.2,Yes,0.3453354835510254,Leaf Rot
08:38:47.095,Active,407.3,2.4,98.2,11.9,63.9,Yes,0.0,None
08:38:47.512,Active,408.8,2.4,98.8,11.9,64.5,Yes,0.0,None
08:38:47.937,Active,417.5,2.4,97.0,11.8,65.0,Yes,0.0,None
08:38:48.352,Active,409.0,2.4,98.8,11.8,65.5,Yes,0.0,None
08:38:48.769,Active,409.6,2.4,99.4,11.8,66.7,Yes,0.0,None
08:38:49.185,Active,410.5,2.4,98.2,11.8,66.7,Yes,0.0,None
08:38:49.598,Active,406.3,2.4,98.8,11.8,66.1,Yes,0.0,None
08:38:50.019,Active,411.2,2.4,98.2,11.9,67.8,Yes,0.0,None
08:38:50.436,Active,410.9,2.4,98.8,11.9,67.8,Yes,0.0,None
08:38:50.867,Active,423.4,2.4,95.9,11.8,68.8,Yes,0.0,None
08:38:51.285,Active,409.3,2.4,98.2,11.8,68.3,Yes,0.0,None
08:38:51.699,Active,408.0,2.4,98.8,11.8,68.8,Yes,0.0,None
08:38:52.115,Active,409.6,2.4,98.8,11.8,69.4,Yes,0.0,None
08:38:52.527,Active,406.5,2.4,99.4,11.8,70.0,Yes,0.0,None
08:38:52.941,Active,408.1,2.4,98.8,11.8,70.0,Yes,0.0,None
08:38:53.360,Active,412.9,2.4,99.4,11.8,70.0,Yes,0.0,None
08:38:53.773,Active,407.3,2.4,98.8,11.8,70.0,Yes,0.0,None
08:38:54.220,Active,437.7,2.4,98.3,12.0,70.5,Yes,0.0,None
08:38:54.635,Active,407.4,2.4,98.2,12.0,70.5,Yes,0.0,None
08:38:55.065,Active,421.3,2.4,96.5,12.0,71.0,Yes,0.0,None
08:38:55.482,Active,410.5,2.4,98.8,12.0,70.5,Yes,0.33015161752700806,Leaf Rot
08:38:55.898,Active,408.4,2.4,98.2,12.0,70.5,Yes,0.0,None
08:38:56.317,Active,410.0,2.4,98.2,12.0,71.0,Yes,0.0,None
08:38:56.730,Active,406.2,2.4,98.8,11.9,71.6,Yes,0.0,None
08:38:57.152,Active,412.5,2.4,98.2,11.9,71.0,Yes,0.0,None
08:38:57.569,Active,411.5,2.4,98.8,11.9,71.6,Yes,0.3858541250228882,Leaf Rot
08:38:57.995,Active,419.7,2.4,96.5,11.9,72.2,Yes,0.0,None
08:38:58.411,Active,408.5,2.4,98.2,11.9,71.6,Yes,0.0,None
08:38:58.830,Active,408.9,2.4,98.2,11.9,71.6,Yes,0.36124008893966675,Leaf Rot
08:38:59.247,Active,408.0,2.4,97.6,11.9,72.2,Yes,0.0,None
08:38:59.673,Active,416.1,2.4,98.8,11.9,72.7,Yes,0.0,None
08:39:00.090,Active,409.3,2.4,98.2,11.9,72.2,Yes,0.0,None
08:39:00.507,Active,407.7,2.4,98.2,11.9,73.2,Yes,0.0,None
08:39:00.925,Active,408.9,2.4,98.2,11.9,72.2,Yes,0.0,None
08:39:01.344,Active,408.9,2.4,98.2,11.9,72.2,Yes,0.0,None
08:39:01.761,Active,409.7,2.4,98.2,11.9,72.2,Yes,0.0,None
08:39:02.179,Active,409.9,2.4,98.2,11.9,73.2,Yes,0.0,None
08:39:02.591,Active,404.1,2.4,98.8,11.9,73.8,Yes,0.0,None
08:39:03.007,Active,409.8,2.4,99.4,11.8,73.2,Yes,0.0,None
08:39:03.425,Active,409.7,2.4,98.8,11.8,73.2,Yes,0.0,None
08:39:03.839,Active,407.5,2.4,98.2,11.8,72.7,Yes,0.0,None
08:39:04.271,Active,424.1,2.4,97.1,11.8,72.7,Yes,0.0,None
08:39:04.694,Active,413.0,2.4,98.2,11.8,73.8,Yes,0.0,None
08:39:05.127,Active,423.2,2.4,96.5,11.8,73.2,Yes,0.0,None
08:39:05.547,Active,407.6,2.4,97.6,11.8,74.9,Yes,0.0,None
08:39:05.962,Active,407.5,2.4,98.8,11.8,73.8,Yes,0.0,None
08:39:06.380,Active,408.2,2.4,97.0,11.8,73.8,Yes,0.0,None
08:39:06.795,Active,407.7,2.4,98.8,11.8,74.9,Yes,0.0,None
08:39:07.215,Active,411.9,2.4,98.2,11.8,72.7,Yes,0.0,None
08:39:07.635,Active,408.1,2.4,97.0,11.8,73.8,Yes,0.0,None
08:39:08.052,Active,410.6,2.4,99.4,11.8,74.3,Yes,0.0,None
08:39:08.469,Active,410.0,2.4,98.2,11.8,73.8,Yes,0.0,None
08:39:08.885,Active,409.4,2.4,98.8,11.8,74.9,Yes,0.0,None
08:39:09.305,Active,413.8,2.4,98.2,11.8,74.3,Yes,0.0,None
08:39:09.733,Active,418.4,2.4,98.2,11.8,74.3,Yes,0.3429410755634308,Leaf Rot
08:39:10.161,Active,421.9,2.4,96.5,11.8,74.3,Yes,0.0,None
08:39:10.575,Active,407.7,2.4,99.4,11.8,73.8,Yes,0.0,None
08:39:10.994,Active,410.9,2.4,98.2,11.8,74.9,Yes,0.0,None
08:39:11.433,Active,429.4,2.4,95.4,11.8,74.3,Yes,0.0,None
08:39:11.848,Active,408.5,2.4,98.8,11.8,74.3,Yes,0.0,None
08:39:12.268,Active,414.2,2.4,98.8,11.8,75.5,Yes,0.0,None
08:39:12.682,Active,406.4,2.4,98.2,11.8,73.8,Yes,0.0,None
08:39:13.101,Active,412.9,2.4,98.8,11.8,74.9,Yes,0.0,None
08:39:13.516,Active,406.8,2.4,98.2,11.8,75.5,Yes,0.0,None
08:39:13.936,Active,410.4,2.4,97.6,11.8,74.9,Yes,0.0,None
08:39:14.352,Active,409.7,2.4,98.8,11.8,75.5,Yes,0.0,None
08:39:14.783,Active,423.8,2.4,98.8,11.8,74.9,Yes,0.0,None
08:39:15.208,Active,418.6,2.4,98.8,11.8,74.9,Yes,0.0,None
08:39:15.623,Active,409.2,2.4,98.8,11.8,75.5,Yes,0.0,None
08:39:16.067,Active,438.3,2.4,94.9,11.8,74.9,Yes,0.0,None
08:39:16.484,Active,410.2,2.4,98.2,11.8,75.5,Yes,0.0,None
08:39:16.915,Active,425.9,2.4,97.1,11.8,75.5,Yes,0.0,None
08:39:17.344,Active,422.4,2.4,96.5,11.8,74.9,Yes,0.0,None
08:39:17.769,Active,417.1,2.4,97.1,11.8,74.9,Yes,0.0,None
08:39:18.183,Active,408.7,2.4,98.8,11.8,75.5,Yes,0.0,None
08:39:18.600,Active,408.0,2.4,98.8,11.8,75.5,Yes,0.0,None
08:39:19.015,Active,408.8,2.4,98.8,11.8,76.0,Yes,0.0,None
08:39:19.427,Active,404.9,2.4,99.4,11.8,74.9,Yes,0.0,None
08:39:19.840,Active,406.6,2.4,99.4,11.8,76.0,Yes,0.0,None
08:39:20.261,Active,411.1,2.4,98.2,11.8,76.0,Yes,0.0,None
08:39:20.677,Active,407.3,2.4,97.6,11.8,75.5,Yes,0.0,None
08:39:21.094,Active,409.8,2.4,98.8,11.8,76.0,Yes,0.0,None
08:39:21.513,Active,409.0,2.4,98.2,11.8,77.1,Yes,0.0,None
08:39:21.930,Active,408.0,2.4,97.6,11.8,75.5,Yes,0.0,None
08:39:22.349,Active,408.7,2.4,98.8,11.8,75.5,Yes,0.0,None
08:39:22.764,Active,408.5,2.4,99.4,11.8,76.0,Yes,0.0,None
08:39:23.183,Active,409.6,2.4,97.6,11.8,76.0,Yes,0.0,None
08:39:23.601,Active,408.0,2.4,98.2,11.8,75.5,Yes,0.0,None
08:39:24.021,Active,410.1,2.4,98.2,11.8,75.5,Yes,0.0,None
08:39:24.442,Active,411.5,2.4,97.6,11.8,76.0,Yes,0.0,None
08:39:24.897,Active,445.1,2.4,97.2,11.9,76.0,Yes,0.0,None
08:39:25.317,Active,409.1,2.4,98.2,11.9,74.9,Yes,0.0,None
08:39:25.733,Active,406.7,2.4,98.2,11.9,75.5,Yes,0.0,None
08:39:26.153,Active,409.7,2.4,97.6,11.9,74.9,Yes,0.0,None
08:39:26.570,Active,407.2,2.4,98.2,11.9,75.5,Yes,0.0,None
08:39:26.989,Active,410.5,2.4,98.8,11.9,76.0,Yes,0.0,None
08:39:27.408,Active,408.9,2.4,97.6,11.8,76.0,Yes,0.0,None
08:39:27.825,Active,409.6,2.4,98.2,11.8,75.5,Yes,0.0,None
08:39:28.242,Active,410.1,2.4,98.2,11.8,76.0,Yes,0.0,None
08:39:28.660,Active,408.2,2.4,98.2,11.8,75.5,Yes,0.0,None
08:39:29.084,Active,416.8,2.4,98.8,11.8,76.0,Yes,0.0,None
08:39:29.508,Active,412.8,2.4,96.4,11.8,76.0,Yes,0.0,None
08:39:29.936,Active,418.1,2.4,98.2,11.8,75.5,Yes,0.0,None
08:39:30.353,Active,407.2,2.4,98.2,11.8,77.1,Yes,0.0,None
08:39:30.771,Active,407.4,2.4,98.2,11.8,76.0,Yes,0.0,None
08:39:31.192,Active,411.7,2.4,98.2,11.8,76.0,Yes,0.0,None
08:39:31.606,Active,407.4,2.4,98.2,11.8,76.0,Yes,0.0,None
08:39:32.026,Active,410.2,2.4,98.2,11.8,76.5,Yes,0.0,None
08:39:32.444,Active,408.3,2.4,98.2,11.8,77.7,Yes,0.0,None
08:39:32.858,Active,407.8,2.4,99.4,11.8,76.0,Yes,0.0,None
08:39:33.276,Active,409.6,2.4,98.8,11.8,76.0,Yes,0.0,None
08:39:33.693,Active,407.4,2.4,97.6,11.8,77.1,Yes,0.0,None
08:39:34.110,Active,410.1,2.4,99.4,11.8,76.0,Yes,0.0,None
08:39:34.529,Active,405.6,2.4,97.0,11.8,76.0,Yes,0.0,None
08:39:34.963,Active,427.4,2.4,99.4,11.8,77.1,Yes,0.0,None
08:39:35.384,Active,410.7,2.4,98.8,11.8,76.0,Yes,0.0,None
08:39:35.799,Active,407.6,2.4,98.2,11.8,76.5,Yes,0.0,None
08:39:36.214,Active,409.0,2.4,98.2,11.8,76.5,Yes,0.0,None
08:39:36.631,Active,407.7,2.4,98.2,11.8,76.5,Yes,0.0,None
08:39:37.049,Active,409.7,2.4,98.2,11.8,76.5,Yes,0.0,None
08:39:37.462,Active,405.9,2.4,99.4,11.8,76.5,Yes,0.0,None
08:39:37.878,Active,408.5,2.4,98.2,11.8,77.1,Yes,0.0,None
08:39:38.294,Active,409.8,2.4,98.8,11.8,76.0,Yes,0.0,None
08:39:38.711,Active,410.5,2.4,98.2,11.8,76.5,Yes,0.0,None
08:39:39.138,Active,418.9,2.4,96.5,11.8,77.1,Yes,0.0,None
08:39:39.555,Active,407.5,2.4,98.2,11.8,76.5,Yes,0.0,None
08:39:39.994,Active,433.4,2.4,99.4,11.8,77.1,Yes,0.0,None
08:39:40.404,Active,403.7,2.4,99.4,11.8,77.7,Yes,0.0,None
08:39:40.819,Active,409.2,2.4,99.4,11.8,76.5,Yes,0.0,None
08:39:41.239,Active,413.8,2.4,98.2,11.8,76.5,Yes,0.0,None
08:39:41.661,Active,413.5,2.4,97.0,11.8,77.1,Yes,0.0,None
08:39:42.080,Active,412.5,2.4,99.4,11.8,76.5,Yes,0.0,None
08:39:42.496,Active,408.3,2.4,98.2,11.8,76.5,Yes,0.0,None
08:39:42.911,Active,407.7,2.4,98.2,11.8,77.1,Yes,0.0,None
08:39:43.328,Active,410.5,2.4,98.8,11.8,76.5,Yes,0.0,None
08:39:43.741,Active,406.5,2.4,98.2,11.8,77.1,Yes,0.0,None
08:39:44.159,Active,411.1,2.4,99.4,11.8,77.7,Yes,0.0,None
08:39:44.575,Active,407.6,2.4,98.2,11.8,77.1,Yes,0.0,None
08:40:30.018,Active,426.4,2.4,1.4,11.8,59.0,Yes,0.0,None
08:40:30.435,Active,405.9,2.4,98.2,11.8,60.6,Yes,0.0,None
08:40:30.859,Active,417.8,2.4,99.4,11.8,61.1,Yes,0.0,None
08:40:31.275,Active,407.9,2.4,99.4,11.8,62.2,Yes,0.0,None
08:40:31.696,Active,412.2,2.4,98.2,11.8,63.4,Yes,0.0,None
08:40:32.112,Active,408.7,2.4,98.2,11.8,63.9,Yes,0.0,None
08:40:32.535,Active,413.2,3.4,97.0,11.8,64.5,Yes,0.0,None
08:40:32.954,Active,408.5,3.4,98.2,11.8,65.0,Yes,0.0,None
08:40:33.372,Active,408.3,3.4,98.2,11.8,65.5,Yes,0.0,None
08:40:33.789,Active,407.7,3.4,98.2,11.8,66.1,Yes,0.0,None
08:40:34.210,Active,411.3,3.4,98.2,11.8,66.7,Yes,0.0,None
08:40:34.628,Active,408.0,3.4,97.6,11.8,67.2,Yes,0.0,None
08:40:35.048,Active,410.1,3.4,98.2,11.8,67.8,Yes,0.0,None
08:40:35.466,Active,407.4,3.4,98.2,11.8,67.8,Yes,0.0,None
08:40:35.896,Active,420.8,3.4,98.3,11.8,67.2,Yes,0.0,None
08:40:36.316,Active,410.7,3.4,98.2,11.8,68.3,Yes,0.0,None
08:40:36.733,Active,407.2,2.4,98.2,11.8,68.8,Yes,0.0,None
08:40:37.152,Active,409.7,2.4,98.2,11.8,67.8,Yes,0.0,None
08:40:37.570,Active,407.4,2.4,97.6,11.8,70.0,Yes,0.0,None
08:40:37.990,Active,413.5,2.4,98.2,11.8,68.8,Yes,0.0,None
08:40:38.409,Active,409.6,2.4,98.2,11.8,69.4,Yes,0.0,None
08:40:38.824,Active,407.2,2.4,97.6,11.7,70.0,Yes,0.0,None
08:40:39.245,Active,411.3,2.4,98.2,11.7,70.0,Yes,0.0,None
08:40:39.660,Active,407.9,2.4,98.8,11.8,70.0,Yes,0.0,None
08:40:40.083,Active,410.3,2.4,97.6,11.8,70.0,Yes,0.0,None
08:40:40.501,Active,408.3,2.4,97.6,11.8,70.5,Yes,0.0,None
08:40:40.939,Active,428.7,2.4,97.7,11.8,71.0,Yes,0.0,None
08:40:41.359,Active,410.2,2.4,97.6,11.8,72.7,Yes,0.0,None
08:40:41.778,Active,409.1,2.4,98.2,11.8,71.6,Yes,0.0,None
08:40:42.195,Active,408.4,2.4,98.8,11.8,71.0,Yes,0.0,None
08:40:42.613,Active,408.3,2.4,97.6,11.8,71.6,Yes,0.0,None
08:40:43.033,Active,410.9,2.4,98.2,11.8,72.2,Yes,0.0,None
08:40:43.485,Active,406.2,2.4,89.4,11.8,72.2,Yes,0.0,None
08:40:43.901,Active,407.1,2.4,98.8,11.8,72.2,Yes,0.0,None
08:40:44.319,Active,411.8,2.4,98.8,11.8,72.2,Yes,0.0,None
08:40:44.735,Active,410.1,2.4,98.8,11.8,72.7,Yes,0.0,None
08:40:45.168,Active,424.8,2.4,94.8,11.8,72.7,Yes,0.0,None
08:40:45.585,Active,409.5,2.4,98.8,11.8,72.7,Yes,0.0,None
08:40:46.003,Active,411.5,2.4,98.2,11.8,72.2,Yes,0.0,None
08:40:46.425,Active,415.0,2.4,100.0,11.8,72.7,Yes,0.0,None
08:40:46.840,Active,408.1,2.4,98.8,11.9,72.7,Yes,0.0,None
08:40:47.257,Active,411.3,2.4,99.4,11.9,72.2,Yes,0.0,None
08:40:47.673,Active,406.7,2.4,98.2,11.9,73.8,Yes,0.0,None
08:40:48.092,Active,412.6,2.4,98.8,11.9,73.2,Yes,0.0,None
08:40:48.533,Active,435.0,2.4,94.9,11.9,73.2,Yes,0.0,None
08:40:48.953,Active,410.8,2.4,97.6,11.9,72.7,Yes,0.0,None
08:40:49.390,Active,431.5,2.4,95.4,11.9,73.2,Yes,0.0,None
08:40:49.805,Active,408.6,2.4,98.8,11.9,73.2,Yes,0.0,None
08:40:50.221,Active,410.0,2.4,98.2,11.8,73.2,Yes,0.0,None
08:40:50.636,Active,408.2,2.4,99.4,11.9,73.2,Yes,0.0,None
08:40:51.054,Active,409.1,2.4,98.2,11.8,73.2,Yes,0.0,None
08:40:51.470,Active,406.9,2.4,98.2,11.8,74.3,Yes,0.0,None
08:40:51.884,Active,407.3,2.4,99.4,11.8,73.2,Yes,0.0,None
08:40:52.302,Active,409.2,2.4,98.2,11.8,74.3,Yes,0.0,None
08:40:52.721,Active,409.6,2.4,98.8,11.8,73.8,Yes,0.0,None
08:40:53.139,Active,411.8,2.4,98.2,11.8,74.3,Yes,0.0,None
08:40:53.554,Active,408.2,2.4,98.8,11.8,74.9,Yes,0.0,None
08:40:53.976,Active,412.8,2.4,98.2,11.8,74.9,Yes,0.0,None
08:40:54.392,Active,408.3,2.4,98.2,11.8,74.3,Yes,0.0,None
08:40:54.808,Active,408.4,2.4,98.8,11.8,74.3,Yes,0.0,None
08:40:55.228,Active,412.2,2.4,98.2,11.8,74.3,Yes,0.0,None
08:40:55.644,Active,408.7,2.4,98.8,11.8,74.3,Yes,0.0,None
08:40:56.076,Active,424.3,2.4,98.3,11.8,73.2,Yes,0.0,None
08:40:56.500,Active,412.0,2.4,98.2,11.8,74.9,Yes,0.0,None
08:40:56.916,Active,408.2,2.4,98.2,11.9,74.9,Yes,0.0,None
08:40:57.344,Active,420.5,2.4,97.1,11.9,74.9,Yes,0.0,None
08:40:57.759,Active,407.2,2.4,98.2,11.9,74.9,Yes,0.0,None
08:40:58.179,Active,411.8,2.4,98.2,11.9,74.3,Yes,0.0,None
08:40:58.595,Active,407.6,2.4,98.2,11.8,74.9,Yes,0.0,None
08:40:59.013,Active,411.7,2.4,99.4,11.8,74.9,Yes,0.0,None
08:40:59.428,Active,408.0,2.4,98.8,11.8,74.3,Yes,0.0,None
08:40:59.844,Active,409.9,2.4,98.8,11.8,75.5,Yes,0.0,None
08:41:00.263,Active,412.6,2.4,98.8,11.8,75.5,Yes,0.0,None
08:41:00.676,Active,406.8,2.4,99.4,11.8,75.5,Yes,0.0,None
08:41:01.113,Active,427.9,2.4,96.0,11.8,75.5,Yes,0.0,None
08:41:01.538,Active,418.4,2.4,99.4,11.8,75.5,Yes,0.0,None
08:41:01.963,Active,415.4,2.4,97.1,11.8,74.9,Yes,0.0,None
08:41:02.392,Active,419.8,2.4,96.5,11.8,75.5,Yes,0.0,None
08:41:02.807,Active,407.3,2.4,98.2,11.8,74.9,Yes,0.0,None
08:41:03.237,Active,421.4,2.4,96.5,11.8,76.0,Yes,0.0,None
08:41:03.652,Active,408.4,2.4,98.8,11.8,74.9,Yes,0.0,None
08:41:04.071,Active,411.8,2.4,98.8,11.8,75.5,Yes,0.0,None
08:41:04.509,Active,429.6,2.4,93.6,11.8,76.0,Yes,0.0,None
08:41:04.923,Active,407.5,2.4,99.4,11.8,75.5,Yes,0.0,None
08:41:05.338,Active,409.3,2.4,99.4,11.8,74.9,Yes,0.0,None
08:41:05.751,Active,406.5,2.4,99.4,11.8,76.0,Yes,0.0,None
08:41:06.167,Active,408.9,2.4,98.8,11.8,76.0,Yes,0.0,None
08:41:06.594,Active,421.4,2.4,99.4,11.8,75.5,Yes,0.0,None
08:41:07.012,Active,410.9,2.4,98.2,11.8,75.5,Yes,0.0,None
08:41:07.427,Active,409.7,2.4,98.8,11.8,75.5,Yes,0.0,None
08:41:07.844,Active,410.5,2.4,98.8,11.8,75.5,Yes,0.0,None
08:41:08.262,Active,409.1,2.4,98.2,11.8,76.0,Yes,0.0,None
08:41:08.680,Active,407.7,2.4,97.6,11.8,76.0,Yes,0.0,None
08:41:09.100,Active,410.1,2.4,98.2,11.8,76.5,Yes,0.0,None
08:41:09.518,Active,407.8,2.4,98.2,11.8,75.5,Yes,0.0,None
08:41:09.934,Active,408.7,2.4,98.8,11.8,75.5,Yes,0.0,None
08:41:10.355,Active,411.1,2.4,97.6,11.8,75.5,Yes,0.0,None
08:41:10.767,Active,403.4,2.4,98.2,11.8,76.5,Yes,0.0,None
08:41:11.188,Active,411.4,2.4,98.8,11.8,75.5,Yes,0.0,None
08:41:11.632,Active,437.8,2.4,96.6,11.8,76.0,Yes,0.0,None
08:41:12.050,Active,410.9,2.4,98.8,11.8,76.0,Yes,0.0,None
08:41:12.463,Active,406.9,2.4,99.4,11.8,76.0,Yes,0.0,None
08:41:12.880,Active,410.6,2.4,98.8,11.8,76.5,Yes,0.0,None
08:41:13.296,Active,409.8,2.4,98.8,11.8,76.0,Yes,0.0,None
08:41:13.710,Active,406.6,2.4,98.8,11.8,77.1,Yes,0.0,None
08:41:14.129,Active,409.3,2.4,98.2,11.8,76.0,Yes,0.0,None
08:41:14.548,Active,408.3,2.4,97.6,11.8,75.5,Yes,0.0,None
08:41:14.964,Active,410.4,2.4,98.8,11.8,76.0,Yes,0.0,None
08:41:15.378,Active,407.7,2.4,98.2,11.8,76.5,Yes,0.0,None
08:41:15.791,Active,406.3,2.4,99.4,11.8,76.5,Yes,0.0,None
08:41:16.208,Active,409.8,2.4,98.8,11.8,76.5,Yes,0.0,None
08:41:16.642,Active,427.8,2.4,98.9,11.8,76.5,Yes,0.0,None
08:41:17.062,Active,410.5,2.4,98.2,11.9,77.1,Yes,0.0,None
08:41:17.479,Active,407.4,2.4,97.6,11.9,76.5,Yes,0.0,None
08:41:17.895,Active,407.7,2.4,98.8,11.9,76.0,Yes,0.0,None
08:41:18.312,Active,410.7,2.4,99.4,11.9,77.1,Yes,0.0,None
08:41:18.727,Active,407.1,2.4,97.6,11.9,76.0,Yes,0.0,None
08:41:19.141,Active,408.2,2.4,99.4,11.9,76.0,Yes,0.0,None
08:41:19.556,Active,406.4,2.4,98.8,11.8,76.5,Yes,0.0,None
08:41:19.974,Active,408.4,2.4,98.2,11.8,77.1,Yes,0.0,None
08:41:20.390,Active,408.3,2.4,97.6,11.8,76.5,Yes,0.0,None
08:41:20.809,Active,408.7,2.4,98.2,11.8,76.5,Yes,0.0,None
08:41:21.231,Active,412.1,2.4,97.6,11.8,77.1,Yes,0.0,None
08:41:21.648,Active,407.7,2.4,98.2,11.8,75.5,Yes,0.0,None
08:41:22.065,Active,409.5,2.4,98.8,11.8,76.5,Yes,0.0,None
08:41:22.481,Active,406.7,2.4,98.2,11.8,76.5,Yes,0.0,None
08:41:22.892,Active,404.7,2.4,98.8,11.8,77.1,Yes,0.0,None
08:41:23.307,Active,408.3,2.4,99.4,11.8,78.2,Yes,0.0,None
08:41:23.723,Active,408.0,2.4,98.8,11.8,77.7,Yes,0.0,None
08:41:24.141,Active,409.1,2.4,98.8,11.8,77.1,Yes,0.0,None
08:41:24.555,Active,408.0,2.4,98.8,11.8,77.7,Yes,0.0,None
08:41:24.974,Active,410.3,2.4,98.2,11.8,76.5,Yes,0.0,None
08:41:25.391,Active,407.1,2.4,98.2,11.7,77.1,Yes,0.0,None
08:41:25.805,Active,408.1,2.4,98.8,11.7,77.1,Yes,0.0,None
08:41:26.221,Active,409.3,2.4,98.8,11.8,77.1,Yes,0.0,None
08:41:26.668,Active,440.3,2.4,99.4,11.8,76.5,Yes,0.0,None
08:41:27.089,Active,411.1,2.4,98.2,11.9,77.7,Yes,0.0,None
08:41:27.505,Active,409.6,2.4,98.8,11.8,77.1,Yes,0.0,None
08:41:27.921,Active,408.0,2.4,98.2,11.8,77.1,Yes,0.0,None
08:41:28.340,Active,410.0,2.4,97.6,11.8,77.1,Yes,0.0,None
08:41:28.757,Active,406.9,2.4,98.2,11.8,77.1,Yes,0.0,None
08:41:29.186,Active,419.7,2.4,98.3,11.8,77.7,Yes,0.0,None
08:41:29.605,Active,409.2,2.4,98.2,11.8,77.1,Yes,0.0,None
08:42:15.049,Active,429.6,2.4,1.4,11.9,59.0,Yes,0.0,None
08:42:15.464,Active,409.2,2.4,99.4,11.9,59.5,Yes,0.0,None
08:42:15.879,Active,407.5,2.4,98.2,11.8,61.1,Yes,0.0,None
08:42:16.299,Active,409.6,5.9,97.6,11.8,62.2,Yes,0.0,None
08:42:16.716,Active,408.1,5.9,98.2,11.8,63.4,Yes,0.0,None
08:42:17.136,Active,414.3,5.9,98.2,11.8,63.9,Yes,0.0,None
08:42:17.569,Active,426.7,5.9,98.8,11.9,64.5,Yes,0.0,None
08:42:17.984,Active,408.8,5.9,98.2,11.9,65.5,Yes,0.0,None
08:42:18.404,Active,408.4,5.9,98.2,11.9,65.5,Yes,0.0,None
08:42:18.817,Active,406.3,5.9,98.8,11.9,66.1,Yes,0.0,None
08:42:19.237,Active,413.5,5.9,98.8,11.9,66.7,Yes,0.0,None
08:42:19.651,Active,408.2,5.9,98.8,11.9,67.2,Yes,0.0,None
08:42:20.072,Active,410.7,5.9,97.6,11.9,67.8,Yes,0.0,None
08:42:20.490,Active,406.2,2.4,97.6,11.8,67.8,Yes,0.0,None
08:42:20.906,Active,406.0,2.4,98.8,11.8,68.3,Yes,0.0,None
08:42:21.325,Active,410.0,2.4,98.2,11.8,68.3,Yes,0.0,None
08:42:21.768,Active,432.3,2.4,94.9,11.8,67.8,Yes,0.0,None
08:42:22.196,Active,420.2,2.4,97.1,11.9,68.8,Yes,0.0,None
08:42:22.711,Active,403.9,2.4,79.1,11.8,70.0,Yes,0.0,None
08:42:23.133,Active,410.8,2.4,98.2,11.8,70.0,Yes,0.0,None
08:42:23.548,Active,407.2,2.4,97.6,11.8,70.0,Yes,0.0,None
08:42:23.963,Active,407.6,2.4,98.8,11.8,69.4,Yes,0.0,None
08:42:24.378,Active,406.3,2.4,98.2,11.8,68.8,Yes,0.0,None
08:42:24.792,Active,407.6,2.3,98.2,11.8,70.5,Yes,0.0,None
08:42:25.211,Active,409.0,2.3,98.2,11.8,71.0,Yes,0.0,None
08:42:25.622,Active,404.6,2.3,100.0,11.8,70.5,Yes,0.0,None
08:42:26.034,Active,406.7,2.3,99.4,11.8,71.6,Yes,0.0,None
08:42:26.452,Active,408.6,2.3,98.2,11.8,71.0,Yes,0.0,None
08:42:26.866,Active,407.8,2.3,98.8,11.8,72.2,Yes,0.0,None
08:42:27.284,Active,410.1,2.3,98.8,11.8,71.6,Yes,0.0,None
08:42:27.737,Active,442.9,2.3,97.2,11.8,71.0,Yes,0.0,None
08:42:28.156,Active,411.8,2.3,98.2,11.8,71.6,Yes,0.0,None
08:42:28.575,Active,409.0,2.3,98.2,11.8,72.2,Yes,0.0,None
08:42:28.992,Active,410.1,2.4,98.8,11.8,72.2,Yes,0.0,None
08:42:29.406,Active,406.1,2.4,98.2,11.8,72.7,Yes,0.0,None
08:42:29.820,Active,407.5,2.4,99.4,11.8,72.7,Yes,0.0,None
08:42:30.236,Active,410.2,2.4,98.8,11.8,72.7,Yes,0.0,None
08:42:30.650,Active,406.7,2.4,98.8,11.8,73.2,Yes,0.0,None
08:42:31.067,Active,407.3,2.4,98.2,11.8,72.7,Yes,0.0,None
08:42:31.482,Active,407.4,2.4,98.2,11.8,72.7,Yes,0.0,None
08:42:31.897,Active,406.8,2.4,98.2,11.8,72.2,Yes,0.0,None
08:42:32.315,Active,410.0,2.4,98.2,11.8,73.2,Yes,0.0,None
08:42:32.731,Active,407.2,2.4,98.2,11.8,72.2,Yes,0.0,None
08:42:33.158,Active,419.8,2.4,98.8,11.8,73.2,Yes,0.0,None
08:42:33.577,Active,409.2,2.4,98.2,11.8,73.2,Yes,0.0,None
08:42:33.997,Active,412.7,2.4,97.6,11.8,73.2,Yes,0.0,None
08:42:34.412,Active,407.4,2.4,98.2,11.8,73.2,Yes,0.0,None
08:42:34.830,Active,408.7,2.4,98.2,11.8,73.2,Yes,0.0,None
08:42:35.249,Active,409.4,2.4,98.2,11.8,73.2,Yes,0.0,None
08:42:35.671,Active,411.2,2.4,98.2,11.8,73.2,Yes,0.0,None
08:42:36.088,Active,408.6,2.4,98.2,11.8,73.8,Yes,0.0,None
08:42:36.506,Active,408.5,2.4,98.2,11.8,73.8,Yes,0.0,None
08:42:36.923,Active,409.1,2.4,98.2,11.8,73.8,Yes,0.0,None
08:42:37.342,Active,409.4,2.4,98.2,11.8,73.8,Yes,0.0,None
08:42:37.768,Active,416.7,2.4,98.3,11.8,73.8,Yes,0.0,None
08:42:38.189,Active,410.9,2.4,98.2,11.8,73.2,Yes,0.0,None
08:42:38.606,Active,408.5,2.4,97.6,11.8,73.8,Yes,0.0,None
08:42:39.129,Active,413.6,2.4,79.0,11.8,74.3,Yes,0.0,None
08:42:39.546,Active,407.3,2.4,98.2,11.8,74.9,Yes,0.0,None
08:42:39.958,Active,405.5,2.4,99.4,11.8,73.8,Yes,0.0,None
08:42:40.377,Active,408.7,2.4,98.2,11.8,73.2,Yes,0.0,None
08:42:40.792,Active,407.0,2.4,98.2,11.8,73.8,Yes,0.0,None
08:42:41.211,Active,409.4,2.4,97.6,11.8,74.9,Yes,0.0,None
08:42:41.629,Active,408.3,2.3,98.2,11.8,74.3,Yes,0.0,None
08:42:42.048,Active,409.3,2.3,98.2,11.8,74.3,Yes,0.0,None
08:42:42.461,Active,406.7,2.3,99.4,11.8,74.9,Yes,0.0,None
08:42:42.899,Active,427.5,2.3,97.2,11.8,74.9,Yes,0.0,None
08:42:43.317,Active,409.1,2.3,98.2,11.8,74.9,Yes,0.0,None
08:42:43.729,Active,406.1,2.3,98.8,11.8,74.9,Yes,0.0,None
08:42:44.148,Active,408.7,2.3,98.2,11.8,75.5,Yes,0.0,None
08:42:44.565,Active,406.2,2.3,98.2,11.8,74.9,Yes,0.0,None
08:42:44.981,Active,410.3,2.3,99.4,11.8,74.3,Yes,0.0,None
08:42:45.400,Active,412.2,2.3,98.8,11.8,74.9,Yes,0.0,None
08:42:45.915,Active,404.7,2.3,78.7,11.8,74.3,Yes,0.0,None
08:42:46.331,Active,407.4,2.3,99.4,11.8,74.9,Yes,0.0,None
08:42:46.748,Active,407.4,2.3,98.2,11.7,75.5,Yes,0.0,None
08:42:47.165,Active,409.2,2.3,98.8,11.7,75.5,Yes,0.0,None
08:42:47.580,Active,408.4,2.3,98.2,11.7,73.8,Yes,0.0,None
08:42:47.997,Active,411.1,2.3,98.8,11.7,74.9,Yes,0.0,None
08:42:48.427,Active,423.9,2.3,98.9,12.0,74.9,Yes,0.0,None
08:42:48.853,Active,417.8,2.3,97.6,12.0,76.5,Yes,0.0,None
08:42:49.280,Active,420.8,2.3,96.5,12.0,75.5,Yes,0.0,None
08:42:49.695,Active,407.8,2.3,98.8,12.0,74.9,Yes,0.0,None
08:42:50.111,Active,409.3,2.4,98.8,12.0,76.5,Yes,0.0,None
08:42:50.522,Active,403.0,2.4,98.8,12.0,76.5,Yes,0.0,None
08:42:50.964,Active,435.3,2.4,95.5,12.0,75.5,Yes,0.0,None
08:42:51.381,Active,409.5,2.4,98.8,12.0,76.0,Yes,0.0,None
08:42:51.796,Active,407.1,2.4,98.8,12.0,75.5,Yes,0.0,None
08:42:52.214,Active,408.7,2.4,97.6,12.0,76.0,Yes,0.0,None
08:42:52.628,Active,405.9,2.4,98.8,12.0,75.5,Yes,0.0,None
08:42:53.048,Active,410.3,2.4,98.2,12.0,75.5,Yes,0.0,None
08:42:53.464,Active,406.6,2.4,98.2,12.0,76.0,Yes,0.0,None
08:42:53.880,Active,408.3,2.4,98.8,12.0,75.5,Yes,0.0,None
08:42:54.300,Active,412.5,2.4,98.2,11.9,76.0,Yes,0.0,None
08:42:54.714,Active,408.2,2.4,98.8,11.9,76.5,Yes,0.0,None
08:42:55.131,Active,410.9,2.4,98.2,11.9,74.9,Yes,0.0,None
08:42:55.546,Active,407.5,2.4,98.8,11.9,76.0,Yes,0.0,None
08:42:55.962,Active,406.6,2.4,98.2,11.9,75.5,Yes,0.0,None
08:42:56.376,Active,407.9,2.4,99.4,11.9,76.0,Yes,0.0,None
08:42:56.793,Active,406.2,2.4,98.2,11.9,75.5,Yes,0.0,None
08:42:57.213,Active,412.5,2.4,98.8,11.9,76.5,Yes,0.0,None
08:42:57.625,Active,405.4,2.4,98.8,11.9,74.9,Yes,0.0,None
08:42:58.039,Active,407.5,2.4,99.4,12.0,76.0,Yes,0.0,None
08:42:58.558,Active,510.9,2.3,92.2,12.0,75.5,Yes,0.0,None
08:42:58.971,Active,406.5,2.3,98.8,12.0,76.0,Yes,0.0,None
08:42:59.383,Active,406.2,2.3,99.4,12.0,76.0,Yes,0.0,None
08:42:59.798,Active,407.1,2.3,99.4,12.0,76.5,Yes,0.0,None
08:43:00.211,Active,406.2,2.3,99.4,12.0,76.0,Yes,0.0,None
08:43:00.626,Active,407.0,2.3,99.4,12.0,76.5,Yes,0.0,None
08:43:01.048,Active,412.2,2.3,97.6,12.0,76.5,Yes,0.0,None
08:43:01.465,Active,411.3,2.3,99.4,11.9,77.1,Yes,0.0,None
08:43:01.879,Active,407.3,2.3,98.2,11.9,76.5,Yes,0.0,None
08:43:02.300,Active,412.2,2.3,98.2,11.9,76.5,Yes,0.0,None
08:43:02.714,Active,406.2,2.4,98.2,11.9,76.5,Yes,0.0,None
08:43:03.131,Active,407.5,2.4,98.2,11.9,76.0,Yes,0.0,None
08:43:03.557,Active,419.3,2.4,98.8,11.9,76.0,Yes,0.0,None
08:43:03.972,Active,408.6,2.4,98.8,11.9,76.0,Yes,0.0,None
08:43:04.391,Active,409.0,2.4,97.6,11.9,75.5,Yes,0.0,None
08:43:04.806,Active,406.3,2.4,98.8,11.9,76.5,Yes,0.0,None
08:43:05.225,Active,409.5,2.4,98.2,11.9,76.5,Yes,0.0,None
08:43:05.641,Active,409.5,2.4,99.4,11.9,76.5,Yes,0.0,None
08:43:06.056,Active,408.9,2.4,98.8,11.9,76.5,Yes,0.0,None
08:43:06.469,Active,406.6,2.4,99.4,11.9,76.0,Yes,0.0,None
08:43:06.885,Active,409.7,2.4,98.8,11.9,77.1,Yes,0.0,None
08:43:07.301,Active,409.5,2.4,98.8,11.9,76.0,Yes,0.0,None
08:43:07.717,Active,409.2,2.4,97.6,11.9,76.5,Yes,0.0,None
08:43:08.145,Active,422.4,2.4,97.1,11.9,77.1,Yes,0.0,None
08:43:08.582,Active,426.9,2.4,98.3,11.9,77.1,Yes,0.0,None
08:43:09.004,Active,412.6,2.4,98.2,11.9,77.1,Yes,0.0,None
08:43:09.435,Active,424.6,2.4,95.9,11.9,76.5,Yes,0.0,None
08:43:09.849,Active,407.8,2.4,98.8,11.9,77.7,Yes,0.0,None
08:43:10.270,Active,411.8,2.4,97.6,11.9,76.5,Yes,0.0,None
08:43:10.688,Active,408.7,2.4,98.2,11.9,76.5,Yes,0.0,None
08:43:11.106,Active,410.3,2.4,98.2,11.9,77.7,Yes,0.0,None
08:43:11.518,Active,406.6,2.4,99.4,11.9,76.5,Yes,0.0,None
08:43:11.936,Active,409.5,2.4,98.8,11.9,77.1,Yes,0.0,None
08:43:12.351,Active,407.6,2.4,98.2,11.9,77.1,Yes,0.0,None
08:43:12.766,Active,406.0,2.4,98.2,11.9,77.1,Yes,0.0,None
08:43:13.185,Active,409.7,2.4,98.2,11.9,76.5,Yes,0.0,None
08:43:13.620,Active,428.0,2.4,98.3,11.9,77.1,Yes,0.0,None
08:43:14.037,Active,409.5,2.4,98.2,11.9,76.5,Yes,0.0,None
08:43:14.451,Active,407.8,2.4,98.8,11.9,77.1,Yes,0.0,None
08:43:14.871,Active,407.2,2.4,97.6,11.9,77.7,Yes,0.0,None
08:44:00.306,Active,421.6,23.4,1.2,12.0,59.5,Yes,0.0,None
08:44:00.819,Active,407.3,23.4,80.8,12.0,60.0,Yes,0.0,None
08:44:01.235,Active,410.1,23.4,98.8,12.0,61.7,Yes,0.0,None
08:44:01.663,Active,418.4,23.4,95.9,12.0,62.8,Yes,0.0,None
08:44:02.078,Active,409.5,23.4,99.4,12.0,63.4,Yes,0.0,None
08:44:02.491,Active,406.2,23.4,98.8,11.9,64.5,Yes,0.0,None
08:44:02.904,Active,407.2,23.4,99.4,11.9,65.5,Yes,0.0,None
08:44:03.320,Active,408.6,23.4,98.8,11.9,65.5,Yes,0.0,None
08:44:03.738,Active,407.1,23.4,98.2,11.9,66.1,Yes,0.0,None
08:44:04.156,Active,409.4,23.4,98.8,11.9,67.2,Yes,0.0,None
08:44:04.579,Active,417.6,2.3,99.4,11.9,67.2,Yes,0.0,None
08:44:04.995,Active,408.8,2.3,99.4,11.9,67.8,Yes,0.0,None
08:44:05.409,Active,404.0,2.3,98.2,11.9,67.8,Yes,0.0,None
08:44:05.826,Active,407.7,2.3,99.4,11.9,68.3,Yes,0.0,None
08:44:06.243,Active,408.4,2.3,98.8,11.9,68.3,Yes,0.0,None
08:44:06.658,Active,408.3,2.3,98.8,11.9,68.8,Yes,0.0,None
08:44:07.072,Active,407.4,2.3,98.8,11.9,68.8,Yes,0.0,None
08:44:07.490,Active,410.3,2.3,98.8,11.9,68.8,Yes,0.0,None
08:44:07.912,Active,408.6,2.3,97.1,11.9,69.4,Yes,0.0,None
08:44:08.330,Active,410.7,2.3,98.2,11.9,69.4,Yes,0.0,None
08:44:08.746,Active,406.9,2.4,98.2,11.9,70.0,Yes,0.0,None
08:44:09.169,Active,415.0,2.4,98.2,11.9,70.0,Yes,0.0,None
08:44:09.595,Active,419.7,2.4,98.2,11.9,70.5,Yes,0.0,None
08:44:10.018,Active,415.8,2.4,98.2,11.9,70.5,Yes,0.0,None
08:44:10.436,Active,407.7,2.4,97.6,11.9,71.0,Yes,0.0,None
08:44:10.856,Active,410.0,2.4,97.0,11.9,71.0,Yes,0.0,None
08:44:11.273,Active,409.6,2.4,98.2,11.9,71.6,Yes,0.0,None
08:44:11.690,Active,407.6,2.4,98.2,11.9,71.0,Yes,0.0,None
08:44:12.113,Active,414.8,2.4,98.2,11.9,71.6,Yes,0.0,None
08:44:12.528,Active,408.8,2.4,98.8,11.9,71.6,Yes,0.0,None
08:44:12.949,Active,413.9,2.4,97.6,11.9,72.7,Yes,0.0,None
08:44:13.363,Active,408.0,2.4,98.8,11.9,72.2,Yes,0.0,None
08:44:13.774,Active,405.6,2.4,98.8,11.9,72.2,Yes,0.0,None
08:44:14.187,Active,406.5,2.4,99.4,11.9,72.2,Yes,0.0,None
08:44:14.654,Active,461.5,2.4,95.7,11.9,72.2,Yes,0.0,None
08:44:15.076,Active,412.2,2.4,97.6,12.0,71.6,Yes,0.0,None
08:44:15.489,Active,407.1,2.4,98.8,12.0,72.2,Yes,0.0,None
08:44:15.903,Active,407.3,2.4,98.8,12.0,73.2,Yes,0.0,None
08:44:16.320,Active,408.8,2.4,98.2,12.0,72.7,Yes,0.0,None
08:44:16.739,Active,409.7,2.4,98.2,12.0,73.2,Yes,0.0,None
08:44:17.160,Active,411.3,2.4,98.2,12.0,72.2,Yes,0.0,None
08:44:17.575,Active,408.1,2.4,98.2,11.9,72.7,Yes,0.0,None
08:44:17.995,Active,410.2,2.4,98.2,11.9,73.2,Yes,0.0,None
08:44:18.411,Active,406.8,2.4,98.2,11.9,73.8,Yes,0.0,None
08:44:18.823,Active,405.1,2.4,99.4,11.9,73.2,Yes,0.0,None
08:44:19.240,Active,409.5,2.4,99.4,11.9,73.8,Yes,0.0,None
08:44:19.672,Active,424.6,2.4,98.8,12.0,74.3,Yes,0.0,None
08:44:20.086,Active,408.7,2.4,99.4,12.0,73.2,Yes,0.0,None
08:44:20.497,Active,405.2,2.4,99.4,12.0,73.8,Yes,0.0,None
08:44:20.928,Active,420.6,2.4,97.1,12.0,73.8,Yes,0.0,None
08:44:21.361,Active,425.6,2.4,95.9,12.0,74.3,Yes,0.0,None
08:44:21.776,Active,408.5,2.4,98.2,12.0,74.3,Yes,0.0,None
08:44:22.196,Active,412.9,2.4,98.2,12.0,73.8,Yes,0.0,None
08:44:22.612,Active,409.8,2.4,99.4,11.9,74.3,Yes,0.0,None
08:44:23.031,Active,413.9,2.4,98.2,11.9,74.3,Yes,0.0,None
08:44:23.445,Active,407.7,2.4,98.8,11.9,74.3,Yes,0.0,None
08:44:23.860,Active,408.6,2.4,98.8,11.9,73.8,Yes,0.0,None
08:44:24.279,Active,412.0,2.4,98.8,11.9,74.9,Yes,0.0,None
08:44:24.694,Active,406.8,2.4,98.2,11.9,74.3,Yes,0.0,None
08:44:25.114,Active,411.0,2.4,98.2,11.9,75.5,Yes,0.0,None
08:44:25.528,Active,408.1,2.4,98.8,11.9,74.3,Yes,0.0,None
08:44:25.948,Active,410.4,2.4,98.2,11.9,74.9,Yes,0.0,None
08:44:26.365,Active,409.2,2.4,97.6,11.9,75.5,Yes,0.0,None
08:44:26.779,Active,407.2,2.4,98.2,11.9,74.9,Yes,0.0,None
08:44:27.198,Active,409.5,2.4,98.2,11.9,74.9,Yes,0.0,None
08:44:27.617,Active,409.6,2.4,98.2,11.9,74.3,Yes,0.0,None
08:44:28.033,Active,409.1,2.4,98.2,11.9,75.5,Yes,0.0,None
08:44:28.448,Active,408.5,2.4,98.8,11.9,74.9,Yes,0.0,None
08:44:28.865,Active,407.4,2.4,98.2,11.9,75.5,Yes,0.0,None
08:44:29.280,Active,408.5,2.4,98.8,11.9,75.5,Yes,0.0,None
08:44:29.753,Active,462.2,2.4,94.1,11.9,75.5,Yes,0.0,None
08:44:30.172,Active,409.7,2.4,98.2,12.0,74.9,Yes,0.0,None
08:44:30.596,Active,413.7,2.4,98.2,12.0,74.9,Yes,0.0,None
08:44:31.017,Active,411.9,2.4,97.6,12.0,74.3,Yes,0.0,None
08:44:31.432,Active,407.8,2.4,98.8,12.0,76.0,Yes,0.0,None
08:44:31.850,Active,409.1,2.4,98.2,12.0,74.9,Yes,0.0,None
08:44:32.271,Active,411.6,2.4,98.2,11.9,76.0,Yes,0.0,None
08:44:32.684,Active,406.1,2.4,99.4,11.9,76.0,Yes,0.0,None
08:44:33.098,Active,407.0,2.4,98.8,11.9,76.0,Yes,0.0,None
08:44:33.514,Active,408.3,2.4,98.8,11.9,75.5,Yes,0.0,None
08:44:33.927,Active,404.5,2.4,98.8,11.9,76.5,Yes,0.0,None
08:44:34.344,Active,409.8,2.4,99.4,11.9,74.9,Yes,0.0,None
08:44:34.758,Active,406.5,2.4,98.2,11.9,75.5,Yes,0.0,None
08:44:35.175,Active,410.7,2.4,100.0,11.9,76.5,Yes,0.0,None
08:44:35.586,Active,404.7,2.4,99.4,11.9,76.5,Yes,0.0,None
08:44:35.999,Active,407.3,2.4,100.0,11.9,76.0,Yes,0.0,None
08:44:36.414,Active,407.1,2.4,98.8,11.9,76.5,Yes,0.0,None
08:44:36.828,Active,407.3,2.4,99.4,11.9,76.5,Yes,0.0,None
08:44:37.250,Active,413.4,2.4,98.8,11.9,74.9,Yes,0.0,None
08:44:37.664,Active,407.6,2.4,98.2,11.9,76.0,Yes,0.0,None
08:44:38.084,Active,412.3,2.4,98.8,11.9,76.5,Yes,0.0,None
08:44:38.509,Active,417.8,2.4,97.6,11.9,75.5,Yes,0.0,None
08:44:38.925,Active,409.6,2.4,98.2,11.9,76.5,Yes,0.0,None
08:44:39.344,Active,411.3,2.4,98.2,11.9,76.0,Yes,0.0,None
08:44:39.767,Active,415.5,2.4,98.8,11.9,76.0,Yes,0.0,None
08:44:40.190,Active,415.9,2.4,98.2,12.0,76.5,Yes,0.0,None
08:44:40.609,Active,406.3,2.4,97.0,11.9,76.0,Yes,0.0,None
08:44:41.024,Active,408.4,2.4,99.4,11.9,77.1,Yes,0.0,None
08:44:41.443,Active,409.3,2.4,97.6,11.9,76.5,Yes,0.3278425931930542,Leaf Rot
08:44:41.864,Active,411.8,2.4,97.0,11.9,76.5,Yes,0.0,None
08:44:42.286,Active,412.8,2.4,98.2,11.9,76.5,Yes,0.0,None
08:44:42.701,Active,406.4,2.4,98.8,11.9,76.5,Yes,0.0,None
08:44:43.117,Active,407.6,2.4,98.2,11.9,76.5,Yes,0.0,None
08:44:43.532,Active,408.9,2.4,99.4,11.9,77.1,Yes,0.0,None
08:44:43.948,Active,406.1,2.4,97.6,11.9,77.1,Yes,0.0,None
08:44:44.364,Active,409.2,2.4,98.8,12.0,77.1,Yes,0.0,None
08:44:44.778,Active,407.8,2.4,98.2,12.0,76.5,Yes,0.0,None
08:44:45.214,Active,427.7,2.4,97.7,12.0,76.5,Yes,0.0,None
08:44:45.629,Active,409.0,2.4,99.4,12.0,77.1,Yes,0.0,None
08:44:46.044,Active,409.3,2.4,98.2,12.0,77.1,Yes,0.0,None
08:44:46.460,Active,409.2,2.4,97.6,12.0,76.5,Yes,0.0,None
08:44:46.874,Active,406.9,2.4,98.8,12.0,76.0,Yes,0.0,None
08:44:47.295,Active,411.1,2.4,98.2,11.9,76.5,Yes,0.0,None
08:44:47.716,Active,412.7,2.4,97.6,11.9,77.1,Yes,0.0,None
08:44:48.136,Active,413.8,2.4,98.2,11.9,77.1,Yes,0.0,None
08:44:48.552,Active,409.1,2.4,98.2,12.0,77.7,Yes,0.0,None
08:44:48.968,Active,409.9,2.4,98.8,11.9,77.7,Yes,0.0,None
08:44:49.389,Active,412.9,2.4,97.6,11.9,76.5,Yes,0.0,None
08:44:49.804,Active,408.3,2.4,99.4,11.9,76.5,Yes,0.0,None
08:44:50.241,Active,431.9,2.4,98.3,12.0,77.1,Yes,0.0,None
08:44:50.657,Active,409.6,2.4,98.2,12.0,77.1,Yes,0.0,None
08:44:51.073,Active,410.7,2.4,98.8,12.0,77.1,Yes,0.0,None
08:44:51.489,Active,406.8,2.4,98.2,12.0,77.1,Yes,0.0,None
08:44:51.904,Active,409.1,2.4,99.4,12.0,76.5,Yes,0.0,None
08:44:52.322,Active,410.2,2.4,98.2,12.0,77.1,Yes,0.0,None
08:44:52.739,Active,409.0,2.4,98.2,12.0,77.7,Yes,0.0,None
08:44:53.156,Active,409.1,2.4,98.2,12.0,77.1,Yes,0.0,None
08:44:53.573,Active,409.9,2.4,98.8,11.9,77.1,Yes,0.0,None
08:44:53.990,Active,410.5,2.4,98.2,11.9,77.1,Yes,0.0,None
08:44:54.405,Active,409.4,2.4,99.4,11.9,77.1,Yes,0.0,None
08:44:54.825,Active,414.7,2.4,97.0,11.9,77.1,Yes,0.0,None
08:44:55.245,Active,410.0,2.4,98.2,11.9,77.1,Yes,0.0,None
08:44:55.660,Active,408.7,2.4,99.4,11.9,77.1,Yes,0.0,None
08:44:56.076,Active,408.5,2.4,98.8,11.9,77.7,Yes,0.0,None
08:44:56.494,Active,408.3,2.4,98.2,11.9,77.1,Yes,0.0,None
08:44:56.910,Active,407.2,2.4,97.6,11.9,77.1,Yes,0.0,None
08:44:57.328,Active,409.8,2.4,98.2,11.9,77.7,Yes,0.0,None
08:44:57.745,Active,408.1,2.4,98.2,11.9,77.1,Yes,0.0,None
08:44:58.165,Active,410.0,2.4,98.2,11.9,78.2,Yes,0.0,None
08:44:58.580,Active,407.5,2.4,98.8,11.9,77.7,Yes,0.0,None
08:44:58.997,Active,410.1,2.4,98.8,11.9,78.2,Yes,0.0,None
08:44:59.412,Active,406.0,2.4,98.2,11.9,77.7,Yes,0.0,None
08:44:59.829,Active,407.1,2.4,97.6,11.9,77.1,Yes,0.0,None
08:45:00.283,Active,445.3,2.4,98.4,11.9,77.1,Yes,0.0,None
08:45:45.735,Active,437.5,2.4,1.4,11.9,59.0,Yes,0.0,None
08:45:46.175,Active,431.0,2.4,97.1,12.0,60.6,Yes,0.0,None
08:45:46.588,Active,406.8,2.4,98.8,12.0,61.7,Yes,0.0,None
08:45:47.005,Active,409.4,2.4,98.8,12.0,62.2,Yes,0.0,None
08:45:47.417,Active,406.1,2.4,98.8,12.0,63.4,Yes,0.0,None
08:45:47.834,Active,408.2,2.4,98.2,12.0,64.5,Yes,0.0,None
08:45:48.254,Active,409.8,3.4,98.2,12.0,65.0,Yes,0.0,None
08:45:48.670,Active,408.3,3.4,98.8,12.0,66.1,Yes,0.0,None
08:45:49.090,Active,407.1,3.4,97.6,11.9,66.1,Yes,0.0,None
08:45:49.509,Active,407.2,3.4,97.6,11.9,66.1,Yes,0.0,None
08:45:49.926,Active,408.2,3.4,98.2,11.9,66.7,Yes,0.0,None
08:45:50.340,Active,407.8,3.4,99.4,11.9,67.2,Yes,0.0,None
08:45:50.767,Active,416.5,3.4,96.5,11.9,67.8,Yes,0.0,None
08:45:51.204,Active,425.3,3.4,97.7,11.9,67.8,Yes,0.0,None
08:45:51.618,Active,408.1,3.4,100.0,12.0,68.3,Yes,0.0,None
08:45:52.031,Active,406.5,3.4,98.8,12.0,68.8,Yes,0.0,None
08:45:52.444,Active,405.1,2.4,99.4,12.0,68.8,Yes,0.0,None
08:45:52.860,Active,409.1,2.4,99.4,12.0,68.8,Yes,0.0,None
08:45:53.298,Active,431.1,2.4,94.8,12.0,70.0,Yes,0.0,None
08:45:53.720,Active,414.1,2.4,97.6,12.0,69.4,Yes,0.0,None
08:45:54.142,Active,414.6,2.4,98.2,12.0,70.5,Yes,0.0,None
08:45:54.559,Active,407.7,2.4,98.2,11.9,71.0,Yes,0.0,None
08:45:54.975,Active,407.9,2.4,98.2,11.9,70.0,Yes,0.0,None
08:45:55.483,Active,405.9,2.4,80.7,11.9,70.5,Yes,0.0,None
08:45:55.896,Active,405.4,2.4,98.2,11.9,71.0,Yes,0.0,None
08:45:56.314,Active,408.9,2.4,98.8,11.9,71.6,Yes,0.0,None
08:45:56.730,Active,410.1,2.3,97.6,11.9,70.5,Yes,0.0,None
08:45:57.145,Active,406.4,2.3,98.8,11.9,71.6,Yes,0.0,None
08:45:57.558,Active,407.3,2.3,100.0,11.9,72.2,Yes,0.0,None
08:45:57.972,Active,404.4,2.3,98.2,11.9,73.2,Yes,0.0,None
08:45:58.385,Active,404.9,2.3,98.8,11.9,72.7,Yes,0.0,None
08:45:58.799,Active,407.6,2.3,99.4,11.9,72.2,Yes,0.0,None
08:45:59.216,Active,409.0,2.3,98.2,11.9,71.6,Yes,0.0,None
08:45:59.628,Active,405.8,2.3,99.4,11.9,72.7,Yes,0.0,None
08:46:00.042,Active,407.5,2.3,99.4,11.9,71.6,Yes,0.0,None
08:46:00.459,Active,407.5,2.3,98.8,11.9,72.7,Yes,0.0,None
08:46:00.871,Active,405.9,2.4,99.4,11.9,73.8,Yes,0.0,None
08:46:01.321,Active,444.7,2.4,98.9,11.9,73.2,Yes,0.0,None
08:46:01.744,Active,414.1,2.4,97.6,11.9,73.8,Yes,0.0,None
08:46:02.160,Active,408.3,2.4,98.2,11.9,73.2,Yes,0.0,None
08:46:02.576,Active,408.6,2.4,98.8,11.9,73.2,Yes,0.0,None
08:46:02.997,Active,413.8,2.4,98.2,11.9,72.7,Yes,0.0,None
08:46:03.410,Active,407.5,2.4,98.8,11.9,73.2,Yes,0.0,None
08:46:03.828,Active,408.8,2.4,98.2,11.9,73.2,Yes,0.0,None
08:46:04.244,Active,409.9,2.4,98.8,11.9,73.8,Yes,0.0,None
08:46:04.661,Active,409.8,2.4,98.8,11.9,73.2,Yes,0.0,None
08:46:05.076,Active,409.4,2.4,98.8,11.9,73.8,Yes,0.0,None
08:46:05.492,Active,409.0,2.4,98.8,11.9,74.3,Yes,0.0,None
08:46:05.907,Active,407.8,2.4,98.2,11.9,74.3,Yes,0.0,None
08:46:06.336,Active,422.8,2.4,98.8,11.9,73.8,Yes,0.0,None
08:46:06.752,Active,408.4,2.4,98.8,11.9,74.3,Yes,0.0,None
08:46:07.168,Active,410.4,2.4,98.8,11.9,74.3,Yes,0.0,None
08:46:07.580,Active,406.2,2.4,99.4,11.9,74.9,Yes,0.0,None
08:46:07.998,Active,411.9,2.4,98.8,11.9,74.3,Yes,0.0,None
08:46:08.413,Active,408.5,2.4,98.8,11.9,74.3,Yes,0.0,None
08:46:08.825,Active,406.2,2.4,99.4,11.9,74.3,Yes,0.0,None
08:46:09.239,Active,407.3,2.4,99.4,11.9,74.3,Yes,0.0,None
08:46:09.649,Active,404.7,2.4,99.4,11.9,74.9,Yes,0.0,None
08:46:10.063,Active,408.0,2.4,99.4,11.9,73.8,Yes,0.0,None
08:46:10.477,Active,405.5,2.4,99.4,11.9,75.5,Yes,0.0,None
08:46:10.889,Active,405.5,2.4,99.4,11.9,74.9,Yes,0.0,None
08:46:11.322,Active,427.4,2.4,98.9,11.9,74.3,Yes,0.0,None
08:46:11.745,Active,412.5,2.4,98.2,11.9,74.9,Yes,0.0,None
08:46:12.161,Active,409.3,2.4,98.2,11.9,75.5,Yes,0.0,None
08:46:12.574,Active,406.3,2.4,98.8,11.9,74.9,Yes,0.0,None
08:46:12.987,Active,406.9,2.4,99.4,11.9,74.9,Yes,0.0,None
08:46:13.424,Active,428.3,2.4,97.7,11.9,75.5,Yes,0.0,None
08:46:13.838,Active,407.3,2.4,98.2,11.9,74.3,Yes,0.0,None
08:46:14.256,Active,411.3,2.4,98.2,11.9,75.5,Yes,0.0,None
08:46:14.669,Active,405.6,2.4,98.2,11.9,74.9,Yes,0.0,None
08:46:15.087,Active,411.4,2.4,99.4,11.9,75.5,Yes,0.0,None
08:46:15.504,Active,411.0,2.4,98.8,11.9,75.5,Yes,0.0,None
08:46:15.923,Active,413.5,2.4,98.2,11.9,75.5,Yes,0.0,None
08:46:16.365,Active,434.1,2.4,97.1,11.9,74.3,Yes,0.0,None
08:46:16.789,Active,414.9,2.4,97.0,11.9,76.0,Yes,0.0,None
08:46:17.206,Active,410.5,2.4,98.8,11.9,75.5,Yes,0.0,None
08:46:17.626,Active,409.7,2.4,97.6,11.9,75.5,Yes,0.0,None
08:46:18.044,Active,409.3,2.4,98.2,11.9,75.5,Yes,0.0,None
08:46:18.475,Active,423.9,2.4,96.5,11.9,75.5,Yes,0.0,None
08:46:18.892,Active,409.0,2.4,98.2,11.9,75.5,Yes,0.0,None
08:46:19.309,Active,409.7,2.4,98.8,11.9,75.5,Yes,0.0,None
08:46:19.723,Active,408.7,2.4,98.8,11.9,76.5,Yes,0.0,None
08:46:20.142,Active,410.4,2.4,98.2,11.9,75.5,Yes,0.0,None
08:46:20.559,Active,408.1,2.4,98.2,11.9,75.5,Yes,0.0,None
08:46:20.979,Active,411.3,2.4,98.2,11.9,76.0,Yes,0.0,None
08:46:21.395,Active,407.6,2.4,98.8,11.9,76.0,Yes,0.0,None
08:46:21.838,Active,434.5,2.4,97.8,11.9,76.5,Yes,0.0,None
08:46:22.259,Active,412.0,2.4,98.2,11.9,75.5,Yes,0.0,None
08:46:22.672,Active,405.6,2.4,98.8,11.9,76.0,Yes,0.0,None
08:46:23.087,Active,408.1,2.4,99.4,11.9,76.0,Yes,0.0,None
08:46:23.500,Active,407.0,2.4,98.8,11.9,76.5,Yes,0.0,None
08:46:23.916,Active,406.7,2.4,98.2,11.9,76.0,Yes,0.0,None
08:46:24.331,Active,409.2,2.4,98.8,11.9,76.0,Yes,0.0,None
08:46:24.745,Active,406.9,2.4,98.8,11.9,74.9,Yes,0.0,None
08:46:25.160,Active,409.1,2.4,98.8,11.9,77.1,Yes,0.0,None
08:46:25.575,Active,408.2,2.4,98.8,11.9,76.0,Yes,0.0,None
08:46:25.991,Active,410.0,2.4,98.8,11.9,76.5,Yes,0.0,None
08:46:26.403,Active,404.1,2.4,98.8,11.9,77.1,Yes,0.0,None
08:46:26.813,Active,404.0,2.4,100.0,11.9,76.5,Yes,0.0,None
08:46:27.230,Active,407.1,2.4,98.8,11.9,76.0,Yes,0.0,None
08:46:27.646,Active,410.2,2.4,98.8,11.9,77.1,Yes,0.0,None
08:46:28.065,Active,410.0,2.4,98.2,11.8,76.0,Yes,0.0,None
08:46:28.482,Active,406.8,2.4,98.2,11.9,76.0,Yes,0.0,None
08:46:28.900,Active,408.7,2.4,97.6,11.9,76.5,Yes,0.0,None
08:46:29.320,Active,412.6,2.4,98.2,11.9,76.5,Yes,0.0,None
08:46:29.740,Active,414.3,2.4,97.6,11.9,76.5,Yes,0.0,None
08:46:30.164,Active,413.6,2.4,97.6,11.9,76.5,Yes,0.0,None
08:46:30.581,Active,409.3,2.4,98.2,11.9,77.1,Yes,0.0,None
08:46:31.000,Active,409.7,2.4,98.2,11.9,76.5,Yes,0.0,None
08:46:31.419,Active,408.6,2.4,98.2,11.8,77.1,Yes,0.0,None
08:46:31.870,Active,443.7,2.4,97.2,11.9,76.0,Yes,0.0,None
08:46:32.288,Active,408.9,2.4,98.2,11.9,77.1,Yes,0.0,None
08:46:32.704,Active,406.1,2.4,98.2,11.9,77.1,Yes,0.0,None
08:46:33.118,Active,407.1,2.4,98.8,11.9,76.5,Yes,0.0,None
08:46:33.536,Active,405.5,2.4,98.2,11.9,77.1,Yes,0.0,None
08:46:33.956,Active,408.8,2.4,98.2,11.9,77.1,Yes,0.0,None
08:46:34.372,Active,407.6,2.4,98.8,11.9,76.0,Yes,0.0,None
08:46:34.787,Active,407.0,2.4,98.8,11.9,76.5,Yes,0.0,None
08:46:35.202,Active,408.2,2.4,98.8,11.9,77.7,Yes,0.0,None
08:46:35.615,Active,406.8,2.4,98.8,11.9,77.1,Yes,0.0,None
08:46:36.031,Active,408.6,2.4,99.4,11.9,77.1,Yes,0.0,None
08:46:36.445,Active,408.7,2.4,99.4,11.9,77.1,Yes,0.0,None
08:46:36.871,Active,420.0,2.4,98.2,11.9,77.1,Yes,0.0,None
08:46:37.289,Active,411.0,2.4,98.8,11.9,77.1,Yes,0.0,None
08:46:37.704,Active,408.1,2.4,98.2,11.9,76.5,Yes,0.0,None
08:46:38.124,Active,410.7,2.4,98.2,12.0,77.1,Yes,0.0,None
08:46:38.542,Active,407.8,2.4,97.6,11.9,77.1,Yes,0.0,None
08:46:38.957,Active,405.1,2.4,98.2,11.9,77.1,Yes,0.0,None
08:46:39.373,Active,407.7,2.4,99.4,11.9,77.7,Yes,0.0,None
08:46:39.790,Active,407.7,2.4,98.2,11.9,76.5,Yes,0.0,None
08:46:40.208,Active,409.9,2.4,98.2,11.9,76.5,Yes,0.0,None
08:46:40.625,Active,410.0,2.4,98.8,11.9,77.1,Yes,0.0,None
08:46:41.039,Active,407.4,2.4,98.8,11.9,77.1,Yes,0.0,None
08:46:41.454,Active,408.2,2.4,98.8,11.9,77.1,Yes,0.0,None
08:46:41.891,Active,427.9,2.4,97.1,12.0,77.1,Yes,0.0,None
08:46:42.312,Active,414.4,2.4,97.6,11.9,77.1,Yes,0.0,None
08:46:42.728,Active,408.3,2.4,98.2,12.0,77.1,Yes,0.0,None
08:46:43.144,Active,408.3,2.4,98.8,11.9,77.7,Yes,0.0,None
08:46:43.560,Active,410.5,2.4,98.2,11.9,77.1,Yes,0.0,None
08:46:43.973,Active,406.9,2.4,99.4,11.9,78.2,Yes,0.0,None
08:46:44.387,Active,407.4,2.4,100.0,11.9,77.1,Yes,0.0,None
08:46:44.799,Active,406.2,2.4,99.4,11.9,77.1,Yes,0.0,None
08:46:45.213,Active,408.3,2.4,99.4,11.9,77.7,Yes,0.0,None
08:46:45.628,Active,408.9,2.4,99.4,11.9,77.7,Yes,0.0,None
08:47:31.061,Active,417.7,2.4,1.2,11.8,59.5,Yes,0.0,None
08:47:31.475,Active,404.7,2.4,99.4,11.8,60.6,Yes,0.0,None
08:47:31.892,Active,406.8,8.0,98.2,11.8,61.7,Yes,0.0,None
08:47:32.306,Active,408.6,8.0,98.8,11.8,62.8,Yes,0.0,None
08:47:32.753,Active,439.2,8.0,98.9,11.9,63.4,Yes,0.0,None
08:47:33.168,Active,406.1,8.0,99.4,12.0,64.5,Yes,0.0,None
08:47:33.597,Active,422.7,8.0,96.5,12.0,65.0,Yes,0.0,None
08:47:34.012,Active,409.1,8.0,99.4,12.0,65.0,Yes,0.0,None
08:47:34.426,Active,407.1,8.0,99.4,11.9,66.1,Yes,0.0,None
08:47:34.843,Active,410.7,8.0,99.4,11.9,66.7,Yes,0.0,None
08:47:35.261,Active,408.6,8.0,97.6,11.9,67.2,Yes,0.0,None
08:47:35.677,Active,407.2,8.0,98.8,11.9,67.2,Yes,0.0,None
08:47:36.094,Active,409.6,2.4,98.8,11.9,67.2,Yes,0.0,None
08:47:36.510,Active,408.4,2.4,98.8,11.9,67.8,Yes,0.0,None
08:47:36.923,Active,406.4,2.4,99.4,11.9,67.8,Yes,0.0,None
08:47:37.339,Active,408.3,2.4,98.8,11.9,69.4,Yes,0.0,None
08:47:37.752,Active,407.2,2.4,98.8,11.9,69.4,Yes,0.0,None
08:47:38.174,Active,412.7,2.4,98.8,11.9,69.4,Yes,0.0,None
08:47:38.593,Active,409.6,2.4,98.2,12.0,70.5,Yes,0.0,None
08:47:39.009,Active,408.7,2.4,98.2,11.9,70.0,Yes,0.0,None
08:47:39.427,Active,409.0,2.4,98.2,11.9,70.0,Yes,0.0,None
08:47:39.854,Active,418.6,2.4,96.5,11.9,71.0,Yes,0.0,None
08:47:40.273,Active,409.9,2.4,98.2,11.9,70.5,Yes,0.0,None
08:47:40.690,Active,407.8,2.4,97.6,11.9,71.0,Yes,0.0,None
08:47:41.107,Active,411.1,2.4,99.4,11.9,70.5,Yes,0.0,None
08:47:41.524,Active,408.3,2.4,98.2,11.9,71.0,Yes,0.0,None
08:47:41.951,Active,419.8,2.4,96.4,11.9,71.0,Yes,0.0,None
08:47:42.371,Active,412.0,2.4,98.2,11.9,71.6,Yes,0.0,None
08:47:42.813,Active,433.6,2.4,96.6,11.9,71.0,Yes,0.0,None
08:47:43.249,Active,430.0,2.4,95.4,12.0,71.6,Yes,0.0,None
08:47:43.664,Active,408.5,2.4,99.4,12.0,71.6,Yes,0.0,None
08:47:44.083,Active,413.7,2.4,98.2,11.9,72.2,Yes,0.0,None
08:47:44.495,Active,406.0,2.4,98.8,11.9,72.7,Yes,0.0,None
08:47:44.907,Active,406.2,2.4,99.4,11.9,72.2,Yes,0.0,None
08:47:45.322,Active,409.3,2.4,99.4,11.9,72.7,Yes,0.0,None
08:47:45.736,Active,407.9,2.4,98.8,11.9,72.7,Yes,0.0,None
08:47:46.162,Active,419.4,2.4,97.0,11.9,72.7,Yes,0.0,None
08:47:46.580,Active,408.3,2.4,98.2,11.9,73.2,Yes,0.0,None
08:47:46.997,Active,409.6,2.4,98.2,11.9,72.7,Yes,0.0,None
08:47:47.410,Active,406.9,2.4,98.8,11.9,72.7,Yes,0.0,None
08:47:47.845,Active,425.9,2.4,98.3,11.9,73.2,Yes,0.0,None
08:47:48.264,Active,412.7,2.4,98.8,11.9,73.2,Yes,0.0,None
08:47:48.681,Active,409.5,2.4,98.2,11.9,73.2,Yes,0.0,None
08:47:49.097,Active,410.1,2.4,98.2,11.9,73.8,Yes,0.0,None
08:47:49.519,Active,407.6,2.4,97.1,11.9,73.2,Yes,0.0,None
08:47:49.931,Active,404.8,2.4,99.4,11.9,74.3,Yes,0.0,None
08:47:50.346,Active,409.5,2.4,99.4,11.9,73.8,Yes,0.0,None
08:47:50.758,Active,406.3,2.4,99.4,11.9,73.8,Yes,0.0,None
08:47:51.170,Active,406.1,2.4,99.4,11.9,74.9,Yes,0.0,None
08:47:51.582,Active,405.8,2.4,100.0,11.9,73.8,Yes,0.0,None
08:47:51.996,Active,408.3,2.4,99.4,11.8,73.8,Yes,0.0,None
08:47:52.410,Active,405.4,2.4,98.8,11.8,74.3,Yes,0.0,None
08:47:52.827,Active,408.6,2.4,98.2,11.8,73.8,Yes,0.0,None
08:47:53.271,Active,435.8,2.4,98.9,11.9,73.8,Yes,0.0,None
08:47:53.687,Active,410.1,2.4,99.4,11.9,74.3,Yes,0.0,None
08:47:54.109,Active,413.7,2.4,97.6,12.0,73.8,Yes,0.0,None
08:47:54.528,Active,412.8,2.4,97.6,12.0,74.9,Yes,0.0,None
08:47:54.944,Active,408.8,2.4,98.8,12.0,74.9,Yes,0.0,None
08:47:55.359,Active,409.1,2.4,99.4,12.0,74.3,Yes,0.0,None
08:47:55.775,Active,407.6,2.4,98.2,12.0,76.0,Yes,0.0,None
08:47:56.189,Active,408.4,2.4,98.8,12.0,74.9,Yes,0.0,None
08:47:56.604,Active,406.3,2.4,98.8,11.9,74.3,Yes,0.0,None
08:47:57.028,Active,418.1,2.4,97.6,11.9,74.9,Yes,0.0,None
08:47:57.444,Active,409.5,2.4,99.4,11.9,75.5,Yes,0.0,None
08:47:57.857,Active,407.4,2.4,98.8,11.9,74.9,Yes,0.0,None
08:47:58.274,Active,410.4,2.4,99.4,11.9,74.9,Yes,0.0,None
08:47:58.693,Active,409.9,2.4,97.6,11.9,74.9,Yes,0.0,None
08:47:59.110,Active,411.0,2.4,98.2,11.9,75.5,Yes,0.0,None
08:47:59.533,Active,413.3,2.4,97.0,11.9,76.0,Yes,0.0,None
08:47:59.953,Active,414.6,2.4,97.6,11.9,75.5,Yes,0.0,None
08:48:00.371,Active,412.2,2.4,99.4,11.9,75.5,Yes,0.0,None
08:48:00.785,Active,407.9,2.4,98.2,11.9,75.5,Yes,0.0,None
08:48:01.208,Active,416.7,2.4,98.8,11.9,75.5,Yes,0.0,None
08:48:01.631,Active,416.1,2.4,97.6,11.9,74.9,Yes,0.0,None
08:48:02.052,Active,412.7,2.4,98.2,11.9,76.0,Yes,0.0,None
08:48:02.468,Active,409.3,2.4,98.2,11.9,75.5,Yes,0.0,None
08:48:02.885,Active,407.4,2.4,98.2,11.9,74.9,Yes,0.0,None
08:48:03.333,Active,441.7,2.4,98.3,11.9,75.5,Yes,0.0,None
08:48:03.754,Active,413.8,2.4,96.4,11.9,74.9,Yes,0.0,None
08:48:04.178,Active,410.4,2.4,97.0,11.9,76.0,Yes,0.0,None
08:48:04.595,Active,407.4,2.4,98.2,11.9,76.0,Yes,0.0,None
08:48:05.020,Active,417.1,2.4,97.6,11.9,76.0,Yes,0.0,None
08:48:05.435,Active,408.2,2.4,98.8,11.9,75.5,Yes,0.0,None
08:48:05.849,Active,408.1,2.4,98.8,11.9,76.0,Yes,0.0,None
08:48:06.267,Active,411.9,2.4,99.4,11.9,76.0,Yes,0.0,None
08:48:06.682,Active,408.7,2.4,98.8,11.9,76.5,Yes,0.0,None
08:48:07.103,Active,411.4,2.4,97.6,11.9,75.5,Yes,0.0,None
08:48:07.518,Active,408.3,2.4,98.8,11.9,76.5,Yes,0.0,None
08:48:07.936,Active,409.1,2.4,98.2,11.9,74.9,Yes,0.0,None
08:48:08.362,Active,419.0,2.4,98.8,11.9,76.5,Yes,0.0,None
08:48:08.781,Active,409.5,2.4,97.6,11.9,76.0,Yes,0.0,None
08:48:09.200,Active,412.3,2.4,98.8,11.9,76.0,Yes,0.0,None
08:48:09.618,Active,413.0,2.4,98.2,11.9,75.5,Yes,0.0,None
08:48:10.036,Active,411.8,2.4,98.8,11.9,75.5,Yes,0.0,None
08:48:10.450,Active,408.3,2.4,98.2,11.9,76.0,Yes,0.0,None
08:48:10.867,Active,407.9,2.4,98.8,11.9,76.0,Yes,0.0,None
08:48:11.283,Active,409.2,2.4,98.8,11.9,76.0,Yes,0.0,None
08:48:11.695,Active,406.2,2.4,99.4,11.9,76.0,Yes,0.0,None
08:48:12.112,Active,408.3,2.4,98.8,11.9,76.0,Yes,0.0,None
08:48:12.529,Active,409.6,2.4,98.2,11.9,76.5,Yes,0.0,None
08:48:12.948,Active,413.0,2.4,98.2,11.9,76.5,Yes,0.0,None
08:48:13.384,Active,428.8,2.4,98.3,11.9,77.1,Yes,0.0,None
08:48:13.800,Active,408.5,2.4,98.8,11.9,76.5,Yes,0.0,None
08:48:14.217,Active,411.5,2.4,98.8,11.9,76.5,Yes,0.0,None
08:48:14.629,Active,405.9,2.4,98.8,11.9,76.0,Yes,0.0,None
08:48:15.042,Active,406.8,2.4,99.4,11.9,77.1,Yes,0.0,None
08:48:15.459,Active,407.9,2.4,98.2,11.9,77.1,Yes,0.0,None
08:48:15.875,Active,407.5,2.4,98.2,11.9,76.0,Yes,0.0,None
08:48:16.293,Active,408.3,2.4,98.2,11.9,77.1,Yes,0.0,None
08:48:16.709,Active,406.8,2.4,98.2,11.9,76.5,Yes,0.0,None
08:48:17.129,Active,413.8,2.4,98.8,11.9,76.5,Yes,0.0,None
08:48:17.548,Active,409.4,2.4,97.0,11.9,77.1,Yes,0.0,None
08:48:17.965,Active,410.2,2.4,99.4,11.9,76.5,Yes,0.0,None
08:48:18.408,Active,437.6,2.4,98.3,11.9,77.1,Yes,0.0,None
08:48:18.822,Active,406.7,2.4,98.2,11.9,77.7,Yes,0.0,None
08:48:19.240,Active,408.9,2.4,98.2,11.9,77.1,Yes,0.0,None
08:48:19.658,Active,406.5,2.4,98.2,11.9,78.2,Yes,0.0,None
08:48:20.076,Active,410.0,2.4,98.2,11.9,76.5,Yes,0.0,None
08:48:20.497,Active,413.2,2.4,97.6,11.9,77.1,Yes,0.0,None
08:48:20.912,Active,409.1,2.4,99.4,11.9,76.5,Yes,0.0,None
08:48:21.345,Active,425.9,2.4,96.0,11.9,76.5,Yes,0.0,None
08:48:21.764,Active,408.7,2.4,97.6,11.9,76.5,Yes,0.3192785978317261,Leaf Rot
08:48:22.179,Active,408.7,2.4,98.8,11.9,76.5,Yes,0.0,None
08:48:22.592,Active,407.3,2.4,98.8,11.9,77.7,Yes,0.0,None
08:48:23.011,Active,409.8,2.4,98.2,11.9,77.1,Yes,0.0,None
08:48:23.428,Active,408.9,2.4,98.8,11.8,77.1,Yes,0.0,None
08:48:23.860,Active,425.8,2.4,98.8,11.9,77.1,Yes,0.0,None
08:48:24.278,Active,410.6,2.4,98.2,11.9,76.0,Yes,0.0,None
08:48:24.692,Active,408.3,2.4,98.8,11.9,77.7,Yes,0.0,None
08:48:25.112,Active,413.1,2.4,98.2,11.9,77.1,Yes,0.0,None
08:48:25.527,Active,407.9,2.4,98.8,11.9,77.7,Yes,0.0,None
08:48:25.952,Active,416.4,2.4,97.6,11.9,77.1,Yes,0.0,None
08:48:26.372,Active,412.9,2.4,98.8,11.9,76.5,Yes,0.0,None
08:48:26.786,Active,407.1,2.4,97.6,11.9,78.2,Yes,0.0,None
08:48:27.208,Active,415.3,2.4,98.2,11.9,76.5,Yes,0.0,None
08:48:27.622,Active,407.8,2.4,98.2,11.8,77.7,Yes,0.0,None
08:48:28.036,Active,408.9,2.4,98.8,11.9,77.7,Yes,0.0,None
08:48:28.450,Active,407.2,2.4,98.8,11.9,78.8,Yes,0.0,None
08:48:28.866,Active,409.2,2.4,98.2,11.9,77.1,Yes,0.0,None
08:48:29.284,Active,409.1,2.4,98.2,11.9,77.1,Yes,0.0,None
08:48:29.700,Active,408.7,2.4,98.8,11.9,76.5,Yes,0.0,None
08:48:30.117,Active,409.9,2.4,98.8,11.9,77.1,Yes,0.0,None
08:48:30.530,Active,407.4,2.4,98.8,11.9,76.5,Yes,0.0,None
08:48:30.948,Active,408.8,2.4,98.2,11.9,76.5,Yes,0.0,None
08:49:16.388,Active,426.5,2.4,1.4,12.0,59.5,Yes,0.0,None
08:49:16.800,Active,405.6,2.4,100.0,12.0,60.6,Yes,0.0,None
08:49:17.219,Active,411.6,2.4,99.4,12.0,62.8,Yes,0.0,None
08:49:17.637,Active,409.7,2.4,98.8,12.0,62.2,Yes,0.0,None
08:49:18.151,Active,408.0,2.4,79.6,12.0,64.5,Yes,0.0,None
08:49:18.566,Active,409.0,2.4,98.8,12.0,63.9,Yes,0.0,None
08:49:18.986,Active,410.2,2.4,98.2,12.0,65.5,Yes,0.0,None
08:49:19.423,Active,431.3,2.4,98.9,12.0,65.5,Yes,0.0,None
08:49:19.835,Active,405.9,2.6,99.4,12.0,66.1,Yes,0.0,None
08:49:20.252,Active,411.0,2.6,98.8,12.0,67.2,Yes,0.0,None
08:49:20.673,Active,411.5,2.6,98.2,12.0,66.7,Yes,0.0,None
08:49:21.087,Active,407.8,2.6,98.2,12.0,68.3,Yes,0.0,None
08:49:21.511,Active,411.9,2.6,97.6,12.0,67.2,Yes,0.0,None
08:49:21.928,Active,406.9,2.6,98.8,12.0,67.8,Yes,0.0,None
08:49:22.345,Active,407.0,2.6,98.2,11.9,68.3,Yes,0.0,None
08:49:22.758,Active,407.0,2.6,98.8,11.9,68.8,Yes,0.0,None
08:49:23.177,Active,409.5,2.6,98.8,11.9,69.4,Yes,0.0,None
08:49:23.597,Active,410.2,2.6,97.6,11.9,69.4,Yes,0.0,None
08:49:24.015,Active,411.0,2.4,98.2,11.9,70.0,Yes,0.0,None
08:49:24.432,Active,408.7,2.4,98.2,11.9,70.0,Yes,0.0,None
08:49:24.869,Active,431.1,2.4,98.3,11.9,70.0,Yes,0.0,None
08:49:25.288,Active,410.2,2.4,98.2,11.9,70.0,Yes,0.0,None
08:49:25.704,Active,408.0,2.4,98.8,11.9,71.0,Yes,0.0,None
08:49:26.120,Active,410.5,2.4,98.8,11.9,71.0,Yes,0.0,None
08:49:26.537,Active,408.9,2.4,98.8,11.9,70.5,Yes,0.0,None
08:49:26.957,Active,414.2,2.4,98.2,11.9,71.0,Yes,0.0,None
08:49:27.369,Active,405.8,2.4,98.8,11.9,72.2,Yes,0.0,None
08:49:27.784,Active,408.7,2.4,99.4,11.9,72.2,Yes,0.0,None
08:49:28.202,Active,410.5,2.4,98.8,11.9,72.2,Yes,0.0,None
08:49:28.621,Active,412.3,2.4,97.6,11.9,71.6,Yes,0.0,None
08:49:29.038,Active,410.9,2.4,98.8,11.9,72.2,Yes,0.0,None
08:49:29.475,Active,431.0,2.4,98.9,11.9,72.7,Yes,0.0,None
08:49:29.887,Active,405.7,2.4,99.4,11.9,72.7,Yes,0.0,None
08:49:30.301,Active,408.3,2.4,99.4,11.9,72.2,Yes,0.0,None
08:49:30.720,Active,410.5,2.4,98.2,11.9,71.6,Yes,0.0,None
08:49:31.137,Active,411.0,2.4,98.8,11.8,72.7,Yes,0.0,None
08:49:31.553,Active,410.0,2.4,98.2,11.8,72.7,Yes,0.0,None
08:49:31.966,Active,406.4,2.4,98.8,11.8,72.7,Yes,0.0,None
08:49:32.383,Active,406.4,2.4,98.2,11.8,72.7,Yes,0.0,None
08:49:32.800,Active,408.4,2.4,98.2,11.8,74.3,Yes,0.0,None
08:49:33.217,Active,409.7,2.4,98.8,11.8,73.8,Yes,0.0,None
08:49:33.631,Active,407.3,2.4,98.2,11.8,73.2,Yes,0.0,None
08:49:34.055,Active,415.7,2.4,97.6,11.8,73.2,Yes,0.0,None
08:49:34.472,Active,408.5,2.4,98.2,11.8,74.3,Yes,0.0,None
08:49:34.927,Active,449.1,2.4,98.3,11.9,73.8,Yes,0.0,None
08:49:35.346,Active,408.9,2.4,97.6,11.8,74.3,Yes,0.0,None
08:49:35.760,Active,408.3,2.4,98.8,11.8,73.8,Yes,0.0,None
08:49:36.175,Active,407.9,2.4,98.8,11.9,75.5,Yes,0.0,None
08:49:36.591,Active,409.5,2.4,98.8,11.9,74.3,Yes,0.0,None
08:49:37.011,Active,410.8,2.4,98.2,11.8,73.8,Yes,0.0,None
08:49:37.428,Active,407.0,2.4,98.2,11.8,74.3,Yes,0.0,None
08:49:37.846,Active,408.0,2.4,98.2,11.8,73.2,Yes,0.0,None
08:49:38.267,Active,410.9,2.4,97.6,11.8,74.3,Yes,0.0,None
08:49:38.681,Active,406.0,2.4,98.8,11.9,74.3,Yes,0.0,None
08:49:39.100,Active,408.7,2.4,98.2,11.9,74.9,Yes,0.0,None
08:49:39.520,Active,409.9,2.4,97.6,11.9,75.5,Yes,0.0,None
08:49:39.947,Active,419.8,2.4,98.2,11.9,74.9,Yes,0.0,None
08:49:40.365,Active,409.5,2.4,98.2,11.9,74.9,Yes,0.0,None
08:49:40.780,Active,408.1,2.4,98.8,11.9,74.3,Yes,0.0,None
08:49:41.204,Active,416.3,2.4,98.2,11.9,74.3,Yes,0.0,None
08:49:41.617,Active,407.0,2.4,98.8,11.9,76.0,Yes,0.0,None
08:49:42.034,Active,410.7,2.4,98.8,11.9,75.5,Yes,0.0,None
08:49:42.461,Active,417.8,2.4,97.6,11.9,75.5,Yes,0.0,None
08:49:42.889,Active,417.7,2.4,97.1,11.9,75.5,Yes,0.0,None
08:49:43.304,Active,408.3,2.4,99.4,11.9,74.9,Yes,0.0,None
08:49:43.720,Active,410.0,2.4,98.8,11.9,74.3,Yes,0.0,None
08:49:44.135,Active,409.1,2.4,98.8,11.9,74.9,Yes,0.0,None
08:49:44.553,Active,407.9,2.4,97.6,11.9,75.5,Yes,0.0,None
08:49:44.990,Active,427.0,2.4,98.3,12.0,74.9,Yes,0.0,None
08:49:45.422,Active,422.7,2.4,95.3,12.0,75.5,Yes,0.0,None
08:49:45.841,Active,410.0,2.4,98.2,12.0,74.9,Yes,0.0,None
08:49:46.260,Active,412.9,2.4,98.2,12.0,74.9,Yes,0.0,None
08:49:46.682,Active,411.9,2.4,98.2,12.0,75.5,Yes,0.0,None
08:49:47.100,Active,408.7,2.4,98.2,12.0,76.0,Yes,0.0,None
08:49:47.516,Active,409.9,2.4,98.8,12.0,75.5,Yes,0.0,None
08:49:47.932,Active,408.6,2.4,98.2,11.9,74.9,Yes,0.0,None
08:49:48.367,Active,425.5,2.4,94.8,11.9,75.5,Yes,0.0,None
08:49:48.784,Active,408.6,2.4,98.2,11.9,75.5,Yes,0.0,None
08:49:49.202,Active,409.6,2.4,98.8,11.9,76.0,Yes,0.0,None
08:49:49.616,Active,404.8,2.4,98.2,11.9,74.9,Yes,0.0,None
08:49:50.117,Active,492.5,2.4,91.5,11.9,75.5,Yes,0.0,None
08:49:50.534,Active,407.1,2.4,98.2,11.9,75.5,Yes,0.0,None
08:49:50.949,Active,407.2,2.4,98.8,11.9,75.5,Yes,0.0,None
08:49:51.366,Active,409.6,2.4,98.8,11.9,75.5,Yes,0.0,None
08:49:51.783,Active,408.9,2.4,97.6,11.9,75.5,Yes,0.0,None
08:49:52.199,Active,407.5,2.4,98.8,11.9,76.0,Yes,0.0,None
08:49:52.724,Active,417.2,2.4,78.9,11.9,76.0,Yes,0.0,None
08:49:53.140,Active,408.1,2.4,98.2,11.9,74.9,Yes,0.0,None
08:49:53.555,Active,409.6,2.3,99.4,11.9,76.5,Yes,0.0,None
08:49:53.968,Active,406.5,2.3,98.2,11.9,74.9,Yes,0.0,None
08:49:54.382,Active,405.8,2.3,97.6,11.9,75.5,Yes,0.0,None
08:49:54.808,Active,416.9,2.3,97.0,11.9,76.0,Yes,0.0,None
08:49:55.245,Active,430.1,2.3,98.3,11.9,76.0,Yes,0.0,None
08:49:55.660,Active,408.6,2.3,98.8,11.9,76.0,Yes,0.0,None
08:49:56.096,Active,430.1,2.3,95.4,11.9,76.0,Yes,0.0,None
08:49:56.511,Active,407.3,2.3,99.4,11.9,76.5,Yes,0.0,None
08:49:56.935,Active,415.2,2.3,97.0,11.9,76.0,Yes,0.0,None
08:49:57.372,Active,428.3,2.3,95.4,11.9,76.0,Yes,0.0,None
08:49:57.788,Active,408.6,2.4,98.8,11.9,76.0,Yes,0.0,None
08:49:58.210,Active,413.8,2.4,98.2,11.9,76.5,Yes,0.0,None
08:49:58.623,Active,406.9,2.4,98.8,11.9,76.5,Yes,0.0,None
08:49:59.037,Active,407.9,2.4,99.4,11.9,76.0,Yes,0.0,None
08:49:59.452,Active,407.0,2.4,98.2,11.9,76.0,Yes,0.0,None
08:49:59.865,Active,407.7,2.4,99.4,11.9,76.5,Yes,0.0,None
08:50:00.284,Active,409.0,2.4,98.2,11.9,76.5,Yes,0.0,None
08:50:00.701,Active,409.6,2.4,98.2,11.9,76.5,Yes,0.0,None
08:50:01.117,Active,409.3,2.4,97.6,11.9,76.5,Yes,0.0,None
08:50:01.531,Active,407.9,2.4,99.4,11.9,76.5,Yes,0.0,None
08:50:01.946,Active,409.1,2.4,98.8,11.9,76.5,Yes,0.0,None
08:50:02.364,Active,409.8,2.4,98.8,11.9,76.5,Yes,0.0,None
08:50:02.780,Active,409.8,2.4,98.2,11.9,76.5,Yes,0.0,None
08:50:03.200,Active,410.8,2.4,97.6,11.9,77.1,Yes,0.0,None
08:50:03.619,Active,408.5,2.4,98.2,11.9,76.5,Yes,0.0,None
08:50:04.037,Active,408.7,2.4,98.2,11.9,76.0,Yes,0.0,None
08:50:04.454,Active,407.3,2.4,97.6,11.8,77.7,Yes,0.0,None
08:50:04.874,Active,410.5,2.4,97.6,11.8,76.5,Yes,0.0,None
08:50:05.327,Active,447.5,2.4,98.9,11.9,76.5,Yes,0.0,None
08:50:05.741,Active,406.5,2.4,98.8,11.9,77.1,Yes,0.0,None
08:50:06.159,Active,411.8,2.4,98.8,12.0,77.1,Yes,0.0,None
08:50:06.577,Active,409.9,2.4,98.2,12.0,77.1,Yes,0.0,None
08:50:06.992,Active,409.0,2.4,98.8,12.0,77.1,Yes,0.0,None
08:50:07.407,Active,407.3,2.4,98.8,12.0,77.1,Yes,0.0,None
08:50:07.821,Active,405.3,2.4,98.8,12.0,77.1,Yes,0.0,None
08:50:08.236,Active,409.0,2.4,99.4,12.0,77.1,Yes,0.0,None
08:50:08.665,Active,419.1,2.4,95.9,11.9,77.1,Yes,0.0,None
08:50:09.081,Active,407.1,2.4,98.8,12.0,77.1,Yes,0.0,None
08:50:09.493,Active,405.2,2.4,98.8,12.0,77.1,Yes,0.0,None
08:50:09.908,Active,408.2,2.4,99.4,12.0,76.5,Yes,0.0,None
08:50:10.331,Active,414.8,2.4,98.2,11.9,77.1,Yes,0.0,None
08:50:10.751,Active,409.3,2.4,97.6,12.0,77.1,Yes,0.0,None
08:50:11.172,Active,413.8,2.4,98.8,12.0,76.5,Yes,0.0,None
08:50:11.601,Active,421.8,2.4,95.9,11.9,77.7,Yes,0.0,None
08:50:12.014,Active,406.8,2.4,100.0,11.9,76.5,Yes,0.0,None
08:50:12.427,Active,406.5,2.4,99.4,11.9,76.5,Yes,0.0,None
08:50:12.842,Active,409.4,2.4,99.4,11.9,77.1,Yes,0.0,None
08:50:13.255,Active,407.1,2.4,98.8,11.9,77.1,Yes,0.0,None
08:50:13.676,Active,413.8,2.4,98.2,11.9,77.7,Yes,0.0,None
08:50:14.112,Active,427.8,2.4,95.4,11.9,76.5,Yes,0.0,None
08:50:14.525,Active,405.2,2.4,99.4,11.9,77.1,Yes,0.0,None
08:50:14.944,Active,408.7,2.4,98.2,11.9,76.5,Yes,0.0,None
08:50:15.402,Active,450.4,2.4,95.1,11.9,76.5,Yes,0.0,None
08:50:15.821,Active,409.5,2.4,98.2,11.9,77.7,Yes,0.0,None
08:50:16.238,Active,409.5,2.4,98.2,11.9,77.1,Yes,0.0,None
08:51:01.679,Active,423.5,2.4,1.2,11.9,60.0,Yes,0.0,None
08:51:02.094,Active,406.7,2.4,99.4,11.9,60.0,Yes,0.0,None
08:51:02.516,Active,409.8,2.4,97.6,11.9,60.6,Yes,0.0,None
08:51:02.932,Active,408.3,2.4,98.2,11.9,62.8,Yes,0.0,None
08:51:03.352,Active,410.5,2.4,98.2,11.9,62.8,Yes,0.0,None
08:51:03.769,Active,407.6,4.0,98.2,11.9,63.9,Yes,0.0,None
08:51:04.188,Active,411.2,4.0,98.2,11.9,64.5,Yes,0.0,None
08:51:04.606,Active,408.2,4.0,98.2,11.9,65.5,Yes,0.0,None
08:51:05.024,Active,409.1,4.0,98.2,11.9,65.5,Yes,0.0,None
08:51:05.444,Active,409.7,4.0,98.2,11.8,66.1,Yes,0.0,None
08:51:05.861,Active,409.2,4.0,97.0,11.8,66.1,Yes,0.0,None
08:51:06.311,Active,441.1,4.0,97.8,11.9,66.1,Yes,0.0,None
08:51:06.728,Active,408.5,4.0,98.2,11.9,66.7,Yes,0.0,None
08:51:07.144,Active,408.5,4.0,98.8,11.9,67.8,Yes,0.0,None
08:51:07.556,Active,405.8,4.0,98.8,11.9,68.8,Yes,0.0,None
08:51:07.974,Active,408.5,2.4,98.2,11.9,67.8,Yes,0.0,None
08:51:08.391,Active,408.4,2.4,98.2,11.9,68.8,Yes,0.0,None
08:51:08.805,Active,406.9,2.4,98.8,11.9,68.8,Yes,0.0,None
08:51:09.228,Active,412.4,2.4,98.2,11.9,68.3,Yes,0.0,None
08:51:09.645,Active,408.1,2.4,98.2,11.9,70.0,Yes,0.0,None
08:51:10.065,Active,410.4,2.4,98.2,11.9,69.4,Yes,0.0,None
08:51:10.483,Active,409.0,2.4,97.6,11.9,70.0,Yes,0.0,None
08:51:10.899,Active,408.7,2.4,98.8,11.9,70.0,Yes,0.0,None
08:51:11.325,Active,417.2,2.4,98.8,11.9,70.5,Yes,0.0,None
08:51:11.742,Active,407.5,2.4,98.2,11.9,70.5,Yes,0.0,None
08:51:12.156,Active,408.0,2.4,99.4,11.9,71.0,Yes,0.0,None
08:51:12.575,Active,408.9,2.4,97.6,11.9,71.0,Yes,0.0,None
08:51:12.989,Active,407.3,2.4,98.8,11.9,70.0,Yes,0.0,None
08:51:13.409,Active,410.0,2.4,98.2,11.9,71.6,Yes,0.0,None
08:51:13.824,Active,408.0,2.4,98.8,11.9,71.6,Yes,0.0,None
08:51:14.239,Active,409.8,2.4,98.8,11.9,71.6,Yes,0.0,None
08:51:14.655,Active,409.3,2.4,99.4,11.9,71.6,Yes,0.0,None
08:51:15.072,Active,408.9,2.4,98.2,11.9,71.6,Yes,0.0,None
08:51:15.487,Active,407.5,2.4,98.8,11.9,71.6,Yes,0.0,None
08:51:15.902,Active,409.4,2.4,99.4,11.9,72.2,Yes,0.0,None
08:51:16.337,Active,428.7,2.4,98.3,11.9,72.2,Yes,0.0,None
08:51:16.753,Active,409.3,2.4,98.8,11.9,72.7,Yes,0.0,None
08:51:17.169,Active,409.7,2.4,98.8,11.9,72.7,Yes,0.0,None
08:51:17.597,Active,422.5,2.4,96.5,11.9,72.2,Yes,0.0,None
08:51:18.028,Active,422.0,2.4,96.5,11.9,72.7,Yes,0.0,None
08:51:18.445,Active,409.5,2.4,98.8,11.9,72.7,Yes,0.0,None
08:51:18.861,Active,410.0,2.4,98.2,11.9,72.7,Yes,0.0,None
08:51:19.278,Active,408.3,2.4,98.2,11.9,72.7,Yes,0.0,None
08:51:19.694,Active,406.3,2.4,98.2,11.9,73.2,Yes,0.0,None
08:51:20.111,Active,407.6,2.4,98.8,11.9,73.2,Yes,0.0,None
08:51:20.528,Active,408.5,2.4,98.2,11.9,73.2,Yes,0.0,None
08:51:20.945,Active,409.2,2.4,98.8,11.9,73.8,Yes,0.0,None
08:51:21.401,Active,449.8,2.4,97.3,11.9,73.2,Yes,0.0,None
08:51:21.815,Active,405.1,2.4,98.2,11.9,73.8,Yes,0.0,None
08:51:22.240,Active,415.9,2.4,98.8,11.9,73.2,Yes,0.0,None
08:51:22.655,Active,407.3,2.4,98.2,11.9,73.8,Yes,0.0,None
08:51:23.071,Active,409.2,2.4,97.6,11.9,73.2,Yes,0.0,None
08:51:23.492,Active,408.9,2.4,97.6,11.9,73.2,Yes,0.0,None
08:51:23.910,Active,408.1,2.4,98.2,11.9,73.8,Yes,0.0,None
08:51:24.329,Active,410.8,2.4,98.2,11.9,73.8,Yes,0.0,None
08:51:24.744,Active,407.6,2.4,98.2,11.9,74.3,Yes,0.0,None
08:51:25.163,Active,409.8,2.4,98.2,11.9,73.8,Yes,0.0,None
08:51:25.580,Active,407.4,2.4,97.6,11.9,73.8,Yes,0.0,None
08:51:25.998,Active,409.6,2.4,98.8,11.9,74.3,Yes,0.0,None
08:51:26.415,Active,407.3,2.4,98.2,11.9,74.3,Yes,0.0,None
08:51:26.853,Active,428.5,2.4,98.3,11.9,74.3,Yes,0.0,None
08:51:27.272,Active,410.2,2.4,98.2,11.9,74.3,Yes,0.0,None
08:51:27.689,Active,406.8,2.4,98.2,12.0,73.8,Yes,0.0,None
08:51:28.106,Active,409.2,2.4,98.2,12.0,74.3,Yes,0.0,None
08:51:28.524,Active,408.1,2.4,98.2,11.9,74.3,Yes,0.0,None
08:51:28.943,Active,409.2,2.4,97.6,12.0,74.3,Yes,0.0,None
08:51:29.373,Active,419.6,2.4,98.2,11.9,74.9,Yes,0.0,None
08:51:29.789,Active,406.5,2.4,98.2,11.9,75.5,Yes,0.0,None
08:51:30.209,Active,410.3,2.4,98.2,11.9,74.3,Yes,0.0,None
08:51:30.625,Active,408.3,2.4,98.8,11.9,74.3,Yes,0.0,None
08:51:31.040,Active,407.7,2.4,98.2,11.9,74.3,Yes,0.0,None
08:51:31.456,Active,406.5,2.4,98.2,11.9,74.9,Yes,0.0,None
08:51:31.878,Active,412.8,2.4,98.2,11.9,74.9,Yes,0.0,None
08:51:32.297,Active,408.7,2.4,98.2,11.9,74.9,Yes,0.0,None
08:51:32.821,Active,417.1,2.4,78.6,11.9,74.9,Yes,0.0,None
08:51:33.241,Active,409.7,2.3,98.2,11.9,74.9,Yes,0.0,None
08:51:33.658,Active,407.5,2.3,98.2,11.9,76.0,Yes,0.0,None
08:51:34.077,Active,407.6,2.3,97.6,11.9,74.9,Yes,0.0,None
08:51:34.491,Active,408.0,2.3,98.8,11.9,74.9,Yes,0.0,None
08:51:34.912,Active,410.4,2.3,98.2,11.9,74.3,Yes,0.0,None
08:51:35.335,Active,413.1,2.3,97.0,11.8,75.5,Yes,0.0,None
08:51:35.751,Active,407.6,2.3,98.2,11.8,75.5,Yes,0.0,None
08:51:36.172,Active,410.5,2.3,98.2,11.9,75.5,Yes,0.0,None
08:51:36.620,Active,439.0,2.3,97.2,11.9,74.3,Yes,0.0,None
08:51:37.040,Active,408.5,2.3,98.2,12.0,76.5,Yes,0.0,None
08:51:37.460,Active,410.8,2.4,97.6,12.0,74.9,Yes,0.0,None
08:51:37.877,Active,409.4,2.4,98.2,12.0,75.5,Yes,0.0,None
08:51:38.295,Active,408.4,2.4,98.2,12.0,74.9,Yes,0.0,None
08:51:38.709,Active,406.6,2.4,98.8,12.0,75.5,Yes,0.0,None
08:51:39.129,Active,409.7,2.4,98.2,12.0,76.5,Yes,0.0,None
08:51:39.546,Active,407.3,2.4,97.6,11.9,75.5,Yes,0.0,None
08:51:39.962,Active,407.4,2.4,98.8,11.9,75.5,Yes,0.0,None
08:51:40.380,Active,408.5,2.4,98.2,11.9,75.5,Yes,0.0,None
08:51:40.794,Active,406.9,2.4,98.2,11.9,76.0,Yes,0.0,None
08:51:41.209,Active,405.5,2.4,98.2,11.9,76.0,Yes,0.0,None
08:51:41.622,Active,403.2,2.4,98.8,11.9,75.5,Yes,0.0,None
08:51:42.051,Active,420.5,2.4,98.8,11.9,75.5,Yes,0.0,None
08:51:42.461,Active,402.5,2.4,100.0,11.9,76.0,Yes,0.0,None
08:51:42.879,Active,407.5,2.4,98.8,11.9,76.0,Yes,0.0,None
08:51:43.295,Active,405.7,2.4,98.2,11.9,76.0,Yes,0.0,None
08:51:43.813,Active,409.5,2.4,79.6,11.9,75.5,Yes,0.0,None
08:51:44.229,Active,409.1,2.4,97.6,11.9,76.0,Yes,0.0,None
08:51:44.645,Active,407.6,2.4,98.2,11.9,76.0,Yes,0.0,None
08:51:45.060,Active,408.2,2.4,98.8,11.9,74.9,Yes,0.0,None
08:51:45.472,Active,406.6,2.4,100.0,11.9,74.9,Yes,0.0,None
08:51:45.886,Active,406.5,2.3,98.8,11.9,75.5,Yes,0.0,None
08:51:46.305,Active,410.0,2.3,97.6,11.9,74.9,Yes,0.0,None
08:51:46.831,Active,419.6,2.3,80.6,11.9,75.5,Yes,0.0,None
08:51:47.252,Active,412.3,2.3,98.2,11.9,76.0,Yes,0.0,None
08:51:47.666,Active,407.8,2.3,98.8,11.9,75.5,Yes,0.0,None
08:51:48.093,Active,417.8,2.3,97.1,11.9,75.5,Yes,0.0,None
08:51:48.520,Active,418.0,2.3,97.1,11.9,75.5,Yes,0.0,None
08:51:48.936,Active,408.6,2.3,98.8,11.9,76.5,Yes,0.0,None
08:51:49.355,Active,408.9,2.3,98.2,11.9,75.5,Yes,0.0,None
08:51:49.772,Active,408.5,2.3,98.8,11.9,75.5,Yes,0.0,None
08:51:50.188,Active,408.8,2.3,98.2,11.9,76.0,Yes,0.0,None
08:51:50.603,Active,408.2,2.3,99.4,11.8,76.5,Yes,0.0,None
08:51:51.028,Active,416.6,2.3,97.6,11.9,76.0,Yes,0.0,None
08:51:51.440,Active,406.1,2.3,98.2,11.9,76.5,Yes,0.0,None
08:51:51.880,Active,430.7,2.3,97.7,11.9,76.0,Yes,0.0,None
08:51:52.298,Active,410.2,2.3,98.8,11.9,76.0,Yes,0.0,None
08:51:52.715,Active,407.2,2.3,97.6,11.9,76.5,Yes,0.0,None
08:51:53.134,Active,411.0,2.3,98.2,11.9,76.5,Yes,0.0,None
08:51:53.552,Active,408.9,2.3,98.2,11.9,77.1,Yes,0.0,None
08:51:53.967,Active,407.3,2.3,98.8,11.9,76.5,Yes,0.0,None
08:51:54.384,Active,407.9,2.4,97.6,11.9,76.5,Yes,0.0,None
08:51:54.801,Active,409.9,2.4,98.8,11.9,76.0,Yes,0.0,None
08:51:55.224,Active,413.0,2.4,97.7,11.8,76.5,Yes,0.0,None
08:51:55.640,Active,406.4,2.4,97.6,11.8,77.1,Yes,0.0,None
08:51:56.058,Active,410.3,2.4,98.8,11.8,76.0,Yes,0.0,None
08:51:56.477,Active,413.2,2.4,97.6,11.8,76.5,Yes,0.0,None
08:51:56.892,Active,408.4,2.4,98.8,11.8,76.5,Yes,0.0,None
08:51:57.328,Active,429.1,2.4,98.9,11.9,76.5,Yes,0.0,None
08:51:57.745,Active,405.6,2.4,98.2,11.9,77.7,Yes,0.0,None
08:51:58.160,Active,409.0,2.4,98.8,11.9,77.1,Yes,0.0,None
08:51:58.582,Active,416.0,2.4,98.2,11.9,76.5,Yes,0.0,None
08:51:59.002,Active,409.6,2.4,98.2,11.9,76.5,Yes,0.0,None
08:51:59.420,Active,408.1,2.4,98.2,11.9,76.5,Yes,0.0,None
08:51:59.837,Active,408.1,2.4,98.2,11.9,76.5,Yes,0.0,None
08:52:00.257,Active,409.2,2.4,98.2,11.9,77.1,Yes,0.0,None
08:52:00.672,Active,408.6,2.4,98.2,11.9,76.5,Yes,0.0,None
08:52:01.090,Active,410.1,2.4,98.2,11.9,75.5,Yes,0.0,None
08:52:01.509,Active,406.8,2.4,97.6,11.9,77.1,Yes,0.0,None
08:52:46.952,Active,428.5,2.4,1.4,11.8,57.9,Yes,0.0,None
08:52:47.371,Active,409.1,2.4,98.2,11.9,59.5,Yes,0.0,None
08:52:47.799,Active,418.2,7.8,97.7,11.9,61.1,Yes,0.0,None
08:52:48.219,Active,411.6,7.8,98.8,11.9,62.2,Yes,0.0,None
08:52:48.632,Active,407.0,7.8,98.2,11.9,62.8,Yes,0.0,None
08:52:49.051,Active,409.4,7.8,98.2,11.9,63.9,Yes,0.0,None
08:52:49.475,Active,415.3,7.8,97.0,11.9,64.5,Yes,0.0,None
08:52:49.890,Active,407.2,7.8,98.8,11.9,63.9,Yes,0.0,None
08:52:50.307,Active,408.7,7.8,98.2,11.9,65.0,Yes,0.0,None
08:52:50.723,Active,406.8,7.8,98.2,11.9,67.2,Yes,0.0,None
08:52:51.141,Active,409.6,7.8,98.2,11.9,66.1,Yes,0.0,None
08:52:51.557,Active,409.5,7.8,98.8,11.9,66.1,Yes,0.0,None
08:52:51.970,Active,407.4,2.4,98.8,11.9,66.7,Yes,0.0,None
08:52:52.397,Active,417.5,2.4,96.4,11.9,68.3,Yes,0.0,None
08:52:52.830,Active,426.9,2.4,98.3,11.9,66.7,Yes,0.0,None
08:52:53.251,Active,410.7,2.4,98.2,12.0,67.8,Yes,0.0,None
08:52:53.668,Active,407.4,2.4,98.2,12.0,67.8,Yes,0.0,None
08:52:54.089,Active,412.4,2.4,98.2,12.0,68.3,Yes,0.0,None
08:52:54.504,Active,407.4,2.4,98.2,11.9,68.8,Yes,0.0,None
08:52:54.925,Active,411.7,2.4,97.6,11.9,69.4,Yes,0.0,None
08:52:55.341,Active,409.9,2.4,98.8,11.9,70.0,Yes,0.0,None
08:52:55.758,Active,407.8,2.4,98.2,11.9,70.0,Yes,0.0,None
08:52:56.176,Active,408.8,2.4,98.8,11.9,70.5,Yes,0.0,None
08:52:56.591,Active,407.3,2.4,98.8,11.9,70.0,Yes,0.0,None
08:52:57.013,Active,413.7,2.4,98.8,11.9,70.0,Yes,0.0,None
08:52:57.429,Active,409.6,2.4,98.2,11.9,70.5,Yes,0.0,None
08:52:57.852,Active,417.0,2.4,96.4,11.9,70.5,Yes,0.0,None
08:52:58.292,Active,432.8,2.4,98.9,11.9,70.5,Yes,0.0,None
08:52:58.706,Active,407.6,2.4,98.2,11.9,70.5,Yes,0.0,None
08:52:59.125,Active,412.7,2.4,98.8,11.9,71.0,Yes,0.0,None
08:52:59.539,Active,407.5,2.4,98.8,11.9,72.2,Yes,0.0,None
08:52:59.954,Active,409.5,2.4,99.4,11.9,71.0,Yes,0.0,None
08:53:00.372,Active,408.4,2.4,97.6,11.9,72.2,Yes,0.0,None
08:53:00.793,Active,413.1,2.4,98.2,11.9,71.6,Yes,0.0,None
08:53:01.210,Active,411.6,2.4,99.4,11.9,72.7,Yes,0.0,None
08:53:01.626,Active,409.9,2.4,98.2,11.9,71.6,Yes,0.0,None
08:53:02.039,Active,406.9,2.4,99.4,11.9,73.2,Yes,0.0,None
08:53:02.456,Active,408.7,2.4,98.8,11.9,71.6,Yes,0.0,None
08:53:02.872,Active,408.7,2.4,98.2,11.9,72.7,Yes,0.0,None
08:53:03.289,Active,409.9,2.4,98.8,11.9,73.2,Yes,0.0,None
08:53:03.705,Active,409.0,2.4,98.8,11.9,73.2,Yes,0.0,None
08:53:04.123,Active,411.3,2.4,98.8,11.9,72.7,Yes,0.0,None
08:53:04.543,Active,407.7,2.4,97.0,11.8,72.2,Yes,0.0,None
08:53:04.960,Active,410.8,2.4,99.4,11.8,72.7,Yes,0.0,None
08:53:05.376,Active,407.4,2.4,97.6,11.8,74.3,Yes,0.0,None
08:53:05.791,Active,407.2,2.4,98.8,11.8,73.2,Yes,0.0,None
08:53:06.205,Active,408.2,2.4,98.8,11.8,73.2,Yes,0.0,None
08:53:06.621,Active,409.5,2.4,98.8,11.8,73.8,Yes,0.0,None
08:53:07.037,Active,409.7,2.4,98.8,11.8,72.7,Yes,0.0,None
08:53:07.452,Active,408.8,2.4,98.8,11.8,73.2,Yes,0.0,None
08:53:07.877,Active,417.4,2.4,97.0,11.8,72.7,Yes,0.0,None
08:53:08.329,Active,446.1,2.4,98.3,11.9,73.2,Yes,0.0,None
08:53:08.743,Active,407.8,2.4,98.8,12.0,72.7,Yes,0.0,None
08:53:09.158,Active,408.7,2.4,99.4,12.0,73.8,Yes,0.0,None
08:53:09.568,Active,403.7,2.4,100.0,12.0,73.8,Yes,0.0,None
08:53:09.983,Active,409.8,2.4,98.8,12.0,73.2,Yes,0.0,None
08:53:10.399,Active,407.8,2.4,98.8,12.0,73.2,Yes,0.0,None
08:53:10.917,Active,408.4,2.4,79.5,12.0,73.2,Yes,0.0,None
08:53:11.332,Active,408.8,2.4,98.2,11.9,73.8,Yes,0.0,None
08:53:11.750,Active,407.9,2.4,98.2,11.9,74.3,Yes,0.0,None
08:53:12.171,Active,411.9,2.4,98.2,11.9,73.8,Yes,0.0,None
08:53:12.585,Active,407.8,2.4,97.6,11.9,73.8,Yes,0.0,None
08:53:13.004,Active,409.0,2.3,98.2,11.9,73.8,Yes,0.0,None
08:53:13.450,Active,440.4,2.3,96.1,11.9,73.8,Yes,0.0,None
08:53:13.875,Active,418.3,2.3,97.0,11.9,73.8,Yes,0.0,None
08:53:14.288,Active,406.8,2.3,99.4,11.9,73.8,Yes,0.0,None
08:53:14.702,Active,408.3,2.3,99.4,11.9,73.8,Yes,0.0,None
08:53:15.120,Active,408.8,2.3,98.2,11.9,74.3,Yes,0.0,None
08:53:15.536,Active,406.0,2.3,98.2,11.9,74.3,Yes,0.0,None
08:53:15.949,Active,405.6,2.3,99.4,11.9,74.9,Yes,0.0,None
08:53:16.363,Active,407.5,2.3,98.8,11.9,74.3,Yes,0.0,None
08:53:16.783,Active,414.5,2.3,98.8,11.9,74.3,Yes,0.0,None
08:53:17.208,Active,418.7,2.4,98.8,11.9,74.9,Yes,0.0,None
08:53:17.632,Active,416.6,2.4,96.5,11.9,74.3,Yes,0.0,None
08:53:18.048,Active,409.8,2.4,99.4,11.9,74.9,Yes,0.0,None
08:53:18.476,Active,420.9,2.4,98.8,11.9,74.9,Yes,0.0,None
08:53:18.893,Active,409.7,2.4,98.8,11.9,74.3,Yes,0.0,None
08:53:19.309,Active,409.2,2.4,98.8,11.9,74.9,Yes,0.0,None
08:53:19.724,Active,408.4,2.4,98.8,11.9,74.9,Yes,0.0,None
08:53:20.140,Active,409.8,2.4,98.2,11.9,74.3,Yes,0.0,None
08:53:20.552,Active,404.6,2.4,99.4,11.9,74.9,Yes,0.0,None
08:53:20.968,Active,410.0,2.4,98.8,11.9,75.5,Yes,0.0,None
08:53:21.384,Active,407.5,2.4,98.2,11.9,76.0,Yes,0.0,None
08:53:21.801,Active,407.9,2.4,98.2,11.9,74.9,Yes,0.0,None
08:53:22.220,Active,408.3,2.4,98.2,11.9,75.5,Yes,0.0,None
08:53:22.637,Active,410.2,2.4,98.8,11.9,74.9,Yes,0.0,None
08:53:23.053,Active,409.2,2.4,98.2,11.9,74.9,Yes,0.0,None
08:53:23.489,Active,429.7,2.4,98.3,11.9,74.9,Yes,0.0,None
08:53:23.910,Active,415.4,2.4,97.6,11.9,74.3,Yes,0.0,None
08:53:24.335,Active,415.7,2.4,97.6,11.9,75.5,Yes,0.0,None
08:53:24.751,Active,409.7,2.4,98.8,11.9,75.5,Yes,0.0,None
08:53:25.172,Active,412.5,2.4,97.6,11.9,74.9,Yes,0.0,None
08:53:25.586,Active,408.1,2.4,98.8,11.9,74.9,Yes,0.0,None
08:53:26.003,Active,410.6,2.4,98.2,11.9,75.5,Yes,0.0,None
08:53:26.419,Active,409.3,2.4,98.2,11.9,76.0,Yes,0.0,None
08:53:26.845,Active,417.1,2.4,97.1,11.9,75.5,Yes,0.0,None
08:53:27.259,Active,408.0,2.4,98.2,11.9,76.5,Yes,0.0,None
08:53:27.677,Active,409.7,2.4,99.4,11.9,76.0,Yes,0.0,None
08:53:28.101,Active,417.0,2.4,97.0,11.9,74.9,Yes,0.0,None
08:53:28.525,Active,414.9,2.4,98.2,11.9,75.5,Yes,0.0,None
08:53:28.943,Active,409.0,2.4,98.8,11.9,76.0,Yes,0.0,None
08:53:29.375,Active,422.4,2.4,98.3,11.9,75.5,Yes,0.0,None
08:53:29.787,Active,405.1,2.4,99.4,11.9,76.5,Yes,0.0,None
08:53:30.203,Active,409.3,2.4,98.8,11.9,75.5,Yes,0.0,None
08:53:30.644,Active,433.8,2.4,95.4,11.9,76.0,Yes,0.0,None
08:53:31.064,Active,410.4,2.4,98.2,11.9,74.9,Yes,0.0,None
08:53:31.481,Active,408.4,2.4,98.2,11.9,75.5,Yes,0.0,None
08:53:31.895,Active,407.6,2.4,98.2,11.9,76.5,Yes,0.0,None
08:53:32.310,Active,408.3,2.4,98.8,11.9,75.5,Yes,0.0,None
08:53:32.726,Active,406.3,2.4,98.2,11.9,76.0,Yes,0.0,None
08:53:33.148,Active,412.8,2.4,97.6,11.9,76.0,Yes,0.0,None
08:53:33.561,Active,405.3,2.4,98.8,11.9,76.0,Yes,0.0,None
08:53:33.977,Active,409.1,2.4,99.4,11.9,76.0,Yes,0.0,None
08:53:34.392,Active,408.5,2.4,98.8,11.9,75.5,Yes,0.0,None
08:53:34.810,Active,406.9,2.4,97.6,11.9,76.0,Yes,0.0,None
08:53:35.232,Active,415.5,2.4,99.4,11.8,76.5,Yes,0.0,None
08:53:35.647,Active,407.0,2.4,98.8,11.8,76.0,Yes,0.0,None
08:53:36.064,Active,411.0,2.4,98.8,11.8,74.9,Yes,0.0,None
08:53:36.480,Active,408.4,2.4,98.8,11.8,75.5,Yes,0.0,None
08:53:36.900,Active,408.5,2.4,97.6,11.8,76.5,Yes,0.0,None
08:53:37.335,Active,427.5,2.4,95.4,11.8,76.0,Yes,0.0,None
08:53:37.749,Active,405.7,2.4,98.8,11.8,76.0,Yes,0.0,None
08:53:38.167,Active,407.2,2.4,98.2,11.9,75.5,Yes,0.0,None
08:53:38.635,Active,460.0,2.4,94.0,11.9,76.0,Yes,0.0,None
08:53:39.065,Active,418.9,2.4,97.1,11.9,76.5,Yes,0.0,None
08:53:39.478,Active,406.9,2.4,98.8,11.9,76.0,Yes,0.0,None
08:53:39.896,Active,408.8,2.4,98.8,11.9,76.0,Yes,0.0,None
08:53:40.312,Active,409.8,2.4,98.8,11.9,76.5,Yes,0.0,None
08:53:40.728,Active,408.5,2.4,98.8,11.9,75.5,Yes,0.0,None
08:53:41.143,Active,407.2,2.4,98.8,11.9,76.5,Yes,0.0,None
08:53:41.556,Active,406.5,2.4,99.4,11.9,76.5,Yes,0.0,None
08:53:41.972,Active,408.8,2.4,98.8,11.9,76.0,Yes,0.0,None
08:53:42.388,Active,408.5,2.4,98.8,11.9,76.0,Yes,0.0,None
08:53:42.802,Active,408.4,2.4,98.8,11.9,76.5,Yes,0.0,None
08:53:43.218,Active,409.8,2.4,99.4,11.9,76.0,Yes,0.0,None
08:53:43.632,Active,404.7,2.4,98.2,11.9,77.1,Yes,0.0,None
08:53:44.055,Active,416.5,2.4,99.4,11.9,77.1,Yes,0.0,None
08:53:44.470,Active,409.5,2.4,99.4,11.9,76.5,Yes,0.0,None
08:53:44.887,Active,407.5,2.4,98.2,11.9,76.5,Yes,0.0,None
08:53:45.306,Active,410.1,2.4,98.2,11.9,77.1,Yes,0.0,None
08:53:45.723,Active,407.9,2.4,98.2,11.9,77.1,Yes,0.0,None
08:53:46.142,Active,410.4,2.4,98.8,11.9,76.5,Yes,0.0,None
08:53:46.559,Active,407.3,2.4,98.2,11.9,76.5,Yes,0.0,None
08:54:32.003,Active,427.8,2.4,1.2,12.0,58.4,Yes,0.0,None
08:54:32.420,Active,408.7,2.4,98.2,12.0,59.5,Yes,0.0,None
08:54:32.836,Active,408.9,2.4,98.8,12.0,61.1,Yes,0.0,None
08:54:33.253,Active,409.7,2.4,98.2,12.0,61.7,Yes,0.0,None
08:54:33.671,Active,412.0,2.4,97.6,12.0,62.8,Yes,0.0,None
08:54:34.087,Active,408.8,2.4,98.8,12.0,63.4,Yes,0.0,None
08:54:34.504,Active,408.1,2.4,98.8,12.0,63.9,Yes,0.0,None
08:54:34.919,Active,409.0,2.4,98.8,12.0,65.5,Yes,0.0,None
08:54:35.336,Active,411.4,2.4,98.2,12.0,64.5,Yes,0.0,None
08:54:35.751,Active,407.3,2.4,98.8,12.0,65.5,Yes,0.0,None
08:54:36.167,Active,410.3,2.4,98.8,12.0,66.7,Yes,0.0,None
08:54:36.581,Active,408.1,2.4,98.8,12.0,67.2,Yes,0.0,None
08:54:36.999,Active,410.7,2.4,98.2,12.0,68.3,Yes,0.0,None
08:54:37.413,Active,406.4,2.4,99.4,11.9,67.2,Yes,0.0,None
08:54:37.824,Active,404.6,2.4,98.8,11.9,67.8,Yes,0.0,None
08:54:38.244,Active,410.2,2.4,98.2,11.9,68.3,Yes,0.0,None
08:54:38.661,Active,408.2,2.4,98.2,11.9,68.3,Yes,0.0,None
08:54:39.075,Active,408.2,2.4,98.8,11.9,68.8,Yes,0.0,None
08:54:39.489,Active,405.1,2.4,98.8,11.9,68.8,Yes,0.0,None
08:54:39.938,Active,443.7,2.4,98.9,12.0,68.8,Yes,0.0,None
08:54:40.358,Active,410.9,2.4,98.2,12.0,69.4,Yes,0.0,None
08:54:40.771,Active,405.3,2.4,98.8,12.0,69.4,Yes,0.0,None
08:54:41.184,Active,406.5,2.4,99.4,11.9,70.0,Yes,0.0,None
08:54:41.601,Active,406.9,2.4,98.2,11.9,70.0,Yes,0.0,None
08:54:42.021,Active,409.9,2.4,97.6,11.9,70.0,Yes,0.0,None
08:54:42.437,Active,406.7,2.4,98.2,11.9,70.5,Yes,0.0,None
08:54:42.854,Active,407.1,2.4,98.2,11.9,70.0,Yes,0.0,None
08:54:43.273,Active,408.8,2.4,97.6,11.9,70.5,Yes,0.0,None
08:54:43.689,Active,408.5,2.4,98.8,11.9,70.5,Yes,0.0,None
08:54:44.108,Active,411.6,2.4,98.8,11.9,71.0,Yes,0.0,None
08:54:44.524,Active,410.1,2.4,98.8,11.9,72.7,Yes,0.0,None
08:54:44.952,Active,419.4,2.4,98.2,11.9,71.0,Yes,0.0,None
08:54:45.371,Active,410.0,2.4,98.2,11.9,71.0,Yes,0.0,None
08:54:45.790,Active,408.3,2.4,97.6,11.9,72.2,Yes,0.0,None
08:54:46.209,Active,410.1,2.4,98.2,11.9,71.6,Yes,0.0,None
08:54:46.627,Active,408.8,2.4,98.2,11.9,71.0,Yes,0.0,None
08:54:47.048,Active,411.6,2.4,97.6,11.9,71.6,Yes,0.0,None
08:54:47.460,Active,404.7,2.4,98.8,11.9,71.6,Yes,0.0,None
08:54:47.875,Active,408.9,2.4,99.4,11.9,72.2,Yes,0.0,None
08:54:48.293,Active,411.5,2.4,98.8,11.9,72.2,Yes,0.0,None
08:54:48.707,Active,407.1,2.4,98.2,11.9,70.5,Yes,0.0,None
08:54:49.125,Active,409.9,2.4,98.2,11.9,72.7,Yes,0.0,None
08:54:49.542,Active,407.6,2.4,98.8,11.9,72.7,Yes,0.0,None
08:54:49.966,Active,417.7,2.4,98.8,11.9,72.7,Yes,0.0,None
08:54:50.385,Active,408.9,2.4,97.6,11.9,72.7,Yes,0.0,None
08:54:50.797,Active,405.6,2.4,99.4,11.9,72.7,Yes,0.0,None
08:54:51.212,Active,408.1,2.4,98.8,11.9,73.2,Yes,0.0,None
08:54:51.628,Active,410.5,2.4,99.4,11.9,72.7,Yes,0.0,None
08:54:52.045,Active,411.1,2.4,98.2,11.9,73.2,Yes,0.0,None
08:54:52.458,Active,406.8,2.4,98.8,11.9,72.7,Yes,0.0,None
08:54:52.877,Active,408.9,2.4,98.2,11.8,73.2,Yes,0.0,None
08:54:53.296,Active,410.1,2.4,97.6,11.8,73.8,Yes,0.0,None
08:54:53.810,Active,406.0,2.4,79.4,11.8,73.2,Yes,0.0,None
08:54:54.240,Active,420.7,2.4,96.5,11.9,73.2,Yes,0.0,None
08:54:54.656,Active,408.2,2.4,98.8,11.9,73.2,Yes,0.0,None
08:54:55.093,Active,429.9,2.4,97.7,11.9,73.2,Yes,0.0,None
08:54:55.510,Active,407.2,2.4,98.2,11.9,73.8,Yes,0.0,None
08:54:55.930,Active,410.5,2.4,97.6,11.9,73.2,Yes,0.0,None
08:54:56.350,Active,411.1,2.4,98.8,11.9,73.2,Yes,0.0,None
08:54:56.767,Active,410.4,2.3,98.2,11.9,73.8,Yes,0.0,None
08:54:57.188,Active,412.2,2.3,98.2,11.9,73.8,Yes,0.0,None
08:54:57.609,Active,413.4,2.3,98.2,11.9,74.3,Yes,0.0,None
08:54:58.028,Active,410.0,2.3,97.6,11.9,74.3,Yes,0.0,None
08:54:58.443,Active,408.0,2.3,98.8,11.9,74.3,Yes,0.0,None
08:54:58.860,Active,408.6,2.3,98.2,11.9,74.3,Yes,0.0,None
08:54:59.280,Active,412.5,2.3,98.8,11.9,74.3,Yes,0.0,None
08:54:59.696,Active,408.2,2.3,98.2,11.9,74.3,Yes,0.0,None
08:55:00.144,Active,440.2,2.3,95.5,11.9,74.3,Yes,0.0,None
08:55:00.563,Active,411.1,2.3,98.2,11.9,74.3,Yes,0.0,None
08:55:00.981,Active,409.1,2.4,98.2,11.9,73.8,Yes,0.0,None
08:55:01.397,Active,409.6,2.4,98.8,11.9,74.3,Yes,0.0,None
08:55:01.814,Active,407.8,2.4,98.2,11.9,74.3,Yes,0.0,None
08:55:02.239,Active,415.5,2.4,98.2,11.9,74.3,Yes,0.0,None
08:55:02.654,Active,407.1,2.4,98.2,11.9,74.9,Yes,0.0,None
08:55:03.074,Active,409.4,2.4,98.2,11.9,74.9,Yes,0.0,None
08:55:03.492,Active,408.5,2.4,97.6,11.9,74.3,Yes,0.0,None
08:55:03.910,Active,408.2,2.4,98.2,11.9,74.9,Yes,0.0,None
08:55:04.329,Active,408.7,2.4,98.2,11.9,74.9,Yes,0.0,None
08:55:04.746,Active,407.6,2.4,98.2,11.9,74.3,Yes,0.0,None
08:55:05.161,Active,408.8,2.4,99.4,11.9,74.3,Yes,0.0,None
08:55:05.578,Active,406.7,2.4,97.6,11.9,74.9,Yes,0.0,None
08:55:05.996,Active,408.6,2.4,98.8,11.9,74.3,Yes,0.0,None
08:55:06.413,Active,406.9,2.4,98.2,11.9,75.5,Yes,0.0,None
08:55:06.831,Active,408.7,2.4,98.2,11.9,74.9,Yes,0.0,None
08:55:07.249,Active,410.0,2.4,98.2,11.9,74.9,Yes,0.0,None
08:55:07.661,Active,405.8,2.4,98.8,11.9,74.9,Yes,0.0,None
08:55:08.080,Active,408.7,2.4,98.8,11.9,75.5,Yes,0.0,None
08:55:08.500,Active,409.7,2.4,97.6,11.9,75.5,Yes,0.0,None
08:55:08.913,Active,405.3,2.4,98.8,11.9,74.9,Yes,0.0,None
08:55:09.329,Active,410.0,2.4,99.4,11.9,74.9,Yes,0.0,None
08:55:09.746,Active,408.3,2.4,98.8,11.9,75.5,Yes,0.0,None
08:55:10.191,Active,436.8,2.4,97.8,12.0,74.9,Yes,0.0,None
08:55:10.606,Active,409.5,2.4,99.4,12.0,74.9,Yes,0.0,None
08:55:11.028,Active,412.6,2.4,98.2,12.0,74.3,Yes,0.0,None
08:55:11.443,Active,407.4,2.4,98.8,12.0,76.0,Yes,0.0,None
08:55:11.863,Active,411.5,2.4,98.2,12.0,74.3,Yes,0.0,None
08:55:12.280,Active,408.8,2.4,98.2,12.0,76.0,Yes,0.0,None
08:55:12.695,Active,407.4,2.4,98.8,12.0,75.5,Yes,0.0,None
08:55:13.129,Active,425.2,2.4,96.5,12.0,75.5,Yes,0.0,None
08:55:13.544,Active,408.3,2.4,99.4,11.9,75.5,Yes,0.0,None
08:55:14.000,Active,447.4,2.4,93.4,11.9,75.5,Yes,0.0,None
08:55:14.415,Active,407.0,2.4,98.8,11.9,76.0,Yes,0.0,None
08:55:14.830,Active,405.3,2.4,98.2,11.9,76.0,Yes,0.0,None
08:55:15.246,Active,410.2,2.4,98.8,11.9,75.5,Yes,0.0,None
08:55:15.669,Active,416.6,2.4,99.4,11.9,75.5,Yes,0.0,None
08:55:16.092,Active,416.6,2.4,97.6,11.9,74.9,Yes,0.0,None
08:55:16.509,Active,406.5,2.4,98.2,11.9,75.5,Yes,0.0,None
08:55:16.924,Active,408.3,2.4,98.8,11.9,76.0,Yes,0.0,None
08:55:17.340,Active,408.8,2.4,98.8,11.9,75.5,Yes,0.0,None
08:55:17.754,Active,406.7,2.4,98.8,11.9,76.0,Yes,0.0,None
08:55:18.175,Active,410.9,2.4,98.2,11.9,75.5,Yes,0.0,None
08:55:18.592,Active,406.9,2.4,97.6,11.9,76.0,Yes,0.0,None
08:55:19.013,Active,411.4,2.4,98.2,11.9,76.0,Yes,0.0,None
08:55:19.432,Active,408.7,2.4,98.2,11.9,75.5,Yes,0.0,None
08:55:19.848,Active,408.5,2.4,98.2,11.9,76.5,Yes,0.0,None
08:55:20.275,Active,419.4,2.4,98.8,11.9,76.0,Yes,0.0,None
08:55:20.695,Active,410.0,2.4,98.2,11.9,76.0,Yes,0.0,None
08:55:21.114,Active,412.3,2.4,98.8,11.9,76.0,Yes,0.0,None
08:55:21.528,Active,407.1,2.4,98.8,11.9,76.0,Yes,0.0,None
08:55:21.945,Active,410.9,2.4,99.4,11.9,76.5,Yes,0.0,None
08:55:22.363,Active,411.5,2.4,98.2,11.9,76.0,Yes,0.0,None
08:55:22.778,Active,407.8,2.4,98.2,11.9,76.5,Yes,0.0,None
08:55:23.196,Active,411.1,2.4,98.2,11.9,76.0,Yes,0.0,None
08:55:23.614,Active,408.4,2.4,98.2,11.9,76.0,Yes,0.0,None
08:55:24.032,Active,408.7,2.4,98.2,11.9,77.1,Yes,0.0,None
08:55:24.449,Active,407.8,2.4,98.2,11.9,76.0,Yes,0.0,None
08:55:24.867,Active,407.7,2.4,98.2,11.9,76.5,Yes,0.0,None
08:55:25.288,Active,410.9,2.4,98.2,11.9,76.5,Yes,0.0,None
08:55:25.723,Active,424.5,2.4,97.7,11.9,76.0,Yes,0.0,None
08:55:26.140,Active,409.4,2.4,98.8,12.0,76.0,Yes,0.0,None
08:55:26.555,Active,407.8,2.4,98.2,12.0,76.5,Yes,0.0,None
08:55:26.977,Active,413.2,2.4,98.2,11.9,76.0,Yes,0.0,None
08:55:27.396,Active,408.9,2.4,97.6,11.9,77.1,Yes,0.0,None
08:55:27.815,Active,411.8,2.4,98.8,11.9,76.5,Yes,0.0,None
08:55:28.238,Active,414.1,2.4,97.0,11.9,76.5,Yes,0.0,None
08:55:28.653,Active,408.8,2.4,98.8,11.9,76.0,Yes,0.0,None
08:55:29.069,Active,410.0,2.4,98.8,11.9,77.1,Yes,0.0,None
08:55:29.492,Active,416.7,2.4,99.4,11.9,76.0,Yes,0.0,None
08:55:29.908,Active,409.0,2.4,98.8,11.9,76.5,Yes,0.0,None
08:55:30.336,Active,420.4,2.4,97.1,11.9,77.1,Yes,0.0,None
08:55:30.769,Active,425.1,2.4,98.3,11.9,76.5,Yes,0.0,None
08:55:31.188,Active,409.2,2.4,98.2,12.0,75.5,Yes,0.0,None
08:55:31.604,Active,405.5,2.4,97.0,12.0,75.5,Yes,0.0,None
08:56:17.044,Active,424.9,2.4,1.4,11.9,59.0,Yes,0.0,None
08:56:17.451,Active,401.4,2.4,100.0,11.9,60.6,Yes,0.0,None
08:56:17.863,Active,405.6,2.4,99.4,11.9,60.6,Yes,0.0,None
08:56:18.276,Active,406.6,2.4,98.8,11.9,61.7,Yes,0.0,None
08:56:18.692,Active,406.5,2.4,98.8,11.9,62.2,Yes,0.0,None
08:56:19.113,Active,413.8,2.4,98.8,11.9,63.9,Yes,0.0,None
08:56:19.526,Active,406.4,3.4,98.8,11.9,63.9,Yes,0.0,None
08:56:19.943,Active,410.8,3.4,99.4,11.9,65.0,Yes,0.0,None
08:56:20.361,Active,412.6,3.4,97.6,11.9,64.5,Yes,0.0,None
08:56:20.774,Active,406.9,3.4,100.0,11.9,65.5,Yes,0.0,None
08:56:21.196,Active,412.2,3.4,97.0,11.9,65.5,Yes,0.0,None
08:56:21.626,Active,422.4,3.4,98.2,12.0,66.7,Yes,0.0,None
08:56:22.049,Active,412.9,3.4,97.1,12.1,65.0,Yes,0.0,None
08:56:22.463,Active,407.6,3.4,99.4,12.1,66.7,Yes,0.0,None
08:56:22.885,Active,413.9,3.4,97.0,12.1,67.8,Yes,0.0,None
08:56:23.306,Active,410.2,3.4,98.2,12.1,67.8,Yes,0.0,None
08:56:23.724,Active,408.2,2.4,98.2,12.1,67.8,Yes,0.0,None
08:56:24.142,Active,412.4,2.4,98.8,12.0,67.8,Yes,0.0,None
08:56:24.555,Active,406.3,2.4,99.4,12.0,68.3,Yes,0.0,None
08:56:24.970,Active,409.5,2.4,99.4,12.0,68.3,Yes,0.0,None
08:56:25.384,Active,407.1,2.4,99.4,12.0,69.4,Yes,0.0,None
08:56:25.798,Active,406.8,2.4,98.8,12.0,70.0,Yes,0.0,None
08:56:26.218,Active,409.8,2.4,97.6,12.0,70.0,Yes,0.0,None
08:56:26.653,Active,428.0,2.4,98.3,12.0,70.0,Yes,0.0,None
08:56:27.071,Active,411.0,2.4,98.8,12.0,70.5,Yes,0.0,None
08:56:27.485,Active,408.0,2.4,98.8,12.0,70.5,Yes,0.0,None
08:56:27.904,Active,409.2,2.4,97.6,12.0,70.0,Yes,0.0,None
08:56:28.319,Active,409.0,2.4,98.8,12.0,71.0,Yes,0.0,None
08:56:28.736,Active,408.8,2.4,98.2,12.0,71.0,Yes,0.0,None
08:56:29.153,Active,409.6,2.4,98.2,12.0,71.0,Yes,0.0,None
08:56:29.566,Active,406.9,2.4,98.8,12.0,69.4,Yes,0.0,None
08:56:29.981,Active,408.6,2.4,99.4,12.0,71.0,Yes,0.0,None
08:56:30.396,Active,408.4,2.4,99.4,12.0,71.0,Yes,0.0,None
08:56:30.807,Active,404.0,2.4,98.2,11.9,71.6,Yes,0.0,None
08:56:31.224,Active,410.5,2.4,99.4,11.9,71.0,Yes,0.0,None
08:56:31.662,Active,430.4,2.4,98.9,12.0,71.6,Yes,0.0,None
08:56:32.079,Active,407.7,2.4,98.2,12.0,72.2,Yes,0.0,None
08:56:32.493,Active,406.4,2.4,98.2,12.0,71.6,Yes,0.0,None
08:56:32.909,Active,406.5,2.4,98.2,12.0,72.2,Yes,0.0,None
08:56:33.325,Active,409.1,2.4,98.8,12.0,71.6,Yes,0.0,None
08:56:33.739,Active,407.7,2.4,98.8,12.0,72.2,Yes,0.0,None
08:56:34.156,Active,408.5,2.4,98.8,12.0,72.2,Yes,0.0,None
08:56:34.570,Active,407.6,2.4,98.8,12.0,72.7,Yes,0.0,None
08:56:34.986,Active,408.2,2.4,98.2,11.9,72.7,Yes,0.0,None
08:56:35.404,Active,408.8,2.4,98.2,11.9,72.7,Yes,0.0,None
08:56:35.821,Active,409.8,2.4,98.8,11.9,72.2,Yes,0.0,None
08:56:36.244,Active,416.4,2.4,97.6,11.9,72.7,Yes,0.0,None
08:56:36.659,Active,407.3,2.4,98.2,11.9,73.2,Yes,0.0,None
08:56:37.075,Active,409.9,2.4,98.2,11.9,72.7,Yes,0.0,None
08:56:37.492,Active,408.5,2.4,98.2,11.9,73.2,Yes,0.0,None
08:56:37.907,Active,408.3,2.4,98.2,11.9,73.2,Yes,0.0,None
08:56:38.324,Active,408.7,2.4,98.2,11.9,73.8,Yes,0.0,None
08:56:38.737,Active,406.4,2.4,98.8,11.9,73.8,Yes,0.0,None
08:56:39.155,Active,411.8,2.4,98.8,11.9,73.8,Yes,0.0,None
08:56:39.571,Active,409.8,2.4,98.8,11.9,73.2,Yes,0.0,None
08:56:39.989,Active,409.3,2.4,98.8,11.9,74.3,Yes,0.0,None
08:56:40.407,Active,409.6,2.4,98.2,11.9,73.8,Yes,0.0,None
08:56:40.831,Active,415.6,2.4,97.0,11.9,73.8,Yes,0.0,None
08:56:41.253,Active,413.4,2.4,98.2,11.9,73.8,Yes,0.0,None
08:56:41.701,Active,441.1,2.4,98.3,11.9,73.8,Yes,0.0,None
08:56:42.119,Active,412.4,2.4,98.8,11.9,73.2,Yes,0.0,None
08:56:42.536,Active,410.3,2.4,98.8,11.9,73.8,Yes,0.0,None
08:56:42.952,Active,410.0,2.4,98.8,12.0,73.8,Yes,0.0,None
08:56:43.369,Active,410.7,2.4,98.8,12.0,72.2,Yes,0.0,None
08:56:43.784,Active,408.5,2.4,98.2,12.0,73.2,Yes,0.0,None
08:56:44.202,Active,412.3,2.4,98.8,12.0,73.8,Yes,0.0,None
08:56:44.621,Active,408.9,2.4,98.2,11.9,73.8,Yes,0.0,None
08:56:45.037,Active,409.5,2.4,98.8,11.9,74.3,Yes,0.0,None
08:56:45.453,Active,409.4,2.4,98.2,11.9,74.3,Yes,0.0,None
08:56:45.866,Active,406.3,2.4,98.2,11.9,74.3,Yes,0.0,None
08:56:46.284,Active,411.3,2.4,98.2,11.9,74.3,Yes,0.0,None
08:56:46.695,Active,404.3,2.4,98.8,11.9,73.8,Yes,0.0,None
08:56:47.127,Active,423.7,2.4,98.8,11.9,74.3,Yes,0.0,None
08:56:47.548,Active,408.2,2.4,97.6,11.9,73.8,Yes,0.0,None
08:56:47.964,Active,407.3,2.4,98.2,11.9,74.3,Yes,0.0,None
08:56:48.380,Active,410.3,2.4,98.8,11.9,74.3,Yes,0.0,None
08:56:48.795,Active,407.3,2.4,98.2,11.9,74.3,Yes,0.0,None
08:56:49.215,Active,410.9,2.4,98.2,11.9,74.3,Yes,0.0,None
08:56:49.650,Active,428.0,2.4,96.5,11.9,74.9,Yes,0.0,None
08:56:50.078,Active,418.7,2.4,96.5,11.9,74.3,Yes,0.0,None
08:56:50.497,Active,409.9,2.4,97.6,11.9,74.9,Yes,0.0,None
08:56:50.916,Active,410.0,2.4,98.2,11.9,74.9,Yes,0.0,None
08:56:51.332,Active,408.4,2.4,98.8,11.9,75.5,Yes,0.0,None
08:56:51.744,Active,405.7,2.4,98.8,11.9,75.5,Yes,0.0,None
08:56:52.181,Active,426.1,2.4,98.3,11.9,74.9,Yes,0.0,None
08:56:52.601,Active,413.7,2.4,98.2,11.9,74.9,Yes,0.0,None
08:56:53.021,Active,413.6,2.4,98.8,11.9,75.5,Yes,0.0,None
08:56:53.437,Active,410.1,2.4,98.2,11.9,74.3,Yes,0.0,None
08:56:53.851,Active,407.2,2.4,98.2,11.9,74.9,Yes,0.0,None
08:56:54.275,Active,416.0,2.4,98.2,11.9,75.5,Yes,0.0,None
08:56:54.694,Active,410.4,2.4,97.6,11.9,74.9,Yes,0.0,None
08:56:55.113,Active,412.3,2.4,98.8,11.9,75.5,Yes,0.0,None
08:56:55.532,Active,412.0,2.4,97.6,11.9,74.9,Yes,0.0,None
08:56:55.947,Active,407.0,2.4,98.8,11.9,76.0,Yes,0.0,None
08:56:56.363,Active,410.1,2.4,98.2,11.9,74.9,Yes,0.0,None
08:56:56.777,Active,405.8,2.4,98.8,11.9,75.5,Yes,0.0,None
08:56:57.214,Active,430.9,2.4,99.4,11.9,75.5,Yes,0.0,None
08:56:57.629,Active,405.3,2.4,97.6,11.9,75.5,Yes,0.0,None
08:56:58.044,Active,408.4,2.4,99.4,11.9,76.5,Yes,0.0,None
08:56:58.465,Active,409.6,2.4,97.6,11.9,74.9,Yes,0.0,None
08:56:58.927,Active,455.3,2.4,92.4,11.9,75.5,Yes,0.0,None
08:56:59.376,Active,440.2,2.4,94.4,11.9,74.9,Yes,0.0,None
08:56:59.796,Active,412.2,2.4,97.6,11.9,76.0,Yes,0.0,None
08:57:00.215,Active,411.7,2.4,98.8,11.9,75.5,Yes,0.0,None
08:57:00.628,Active,406.1,2.4,98.8,11.9,74.9,Yes,0.0,None
08:57:01.043,Active,409.7,2.4,99.4,11.9,76.0,Yes,0.0,None
08:57:01.456,Active,406.1,2.4,98.8,11.9,76.0,Yes,0.0,None
08:57:01.871,Active,407.8,2.4,98.8,11.9,76.0,Yes,0.0,None
08:57:02.308,Active,431.0,2.4,98.3,11.9,75.5,Yes,0.0,None
08:57:02.722,Active,406.9,2.4,98.2,11.9,75.5,Yes,0.0,None
08:57:03.142,Active,409.9,2.4,98.2,12.0,76.0,Yes,0.0,None
08:57:03.562,Active,406.3,2.4,97.0,12.0,75.5,Yes,0.0,None
08:57:03.979,Active,408.8,2.4,98.8,12.0,75.5,Yes,0.0,None
08:57:04.391,Active,404.8,2.4,99.4,12.0,75.5,Yes,0.0,None
08:57:04.801,Active,404.4,2.4,99.4,12.0,76.0,Yes,0.0,None
08:57:05.218,Active,410.7,2.4,99.4,11.9,75.5,Yes,0.0,None
08:57:05.641,Active,412.4,2.4,96.4,11.9,75.5,Yes,0.0,None
08:57:06.060,Active,412.1,2.4,99.4,11.9,76.0,Yes,0.0,None
08:57:06.472,Active,406.1,2.4,98.8,11.9,76.0,Yes,0.0,None
08:57:06.883,Active,404.9,2.4,100.0,11.9,76.5,Yes,0.0,None
08:57:07.309,Active,417.3,2.4,97.6,11.9,76.0,Yes,0.0,None
08:57:07.726,Active,407.1,2.4,98.2,11.9,76.0,Yes,0.0,None
08:57:08.147,Active,411.7,2.4,97.6,11.9,76.5,Yes,0.0,None
08:57:08.563,Active,408.8,2.4,98.8,11.9,76.5,Yes,0.0,None
08:57:08.985,Active,416.6,2.4,98.2,11.9,75.5,Yes,0.0,None
08:57:09.398,Active,407.2,2.4,98.8,11.9,75.5,Yes,0.0,None
08:57:09.925,Active,416.1,2.3,78.4,11.9,75.5,Yes,0.0,None
08:57:10.341,Active,408.8,2.3,98.2,11.8,76.5,Yes,0.0,None
08:57:10.757,Active,405.7,2.3,98.2,11.8,76.5,Yes,0.0,None
08:57:11.179,Active,412.4,2.3,97.6,11.8,76.0,Yes,0.0,None
08:57:11.592,Active,406.0,2.3,98.8,11.8,76.0,Yes,0.0,None
08:57:12.012,Active,410.2,2.3,97.6,11.8,75.5,Yes,0.0,None
08:57:12.458,Active,438.6,2.3,98.9,12.0,76.0,Yes,0.0,None
08:57:12.878,Active,409.7,2.3,98.2,12.0,75.5,Yes,0.0,None
08:57:13.300,Active,412.7,2.3,97.6,12.0,76.0,Yes,0.0,None
08:57:13.715,Active,407.4,2.3,98.2,12.0,77.1,Yes,0.0,None
08:57:14.132,Active,409.6,2.4,98.8,12.0,76.0,Yes,0.0,None
08:57:14.547,Active,407.3,2.4,98.8,12.0,76.0,Yes,0.0,None
08:57:14.965,Active,408.2,2.4,97.0,12.0,76.0,Yes,0.0,None
08:57:15.381,Active,408.7,2.4,98.8,12.0,76.5,Yes,0.0,None
08:57:15.795,Active,407.8,2.4,98.8,12.0,77.1,Yes,0.0,None
08:57:16.212,Active,411.0,2.4,98.8,11.9,76.5,Yes,0.0,None
08:57:16.624,Active,404.2,2.4,98.8,11.9,76.0,Yes,0.0,None
08:58:02.068,Active,430.5,2.4,1.1,11.9,59.0,Yes,0.0,None
08:58:02.481,Active,407.2,2.4,98.8,11.9,59.0,Yes,0.0,None
08:58:02.892,Active,405.0,2.4,99.4,11.9,60.6,Yes,0.0,None
08:58:03.323,Active,424.1,5.9,98.9,11.9,61.7,Yes,0.0,None
08:58:03.735,Active,404.8,5.9,98.8,11.9,62.2,Yes,0.0,None
08:58:04.150,Active,408.3,5.9,98.8,11.9,62.8,Yes,0.0,None
08:58:04.563,Active,405.1,5.9,98.8,11.9,64.5,Yes,0.0,None
08:58:04.974,Active,405.1,5.9,100.0,12.0,64.5,Yes,0.0,None
08:58:05.390,Active,409.8,5.9,98.8,12.0,65.0,Yes,0.0,None
08:58:05.803,Active,406.5,5.9,99.4,11.9,65.5,Yes,0.0,None
08:58:06.218,Active,409.4,5.9,99.4,11.9,66.7,Yes,0.0,None
08:58:06.628,Active,402.8,5.9,98.8,11.9,66.7,Yes,0.0,None
08:58:07.039,Active,405.2,5.9,99.4,11.9,66.1,Yes,0.0,None
08:58:07.455,Active,405.5,2.4,98.8,11.9,66.1,Yes,0.0,None
08:58:07.869,Active,406.4,2.4,98.8,11.9,67.8,Yes,0.0,None
08:58:08.289,Active,409.8,2.4,98.2,11.9,68.8,Yes,0.0,None
08:58:08.704,Active,407.8,2.4,98.2,11.9,68.3,Yes,0.0,None
08:58:09.125,Active,410.4,2.4,97.6,11.9,68.3,Yes,0.0,None
08:58:09.544,Active,408.7,2.4,98.2,11.9,68.3,Yes,0.0,None
08:58:09.957,Active,405.8,2.4,98.2,11.8,69.4,Yes,0.0,None
08:58:10.371,Active,407.9,2.4,99.4,11.8,69.4,Yes,0.0,None
08:58:10.784,Active,406.2,2.4,99.4,11.8,69.4,Yes,0.0,None
08:58:11.211,Active,421.2,2.4,97.1,11.8,69.4,Yes,0.0,None
08:58:11.634,Active,414.4,2.4,97.0,11.8,70.5,Yes,0.0,None
08:58:12.060,Active,416.6,2.4,97.6,11.8,70.0,Yes,0.0,None
08:58:12.473,Active,404.7,2.4,98.8,11.8,71.0,Yes,0.0,None
08:58:12.886,Active,407.1,2.4,100.0,11.8,71.0,Yes,0.0,None
08:58:13.334,Active,439.5,2.4,98.3,11.9,71.0,Yes,0.0,None
08:58:13.750,Active,407.0,2.4,98.8,11.9,70.5,Yes,0.0,None
08:58:14.163,Active,406.2,2.4,99.4,12.0,70.5,Yes,0.0,None
08:58:14.579,Active,408.0,2.4,98.8,12.0,71.0,Yes,0.0,None
08:58:14.996,Active,410.8,2.4,99.4,12.0,71.0,Yes,0.0,None
08:58:15.411,Active,407.4,2.4,98.8,12.0,72.2,Yes,0.0,None
08:58:15.824,Active,406.4,2.4,99.4,12.0,71.6,Yes,0.0,None
08:58:16.241,Active,409.5,2.4,98.2,11.9,72.2,Yes,0.0,None
08:58:16.656,Active,408.5,2.4,98.2,11.9,71.6,Yes,0.0,None
08:58:17.073,Active,410.1,2.4,98.2,11.9,71.6,Yes,0.0,None
08:58:17.488,Active,407.1,2.4,98.2,11.9,72.2,Yes,0.0,None
08:58:17.900,Active,406.2,2.4,99.4,11.9,72.7,Yes,0.0,None
08:58:18.332,Active,420.5,2.4,97.7,11.9,72.7,Yes,0.0,None
08:58:18.744,Active,405.0,2.4,98.8,11.9,73.2,Yes,0.0,None
08:58:19.160,Active,409.3,2.4,100.0,11.9,72.2,Yes,0.0,None
08:58:19.589,Active,421.6,2.4,96.5,11.9,72.7,Yes,0.0,None
08:58:20.003,Active,408.5,2.4,99.4,11.9,73.2,Yes,0.0,None
08:58:20.415,Active,403.5,2.4,99.4,11.9,73.8,Yes,0.0,None
08:58:20.830,Active,407.0,2.4,98.8,11.9,72.7,Yes,0.0,None
08:58:21.249,Active,412.8,2.4,98.2,11.8,72.7,Yes,0.0,None
08:58:21.666,Active,409.9,2.4,99.4,11.8,72.7,Yes,0.0,None
08:58:22.079,Active,406.5,2.4,98.8,11.9,73.2,Yes,0.0,None
08:58:22.498,Active,408.3,2.4,98.2,11.9,73.2,Yes,0.0,None
08:58:22.914,Active,409.7,2.4,98.2,11.9,73.8,Yes,0.0,None
08:58:23.356,Active,428.0,2.4,97.7,11.9,72.7,Yes,0.0,None
08:58:23.771,Active,406.5,2.4,98.8,11.9,73.2,Yes,0.0,None
08:58:24.184,Active,406.8,2.4,98.8,11.9,73.8,Yes,0.0,None
08:58:24.597,Active,406.7,2.4,99.4,11.9,73.8,Yes,0.0,None
08:58:25.013,Active,409.4,2.4,98.8,11.9,74.3,Yes,0.0,None
08:58:25.426,Active,406.7,2.4,98.8,11.9,73.8,Yes,0.0,None
08:58:25.843,Active,410.6,2.4,98.2,11.9,73.2,Yes,0.0,None
08:58:26.263,Active,411.3,2.4,98.2,11.9,73.8,Yes,0.0,None
08:58:26.675,Active,406.3,2.4,99.4,11.9,73.8,Yes,0.0,None
08:58:27.094,Active,409.8,2.4,97.6,11.9,74.3,Yes,0.0,None
08:58:27.515,Active,409.5,2.4,98.2,11.9,73.8,Yes,0.0,None
08:58:27.932,Active,407.6,2.4,98.2,11.9,73.8,Yes,0.0,None
08:58:28.377,Active,435.0,2.4,97.7,11.9,73.8,Yes,0.0,None
08:58:28.794,Active,407.6,2.4,98.2,11.9,74.3,Yes,0.0,None
08:58:29.215,Active,411.9,2.4,98.2,11.9,73.8,Yes,0.0,None
08:58:29.647,Active,423.6,2.4,95.9,11.9,73.8,Yes,0.0,None
08:58:30.065,Active,409.4,2.4,98.2,11.9,75.5,Yes,0.0,None
08:58:30.480,Active,408.5,2.4,98.8,11.9,74.3,Yes,0.0,None
08:58:30.893,Active,405.0,2.4,98.2,12.0,74.9,Yes,0.0,None
08:58:31.308,Active,408.5,2.4,98.8,11.9,73.8,Yes,0.0,None
08:58:31.724,Active,408.4,2.4,98.8,11.9,74.3,Yes,0.0,None
08:58:32.146,Active,414.6,2.4,97.6,11.9,74.3,Yes,0.0,None
08:58:32.564,Active,411.0,2.4,98.2,11.9,74.3,Yes,0.0,None
08:58:32.985,Active,411.2,2.4,98.2,11.9,74.3,Yes,0.0,None
08:58:33.400,Active,408.4,2.4,98.8,11.9,74.9,Yes,0.0,None
08:58:33.841,Active,433.5,2.4,98.3,12.0,74.9,Yes,0.0,None
08:58:34.260,Active,412.6,2.4,98.8,12.0,74.3,Yes,0.0,None
08:58:34.677,Active,410.6,2.4,98.2,12.0,73.8,Yes,0.0,None
08:58:35.095,Active,412.1,2.4,98.8,12.0,75.5,Yes,0.0,None
08:58:35.511,Active,408.7,2.4,98.8,12.0,75.5,Yes,0.0,None
08:58:35.928,Active,410.3,2.4,98.8,12.0,75.5,Yes,0.0,None
08:58:36.344,Active,409.0,2.4,98.8,12.0,75.5,Yes,0.0,None
08:58:36.757,Active,406.4,2.4,98.8,11.9,74.9,Yes,0.0,None
08:58:37.179,Active,411.8,2.4,98.2,11.9,74.9,Yes,0.0,None
08:58:37.594,Active,406.6,2.4,98.8,11.9,74.9,Yes,0.0,None
08:58:38.013,Active,409.0,2.4,98.2,11.9,74.9,Yes,0.0,None
08:58:38.429,Active,409.0,2.4,98.8,11.9,76.0,Yes,0.0,None
08:58:38.864,Active,429.1,2.4,95.9,11.9,75.5,Yes,0.0,None
08:58:39.280,Active,408.6,2.4,98.8,11.9,75.5,Yes,0.0,None
08:58:39.696,Active,409.1,2.4,98.8,11.9,75.5,Yes,0.0,None
08:58:40.116,Active,412.4,2.4,98.2,11.9,75.5,Yes,0.0,None
08:58:40.536,Active,412.5,2.4,98.2,11.9,75.5,Yes,0.0,None
08:58:40.981,Active,436.9,2.4,94.9,11.9,74.9,Yes,0.0,None
08:58:41.395,Active,407.6,2.4,98.8,11.9,76.0,Yes,0.0,None
08:58:41.811,Active,407.7,2.4,98.8,11.8,75.5,Yes,0.0,None
08:58:42.236,Active,416.5,2.4,98.2,11.9,74.9,Yes,0.0,None
08:58:42.652,Active,408.4,2.4,98.2,11.9,75.5,Yes,0.0,None
08:58:43.072,Active,414.1,2.4,98.2,11.9,75.5,Yes,0.0,None
08:58:43.623,Active,441.5,2.4,79.9,11.9,74.3,Yes,0.0,None
08:58:44.041,Active,411.1,2.4,98.8,12.0,75.5,Yes,0.0,None
08:58:44.456,Active,405.9,2.4,98.2,12.0,76.0,Yes,0.0,None
08:58:44.876,Active,409.5,2.4,98.2,11.9,75.5,Yes,0.0,None
08:58:45.294,Active,412.8,2.3,98.8,11.9,76.0,Yes,0.0,None
08:58:45.707,Active,407.0,2.3,98.8,11.9,76.0,Yes,0.0,None
08:58:46.125,Active,410.0,2.3,98.2,11.9,75.5,Yes,0.0,None
08:58:46.542,Active,406.4,2.3,97.6,11.9,76.0,Yes,0.0,None
08:58:46.959,Active,407.7,2.3,98.2,11.9,76.0,Yes,0.0,None
08:58:47.380,Active,411.0,2.3,98.2,11.9,76.0,Yes,0.0,None
08:58:47.797,Active,408.9,2.3,97.6,11.9,76.0,Yes,0.0,None
08:58:48.215,Active,410.1,2.3,98.8,11.9,74.3,Yes,0.0,None
08:58:48.633,Active,408.1,2.3,98.2,11.9,76.0,Yes,0.0,None
08:58:49.064,Active,421.1,2.3,97.7,11.9,76.5,Yes,0.0,None
08:58:49.482,Active,408.3,2.4,97.6,11.9,76.0,Yes,0.0,None
08:58:49.898,Active,406.6,2.4,98.2,11.9,75.5,Yes,0.0,None
08:58:50.316,Active,411.6,2.4,99.4,11.9,75.5,Yes,0.0,None
08:58:50.732,Active,406.5,2.4,97.0,11.9,76.0,Yes,0.0,None
08:58:51.151,Active,409.2,2.4,98.2,11.9,76.5,Yes,0.0,None
08:58:51.565,Active,407.7,2.4,99.4,11.8,75.5,Yes,0.0,None
08:58:51.982,Active,409.8,2.4,98.2,11.8,75.5,Yes,0.0,None
08:58:52.401,Active,409.3,2.4,97.0,11.9,76.5,Yes,0.0,None
08:58:52.915,Active,406.5,2.4,79.5,11.9,76.5,Yes,0.0,None
08:58:53.332,Active,409.8,2.4,98.8,11.8,76.0,Yes,0.0,None
08:58:53.748,Active,406.3,2.3,98.2,11.8,76.0,Yes,0.0,None
08:58:54.182,Active,420.5,2.3,97.1,11.9,76.0,Yes,0.0,None
08:58:54.601,Active,411.3,2.3,98.8,11.9,76.5,Yes,0.0,None
08:58:55.019,Active,411.9,2.3,98.2,11.9,76.0,Yes,0.0,None
08:58:55.436,Active,410.8,2.3,98.2,11.9,75.5,Yes,0.0,None
08:58:55.851,Active,407.3,2.3,98.2,11.9,76.5,Yes,0.0,None
08:58:56.270,Active,409.1,2.3,98.2,11.8,76.5,Yes,0.0,None
08:58:56.685,Active,407.0,2.3,98.2,11.8,76.5,Yes,0.0,None
08:58:57.107,Active,412.4,2.3,98.2,11.8,76.5,Yes,0.0,None
08:58:57.523,Active,407.8,2.3,98.2,11.8,76.0,Yes,0.0,None
08:58:57.939,Active,407.8,2.4,98.2,11.8,76.5,Yes,0.0,None
08:58:58.454,Active,414.0,2.4,80.0,11.8,76.5,Yes,0.0,None
08:58:58.897,Active,432.4,2.4,98.3,11.9,76.0,Yes,0.0,None
08:58:59.316,Active,411.2,2.4,98.2,11.9,76.5,Yes,0.0,None
08:58:59.733,Active,407.4,2.4,97.6,11.9,76.0,Yes,0.0,None
08:59:00.149,Active,409.7,2.4,99.4,11.9,77.1,Yes,0.0,None
08:59:00.565,Active,409.1,2.4,98.2,11.9,76.5,Yes,0.0,None
08:59:00.980,Active,408.2,2.4,98.8,11.8,76.5,Yes,0.0,None
08:59:01.399,Active,411.4,2.4,98.2,11.8,76.5,Yes,0.0,None
08:59:01.813,Active,406.7,2.4,98.8,11.8,76.5,Yes,0.0,None
08:59:47.250,Active,422.6,23.4,1.4,11.9,57.9,Yes,0.0,None
08:59:47.665,Active,409.5,23.4,99.4,11.9,59.5,Yes,0.0,None
08:59:48.081,Active,409.3,23.4,98.8,11.9,60.6,Yes,0.0,None
08:59:48.496,Active,408.7,23.4,98.8,11.9,61.7,Yes,0.0,None
08:59:48.911,Active,407.6,23.4,98.8,11.9,62.2,Yes,0.0,None
08:59:49.329,Active,409.7,23.4,98.2,11.9,63.4,Yes,0.0,None
08:59:49.745,Active,409.8,23.4,98.8,11.9,63.9,Yes,0.0,None
08:59:50.169,Active,417.2,23.4,98.8,11.9,64.5,Yes,0.0,None
08:59:50.583,Active,407.4,23.4,98.8,11.9,65.5,Yes,0.0,None
08:59:51.000,Active,408.5,23.4,98.2,11.9,65.5,Yes,0.0,None
08:59:51.417,Active,409.4,2.4,98.8,11.9,65.5,Yes,0.0,None
08:59:51.833,Active,409.6,2.4,98.2,11.9,66.7,Yes,0.0,None
08:59:52.252,Active,411.1,2.4,97.6,11.9,67.2,Yes,0.0,None
08:59:52.668,Active,408.8,2.4,98.8,11.9,67.2,Yes,0.0,None
08:59:53.084,Active,408.8,2.4,99.4,11.8,67.2,Yes,0.0,None
08:59:53.502,Active,410.1,2.4,98.2,11.8,68.3,Yes,0.0,None
08:59:54.030,Active,420.4,2.4,78.8,11.8,67.8,Yes,0.0,None
08:59:54.447,Active,409.1,2.4,98.2,11.8,68.3,Yes,0.0,None
08:59:54.876,Active,420.9,2.4,97.7,11.9,68.8,Yes,0.0,None
08:59:55.297,Active,409.1,2.4,98.2,11.9,68.8,Yes,0.0,None
08:59:55.716,Active,413.2,2.3,98.2,11.9,68.8,Yes,0.0,None
08:59:56.137,Active,414.4,2.3,98.8,11.9,68.8,Yes,0.0,None
08:59:56.552,Active,408.9,2.3,98.2,11.9,68.8,Yes,0.0,None
08:59:56.968,Active,408.9,2.3,98.8,11.9,70.0,Yes,0.0,None
08:59:57.395,Active,418.3,2.3,97.1,11.9,70.0,Yes,0.0,None
08:59:57.828,Active,424.3,2.3,95.9,11.9,70.0,Yes,0.0,None
08:59:58.245,Active,409.7,2.3,98.8,11.9,70.5,Yes,0.0,None
08:59:58.662,Active,409.6,2.3,98.2,11.9,70.5,Yes,0.0,None
08:59:59.081,Active,410.8,2.3,98.2,11.9,70.5,Yes,0.0,None
08:59:59.501,Active,409.4,2.3,98.2,11.9,71.0,Yes,0.0,None
08:59:59.936,Active,428.4,2.4,97.7,11.9,71.0,Yes,0.0,None
09:00:00.352,Active,408.4,2.4,98.2,11.9,71.6,Yes,0.0,None
09:00:00.770,Active,410.3,2.4,98.2,11.9,71.6,Yes,0.0,None
09:00:01.189,Active,409.9,2.4,97.6,11.9,71.6,Yes,0.0,None
09:00:01.606,Active,408.0,2.4,98.8,11.9,71.0,Yes,0.0,None
09:00:02.028,Active,412.4,2.4,97.6,11.9,72.7,Yes,0.0,None
09:00:02.446,Active,409.0,2.4,98.2,11.9,71.0,Yes,0.0,None
09:00:02.867,Active,411.8,2.4,97.6,11.9,71.6,Yes,0.0,None
09:00:03.283,Active,409.7,2.4,98.8,11.9,72.7,Yes,0.0,None
09:00:03.701,Active,411.7,2.4,98.8,11.9,73.2,Yes,0.0,None
09:00:04.123,Active,416.4,2.4,98.2,11.9,72.2,Yes,0.0,None
09:00:04.544,Active,408.8,2.4,97.6,11.9,72.2,Yes,0.0,None
09:00:04.959,Active,407.4,2.4,98.8,11.9,72.2,Yes,0.0,None
09:00:05.395,Active,430.0,2.4,99.4,11.9,72.7,Yes,0.0,None
09:00:05.810,Active,409.3,2.4,99.4,11.9,73.2,Yes,0.0,None
09:00:06.227,Active,407.5,2.4,98.2,11.9,73.2,Yes,0.0,None
09:00:06.669,Active,429.1,2.4,94.4,11.9,72.7,Yes,0.0,None
09:00:07.085,Active,409.1,2.4,99.4,11.9,72.7,Yes,0.0,None
09:00:07.502,Active,409.6,2.4,97.6,11.9,73.2,Yes,0.0,None
09:00:07.921,Active,409.3,2.4,97.0,11.9,72.7,Yes,0.0,None
09:00:08.340,Active,412.7,2.4,98.8,11.8,73.2,Yes,0.0,None
09:00:08.762,Active,416.1,2.4,96.4,11.8,73.2,Yes,0.0,None
09:00:09.181,Active,409.4,2.4,98.8,11.8,73.8,Yes,0.0,None
09:00:09.595,Active,407.5,2.4,98.8,11.8,72.7,Yes,0.0,None
09:00:10.010,Active,409.4,2.4,99.4,11.8,73.2,Yes,0.0,None
09:00:10.426,Active,410.0,2.4,98.8,11.8,73.2,Yes,0.0,None
09:00:10.843,Active,407.8,2.4,98.2,11.8,74.3,Yes,0.0,None
09:00:11.263,Active,411.2,2.4,98.8,11.8,73.8,Yes,0.0,None
09:00:11.678,Active,409.7,2.4,98.8,11.8,73.8,Yes,0.0,None
09:00:12.096,Active,411.7,2.4,98.8,11.8,73.8,Yes,0.0,None
09:00:12.518,Active,415.0,2.4,97.6,11.8,73.8,Yes,0.0,None
09:00:12.943,Active,415.5,2.4,97.0,11.9,74.9,Yes,0.0,None
09:00:13.356,Active,406.7,2.4,98.8,11.8,74.9,Yes,0.0,None
09:00:13.770,Active,408.3,2.4,99.4,11.8,73.8,Yes,0.0,None
09:00:14.197,Active,419.9,2.4,98.2,11.8,74.3,Yes,0.0,None
09:00:14.717,Active,414.2,2.4,78.7,11.8,73.8,Yes,0.0,None
09:00:15.169,Active,441.2,2.4,97.8,11.9,73.8,Yes,0.0,None
09:00:15.587,Active,410.5,2.4,98.8,11.9,73.8,Yes,0.0,None
09:00:16.005,Active,410.9,2.4,98.8,11.9,73.8,Yes,0.0,None
09:00:16.419,Active,408.0,2.4,98.2,11.9,73.8,Yes,0.0,None
09:00:16.835,Active,409.5,2.3,99.4,11.9,74.9,Yes,0.0,None
09:00:17.259,Active,415.2,2.3,97.7,11.9,74.3,Yes,0.0,None
09:00:17.674,Active,408.4,2.3,98.8,11.9,74.9,Yes,0.0,None
09:00:18.095,Active,411.0,2.3,98.2,11.9,75.5,Yes,0.0,None
09:00:18.525,Active,422.1,2.3,97.7,11.9,74.9,Yes,0.0,None
09:00:18.937,Active,405.6,2.3,98.2,11.9,74.9,Yes,0.0,None
09:00:19.352,Active,408.1,2.3,99.4,11.9,74.3,Yes,0.0,None
09:00:19.764,Active,406.8,2.3,99.4,11.9,74.9,Yes,0.0,None
09:00:20.180,Active,409.2,2.3,98.8,11.9,75.5,Yes,0.0,None
09:00:20.608,Active,420.6,2.3,98.3,11.9,74.9,Yes,0.0,None
09:00:21.029,Active,414.0,2.4,98.2,11.9,74.9,Yes,0.0,None
09:00:21.443,Active,407.6,2.4,99.4,11.9,74.9,Yes,0.0,None
09:00:21.856,Active,406.5,2.4,98.8,11.9,74.9,Yes,0.0,None
09:00:22.273,Active,409.5,2.4,98.8,11.9,74.9,Yes,0.0,None
09:00:22.688,Active,408.2,2.4,98.8,11.9,75.5,Yes,0.0,None
09:00:23.115,Active,418.7,2.4,97.1,11.9,75.5,Yes,0.0,None
09:00:23.531,Active,407.4,2.4,98.8,11.9,74.3,Yes,0.0,None
09:00:23.941,Active,404.0,2.4,99.4,11.9,75.5,Yes,0.0,None
09:00:24.356,Active,408.7,2.4,100.0,11.9,75.5,Yes,0.0,None
09:00:24.771,Active,409.3,2.4,98.8,11.9,75.5,Yes,0.0,None
09:00:25.188,Active,408.5,2.4,98.2,11.9,76.5,Yes,0.0,None
09:00:25.615,Active,419.2,2.4,98.8,11.9,74.9,Yes,0.0,None
09:00:26.040,Active,417.1,2.4,97.7,11.9,75.5,Yes,0.0,None
09:00:26.456,Active,408.2,2.4,98.2,11.9,76.0,Yes,0.0,None
09:00:26.879,Active,415.4,2.4,97.6,11.9,75.5,Yes,0.0,None
09:00:27.295,Active,407.7,2.4,98.8,11.9,76.0,Yes,0.0,None
09:00:27.710,Active,409.1,2.4,99.4,11.9,76.0,Yes,0.0,None
09:00:28.127,Active,408.5,2.4,98.2,11.9,75.5,Yes,0.0,None
09:00:28.549,Active,409.5,2.4,97.6,11.9,75.5,Yes,0.0,None
09:00:28.968,Active,413.2,2.4,98.2,11.9,76.0,Yes,0.0,None
09:00:29.385,Active,408.7,2.4,98.8,11.9,76.0,Yes,0.0,None
09:00:29.797,Active,405.7,2.4,98.8,11.9,75.5,Yes,0.0,None
09:00:30.216,Active,412.5,2.4,98.8,11.9,75.5,Yes,0.0,None
09:00:30.677,Active,450.7,2.4,94.5,11.9,75.5,Yes,0.0,None
09:00:31.098,Active,411.2,2.4,98.2,11.9,75.5,Yes,0.0,None
09:00:31.515,Active,410.4,2.4,98.2,11.9,76.0,Yes,0.0,None
09:00:31.933,Active,410.8,2.4,98.8,11.9,76.0,Yes,0.0,None
09:00:32.350,Active,410.4,2.4,98.2,11.9,76.0,Yes,0.0,None
09:00:32.768,Active,404.1,2.4,97.6,11.9,76.5,Yes,0.0,None
09:00:33.191,Active,411.6,2.4,98.2,11.9,76.5,Yes,0.0,None
09:00:33.607,Active,409.2,2.4,98.8,11.8,76.0,Yes,0.0,None
09:00:34.022,Active,408.3,2.4,98.8,11.8,75.5,Yes,0.0,None
09:00:34.439,Active,406.7,2.4,98.2,11.8,76.5,Yes,0.0,None
09:00:34.854,Active,406.6,2.4,98.8,11.8,76.5,Yes,0.0,None
09:00:35.271,Active,410.6,2.4,99.4,11.8,76.0,Yes,0.0,None
09:00:35.708,Active,431.4,2.4,98.9,11.9,76.5,Yes,0.0,None
09:00:36.126,Active,409.4,2.4,97.6,11.9,76.5,Yes,0.0,None
09:00:36.544,Active,408.4,2.4,98.2,11.9,77.1,Yes,0.0,None
09:00:36.958,Active,406.9,2.4,98.8,11.9,76.5,Yes,0.0,None
09:00:37.376,Active,406.9,2.4,98.2,11.9,76.0,Yes,0.0,None
09:00:37.794,Active,410.1,2.4,98.2,11.9,76.5,Yes,0.0,None
09:00:38.211,Active,410.4,2.4,98.8,11.9,77.1,Yes,0.0,None
09:00:38.625,Active,407.7,2.4,98.2,11.9,76.5,Yes,0.0,None
09:00:39.040,Active,408.3,2.4,99.4,11.9,77.1,Yes,0.0,None
09:00:39.460,Active,409.1,2.4,97.6,11.9,76.5,Yes,0.0,None
09:00:39.879,Active,408.5,2.4,98.2,11.9,76.5,Yes,0.0,None
09:00:40.295,Active,408.5,2.4,98.8,11.9,76.5,Yes,0.0,None
09:00:40.815,Active,411.1,2.4,79.2,11.9,77.7,Yes,0.0,None
09:00:41.231,Active,406.8,2.4,98.8,11.9,76.5,Yes,0.0,None
09:00:41.647,Active,405.0,2.4,98.2,11.9,76.0,Yes,0.0,None
09:00:42.067,Active,408.9,2.3,98.2,11.9,76.5,Yes,0.0,None
09:00:42.479,Active,405.1,2.3,98.8,11.9,76.5,Yes,0.0,None
09:00:42.891,Active,404.8,2.3,99.4,11.9,76.5,Yes,0.0,None
09:00:43.307,Active,409.9,2.3,99.4,11.9,75.5,Yes,0.0,None
09:00:43.720,Active,403.9,2.3,98.8,11.8,76.5,Yes,0.0,None
09:00:44.139,Active,407.6,2.3,98.8,11.8,77.1,Yes,0.0,None
09:00:44.554,Active,408.3,2.3,98.8,11.8,76.5,Yes,0.0,None
09:00:44.967,Active,406.4,2.3,99.4,11.8,76.5,Yes,0.0,None
09:00:45.383,Active,406.9,2.3,98.8,11.8,77.1,Yes,0.0,None
09:00:45.862,Active,472.3,2.3,95.3,11.9,77.1,Yes,0.0,None
09:00:46.293,Active,417.4,2.4,96.5,11.9,76.5,Yes,0.0,None
09:00:46.710,Active,411.1,2.4,98.2,11.9,77.1,Yes,0.0,None
09:00:47.133,Active,413.4,2.4,98.2,11.9,77.1,Yes,0.0,None
09:01:32.584,Active,437.0,2.4,1.1,11.9,59.5,Yes,0.0,None
09:01:32.994,Active,403.6,2.4,100.0,12.0,60.6,Yes,0.0,None
09:01:33.403,Active,403.4,2.4,100.0,12.0,61.1,Yes,0.0,None
09:01:33.814,Active,405.3,2.4,99.4,12.0,62.2,Yes,0.0,None
09:01:34.232,Active,408.2,2.4,98.2,12.0,62.8,Yes,0.0,None
09:01:34.643,Active,404.4,2.4,98.8,11.9,63.4,Yes,0.0,None
09:01:35.060,Active,408.7,2.4,98.8,11.9,64.5,Yes,0.0,None
09:01:35.476,Active,406.2,3.0,97.6,11.9,65.0,Yes,0.0,None
09:01:35.895,Active,408.9,3.0,97.6,11.9,65.5,Yes,0.0,None
09:01:36.319,Active,411.7,3.0,98.2,11.9,65.5,Yes,0.0,None
09:01:36.761,Active,433.9,3.0,98.3,12.0,66.7,Yes,0.0,None
09:01:37.180,Active,408.8,3.0,98.2,12.0,67.2,Yes,0.0,None
09:01:37.600,Active,410.3,3.0,98.8,11.9,67.2,Yes,0.0,None
09:01:38.018,Active,410.3,3.0,97.6,11.9,67.2,Yes,0.0,None
09:01:38.433,Active,409.3,3.0,98.8,11.9,67.8,Yes,0.0,None
09:01:38.847,Active,407.8,3.0,99.4,11.9,67.8,Yes,0.0,None
09:01:39.265,Active,409.5,3.0,98.8,11.9,67.8,Yes,0.0,None
09:01:39.681,Active,408.3,2.4,98.2,11.9,70.0,Yes,0.0,None
09:01:40.108,Active,417.8,2.4,97.1,11.9,68.8,Yes,0.0,None
09:01:40.529,Active,410.8,2.4,97.6,11.9,69.4,Yes,0.0,None
09:01:40.942,Active,407.0,2.4,98.8,11.9,69.4,Yes,0.0,None
09:01:41.361,Active,412.4,2.4,98.8,11.9,70.0,Yes,0.0,None
09:01:41.777,Active,409.2,2.4,98.2,11.9,69.4,Yes,0.0,None
09:01:42.193,Active,409.3,2.4,99.4,11.9,70.0,Yes,0.0,None
09:01:42.610,Active,409.8,2.4,97.6,11.9,70.5,Yes,0.0,None
09:01:43.030,Active,410.9,2.4,98.8,11.9,70.5,Yes,0.0,None
09:01:43.447,Active,410.5,2.4,97.6,11.9,71.0,Yes,0.0,None
09:01:43.860,Active,406.6,2.4,99.4,11.9,70.5,Yes,0.0,None
09:01:44.274,Active,408.8,2.4,98.8,11.9,71.0,Yes,0.0,None
09:01:44.690,Active,406.5,2.4,98.8,11.9,71.6,Yes,0.0,None
09:01:45.108,Active,411.5,2.4,98.8,11.9,71.6,Yes,0.0,None
09:01:45.529,Active,409.6,2.4,97.6,11.9,71.6,Yes,0.0,None
09:01:45.944,Active,408.8,2.4,98.8,11.9,73.2,Yes,0.0,None
09:01:46.364,Active,412.4,2.4,98.2,11.9,72.2,Yes,0.0,None
09:01:46.812,Active,440.2,2.4,98.3,11.9,71.6,Yes,0.0,None
09:01:47.230,Active,410.9,2.4,99.4,11.9,72.2,Yes,0.0,None
09:01:47.651,Active,409.2,2.4,97.0,11.9,71.6,Yes,0.0,None
09:01:48.067,Active,407.1,2.4,99.4,11.9,72.7,Yes,0.0,None
09:01:48.483,Active,407.6,2.4,98.2,11.9,72.7,Yes,0.0,None
09:01:48.900,Active,408.2,2.4,98.8,11.9,73.2,Yes,0.0,None
09:01:49.315,Active,409.3,2.4,99.4,11.9,73.2,Yes,0.0,None
09:01:49.735,Active,407.3,2.4,97.6,11.9,72.2,Yes,0.0,None
09:01:50.156,Active,412.3,2.4,98.8,11.9,72.2,Yes,0.0,None
09:01:50.570,Active,406.5,2.4,98.2,11.9,73.2,Yes,0.0,None
09:01:50.999,Active,419.4,2.4,97.1,11.9,72.7,Yes,0.0,None
09:01:51.411,Active,406.3,2.4,99.4,11.9,73.8,Yes,0.0,None
09:01:51.836,Active,416.7,2.4,98.8,11.9,73.2,Yes,0.0,None
09:01:52.254,Active,410.7,2.4,98.8,11.9,73.2,Yes,0.0,None
09:01:52.674,Active,409.9,2.4,97.6,11.9,73.2,Yes,0.0,None
09:01:53.096,Active,412.7,2.4,98.2,11.9,73.2,Yes,0.0,None
09:01:53.511,Active,408.0,2.4,98.2,11.9,73.8,Yes,0.0,None
09:01:53.927,Active,407.4,2.4,98.8,11.9,73.2,Yes,0.0,None
09:01:54.345,Active,412.3,2.4,99.4,11.9,73.8,Yes,0.0,None
09:01:54.758,Active,406.8,2.4,98.2,11.9,74.3,Yes,0.0,None
09:01:55.178,Active,413.6,2.4,98.2,11.8,73.8,Yes,0.0,None
09:01:55.596,Active,408.7,2.4,98.2,11.8,73.8,Yes,0.0,None
09:01:56.013,Active,409.6,2.4,98.2,11.8,73.8,Yes,0.0,None
09:01:56.427,Active,407.8,2.4,98.8,11.8,73.8,Yes,0.0,None
09:01:56.852,Active,416.9,2.4,98.8,11.9,74.9,Yes,0.0,None
09:01:57.273,Active,410.0,2.4,98.2,11.9,74.3,Yes,0.0,None
09:01:57.689,Active,406.7,2.4,98.8,11.9,74.3,Yes,0.0,None
09:01:58.104,Active,406.9,2.4,98.8,11.9,74.9,Yes,0.0,None
09:01:58.524,Active,409.4,2.4,98.2,11.8,74.3,Yes,0.0,None
09:01:58.954,Active,423.6,2.4,95.4,11.8,74.3,Yes,0.0,None
09:01:59.371,Active,408.5,2.4,98.2,11.8,74.3,Yes,0.0,None
09:01:59.788,Active,407.1,2.4,98.2,11.8,74.3,Yes,0.0,None
09:02:00.209,Active,411.0,2.4,98.2,11.8,74.9,Yes,0.0,None
09:02:00.627,Active,408.3,2.4,97.6,11.8,74.3,Yes,0.0,None
09:02:01.044,Active,410.8,2.4,98.8,11.8,74.9,Yes,0.0,None
09:02:01.466,Active,415.2,2.4,98.2,11.8,74.9,Yes,0.0,None
09:02:01.907,Active,431.7,2.4,96.0,11.9,74.3,Yes,0.0,None
09:02:02.328,Active,412.0,2.4,97.6,11.9,75.5,Yes,0.0,None
09:02:02.750,Active,414.1,2.4,98.8,11.9,74.9,Yes,0.0,None
09:02:03.162,Active,406.3,2.4,99.4,11.9,75.5,Yes,0.0,None
09:02:03.577,Active,408.6,2.4,98.8,11.9,75.5,Yes,0.0,None
09:02:03.997,Active,410.3,2.4,98.2,11.9,74.9,Yes,0.0,None
09:02:04.411,Active,407.2,2.4,99.4,11.9,75.5,Yes,0.0,None
09:02:04.826,Active,407.7,2.4,98.2,11.9,74.3,Yes,0.0,None
09:02:05.241,Active,409.4,2.4,99.4,11.9,75.5,Yes,0.0,None
09:02:05.654,Active,406.5,2.4,98.8,11.9,75.5,Yes,0.0,None
09:02:06.073,Active,409.4,2.4,98.2,11.9,74.9,Yes,0.0,None
09:02:06.488,Active,408.0,2.4,98.8,11.9,75.5,Yes,0.0,None
09:02:06.900,Active,406.4,2.4,99.4,11.9,74.3,Yes,0.0,None
09:02:07.339,Active,433.1,2.4,98.9,11.9,75.5,Yes,0.0,None
09:02:07.756,Active,410.8,2.4,99.4,11.9,75.5,Yes,0.0,None
09:02:08.177,Active,414.0,2.4,97.0,11.9,75.5,Yes,0.0,None
09:02:08.599,Active,410.1,2.4,98.2,11.9,74.9,Yes,0.0,None
09:02:09.019,Active,411.7,2.4,97.6,11.9,75.5,Yes,0.0,None
09:02:09.437,Active,406.9,2.4,98.2,11.9,76.0,Yes,0.0,None
09:02:09.851,Active,407.8,2.4,98.8,11.9,75.5,Yes,0.0,None
09:02:10.271,Active,410.1,2.4,98.2,11.9,75.5,Yes,0.0,None
09:02:10.690,Active,409.0,2.4,98.2,11.9,74.9,Yes,0.0,None
09:02:11.113,Active,413.0,2.4,97.6,11.9,74.9,Yes,0.0,None
09:02:11.531,Active,407.4,2.4,97.6,11.9,76.0,Yes,0.0,None
09:02:11.949,Active,407.8,2.4,98.2,11.9,76.5,Yes,0.0,None
09:02:12.369,Active,410.5,2.4,97.6,11.9,76.5,Yes,0.0,None
09:02:12.781,Active,406.0,2.4,99.4,11.9,76.0,Yes,0.0,None
09:02:13.201,Active,410.8,2.4,98.2,11.9,74.9,Yes,0.0,None
09:02:13.615,Active,406.4,2.4,98.8,11.9,75.5,Yes,0.0,None
09:02:14.036,Active,412.2,2.4,97.0,11.9,76.0,Yes,0.0,None
09:02:14.450,Active,407.0,2.4,98.8,11.9,76.5,Yes,0.0,None
09:02:14.869,Active,409.7,2.4,98.2,11.9,76.5,Yes,0.0,None
09:02:15.284,Active,408.3,2.4,98.8,11.9,76.0,Yes,0.0,None
09:02:15.699,Active,407.5,2.4,98.8,11.9,76.0,Yes,0.0,None
09:02:16.118,Active,410.7,2.4,98.2,11.9,76.0,Yes,0.0,None
09:02:16.536,Active,408.4,2.4,97.6,11.9,76.5,Yes,0.0,None
09:02:16.952,Active,408.8,2.4,97.6,11.9,76.5,Yes,0.0,None
09:02:17.401,Active,442.8,2.4,98.3,12.0,76.5,Yes,0.0,None
09:02:17.818,Active,407.8,2.4,98.2,12.0,75.5,Yes,0.0,None
09:02:18.240,Active,412.9,2.4,97.6,12.0,76.0,Yes,0.0,None
09:02:18.656,Active,406.4,2.4,98.2,12.0,76.5,Yes,0.0,None
09:02:19.070,Active,408.6,2.4,99.4,12.0,76.5,Yes,0.0,None
09:02:19.582,Active,405.1,2.4,79.9,12.0,76.0,Yes,0.0,None
09:02:20.001,Active,409.0,2.4,97.6,12.0,76.0,Yes,0.0,None
09:02:20.419,Active,408.1,2.4,97.6,12.0,76.0,Yes,0.0,None
09:02:20.858,Active,432.8,2.4,94.8,11.9,76.0,Yes,0.0,None
09:02:21.277,Active,409.5,2.4,98.2,12.0,76.5,Yes,0.0,None
09:02:21.692,Active,408.5,2.3,98.8,12.0,76.5,Yes,0.0,None
09:02:22.111,Active,411.2,2.3,98.2,11.9,76.5,Yes,0.0,None
09:02:22.553,Active,433.4,2.3,97.1,11.9,76.5,Yes,0.0,None
09:02:22.970,Active,410.5,2.3,98.8,12.0,76.5,Yes,0.0,None
09:02:23.387,Active,408.7,2.3,97.6,11.9,76.0,Yes,0.0,None
09:02:23.806,Active,412.1,2.3,97.6,11.9,76.0,Yes,0.0,None
09:02:24.235,Active,422.4,2.3,95.9,11.9,77.1,Yes,0.0,None
09:02:24.648,Active,407.2,2.3,100.0,11.9,76.5,Yes,0.0,None
09:02:25.063,Active,409.0,2.3,99.4,11.9,76.5,Yes,0.0,None
09:02:25.479,Active,409.4,2.3,98.8,11.9,77.1,Yes,0.0,None
09:02:25.896,Active,410.8,2.4,98.8,11.9,77.1,Yes,0.0,None
09:02:26.316,Active,412.5,2.4,98.2,11.9,76.5,Yes,0.0,None
09:02:26.732,Active,408.1,2.4,98.8,11.9,76.5,Yes,0.0,None
09:02:27.147,Active,407.5,2.4,98.8,11.9,77.1,Yes,0.0,None
09:02:27.578,Active,424.8,2.4,99.4,11.9,76.5,Yes,0.0,None
09:02:27.999,Active,411.3,2.4,98.2,11.9,76.5,Yes,0.0,None
09:02:28.416,Active,410.2,2.4,98.8,11.9,76.5,Yes,0.0,None
09:02:28.859,Active,435.8,2.4,93.8,11.9,77.1,Yes,0.0,None
09:02:29.297,Active,429.7,2.4,94.8,11.9,76.5,Yes,0.0,None
09:02:29.712,Active,408.8,2.4,99.4,11.9,76.5,Yes,0.0,None
09:02:30.130,Active,410.2,2.4,98.8,11.9,77.1,Yes,0.0,None
09:02:30.549,Active,410.0,2.4,97.6,11.9,76.5,Yes,0.0,None
09:02:30.980,Active,420.5,2.4,96.6,11.9,76.5,Yes,0.0,None
09:02:31.395,Active,408.2,2.4,98.8,11.9,76.5,Yes,0.0,None
09:02:31.808,Active,407.2,2.4,99.4,11.9,77.1,Yes,0.0,None
09:02:32.224,Active,409.6,2.4,99.4,11.9,77.1,Yes,0.0,None
09:03:17.663,Active,423.9,2.4,1.4,11.8,59.5,Yes,0.0,None
09:03:18.114,Active,442.2,2.4,97.8,11.9,59.5,Yes,0.0,None
09:03:18.525,Active,405.1,2.4,99.4,11.9,61.1,Yes,0.0,None
09:03:18.940,Active,408.8,2.4,98.8,11.9,61.7,Yes,0.0,None
09:03:19.356,Active,409.0,4.7,98.8,11.9,62.8,Yes,0.0,None
09:03:19.771,Active,407.2,4.7,98.8,11.9,64.5,Yes,0.0,None
09:03:20.188,Active,411.0,4.7,99.4,11.9,64.5,Yes,0.0,None
09:03:20.602,Active,408.5,4.7,98.8,11.9,65.0,Yes,0.0,None
09:03:21.019,Active,409.1,4.7,98.8,11.9,65.5,Yes,0.0,None
09:03:21.432,Active,407.2,4.7,99.4,11.9,65.5,Yes,0.0,None
09:03:21.848,Active,408.5,4.7,98.8,11.9,66.1,Yes,0.0,None
09:03:22.263,Active,408.9,4.7,98.8,11.9,68.3,Yes,0.0,None
09:03:22.679,Active,406.7,4.7,98.8,11.9,67.8,Yes,0.0,None
09:03:23.098,Active,408.8,4.7,98.2,11.9,67.8,Yes,0.0,None
09:03:23.527,Active,419.2,2.4,98.2,11.9,67.8,Yes,0.0,None
09:03:23.957,Active,423.1,2.4,95.9,12.0,67.8,Yes,0.0,None
09:03:24.374,Active,407.4,2.4,98.8,12.0,68.8,Yes,0.0,None
09:03:24.791,Active,408.1,2.4,98.2,12.0,68.8,Yes,0.0,None
09:03:25.210,Active,410.2,2.4,98.2,12.0,69.4,Yes,0.0,None
09:03:25.625,Active,409.1,2.4,99.4,12.0,70.0,Yes,0.0,None
09:03:26.044,Active,410.8,2.4,97.6,12.0,69.4,Yes,0.0,None
09:03:26.462,Active,408.0,2.4,97.6,11.9,70.0,Yes,0.0,None
09:03:26.881,Active,409.2,2.4,98.2,11.9,70.0,Yes,0.0,None
09:03:27.298,Active,409.0,2.4,98.8,11.9,70.0,Yes,0.0,None
09:03:27.814,Active,405.8,2.3,79.0,11.9,69.4,Yes,0.0,None
09:03:28.235,Active,410.9,2.3,98.2,11.9,69.4,Yes,0.0,None
09:03:28.668,Active,426.5,2.3,98.8,11.9,70.5,Yes,0.0,None
09:03:29.081,Active,406.6,2.3,98.8,11.9,70.5,Yes,0.0,None
09:03:29.496,Active,408.7,2.3,100.0,11.9,71.0,Yes,0.0,None
09:03:29.919,Active,417.5,2.3,98.2,11.9,70.5,Yes,0.0,None
09:03:30.344,Active,418.7,2.3,97.1,11.9,71.6,Yes,0.0,None
09:03:30.770,Active,418.8,2.3,97.1,11.9,71.0,Yes,0.0,None
09:03:31.187,Active,411.2,2.3,99.4,11.9,71.0,Yes,0.0,None
09:03:31.599,Active,405.2,2.3,98.8,11.9,72.2,Yes,0.0,None
09:03:32.013,Active,408.6,2.4,99.4,11.9,71.6,Yes,0.0,None
09:03:32.427,Active,407.2,2.4,99.4,11.9,72.2,Yes,0.0,None
09:03:32.845,Active,408.6,2.4,98.2,11.9,71.6,Yes,0.0,None
09:03:33.259,Active,406.7,2.4,98.2,11.9,71.6,Yes,0.0,None
09:03:33.691,Active,426.0,2.4,99.4,11.9,72.2,Yes,0.0,None
09:03:34.105,Active,405.9,2.4,98.8,11.9,72.7,Yes,0.0,None
09:03:34.522,Active,407.1,2.4,98.8,11.9,71.0,Yes,0.0,None
09:03:34.935,Active,406.5,2.4,99.4,11.9,72.2,Yes,0.0,None
09:03:35.350,Active,409.4,2.4,99.4,11.9,73.2,Yes,0.0,None
09:03:35.769,Active,412.2,2.4,97.6,11.9,72.7,Yes,0.0,None
09:03:36.189,Active,413.7,2.4,99.4,11.9,73.2,Yes,0.0,None
09:03:36.602,Active,407.2,2.4,100.0,11.9,72.2,Yes,0.0,None
09:03:37.020,Active,411.0,2.4,98.8,11.9,73.8,Yes,0.0,None
09:03:37.437,Active,409.2,2.4,98.8,11.9,73.2,Yes,0.0,None
09:03:37.853,Active,409.1,2.4,98.8,11.9,73.8,Yes,0.0,None
09:03:38.269,Active,408.5,2.4,98.8,11.9,73.2,Yes,0.0,None
09:03:38.708,Active,432.3,2.4,98.9,11.9,73.2,Yes,0.0,None
09:03:39.130,Active,411.7,2.4,97.6,11.9,74.3,Yes,0.0,None
09:03:39.550,Active,410.9,2.4,98.2,11.9,73.8,Yes,0.0,None
09:03:39.963,Active,406.5,2.4,99.4,11.9,73.8,Yes,0.0,None
09:03:40.381,Active,409.1,2.4,98.8,11.9,73.8,Yes,0.0,None
09:03:40.797,Active,409.1,2.4,98.2,11.9,73.8,Yes,0.0,None
09:03:41.219,Active,407.1,2.4,97.6,11.9,73.8,Yes,0.0,None
09:03:41.629,Active,404.9,2.4,99.4,11.9,74.3,Yes,0.0,None
09:03:42.076,Active,436.2,2.4,95.5,11.9,73.8,Yes,0.0,None
09:03:42.488,Active,404.5,2.4,98.8,11.9,74.3,Yes,0.0,None
09:03:42.905,Active,409.4,2.4,99.4,11.9,73.8,Yes,0.0,None
09:03:43.321,Active,409.0,2.4,98.8,11.9,74.3,Yes,0.0,None
09:03:43.732,Active,405.5,2.4,99.4,11.9,74.3,Yes,0.0,None
09:03:44.148,Active,409.5,2.4,98.8,11.9,74.3,Yes,0.0,None
09:03:44.568,Active,412.4,2.4,98.2,11.9,75.5,Yes,0.0,None
09:03:44.985,Active,409.7,2.4,98.8,11.9,73.8,Yes,0.0,None
09:03:45.396,Active,405.1,2.4,98.8,11.8,73.8,Yes,0.0,None
09:03:45.810,Active,408.3,2.4,99.4,11.8,74.9,Yes,0.0,None
09:03:46.226,Active,406.1,2.4,98.2,11.8,74.9,Yes,0.0,None
09:03:46.641,Active,405.3,2.4,98.2,11.8,74.9,Yes,0.0,None
09:03:47.056,Active,409.6,2.4,99.4,11.8,74.3,Yes,0.0,None
09:03:47.472,Active,408.2,2.4,98.8,11.8,75.5,Yes,0.0,None
09:03:47.891,Active,411.4,2.4,98.8,11.8,74.9,Yes,0.0,None
09:03:48.307,Active,408.8,2.4,99.4,11.8,75.5,Yes,0.0,None
09:03:48.754,Active,441.3,2.4,97.2,11.9,74.9,Yes,0.0,None
09:03:49.171,Active,408.2,2.4,98.8,12.0,75.5,Yes,0.0,None
09:03:49.587,Active,407.3,2.4,98.2,12.0,74.9,Yes,0.0,None
09:03:50.007,Active,407.9,2.4,98.2,12.0,74.9,Yes,0.0,None
09:03:50.423,Active,406.2,2.4,98.2,12.0,74.9,Yes,0.0,None
09:03:50.838,Active,407.7,2.4,98.8,12.0,74.9,Yes,0.0,None
09:03:51.260,Active,412.7,2.4,97.1,11.9,74.9,Yes,0.0,None
09:03:51.675,Active,407.9,2.4,98.8,11.9,74.9,Yes,0.0,None
09:03:52.092,Active,410.5,2.4,99.4,11.9,75.5,Yes,0.0,None
09:03:52.516,Active,409.7,2.4,96.5,11.9,75.5,Yes,0.0,None
09:03:52.933,Active,409.3,2.4,98.8,11.9,75.5,Yes,0.0,None
09:03:53.348,Active,409.0,2.4,98.2,11.9,75.5,Yes,0.0,None
09:03:53.771,Active,417.2,2.4,98.8,11.9,74.9,Yes,0.0,None
09:03:54.185,Active,407.7,2.4,98.8,11.9,76.0,Yes,0.0,None
09:03:54.603,Active,408.5,2.4,98.2,11.9,75.5,Yes,0.0,None
09:03:55.021,Active,411.8,2.4,99.4,11.9,75.5,Yes,0.0,None
09:03:55.436,Active,407.8,2.4,97.6,11.9,76.0,Yes,0.0,None
09:03:55.853,Active,407.6,2.4,98.2,11.9,75.5,Yes,0.0,None
09:03:56.271,Active,409.0,2.4,98.2,11.9,75.5,Yes,0.0,None
09:03:56.689,Active,407.8,2.4,98.2,11.9,76.0,Yes,0.0,None
09:03:57.110,Active,411.2,2.4,97.6,11.9,76.5,Yes,0.0,None
09:03:57.525,Active,405.4,2.4,98.2,11.9,76.0,Yes,0.0,None
09:03:57.944,Active,409.3,2.4,98.2,11.9,75.5,Yes,0.0,None
09:03:58.361,Active,409.8,2.4,98.2,11.9,76.0,Yes,0.0,None
09:03:58.786,Active,416.1,2.4,98.2,11.9,75.5,Yes,0.0,None
09:03:59.214,Active,417.0,2.4,97.1,11.9,75.5,Yes,0.0,None
09:03:59.635,Active,410.8,2.4,98.2,11.9,76.0,Yes,0.0,None
09:04:00.052,Active,409.1,2.4,98.2,11.9,76.5,Yes,0.0,None
09:04:00.470,Active,408.2,2.4,98.2,11.9,76.0,Yes,0.0,None
09:04:00.879,Active,402.7,2.4,99.4,11.9,76.0,Yes,0.0,None
09:04:01.296,Active,410.8,2.4,99.4,11.9,76.0,Yes,0.0,None
09:04:01.809,Active,404.9,2.4,79.4,11.9,76.0,Yes,0.0,None
09:04:02.224,Active,409.5,2.4,99.4,11.9,76.5,Yes,0.0,None
09:04:02.640,Active,408.5,2.4,98.8,11.9,76.0,Yes,0.0,None
09:04:03.060,Active,413.8,2.4,98.8,11.9,76.0,Yes,0.0,None
09:04:03.474,Active,406.4,2.4,98.2,11.9,76.0,Yes,0.0,None
09:04:03.918,Active,434.1,2.4,96.6,11.9,76.0,Yes,0.0,None
09:04:04.337,Active,408.5,2.4,98.8,11.9,74.9,Yes,0.0,None
09:04:04.755,Active,409.0,2.4,98.2,11.9,76.0,Yes,0.0,None
09:04:05.175,Active,411.1,2.4,97.0,11.9,76.0,Yes,0.0,None
09:04:05.597,Active,415.8,2.3,97.6,11.9,76.0,Yes,0.0,None
09:04:06.017,Active,410.5,2.3,98.2,11.9,77.1,Yes,0.0,None
09:04:06.431,Active,407.0,2.3,98.8,11.9,76.0,Yes,0.0,None
09:04:06.849,Active,409.1,2.3,98.2,11.9,76.0,Yes,0.0,None
09:04:07.271,Active,416.8,2.3,97.6,11.9,76.0,Yes,0.0,None
09:04:07.687,Active,408.7,2.3,98.2,11.9,76.5,Yes,0.0,None
09:04:08.106,Active,410.9,2.3,98.2,11.9,76.0,Yes,0.0,None
09:04:08.517,Active,404.7,2.3,99.4,11.9,76.5,Yes,0.0,None
09:04:08.931,Active,407.4,2.3,99.4,11.9,76.5,Yes,0.0,None
09:04:09.368,Active,428.6,2.3,98.3,12.0,76.0,Yes,0.0,None
09:04:09.783,Active,407.9,2.4,98.8,12.0,76.5,Yes,0.0,None
09:04:10.200,Active,410.5,2.4,99.4,12.0,76.5,Yes,0.0,None
09:04:10.619,Active,411.7,2.4,97.0,12.0,76.5,Yes,0.0,None
09:04:11.053,Active,425.7,2.4,95.9,12.0,76.5,Yes,0.0,None
09:04:11.471,Active,408.3,2.4,97.6,12.0,76.5,Yes,0.0,None
09:04:11.887,Active,407.2,2.4,98.8,12.0,76.5,Yes,0.0,None
09:04:12.303,Active,407.3,2.4,98.2,12.0,76.5,Yes,0.0,None
09:04:12.717,Active,407.9,2.4,98.8,12.0,77.1,Yes,0.0,None
09:04:13.134,Active,411.0,2.4,98.8,12.0,76.5,Yes,0.0,None
09:04:13.553,Active,412.5,2.4,98.8,12.0,75.5,Yes,0.0,None
09:04:13.967,Active,407.7,2.4,98.2,12.0,76.5,Yes,0.0,None
09:04:14.382,Active,406.6,2.4,98.8,11.9,76.5,Yes,0.0,None
09:04:14.797,Active,407.3,2.4,98.8,11.9,76.5,Yes,0.0,None
09:04:15.212,Active,408.9,2.4,99.4,11.9,77.1,Yes,0.0,None
09:04:15.625,Active,405.9,2.4,98.8,11.9,76.5,Yes,0.0,None
09:04:16.045,Active,410.6,2.4,98.2,11.9,76.5,Yes,0.0,None
09:04:16.461,Active,409.4,2.4,98.8,11.9,76.5,Yes,0.0,None
09:04:16.882,Active,414.4,2.4,97.6,11.9,77.1,Yes,0.0,None
09:04:17.301,Active,409.9,2.4,97.0,11.9,76.5,Yes,0.0,None
09:05:02.849,Active,433.0,2.4,1.1,11.8,57.9,Yes,0.0,None
09:05:03.267,Active,411.2,11.7,99.4,11.9,60.0,Yes,0.0,None
09:05:03.681,Active,408.5,11.7,98.2,11.9,60.6,Yes,0.0,None
09:05:04.098,Active,409.9,11.7,98.2,11.9,62.2,Yes,0.0,None
09:05:04.525,Active,416.0,11.7,96.5,11.9,62.8,Yes,0.0,None
09:05:04.972,Active,440.9,11.7,97.2,11.9,63.9,Yes,0.0,None
09:05:05.389,Active,409.9,11.7,98.2,11.9,63.9,Yes,0.0,None
09:05:05.809,Active,411.3,11.7,98.2,11.9,65.5,Yes,0.0,None
09:05:06.247,Active,428.1,11.7,95.4,11.9,65.0,Yes,0.0,None
09:05:06.660,Active,406.4,11.7,98.8,11.9,65.5,Yes,0.0,None
09:05:07.080,Active,412.6,11.7,98.2,11.9,66.7,Yes,0.0,None
09:05:07.520,Active,432.4,2.4,94.9,11.9,67.8,Yes,0.0,None
09:05:07.938,Active,410.0,2.4,98.2,11.9,67.2,Yes,0.0,None
09:05:08.355,Active,409.5,2.4,98.8,11.9,67.2,Yes,0.0,None
09:05:08.769,Active,408.2,2.4,98.8,11.9,67.8,Yes,0.0,None
09:05:09.193,Active,416.7,2.4,96.5,11.9,68.3,Yes,0.0,None
09:05:09.608,Active,407.3,2.4,98.8,11.9,68.3,Yes,0.0,None
09:05:10.040,Active,422.7,2.4,98.3,11.9,68.8,Yes,0.0,None
09:05:10.461,Active,410.2,2.4,98.2,11.9,70.5,Yes,0.0,None
09:05:10.881,Active,411.5,2.4,98.8,12.0,69.4,Yes,0.0,None
09:05:11.303,Active,413.1,2.4,97.6,12.0,69.4,Yes,0.0,None
09:05:11.724,Active,414.3,2.4,98.8,12.0,71.6,Yes,0.0,None
09:05:12.143,Active,411.1,2.4,98.2,12.0,72.2,Yes,0.0,None
09:05:12.559,Active,407.9,2.4,98.8,12.0,70.5,Yes,0.0,None
09:05:12.981,Active,412.2,2.4,98.8,11.9,70.5,Yes,0.0,None
09:05:13.395,Active,406.6,2.4,99.4,11.9,70.5,Yes,0.0,None
09:05:13.815,Active,411.5,2.4,98.8,11.9,71.0,Yes,0.0,None
09:05:14.238,Active,414.9,2.4,98.8,11.9,71.6,Yes,0.0,None
09:05:14.655,Active,410.6,2.4,98.8,11.9,70.0,Yes,0.0,None
09:05:15.071,Active,409.9,2.4,99.4,11.9,72.2,Yes,0.0,None
09:05:15.583,Active,405.9,2.4,79.4,11.9,71.0,Yes,0.0,None
09:05:15.999,Active,408.8,2.3,99.4,11.9,72.2,Yes,0.0,None
09:05:16.414,Active,408.3,2.3,98.8,11.9,71.0,Yes,0.0,None
09:05:16.836,Active,412.7,2.3,97.6,11.9,72.2,Yes,0.0,None
09:05:17.255,Active,409.2,2.3,98.2,11.8,72.2,Yes,0.0,None
09:05:17.670,Active,408.3,2.3,98.8,11.8,72.2,Yes,0.0,None
09:05:18.121,Active,436.7,2.3,93.8,11.8,72.7,Yes,0.0,None
09:05:18.532,Active,404.7,2.3,98.8,11.8,72.2,Yes,0.0,None
09:05:18.949,Active,406.7,2.3,98.8,11.9,72.2,Yes,0.0,None
09:05:19.365,Active,409.6,2.3,98.8,11.8,72.7,Yes,0.0,None
09:05:19.779,Active,408.4,2.3,98.8,11.8,73.8,Yes,0.0,None
09:05:20.241,Active,452.0,2.4,97.3,11.9,72.2,Yes,0.0,None
09:05:20.659,Active,407.9,2.4,98.2,12.0,72.2,Yes,0.0,None
09:05:21.075,Active,407.2,2.4,98.2,12.0,73.2,Yes,0.0,None
09:05:21.495,Active,411.4,2.4,98.2,12.0,73.2,Yes,0.0,None
09:05:21.915,Active,410.6,2.4,97.6,12.0,73.2,Yes,0.0,None
09:05:22.333,Active,409.2,2.4,98.8,11.9,73.8,Yes,0.0,None
09:05:22.751,Active,409.4,2.4,98.2,11.9,73.8,Yes,0.0,None
09:05:23.168,Active,409.8,2.4,98.8,11.9,72.7,Yes,0.0,None
09:05:23.583,Active,407.4,2.4,99.4,11.9,73.2,Yes,0.0,None
09:05:23.999,Active,409.2,2.4,98.8,11.9,73.2,Yes,0.0,None
09:05:24.411,Active,406.2,2.4,99.4,11.9,73.8,Yes,0.0,None
09:05:24.823,Active,405.7,2.4,99.4,11.9,73.8,Yes,0.0,None
09:05:25.243,Active,410.6,2.4,98.8,11.9,73.8,Yes,0.0,None
09:05:25.667,Active,418.1,2.4,99.4,11.9,74.3,Yes,0.0,None
09:05:26.082,Active,408.3,2.4,99.4,11.9,73.2,Yes,0.0,None
09:05:26.495,Active,404.8,2.4,98.8,11.9,73.2,Yes,0.0,None
09:05:26.907,Active,405.9,2.4,99.4,11.9,74.3,Yes,0.0,None
09:05:27.327,Active,414.1,2.4,98.2,11.9,74.3,Yes,0.0,None
09:05:27.742,Active,409.3,2.4,99.4,11.9,74.3,Yes,0.0,None
09:05:28.161,Active,409.5,2.4,97.6,11.9,74.3,Yes,0.0,None
09:05:28.573,Active,405.8,2.4,99.4,11.9,74.3,Yes,0.0,None
09:05:28.989,Active,409.4,2.4,100.0,11.9,74.3,Yes,0.0,None
09:05:29.407,Active,407.2,2.4,98.2,11.9,74.3,Yes,0.0,None
09:05:29.845,Active,430.0,2.4,96.5,11.9,74.3,Yes,0.0,None
09:05:30.274,Active,419.5,2.4,98.8,11.9,73.2,Yes,0.0,None
09:05:30.692,Active,407.8,2.4,98.2,11.9,74.9,Yes,0.0,None
09:05:31.112,Active,414.2,2.4,98.8,11.9,74.9,Yes,0.0,None
09:05:31.533,Active,409.6,2.4,97.0,11.9,75.5,Yes,0.0,None
09:05:31.949,Active,409.5,2.4,98.2,11.9,75.5,Yes,0.0,None
09:05:32.368,Active,413.4,2.4,98.2,11.9,74.9,Yes,0.0,None
09:05:32.784,Active,408.7,2.4,98.8,11.9,76.0,Yes,0.0,None
09:05:33.208,Active,416.5,2.4,98.8,11.9,74.9,Yes,0.0,None
09:05:33.622,Active,406.8,2.4,98.8,11.9,75.5,Yes,0.0,None
09:05:34.040,Active,411.6,2.4,98.8,11.9,74.9,Yes,0.0,None
09:05:34.456,Active,408.0,2.4,97.6,11.9,75.5,Yes,0.0,None
09:05:34.870,Active,406.9,2.4,98.8,11.9,74.3,Yes,0.0,None
09:05:35.290,Active,411.1,2.4,98.2,11.9,74.3,Yes,0.0,None
09:05:35.723,Active,416.5,2.4,96.5,11.9,75.5,Yes,0.0,None
09:05:36.143,Active,411.8,2.4,98.2,11.9,74.9,Yes,0.0,None
09:05:36.572,Active,420.6,2.4,98.2,11.9,74.9,Yes,0.0,None
09:05:36.993,Active,413.5,2.4,98.8,11.9,75.5,Yes,0.0,None
09:05:37.407,Active,407.2,2.4,98.2,11.9,76.5,Yes,0.0,None
09:05:37.821,Active,408.2,2.4,98.8,11.9,76.0,Yes,0.0,None
09:05:38.242,Active,411.0,2.4,97.6,11.9,76.0,Yes,0.0,None
09:05:38.660,Active,408.5,2.4,98.2,11.9,75.5,Yes,0.0,None
09:05:39.076,Active,410.3,2.4,99.4,11.9,75.5,Yes,0.0,None
09:05:39.495,Active,411.0,2.4,97.6,11.9,74.9,Yes,0.0,None
09:05:39.912,Active,404.6,2.4,97.6,11.9,76.0,Yes,0.0,None
09:05:40.325,Active,406.7,2.4,100.0,11.9,75.5,Yes,0.0,None
09:05:40.755,Active,424.0,2.4,99.4,11.9,75.5,Yes,0.0,None
09:05:41.169,Active,406.6,2.4,98.8,11.9,76.0,Yes,0.0,None
09:05:41.583,Active,404.0,2.4,98.8,11.9,76.0,Yes,0.0,None
09:05:42.003,Active,410.2,2.4,98.8,11.9,75.5,Yes,0.0,None
09:05:42.420,Active,410.0,2.4,98.8,11.9,76.0,Yes,0.0,None
09:05:42.837,Active,407.5,2.4,98.2,11.9,76.5,Yes,0.0,None
09:05:43.258,Active,410.5,2.4,97.6,11.9,76.0,Yes,0.0,None
09:05:43.677,Active,409.5,2.4,98.2,11.9,76.0,Yes,0.0,None
09:05:44.096,Active,408.3,2.4,97.6,11.9,75.5,Yes,0.0,None
09:05:44.514,Active,407.4,2.4,97.6,11.9,76.5,Yes,0.0,None
09:05:44.932,Active,408.2,2.4,98.2,11.9,76.0,Yes,0.0,None
09:05:45.375,Active,433.2,2.4,94.3,11.9,76.0,Yes,0.0,None
09:05:45.788,Active,405.0,2.4,98.8,11.9,76.0,Yes,0.0,None
09:05:46.211,Active,409.1,2.4,97.6,11.9,76.0,Yes,0.0,None
09:05:46.627,Active,406.6,2.4,98.2,11.9,76.0,Yes,0.0,None
09:05:47.042,Active,408.1,2.4,99.4,11.9,77.7,Yes,0.0,None
09:05:47.460,Active,408.0,2.4,98.2,11.9,76.0,Yes,0.0,None
09:05:47.873,Active,405.5,2.4,98.8,11.9,77.7,Yes,0.0,None
09:05:48.288,Active,408.7,2.4,99.4,11.9,76.5,Yes,0.0,None
09:05:48.702,Active,408.0,2.4,99.4,11.9,77.1,Yes,0.0,None
09:05:49.117,Active,409.5,2.4,99.4,11.9,76.5,Yes,0.0,None
09:05:49.532,Active,408.1,2.4,99.4,11.9,76.5,Yes,0.0,None
09:05:49.953,Active,414.9,2.4,97.6,11.9,76.5,Yes,0.0,None
09:05:50.370,Active,411.0,2.4,99.4,11.9,76.0,Yes,0.0,None
09:05:50.834,Active,454.4,2.4,95.7,11.9,76.5,Yes,0.0,None
09:05:51.252,Active,412.2,2.4,98.8,11.9,76.5,Yes,0.0,None
09:05:51.665,Active,407.5,2.4,98.8,11.9,76.5,Yes,0.0,None
09:05:52.087,Active,412.7,2.4,97.6,11.9,76.0,Yes,0.0,None
09:05:52.504,Active,410.8,2.4,98.2,11.9,77.1,Yes,0.0,None
09:05:52.925,Active,411.5,2.4,98.2,11.9,76.5,Yes,0.0,None
09:05:53.346,Active,412.6,2.4,98.2,11.9,76.5,Yes,0.0,None
09:05:53.767,Active,410.5,2.4,98.2,11.9,77.1,Yes,0.0,None
09:05:54.182,Active,408.3,2.4,98.8,11.9,76.5,Yes,0.0,None
09:05:54.596,Active,407.1,2.4,99.4,11.9,76.5,Yes,0.0,None
09:05:55.011,Active,409.7,2.4,98.2,11.9,76.5,Yes,0.0,None
09:05:55.429,Active,407.5,2.4,98.2,11.9,76.5,Yes,0.0,None
09:05:55.855,Active,417.2,2.4,98.3,11.9,76.5,Yes,0.0,None
09:05:56.271,Active,410.3,2.4,98.8,11.9,76.5,Yes,0.0,None
09:05:56.689,Active,409.6,2.4,98.8,11.9,77.1,Yes,0.0,None
09:05:57.107,Active,410.4,2.4,98.2,11.9,76.5,Yes,0.0,None
09:05:57.523,Active,406.6,2.4,97.6,11.9,76.5,Yes,0.0,None
09:05:57.941,Active,407.9,2.4,98.2,11.9,76.5,Yes,0.0,None
09:05:58.358,Active,410.5,2.4,98.8,11.9,77.1,Yes,0.0,None
09:05:58.774,Active,406.6,2.4,98.2,11.9,77.1,Yes,0.0,None
09:05:59.192,Active,407.5,2.4,98.2,11.9,77.1,Yes,0.0,None
09:05:59.608,Active,410.4,2.4,98.8,11.9,76.5,Yes,0.0,None
09:06:00.028,Active,412.4,2.4,98.2,11.9,76.5,Yes,0.0,None
09:06:00.444,Active,406.7,2.4,98.2,11.9,76.5,Yes,0.0,None
09:06:00.877,Active,423.7,2.4,98.3,11.9,76.5,Yes,0.0,None
09:06:01.292,Active,408.8,2.4,99.4,11.9,76.5,Yes,0.0,None
09:06:01.711,Active,409.8,2.4,97.6,11.9,77.1,Yes,0.0,None
09:06:02.128,Active,407.9,2.4,98.2,11.9,76.5,Yes,0.0,None
09:06:02.543,Active,407.2,2.4,99.4,11.9,77.1,Yes,0.0,None
09:06:47.982,Active,423.2,2.4,1.3,11.8,58.4,Yes,0.0,None
09:06:48.391,Active,402.8,2.4,100.0,11.8,60.6,Yes,0.0,None
09:06:48.806,Active,406.9,2.4,98.8,11.8,61.7,Yes,0.0,None
09:06:49.222,Active,410.0,2.4,99.4,11.9,62.2,Yes,0.0,None
09:06:49.639,Active,406.5,2.4,98.2,11.8,63.4,Yes,0.0,None
09:06:50.051,Active,405.8,2.4,99.4,11.9,64.5,Yes,0.0,None
09:06:50.466,Active,406.9,2.4,99.4,11.8,64.5,Yes,0.0,None
09:06:50.879,Active,407.1,2.4,99.4,11.8,65.0,Yes,0.0,None
09:06:51.296,Active,410.7,2.7,98.8,11.8,65.0,Yes,0.0,None
09:06:51.746,Active,440.2,2.7,97.2,11.9,65.0,Yes,0.0,None
09:06:52.169,Active,413.5,2.7,97.0,11.9,66.1,Yes,0.0,None
09:06:52.584,Active,408.4,2.7,98.8,11.9,67.2,Yes,0.0,None
09:06:53.002,Active,408.6,2.7,98.2,11.9,67.2,Yes,0.0,None
09:06:53.419,Active,407.5,2.7,98.2,11.9,67.8,Yes,0.0,None
09:06:53.837,Active,408.5,2.7,98.2,11.9,67.8,Yes,0.0,None
09:06:54.257,Active,409.6,2.7,97.6,11.9,67.8,Yes,0.0,None
09:06:54.670,Active,406.7,2.7,99.4,11.9,68.3,Yes,0.0,None
09:06:55.088,Active,408.1,2.7,98.2,11.9,70.0,Yes,0.0,None
09:06:55.503,Active,407.4,2.4,98.8,11.9,69.4,Yes,0.0,None
09:06:55.917,Active,406.0,2.4,98.8,11.9,69.4,Yes,0.0,None
09:06:56.332,Active,408.8,2.4,99.4,11.9,69.4,Yes,0.0,None
09:06:56.758,Active,418.6,2.4,97.6,11.9,70.0,Yes,0.0,None
09:06:57.180,Active,411.8,2.4,98.8,11.9,70.0,Yes,0.0,None
09:06:57.596,Active,409.0,2.4,98.8,11.9,70.0,Yes,0.0,None
09:06:58.017,Active,412.1,2.4,97.6,11.9,70.0,Yes,0.0,None
09:06:58.432,Active,408.3,2.4,98.8,11.9,71.0,Yes,0.0,None
09:06:58.847,Active,408.0,2.4,98.8,11.9,71.0,Yes,0.0,None
09:06:59.264,Active,408.8,2.4,98.2,11.9,71.0,Yes,0.0,None
09:06:59.678,Active,407.0,2.4,98.8,11.9,71.0,Yes,0.0,None
09:07:00.096,Active,409.0,2.4,98.2,11.9,71.6,Yes,0.0,None
09:07:00.516,Active,409.6,2.4,98.2,11.9,71.6,Yes,0.0,None
09:07:00.931,Active,408.1,2.4,98.2,11.8,71.6,Yes,0.0,None
09:07:01.350,Active,409.0,2.4,97.6,11.8,72.2,Yes,0.0,None
09:07:01.772,Active,412.3,2.4,98.8,11.9,72.2,Yes,0.0,None
09:07:02.193,Active,411.2,2.4,98.2,12.0,71.6,Yes,0.0,None
09:07:02.608,Active,407.4,2.4,98.2,12.0,72.2,Yes,0.0,None
09:07:03.027,Active,409.7,2.4,98.2,11.9,72.2,Yes,0.0,None
09:07:03.441,Active,405.6,2.4,98.8,11.9,71.6,Yes,0.0,None
09:07:03.857,Active,409.5,2.4,98.8,11.9,73.2,Yes,0.0,None
09:07:04.273,Active,409.9,2.4,98.2,11.9,73.2,Yes,0.0,None
09:07:04.686,Active,407.1,2.4,98.8,11.9,72.2,Yes,0.0,None
09:07:05.108,Active,412.5,2.4,98.8,11.9,73.2,Yes,0.0,None
09:07:05.519,Active,404.5,2.4,98.8,11.9,72.7,Yes,0.0,None
09:07:05.932,Active,407.0,2.4,100.0,11.9,73.2,Yes,0.0,None
09:07:06.353,Active,413.0,2.4,98.8,11.9,73.2,Yes,0.0,None
09:07:06.772,Active,413.1,2.4,97.0,11.9,73.2,Yes,0.0,None
09:07:07.213,Active,430.4,2.4,97.1,11.9,73.2,Yes,0.0,None
09:07:07.627,Active,407.7,2.4,98.2,11.9,73.2,Yes,0.0,None
09:07:08.046,Active,410.8,2.4,98.2,11.9,73.2,Yes,0.0,None
09:07:08.459,Active,406.2,2.4,98.8,11.9,74.3,Yes,0.0,None
09:07:08.876,Active,408.3,2.4,98.8,11.9,73.8,Yes,0.0,None
09:07:09.293,Active,411.5,2.4,98.8,11.9,73.8,Yes,0.0,None
09:07:09.711,Active,411.3,2.4,97.6,11.9,73.2,Yes,0.0,None
09:07:10.146,Active,426.9,2.4,96.0,11.9,73.8,Yes,0.0,None
09:07:10.561,Active,408.2,2.4,98.2,11.9,74.3,Yes,0.0,None
09:07:10.977,Active,409.8,2.4,99.4,11.9,73.2,Yes,0.0,None
09:07:11.394,Active,407.5,2.4,97.6,11.9,74.3,Yes,0.0,None
09:07:11.807,Active,406.9,2.4,99.4,11.9,73.8,Yes,0.0,None
09:07:12.242,Active,428.8,2.4,98.8,12.0,74.3,Yes,0.0,None
09:07:12.654,Active,406.0,2.4,99.4,12.0,74.3,Yes,0.0,None
09:07:13.069,Active,408.7,2.4,99.4,12.0,74.9,Yes,0.0,None
09:07:13.484,Active,408.4,2.4,99.4,12.0,74.3,Yes,0.0,None
09:07:13.900,Active,408.5,2.4,98.2,12.0,74.3,Yes,0.0,None
09:07:14.316,Active,408.4,2.4,98.2,12.0,73.2,Yes,0.0,None
09:07:14.733,Active,409.4,2.4,98.2,12.0,74.3,Yes,0.0,None
09:07:15.152,Active,412.4,2.4,98.8,12.0,74.9,Yes,0.0,None
09:07:15.568,Active,410.2,2.4,98.8,12.0,74.3,Yes,0.0,None
09:07:15.985,Active,409.4,2.4,97.6,12.0,74.9,Yes,0.0,None
09:07:16.400,Active,408.8,2.4,98.8,12.0,74.9,Yes,0.0,None
09:07:16.815,Active,407.8,2.4,98.8,12.0,74.9,Yes,0.0,None
09:07:17.244,Active,420.3,2.4,97.1,12.0,74.9,Yes,0.0,None
09:07:17.659,Active,407.4,2.4,98.2,12.0,74.9,Yes,0.0,None
09:07:18.085,Active,417.7,2.4,98.8,11.9,74.9,Yes,0.0,None
09:07:18.500,Active,408.5,2.4,98.2,11.9,74.9,Yes,0.0,None
09:07:18.916,Active,408.0,2.4,98.8,11.9,74.9,Yes,0.0,None
09:07:19.331,Active,409.4,2.4,99.4,11.9,73.2,Yes,0.0,None
09:07:19.747,Active,407.5,2.4,98.2,11.9,75.5,Yes,0.0,None
09:07:20.164,Active,410.7,2.4,98.8,11.9,74.3,Yes,0.0,None
09:07:20.585,Active,414.8,2.4,97.6,11.9,75.5,Yes,0.0,None
09:07:21.009,Active,417.3,2.4,97.1,11.9,74.9,Yes,0.0,None
09:07:21.423,Active,407.1,2.4,98.8,11.9,76.0,Yes,0.0,None
09:07:21.837,Active,405.2,2.4,98.2,11.9,76.5,Yes,0.0,None
09:07:22.288,Active,444.8,2.4,98.3,12.0,76.0,Yes,0.0,None
09:07:22.703,Active,407.3,2.4,98.8,12.0,75.5,Yes,0.0,None
09:07:23.118,Active,409.4,2.4,99.4,12.0,76.0,Yes,0.0,None
09:07:23.536,Active,408.6,2.4,98.2,12.0,75.5,Yes,0.0,None
09:07:23.952,Active,408.3,2.4,98.2,12.0,75.5,Yes,0.0,None
09:07:24.368,Active,407.1,2.4,98.2,12.0,76.0,Yes,0.0,None
09:07:24.782,Active,406.3,2.4,98.8,12.0,75.5,Yes,0.0,None
09:07:25.196,Active,408.0,2.4,99.4,12.0,76.0,Yes,0.0,None
09:07:25.611,Active,404.4,2.4,98.2,11.9,76.0,Yes,0.0,None
09:07:26.027,Active,410.3,2.4,99.4,11.9,75.5,Yes,0.0,None
09:07:26.445,Active,409.7,2.4,98.8,11.9,76.0,Yes,0.0,None
09:07:26.873,Active,421.6,2.4,95.9,11.9,76.5,Yes,0.0,None
09:07:27.296,Active,417.0,2.4,98.8,11.9,76.5,Yes,0.0,None
09:07:27.808,Active,404.6,2.4,79.4,11.9,75.5,Yes,0.0,None
09:07:28.228,Active,410.3,2.4,98.2,11.9,76.0,Yes,0.0,None
09:07:28.647,Active,409.0,2.4,98.2,11.9,75.5,Yes,0.0,None
09:07:29.063,Active,408.0,2.3,98.2,11.9,76.0,Yes,0.0,None
09:07:29.477,Active,405.8,2.3,98.8,11.9,76.5,Yes,0.0,None
09:07:29.907,Active,423.2,2.3,98.8,11.9,76.0,Yes,0.0,None
09:07:30.321,Active,408.0,2.3,98.8,11.9,76.0,Yes,0.0,None
09:07:30.735,Active,407.0,2.3,98.8,11.9,76.5,Yes,0.0,None
09:07:31.156,Active,412.1,2.3,98.2,11.9,77.1,Yes,0.0,None
09:07:31.572,Active,408.4,2.3,98.2,11.9,76.0,Yes,0.0,None
09:07:31.985,Active,406.8,2.3,98.8,11.9,76.5,Yes,0.0,None
09:07:32.427,Active,431.7,2.3,97.7,11.9,76.0,Yes,0.0,None
09:07:32.844,Active,407.0,2.3,98.2,11.9,76.0,Yes,0.0,None
09:07:33.265,Active,410.3,2.4,98.2,11.9,76.0,Yes,0.0,None
09:07:33.681,Active,407.1,2.4,98.2,11.9,76.0,Yes,0.0,None
09:07:34.100,Active,409.2,2.4,97.6,11.9,76.5,Yes,0.0,None
09:07:34.521,Active,409.7,2.4,98.2,11.9,76.0,Yes,0.0,None
09:07:34.938,Active,408.9,2.4,97.6,11.9,76.5,Yes,0.0,None
09:07:35.357,Active,410.0,2.4,98.2,11.9,76.0,Yes,0.0,None
09:07:35.773,Active,409.5,2.4,98.8,11.9,76.5,Yes,0.0,None
09:07:36.188,Active,408.4,2.4,98.8,11.9,76.5,Yes,0.0,None
09:07:36.604,Active,408.3,2.4,98.2,11.9,76.5,Yes,0.0,None
09:07:37.029,Active,417.7,2.4,98.2,11.9,76.5,Yes,0.0,None
09:07:37.462,Active,426.6,2.4,98.3,12.0,77.1,Yes,0.0,None
09:07:37.881,Active,409.7,2.4,98.2,12.0,76.5,Yes,0.0,None
09:07:38.300,Active,412.7,2.4,98.2,12.0,76.5,Yes,0.0,None
09:07:38.814,Active,405.8,2.4,79.0,12.0,77.1,Yes,0.0,None
09:07:39.236,Active,411.4,2.4,98.2,12.0,76.0,Yes,0.0,None
09:07:39.651,Active,408.0,2.4,98.8,12.0,76.5,Yes,0.0,None
09:07:40.068,Active,410.1,2.4,99.4,12.0,76.5,Yes,0.0,None
09:07:40.501,Active,425.6,2.4,96.5,12.0,76.5,Yes,0.0,None
09:07:40.931,Active,422.1,2.4,95.3,11.9,77.1,Yes,0.0,None
09:07:41.350,Active,409.9,2.4,98.2,11.9,77.7,Yes,0.0,None
09:07:41.764,Active,405.4,2.3,98.2,11.9,77.1,Yes,0.0,None
09:07:42.183,Active,409.9,2.3,98.2,11.9,76.5,Yes,0.0,None
09:07:42.618,Active,425.1,2.3,98.3,11.9,76.5,Yes,0.0,None
09:07:43.038,Active,410.2,2.3,97.6,12.0,77.1,Yes,0.0,None
09:07:43.457,Active,409.1,2.3,98.2,12.0,76.5,Yes,0.0,None
09:07:43.876,Active,409.5,2.3,98.2,12.0,77.1,Yes,0.0,None
09:07:44.297,Active,410.9,2.3,98.2,12.0,77.1,Yes,0.0,None
09:07:44.813,Active,405.3,2.3,79.2,12.0,77.1,Yes,0.0,None
09:07:45.236,Active,412.3,2.3,98.8,11.9,76.5,Yes,0.0,None
09:07:45.650,Active,407.5,2.3,98.8,11.9,76.5,Yes,0.0,None
09:07:46.068,Active,408.5,2.3,98.2,11.9,76.5,Yes,0.0,None
09:07:46.482,Active,407.6,2.3,98.8,11.9,77.1,Yes,0.0,None
09:07:46.896,Active,408.0,2.3,98.8,11.9,77.7,Yes,0.0,None
09:07:47.314,Active,410.1,2.3,98.2,11.9,77.1,Yes,0.0,None
09:07:47.731,Active,406.8,2.3,98.2,11.9,76.5,Yes,0.0,None
09:08:33.172,Active,425.3,2.3,1.1,11.8,58.4,Yes,0.0,None
09:08:33.607,Active,427.7,2.3,98.9,11.9,59.5,Yes,0.0,None
09:08:34.047,Active,431.5,2.3,95.4,11.9,60.6,Yes,0.0,None
09:08:34.462,Active,406.1,2.3,98.8,11.9,62.8,Yes,0.0,None
09:08:34.878,Active,406.5,2.3,97.6,11.9,63.4,Yes,0.0,None
09:08:35.298,Active,410.9,3.9,98.2,11.9,63.9,Yes,0.0,None
09:08:35.715,Active,407.8,3.9,98.2,11.9,62.8,Yes,0.0,None
09:08:36.131,Active,407.8,3.9,97.6,11.9,64.5,Yes,0.0,None
09:08:36.551,Active,411.9,3.9,98.2,11.9,65.0,Yes,0.0,None
09:08:36.964,Active,406.9,3.9,98.8,11.9,66.1,Yes,0.0,None
09:08:37.383,Active,409.5,3.9,98.2,11.9,66.1,Yes,0.0,None
09:08:37.805,Active,413.7,3.9,97.6,11.9,67.2,Yes,0.0,None
09:08:38.229,Active,417.1,3.9,96.4,11.9,67.8,Yes,0.0,None
09:08:38.671,Active,431.7,3.9,97.7,11.9,67.8,Yes,0.0,None
09:08:39.092,Active,411.2,3.9,97.0,11.9,67.8,Yes,0.0,None
09:08:39.510,Active,407.5,2.4,97.6,11.9,67.8,Yes,0.0,None
09:08:39.927,Active,407.6,2.4,98.2,11.9,68.3,Yes,0.0,None
09:08:40.346,Active,409.4,2.4,98.2,11.9,68.3,Yes,0.0,None
09:08:40.761,Active,405.3,2.4,98.2,11.9,68.8,Yes,0.0,None
09:08:41.178,Active,409.2,2.4,98.8,11.9,69.4,Yes,0.0,None
09:08:41.593,Active,405.1,2.4,98.2,11.9,70.0,Yes,0.0,None
09:08:42.008,Active,408.8,2.4,98.8,11.9,70.0,Yes,0.0,None
09:08:42.423,Active,408.2,2.4,98.8,11.9,70.0,Yes,0.0,None
09:08:42.840,Active,410.1,2.4,98.8,11.9,70.5,Yes,0.0,None
09:08:43.256,Active,409.4,2.4,98.2,11.9,71.0,Yes,0.0,None
09:08:43.692,Active,428.2,2.4,98.9,11.9,70.5,Yes,0.0,None
09:08:44.109,Active,409.4,2.4,98.2,11.9,71.0,Yes,0.0,None
09:08:44.523,Active,408.1,2.4,98.8,11.9,71.0,Yes,0.0,None
09:08:44.936,Active,406.5,2.4,98.8,11.9,71.6,Yes,0.0,None
09:08:45.352,Active,410.1,2.4,99.4,11.9,71.6,Yes,0.0,None
09:08:45.765,Active,405.5,2.4,98.8,11.9,72.2,Yes,0.0,None
09:08:46.182,Active,410.9,2.4,99.4,11.9,71.0,Yes,0.0,None
09:08:46.600,Active,408.4,2.4,97.6,11.9,71.6,Yes,0.0,None
09:08:47.015,Active,409.1,2.4,99.4,11.9,71.0,Yes,0.0,None
09:08:47.429,Active,408.1,2.4,98.8,11.9,72.2,Yes,0.0,None
09:08:47.846,Active,407.9,2.4,98.2,11.9,72.7,Yes,0.0,None
09:08:48.265,Active,411.1,2.4,98.2,11.9,72.2,Yes,0.0,None
09:08:48.679,Active,407.3,2.4,99.4,11.9,72.2,Yes,0.0,None
09:08:49.098,Active,411.0,2.4,98.2,11.9,72.7,Yes,0.0,None
09:08:49.519,Active,407.8,2.4,97.0,11.8,72.2,Yes,0.0,None
09:08:49.936,Active,410.6,2.4,98.2,11.8,72.7,Yes,0.0,None
09:08:50.351,Active,407.6,2.4,98.8,11.8,72.7,Yes,0.0,None
09:08:50.769,Active,409.9,2.4,98.8,11.8,72.2,Yes,0.0,None
09:08:51.185,Active,409.3,2.4,98.8,11.9,74.3,Yes,0.0,None
09:08:51.600,Active,408.1,2.4,98.8,11.9,72.7,Yes,0.0,None
09:08:52.017,Active,411.1,2.4,98.2,11.8,72.7,Yes,0.0,None
09:08:52.431,Active,408.1,2.4,98.8,11.8,73.2,Yes,0.0,None
09:08:52.847,Active,407.2,2.4,98.8,11.9,73.2,Yes,0.0,None
09:08:53.259,Active,406.8,2.4,98.2,11.9,73.8,Yes,0.0,None
09:08:53.699,Active,431.2,2.4,98.9,11.9,73.8,Yes,0.0,None
09:08:54.118,Active,411.0,2.4,98.8,12.0,73.8,Yes,0.0,None
09:08:54.536,Active,408.7,2.4,98.2,12.0,73.8,Yes,0.0,None
09:08:54.952,Active,408.6,2.4,98.8,12.0,73.8,Yes,0.0,None
09:08:55.368,Active,409.7,2.4,98.8,12.0,73.2,Yes,0.0,None
09:08:55.780,Active,406.2,2.4,98.8,12.0,73.8,Yes,0.0,None
09:08:56.198,Active,409.7,2.4,97.6,12.0,73.2,Yes,0.0,None
09:08:56.614,Active,406.3,2.4,98.2,11.9,74.3,Yes,0.0,None
09:08:57.032,Active,408.8,2.4,98.2,11.9,73.8,Yes,0.0,None
09:08:57.450,Active,407.5,2.4,98.2,11.9,74.3,Yes,0.0,None
09:08:57.867,Active,407.3,2.4,98.2,11.9,74.3,Yes,0.0,None
09:08:58.287,Active,411.3,2.4,98.2,11.9,73.8,Yes,0.0,None
09:08:58.729,Active,433.4,2.4,94.9,11.9,74.3,Yes,0.0,None
09:08:59.159,Active,421.2,2.4,97.7,11.9,74.9,Yes,0.0,None
09:08:59.575,Active,408.8,2.4,98.8,12.0,74.3,Yes,0.0,None
09:08:59.991,Active,407.3,2.4,98.8,11.9,74.9,Yes,0.0,None
09:09:00.409,Active,409.7,2.4,98.8,11.9,74.3,Yes,0.0,None
09:09:00.819,Active,403.7,2.4,98.8,11.9,74.9,Yes,0.0,None
09:09:01.237,Active,412.1,2.4,99.4,11.9,74.9,Yes,0.0,None
09:09:01.650,Active,406.7,2.4,98.2,11.9,74.9,Yes,0.0,None
09:09:02.071,Active,411.8,2.4,98.2,11.9,74.3,Yes,0.0,None
09:09:02.492,Active,412.1,2.4,98.2,11.9,74.9,Yes,0.0,None
09:09:02.908,Active,409.0,2.4,98.2,11.9,76.0,Yes,0.0,None
09:09:03.332,Active,416.5,2.4,98.8,11.9,75.5,Yes,0.0,None
09:09:03.746,Active,406.0,2.4,98.2,11.9,74.9,Yes,0.0,None
09:09:04.181,Active,428.0,2.4,98.3,11.9,75.5,Yes,0.0,None
09:09:04.597,Active,409.5,2.4,98.8,11.9,75.5,Yes,0.0,None
09:09:05.025,Active,422.0,2.4,96.5,11.9,74.9,Yes,0.0,None
09:09:05.440,Active,408.0,2.4,98.8,11.9,75.5,Yes,0.0,None
09:09:05.855,Active,409.8,2.4,98.2,11.9,74.9,Yes,0.0,None
09:09:06.270,Active,409.1,2.4,99.4,11.9,75.5,Yes,0.0,None
09:09:06.684,Active,405.0,2.4,98.2,11.9,75.5,Yes,0.0,None
09:09:07.100,Active,408.4,2.4,98.8,11.9,75.5,Yes,0.0,None
09:09:07.520,Active,410.1,2.4,97.6,11.9,75.5,Yes,0.0,None
09:09:07.936,Active,408.1,2.4,98.2,11.9,75.5,Yes,0.0,None
09:09:08.353,Active,409.1,2.4,98.2,11.9,75.5,Yes,0.0,None
09:09:08.775,Active,416.0,2.4,97.6,11.9,75.5,Yes,0.0,None
09:09:09.211,Active,427.7,2.4,98.8,11.9,75.5,Yes,0.0,None
09:09:09.629,Active,409.1,2.4,97.0,11.9,75.5,Yes,0.0,None
09:09:10.044,Active,408.2,2.4,98.8,11.9,76.5,Yes,0.0,None
09:09:10.461,Active,411.4,2.4,99.4,11.9,75.5,Yes,0.0,None
09:09:10.889,Active,421.8,2.4,97.1,11.9,75.5,Yes,0.0,None
09:09:11.305,Active,410.3,2.4,98.2,11.8,76.0,Yes,0.0,None
09:09:11.836,Active,424.1,2.4,78.8,11.9,76.0,Yes,0.0,None
09:09:12.262,Active,414.6,2.4,97.0,11.8,77.1,Yes,0.0,None
09:09:12.680,Active,408.0,2.4,98.2,11.9,75.5,Yes,0.0,None
09:09:13.095,Active,409.7,2.3,99.4,11.8,75.5,Yes,0.0,None
09:09:13.513,Active,407.4,2.3,98.2,11.8,75.5,Yes,0.0,None
09:09:13.930,Active,407.9,2.3,98.2,11.9,76.0,Yes,0.0,None
09:09:14.374,Active,434.6,2.3,97.8,11.9,76.5,Yes,0.0,None
09:09:14.793,Active,408.6,2.3,97.0,11.9,76.0,Yes,0.0,None
09:09:15.213,Active,410.7,2.3,98.2,11.9,76.0,Yes,0.0,None
09:09:15.628,Active,408.7,2.3,98.8,11.9,76.0,Yes,0.0,None
09:09:16.046,Active,410.4,2.3,98.8,11.9,75.5,Yes,0.0,None
09:09:16.471,Active,415.1,2.3,96.5,11.9,76.0,Yes,0.0,None
09:09:16.893,Active,416.5,2.3,97.6,11.9,75.5,Yes,0.0,None
09:09:17.311,Active,411.2,2.4,98.8,11.9,76.0,Yes,0.0,None
09:09:17.728,Active,408.4,2.4,98.2,11.9,76.0,Yes,0.0,None
09:09:18.146,Active,410.8,2.4,98.2,11.9,76.5,Yes,0.0,None
09:09:18.564,Active,408.3,2.4,98.2,11.9,76.0,Yes,0.0,None
09:09:18.987,Active,417.1,2.4,98.2,11.9,76.0,Yes,0.0,None
09:09:19.405,Active,408.5,2.4,97.6,11.9,76.5,Yes,0.0,None
09:09:19.825,Active,409.6,2.4,97.6,11.9,76.0,Yes,0.0,None
09:09:20.243,Active,410.8,2.4,98.8,11.9,76.0,Yes,0.0,None
09:09:20.661,Active,407.6,2.4,97.6,11.9,76.5,Yes,0.0,None
09:09:21.081,Active,409.8,2.4,98.2,11.9,76.0,Yes,0.0,None
09:09:21.495,Active,408.0,2.4,99.4,11.9,76.0,Yes,0.0,None
09:09:21.907,Active,405.5,2.4,98.8,11.9,76.5,Yes,0.0,None
09:09:22.328,Active,412.8,2.4,97.6,11.9,77.1,Yes,0.0,None
09:09:22.742,Active,407.1,2.4,99.4,11.9,77.7,Yes,0.0,None
09:09:23.161,Active,411.0,2.4,98.8,11.9,76.5,Yes,0.0,None
09:09:23.574,Active,406.5,2.4,98.8,11.9,76.5,Yes,0.0,None
09:09:23.996,Active,412.4,2.4,97.7,11.8,77.7,Yes,0.0,None
09:09:24.449,Active,445.6,2.4,97.8,11.9,76.5,Yes,0.0,None
09:09:24.866,Active,408.3,2.4,98.2,11.9,76.5,Yes,0.0,None
09:09:25.285,Active,409.1,2.4,98.2,11.9,77.1,Yes,0.0,None
09:09:25.700,Active,405.6,2.4,98.2,11.9,76.5,Yes,0.0,None
09:09:26.116,Active,409.0,2.4,98.8,11.9,76.5,Yes,0.0,None
09:09:26.534,Active,407.2,2.4,97.6,11.9,77.1,Yes,0.0,None
09:09:26.952,Active,408.5,2.4,98.2,11.9,76.5,Yes,0.0,None
09:09:27.371,Active,411.2,2.4,98.2,11.9,76.5,Yes,0.0,None
09:09:27.788,Active,407.9,2.4,98.2,11.9,78.2,Yes,0.0,None
09:09:28.207,Active,408.7,2.4,98.2,11.9,75.5,Yes,0.0,None
09:09:28.623,Active,407.9,2.4,98.8,11.8,76.5,Yes,0.0,None
09:09:29.044,Active,409.3,2.4,97.6,11.9,76.5,Yes,0.0,None
09:09:29.471,Active,419.8,2.4,98.3,11.9,76.0,Yes,0.0,None
09:09:29.889,Active,408.2,2.4,98.2,11.9,76.0,Yes,0.0,None
09:09:30.317,Active,420.5,2.4,98.8,11.9,77.1,Yes,0.0,None
09:09:30.736,Active,409.1,2.4,97.6,11.9,76.5,Yes,0.0,None
09:09:31.154,Active,409.1,2.4,98.2,12.0,76.5,Yes,0.0,None
09:09:31.574,Active,409.6,2.4,98.2,11.9,76.0,Yes,0.0,None
09:09:31.994,Active,410.9,2.4,98.2,11.9,76.5,Yes,0.0,None
09:09:32.416,Active,408.2,2.4,97.6,11.9,77.1,Yes,0.0,None
09:09:32.835,Active,409.5,2.4,97.6,11.9,76.5,Yes,0.0,None
09:10:18.280,Active,428.7,2.4,1.4,11.9,57.3,Yes,0.0,None
09:10:18.696,Active,408.5,2.4,99.4,12.0,59.5,Yes,0.0,None
09:10:19.115,Active,412.0,7.9,98.2,11.9,60.6,Yes,0.0,None
09:10:19.552,Active,428.5,7.9,96.0,11.9,62.8,Yes,0.0,None
09:10:19.964,Active,405.9,7.9,98.2,11.9,63.9,Yes,0.0,None
09:10:20.381,Active,408.0,7.9,98.8,11.9,63.9,Yes,0.0,None
09:10:20.806,Active,415.9,7.9,96.5,11.9,64.5,Yes,0.0,None
09:10:21.225,Active,410.6,7.9,98.8,11.9,65.0,Yes,0.0,None
09:10:21.645,Active,410.5,7.9,98.2,11.9,65.5,Yes,0.0,None
09:10:22.062,Active,409.7,7.9,98.2,11.9,66.1,Yes,0.0,None
09:10:22.479,Active,407.4,7.9,98.2,11.9,66.7,Yes,0.0,None
09:10:22.897,Active,408.5,7.9,97.6,11.9,67.2,Yes,0.0,None
09:10:23.318,Active,411.8,2.4,98.2,11.9,67.8,Yes,0.0,None
09:10:23.734,Active,406.8,2.4,98.2,11.9,67.8,Yes,0.0,None
09:10:24.155,Active,411.0,2.4,98.2,11.9,67.8,Yes,0.0,None
09:10:24.573,Active,409.6,2.4,98.2,11.9,68.3,Yes,0.0,None
09:10:24.988,Active,408.1,2.4,98.8,11.9,68.8,Yes,0.0,None
09:10:25.437,Active,439.9,2.4,97.2,11.9,69.4,Yes,0.0,None
09:10:25.851,Active,406.5,2.4,99.4,11.9,68.8,Yes,0.0,None
09:10:26.270,Active,409.5,2.4,97.6,11.9,69.4,Yes,0.0,None
09:10:26.689,Active,411.0,2.4,98.2,11.9,70.0,Yes,0.0,None
09:10:27.107,Active,410.9,2.4,98.2,11.9,70.0,Yes,0.0,None
09:10:27.525,Active,408.3,2.4,98.2,11.9,70.5,Yes,0.0,None
09:10:27.941,Active,406.7,2.4,98.2,11.9,71.0,Yes,0.0,None
09:10:28.361,Active,409.7,2.4,97.6,11.9,71.0,Yes,0.0,None
09:10:28.775,Active,407.4,2.4,98.8,11.9,72.2,Yes,0.0,None
09:10:29.189,Active,408.3,2.4,98.8,11.9,71.0,Yes,0.0,None
09:10:29.608,Active,409.5,2.4,98.2,11.9,71.0,Yes,0.0,None
09:10:30.027,Active,411.1,2.4,98.2,11.9,71.0,Yes,0.0,None
09:10:30.454,Active,418.4,2.4,98.2,11.9,71.6,Yes,0.0,None
09:10:30.870,Active,408.3,2.4,98.8,11.9,71.6,Yes,0.0,None
09:10:31.290,Active,414.0,2.4,98.8,11.9,71.6,Yes,0.0,None
09:10:31.703,Active,406.2,2.4,98.8,11.9,71.6,Yes,0.0,None
09:10:32.122,Active,412.8,2.4,98.8,11.9,71.6,Yes,0.0,None
09:10:32.535,Active,406.5,2.4,98.8,11.9,71.6,Yes,0.0,None
09:10:32.950,Active,408.3,2.4,98.8,11.9,71.6,Yes,0.0,None
09:10:33.367,Active,408.8,2.4,98.8,11.9,72.2,Yes,0.0,None
09:10:33.783,Active,409.8,2.4,99.4,11.9,72.7,Yes,0.0,None
09:10:34.207,Active,416.2,2.4,97.0,11.9,73.2,Yes,0.0,None
09:10:34.624,Active,410.7,2.4,98.8,11.9,72.7,Yes,0.0,None
09:10:35.040,Active,408.4,2.4,98.2,11.9,72.2,Yes,0.0,None
09:10:35.474,Active,426.2,2.4,98.3,11.9,72.7,Yes,0.0,None
09:10:35.889,Active,405.0,2.4,98.8,12.0,74.3,Yes,0.0,None
09:10:36.304,Active,408.1,2.4,99.4,12.0,73.2,Yes,0.0,None
09:10:36.715,Active,404.8,2.4,98.8,11.9,73.2,Yes,0.0,None
09:10:37.132,Active,408.8,2.4,98.8,11.9,73.2,Yes,0.0,None
09:10:37.547,Active,407.5,2.4,99.4,11.9,73.2,Yes,0.0,None
09:10:37.959,Active,405.9,2.4,98.8,11.9,72.7,Yes,0.0,None
09:10:38.374,Active,409.4,2.4,99.4,11.9,72.7,Yes,0.0,None
09:10:38.792,Active,408.9,2.4,97.6,11.9,73.2,Yes,0.0,None
09:10:39.213,Active,410.8,2.4,98.2,11.9,73.8,Yes,0.0,None
09:10:39.636,Active,417.5,2.4,97.6,11.9,73.8,Yes,0.0,None
09:10:40.057,Active,410.6,2.4,98.2,11.9,74.3,Yes,0.0,None
09:10:40.500,Active,436.6,2.4,97.7,12.0,73.8,Yes,0.0,None
09:10:40.914,Active,406.9,2.4,98.2,12.0,74.3,Yes,0.0,None
09:10:41.331,Active,410.2,2.4,98.2,12.0,74.3,Yes,0.0,None
09:10:41.743,Active,406.6,2.4,99.4,12.0,73.8,Yes,0.0,None
09:10:42.159,Active,410.0,2.4,99.4,12.0,73.8,Yes,0.0,None
09:10:42.574,Active,407.0,2.4,98.8,12.0,74.9,Yes,0.0,None
09:10:42.996,Active,412.3,2.4,98.2,12.0,73.8,Yes,0.0,None
09:10:43.409,Active,407.6,2.4,98.8,11.9,74.3,Yes,0.0,None
09:10:43.824,Active,409.0,2.4,99.4,11.9,74.3,Yes,0.0,None
09:10:44.240,Active,409.7,2.4,98.2,11.9,74.3,Yes,0.0,None
09:10:44.652,Active,404.3,2.4,98.8,11.9,74.9,Yes,0.0,None
09:10:45.067,Active,409.2,2.4,99.4,11.9,75.5,Yes,0.0,None
09:10:45.480,Active,407.1,2.4,99.4,11.9,74.3,Yes,0.0,None
09:10:45.913,Active,425.4,2.4,98.8,12.0,74.9,Yes,0.0,None
09:10:46.332,Active,409.9,2.4,97.6,12.0,74.3,Yes,0.0,None
09:10:46.743,Active,405.3,2.4,98.8,12.0,74.9,Yes,0.0,None
09:10:47.153,Active,404.0,2.4,100.0,12.0,74.9,Yes,0.0,None
09:10:47.570,Active,404.6,2.4,98.2,12.0,74.9,Yes,0.0,None
09:10:47.987,Active,410.4,2.4,99.4,12.0,74.9,Yes,0.0,None
09:10:48.406,Active,413.5,2.4,98.8,11.9,74.3,Yes,0.0,None
09:10:48.822,Active,408.3,2.4,98.8,11.9,74.9,Yes,0.0,None
09:10:49.241,Active,411.0,2.4,98.8,11.9,74.9,Yes,0.0,None
09:10:49.659,Active,411.6,2.4,98.8,11.9,74.9,Yes,0.0,None
09:10:50.080,Active,411.1,2.4,98.2,11.9,74.9,Yes,0.0,None
09:10:50.497,Active,406.9,2.4,98.2,11.9,75.5,Yes,0.0,None
09:10:50.912,Active,407.5,2.4,98.8,11.9,74.9,Yes,0.0,None
09:10:51.332,Active,410.1,2.4,98.2,11.9,75.5,Yes,0.0,None
09:10:51.747,Active,407.8,2.4,98.2,11.9,76.0,Yes,0.0,None
09:10:52.163,Active,410.1,2.4,98.8,11.9,75.5,Yes,0.0,None
09:10:52.580,Active,407.9,2.4,98.2,11.9,76.0,Yes,0.0,None
09:10:52.999,Active,409.0,2.4,98.2,11.9,74.9,Yes,0.0,None
09:10:53.418,Active,408.4,2.4,97.6,11.9,75.5,Yes,0.0,None
09:10:53.835,Active,408.1,2.4,98.2,11.9,74.9,Yes,0.0,None
09:10:54.256,Active,410.4,2.4,98.2,11.9,76.5,Yes,0.0,None
09:10:54.673,Active,407.9,2.4,98.2,11.9,74.9,Yes,0.0,None
09:10:55.094,Active,411.3,2.4,97.6,11.9,76.0,Yes,0.0,None
09:10:55.509,Active,407.0,2.4,98.8,11.9,75.5,Yes,0.0,None
09:10:55.960,Active,444.2,2.4,98.3,11.9,75.5,Yes,0.0,None
09:10:56.377,Active,410.9,2.4,98.2,11.9,76.0,Yes,0.0,None
09:10:56.793,Active,409.3,2.4,98.8,11.9,76.0,Yes,0.0,None
09:10:57.211,Active,411.5,2.4,98.2,11.9,75.5,Yes,0.0,None
09:10:57.625,Active,408.0,2.4,98.8,11.9,76.0,Yes,0.0,None
09:10:58.044,Active,409.5,2.4,98.2,11.9,76.0,Yes,0.0,None
09:10:58.460,Active,406.0,2.4,98.2,11.9,74.9,Yes,0.0,None
09:10:58.875,Active,408.5,2.4,98.2,11.9,76.0,Yes,0.0,None
09:10:59.307,Active,423.8,2.4,95.3,11.9,76.0,Yes,0.0,None
09:10:59.721,Active,407.1,2.4,99.4,11.9,76.5,Yes,0.0,None
09:11:00.137,Active,410.1,2.4,98.8,11.9,76.0,Yes,0.0,None
09:11:00.552,Active,407.1,2.4,98.8,11.9,76.0,Yes,0.0,None
09:11:00.979,Active,421.8,2.4,98.8,11.9,76.0,Yes,0.0,None
09:11:01.393,Active,407.6,2.4,98.8,11.9,75.5,Yes,0.0,None
09:11:01.807,Active,407.1,2.4,99.4,11.9,76.5,Yes,0.0,None
09:11:02.226,Active,410.5,2.4,97.6,11.9,76.0,Yes,0.0,None
09:11:02.644,Active,408.4,2.4,98.2,11.9,76.0,Yes,0.0,None
09:11:03.065,Active,413.6,2.4,98.8,11.9,76.0,Yes,0.0,None
09:11:03.480,Active,408.9,2.4,98.2,11.9,76.5,Yes,0.0,None
09:11:03.896,Active,408.1,2.4,98.8,11.9,75.5,Yes,0.0,None
09:11:04.310,Active,408.0,2.4,99.4,11.9,76.5,Yes,0.0,None
09:11:04.727,Active,411.1,2.4,98.8,11.9,76.0,Yes,0.0,None
09:11:05.147,Active,411.1,2.4,98.2,11.9,76.5,Yes,0.0,None
09:11:05.563,Active,407.9,2.4,98.2,11.9,76.5,Yes,0.0,None
09:11:06.001,Active,429.7,2.4,98.3,12.0,76.5,Yes,0.0,None
09:11:06.418,Active,406.3,2.4,98.8,12.0,76.5,Yes,0.0,None
09:11:06.834,Active,407.0,2.4,98.8,12.0,77.1,Yes,0.0,None
09:11:07.252,Active,409.3,2.4,98.8,11.9,76.0,Yes,0.0,None
09:11:07.665,Active,407.5,2.4,99.4,11.9,76.5,Yes,0.0,None
09:11:08.084,Active,412.3,2.4,98.8,11.9,77.1,Yes,0.0,None
09:11:08.498,Active,406.0,2.4,98.8,11.9,78.2,Yes,0.0,None
09:11:08.916,Active,408.6,2.4,98.2,11.9,76.5,Yes,0.0,None
09:11:09.328,Active,405.5,2.4,99.4,11.9,77.7,Yes,0.0,None
09:11:09.740,Active,406.8,2.4,99.4,11.9,76.0,Yes,0.0,None
09:11:10.153,Active,406.9,2.4,99.4,11.9,76.5,Yes,0.0,None
09:11:10.570,Active,407.1,2.4,98.8,11.9,76.5,Yes,0.0,None
09:11:11.011,Active,434.3,2.4,98.9,12.0,76.5,Yes,0.0,None
09:11:11.440,Active,423.1,2.4,97.1,12.0,76.5,Yes,0.0,None
09:11:11.872,Active,424.4,2.4,95.9,12.0,77.1,Yes,0.0,None
09:11:12.287,Active,407.8,2.4,98.8,12.0,77.1,Yes,0.0,None
09:11:12.704,Active,408.5,2.4,98.2,12.0,76.0,Yes,0.0,None
09:11:13.128,Active,416.5,2.4,97.6,11.9,76.5,Yes,0.0,None
09:11:13.544,Active,408.4,2.4,98.8,11.9,76.5,Yes,0.0,None
09:11:13.961,Active,409.8,2.4,98.2,12.0,76.5,Yes,0.0,None
09:11:14.381,Active,412.3,2.4,98.2,12.0,77.1,Yes,0.0,None
09:11:14.796,Active,408.5,2.4,98.8,12.0,76.5,Yes,0.0,None
09:11:15.215,Active,411.2,2.4,98.8,12.0,78.2,Yes,0.0,None
09:11:15.633,Active,409.2,2.4,97.6,11.9,75.5,Yes,0.0,None
09:11:16.071,Active,431.5,2.4,98.9,11.9,76.5,Yes,0.0,None
09:11:16.489,Active,407.3,2.4,97.6,11.9,77.1,Yes,0.0,None
09:11:16.907,Active,407.8,2.4,98.2,12.0,77.1,Yes,0.0,None
09:11:17.326,Active,409.3,2.4,98.2,12.0,77.1,Yes,0.0,None
09:11:17.746,Active,409.3,2.4,98.2,12.0,77.7,Yes,0.0,None
09:11:18.166,Active,410.3,2.4,97.6,12.0,77.1,Yes,0.0,None
09:12:03.611,Active,428.0,2.4,1.1,11.9,58.4,Yes,0.0,None
09:12:04.031,Active,411.6,2.4,97.6,12.0,60.0,Yes,0.0,None
09:12:04.450,Active,410.4,2.4,98.2,12.0,62.2,Yes,0.0,None
09:12:04.865,Active,406.1,2.4,97.6,12.0,62.8,Yes,0.0,None
09:12:05.284,Active,409.0,2.4,98.2,12.0,63.4,Yes,0.0,None
09:12:05.697,Active,405.9,2.4,98.8,12.0,63.9,Yes,0.0,None
09:12:06.115,Active,408.2,2.4,97.6,12.0,63.9,Yes,0.0,None
09:12:06.529,Active,407.8,2.4,98.8,12.0,65.0,Yes,0.0,None
09:12:06.959,Active,423.8,2.6,99.4,12.0,65.5,Yes,0.0,None
09:12:07.377,Active,411.2,2.6,98.8,12.0,66.1,Yes,0.0,None
09:12:07.790,Active,407.8,2.6,98.2,12.0,68.3,Yes,0.0,None
09:12:08.207,Active,410.0,2.6,98.2,12.0,67.2,Yes,0.0,None
09:12:08.624,Active,407.3,2.6,98.2,12.0,67.8,Yes,0.0,None
09:12:09.043,Active,409.3,2.6,98.2,12.0,67.8,Yes,0.0,None
09:12:09.456,Active,404.9,2.6,98.8,11.9,68.3,Yes,0.0,None
09:12:09.885,Active,421.4,2.6,96.5,11.9,68.8,Yes,0.0,None
09:12:10.299,Active,407.8,2.6,98.8,11.9,68.3,Yes,0.0,None
09:12:10.818,Active,410.7,2.6,79.3,11.9,68.8,Yes,0.0,None
09:12:11.237,Active,412.5,2.3,99.4,11.9,68.8,Yes,0.0,None
09:12:11.658,Active,415.2,2.3,97.6,11.9,69.4,Yes,0.0,None
09:12:12.103,Active,435.8,2.3,97.7,11.9,70.0,Yes,0.0,None
09:12:12.518,Active,409.3,2.3,98.8,11.9,70.0,Yes,0.0,None
09:12:12.932,Active,407.0,2.3,99.4,11.9,71.0,Yes,0.0,None
09:12:13.346,Active,408.3,2.3,99.4,11.9,70.5,Yes,0.0,None
09:12:13.765,Active,408.1,2.3,97.6,11.9,70.5,Yes,0.0,None
09:12:14.181,Active,410.2,2.3,98.8,11.9,71.0,Yes,0.0,None
09:12:14.600,Active,409.2,2.3,98.2,11.9,70.5,Yes,0.0,None
09:12:15.017,Active,409.8,2.3,98.8,11.9,71.6,Yes,0.0,None
09:12:15.437,Active,410.2,2.4,98.2,11.9,71.6,Yes,0.0,None
09:12:15.872,Active,428.4,2.4,95.4,11.9,71.6,Yes,0.0,None
09:12:16.288,Active,409.6,2.4,98.8,11.9,71.6,Yes,0.0,None
09:12:16.698,Active,405.0,2.4,99.4,11.9,71.6,Yes,0.0,None
09:12:17.135,Active,430.8,2.4,99.4,11.9,71.6,Yes,0.0,None
09:12:17.551,Active,409.4,2.4,98.8,11.9,71.0,Yes,0.0,None
09:12:17.983,Active,424.0,2.4,95.9,11.9,72.2,Yes,0.0,None
09:12:18.404,Active,408.5,2.4,97.6,11.9,72.7,Yes,0.0,None
09:12:18.818,Active,407.0,2.4,98.8,11.9,72.7,Yes,0.0,None
09:12:19.235,Active,411.1,2.4,99.4,11.9,72.7,Yes,0.0,None
09:12:19.677,Active,435.1,2.4,94.9,11.9,72.2,Yes,0.0,None
09:12:20.097,Active,413.1,2.4,98.8,11.9,73.2,Yes,0.0,None
09:12:20.522,Active,419.0,2.4,96.4,11.9,73.2,Yes,0.0,None
09:12:20.938,Active,406.6,2.4,97.6,11.9,73.2,Yes,0.0,None
09:12:21.356,Active,407.9,2.4,98.2,11.9,72.7,Yes,0.0,None
09:12:21.783,Active,417.1,2.4,96.5,11.9,72.2,Yes,0.0,None
09:12:22.203,Active,411.4,2.4,98.8,11.9,72.2,Yes,0.0,None
09:12:22.629,Active,418.0,2.4,95.9,11.9,73.2,Yes,0.0,None
09:12:23.049,Active,410.6,2.4,98.2,11.9,73.2,Yes,0.0,None
09:12:23.463,Active,407.2,2.4,99.4,11.9,73.2,Yes,0.0,None
09:12:23.876,Active,406.9,2.4,98.8,11.9,73.8,Yes,0.0,None
09:12:24.294,Active,410.6,2.4,98.8,11.9,73.8,Yes,0.0,None
09:12:24.711,Active,407.6,2.4,97.6,11.9,73.8,Yes,0.0,None
09:12:25.130,Active,410.2,2.4,98.8,11.9,73.8,Yes,0.0,None
09:12:25.549,Active,409.6,2.4,97.0,11.9,74.3,Yes,0.0,None
09:12:25.963,Active,408.0,2.4,98.8,11.9,73.8,Yes,0.0,None
09:12:26.381,Active,409.3,2.4,98.8,11.9,73.8,Yes,0.0,None
09:12:26.797,Active,409.8,2.4,98.2,11.9,73.8,Yes,0.0,None
09:12:27.253,Active,450.0,2.4,96.7,11.9,74.3,Yes,0.0,None
09:12:27.669,Active,409.5,2.4,98.2,11.9,74.3,Yes,0.0,None
09:12:28.088,Active,412.4,2.4,98.8,11.9,74.9,Yes,0.0,None
09:12:28.504,Active,408.2,2.4,98.8,11.9,74.3,Yes,0.0,None
09:12:28.918,Active,406.2,2.4,98.2,11.9,74.3,Yes,0.0,None
09:12:29.338,Active,410.4,2.4,97.6,11.9,75.5,Yes,0.0,None
09:12:29.755,Active,407.1,2.4,97.6,11.9,74.3,Yes,0.0,None
09:12:30.194,Active,430.9,2.4,94.3,11.9,74.9,Yes,0.0,None
09:12:30.614,Active,410.0,2.4,98.2,11.9,74.9,Yes,0.0,None
09:12:31.039,Active,416.0,2.4,96.5,11.9,74.9,Yes,0.0,None
09:12:31.465,Active,417.4,2.4,97.0,11.9,74.9,Yes,0.0,None
09:12:31.880,Active,408.5,2.4,98.8,11.9,74.9,Yes,0.0,None
09:12:32.311,Active,423.9,2.4,97.7,11.9,73.8,Yes,0.0,None
09:12:32.724,Active,406.5,2.4,99.4,11.9,74.9,Yes,0.0,None
09:12:33.145,Active,411.0,2.4,98.2,11.9,74.3,Yes,0.0,None
09:12:33.559,Active,407.9,2.4,98.2,11.9,74.9,Yes,0.0,None
09:12:33.981,Active,415.6,2.4,98.8,11.9,74.9,Yes,0.0,None
09:12:34.395,Active,407.9,2.4,99.4,11.9,75.5,Yes,0.0,None
09:12:34.835,Active,431.7,2.4,94.8,11.9,74.9,Yes,0.0,None
09:12:35.253,Active,409.2,2.4,98.2,11.9,74.9,Yes,0.0,None
09:12:35.664,Active,404.5,2.4,98.8,11.9,75.5,Yes,0.0,None
09:12:36.079,Active,408.9,2.4,100.0,11.9,75.5,Yes,0.0,None
09:12:36.489,Active,404.2,2.4,99.4,11.9,75.5,Yes,0.0,None
09:12:36.904,Active,404.9,2.4,98.8,11.9,75.5,Yes,0.0,None
09:12:37.334,Active,422.9,2.4,98.8,11.9,75.5,Yes,0.0,None
09:12:37.751,Active,407.2,2.4,98.8,11.9,75.5,Yes,0.0,None
09:12:38.164,Active,406.9,2.4,99.4,11.9,74.9,Yes,0.0,None
09:12:38.580,Active,408.6,2.4,98.8,11.9,74.9,Yes,0.0,None
09:12:38.995,Active,407.3,2.4,98.8,11.9,76.5,Yes,0.0,None
09:12:39.408,Active,404.7,2.4,98.8,11.9,75.5,Yes,0.0,None
09:12:39.819,Active,405.0,2.4,99.4,11.9,76.0,Yes,0.0,None
09:12:40.238,Active,413.3,2.4,99.4,11.9,77.1,Yes,0.0,None
09:12:40.668,Active,423.7,2.4,96.5,11.9,74.9,Yes,0.0,None
09:12:41.088,Active,414.0,2.4,98.8,11.9,75.5,Yes,0.0,None
09:12:41.505,Active,409.5,2.4,97.6,11.9,76.0,Yes,0.0,None
09:12:41.920,Active,408.7,2.4,98.8,11.9,76.0,Yes,0.0,None
09:12:42.356,Active,429.9,2.4,98.3,11.9,74.9,Yes,0.0,None
09:12:42.772,Active,408.5,2.4,98.2,11.9,76.0,Yes,0.0,None
09:12:43.190,Active,410.9,2.4,98.8,12.0,76.0,Yes,0.0,None
09:12:43.633,Active,433.5,2.4,94.3,12.0,76.0,Yes,0.0,None
09:12:44.061,Active,422.3,2.4,97.0,12.0,76.0,Yes,0.0,None
09:12:44.478,Active,410.7,2.4,97.6,11.9,75.5,Yes,0.0,None
09:12:44.895,Active,407.3,2.4,98.2,12.0,76.0,Yes,0.0,None
09:12:45.311,Active,407.9,2.4,98.8,11.9,76.5,Yes,0.0,None
09:12:45.727,Active,408.7,2.4,98.8,11.9,77.7,Yes,0.0,None
09:12:46.144,Active,410.9,2.4,98.2,11.9,76.0,Yes,0.0,None
09:12:46.559,Active,409.3,2.4,99.4,11.9,76.0,Yes,0.0,None
09:12:46.978,Active,410.4,2.4,98.2,11.9,75.5,Yes,0.0,None
09:12:47.398,Active,410.7,2.4,97.1,11.9,76.0,Yes,0.0,None
09:12:47.846,Active,438.3,2.4,97.1,11.9,75.5,Yes,0.0,None
09:12:48.268,Active,411.7,2.4,97.7,11.9,76.0,Yes,0.0,None
09:12:48.686,Active,408.9,2.4,98.2,11.9,76.0,Yes,0.0,None
09:12:49.108,Active,411.5,2.4,97.6,11.9,76.0,Yes,0.0,None
09:12:49.528,Active,410.2,2.4,98.2,11.9,76.0,Yes,0.0,None
09:12:49.965,Active,426.6,2.4,95.4,11.9,76.5,Yes,0.0,None
09:12:50.382,Active,409.1,2.4,98.8,11.9,76.5,Yes,0.0,None
09:12:50.800,Active,408.5,2.4,97.6,11.9,77.1,Yes,0.0,None
09:12:51.218,Active,411.0,2.4,98.8,11.9,76.0,Yes,0.0,None
09:12:51.635,Active,407.9,2.4,97.6,11.9,76.5,Yes,0.0,None
09:12:52.053,Active,409.6,2.4,98.8,11.9,76.0,Yes,0.0,None
09:12:52.468,Active,406.5,2.4,98.8,11.9,76.5,Yes,0.0,None
09:12:52.883,Active,407.9,2.4,98.8,11.9,77.1,Yes,0.0,None
09:12:53.301,Active,409.4,2.4,97.6,11.9,76.0,Yes,0.0,None
09:12:53.716,Active,408.6,2.4,99.4,11.9,77.1,Yes,0.0,None
09:12:54.139,Active,415.2,2.4,98.2,11.9,76.5,Yes,0.0,None
09:12:54.555,Active,410.7,2.4,99.4,11.9,75.5,Yes,0.0,None
09:12:54.972,Active,409.9,2.4,98.8,11.9,77.7,Yes,0.0,None
09:12:55.388,Active,408.7,2.4,98.2,11.9,76.5,Yes,0.0,None
09:12:55.806,Active,408.2,2.4,97.6,11.9,77.1,Yes,0.0,None
09:12:56.220,Active,407.9,2.4,99.4,11.9,77.1,Yes,0.0,None
09:12:56.633,Active,405.7,2.4,99.4,11.9,77.7,Yes,0.0,None
09:12:57.045,Active,406.0,2.4,99.4,11.9,77.1,Yes,0.0,None
09:12:57.458,Active,407.0,2.4,100.0,11.9,76.5,Yes,0.0,None
09:12:57.898,Active,433.1,2.4,98.3,12.0,76.5,Yes,0.0,None
09:12:58.315,Active,410.9,2.4,98.2,12.0,77.1,Yes,0.0,None
09:12:58.733,Active,409.6,2.4,98.8,12.0,76.5,Yes,0.0,None
09:12:59.147,Active,407.6,2.4,98.8,12.0,77.7,Yes,0.0,None
09:12:59.579,Active,423.3,2.4,95.3,12.0,77.1,Yes,0.0,None
09:12:59.998,Active,410.4,2.4,97.6,12.0,77.1,Yes,0.0,None
09:13:00.415,Active,407.5,2.4,98.2,12.0,76.5,Yes,0.0,None
09:13:00.833,Active,409.4,2.4,97.6,12.0,76.5,Yes,0.0,None
09:13:01.252,Active,412.9,2.4,98.8,12.0,77.1,Yes,0.0,None
09:13:01.669,Active,409.4,2.4,98.2,12.0,76.5,Yes,0.0,None
09:13:02.084,Active,409.2,2.4,98.8,12.0,77.1,Yes,0.0,None
09:13:02.500,Active,408.8,2.4,98.2,12.0,76.5,Yes,0.0,None
09:13:02.927,Active,420.3,2.4,98.3,12.0,77.1,Yes,0.0,None
09:13:03.345,Active,409.1,2.4,98.8,12.0,76.5,Yes,0.0,None
09:13:48.823,Active,464.5,2.4,1.5,11.9,58.4,Yes,0.0,None
09:13:49.239,Active,407.1,2.4,99.4,12.0,60.0,Yes,0.0,None
09:13:49.656,Active,408.1,2.4,99.4,12.0,61.1,Yes,0.0,None
09:13:50.070,Active,408.1,2.4,99.4,12.0,62.8,Yes,0.0,None
09:13:50.485,Active,405.3,2.4,98.2,12.0,62.8,Yes,0.0,None
09:13:50.903,Active,409.5,3.9,98.2,12.0,63.9,Yes,0.0,None
09:13:51.318,Active,409.2,3.9,99.4,11.9,63.9,Yes,0.0,None
09:13:51.735,Active,408.7,3.9,98.2,11.9,65.5,Yes,0.0,None
09:13:52.152,Active,411.6,3.9,98.2,11.9,66.1,Yes,0.0,None
09:13:52.565,Active,406.0,3.9,98.8,11.9,67.2,Yes,0.0,None
09:13:52.983,Active,411.8,3.9,99.4,11.9,67.2,Yes,0.0,None
09:13:53.401,Active,409.7,3.9,98.8,11.9,67.8,Yes,0.0,None
09:13:53.821,Active,410.4,3.9,97.6,11.9,68.3,Yes,0.0,None
09:13:54.240,Active,412.3,3.9,98.8,11.9,68.3,Yes,0.0,None
09:13:54.654,Active,406.5,3.9,98.8,11.9,68.3,Yes,0.0,None
09:13:55.074,Active,411.0,2.4,97.0,11.9,68.3,Yes,0.0,None
09:13:55.498,Active,414.4,2.4,97.6,11.9,68.3,Yes,0.0,None
09:13:55.917,Active,409.2,2.4,97.6,11.9,69.4,Yes,0.0,None
09:13:56.332,Active,408.1,2.4,98.8,11.9,68.8,Yes,0.0,None
09:13:56.747,Active,407.8,2.4,98.8,11.9,70.0,Yes,0.0,None
09:13:57.167,Active,411.9,2.4,97.6,11.9,70.5,Yes,0.0,None
09:13:57.583,Active,409.9,2.4,98.2,11.9,70.5,Yes,0.0,None
09:13:58.003,Active,411.3,2.4,98.2,11.9,71.0,Yes,0.0,None
09:13:58.418,Active,407.0,2.4,98.2,11.9,71.0,Yes,0.0,None
09:13:58.868,Active,441.6,2.4,98.3,12.0,70.5,Yes,0.0,None
09:13:59.284,Active,410.7,2.4,98.8,12.0,71.0,Yes,0.0,None
09:13:59.696,Active,405.6,2.4,99.4,12.0,71.6,Yes,0.0,None
09:14:00.115,Active,411.7,2.4,98.8,12.0,71.0,Yes,0.0,None
09:14:00.533,Active,409.6,2.4,98.2,12.0,71.6,Yes,0.0,None
09:14:00.944,Active,404.3,2.4,98.8,12.0,72.2,Yes,0.0,None
09:14:01.360,Active,409.8,2.4,99.4,11.9,71.6,Yes,0.0,None
09:14:01.776,Active,408.5,2.4,98.8,11.9,71.6,Yes,0.0,None
09:14:02.196,Active,413.4,2.4,98.8,11.9,72.7,Yes,0.0,None
09:14:02.612,Active,410.0,2.4,98.8,11.9,72.2,Yes,0.0,None
09:14:03.027,Active,408.0,2.4,98.8,11.9,72.2,Yes,0.0,None
09:14:03.443,Active,408.0,2.4,98.8,11.9,72.7,Yes,0.0,None
09:14:03.869,Active,419.6,2.4,99.4,11.9,72.7,Yes,0.0,None
09:14:04.285,Active,409.7,2.4,98.8,11.9,73.2,Yes,0.0,None
09:14:04.698,Active,406.9,2.4,98.8,11.9,72.2,Yes,0.0,None
09:14:05.115,Active,410.5,2.4,99.4,11.9,72.7,Yes,0.0,None
09:14:05.537,Active,413.8,2.4,97.6,11.9,72.7,Yes,0.0,None
09:14:05.952,Active,408.4,2.4,98.8,11.9,72.7,Yes,0.0,None
09:14:06.368,Active,409.5,2.4,99.4,11.9,73.2,Yes,0.0,None
09:14:06.784,Active,409.8,2.4,98.8,11.9,73.8,Yes,0.0,None
09:14:07.200,Active,408.9,2.4,98.2,11.9,73.8,Yes,0.0,None
09:14:07.617,Active,409.4,2.4,98.8,11.9,72.7,Yes,0.0,None
09:14:08.033,Active,409.5,2.4,98.8,11.9,73.2,Yes,0.0,None
09:14:08.449,Active,409.3,2.4,98.8,11.9,73.2,Yes,0.0,None
09:14:08.881,Active,426.7,2.4,98.3,11.9,73.8,Yes,0.0,None
09:14:09.294,Active,406.0,2.4,99.4,11.9,75.5,Yes,0.0,None
09:14:09.720,Active,415.9,2.4,97.7,11.9,73.8,Yes,0.0,None
09:14:10.136,Active,410.3,2.4,98.8,11.9,73.2,Yes,0.0,None
09:14:10.551,Active,407.3,2.4,98.8,11.9,74.3,Yes,0.0,None
09:14:10.967,Active,407.5,2.4,98.8,11.9,73.8,Yes,0.0,None
09:14:11.379,Active,406.0,2.4,99.4,11.9,74.9,Yes,0.0,None
09:14:11.796,Active,404.3,2.4,98.2,11.9,74.9,Yes,0.0,None
09:14:12.212,Active,409.5,2.4,99.4,11.9,74.9,Yes,0.0,None
09:14:12.625,Active,407.1,2.4,99.4,11.9,74.3,Yes,0.0,None
09:14:13.041,Active,409.5,2.4,98.8,11.9,74.9,Yes,0.0,None
09:14:13.455,Active,407.1,2.4,98.8,11.9,74.9,Yes,0.0,None
09:14:13.896,Active,428.6,2.4,96.6,12.0,76.0,Yes,0.0,None
09:14:14.311,Active,409.1,2.4,98.2,12.0,74.3,Yes,0.0,None
09:14:14.727,Active,409.2,2.4,98.8,12.0,74.9,Yes,0.0,None
09:14:15.146,Active,410.2,2.4,98.2,11.9,74.9,Yes,0.0,None
09:14:15.564,Active,408.5,2.4,98.2,12.0,74.9,Yes,0.0,None
09:14:15.983,Active,409.8,2.4,98.2,12.0,74.3,Yes,0.0,None
09:14:16.395,Active,404.7,2.4,99.4,11.9,74.9,Yes,0.0,None
09:14:16.811,Active,407.5,2.4,98.8,11.9,74.9,Yes,0.0,None
09:14:17.222,Active,405.1,2.4,99.4,11.9,74.9,Yes,0.0,None
09:14:17.632,Active,404.0,2.4,100.0,11.9,74.9,Yes,0.0,None
09:14:18.045,Active,407.1,2.4,100.0,11.9,75.5,Yes,0.0,None
09:14:18.460,Active,406.1,2.4,97.6,11.9,74.9,Yes,0.0,None
09:14:18.880,Active,412.7,2.4,99.4,11.9,74.9,Yes,0.0,None
09:14:19.321,Active,433.8,2.4,98.3,11.9,74.9,Yes,0.0,None
09:14:19.737,Active,409.6,2.4,98.8,12.0,74.9,Yes,0.0,None
09:14:20.156,Active,410.5,2.4,98.8,12.0,74.9,Yes,0.0,None
09:14:20.571,Active,408.8,2.4,97.6,12.0,76.0,Yes,0.0,None
09:14:20.989,Active,409.1,2.4,98.8,12.0,74.9,Yes,0.0,None
09:14:21.404,Active,408.7,2.4,98.8,12.0,74.9,Yes,0.0,None
09:14:21.821,Active,409.2,2.4,98.2,12.0,76.0,Yes,0.0,None
09:14:22.237,Active,409.5,2.4,98.8,12.0,75.5,Yes,0.0,None
09:14:22.653,Active,409.0,2.4,98.8,12.0,75.5,Yes,0.0,None
09:14:23.067,Active,407.9,2.4,98.8,11.9,75.5,Yes,0.0,None
09:14:23.482,Active,409.0,2.4,98.8,11.9,76.0,Yes,0.0,None
09:14:23.896,Active,407.2,2.4,99.4,11.9,76.5,Yes,0.0,None
09:14:24.312,Active,410.2,2.4,98.8,11.9,76.0,Yes,0.0,None
09:14:24.724,Active,405.8,2.4,99.4,11.9,76.0,Yes,0.0,None
09:14:25.138,Active,408.8,2.4,99.4,11.9,76.5,Yes,0.0,None
09:14:25.556,Active,408.6,2.4,98.2,11.9,76.5,Yes,0.0,None
09:14:25.973,Active,409.9,2.4,98.2,11.9,76.5,Yes,0.0,None
09:14:26.392,Active,409.3,2.4,98.2,11.9,76.0,Yes,0.0,None
09:14:26.808,Active,407.9,2.4,98.2,11.9,76.0,Yes,0.0,None
09:14:27.223,Active,407.1,2.4,98.8,11.9,75.5,Yes,0.0,None
09:14:27.636,Active,406.1,2.4,99.4,11.9,76.5,Yes,0.0,None
09:14:28.053,Active,409.6,2.4,98.8,11.9,77.1,Yes,0.0,None
09:14:28.469,Active,409.4,2.4,98.8,11.9,75.5,Yes,0.0,None
09:14:28.881,Active,405.7,2.4,98.8,11.9,76.0,Yes,0.0,None
09:14:29.335,Active,444.6,2.4,97.3,11.9,76.0,Yes,0.0,None
09:14:29.749,Active,408.1,2.4,98.8,12.0,76.0,Yes,0.0,None
09:14:30.168,Active,412.2,2.4,98.8,12.0,76.0,Yes,0.0,None
09:14:30.583,Active,407.7,2.4,98.8,12.0,77.1,Yes,0.0,None
09:14:30.999,Active,407.3,2.4,98.2,12.0,77.1,Yes,0.0,None
09:14:31.412,Active,406.6,2.4,99.4,12.0,77.1,Yes,0.0,None
09:14:31.829,Active,407.1,2.4,98.2,12.0,76.5,Yes,0.0,None
09:14:32.245,Active,409.6,2.4,98.8,11.9,76.0,Yes,0.0,None
09:14:32.656,Active,404.6,2.4,98.8,11.9,76.0,Yes,0.0,None
09:14:33.070,Active,407.7,2.4,98.8,11.9,76.0,Yes,0.0,None
09:14:33.484,Active,407.7,2.4,98.8,11.9,76.0,Yes,0.0,None
09:14:33.899,Active,407.6,2.4,98.8,11.9,77.1,Yes,0.0,None
09:14:34.327,Active,419.1,2.4,98.2,11.9,76.5,Yes,0.0,None
09:14:34.743,Active,407.4,2.4,98.2,11.9,76.5,Yes,0.0,None
09:14:35.159,Active,410.2,2.4,98.8,11.9,74.9,Yes,0.0,None
09:14:35.576,Active,406.7,2.4,98.2,11.9,77.7,Yes,0.0,None
09:14:36.004,Active,420.6,2.4,97.6,11.9,76.0,Yes,0.0,None
09:14:36.417,Active,405.4,2.4,98.2,11.9,76.5,Yes,0.0,None
09:14:36.829,Active,405.9,2.4,99.4,11.9,77.1,Yes,0.0,None
09:14:37.245,Active,409.5,2.4,99.4,11.9,76.5,Yes,0.0,None
09:14:37.661,Active,406.3,2.4,98.2,11.9,77.1,Yes,0.0,None
09:14:38.080,Active,408.5,2.4,98.2,11.9,77.1,Yes,0.0,None
09:14:38.493,Active,406.9,2.4,98.8,11.9,76.0,Yes,0.0,None
09:14:38.909,Active,405.9,2.4,98.2,11.9,77.1,Yes,0.0,None
09:14:39.340,Active,422.0,2.4,98.3,11.9,76.5,Yes,0.0,None
09:14:39.757,Active,407.3,2.4,98.2,11.9,76.5,Yes,0.0,None
09:14:40.172,Active,408.4,2.4,98.8,11.9,77.1,Yes,0.0,None
09:14:40.592,Active,410.3,2.4,98.2,11.9,77.1,Yes,0.0,None
09:14:41.010,Active,410.2,2.4,97.6,11.9,76.5,Yes,0.0,None
09:14:41.427,Active,408.4,2.4,98.8,11.9,77.1,Yes,0.0,None
09:14:41.844,Active,408.2,2.4,97.6,11.9,77.1,Yes,0.0,None
09:14:42.261,Active,410.5,2.4,98.8,11.9,77.1,Yes,0.0,None
09:14:42.674,Active,407.4,2.4,98.8,11.9,76.5,Yes,0.0,None
09:14:43.095,Active,410.8,2.4,97.6,11.9,77.1,Yes,0.0,None
09:14:43.519,Active,415.8,2.4,97.0,11.9,77.1,Yes,0.0,None
09:14:43.937,Active,409.7,2.4,98.8,11.9,77.1,Yes,0.0,None
09:14:44.375,Active,430.3,2.4,97.2,11.9,76.5,Yes,0.0,None
09:14:44.795,Active,411.9,2.4,98.2,11.9,77.1,Yes,0.0,None
09:14:45.233,Active,429.4,2.4,94.9,11.9,77.1,Yes,0.0,None
09:14:45.650,Active,409.3,2.4,98.2,11.9,76.5,Yes,0.0,None
09:14:46.070,Active,410.4,2.4,98.2,11.9,76.5,Yes,0.0,None
09:14:46.493,Active,413.2,2.4,97.6,11.9,76.5,Yes,0.0,None
09:14:46.934,Active,435.3,2.4,95.4,11.9,77.1,Yes,0.0,None
09:14:47.354,Active,410.5,2.4,98.2,11.9,77.7,Yes,0.0,None
09:14:47.768,Active,407.9,2.4,98.8,11.9,76.0,Yes,0.0,None
09:14:48.185,Active,409.4,2.4,98.8,11.9,77.1,Yes,0.0,None
09:14:48.598,Active,406.5,2.4,98.8,11.9,77.1,Yes,0.0,None
09:15:34.042,Active,430.3,2.4,1.1,11.9,59.0,Yes,0.0,None
09:15:34.458,Active,406.9,11.7,98.8,12.0,60.0,Yes,0.0,None
09:15:34.872,Active,407.7,11.7,99.4,12.0,61.1,Yes,0.0,None
09:15:35.296,Active,417.0,11.7,98.2,12.0,61.7,Yes,0.0,None
09:15:35.709,Active,406.6,11.7,98.8,12.0,63.4,Yes,0.0,None
09:15:36.127,Active,408.6,11.7,98.2,12.0,63.9,Yes,0.0,None
09:15:36.547,Active,412.0,11.7,97.6,12.0,65.5,Yes,0.0,None
09:15:36.965,Active,407.4,11.7,97.6,12.0,64.5,Yes,0.0,None
09:15:37.382,Active,407.7,11.7,98.2,12.0,65.5,Yes,0.0,None
09:15:37.809,Active,417.1,11.7,98.2,12.0,66.1,Yes,0.0,None
09:15:38.223,Active,407.5,11.7,99.4,12.0,67.2,Yes,0.0,None
09:15:38.638,Active,406.1,2.4,98.2,12.0,66.7,Yes,0.0,None
09:15:39.057,Active,408.6,2.4,97.6,11.9,67.2,Yes,0.0,None
09:15:39.472,Active,407.6,2.4,98.8,11.9,67.8,Yes,0.0,None
09:15:39.886,Active,407.1,2.4,98.2,11.9,67.8,Yes,0.0,None
09:15:40.317,Active,421.5,2.4,98.8,11.9,68.8,Yes,0.0,None
09:15:40.736,Active,408.8,2.4,97.6,11.9,68.8,Yes,0.0,None
09:15:41.152,Active,410.2,2.4,99.4,11.9,68.8,Yes,0.0,None
09:15:41.565,Active,405.3,2.4,98.2,11.9,69.4,Yes,0.0,None
09:15:41.983,Active,411.9,2.4,99.4,11.9,68.3,Yes,0.0,None
09:15:42.401,Active,409.5,2.4,98.2,11.9,69.4,Yes,0.0,None
09:15:42.815,Active,407.6,2.4,98.2,11.9,70.0,Yes,0.0,None
09:15:43.236,Active,412.4,2.4,98.2,11.9,69.4,Yes,0.0,None
09:15:43.651,Active,409.7,2.4,98.8,11.9,70.0,Yes,0.0,None
09:15:44.066,Active,407.2,2.4,97.6,11.9,70.0,Yes,0.0,None
09:15:44.486,Active,407.0,2.4,97.6,11.9,71.0,Yes,0.0,None
09:15:44.898,Active,405.7,2.4,99.4,11.9,71.0,Yes,0.0,None
09:15:45.343,Active,437.0,2.4,97.2,11.9,71.0,Yes,0.0,None
09:15:45.753,Active,404.3,2.4,98.8,11.9,71.0,Yes,0.0,None
09:15:46.169,Active,409.1,2.4,100.0,11.9,71.6,Yes,0.0,None
09:15:46.584,Active,408.2,2.4,98.8,11.9,71.6,Yes,0.0,None
09:15:47.008,Active,418.4,2.4,97.6,11.9,71.6,Yes,0.0,None
09:15:47.424,Active,410.3,2.4,98.8,11.9,71.6,Yes,0.0,None
09:15:47.837,Active,406.4,2.4,98.2,11.9,72.2,Yes,0.0,None
09:15:48.257,Active,409.8,2.4,98.2,11.9,71.6,Yes,0.0,None
09:15:48.677,Active,410.0,2.4,98.2,11.9,72.7,Yes,0.0,None
09:15:49.092,Active,408.8,2.4,98.2,11.9,72.7,Yes,0.0,None
09:15:49.514,Active,407.6,2.4,97.1,11.9,72.2,Yes,0.0,None
09:15:49.929,Active,407.0,2.4,98.2,11.9,73.8,Yes,0.0,None
09:15:50.347,Active,408.2,2.4,98.2,11.9,73.2,Yes,0.0,None
09:15:50.791,Active,435.8,2.4,97.2,11.9,72.7,Yes,0.0,None
09:15:51.206,Active,406.2,2.4,98.8,11.9,73.2,Yes,0.0,None
09:15:51.632,Active,416.3,2.4,97.1,11.9,72.7,Yes,0.0,None
09:15:52.049,Active,409.5,2.4,98.2,11.9,73.2,Yes,0.0,None
09:15:52.463,Active,408.0,2.4,98.8,11.9,73.2,Yes,0.0,None
09:15:52.880,Active,408.9,2.4,98.2,11.9,72.7,Yes,0.0,None
09:15:53.297,Active,409.4,2.4,98.8,11.9,73.2,Yes,0.0,None
09:15:53.710,Active,406.8,2.4,98.8,11.9,73.8,Yes,0.0,None
09:15:54.128,Active,409.0,2.4,98.2,11.9,73.2,Yes,0.0,None
09:15:54.541,Active,407.1,2.4,98.8,11.9,73.8,Yes,0.0,None
09:15:54.956,Active,409.5,2.4,98.8,11.9,73.2,Yes,0.0,None
09:15:55.373,Active,409.0,2.4,98.8,11.9,73.8,Yes,0.0,None
09:15:55.788,Active,408.6,2.4,99.4,11.9,73.2,Yes,0.0,None
09:15:56.213,Active,417.9,2.4,96.5,11.9,73.8,Yes,0.0,None
09:15:56.631,Active,408.7,2.4,98.2,11.9,73.8,Yes,0.0,None
09:15:57.052,Active,412.7,2.4,98.2,11.9,72.7,Yes,0.0,None
09:15:57.465,Active,407.1,2.4,98.8,11.9,74.3,Yes,0.0,None
09:15:57.884,Active,409.9,2.4,98.2,11.9,73.8,Yes,0.0,None
09:15:58.301,Active,410.0,2.4,98.8,11.9,73.8,Yes,0.0,None
09:15:58.812,Active,404.5,2.4,79.6,11.9,73.8,Yes,0.0,None
09:15:59.231,Active,408.7,2.4,98.8,11.9,74.3,Yes,0.0,None
09:15:59.650,Active,409.0,2.3,97.6,11.9,74.3,Yes,0.0,None
09:16:00.069,Active,409.7,2.3,98.2,11.9,73.8,Yes,0.0,None
09:16:00.482,Active,406.6,2.3,98.8,11.8,74.3,Yes,0.0,None
09:16:00.940,Active,448.9,2.3,96.7,11.9,74.3,Yes,0.0,None
09:16:01.356,Active,409.5,2.3,98.2,11.9,74.3,Yes,0.0,None
09:16:01.782,Active,419.0,2.3,97.0,11.9,74.9,Yes,0.0,None
09:16:02.205,Active,413.9,2.3,97.6,11.9,74.9,Yes,0.0,None
09:16:02.619,Active,406.9,2.3,99.4,11.9,74.3,Yes,0.0,None
09:16:03.037,Active,409.3,2.3,97.0,11.9,74.9,Yes,0.0,None
09:16:03.453,Active,409.6,2.3,98.8,11.9,74.3,Yes,0.0,None
09:16:03.867,Active,407.2,2.4,98.8,11.9,74.9,Yes,0.0,None
09:16:04.289,Active,413.2,2.4,98.8,11.9,74.3,Yes,0.0,None
09:16:04.704,Active,408.2,2.4,98.2,11.9,74.9,Yes,0.0,None
09:16:05.124,Active,410.1,2.4,98.2,11.9,75.5,Yes,0.0,None
09:16:05.537,Active,407.0,2.4,98.8,11.9,74.9,Yes,0.0,None
09:16:05.999,Active,451.1,2.4,94.6,11.9,76.5,Yes,0.0,None
09:16:06.416,Active,408.2,2.4,98.2,11.9,74.9,Yes,0.0,None
09:16:06.833,Active,409.2,2.4,98.2,11.9,75.5,Yes,0.0,None
09:16:07.252,Active,412.4,2.4,98.8,11.9,75.5,Yes,0.0,None
09:16:07.669,Active,409.6,2.4,98.2,11.9,75.5,Yes,0.0,None
09:16:08.085,Active,410.0,2.4,98.8,11.9,75.5,Yes,0.0,None
09:16:08.499,Active,407.9,2.4,98.8,11.9,75.5,Yes,0.0,None
09:16:08.913,Active,407.2,2.4,98.8,11.8,75.5,Yes,0.0,None
09:16:09.334,Active,415.2,2.4,98.2,11.8,75.5,Yes,0.0,None
09:16:09.750,Active,406.5,2.4,98.2,11.8,76.0,Yes,0.0,None
09:16:10.167,Active,408.1,2.4,98.8,11.8,75.5,Yes,0.0,None
09:16:10.577,Active,403.9,2.4,99.4,11.8,75.5,Yes,0.0,None
09:16:11.012,Active,423.9,2.4,98.3,11.9,76.0,Yes,0.0,None
09:16:11.428,Active,406.2,2.4,98.2,11.9,76.0,Yes,0.0,None
09:16:11.846,Active,407.1,2.4,98.2,11.9,74.9,Yes,0.0,None
09:16:12.273,Active,416.9,2.4,96.4,11.9,76.0,Yes,0.0,None
09:16:12.691,Active,409.2,2.4,98.2,11.9,76.0,Yes,0.0,None
09:16:13.108,Active,410.5,2.4,98.8,11.9,77.7,Yes,0.0,None
09:16:13.520,Active,404.3,2.4,98.2,11.9,76.0,Yes,0.0,None
09:16:13.937,Active,411.1,2.4,98.8,11.9,76.0,Yes,0.0,None
09:16:14.352,Active,409.4,2.4,98.2,11.9,76.0,Yes,0.0,None
09:16:14.768,Active,407.8,2.4,98.8,11.9,76.5,Yes,0.0,None
09:16:15.184,Active,408.9,2.4,98.8,11.9,75.5,Yes,0.0,None
09:16:15.604,Active,410.5,2.4,98.2,11.9,75.5,Yes,0.0,None
09:16:16.041,Active,429.5,2.4,97.7,11.9,76.0,Yes,0.0,None
09:16:16.456,Active,408.0,2.4,98.2,11.9,75.5,Yes,0.0,None
09:16:16.877,Active,410.7,2.4,98.2,11.9,76.0,Yes,0.0,None
09:16:17.294,Active,409.8,2.4,98.2,11.9,75.5,Yes,0.0,None
09:16:17.715,Active,407.3,2.4,97.6,11.9,76.5,Yes,0.0,None
09:16:18.132,Active,408.9,2.4,98.2,11.9,76.0,Yes,0.0,None
09:16:18.548,Active,408.6,2.4,98.8,11.9,76.0,Yes,0.0,None
09:16:18.959,Active,404.7,2.4,98.8,11.9,76.5,Yes,0.0,None
09:16:19.379,Active,414.3,2.4,99.4,11.9,76.5,Yes,0.0,None
09:16:19.795,Active,405.5,2.4,97.6,11.9,76.0,Yes,0.0,None
09:16:20.212,Active,410.8,2.4,98.8,11.9,76.5,Yes,0.0,None
09:16:20.628,Active,408.4,2.4,98.8,11.9,76.0,Yes,0.0,None
09:16:21.067,Active,432.9,2.4,98.3,11.9,74.9,Yes,0.0,None
09:16:21.479,Active,406.0,2.4,98.8,11.9,77.1,Yes,0.0,None
09:16:21.898,Active,408.5,2.4,98.2,12.0,76.5,Yes,0.0,None
09:16:22.317,Active,410.6,2.4,98.8,12.0,76.5,Yes,0.0,None
09:16:22.730,Active,407.0,2.4,98.2,12.0,76.0,Yes,0.0,None
09:16:23.147,Active,411.0,2.4,99.4,12.0,75.5,Yes,0.0,None
09:16:23.564,Active,408.7,2.4,98.2,12.0,76.0,Yes,0.0,None
09:16:23.981,Active,409.9,2.4,98.2,12.0,76.5,Yes,0.0,None
09:16:24.395,Active,408.0,2.4,98.8,11.9,76.0,Yes,0.0,None
09:16:24.811,Active,407.8,2.4,98.2,11.9,76.5,Yes,0.0,None
09:16:25.228,Active,408.5,2.4,98.8,11.9,77.1,Yes,0.0,None
09:16:25.643,Active,407.4,2.4,99.4,11.9,76.5,Yes,0.0,None
09:16:26.059,Active,407.8,2.4,98.2,11.9,76.5,Yes,0.0,None
09:16:26.471,Active,405.9,2.4,99.4,11.9,77.1,Yes,0.0,None
09:16:26.887,Active,408.0,2.4,98.2,11.9,77.1,Yes,0.0,None
09:16:27.307,Active,409.2,2.4,98.2,11.9,77.1,Yes,0.0,None
09:16:27.725,Active,408.7,2.4,98.2,11.9,76.5,Yes,0.0,None
09:16:28.141,Active,409.9,2.4,98.8,11.9,76.5,Yes,0.0,None
09:16:28.559,Active,407.7,2.4,98.2,11.9,76.5,Yes,0.0,None
09:16:28.980,Active,411.2,2.4,98.2,11.9,75.5,Yes,0.0,None
09:16:29.397,Active,408.0,2.4,97.6,11.9,77.1,Yes,0.0,None
09:16:29.814,Active,407.4,2.4,98.2,11.9,76.5,Yes,0.0,None
09:16:30.233,Active,409.2,2.4,98.2,11.9,76.5,Yes,0.0,None
09:16:30.650,Active,407.1,2.4,98.2,11.9,76.5,Yes,0.0,None
09:16:31.093,Active,433.9,2.4,97.7,11.9,76.0,Yes,0.0,None
09:16:31.513,Active,409.4,2.4,98.2,11.9,76.5,Yes,0.0,None
09:16:31.928,Active,408.0,2.4,98.2,11.9,76.5,Yes,0.0,None
09:16:32.345,Active,409.1,2.4,98.8,11.9,77.1,Yes,0.0,None
09:16:32.760,Active,406.1,2.4,98.2,11.9,76.5,Yes,0.0,None
09:16:33.179,Active,408.7,2.4,98.2,11.9,76.5,Yes,0.0,None
09:16:33.597,Active,408.9,2.4,98.2,11.9,76.5,Yes,0.0,None
09:16:34.014,Active,410.7,2.4,98.2,11.9,77.1,Yes,0.0,None
09:17:19.456,Active,424.5,2.4,1.3,11.9,58.4,Yes,0.0,None
09:17:19.868,Active,404.8,2.4,99.4,11.9,60.0,Yes,0.0,None
09:17:20.288,Active,409.7,2.4,98.2,11.9,60.6,Yes,0.0,None
09:17:20.702,Active,406.1,2.4,98.8,11.9,61.7,Yes,0.0,None
09:17:21.121,Active,408.7,2.4,98.2,11.9,63.4,Yes,0.0,None
09:17:21.536,Active,407.3,2.4,98.2,11.9,62.8,Yes,0.0,None
09:17:21.954,Active,408.3,2.4,98.2,11.9,63.9,Yes,0.0,None
09:17:22.397,Active,433.2,3.0,97.7,11.9,65.5,Yes,0.0,None
09:17:22.820,Active,413.3,3.0,97.6,11.9,66.1,Yes,0.0,None
09:17:23.240,Active,410.3,3.0,98.2,11.9,65.5,Yes,0.0,None
09:17:23.656,Active,407.8,3.0,98.2,11.9,66.1,Yes,0.0,None
09:17:24.076,Active,410.0,3.0,98.2,11.9,67.2,Yes,0.0,None
09:17:24.492,Active,406.7,3.0,98.2,11.9,67.2,Yes,0.0,None
09:17:24.906,Active,406.8,3.0,99.4,11.9,67.8,Yes,0.0,None
09:17:25.326,Active,410.6,3.0,98.2,11.9,68.3,Yes,0.0,None
09:17:25.744,Active,408.5,3.0,98.2,11.9,68.8,Yes,0.0,None
09:17:26.160,Active,408.6,3.0,98.8,11.9,68.3,Yes,0.0,None
09:17:26.575,Active,405.8,2.4,98.2,11.9,68.8,Yes,0.0,None
09:17:26.996,Active,411.2,2.4,97.6,11.9,69.4,Yes,0.0,None
09:17:27.415,Active,409.0,2.4,98.2,11.9,69.4,Yes,0.0,None
09:17:27.831,Active,407.1,2.4,98.2,11.9,70.5,Yes,0.0,None
09:17:28.251,Active,410.3,2.4,98.2,11.9,70.0,Yes,0.0,None
09:17:28.669,Active,408.2,2.4,97.6,11.9,70.0,Yes,0.0,None
09:17:29.089,Active,410.4,2.4,98.2,11.9,70.0,Yes,0.0,None
09:17:29.504,Active,407.6,2.4,98.2,11.9,71.0,Yes,0.0,None
09:17:29.921,Active,409.5,2.4,98.8,11.9,71.6,Yes,0.0,None
09:17:30.349,Active,422.4,2.4,98.2,11.8,70.5,Yes,0.0,None
09:17:30.763,Active,407.8,2.4,98.2,11.8,71.0,Yes,0.0,None
09:17:31.179,Active,408.4,2.4,98.2,11.8,71.6,Yes,0.0,None
09:17:31.593,Active,407.8,2.4,99.4,11.8,71.6,Yes,0.0,None
09:17:32.011,Active,410.0,2.4,98.2,11.8,71.6,Yes,0.0,None
09:17:32.460,Active,443.5,2.4,98.3,11.9,72.2,Yes,0.0,None
09:17:32.886,Active,416.6,2.4,95.9,11.9,71.0,Yes,0.0,None
09:17:33.306,Active,409.4,2.4,98.2,11.9,73.2,Yes,0.0,None
09:17:33.729,Active,409.9,2.4,97.1,11.9,71.6,Yes,0.0,None
09:17:34.146,Active,409.7,2.4,98.2,11.9,72.2,Yes,0.0,None
09:17:34.565,Active,408.2,2.4,98.2,11.9,72.2,Yes,0.0,None
09:17:34.983,Active,411.8,2.4,98.8,11.9,72.2,Yes,0.0,None
09:17:35.394,Active,404.6,2.4,99.4,11.9,72.7,Yes,0.0,None
09:17:35.816,Active,410.0,2.4,97.6,11.8,72.7,Yes,0.0,None
09:17:36.230,Active,408.0,2.4,99.4,11.8,72.7,Yes,0.0,None
09:17:36.643,Active,405.3,2.4,98.8,11.8,72.7,Yes,0.0,None
09:17:37.059,Active,408.0,2.4,98.8,11.8,72.7,Yes,0.0,None
09:17:37.484,Active,418.5,2.4,99.4,11.8,72.7,Yes,0.0,None
09:17:37.915,Active,419.5,2.4,97.7,11.9,72.2,Yes,0.0,None
09:17:38.336,Active,411.2,2.4,97.6,11.9,73.2,Yes,0.0,None
09:17:38.752,Active,407.5,2.4,98.2,11.9,73.2,Yes,0.0,None
09:17:39.171,Active,409.0,2.4,98.2,11.9,73.8,Yes,0.0,None
09:17:39.585,Active,407.3,2.4,98.8,11.9,73.8,Yes,0.0,None
09:17:40.005,Active,410.1,2.4,98.2,11.8,73.8,Yes,0.0,None
09:17:40.420,Active,406.6,2.4,98.2,11.8,73.8,Yes,0.0,None
09:17:40.838,Active,407.8,2.4,98.2,11.8,73.2,Yes,0.0,None
09:17:41.256,Active,408.9,2.4,98.2,11.9,73.8,Yes,0.0,None
09:17:41.672,Active,408.5,2.4,98.8,11.8,74.9,Yes,0.0,None
09:17:42.122,Active,438.4,2.4,93.9,11.9,74.3,Yes,0.0,None
09:17:42.559,Active,428.0,2.4,98.3,11.9,74.9,Yes,0.0,None
09:17:42.974,Active,408.6,2.4,98.8,11.9,74.3,Yes,0.0,None
09:17:43.483,Active,407.2,2.3,80.8,11.9,73.8,Yes,0.0,None
09:17:43.900,Active,408.6,2.3,97.6,11.9,74.3,Yes,0.0,None
09:17:44.317,Active,408.8,2.3,98.8,11.9,74.3,Yes,0.0,None
09:17:44.733,Active,408.0,2.3,97.6,11.9,74.3,Yes,0.0,None
09:17:45.152,Active,409.1,2.3,98.2,11.9,74.9,Yes,0.0,None
09:17:45.569,Active,407.4,2.3,98.2,11.9,73.8,Yes,0.0,None
09:17:45.989,Active,409.6,2.3,98.2,11.9,73.8,Yes,0.0,None
09:17:46.403,Active,407.9,2.3,98.8,11.9,74.9,Yes,0.0,None
09:17:46.817,Active,407.4,2.3,98.8,11.9,74.9,Yes,0.0,None
09:17:47.234,Active,410.4,2.3,98.8,11.9,74.9,Yes,0.0,None
09:17:47.668,Active,426.0,2.4,97.7,12.0,74.3,Yes,0.0,None
09:17:48.089,Active,413.7,2.4,98.8,12.0,74.9,Yes,0.0,None
09:17:48.506,Active,410.3,2.4,98.2,12.0,74.9,Yes,0.0,None
09:17:48.925,Active,409.6,2.4,98.2,12.0,75.5,Yes,0.0,None
09:17:49.345,Active,414.2,2.4,97.6,11.9,74.9,Yes,0.0,None
09:17:49.765,Active,413.8,2.4,98.2,11.9,74.9,Yes,0.0,None
09:17:50.185,Active,410.5,2.4,98.8,12.0,76.0,Yes,0.0,None
09:17:50.600,Active,408.2,2.4,98.8,11.9,74.9,Yes,0.0,None
09:17:51.017,Active,411.4,2.4,98.2,11.9,76.0,Yes,0.0,None
09:17:51.435,Active,408.2,2.4,98.2,11.9,75.5,Yes,0.0,None
09:17:51.853,Active,409.4,2.4,98.2,11.9,74.9,Yes,0.0,None
09:17:52.271,Active,412.0,2.4,98.2,11.9,74.9,Yes,0.0,None
09:17:52.714,Active,434.0,2.4,97.7,11.9,76.5,Yes,0.0,None
09:17:53.131,Active,409.0,2.4,98.2,11.9,74.9,Yes,0.0,None
09:17:53.557,Active,417.8,2.4,97.1,11.9,75.5,Yes,0.0,None
09:17:53.972,Active,408.8,2.4,98.8,11.9,75.5,Yes,0.0,None
09:17:54.389,Active,409.9,2.4,98.2,11.9,75.5,Yes,0.0,None
09:17:54.815,Active,419.9,2.4,97.0,11.9,75.5,Yes,0.0,None
09:17:55.248,Active,424.9,2.4,96.5,11.9,75.5,Yes,0.0,None
09:17:55.663,Active,407.9,2.4,98.8,11.9,75.5,Yes,0.0,None
09:17:56.085,Active,413.5,2.4,98.2,11.9,75.5,Yes,0.0,None
09:17:56.499,Active,407.9,2.4,98.8,11.9,74.9,Yes,0.0,None
09:17:56.915,Active,409.8,2.4,98.8,11.9,76.0,Yes,0.0,None
09:17:57.352,Active,430.6,2.4,96.0,11.9,74.9,Yes,0.0,None
09:17:57.764,Active,406.0,2.4,98.8,11.9,76.5,Yes,0.0,None
09:17:58.180,Active,410.2,2.4,99.4,11.9,76.0,Yes,0.0,None
09:17:58.592,Active,406.1,2.4,98.8,11.8,76.5,Yes,0.0,None
09:17:59.011,Active,411.4,2.4,99.4,11.8,76.0,Yes,0.0,None
09:17:59.427,Active,407.5,2.4,98.2,11.8,75.5,Yes,0.0,None
09:17:59.843,Active,410.0,2.4,99.4,11.8,74.3,Yes,0.0,None
09:18:00.259,Active,410.5,2.4,99.4,11.8,76.0,Yes,0.0,None
09:18:00.678,Active,409.1,2.4,98.2,11.8,74.9,Yes,0.0,None
09:18:01.100,Active,412.4,2.4,98.2,11.8,77.1,Yes,0.0,None
09:18:01.512,Active,406.1,2.4,98.8,11.8,76.0,Yes,0.0,None
09:18:01.926,Active,406.9,2.4,98.8,11.8,76.5,Yes,0.0,None
09:18:02.343,Active,410.4,2.4,98.8,11.8,76.0,Yes,0.0,None
09:18:02.787,Active,433.8,2.4,98.3,11.9,76.0,Yes,0.0,None
09:18:03.203,Active,407.5,2.4,98.8,12.0,76.0,Yes,0.0,None
09:18:03.620,Active,408.4,2.4,99.4,12.0,76.0,Yes,0.0,None
09:18:04.034,Active,408.4,2.4,98.8,12.0,76.5,Yes,0.0,None
09:18:04.454,Active,410.9,2.4,97.6,12.0,76.0,Yes,0.0,None
09:18:04.874,Active,406.6,2.4,98.2,12.0,76.0,Yes,0.0,None
09:18:05.292,Active,408.6,2.4,98.2,11.9,74.9,Yes,0.0,None
09:18:05.709,Active,409.4,2.4,98.8,11.9,76.0,Yes,0.0,None
09:18:06.124,Active,408.8,2.4,98.8,11.9,76.5,Yes,0.0,None
09:18:06.540,Active,406.7,2.4,98.2,11.9,76.5,Yes,0.0,None
09:18:06.957,Active,406.8,2.4,98.2,11.9,76.0,Yes,0.0,None
09:18:07.375,Active,408.9,2.4,97.6,11.9,76.5,Yes,0.0,None
09:18:07.799,Active,415.1,2.4,97.7,11.9,76.5,Yes,0.0,None
09:18:08.218,Active,411.5,2.4,98.8,11.9,76.5,Yes,0.0,None
09:18:08.640,Active,413.0,2.4,97.6,11.9,76.5,Yes,0.0,None
09:18:09.057,Active,410.6,2.4,98.8,11.9,76.0,Yes,0.0,None
09:18:09.471,Active,407.9,2.4,98.8,11.9,76.0,Yes,0.0,None
09:18:09.886,Active,406.6,2.4,98.8,11.9,77.1,Yes,0.0,None
09:18:10.306,Active,410.2,2.4,97.6,11.9,76.5,Yes,0.0,None
09:18:10.724,Active,408.2,2.4,98.2,11.9,76.5,Yes,0.0,None
09:18:11.141,Active,411.2,2.4,99.4,11.9,76.5,Yes,0.0,None
09:18:11.554,Active,407.0,2.4,98.8,11.9,76.5,Yes,0.0,None
09:18:11.968,Active,407.6,2.4,98.8,11.9,75.5,Yes,0.0,None
09:18:12.381,Active,404.5,2.4,98.8,11.9,76.5,Yes,0.0,None
09:18:12.807,Active,419.2,2.4,99.4,11.9,76.5,Yes,0.0,None
09:18:13.223,Active,407.4,2.4,99.4,11.9,76.5,Yes,0.0,None
09:18:13.635,Active,406.0,2.4,99.4,11.9,77.7,Yes,0.0,None
09:18:14.050,Active,409.5,2.4,99.4,11.9,77.1,Yes,0.0,None
09:18:14.468,Active,408.5,2.4,98.2,11.9,76.0,Yes,0.0,None
09:18:14.883,Active,407.0,2.4,98.2,11.9,77.1,Yes,0.0,None
09:18:15.307,Active,415.8,2.4,97.6,11.9,76.5,Yes,0.0,None
09:18:15.719,Active,405.6,2.4,98.8,11.9,77.7,Yes,0.0,None
09:18:16.141,Active,409.9,2.4,97.6,11.8,76.5,Yes,0.0,None
09:18:16.560,Active,412.9,2.4,98.2,11.8,77.7,Yes,0.0,None
09:18:16.976,Active,409.9,2.4,98.8,11.8,76.5,Yes,0.0,None
09:18:17.480,Active,404.8,2.4,80.6,11.8,76.0,Yes,0.0,None
09:18:17.916,Active,428.5,2.4,98.3,11.9,77.7,Yes,0.0,None
09:18:18.332,Active,408.6,2.4,98.8,11.9,77.1,Yes,0.0,None
09:18:18.750,Active,408.2,2.4,98.2,11.9,76.5,Yes,0.0,None
09:18:19.163,Active,406.6,2.4,99.4,11.9,77.1,Yes,0.0,None
09:19:04.602,Active,423.2,2.4,1.1,12.0,59.0,Yes,0.0,None
09:19:05.022,Active,411.1,2.4,98.8,12.0,60.0,Yes,0.0,None
09:19:05.435,Active,404.1,2.4,98.8,12.0,61.1,Yes,0.0,None
09:19:05.847,Active,403.6,2.4,98.8,12.0,62.8,Yes,0.0,None
09:19:06.261,Active,407.8,4.8,99.4,12.0,63.9,Yes,0.0,None
09:19:06.671,Active,404.9,4.8,99.4,11.9,63.9,Yes,0.0,None
09:19:07.087,Active,407.5,4.8,99.4,11.9,64.5,Yes,0.0,None
09:19:07.505,Active,408.1,4.8,98.2,11.9,66.1,Yes,0.0,None
09:19:07.922,Active,408.6,4.8,98.2,11.9,65.5,Yes,0.0,None
09:19:08.340,Active,409.0,4.8,98.2,11.9,66.1,Yes,0.0,None
09:19:08.758,Active,407.9,4.8,97.6,11.9,66.7,Yes,0.0,None
09:19:09.180,Active,411.9,4.8,98.8,12.0,67.8,Yes,0.0,None
09:19:09.600,Active,410.2,4.8,98.2,12.0,67.8,Yes,0.0,None
09:19:10.016,Active,408.2,4.8,98.2,12.0,67.8,Yes,0.0,None
09:19:10.428,Active,406.4,2.4,99.4,12.0,67.8,Yes,0.0,None
09:19:10.840,Active,406.0,2.4,99.4,12.0,69.4,Yes,0.0,None
09:19:11.254,Active,408.3,2.4,99.4,12.0,68.3,Yes,0.0,None
09:19:11.672,Active,408.6,2.4,98.8,12.0,68.3,Yes,0.0,None
09:19:12.088,Active,409.3,2.4,98.8,11.9,68.8,Yes,0.0,None
09:19:12.504,Active,407.4,2.4,98.2,11.9,68.8,Yes,0.0,None
09:19:12.921,Active,406.4,2.4,98.2,11.9,69.4,Yes,0.0,None
09:19:13.341,Active,410.3,2.4,98.2,11.9,70.0,Yes,0.0,None
09:19:13.755,Active,407.2,2.4,98.8,11.9,71.0,Yes,0.0,None
09:19:14.181,Active,413.5,2.4,97.6,12.0,69.4,Yes,0.0,None
09:19:14.597,Active,408.0,2.4,98.2,12.0,71.0,Yes,0.0,None
09:19:15.016,Active,410.2,2.4,98.2,11.9,71.6,Yes,0.0,None
09:19:15.433,Active,409.0,2.4,98.2,11.9,70.5,Yes,0.0,None
09:19:15.848,Active,408.1,2.4,98.8,11.9,71.6,Yes,0.0,None
09:19:16.268,Active,413.9,2.4,98.2,11.9,71.6,Yes,0.0,None
09:19:16.682,Active,409.0,2.4,98.8,11.9,71.0,Yes,0.0,None
09:19:17.098,Active,410.0,2.4,99.4,11.9,71.0,Yes,0.0,None
09:19:17.514,Active,407.9,2.4,98.2,11.9,71.6,Yes,0.0,None
09:19:17.935,Active,411.0,2.4,98.2,11.9,72.2,Yes,0.0,None
09:19:18.361,Active,421.0,2.4,96.5,11.9,71.6,Yes,0.0,None
09:19:18.781,Active,409.8,2.4,98.2,11.9,72.7,Yes,0.0,None
09:19:19.217,Active,427.6,2.4,97.7,11.9,72.7,Yes,0.0,None
09:19:19.632,Active,408.4,2.4,98.8,11.9,72.2,Yes,0.0,None
09:19:20.048,Active,409.5,2.4,99.4,11.9,72.7,Yes,0.0,None
09:19:20.466,Active,407.9,2.4,97.0,11.9,73.2,Yes,0.0,None
09:19:20.882,Active,406.8,2.4,98.8,11.9,72.7,Yes,0.0,None
09:19:21.303,Active,410.0,2.4,97.6,11.9,72.2,Yes,0.0,None
09:19:21.719,Active,408.5,2.4,98.2,11.9,72.7,Yes,0.0,None
09:19:22.137,Active,410.5,2.4,98.8,11.9,72.7,Yes,0.0,None
09:19:22.549,Active,405.6,2.4,98.8,11.9,72.7,Yes,0.0,None
09:19:22.964,Active,408.4,2.4,99.4,11.9,73.2,Yes,0.0,None
09:19:23.380,Active,407.5,2.4,98.8,11.9,72.7,Yes,0.0,None
09:19:23.800,Active,412.2,2.4,98.2,11.9,72.7,Yes,0.0,None
09:19:24.242,Active,434.1,2.4,98.3,11.9,72.7,Yes,0.0,None
09:19:24.659,Active,407.5,2.4,98.2,11.9,72.7,Yes,0.0,None
09:19:25.086,Active,418.2,2.4,97.6,11.9,73.8,Yes,0.0,None
09:19:25.509,Active,413.4,2.4,97.6,11.9,74.3,Yes,0.0,None
09:19:25.923,Active,408.1,2.4,98.8,11.9,73.2,Yes,0.0,None
09:19:26.339,Active,407.8,2.4,98.2,11.9,73.2,Yes,0.0,None
09:19:26.751,Active,405.7,2.4,99.4,11.9,73.2,Yes,0.0,None
09:19:27.164,Active,405.9,2.4,99.4,11.9,74.9,Yes,0.0,None
09:19:27.578,Active,407.0,2.4,99.4,11.9,74.3,Yes,0.0,None
09:19:27.995,Active,407.5,2.4,98.2,11.9,74.3,Yes,0.0,None
09:19:28.406,Active,405.6,2.4,99.4,11.9,74.3,Yes,0.0,None
09:19:28.818,Active,405.9,2.4,99.4,11.9,74.3,Yes,0.0,None
09:19:29.232,Active,407.4,2.4,99.4,11.9,74.3,Yes,0.0,None
09:19:29.649,Active,407.0,2.4,98.2,11.9,73.8,Yes,0.0,None
09:19:30.068,Active,409.4,2.4,98.2,11.9,74.3,Yes,0.0,None
09:19:30.496,Active,417.8,2.4,98.2,11.9,74.3,Yes,0.0,None
09:19:30.925,Active,421.8,2.4,97.1,11.8,73.2,Yes,0.0,None
09:19:31.344,Active,412.7,2.4,98.2,11.8,73.2,Yes,0.0,None
09:19:31.757,Active,406.1,2.4,98.2,11.8,74.9,Yes,0.0,None
09:19:32.177,Active,409.7,2.4,98.2,11.8,75.5,Yes,0.0,None
09:19:32.592,Active,407.5,2.4,98.8,11.8,74.9,Yes,0.0,None
09:19:33.013,Active,411.4,2.4,97.0,11.9,74.3,Yes,0.0,None
09:19:33.431,Active,408.3,2.4,98.2,11.8,74.9,Yes,0.0,None
09:19:33.860,Active,420.8,2.4,96.5,11.8,74.9,Yes,0.0,None
09:19:34.317,Active,449.2,2.4,97.2,11.9,74.9,Yes,0.0,None
09:19:34.736,Active,412.8,2.4,98.8,11.9,74.9,Yes,0.0,None
09:19:35.155,Active,411.6,2.4,97.6,11.9,74.9,Yes,0.0,None
09:19:35.570,Active,406.6,2.4,98.8,11.9,75.5,Yes,0.0,None
09:19:35.985,Active,408.4,2.4,98.8,11.9,75.5,Yes,0.0,None
09:19:36.406,Active,413.7,2.4,97.6,11.9,74.9,Yes,0.0,None
09:19:36.835,Active,419.8,2.4,96.5,11.9,74.9,Yes,0.0,None
09:19:37.252,Active,410.6,2.4,98.8,11.9,75.5,Yes,0.0,None
09:19:37.679,Active,419.2,2.4,96.5,11.9,75.5,Yes,0.0,None
09:19:38.101,Active,414.0,2.4,98.2,11.9,75.5,Yes,0.0,None
09:19:38.530,Active,418.6,2.4,96.5,11.9,74.9,Yes,0.0,None
09:19:38.947,Active,407.5,2.4,97.6,11.9,76.0,Yes,0.0,None
09:19:39.378,Active,422.0,2.4,98.2,11.9,75.5,Yes,0.0,None
09:19:39.794,Active,406.5,2.4,98.2,11.9,74.9,Yes,0.0,None
09:19:40.212,Active,409.2,2.4,98.2,11.9,75.5,Yes,0.0,None
09:19:40.627,Active,407.8,2.4,98.8,11.9,76.5,Yes,0.0,None
09:19:41.043,Active,409.2,2.4,98.8,11.9,76.0,Yes,0.0,None
09:19:41.467,Active,415.8,2.4,97.6,11.9,75.5,Yes,0.0,None
09:19:41.888,Active,414.8,2.4,97.6,11.9,76.0,Yes,0.0,None
09:19:42.305,Active,409.3,2.4,98.8,11.9,76.5,Yes,0.0,None
09:19:42.718,Active,407.0,2.4,98.8,11.9,76.0,Yes,0.0,None
09:19:43.135,Active,410.8,2.4,98.8,11.9,76.0,Yes,0.0,None
09:19:43.559,Active,415.4,2.4,97.6,11.9,76.0,Yes,0.0,None
09:19:43.992,Active,424.5,2.4,96.5,11.9,74.9,Yes,0.0,None
09:19:44.445,Active,446.7,2.4,94.9,11.9,76.0,Yes,0.0,None
09:19:44.860,Active,408.0,2.4,98.2,12.0,75.5,Yes,0.0,None
09:19:45.279,Active,410.5,2.4,98.2,11.9,76.0,Yes,0.0,None
09:19:45.695,Active,407.8,2.4,98.2,11.9,76.0,Yes,0.0,None
09:19:46.113,Active,411.8,2.4,99.4,11.9,77.1,Yes,0.0,None
09:19:46.528,Active,408.4,2.4,98.2,12.0,76.0,Yes,0.0,None
09:19:46.944,Active,408.9,2.4,98.2,12.0,76.0,Yes,0.0,None
09:19:47.360,Active,408.5,2.4,98.8,12.0,76.0,Yes,0.0,None
09:19:47.776,Active,408.2,2.4,98.8,11.9,76.0,Yes,0.0,None
09:19:48.201,Active,417.3,2.4,97.0,11.9,76.0,Yes,0.0,None
09:19:48.614,Active,406.9,2.4,99.4,11.9,76.0,Yes,0.0,None
09:19:49.031,Active,410.5,2.4,98.8,11.9,76.5,Yes,0.0,None
09:19:49.471,Active,432.1,2.4,98.3,11.9,76.0,Yes,0.0,None
09:19:49.887,Active,409.8,2.4,98.2,12.0,76.5,Yes,0.0,None
09:19:50.304,Active,409.0,2.4,98.2,12.0,76.5,Yes,0.0,None
09:19:50.730,Active,419.0,2.4,97.6,12.0,76.5,Yes,0.0,None
09:19:51.165,Active,427.4,2.4,95.3,12.0,76.5,Yes,0.0,None
09:19:51.580,Active,408.4,2.4,98.2,12.0,76.0,Yes,0.0,None
09:19:51.996,Active,410.3,2.4,98.8,12.0,76.5,Yes,0.0,None
09:19:52.410,Active,406.6,2.4,98.8,11.9,77.1,Yes,0.0,None
09:19:52.827,Active,408.0,2.4,98.2,11.9,77.1,Yes,0.0,None
09:19:53.247,Active,411.2,2.4,98.2,11.9,76.5,Yes,0.0,None
09:19:53.663,Active,407.1,2.4,98.2,11.9,76.5,Yes,0.0,None
09:19:54.078,Active,408.8,2.4,99.4,11.9,76.5,Yes,0.0,None
09:19:54.496,Active,408.9,2.4,97.6,11.9,76.5,Yes,0.0,None
09:19:54.930,Active,426.8,2.4,98.9,12.0,76.5,Yes,0.0,None
09:19:55.354,Active,415.2,2.4,97.6,12.0,77.1,Yes,0.0,None
09:19:55.772,Active,408.9,2.4,98.2,12.0,77.1,Yes,0.0,None
09:19:56.188,Active,408.7,2.4,98.8,12.0,77.1,Yes,0.0,None
09:19:56.603,Active,407.7,2.4,99.4,12.0,77.1,Yes,0.0,None
09:19:57.021,Active,409.2,2.4,98.2,11.9,77.1,Yes,0.0,None
09:19:57.437,Active,409.7,2.4,99.4,12.0,77.7,Yes,0.0,None
09:19:57.850,Active,407.0,2.4,98.8,11.9,76.5,Yes,0.0,None
09:19:58.266,Active,409.5,2.4,98.8,11.9,77.1,Yes,0.0,None
09:19:58.683,Active,407.2,2.4,97.6,11.9,76.5,Yes,0.0,None
09:19:59.099,Active,409.4,2.4,98.8,11.9,78.8,Yes,0.0,None
09:19:59.515,Active,407.6,2.4,98.8,11.9,76.5,Yes,0.0,None
09:19:59.927,Active,404.8,2.4,98.8,11.9,77.1,Yes,0.0,None
09:20:00.343,Active,409.2,2.4,99.4,11.9,77.1,Yes,0.0,None
09:20:00.755,Active,406.0,2.4,99.4,11.9,78.2,Yes,0.0,None
09:20:01.171,Active,409.1,2.4,99.4,11.9,77.1,Yes,0.0,None
09:20:01.586,Active,409.4,2.4,98.8,11.9,76.5,Yes,0.0,None
09:20:02.003,Active,410.5,2.4,98.8,11.9,77.1,Yes,0.0,None
09:20:02.418,Active,408.6,2.4,99.4,11.9,77.1,Yes,0.0,None
09:20:02.833,Active,406.3,2.4,98.2,11.9,76.5,Yes,0.0,None
09:20:03.250,Active,407.5,2.4,98.2,11.9,77.1,Yes,0.0,None
09:20:03.664,Active,407.7,2.4,98.8,11.9,77.1,Yes,0.0,None
09:20:04.084,Active,410.8,2.4,97.6,11.9,77.1,Yes,0.0,None
09:20:04.499,Active,407.9,2.4,98.8,11.9,77.1,Yes,0.0,None
09:20:49.940,Active,426.7,23.1,1.4,11.9,60.0,Yes,0.0,None
09:20:50.372,Active,426.4,23.1,98.2,11.9,60.0,Yes,0.0,None
09:20:50.786,Active,407.6,23.1,98.8,11.9,61.1,Yes,0.0,None
09:20:51.205,Active,413.1,23.1,98.8,12.0,63.4,Yes,0.0,None
09:20:51.624,Active,408.4,23.1,97.6,12.0,63.4,Yes,0.0,None
09:20:52.037,Active,406.8,23.1,99.4,12.0,64.5,Yes,0.0,None
09:20:52.448,Active,405.2,23.1,99.4,12.0,65.0,Yes,0.0,None
09:20:52.862,Active,408.7,23.1,99.4,12.0,65.5,Yes,0.0,None
09:20:53.279,Active,411.0,23.1,98.8,11.9,65.5,Yes,0.0,None
09:20:53.696,Active,408.6,23.1,98.2,11.9,66.7,Yes,0.0,None
09:20:54.114,Active,410.9,2.4,97.6,11.9,67.2,Yes,0.0,None
09:20:54.531,Active,407.2,2.4,98.8,11.9,67.2,Yes,0.0,None
09:20:54.950,Active,410.1,2.4,97.6,11.9,67.2,Yes,0.0,None
09:20:55.370,Active,410.6,2.4,98.2,11.9,67.8,Yes,0.0,None
09:20:55.819,Active,439.4,2.4,97.2,11.9,68.8,Yes,0.0,None
09:20:56.236,Active,410.6,2.4,98.8,11.9,68.3,Yes,0.0,None
09:20:56.651,Active,409.4,2.4,98.8,11.9,68.8,Yes,0.0,None
09:20:57.068,Active,409.1,2.4,98.8,11.9,69.4,Yes,0.0,None
09:20:57.486,Active,411.0,2.4,98.8,11.9,69.4,Yes,0.0,None
09:20:57.902,Active,410.0,2.4,98.8,11.9,70.0,Yes,0.0,None
09:20:58.321,Active,409.4,2.4,98.2,11.9,70.5,Yes,0.0,None
09:20:58.735,Active,407.9,2.4,98.8,11.9,70.5,Yes,0.0,None
09:20:59.155,Active,411.5,2.4,98.8,11.9,70.5,Yes,0.0,None
09:20:59.567,Active,406.2,2.4,98.8,11.9,71.0,Yes,0.0,None
09:20:59.983,Active,409.6,2.4,98.8,11.9,70.5,Yes,0.0,None
09:21:00.394,Active,405.3,2.4,99.4,11.9,71.0,Yes,0.0,None
09:21:00.806,Active,406.0,2.4,99.4,11.9,70.5,Yes,0.0,None
09:21:01.222,Active,408.3,2.4,98.8,11.9,71.6,Yes,0.0,None
09:21:01.635,Active,406.9,2.4,98.8,11.9,72.2,Yes,0.0,None
09:21:02.053,Active,411.7,2.4,99.4,11.9,72.7,Yes,0.0,None
09:21:02.469,Active,409.5,2.4,98.2,11.9,71.6,Yes,0.0,None
09:21:02.884,Active,408.6,2.4,99.4,11.9,71.0,Yes,0.0,None
09:21:03.299,Active,407.0,2.4,98.8,11.9,71.0,Yes,0.0,None
09:21:03.711,Active,406.9,2.4,98.8,11.9,71.6,Yes,0.0,None
09:21:04.132,Active,414.8,2.4,98.8,11.9,72.2,Yes,0.0,None
09:21:04.547,Active,407.4,2.4,98.2,11.8,72.2,Yes,0.0,None
09:21:04.966,Active,409.8,2.4,97.0,11.8,72.7,Yes,0.0,None
09:21:05.385,Active,408.9,2.4,98.2,11.8,72.7,Yes,0.0,None
09:21:05.843,Active,449.7,2.4,97.3,11.9,72.7,Yes,0.0,None
09:21:06.263,Active,410.6,2.4,98.2,11.9,72.7,Yes,0.0,None
09:21:06.680,Active,408.0,2.4,97.6,11.9,73.8,Yes,0.0,None
09:21:07.100,Active,410.0,2.4,98.2,11.9,72.7,Yes,0.0,None
09:21:07.517,Active,407.8,2.4,98.2,11.9,72.7,Yes,0.0,None
09:21:07.935,Active,408.0,2.4,98.2,11.9,73.8,Yes,0.0,None
09:21:08.354,Active,409.3,2.4,97.6,11.9,73.2,Yes,0.0,None
09:21:08.773,Active,410.8,2.4,98.8,11.9,73.2,Yes,0.0,None
09:21:09.194,Active,412.8,2.4,97.0,11.9,73.8,Yes,0.0,None
09:21:09.613,Active,409.3,2.4,98.2,11.9,73.8,Yes,0.0,None
09:21:10.032,Active,410.4,2.4,98.2,11.9,72.7,Yes,0.0,None
09:21:10.448,Active,406.7,2.4,98.2,11.9,73.8,Yes,0.0,None
09:21:10.875,Active,417.2,2.4,98.2,11.9,73.8,Yes,0.0,None
09:21:11.291,Active,409.2,2.4,98.8,11.9,73.8,Yes,0.0,None
09:21:11.709,Active,406.9,2.4,98.2,11.9,73.8,Yes,0.0,None
09:21:12.127,Active,408.8,2.4,98.2,11.9,73.2,Yes,0.0,None
09:21:12.555,Active,417.5,2.4,95.9,11.9,74.3,Yes,0.0,None
09:21:12.969,Active,407.7,2.4,99.4,11.9,73.8,Yes,0.0,None
09:21:13.385,Active,407.3,2.4,97.6,11.9,74.3,Yes,0.0,None
09:21:13.799,Active,405.5,2.4,98.2,11.9,74.3,Yes,0.0,None
09:21:14.216,Active,409.6,2.4,99.4,11.9,73.8,Yes,0.0,None
09:21:14.632,Active,406.9,2.4,97.6,11.9,74.3,Yes,0.0,None
09:21:15.052,Active,410.5,2.4,98.2,11.9,74.3,Yes,0.0,None
09:21:15.468,Active,406.2,2.4,98.2,11.9,74.3,Yes,0.0,None
09:21:15.899,Active,422.4,2.4,98.8,11.9,74.3,Yes,0.0,None
09:21:16.318,Active,410.5,2.4,98.2,11.9,74.3,Yes,0.0,None
09:21:16.736,Active,408.1,2.4,98.2,11.9,74.3,Yes,0.0,None
09:21:17.152,Active,408.3,2.4,98.2,11.9,74.9,Yes,0.0,None
09:21:17.566,Active,406.9,2.4,98.8,11.9,74.3,Yes,0.0,None
09:21:17.984,Active,409.0,2.4,98.8,11.9,76.0,Yes,0.0,None
09:21:18.402,Active,410.9,2.4,98.2,11.9,74.9,Yes,0.0,None
09:21:18.819,Active,407.5,2.4,98.2,11.9,74.9,Yes,0.0,None
09:21:19.237,Active,411.4,2.4,98.8,11.8,76.0,Yes,0.0,None
09:21:19.652,Active,408.9,2.4,98.8,11.8,75.5,Yes,0.0,None
09:21:20.077,Active,417.5,2.4,98.8,11.8,75.5,Yes,0.0,None
09:21:20.491,Active,407.9,2.4,98.8,11.8,75.5,Yes,0.0,None
09:21:20.933,Active,429.4,2.4,97.1,11.9,74.9,Yes,0.0,None
09:21:21.353,Active,412.3,2.4,98.2,11.9,75.5,Yes,0.0,None
09:21:21.799,Active,439.5,2.4,93.8,11.9,75.5,Yes,0.0,None
09:21:22.233,Active,425.2,2.4,95.9,11.9,74.9,Yes,0.0,None
09:21:22.648,Active,409.4,2.4,98.8,11.9,76.0,Yes,0.0,None
09:21:23.065,Active,409.9,2.4,98.8,11.9,75.5,Yes,0.0,None
09:21:23.484,Active,409.9,2.4,97.6,11.9,76.5,Yes,0.0,None
09:21:23.899,Active,407.9,2.4,98.8,11.9,75.5,Yes,0.0,None
09:21:24.317,Active,411.7,2.4,98.8,11.9,76.0,Yes,0.0,None
09:21:24.732,Active,408.6,2.4,98.8,11.9,74.9,Yes,0.0,None
09:21:25.150,Active,411.9,2.4,98.8,11.9,76.5,Yes,0.0,None
09:21:25.568,Active,408.4,2.4,97.6,11.9,76.0,Yes,0.0,None
09:21:25.985,Active,410.5,2.4,98.8,11.9,76.0,Yes,0.0,None
09:21:26.414,Active,423.7,2.4,99.4,11.9,75.5,Yes,0.0,None
09:21:26.832,Active,408.5,2.4,97.0,11.9,75.5,Yes,0.0,None
09:21:27.251,Active,409.3,2.4,98.8,11.9,76.0,Yes,0.0,None
09:21:27.669,Active,408.6,2.4,97.6,11.9,76.0,Yes,0.0,None
09:21:28.087,Active,408.7,2.4,98.8,11.9,74.9,Yes,0.0,None
09:21:28.504,Active,407.3,2.4,97.6,11.9,76.0,Yes,0.0,None
09:21:28.920,Active,406.3,2.4,98.2,11.9,76.5,Yes,0.0,None
09:21:29.336,Active,409.0,2.4,98.8,11.9,76.5,Yes,0.0,None
09:21:29.752,Active,405.9,2.4,98.2,11.9,76.0,Yes,0.0,None
09:21:30.171,Active,409.0,2.4,97.6,11.9,76.0,Yes,0.0,None
09:21:30.599,Active,418.1,2.4,98.2,11.8,76.0,Yes,0.0,None
09:21:31.018,Active,409.5,2.4,98.2,11.9,76.5,Yes,0.0,None
09:21:31.437,Active,409.7,2.4,98.2,11.9,76.5,Yes,0.0,None
09:21:31.851,Active,408.2,2.4,98.2,11.9,76.0,Yes,0.0,None
09:21:32.272,Active,412.5,2.4,98.8,11.9,77.1,Yes,0.0,None
09:21:32.688,Active,408.4,2.4,98.2,11.9,75.5,Yes,0.0,None
09:21:33.103,Active,407.9,2.4,99.4,11.8,76.0,Yes,0.0,None
09:21:33.518,Active,409.0,2.4,99.4,11.8,76.5,Yes,0.0,None
09:21:33.931,Active,406.2,2.4,98.2,11.8,76.5,Yes,0.0,None
09:21:34.345,Active,408.6,2.4,98.2,11.8,76.5,Yes,0.0,None
09:21:34.773,Active,418.4,2.4,97.1,11.8,76.5,Yes,0.0,None
09:21:35.191,Active,411.7,2.4,98.8,11.9,76.0,Yes,0.0,None
09:21:35.607,Active,408.1,2.4,98.2,11.8,76.5,Yes,0.0,None
09:21:36.032,Active,417.9,2.4,98.2,11.8,76.0,Yes,0.0,None
09:21:36.485,Active,447.0,2.4,98.3,11.9,76.5,Yes,0.0,None
09:21:36.926,Active,434.6,2.4,94.9,11.9,76.5,Yes,0.0,None
09:21:37.342,Active,409.4,2.4,98.8,11.9,77.1,Yes,0.0,None
09:21:37.759,Active,407.5,2.4,98.2,11.9,76.5,Yes,0.0,None
09:21:38.175,Active,410.3,2.4,98.8,11.9,76.0,Yes,0.0,None
09:21:38.607,Active,419.4,2.4,97.7,11.9,77.1,Yes,0.0,None
09:21:39.027,Active,410.1,2.4,98.2,11.9,76.5,Yes,0.0,None
09:21:39.445,Active,407.8,2.4,97.6,11.8,76.0,Yes,0.0,None
09:21:39.860,Active,408.6,2.4,98.8,11.8,76.5,Yes,0.0,None
09:21:40.287,Active,419.4,2.4,97.7,11.8,76.5,Yes,0.0,None
09:21:40.702,Active,408.3,2.4,98.8,11.8,76.5,Yes,0.0,None
09:21:41.130,Active,418.9,2.4,97.7,11.8,77.1,Yes,0.0,None
09:21:41.566,Active,427.1,2.4,97.1,11.9,77.1,Yes,0.0,None
09:21:41.984,Active,408.5,2.4,98.2,11.9,76.5,Yes,0.0,None
09:21:42.395,Active,402.1,2.4,99.4,11.9,77.1,Yes,0.0,None
09:21:42.805,Active,402.9,2.4,99.4,11.9,77.1,Yes,0.0,None
09:21:43.219,Active,407.7,2.4,99.4,11.9,77.1,Yes,0.0,None
09:21:43.631,Active,403.5,2.4,98.8,11.9,78.2,Yes,0.0,None
09:21:44.050,Active,408.7,2.4,98.8,11.9,77.7,Yes,0.0,None
09:21:44.465,Active,408.8,2.4,99.4,11.9,76.5,Yes,0.0,None
09:21:44.881,Active,409.7,2.4,98.2,11.9,76.0,Yes,0.0,None
09:21:45.297,Active,410.0,2.4,98.8,11.9,76.5,Yes,0.0,None
09:21:45.810,Active,405.9,2.4,79.4,11.9,76.5,Yes,0.0,None
09:21:46.235,Active,415.5,2.4,97.7,11.9,76.5,Yes,0.0,None
09:21:46.668,Active,427.0,2.4,99.4,11.9,76.5,Yes,0.0,None
09:21:47.083,Active,409.1,2.4,98.8,11.9,77.1,Yes,0.0,None
09:21:47.501,Active,409.4,2.4,98.2,11.9,76.5,Yes,0.0,None
09:21:47.914,Active,407.4,2.4,98.8,11.9,77.7,Yes,0.0,None
09:21:48.347,Active,423.7,2.4,95.9,11.9,77.1,Yes,0.0,None
09:21:48.764,Active,408.0,2.3,98.2,11.9,76.5,Yes,0.0,None
09:21:49.180,Active,410.3,2.3,98.8,11.9,77.1,Yes,0.0,None
09:21:49.601,Active,413.0,2.3,98.2,11.9,76.5,Yes,0.0,None
09:22:35.034,Active,416.9,2.3,1.1,11.8,58.4,Yes,0.0,None
09:22:35.446,Active,405.5,2.3,99.4,11.9,60.0,Yes,0.0,None
09:22:35.856,Active,403.9,2.3,99.4,11.9,61.1,Yes,0.0,None
09:22:36.271,Active,407.2,2.3,99.4,11.9,62.8,Yes,0.0,None
09:22:36.686,Active,407.0,2.3,99.4,11.9,62.8,Yes,0.0,None
09:22:37.135,Active,438.3,2.3,97.8,11.9,64.5,Yes,0.0,None
09:22:37.582,Active,438.6,2.3,94.9,11.9,65.5,Yes,0.0,None
09:22:38.010,Active,418.9,2.9,96.5,12.0,65.0,Yes,0.0,None
09:22:38.428,Active,409.0,2.9,98.8,12.0,65.5,Yes,0.0,None
09:22:38.845,Active,409.7,2.9,98.8,12.0,66.7,Yes,0.0,None
09:22:39.261,Active,409.4,2.9,98.2,12.0,67.2,Yes,0.0,None
09:22:39.677,Active,409.2,2.9,98.2,12.0,67.2,Yes,0.0,None
09:22:40.097,Active,413.0,2.9,98.8,12.0,67.2,Yes,0.0,None
09:22:40.515,Active,411.3,2.9,98.2,12.0,67.2,Yes,0.0,None
09:22:40.929,Active,406.1,2.9,98.2,11.9,68.3,Yes,0.0,None
09:22:41.350,Active,411.9,2.9,97.6,11.9,67.8,Yes,0.0,None
09:22:41.771,Active,411.8,2.9,98.2,11.9,68.3,Yes,0.0,None
09:22:42.188,Active,408.6,2.4,98.8,11.9,68.8,Yes,0.0,None
09:22:42.611,Active,416.9,2.4,98.8,11.9,69.4,Yes,0.0,None
09:22:43.031,Active,411.4,2.4,98.2,11.9,69.4,Yes,0.0,None
09:22:43.453,Active,409.6,2.4,97.6,11.9,70.0,Yes,0.0,None
09:22:43.869,Active,409.4,2.4,98.8,11.9,70.0,Yes,0.0,None
09:22:44.287,Active,411.9,2.4,98.2,11.9,71.0,Yes,0.0,None
09:22:44.702,Active,407.0,2.4,98.8,11.9,70.0,Yes,0.0,None
09:22:45.119,Active,411.2,2.4,98.8,11.9,71.0,Yes,0.0,None
09:22:45.533,Active,406.6,2.4,98.8,11.9,71.6,Yes,0.0,None
09:22:45.964,Active,424.5,2.4,97.7,11.9,71.0,Yes,0.0,None
09:22:46.387,Active,415.2,2.4,97.0,11.9,71.0,Yes,0.0,None
09:22:46.815,Active,422.2,2.4,96.5,11.9,71.0,Yes,0.0,None
09:22:47.232,Active,408.3,2.4,98.8,11.8,71.6,Yes,0.0,None
09:22:47.659,Active,419.4,2.4,98.8,11.9,73.2,Yes,0.0,None
09:22:48.075,Active,410.7,2.4,99.4,11.9,72.2,Yes,0.0,None
09:22:48.493,Active,410.0,2.4,97.0,11.9,72.2,Yes,0.0,None
09:22:48.908,Active,408.1,2.4,99.4,11.9,72.2,Yes,0.0,None
09:22:49.327,Active,411.3,2.4,98.8,11.9,72.2,Yes,0.0,None
09:22:49.741,Active,405.8,2.4,98.2,11.9,72.7,Yes,0.0,None
09:22:50.162,Active,411.5,2.4,98.2,11.9,72.2,Yes,0.0,None
09:22:50.580,Active,408.1,2.4,97.6,11.9,73.8,Yes,0.0,None
09:22:50.995,Active,409.0,2.4,98.8,11.9,72.2,Yes,0.0,None
09:22:51.415,Active,409.9,2.4,98.2,11.9,72.2,Yes,0.0,None
09:22:51.832,Active,410.1,2.4,98.2,11.9,73.8,Yes,0.0,None
09:22:52.253,Active,413.5,2.4,98.2,11.9,72.2,Yes,0.0,None
09:22:52.688,Active,429.4,2.4,98.3,11.9,73.2,Yes,0.0,None
09:22:53.105,Active,409.7,2.4,97.6,11.9,72.7,Yes,0.0,None
09:22:53.521,Active,406.3,2.4,98.8,11.9,72.7,Yes,0.0,None
09:22:53.937,Active,409.6,2.4,98.8,11.9,73.2,Yes,0.0,None
09:22:54.354,Active,410.7,2.4,98.2,11.9,73.2,Yes,0.0,None
09:22:54.772,Active,408.2,2.4,98.2,11.9,73.2,Yes,0.0,None
09:22:55.188,Active,408.8,2.4,98.8,11.9,73.8,Yes,0.0,None
09:22:55.602,Active,406.9,2.4,98.8,11.9,73.8,Yes,0.0,None
09:22:56.019,Active,408.2,2.4,98.2,11.9,73.8,Yes,0.0,None
09:22:56.438,Active,408.5,2.4,97.6,11.9,73.8,Yes,0.0,None
09:22:56.856,Active,411.4,2.4,98.2,11.9,73.8,Yes,0.0,None
09:22:57.280,Active,416.7,2.4,97.0,11.9,74.3,Yes,0.0,None
09:22:57.717,Active,430.4,2.4,99.4,11.9,74.3,Yes,0.0,None
09:22:58.139,Active,416.2,2.4,98.2,11.9,74.3,Yes,0.0,None
09:22:58.555,Active,407.3,2.4,98.8,11.9,74.9,Yes,0.0,None
09:22:58.975,Active,411.1,2.4,98.2,11.9,73.8,Yes,0.0,None
09:22:59.394,Active,411.0,2.4,98.2,11.9,74.3,Yes,0.0,None
09:22:59.813,Active,409.0,2.4,97.0,11.9,74.9,Yes,0.0,None
09:23:00.230,Active,410.8,2.4,98.8,11.9,74.9,Yes,0.0,None
09:23:00.644,Active,408.0,2.4,99.4,11.9,74.9,Yes,0.0,None
09:23:01.064,Active,412.3,2.4,98.2,11.9,74.3,Yes,0.0,None
09:23:01.481,Active,409.7,2.4,98.2,11.9,74.9,Yes,0.0,None
09:23:01.896,Active,408.8,2.4,98.2,11.9,74.9,Yes,0.0,None
09:23:02.310,Active,406.1,2.4,98.8,11.9,74.9,Yes,0.0,None
09:23:02.720,Active,404.0,2.4,100.0,11.9,74.3,Yes,0.0,None
09:23:03.137,Active,409.7,2.4,99.4,11.9,74.9,Yes,0.0,None
09:23:03.551,Active,408.1,2.4,98.8,11.9,74.9,Yes,0.0,None
09:23:03.964,Active,407.0,2.4,98.2,11.8,75.5,Yes,0.0,None
09:23:04.383,Active,407.9,2.4,98.2,11.8,74.9,Yes,0.0,None
09:23:04.797,Active,406.6,2.4,98.8,11.8,75.5,Yes,0.0,None
09:23:05.221,Active,417.5,2.4,98.8,11.8,74.9,Yes,0.0,None
09:23:05.631,Active,403.6,2.4,98.8,11.8,76.0,Yes,0.0,None
09:23:06.045,Active,408.2,2.4,100.0,11.8,74.9,Yes,0.0,None
09:23:06.457,Active,405.3,2.4,99.4,11.8,75.5,Yes,0.0,None
09:23:06.880,Active,412.4,2.4,98.2,11.8,75.5,Yes,0.0,None
09:23:07.300,Active,412.8,2.4,98.2,11.8,76.0,Yes,0.0,None
09:23:07.846,Active,438.1,2.4,80.4,11.9,74.3,Yes,0.0,None
09:23:08.264,Active,411.9,2.4,99.4,11.9,74.3,Yes,0.0,None
09:23:08.677,Active,406.0,2.4,98.8,11.9,75.5,Yes,0.0,None
09:23:09.097,Active,413.0,2.4,99.4,11.9,74.9,Yes,0.0,None
09:23:09.509,Active,405.4,2.4,98.8,11.9,76.0,Yes,0.0,None
09:23:09.924,Active,408.5,2.4,99.4,11.9,75.5,Yes,0.0,None
09:23:10.349,Active,419.5,2.4,97.6,11.9,75.5,Yes,0.0,None
09:23:10.767,Active,407.7,2.4,97.6,11.9,75.5,Yes,0.0,None
09:23:11.185,Active,411.8,2.4,99.4,11.9,74.9,Yes,0.0,None
09:23:11.599,Active,407.8,2.3,98.2,11.9,75.5,Yes,0.0,None
09:23:12.018,Active,408.7,2.3,98.2,11.9,74.9,Yes,0.0,None
09:23:12.437,Active,409.3,2.3,97.6,11.9,75.5,Yes,0.0,None
09:23:12.860,Active,416.1,2.3,98.8,11.9,75.5,Yes,0.0,None
09:23:13.280,Active,410.8,2.3,97.6,11.9,75.5,Yes,0.0,None
09:23:13.698,Active,408.5,2.3,98.2,11.9,76.0,Yes,0.0,None
09:23:14.120,Active,412.7,2.3,98.2,11.9,75.5,Yes,0.0,None
09:23:14.533,Active,405.6,2.3,98.2,11.8,76.0,Yes,0.0,None
09:23:14.949,Active,409.7,2.3,99.4,11.8,75.5,Yes,0.0,None
09:23:15.374,Active,418.5,2.3,97.1,11.8,76.5,Yes,0.0,None
09:23:15.791,Active,407.1,2.4,97.6,11.8,76.0,Yes,0.0,None
09:23:16.211,Active,411.4,2.4,98.2,11.8,76.0,Yes,0.0,None
09:23:16.623,Active,403.4,2.4,98.8,11.8,76.0,Yes,0.0,None
09:23:17.039,Active,407.2,2.4,98.8,11.8,76.0,Yes,0.0,None
09:23:17.451,Active,406.2,2.4,99.4,11.8,74.9,Yes,0.0,None
09:23:17.883,Active,426.6,2.4,99.4,11.9,76.0,Yes,0.0,None
09:23:18.301,Active,409.3,2.4,98.8,11.9,76.5,Yes,0.0,None
09:23:18.840,Active,428.1,2.4,77.7,11.9,75.5,Yes,0.0,None
09:23:19.272,Active,424.4,2.4,96.5,11.9,75.5,Yes,0.0,None
09:23:19.689,Active,409.0,2.4,98.2,11.9,76.0,Yes,0.0,None
09:23:20.109,Active,413.4,2.3,98.8,11.9,76.0,Yes,0.0,None
09:23:20.524,Active,408.8,2.3,98.8,11.9,76.5,Yes,0.0,None
09:23:20.938,Active,406.9,2.3,98.8,11.9,75.5,Yes,0.0,None
09:23:21.385,Active,437.1,2.3,93.7,11.9,76.0,Yes,0.0,None
09:23:21.800,Active,408.4,2.3,98.8,11.9,76.5,Yes,0.0,None
09:23:22.217,Active,410.4,2.3,98.8,11.9,76.5,Yes,0.0,None
09:23:22.632,Active,408.9,2.3,98.8,11.9,76.5,Yes,0.0,None
09:23:23.066,Active,426.1,2.3,97.7,12.0,76.0,Yes,0.0,None
09:23:23.487,Active,410.2,2.3,97.6,12.0,76.0,Yes,0.0,None
09:23:23.903,Active,408.1,2.3,98.8,12.0,76.5,Yes,0.0,None
09:23:24.320,Active,410.1,2.4,98.8,12.0,76.0,Yes,0.0,None
09:23:24.732,Active,406.5,2.4,99.4,12.0,76.5,Yes,0.0,None
09:23:25.150,Active,410.9,2.4,98.8,11.9,77.1,Yes,0.0,None
09:23:25.563,Active,406.5,2.4,99.4,11.9,76.5,Yes,0.0,None
09:23:25.979,Active,409.8,2.4,99.4,11.9,76.5,Yes,0.0,None
09:23:26.396,Active,408.1,2.4,98.8,11.9,76.5,Yes,0.0,None
09:23:26.814,Active,410.0,2.4,98.2,11.9,76.0,Yes,0.0,None
09:23:27.233,Active,411.4,2.4,97.6,11.9,76.0,Yes,0.0,None
09:23:27.648,Active,408.7,2.4,98.8,11.9,76.5,Yes,0.0,None
09:23:28.083,Active,427.8,2.4,98.9,11.9,76.5,Yes,0.0,None
09:23:28.503,Active,412.9,2.4,97.6,11.9,76.5,Yes,0.0,None
09:23:28.921,Active,411.9,2.4,98.8,11.9,77.1,Yes,0.0,None
09:23:29.339,Active,411.2,2.4,98.2,11.9,76.5,Yes,0.0,None
09:23:29.755,Active,408.0,2.4,98.2,11.9,78.2,Yes,0.0,None
09:23:30.180,Active,417.4,2.4,97.6,11.9,76.5,Yes,0.0,None
09:23:30.604,Active,416.9,2.4,98.2,11.9,77.1,Yes,0.0,None
09:23:31.021,Active,410.2,2.4,98.8,11.9,76.5,Yes,0.0,None
09:23:31.433,Active,405.0,2.4,99.4,11.9,77.1,Yes,0.0,None
09:23:31.844,Active,405.1,2.4,99.4,11.9,77.1,Yes,0.0,None
09:23:32.259,Active,407.5,2.4,99.4,11.9,77.7,Yes,0.0,None
09:23:32.675,Active,407.3,2.4,99.4,11.9,77.7,Yes,0.0,None
09:23:33.091,Active,410.0,2.4,98.8,11.9,77.1,Yes,0.0,None
09:23:33.506,Active,408.3,2.4,99.4,11.9,77.1,Yes,0.0,None
09:23:33.921,Active,408.4,2.4,98.2,11.9,77.7,Yes,0.0,None
09:23:34.337,Active,410.5,2.4,99.4,11.9,77.1,Yes,0.0,None
09:23:34.753,Active,409.2,2.4,97.6,11.9,77.1,Yes,0.0,None
09:24:20.207,Active,439.2,2.4,1.4,12.0,59.0,Yes,0.0,None
09:24:20.623,Active,407.7,2.4,98.2,12.0,59.5,Yes,0.0,None
09:24:21.039,Active,409.3,2.4,98.8,12.0,61.1,Yes,0.0,None
09:24:21.451,Active,406.8,2.4,99.4,12.0,62.2,Yes,0.0,None
09:24:21.865,Active,407.3,4.8,98.8,12.0,62.8,Yes,0.0,None
09:24:22.282,Active,409.3,4.8,98.2,12.0,63.9,Yes,0.0,None
09:24:22.695,Active,406.1,4.8,98.8,12.0,64.5,Yes,0.0,None
09:24:23.113,Active,409.6,4.8,98.2,12.0,65.5,Yes,0.0,None
09:24:23.533,Active,409.5,4.8,98.2,12.0,65.5,Yes,0.0,None
09:24:23.996,Active,457.0,4.8,94.6,12.0,65.5,Yes,0.0,None
09:24:24.412,Active,406.1,4.8,98.2,12.0,66.7,Yes,0.0,None
09:24:24.829,Active,409.5,4.8,98.8,12.0,67.2,Yes,0.0,None
09:24:25.249,Active,411.6,4.8,97.6,12.0,67.8,Yes,0.0,None
09:24:25.666,Active,408.7,4.8,97.6,12.0,66.7,Yes,0.0,None
09:24:26.085,Active,409.5,2.4,98.2,12.0,67.8,Yes,0.0,None
09:24:26.511,Active,419.3,2.4,97.1,12.0,68.3,Yes,0.0,None
09:24:26.945,Active,425.5,2.4,96.5,11.9,68.3,Yes,0.0,None
09:24:27.363,Active,411.2,2.4,98.8,11.9,68.8,Yes,0.0,None
09:24:27.778,Active,409.4,2.4,98.8,11.9,69.4,Yes,0.0,None
09:24:28.196,Active,411.8,2.4,98.8,11.9,68.8,Yes,0.0,None
09:24:28.619,Active,415.0,2.4,96.4,11.9,70.0,Yes,0.0,None
09:24:29.061,Active,434.8,2.4,98.9,12.0,69.4,Yes,0.0,None
09:24:29.477,Active,408.7,2.4,98.2,12.0,70.5,Yes,0.0,None
09:24:29.895,Active,408.3,2.4,98.2,12.0,70.5,Yes,0.0,None
09:24:30.314,Active,409.9,2.4,97.6,12.0,71.0,Yes,0.0,None
09:24:30.730,Active,406.0,2.4,98.2,12.0,71.6,Yes,0.0,None
09:24:31.150,Active,409.6,2.4,98.2,12.0,71.0,Yes,0.0,None
09:24:31.568,Active,408.6,2.4,98.2,12.0,71.0,Yes,0.0,None
09:24:31.985,Active,409.2,2.4,98.2,12.0,71.0,Yes,0.0,None
09:24:32.399,Active,407.1,2.4,99.4,12.0,72.7,Yes,0.0,None
09:24:32.817,Active,408.4,2.4,97.6,11.9,71.0,Yes,0.0,None
09:24:33.237,Active,411.1,2.4,98.2,11.9,71.6,Yes,0.0,None
09:24:33.655,Active,408.1,2.4,98.2,11.9,72.2,Yes,0.0,None
09:24:34.071,Active,408.0,2.4,98.8,11.9,72.2,Yes,0.0,None
09:24:34.487,Active,410.0,2.4,98.8,11.9,72.7,Yes,0.0,None
09:24:34.901,Active,405.9,2.4,98.8,11.9,73.2,Yes,0.0,None
09:24:35.321,Active,413.0,2.4,99.4,11.9,73.2,Yes,0.0,None
09:24:35.736,Active,408.7,2.4,98.2,11.9,72.7,Yes,0.0,None
09:24:36.160,Active,412.5,2.4,97.6,11.9,72.7,Yes,0.0,None
09:24:36.582,Active,414.5,2.4,96.5,11.9,73.2,Yes,0.0,None
09:24:37.003,Active,412.0,2.4,98.2,11.9,72.7,Yes,0.0,None
09:24:37.418,Active,406.8,2.4,98.8,11.9,72.2,Yes,0.0,None
09:24:37.833,Active,405.6,2.4,98.8,11.9,72.7,Yes,0.0,None
09:24:38.248,Active,409.1,2.4,99.4,11.8,73.2,Yes,0.0,None
09:24:38.669,Active,410.7,2.4,97.0,11.8,73.2,Yes,0.0,None
09:24:39.147,Active,469.2,2.4,93.7,11.8,72.2,Yes,0.0,None
09:24:39.575,Active,421.8,2.4,96.4,11.8,73.2,Yes,0.0,None
09:24:39.995,Active,410.5,2.4,97.6,11.9,73.2,Yes,0.0,None
09:24:40.413,Active,407.6,2.4,98.2,11.9,73.2,Yes,0.0,None
09:24:40.832,Active,409.1,2.4,98.2,11.9,73.2,Yes,0.0,None
09:24:41.250,Active,410.9,2.4,98.2,11.9,73.2,Yes,0.0,None
09:24:41.691,Active,432.0,2.4,94.9,11.9,73.8,Yes,0.0,None
09:24:42.110,Active,410.9,2.4,97.6,11.9,73.8,Yes,0.0,None
09:24:42.525,Active,407.7,2.4,98.8,11.9,73.8,Yes,0.0,None
09:24:42.939,Active,404.9,2.3,98.2,11.9,74.3,Yes,0.0,None
09:24:43.359,Active,409.2,2.3,98.8,11.9,73.8,Yes,0.0,None
09:24:43.771,Active,404.5,2.3,98.8,11.9,73.8,Yes,0.0,None
09:24:44.191,Active,408.4,2.3,98.2,11.9,74.3,Yes,0.0,None
09:24:44.621,Active,423.1,2.3,98.2,11.9,74.3,Yes,0.0,None
09:24:45.038,Active,409.1,2.3,98.2,11.9,73.8,Yes,0.0,None
09:24:45.457,Active,409.4,2.3,98.2,11.9,74.3,Yes,0.0,None
09:24:45.876,Active,411.0,2.3,97.6,11.9,73.8,Yes,0.0,None
09:24:46.293,Active,410.1,2.3,98.2,11.9,74.9,Yes,0.0,None
09:24:46.711,Active,408.0,2.3,98.2,11.9,74.9,Yes,0.0,None
09:24:47.131,Active,411.9,2.4,98.2,11.9,74.3,Yes,0.0,None
09:24:47.551,Active,407.8,2.4,97.6,11.8,74.9,Yes,0.0,None
09:24:47.965,Active,407.7,2.4,98.8,11.8,74.3,Yes,0.0,None
09:24:48.380,Active,408.4,2.4,98.8,11.8,73.8,Yes,0.0,None
09:24:48.795,Active,408.7,2.4,98.8,11.8,75.5,Yes,0.0,None
09:24:49.218,Active,415.0,2.4,98.2,11.9,74.9,Yes,0.0,None
09:24:49.650,Active,424.3,2.4,98.3,11.9,75.5,Yes,0.0,None
09:24:50.071,Active,410.2,2.4,98.2,11.9,74.9,Yes,0.0,None
09:24:50.492,Active,410.4,2.4,97.6,11.9,76.0,Yes,0.0,None
09:24:50.908,Active,407.5,2.4,98.8,11.9,75.5,Yes,0.0,None
09:24:51.324,Active,409.2,2.4,98.2,11.9,76.0,Yes,0.0,None
09:24:51.741,Active,407.1,2.4,98.2,11.9,74.9,Yes,0.0,None
09:24:52.163,Active,412.1,2.4,97.6,11.9,75.5,Yes,0.0,None
09:24:52.581,Active,409.6,2.4,98.8,11.8,75.5,Yes,0.0,None
09:24:53.000,Active,412.3,2.4,98.8,11.8,75.5,Yes,0.0,None
09:24:53.417,Active,407.1,2.4,98.2,11.8,74.9,Yes,0.0,None
09:24:53.832,Active,407.7,2.4,98.2,11.8,75.5,Yes,0.0,None
09:24:54.251,Active,409.7,2.4,98.2,11.8,74.3,Yes,0.0,None
09:24:54.714,Active,456.3,2.4,95.1,11.9,74.9,Yes,0.0,None
09:24:55.133,Active,408.9,2.4,98.2,11.9,75.5,Yes,0.0,None
09:24:55.549,Active,408.4,2.4,98.8,11.9,76.0,Yes,0.0,None
09:24:55.966,Active,407.5,2.4,98.2,11.9,76.0,Yes,0.0,None
09:24:56.385,Active,408.8,2.4,98.2,11.9,75.5,Yes,0.0,None
09:24:56.802,Active,407.6,2.4,97.6,11.9,76.0,Yes,0.0,None
09:24:57.221,Active,409.1,2.4,98.2,12.0,75.5,Yes,0.0,None
09:24:57.635,Active,407.4,2.4,99.4,11.9,75.5,Yes,0.0,None
09:24:58.054,Active,409.2,2.4,98.2,11.9,75.5,Yes,0.0,None
09:24:58.480,Active,416.9,2.4,96.5,11.9,76.0,Yes,0.0,None
09:24:58.912,Active,425.1,2.4,96.0,11.9,76.0,Yes,0.0,None
09:24:59.332,Active,410.0,2.4,98.2,11.9,75.5,Yes,0.0,None
09:24:59.775,Active,435.2,2.4,98.3,12.0,75.5,Yes,0.0,None
09:25:00.190,Active,406.7,2.4,98.8,12.0,76.5,Yes,0.0,None
09:25:00.607,Active,407.1,2.4,98.2,12.0,76.0,Yes,0.0,None
09:25:01.029,Active,412.5,2.4,98.2,12.0,75.5,Yes,0.0,None
09:25:01.442,Active,406.8,2.4,98.2,12.0,76.5,Yes,0.0,None
09:25:01.860,Active,408.1,2.4,98.8,12.0,76.0,Yes,0.0,None
09:25:02.276,Active,409.8,2.4,98.8,12.0,77.1,Yes,0.0,None
09:25:02.696,Active,412.6,2.4,98.2,12.0,76.5,Yes,0.0,None
09:25:03.113,Active,410.8,2.4,99.4,11.9,76.5,Yes,0.0,None
09:25:03.526,Active,407.5,2.4,98.8,11.9,75.5,Yes,0.0,None
09:25:03.947,Active,410.3,2.4,97.6,11.9,77.7,Yes,0.0,None
09:25:04.368,Active,411.6,2.4,97.6,11.9,76.0,Yes,0.0,None
09:25:04.793,Active,418.6,2.4,97.0,11.9,76.0,Yes,0.0,None
09:25:05.213,Active,409.5,2.4,97.6,11.9,76.0,Yes,0.0,None
09:25:05.636,Active,417.8,2.4,97.0,11.9,76.0,Yes,0.0,None
09:25:06.055,Active,408.7,2.4,98.8,11.9,76.0,Yes,0.0,None
09:25:06.470,Active,406.8,2.4,98.8,11.9,77.7,Yes,0.0,None
09:25:06.896,Active,416.8,2.4,97.1,11.9,76.0,Yes,0.0,None
09:25:07.311,Active,407.5,2.4,97.6,11.9,76.5,Yes,0.0,None
09:25:07.728,Active,410.7,2.4,98.8,11.9,77.1,Yes,0.0,None
09:25:08.145,Active,409.9,2.4,98.2,11.9,76.5,Yes,0.0,None
09:25:08.563,Active,407.8,2.4,98.2,11.9,76.5,Yes,0.0,None
09:25:08.983,Active,411.2,2.4,98.2,11.9,76.0,Yes,0.0,None
09:25:09.404,Active,413.0,2.4,97.6,11.9,77.1,Yes,0.0,None
09:25:09.863,Active,452.3,2.4,97.3,11.9,77.1,Yes,0.0,None
09:25:10.283,Active,411.8,2.4,98.2,11.9,76.5,Yes,0.0,None
09:25:10.700,Active,409.0,2.4,98.2,11.9,77.7,Yes,0.0,None
09:25:11.121,Active,412.4,2.4,98.2,11.9,77.1,Yes,0.0,None
09:25:11.538,Active,406.1,2.4,97.6,11.9,77.1,Yes,0.0,None
09:25:11.952,Active,407.4,2.4,98.2,11.9,76.5,Yes,0.0,None
09:25:12.371,Active,408.7,2.4,98.2,11.9,77.7,Yes,0.0,None
09:25:12.786,Active,407.8,2.4,98.8,11.9,76.5,Yes,0.0,None
09:25:13.206,Active,410.4,2.4,98.2,11.9,76.5,Yes,0.0,None
09:25:13.627,Active,410.9,2.4,97.6,11.9,76.5,Yes,0.0,None
09:25:14.051,Active,415.8,2.4,97.1,11.9,76.5,Yes,0.0,None
09:25:14.468,Active,408.6,2.4,98.2,11.9,76.5,Yes,0.0,None
09:25:14.896,Active,420.5,2.4,98.8,11.9,77.1,Yes,0.0,None
09:25:15.313,Active,409.6,2.4,98.2,11.9,77.1,Yes,0.0,None
09:25:15.732,Active,408.0,2.4,97.6,11.9,77.1,Yes,0.0,None
09:25:16.150,Active,408.8,2.4,98.2,11.9,77.1,Yes,0.0,None
09:25:16.567,Active,408.9,2.4,98.8,11.9,77.1,Yes,0.0,None
09:25:16.986,Active,409.8,2.4,98.2,11.9,76.5,Yes,0.0,None
09:25:17.400,Active,406.3,2.4,98.2,11.9,77.1,Yes,0.0,None
09:25:17.923,Active,414.4,2.4,79.4,11.8,76.0,Yes,0.0,None
09:25:18.345,Active,412.2,2.4,98.2,11.8,76.5,Yes,0.0,None
09:25:18.760,Active,408.3,2.4,98.2,11.9,77.7,Yes,0.0,None
09:25:19.179,Active,409.2,2.4,98.2,11.9,77.1,Yes,0.0,None
09:25:19.597,Active,407.8,2.4,98.2,11.9,76.5,Yes,0.0,None
09:25:20.030,Active,423.6,2.4,97.7,11.9,77.1,Yes,0.0,None
09:26:05.467,Active,419.6,2.4,1.1,11.9,59.0,Yes,0.0,None
09:26:05.886,Active,410.1,11.8,97.0,11.9,60.0,Yes,0.0,None
09:26:06.304,Active,409.2,11.8,98.2,11.9,62.2,Yes,0.0,None
09:26:06.715,Active,405.1,11.8,98.8,11.9,62.2,Yes,0.0,None
09:26:07.134,Active,410.0,11.8,97.6,11.9,63.9,Yes,0.0,None
09:26:07.551,Active,407.2,11.8,98.2,11.9,65.0,Yes,0.0,None
09:26:07.969,Active,408.1,11.8,98.2,11.9,65.0,Yes,0.0,None
09:26:08.384,Active,407.0,11.8,98.2,11.9,65.0,Yes,0.0,None
09:26:08.801,Active,406.7,11.8,97.6,11.9,67.2,Yes,0.0,None
09:26:09.220,Active,409.9,11.8,98.2,11.9,66.7,Yes,0.0,None
09:26:09.638,Active,408.0,11.8,98.2,11.8,66.7,Yes,0.0,None
09:26:10.055,Active,409.1,2.4,98.2,11.8,67.2,Yes,0.0,None
09:26:10.472,Active,409.7,2.4,98.8,11.8,67.2,Yes,0.0,None
09:26:10.923,Active,444.0,2.4,97.8,11.9,67.8,Yes,0.0,None
09:26:11.344,Active,412.5,2.4,98.8,11.9,67.8,Yes,0.0,None
09:26:11.759,Active,406.2,2.4,98.2,11.9,68.3,Yes,0.0,None
09:26:12.179,Active,410.6,2.4,97.6,11.9,68.8,Yes,0.0,None
09:26:12.597,Active,408.4,2.4,98.2,11.9,68.3,Yes,0.0,None
09:26:13.016,Active,409.5,2.4,98.2,11.9,69.4,Yes,0.0,None
09:26:13.436,Active,408.1,2.4,97.6,11.9,69.4,Yes,0.0,None
09:26:13.851,Active,407.9,2.4,98.8,11.9,70.0,Yes,0.0,None
09:26:14.268,Active,408.2,2.4,97.6,11.9,70.5,Yes,0.0,None
09:26:14.688,Active,412.7,2.4,97.6,11.9,71.0,Yes,0.0,None
09:26:15.105,Active,409.0,2.4,98.8,11.9,70.5,Yes,0.0,None
09:26:15.521,Active,408.0,2.4,98.8,11.9,70.5,Yes,0.0,None
09:26:15.948,Active,418.1,2.4,97.7,12.0,71.0,Yes,0.0,None
09:26:16.367,Active,411.2,2.4,98.2,11.9,71.6,Yes,0.0,None
09:26:16.783,Active,406.6,2.4,98.2,11.9,71.0,Yes,0.0,None
09:26:17.203,Active,410.0,2.4,98.2,11.9,72.2,Yes,0.0,None
09:26:17.621,Active,407.2,2.4,97.6,11.9,71.6,Yes,0.0,None
09:26:18.038,Active,407.5,2.4,98.2,11.9,71.6,Yes,0.0,None
09:26:18.454,Active,406.9,2.4,98.2,11.9,71.6,Yes,0.0,None
09:26:18.871,Active,408.0,2.4,98.8,11.9,71.6,Yes,0.0,None
09:26:19.288,Active,408.1,2.4,98.8,11.9,72.2,Yes,0.0,None
09:26:19.704,Active,410.2,2.4,98.8,11.9,71.0,Yes,0.0,None
09:26:20.137,Active,425.8,2.4,96.0,11.9,72.7,Yes,0.0,None
09:26:20.556,Active,409.1,2.4,97.6,11.9,73.2,Yes,0.0,None
09:26:20.988,Active,426.0,2.4,99.4,11.9,72.7,Yes,0.0,None
09:26:21.404,Active,408.6,2.4,98.8,11.9,72.7,Yes,0.0,None
09:26:21.818,Active,407.7,2.4,98.2,11.9,72.7,Yes,0.0,None
09:26:22.237,Active,409.3,2.4,98.2,11.9,73.2,Yes,0.0,None
09:26:22.653,Active,409.5,2.4,98.8,11.9,72.7,Yes,0.0,None
09:26:23.066,Active,406.4,2.4,98.2,11.9,73.8,Yes,0.0,None
09:26:23.484,Active,411.4,2.4,99.4,11.9,73.2,Yes,0.0,None
09:26:23.898,Active,408.8,2.4,97.0,11.9,73.8,Yes,0.0,None
09:26:24.323,Active,418.2,2.4,97.6,11.9,73.8,Yes,0.0,None
09:26:24.749,Active,418.0,2.4,96.4,11.9,73.8,Yes,0.0,None
09:26:25.169,Active,409.3,2.4,98.2,11.9,72.7,Yes,0.0,None
09:26:25.582,Active,406.4,2.4,98.8,11.9,73.2,Yes,0.0,None
09:26:26.024,Active,435.6,2.4,98.9,11.9,73.8,Yes,0.0,None
09:26:26.439,Active,407.6,2.4,98.2,11.9,73.8,Yes,0.0,None
09:26:26.855,Active,408.0,2.4,98.8,11.9,73.8,Yes,0.0,None
09:26:27.271,Active,409.5,2.4,99.4,11.9,74.3,Yes,0.0,None
09:26:27.684,Active,406.7,2.4,98.8,11.9,74.3,Yes,0.0,None
09:26:28.100,Active,409.8,2.4,98.8,11.9,73.8,Yes,0.0,None
09:26:28.517,Active,410.8,2.4,98.2,11.9,74.3,Yes,0.0,None
09:26:28.938,Active,415.2,2.4,97.6,11.9,74.9,Yes,0.0,None
09:26:29.357,Active,409.0,2.4,98.8,11.9,74.9,Yes,0.0,None
09:26:29.772,Active,408.6,2.4,98.8,11.9,75.5,Yes,0.0,None
09:26:30.207,Active,427.4,2.4,96.0,11.9,74.9,Yes,0.0,None
09:26:30.639,Active,422.8,2.4,95.3,11.9,74.3,Yes,0.0,None
09:26:31.083,Active,435.3,2.4,98.3,11.9,73.8,Yes,0.0,None
09:26:31.500,Active,408.2,2.4,98.8,11.9,75.5,Yes,0.0,None
09:26:31.931,Active,423.1,2.4,95.9,11.9,74.9,Yes,0.0,None
09:26:32.345,Active,408.3,2.4,98.2,11.9,73.2,Yes,0.0,None
09:26:32.764,Active,408.7,2.4,97.6,11.9,74.3,Yes,0.0,None
09:26:33.200,Active,428.9,2.4,96.5,11.9,73.8,Yes,0.0,None
09:26:33.617,Active,409.6,2.4,98.8,11.9,74.3,Yes,0.0,None
09:26:34.044,Active,420.6,2.4,96.5,11.9,74.9,Yes,0.0,None
09:26:34.458,Active,408.0,2.4,98.8,11.9,75.5,Yes,0.0,None
09:26:34.870,Active,406.2,2.4,98.8,11.8,75.5,Yes,0.0,None
09:26:35.292,Active,411.4,2.4,98.2,11.9,73.8,Yes,0.0,None
09:26:35.713,Active,413.0,2.4,98.2,11.9,75.5,Yes,0.0,None
09:26:36.127,Active,407.9,2.4,98.8,11.9,75.5,Yes,0.0,None
09:26:36.551,Active,418.0,2.4,97.0,11.9,74.9,Yes,0.0,None
09:26:36.966,Active,409.0,2.4,98.8,11.8,76.0,Yes,0.0,None
09:26:37.379,Active,406.9,2.4,99.4,11.8,75.5,Yes,0.0,None
09:26:37.793,Active,407.5,2.4,98.8,11.8,76.0,Yes,0.0,None
09:26:38.212,Active,412.6,2.4,98.8,11.8,74.9,Yes,0.0,None
09:26:38.627,Active,407.5,2.4,98.2,11.8,75.5,Yes,0.0,None
09:26:39.044,Active,408.6,2.4,98.2,11.8,76.0,Yes,0.0,None
09:26:39.460,Active,408.5,2.4,98.2,11.8,75.5,Yes,0.0,None
09:26:39.874,Active,406.4,2.4,98.8,11.8,76.0,Yes,0.0,None
09:26:40.292,Active,408.4,2.4,98.2,11.8,75.5,Yes,0.0,None
09:26:40.708,Active,409.8,2.4,99.4,11.8,75.5,Yes,0.0,None
09:26:41.160,Active,444.6,2.4,97.2,12.0,75.5,Yes,0.0,None
09:26:41.576,Active,408.4,2.4,97.6,12.0,76.0,Yes,0.0,None
09:26:41.994,Active,410.7,2.4,98.8,12.0,76.5,Yes,0.0,None
09:26:42.410,Active,406.6,2.4,98.2,12.0,77.1,Yes,0.0,None
09:26:42.826,Active,406.2,2.4,98.2,12.0,76.5,Yes,0.0,None
09:26:43.242,Active,409.8,2.4,98.8,12.0,76.0,Yes,0.0,None
09:26:43.655,Active,407.0,2.4,99.4,12.0,75.5,Yes,0.0,None
09:26:44.070,Active,409.5,2.4,99.4,12.0,76.0,Yes,0.0,None
09:26:44.483,Active,406.5,2.4,98.8,12.0,74.9,Yes,0.0,None
09:26:44.894,Active,404.9,2.4,99.4,11.9,77.1,Yes,0.0,None
09:26:45.308,Active,408.4,2.4,100.0,11.9,76.0,Yes,0.0,None
09:26:45.725,Active,409.8,2.4,98.8,11.9,76.0,Yes,0.0,None
09:26:46.144,Active,412.2,2.4,98.2,11.9,77.1,Yes,0.0,None
09:26:46.572,Active,420.3,2.4,98.8,11.9,76.0,Yes,0.0,None
09:26:46.992,Active,411.0,2.4,97.6,12.0,76.5,Yes,0.0,None
09:26:47.408,Active,409.9,2.4,98.8,12.0,76.0,Yes,0.0,None
09:26:47.819,Active,405.3,2.4,99.4,12.0,76.5,Yes,0.0,None
09:26:48.234,Active,409.6,2.4,99.4,11.9,76.5,Yes,0.0,None
09:26:48.649,Active,407.9,2.4,98.8,11.9,76.0,Yes,0.0,None
09:26:49.066,Active,411.0,2.4,98.8,11.9,77.1,Yes,0.0,None
09:26:49.480,Active,407.0,2.4,99.4,11.9,76.5,Yes,0.0,None
09:26:49.897,Active,411.3,2.4,98.8,11.9,76.0,Yes,0.0,None
09:26:50.313,Active,409.1,2.4,98.2,11.9,76.5,Yes,0.0,None
09:26:50.727,Active,407.1,2.4,98.8,11.9,76.5,Yes,0.0,None
09:26:51.145,Active,409.2,2.4,98.2,11.9,76.5,Yes,0.0,None
09:26:51.577,Active,426.0,2.4,98.9,11.9,76.5,Yes,0.0,None
09:26:52.002,Active,414.7,2.4,97.7,11.9,76.5,Yes,0.0,None
09:26:52.426,Active,414.8,2.4,97.6,11.9,76.0,Yes,0.0,None
09:26:52.845,Active,408.9,2.4,97.0,11.9,78.2,Yes,0.0,None
09:26:53.264,Active,411.7,2.4,98.8,11.9,76.5,Yes,0.0,None
09:26:53.679,Active,408.6,2.4,98.8,11.9,76.5,Yes,0.0,None
09:26:54.101,Active,413.6,2.4,98.2,11.9,76.5,Yes,0.0,None
09:26:54.514,Active,407.2,2.4,98.2,11.9,77.1,Yes,0.0,None
09:26:54.932,Active,408.9,2.4,98.2,11.9,76.5,Yes,0.0,None
09:26:55.349,Active,409.6,2.4,98.2,11.9,77.7,Yes,0.0,None
09:26:55.764,Active,408.5,2.4,99.4,11.9,76.5,Yes,0.0,None
09:26:56.180,Active,408.2,2.4,98.2,11.9,77.1,Yes,0.0,None
09:26:56.615,Active,427.9,2.4,98.3,11.9,76.0,Yes,0.0,None
09:26:57.032,Active,409.4,2.4,98.8,12.0,76.5,Yes,0.0,None
09:26:57.445,Active,406.9,2.4,100.0,12.0,77.1,Yes,0.0,None
09:26:57.859,Active,407.4,2.4,98.8,12.0,76.5,Yes,0.0,None
09:26:58.275,Active,410.0,2.4,99.4,11.9,76.5,Yes,0.0,None
09:26:58.685,Active,403.9,2.4,99.4,11.9,77.1,Yes,0.0,None
09:26:59.099,Active,407.4,2.4,99.4,11.9,76.5,Yes,0.0,None
09:26:59.514,Active,408.1,2.4,99.4,11.9,77.1,Yes,0.0,None
09:26:59.927,Active,406.6,2.4,99.4,11.9,77.7,Yes,0.0,None
09:27:00.339,Active,406.0,2.4,99.4,11.9,78.2,Yes,0.0,None
09:27:00.758,Active,408.3,2.4,98.2,11.9,77.1,Yes,0.0,None
09:27:01.172,Active,406.1,2.4,99.4,11.9,77.1,Yes,0.0,None
09:27:01.603,Active,424.9,2.4,99.4,11.9,77.1,Yes,0.0,None
09:27:02.024,Active,410.9,2.4,97.6,11.9,77.1,Yes,0.0,None
09:27:02.440,Active,407.3,2.4,98.2,11.9,76.0,Yes,0.0,None
09:27:02.860,Active,410.0,2.4,97.6,11.9,77.1,Yes,0.0,None
09:27:03.276,Active,409.0,2.4,98.8,11.9,78.8,Yes,0.0,None
09:27:03.696,Active,409.9,2.4,97.6,11.9,77.1,Yes,0.0,None
09:27:04.113,Active,409.1,2.4,98.8,11.9,76.5,Yes,0.0,None
09:27:04.534,Active,409.9,2.4,97.0,11.9,76.5,Yes,0.0,None
09:27:04.951,Active,407.8,2.4,98.2,11.9,77.1,Yes,0.0,None
09:27:05.371,Active,410.0,2.4,98.2,11.9,77.7,Yes,0.0,None
09:27:50.813,Active,425.8,2.4,1.4,11.9,59.0,Yes,0.0,None
09:27:51.229,Active,409.4,2.4,99.4,11.9,60.0,Yes,0.0,None
09:27:51.655,Active,419.8,2.4,97.1,11.9,60.6,Yes,0.0,None
09:27:52.078,Active,414.1,2.4,98.2,11.9,62.2,Yes,0.0,None
09:27:52.511,Active,427.4,2.4,99.4,11.9,62.8,Yes,0.0,None
09:27:52.932,Active,412.8,2.4,97.0,12.0,63.9,Yes,0.0,None
09:27:53.350,Active,408.1,2.4,98.2,12.0,65.5,Yes,0.0,None
09:27:53.766,Active,406.2,3.0,98.2,12.0,65.5,Yes,0.0,None
09:27:54.185,Active,409.1,3.0,98.8,12.0,65.5,Yes,0.0,None
09:27:54.600,Active,408.6,3.0,98.8,12.0,66.1,Yes,0.0,None
09:27:55.018,Active,409.7,3.0,98.2,12.0,66.7,Yes,0.0,None
09:27:55.438,Active,409.7,3.0,97.6,12.0,66.7,Yes,0.0,None
09:27:55.857,Active,408.2,3.0,98.2,11.9,67.2,Yes,0.0,None
09:27:56.272,Active,408.8,3.0,98.8,11.9,68.3,Yes,0.0,None
09:27:56.686,Active,406.5,3.0,98.8,11.9,67.8,Yes,0.0,None
09:27:57.105,Active,409.1,3.0,98.2,11.9,68.3,Yes,0.0,None
09:27:57.594,Active,482.9,3.0,93.3,11.9,68.3,Yes,0.0,None
09:27:58.007,Active,407.0,2.4,99.4,12.0,69.4,Yes,0.0,None
09:27:58.419,Active,404.8,2.4,99.4,11.9,69.4,Yes,0.0,None
09:27:58.834,Active,407.0,2.4,98.8,11.9,69.4,Yes,0.0,None
09:27:59.247,Active,407.1,2.4,99.4,11.9,69.4,Yes,0.0,None
09:27:59.662,Active,407.0,2.4,98.8,11.9,70.0,Yes,0.0,None
09:28:00.077,Active,408.9,2.4,99.4,11.9,70.0,Yes,0.0,None
09:28:00.490,Active,407.1,2.4,98.8,11.9,70.5,Yes,0.0,None
09:28:00.903,Active,405.4,2.4,99.4,11.9,70.5,Yes,0.0,None
09:28:01.319,Active,407.4,2.4,98.8,11.9,71.0,Yes,0.0,None
09:28:01.731,Active,406.0,2.4,100.0,11.9,71.0,Yes,0.0,None
09:28:02.147,Active,407.4,2.4,98.8,11.9,70.5,Yes,0.0,None
09:28:02.581,Active,426.1,2.4,99.4,12.0,71.6,Yes,0.0,None
09:28:02.996,Active,408.8,2.4,98.8,12.0,72.2,Yes,0.0,None
09:28:03.409,Active,406.2,2.4,98.8,12.0,71.0,Yes,0.0,None
09:28:03.826,Active,408.3,2.4,98.2,12.0,71.6,Yes,0.0,None
09:28:04.242,Active,410.1,2.4,99.4,12.0,72.2,Yes,0.0,None
09:28:04.658,Active,409.8,2.4,98.8,12.0,73.2,Yes,0.0,None
09:28:05.074,Active,410.0,2.4,98.8,11.9,72.7,Yes,0.0,None
09:28:05.591,Active,409.7,2.4,80.0,11.9,71.6,Yes,0.0,None
09:28:06.007,Active,408.4,2.4,98.2,11.9,72.2,Yes,0.0,None
09:28:06.419,Active,405.9,2.3,99.4,11.9,72.7,Yes,0.0,None
09:28:06.831,Active,405.8,2.3,99.4,11.9,72.2,Yes,0.0,None
09:28:07.246,Active,409.8,2.3,100.0,11.9,72.2,Yes,0.0,None
09:28:07.659,Active,406.5,2.3,99.4,11.9,72.7,Yes,0.0,None
09:28:08.078,Active,410.9,2.3,98.8,11.9,72.7,Yes,0.0,None
09:28:08.490,Active,405.4,2.3,99.4,11.9,73.2,Yes,0.0,None
09:28:08.904,Active,408.5,2.3,98.8,11.9,72.7,Yes,0.0,None
09:28:09.321,Active,409.8,2.3,98.8,11.9,72.7,Yes,0.0,None
09:28:09.735,Active,407.4,2.3,98.8,11.9,73.8,Yes,0.0,None
09:28:10.150,Active,409.5,2.3,99.4,11.9,72.7,Yes,0.0,None
09:28:10.563,Active,406.4,2.4,98.8,11.9,73.8,Yes,0.0,None
09:28:10.975,Active,406.5,2.4,99.4,11.8,73.2,Yes,0.0,None
09:28:11.387,Active,405.9,2.4,98.8,11.8,73.8,Yes,0.0,None
09:28:11.800,Active,406.6,2.4,100.0,11.8,73.8,Yes,0.0,None
09:28:12.214,Active,408.1,2.4,98.8,11.8,74.3,Yes,0.0,None
09:28:12.662,Active,438.9,2.4,98.9,12.0,73.8,Yes,0.0,None
09:28:13.079,Active,410.2,2.4,99.4,12.0,73.8,Yes,0.0,None
09:28:13.494,Active,406.7,2.4,98.2,12.0,74.3,Yes,0.0,None
09:28:13.914,Active,410.5,2.4,98.8,12.0,73.2,Yes,0.0,None
09:28:14.340,Active,416.5,2.4,97.1,12.0,73.8,Yes,0.0,None
09:28:14.756,Active,408.4,2.4,98.8,12.0,73.2,Yes,0.0,None
09:28:15.176,Active,412.5,2.4,98.2,11.9,74.3,Yes,0.0,None
09:28:15.590,Active,406.9,2.4,98.2,11.9,74.3,Yes,0.0,None
09:28:16.009,Active,409.5,2.4,98.8,11.9,74.3,Yes,0.0,None
09:28:16.424,Active,408.1,2.4,98.8,11.9,74.3,Yes,0.0,None
09:28:16.836,Active,406.4,2.4,98.8,11.9,73.2,Yes,0.0,None
09:28:17.251,Active,407.2,2.4,98.8,11.9,74.3,Yes,0.0,None
09:28:17.664,Active,407.3,2.4,99.4,11.9,74.3,Yes,0.0,None
09:28:18.093,Active,419.0,2.4,98.2,11.9,73.8,Yes,0.0,None
09:28:18.511,Active,408.6,2.4,97.6,11.9,74.9,Yes,0.0,None
09:28:18.929,Active,409.9,2.4,97.6,11.9,74.9,Yes,0.0,None
09:28:19.348,Active,410.0,2.4,98.2,11.9,74.3,Yes,0.0,None
09:28:19.763,Active,407.3,2.4,98.8,11.9,74.9,Yes,0.0,None
09:28:20.180,Active,408.3,2.4,98.2,11.9,74.9,Yes,0.0,None
09:28:20.594,Active,406.6,2.4,98.2,11.9,74.9,Yes,0.0,None
09:28:21.018,Active,414.8,2.4,98.8,11.9,76.0,Yes,0.0,None
09:28:21.432,Active,408.3,2.4,98.8,11.9,75.5,Yes,0.0,None
09:28:21.847,Active,407.7,2.4,98.8,11.9,75.5,Yes,0.0,None
09:28:22.267,Active,411.8,2.4,98.2,11.9,75.5,Yes,0.0,None
09:28:22.683,Active,407.6,2.4,98.2,11.9,75.5,Yes,0.0,None
09:28:23.120,Active,431.0,2.4,98.9,11.9,74.9,Yes,0.0,None
09:28:23.534,Active,406.7,2.4,98.2,11.9,75.5,Yes,0.0,None
09:28:23.953,Active,409.6,2.4,97.0,11.9,76.0,Yes,0.0,None
09:28:24.369,Active,409.6,2.4,99.4,11.9,75.5,Yes,0.0,None
09:28:24.782,Active,406.8,2.4,98.2,11.9,74.9,Yes,0.0,None
09:28:25.204,Active,412.9,2.4,98.2,11.9,74.9,Yes,0.0,None
09:28:25.617,Active,405.2,2.4,98.2,11.9,76.5,Yes,0.0,None
09:28:26.032,Active,408.4,2.4,99.4,11.9,75.5,Yes,0.0,None
09:28:26.444,Active,406.2,2.4,98.8,11.9,76.0,Yes,0.0,None
09:28:26.861,Active,409.5,2.4,98.8,11.9,75.5,Yes,0.0,None
09:28:27.278,Active,409.4,2.4,98.2,11.9,76.0,Yes,0.0,None
09:28:27.695,Active,408.0,2.4,98.2,11.9,75.5,Yes,0.0,None
09:28:28.140,Active,438.5,2.4,98.3,11.9,75.5,Yes,0.0,None
09:28:28.561,Active,413.7,2.4,97.6,11.9,75.5,Yes,0.0,None
09:28:28.979,Active,409.1,2.4,98.2,11.9,74.9,Yes,0.0,None
09:28:29.391,Active,405.4,2.4,100.0,11.9,76.0,Yes,0.0,None
09:28:29.804,Active,406.6,2.4,99.4,11.9,77.1,Yes,0.0,None
09:28:30.222,Active,412.8,2.4,99.4,11.9,76.0,Yes,0.0,None
09:28:30.644,Active,412.7,2.4,97.0,11.9,76.5,Yes,0.0,None
09:28:31.061,Active,410.4,2.4,98.8,11.9,76.5,Yes,0.0,None
09:28:31.477,Active,409.7,2.4,98.2,11.9,76.5,Yes,0.0,None
09:28:31.891,Active,408.0,2.4,98.8,11.9,76.5,Yes,0.0,None
09:28:32.308,Active,409.7,2.4,98.2,11.9,76.0,Yes,0.0,None
09:28:32.725,Active,409.5,2.4,98.8,11.9,76.5,Yes,0.0,None
09:28:33.157,Active,426.1,2.4,98.8,11.9,76.0,Yes,0.0,None
09:28:33.576,Active,408.7,2.4,97.6,12.0,76.5,Yes,0.0,None
09:28:33.993,Active,409.8,2.4,98.8,12.0,76.0,Yes,0.0,None
09:28:34.408,Active,406.2,2.4,98.2,12.0,77.7,Yes,0.0,None
09:28:34.823,Active,407.5,2.4,99.4,12.0,76.5,Yes,0.0,None
09:28:35.238,Active,409.5,2.4,99.4,12.0,76.5,Yes,0.0,None
09:28:35.655,Active,407.0,2.4,98.2,12.0,77.1,Yes,0.0,None
09:28:36.070,Active,408.9,2.4,99.4,12.0,77.1,Yes,0.0,None
09:28:36.582,Active,405.0,2.4,79.4,11.9,76.5,Yes,0.0,None
09:28:37.004,Active,409.7,2.4,98.2,11.9,76.0,Yes,0.0,None
09:28:37.420,Active,406.5,2.4,98.2,11.9,76.0,Yes,0.0,None
09:28:37.838,Active,408.0,2.4,97.6,11.9,76.5,Yes,0.0,None
09:28:38.257,Active,410.4,2.4,98.8,11.9,76.0,Yes,0.0,None
09:28:38.672,Active,406.4,2.4,97.6,11.9,76.5,Yes,0.0,None
09:28:39.090,Active,408.6,2.4,98.2,11.9,76.5,Yes,0.0,None
09:28:39.515,Active,417.8,2.4,97.0,11.9,76.0,Yes,0.0,None
09:28:39.933,Active,407.7,2.3,98.2,11.9,77.1,Yes,0.0,None
09:28:40.352,Active,409.8,2.3,98.8,11.9,75.5,Yes,0.0,None
09:28:40.773,Active,410.4,2.3,97.6,11.9,77.1,Yes,0.0,None
09:28:41.188,Active,408.6,2.3,98.2,11.9,76.5,Yes,0.0,None
09:28:41.605,Active,407.3,2.3,98.8,11.9,76.5,Yes,0.0,None
09:28:42.024,Active,411.9,2.3,98.2,11.9,77.1,Yes,0.0,None
09:28:42.441,Active,407.2,2.3,98.2,11.9,77.7,Yes,0.0,None
09:28:42.860,Active,411.6,2.3,98.8,11.9,76.0,Yes,0.0,None
09:28:43.310,Active,442.8,2.3,97.8,11.9,76.5,Yes,0.0,None
09:28:43.727,Active,407.9,2.3,98.2,11.9,77.1,Yes,0.0,None
09:28:44.145,Active,410.8,2.4,97.6,11.9,77.1,Yes,0.0,None
09:28:44.560,Active,408.9,2.4,98.8,11.9,77.1,Yes,0.0,None
09:28:44.978,Active,411.3,2.4,98.2,11.9,77.1,Yes,0.0,None
09:28:45.393,Active,408.7,2.4,98.8,11.9,77.7,Yes,0.0,None
09:28:45.809,Active,406.7,2.4,98.8,11.9,76.5,Yes,0.0,None
09:28:46.229,Active,409.4,2.4,98.2,11.9,77.1,Yes,0.0,None
09:28:46.645,Active,408.0,2.4,98.8,11.9,76.5,Yes,0.0,None
09:28:47.064,Active,409.9,2.4,98.2,11.9,77.1,Yes,0.0,None
09:28:47.481,Active,407.0,2.4,98.2,11.9,77.1,Yes,0.0,None
09:28:47.901,Active,410.3,2.4,98.2,11.9,77.7,Yes,0.0,None
09:28:48.331,Active,421.8,2.4,98.3,11.9,77.1,Yes,0.0,None
09:28:48.746,Active,408.1,2.4,98.2,11.9,77.7,Yes,0.0,None
09:28:49.167,Active,411.5,2.4,98.2,11.9,76.5,Yes,0.0,None
09:28:49.584,Active,408.4,2.4,97.6,11.9,78.8,Yes,0.0,None
09:28:50.001,Active,411.2,2.4,98.8,11.9,77.7,Yes,0.0,None
09:28:50.415,Active,407.2,2.4,98.8,11.9,77.7,Yes,0.0,None
09:29:35.852,Active,421.4,2.4,1.1,12.0,59.0,Yes,0.0,None
09:29:36.264,Active,405.5,2.4,99.4,12.0,60.6,Yes,0.0,None
09:29:36.681,Active,409.4,2.4,100.0,12.0,61.1,Yes,0.0,None
09:29:37.098,Active,411.1,2.4,98.2,12.0,62.8,Yes,0.0,None
09:29:37.515,Active,407.4,4.8,98.2,12.0,63.9,Yes,0.0,None
09:29:37.930,Active,406.8,4.8,98.2,11.9,64.5,Yes,0.0,None
09:29:38.349,Active,409.9,4.8,97.6,11.9,65.5,Yes,0.0,None
09:29:38.765,Active,406.9,4.8,98.8,11.9,65.0,Yes,0.0,None
09:29:39.183,Active,412.0,4.8,98.2,11.9,65.5,Yes,0.0,None
09:29:39.608,Active,416.9,4.8,98.2,11.9,66.7,Yes,0.0,None
09:29:40.029,Active,413.4,4.8,98.8,11.9,67.2,Yes,0.0,None
09:29:40.442,Active,406.2,4.8,98.8,11.9,67.8,Yes,0.0,None
09:29:40.876,Active,422.7,4.8,96.0,11.9,68.3,Yes,0.0,None
09:29:41.295,Active,409.1,4.8,98.2,11.9,67.8,Yes,0.0,None
09:29:41.738,Active,435.6,2.4,94.8,11.9,68.3,Yes,0.0,None
09:29:42.151,Active,406.6,2.4,98.8,11.9,68.8,Yes,0.0,None
09:29:42.570,Active,406.6,2.4,98.2,11.9,69.4,Yes,0.0,None
09:29:42.995,Active,415.3,2.4,97.6,11.9,68.8,Yes,0.0,None
09:29:43.412,Active,407.3,2.4,97.6,11.9,70.0,Yes,0.0,None
09:29:43.829,Active,406.9,2.4,98.2,11.9,70.0,Yes,0.0,None
09:29:44.275,Active,439.4,2.4,98.9,11.9,69.4,Yes,0.0,None
09:29:44.695,Active,409.7,2.4,98.2,11.9,70.0,Yes,0.0,None
09:29:45.116,Active,411.1,2.4,98.2,11.9,70.5,Yes,0.0,None
09:29:45.536,Active,410.4,2.4,97.6,11.9,71.0,Yes,0.0,None
09:29:45.954,Active,408.6,2.4,98.8,11.9,71.0,Yes,0.0,None
09:29:46.372,Active,409.6,2.4,98.2,11.9,70.5,Yes,0.0,None
09:29:46.786,Active,406.2,2.4,98.8,11.9,71.0,Yes,0.0,None
09:29:47.206,Active,410.5,2.4,97.6,11.9,71.0,Yes,0.0,None
09:29:47.626,Active,410.8,2.4,98.2,11.9,71.6,Yes,0.0,None
09:29:48.052,Active,416.2,2.4,97.0,11.9,71.0,Yes,0.0,None
09:29:48.467,Active,407.4,2.4,98.2,11.9,71.6,Yes,0.0,None
09:29:48.889,Active,413.4,2.4,97.6,11.9,73.2,Yes,0.0,None
09:29:49.317,Active,421.7,2.4,98.8,11.9,72.7,Yes,0.0,None
09:29:49.732,Active,408.4,2.4,98.8,11.9,71.0,Yes,0.0,None
09:29:50.148,Active,408.3,2.4,98.8,11.9,72.7,Yes,0.0,None
09:29:50.563,Active,407.8,2.4,98.2,11.9,72.7,Yes,0.0,None
09:29:50.981,Active,409.0,2.4,98.8,11.9,72.7,Yes,0.0,None
09:29:51.407,Active,415.8,2.4,97.0,11.9,73.2,Yes,0.0,None
09:29:51.823,Active,407.4,2.4,98.2,11.9,73.2,Yes,0.0,None
09:29:52.240,Active,408.3,2.4,98.2,11.9,73.2,Yes,0.0,None
09:29:52.653,Active,407.1,2.4,98.8,11.9,72.7,Yes,0.0,None
09:29:53.067,Active,407.7,2.4,98.8,11.9,73.2,Yes,0.0,None
09:29:53.490,Active,415.0,2.4,97.6,11.9,74.3,Yes,0.0,None
09:29:53.902,Active,406.1,2.4,99.4,11.9,73.8,Yes,0.0,None
09:29:54.331,Active,422.5,2.4,99.4,12.0,73.2,Yes,0.0,None
09:29:54.750,Active,411.0,2.4,98.2,12.0,73.8,Yes,0.0,None
09:29:55.171,Active,413.1,2.4,98.2,12.0,73.2,Yes,0.0,None
09:29:55.584,Active,406.9,2.4,98.8,12.0,73.8,Yes,0.0,None
09:29:56.005,Active,411.4,2.4,98.2,12.0,73.8,Yes,0.0,None
09:29:56.420,Active,406.5,2.4,98.2,12.0,74.3,Yes,0.0,None
09:29:56.838,Active,407.4,2.4,97.6,12.0,73.8,Yes,0.0,None
09:29:57.263,Active,415.5,2.4,97.1,11.9,74.3,Yes,0.0,None
09:29:57.676,Active,406.1,2.4,98.8,11.9,74.3,Yes,0.0,None
09:29:58.092,Active,408.9,2.4,98.8,11.9,74.3,Yes,0.0,None
09:29:58.516,Active,413.3,2.4,97.6,11.9,74.3,Yes,0.0,None
09:29:58.930,Active,406.2,2.4,98.2,11.9,74.3,Yes,0.0,None
09:29:59.375,Active,435.2,2.4,97.2,11.9,74.3,Yes,0.0,None
09:29:59.791,Active,408.1,2.4,98.8,11.9,74.9,Yes,0.0,None
09:30:00.207,Active,409.7,2.4,98.8,11.9,74.3,Yes,0.0,None
09:30:00.622,Active,406.4,2.4,98.2,11.9,74.3,Yes,0.0,None
09:30:01.042,Active,410.6,2.4,97.6,11.9,74.3,Yes,0.0,None
09:30:01.461,Active,409.1,2.4,98.2,11.9,74.3,Yes,0.0,None
09:30:01.873,Active,405.3,2.4,98.2,11.9,75.5,Yes,0.0,None
09:30:02.288,Active,408.9,2.4,98.8,11.9,74.9,Yes,0.0,None
09:30:02.704,Active,408.7,2.4,98.8,11.9,74.3,Yes,0.0,None
09:30:03.121,Active,409.2,2.4,98.2,11.9,74.3,Yes,0.0,None
09:30:03.537,Active,409.8,2.4,98.8,11.9,74.9,Yes,0.0,None
09:30:03.949,Active,405.5,2.4,98.2,11.9,76.0,Yes,0.0,None
09:30:04.363,Active,407.6,2.4,99.4,11.9,74.9,Yes,0.0,None
09:30:04.801,Active,430.9,2.4,98.8,11.9,74.3,Yes,0.0,None
09:30:05.217,Active,409.9,2.4,98.8,11.9,75.5,Yes,0.0,None
09:30:05.633,Active,406.7,2.4,98.2,11.9,73.8,Yes,0.0,None
09:30:06.054,Active,414.3,2.4,99.4,11.9,75.5,Yes,0.0,None
09:30:06.468,Active,407.8,2.4,98.8,11.9,74.9,Yes,0.0,None
09:30:06.886,Active,410.9,2.4,98.2,11.9,75.5,Yes,0.0,None
09:30:07.306,Active,410.5,2.4,97.0,11.9,75.5,Yes,0.0,None
09:30:07.729,Active,413.7,2.4,97.0,11.9,75.5,Yes,0.0,None
09:30:08.144,Active,408.5,2.4,98.8,11.9,76.0,Yes,0.0,None
09:30:08.566,Active,410.6,2.4,97.6,11.9,76.0,Yes,0.0,None
09:30:08.983,Active,406.9,2.4,98.8,11.9,76.0,Yes,0.0,None
09:30:09.403,Active,409.1,2.4,98.2,11.9,75.5,Yes,0.0,None
09:30:09.818,Active,407.1,2.4,98.2,11.9,76.0,Yes,0.0,None
09:30:10.236,Active,409.8,2.4,98.8,11.9,74.3,Yes,0.0,None
09:30:10.649,Active,405.9,2.4,98.2,11.9,76.0,Yes,0.0,None
09:30:11.069,Active,409.4,2.4,98.2,11.9,76.0,Yes,0.0,None
09:30:11.481,Active,405.2,2.4,99.4,11.9,76.0,Yes,0.0,None
09:30:11.900,Active,408.6,2.4,98.2,11.9,75.5,Yes,0.0,None
09:30:12.320,Active,410.4,2.4,97.6,11.9,75.5,Yes,0.0,None
09:30:12.737,Active,407.8,2.4,98.2,11.9,75.5,Yes,0.0,None
09:30:13.160,Active,413.3,2.4,98.2,11.9,76.0,Yes,0.0,None
09:30:13.574,Active,406.9,2.4,98.2,11.9,76.0,Yes,0.0,None
09:30:13.997,Active,412.8,2.4,97.6,11.9,74.9,Yes,0.0,None
09:30:14.414,Active,407.6,2.4,98.2,11.9,76.5,Yes,0.0,None
09:30:14.868,Active,447.7,2.4,97.8,11.9,75.5,Yes,0.0,None
09:30:15.286,Active,408.8,2.4,98.2,11.9,76.0,Yes,0.0,None
09:30:15.703,Active,407.3,2.4,98.8,11.9,75.5,Yes,0.0,None
09:30:16.118,Active,407.7,2.4,98.8,11.9,76.0,Yes,0.0,None
09:30:16.536,Active,408.7,2.4,98.2,11.9,76.5,Yes,0.0,None
09:30:16.953,Active,410.8,2.4,98.8,11.9,73.8,Yes,0.0,None
09:30:17.370,Active,407.6,2.4,98.2,11.9,77.1,Yes,0.0,None
09:30:17.788,Active,408.4,2.4,98.2,11.9,76.0,Yes,0.0,None
09:30:18.205,Active,410.9,2.4,98.8,11.9,76.0,Yes,0.0,None
09:30:18.619,Active,407.3,2.4,97.6,11.9,76.5,Yes,0.0,None
09:30:19.033,Active,407.9,2.4,98.8,11.9,75.5,Yes,0.0,None
09:30:19.448,Active,407.2,2.4,98.8,11.9,76.0,Yes,0.0,None
09:30:19.874,Active,418.1,2.4,98.2,11.9,76.0,Yes,0.0,None
09:30:20.291,Active,409.5,2.4,98.8,11.9,76.0,Yes,0.0,None
09:30:20.706,Active,406.8,2.4,98.2,11.9,76.5,Yes,0.0,None
09:30:21.123,Active,410.0,2.4,98.2,11.9,77.1,Yes,0.0,None
09:30:21.540,Active,407.9,2.4,98.2,11.9,76.5,Yes,0.0,None
09:30:21.952,Active,404.5,2.4,98.8,11.9,76.5,Yes,0.0,None
09:30:22.368,Active,408.6,2.4,98.8,11.9,76.5,Yes,0.0,None
09:30:22.781,Active,405.1,2.4,99.4,11.9,77.1,Yes,0.0,None
09:30:23.195,Active,407.2,2.4,98.8,11.9,76.5,Yes,0.0,None
09:30:23.618,Active,414.6,2.4,97.0,11.9,76.5,Yes,0.0,None
09:30:24.040,Active,412.3,2.4,97.6,11.9,76.5,Yes,0.0,None
09:30:24.456,Active,408.3,2.4,98.2,11.9,76.5,Yes,0.0,None
09:30:24.889,Active,426.0,2.4,98.3,11.9,76.5,Yes,0.0,None
09:30:25.315,Active,417.0,2.4,97.7,11.9,77.1,Yes,0.0,None
09:30:25.732,Active,408.4,2.4,98.8,11.9,76.5,Yes,0.0,None
09:30:26.148,Active,410.0,2.4,99.4,11.9,76.5,Yes,0.0,None
09:30:26.560,Active,406.1,2.4,98.8,11.9,76.5,Yes,0.0,None
09:30:26.983,Active,412.6,2.4,98.2,11.9,77.1,Yes,0.0,None
09:30:27.400,Active,411.4,2.4,98.2,11.9,76.5,Yes,0.0,None
09:30:27.817,Active,406.9,2.4,98.2,11.9,77.7,Yes,0.0,None
09:30:28.233,Active,409.5,2.4,99.4,11.9,77.7,Yes,0.0,None
09:30:28.651,Active,408.9,2.4,97.6,11.9,76.5,Yes,0.0,None
09:30:29.071,Active,410.0,2.4,98.2,11.9,77.1,Yes,0.0,None
09:30:29.484,Active,404.2,2.4,98.8,11.9,77.1,Yes,0.0,None
09:30:29.921,Active,430.6,2.4,98.3,11.9,77.7,Yes,0.0,None
09:30:30.338,Active,410.0,2.4,98.8,11.9,76.5,Yes,0.0,None
09:30:30.755,Active,407.7,2.4,98.2,11.9,77.7,Yes,0.0,None
09:30:31.171,Active,409.1,2.4,98.8,11.9,77.1,Yes,0.0,None
09:30:31.585,Active,406.1,2.4,98.8,11.9,77.1,Yes,0.0,None
09:30:32.006,Active,410.2,2.4,98.2,11.9,76.5,Yes,0.0,None
09:30:32.422,Active,406.2,2.4,97.6,11.9,77.1,Yes,0.0,None
09:30:32.840,Active,408.1,2.4,98.2,11.9,77.1,Yes,0.0,None
09:30:33.256,Active,408.3,2.4,98.2,11.8,77.7,Yes,0.0,None
09:30:33.671,Active,409.1,2.4,98.8,11.8,77.1,Yes,0.0,None
09:30:34.089,Active,409.1,2.4,98.8,11.9,77.7,Yes,0.0,None
09:30:34.504,Active,408.4,2.4,98.8,11.8,77.7,Yes,0.0,None
09:30:34.917,Active,406.9,2.4,98.8,11.8,78.2,Yes,0.0,None
09:30:35.357,Active,430.7,2.4,98.3,11.9,77.1,Yes,0.0,None
09:30:35.771,Active,407.6,2.4,98.8,11.9,77.7,Yes,0.0,None
