Timestamp,Mode,Latency_ms,FPS,CPU_Usage_%,RAM_Usage_%,CPU_Temp_C,Throttled,Confidence_Max,Detection_Result
20:45:58.022,Active,453.1,0.0,19.5,13.2,55.6,No,0.0,None
20:45:58.440,Active,412.2,0.0,98.8,13.2,57.3,No,0.0,None
20:45:58.857,Active,408.6,0.0,97.6,13.2,59.0,No,0.0,None
20:45:59.269,Active,404.4,0.0,98.8,13.2,59.5,No,0.0,None
20:45:59.686,Active,410.7,0.0,99.4,13.2,59.5,No,0.0,None
20:46:00.100,Active,406.5,0.0,97.6,13.2,60.6,No,0.0,None
20:46:00.523,Active,413.8,0.0,98.2,13.2,61.7,No,0.0,None
20:46:00.938,Active,409.0,0.0,97.6,13.1,61.7,No,0.0,None
20:46:01.457,Active,409.9,0.0,79.6,13.1,61.7,No,0.0,None
20:46:01.870,Active,406.1,2.3,98.8,13.1,62.2,No,0.0,None
20:46:02.286,Active,406.3,2.3,98.2,13.1,63.4,No,0.0,None
20:46:02.706,Active,410.1,2.3,97.6,13.0,63.4,No,0.0,None
20:46:03.141,Active,427.9,2.3,97.7,13.0,63.4,No,0.0,None
20:46:03.558,Active,409.2,2.3,97.6,13.0,64.5,No,0.0,None
20:46:04.000,Active,435.4,2.3,94.9,13.0,64.5,No,0.0,None
20:46:04.417,Active,409.7,2.3,98.8,12.9,65.0,No,0.0,None
20:46:04.832,Active,409.3,2.3,98.8,12.9,65.0,No,0.0,None
20:46:05.254,Active,412.3,2.3,98.2,12.9,65.0,No,0.0,None
20:46:05.671,Active,410.8,2.3,98.2,12.9,66.1,No,0.0,None
20:46:06.083,Active,405.5,2.4,99.4,12.8,66.7,No,0.0,None
20:46:06.498,Active,409.4,2.4,99.4,12.8,66.7,No,0.0,None
20:46:06.914,Active,408.4,2.4,98.8,12.8,66.1,No,0.0,None
20:46:07.331,Active,411.7,2.4,98.8,12.7,66.7,No,0.0,None
20:46:07.752,Active,412.1,2.4,97.6,12.7,67.8,No,0.0,None
20:46:08.204,Active,443.1,2.4,97.8,12.7,67.2,No,0.0,None
20:46:08.627,Active,413.4,2.4,97.0,12.6,67.8,No,0.0,None
20:46:09.043,Active,409.4,2.4,99.4,12.6,67.8,No,0.0,None
20:46:09.463,Active,413.8,2.4,98.8,12.6,68.3,No,0.0,None
20:46:09.882,Active,412.4,2.4,98.2,12.6,68.3,No,0.0,None
20:46:10.302,Active,414.2,2.4,98.8,12.5,67.8,No,0.0,None
20:46:10.720,Active,411.0,2.4,98.2,12.5,68.8,No,0.0,None
20:46:11.141,Active,411.8,2.4,98.2,12.5,68.3,No,0.0,None
20:46:11.561,Active,412.0,2.4,98.2,12.4,68.8,No,0.0,None
20:46:11.979,Active,409.9,2.4,97.6,12.4,68.3,No,0.0,None
20:46:12.396,Active,408.3,2.4,98.2,12.4,68.3,No,0.0,None
20:46:12.814,Active,408.5,2.4,97.0,12.4,69.4,No,0.0,None
20:46:13.234,Active,413.3,2.4,99.4,12.3,69.4,No,0.0,None
20:46:13.656,Active,410.4,2.4,98.2,12.3,68.8,No,0.0,None
20:46:14.075,Active,409.6,2.4,98.2,12.3,71.0,No,0.0,None
20:46:14.491,Active,410.1,2.4,98.8,12.3,69.4,No,0.0,None
20:46:14.911,Active,405.9,2.4,97.0,12.3,69.4,No,0.0,None
20:46:15.326,Active,406.6,2.4,98.2,12.3,68.8,No,0.0,None
20:46:15.752,Active,419.1,2.4,97.1,12.3,70.5,No,0.0,None
20:46:16.169,Active,407.3,2.4,98.8,12.2,71.0,No,0.0,None
20:46:16.583,Active,408.6,2.4,98.8,12.2,70.5,No,0.0,None
20:46:16.993,Active,403.8,2.4,98.8,12.2,70.0,No,0.0,None
20:46:17.403,Active,404.1,2.4,100.0,12.2,70.5,No,0.0,None
20:46:17.834,Active,422.2,2.4,98.3,12.2,69.4,No,0.0,None
20:46:18.269,Active,427.9,2.4,98.3,12.2,70.0,No,0.0,None
20:46:18.688,Active,410.8,2.4,98.2,12.2,70.5,No,0.0,None
20:46:19.104,Active,406.3,2.4,98.2,12.2,70.0,No,0.0,None
20:46:19.526,Active,412.4,2.4,97.6,12.2,70.5,No,0.0,None
20:46:19.958,Active,424.7,2.4,96.0,12.2,71.0,No,0.0,None
20:46:20.505,Active,533.0,2.4,92.1,12.3,70.0,No,0.0,None
20:46:20.922,Active,407.0,2.4,98.2,12.3,71.0,No,0.0,None
20:46:21.342,Active,409.7,2.4,97.6,12.3,70.5,No,0.0,None
20:46:21.758,Active,408.8,2.4,98.8,12.3,71.6,No,0.0,None
20:46:22.173,Active,407.5,2.4,98.8,12.3,70.5,No,0.0,None
20:46:22.621,Active,439.9,2.4,94.4,12.3,71.0,No,0.0,None
20:46:23.041,Active,411.5,2.3,98.2,12.3,71.6,No,0.0,None
20:46:23.479,Active,429.9,2.3,97.7,12.3,71.0,No,0.0,None
20:46:23.897,Active,411.8,2.3,98.2,12.3,71.6,No,0.0,None
20:46:24.322,Active,416.9,2.3,97.6,12.2,71.6,No,0.0,None
20:46:24.737,Active,408.1,2.3,98.2,12.2,71.6,No,0.0,None
20:46:25.153,Active,409.7,2.3,99.4,12.3,71.6,No,0.0,None
20:46:25.569,Active,409.1,2.3,99.4,12.2,71.6,No,0.0,None
20:46:25.985,Active,407.2,2.3,99.4,12.2,72.2,No,0.0,None
20:46:26.399,Active,405.7,2.3,99.4,12.2,72.2,No,0.0,None
20:46:26.825,Active,419.5,2.3,99.4,12.2,72.2,No,0.0,None
20:46:27.240,Active,407.0,2.4,98.8,12.2,72.2,No,0.0,None
20:46:27.656,Active,410.3,2.4,98.8,12.2,72.2,No,0.0,None
20:46:28.069,Active,404.1,2.4,98.8,12.2,72.7,No,0.0,None
20:46:28.502,Active,426.0,2.4,99.4,12.2,72.2,No,0.0,None
20:46:28.918,Active,408.8,2.4,98.8,12.2,72.7,No,0.0,None
20:46:29.330,Active,405.4,2.4,98.8,12.2,72.7,No,0.0,None
20:46:29.750,Active,413.6,2.4,99.4,12.2,72.2,No,0.0,None
20:46:30.163,Active,406.0,2.4,97.6,12.2,72.2,No,0.0,None
20:46:30.588,Active,415.9,2.4,98.8,12.2,72.7,No,0.0,None
20:46:31.011,Active,413.8,2.4,98.2,12.2,72.7,No,0.0,None
20:46:31.430,Active,410.4,2.4,98.2,12.2,72.7,No,0.0,None
20:46:31.845,Active,407.8,2.4,99.4,12.2,73.2,No,0.0,None
20:46:32.259,Active,407.6,2.4,98.2,12.2,72.7,No,0.0,None
20:46:32.677,Active,411.9,2.4,98.8,12.1,72.7,No,0.0,None
20:46:33.118,Active,432.8,2.4,94.3,12.1,73.8,No,0.0,None
20:46:33.533,Active,407.7,2.4,98.8,12.1,72.7,No,0.0,None
20:46:33.949,Active,407.9,2.4,98.8,12.1,72.7,No,0.0,None
20:46:34.360,Active,404.8,2.4,99.4,12.1,73.2,No,0.0,None
20:46:34.773,Active,406.7,2.4,99.4,12.1,73.8,No,0.0,None
20:46:35.185,Active,406.4,2.4,99.4,12.1,73.2,No,0.0,None
20:46:35.606,Active,412.5,2.4,98.8,12.1,73.2,No,0.0,None
20:46:36.050,Active,435.5,2.4,93.7,12.1,73.2,No,0.0,None
20:46:36.466,Active,409.1,2.4,98.8,12.1,73.2,No,0.0,None
20:46:36.881,Active,407.5,2.4,98.8,12.1,73.8,No,0.0,None
20:46:37.298,Active,408.5,2.4,98.8,12.1,73.2,No,0.0,None
20:46:37.714,Active,409.0,2.4,98.8,12.1,73.8,No,0.0,None
20:46:38.129,Active,408.1,2.4,98.8,12.1,74.3,No,0.0,None
20:46:38.580,Active,442.7,2.4,97.2,12.2,72.7,No,0.0,None
20:46:38.998,Active,409.0,2.4,98.8,12.1,73.8,No,0.0,None
20:46:39.411,Active,406.1,2.4,99.4,12.2,74.3,No,0.0,None
20:46:39.830,Active,405.0,2.4,98.2,12.2,73.2,No,0.0,None
20:46:40.244,Active,408.0,2.4,99.4,12.2,73.8,No,0.0,None
20:46:40.658,Active,407.3,2.4,99.4,12.2,74.3,No,0.0,None
20:46:41.074,Active,405.5,2.4,97.6,12.1,73.8,No,0.0,None
20:46:41.488,Active,408.0,2.4,98.8,12.1,73.2,No,0.0,None
20:46:41.906,Active,408.5,2.4,98.2,12.1,72.7,No,0.0,None
20:46:42.322,Active,410.0,2.4,98.8,12.1,74.3,No,0.0,None
20:46:42.738,Active,409.0,2.4,98.2,12.1,74.3,No,0.0,None
20:46:43.150,Active,404.5,2.4,99.4,12.1,74.3,No,0.0,None
20:46:43.566,Active,410.8,2.4,98.8,12.1,74.3,No,0.0,None
20:46:44.019,Active,442.2,2.4,95.0,12.0,73.8,No,0.0,None
20:46:44.434,Active,408.7,2.4,98.8,12.1,74.9,No,0.0,None
20:46:44.874,Active,432.4,2.4,95.4,12.1,74.9,No,0.0,None
20:46:45.291,Active,410.1,2.4,98.8,12.1,74.3,No,0.0,None
20:46:45.707,Active,408.8,2.4,97.6,12.1,74.3,No,0.0,None
20:46:46.128,Active,406.2,2.4,97.1,12.1,74.3,No,0.0,None
20:46:46.554,Active,416.5,2.4,97.0,12.0,74.3,No,0.0,None
20:46:46.966,Active,406.0,2.4,99.4,12.0,74.9,No,0.0,None
20:46:47.382,Active,408.5,2.4,98.8,12.0,74.9,No,0.0,None
20:46:47.813,Active,424.0,2.4,95.9,12.0,74.3,No,0.0,None
20:46:48.233,Active,408.0,2.4,97.6,12.0,74.3,No,0.0,None
20:46:48.650,Active,410.5,2.4,98.8,12.0,74.3,No,0.0,None
20:46:49.074,Active,416.5,2.4,98.8,12.0,74.9,No,0.0,None
20:46:49.490,Active,408.9,2.4,98.2,12.1,75.5,No,0.0,None
20:46:49.906,Active,409.0,2.4,98.2,12.1,74.9,No,0.0,None
20:46:50.322,Active,408.6,2.4,98.8,12.1,73.8,No,0.0,None
20:46:50.736,Active,406.6,2.4,98.8,12.1,74.9,No,0.0,None
20:46:51.252,Active,406.2,2.4,79.6,12.1,74.3,No,0.0,None
20:46:51.672,Active,410.4,2.4,98.2,12.0,75.5,No,0.0,None
20:46:52.089,Active,407.8,2.4,98.2,12.0,74.9,No,0.0,None
20:46:52.518,Active,420.9,2.3,95.9,12.0,74.9,No,0.0,None
20:46:52.931,Active,406.5,2.3,99.4,12.0,74.3,No,0.0,None
20:46:53.345,Active,407.7,2.3,98.8,12.0,74.9,No,0.0,None
20:46:53.786,Active,431.5,2.3,97.1,12.1,74.9,No,0.0,None
20:46:54.201,Active,407.6,2.3,98.8,12.1,74.9,No,0.0,None
20:46:54.618,Active,410.3,2.3,98.8,12.1,74.9,No,0.0,None
20:46:55.037,Active,409.0,2.3,97.6,12.1,74.9,No,0.0,None
20:46:55.454,Active,408.7,2.3,98.2,12.1,75.5,No,0.0,None
20:46:55.867,Active,405.5,2.3,98.2,12.1,74.9,No,0.0,None
20:46:56.282,Active,409.2,2.3,99.4,12.1,76.0,No,0.0,None
20:46:56.715,Active,426.3,2.4,95.3,12.0,75.5,No,0.0,None
20:46:57.137,Active,411.4,2.4,98.2,12.0,75.5,No,0.0,None
20:46:57.555,Active,409.2,2.4,98.2,12.0,74.9,No,0.0,None
20:47:42.991,Active,422.0,2.4,1.1,12.0,57.3,No,0.0,None
20:47:43.405,Active,407.8,2.4,98.8,12.0,59.0,No,0.0,None
20:47:43.829,Active,414.7,2.4,97.1,12.0,60.0,No,0.0,None
20:47:44.245,Active,407.8,2.4,98.2,12.0,62.2,No,0.0,None
20:47:44.661,Active,408.3,2.4,98.8,12.0,62.2,No,0.0,None
20:47:45.085,Active,415.7,2.4,98.2,12.1,63.4,No,0.0,None
20:47:45.502,Active,409.1,2.4,98.2,12.1,63.4,No,0.0,None
20:47:45.915,Active,405.8,3.0,98.8,12.1,63.9,No,0.0,None
20:47:46.331,Active,408.3,3.0,99.4,12.1,65.0,No,0.0,None
20:47:46.747,Active,408.8,3.0,98.2,12.1,66.1,No,0.0,None
20:47:47.163,Active,407.2,3.0,98.2,12.1,66.1,No,0.0,None
20:47:47.580,Active,409.8,3.0,98.2,12.1,66.1,No,0.0,None
20:47:47.995,Active,405.8,3.0,98.8,12.1,67.2,No,0.0,None
20:47:48.418,Active,412.6,3.0,97.6,12.1,67.2,No,0.0,None
20:47:48.831,Active,406.9,3.0,98.2,12.1,67.2,No,0.0,None
20:47:49.248,Active,406.8,3.0,98.2,12.1,68.3,No,0.0,None
20:47:49.664,Active,407.1,3.0,98.2,12.0,68.8,No,0.0,None
20:47:50.097,Active,422.5,2.4,98.3,12.1,68.3,No,0.0,None
20:47:50.513,Active,408.6,2.4,98.2,12.1,68.3,No,0.0,None
20:47:50.925,Active,406.0,2.4,98.8,12.1,68.8,No,0.0,None
20:47:51.339,Active,406.1,2.4,98.8,12.1,68.3,No,0.0,None
20:47:51.756,Active,407.4,2.4,98.2,12.0,68.8,No,0.0,None
20:47:52.175,Active,409.7,2.4,98.2,12.0,69.4,No,0.0,None
20:47:52.590,Active,409.3,2.4,98.8,12.0,69.4,No,0.0,None
20:47:53.005,Active,406.4,2.4,97.6,12.0,69.4,No,0.0,None
20:47:53.421,Active,408.0,2.4,98.8,12.0,70.0,No,0.0,None
20:47:53.840,Active,411.2,2.4,97.6,12.0,70.0,No,0.0,None
20:47:54.254,Active,404.8,2.4,98.2,12.0,71.0,No,0.0,None
20:47:54.669,Active,407.9,2.4,98.8,12.0,71.6,No,0.0,None
20:47:55.109,Active,434.3,2.4,98.3,12.0,71.0,No,0.0,None
20:47:55.541,Active,425.5,2.4,97.1,12.0,71.0,No,0.0,None
20:47:55.988,Active,439.2,2.4,93.2,12.0,72.7,No,0.0,None
20:47:56.417,Active,419.5,2.4,96.5,12.0,72.2,No,0.0,None
20:47:56.830,Active,406.6,2.4,98.8,12.0,71.0,No,0.0,None
20:47:57.244,Active,406.9,2.4,98.8,12.0,73.2,No,0.0,None
20:47:57.684,Active,430.7,2.4,94.9,11.9,72.2,No,0.0,None
20:47:58.101,Active,407.8,2.4,97.0,11.9,72.2,No,0.0,None
20:47:58.520,Active,410.9,2.3,98.8,11.9,72.2,No,0.0,None
20:47:58.931,Active,404.7,2.3,98.8,11.9,72.7,No,0.0,None
20:47:59.346,Active,408.8,2.3,99.4,11.9,72.2,No,0.0,None
20:47:59.769,Active,415.4,2.3,97.6,11.9,72.2,No,0.0,None
20:48:00.210,Active,432.8,2.3,98.3,12.0,72.2,No,0.0,None
20:48:00.623,Active,405.4,2.3,98.8,12.0,72.2,No,0.0,None
20:48:01.037,Active,408.5,2.3,98.8,12.0,72.2,No,0.0,None
20:48:01.451,Active,405.6,2.3,98.8,12.0,72.7,No,0.0,None
20:48:01.865,Active,407.8,2.3,99.4,12.0,71.6,No,0.0,None
20:48:02.276,Active,404.6,2.3,98.8,12.0,72.7,No,0.0,None
20:48:02.689,Active,407.6,2.4,100.0,12.0,73.2,No,0.0,None
20:48:03.104,Active,406.9,2.4,98.8,12.0,73.8,No,0.0,None
20:48:03.521,Active,408.2,2.4,98.2,11.9,73.8,No,0.0,None
20:48:03.935,Active,405.7,2.4,98.2,11.9,74.3,No,0.0,None
20:48:04.348,Active,407.1,2.4,99.4,11.9,73.8,No,0.0,None
20:48:04.768,Active,410.8,2.4,98.2,11.9,73.2,No,0.0,None
20:48:05.181,Active,407.0,2.4,98.8,11.9,72.7,No,0.0,None
20:48:05.599,Active,411.9,2.4,98.8,11.9,73.8,No,0.0,None
20:48:06.029,Active,423.6,2.4,95.9,11.9,72.7,No,0.0,None
20:48:06.457,Active,419.8,2.4,96.5,11.9,73.8,No,0.0,None
20:48:06.872,Active,406.6,2.4,97.6,11.9,73.2,No,0.0,None
20:48:07.294,Active,412.6,2.4,97.6,11.9,73.8,No,0.0,None
20:48:07.708,Active,406.4,2.4,98.8,11.9,74.3,No,0.0,None
20:48:08.120,Active,403.4,2.4,98.8,11.9,74.3,No,0.0,None
20:48:08.537,Active,408.1,2.4,98.8,11.9,73.2,No,0.0,None
20:48:08.984,Active,439.1,2.4,95.5,11.9,74.3,No,0.0,None
20:48:09.398,Active,408.0,2.4,98.8,11.9,73.8,No,0.0,None
20:48:09.812,Active,407.0,2.4,98.8,11.9,74.3,No,0.0,None
20:48:10.274,Active,452.5,2.4,97.3,11.9,74.9,No,0.0,None
20:48:10.692,Active,408.4,2.4,97.6,12.0,74.3,No,0.0,None
20:48:11.109,Active,407.8,2.4,98.2,12.0,74.3,No,0.0,None
20:48:11.526,Active,410.4,2.4,98.2,12.0,73.8,No,0.0,None
20:48:11.946,Active,412.6,2.4,97.6,12.0,74.3,No,0.0,None
20:48:12.367,Active,415.6,2.4,97.6,12.0,74.9,No,0.0,None
20:48:12.785,Active,407.3,2.4,98.8,11.9,74.3,No,0.0,None
20:48:13.207,Active,413.7,2.4,98.8,11.9,74.3,No,0.0,None
20:48:13.621,Active,408.0,2.4,98.2,11.9,74.9,No,0.0,None
20:48:14.038,Active,406.9,2.4,98.2,11.9,74.9,No,0.0,None
20:48:14.457,Active,409.1,2.4,98.2,11.9,74.9,No,0.0,None
20:48:14.874,Active,407.5,2.4,98.2,11.9,75.5,No,0.0,None
20:48:15.298,Active,417.8,2.4,98.8,11.9,74.9,No,0.0,None
20:48:15.717,Active,409.5,2.4,98.2,11.9,74.3,No,0.0,None
20:48:16.133,Active,406.2,2.4,97.6,11.9,74.9,No,0.0,None
20:48:16.557,Active,416.8,2.4,98.2,11.9,76.0,No,0.0,None
20:48:16.972,Active,408.5,2.4,98.8,11.9,75.5,No,0.0,None
20:48:17.391,Active,410.6,2.4,97.6,11.9,76.0,No,0.0,None
20:48:17.807,Active,409.5,2.4,98.2,11.9,75.5,No,0.0,None
20:48:18.227,Active,409.5,2.4,98.2,11.9,76.0,No,0.0,None
20:48:18.644,Active,410.0,2.4,98.2,11.9,75.5,No,0.0,None
20:48:19.059,Active,405.7,2.4,98.2,11.9,76.0,No,0.0,None
20:48:19.475,Active,409.8,2.4,98.8,11.9,75.5,No,0.0,None
20:48:19.894,Active,408.7,2.4,97.6,11.9,76.0,No,0.0,None
20:48:20.322,Active,420.8,2.4,98.3,11.9,75.5,No,0.0,None
20:48:20.737,Active,408.3,2.4,98.8,11.9,75.5,No,0.0,None
20:48:21.254,Active,408.2,2.4,79.2,11.9,74.9,No,0.0,None
20:48:21.670,Active,409.2,2.4,98.8,11.9,75.5,No,0.0,None
20:48:22.086,Active,408.8,2.4,98.8,11.9,74.9,No,0.0,None
20:48:22.502,Active,409.0,2.4,98.2,11.9,76.0,No,0.0,None
20:48:22.922,Active,412.4,2.4,97.0,11.9,76.0,No,0.0,None
20:48:23.340,Active,411.4,2.4,98.2,11.9,76.0,No,0.0,None
20:48:23.758,Active,410.7,2.3,98.8,11.9,75.5,No,0.0,None
20:48:24.169,Active,403.5,2.3,98.8,11.9,75.5,No,0.0,None
20:48:24.586,Active,408.5,2.3,98.8,11.9,76.5,No,0.0,None
20:48:25.015,Active,417.7,2.3,97.1,11.9,77.1,No,0.0,None
20:48:25.454,Active,431.3,2.3,97.2,11.9,76.0,No,0.0,None
20:48:25.867,Active,405.4,2.3,98.8,11.9,76.0,No,0.0,None
20:48:26.286,Active,409.0,2.3,98.2,11.9,76.0,No,0.0,None
20:48:26.703,Active,409.6,2.3,98.2,11.9,74.9,No,0.0,None
20:48:27.133,Active,420.8,2.3,97.7,11.9,76.0,No,0.0,None
20:48:27.550,Active,409.0,2.3,98.8,11.9,76.0,No,0.0,None
20:48:27.962,Active,404.3,2.4,98.2,11.9,77.7,No,0.0,None
20:48:28.378,Active,405.4,2.4,98.8,11.9,76.0,No,0.0,None
20:48:28.808,Active,421.2,2.4,97.1,11.9,76.0,No,0.0,None
20:48:29.224,Active,405.5,2.4,98.2,11.9,76.5,No,0.0,None
20:48:29.641,Active,408.2,2.4,98.8,11.9,76.5,No,0.0,None
20:48:30.059,Active,407.9,2.4,97.6,11.9,76.5,No,0.0,None
20:48:30.486,Active,420.7,2.4,98.8,11.9,76.0,No,0.0,None
20:48:30.904,Active,408.3,2.4,98.2,11.9,76.5,No,0.0,None
20:48:31.323,Active,408.9,2.4,98.2,11.9,76.0,No,0.0,None
20:48:31.739,Active,409.3,2.4,98.2,11.9,76.5,No,0.0,None
20:48:32.157,Active,407.7,2.4,98.2,11.9,76.0,No,0.0,None
20:48:32.587,Active,421.5,2.4,96.0,11.9,76.5,No,0.0,None
20:48:33.032,Active,439.0,2.4,96.6,11.9,77.1,No,0.0,None
20:48:33.470,Active,429.2,2.4,95.4,11.9,77.1,No,0.0,None
20:48:33.892,Active,414.3,2.4,97.0,11.9,76.5,No,0.0,None
20:48:34.313,Active,411.6,2.4,97.6,11.9,77.1,No,0.0,None
20:48:34.768,Active,447.0,2.4,94.6,11.9,76.0,No,0.0,None
20:48:35.183,Active,406.4,2.4,97.6,11.9,76.0,No,0.0,None
20:48:35.599,Active,409.0,2.4,99.4,11.9,76.5,No,0.0,None
20:48:36.013,Active,405.7,2.4,98.2,11.9,76.5,No,0.0,None
20:48:36.430,Active,408.5,2.3,98.8,11.9,76.5,No,0.0,None
20:48:36.847,Active,409.6,2.3,98.2,11.9,76.5,No,0.0,None
20:48:37.260,Active,407.0,2.3,98.8,11.8,76.5,No,0.0,None
20:48:37.674,Active,407.4,2.3,98.2,11.8,76.5,No,0.0,None
20:48:38.087,Active,407.1,2.3,99.4,11.8,76.5,No,0.0,None
20:48:38.500,Active,407.6,2.3,98.2,11.8,76.5,No,0.0,None
20:48:38.916,Active,406.5,2.3,98.2,11.8,77.1,No,0.0,None
20:48:39.329,Active,406.7,2.3,99.4,11.8,77.1,No,0.0,None
20:48:39.748,Active,411.0,2.3,98.8,11.9,77.1,No,0.0,None
20:48:40.162,Active,405.0,2.3,98.2,11.9,77.1,No,0.0,None
20:48:40.607,Active,438.4,2.4,98.3,11.9,77.1,No,0.0,None
20:48:41.022,Active,409.3,2.4,98.8,11.9,77.1,No,0.0,None
20:48:41.440,Active,411.8,2.4,98.2,12.0,77.1,No,0.0,None
20:48:41.852,Active,406.4,2.4,99.4,12.0,77.1,No,0.0,None
20:48:42.268,Active,407.2,2.4,98.2,12.0,76.5,No,0.0,None
20:48:42.690,Active,411.2,2.4,97.6,12.0,76.5,No,0.0,None
20:49:28.130,Active,426.8,2.4,1.9,11.9,58.4,No,0.0,None
20:49:28.548,Active,408.0,2.4,98.2,11.9,60.6,No,0.0,None
20:49:28.965,Active,407.4,2.4,98.2,11.9,61.7,No,0.0,None
20:49:29.382,Active,406.9,2.4,98.2,11.9,62.2,No,0.0,None
20:49:29.800,Active,408.8,4.8,97.6,11.9,63.4,No,0.0,None
20:49:30.214,Active,404.8,4.8,98.8,11.9,64.5,No,0.0,None
20:49:30.633,Active,408.4,4.8,98.2,11.9,64.5,No,0.0,None
20:49:31.048,Active,406.5,4.8,98.2,11.9,65.5,No,0.0,None
20:49:31.482,Active,424.9,4.8,97.1,11.9,65.5,No,0.0,None
20:49:31.902,Active,410.5,4.8,98.8,11.9,66.7,No,0.0,None
20:49:32.318,Active,408.5,4.8,98.8,12.0,67.2,No,0.0,None
20:49:32.735,Active,409.6,4.8,98.8,12.0,67.2,No,0.0,None
20:49:33.151,Active,410.4,4.8,98.2,12.0,67.8,No,0.0,None
20:49:33.600,Active,438.5,4.8,94.4,12.0,67.8,No,0.0,None
20:49:34.022,Active,408.8,2.4,97.0,11.9,68.3,No,0.0,None
20:49:34.459,Active,430.0,2.4,96.0,11.9,68.8,No,0.0,None
20:49:34.876,Active,407.8,2.4,98.2,11.9,69.4,No,0.0,None
20:49:35.303,Active,421.4,2.4,97.6,11.9,70.0,No,0.0,None
20:49:35.721,Active,408.4,2.4,98.2,11.9,69.4,No,0.0,None
20:49:36.142,Active,408.7,2.4,97.6,11.9,69.4,No,0.0,None
20:49:36.556,Active,408.1,2.4,98.2,11.9,70.0,No,0.0,None
20:49:37.010,Active,445.0,2.4,94.5,11.9,70.0,No,0.0,None
20:49:37.426,Active,408.8,2.4,99.4,11.9,71.0,No,0.0,None
20:49:37.842,Active,408.9,2.4,98.8,11.9,70.0,No,0.0,None
20:49:38.256,Active,406.3,2.4,98.2,11.9,71.6,No,0.0,None
20:49:38.674,Active,408.8,2.4,98.2,11.9,71.0,No,0.0,None
20:49:39.087,Active,405.6,2.4,98.2,11.9,71.6,No,0.0,None
20:49:39.501,Active,408.0,2.4,99.4,11.9,71.6,No,0.0,None
20:49:39.918,Active,408.8,2.4,98.8,11.9,71.0,No,0.0,None
20:49:40.335,Active,406.3,2.4,97.0,11.9,72.2,No,0.0,None
20:49:40.765,Active,419.8,2.4,97.1,11.9,72.2,No,0.0,None
20:49:41.181,Active,406.3,2.4,98.2,11.9,72.2,No,0.0,None
20:49:41.674,Active,484.5,2.4,93.8,11.9,71.6,No,0.0,None
20:49:42.087,Active,406.8,2.4,99.4,11.9,71.6,No,0.0,None
20:49:42.502,Active,408.5,2.4,98.8,11.9,72.2,No,0.0,None
20:49:42.921,Active,409.9,2.4,97.0,11.9,72.7,No,0.0,None
20:49:43.334,Active,407.1,2.4,98.8,11.9,73.2,No,0.0,None
20:49:43.747,Active,406.5,2.4,98.8,11.9,72.7,No,0.0,None
20:49:44.159,Active,405.5,2.4,99.4,11.9,73.2,No,0.0,None
20:49:44.575,Active,410.1,2.4,98.8,11.9,72.7,No,0.0,None
20:49:44.988,Active,407.1,2.4,98.8,11.9,73.8,No,0.0,None
20:49:45.401,Active,407.3,2.4,98.8,11.9,73.8,No,0.0,None
20:49:45.823,Active,413.5,2.4,97.6,11.9,73.2,No,0.0,None
20:49:46.235,Active,406.0,2.4,98.8,11.8,73.8,No,0.0,None
20:49:46.652,Active,408.6,2.4,98.8,11.9,73.8,No,0.0,None
20:49:47.079,Active,417.4,2.4,98.2,11.9,73.2,No,0.0,None
20:49:47.493,Active,407.5,2.4,98.8,11.9,73.8,No,0.0,None
20:49:47.907,Active,406.0,2.4,98.8,11.9,74.3,No,0.0,None
20:49:48.322,Active,405.2,2.4,98.2,11.9,74.3,No,0.0,None
20:49:48.749,Active,419.9,2.4,97.1,11.9,73.8,No,0.0,None
20:49:49.169,Active,411.5,2.4,97.6,11.9,74.3,No,0.0,None
20:49:49.594,Active,416.7,2.4,98.2,11.9,74.9,No,0.0,None
20:49:50.006,Active,406.4,2.4,98.8,11.9,73.8,No,0.0,None
20:49:50.423,Active,407.3,2.4,98.2,11.9,74.3,No,0.0,None
20:49:50.841,Active,411.5,2.4,97.6,11.9,73.8,No,0.0,None
20:49:51.258,Active,407.2,2.4,98.2,11.9,74.3,No,0.0,None
20:49:51.679,Active,411.5,2.4,98.2,11.9,73.8,No,0.0,None
20:49:52.104,Active,418.3,2.4,98.2,11.9,73.2,No,0.0,None
20:49:52.522,Active,408.3,2.4,98.2,11.9,75.5,No,0.0,None
20:49:52.935,Active,403.3,2.4,98.2,11.9,74.9,No,0.0,None
20:49:53.352,Active,407.5,2.4,98.2,11.9,74.9,No,0.0,None
20:49:53.786,Active,424.6,2.4,96.0,11.9,74.9,No,0.0,None
20:49:54.198,Active,405.5,2.4,98.8,11.9,74.3,No,0.0,None
20:49:54.616,Active,410.9,2.4,98.2,11.9,74.9,No,0.0,None
20:49:55.030,Active,404.9,2.4,98.2,11.9,74.9,No,0.0,None
20:49:55.449,Active,412.2,2.4,98.8,11.9,74.9,No,0.0,None
20:49:55.866,Active,410.7,2.4,98.2,11.9,74.9,No,0.0,None
20:49:56.283,Active,409.6,2.4,98.2,11.9,74.9,No,0.0,None
20:49:56.721,Active,432.1,2.4,94.9,11.9,76.0,No,0.0,None
20:49:57.154,Active,425.2,2.4,98.2,11.9,74.9,No,0.0,None
20:49:57.576,Active,414.6,2.4,98.2,11.9,75.5,No,0.0,None
20:49:58.002,Active,416.4,2.4,97.6,11.9,75.5,No,0.0,None
20:49:58.429,Active,419.8,2.4,97.7,11.9,74.9,No,0.0,None
20:49:58.846,Active,405.3,2.4,98.2,11.9,76.0,No,0.0,None
20:49:59.259,Active,406.7,2.4,98.8,11.9,75.5,No,0.0,None
20:49:59.677,Active,407.9,2.4,98.2,11.9,77.1,No,0.0,None
20:50:00.089,Active,406.0,2.4,98.8,11.9,75.5,No,0.0,None
20:50:00.506,Active,410.5,2.4,99.4,11.9,76.0,No,0.0,None
20:50:00.914,Active,402.9,2.4,98.8,11.9,76.0,No,0.0,None
20:50:01.328,Active,404.1,2.4,99.4,11.9,76.5,No,0.0,None
20:50:01.747,Active,412.3,2.4,99.4,11.9,76.0,No,0.0,None
20:50:02.248,Active,495.1,2.4,92.0,11.9,76.0,No,0.0,None
20:50:02.764,Active,406.5,2.4,79.1,11.9,75.5,No,0.0,None
20:50:03.182,Active,406.8,2.4,98.2,11.9,75.5,No,0.0,None
20:50:03.601,Active,409.8,2.3,98.2,11.9,76.0,No,0.0,None
20:50:04.025,Active,413.8,2.3,97.0,11.9,76.0,No,0.0,None
20:50:04.453,Active,419.7,2.3,96.5,11.9,75.5,No,0.0,None
20:50:04.868,Active,406.5,2.3,98.8,11.9,76.0,No,0.0,None
20:50:05.315,Active,437.1,2.3,94.4,11.9,76.0,No,0.0,None
20:50:05.731,Active,409.2,2.3,98.8,11.9,76.0,No,0.0,None
20:50:06.146,Active,409.2,2.3,98.8,11.9,76.0,No,0.0,None
20:50:06.561,Active,408.0,2.3,98.8,11.9,75.5,No,0.0,None
20:50:07.003,Active,433.8,2.3,94.9,11.8,76.0,No,0.0,None
20:50:07.421,Active,408.9,2.3,98.2,11.9,76.0,No,0.0,None
20:50:07.835,Active,405.4,2.4,98.2,11.9,76.0,No,0.0,None
20:50:08.249,Active,408.2,2.4,98.8,11.9,76.0,No,0.0,None
20:50:08.662,Active,407.1,2.4,98.8,11.9,76.5,No,0.0,None
20:50:09.076,Active,406.4,2.4,99.4,11.9,76.5,No,0.0,None
20:50:09.497,Active,412.9,2.4,97.6,11.9,76.5,No,0.0,None
20:50:09.913,Active,408.0,2.4,98.2,11.8,76.5,No,0.0,None
20:50:10.333,Active,407.9,2.4,97.6,11.9,76.0,No,0.0,None
20:50:10.753,Active,410.0,2.4,97.6,11.9,76.5,No,0.0,None
20:50:11.171,Active,407.8,2.4,98.2,11.9,76.5,No,0.0,None
20:50:11.585,Active,408.7,2.4,98.8,11.9,75.5,No,0.0,None
20:50:11.998,Active,404.3,2.4,98.8,11.9,77.1,No,0.0,None
20:50:12.438,Active,432.5,2.4,98.9,12.0,76.5,No,0.0,None
20:50:12.855,Active,409.9,2.4,98.8,12.0,76.5,No,0.0,None
20:50:13.269,Active,408.0,2.4,98.2,12.0,77.1,No,0.0,None
20:50:13.687,Active,411.6,2.4,98.8,12.0,77.1,No,0.0,None
20:50:14.100,Active,407.3,2.4,98.8,12.0,77.1,No,0.0,None
20:50:14.517,Active,407.3,2.4,97.6,12.0,77.1,No,0.0,None
20:50:14.940,Active,415.0,2.4,97.6,11.9,77.1,No,0.0,None
20:50:15.375,Active,424.6,2.4,95.9,11.9,77.1,No,0.0,None
20:50:15.790,Active,408.9,2.4,98.8,11.9,77.1,No,0.0,None
20:50:16.202,Active,406.1,2.4,98.8,11.9,77.1,No,0.0,None
20:50:16.627,Active,418.3,2.4,97.6,11.9,77.1,No,0.0,None
20:50:17.050,Active,412.5,2.4,97.1,11.9,77.1,No,0.0,None
20:50:17.483,Active,423.2,2.4,98.3,11.9,77.7,No,0.0,None
20:50:17.896,Active,407.7,2.4,98.2,11.9,77.1,No,0.0,None
20:50:18.309,Active,406.9,2.4,98.8,11.9,76.5,No,0.0,None
20:50:18.726,Active,408.5,2.4,98.8,11.9,77.1,No,0.0,None
20:50:19.142,Active,408.6,2.4,98.2,11.9,77.7,No,0.0,None
20:50:19.559,Active,411.0,2.4,98.2,11.9,77.1,No,0.0,None
20:50:19.970,Active,404.9,2.4,98.8,11.9,78.8,No,0.0,None
20:50:20.386,Active,408.6,2.4,98.8,11.9,77.7,No,0.0,None
20:50:20.802,Active,409.7,2.4,98.8,11.9,77.7,No,0.0,None
20:50:21.218,Active,409.0,2.4,98.2,11.9,77.7,No,0.0,None
20:50:21.650,Active,425.3,2.4,96.0,11.9,77.1,No,0.0,None
20:50:22.064,Active,407.6,2.4,98.8,11.9,77.7,No,0.0,None
20:50:22.491,Active,418.1,2.4,98.2,11.9,77.7,No,0.0,None
20:50:22.907,Active,409.2,2.4,98.8,11.9,77.1,No,0.0,None
20:50:23.320,Active,407.5,2.4,98.8,11.9,77.7,No,0.0,None
20:50:23.738,Active,411.3,2.4,98.8,11.9,77.7,No,0.0,None
20:50:24.258,Active,412.6,2.4,79.3,11.9,78.2,No,0.0,None
20:50:24.677,Active,412.1,2.3,98.8,11.9,77.1,No,0.0,None
20:50:25.090,Active,406.3,2.3,98.8,11.9,77.7,No,0.0,None
20:50:25.511,Active,410.4,2.3,98.2,11.9,77.1,No,0.0,None
20:50:25.926,Active,407.5,2.3,98.2,11.9,77.7,No,0.0,None
20:50:26.343,Active,406.7,2.3,98.2,11.9,77.7,No,0.0,None
20:50:26.758,Active,408.1,2.3,98.8,11.9,77.7,No,0.0,None
20:50:27.183,Active,414.5,2.3,98.2,11.9,77.7,No,0.0,None
20:50:27.621,Active,428.1,2.3,96.6,11.9,77.7,No,0.0,None
20:50:28.038,Active,406.8,2.3,98.2,11.9,78.2,No,0.0,None
20:51:13.474,Active,421.4,2.3,1.1,11.7,59.5,No,0.0,None
20:51:13.886,Active,406.2,11.9,99.4,11.7,61.1,No,0.0,None
20:51:14.298,Active,404.8,11.9,99.4,11.7,61.7,No,0.0,None
20:51:14.715,Active,409.5,11.9,98.8,11.7,62.8,No,0.0,None
20:51:15.130,Active,406.6,11.9,97.6,11.7,63.9,No,0.0,None
20:51:15.548,Active,408.1,11.9,98.2,11.7,64.5,No,0.0,None
20:51:15.963,Active,406.6,11.9,98.8,11.7,65.5,No,0.0,None
20:51:16.381,Active,408.6,11.9,97.6,11.6,65.0,No,0.0,None
20:51:16.799,Active,409.9,11.9,98.2,11.6,66.1,No,0.0,None
20:51:17.216,Active,408.0,11.9,97.6,11.6,66.1,No,0.0,None
20:51:17.635,Active,409.2,11.9,98.2,11.6,67.2,No,0.0,None
20:51:18.051,Active,408.1,2.4,98.2,11.6,67.2,No,0.0,None
20:51:18.483,Active,423.6,2.4,98.3,11.7,67.8,No,0.0,None
20:51:18.897,Active,406.9,2.4,98.2,11.7,67.8,No,0.0,None
20:51:19.315,Active,408.0,2.4,98.2,11.6,68.8,No,0.0,None
20:51:19.732,Active,407.8,2.4,98.2,11.6,69.4,No,0.0,None
20:51:20.149,Active,408.7,2.4,97.6,11.6,69.4,No,0.0,None
20:51:20.562,Active,407.2,2.4,99.4,11.6,68.8,No,0.0,None
20:51:20.980,Active,407.9,2.4,98.2,11.6,70.5,No,0.0,None
20:51:21.395,Active,405.7,2.4,98.2,11.6,70.0,No,0.0,None
20:51:21.811,Active,406.8,2.4,98.8,11.6,70.5,No,0.0,None
20:51:22.226,Active,408.1,2.4,98.8,11.6,70.0,No,0.0,None
20:51:22.737,Active,405.2,2.4,79.5,11.6,70.5,No,0.0,None
20:51:23.149,Active,404.8,2.4,98.8,11.6,71.0,No,0.0,None
20:51:23.577,Active,417.7,2.4,98.8,11.6,71.0,No,0.0,None
20:51:23.993,Active,405.2,2.4,98.2,11.6,71.6,No,0.0,None
20:51:24.413,Active,410.0,2.4,98.8,11.6,72.7,No,0.0,None
20:51:24.829,Active,409.1,2.4,98.8,11.6,71.6,No,0.0,None
20:51:25.240,Active,405.1,2.4,98.8,11.6,72.2,No,0.0,None
20:51:25.654,Active,405.7,2.4,99.4,11.6,72.2,No,0.0,None
20:51:26.066,Active,403.8,2.4,99.4,11.6,72.2,No,0.0,None
20:51:26.480,Active,408.1,2.4,99.4,11.5,71.6,No,0.0,None
20:51:26.892,Active,406.1,2.4,98.8,11.5,72.2,No,0.0,None
20:51:27.306,Active,407.5,2.4,99.4,11.5,72.7,No,0.0,None
20:51:27.723,Active,409.9,2.4,98.2,11.5,73.2,No,0.0,None
20:51:28.139,Active,409.9,2.4,98.2,11.5,72.2,No,0.0,None
20:51:28.584,Active,439.3,2.4,97.2,11.6,72.7,No,0.0,None
20:51:29.002,Active,407.6,2.4,98.2,11.6,73.2,No,0.0,None
20:51:29.420,Active,409.3,2.4,98.2,11.6,72.7,No,0.0,None
20:51:29.835,Active,405.7,2.4,98.8,11.6,73.2,No,0.0,None
20:51:30.254,Active,407.7,2.4,97.0,11.6,73.2,No,0.0,None
20:51:30.674,Active,410.6,2.4,98.2,11.6,74.3,No,0.0,None
20:51:31.091,Active,409.9,2.4,98.8,11.6,73.2,No,0.0,None
20:51:31.506,Active,408.4,2.4,98.2,11.6,73.8,No,0.0,None
20:51:31.921,Active,408.4,2.4,98.2,11.5,73.8,No,0.0,None
20:51:32.338,Active,408.5,2.4,98.8,11.5,73.2,No,0.0,None
20:51:32.762,Active,416.6,2.4,98.2,11.5,73.2,No,0.0,None
20:51:33.178,Active,409.6,2.4,98.2,11.5,74.3,No,0.0,None
20:51:33.610,Active,427.0,2.4,99.4,11.5,73.8,No,0.0,None
20:51:34.026,Active,409.0,2.4,98.8,11.5,74.3,No,0.0,None
20:51:34.534,Active,408.0,2.4,80.8,11.6,74.3,No,0.0,None
20:51:34.955,Active,410.4,2.3,97.6,11.6,73.8,No,0.0,None
20:51:35.367,Active,406.3,2.3,98.8,11.6,74.3,No,0.0,None
20:51:35.783,Active,406.8,2.3,98.2,11.6,74.9,No,0.0,None
20:51:36.198,Active,408.6,2.3,99.4,11.6,74.9,No,0.0,None
20:51:36.615,Active,409.5,2.3,97.6,11.5,73.8,No,0.0,None
20:51:37.032,Active,409.8,2.3,98.2,11.5,74.3,No,0.0,None
20:51:37.451,Active,409.7,2.3,98.2,11.5,74.9,No,0.0,None
20:51:37.867,Active,407.5,2.3,98.2,11.5,74.9,No,0.0,None
20:51:38.284,Active,406.5,2.3,97.6,11.5,74.3,No,0.0,None
20:51:38.701,Active,407.6,2.3,98.8,11.5,74.9,No,0.0,None
20:51:39.115,Active,408.5,2.4,99.4,11.5,75.5,No,0.0,None
20:51:39.532,Active,408.9,2.4,97.6,11.5,75.5,No,0.0,None
20:51:39.979,Active,436.8,2.4,93.7,11.5,74.9,No,0.0,None
20:51:40.395,Active,407.4,2.4,98.2,11.5,74.9,No,0.0,None
20:51:40.811,Active,409.3,2.4,99.4,11.5,74.9,No,0.0,None
20:51:41.244,Active,427.4,2.4,95.4,11.5,75.5,No,0.0,None
20:51:41.672,Active,419.1,2.4,96.5,11.5,76.0,No,0.0,None
20:51:42.086,Active,407.8,2.4,98.8,11.5,75.5,No,0.0,None
20:51:42.500,Active,407.2,2.4,98.8,11.5,75.5,No,0.0,None
20:51:42.918,Active,408.4,2.4,98.8,11.5,75.5,No,0.0,None
20:51:43.335,Active,411.1,2.4,98.2,11.5,75.5,No,0.0,None
20:51:43.785,Active,443.9,2.4,98.9,11.6,75.5,No,0.0,None
20:51:44.200,Active,407.0,2.4,98.8,11.6,74.9,No,0.0,None
20:51:44.618,Active,411.8,2.4,98.8,11.6,75.5,No,0.0,None
20:51:45.035,Active,409.8,2.4,98.2,11.6,75.5,No,0.0,None
20:51:45.449,Active,407.5,2.4,98.8,11.6,74.9,No,0.0,None
20:51:45.866,Active,408.5,2.4,98.8,11.6,75.5,No,0.0,None
20:51:46.280,Active,406.9,2.4,98.2,11.6,76.5,No,0.0,None
20:51:46.698,Active,408.3,2.4,98.8,11.5,76.0,No,0.0,None
20:51:47.116,Active,408.3,2.4,98.2,11.5,76.0,No,0.0,None
20:51:47.528,Active,404.5,2.4,98.8,11.5,75.5,No,0.0,None
20:51:47.941,Active,403.6,2.4,98.8,11.5,76.0,No,0.0,None
20:51:48.456,Active,409.0,2.4,80.1,11.5,74.9,No,0.0,None
20:51:48.884,Active,420.3,2.4,98.8,11.5,76.0,No,0.0,None
20:51:49.300,Active,408.0,2.4,98.8,11.5,76.0,No,0.0,None
20:51:49.713,Active,406.8,2.4,98.8,11.5,76.0,No,0.0,None
20:51:50.127,Active,407.3,2.4,99.4,11.5,76.0,No,0.0,None
20:51:50.543,Active,409.6,2.4,98.8,11.5,76.0,No,0.0,None
20:51:50.958,Active,408.5,2.4,99.4,11.5,76.0,No,0.0,None
20:51:51.372,Active,408.1,2.4,98.8,11.5,76.0,No,0.0,None
20:51:51.790,Active,409.1,2.3,98.2,11.5,75.5,No,0.0,None
20:51:52.205,Active,407.7,2.3,98.8,11.5,76.5,No,0.0,None
20:51:52.619,Active,407.9,2.3,98.8,11.5,76.5,No,0.0,None
20:51:53.034,Active,404.4,2.3,98.2,11.5,77.1,No,0.0,None
20:51:53.450,Active,407.9,2.3,99.4,11.5,76.0,No,0.0,None
20:51:53.879,Active,422.0,2.3,98.2,11.5,76.5,No,0.0,None
20:51:54.297,Active,406.9,2.3,98.2,11.5,76.0,No,0.0,None
20:51:54.714,Active,408.8,2.3,98.2,11.5,77.1,No,0.0,None
20:51:55.134,Active,413.1,2.3,98.2,11.5,76.0,No,0.0,None
20:51:55.558,Active,417.2,2.3,97.1,11.5,76.5,No,0.0,None
20:51:55.979,Active,409.5,2.4,97.6,11.5,76.5,No,0.0,None
20:51:56.393,Active,405.6,2.4,98.8,11.5,77.1,No,0.0,None
20:51:56.811,Active,407.2,2.4,98.2,11.5,76.5,No,0.0,None
20:51:57.226,Active,409.0,2.4,98.8,11.5,76.5,No,0.0,None
20:51:57.643,Active,409.7,2.4,98.2,11.5,76.5,No,0.0,None
20:51:58.060,Active,407.0,2.4,98.2,11.5,78.2,No,0.0,None
20:51:58.475,Active,407.3,2.4,98.8,11.5,77.1,No,0.0,None
20:51:58.918,Active,432.6,2.4,97.2,11.5,76.5,No,0.0,None
20:51:59.332,Active,407.1,2.4,98.8,11.6,77.7,No,0.0,None
20:51:59.750,Active,407.7,2.4,98.2,11.5,76.5,No,0.0,None
20:52:00.168,Active,408.4,2.4,97.6,11.6,76.5,No,0.0,None
20:52:00.586,Active,408.3,2.4,98.8,11.6,77.1,No,0.0,None
20:52:01.004,Active,408.8,2.4,97.0,11.6,77.1,No,0.0,None
20:52:01.423,Active,410.1,2.4,97.6,11.5,77.1,No,0.0,None
20:52:01.838,Active,408.8,2.4,99.4,11.5,77.7,No,0.0,None
20:52:02.358,Active,411.7,2.4,78.7,11.5,76.5,No,0.0,None
20:52:02.774,Active,405.9,2.4,98.8,11.5,77.1,No,0.0,None
20:52:03.190,Active,407.7,2.4,98.2,11.5,77.1,No,0.0,None
20:52:03.612,Active,414.3,2.4,97.6,11.5,77.7,No,0.0,None
20:52:04.042,Active,420.5,2.4,98.2,11.5,77.7,No,0.0,None
20:52:04.457,Active,407.9,2.3,98.2,11.5,77.7,No,0.0,None
20:52:04.870,Active,406.9,2.3,99.4,11.5,77.1,No,0.0,None
20:52:05.286,Active,408.8,2.3,98.8,11.5,77.7,No,0.0,None
20:52:05.701,Active,408.2,2.3,97.6,11.5,77.1,No,0.0,None
20:52:06.115,Active,406.2,2.3,98.2,11.5,77.1,No,0.0,None
20:52:06.533,Active,408.4,2.3,98.8,11.5,77.1,No,0.0,None
20:52:06.952,Active,410.7,2.3,97.6,11.5,77.1,No,0.0,None
20:52:07.367,Active,408.9,2.3,98.8,11.5,77.7,No,0.0,None
20:52:07.783,Active,408.1,2.3,98.2,11.5,77.1,No,0.0,None
20:52:08.198,Active,406.0,2.3,98.2,11.5,78.2,No,0.0,None
20:52:08.619,Active,411.1,2.4,98.2,11.5,77.1,No,0.0,None
20:52:09.034,Active,408.0,2.4,98.2,11.5,77.7,No,0.0,None
20:52:09.453,Active,409.5,2.4,97.6,11.5,77.7,No,0.0,None
20:52:09.866,Active,406.2,2.4,98.8,11.5,77.7,No,0.0,None
20:52:10.279,Active,406.3,2.4,99.4,11.5,77.7,No,0.0,None
20:52:10.696,Active,410.4,2.4,98.8,11.5,77.7,No,0.0,None
20:52:11.112,Active,406.8,2.4,98.2,11.5,77.1,No,0.0,None
20:52:11.528,Active,407.8,2.4,98.2,11.5,77.1,No,0.0,None
20:52:11.946,Active,408.5,2.4,98.2,11.5,78.2,No,0.0,None
20:52:12.359,Active,405.6,2.4,98.8,11.5,78.2,No,0.0,None
20:52:12.779,Active,409.5,2.4,97.6,11.5,77.7,No,0.0,None
20:52:13.195,Active,407.7,2.4,98.2,11.5,77.7,No,0.0,None
20:52:58.635,Active,426.3,2.4,1.3,11.5,58.4,No,0.0,None
20:52:59.046,Active,405.2,2.4,99.4,11.5,60.6,No,0.0,None
20:52:59.488,Active,435.9,2.4,96.1,11.5,61.1,No,0.0,None
20:52:59.925,Active,428.9,2.4,98.3,11.6,63.4,No,0.0,None
20:53:00.339,Active,402.9,2.4,98.8,11.6,63.9,No,0.0,None
20:53:00.756,Active,409.5,2.4,98.8,11.6,63.4,No,0.0,None
20:53:01.172,Active,408.6,2.4,98.8,11.6,65.0,No,0.0,None
20:53:01.584,Active,405.4,2.4,98.2,11.6,66.7,No,0.0,None
20:53:02.001,Active,407.7,2.6,98.8,11.6,65.5,No,0.0,None
20:53:02.416,Active,406.9,2.6,98.2,11.6,67.2,No,0.0,None
20:53:02.829,Active,405.3,2.6,99.4,11.6,66.7,No,0.0,None
20:53:03.250,Active,412.9,2.6,97.6,11.6,67.8,No,0.0,None
20:53:03.669,Active,409.0,2.6,97.6,11.5,68.3,No,0.0,None
20:53:04.088,Active,407.7,2.6,98.2,11.6,68.3,No,0.0,None
20:53:04.502,Active,406.4,2.6,98.2,11.6,68.3,No,0.0,None
20:53:04.914,Active,405.3,2.6,99.4,11.6,70.0,No,0.0,None
20:53:05.349,Active,427.4,2.6,99.4,11.6,69.4,No,0.0,None
20:53:05.767,Active,408.6,2.6,98.2,11.6,68.8,No,0.0,None
20:53:06.183,Active,406.1,2.4,98.2,11.6,70.5,No,0.0,None
20:53:06.600,Active,408.5,2.4,98.2,11.6,69.4,No,0.0,None
20:53:07.015,Active,405.9,2.4,98.2,11.6,70.0,No,0.0,None
20:53:07.434,Active,409.8,2.4,98.2,11.6,70.0,No,0.0,None
20:53:07.855,Active,409.5,2.4,97.6,11.6,70.5,No,0.0,None
20:53:08.272,Active,411.2,2.4,97.6,11.6,70.5,No,0.0,None
20:53:08.692,Active,410.0,2.4,98.2,11.5,71.6,No,0.0,None
20:53:09.109,Active,407.5,2.4,98.2,11.6,71.0,No,0.0,None
20:53:09.534,Active,416.3,2.4,97.0,11.5,71.6,No,0.0,None
20:53:09.950,Active,406.4,2.4,98.2,11.5,71.6,No,0.0,None
20:53:10.364,Active,407.7,2.4,98.8,11.5,72.2,No,0.0,None
20:53:10.781,Active,410.8,2.4,98.8,11.5,72.2,No,0.0,None
20:53:11.194,Active,406.5,2.4,98.8,11.5,72.7,No,0.0,None
20:53:11.610,Active,408.9,2.4,98.8,11.5,72.2,No,0.0,None
20:53:12.025,Active,405.2,2.4,98.2,11.5,72.2,No,0.0,None
20:53:12.440,Active,409.0,2.4,99.4,11.5,73.2,No,0.0,None
20:53:12.854,Active,407.7,2.4,99.4,11.5,72.7,No,0.0,None
20:53:13.270,Active,410.2,2.4,98.8,11.5,72.2,No,0.0,None
20:53:13.685,Active,407.9,2.4,98.2,11.5,73.2,No,0.0,None
20:53:14.103,Active,406.6,2.4,98.8,11.5,73.2,No,0.0,None
20:53:14.516,Active,406.7,2.4,98.8,11.5,73.2,No,0.0,None
20:53:14.935,Active,409.8,2.4,98.8,11.5,73.2,No,0.0,None
20:53:15.374,Active,433.4,2.4,98.3,11.6,73.2,No,0.0,None
20:53:15.790,Active,408.9,2.4,99.4,11.6,73.8,No,0.0,None
20:53:16.205,Active,408.1,2.4,98.8,11.6,73.2,No,0.0,None
20:53:16.622,Active,410.4,2.4,98.8,11.6,73.8,No,0.0,None
20:53:17.034,Active,405.1,2.4,98.8,11.6,74.3,No,0.0,None
20:53:17.451,Active,409.8,2.4,99.4,11.6,73.2,No,0.0,None
20:53:17.864,Active,407.2,2.4,98.8,11.6,73.2,No,0.0,None
20:53:18.277,Active,407.0,2.4,98.8,11.5,73.8,No,0.0,None
20:53:18.691,Active,405.7,2.4,98.8,11.5,74.3,No,0.0,None
20:53:19.107,Active,408.4,2.4,99.4,11.5,74.3,No,0.0,None
20:53:19.521,Active,408.3,2.4,97.6,11.5,74.3,No,0.0,None
20:53:19.935,Active,407.8,2.4,98.8,11.5,74.3,No,0.0,None
20:53:20.474,Active,423.9,2.4,79.2,11.6,75.5,No,0.0,None
20:53:20.894,Active,410.3,2.4,97.6,11.6,74.3,No,0.0,None
20:53:21.308,Active,407.6,2.4,98.8,11.6,74.3,No,0.0,None
20:53:21.726,Active,408.6,2.4,98.2,11.5,74.9,No,0.0,None
20:53:22.142,Active,408.3,2.4,98.8,11.6,74.3,No,0.0,None
20:53:22.558,Active,410.3,2.4,98.8,11.6,74.3,No,0.0,None
20:53:22.970,Active,405.9,2.3,98.8,11.6,74.9,No,0.0,None
20:53:23.382,Active,405.3,2.3,98.8,11.5,73.8,No,0.0,None
20:53:23.808,Active,419.2,2.3,97.1,11.5,74.9,No,0.0,None
20:53:24.224,Active,406.1,2.3,97.6,11.5,75.5,No,0.0,None
20:53:24.640,Active,409.2,2.3,98.8,11.5,74.3,No,0.0,None
20:53:25.063,Active,413.4,2.3,97.6,11.5,75.5,No,0.0,None
20:53:25.488,Active,418.9,2.3,98.8,11.6,74.9,No,0.0,None
20:53:25.904,Active,409.8,2.3,98.8,11.6,74.9,No,0.0,None
20:53:26.318,Active,405.1,2.3,98.2,11.6,74.9,No,0.0,None
20:53:26.733,Active,408.3,2.3,98.8,11.5,75.5,No,0.0,None
20:53:27.255,Active,413.1,2.3,78.8,11.5,74.9,No,0.0,None
20:53:27.675,Active,409.6,2.3,97.6,11.5,74.9,No,0.0,None
20:53:28.091,Active,407.6,2.3,98.2,11.5,75.5,No,0.0,None
20:53:28.509,Active,409.0,2.3,98.2,11.5,75.5,No,0.0,None
20:53:28.934,Active,413.9,2.3,98.2,11.5,74.9,No,0.0,None
20:53:29.347,Active,406.0,2.3,98.8,11.5,75.5,No,0.0,None
20:53:29.763,Active,406.2,2.3,98.2,11.5,76.0,No,0.0,None
20:53:30.176,Active,407.1,2.3,99.4,11.5,75.5,No,0.0,None
20:53:30.620,Active,434.6,2.3,97.8,11.5,75.5,No,0.0,None
20:53:31.033,Active,404.8,2.3,99.4,11.5,76.0,No,0.0,None
20:53:31.444,Active,404.6,2.4,98.8,11.5,76.0,No,0.0,None
20:53:31.861,Active,405.8,2.4,98.8,11.5,74.9,No,0.0,None
20:53:32.272,Active,405.1,2.4,99.4,11.5,76.0,No,0.0,None
20:53:32.684,Active,405.3,2.4,99.4,11.5,76.0,No,0.0,None
20:53:33.098,Active,404.9,2.4,98.8,11.5,76.5,No,0.0,None
20:53:33.517,Active,411.1,2.4,98.2,11.5,76.0,No,0.0,None
20:53:33.933,Active,409.1,2.4,98.8,11.5,76.5,No,0.0,None
20:53:34.350,Active,408.5,2.4,98.2,11.5,76.0,No,0.0,None
20:53:34.765,Active,407.5,2.4,98.2,11.5,76.0,No,0.0,None
20:53:35.180,Active,408.3,2.4,98.8,11.5,76.0,No,0.0,None
20:53:35.618,Active,428.5,2.4,98.3,11.5,74.9,No,0.0,None
20:53:36.033,Active,409.1,2.4,98.2,11.6,76.0,No,0.0,None
20:53:36.451,Active,409.9,2.4,98.8,11.6,76.0,No,0.0,None
20:53:36.868,Active,408.3,2.4,98.2,11.6,76.5,No,0.0,None
20:53:37.282,Active,407.6,2.4,98.8,11.6,76.0,No,0.0,None
20:53:37.699,Active,410.0,2.4,98.8,11.6,76.5,No,0.0,None
20:53:38.113,Active,407.8,2.4,98.8,11.6,75.5,No,0.0,None
20:53:38.534,Active,413.0,2.4,97.6,11.5,75.5,No,0.0,None
20:53:38.950,Active,406.1,2.4,98.8,11.5,75.5,No,0.0,None
20:53:39.363,Active,405.7,2.4,98.8,11.5,76.5,No,0.0,None
20:53:39.780,Active,409.3,2.4,98.8,11.5,76.5,No,0.0,None
20:53:40.194,Active,406.4,2.4,98.2,11.5,76.5,No,0.0,None
20:53:40.611,Active,409.5,2.4,98.8,11.5,77.1,No,0.0,None
20:53:41.026,Active,408.9,2.4,98.8,11.5,76.0,No,0.0,None
20:53:41.443,Active,409.4,2.4,98.2,11.5,77.7,No,0.0,None
20:53:41.856,Active,407.3,2.4,98.8,11.5,77.1,No,0.0,None
20:53:42.273,Active,410.5,2.4,98.2,11.5,76.5,No,0.0,None
20:53:42.687,Active,407.5,2.4,99.4,11.5,76.5,No,0.0,None
20:53:43.100,Active,406.5,2.4,98.8,11.5,77.1,No,0.0,None
20:53:43.515,Active,405.7,2.4,98.2,11.5,77.7,No,0.0,None
20:53:43.930,Active,409.3,2.4,98.8,11.5,77.7,No,0.0,None
20:53:44.347,Active,407.5,2.4,98.2,11.5,77.1,No,0.0,None
20:53:44.763,Active,407.3,2.4,98.2,11.5,76.5,No,0.0,None
20:53:45.178,Active,405.2,2.4,97.6,11.5,77.1,No,0.0,None
20:53:45.635,Active,447.3,2.4,97.8,11.6,77.1,No,0.0,None
20:53:46.146,Active,404.4,2.4,80.0,11.6,77.1,No,0.0,None
20:53:46.561,Active,407.5,2.4,98.8,11.6,76.5,No,0.0,None
20:53:46.973,Active,405.9,2.4,98.8,11.6,77.1,No,0.0,None
20:53:47.390,Active,407.9,2.4,97.6,11.6,77.7,No,0.0,None
20:53:47.811,Active,410.9,2.4,97.6,11.6,76.5,No,0.0,None
20:53:48.224,Active,406.8,2.3,98.8,11.6,77.7,No,0.0,None
20:53:48.646,Active,412.5,2.3,97.7,11.6,77.1,No,0.0,None
20:53:49.067,Active,413.5,2.3,97.6,11.6,76.5,No,0.0,None
20:53:49.482,Active,409.1,2.3,98.2,11.5,77.1,No,0.0,None
20:53:49.895,Active,405.3,2.3,99.4,11.5,77.1,No,0.0,None
20:53:50.316,Active,414.8,2.3,98.2,11.5,77.1,No,0.0,None
20:53:50.744,Active,419.3,2.3,97.7,11.6,77.7,No,0.0,None
20:53:51.171,Active,418.2,2.3,97.0,11.6,77.1,No,0.0,None
20:53:51.590,Active,409.7,2.3,97.6,11.6,77.7,No,0.0,None
20:53:52.004,Active,408.0,2.3,98.8,11.6,77.1,No,0.0,None
20:53:52.427,Active,413.9,2.4,97.6,11.6,77.7,No,0.0,None
20:53:52.842,Active,406.5,2.4,98.2,11.6,77.1,No,0.0,None
20:53:53.257,Active,407.8,2.4,98.8,11.6,77.1,No,0.0,None
20:53:53.674,Active,411.3,2.4,98.8,11.6,77.7,No,0.0,None
20:53:54.094,Active,413.3,2.4,97.6,11.6,77.1,No,0.0,None
20:53:54.508,Active,408.2,2.4,98.8,11.5,77.1,No,0.0,None
20:53:54.922,Active,405.0,2.4,98.2,11.5,77.7,No,0.0,None
20:53:55.337,Active,407.9,2.4,98.8,11.5,77.1,No,0.0,None
20:53:55.770,Active,426.9,2.4,98.3,11.5,77.1,No,0.0,None
20:53:56.188,Active,412.3,2.4,97.6,11.5,77.1,No,0.0,None
20:53:56.603,Active,408.3,2.4,98.8,11.5,77.7,No,0.0,None
20:53:57.022,Active,409.5,2.4,97.6,11.5,78.8,No,0.0,None
20:53:57.439,Active,409.5,2.4,98.8,11.5,77.7,No,0.0,None
20:53:57.850,Active,405.4,2.4,98.8,11.5,77.7,No,0.0,None
20:53:58.266,Active,409.8,2.4,98.2,11.5,77.7,No,0.0,None
20:54:43.706,Active,426.3,2.4,1.3,11.5,59.0,No,0.0,None
20:54:44.116,Active,402.5,2.4,99.4,11.5,60.6,No,0.0,None
20:54:44.529,Active,407.4,2.4,99.4,11.5,61.7,No,0.0,None
20:54:44.948,Active,406.7,2.4,97.6,11.5,63.4,No,0.0,None
20:54:45.361,Active,407.1,2.4,98.8,11.5,63.4,No,0.0,None
20:54:45.776,Active,406.9,4.0,98.8,11.5,64.5,No,0.0,None
20:54:46.191,Active,409.3,4.0,99.4,11.5,65.0,No,0.0,None
20:54:46.639,Active,441.8,4.0,97.2,11.6,66.7,No,0.0,None
20:54:47.055,Active,405.0,4.0,98.2,11.6,66.7,No,0.0,None
20:54:47.470,Active,406.1,4.0,98.8,11.6,66.7,No,0.0,None
20:54:47.895,Active,417.4,4.0,97.0,11.6,67.2,No,0.0,None
20:54:48.310,Active,408.6,4.0,98.8,11.6,68.3,No,0.0,None
20:54:48.726,Active,409.8,4.0,98.2,11.6,67.8,No,0.0,None
20:54:49.147,Active,409.7,4.0,97.6,11.6,67.8,No,0.0,None
20:54:49.563,Active,410.2,4.0,98.2,11.6,68.8,No,0.0,None
20:54:49.979,Active,406.3,2.4,98.2,11.6,68.8,No,0.0,None
20:54:50.396,Active,407.6,2.4,98.2,11.5,69.4,No,0.0,None
20:54:50.813,Active,408.8,2.4,98.2,11.5,68.8,No,0.0,None
20:54:51.230,Active,407.0,2.4,98.2,11.5,69.4,No,0.0,None
20:54:51.647,Active,407.7,2.4,98.2,11.5,71.6,No,0.0,None
20:54:52.072,Active,415.1,2.4,98.8,11.5,70.0,No,0.0,None
20:54:52.492,Active,409.5,2.4,97.6,11.6,70.5,No,0.0,None
20:54:52.907,Active,406.7,2.4,98.8,11.5,71.0,No,0.0,None
20:54:53.325,Active,408.3,2.4,97.6,11.6,71.0,No,0.0,None
20:54:53.741,Active,409.9,2.4,98.8,11.6,71.0,No,0.0,None
20:54:54.162,Active,413.5,2.4,97.6,11.5,71.6,No,0.0,None
20:54:54.585,Active,415.9,2.4,98.2,11.5,71.0,No,0.0,None
20:54:55.000,Active,406.8,2.4,98.8,11.5,72.2,No,0.0,None
20:54:55.421,Active,407.7,2.4,97.0,11.5,72.7,No,0.0,None
20:54:55.843,Active,410.1,2.4,98.2,11.5,72.2,No,0.0,None
20:54:56.257,Active,407.0,2.4,98.2,11.5,72.2,No,0.0,None
20:54:56.679,Active,411.4,2.4,97.6,11.5,72.2,No,0.0,None
20:54:57.106,Active,420.6,2.4,98.8,11.5,72.7,No,0.0,None
20:54:57.530,Active,417.1,2.4,97.0,11.6,72.7,No,0.0,None
20:54:57.942,Active,405.3,2.4,98.2,11.6,72.7,No,0.0,None
20:54:58.358,Active,408.5,2.4,98.8,11.6,72.7,No,0.0,None
20:54:58.771,Active,406.2,2.4,98.8,11.5,72.2,No,0.0,None
20:54:59.186,Active,406.0,2.4,97.6,11.5,72.7,No,0.0,None
20:54:59.610,Active,416.6,2.4,97.6,11.5,72.7,No,0.0,None
20:55:00.027,Active,409.5,2.4,98.2,11.5,73.2,No,0.0,None
20:55:00.443,Active,410.0,2.4,98.8,11.5,73.2,No,0.0,None
20:55:00.858,Active,408.8,2.4,98.8,11.5,73.8,No,0.0,None
20:55:01.273,Active,409.2,2.4,98.8,11.5,73.8,No,0.0,None
20:55:01.692,Active,410.4,2.4,98.2,11.5,73.2,No,0.0,None
20:55:02.133,Active,431.8,2.4,97.7,11.6,74.3,No,0.0,None
20:55:02.550,Active,408.8,2.4,98.2,11.6,74.3,No,0.0,None
20:55:02.963,Active,406.8,2.4,98.8,11.6,73.8,No,0.0,None
20:55:03.378,Active,408.4,2.4,99.4,11.6,73.8,No,0.0,None
20:55:03.794,Active,408.6,2.4,98.2,11.6,73.8,No,0.0,None
20:55:04.213,Active,411.0,2.4,98.8,11.6,74.3,No,0.0,None
20:55:04.638,Active,416.6,2.4,97.1,11.6,73.8,No,0.0,None
20:55:05.054,Active,408.5,2.4,98.8,11.5,74.3,No,0.0,None
20:55:05.474,Active,410.7,2.4,98.2,11.5,74.3,No,0.0,None
20:55:05.888,Active,406.4,2.4,98.8,11.5,74.3,No,0.0,None
20:55:06.306,Active,407.3,2.4,98.2,11.5,74.3,No,0.0,None
20:55:06.723,Active,408.1,2.4,97.6,11.5,74.3,No,0.0,None
20:55:07.159,Active,426.0,2.4,98.3,11.5,74.3,No,0.0,None
20:55:07.578,Active,410.5,2.4,98.2,11.6,74.9,No,0.0,None
20:55:07.989,Active,404.0,2.4,99.4,11.6,74.9,No,0.0,None
20:55:08.402,Active,406.8,2.4,99.4,11.6,74.9,No,0.0,None
20:55:08.815,Active,405.4,2.4,98.8,11.6,74.9,No,0.0,None
20:55:09.258,Active,433.5,2.4,94.9,11.6,74.9,No,0.0,None
20:55:09.673,Active,409.1,2.4,98.8,11.6,74.9,No,0.0,None
20:55:10.090,Active,408.4,2.4,98.2,11.6,75.5,No,0.0,None
20:55:10.506,Active,410.2,2.4,98.8,11.5,75.5,No,0.0,None
20:55:10.918,Active,406.4,2.4,98.2,11.5,76.5,No,0.0,None
20:55:11.339,Active,413.4,2.4,97.6,11.5,75.5,No,0.0,None
20:55:11.759,Active,410.6,2.4,98.8,11.5,75.5,No,0.0,None
20:55:12.175,Active,407.3,2.4,98.2,11.5,76.0,No,0.0,None
20:55:12.593,Active,408.7,2.4,97.6,11.5,75.5,No,0.0,None
20:55:13.006,Active,405.7,2.4,98.8,11.5,76.0,No,0.0,None
20:55:13.423,Active,411.4,2.4,98.8,11.5,75.5,No,0.0,None
20:55:13.842,Active,411.8,2.4,98.2,11.5,75.5,No,0.0,None
20:55:14.259,Active,407.3,2.4,98.2,11.5,75.5,No,0.0,None
20:55:14.679,Active,411.1,2.4,98.2,11.5,76.0,No,0.0,None
20:55:15.091,Active,406.3,2.4,98.2,11.5,76.0,No,0.0,None
20:55:15.509,Active,407.9,2.4,98.2,11.5,76.5,No,0.0,None
20:55:16.029,Active,413.5,2.4,78.7,11.5,75.5,No,0.0,None
20:55:16.441,Active,404.8,2.4,99.4,11.5,76.0,No,0.0,None
20:55:16.852,Active,403.3,2.4,99.4,11.5,76.0,No,0.0,None
20:55:17.300,Active,439.1,2.4,97.8,11.6,76.0,No,0.0,None
20:55:17.720,Active,409.9,2.4,98.2,11.6,76.5,No,0.0,None
20:55:18.136,Active,406.0,2.4,98.2,11.6,76.5,No,0.0,None
20:55:18.554,Active,407.9,2.4,97.6,11.6,76.0,No,0.0,None
20:55:18.970,Active,406.2,2.4,98.2,11.6,76.0,No,0.0,None
20:55:19.384,Active,406.6,2.3,98.8,11.6,76.0,No,0.0,None
20:55:19.803,Active,408.4,2.3,98.2,11.6,76.0,No,0.0,None
20:55:20.217,Active,405.2,2.3,97.6,11.6,76.0,No,0.0,None
20:55:20.635,Active,411.6,2.3,98.8,11.5,76.0,No,0.0,None
20:55:21.049,Active,406.1,2.3,98.2,11.5,76.5,No,0.0,None
20:55:21.466,Active,409.3,2.3,98.2,11.6,76.5,No,0.0,None
20:55:21.883,Active,406.9,2.3,98.2,11.5,76.5,No,0.0,None
20:55:22.309,Active,417.0,2.3,98.8,11.6,76.5,No,0.0,None
20:55:22.728,Active,409.0,2.3,97.6,11.6,76.0,No,0.0,None
20:55:23.170,Active,432.3,2.3,94.8,11.6,76.5,No,0.0,None
20:55:23.585,Active,407.5,2.4,98.8,11.6,76.5,No,0.0,None
20:55:23.998,Active,405.1,2.4,98.2,11.6,76.5,No,0.0,None
20:55:24.413,Active,407.5,2.4,98.8,11.6,76.5,No,0.0,None
20:55:24.830,Active,408.0,2.4,97.6,11.5,77.1,No,0.0,None
20:55:25.245,Active,407.9,2.4,99.4,11.5,77.1,No,0.0,None
20:55:25.661,Active,409.7,2.4,98.8,11.5,76.5,No,0.0,None
20:55:26.076,Active,409.3,2.4,98.8,11.5,77.1,No,0.0,None
20:55:26.494,Active,408.7,2.4,98.2,11.5,77.1,No,0.0,None
20:55:26.905,Active,404.1,2.4,98.8,11.5,77.7,No,0.0,None
20:55:27.334,Active,422.1,2.4,99.4,11.5,76.5,No,0.0,None
20:55:27.750,Active,408.6,2.4,98.8,11.5,77.1,No,0.0,None
20:55:28.161,Active,403.9,2.4,98.2,11.5,77.7,No,0.0,None
20:55:28.573,Active,406.2,2.4,100.0,11.5,77.1,No,0.0,None
20:55:28.986,Active,405.2,2.4,98.8,11.5,77.1,No,0.0,None
20:55:29.402,Active,408.8,2.4,98.8,11.5,76.5,No,0.0,None
20:55:29.816,Active,406.8,2.4,98.8,11.5,78.2,No,0.0,None
20:55:30.232,Active,408.3,2.4,98.8,11.5,77.7,No,0.0,None
20:55:30.648,Active,410.0,2.4,99.4,11.5,77.1,No,0.0,None
20:55:31.062,Active,404.9,2.4,98.2,11.5,77.1,No,0.0,None
20:55:31.476,Active,406.7,2.4,98.8,11.5,77.1,No,0.0,None
20:55:31.891,Active,408.4,2.4,98.8,11.5,78.2,No,0.0,None
20:55:32.324,Active,425.9,2.4,97.7,11.5,77.1,No,0.0,None
20:55:32.742,Active,409.9,2.4,98.2,11.5,77.1,No,0.0,None
20:55:33.154,Active,406.3,2.4,98.8,11.5,77.7,No,0.0,None
20:55:33.572,Active,408.2,2.4,97.6,11.5,76.5,No,0.0,None
20:55:33.999,Active,416.9,2.4,96.4,11.5,77.1,No,0.0,None
20:55:34.441,Active,431.1,2.4,94.4,11.5,77.1,No,0.0,None
20:55:34.873,Active,423.5,2.4,96.5,11.5,77.1,No,0.0,None
20:55:35.303,Active,420.5,2.4,95.9,11.5,77.7,No,0.0,None
20:55:35.720,Active,407.2,2.4,98.2,11.5,77.1,No,0.0,None
20:55:36.139,Active,406.0,2.4,97.6,11.5,77.7,No,0.0,None
20:55:36.646,Active,407.9,2.4,81.3,11.5,76.5,No,0.0,None
20:55:37.085,Active,431.5,2.4,95.4,11.5,77.1,No,0.0,None
20:55:37.530,Active,438.3,2.4,96.6,11.5,76.5,No,0.0,None
20:55:37.947,Active,408.7,2.4,97.6,11.5,78.8,No,0.0,None
20:55:38.362,Active,407.9,2.4,98.2,11.5,77.7,No,0.0,None
20:55:38.781,Active,409.9,2.4,98.2,11.5,76.0,No,0.0,None
20:55:39.195,Active,406.1,2.4,98.8,11.5,77.1,No,0.0,None
20:55:39.612,Active,407.1,2.4,97.6,11.5,77.7,No,0.0,None
20:55:40.030,Active,407.2,2.4,98.2,11.5,77.7,No,0.0,None
20:55:40.446,Active,408.6,2.3,98.2,11.5,77.7,No,0.0,None
20:55:40.859,Active,406.2,2.3,98.8,11.5,77.7,No,0.0,None
20:55:41.274,Active,407.3,2.3,98.8,11.5,77.1,No,0.0,None
20:55:41.695,Active,410.4,2.3,97.6,11.5,77.7,No,0.0,None
20:55:42.111,Active,407.3,2.3,98.2,11.5,78.2,No,0.0,None
20:55:42.532,Active,411.7,2.3,98.2,11.5,77.7,No,0.0,None
20:55:42.945,Active,404.7,2.3,98.8,11.5,78.2,No,0.0,None
20:55:43.360,Active,406.9,2.3,99.4,11.5,78.2,No,0.0,None
20:56:28.802,Active,428.4,2.3,1.3,11.6,59.0,No,0.0,None
20:56:29.213,Active,403.9,2.3,99.4,11.6,60.6,No,0.0,None
20:56:29.630,Active,409.1,7.9,98.8,11.6,61.7,No,0.0,None
20:56:30.043,Active,407.0,7.9,98.8,11.6,62.8,No,0.0,None
20:56:30.468,Active,414.8,7.9,97.7,11.6,63.9,No,0.0,None
20:56:30.885,Active,407.4,7.9,98.2,11.6,64.5,No,0.0,None
20:56:31.302,Active,408.8,7.9,97.0,11.6,66.7,No,0.0,None
20:56:31.717,Active,408.0,7.9,98.8,11.6,65.5,No,0.0,None
20:56:32.132,Active,406.8,7.9,98.8,11.6,66.1,No,0.0,None
20:56:32.544,Active,405.9,7.9,98.8,11.6,67.2,No,0.0,None
20:56:32.960,Active,406.4,7.9,98.2,11.6,67.2,No,0.0,None
20:56:33.400,Active,431.1,7.9,98.3,11.6,67.2,No,0.0,None
20:56:33.817,Active,408.1,2.4,98.8,11.6,67.8,No,0.0,None
20:56:34.230,Active,404.5,2.4,98.2,11.6,68.8,No,0.0,None
20:56:34.646,Active,407.1,2.4,97.6,11.6,68.3,No,0.0,None
20:56:35.063,Active,407.1,2.4,98.2,11.6,68.8,No,0.0,None
20:56:35.481,Active,408.6,2.4,98.2,11.6,68.8,No,0.0,None
20:56:35.896,Active,406.6,2.4,98.2,11.6,69.4,No,0.0,None
20:56:36.311,Active,405.5,2.4,98.8,11.6,70.0,No,0.0,None
20:56:36.730,Active,411.0,2.4,98.2,11.6,70.0,No,0.0,None
20:56:37.146,Active,409.0,2.4,98.2,11.6,70.5,No,0.0,None
20:56:37.562,Active,408.3,2.4,98.8,11.5,71.0,No,0.0,None
20:56:37.974,Active,405.8,2.4,98.8,11.5,71.6,No,0.0,None
20:56:38.390,Active,409.0,2.4,98.8,11.5,70.0,No,0.0,None
20:56:38.821,Active,425.6,2.4,98.8,11.6,71.6,No,0.0,None
20:56:39.237,Active,407.3,2.4,98.8,11.6,71.6,No,0.0,None
20:56:39.654,Active,409.6,2.4,98.2,11.6,73.2,No,0.0,None
20:56:40.068,Active,406.3,2.4,98.8,11.6,71.6,No,0.0,None
20:56:40.491,Active,412.0,2.4,98.2,11.6,71.6,No,0.0,None
20:56:40.906,Active,408.3,2.4,98.2,11.6,72.2,No,0.0,None
20:56:41.325,Active,411.9,2.4,98.2,11.6,72.2,No,0.0,None
20:56:41.742,Active,408.4,2.4,98.2,11.5,73.2,No,0.0,None
20:56:42.158,Active,407.6,2.4,98.8,11.5,72.7,No,0.0,None
20:56:42.574,Active,407.8,2.4,98.2,11.5,72.7,No,0.0,None
20:56:42.995,Active,411.0,2.4,97.6,11.5,73.2,No,0.0,None
20:56:43.410,Active,408.9,2.4,98.2,11.5,73.2,No,0.0,None
20:56:43.828,Active,407.9,2.4,98.2,11.5,73.2,No,0.0,None
20:56:44.248,Active,410.0,2.4,97.6,11.5,73.2,No,0.0,None
20:56:44.667,Active,408.7,2.4,98.8,11.5,72.7,No,0.0,None
20:56:45.084,Active,407.8,2.4,97.6,11.5,73.2,No,0.0,None
20:56:45.502,Active,408.9,2.4,98.8,11.5,73.8,No,0.0,None
20:56:45.920,Active,406.7,2.4,98.2,11.5,73.8,No,0.0,None
20:56:46.339,Active,410.7,2.4,97.6,11.5,73.8,No,0.0,None
20:56:46.758,Active,409.5,2.4,98.2,11.5,73.8,No,0.0,None
20:56:47.175,Active,408.1,2.4,98.2,11.5,74.3,No,0.0,None
20:56:47.591,Active,409.2,2.4,98.8,11.5,74.3,No,0.0,None
20:56:48.009,Active,407.7,2.4,97.6,11.5,74.9,No,0.0,None
20:56:48.426,Active,408.4,2.4,98.8,11.5,73.8,No,0.0,None
20:56:48.874,Active,439.1,2.4,97.8,11.6,73.2,No,0.0,None
20:56:49.288,Active,406.8,2.4,98.2,11.6,74.3,No,0.0,None
20:56:49.704,Active,407.1,2.4,98.2,11.6,73.8,No,0.0,None
20:56:50.121,Active,407.9,2.4,98.8,11.6,74.9,No,0.0,None
20:56:50.536,Active,408.3,2.4,98.2,11.6,74.3,No,0.0,None
20:56:50.944,Active,402.4,2.4,99.4,11.6,74.9,No,0.0,None
20:56:51.359,Active,402.6,2.4,98.8,11.6,74.9,No,0.0,None
20:56:51.776,Active,406.8,2.4,98.8,11.6,75.5,No,0.0,None
20:56:52.193,Active,407.8,2.4,98.2,11.5,74.3,No,0.0,None
20:56:52.614,Active,415.0,2.4,97.6,11.5,75.5,No,0.0,None
20:56:53.030,Active,408.7,2.4,98.8,11.5,74.9,No,0.0,None
20:56:53.450,Active,410.0,2.4,98.2,11.5,74.9,No,0.0,None
20:56:53.877,Active,417.7,2.4,98.8,11.5,75.5,No,0.0,None
20:56:54.296,Active,408.5,2.4,97.6,11.5,74.9,No,0.0,None
20:56:54.715,Active,409.3,2.4,98.2,11.5,75.5,No,0.0,None
20:56:55.129,Active,407.4,2.4,98.8,11.5,75.5,No,0.0,None
20:56:55.544,Active,406.4,2.4,98.8,11.5,75.5,No,0.0,None
20:56:55.957,Active,407.7,2.4,99.4,11.5,76.0,No,0.0,None
20:56:56.380,Active,414.3,2.4,97.6,11.5,75.5,No,0.0,None
20:56:56.794,Active,408.9,2.4,99.4,11.5,74.9,No,0.0,None
20:56:57.209,Active,408.2,2.4,98.8,11.5,75.5,No,0.0,None
20:56:57.638,Active,420.6,2.4,96.4,11.5,76.0,No,0.0,None
20:56:58.052,Active,407.8,2.4,98.8,11.5,75.5,No,0.0,None
20:56:58.468,Active,409.9,2.4,98.8,11.5,76.0,No,0.0,None
20:56:58.905,Active,428.0,2.4,98.3,11.5,75.5,No,0.0,None
20:56:59.319,Active,407.2,2.4,99.4,11.6,76.0,No,0.0,None
20:56:59.741,Active,411.7,2.4,98.2,11.5,76.0,No,0.0,None
20:57:00.155,Active,406.9,2.4,98.2,11.6,76.0,No,0.0,None
20:57:00.573,Active,408.8,2.4,98.8,11.6,76.0,No,0.0,None
20:57:00.988,Active,407.3,2.4,98.2,11.6,76.0,No,0.0,None
20:57:01.412,Active,414.5,2.4,97.6,11.6,76.5,No,0.0,None
20:57:01.828,Active,406.5,2.4,98.2,11.6,76.0,No,0.0,None
20:57:02.245,Active,408.1,2.4,98.2,11.5,76.0,No,0.0,None
20:57:02.659,Active,407.2,2.4,98.8,11.5,76.0,No,0.0,None
20:57:03.071,Active,406.3,2.4,98.8,11.5,76.5,No,0.0,None
20:57:03.487,Active,409.5,2.4,98.8,11.5,76.5,No,0.0,None
20:57:03.926,Active,433.7,2.4,97.7,11.5,76.5,No,0.0,None
20:57:04.341,Active,407.6,2.4,98.8,11.6,77.1,No,0.0,None
20:57:04.760,Active,409.4,2.4,98.2,11.6,76.5,No,0.0,None
20:57:05.173,Active,406.0,2.4,98.8,11.6,76.0,No,0.0,None
20:57:05.587,Active,408.6,2.4,98.8,11.6,76.5,No,0.0,None
20:57:06.004,Active,406.8,2.4,98.2,11.6,76.5,No,0.0,None
20:57:06.422,Active,408.5,2.4,98.2,11.6,76.5,No,0.0,None
20:57:06.836,Active,408.4,2.4,98.8,11.5,76.5,No,0.0,None
20:57:07.260,Active,415.0,2.4,97.1,11.5,76.5,No,0.0,None
20:57:07.679,Active,408.8,2.4,98.2,11.5,76.5,No,0.0,None
20:57:08.094,Active,406.0,2.4,98.2,11.5,76.5,No,0.0,None
20:57:08.509,Active,408.5,2.4,98.8,11.5,77.7,No,0.0,None
20:57:09.046,Active,426.8,2.4,80.3,11.5,76.0,No,0.0,None
20:57:09.467,Active,411.6,2.4,98.2,11.6,76.5,No,0.0,None
20:57:09.883,Active,407.6,2.4,98.2,11.6,76.5,No,0.0,None
20:57:10.296,Active,407.0,2.4,98.8,11.6,77.1,No,0.0,None
20:57:10.712,Active,407.1,2.4,98.2,11.6,77.7,No,0.0,None
20:57:11.126,Active,406.6,2.4,98.8,11.6,77.1,No,0.0,None
20:57:11.547,Active,411.1,2.3,98.2,11.5,76.0,No,0.0,None
20:57:11.959,Active,406.3,2.3,98.2,11.5,77.1,No,0.0,None
20:57:12.375,Active,405.5,2.3,97.6,11.5,77.1,No,0.0,None
20:57:12.792,Active,407.7,2.3,98.2,11.5,77.7,No,0.0,None
20:57:13.206,Active,407.7,2.3,98.8,11.5,77.1,No,0.0,None
20:57:13.627,Active,411.3,2.3,98.2,11.5,77.1,No,0.0,None
20:57:14.044,Active,407.0,2.3,97.6,11.5,77.1,No,0.0,None
20:57:14.462,Active,409.5,2.3,98.8,11.5,76.0,No,0.0,None
20:57:14.879,Active,409.8,2.3,98.8,11.5,77.1,No,0.0,None
20:57:15.291,Active,406.0,2.3,98.2,11.5,78.8,No,0.0,None
20:57:15.710,Active,410.0,2.4,98.2,11.5,77.1,No,0.0,None
20:57:16.128,Active,406.9,2.4,98.2,11.5,77.7,No,0.0,None
20:57:16.546,Active,408.9,2.4,98.2,11.5,77.7,No,0.0,None
20:57:16.962,Active,408.7,2.4,98.8,11.5,77.1,No,0.0,None
20:57:17.376,Active,406.9,2.4,98.2,11.5,77.7,No,0.0,None
20:57:17.789,Active,406.7,2.4,98.8,11.5,77.7,No,0.0,None
20:57:18.215,Active,413.5,2.4,97.0,11.5,77.7,No,0.0,None
20:57:18.629,Active,407.6,2.4,98.8,11.5,77.7,No,0.0,None
20:57:19.072,Active,436.8,2.4,98.9,11.5,76.0,No,0.0,None
20:57:19.484,Active,406.3,2.4,99.4,11.6,77.7,No,0.0,None
20:57:19.895,Active,405.4,2.4,100.0,11.6,77.1,No,0.0,None
20:57:20.305,Active,403.3,2.4,98.8,11.6,78.2,No,0.0,None
20:57:20.717,Active,406.0,2.4,99.4,11.6,76.5,No,0.0,None
20:57:21.129,Active,404.8,2.4,99.4,11.6,77.7,No,0.0,None
20:57:21.545,Active,408.9,2.4,98.8,11.6,78.8,No,0.0,None
20:57:21.957,Active,405.5,2.4,99.4,11.5,77.7,No,0.0,None
20:57:22.371,Active,407.7,2.4,98.8,11.5,78.2,No,0.0,None
20:57:22.786,Active,408.5,2.4,98.8,11.5,78.2,No,0.0,None
20:57:23.201,Active,409.5,2.4,98.2,11.5,79.3,No,0.0,None
20:57:23.616,Active,407.3,2.4,98.8,11.5,78.8,No,0.0,None
20:57:24.035,Active,408.6,2.4,98.2,11.5,78.2,No,0.0,None
20:57:24.463,Active,421.1,2.4,98.2,11.5,77.7,No,0.0,None
20:57:24.879,Active,406.1,2.4,97.6,11.5,78.2,No,0.0,None
20:57:25.290,Active,404.9,2.4,99.4,11.5,78.8,No,0.0,None
20:57:25.708,Active,408.2,2.4,98.2,11.5,77.1,No,0.0,None
20:57:26.124,Active,408.3,2.4,98.8,11.5,78.2,No,0.0,None
20:57:26.537,Active,406.5,2.4,98.8,11.5,77.7,No,0.0,None
20:57:26.949,Active,405.0,2.4,99.4,11.5,77.7,No,0.0,None
20:57:27.361,Active,405.4,2.4,99.4,11.5,78.2,No,0.0,None
20:57:27.777,Active,409.4,2.4,98.8,11.5,77.7,No,0.0,None
20:57:28.189,Active,405.5,2.4,98.8,11.5,77.7,No,0.0,None
20:57:28.607,Active,407.5,2.4,98.2,11.5,78.2,No,0.0,None
20:58:14.051,Active,430.8,2.4,1.3,11.5,59.0,No,0.0,None
20:58:14.466,Active,409.0,2.4,99.4,11.6,61.1,No,0.0,None
20:58:14.890,Active,416.5,2.4,97.1,11.6,61.7,No,0.0,None
20:58:15.302,Active,406.6,2.4,100.0,11.6,62.8,No,0.0,None
20:58:15.716,Active,407.9,2.4,98.8,11.5,63.9,No,0.0,None
20:58:16.177,Active,435.7,2.4,89.6,11.5,62.2,No,0.0,None
20:58:16.592,Active,409.7,2.4,98.2,11.5,65.0,No,0.0,None
20:58:17.004,Active,405.6,2.4,98.2,11.5,65.5,No,0.0,None
20:58:17.422,Active,409.8,2.6,98.8,11.5,65.0,No,0.0,None
20:58:17.833,Active,405.3,2.6,98.8,11.5,66.7,No,0.0,None
20:58:18.250,Active,406.1,2.6,98.2,11.5,67.2,No,0.0,None
20:58:18.666,Active,409.0,2.6,99.4,11.5,67.8,No,0.0,None
20:58:19.080,Active,406.8,2.6,98.8,11.5,67.8,No,0.0,None
20:58:19.497,Active,410.7,2.6,98.2,11.5,68.8,No,0.0,None
20:58:19.908,Active,405.6,2.6,99.4,11.5,68.8,No,0.0,None
20:58:20.384,Active,468.3,2.6,95.2,11.6,69.4,No,0.0,None
20:58:20.800,Active,410.3,2.6,98.8,11.6,70.0,No,0.0,None
20:58:21.213,Active,407.0,2.6,99.4,11.6,69.4,No,0.0,None
20:58:21.626,Active,406.9,2.4,99.4,11.6,69.4,No,0.0,None
20:58:22.041,Active,408.2,2.4,98.2,11.6,70.5,No,0.0,None
20:58:22.463,Active,413.6,2.4,98.8,11.6,70.5,No,0.0,None
20:58:22.883,Active,414.6,2.4,97.6,11.6,71.0,No,0.0,None
20:58:23.298,Active,408.9,2.4,98.8,11.6,71.0,No,0.0,None
20:58:23.713,Active,408.5,2.4,98.8,11.6,71.0,No,0.0,None
20:58:24.129,Active,406.7,2.4,98.2,11.6,72.2,No,0.0,None
20:58:24.546,Active,409.7,2.4,98.8,11.5,71.6,No,0.0,None
20:58:24.966,Active,408.7,2.4,97.6,11.5,71.6,No,0.0,None
20:58:25.390,Active,418.7,2.4,97.6,11.6,72.7,No,0.0,None
20:58:25.808,Active,407.4,2.4,98.2,11.6,72.2,No,0.0,None
20:58:26.224,Active,407.2,2.4,98.2,11.6,72.2,No,0.0,None
20:58:26.642,Active,408.6,2.4,98.2,11.6,72.2,No,0.0,None
20:58:27.052,Active,403.5,2.4,98.8,11.5,72.7,No,0.0,None
20:58:27.476,Active,418.2,2.4,99.4,11.5,73.2,No,0.0,None
20:58:27.892,Active,407.2,2.4,99.4,11.5,72.7,No,0.0,None
20:58:28.305,Active,406.6,2.4,98.8,11.5,73.2,No,0.0,None
20:58:28.717,Active,406.2,2.4,99.4,11.5,73.8,No,0.0,None
20:58:29.132,Active,404.7,2.4,98.8,11.5,73.2,No,0.0,None
20:58:29.549,Active,408.0,2.4,98.8,11.5,73.2,No,0.0,None
20:58:29.958,Active,403.0,2.4,100.0,11.5,73.8,No,0.0,None
20:58:30.403,Active,438.9,2.4,98.9,11.5,73.8,No,0.0,None
20:58:30.818,Active,407.7,2.4,98.2,11.5,73.8,No,0.0,None
20:58:31.236,Active,407.0,2.4,97.6,11.5,73.2,No,0.0,None
20:58:31.654,Active,409.7,2.4,98.2,11.6,74.3,No,0.0,None
20:58:32.066,Active,406.7,2.4,99.4,11.6,74.3,No,0.0,None
20:58:32.479,Active,405.7,2.4,98.8,11.5,72.7,No,0.0,None
20:58:32.892,Active,406.8,2.4,98.8,11.5,73.8,No,0.0,None
20:58:33.310,Active,408.5,2.4,98.2,11.5,74.9,No,0.0,None
20:58:33.729,Active,409.3,2.4,98.2,11.5,74.3,No,0.0,None
20:58:34.149,Active,406.1,2.4,97.0,11.5,74.3,No,0.0,None
20:58:34.569,Active,409.3,2.4,97.6,11.5,74.9,No,0.0,None
20:58:34.987,Active,409.6,2.4,98.2,11.5,74.9,No,0.0,None
20:58:35.424,Active,431.9,2.4,97.7,11.6,74.3,No,0.0,None
20:58:35.841,Active,407.2,2.4,98.2,11.6,74.3,No,0.0,None
20:58:36.257,Active,406.5,2.4,98.2,11.6,74.9,No,0.0,None
20:58:36.677,Active,410.0,2.4,98.2,11.6,74.9,No,0.0,None
20:58:37.091,Active,405.8,2.4,97.6,11.5,74.9,No,0.0,None
20:58:37.507,Active,409.6,2.4,99.4,11.5,74.9,No,0.0,None
20:58:37.921,Active,408.9,2.4,97.6,11.5,74.9,No,0.0,None
20:58:38.335,Active,405.8,2.4,98.8,11.5,74.9,No,0.0,None
20:58:38.752,Active,411.4,2.4,98.2,11.5,76.0,No,0.0,None
20:58:39.166,Active,407.8,2.4,99.4,11.5,75.5,No,0.0,None
20:58:39.581,Active,409.7,2.4,98.8,11.5,75.5,No,0.0,None
20:58:39.995,Active,405.5,2.4,98.8,11.5,75.5,No,0.0,None
20:58:40.410,Active,409.9,2.4,98.8,11.5,74.9,No,0.0,None
20:58:40.844,Active,426.9,2.4,98.9,11.5,75.5,No,0.0,None
20:58:41.260,Active,406.8,2.4,98.2,11.6,75.5,No,0.0,None
20:58:41.677,Active,409.2,2.4,98.2,11.6,76.0,No,0.0,None
20:58:42.090,Active,405.2,2.4,98.2,11.6,76.0,No,0.0,None
20:58:42.511,Active,411.1,2.4,98.2,11.6,75.5,No,0.0,None
20:58:42.924,Active,407.5,2.4,98.2,11.6,76.0,No,0.0,None
20:58:43.341,Active,406.6,2.4,98.2,11.6,76.0,No,0.0,None
20:58:43.754,Active,407.3,2.4,99.4,11.5,76.0,No,0.0,None
20:58:44.171,Active,409.7,2.4,98.8,11.6,76.5,No,0.0,None
20:58:44.587,Active,406.9,2.4,98.8,11.6,76.0,No,0.0,None
20:58:44.998,Active,404.8,2.4,99.4,11.6,76.0,No,0.0,None
20:58:45.414,Active,409.5,2.4,98.2,11.5,76.0,No,0.0,None
20:58:45.919,Active,403.9,2.4,81.2,11.5,75.5,No,0.0,None
20:58:46.331,Active,406.1,2.4,98.8,11.5,76.0,No,0.0,None
20:58:46.751,Active,414.5,2.4,97.6,11.5,76.5,No,0.0,None
20:58:47.271,Active,409.5,2.4,79.9,11.5,75.5,No,0.0,None
20:58:47.690,Active,413.3,2.4,98.2,11.5,76.0,No,0.0,None
20:58:48.106,Active,406.6,2.4,98.2,11.5,76.5,No,0.0,None
20:58:48.525,Active,409.1,2.4,98.2,11.5,76.0,No,0.0,None
20:58:48.943,Active,406.4,2.4,97.6,11.5,76.0,No,0.0,None
20:58:49.362,Active,409.3,2.4,97.0,11.5,77.1,No,0.0,None
20:58:49.779,Active,409.4,2.4,98.8,11.5,76.0,No,0.0,None
20:58:50.194,Active,407.5,2.4,97.6,11.5,76.5,No,0.0,None
20:58:50.647,Active,446.3,2.4,97.8,11.6,76.5,No,0.0,None
20:58:51.063,Active,408.7,2.3,98.8,11.6,76.0,No,0.0,None
20:58:51.479,Active,408.8,2.3,98.8,11.6,76.5,No,0.0,None
20:58:51.893,Active,408.2,2.3,98.8,11.6,77.1,No,0.0,None
20:58:52.306,Active,406.8,2.3,99.4,11.6,76.5,No,0.0,None
20:58:52.728,Active,412.2,2.3,98.2,11.6,76.5,No,0.0,None
20:58:53.142,Active,407.8,2.3,98.2,11.6,77.1,No,0.0,None
20:58:53.562,Active,412.7,2.3,98.2,11.6,76.5,No,0.0,None
20:58:53.978,Active,406.5,2.3,97.6,11.5,77.1,No,0.0,None
20:58:54.395,Active,406.9,2.3,98.2,11.5,76.5,No,0.0,None
20:58:54.808,Active,406.6,2.3,98.8,11.5,77.7,No,0.0,None
20:58:55.221,Active,405.6,2.4,98.8,11.5,77.1,No,0.0,None
20:58:55.655,Active,425.2,2.4,95.3,11.5,77.1,No,0.0,None
20:58:56.078,Active,414.4,2.4,98.8,11.5,77.7,No,0.0,None
20:58:56.497,Active,409.2,2.4,98.2,11.5,76.5,No,0.0,None
20:58:56.915,Active,408.4,2.4,97.6,11.5,77.1,No,0.0,None
20:58:57.329,Active,407.8,2.4,97.6,11.5,77.1,No,0.0,None
20:58:57.748,Active,408.5,2.4,98.2,11.5,77.1,No,0.0,None
20:58:58.162,Active,404.8,2.4,98.2,11.5,77.1,No,0.0,None
20:58:58.582,Active,409.7,2.4,98.2,11.5,77.1,No,0.0,None
20:58:58.992,Active,404.5,2.4,98.8,11.5,77.7,No,0.0,None
20:58:59.419,Active,417.0,2.4,96.4,11.5,77.7,No,0.0,None
20:58:59.834,Active,407.7,2.4,98.2,11.5,77.1,No,0.0,None
20:59:00.253,Active,408.3,2.4,98.2,11.5,77.1,No,0.0,None
20:59:00.672,Active,409.4,2.4,98.2,11.5,77.1,No,0.0,None
20:59:01.102,Active,420.4,2.4,98.2,11.6,77.1,No,0.0,None
20:59:01.518,Active,409.1,2.4,97.6,11.6,77.7,No,0.0,None
20:59:01.935,Active,407.1,2.4,98.2,11.6,78.2,No,0.0,None
20:59:02.353,Active,407.6,2.4,98.2,11.6,77.7,No,0.0,None
20:59:02.771,Active,409.2,2.4,98.2,11.6,78.2,No,0.0,None
20:59:03.188,Active,408.3,2.4,98.2,11.6,77.7,No,0.0,None
20:59:03.609,Active,411.9,2.4,97.6,11.6,77.1,No,0.0,None
20:59:04.024,Active,406.7,2.4,98.8,11.5,77.7,No,0.0,None
20:59:04.446,Active,409.5,2.4,97.0,11.5,77.7,No,0.0,None
20:59:04.864,Active,408.5,2.4,98.2,11.5,77.7,No,0.0,None
20:59:05.282,Active,409.3,2.4,98.2,11.5,77.7,No,0.0,None
20:59:05.699,Active,409.4,2.4,98.2,11.5,78.2,No,0.0,None
20:59:06.140,Active,432.2,2.4,97.7,11.5,77.7,No,0.0,None
20:59:06.563,Active,413.6,2.4,98.2,11.6,77.1,No,0.0,None
20:59:06.974,Active,404.8,2.4,98.8,11.6,77.7,No,0.0,None
20:59:07.385,Active,404.9,2.4,99.4,11.6,77.1,No,0.0,None
20:59:07.802,Active,409.0,2.4,98.8,11.6,77.7,No,0.0,None
20:59:08.215,Active,407.1,2.4,98.8,11.6,77.7,No,0.0,None
20:59:08.630,Active,409.5,2.4,98.8,11.6,77.7,No,0.0,None
20:59:09.044,Active,407.4,2.4,99.4,11.5,77.1,No,0.0,None
20:59:09.461,Active,407.6,2.4,98.2,11.5,78.2,No,0.0,None
20:59:09.869,Active,402.2,2.4,99.4,11.5,77.1,No,0.0,None
20:59:10.279,Active,402.0,2.4,99.4,11.5,78.8,No,0.0,None
20:59:10.697,Active,408.4,2.4,98.2,11.5,77.7,No,0.0,None
20:59:11.126,Active,422.9,2.4,99.4,11.6,78.2,No,0.0,None
20:59:11.546,Active,410.2,2.4,98.2,11.6,77.7,No,0.0,None
20:59:11.958,Active,405.1,2.4,98.8,11.6,78.8,No,0.0,None
20:59:12.373,Active,408.8,2.4,99.4,11.6,78.2,No,0.0,None
20:59:12.789,Active,410.4,2.4,98.8,11.6,78.2,No,0.0,None
20:59:13.212,Active,417.3,2.4,96.4,11.6,78.8,No,0.0,None
20:59:13.630,Active,408.0,2.4,98.2,11.6,76.5,No,0.0,None
20:59:59.062,Active,417.7,2.4,1.1,11.5,59.5,No,0.0,None
20:59:59.474,Active,406.5,2.4,98.8,11.5,61.1,No,0.0,None
20:59:59.886,Active,405.3,2.4,98.8,11.5,62.2,No,0.0,None
21:00:00.302,Active,408.8,2.4,98.8,11.5,63.4,No,0.0,None
21:00:00.715,Active,407.9,2.4,98.2,11.5,64.5,No,0.0,None
21:00:01.129,Active,406.6,4.0,98.8,11.5,65.5,No,0.0,None
21:00:01.549,Active,410.1,4.0,98.2,11.5,65.5,No,0.0,None
21:00:01.979,Active,420.9,4.0,98.2,11.5,66.1,No,0.0,None
21:00:02.393,Active,407.0,4.0,98.2,11.6,66.7,No,0.0,None
21:00:02.807,Active,406.9,4.0,98.8,11.6,67.2,No,0.0,None
21:00:03.223,Active,406.2,4.0,98.2,11.6,67.8,No,0.0,None
21:00:03.637,Active,407.1,4.0,98.8,11.6,67.8,No,0.0,None
21:00:04.055,Active,409.0,4.0,98.8,11.6,68.8,No,0.0,None
21:00:04.472,Active,411.1,4.0,98.2,11.5,68.8,No,0.0,None
21:00:04.890,Active,409.2,4.0,98.2,11.6,69.4,No,0.0,None
21:00:05.303,Active,405.7,2.4,98.2,11.5,69.4,No,0.0,None
21:00:05.723,Active,409.3,2.4,98.2,11.5,70.0,No,0.0,None
21:00:06.138,Active,406.5,2.4,98.8,11.6,71.6,No,0.0,None
21:00:06.555,Active,409.2,2.4,98.8,11.6,70.5,No,0.0,None
21:00:06.992,Active,429.1,2.4,97.7,11.6,70.5,No,0.0,None
21:00:07.411,Active,410.6,2.4,98.2,11.6,71.6,No,0.0,None
21:00:07.826,Active,407.1,2.4,98.2,11.6,71.0,No,0.0,None
21:00:08.242,Active,406.5,2.4,97.6,11.6,71.0,No,0.0,None
21:00:08.659,Active,408.0,2.4,98.2,11.6,71.6,No,0.0,None
21:00:09.074,Active,406.4,2.4,98.8,11.6,72.2,No,0.0,None
21:00:09.495,Active,410.8,2.4,98.2,11.5,72.2,No,0.0,None
21:00:09.909,Active,408.5,2.4,98.2,11.5,72.2,No,0.0,None
21:00:10.327,Active,408.1,2.4,98.2,11.5,72.2,No,0.0,None
21:00:10.745,Active,410.1,2.4,98.2,11.5,72.7,No,0.0,None
21:00:11.162,Active,408.9,2.4,98.2,11.5,72.2,No,0.0,None
21:00:11.580,Active,410.9,2.4,98.2,11.5,73.8,No,0.0,None
21:00:12.009,Active,423.2,2.4,98.8,11.6,72.7,No,0.0,None
21:00:12.425,Active,407.8,2.4,98.8,11.6,74.3,No,0.0,None
21:00:12.838,Active,406.5,2.4,98.8,11.6,73.8,No,0.0,None
21:00:13.252,Active,406.8,2.4,98.8,11.6,74.3,No,0.0,None
21:00:13.669,Active,407.8,2.4,98.2,11.6,74.3,No,0.0,None
21:00:14.086,Active,408.3,2.4,97.6,11.6,74.3,No,0.0,None
21:00:14.502,Active,408.7,2.4,98.8,11.6,74.3,No,0.0,None
21:00:14.918,Active,409.1,2.4,98.2,11.5,73.8,No,0.0,None
21:00:15.334,Active,409.2,2.4,98.2,11.5,73.8,No,0.0,None
21:00:15.762,Active,421.8,2.4,97.1,11.5,73.8,No,0.0,None
21:00:16.177,Active,407.6,2.4,98.8,11.5,74.3,No,0.0,None
21:00:16.594,Active,408.7,2.4,98.2,11.5,74.3,No,0.0,None
21:00:17.007,Active,406.2,2.4,98.8,11.5,74.3,No,0.0,None
21:00:17.423,Active,409.4,2.4,98.8,11.5,74.9,No,0.0,None
21:00:17.836,Active,407.0,2.4,98.8,11.5,74.9,No,0.0,None
21:00:18.252,Active,406.9,2.4,98.2,11.5,74.9,No,0.0,None
21:00:18.669,Active,411.3,2.4,98.8,11.5,74.3,No,0.0,None
21:00:19.080,Active,404.5,2.4,98.8,11.5,74.9,No,0.0,None
21:00:19.496,Active,408.3,2.4,98.2,11.5,74.9,No,0.0,None
21:00:19.911,Active,406.5,2.4,98.2,11.5,75.5,No,0.0,None
21:00:20.330,Active,409.0,2.4,98.2,11.5,75.5,No,0.0,None
21:00:20.746,Active,410.0,2.4,98.8,11.5,75.5,No,0.0,None
21:00:21.161,Active,408.0,2.4,98.8,11.5,74.9,No,0.0,None
21:00:21.573,Active,406.2,2.4,98.8,11.5,75.5,No,0.0,None
21:00:21.986,Active,406.8,2.4,99.4,11.5,75.5,No,0.0,None
21:00:22.437,Active,443.5,2.4,97.8,11.6,74.9,No,0.0,None
21:00:22.859,Active,413.5,2.4,97.6,11.6,76.0,No,0.0,None
21:00:23.273,Active,408.1,2.4,98.8,11.6,75.5,No,0.0,None
21:00:23.689,Active,409.9,2.4,98.8,11.6,76.5,No,0.0,None
21:00:24.102,Active,407.1,2.4,98.8,11.6,75.5,No,0.0,None
21:00:24.518,Active,409.0,2.4,98.8,11.6,76.5,No,0.0,None
21:00:24.930,Active,405.4,2.4,99.4,11.6,75.5,No,0.0,None
21:00:25.342,Active,404.9,2.4,98.8,11.5,76.0,No,0.0,None
21:00:25.758,Active,409.1,2.4,99.4,11.5,76.5,No,0.0,None
21:00:26.172,Active,407.2,2.4,98.2,11.5,76.0,No,0.0,None
21:00:26.585,Active,407.4,2.4,99.4,11.5,76.5,No,0.0,None
21:00:27.002,Active,411.1,2.4,97.6,11.5,76.5,No,0.0,None
21:00:27.437,Active,427.7,2.4,98.9,11.6,76.0,No,0.0,None
21:00:27.858,Active,408.9,2.4,97.6,11.6,76.5,No,0.0,None
21:00:28.272,Active,407.6,2.4,98.2,11.6,76.5,No,0.0,None
21:00:28.689,Active,408.0,2.4,98.2,11.6,76.5,No,0.0,None
21:00:29.107,Active,411.9,2.4,99.4,11.6,76.5,No,0.0,None
21:00:29.522,Active,408.5,2.4,99.4,11.6,76.5,No,0.0,None
21:00:29.936,Active,406.9,2.4,98.2,11.6,76.5,No,0.0,None
21:00:30.363,Active,421.0,2.4,98.8,11.6,77.7,No,0.0,None
21:00:30.780,Active,408.5,2.4,97.6,11.6,76.5,No,0.0,None
21:00:31.197,Active,408.0,2.4,98.2,11.6,76.5,No,0.0,None
21:00:31.611,Active,408.3,2.4,99.4,11.6,77.1,No,0.0,None
21:00:32.028,Active,406.5,2.4,98.2,11.6,76.5,No,0.0,None
21:00:32.463,Active,426.0,2.4,98.3,11.6,76.5,No,0.0,None
21:00:32.877,Active,407.8,2.4,98.8,11.6,76.5,No,0.0,None
21:00:33.292,Active,407.1,2.4,98.2,11.6,77.7,No,0.0,None
21:00:33.707,Active,408.6,2.4,98.8,11.6,77.1,No,0.0,None
21:00:34.120,Active,406.5,2.4,98.8,11.6,77.1,No,0.0,None
21:00:34.538,Active,408.6,2.4,98.2,11.6,76.5,No,0.0,None
21:00:34.959,Active,414.6,2.4,97.0,11.5,77.1,No,0.0,None
21:00:35.371,Active,406.1,2.4,99.4,11.5,78.2,No,0.0,None
21:00:35.785,Active,408.0,2.4,98.8,11.5,77.1,No,0.0,None
21:00:36.199,Active,408.0,2.4,98.8,11.5,76.5,No,0.0,None
21:00:36.614,Active,408.7,2.4,98.8,11.5,77.7,No,0.0,None
21:00:37.034,Active,412.5,2.4,98.2,11.5,77.1,No,0.0,None
21:00:37.474,Active,433.3,2.4,97.7,11.6,77.7,No,0.0,None
21:00:37.888,Active,406.6,2.4,98.8,11.6,77.1,No,0.0,None
21:00:38.305,Active,408.0,2.4,97.6,11.6,78.2,No,0.0,None
21:00:38.722,Active,408.9,2.4,98.8,11.6,77.1,No,0.0,None
21:00:39.135,Active,407.2,2.4,98.8,11.6,77.7,No,0.0,None
21:00:39.550,Active,409.3,2.4,98.8,11.6,78.2,No,0.0,None
21:00:39.965,Active,408.2,2.4,98.8,11.5,78.2,No,0.0,None
21:00:40.383,Active,409.6,2.4,98.8,11.5,78.2,No,0.0,None
21:00:40.799,Active,410.0,2.4,98.8,11.5,77.7,No,0.0,None
21:00:41.213,Active,407.5,2.4,98.8,11.6,78.2,No,0.0,None
21:00:41.630,Active,409.3,2.4,97.6,11.5,77.7,No,0.0,None
21:00:42.041,Active,404.0,2.4,99.4,11.5,78.8,No,0.0,None
21:00:42.460,Active,413.3,2.4,99.4,11.5,78.2,No,0.0,None
21:00:42.887,Active,415.6,2.4,98.2,11.6,78.2,No,0.0,None
21:00:43.300,Active,407.1,2.4,98.8,11.6,78.8,No,0.0,None
21:00:43.718,Active,408.8,2.4,98.2,11.6,77.7,No,0.0,None
21:00:44.133,Active,408.2,2.4,98.8,11.6,77.7,No,0.0,None
21:00:44.549,Active,408.0,2.4,97.6,11.6,78.8,No,0.0,None
21:00:44.961,Active,406.5,2.4,99.4,11.6,77.7,No,0.0,None
21:00:45.376,Active,405.5,2.4,97.6,11.6,77.1,No,0.0,None
21:00:45.792,Active,408.3,2.4,98.8,11.6,78.8,No,0.0,None
21:00:46.210,Active,408.6,2.4,98.2,11.5,77.7,No,0.0,None
21:00:46.625,Active,407.8,2.4,98.2,11.5,78.2,No,0.0,None
21:00:47.046,Active,412.5,2.4,97.6,11.5,78.8,No,0.0,None
21:00:47.465,Active,408.7,2.4,97.6,11.5,78.2,No,0.0,None
21:00:47.882,Active,407.0,2.4,98.2,11.5,78.2,No,0.0,None
21:00:48.297,Active,405.8,2.4,98.2,11.5,78.8,No,0.0,None
21:00:48.710,Active,407.4,2.4,99.4,11.5,78.8,No,0.0,None
21:00:49.124,Active,407.2,2.4,98.8,11.5,77.1,No,0.0,None
21:00:49.545,Active,411.5,2.4,98.2,11.5,79.8,No,0.0,None
21:00:49.964,Active,409.6,2.4,98.2,11.5,78.8,No,0.0,None
21:00:50.380,Active,406.3,2.4,97.0,11.5,78.2,No,0.0,None
21:00:50.799,Active,411.1,2.4,98.2,11.5,77.7,No,0.0,None
21:00:51.212,Active,407.1,2.4,98.8,11.5,78.2,No,0.0,None
21:00:51.625,Active,407.1,2.4,98.8,11.5,78.2,No,0.0,None
21:00:52.036,Active,405.0,2.4,98.8,11.5,78.8,No,0.0,None
21:00:52.449,Active,406.9,2.4,100.0,11.5,78.2,No,0.0,None
21:00:52.884,Active,429.7,2.4,98.9,11.6,78.8,No,0.0,None
21:00:53.295,Active,402.7,2.4,99.4,11.6,79.8,No,0.0,None
21:00:53.709,Active,408.8,2.4,99.4,11.6,78.2,No,0.0,None
21:00:54.122,Active,406.5,2.4,99.4,11.6,78.8,No,0.0,None
21:00:54.539,Active,407.4,2.4,98.2,11.6,78.8,No,0.0,None
21:00:54.957,Active,408.3,2.4,98.2,11.6,79.3,No,0.0,None
21:00:55.366,Active,403.0,2.4,99.4,11.6,78.8,No,0.0,None
21:00:55.785,Active,407.9,2.4,98.8,11.6,78.8,No,0.0,None
21:00:56.200,Active,405.9,2.4,98.2,11.6,78.8,No,0.0,None
21:00:56.619,Active,409.1,2.4,97.6,11.6,78.8,No,0.0,None
21:00:57.036,Active,411.3,2.4,98.8,11.6,78.8,No,0.0,None
21:00:57.454,Active,409.5,2.4,98.2,11.6,78.8,No,0.0,None
21:00:57.888,Active,427.8,2.4,97.7,11.6,78.2,No,0.0,None
21:00:58.307,Active,408.9,2.4,97.0,11.6,78.8,No,0.0,None
21:00:58.723,Active,409.6,2.4,98.2,11.6,78.8,No,0.0,None
21:01:44.164,Active,424.2,2.4,1.4,11.6,59.5,No,0.0,None
21:01:44.586,Active,412.5,11.7,98.2,11.6,61.1,No,0.0,None
21:01:45.003,Active,411.6,11.7,97.6,11.6,62.8,No,0.0,None
21:01:45.422,Active,408.3,11.7,98.2,11.6,63.4,No,0.0,None
21:01:45.839,Active,408.9,11.7,98.2,11.6,63.9,No,0.0,None
21:01:46.254,Active,407.2,11.7,98.2,11.6,65.0,No,0.0,None
21:01:46.672,Active,408.9,11.7,98.2,11.6,66.7,No,0.0,None
21:01:47.090,Active,409.2,11.7,97.6,11.6,66.1,No,0.0,None
21:01:47.505,Active,407.7,11.7,98.8,11.6,67.2,No,0.0,None
21:01:47.929,Active,416.0,11.7,96.4,11.5,68.3,No,0.0,None
21:01:48.346,Active,410.1,11.7,98.8,11.5,67.2,No,0.0,None
21:01:48.763,Active,409.3,2.4,98.8,11.6,67.8,No,0.0,None
21:01:49.179,Active,407.8,2.4,98.2,11.6,70.0,No,0.0,None
21:01:49.593,Active,408.2,2.4,98.8,11.6,67.8,No,0.0,None
21:01:50.009,Active,407.9,2.4,98.8,11.6,68.8,No,0.0,None
21:01:50.423,Active,407.8,2.4,98.8,11.6,69.4,No,0.0,None
21:01:50.837,Active,408.2,2.4,99.4,11.6,70.0,No,0.0,None
21:01:51.251,Active,407.4,2.4,98.8,11.6,70.0,No,0.0,None
21:01:51.665,Active,408.0,2.4,98.8,11.6,69.4,No,0.0,None
21:01:52.077,Active,404.1,2.4,98.8,11.6,70.5,No,0.0,None
21:01:52.489,Active,406.0,2.4,100.0,11.5,71.6,No,0.0,None
21:01:52.907,Active,409.5,2.4,98.8,11.5,72.2,No,0.0,None
21:01:53.322,Active,408.9,2.4,98.8,11.5,71.0,No,0.0,None
21:01:53.773,Active,443.5,2.4,98.3,11.6,71.6,No,0.0,None
21:01:54.190,Active,410.3,2.4,98.8,11.6,72.7,No,0.0,None
21:01:54.607,Active,410.3,2.4,97.6,11.6,72.2,No,0.0,None
21:01:55.021,Active,407.0,2.4,99.4,11.6,72.2,No,0.0,None
21:01:55.441,Active,408.8,2.4,98.2,11.6,72.2,No,0.0,None
21:01:55.857,Active,407.9,2.4,98.8,11.6,72.7,No,0.0,None
21:01:56.269,Active,403.6,2.4,98.2,11.6,72.7,No,0.0,None
21:01:56.687,Active,412.4,2.4,98.8,11.6,72.2,No,0.0,None
21:01:57.103,Active,407.4,2.4,98.2,11.6,73.2,No,0.0,None
21:01:57.521,Active,408.2,2.4,98.2,11.5,73.8,No,0.0,None
21:01:57.938,Active,410.2,2.4,98.8,11.5,73.2,No,0.0,None
21:01:58.351,Active,407.0,2.4,98.8,11.5,73.2,No,0.0,None
21:01:58.777,Active,419.6,2.4,98.8,11.5,73.8,No,0.0,None
21:01:59.192,Active,407.5,2.4,99.4,11.5,73.2,No,0.0,None
21:01:59.611,Active,409.9,2.4,98.2,11.5,73.8,No,0.0,None
21:02:00.025,Active,406.0,2.4,98.2,11.5,74.3,No,0.0,None
21:02:00.445,Active,410.7,2.4,98.2,11.5,73.8,No,0.0,None
21:02:00.859,Active,408.0,2.4,98.8,11.5,73.8,No,0.0,None
21:02:01.274,Active,406.2,2.4,98.2,11.6,74.9,No,0.0,None
21:02:01.696,Active,414.6,2.4,98.2,11.6,74.3,No,0.0,None
21:02:02.109,Active,404.2,2.4,98.2,11.6,74.3,No,0.0,None
21:02:02.538,Active,420.9,2.4,97.0,11.6,75.5,No,0.0,None
21:02:02.962,Active,417.9,2.4,97.0,11.6,74.3,No,0.0,None
21:02:03.377,Active,407.9,2.4,98.8,11.6,74.9,No,0.0,None
21:02:03.810,Active,426.9,2.4,98.8,11.6,74.9,No,0.0,None
21:02:04.223,Active,405.9,2.4,97.6,11.6,74.9,No,0.0,None
21:02:04.637,Active,408.1,2.4,98.8,11.6,75.5,No,0.0,None
21:02:05.060,Active,414.6,2.4,97.6,11.6,75.5,No,0.0,None
21:02:05.476,Active,406.8,2.4,97.6,11.6,74.9,No,0.0,None
21:02:05.897,Active,407.6,2.4,97.6,11.6,76.0,No,0.0,None
21:02:06.315,Active,409.7,2.4,98.2,11.6,75.5,No,0.0,None
21:02:06.730,Active,408.7,2.4,98.8,11.6,76.0,No,0.0,None
21:02:07.143,Active,406.2,2.4,98.8,11.5,76.5,No,0.0,None
21:02:07.558,Active,408.9,2.4,99.4,11.5,76.0,No,0.0,None
21:02:07.974,Active,408.5,2.4,98.2,11.5,76.0,No,0.0,None
21:02:08.398,Active,416.6,2.4,97.6,11.5,76.5,No,0.0,None
21:02:08.830,Active,426.1,2.4,98.2,11.6,76.0,No,0.0,None
21:02:09.247,Active,409.7,2.4,98.8,11.6,76.0,No,0.0,None
21:02:09.664,Active,409.7,2.4,98.2,11.6,77.1,No,0.0,None
21:02:10.079,Active,407.8,2.4,98.8,11.6,77.1,No,0.0,None
21:02:10.499,Active,409.8,2.4,97.6,11.6,76.5,No,0.0,None
21:02:10.918,Active,412.6,2.4,98.8,11.6,76.0,No,0.0,None
21:02:11.338,Active,412.8,2.4,97.6,11.6,76.0,No,0.0,None
21:02:11.759,Active,413.5,2.4,98.2,11.6,76.5,No,0.0,None
21:02:12.171,Active,406.5,2.4,98.8,11.6,76.5,No,0.0,None
21:02:12.587,Active,409.2,2.4,98.8,11.6,75.5,No,0.0,None
21:02:12.998,Active,405.5,2.4,98.2,11.6,76.5,No,0.0,None
21:02:13.418,Active,409.6,2.4,98.2,11.5,76.0,No,0.0,None
21:02:13.834,Active,406.8,2.4,98.2,11.5,77.1,No,0.0,None
21:02:14.273,Active,431.9,2.4,98.9,11.6,76.5,No,0.0,None
21:02:14.691,Active,411.6,2.4,98.8,11.6,77.1,No,0.0,None
21:02:15.107,Active,407.1,2.4,98.2,11.6,76.5,No,0.0,None
21:02:15.521,Active,407.9,2.4,98.8,11.6,77.1,No,0.0,None
21:02:15.938,Active,410.8,2.4,98.8,11.6,77.1,No,0.0,None
21:02:16.353,Active,407.5,2.4,98.2,11.6,76.5,No,0.0,None
21:02:16.773,Active,410.1,2.4,98.2,11.6,77.7,No,0.0,None
21:02:17.189,Active,407.7,2.4,98.2,11.6,76.5,No,0.0,None
21:02:17.609,Active,411.8,2.4,98.2,11.5,77.1,No,0.0,None
21:02:18.024,Active,407.1,2.4,98.8,11.5,76.5,No,0.0,None
21:02:18.442,Active,408.5,2.4,97.6,11.5,77.1,No,0.0,None
21:02:18.873,Active,424.1,2.4,95.9,11.5,76.5,No,0.0,None
21:02:19.286,Active,405.2,2.4,98.8,11.5,77.1,No,0.0,None
21:02:19.706,Active,409.4,2.4,98.2,11.5,76.5,No,0.0,None
21:02:20.121,Active,406.3,2.4,98.2,11.5,77.1,No,0.0,None
21:02:20.539,Active,409.4,2.4,98.8,11.5,77.1,No,0.0,None
21:02:20.955,Active,410.2,2.4,99.4,11.5,77.7,No,0.0,None
21:02:21.370,Active,408.8,2.4,97.0,11.5,77.1,No,0.0,None
21:02:21.786,Active,410.0,2.4,98.8,11.5,78.2,No,0.0,None
21:02:22.201,Active,407.7,2.4,99.4,11.5,77.7,No,0.0,None
21:02:22.616,Active,409.0,2.4,99.4,11.5,77.7,No,0.0,None
21:02:23.033,Active,408.0,2.4,97.6,11.5,77.7,No,0.0,None
21:02:23.451,Active,411.2,2.4,99.4,11.5,77.1,No,0.0,None
21:02:23.864,Active,406.9,2.4,98.2,11.5,78.2,No,0.0,None
21:02:24.308,Active,435.3,2.4,97.2,11.6,77.1,No,0.0,None
21:02:24.725,Active,408.6,2.4,98.8,11.6,77.1,No,0.0,None
21:02:25.143,Active,406.9,2.4,98.2,11.5,77.1,No,0.0,None
21:02:25.571,Active,421.7,2.4,97.0,11.5,77.1,No,0.0,None
21:02:25.991,Active,413.9,2.4,97.6,11.5,77.1,No,0.0,None
21:02:26.406,Active,408.6,2.4,98.8,11.5,77.7,No,0.0,None
21:02:26.819,Active,406.1,2.4,98.8,11.5,77.1,No,0.0,None
21:02:27.234,Active,405.7,2.4,98.8,11.5,77.7,No,0.0,None
21:02:27.670,Active,429.1,2.4,97.1,11.5,77.1,No,0.0,None
21:02:28.083,Active,405.4,2.4,99.4,11.5,77.1,No,0.0,None
21:02:28.499,Active,409.7,2.4,98.8,11.5,77.7,No,0.0,None
21:02:28.916,Active,411.0,2.4,97.6,11.5,77.1,No,0.0,None
21:02:29.341,Active,418.6,2.4,98.8,11.5,77.7,No,0.0,None
21:02:29.758,Active,408.9,2.4,98.2,11.5,77.1,No,0.0,None
21:02:30.180,Active,414.1,2.4,98.2,11.5,78.2,No,0.0,None
21:02:30.597,Active,410.8,2.4,97.6,11.5,77.7,No,0.0,None
21:02:31.014,Active,408.9,2.4,97.6,11.5,78.2,No,0.0,None
21:02:31.430,Active,408.7,2.4,98.8,11.5,77.7,No,0.0,None
21:02:31.847,Active,405.9,2.4,98.2,11.5,78.2,No,0.0,None
21:02:32.263,Active,406.7,2.4,98.2,11.5,78.8,No,0.0,None
21:02:32.677,Active,408.3,2.4,98.8,11.5,78.2,No,0.0,None
21:02:33.090,Active,406.2,2.4,99.4,11.5,77.7,No,0.0,None
21:02:33.506,Active,408.9,2.4,98.8,11.5,78.2,No,0.0,None
21:02:33.922,Active,410.0,2.4,98.2,11.5,78.8,No,0.0,None
21:02:34.355,Active,426.0,2.4,98.8,11.6,77.7,No,0.0,None
21:02:34.773,Active,409.2,2.4,98.2,11.6,78.8,No,0.0,None
21:02:35.191,Active,408.4,2.4,98.2,11.6,79.8,No,0.0,None
21:02:35.607,Active,409.6,2.4,98.8,11.6,79.3,No,0.0,None
21:02:36.023,Active,409.5,2.4,98.8,11.6,78.2,No,0.0,None
21:02:36.437,Active,408.6,2.4,98.8,11.6,77.7,No,0.0,None
21:02:36.851,Active,407.2,2.4,98.8,11.5,78.2,No,0.0,None
21:02:37.266,Active,408.4,2.4,97.6,11.5,78.2,No,0.0,None
21:02:37.684,Active,410.9,2.4,98.8,11.5,78.2,No,0.0,None
21:02:38.105,Active,407.4,2.4,97.0,11.5,77.7,No,0.0,None
21:02:38.532,Active,418.5,2.4,97.1,11.5,77.7,No,0.0,None
21:02:38.946,Active,405.6,2.4,98.2,11.5,78.2,No,0.0,None
21:02:39.382,Active,428.5,2.4,97.7,11.6,77.1,No,0.0,None
21:02:39.801,Active,411.8,2.4,98.8,11.6,78.2,No,0.0,None
21:02:40.222,Active,413.2,2.4,97.6,11.6,78.2,No,0.0,None
21:02:40.637,Active,407.8,2.4,98.8,11.6,78.8,No,0.0,None
21:02:41.049,Active,405.6,2.4,99.4,11.6,78.2,No,0.0,None
21:02:41.474,Active,418.4,2.4,97.0,11.6,78.2,No,0.0,None
21:02:41.890,Active,408.6,2.4,98.2,11.6,78.2,No,0.0,None
21:02:42.311,Active,409.1,2.4,97.6,11.5,78.8,No,0.0,None
21:02:42.728,Active,411.0,2.4,98.2,11.5,78.2,No,0.0,None
21:02:43.145,Active,408.1,2.4,98.2,11.5,78.8,No,0.0,None
21:02:43.560,Active,406.5,2.4,98.2,11.5,78.8,No,0.0,None
21:02:43.978,Active,405.0,2.4,98.2,11.5,78.2,No,0.0,None
21:03:29.422,Active,424.9,2.4,1.5,11.5,59.5,No,0.0,None
21:03:29.831,Active,402.7,2.4,99.4,11.5,61.7,No,0.0,None
21:03:30.253,Active,416.2,2.4,100.0,11.5,61.7,No,0.0,None
21:03:30.681,Active,419.9,2.4,97.1,11.6,62.8,No,0.0,None
21:03:31.126,Active,438.4,2.4,94.3,11.6,64.5,No,0.0,None
21:03:31.542,Active,408.3,2.4,98.2,11.6,65.0,No,0.0,None
21:03:31.963,Active,413.6,2.4,97.6,11.6,65.5,No,0.0,None
21:03:32.399,Active,429.7,2.9,95.3,11.5,66.7,No,0.0,None
21:03:32.824,Active,418.9,2.9,97.1,11.5,67.2,No,0.0,None
21:03:33.239,Active,405.9,2.9,98.2,11.5,67.2,No,0.0,None
21:03:33.656,Active,408.4,2.9,98.2,11.6,67.8,No,0.0,None
21:03:34.072,Active,406.8,2.9,98.8,11.6,68.3,No,0.0,None
21:03:34.489,Active,409.3,2.9,98.8,11.6,67.2,No,0.0,None
21:03:34.903,Active,406.8,2.9,98.8,11.6,68.8,No,0.0,None
21:03:35.338,Active,429.1,2.9,97.7,11.6,70.0,No,0.0,None
21:03:35.753,Active,408.8,2.9,98.8,11.6,69.4,No,0.0,None
21:03:36.168,Active,406.6,2.9,98.8,11.6,70.5,No,0.0,None
21:03:36.585,Active,410.9,2.4,98.8,11.6,70.5,No,0.0,None
21:03:37.003,Active,409.8,2.4,97.6,11.6,70.0,No,0.0,None
21:03:37.424,Active,415.1,2.4,97.6,11.5,70.5,No,0.0,None
21:03:37.839,Active,405.7,2.4,98.8,11.5,70.5,No,0.0,None
21:03:38.251,Active,405.4,2.4,98.8,11.5,71.0,No,0.0,None
21:03:38.663,Active,406.7,2.4,99.4,11.5,71.0,No,0.0,None
21:03:39.075,Active,405.4,2.4,99.4,11.5,71.0,No,0.0,None
21:03:39.493,Active,409.0,2.4,98.2,11.5,71.6,No,0.0,None
21:03:39.914,Active,408.4,2.4,97.0,11.5,72.2,No,0.0,None
21:03:40.370,Active,448.9,2.4,96.1,11.5,71.6,No,0.0,None
21:03:40.810,Active,429.8,2.4,94.9,11.5,72.7,No,0.0,None
21:03:41.240,Active,422.8,2.4,95.3,11.5,71.0,No,0.0,None
21:03:41.657,Active,408.9,2.4,98.8,11.5,72.7,No,0.0,None
21:03:42.074,Active,407.8,2.4,98.2,11.5,72.2,No,0.0,None
21:03:42.489,Active,406.7,2.4,98.2,11.5,73.2,No,0.0,None
21:03:42.901,Active,404.8,2.4,99.4,11.5,72.7,No,0.0,None
21:03:43.313,Active,406.6,2.4,98.8,11.5,73.8,No,0.0,None
21:03:43.730,Active,409.8,2.4,98.8,11.5,73.8,No,0.0,None
21:03:44.151,Active,409.5,2.4,97.6,11.5,73.2,No,0.0,None
21:03:44.567,Active,408.9,2.4,97.6,11.5,74.3,No,0.0,None
21:03:44.981,Active,408.4,2.4,98.8,11.5,74.3,No,0.0,None
21:03:45.392,Active,404.4,2.4,99.4,11.5,73.8,No,0.0,None
21:03:45.862,Active,460.3,2.4,93.5,11.5,73.2,No,0.0,None
21:03:46.274,Active,405.8,2.4,98.8,11.6,73.8,No,0.0,None
21:03:46.692,Active,409.7,2.4,97.6,11.6,74.3,No,0.0,None
21:03:47.107,Active,405.9,2.4,98.2,11.6,74.3,No,0.0,None
21:03:47.526,Active,409.1,2.4,98.8,11.6,73.8,No,0.0,None
21:03:47.940,Active,404.8,2.4,98.2,11.6,74.3,No,0.0,None
21:03:48.365,Active,414.8,2.4,97.7,11.6,74.3,No,0.0,None
21:03:48.783,Active,409.9,2.4,98.2,11.6,74.3,No,0.0,None
21:03:49.198,Active,407.5,2.4,98.2,11.6,74.3,No,0.0,None
21:03:49.617,Active,409.7,2.4,98.2,11.5,74.9,No,0.0,None
21:03:50.035,Active,407.9,2.4,98.2,11.5,74.9,No,0.0,None
21:03:50.449,Active,407.6,2.4,98.8,11.5,74.9,No,0.0,None
21:03:50.870,Active,410.3,2.4,98.2,11.5,74.9,No,0.0,None
21:03:51.285,Active,407.5,2.4,98.2,11.5,74.9,No,0.0,None
21:03:51.704,Active,409.2,2.4,98.2,11.5,74.9,No,0.0,None
21:03:52.122,Active,408.4,2.4,97.6,11.5,75.5,No,0.0,None
21:03:52.540,Active,411.0,2.4,98.2,11.5,75.5,No,0.0,None
21:03:52.959,Active,409.7,2.4,98.2,11.5,74.3,No,0.0,None
21:03:53.372,Active,406.1,2.4,98.8,11.5,76.0,No,0.0,None
21:03:53.786,Active,407.7,2.4,98.8,11.5,76.0,No,0.0,None
21:03:54.204,Active,408.4,2.4,98.2,11.5,76.0,No,0.0,None
21:03:54.621,Active,407.8,2.4,98.2,11.5,76.0,No,0.0,None
21:03:55.035,Active,407.8,2.4,99.4,11.5,76.0,No,0.0,None
21:03:55.450,Active,408.6,2.4,98.2,11.5,76.5,No,0.0,None
21:03:55.902,Active,442.2,2.4,97.2,11.5,75.5,No,0.0,None
21:03:56.322,Active,414.4,2.4,97.6,11.5,76.0,No,0.0,None
21:03:56.740,Active,410.5,2.4,98.2,11.5,75.5,No,0.0,None
21:03:57.152,Active,406.0,2.4,99.4,11.5,75.5,No,0.0,None
21:03:57.593,Active,431.4,2.4,94.9,11.5,76.0,No,0.0,None
21:03:58.005,Active,405.6,2.4,98.8,11.5,76.5,No,0.0,None
21:03:58.423,Active,409.5,2.4,98.8,11.5,76.5,No,0.0,None
21:03:58.835,Active,406.2,2.4,99.4,11.5,76.5,No,0.0,None
21:03:59.250,Active,407.2,2.4,98.2,11.5,76.5,No,0.0,None
21:03:59.677,Active,417.6,2.4,97.7,11.5,76.5,No,0.0,None
21:04:00.093,Active,406.6,2.4,98.2,11.5,76.0,No,0.0,None
21:04:00.508,Active,407.8,2.4,98.8,11.5,76.5,No,0.0,None
21:04:01.040,Active,421.6,2.4,79.2,11.5,75.5,No,0.0,None
21:04:01.458,Active,409.6,2.4,98.8,11.6,76.5,No,0.0,None
21:04:01.872,Active,408.3,2.3,98.8,11.6,76.5,No,0.0,None
21:04:02.288,Active,406.9,2.3,98.2,11.6,76.5,No,0.0,None
21:04:02.704,Active,409.7,2.3,98.8,11.6,76.5,No,0.0,None
21:04:03.119,Active,406.3,2.3,98.2,11.6,77.1,No,0.0,None
21:04:03.539,Active,409.5,2.3,98.2,11.6,76.5,No,0.0,None
21:04:03.953,Active,406.0,2.3,98.2,11.5,76.5,No,0.0,None
21:04:04.371,Active,407.7,2.3,98.2,11.5,76.5,No,0.0,None
21:04:04.789,Active,409.7,2.3,98.2,11.5,76.5,No,0.0,None
21:04:05.207,Active,409.5,2.3,98.2,11.5,76.0,No,0.0,None
21:04:05.626,Active,411.7,2.3,97.0,11.5,76.5,No,0.0,None
21:04:06.054,Active,418.4,2.4,98.2,11.5,76.5,No,0.0,None
21:04:06.468,Active,408.6,2.4,98.2,11.5,76.0,No,0.0,None
21:04:06.887,Active,408.3,2.4,98.2,11.5,76.0,No,0.0,None
21:04:07.300,Active,406.9,2.4,98.8,11.5,76.5,No,0.0,None
21:04:07.719,Active,408.4,2.4,98.2,11.5,76.5,No,0.0,None
21:04:08.130,Active,404.3,2.4,98.8,11.5,77.1,No,0.0,None
21:04:08.545,Active,409.7,2.4,99.4,11.5,77.1,No,0.0,None
21:04:08.958,Active,406.7,2.4,99.4,11.5,77.1,No,0.0,None
21:04:09.374,Active,408.8,2.4,98.8,11.5,76.0,No,0.0,None
21:04:09.790,Active,409.2,2.4,98.8,11.5,77.7,No,0.0,None
21:04:10.204,Active,406.7,2.4,98.2,11.5,77.7,No,0.0,None
21:04:10.623,Active,408.3,2.4,98.2,11.5,77.7,No,0.0,None
21:04:11.058,Active,426.8,2.4,98.3,11.5,77.7,No,0.0,None
21:04:11.473,Active,408.1,2.4,98.8,11.5,77.7,No,0.0,None
21:04:11.891,Active,409.4,2.4,97.6,11.5,77.1,No,0.0,None
21:04:12.304,Active,407.3,2.4,99.4,11.5,77.7,No,0.0,None
21:04:12.719,Active,408.5,2.4,98.8,11.5,77.7,No,0.0,None
21:04:13.129,Active,403.8,2.4,99.4,11.5,77.1,No,0.0,None
21:04:13.545,Active,410.0,2.4,99.4,11.5,77.1,No,0.0,None
21:04:13.961,Active,407.9,2.4,98.2,11.5,77.1,No,0.0,None
21:04:14.375,Active,406.0,2.4,98.2,11.5,77.1,No,0.0,None
21:04:14.794,Active,408.9,2.4,98.2,11.5,77.7,No,0.0,None
21:04:15.208,Active,407.0,2.4,98.8,11.5,77.7,No,0.0,None
21:04:15.626,Active,408.1,2.4,97.0,11.5,76.5,No,0.0,None
21:04:16.058,Active,421.6,2.4,98.3,11.5,77.1,No,0.0,None
21:04:16.474,Active,406.9,2.4,98.2,11.6,78.2,No,0.0,None
21:04:16.891,Active,405.9,2.4,98.2,11.6,77.7,No,0.0,None
21:04:17.307,Active,408.3,2.4,98.8,11.6,78.2,No,0.0,None
21:04:17.724,Active,409.3,2.4,98.2,11.6,77.7,No,0.0,None
21:04:18.138,Active,406.1,2.4,98.8,11.6,77.7,No,0.0,None
21:04:18.555,Active,409.5,2.4,98.8,11.6,77.7,No,0.0,None
21:04:18.969,Active,407.6,2.4,98.8,11.5,77.7,No,0.0,None
21:04:19.385,Active,408.0,2.4,98.2,11.5,77.7,No,0.0,None
21:04:19.806,Active,412.8,2.4,97.6,11.5,77.7,No,0.0,None
21:04:20.222,Active,409.0,2.4,98.8,11.5,77.1,No,0.0,None
21:04:20.649,Active,420.0,2.4,97.1,11.5,78.2,No,0.0,None
21:04:21.097,Active,440.2,2.4,95.5,11.5,77.7,No,0.0,None
21:04:21.512,Active,408.7,2.4,98.8,11.5,78.2,No,0.0,None
21:04:21.925,Active,407.1,2.4,99.4,11.5,78.8,No,0.0,None
21:04:22.342,Active,409.1,2.4,97.6,11.5,77.1,No,0.0,None
21:04:22.757,Active,407.5,2.4,99.4,11.5,77.7,No,0.0,None
21:04:23.180,Active,417.4,2.4,98.2,11.5,77.7,No,0.0,None
21:04:23.595,Active,408.9,2.4,98.8,11.5,77.7,No,0.0,None
21:04:24.011,Active,405.9,2.4,98.2,11.5,77.7,No,0.0,None
21:04:24.427,Active,407.5,2.4,98.2,11.5,78.2,No,0.0,None
21:04:24.848,Active,407.3,2.4,97.1,11.5,78.2,No,0.0,None
21:04:25.266,Active,408.3,2.4,98.2,11.5,78.2,No,0.0,None
21:04:25.714,Active,441.2,2.4,93.8,11.5,78.2,No,0.0,None
21:04:26.169,Active,447.4,2.4,97.8,11.6,78.2,No,0.0,None
21:04:26.585,Active,407.1,2.4,98.2,11.6,79.3,No,0.0,None
21:04:27.000,Active,407.0,2.4,98.8,11.6,78.8,No,0.0,None
21:04:27.453,Active,444.1,2.4,94.4,11.6,77.7,No,0.0,None
21:04:27.867,Active,407.6,2.4,97.6,11.6,77.7,No,0.0,None
21:04:28.283,Active,409.7,2.4,98.2,11.6,78.2,No,0.0,None
21:04:28.700,Active,408.9,2.4,98.2,11.6,78.2,No,0.0,None
21:04:29.118,Active,407.8,2.4,98.2,11.6,78.2,No,0.0,None
21:05:14.552,Active,419.8,2.4,1.1,11.6,59.5,No,0.0,None
21:05:14.965,Active,406.5,2.4,100.0,11.6,61.7,No,0.0,None
21:05:15.375,Active,404.3,2.4,98.8,11.5,62.2,No,0.0,None
21:05:15.793,Active,408.1,2.4,98.8,11.5,62.8,No,0.0,None
21:05:16.211,Active,409.5,4.8,97.6,11.5,63.9,No,0.0,None
21:05:16.628,Active,407.7,4.8,98.2,11.5,66.1,No,0.0,None
21:05:17.067,Active,428.2,4.8,98.9,11.6,65.0,No,0.0,None
21:05:17.488,Active,414.2,4.8,97.7,11.6,66.1,No,0.0,None
21:05:17.906,Active,406.3,4.8,98.2,11.6,67.2,No,0.0,None
21:05:18.321,Active,405.2,4.8,98.2,11.6,66.1,No,0.0,None
21:05:18.736,Active,408.3,4.8,99.4,11.6,67.2,No,0.0,None
21:05:19.149,Active,404.8,4.8,98.2,11.6,68.3,No,0.0,None
21:05:19.576,Active,417.6,4.8,96.5,11.6,67.8,No,0.0,None
21:05:19.997,Active,411.6,4.8,97.0,11.6,69.4,No,0.0,None
21:05:20.412,Active,409.2,2.4,99.4,11.6,68.8,No,0.0,None
21:05:20.822,Active,404.3,2.4,99.4,11.6,70.0,No,0.0,None
21:05:21.236,Active,407.2,2.4,100.0,11.6,69.4,No,0.0,None
21:05:21.665,Active,419.4,2.4,95.9,11.5,70.0,No,0.0,None
21:05:22.080,Active,406.4,2.4,98.8,11.5,70.5,No,0.0,None
21:05:22.496,Active,410.5,2.4,99.4,11.5,71.0,No,0.0,None
21:05:22.911,Active,406.1,2.4,98.2,11.5,70.5,No,0.0,None
21:05:23.339,Active,417.5,2.4,96.5,11.5,70.5,No,0.0,None
21:05:23.754,Active,408.2,2.4,98.8,11.5,71.0,No,0.0,None
21:05:24.167,Active,407.7,2.4,99.4,11.5,71.6,No,0.0,None
21:05:24.587,Active,409.1,2.4,97.6,11.5,71.6,No,0.0,None
21:05:25.006,Active,413.3,2.4,97.6,11.5,71.6,No,0.0,None
21:05:25.421,Active,409.4,2.4,99.4,11.5,71.6,No,0.0,None
21:05:25.838,Active,406.5,2.4,97.6,11.5,72.2,No,0.0,None
21:05:26.253,Active,408.3,2.4,98.8,11.5,72.2,No,0.0,None
21:05:26.669,Active,409.4,2.4,98.2,11.5,72.2,No,0.0,None
21:05:27.110,Active,434.4,2.4,98.3,11.6,72.2,No,0.0,None
21:05:27.528,Active,411.3,2.4,98.8,11.6,72.7,No,0.0,None
21:05:27.940,Active,404.8,2.4,98.8,11.6,73.8,No,0.0,None
21:05:28.348,Active,402.8,2.4,100.0,11.6,73.8,No,0.0,None
21:05:28.763,Active,403.5,2.4,98.8,11.6,73.2,No,0.0,None
21:05:29.177,Active,403.6,2.4,98.8,11.6,73.2,No,0.0,None
21:05:29.599,Active,410.9,2.4,97.6,11.6,73.2,No,0.0,None
21:05:30.021,Active,416.6,2.4,96.4,11.6,73.8,No,0.0,None
21:05:30.437,Active,407.4,2.4,98.8,11.5,73.8,No,0.0,None
21:05:30.852,Active,407.1,2.4,98.8,11.5,73.8,No,0.0,None
21:05:31.268,Active,409.9,2.4,98.8,11.5,73.8,No,0.0,None
21:05:31.684,Active,407.3,2.4,97.6,11.5,74.3,No,0.0,None
21:05:32.101,Active,407.5,2.4,98.8,11.5,73.8,No,0.0,None
21:05:32.528,Active,421.5,2.4,99.4,11.6,73.8,No,0.0,None
21:05:32.943,Active,408.7,2.4,99.4,11.6,74.3,No,0.0,None
21:05:33.356,Active,406.9,2.4,98.2,11.5,74.9,No,0.0,None
21:05:33.774,Active,408.4,2.4,98.2,11.5,73.8,No,0.0,None
21:05:34.187,Active,407.3,2.4,98.8,11.6,74.9,No,0.0,None
21:05:34.605,Active,408.9,2.4,98.2,11.6,74.3,No,0.0,None
21:05:35.019,Active,406.0,2.4,98.8,11.6,74.3,No,0.0,None
21:05:35.433,Active,408.0,2.4,98.8,11.5,75.5,No,0.0,None
21:05:35.846,Active,404.7,2.4,98.8,11.5,74.9,No,0.0,None
21:05:36.260,Active,406.7,2.4,98.8,11.5,74.9,No,0.0,None
21:05:36.676,Active,409.8,2.4,98.8,11.5,74.9,No,0.0,None
21:05:37.097,Active,411.8,2.4,97.6,11.5,74.9,No,0.0,None
21:05:37.541,Active,436.2,2.4,96.6,11.6,74.9,No,0.0,None
21:05:37.954,Active,406.0,2.4,99.4,11.6,74.3,No,0.0,None
21:05:38.369,Active,407.8,2.4,98.2,11.6,74.9,No,0.0,None
21:05:38.795,Active,417.7,2.4,97.7,11.6,74.9,No,0.0,None
21:05:39.204,Active,403.3,2.4,98.8,11.6,75.5,No,0.0,None
21:05:39.621,Active,408.0,2.4,99.4,11.6,74.9,No,0.0,None
21:05:40.041,Active,413.6,2.4,97.6,11.6,74.3,No,0.0,None
21:05:40.469,Active,420.0,2.4,96.4,11.5,75.5,No,0.0,None
21:05:40.884,Active,406.4,2.4,98.8,11.5,75.5,No,0.0,None
21:05:41.301,Active,408.0,2.4,98.2,11.5,76.0,No,0.0,None
21:05:41.718,Active,410.5,2.4,99.4,11.5,75.5,No,0.0,None
21:05:42.130,Active,404.5,2.4,98.2,11.5,76.0,No,0.0,None
21:05:42.564,Active,428.7,2.4,99.4,11.6,75.5,No,0.0,None
21:05:42.982,Active,408.8,2.4,98.2,11.5,75.5,No,0.0,None
21:05:43.397,Active,408.0,2.4,98.8,11.5,76.0,No,0.0,None
21:05:43.809,Active,406.4,2.4,99.4,11.5,76.0,No,0.0,None
21:05:44.226,Active,407.0,2.4,98.2,11.5,76.5,No,0.0,None
21:05:44.647,Active,413.3,2.4,98.2,11.5,76.0,No,0.0,None
21:05:45.076,Active,420.3,2.4,96.5,11.5,76.0,No,0.0,None
21:05:45.495,Active,408.6,2.4,98.2,11.5,75.5,No,0.0,None
21:05:45.911,Active,405.9,2.4,97.6,11.5,76.0,No,0.0,None
21:05:46.331,Active,409.5,2.4,98.2,11.5,76.0,No,0.0,None
21:05:46.747,Active,408.6,2.4,98.2,11.5,76.0,No,0.0,None
21:05:47.165,Active,407.7,2.4,98.2,11.5,75.5,No,0.0,None
21:05:47.604,Active,432.3,2.4,98.9,11.5,76.5,No,0.0,None
21:05:48.020,Active,406.6,2.4,98.2,11.6,75.5,No,0.0,None
21:05:48.436,Active,408.3,2.4,98.8,11.6,76.0,No,0.0,None
21:05:48.852,Active,407.0,2.4,98.8,11.6,76.0,No,0.0,None
21:05:49.264,Active,406.1,2.4,98.8,11.6,76.5,No,0.0,None
21:05:49.674,Active,403.8,2.4,99.4,11.6,76.5,No,0.0,None
21:05:50.083,Active,402.1,2.4,100.0,11.6,77.1,No,0.0,None
21:05:50.500,Active,409.8,2.4,99.4,11.6,76.0,No,0.0,None
21:05:50.913,Active,403.9,2.4,98.2,11.6,77.1,No,0.0,None
21:05:51.325,Active,406.1,2.4,99.4,11.5,76.5,No,0.0,None
21:05:51.740,Active,407.3,2.4,98.2,11.5,76.5,No,0.0,None
21:05:52.155,Active,408.5,2.4,99.4,11.5,76.5,No,0.0,None
21:05:52.575,Active,409.8,2.4,97.6,11.5,76.0,No,0.0,None
21:05:52.988,Active,406.6,2.4,98.2,11.5,77.1,No,0.0,None
21:05:53.402,Active,404.9,2.4,98.2,11.5,77.7,No,0.0,None
21:05:53.826,Active,416.6,2.4,98.2,11.5,76.5,No,0.0,None
21:05:54.260,Active,426.4,2.4,96.6,11.5,76.5,No,0.0,None
21:05:54.673,Active,406.9,2.4,99.4,11.5,77.1,No,0.0,None
21:05:55.086,Active,406.6,2.4,99.4,11.5,76.5,No,0.0,None
21:05:55.503,Active,408.8,2.4,98.2,11.5,76.5,No,0.0,None
21:05:55.918,Active,407.1,2.4,98.2,11.5,78.2,No,0.0,None
21:05:56.333,Active,406.0,2.4,98.2,11.5,76.5,No,0.0,None
21:05:56.754,Active,411.0,2.4,97.6,11.5,76.0,No,0.0,None
21:05:57.171,Active,409.7,2.4,98.8,11.5,77.1,No,0.0,None
21:05:57.624,Active,444.9,2.4,97.8,11.5,77.1,No,0.0,None
21:05:58.040,Active,407.0,2.4,98.2,11.6,77.1,No,0.0,None
21:05:58.458,Active,409.6,2.4,98.8,11.6,76.5,No,0.0,None
21:05:58.874,Active,408.4,2.4,98.2,11.6,76.5,No,0.0,None
21:05:59.287,Active,405.4,2.4,98.2,11.6,77.1,No,0.0,None
21:05:59.705,Active,408.1,2.4,98.2,11.6,77.1,No,0.0,None
21:06:00.119,Active,407.1,2.4,98.8,11.6,77.1,No,0.0,None
21:06:00.537,Active,410.3,2.4,98.2,11.6,77.1,No,0.0,None
21:06:00.964,Active,418.8,2.4,96.5,11.6,77.1,No,0.0,None
21:06:01.412,Active,439.1,2.4,93.3,11.5,76.5,No,0.0,None
21:06:01.829,Active,408.2,2.4,98.8,11.5,77.1,No,0.0,None
21:06:02.242,Active,404.3,2.4,98.2,11.5,77.7,No,0.0,None
21:06:02.655,Active,406.2,2.4,99.4,11.5,77.1,No,0.0,None
21:06:03.081,Active,416.6,2.4,98.8,11.5,77.1,No,0.0,None
21:06:03.495,Active,407.1,2.4,98.2,11.6,77.7,No,0.0,None
21:06:03.909,Active,405.4,2.4,99.4,11.6,77.1,No,0.0,None
21:06:04.328,Active,408.3,2.4,97.6,11.6,77.7,No,0.0,None
21:06:04.747,Active,409.3,2.4,98.2,11.6,77.1,No,0.0,None
21:06:05.161,Active,406.9,2.4,98.2,11.6,77.1,No,0.0,None
21:06:05.580,Active,409.5,2.4,98.2,11.5,77.1,No,0.0,None
21:06:05.996,Active,405.6,2.4,98.2,11.5,77.1,No,0.0,None
21:06:06.413,Active,408.1,2.4,98.2,11.5,77.1,No,0.0,None
21:06:06.827,Active,407.3,2.4,98.8,11.5,77.7,No,0.0,None
21:06:07.243,Active,406.5,2.4,97.6,11.5,77.1,No,0.0,None
21:06:07.662,Active,408.6,2.4,98.2,11.5,77.1,No,0.0,None
21:06:08.095,Active,423.8,2.4,98.3,11.5,77.7,No,0.0,None
21:06:08.514,Active,408.8,2.4,98.2,11.6,77.1,No,0.0,None
21:06:08.928,Active,406.9,2.4,98.8,11.6,77.7,No,0.0,None
21:06:09.338,Active,403.9,2.4,99.4,11.5,77.7,No,0.0,None
21:06:09.757,Active,408.0,2.4,98.2,11.5,77.7,No,0.0,None
21:06:10.170,Active,407.3,2.4,99.4,11.5,77.7,No,0.0,None
21:06:10.590,Active,409.0,2.4,98.2,11.5,76.5,No,0.0,None
21:06:11.007,Active,407.7,2.4,98.2,11.5,77.7,No,0.0,None
21:06:11.424,Active,408.8,2.4,98.2,11.5,78.8,No,0.0,None
21:06:11.838,Active,407.8,2.4,98.8,11.5,78.2,No,0.0,None
21:06:12.273,Active,428.1,2.4,94.8,11.5,78.2,No,0.0,None
21:06:12.692,Active,411.1,2.4,98.8,11.5,78.8,No,0.0,None
21:06:13.132,Active,433.9,2.4,97.7,11.5,77.7,No,0.0,None
21:06:13.546,Active,406.5,2.4,98.8,11.5,78.2,No,0.0,None
21:06:13.963,Active,409.7,2.4,99.4,11.5,77.7,No,0.0,None
21:06:14.375,Active,405.5,2.4,98.8,11.5,77.7,No,0.0,None
21:06:59.814,Active,425.5,23.2,1.1,11.6,59.0,No,0.0,None
21:07:00.228,Active,407.4,23.2,98.8,11.6,60.6,No,0.0,None
21:07:00.645,Active,407.8,23.2,98.2,11.6,61.1,No,0.0,None
21:07:01.056,Active,405.0,23.2,99.4,11.6,62.8,No,0.0,None
21:07:01.472,Active,408.3,23.2,98.8,11.5,63.9,No,0.0,None
21:07:01.886,Active,407.5,23.2,99.4,11.5,65.5,No,0.0,None
21:07:02.298,Active,406.2,23.2,98.8,11.5,65.5,No,0.0,None
21:07:02.715,Active,409.6,23.2,98.8,11.5,65.5,No,0.0,None
21:07:03.126,Active,405.0,23.2,98.8,11.5,66.7,No,0.0,None
21:07:03.541,Active,408.0,23.2,98.8,11.5,66.1,No,0.0,None
21:07:03.974,Active,420.4,2.4,97.7,11.5,67.2,No,0.0,None
21:07:04.394,Active,412.6,2.4,97.6,11.5,67.8,No,0.0,None
21:07:04.839,Active,436.6,2.4,94.3,11.5,68.3,No,0.0,None
21:07:05.254,Active,406.8,2.4,98.2,11.5,68.3,No,0.0,None
21:07:05.668,Active,407.0,2.4,98.2,11.6,69.4,No,0.0,None
21:07:06.087,Active,405.8,2.4,97.6,11.6,69.4,No,0.0,None
21:07:06.504,Active,408.0,2.4,98.2,11.6,69.4,No,0.0,None
21:07:06.922,Active,408.6,2.4,98.2,11.6,69.4,No,0.0,None
21:07:07.335,Active,406.4,2.4,98.2,11.5,70.0,No,0.0,None
21:07:07.752,Active,407.9,2.4,98.2,11.5,70.0,No,0.0,None
21:07:08.195,Active,429.6,2.4,94.3,11.5,70.5,No,0.0,None
21:07:08.614,Active,409.1,2.4,98.2,11.5,70.5,No,0.0,None
21:07:09.055,Active,433.7,2.4,97.7,11.5,70.5,No,0.0,None
21:07:09.471,Active,409.5,2.4,98.8,11.5,71.0,No,0.0,None
21:07:09.886,Active,407.5,2.4,98.2,11.5,71.0,No,0.0,None
21:07:10.301,Active,408.2,2.4,98.8,11.5,71.6,No,0.0,None
21:07:10.715,Active,407.1,2.4,98.8,11.5,72.2,No,0.0,None
21:07:11.128,Active,407.1,2.4,98.8,11.5,71.6,No,0.0,None
21:07:11.548,Active,413.9,2.4,97.6,11.5,72.7,No,0.0,None
21:07:11.961,Active,407.1,2.4,98.8,11.5,73.2,No,0.0,None
21:07:12.375,Active,407.2,2.4,99.4,11.5,72.2,No,0.0,None
21:07:12.803,Active,421.6,2.4,96.5,11.5,72.2,No,0.0,None
21:07:13.217,Active,407.8,2.4,99.4,11.5,72.7,No,0.0,None
21:07:13.632,Active,409.4,2.4,98.8,11.5,72.7,No,0.0,None
21:07:14.067,Active,425.9,2.4,97.1,11.6,72.7,No,0.0,None
21:07:14.481,Active,407.5,2.4,99.4,11.6,72.7,No,0.0,None
21:07:14.901,Active,410.7,2.4,98.2,11.6,72.2,No,0.0,None
21:07:15.312,Active,404.4,2.4,98.8,11.6,73.2,No,0.0,None
21:07:15.734,Active,407.9,2.4,97.6,11.6,73.8,No,0.0,None
21:07:16.253,Active,411.5,2.4,79.3,11.6,72.7,No,0.0,None
21:07:16.669,Active,407.7,2.3,98.8,11.6,73.2,No,0.0,None
21:07:17.082,Active,406.9,2.3,98.8,11.6,73.8,No,0.0,None
21:07:17.496,Active,406.5,2.3,99.4,11.6,73.8,No,0.0,None
21:07:17.909,Active,403.6,2.3,98.8,11.6,73.8,No,0.0,None
21:07:18.320,Active,405.7,2.3,100.0,11.6,73.8,No,0.0,None
21:07:18.733,Active,406.4,2.3,98.8,11.6,73.8,No,0.0,None
21:07:19.166,Active,427.3,2.3,98.8,11.6,73.8,No,0.0,None
21:07:19.584,Active,411.1,2.3,98.2,11.6,74.3,No,0.0,None
21:07:20.002,Active,408.7,2.3,98.2,11.6,74.9,No,0.0,None
21:07:20.418,Active,410.1,2.3,98.8,11.6,73.8,No,0.0,None
21:07:20.832,Active,407.5,2.4,98.8,11.6,74.3,No,0.0,None
21:07:21.250,Active,408.8,2.4,98.2,11.6,74.3,No,0.0,None
21:07:21.666,Active,408.7,2.4,98.2,11.6,74.3,No,0.0,None
21:07:22.081,Active,407.8,2.4,98.8,11.5,74.3,No,0.0,None
21:07:22.518,Active,429.1,2.4,95.4,11.6,74.3,No,0.0,None
21:07:22.934,Active,408.8,2.4,98.8,11.5,74.3,No,0.0,None
21:07:23.348,Active,407.8,2.4,98.8,11.5,74.9,No,0.0,None
21:07:23.762,Active,407.8,2.4,99.4,11.5,74.3,No,0.0,None
21:07:24.185,Active,416.7,2.4,98.2,11.5,74.9,No,0.0,None
21:07:24.601,Active,407.9,2.4,98.2,11.5,75.5,No,0.0,None
21:07:25.018,Active,408.8,2.4,98.2,11.5,74.3,No,0.0,None
21:07:25.434,Active,408.7,2.4,98.8,11.6,74.9,No,0.0,None
21:07:25.876,Active,435.5,2.4,94.4,11.6,74.9,No,0.0,None
21:07:26.289,Active,404.0,2.4,98.8,11.5,75.5,No,0.0,None
21:07:26.707,Active,409.9,2.4,99.4,11.5,75.5,No,0.0,None
21:07:27.120,Active,406.8,2.4,98.2,11.5,75.5,No,0.0,None
21:07:27.536,Active,409.7,2.4,98.8,11.5,76.0,No,0.0,None
21:07:27.952,Active,409.4,2.4,98.2,11.5,74.9,No,0.0,None
21:07:28.365,Active,406.8,2.4,98.8,11.5,75.5,No,0.0,None
21:07:28.780,Active,408.8,2.4,98.8,11.5,74.9,No,0.0,None
21:07:29.227,Active,441.1,2.4,98.9,11.6,75.5,No,0.0,None
21:07:29.646,Active,410.0,2.4,98.2,11.6,74.9,No,0.0,None
21:07:30.068,Active,412.3,2.4,97.6,11.6,75.5,No,0.0,None
21:07:30.490,Active,411.6,2.4,98.2,11.6,76.0,No,0.0,None
21:07:30.903,Active,406.9,2.4,98.8,11.6,76.0,No,0.0,None
21:07:31.331,Active,417.5,2.4,96.5,11.6,75.5,No,0.0,None
21:07:31.745,Active,407.5,2.4,98.8,11.5,77.1,No,0.0,None
21:07:32.154,Active,402.8,2.4,99.4,11.5,77.1,No,0.0,None
21:07:32.568,Active,408.3,2.4,99.4,11.5,76.0,No,0.0,None
21:07:32.980,Active,406.4,2.4,99.4,11.5,75.5,No,0.0,None
21:07:33.392,Active,405.4,2.4,99.4,11.5,76.0,No,0.0,None
21:07:33.810,Active,408.5,2.4,98.2,11.5,76.5,No,0.0,None
21:07:34.258,Active,437.6,2.4,95.5,11.5,75.5,No,0.0,None
21:07:34.673,Active,410.0,2.4,98.8,11.5,76.0,No,0.0,None
21:07:35.087,Active,406.6,2.4,98.8,11.5,77.1,No,0.0,None
21:07:35.500,Active,406.7,2.4,99.4,11.5,76.5,No,0.0,None
21:07:35.910,Active,403.4,2.4,99.4,11.6,77.1,No,0.0,None
21:07:36.336,Active,416.0,2.4,97.1,11.5,76.0,No,0.0,None
21:07:36.753,Active,410.8,2.4,98.8,11.5,76.0,No,0.0,None
21:07:37.165,Active,405.5,2.4,99.4,11.5,76.0,No,0.0,None
21:07:37.583,Active,409.3,2.4,98.8,11.5,76.0,No,0.0,None
21:07:37.993,Active,403.7,2.4,98.8,11.5,76.5,No,0.0,None
21:07:38.404,Active,405.2,2.4,100.0,11.5,75.5,No,0.0,None
21:07:38.818,Active,404.2,2.4,98.8,11.5,77.1,No,0.0,None
21:07:39.241,Active,416.7,2.4,99.4,11.5,76.0,No,0.0,None
21:07:39.656,Active,407.3,2.4,98.8,11.5,76.5,No,0.0,None
21:07:40.069,Active,404.0,2.4,98.8,11.5,76.5,No,0.0,None
21:07:40.483,Active,407.8,2.4,98.8,11.5,76.5,No,0.0,None
21:07:40.899,Active,406.8,2.4,98.2,11.5,77.1,No,0.0,None
21:07:41.315,Active,408.5,2.4,98.2,11.5,77.7,No,0.0,None
21:07:41.729,Active,408.2,2.4,98.8,11.5,77.1,No,0.0,None
21:07:42.144,Active,408.8,2.4,99.4,11.5,77.1,No,0.0,None
21:07:42.562,Active,408.5,2.4,98.2,11.5,77.1,No,0.0,None
21:07:42.978,Active,408.7,2.4,98.8,11.5,76.5,No,0.0,None
21:07:43.393,Active,407.3,2.4,97.6,11.5,76.0,No,0.0,None
21:07:43.809,Active,407.1,2.4,98.2,11.5,77.1,No,0.0,None
21:07:44.223,Active,405.3,2.4,98.8,11.5,77.1,No,0.0,None
21:07:44.658,Active,429.2,2.4,98.3,11.6,76.5,No,0.0,None
21:07:45.074,Active,409.6,2.4,97.6,11.6,77.1,No,0.0,None
21:07:45.490,Active,409.1,2.4,98.8,11.6,77.1,No,0.0,None
21:07:45.912,Active,415.5,2.4,97.6,11.6,77.7,No,0.0,None
21:07:46.326,Active,406.1,2.4,98.8,11.6,77.1,No,0.0,None
21:07:46.746,Active,412.3,2.4,98.2,11.6,77.1,No,0.0,None
21:07:47.162,Active,408.5,2.4,98.8,11.6,77.1,No,0.0,None
21:07:47.578,Active,408.8,2.4,98.2,11.6,77.1,No,0.0,None
21:07:47.992,Active,406.5,2.4,98.8,11.6,77.7,No,0.0,None
21:07:48.417,Active,415.4,2.4,97.6,11.6,77.1,No,0.0,None
21:07:48.831,Active,408.0,2.4,98.8,11.5,77.7,No,0.0,None
21:07:49.248,Active,406.9,2.4,98.2,11.5,77.1,No,0.0,None
21:07:49.685,Active,427.5,2.4,98.3,11.6,76.5,No,0.0,None
21:07:50.103,Active,408.0,2.4,98.2,11.6,78.2,No,0.0,None
21:07:50.530,Active,417.1,2.4,96.5,11.6,77.1,No,0.0,None
21:07:50.945,Active,406.9,2.4,98.2,11.6,77.1,No,0.0,None
21:07:51.362,Active,406.7,2.4,97.6,11.6,77.1,No,0.0,None
21:07:51.779,Active,408.4,2.4,98.2,11.6,77.1,No,0.0,None
21:07:52.197,Active,407.5,2.4,97.6,11.6,77.7,No,0.0,None
21:07:52.616,Active,409.7,2.4,98.2,11.6,78.8,No,0.0,None
21:07:53.032,Active,406.6,2.4,98.2,11.5,77.7,No,0.0,None
21:07:53.458,Active,417.8,2.4,97.6,11.5,77.1,No,0.0,None
21:07:53.869,Active,403.6,2.4,98.8,11.5,77.1,No,0.0,None
21:07:54.282,Active,407.5,2.4,99.4,11.5,77.1,No,0.0,None
21:07:54.700,Active,409.9,2.4,98.2,11.5,77.7,No,0.0,None
21:07:55.112,Active,405.7,2.4,99.4,11.5,78.2,No,0.0,None
21:07:55.529,Active,409.0,2.4,98.2,11.5,77.7,No,0.0,None
21:07:55.951,Active,406.6,2.4,97.0,11.5,77.1,No,0.0,None
21:07:56.365,Active,408.1,2.4,98.8,11.5,77.1,No,0.0,None
21:07:56.780,Active,406.2,2.4,98.8,11.5,77.7,No,0.0,None
21:07:57.194,Active,407.9,2.4,99.4,11.5,77.7,No,0.0,None
21:07:57.608,Active,408.8,2.4,98.8,11.5,78.2,No,0.0,None
21:07:58.025,Active,404.2,2.4,97.6,11.5,77.1,No,0.0,None
21:07:58.440,Active,409.0,2.4,99.4,11.5,78.8,No,0.0,None
21:07:58.853,Active,406.2,2.4,99.4,11.5,78.8,No,0.0,None
21:07:59.270,Active,411.2,2.4,98.8,11.5,78.2,No,0.0,None
21:07:59.714,Active,438.3,2.4,98.3,11.5,77.7,No,0.0,None
21:08:45.152,Active,423.7,2.4,1.1,11.6,59.0,No,0.0,None
21:08:45.589,Active,430.2,2.4,98.8,11.6,60.0,No,0.0,None
21:08:46.000,Active,403.2,2.4,99.4,11.6,61.7,No,0.0,None
21:08:46.415,Active,405.8,2.4,99.4,11.6,63.4,No,0.0,None
21:08:46.829,Active,405.5,2.4,98.8,11.6,63.9,No,0.0,None
21:08:47.247,Active,407.5,2.4,98.2,11.6,64.5,No,0.0,None
21:08:47.662,Active,408.3,3.4,99.4,11.6,65.0,No,0.0,None
21:08:48.077,Active,405.8,3.4,97.6,11.6,65.5,No,0.0,None
21:08:48.504,Active,421.0,3.4,98.2,11.6,66.1,No,0.0,None
21:08:48.912,Active,402.3,3.4,99.4,11.6,67.2,No,0.0,None
21:08:49.328,Active,403.3,3.4,98.2,11.6,67.8,No,0.0,None
21:08:49.750,Active,414.1,3.4,98.8,11.6,67.2,No,0.0,None
21:08:50.164,Active,406.7,3.4,98.2,11.6,68.3,No,0.0,None
21:08:50.604,Active,430.4,3.4,97.7,11.6,67.8,No,0.0,None
21:08:51.019,Active,406.1,3.4,98.8,11.6,67.8,No,0.0,None
21:08:51.437,Active,408.0,3.4,97.6,11.7,68.8,No,0.0,None
21:08:51.852,Active,406.9,2.4,98.8,11.7,68.8,No,0.0,None
21:08:52.269,Active,407.8,2.4,98.2,11.7,69.4,No,0.0,None
21:08:52.684,Active,407.0,2.4,98.2,11.6,71.0,No,0.0,None
21:08:53.099,Active,405.9,2.4,97.6,11.6,69.4,No,0.0,None
21:08:53.517,Active,409.4,2.4,98.2,11.6,70.0,No,0.0,None
21:08:53.931,Active,406.0,2.4,98.8,11.6,71.0,No,0.0,None
21:08:54.345,Active,407.3,2.4,98.8,11.6,71.6,No,0.0,None
21:08:54.761,Active,408.2,2.4,98.2,11.6,71.0,No,0.0,None
21:08:55.177,Active,405.9,2.4,97.6,11.6,70.5,No,0.0,None
21:08:55.599,Active,411.4,2.4,98.8,11.6,71.0,No,0.0,None
21:08:56.017,Active,411.9,2.4,97.6,11.6,71.6,No,0.0,None
21:08:56.433,Active,408.7,2.4,98.8,11.6,72.2,No,0.0,None
21:08:56.850,Active,408.3,2.4,98.2,11.5,71.6,No,0.0,None
21:08:57.260,Active,404.3,2.4,98.8,11.6,72.2,No,0.0,None
21:08:57.805,Active,438.5,2.4,77.7,11.5,71.6,No,0.0,None
21:08:58.221,Active,407.9,2.4,98.2,11.5,72.2,No,0.0,None
21:08:58.647,Active,417.5,2.4,97.0,11.5,72.2,No,0.0,None
21:08:59.080,Active,426.4,2.4,95.3,11.5,72.7,No,0.0,None
21:08:59.493,Active,406.8,2.4,99.4,11.5,73.2,No,0.0,None
21:08:59.904,Active,405.5,2.4,99.4,11.5,72.7,No,0.0,None
21:09:00.320,Active,410.0,2.3,98.2,11.5,73.2,No,0.0,None
21:09:00.770,Active,440.5,2.3,98.3,11.6,73.2,No,0.0,None
21:09:01.185,Active,406.4,2.3,98.2,11.6,73.8,No,0.0,None
21:09:01.607,Active,412.5,2.3,98.2,11.6,73.2,No,0.0,None
21:09:02.022,Active,408.7,2.3,98.8,11.6,73.8,No,0.0,None
21:09:02.449,Active,421.0,2.3,97.1,11.6,73.2,No,0.0,None
21:09:02.863,Active,407.0,2.3,98.8,11.6,73.8,No,0.0,None
21:09:03.278,Active,408.6,2.3,98.8,11.6,74.3,No,0.0,None
21:09:03.704,Active,418.3,2.3,96.4,11.6,73.8,No,0.0,None
21:09:04.113,Active,402.8,2.3,99.4,11.6,73.8,No,0.0,None
21:09:04.525,Active,404.0,2.4,98.8,11.6,74.3,No,0.0,None
21:09:04.937,Active,406.2,2.4,100.0,11.6,73.8,No,0.0,None
21:09:05.355,Active,411.4,2.4,97.6,11.6,74.3,No,0.0,None
21:09:05.780,Active,418.4,2.4,98.8,11.6,73.8,No,0.0,None
21:09:06.198,Active,408.3,2.4,97.6,11.6,75.5,No,0.0,None
21:09:06.617,Active,408.9,2.4,98.2,11.6,73.8,No,0.0,None
21:09:07.036,Active,408.0,2.4,98.2,11.6,74.9,No,0.0,None
21:09:07.463,Active,417.9,2.4,97.6,11.6,74.3,No,0.0,None
21:09:07.881,Active,411.1,2.4,98.2,11.6,74.9,No,0.0,None
21:09:08.293,Active,406.6,2.4,98.8,11.6,74.9,No,0.0,None
21:09:08.703,Active,404.4,2.4,99.4,11.6,74.9,No,0.0,None
21:09:09.118,Active,403.2,2.4,98.8,11.5,76.5,No,0.0,None
21:09:09.539,Active,410.8,2.4,98.2,11.6,74.9,No,0.0,None
21:09:09.954,Active,406.4,2.4,98.2,11.6,74.9,No,0.0,None
21:09:10.370,Active,406.5,2.4,98.2,11.6,74.9,No,0.0,None
21:09:10.797,Active,419.8,2.4,98.8,11.6,75.5,No,0.0,None
21:09:11.218,Active,410.8,2.4,97.6,11.6,76.0,No,0.0,None
21:09:11.639,Active,411.0,2.4,97.6,11.6,75.5,No,0.0,None
21:09:12.056,Active,407.1,2.4,97.6,11.6,75.5,No,0.0,None
21:09:12.474,Active,408.2,2.4,98.8,11.6,74.9,No,0.0,None
21:09:12.887,Active,405.8,2.4,98.2,11.6,76.0,No,0.0,None
21:09:13.307,Active,409.6,2.4,98.2,11.6,75.5,No,0.0,None
21:09:13.722,Active,407.6,2.4,98.2,11.6,74.3,No,0.0,None
21:09:14.138,Active,407.1,2.4,97.6,11.6,74.9,No,0.0,None
21:09:14.550,Active,404.9,2.4,99.4,11.6,76.0,No,0.0,None
21:09:14.964,Active,408.1,2.4,99.4,11.6,76.0,No,0.0,None
21:09:15.380,Active,408.5,2.4,98.8,11.6,76.0,No,0.0,None
21:09:15.841,Active,448.0,2.4,94.6,11.6,74.9,No,0.0,None
21:09:16.253,Active,404.8,2.4,99.4,11.6,74.9,No,0.0,None
21:09:16.671,Active,411.2,2.4,99.4,11.6,76.0,No,0.0,None
21:09:17.083,Active,405.9,2.4,98.2,11.6,76.0,No,0.0,None
21:09:17.497,Active,407.4,2.4,99.4,11.6,76.0,No,0.0,None
21:09:17.911,Active,408.0,2.4,99.4,11.6,76.0,No,0.0,None
21:09:18.325,Active,407.4,2.4,98.8,11.6,76.5,No,0.0,None
21:09:18.743,Active,409.8,2.4,98.2,11.5,76.0,No,0.0,None
21:09:19.156,Active,406.7,2.4,98.8,11.5,76.0,No,0.0,None
21:09:19.581,Active,416.3,2.4,97.6,11.5,76.0,No,0.0,None
21:09:19.999,Active,408.1,2.4,97.6,11.5,76.0,No,0.0,None
21:09:20.420,Active,410.3,2.4,98.2,11.5,76.0,No,0.0,None
21:09:20.835,Active,407.1,2.4,98.2,11.5,76.5,No,0.0,None
21:09:21.274,Active,432.6,2.4,98.9,11.6,76.5,No,0.0,None
21:09:21.694,Active,412.9,2.4,98.8,11.6,76.5,No,0.0,None
21:09:22.117,Active,415.7,2.4,97.0,11.6,76.0,No,0.0,None
21:09:22.535,Active,411.6,2.4,98.8,11.6,76.0,No,0.0,None
21:09:22.951,Active,408.2,2.4,98.2,11.6,76.5,No,0.0,None
21:09:23.366,Active,408.9,2.4,98.8,11.6,76.0,No,0.0,None
21:09:23.787,Active,412.8,2.4,98.2,11.5,76.5,No,0.0,None
21:09:24.198,Active,405.5,2.4,98.2,11.5,76.5,No,0.0,None
21:09:24.616,Active,407.5,2.4,98.8,11.5,76.5,No,0.0,None
21:09:25.040,Active,414.7,2.4,97.0,11.5,76.5,No,0.0,None
21:09:25.459,Active,409.4,2.4,98.2,11.5,76.0,No,0.0,None
21:09:25.874,Active,408.6,2.4,98.8,11.5,77.1,No,0.0,None
21:09:26.288,Active,406.9,2.4,98.8,11.5,76.5,No,0.0,None
21:09:26.702,Active,407.8,2.4,98.8,11.5,77.7,No,0.0,None
21:09:27.117,Active,407.1,2.4,97.6,11.5,76.5,No,0.0,None
21:09:27.536,Active,409.0,2.4,98.2,11.5,77.1,No,0.0,None
21:09:27.951,Active,405.6,2.4,98.2,11.5,77.1,No,0.0,None
21:09:28.369,Active,407.2,2.4,98.2,11.5,76.5,No,0.0,None
21:09:28.788,Active,409.6,2.4,98.2,11.5,76.5,No,0.0,None
21:09:29.222,Active,424.9,2.4,95.3,11.5,77.1,No,0.0,None
21:09:29.642,Active,410.3,2.4,98.2,11.5,77.1,No,0.0,None
21:09:30.056,Active,407.3,2.4,98.8,11.5,77.1,No,0.0,None
21:09:30.474,Active,408.5,2.4,98.2,11.5,76.5,No,0.0,None
21:09:30.891,Active,405.5,2.4,97.6,11.5,77.7,No,0.0,None
21:09:31.341,Active,443.8,2.4,98.3,11.6,76.5,No,0.0,None
21:09:31.764,Active,417.2,2.4,97.0,11.6,77.1,No,0.0,None
21:09:32.180,Active,408.8,2.4,98.8,11.6,77.1,No,0.0,None
21:09:32.604,Active,417.4,2.4,97.0,11.6,77.1,No,0.0,None
21:09:33.019,Active,406.9,2.4,98.2,11.6,77.1,No,0.0,None
21:09:33.435,Active,408.5,2.4,98.8,11.6,77.1,No,0.0,None
21:09:33.855,Active,409.5,2.4,98.2,11.6,76.5,No,0.0,None
21:09:34.268,Active,407.1,2.4,98.2,11.5,77.1,No,0.0,None
21:09:34.682,Active,407.4,2.4,99.4,11.5,77.7,No,0.0,None
21:09:35.098,Active,408.4,2.4,98.8,11.5,76.5,No,0.0,None
21:09:35.515,Active,411.2,2.4,98.8,11.6,77.1,No,0.0,None
21:09:35.929,Active,407.4,2.4,98.2,11.5,76.5,No,0.0,None
21:09:36.353,Active,417.8,2.4,98.8,11.5,77.7,No,0.0,None
21:09:36.771,Active,411.1,2.4,99.4,11.5,77.7,No,0.0,None
21:09:37.185,Active,407.7,2.4,98.2,11.5,77.7,No,0.0,None
21:09:37.604,Active,411.0,2.4,98.2,11.5,77.7,No,0.0,None
21:09:38.029,Active,415.8,2.4,97.0,11.5,77.1,No,0.0,None
21:09:38.450,Active,412.6,2.4,98.2,11.5,77.1,No,0.0,None
21:09:38.863,Active,406.7,2.4,98.2,11.5,77.7,No,0.0,None
21:09:39.278,Active,408.2,2.4,98.8,11.5,76.0,No,0.0,None
21:09:39.693,Active,408.0,2.4,98.8,11.5,77.7,No,0.0,None
21:09:40.109,Active,409.7,2.4,98.2,11.5,77.7,No,0.0,None
21:09:40.538,Active,420.7,2.4,96.5,11.5,77.7,No,0.0,None
21:09:40.974,Active,429.9,2.4,96.0,11.5,78.2,No,0.0,None
21:09:41.406,Active,425.1,2.4,98.8,11.6,77.1,No,0.0,None
21:09:41.822,Active,408.1,2.4,98.8,11.6,77.7,No,0.0,None
21:09:42.238,Active,408.5,2.4,98.2,11.6,77.7,No,0.0,None
21:09:42.656,Active,411.1,2.4,98.8,11.6,77.7,No,0.0,None
21:09:43.074,Active,408.8,2.4,98.2,11.6,78.8,No,0.0,None
21:09:43.492,Active,410.7,2.4,98.2,11.5,77.7,No,0.0,None
21:09:43.907,Active,405.4,2.4,98.2,11.5,78.8,No,0.0,None
21:09:44.320,Active,407.1,2.4,98.8,11.5,78.8,No,0.0,None
21:09:44.741,Active,411.9,2.4,98.2,11.5,77.1,No,0.0,None
21:10:30.180,Active,425.0,2.4,1.4,11.5,59.0,No,0.0,None
21:10:30.605,Active,418.6,2.4,98.8,11.5,60.0,No,0.0,None
21:10:31.018,Active,407.5,2.4,99.4,11.5,61.1,No,0.0,None
21:10:31.435,Active,410.6,5.9,98.8,11.5,62.2,No,0.0,None
21:10:31.850,Active,408.8,5.9,98.2,11.5,63.9,No,0.0,None
21:10:32.302,Active,444.8,5.9,97.8,11.6,64.5,No,0.0,None
21:10:32.718,Active,408.4,5.9,99.4,11.6,63.9,No,0.0,None
21:10:33.134,Active,409.0,5.9,97.6,11.6,65.5,No,0.0,None
21:10:33.551,Active,409.6,5.9,99.4,11.6,66.7,No,0.0,None
21:10:33.966,Active,409.3,5.9,98.2,11.6,66.7,No,0.0,None
21:10:34.383,Active,409.6,5.9,98.2,11.6,67.2,No,0.0,None
21:10:34.798,Active,408.8,5.9,98.2,11.5,67.2,No,0.0,None
21:10:35.216,Active,407.8,5.9,97.6,11.6,69.4,No,0.0,None
21:10:35.643,Active,417.6,2.4,96.4,11.6,67.8,No,0.0,None
21:10:36.057,Active,406.9,2.4,98.8,11.6,68.8,No,0.0,None
21:10:36.472,Active,407.8,2.4,98.2,11.6,69.4,No,0.0,None
21:10:36.886,Active,406.3,2.4,98.2,11.6,69.4,No,0.0,None
21:10:37.315,Active,418.1,2.4,98.2,11.6,69.4,No,0.0,None
21:10:37.744,Active,420.1,2.4,96.5,11.6,70.0,No,0.0,None
21:10:38.159,Active,406.6,2.4,98.2,11.6,69.4,No,0.0,None
21:10:38.577,Active,408.5,2.4,98.2,11.6,70.0,No,0.0,None
21:10:38.988,Active,405.2,2.4,99.4,11.6,71.0,No,0.0,None
21:10:39.407,Active,408.8,2.4,98.2,11.6,71.0,No,0.0,None
21:10:39.820,Active,405.9,2.4,98.2,11.6,71.0,No,0.0,None
21:10:40.235,Active,408.2,2.4,98.8,11.6,71.6,No,0.0,None
21:10:40.651,Active,409.2,2.4,98.2,11.6,72.2,No,0.0,None
21:10:41.062,Active,404.9,2.4,99.4,11.6,71.6,No,0.0,None
21:10:41.477,Active,408.2,2.4,98.8,11.6,72.2,No,0.0,None
21:10:41.891,Active,407.3,2.4,99.4,11.6,72.2,No,0.0,None
21:10:42.318,Active,421.0,2.4,98.8,11.6,72.2,No,0.0,None
21:10:42.733,Active,408.3,2.4,98.8,11.6,72.2,No,0.0,None
21:10:43.151,Active,410.8,2.4,98.8,11.6,72.2,No,0.0,None
21:10:43.566,Active,408.4,2.4,98.8,11.6,72.7,No,0.0,None
21:10:43.979,Active,407.6,2.4,98.8,11.6,72.2,No,0.0,None
21:10:44.398,Active,408.5,2.4,98.2,11.6,73.2,No,0.0,None
21:10:44.812,Active,408.6,2.4,98.2,11.5,73.2,No,0.0,None
21:10:45.224,Active,405.8,2.4,99.4,11.5,73.2,No,0.0,None
21:10:45.651,Active,418.9,2.4,96.5,11.5,72.7,No,0.0,None
21:10:46.069,Active,408.9,2.4,98.2,11.5,72.7,No,0.0,None
21:10:46.486,Active,408.3,2.4,98.2,11.5,72.7,No,0.0,None
21:10:46.899,Active,405.9,2.4,98.2,11.5,72.7,No,0.0,None
21:10:47.326,Active,420.8,2.4,99.4,11.6,73.2,No,0.0,None
21:10:47.742,Active,406.8,2.4,98.2,11.6,73.8,No,0.0,None
21:10:48.158,Active,405.6,2.4,98.2,11.6,72.7,No,0.0,None
21:10:48.576,Active,408.3,2.4,98.2,11.6,73.8,No,0.0,None
21:10:48.998,Active,411.2,2.4,97.0,11.6,74.3,No,0.0,None
21:10:49.412,Active,407.0,2.4,98.8,11.6,74.3,No,0.0,None
21:10:49.829,Active,410.6,2.4,98.2,11.6,73.8,No,0.0,None
21:10:50.245,Active,409.9,2.4,98.2,11.5,73.8,No,0.0,None
21:10:50.665,Active,411.7,2.4,97.6,11.5,73.8,No,0.0,None
21:10:51.087,Active,409.6,2.4,97.0,11.5,74.3,No,0.0,None
21:10:51.503,Active,409.7,2.4,98.2,11.5,74.3,No,0.0,None
21:10:51.917,Active,407.7,2.4,99.4,11.5,75.5,No,0.0,None
21:10:52.333,Active,407.3,2.4,98.2,11.5,75.5,No,0.0,None
21:10:52.774,Active,432.4,2.4,98.3,11.5,74.3,No,0.0,None
21:10:53.219,Active,437.2,2.4,94.4,11.5,74.3,No,0.0,None
21:10:53.635,Active,409.5,2.4,99.4,11.6,74.9,No,0.0,None
21:10:54.045,Active,403.5,2.4,98.8,11.6,75.5,No,0.0,None
21:10:54.459,Active,408.2,2.4,98.8,11.6,75.5,No,0.0,None
21:10:54.875,Active,410.0,2.4,99.4,11.6,74.3,No,0.0,None
21:10:55.288,Active,407.2,2.4,98.8,11.6,74.9,No,0.0,None
21:10:55.708,Active,410.6,2.4,97.6,11.5,74.9,No,0.0,None
21:10:56.124,Active,407.0,2.4,98.2,11.5,75.5,No,0.0,None
21:10:56.551,Active,418.2,2.4,97.0,11.5,74.9,No,0.0,None
21:10:56.970,Active,408.9,2.4,98.2,11.5,75.5,No,0.0,None
21:10:57.387,Active,409.5,2.4,98.2,11.5,74.9,No,0.0,None
21:10:57.801,Active,408.2,2.4,98.2,11.5,76.0,No,0.0,None
21:10:58.216,Active,406.9,2.4,98.8,11.5,76.0,No,0.0,None
21:10:58.729,Active,407.1,2.4,80.0,11.5,74.9,No,0.0,None
21:10:59.144,Active,405.0,2.4,98.2,11.5,75.5,No,0.0,None
21:10:59.558,Active,406.6,2.4,98.2,11.5,74.9,No,0.0,None
21:10:59.976,Active,407.5,2.4,98.2,11.5,74.9,No,0.0,None
21:11:00.397,Active,414.5,2.4,98.8,11.5,75.5,No,0.0,None
21:11:00.828,Active,422.9,2.3,95.9,11.5,75.5,No,0.0,None
21:11:01.242,Active,407.6,2.3,98.2,11.5,75.5,No,0.0,None
21:11:01.660,Active,410.9,2.3,99.4,11.5,75.5,No,0.0,None
21:11:02.072,Active,404.3,2.3,98.8,11.5,76.0,No,0.0,None
21:11:02.494,Active,413.1,2.3,98.8,11.5,75.5,No,0.0,None
21:11:02.924,Active,423.1,2.3,98.8,11.6,75.5,No,0.0,None
21:11:03.334,Active,403.9,2.3,99.4,11.6,76.5,No,0.0,None
21:11:03.749,Active,408.2,2.3,99.4,11.6,76.0,No,0.0,None
21:11:04.164,Active,408.8,2.3,99.4,11.6,76.0,No,0.0,None
21:11:04.580,Active,410.0,2.3,98.2,11.6,75.5,No,0.0,None
21:11:04.995,Active,405.8,2.4,98.8,11.6,76.0,No,0.0,None
21:11:05.414,Active,408.6,2.4,98.2,11.6,74.9,No,0.0,None
21:11:05.823,Active,403.2,2.4,99.4,11.6,76.5,No,0.0,None
21:11:06.239,Active,405.4,2.4,98.2,11.6,76.5,No,0.0,None
21:11:06.663,Active,413.3,2.4,97.1,11.5,76.5,No,0.0,None
21:11:07.072,Active,403.2,2.4,98.8,11.5,76.5,No,0.0,None
21:11:07.495,Active,410.4,2.4,97.6,11.5,76.5,No,0.0,None
21:11:07.920,Active,417.2,2.4,98.2,11.5,76.5,No,0.0,None
21:11:08.332,Active,402.9,2.4,98.2,11.5,76.0,No,0.0,None
21:11:08.747,Active,406.3,2.4,98.2,11.5,77.7,No,0.0,None
21:11:09.167,Active,409.6,2.4,98.2,11.5,76.5,No,0.0,None
21:11:09.585,Active,411.9,2.4,98.2,11.5,76.5,No,0.0,None
21:11:09.998,Active,404.9,2.4,98.8,11.5,76.5,No,0.0,None
21:11:10.412,Active,407.2,2.4,98.8,11.5,76.5,No,0.0,None
21:11:10.825,Active,405.2,2.4,98.2,11.5,76.5,No,0.0,None
21:11:11.236,Active,405.5,2.4,99.4,11.5,77.1,No,0.0,None
21:11:11.650,Active,407.7,2.4,99.4,11.5,76.5,No,0.0,None
21:11:12.064,Active,404.6,2.4,98.8,11.5,77.1,No,0.0,None
21:11:12.482,Active,407.9,2.4,97.6,11.5,77.1,No,0.0,None
21:11:12.919,Active,426.9,2.4,98.3,11.5,76.5,No,0.0,None
21:11:13.333,Active,407.1,2.4,98.2,11.6,77.1,No,0.0,None
21:11:13.748,Active,408.4,2.4,98.8,11.5,76.5,No,0.0,None
21:11:14.165,Active,407.7,2.4,98.2,11.6,77.1,No,0.0,None
21:11:14.584,Active,409.3,2.4,98.2,11.6,77.1,No,0.0,None
21:11:15.000,Active,406.5,2.4,98.2,11.5,77.1,No,0.0,None
21:11:15.419,Active,409.2,2.4,98.2,11.5,76.5,No,0.0,None
21:11:15.834,Active,407.5,2.4,98.2,11.5,77.1,No,0.0,None
21:11:16.255,Active,411.1,2.4,98.2,11.5,77.1,No,0.0,None
21:11:16.673,Active,412.1,2.4,98.2,11.5,77.1,No,0.0,None
21:11:17.086,Active,406.5,2.4,98.8,11.5,77.1,No,0.0,None
21:11:17.503,Active,409.3,2.4,98.8,11.5,76.5,No,0.0,None
21:11:17.953,Active,439.5,2.4,96.1,11.6,77.7,No,0.0,None
21:11:18.369,Active,408.2,2.4,97.6,11.6,77.1,No,0.0,None
21:11:18.788,Active,410.5,2.4,98.2,11.6,77.1,No,0.0,None
21:11:19.204,Active,406.5,2.4,98.2,11.6,77.7,No,0.0,None
21:11:19.621,Active,407.9,2.4,98.2,11.6,76.5,No,0.0,None
21:11:20.036,Active,407.0,2.4,98.2,11.6,76.5,No,0.0,None
21:11:20.454,Active,411.9,2.4,97.6,11.6,77.1,No,0.0,None
21:11:20.869,Active,407.8,2.4,99.4,11.6,77.7,No,0.0,None
21:11:21.283,Active,406.2,2.4,98.2,11.6,76.0,No,0.0,None
21:11:21.698,Active,407.9,2.4,98.8,11.6,77.1,No,0.0,None
21:11:22.109,Active,404.2,2.4,98.8,11.6,77.7,No,0.0,None
21:11:22.526,Active,410.6,2.4,99.4,11.6,78.2,No,0.0,None
21:11:22.938,Active,405.8,2.4,98.2,11.5,77.7,No,0.0,None
21:11:23.372,Active,427.2,2.4,98.9,11.6,77.7,No,0.0,None
21:11:23.791,Active,408.7,2.4,97.6,11.6,77.7,No,0.0,None
21:11:24.206,Active,406.0,2.4,98.8,11.6,77.1,No,0.0,None
21:11:24.621,Active,407.6,2.4,98.8,11.6,78.2,No,0.0,None
21:11:25.038,Active,408.8,2.4,98.2,11.6,77.7,No,0.0,None
21:11:25.460,Active,415.1,2.4,97.0,11.6,77.7,No,0.0,None
21:11:25.875,Active,408.4,2.4,98.8,11.6,77.1,No,0.0,None
21:11:26.291,Active,409.6,2.4,98.2,11.6,77.7,No,0.0,None
21:11:26.709,Active,411.7,2.4,98.2,11.6,77.1,No,0.0,None
21:11:27.124,Active,406.5,2.4,98.2,11.6,78.2,No,0.0,None
21:11:27.544,Active,410.5,2.4,97.7,11.6,78.2,No,0.0,None
21:11:27.962,Active,408.7,2.4,98.2,11.5,77.1,No,0.0,None
21:11:28.378,Active,410.3,2.4,98.8,11.5,77.1,No,0.0,None
21:11:28.793,Active,408.4,2.4,98.2,11.5,78.2,No,0.0,None
21:11:29.206,Active,405.2,2.4,98.2,11.5,77.7,No,0.0,None
21:11:29.622,Active,409.1,2.4,98.8,11.5,78.8,No,0.0,None
21:11:30.035,Active,406.0,2.4,98.8,11.5,78.2,No,0.0,None
21:12:15.495,Active,442.3,2.4,1.5,11.5,59.0,No,0.0,None
21:12:15.909,Active,407.5,2.4,99.4,11.5,60.6,No,0.0,None
21:12:16.320,Active,404.0,2.4,98.8,11.5,61.7,No,0.0,None
21:12:16.743,Active,410.4,2.4,97.6,11.5,63.4,No,0.0,None
21:12:17.159,Active,405.9,2.4,97.6,11.5,63.4,No,0.0,None
21:12:17.577,Active,409.1,2.4,98.2,11.5,64.5,No,0.0,None
21:12:17.989,Active,406.2,2.4,98.8,11.5,65.0,No,0.0,None
21:12:18.403,Active,407.5,2.4,98.8,11.5,65.0,No,0.0,None
21:12:18.845,Active,431.0,2.4,97.7,11.6,65.5,No,0.0,None
21:12:19.276,Active,421.3,2.4,95.9,11.6,66.1,No,0.0,None
21:12:19.692,Active,410.0,2.4,98.8,11.6,67.2,No,0.0,None
21:12:20.108,Active,409.9,2.4,99.4,11.6,67.2,No,0.0,None
21:12:20.524,Active,408.9,2.4,98.2,11.6,67.2,No,0.0,None
21:12:20.938,Active,407.8,2.4,99.4,11.6,68.3,No,0.0,None
21:12:21.355,Active,406.9,2.4,97.6,11.6,68.3,No,0.0,None
21:12:21.771,Active,409.4,2.4,98.8,11.6,68.8,No,0.0,None
21:12:22.183,Active,406.0,2.4,98.8,11.5,69.4,No,0.0,None
21:12:22.602,Active,409.6,2.4,98.8,11.6,69.4,No,0.0,None
21:12:23.022,Active,413.2,2.4,96.4,11.6,70.5,No,0.0,None
21:12:23.436,Active,407.5,2.4,99.4,11.6,70.5,No,0.0,None
21:12:23.849,Active,406.3,2.4,98.8,11.6,70.5,No,0.0,None
21:12:24.283,Active,427.4,2.4,97.7,11.6,69.4,No,0.0,None
21:12:24.702,Active,408.5,2.4,98.8,11.6,70.5,No,0.0,None
21:12:25.118,Active,406.6,2.4,97.6,11.6,71.0,No,0.0,None
21:12:25.539,Active,410.2,2.4,98.8,11.6,71.6,No,0.0,None
21:12:25.954,Active,406.4,2.4,98.2,11.6,71.0,No,0.0,None
21:12:26.370,Active,406.0,2.4,97.6,11.6,71.0,No,0.0,None
21:12:26.788,Active,408.2,2.4,98.2,11.6,71.6,No,0.0,None
21:12:27.202,Active,406.3,2.4,98.8,11.6,72.2,No,0.0,None
21:12:27.620,Active,406.7,2.4,97.6,11.6,72.2,No,0.0,None
21:12:28.048,Active,418.0,2.4,97.7,11.6,72.7,No,0.0,None
21:12:28.466,Active,410.3,2.4,98.8,11.6,72.2,No,0.0,None
21:12:28.883,Active,406.8,2.4,98.2,11.6,72.7,No,0.0,None
21:12:29.299,Active,410.2,2.4,98.8,11.5,72.2,No,0.0,None
21:12:29.728,Active,421.5,2.4,96.0,11.6,72.7,No,0.0,None
21:12:30.146,Active,408.1,2.4,98.2,11.5,73.2,No,0.0,None
21:12:30.577,Active,421.1,2.4,98.3,11.5,72.7,No,0.0,None
21:12:30.995,Active,409.4,2.4,98.2,11.5,72.7,No,0.0,None
21:12:31.431,Active,428.1,2.4,94.9,11.5,72.7,No,0.0,None
21:12:31.846,Active,407.0,2.4,98.2,11.5,73.2,No,0.0,None
21:12:32.262,Active,406.8,2.4,98.8,11.5,73.8,No,0.0,None
21:12:32.683,Active,410.4,2.4,97.6,11.5,73.8,No,0.0,None
21:12:33.105,Active,414.3,2.4,96.4,11.5,73.2,No,0.0,None
21:12:33.524,Active,412.2,2.4,97.6,11.5,73.2,No,0.0,None
21:12:33.940,Active,406.7,2.4,98.2,11.5,73.8,No,0.0,None
21:12:34.391,Active,445.3,2.4,98.3,11.6,73.8,No,0.0,None
21:12:34.815,Active,416.6,2.4,96.4,11.6,73.8,No,0.0,None
21:12:35.230,Active,407.0,2.4,98.8,11.6,74.3,No,0.0,None
21:12:35.649,Active,410.0,2.4,98.2,11.6,73.8,No,0.0,None
21:12:36.065,Active,407.4,2.4,98.2,11.6,73.2,No,0.0,None
21:12:36.481,Active,407.6,2.4,98.8,11.6,74.9,No,0.0,None
21:12:36.893,Active,406.2,2.4,99.4,11.6,74.9,No,0.0,None
21:12:37.306,Active,407.1,2.4,98.8,11.5,73.8,No,0.0,None
21:12:37.724,Active,409.5,2.4,98.2,11.5,74.9,No,0.0,None
21:12:38.139,Active,405.8,2.4,98.2,11.5,75.5,No,0.0,None
21:12:38.559,Active,410.3,2.4,98.2,11.6,74.9,No,0.0,None
21:12:38.976,Active,407.1,2.4,98.2,11.5,74.3,No,0.0,None
21:12:39.402,Active,418.4,2.4,98.8,11.5,74.3,No,0.0,None
21:12:39.824,Active,411.7,2.4,97.1,11.5,74.9,No,0.0,None
21:12:40.238,Active,404.5,2.4,98.2,11.5,74.9,No,0.0,None
21:12:40.662,Active,410.3,2.4,97.6,11.5,74.9,No,0.0,None
21:12:41.074,Active,404.7,2.4,98.8,11.5,74.9,No,0.0,None
21:12:41.487,Active,406.8,2.4,99.4,11.5,74.9,No,0.0,None
21:12:41.902,Active,408.3,2.4,99.4,11.5,74.9,No,0.0,None
21:12:42.310,Active,402.7,2.4,98.8,11.5,75.5,No,0.0,None
21:12:42.726,Active,409.1,2.4,99.4,11.5,74.9,No,0.0,None
21:12:43.140,Active,407.0,2.4,98.2,11.5,74.9,No,0.0,None
21:12:43.557,Active,407.8,2.4,98.8,11.5,74.9,No,0.0,None
21:12:43.971,Active,405.3,2.4,98.2,11.5,74.9,No,0.0,None
21:12:44.396,Active,418.9,2.4,99.4,11.6,75.5,No,0.0,None
21:12:44.812,Active,409.9,2.4,97.6,11.6,75.5,No,0.0,None
21:12:45.228,Active,406.8,2.4,98.8,11.6,75.5,No,0.0,None
21:12:45.649,Active,415.4,2.4,98.8,11.5,75.5,No,0.0,None
21:12:46.062,Active,405.1,2.4,98.8,11.6,75.5,No,0.0,None
21:12:46.473,Active,403.9,2.4,99.4,11.6,74.3,No,0.0,None
21:12:46.882,Active,403.3,2.4,99.4,11.6,75.5,No,0.0,None
21:12:47.294,Active,405.2,2.4,100.0,11.5,76.0,No,0.0,None
21:12:47.721,Active,419.4,2.4,97.1,11.5,75.5,No,0.0,None
21:12:48.142,Active,414.4,2.4,98.2,11.5,76.0,No,0.0,None
21:12:48.560,Active,408.6,2.4,97.6,11.5,75.5,No,0.0,None
21:12:48.976,Active,406.6,2.4,98.2,11.5,76.0,No,0.0,None
21:12:49.409,Active,427.4,2.4,98.8,11.6,76.0,No,0.0,None
21:12:49.827,Active,409.9,2.4,98.2,11.6,74.9,No,0.0,None
21:12:50.241,Active,406.6,2.4,98.2,11.6,76.0,No,0.0,None
21:12:50.660,Active,410.0,2.4,98.2,11.6,76.0,No,0.0,None
21:12:51.079,Active,409.4,2.4,97.6,11.6,76.5,No,0.0,None
21:12:51.495,Active,407.9,2.4,98.2,11.6,76.0,No,0.0,None
21:12:51.911,Active,407.2,2.4,98.2,11.5,76.5,No,0.0,None
21:12:52.328,Active,406.3,2.4,97.6,11.6,76.5,No,0.0,None
21:12:52.747,Active,410.9,2.4,98.8,11.5,76.5,No,0.0,None
21:12:53.159,Active,406.7,2.4,98.8,11.5,77.1,No,0.0,None
21:12:53.579,Active,409.5,2.4,98.2,11.5,77.7,No,0.0,None
21:12:53.992,Active,404.4,2.4,98.2,11.5,76.5,No,0.0,None
21:12:54.412,Active,407.9,2.4,97.6,11.5,77.1,No,0.0,None
21:12:54.848,Active,426.3,2.4,98.3,11.6,74.9,No,0.0,None
21:12:55.259,Active,403.1,2.4,99.4,11.6,77.1,No,0.0,None
21:12:55.671,Active,406.3,2.4,99.4,11.6,77.1,No,0.0,None
21:12:56.086,Active,405.1,2.4,98.2,11.6,77.1,No,0.0,None
21:12:56.503,Active,410.3,2.4,98.8,11.6,76.5,No,0.0,None
21:12:56.914,Active,404.6,2.4,98.8,11.6,76.5,No,0.0,None
21:12:57.330,Active,407.9,2.4,98.8,11.6,76.5,No,0.0,None
21:12:57.748,Active,408.3,2.4,98.2,11.5,77.1,No,0.0,None
21:12:58.162,Active,407.6,2.4,98.8,11.5,76.5,No,0.0,None
21:12:58.576,Active,406.3,2.4,98.2,11.5,76.5,No,0.0,None
21:12:58.998,Active,412.6,2.4,97.6,11.5,77.1,No,0.0,None
21:12:59.426,Active,420.7,2.4,96.5,11.5,76.5,No,0.0,None
21:12:59.842,Active,408.9,2.4,98.2,11.5,76.5,No,0.0,None
21:13:00.255,Active,406.6,2.4,98.8,11.5,78.2,No,0.0,None
21:13:00.670,Active,408.8,2.4,98.8,11.5,77.1,No,0.0,None
21:13:01.084,Active,407.5,2.4,99.4,11.5,76.5,No,0.0,None
21:13:01.498,Active,408.7,2.4,98.8,11.5,76.0,No,0.0,None
21:13:01.911,Active,405.7,2.4,98.8,11.5,77.1,No,0.0,None
21:13:02.325,Active,407.9,2.4,98.8,11.5,76.5,No,0.0,None
21:13:02.739,Active,407.5,2.4,99.4,11.5,76.5,No,0.0,None
21:13:03.150,Active,404.9,2.4,98.8,11.5,78.2,No,0.0,None
21:13:03.564,Active,407.0,2.4,99.4,11.5,77.1,No,0.0,None
21:13:03.982,Active,404.5,2.4,97.0,11.5,77.7,No,0.0,None
21:13:04.396,Active,406.6,2.4,98.8,11.5,77.1,No,0.0,None
21:13:04.841,Active,435.7,2.4,97.7,11.6,77.7,No,0.0,None
21:13:05.259,Active,407.7,2.4,98.2,11.6,77.7,No,0.0,None
21:13:05.676,Active,409.8,2.4,98.2,11.6,77.1,No,0.0,None
21:13:06.093,Active,407.0,2.4,97.6,11.6,77.1,No,0.0,None
21:13:06.510,Active,408.6,2.4,98.8,11.6,77.1,No,0.0,None
21:13:06.938,Active,420.5,2.4,95.9,11.6,77.1,No,0.0,None
21:13:07.351,Active,406.2,2.4,98.8,11.6,77.1,No,0.0,None
21:13:07.769,Active,407.3,2.4,98.8,11.6,77.7,No,0.0,None
21:13:08.182,Active,406.8,2.4,99.4,11.6,76.5,No,0.0,None
21:13:08.603,Active,414.0,2.4,97.6,11.5,78.2,No,0.0,None
21:13:09.019,Active,409.8,2.4,99.4,11.5,77.7,No,0.0,None
21:13:09.434,Active,409.2,2.4,98.2,11.5,77.1,No,0.0,None
21:13:09.862,Active,420.6,2.4,98.8,11.5,76.5,No,0.0,None
21:13:10.283,Active,413.9,2.4,97.0,11.6,77.1,No,0.0,None
21:13:10.702,Active,409.9,2.4,98.2,11.6,77.7,No,0.0,None
21:13:11.113,Active,403.6,2.4,99.4,11.6,77.7,No,0.0,None
21:13:11.531,Active,409.4,2.4,98.8,11.6,76.5,No,0.0,None
21:13:11.949,Active,408.5,2.4,97.6,11.6,77.7,No,0.0,None
21:13:12.361,Active,406.4,2.4,98.8,11.6,78.2,No,0.0,None
21:13:12.776,Active,408.1,2.4,98.8,11.5,77.1,No,0.0,None
21:13:13.185,Active,402.8,2.4,100.0,11.5,77.7,No,0.0,None
21:13:13.597,Active,405.9,2.4,99.4,11.5,77.7,No,0.0,None
21:13:14.008,Active,405.3,2.4,99.4,11.5,78.2,No,0.0,None
21:13:14.426,Active,409.7,2.4,98.2,11.5,77.1,No,0.0,None
21:13:14.850,Active,416.9,2.4,98.2,11.5,77.1,No,0.0,None
21:13:15.266,Active,406.0,2.4,98.2,11.6,78.2,No,0.0,None
21:14:00.707,Active,425.8,2.4,1.5,11.6,59.0,No,0.0,None
21:14:01.117,Active,404.7,2.4,99.4,11.6,60.6,No,0.0,None
21:14:01.531,Active,407.6,2.4,99.4,11.6,61.7,No,0.0,None
21:14:01.970,Active,429.6,2.4,94.8,11.6,63.9,No,0.0,None
21:14:02.385,Active,408.7,2.4,98.2,11.6,66.1,No,0.0,None
21:14:02.804,Active,410.3,4.0,97.6,11.6,64.5,No,0.0,None
21:14:03.221,Active,407.8,4.0,97.6,11.6,65.0,No,0.0,None
21:14:03.638,Active,408.5,4.0,98.8,11.6,66.1,No,0.0,None
21:14:04.052,Active,408.1,4.0,98.8,11.5,66.7,No,0.0,None
21:14:04.469,Active,407.8,4.0,98.2,11.5,67.2,No,0.0,None
21:14:04.881,Active,405.8,4.0,99.4,11.5,67.8,No,0.0,None
21:14:05.298,Active,411.4,4.0,98.8,11.5,68.3,No,0.0,None
21:14:05.751,Active,446.2,4.0,98.3,11.6,68.3,No,0.0,None
21:14:06.175,Active,413.8,4.0,97.0,11.6,69.4,No,0.0,None
21:14:06.590,Active,408.7,4.0,99.4,11.6,69.4,No,0.0,None
21:14:07.002,Active,405.8,2.4,98.8,11.6,70.5,No,0.0,None
21:14:07.417,Active,407.9,2.4,98.8,11.6,69.4,No,0.0,None
21:14:07.833,Active,407.7,2.4,98.8,11.6,70.0,No,0.0,None
21:14:08.247,Active,407.5,2.4,98.8,11.6,69.4,No,0.0,None
21:14:08.662,Active,409.1,2.4,99.4,11.6,70.0,No,0.0,None
21:14:09.075,Active,406.9,2.4,98.8,11.6,70.0,No,0.0,None
21:14:09.493,Active,409.2,2.4,98.2,11.6,71.6,No,0.0,None
21:14:09.905,Active,405.9,2.4,98.8,11.6,71.6,No,0.0,None
21:14:10.318,Active,406.9,2.4,98.8,11.6,71.6,No,0.0,None
21:14:10.743,Active,419.3,2.4,98.8,11.6,71.0,No,0.0,None
21:14:11.178,Active,428.4,2.4,94.8,11.6,72.2,No,0.0,None
21:14:11.594,Active,408.6,2.4,98.8,11.6,71.6,No,0.0,None
21:14:12.006,Active,404.3,2.4,98.8,11.6,72.2,No,0.0,None
21:14:12.421,Active,408.5,2.4,98.8,11.6,72.2,No,0.0,None
21:14:12.833,Active,406.4,2.4,98.8,11.6,72.7,No,0.0,None
21:14:13.247,Active,407.6,2.4,98.8,11.6,73.8,No,0.0,None
21:14:13.661,Active,408.0,2.4,98.8,11.5,72.2,No,0.0,None
21:14:14.077,Active,407.9,2.4,98.2,11.5,72.7,No,0.0,None
21:14:14.493,Active,409.3,2.4,98.8,11.5,73.2,No,0.0,None
21:14:14.906,Active,406.8,2.4,99.4,11.5,72.7,No,0.0,None
21:14:15.318,Active,405.9,2.4,98.8,11.5,73.2,No,0.0,None
21:14:15.770,Active,445.5,2.4,96.1,11.5,72.7,No,0.0,None
21:14:16.184,Active,406.9,2.4,98.2,11.5,73.2,No,0.0,None
21:14:16.602,Active,409.3,2.4,98.2,11.5,73.8,No,0.0,None
21:14:17.018,Active,405.7,2.4,98.2,11.5,73.8,No,0.0,None
21:14:17.437,Active,409.1,2.4,98.2,11.5,74.3,No,0.0,None
21:14:17.852,Active,406.4,2.4,98.2,11.5,73.8,No,0.0,None
21:14:18.267,Active,406.3,2.4,98.2,11.5,74.3,No,0.0,None
21:14:18.686,Active,409.7,2.4,98.2,11.5,73.8,No,0.0,None
21:14:19.101,Active,406.7,2.4,98.2,11.5,74.3,No,0.0,None
21:14:19.516,Active,408.7,2.4,98.2,11.5,73.8,No,0.0,None
21:14:19.931,Active,405.9,2.4,98.8,11.5,74.3,No,0.0,None
21:14:20.347,Active,407.5,2.4,98.2,11.5,74.3,No,0.0,None
21:14:20.791,Active,433.6,2.4,97.2,11.6,74.3,No,0.0,None
21:14:21.203,Active,406.3,2.4,98.2,11.6,74.3,No,0.0,None
21:14:21.621,Active,408.8,2.4,98.2,11.6,74.9,No,0.0,None
21:14:22.034,Active,407.0,2.4,98.8,11.6,74.9,No,0.0,None
21:14:22.450,Active,409.5,2.4,98.8,11.6,74.9,No,0.0,None
21:14:22.865,Active,407.4,2.4,98.8,11.6,74.9,No,0.0,None
21:14:23.282,Active,408.4,2.4,98.2,11.6,75.5,No,0.0,None
21:14:23.720,Active,432.0,2.4,94.8,11.6,76.0,No,0.0,None
21:14:24.134,Active,404.8,2.4,98.8,11.6,75.5,No,0.0,None
21:14:24.551,Active,409.8,2.4,98.8,11.6,75.5,No,0.0,None
21:14:24.966,Active,406.2,2.4,98.2,11.6,74.9,No,0.0,None
21:14:25.382,Active,405.9,2.4,98.2,11.6,76.0,No,0.0,None
21:14:25.800,Active,408.5,2.4,98.2,11.6,75.5,No,0.0,None
21:14:26.241,Active,431.4,2.4,98.3,11.6,75.5,No,0.0,None
21:14:26.660,Active,409.5,2.4,97.6,11.6,75.5,No,0.0,None
21:14:27.077,Active,407.1,2.4,98.2,11.6,75.5,No,0.0,None
21:14:27.505,Active,418.1,2.4,96.5,11.6,75.5,No,0.0,None
21:14:27.929,Active,415.8,2.4,97.6,11.6,75.5,No,0.0,None
21:14:28.350,Active,410.5,2.4,98.2,11.6,75.5,No,0.0,None
21:14:28.767,Active,410.2,2.4,98.2,11.6,76.0,No,0.0,None
21:14:29.181,Active,406.9,2.4,98.8,11.5,76.0,No,0.0,None
21:14:29.597,Active,408.7,2.4,98.2,11.6,76.0,No,0.0,None
21:14:30.010,Active,407.2,2.4,98.8,11.6,76.0,No,0.0,None
21:14:30.441,Active,421.3,2.4,98.2,11.6,76.0,No,0.0,None
21:14:30.861,Active,411.1,2.4,98.2,11.6,76.0,No,0.0,None
21:14:31.278,Active,407.1,2.4,98.2,11.6,76.0,No,0.0,None
21:14:31.707,Active,419.5,2.4,95.9,11.5,77.7,No,0.0,None
21:14:32.121,Active,407.5,2.4,99.4,11.5,76.5,No,0.0,None
21:14:32.537,Active,408.1,2.4,98.2,11.5,76.5,No,0.0,None
21:14:32.951,Active,406.5,2.4,98.8,11.5,76.5,No,0.0,None
21:14:33.366,Active,408.6,2.4,98.8,11.5,76.0,No,0.0,None
21:14:33.781,Active,408.9,2.4,98.8,11.5,76.5,No,0.0,None
21:14:34.196,Active,406.9,2.4,98.2,11.5,76.5,No,0.0,None
21:14:34.613,Active,410.4,2.4,98.8,11.5,76.5,No,0.0,None
21:14:35.025,Active,406.6,2.4,99.4,11.5,76.5,No,0.0,None
21:14:35.442,Active,410.4,2.4,98.8,11.5,76.5,No,0.0,None
21:14:35.858,Active,409.0,2.4,98.8,11.5,76.5,No,0.0,None
21:14:36.309,Active,444.2,2.4,97.8,11.6,77.1,No,0.0,None
21:14:36.724,Active,409.2,2.4,98.8,11.6,76.5,No,0.0,None
21:14:37.139,Active,405.5,2.4,98.2,11.6,77.1,No,0.0,None
21:14:37.557,Active,410.9,2.4,97.6,11.6,76.5,No,0.0,None
21:14:37.972,Active,407.1,2.4,98.2,11.6,76.5,No,0.0,None
21:14:38.388,Active,407.0,2.4,98.8,11.6,77.7,No,0.0,None
21:14:38.804,Active,409.6,2.4,98.8,11.6,77.1,No,0.0,None
21:14:39.225,Active,411.6,2.4,97.0,11.6,77.1,No,0.0,None
21:14:39.639,Active,408.4,2.4,99.4,11.6,77.1,No,0.0,None
21:14:40.056,Active,406.5,2.4,97.6,11.6,77.1,No,0.0,None
21:14:40.475,Active,409.3,2.4,98.2,11.6,76.5,No,0.0,None
21:14:40.886,Active,405.3,2.4,98.2,11.6,77.7,No,0.0,None
21:14:41.310,Active,416.4,2.4,98.8,11.6,76.0,No,0.0,None
21:14:41.726,Active,410.1,2.4,98.8,11.6,77.1,No,0.0,None
21:14:42.138,Active,405.0,2.4,98.2,11.6,77.1,No,0.0,None
21:14:42.558,Active,411.6,2.4,98.2,11.6,77.7,No,0.0,None
21:14:42.975,Active,409.4,2.4,98.2,11.6,76.0,No,0.0,None
21:14:43.389,Active,408.4,2.4,98.8,11.6,76.5,No,0.0,None
21:14:43.805,Active,409.8,2.4,98.8,11.6,77.1,No,0.0,None
21:14:44.219,Active,407.3,2.4,98.8,11.5,77.1,No,0.0,None
21:14:44.633,Active,408.4,2.4,98.8,11.5,77.7,No,0.0,None
21:14:45.050,Active,406.6,2.4,97.6,11.5,77.7,No,0.0,None
21:14:45.463,Active,407.3,2.4,98.8,11.5,77.1,No,0.0,None
21:14:45.876,Active,406.4,2.4,99.4,11.5,77.7,No,0.0,None
21:14:46.315,Active,429.5,2.4,97.7,11.6,78.2,No,0.0,None
21:14:46.731,Active,410.0,2.4,99.4,11.6,77.7,No,0.0,None
21:14:47.144,Active,403.4,2.4,98.2,11.6,77.1,No,0.0,None
21:14:47.568,Active,415.0,2.4,98.2,11.6,77.1,No,0.0,None
21:14:47.986,Active,408.7,2.4,98.8,11.5,77.7,No,0.0,None
21:14:48.399,Active,407.4,2.4,98.8,11.5,77.7,No,0.0,None
21:14:48.817,Active,407.4,2.4,97.6,11.5,77.7,No,0.0,None
21:14:49.230,Active,405.2,2.4,98.8,11.5,78.2,No,0.0,None
21:14:49.646,Active,408.3,2.4,98.8,11.5,77.7,No,0.0,None
21:14:50.062,Active,410.8,2.4,98.2,11.5,77.7,No,0.0,None
21:14:50.481,Active,409.1,2.4,98.2,11.5,78.2,No,0.0,None
21:14:50.893,Active,403.7,2.4,98.8,11.5,77.7,No,0.0,None
21:14:51.365,Active,466.3,2.4,93.1,11.5,77.7,No,0.0,None
21:14:51.782,Active,408.7,2.4,98.8,11.5,77.1,No,0.0,None
21:14:52.198,Active,408.5,2.4,97.6,11.5,78.2,No,0.0,None
21:14:52.611,Active,407.5,2.4,99.4,11.5,77.1,No,0.0,None
21:14:53.027,Active,405.6,2.4,97.6,11.5,78.2,No,0.0,None
21:14:53.443,Active,409.7,2.4,98.8,11.5,77.7,No,0.0,None
21:14:53.854,Active,404.8,2.4,98.8,11.5,77.1,No,0.0,None
21:14:54.264,Active,403.3,2.4,99.4,11.5,78.2,No,0.0,None
21:14:54.682,Active,411.6,2.4,98.8,11.5,77.7,No,0.0,None
21:14:55.099,Active,409.9,2.4,98.8,11.5,77.7,No,0.0,None
21:14:55.514,Active,408.4,2.4,98.2,11.5,78.2,No,0.0,None
21:14:55.928,Active,406.5,2.4,98.8,11.5,78.2,No,0.0,None
21:14:56.343,Active,405.6,2.4,98.2,11.5,78.2,No,0.0,None
21:14:56.788,Active,435.8,2.4,98.3,11.5,77.7,No,0.0,None
21:14:57.211,Active,414.9,2.4,97.0,11.5,78.2,No,0.0,None
21:14:57.625,Active,407.6,2.4,98.8,11.6,78.2,No,0.0,None
21:14:58.036,Active,404.9,2.4,99.4,11.6,78.2,No,0.0,None
21:14:58.456,Active,408.8,2.4,98.2,11.6,77.7,No,0.0,None
21:14:58.870,Active,407.8,2.4,98.8,11.6,77.7,No,0.0,None
21:14:59.291,Active,415.1,2.4,97.6,11.5,78.2,No,0.0,None
21:14:59.707,Active,409.9,2.4,98.8,11.6,78.8,No,0.0,None
21:15:00.122,Active,406.5,2.4,98.2,11.5,78.2,No,0.0,None
21:15:00.540,Active,409.1,2.4,97.6,11.5,78.8,No,0.0,None
21:15:46.004,Active,446.7,2.4,1.1,11.5,60.6,No,0.0,None
21:15:46.417,Active,406.8,11.6,99.4,11.5,61.1,No,0.0,None
21:15:46.830,Active,407.3,11.6,99.4,11.5,61.1,No,0.0,None
21:15:47.251,Active,413.5,11.6,98.8,11.6,62.8,No,0.0,None
21:15:47.665,Active,407.7,11.6,98.8,11.6,63.9,No,0.0,None
21:15:48.086,Active,412.8,11.6,97.0,11.6,65.0,No,0.0,None
21:15:48.502,Active,408.9,11.6,98.8,11.6,65.5,No,0.0,None
21:15:48.917,Active,408.0,11.6,99.4,11.6,66.1,No,0.0,None
21:15:49.340,Active,417.2,11.6,97.6,11.5,66.7,No,0.0,None
21:15:49.759,Active,412.0,11.6,98.8,11.5,67.2,No,0.0,None
21:15:50.174,Active,408.4,11.6,98.8,11.5,67.2,No,0.0,None
21:15:50.593,Active,411.4,2.4,98.2,11.5,68.3,No,0.0,None
21:15:51.011,Active,408.1,2.4,97.6,11.5,68.8,No,0.0,None
21:15:51.431,Active,409.6,2.4,98.8,11.5,68.8,No,0.0,None
21:15:51.844,Active,407.4,2.4,98.2,11.5,68.8,No,0.0,None
21:15:52.282,Active,428.5,2.4,98.3,11.6,69.4,No,0.0,None
21:15:52.701,Active,411.5,2.4,98.8,11.6,69.4,No,0.0,None
21:15:53.113,Active,406.5,2.4,98.8,11.6,69.4,No,0.0,None
21:15:53.528,Active,407.1,2.4,98.2,11.6,70.5,No,0.0,None
21:15:53.942,Active,407.0,2.4,98.8,11.6,71.0,No,0.0,None
21:15:54.354,Active,404.4,2.4,98.8,11.6,71.0,No,0.0,None
21:15:54.770,Active,408.6,2.4,98.8,11.6,71.0,No,0.0,None
21:15:55.186,Active,406.5,2.4,98.2,11.6,71.0,No,0.0,None
21:15:55.605,Active,409.1,2.4,98.2,11.6,72.7,No,0.0,None
21:15:56.021,Active,406.8,2.4,97.6,11.6,71.0,No,0.0,None
21:15:56.439,Active,408.2,2.4,98.2,11.6,71.0,No,0.0,None
21:15:56.859,Active,409.9,2.4,97.6,11.6,71.6,No,0.0,None
21:15:57.273,Active,408.2,2.4,98.8,11.6,71.6,No,0.0,None
21:15:57.707,Active,424.3,2.4,97.7,11.6,71.6,No,0.0,None
21:15:58.128,Active,411.1,2.4,97.6,11.6,72.2,No,0.0,None
21:15:58.547,Active,409.3,2.4,98.2,11.6,72.7,No,0.0,None
21:15:58.963,Active,410.0,2.4,98.8,11.6,73.8,No,0.0,None
21:15:59.375,Active,405.8,2.4,98.8,11.6,72.7,No,0.0,None
21:15:59.790,Active,409.9,2.4,99.4,11.6,72.7,No,0.0,None
21:16:00.204,Active,407.2,2.4,98.8,11.6,72.7,No,0.0,None
21:16:00.618,Active,408.2,2.4,98.8,11.6,74.3,No,0.0,None
21:16:01.034,Active,405.9,2.4,98.2,11.6,74.3,No,0.0,None
21:16:01.450,Active,407.1,2.4,98.8,11.5,73.2,No,0.0,None
21:16:01.864,Active,406.8,2.4,98.8,11.6,74.9,No,0.0,None
21:16:02.283,Active,408.7,2.4,98.2,11.6,73.8,No,0.0,None
21:16:02.703,Active,414.5,2.4,97.6,11.6,74.3,No,0.0,None
21:16:03.121,Active,407.9,2.4,98.2,11.6,74.3,No,0.0,None
21:16:03.537,Active,407.7,2.4,98.2,11.6,74.9,No,0.0,None
21:16:03.954,Active,407.3,2.4,98.2,11.6,74.3,No,0.0,None
21:16:04.367,Active,405.8,2.4,98.8,11.5,74.9,No,0.0,None
21:16:04.781,Active,407.7,2.4,99.4,11.5,74.3,No,0.0,None
21:16:05.196,Active,407.3,2.4,97.6,11.5,74.3,No,0.0,None
21:16:05.615,Active,409.2,2.4,97.6,11.5,74.3,No,0.0,None
21:16:06.032,Active,407.1,2.4,98.2,11.5,75.5,No,0.0,None
21:16:06.450,Active,408.7,2.4,98.2,11.5,74.3,No,0.0,None
21:16:06.868,Active,407.1,2.4,97.6,11.5,74.9,No,0.0,None
21:16:07.282,Active,404.9,2.4,98.8,11.5,74.9,No,0.0,None
21:16:07.729,Active,439.7,2.4,98.9,11.6,74.9,No,0.0,None
21:16:08.148,Active,409.2,2.4,97.6,11.6,75.5,No,0.0,None
21:16:08.567,Active,411.1,2.4,98.8,11.6,74.9,No,0.0,None
21:16:08.983,Active,406.1,2.4,97.6,11.6,75.5,No,0.0,None
21:16:09.398,Active,407.5,2.4,98.2,11.6,74.9,No,0.0,None
21:16:09.813,Active,406.8,2.4,98.8,11.6,77.1,No,0.0,None
21:16:10.226,Active,405.3,2.4,98.2,11.6,76.0,No,0.0,None
21:16:10.649,Active,416.1,2.4,97.1,11.6,75.5,No,0.0,None
21:16:11.064,Active,408.7,2.4,98.8,11.6,75.5,No,0.0,None
21:16:11.477,Active,407.6,2.4,99.4,11.5,76.5,No,0.0,None
21:16:11.893,Active,409.0,2.4,98.8,11.5,76.0,No,0.0,None
21:16:12.305,Active,406.3,2.4,99.4,11.5,77.1,No,0.0,None
21:16:12.726,Active,414.9,2.4,99.4,11.5,75.5,No,0.0,None
21:16:13.142,Active,408.8,2.4,99.4,11.5,76.0,No,0.0,None
21:16:13.559,Active,410.8,2.4,98.8,11.6,75.5,No,0.0,None
21:16:13.974,Active,409.3,2.4,97.6,11.6,76.0,No,0.0,None
21:16:14.390,Active,408.9,2.4,98.8,11.6,77.7,No,0.0,None
21:16:14.804,Active,406.6,2.4,98.2,11.5,76.5,No,0.0,None
21:16:15.221,Active,407.4,2.4,98.2,11.5,74.9,No,0.0,None
21:16:15.641,Active,412.0,2.4,98.2,11.5,76.5,No,0.0,None
21:16:16.062,Active,413.9,2.4,98.8,11.5,75.5,No,0.0,None
21:16:16.476,Active,407.8,2.4,98.2,11.5,76.5,No,0.0,None
21:16:16.894,Active,408.2,2.4,98.2,11.5,76.5,No,0.0,None
21:16:17.313,Active,410.6,2.4,97.6,11.5,76.5,No,0.0,None
21:16:17.738,Active,419.0,2.4,98.8,11.5,76.5,No,0.0,None
21:16:18.157,Active,411.9,2.4,98.2,11.5,76.5,No,0.0,None
21:16:18.573,Active,407.6,2.4,98.2,11.6,76.0,No,0.0,None
21:16:19.001,Active,419.6,2.4,97.1,11.6,77.1,No,0.0,None
21:16:19.416,Active,407.3,2.4,98.2,11.6,77.1,No,0.0,None
21:16:19.832,Active,409.2,2.4,98.8,11.6,77.1,No,0.0,None
21:16:20.250,Active,408.4,2.4,98.2,11.5,77.1,No,0.0,None
21:16:20.678,Active,420.4,2.4,96.5,11.5,77.1,No,0.0,None
21:16:21.094,Active,408.4,2.4,98.8,11.5,77.1,No,0.0,None
21:16:21.516,Active,415.0,2.4,97.0,11.5,76.5,No,0.0,None
21:16:21.951,Active,425.9,2.4,97.1,11.5,76.5,No,0.0,None
21:16:22.365,Active,406.3,2.4,97.6,11.5,76.5,No,0.0,None
21:16:22.801,Active,430.6,2.4,97.7,11.6,76.5,No,0.0,None
21:16:23.217,Active,407.6,2.4,98.8,11.6,77.1,No,0.0,None
21:16:23.633,Active,407.9,2.4,98.2,11.6,77.1,No,0.0,None
21:16:24.054,Active,413.3,2.4,97.0,11.6,76.5,No,0.0,None
21:16:24.469,Active,408.9,2.4,98.8,11.6,77.7,No,0.0,None
21:16:24.882,Active,404.3,2.4,98.2,11.6,77.1,No,0.0,None
21:16:25.294,Active,406.6,2.4,99.4,11.6,77.1,No,0.0,None
21:16:25.710,Active,408.8,2.4,98.8,11.6,77.1,No,0.0,None
21:16:26.122,Active,406.5,2.4,98.8,11.6,76.5,No,0.0,None
21:16:26.536,Active,407.2,2.4,99.4,11.5,77.7,No,0.0,None
21:16:26.949,Active,405.4,2.4,98.8,11.5,77.1,No,0.0,None
21:16:27.370,Active,409.6,2.4,98.8,11.5,78.2,No,0.0,None
21:16:27.791,Active,413.9,2.4,97.6,11.5,77.1,No,0.0,None
21:16:28.246,Active,448.5,2.4,97.8,11.6,77.7,No,0.0,None
21:16:28.665,Active,408.5,2.4,98.2,11.6,77.1,No,0.0,None
21:16:29.076,Active,404.5,2.4,99.4,11.6,77.1,No,0.0,None
21:16:29.492,Active,408.3,2.4,99.4,11.6,77.7,No,0.0,None
21:16:29.914,Active,412.5,2.4,97.6,11.6,77.7,No,0.0,None
21:16:30.337,Active,413.8,2.4,98.2,11.6,77.1,No,0.0,None
21:16:30.756,Active,408.7,2.4,97.6,11.5,78.2,No,0.0,None
21:16:31.176,Active,411.8,2.4,98.2,11.5,77.1,No,0.0,None
21:16:31.592,Active,407.7,2.4,98.2,11.6,77.7,No,0.0,None
21:16:32.019,Active,417.6,2.4,97.0,11.6,77.7,No,0.0,None
21:16:32.435,Active,409.3,2.4,98.8,11.6,77.1,No,0.0,None
21:16:32.848,Active,407.5,2.4,98.8,11.6,77.7,No,0.0,None
21:16:33.261,Active,407.0,2.4,98.8,11.5,77.1,No,0.0,None
21:16:33.677,Active,409.8,2.4,99.4,11.5,77.7,No,0.0,None
21:16:34.092,Active,406.4,2.4,98.8,11.5,78.2,No,0.0,None
21:16:34.510,Active,408.5,2.4,97.6,11.5,77.7,No,0.0,None
21:16:34.924,Active,406.8,2.4,98.8,11.5,77.1,No,0.0,None
21:16:35.339,Active,405.6,2.4,98.2,11.5,77.7,No,0.0,None
21:16:35.754,Active,408.6,2.4,98.8,11.5,77.7,No,0.0,None
21:16:36.170,Active,408.9,2.4,98.8,11.5,77.7,No,0.0,None
21:16:36.587,Active,410.9,2.4,98.8,11.5,78.2,No,0.0,None
21:16:37.003,Active,406.8,2.4,98.2,11.5,77.7,No,0.0,None
21:16:37.415,Active,405.8,2.4,98.8,11.5,78.2,No,0.0,None
21:16:37.828,Active,407.1,2.4,100.0,11.5,77.7,No,0.0,None
21:16:38.279,Active,444.3,2.4,98.3,11.6,78.2,No,0.0,None
21:16:38.698,Active,413.0,2.4,98.2,11.6,77.7,No,0.0,None
21:16:39.114,Active,408.4,2.4,98.8,11.6,78.2,No,0.0,None
21:16:39.528,Active,407.9,2.4,98.8,11.6,78.2,No,0.0,None
21:16:39.955,Active,417.0,2.4,95.8,11.6,78.2,No,0.0,None
21:16:40.368,Active,407.1,2.4,98.8,11.6,78.2,No,0.0,None
21:16:40.787,Active,409.3,2.4,98.2,11.6,77.7,No,0.0,None
21:16:41.200,Active,406.8,2.4,98.8,11.6,78.2,No,0.0,None
21:16:41.621,Active,412.2,2.4,97.6,11.6,78.2,No,0.0,None
21:16:42.035,Active,407.5,2.4,98.8,11.6,77.7,No,0.0,None
21:16:42.450,Active,408.8,2.4,99.4,11.6,78.2,No,0.0,None
21:16:42.864,Active,408.2,2.4,98.8,11.6,78.2,No,0.0,None
21:16:43.286,Active,415.4,2.4,99.4,11.6,78.2,No,0.0,None
21:16:43.700,Active,407.0,2.4,98.8,11.6,78.2,No,0.0,None
21:16:44.113,Active,406.9,2.4,99.4,11.6,78.2,No,0.0,None
21:16:44.526,Active,406.8,2.4,99.4,11.6,78.8,No,0.0,None
21:16:44.940,Active,407.4,2.4,98.8,11.6,78.2,No,0.0,None
21:16:45.359,Active,410.3,2.4,98.2,11.5,77.7,No,0.0,None
21:16:45.780,Active,410.6,2.4,97.6,11.5,78.2,No,0.0,None
21:17:31.219,Active,424.8,2.4,1.1,11.6,59.0,No,0.0,None
21:17:31.636,Active,405.1,2.4,98.8,11.6,61.1,No,0.0,None
21:17:32.056,Active,408.8,2.4,98.2,11.6,61.1,No,0.0,None
21:17:32.474,Active,408.5,2.4,98.2,11.6,63.4,No,0.0,None
21:17:32.889,Active,407.4,2.4,98.2,11.6,63.9,No,0.0,None
21:17:33.303,Active,405.8,2.4,98.2,11.6,65.5,No,0.0,None
21:17:33.718,Active,408.7,2.4,99.4,11.6,64.5,No,0.0,None
21:17:34.133,Active,407.9,3.0,98.2,11.6,66.7,No,0.0,None
21:17:34.548,Active,407.3,3.0,98.8,11.6,66.1,No,0.0,None
21:17:34.964,Active,406.3,3.0,98.2,11.5,66.7,No,0.0,None
21:17:35.377,Active,407.5,3.0,98.8,11.5,67.2,No,0.0,None
21:17:35.791,Active,407.3,3.0,99.4,11.5,68.3,No,0.0,None
21:17:36.211,Active,409.9,3.0,98.2,11.5,68.8,No,0.0,None
21:17:36.625,Active,406.8,3.0,98.2,11.5,68.3,No,0.0,None
21:17:37.038,Active,407.0,3.0,98.8,11.5,69.4,No,0.0,None
21:17:37.456,Active,408.4,3.0,97.6,11.5,69.4,No,0.0,None
21:17:37.871,Active,407.2,3.0,98.8,11.5,69.4,No,0.0,None
21:17:38.288,Active,407.5,2.4,98.2,11.5,69.4,No,0.0,None
21:17:38.705,Active,408.1,2.4,98.8,11.5,69.4,No,0.0,None
21:17:39.174,Active,462.7,2.4,96.2,11.6,70.5,No,0.0,None
21:17:39.595,Active,410.5,2.4,98.2,11.6,70.0,No,0.0,None
21:17:40.011,Active,409.7,2.4,98.8,11.6,70.0,No,0.0,None
21:17:40.431,Active,411.7,2.4,98.2,11.6,71.0,No,0.0,None
21:17:40.849,Active,408.1,2.4,98.2,11.6,71.0,No,0.0,None
21:17:41.268,Active,409.3,2.4,98.2,11.6,71.0,No,0.0,None
21:17:41.690,Active,412.0,2.4,98.2,11.6,71.6,No,0.0,None
21:17:42.104,Active,407.8,2.4,98.8,11.6,71.6,No,0.0,None
21:17:42.534,Active,420.4,2.4,96.5,11.5,72.7,No,0.0,None
21:17:42.950,Active,406.1,2.4,98.2,11.5,72.2,No,0.0,None
21:17:43.364,Active,406.3,2.4,98.8,11.5,72.7,No,0.0,None
21:17:43.781,Active,407.6,2.4,98.8,11.5,72.2,No,0.0,None
21:17:44.197,Active,407.4,2.4,99.4,11.5,72.2,No,0.0,None
21:17:44.620,Active,417.5,2.4,98.8,11.6,73.2,No,0.0,None
21:17:45.034,Active,407.5,2.4,98.8,11.6,72.2,No,0.0,None
21:17:45.448,Active,407.3,2.4,99.4,11.6,73.2,No,0.0,None
21:17:45.862,Active,404.9,2.4,97.6,11.6,73.8,No,0.0,None
21:17:46.275,Active,407.2,2.4,98.8,11.6,73.2,No,0.0,None
21:17:46.689,Active,407.1,2.4,99.4,11.6,73.2,No,0.0,None
21:17:47.102,Active,405.8,2.4,98.8,11.6,74.3,No,0.0,None
21:17:47.536,Active,427.2,2.4,96.5,11.6,73.2,No,0.0,None
21:17:47.954,Active,408.3,2.4,98.2,11.6,73.2,No,0.0,None
21:17:48.369,Active,407.7,2.4,98.2,11.6,73.2,No,0.0,None
21:17:48.789,Active,413.8,2.4,98.8,11.6,73.8,No,0.0,None
21:17:49.228,Active,433.2,2.4,96.0,11.6,73.8,No,0.0,None
21:17:49.653,Active,408.7,2.4,97.6,11.6,73.8,No,0.0,None
21:17:50.065,Active,406.2,2.4,99.4,11.6,73.8,No,0.0,None
21:17:50.581,Active,409.2,2.4,79.7,11.6,74.3,No,0.0,None
21:17:50.992,Active,404.5,2.3,99.4,11.6,74.3,No,0.0,None
21:17:51.412,Active,408.3,2.3,98.2,11.6,73.8,No,0.0,None
21:17:51.823,Active,401.6,2.3,97.6,11.5,75.5,No,0.0,None
21:17:52.240,Active,406.7,2.3,98.8,11.6,74.9,No,0.0,None
21:17:52.668,Active,418.8,2.3,98.8,11.6,74.3,No,0.0,None
21:17:53.081,Active,404.9,2.3,98.8,11.6,74.3,No,0.0,None
21:17:53.500,Active,408.6,2.3,98.2,11.6,74.3,No,0.0,None
21:17:53.910,Active,404.0,2.3,99.4,11.6,74.9,No,0.0,None
21:17:54.349,Active,429.7,2.3,98.3,11.6,74.9,No,0.0,None
21:17:54.771,Active,415.5,2.3,98.8,11.6,74.9,No,0.0,None
21:17:55.187,Active,407.9,2.4,98.2,11.6,74.9,No,0.0,None
21:17:55.601,Active,408.2,2.4,98.8,11.6,75.5,No,0.0,None
21:17:56.015,Active,405.5,2.4,98.8,11.6,74.9,No,0.0,None
21:17:56.429,Active,407.9,2.4,99.4,11.6,76.0,No,0.0,None
21:17:56.845,Active,408.0,2.4,98.2,11.6,74.9,No,0.0,None
21:17:57.257,Active,404.0,2.4,98.2,11.6,74.9,No,0.0,None
21:17:57.673,Active,409.6,2.4,98.8,11.5,76.0,No,0.0,None
21:17:58.089,Active,407.9,2.4,98.2,11.5,75.5,No,0.0,None
21:17:58.504,Active,408.0,2.4,98.2,11.5,75.5,No,0.0,None
21:17:58.921,Active,410.9,2.4,98.8,11.5,75.5,No,0.0,None
21:17:59.335,Active,405.9,2.4,98.2,11.5,76.0,No,0.0,None
21:17:59.775,Active,431.1,2.4,98.3,11.6,74.3,No,0.0,None
21:18:00.188,Active,406.4,2.4,98.2,11.6,75.5,No,0.0,None
21:18:00.606,Active,409.2,2.4,98.2,11.6,76.0,No,0.0,None
21:18:01.023,Active,409.5,2.4,98.8,11.6,76.0,No,0.0,None
21:18:01.446,Active,416.6,2.4,97.6,11.6,77.1,No,0.0,None
21:18:01.861,Active,407.5,2.4,98.8,11.6,76.0,No,0.0,None
21:18:02.273,Active,406.2,2.4,98.8,11.6,76.0,No,0.0,None
21:18:02.686,Active,406.9,2.4,99.4,11.6,76.5,No,0.0,None
21:18:03.103,Active,409.7,2.4,99.4,11.6,76.0,No,0.0,None
21:18:03.517,Active,408.2,2.4,98.2,11.5,76.0,No,0.0,None
21:18:03.958,Active,434.4,2.4,95.4,11.5,76.5,No,0.0,None
21:18:04.386,Active,421.0,2.4,96.5,11.5,76.5,No,0.0,None
21:18:04.802,Active,409.2,2.4,99.4,11.5,76.0,No,0.0,None
21:18:05.219,Active,409.5,2.4,98.8,11.5,76.0,No,0.0,None
21:18:05.632,Active,407.1,2.4,98.8,11.5,76.5,No,0.0,None
21:18:06.043,Active,405.0,2.4,98.8,11.5,76.5,No,0.0,None
21:18:06.459,Active,409.1,2.4,99.4,11.5,76.5,No,0.0,None
21:18:06.873,Active,407.8,2.4,98.8,11.5,76.0,No,0.0,None
21:18:07.286,Active,406.9,2.4,98.8,11.5,76.0,No,0.0,None
21:18:07.702,Active,408.4,2.4,98.8,11.5,76.5,No,0.0,None
21:18:08.123,Active,412.4,2.4,97.6,11.5,76.0,No,0.0,None
21:18:08.537,Active,407.5,2.4,98.8,11.5,76.5,No,0.0,None
21:18:08.955,Active,407.3,2.4,98.2,11.5,76.5,No,0.0,None
21:18:09.374,Active,408.5,2.4,97.6,11.5,77.1,No,0.0,None
21:18:09.824,Active,439.9,2.4,98.3,11.5,76.5,No,0.0,None
21:18:10.239,Active,407.0,2.4,98.2,11.5,77.1,No,0.0,None
21:18:10.654,Active,409.2,2.4,99.4,11.5,76.5,No,0.0,None
21:18:11.076,Active,414.6,2.4,97.0,11.5,76.5,No,0.0,None
21:18:11.494,Active,408.4,2.4,98.8,11.5,77.1,No,0.0,None
21:18:11.904,Active,404.4,2.4,98.8,11.5,77.1,No,0.0,None
21:18:12.319,Active,405.5,2.4,98.8,11.5,76.5,No,0.0,None
21:18:12.734,Active,408.8,2.4,98.8,11.5,76.5,No,0.0,None
21:18:13.148,Active,406.9,2.4,98.8,11.5,77.1,No,0.0,None
21:18:13.562,Active,407.3,2.4,99.4,11.5,76.5,No,0.0,None
21:18:13.974,Active,405.7,2.4,98.8,11.5,77.1,No,0.0,None
21:18:14.390,Active,408.8,2.4,99.4,11.5,76.5,No,0.0,None
21:18:14.818,Active,420.9,2.4,98.8,11.5,77.1,No,0.0,None
21:18:15.259,Active,433.6,2.4,94.3,11.5,77.1,No,0.0,None
21:18:15.677,Active,411.8,2.4,99.4,11.5,77.1,No,0.0,None
21:18:16.095,Active,409.8,2.4,97.6,11.5,77.7,No,0.0,None
21:18:16.510,Active,408.7,2.4,98.8,11.5,77.1,No,0.0,None
21:18:16.942,Active,424.9,2.4,95.9,11.5,76.5,No,0.0,None
21:18:17.356,Active,406.4,2.4,98.8,11.5,77.1,No,0.0,None
21:18:17.774,Active,408.4,2.4,98.2,11.5,76.0,No,0.0,None
21:18:18.186,Active,406.5,2.4,99.4,11.5,77.1,No,0.0,None
21:18:18.601,Active,407.9,2.4,99.4,11.5,77.7,No,0.0,None
21:18:19.015,Active,407.4,2.4,98.8,11.5,77.1,No,0.0,None
21:18:19.428,Active,406.7,2.4,99.4,11.5,78.2,No,0.0,None
21:18:19.861,Active,426.8,2.4,98.8,11.5,77.7,No,0.0,None
21:18:20.272,Active,405.3,2.4,99.4,11.5,77.7,No,0.0,None
21:18:20.684,Active,406.3,2.4,99.4,11.5,77.7,No,0.0,None
21:18:21.100,Active,406.9,2.4,99.4,11.5,77.1,No,0.0,None
21:18:21.513,Active,406.6,2.4,98.2,11.5,77.7,No,0.0,None
21:18:21.929,Active,407.4,2.4,99.4,11.5,77.1,No,0.0,None
21:18:22.341,Active,406.0,2.4,99.4,11.5,77.7,No,0.0,None
21:18:22.752,Active,405.6,2.4,99.4,11.5,77.7,No,0.0,None
21:18:23.165,Active,406.6,2.4,99.4,11.5,78.2,No,0.0,None
21:18:23.584,Active,410.8,2.4,98.2,11.5,77.7,No,0.0,None
21:18:24.000,Active,406.6,2.4,98.2,11.5,78.2,No,0.0,None
21:18:24.418,Active,409.1,2.4,98.2,11.5,76.5,No,0.0,None
21:18:24.847,Active,421.9,2.4,98.8,11.5,77.1,No,0.0,None
21:18:25.264,Active,407.8,2.4,97.6,11.5,78.2,No,0.0,None
21:18:25.682,Active,408.6,2.4,98.2,11.6,77.1,No,0.0,None
21:18:26.104,Active,416.1,2.4,97.6,11.6,78.2,No,0.0,None
21:18:26.527,Active,413.4,2.4,97.6,11.6,78.2,No,0.0,None
21:18:26.940,Active,407.4,2.4,98.8,11.6,77.7,No,0.0,None
21:18:27.466,Active,414.4,2.4,78.9,11.6,77.1,No,0.0,None
21:18:27.878,Active,406.4,2.4,98.8,11.6,77.7,No,0.0,None
21:18:28.312,Active,428.0,2.4,98.9,11.5,77.7,No,0.0,None
21:18:28.729,Active,407.5,2.3,98.8,11.5,78.2,No,0.0,None
21:18:29.141,Active,405.8,2.3,99.4,11.5,77.1,No,0.0,None
21:18:29.579,Active,430.0,2.3,95.4,11.5,77.1,No,0.0,None
21:18:30.008,Active,418.4,2.3,98.3,11.6,77.7,No,0.0,None
21:18:30.447,Active,429.9,2.3,97.1,11.6,77.1,No,0.0,None
21:18:30.860,Active,406.9,2.3,98.2,11.6,77.1,No,0.0,None
21:19:16.305,Active,428.1,2.3,1.1,11.5,59.5,No,0.0,None
21:19:16.732,Active,417.3,2.3,97.1,11.5,60.0,No,0.0,None
21:19:17.159,Active,419.9,2.3,97.0,11.5,62.2,No,0.0,None
21:19:17.583,Active,417.6,2.3,97.1,11.5,62.8,No,0.0,None
21:19:17.994,Active,405.3,4.7,99.4,11.5,62.2,No,0.0,None
21:19:18.411,Active,406.5,4.7,98.2,11.5,64.5,No,0.0,None
21:19:18.827,Active,407.7,4.7,98.2,11.5,64.5,No,0.0,None
21:19:19.239,Active,406.2,4.7,98.8,11.5,66.1,No,0.0,None
21:19:19.659,Active,409.7,4.7,98.2,11.5,65.5,No,0.0,None
21:19:20.076,Active,408.0,4.7,98.2,11.5,67.2,No,0.0,None
21:19:20.492,Active,407.5,4.7,98.2,11.5,67.8,No,0.0,None
21:19:20.921,Active,419.8,4.7,98.2,11.6,67.8,No,0.0,None
21:19:21.358,Active,429.1,4.7,94.8,11.6,68.3,No,0.0,None
21:19:21.774,Active,408.6,4.7,98.8,11.6,68.3,No,0.0,None
21:19:22.187,Active,407.1,2.4,99.4,11.6,68.3,No,0.0,None
21:19:22.605,Active,409.0,2.4,98.2,11.6,69.4,No,0.0,None
21:19:23.041,Active,427.9,2.4,94.8,11.6,68.8,No,0.0,None
21:19:23.471,Active,421.8,2.4,96.5,11.6,70.0,No,0.0,None
21:19:23.886,Active,406.0,2.4,98.2,11.6,70.0,No,0.0,None
21:19:24.303,Active,407.6,2.4,98.2,11.6,70.5,No,0.0,None
21:19:24.721,Active,408.0,2.4,98.2,11.6,70.5,No,0.0,None
21:19:25.134,Active,406.8,2.4,98.2,11.6,71.6,No,0.0,None
21:19:25.552,Active,407.7,2.4,98.8,11.6,71.6,No,0.0,None
21:19:25.995,Active,433.1,2.4,97.2,11.6,71.6,No,0.0,None
21:19:26.412,Active,407.6,2.4,98.2,11.6,71.6,No,0.0,None
21:19:26.826,Active,405.0,2.4,98.2,11.6,71.6,No,0.0,None
21:19:27.242,Active,406.0,2.4,98.2,11.6,71.6,No,0.0,None
21:19:27.663,Active,410.3,2.4,98.2,11.6,72.2,No,0.0,None
21:19:28.089,Active,418.2,2.4,95.9,11.6,72.2,No,0.0,None
21:19:28.503,Active,407.0,2.4,98.8,11.6,72.7,No,0.0,None
21:19:28.919,Active,406.8,2.4,98.8,11.6,73.2,No,0.0,None
21:19:29.332,Active,406.9,2.4,98.2,11.6,72.7,No,0.0,None
21:19:29.753,Active,411.7,2.4,97.6,11.5,72.2,No,0.0,None
21:19:30.175,Active,415.6,2.4,98.2,11.6,72.7,No,0.0,None
21:19:30.592,Active,409.3,2.4,97.6,11.6,73.8,No,0.0,None
21:19:31.028,Active,428.4,2.4,98.8,11.6,73.2,No,0.0,None
21:19:31.446,Active,408.2,2.4,98.2,11.6,71.6,No,0.0,None
21:19:31.863,Active,407.0,2.4,98.2,11.6,73.2,No,0.0,None
21:19:32.279,Active,406.8,2.4,98.2,11.6,73.8,No,0.0,None
21:19:32.698,Active,409.0,2.4,97.6,11.6,73.8,No,0.0,None
21:19:33.111,Active,407.1,2.4,99.4,11.6,73.8,No,0.0,None
21:19:33.530,Active,408.4,2.4,98.2,11.6,74.9,No,0.0,None
21:19:33.955,Active,414.9,2.4,96.5,11.6,73.2,No,0.0,None
21:19:34.370,Active,408.9,2.4,98.8,11.5,73.8,No,0.0,None
21:19:34.782,Active,405.1,2.4,98.8,11.5,73.8,No,0.0,None
21:19:35.196,Active,407.4,2.4,98.8,11.5,74.9,No,0.0,None
21:19:35.617,Active,411.3,2.4,98.2,11.5,74.3,No,0.0,None
21:19:36.032,Active,406.7,2.4,98.8,11.5,74.9,No,0.0,None
21:19:36.445,Active,407.0,2.4,99.4,11.5,73.8,No,0.0,None
21:19:36.862,Active,410.8,2.4,98.2,11.5,74.9,No,0.0,None
21:19:37.278,Active,407.4,2.4,98.2,11.5,74.3,No,0.0,None
21:19:37.694,Active,408.1,2.4,98.2,11.5,74.9,No,0.0,None
21:19:38.107,Active,407.2,2.4,99.4,11.5,74.3,No,0.0,None
21:19:38.524,Active,407.7,2.4,98.2,11.6,76.0,No,0.0,None
21:19:38.941,Active,407.8,2.4,98.2,11.6,74.9,No,0.0,None
21:19:39.353,Active,405.8,2.4,98.2,11.6,74.9,No,0.0,None
21:19:39.771,Active,411.8,2.4,98.8,11.6,74.9,No,0.0,None
21:19:40.182,Active,404.8,2.4,98.8,11.6,74.9,No,0.0,None
21:19:40.597,Active,407.8,2.4,98.8,11.6,76.0,No,0.0,None
21:19:41.033,Active,429.8,2.4,98.8,11.6,74.3,No,0.0,None
21:19:41.457,Active,415.5,2.4,98.2,11.6,74.9,No,0.0,None
21:19:41.870,Active,407.2,2.4,98.8,11.6,74.3,No,0.0,None
21:19:42.282,Active,404.9,2.4,98.8,11.6,74.9,No,0.0,None
21:19:42.697,Active,407.4,2.4,98.8,11.6,76.0,No,0.0,None
21:19:43.108,Active,405.3,2.4,99.4,11.6,75.5,No,0.0,None
21:19:43.521,Active,406.6,2.4,99.4,11.6,75.5,No,0.0,None
21:19:43.932,Active,405.3,2.4,98.8,11.6,76.0,No,0.0,None
21:19:44.345,Active,404.8,2.4,99.4,11.6,75.5,No,0.0,None
21:19:44.764,Active,407.9,2.4,98.2,11.6,75.5,No,0.0,None
21:19:45.179,Active,408.8,2.4,98.8,11.6,75.5,No,0.0,None
21:19:45.593,Active,408.1,2.4,98.2,11.6,76.5,No,0.0,None
21:19:46.010,Active,407.6,2.4,98.2,11.6,76.0,No,0.0,None
21:19:46.446,Active,428.8,2.4,98.9,11.6,75.5,No,0.0,None
21:19:46.858,Active,406.7,2.4,98.2,11.6,76.5,No,0.0,None
21:19:47.272,Active,407.1,2.4,98.8,11.6,76.5,No,0.0,None
21:19:47.689,Active,407.6,2.4,98.2,11.6,76.0,No,0.0,None
21:19:48.102,Active,407.3,2.4,98.8,11.6,76.0,No,0.0,None
21:19:48.543,Active,432.9,2.4,95.4,11.6,76.5,No,0.0,None
21:19:48.960,Active,407.0,2.4,97.6,11.6,76.0,No,0.0,None
21:19:49.376,Active,406.6,2.4,98.2,11.6,76.5,No,0.0,None
21:19:49.791,Active,409.4,2.4,98.8,11.6,76.0,No,0.0,None
21:19:50.206,Active,408.4,2.4,99.4,11.6,76.5,No,0.0,None
21:19:50.623,Active,411.4,2.4,98.2,11.6,76.5,No,0.0,None
21:19:51.048,Active,419.3,2.4,96.5,11.6,76.0,No,0.0,None
21:19:51.485,Active,428.2,2.4,98.3,11.6,76.0,No,0.0,None
21:19:51.910,Active,416.6,2.4,97.0,11.6,77.1,No,0.0,None
21:19:52.325,Active,409.0,2.4,98.8,11.6,76.5,No,0.0,None
21:19:52.738,Active,407.4,2.4,98.8,11.6,77.1,No,0.0,None
21:19:53.156,Active,406.3,2.4,97.6,11.6,77.1,No,0.0,None
21:19:53.574,Active,407.9,2.4,97.0,11.5,76.5,No,0.0,None
21:19:53.988,Active,407.3,2.4,98.8,11.5,76.5,No,0.0,None
21:19:54.402,Active,406.5,2.4,98.8,11.5,77.1,No,0.0,None
21:19:54.817,Active,406.5,2.4,98.2,11.5,75.5,No,0.0,None
21:19:55.242,Active,412.7,2.4,96.4,11.5,76.5,No,0.0,None
21:19:55.661,Active,409.5,2.4,98.2,11.5,77.1,No,0.0,None
21:19:56.075,Active,407.1,2.4,98.8,11.5,76.5,No,0.0,None
21:19:56.512,Active,430.9,2.4,98.3,11.6,77.1,No,0.0,None
21:19:56.928,Active,406.6,2.4,98.2,11.6,77.1,No,0.0,None
21:19:57.345,Active,406.6,2.4,98.2,11.6,77.1,No,0.0,None
21:19:57.759,Active,407.8,2.4,98.8,11.6,77.1,No,0.0,None
21:19:58.176,Active,407.9,2.4,98.2,11.5,77.7,No,0.0,None
21:19:58.592,Active,408.2,2.4,98.8,11.5,77.7,No,0.0,None
21:19:59.011,Active,409.5,2.4,97.6,11.5,77.1,No,0.0,None
21:19:59.428,Active,411.1,2.4,98.8,11.5,77.7,No,0.0,None
21:19:59.841,Active,407.0,2.4,98.8,11.5,76.5,No,0.0,None
21:20:00.253,Active,405.5,2.4,99.4,11.5,76.5,No,0.0,None
21:20:00.668,Active,409.0,2.4,98.8,11.5,77.1,No,0.0,None
21:20:01.097,Active,422.5,2.4,98.2,11.5,77.7,No,0.0,None
21:20:01.550,Active,443.4,2.4,96.1,11.5,77.7,No,0.0,None
21:20:01.964,Active,407.8,2.4,99.4,11.6,77.1,No,0.0,None
21:20:02.377,Active,406.4,2.4,99.4,11.6,77.1,No,0.0,None
21:20:02.792,Active,409.5,2.4,99.4,11.6,77.7,No,0.0,None
21:20:03.205,Active,406.4,2.4,99.4,11.6,77.1,No,0.0,None
21:20:03.639,Active,424.6,2.4,95.3,11.6,77.7,No,0.0,None
21:20:04.053,Active,407.8,2.4,100.0,11.6,77.7,No,0.0,None
21:20:04.469,Active,409.7,2.4,98.2,11.6,77.7,No,0.0,None
21:20:04.884,Active,409.1,2.4,98.8,11.6,77.7,No,0.0,None
21:20:05.302,Active,408.7,2.4,98.2,11.5,77.1,No,0.0,None
21:20:05.718,Active,409.0,2.4,98.8,11.5,77.1,No,0.0,None
21:20:06.131,Active,406.4,2.4,98.8,11.5,78.8,No,0.0,None
21:20:06.550,Active,408.9,2.4,98.2,11.5,76.5,No,0.0,None
21:20:06.967,Active,409.8,2.4,98.8,11.5,76.5,No,0.0,None
21:20:07.382,Active,408.6,2.4,98.8,11.5,78.2,No,0.0,None
21:20:07.796,Active,406.5,2.4,98.2,11.5,77.1,No,0.0,None
21:20:08.208,Active,406.6,2.4,99.4,11.5,77.7,No,0.0,None
21:20:08.626,Active,411.4,2.4,99.4,11.5,78.2,No,0.0,None
21:20:09.042,Active,408.4,2.4,98.2,11.5,78.8,No,0.0,None
21:20:09.461,Active,411.8,2.4,98.2,11.5,77.7,No,0.0,None
21:20:09.873,Active,405.8,2.4,99.4,11.5,77.7,No,0.0,None
21:20:10.290,Active,408.6,2.4,98.2,11.5,78.2,No,0.0,None
21:20:10.705,Active,407.3,2.4,98.8,11.5,78.2,No,0.0,None
21:20:11.119,Active,407.2,2.4,98.8,11.5,76.5,No,0.0,None
21:20:11.567,Active,441.9,2.4,97.2,11.5,77.7,No,0.0,None
21:20:11.984,Active,407.9,2.4,98.8,11.5,77.7,No,0.0,None
21:20:12.401,Active,408.2,2.4,98.2,11.5,77.7,No,0.0,None
21:20:12.818,Active,408.5,2.4,97.6,11.5,77.1,No,0.0,None
21:20:13.233,Active,407.8,2.4,98.8,11.5,78.2,No,0.0,None
21:20:13.647,Active,407.9,2.4,99.4,11.5,78.2,No,0.0,None
21:20:14.058,Active,404.6,2.4,99.4,11.5,78.8,No,0.0,None
21:20:14.474,Active,408.6,2.4,98.8,11.5,78.2,No,0.0,None
21:20:14.889,Active,407.6,2.4,98.2,11.5,77.7,No,0.0,None
21:20:15.303,Active,407.4,2.4,99.4,11.5,78.2,No,0.0,None
21:20:15.716,Active,407.6,2.4,98.8,11.5,78.2,No,0.0,None
21:20:16.132,Active,406.4,2.4,98.2,11.5,78.2,No,0.0,None
21:21:01.574,Active,426.0,23.2,1.4,11.5,58.4,No,0.0,None
21:21:01.983,Active,402.7,23.2,99.4,11.5,59.5,No,0.0,None
21:21:02.396,Active,407.3,23.2,100.0,11.5,61.7,No,0.0,None
21:21:02.826,Active,423.6,23.2,98.8,11.6,62.8,No,0.0,None
21:21:03.240,Active,406.9,23.2,98.8,11.6,63.9,No,0.0,None
21:21:03.657,Active,410.5,23.2,98.8,11.6,64.5,No,0.0,None
21:21:04.069,Active,405.9,23.2,98.8,11.6,65.0,No,0.0,None
21:21:04.479,Active,404.6,23.2,99.4,11.6,65.5,No,0.0,None
21:21:04.892,Active,406.7,23.2,100.0,11.6,65.0,No,0.0,None
21:21:05.305,Active,407.1,23.2,99.4,11.6,66.7,No,0.0,None
21:21:05.723,Active,411.3,2.4,98.8,11.5,67.2,No,0.0,None
21:21:06.141,Active,407.3,2.4,97.0,11.5,67.8,No,0.0,None
21:21:06.560,Active,409.4,2.4,98.2,11.5,68.3,No,0.0,None
21:21:06.978,Active,408.2,2.4,98.2,11.5,68.3,No,0.0,None
21:21:07.391,Active,405.9,2.4,98.2,11.5,68.8,No,0.0,None
21:21:07.805,Active,407.8,2.4,98.8,11.5,69.4,No,0.0,None
21:21:08.234,Active,419.5,2.4,95.9,11.5,69.4,No,0.0,None
21:21:08.650,Active,408.9,2.4,99.4,11.5,69.4,No,0.0,None
21:21:09.062,Active,405.7,2.4,99.4,11.5,70.5,No,0.0,None
21:21:09.478,Active,406.9,2.4,98.2,11.5,69.4,No,0.0,None
21:21:09.893,Active,408.0,2.4,98.8,11.5,71.0,No,0.0,None
21:21:10.312,Active,409.1,2.4,97.6,11.5,70.5,No,0.0,None
21:21:10.733,Active,412.2,2.4,97.6,11.5,71.0,No,0.0,None
21:21:11.247,Active,405.7,2.4,79.4,11.5,71.0,No,0.0,None
21:21:11.670,Active,412.1,2.4,98.2,11.5,70.5,No,0.0,None
21:21:12.086,Active,408.7,2.4,98.2,11.5,71.0,No,0.0,None
21:21:12.505,Active,410.2,2.4,98.2,11.5,71.6,No,0.0,None
21:21:12.938,Active,424.3,2.4,98.3,11.6,71.0,No,0.0,None
21:21:13.357,Active,407.8,2.4,98.2,11.6,72.2,No,0.0,None
21:21:13.776,Active,409.2,2.4,97.6,11.6,71.6,No,0.0,None
21:21:14.192,Active,406.7,2.3,98.2,11.6,71.6,No,0.0,None
21:21:14.612,Active,409.9,2.3,98.2,11.6,71.6,No,0.0,None
21:21:15.027,Active,406.6,2.3,98.2,11.6,72.7,No,0.0,None
21:21:15.443,Active,409.9,2.3,99.4,11.6,72.7,No,0.0,None
21:21:15.859,Active,406.4,2.3,97.6,11.6,72.2,No,0.0,None
21:21:16.278,Active,409.6,2.3,98.2,11.6,73.2,No,0.0,None
21:21:16.693,Active,407.5,2.3,98.2,11.5,73.2,No,0.0,None
21:21:17.108,Active,407.9,2.3,98.8,11.5,73.2,No,0.0,None
21:21:17.522,Active,408.2,2.3,99.4,11.5,73.2,No,0.0,None
21:21:17.950,Active,420.4,2.3,98.8,11.5,73.2,No,0.0,None
21:21:18.381,Active,423.8,2.4,95.3,11.5,73.8,No,0.0,None
21:21:18.819,Active,429.8,2.4,94.8,11.5,73.8,No,0.0,None
21:21:19.232,Active,407.0,2.4,98.8,11.5,73.2,No,0.0,None
21:21:19.668,Active,426.5,2.4,96.0,11.5,74.9,No,0.0,None
21:21:20.101,Active,423.4,2.4,95.9,11.6,73.8,No,0.0,None
21:21:20.519,Active,410.0,2.4,98.2,11.5,73.8,No,0.0,None
21:21:20.938,Active,408.8,2.4,98.2,11.5,74.3,No,0.0,None
21:21:21.354,Active,408.5,2.4,98.2,11.5,74.3,No,0.0,None
21:21:21.773,Active,410.8,2.4,98.2,11.5,74.3,No,0.0,None
21:21:22.187,Active,406.0,2.4,98.2,11.5,74.9,No,0.0,None
21:21:22.606,Active,409.6,2.4,98.8,11.5,73.8,No,0.0,None
21:21:23.035,Active,422.3,2.4,98.2,11.5,74.3,No,0.0,None
21:21:23.450,Active,409.3,2.4,98.8,11.5,73.8,No,0.0,None
21:21:23.867,Active,405.8,2.4,98.2,11.5,74.9,No,0.0,None
21:21:24.280,Active,407.0,2.4,99.4,11.5,74.9,No,0.0,None
21:21:24.696,Active,407.2,2.4,98.2,11.5,74.9,No,0.0,None
21:21:25.118,Active,412.4,2.4,97.6,11.5,74.9,No,0.0,None
21:21:25.535,Active,411.5,2.4,99.4,11.6,74.9,No,0.0,None
21:21:25.952,Active,408.1,2.4,97.6,11.5,74.9,No,0.0,None
21:21:26.365,Active,406.3,2.4,98.8,11.5,75.5,No,0.0,None
21:21:26.780,Active,408.3,2.4,98.8,11.5,74.9,No,0.0,None
21:21:27.193,Active,406.5,2.4,99.4,11.5,74.9,No,0.0,None
21:21:27.609,Active,410.5,2.4,98.2,11.5,74.9,No,0.0,None
21:21:28.046,Active,429.1,2.4,97.7,11.5,74.9,No,0.0,None
21:21:28.465,Active,409.0,2.4,98.2,11.6,74.9,No,0.0,None
21:21:28.883,Active,408.0,2.4,97.6,11.6,74.9,No,0.0,None
21:21:29.300,Active,407.5,2.4,98.2,11.6,76.0,No,0.0,None
21:21:29.719,Active,408.6,2.4,98.2,11.5,76.0,No,0.0,None
21:21:30.133,Active,407.3,2.4,98.8,11.6,75.5,No,0.0,None
21:21:30.551,Active,409.3,2.4,98.2,11.6,75.5,No,0.0,None
21:21:30.971,Active,406.0,2.4,97.0,11.5,75.5,No,0.0,None
21:21:31.387,Active,407.2,2.4,98.8,11.5,76.5,No,0.0,None
21:21:31.810,Active,413.1,2.4,98.2,11.5,76.0,No,0.0,None
21:21:32.231,Active,410.4,2.4,97.6,11.5,76.5,No,0.0,None
21:21:32.647,Active,408.8,2.4,98.8,11.5,76.0,No,0.0,None
21:21:33.082,Active,425.5,2.4,97.7,11.5,75.5,No,0.0,None
21:21:33.501,Active,409.2,2.4,97.6,11.6,76.5,No,0.0,None
21:21:33.914,Active,406.6,2.4,98.8,11.6,76.5,No,0.0,None
21:21:34.329,Active,407.8,2.4,99.4,11.6,76.0,No,0.0,None
21:21:34.745,Active,409.4,2.4,98.8,11.6,76.0,No,0.0,None
21:21:35.163,Active,411.1,2.4,98.2,11.6,76.0,No,0.0,None
21:21:35.580,Active,408.9,2.4,98.8,11.5,76.5,No,0.0,None
21:21:35.996,Active,406.6,2.4,98.2,11.5,76.5,No,0.0,None
21:21:36.414,Active,408.2,2.4,98.2,11.5,76.5,No,0.0,None
21:21:36.832,Active,410.5,2.4,98.2,11.5,74.9,No,0.0,None
21:21:37.244,Active,405.2,2.4,98.8,11.5,77.1,No,0.0,None
21:21:37.662,Active,408.1,2.4,98.2,11.5,76.5,No,0.0,None
21:21:38.078,Active,406.6,2.4,98.2,11.5,76.0,No,0.0,None
21:21:38.495,Active,407.4,2.4,98.2,11.5,77.1,No,0.0,None
21:21:38.910,Active,405.2,2.4,98.8,11.5,75.5,No,0.0,None
21:21:39.327,Active,406.2,2.4,98.2,11.5,76.5,No,0.0,None
21:21:39.747,Active,410.2,2.4,97.6,11.5,76.5,No,0.0,None
21:21:40.162,Active,407.1,2.4,98.2,11.5,76.5,No,0.0,None
21:21:40.583,Active,414.7,2.4,98.2,11.5,76.5,No,0.0,None
21:21:41.001,Active,407.8,2.4,98.2,11.5,76.5,No,0.0,None
21:21:41.415,Active,406.9,2.4,98.8,11.5,76.5,No,0.0,None
21:21:41.843,Active,419.0,2.4,95.9,11.5,77.1,No,0.0,None
21:21:42.261,Active,407.7,2.4,97.6,11.5,77.1,No,0.0,None
21:21:42.678,Active,408.5,2.4,98.8,11.5,77.1,No,0.0,None
21:21:43.126,Active,441.2,2.4,98.3,11.6,76.0,No,0.0,None
21:21:43.548,Active,411.7,2.4,97.6,11.6,76.5,No,0.0,None
21:21:43.962,Active,404.9,2.4,98.2,11.6,77.7,No,0.0,None
21:21:44.380,Active,407.4,2.4,98.2,11.6,77.7,No,0.0,None
21:21:44.798,Active,408.8,2.4,98.2,11.6,76.0,No,0.0,None
21:21:45.218,Active,410.4,2.4,98.2,11.6,76.5,No,0.0,None
21:21:45.639,Active,410.8,2.4,98.2,11.6,76.5,No,0.0,None
21:21:46.055,Active,409.4,2.4,98.2,11.6,76.5,No,0.0,None
21:21:46.469,Active,407.4,2.4,98.8,11.5,77.7,No,0.0,None
21:21:46.880,Active,405.8,2.4,99.4,11.5,77.1,No,0.0,None
21:21:47.295,Active,405.4,2.4,98.8,11.5,77.7,No,0.0,None
21:21:47.709,Active,407.6,2.4,99.4,11.5,76.5,No,0.0,None
21:21:48.126,Active,408.7,2.4,98.2,11.5,77.1,No,0.0,None
21:21:48.559,Active,425.3,2.4,97.7,11.5,77.7,No,0.0,None
21:21:48.981,Active,412.7,2.4,97.6,11.5,77.1,No,0.0,None
21:21:49.394,Active,406.7,2.4,99.4,11.5,76.5,No,0.0,None
21:21:49.806,Active,406.8,2.4,98.8,11.5,77.7,No,0.0,None
21:21:50.218,Active,404.8,2.4,99.4,11.5,77.7,No,0.0,None
21:21:50.635,Active,409.8,2.4,98.8,11.6,77.1,No,0.0,None
21:21:51.048,Active,406.9,2.4,98.8,11.6,77.7,No,0.0,None
21:21:51.462,Active,407.4,2.4,99.4,11.5,77.1,No,0.0,None
21:21:51.876,Active,406.9,2.4,98.8,11.5,77.7,No,0.0,None
21:21:52.288,Active,406.3,2.4,99.4,11.5,77.7,No,0.0,None
21:21:52.706,Active,407.6,2.4,98.2,11.5,77.7,No,0.0,None
21:21:53.123,Active,407.0,2.4,97.6,11.5,77.7,No,0.0,None
21:21:53.555,Active,422.7,2.4,98.3,11.6,77.7,No,0.0,None
21:21:53.972,Active,406.8,2.4,98.2,11.6,77.7,No,0.0,None
21:21:54.390,Active,407.6,2.4,97.6,11.6,77.7,No,0.0,None
21:21:54.807,Active,407.2,2.4,98.8,11.6,77.7,No,0.0,None
21:21:55.221,Active,407.6,2.4,98.8,11.6,77.7,No,0.0,None
21:21:55.634,Active,404.8,2.4,98.8,11.6,77.7,No,0.0,None
21:21:56.046,Active,405.8,2.4,99.4,11.5,77.1,No,0.0,None
21:21:56.462,Active,408.9,2.4,98.8,11.5,78.2,No,0.0,None
21:21:56.879,Active,407.0,2.4,98.2,11.5,77.1,No,0.0,None
21:21:57.293,Active,406.5,2.4,98.2,11.5,77.7,No,0.0,None
21:21:57.709,Active,408.6,2.4,98.8,11.5,77.7,No,0.0,None
21:21:58.125,Active,407.9,2.4,97.6,11.5,77.7,No,0.0,None
21:21:58.562,Active,428.3,2.4,98.3,11.6,77.7,No,0.0,None
21:21:58.981,Active,409.3,2.4,98.2,11.6,77.7,No,0.0,None
21:21:59.398,Active,408.4,2.4,98.2,11.6,78.2,No,0.0,None
21:21:59.816,Active,410.1,2.4,98.8,11.6,78.2,No,0.0,None
21:22:00.234,Active,408.4,2.4,98.2,11.6,78.2,No,0.0,None
21:22:00.649,Active,409.4,2.4,98.8,11.6,78.2,No,0.0,None
21:22:01.065,Active,405.0,2.4,98.2,11.6,77.1,No,0.0,None
21:22:01.481,Active,409.4,2.4,99.4,11.5,78.2,No,0.0,None
21:22:46.918,Active,421.3,2.4,1.4,11.5,58.4,No,0.0,None
21:22:47.332,Active,406.5,2.4,99.4,11.6,60.6,No,0.0,None
21:22:47.747,Active,408.9,2.4,98.8,11.6,61.7,No,0.0,None
21:22:48.163,Active,408.7,2.4,98.8,11.6,63.4,No,0.0,None
21:22:48.579,Active,408.9,2.4,98.2,11.6,63.4,No,0.0,None
21:22:48.991,Active,406.3,2.4,99.4,11.6,65.0,No,0.0,None
21:22:49.424,Active,422.3,3.4,97.7,11.6,65.5,No,0.0,None
21:22:49.841,Active,407.4,3.4,97.6,11.6,66.1,No,0.0,None
21:22:50.263,Active,413.3,3.4,97.6,11.6,67.2,No,0.0,None
21:22:50.676,Active,406.7,3.4,99.4,11.6,66.1,No,0.0,None
21:22:51.089,Active,406.8,3.4,98.8,11.6,67.2,No,0.0,None
21:22:51.505,Active,407.5,3.4,99.4,11.6,68.3,No,0.0,None
21:22:51.916,Active,404.0,3.4,99.4,11.6,67.8,No,0.0,None
21:22:52.330,Active,407.7,3.4,99.4,11.5,67.8,No,0.0,None
21:22:52.747,Active,409.5,3.4,98.8,11.5,69.4,No,0.0,None
21:22:53.162,Active,408.9,3.4,98.8,11.5,69.4,No,0.0,None
21:22:53.583,Active,413.7,2.4,97.6,11.5,69.4,No,0.0,None
21:22:54.002,Active,413.2,2.4,97.6,11.5,69.4,No,0.0,None
21:22:54.431,Active,421.4,2.4,98.8,11.6,69.4,No,0.0,None
21:22:54.845,Active,407.8,2.4,98.8,11.6,69.4,No,0.0,None
21:22:55.260,Active,406.6,2.4,98.8,11.6,70.5,No,0.0,None
21:22:55.686,Active,416.5,2.4,97.0,11.6,70.5,No,0.0,None
21:22:56.111,Active,417.8,2.4,96.4,11.6,70.5,No,0.0,None
21:22:56.529,Active,409.7,2.4,98.8,11.6,71.6,No,0.0,None
21:22:56.947,Active,407.0,2.4,97.6,11.5,71.0,No,0.0,None
21:22:57.362,Active,406.2,2.4,98.2,11.5,71.6,No,0.0,None
21:22:57.778,Active,409.1,2.4,98.8,11.5,71.6,No,0.0,None
21:22:58.196,Active,408.4,2.4,98.2,11.5,72.2,No,0.0,None
21:22:58.616,Active,410.0,2.4,98.2,11.5,71.6,No,0.0,None
21:22:59.032,Active,406.5,2.4,98.2,11.5,72.2,No,0.0,None
21:22:59.475,Active,432.4,2.4,98.3,11.6,71.0,No,0.0,None
21:22:59.893,Active,409.5,2.4,97.6,11.6,72.7,No,0.0,None
21:23:00.309,Active,407.3,2.4,98.8,11.6,72.7,No,0.0,None
21:23:00.726,Active,409.0,2.4,98.2,11.6,73.2,No,0.0,None
21:23:01.142,Active,408.4,2.4,98.8,11.6,73.2,No,0.0,None
21:23:01.568,Active,418.4,2.4,97.0,11.6,73.2,No,0.0,None
21:23:01.979,Active,405.1,2.4,99.4,11.6,73.8,No,0.0,None
21:23:02.394,Active,408.4,2.4,99.4,11.6,73.8,No,0.0,None
21:23:02.809,Active,407.9,2.4,98.2,11.6,73.2,No,0.0,None
21:23:03.219,Active,403.7,2.4,100.0,11.6,74.3,No,0.0,None
21:23:03.637,Active,411.6,2.4,98.8,11.5,73.2,No,0.0,None
21:23:04.053,Active,409.8,2.4,98.2,11.5,73.8,No,0.0,None
21:23:04.487,Active,426.1,2.4,98.3,11.5,73.2,No,0.0,None
21:23:04.904,Active,406.3,2.4,98.2,11.5,74.3,No,0.0,None
21:23:05.323,Active,409.4,2.4,98.2,11.6,74.9,No,0.0,None
21:23:05.737,Active,408.0,2.4,98.8,11.6,74.9,No,0.0,None
21:23:06.152,Active,407.9,2.4,98.8,11.6,74.3,No,0.0,None
21:23:06.571,Active,409.4,2.4,98.2,11.6,74.9,No,0.0,None
21:23:06.984,Active,407.0,2.4,98.8,11.6,74.9,No,0.0,None
21:23:07.396,Active,405.6,2.4,99.4,11.6,74.9,No,0.0,None
21:23:07.808,Active,406.4,2.4,99.4,11.5,75.5,No,0.0,None
21:23:08.249,Active,434.6,2.4,94.9,11.5,74.3,No,0.0,None
21:23:08.668,Active,410.9,2.4,98.8,11.5,74.3,No,0.0,None
21:23:09.083,Active,407.2,2.4,98.8,11.5,74.3,No,0.0,None
21:23:09.496,Active,406.8,2.4,98.8,11.5,74.9,No,0.0,None
21:23:09.910,Active,405.2,2.4,98.8,11.5,74.9,No,0.0,None
21:23:10.323,Active,405.7,2.4,99.4,11.5,74.9,No,0.0,None
21:23:10.739,Active,409.4,2.4,98.8,11.5,74.9,No,0.0,None
21:23:11.253,Active,407.6,2.4,79.7,11.5,74.9,No,0.0,None
21:23:11.673,Active,411.2,2.4,98.2,11.5,74.9,No,0.0,None
21:23:12.089,Active,410.0,2.4,97.6,11.5,74.9,No,0.0,None
21:23:12.509,Active,410.2,2.4,98.2,11.5,74.9,No,0.0,None
21:23:12.921,Active,404.8,2.4,98.8,11.5,75.5,No,0.0,None
21:23:13.332,Active,405.5,2.4,99.4,11.5,73.8,No,0.0,None
21:23:13.748,Active,407.2,2.4,98.2,11.5,76.5,No,0.0,None
21:23:14.163,Active,406.7,2.4,99.4,11.5,76.0,No,0.0,None
21:23:14.602,Active,430.0,2.3,97.7,11.6,76.0,No,0.0,None
21:23:15.012,Active,403.3,2.3,99.4,11.6,76.0,No,0.0,None
21:23:15.428,Active,410.0,2.3,99.4,11.7,74.9,No,0.0,None
21:23:15.844,Active,405.7,2.3,98.2,11.7,76.5,No,0.0,None
21:23:16.257,Active,406.9,2.3,99.4,11.7,77.1,No,0.0,None
21:23:16.675,Active,409.1,2.3,98.2,11.7,76.0,No,0.0,None
21:23:17.094,Active,413.2,2.3,99.4,11.7,76.5,No,0.0,None
21:23:17.510,Active,408.8,2.3,98.2,11.7,76.0,No,0.0,None
21:23:17.926,Active,408.8,2.3,98.8,11.6,76.5,No,0.0,None
21:23:18.345,Active,408.2,2.3,97.0,11.6,76.5,No,0.0,None
21:23:18.763,Active,407.8,2.4,98.2,11.6,77.1,No,0.0,None
21:23:19.179,Active,407.5,2.4,98.8,11.6,76.0,No,0.0,None
21:23:19.596,Active,409.5,2.4,98.2,11.6,76.5,No,0.0,None
21:23:20.025,Active,419.7,2.4,98.2,11.6,76.0,No,0.0,None
21:23:20.445,Active,411.8,2.4,98.2,11.6,76.5,No,0.0,None
21:23:20.860,Active,406.9,2.4,98.2,11.6,76.0,No,0.0,None
21:23:21.278,Active,408.5,2.4,98.2,11.6,76.5,No,0.0,None
21:23:21.711,Active,426.1,2.4,96.5,11.6,76.5,No,0.0,None
21:23:22.127,Active,406.9,2.4,98.2,11.6,76.5,No,0.0,None
21:23:22.549,Active,412.3,2.4,97.6,11.6,77.1,No,0.0,None
21:23:22.967,Active,407.2,2.4,98.2,11.6,76.5,No,0.0,None
21:23:23.387,Active,410.8,2.4,97.6,11.6,76.5,No,0.0,None
21:23:23.802,Active,408.0,2.4,98.2,11.5,77.7,No,0.0,None
21:23:24.218,Active,408.7,2.4,98.8,11.5,76.5,No,0.0,None
21:23:24.639,Active,411.9,2.4,98.2,11.6,77.1,No,0.0,None
21:23:25.067,Active,418.2,2.4,98.2,11.7,76.5,No,0.0,None
21:23:25.486,Active,409.1,2.4,98.2,11.7,76.5,No,0.0,None
21:23:25.900,Active,406.8,2.4,98.8,11.7,77.1,No,0.0,None
21:23:26.314,Active,407.6,2.4,98.8,11.7,76.5,No,0.0,None
21:23:26.731,Active,409.6,2.4,98.8,11.6,76.5,No,0.0,None
21:23:27.144,Active,407.1,2.4,99.4,11.7,77.7,No,0.0,None
21:23:27.562,Active,408.9,2.4,98.2,11.7,77.1,No,0.0,None
21:23:27.979,Active,406.9,2.4,97.6,11.6,77.7,No,0.0,None
21:23:28.395,Active,407.5,2.4,98.2,11.6,77.1,No,0.0,None
21:23:28.815,Active,409.3,2.4,98.2,11.6,76.5,No,0.0,None
21:23:29.235,Active,413.9,2.4,97.0,11.6,77.7,No,0.0,None
21:23:29.650,Active,408.3,2.4,98.8,11.6,77.1,No,0.0,None
21:23:30.085,Active,427.5,2.4,98.3,11.6,77.7,No,0.0,None
21:23:30.509,Active,415.9,2.4,98.2,11.6,77.1,No,0.0,None
21:23:30.924,Active,407.2,2.4,98.2,11.6,77.1,No,0.0,None
21:23:31.341,Active,407.9,2.4,98.2,11.6,77.7,No,0.0,None
21:23:31.757,Active,407.6,2.4,98.8,11.6,77.1,No,0.0,None
21:23:32.172,Active,407.0,2.4,98.8,11.6,77.7,No,0.0,None
21:23:32.595,Active,412.9,2.4,98.2,11.6,77.1,No,0.0,None
21:23:33.008,Active,406.4,2.4,98.8,11.5,77.1,No,0.0,None
21:23:33.428,Active,410.9,2.4,97.6,11.6,77.7,No,0.0,None
21:23:33.841,Active,405.6,2.4,98.8,11.5,77.7,No,0.0,None
21:23:34.256,Active,405.0,2.4,98.2,11.5,77.7,No,0.0,None
21:23:34.679,Active,412.1,2.4,98.2,11.5,77.7,No,0.0,None
21:23:35.109,Active,423.6,2.4,98.3,11.6,78.2,No,0.0,None
21:23:35.522,Active,405.7,2.4,98.8,11.6,78.2,No,0.0,None
21:23:35.931,Active,403.5,2.4,100.0,11.6,77.7,No,0.0,None
21:23:36.345,Active,407.4,2.4,99.4,11.6,77.7,No,0.0,None
21:23:36.761,Active,410.0,2.4,99.4,11.6,78.2,No,0.0,None
21:23:37.169,Active,402.5,2.4,99.4,11.6,78.2,No,0.0,None
21:23:37.581,Active,404.2,2.4,100.0,11.6,77.7,No,0.0,None
21:23:38.008,Active,417.1,2.4,96.5,11.5,77.7,No,0.0,None
21:23:38.424,Active,407.1,2.4,98.2,11.5,77.7,No,0.0,None
21:23:38.837,Active,406.8,2.4,99.4,11.5,78.2,No,0.0,None
21:23:39.250,Active,406.8,2.4,98.8,11.5,78.8,No,0.0,None
21:23:39.675,Active,418.6,2.4,97.6,11.5,77.7,No,0.0,None
21:23:40.092,Active,406.6,2.4,98.2,11.6,78.2,No,0.0,None
21:23:40.508,Active,409.7,2.4,98.8,11.6,78.8,No,0.0,None
21:23:40.932,Active,414.4,2.4,97.0,11.6,78.2,No,0.0,None
21:23:41.346,Active,407.7,2.4,98.8,11.6,78.2,No,0.0,None
21:23:41.761,Active,407.9,2.4,98.8,11.6,77.7,No,0.0,None
21:23:42.173,Active,405.6,2.4,99.4,11.6,78.2,No,0.0,None
21:23:42.589,Active,410.0,2.4,99.4,11.6,78.2,No,0.0,None
21:23:43.004,Active,409.6,2.4,98.2,11.6,78.8,No,0.0,None
21:23:43.417,Active,406.3,2.4,99.4,11.5,78.8,No,0.0,None
21:23:43.829,Active,405.8,2.4,99.4,11.5,78.2,No,0.0,None
21:23:44.260,Active,421.5,2.4,95.9,11.5,78.2,No,0.0,None
21:23:44.679,Active,409.8,2.4,98.2,11.5,78.2,No,0.0,None
21:23:45.124,Active,439.1,2.4,97.8,11.6,77.7,No,0.0,None
21:23:45.544,Active,410.6,2.4,97.6,11.6,78.2,No,0.0,None
21:23:45.960,Active,407.0,2.4,98.2,11.6,76.5,No,0.0,None
21:23:46.381,Active,411.8,2.4,97.6,11.6,78.2,No,0.0,None
21:23:46.798,Active,408.7,2.4,98.2,11.6,78.2,No,0.0,None
21:24:32.230,Active,416.9,2.4,1.5,11.6,59.0,No,0.0,None
21:24:32.645,Active,408.2,2.4,100.0,11.6,60.6,No,0.0,None
21:24:33.062,Active,410.3,8.0,97.6,11.6,62.2,No,0.0,None
21:24:33.486,Active,417.0,8.0,97.6,11.6,63.9,No,0.0,None
21:24:33.903,Active,409.5,8.0,98.8,11.6,64.5,No,0.0,None
21:24:34.316,Active,407.8,8.0,98.8,11.5,64.5,No,0.0,None
21:24:34.736,Active,410.9,8.0,98.2,11.5,65.5,No,0.0,None
21:24:35.151,Active,408.4,8.0,98.2,11.5,66.7,No,0.0,None
21:24:35.566,Active,409.1,8.0,99.4,11.5,66.7,No,0.0,None
21:24:35.991,Active,418.8,8.0,98.8,11.6,66.7,No,0.0,None
21:24:36.419,Active,422.5,8.0,97.1,11.6,67.2,No,0.0,None
21:24:36.834,Active,408.1,8.0,98.8,11.6,67.8,No,0.0,None
21:24:37.281,Active,406.1,2.4,92.1,11.6,68.3,No,0.0,None
21:24:37.693,Active,406.3,2.4,98.8,11.6,67.8,No,0.0,None
21:24:38.109,Active,406.2,2.4,98.2,11.6,68.8,No,0.0,None
21:24:38.528,Active,409.3,2.4,98.2,11.6,68.8,No,0.0,None
21:24:38.945,Active,407.1,2.4,97.6,11.6,69.4,No,0.0,None
21:24:39.362,Active,407.6,2.4,98.2,11.6,70.0,No,0.0,None
21:24:39.780,Active,408.3,2.4,98.2,11.6,70.0,No,0.0,None
21:24:40.196,Active,407.6,2.4,98.2,11.6,70.0,No,0.0,None
21:24:40.619,Active,413.7,2.4,98.2,11.6,68.8,No,0.0,None
21:24:41.034,Active,408.6,2.4,98.8,11.6,71.0,No,0.0,None
21:24:41.451,Active,411.1,2.4,98.8,11.5,71.0,No,0.0,None
21:24:41.867,Active,406.7,2.4,98.2,11.5,70.5,No,0.0,None
21:24:42.279,Active,406.6,2.4,98.8,11.6,71.6,No,0.0,None
21:24:42.698,Active,408.8,2.4,98.2,11.6,71.6,No,0.0,None
21:24:43.112,Active,406.9,2.4,98.8,11.6,72.2,No,0.0,None
21:24:43.526,Active,408.1,2.4,99.4,11.6,72.2,No,0.0,None
21:24:43.939,Active,406.2,2.4,99.4,11.6,72.2,No,0.0,None
21:24:44.357,Active,409.1,2.4,98.2,11.6,72.2,No,0.0,None
21:24:44.772,Active,406.9,2.4,98.2,11.6,72.7,No,0.0,None
21:24:45.188,Active,407.1,2.4,98.2,11.6,73.2,No,0.0,None
21:24:45.604,Active,409.9,2.4,99.4,11.6,73.2,No,0.0,None
21:24:46.051,Active,434.3,2.4,97.2,11.6,72.2,No,0.0,None
21:24:46.466,Active,407.8,2.4,98.8,11.6,73.2,No,0.0,None
21:24:46.883,Active,407.0,2.4,97.6,11.6,73.2,No,0.0,None
21:24:47.297,Active,405.3,2.4,98.8,11.6,73.8,No,0.0,None
21:24:47.714,Active,407.7,2.4,98.8,11.6,73.2,No,0.0,None
21:24:48.134,Active,408.5,2.4,97.6,11.6,73.2,No,0.0,None
21:24:48.549,Active,408.0,2.4,98.8,11.6,74.3,No,0.0,None
21:24:48.964,Active,407.2,2.4,99.4,11.6,73.2,No,0.0,None
21:24:49.378,Active,404.7,2.4,98.2,11.5,75.5,No,0.0,None
21:24:49.793,Active,409.2,2.4,98.8,11.5,74.3,No,0.0,None
21:24:50.214,Active,408.4,2.4,97.6,11.6,74.3,No,0.0,None
21:24:50.630,Active,410.7,2.4,98.2,11.6,73.8,No,0.0,None
21:24:51.043,Active,405.6,2.4,98.8,11.5,73.8,No,0.0,None
21:24:51.475,Active,426.0,2.4,98.3,11.6,75.5,No,0.0,None
21:24:51.910,Active,428.7,2.4,96.0,11.6,75.5,No,0.0,None
21:24:52.325,Active,407.9,2.4,98.8,11.6,74.3,No,0.0,None
21:24:52.740,Active,406.7,2.4,98.2,11.6,74.9,No,0.0,None
21:24:53.154,Active,405.1,2.4,98.8,11.6,74.9,No,0.0,None
21:24:53.569,Active,407.2,2.4,98.8,11.5,74.3,No,0.0,None
21:24:53.981,Active,405.9,2.4,98.8,11.5,75.5,No,0.0,None
21:24:54.398,Active,408.4,2.4,98.8,11.5,75.5,No,0.0,None
21:24:54.813,Active,409.4,2.4,98.8,11.5,74.9,No,0.0,None
21:24:55.225,Active,405.6,2.4,98.8,11.5,75.5,No,0.0,None
21:24:55.641,Active,409.0,2.4,99.4,11.5,75.5,No,0.0,None
21:24:56.055,Active,408.0,2.4,98.8,11.5,76.0,No,0.0,None
21:24:56.477,Active,416.6,2.4,100.0,11.6,75.5,No,0.0,None
21:24:56.890,Active,406.5,2.4,98.8,11.6,74.9,No,0.0,None
21:24:57.316,Active,417.8,2.4,97.1,11.6,74.9,No,0.0,None
21:24:57.731,Active,407.9,2.4,98.2,11.6,74.9,No,0.0,None
21:24:58.257,Active,415.4,2.3,78.7,11.6,74.9,No,0.0,None
21:24:58.675,Active,409.7,2.3,97.6,11.6,74.9,No,0.0,None
21:24:59.088,Active,406.7,2.3,98.8,11.5,75.5,No,0.0,None
21:24:59.506,Active,408.3,2.3,98.8,11.5,76.5,No,0.0,None
21:24:59.919,Active,406.5,2.3,98.8,11.5,75.5,No,0.0,None
21:25:00.334,Active,408.5,2.3,98.8,11.5,76.0,No,0.0,None
21:25:00.755,Active,413.8,2.3,98.2,11.5,75.5,No,0.0,None
21:25:01.171,Active,407.1,2.3,98.2,11.5,76.5,No,0.0,None
21:25:01.606,Active,426.3,2.3,97.7,11.6,75.5,No,0.0,None
21:25:02.020,Active,407.5,2.3,98.8,11.6,75.5,No,0.0,None
21:25:02.442,Active,413.2,2.4,98.2,11.6,76.0,No,0.0,None
21:25:02.858,Active,408.3,2.4,98.8,11.6,76.0,No,0.0,None
21:25:03.274,Active,408.3,2.4,98.2,11.6,76.0,No,0.0,None
21:25:03.692,Active,411.0,2.4,98.8,11.6,76.0,No,0.0,None
21:25:04.114,Active,412.5,2.4,97.6,11.5,75.5,No,0.0,None
21:25:04.529,Active,408.8,2.4,98.8,11.5,76.5,No,0.0,None
21:25:04.941,Active,405.2,2.4,99.4,11.5,76.5,No,0.0,None
21:25:05.353,Active,405.1,2.4,99.4,11.5,76.0,No,0.0,None
21:25:05.869,Active,406.4,2.4,79.7,11.5,76.5,No,0.0,None
21:25:06.280,Active,403.1,2.4,98.8,11.5,76.0,No,0.0,None
21:25:06.719,Active,431.1,2.3,98.9,11.5,76.5,No,0.0,None
21:25:07.130,Active,405.5,2.3,98.8,11.5,76.5,No,0.0,None
21:25:07.545,Active,408.1,2.3,98.8,11.6,76.0,No,0.0,None
21:25:07.962,Active,408.5,2.3,98.8,11.6,77.1,No,0.0,None
21:25:08.376,Active,407.0,2.3,98.2,11.6,76.5,No,0.0,None
21:25:08.793,Active,411.0,2.3,98.8,11.6,77.1,No,0.0,None
21:25:09.208,Active,406.2,2.3,98.8,11.6,76.5,No,0.0,None
21:25:09.628,Active,411.3,2.3,98.2,11.6,76.5,No,0.0,None
21:25:10.040,Active,405.7,2.3,98.8,11.5,77.1,No,0.0,None
21:25:10.458,Active,409.4,2.3,98.8,11.5,76.5,No,0.0,None
21:25:10.871,Active,406.3,2.4,98.8,11.5,76.5,No,0.0,None
21:25:11.283,Active,405.7,2.4,99.4,11.5,77.1,No,0.0,None
21:25:11.697,Active,407.9,2.4,98.8,11.5,77.1,No,0.0,None
21:25:12.111,Active,407.6,2.4,98.8,11.5,77.1,No,0.0,None
21:25:12.530,Active,412.5,2.4,98.8,11.5,77.1,No,0.0,None
21:25:12.944,Active,408.1,2.4,98.2,11.5,77.1,No,0.0,None
21:25:13.361,Active,407.9,2.4,98.2,11.5,77.1,No,0.0,None
21:25:13.785,Active,415.9,2.4,97.6,11.5,76.5,No,0.0,None
21:25:14.203,Active,409.4,2.4,98.2,11.5,77.7,No,0.0,None
21:25:14.620,Active,411.0,2.4,98.2,11.5,77.1,No,0.0,None
21:25:15.035,Active,408.4,2.4,98.8,11.5,77.1,No,0.0,None
21:25:15.449,Active,407.3,2.4,98.8,11.5,77.1,No,0.0,None
21:25:15.869,Active,411.9,2.4,98.2,11.5,77.7,No,0.0,None
21:25:16.282,Active,404.9,2.4,98.8,11.5,77.7,No,0.0,None
21:25:16.749,Active,460.0,2.4,97.3,11.5,77.1,No,0.0,None
21:25:17.161,Active,405.8,2.4,98.8,11.5,77.1,No,0.0,None
21:25:17.579,Active,409.7,2.4,98.8,11.5,77.1,No,0.0,None
21:25:18.012,Active,427.2,2.4,95.9,11.5,78.2,No,0.0,None
21:25:18.441,Active,420.2,2.4,96.5,11.5,77.1,No,0.0,None
21:25:18.861,Active,413.5,2.4,98.2,11.5,77.7,No,0.0,None
21:25:19.283,Active,414.1,2.4,97.0,11.5,77.1,No,0.0,None
21:25:19.702,Active,408.8,2.4,98.2,11.5,77.7,No,0.0,None
21:25:20.123,Active,414.7,2.4,97.6,11.5,77.7,No,0.0,None
21:25:20.546,Active,416.9,2.4,98.2,11.5,76.5,No,0.0,None
21:25:20.965,Active,412.7,2.4,98.2,11.5,77.7,No,0.0,None
21:25:21.381,Active,408.3,2.4,97.6,11.5,77.1,No,0.0,None
21:25:21.811,Active,421.1,2.4,98.8,11.5,77.7,No,0.0,None
21:25:22.230,Active,412.5,2.4,98.2,11.6,77.7,No,0.0,None
21:25:22.647,Active,409.4,2.4,98.2,11.6,76.5,No,0.0,None
21:25:23.064,Active,411.2,2.4,98.2,11.6,77.7,No,0.0,None
21:25:23.493,Active,422.2,2.4,97.6,11.6,77.1,No,0.0,None
21:25:23.905,Active,405.9,2.4,98.8,11.6,77.1,No,0.0,None
21:25:24.336,Active,422.7,2.4,96.0,11.5,77.7,No,0.0,None
21:25:24.754,Active,408.4,2.4,98.2,11.5,77.7,No,0.0,None
21:25:25.178,Active,418.0,2.4,98.2,11.6,77.7,No,0.0,None
21:25:25.593,Active,408.2,2.4,98.8,11.6,77.1,No,0.0,None
21:25:26.011,Active,407.2,2.4,98.2,11.6,77.7,No,0.0,None
21:25:26.443,Active,426.6,2.4,95.9,11.6,77.7,No,0.0,None
21:25:26.890,Active,437.8,2.4,96.6,11.6,78.8,No,0.0,None
21:25:27.304,Active,408.2,2.4,98.8,11.6,77.1,No,0.0,None
21:25:27.720,Active,408.5,2.4,98.8,11.6,77.1,No,0.0,None
21:25:28.136,Active,407.0,2.4,98.8,11.6,77.7,No,0.0,None
21:25:28.552,Active,406.4,2.4,98.2,11.6,77.7,No,0.0,None
21:25:28.972,Active,407.8,2.4,97.6,11.6,77.7,No,0.0,None
21:25:29.384,Active,404.3,2.4,99.4,11.6,77.7,No,0.0,None
21:25:29.797,Active,407.0,2.4,99.4,11.6,77.7,No,0.0,None
21:25:30.209,Active,405.5,2.4,98.8,11.6,78.2,No,0.0,None
21:25:30.625,Active,408.1,2.4,99.4,11.6,78.2,No,0.0,None
21:25:31.038,Active,407.0,2.4,98.8,11.5,77.7,No,0.0,None
21:25:31.453,Active,408.4,2.4,98.8,11.5,78.2,No,0.0,None
21:25:31.888,Active,426.9,2.4,97.1,11.5,78.2,No,0.0,None
21:26:17.328,Active,422.9,2.4,1.0,11.4,60.0,No,0.0,None
21:26:17.776,Active,440.3,2.4,98.4,11.5,61.1,No,0.0,None
21:26:18.189,Active,405.3,2.4,98.8,11.6,62.8,No,0.0,None
21:26:18.605,Active,409.3,2.4,99.4,11.6,63.4,No,0.0,None
21:26:19.018,Active,406.9,2.4,98.8,11.6,64.5,No,0.0,None
21:26:19.434,Active,409.5,2.4,98.8,11.6,65.0,No,0.0,None
21:26:19.850,Active,406.7,2.4,98.2,11.6,65.5,No,0.0,None
21:26:20.263,Active,405.8,2.4,98.2,11.6,66.1,No,0.0,None
21:26:20.678,Active,409.2,2.4,99.4,11.6,66.1,No,0.0,None
21:26:21.091,Active,405.7,2.4,98.8,11.6,67.2,No,0.0,None
21:26:21.505,Active,407.8,2.4,99.4,11.5,67.2,No,0.0,None
21:26:21.918,Active,407.1,2.4,98.2,11.5,67.8,No,0.0,None
21:26:22.332,Active,406.6,2.4,98.8,11.5,68.3,No,0.0,None
21:26:22.762,Active,420.3,2.4,98.2,11.6,69.4,No,0.0,None
21:26:23.176,Active,407.0,2.4,98.8,11.6,68.8,No,0.0,None
21:26:23.596,Active,410.3,2.4,98.2,11.6,70.0,No,0.0,None
21:26:24.012,Active,406.7,2.4,98.2,11.6,69.4,No,0.0,None
21:26:24.429,Active,410.8,2.4,98.2,11.6,70.5,No,0.0,None
21:26:24.845,Active,408.1,2.4,98.2,11.6,70.0,No,0.0,None
21:26:25.266,Active,413.1,2.4,97.6,11.6,70.5,No,0.0,None
21:26:25.683,Active,409.4,2.4,98.8,11.6,71.0,No,0.0,None
21:26:26.098,Active,408.6,2.4,99.4,11.6,71.6,No,0.0,None
21:26:26.511,Active,405.6,2.4,98.8,11.6,71.6,No,0.0,None
21:26:26.923,Active,406.5,2.4,99.4,11.5,71.6,No,0.0,None
21:26:27.336,Active,406.4,2.4,99.4,11.5,71.6,No,0.0,None
21:26:27.773,Active,427.6,2.4,98.3,11.5,72.2,No,0.0,None
21:26:28.203,Active,423.4,2.4,96.4,11.5,72.7,No,0.0,None
21:26:28.636,Active,423.0,2.4,97.7,11.5,72.2,No,0.0,None
21:26:29.056,Active,406.9,2.4,97.0,11.5,72.7,No,0.0,None
21:26:29.475,Active,409.0,2.4,98.2,11.5,72.2,No,0.0,None
21:26:29.900,Active,416.3,2.4,97.1,11.5,72.7,No,0.0,None
21:26:30.313,Active,406.0,2.4,98.8,11.5,72.7,No,0.0,None
21:26:30.734,Active,411.5,2.4,97.0,11.5,72.7,No,0.0,None
21:26:31.250,Active,404.5,2.4,79.2,11.5,72.2,No,0.0,None
21:26:31.672,Active,412.5,2.4,97.6,11.5,72.7,No,0.0,None
21:26:32.090,Active,408.4,2.4,98.2,11.5,72.7,No,0.0,None
21:26:32.511,Active,413.0,2.4,97.0,11.5,73.2,No,0.0,None
21:26:32.962,Active,441.4,2.4,96.7,11.6,73.8,No,0.0,None
21:26:33.379,Active,406.6,2.4,97.6,11.6,72.7,No,0.0,None
21:26:33.799,Active,410.8,2.3,98.2,11.6,73.8,No,0.0,None
21:26:34.214,Active,408.3,2.3,98.8,11.6,73.8,No,0.0,None
21:26:34.631,Active,411.5,2.3,98.8,11.6,74.3,No,0.0,None
21:26:35.046,Active,408.5,2.3,99.4,11.6,73.8,No,0.0,None
21:26:35.460,Active,408.5,2.3,98.2,11.6,74.3,No,0.0,None
21:26:35.874,Active,407.8,2.3,98.8,11.6,73.8,No,0.0,None
21:26:36.286,Active,406.1,2.3,98.8,11.6,74.3,No,0.0,None
21:26:36.701,Active,408.1,2.3,98.8,11.5,74.3,No,0.0,None
21:26:37.116,Active,406.9,2.3,98.8,11.6,74.3,No,0.0,None
21:26:37.528,Active,405.3,2.3,99.4,11.6,74.3,No,0.0,None
21:26:37.941,Active,407.1,2.4,99.4,11.6,74.3,No,0.0,None
21:26:38.465,Active,417.5,2.4,80.7,11.6,75.5,No,0.0,None
21:26:38.876,Active,405.1,2.4,99.4,11.6,75.5,No,0.0,None
21:26:39.294,Active,408.1,2.4,98.2,11.6,74.3,No,0.0,None
21:26:39.713,Active,408.6,2.4,98.2,11.6,74.9,No,0.0,None
21:26:40.129,Active,406.5,2.4,98.2,11.6,74.9,No,0.0,None
21:26:40.545,Active,409.6,2.4,98.8,11.6,74.9,No,0.0,None
21:26:40.961,Active,405.7,2.4,98.2,11.5,74.9,No,0.0,None
21:26:41.377,Active,406.6,2.4,98.2,11.6,74.3,No,0.0,None
21:26:41.795,Active,411.6,2.4,98.8,11.6,74.9,No,0.0,None
21:26:42.209,Active,407.0,2.3,98.2,11.6,74.9,No,0.0,None
21:26:42.627,Active,409.6,2.3,98.2,11.6,74.9,No,0.0,None
21:26:43.042,Active,407.2,2.3,98.2,11.6,76.0,No,0.0,None
21:26:43.461,Active,409.5,2.3,98.2,11.6,75.5,No,0.0,None
21:26:43.879,Active,407.8,2.3,98.2,11.5,76.0,No,0.0,None
21:26:44.296,Active,407.7,2.3,97.6,11.5,74.9,No,0.0,None
21:26:44.709,Active,407.5,2.3,99.4,11.5,76.0,No,0.0,None
21:26:45.124,Active,408.3,2.3,98.8,11.5,76.0,No,0.0,None
21:26:45.545,Active,411.5,2.3,98.2,11.5,74.9,No,0.0,None
21:26:45.963,Active,408.7,2.3,98.2,11.5,76.5,No,0.0,None
21:26:46.377,Active,407.1,2.4,98.2,11.5,76.0,No,0.0,None
21:26:46.793,Active,408.0,2.4,98.2,11.5,76.0,No,0.0,None
21:26:47.209,Active,405.3,2.4,98.2,11.5,76.5,No,0.0,None
21:26:47.626,Active,409.1,2.4,98.8,11.5,76.0,No,0.0,None
21:26:48.070,Active,436.9,2.4,97.7,11.5,76.0,No,0.0,None
21:26:48.498,Active,421.4,2.4,98.2,11.6,75.5,No,0.0,None
21:26:48.926,Active,420.3,2.4,96.5,11.6,76.0,No,0.0,None
21:26:49.343,Active,409.2,2.4,98.2,11.6,76.5,No,0.0,None
21:26:49.761,Active,409.8,2.4,97.6,11.6,76.0,No,0.0,None
21:26:50.178,Active,406.7,2.4,98.2,11.6,76.5,No,0.0,None
21:26:50.598,Active,410.3,2.4,97.6,11.6,76.5,No,0.0,None
21:26:51.014,Active,407.1,2.4,97.6,11.5,76.0,No,0.0,None
21:26:51.430,Active,409.2,2.4,99.4,11.5,77.1,No,0.0,None
21:26:51.846,Active,408.9,2.4,98.2,11.5,76.0,No,0.0,None
21:26:52.261,Active,407.8,2.4,98.2,11.5,76.0,No,0.0,None
21:26:52.678,Active,407.9,2.4,98.2,11.5,76.0,No,0.0,None
21:26:53.092,Active,404.2,2.4,98.2,11.5,77.1,No,0.0,None
21:26:53.535,Active,436.5,2.4,97.7,11.5,76.0,No,0.0,None
21:26:53.947,Active,405.4,2.4,98.8,11.5,76.5,No,0.0,None
21:26:54.360,Active,406.3,2.4,98.8,11.6,76.5,No,0.0,None
21:26:54.776,Active,409.9,2.4,99.4,11.6,76.5,No,0.0,None
21:26:55.188,Active,406.0,2.4,99.4,11.6,77.1,No,0.0,None
21:26:55.609,Active,415.1,2.4,97.0,11.5,76.5,No,0.0,None
21:26:56.022,Active,406.5,2.4,99.4,11.5,77.7,No,0.0,None
21:26:56.436,Active,408.4,2.4,99.4,11.5,76.5,No,0.0,None
21:26:56.854,Active,408.7,2.4,98.8,11.5,77.1,No,0.0,None
21:26:57.267,Active,406.0,2.4,98.2,11.5,77.1,No,0.0,None
21:26:57.690,Active,412.8,2.4,98.2,11.6,76.0,No,0.0,None
21:26:58.105,Active,407.8,2.4,98.2,11.6,76.5,No,0.0,None
21:26:58.538,Active,427.0,2.4,98.3,11.6,77.1,No,0.0,None
21:26:58.953,Active,407.8,2.4,98.8,11.6,77.1,No,0.0,None
21:26:59.367,Active,408.1,2.4,97.6,11.6,76.5,No,0.0,None
21:26:59.782,Active,408.2,2.4,100.0,11.6,77.1,No,0.0,None
21:27:00.194,Active,405.8,2.4,98.8,11.6,77.1,No,0.0,None
21:27:00.613,Active,408.7,2.4,98.2,11.6,77.1,No,0.0,None
21:27:01.025,Active,405.9,2.4,99.4,11.6,77.7,No,0.0,None
21:27:01.442,Active,411.0,2.4,99.4,11.5,77.7,No,0.0,None
21:27:01.857,Active,407.9,2.4,98.2,11.5,77.7,No,0.0,None
21:27:02.273,Active,406.8,2.4,98.2,11.5,77.1,No,0.0,None
21:27:02.690,Active,410.1,2.4,98.8,11.5,77.1,No,0.0,None
21:27:03.110,Active,409.5,2.4,97.6,11.5,78.2,No,0.0,None
21:27:03.547,Active,429.6,2.4,97.7,11.6,77.1,No,0.0,None
21:27:03.966,Active,409.1,2.4,97.6,11.6,77.1,No,0.0,None
21:27:04.380,Active,406.4,2.4,98.2,11.6,78.2,No,0.0,None
21:27:04.798,Active,409.8,2.4,98.2,11.6,77.1,No,0.0,None
21:27:05.214,Active,408.4,2.4,98.8,11.6,77.7,No,0.0,None
21:27:05.630,Active,408.8,2.4,98.2,11.5,77.1,No,0.0,None
21:27:06.042,Active,406.1,2.4,98.2,11.5,77.1,No,0.0,None
21:27:06.457,Active,407.9,2.4,98.8,11.5,77.1,No,0.0,None
21:27:06.875,Active,409.5,2.4,98.8,11.5,77.7,No,0.0,None
21:27:07.289,Active,407.7,2.4,98.2,11.5,77.1,No,0.0,None
21:27:07.703,Active,408.4,2.4,98.8,11.5,77.7,No,0.0,None
21:27:08.127,Active,413.5,2.4,97.0,11.5,77.1,No,0.0,None
21:27:08.558,Active,424.5,2.4,98.9,11.6,77.7,No,0.0,None
21:27:08.971,Active,407.3,2.4,99.4,11.6,77.7,No,0.0,None
21:27:09.385,Active,408.0,2.4,98.2,11.6,77.1,No,0.0,None
21:27:09.813,Active,420.0,2.4,96.5,11.6,77.7,No,0.0,None
21:27:10.234,Active,413.2,2.4,97.6,11.6,77.7,No,0.0,None
21:27:10.651,Active,409.9,2.4,98.8,11.6,77.7,No,0.0,None
21:27:11.066,Active,408.4,2.4,98.8,11.6,77.7,No,0.0,None
21:27:11.479,Active,407.2,2.4,98.8,11.6,77.7,No,0.0,None
21:27:11.893,Active,407.8,2.4,99.4,11.5,77.1,No,0.0,None
21:27:12.308,Active,409.0,2.4,98.8,11.5,78.2,No,0.0,None
21:27:12.726,Active,409.2,2.4,97.6,11.5,77.7,No,0.0,None
21:27:13.143,Active,409.4,2.4,98.8,11.5,77.7,No,0.0,None
21:27:13.558,Active,409.1,2.4,98.2,11.5,77.1,No,0.0,None
21:27:13.970,Active,404.7,2.4,98.8,11.5,77.1,No,0.0,None
21:27:14.382,Active,405.6,2.4,99.4,11.5,78.2,No,0.0,None
21:27:14.803,Active,413.2,2.4,98.8,11.5,77.7,No,0.0,None
21:27:15.214,Active,405.1,2.4,98.2,11.5,78.2,No,0.0,None
21:27:15.630,Active,408.5,2.4,98.8,11.5,77.1,No,0.0,None
21:27:16.046,Active,408.5,2.4,98.8,11.5,77.7,No,0.0,None
21:27:16.463,Active,410.6,2.4,97.6,11.5,78.2,No,0.0,None
21:27:16.876,Active,406.6,2.4,98.8,11.5,78.2,No,0.0,None
21:27:17.292,Active,406.7,2.4,98.8,11.5,78.2,No,0.0,None
21:28:02.740,Active,431.3,2.4,1.1,11.5,59.5,No,0.0,None
21:28:03.152,Active,406.2,2.4,98.8,11.6,60.6,No,0.0,None
21:28:03.566,Active,407.1,2.4,99.4,11.6,62.2,No,0.0,None
21:28:03.996,Active,418.7,2.4,96.0,11.6,62.2,No,0.0,None
21:28:04.446,Active,440.6,2.4,97.7,11.7,63.4,No,0.0,None
21:28:04.861,Active,407.5,3.9,98.8,11.6,65.0,No,0.0,None
21:28:05.275,Active,407.6,3.9,98.2,11.6,65.5,No,0.0,None
21:28:05.693,Active,408.1,3.9,98.8,11.6,65.5,No,0.0,None
21:28:06.109,Active,405.5,3.9,98.2,11.6,67.2,No,0.0,None
21:28:06.528,Active,408.5,3.9,98.2,11.6,66.7,No,0.0,None
21:28:06.942,Active,407.4,3.9,99.4,11.6,67.2,No,0.0,None
21:28:07.357,Active,407.0,3.9,98.8,11.6,66.7,No,0.0,None
21:28:07.776,Active,409.4,3.9,98.8,11.6,67.8,No,0.0,None
21:28:08.195,Active,409.4,3.9,98.2,11.6,68.3,No,0.0,None
21:28:08.607,Active,406.0,3.9,98.2,11.6,68.8,No,0.0,None
21:28:09.021,Active,408.0,2.4,99.4,11.6,69.4,No,0.0,None
21:28:09.436,Active,409.0,2.4,99.4,11.6,70.5,No,0.0,None
21:28:09.868,Active,424.5,2.4,98.8,11.6,70.0,No,0.0,None
21:28:10.280,Active,406.0,2.4,99.4,11.6,70.0,No,0.0,None
21:28:10.699,Active,409.3,2.4,97.6,11.6,70.0,No,0.0,None
21:28:11.113,Active,407.9,2.4,99.4,11.6,71.0,No,0.0,None
21:28:11.529,Active,409.6,2.4,98.8,11.6,71.0,No,0.0,None
21:28:11.941,Active,406.5,2.4,99.4,11.6,71.0,No,0.0,None
21:28:12.354,Active,406.5,2.4,99.4,11.6,71.6,No,0.0,None
21:28:12.771,Active,409.5,2.4,98.2,11.5,71.6,No,0.0,None
21:28:13.183,Active,405.3,2.4,98.8,11.5,72.2,No,0.0,None
21:28:13.599,Active,409.7,2.4,98.8,11.5,72.2,No,0.0,None
21:28:14.014,Active,407.5,2.4,98.2,11.5,72.2,No,0.0,None
21:28:14.433,Active,408.3,2.4,97.6,11.5,72.2,No,0.0,None
21:28:14.853,Active,409.2,2.4,97.0,11.5,73.2,No,0.0,None
21:28:15.266,Active,407.5,2.4,99.4,11.5,72.2,No,0.0,None
21:28:15.684,Active,408.1,2.4,98.2,11.5,72.7,No,0.0,None
21:28:16.103,Active,408.7,2.4,98.2,11.5,73.2,No,0.0,None
21:28:16.520,Active,408.7,2.4,98.2,11.5,73.2,No,0.0,None
21:28:16.937,Active,408.8,2.4,98.2,11.5,72.7,No,0.0,None
21:28:17.350,Active,406.6,2.4,98.2,11.5,73.2,No,0.0,None
21:28:17.771,Active,411.5,2.4,98.2,11.5,72.7,No,0.0,None
21:28:18.184,Active,406.9,2.4,98.8,11.5,72.2,No,0.0,None
21:28:18.601,Active,408.1,2.4,98.2,11.5,73.2,No,0.0,None
21:28:19.017,Active,406.1,2.4,97.6,11.5,73.2,No,0.0,None
21:28:19.435,Active,407.7,2.4,98.2,11.5,73.8,No,0.0,None
21:28:19.879,Active,435.4,2.4,98.3,11.6,73.8,No,0.0,None
21:28:20.297,Active,407.2,2.4,98.2,11.6,73.8,No,0.0,None
21:28:20.714,Active,408.5,2.4,98.2,11.6,74.3,No,0.0,None
21:28:21.128,Active,404.0,2.4,98.2,11.6,74.3,No,0.0,None
21:28:21.546,Active,408.5,2.4,98.8,11.6,73.8,No,0.0,None
21:28:21.960,Active,407.1,2.4,98.8,11.6,75.5,No,0.0,None
21:28:22.373,Active,404.8,2.4,99.4,11.6,74.9,No,0.0,None
21:28:22.784,Active,405.4,2.4,99.4,11.6,74.9,No,0.0,None
21:28:23.196,Active,403.2,2.4,99.4,11.6,74.3,No,0.0,None
21:28:23.625,Active,419.5,2.4,97.7,11.5,74.3,No,0.0,None
21:28:24.037,Active,405.9,2.4,99.4,11.6,74.3,No,0.0,None
21:28:24.452,Active,409.4,2.4,99.4,11.6,74.3,No,0.0,None
21:28:24.872,Active,414.2,2.4,99.4,11.5,74.9,No,0.0,None
21:28:25.289,Active,406.2,2.4,98.8,11.5,74.9,No,0.0,None
21:28:25.705,Active,408.6,2.4,98.8,11.5,75.5,No,0.0,None
21:28:26.118,Active,405.8,2.4,99.4,11.5,74.9,No,0.0,None
21:28:26.542,Active,414.1,2.4,96.4,11.5,74.9,No,0.0,None
21:28:26.962,Active,408.6,2.4,98.2,11.5,75.5,No,0.0,None
21:28:27.374,Active,406.1,2.4,98.8,11.5,75.5,No,0.0,None
21:28:27.790,Active,409.0,2.4,98.2,11.5,77.1,No,0.0,None
21:28:28.212,Active,415.6,2.4,97.6,11.5,75.5,No,0.0,None
21:28:28.639,Active,420.6,2.4,98.2,11.5,75.5,No,0.0,None
21:28:29.056,Active,410.4,2.4,98.2,11.5,74.9,No,0.0,None
21:28:29.470,Active,408.0,2.4,98.8,11.5,76.0,No,0.0,None
21:28:29.903,Active,422.4,2.4,98.3,11.5,75.5,No,0.0,None
21:28:30.316,Active,406.6,2.4,98.2,11.6,75.5,No,0.0,None
21:28:30.733,Active,407.7,2.4,98.8,11.5,75.5,No,0.0,None
21:28:31.143,Active,404.4,2.4,99.4,11.5,76.5,No,0.0,None
21:28:31.557,Active,407.8,2.4,99.4,11.6,75.5,No,0.0,None
21:28:31.980,Active,417.0,2.4,98.8,11.6,75.5,No,0.0,None
21:28:32.406,Active,419.2,2.4,96.4,11.5,76.5,No,0.0,None
21:28:32.829,Active,413.1,2.4,97.6,11.5,76.5,No,0.0,None
21:28:33.249,Active,411.9,2.4,97.6,11.5,76.0,No,0.0,None
21:28:33.669,Active,411.3,2.4,98.2,11.5,76.0,No,0.0,None
21:28:34.081,Active,403.4,2.4,98.2,11.5,76.0,No,0.0,None
21:28:34.496,Active,407.2,2.4,99.4,11.5,76.0,No,0.0,None
21:28:34.929,Active,424.8,2.4,97.7,11.6,76.5,No,0.0,None
21:28:35.341,Active,403.6,2.4,99.4,11.6,76.5,No,0.0,None
21:28:35.759,Active,408.9,2.4,98.8,11.6,77.1,No,0.0,None
21:28:36.174,Active,406.5,2.4,98.2,11.6,76.5,No,0.0,None
21:28:36.594,Active,412.5,2.4,98.8,11.6,76.5,No,0.0,None
21:28:37.007,Active,405.6,2.4,97.6,11.6,76.0,No,0.0,None
21:28:37.427,Active,410.1,2.4,98.2,11.6,76.0,No,0.0,None
21:28:37.843,Active,408.0,2.4,98.2,11.6,77.1,No,0.0,None
21:28:38.257,Active,406.6,2.4,98.2,11.6,76.5,No,0.0,None
21:28:38.674,Active,409.8,2.4,98.8,11.6,76.5,No,0.0,None
21:28:39.087,Active,406.0,2.4,98.8,11.6,76.5,No,0.0,None
21:28:39.508,Active,410.3,2.4,98.2,11.6,77.7,No,0.0,None
21:28:39.953,Active,435.3,2.4,94.3,11.6,76.5,No,0.0,None
21:28:40.376,Active,416.6,2.4,99.4,11.6,76.5,No,0.0,None
21:28:40.793,Active,407.8,2.4,98.8,11.6,76.5,No,0.0,None
21:28:41.229,Active,428.1,2.4,95.4,11.6,76.0,No,0.0,None
21:28:41.646,Active,408.8,2.4,98.8,11.6,76.5,No,0.0,None
21:28:42.061,Active,408.2,2.4,98.8,11.6,76.5,No,0.0,None
21:28:42.493,Active,423.8,2.4,95.4,11.6,76.5,No,0.0,None
21:28:42.909,Active,407.9,2.4,98.8,11.6,76.5,No,0.0,None
21:28:43.325,Active,407.8,2.4,98.2,11.6,76.5,No,0.0,None
21:28:43.739,Active,405.5,2.4,98.8,11.6,77.1,No,0.0,None
21:28:44.153,Active,407.5,2.4,98.8,11.6,77.1,No,0.0,None
21:28:44.581,Active,418.1,2.4,96.5,11.5,77.7,No,0.0,None
21:28:44.995,Active,407.8,2.4,100.0,11.5,77.1,No,0.0,None
21:28:45.410,Active,408.9,2.4,98.8,11.5,77.7,No,0.0,None
21:28:45.823,Active,406.6,2.4,98.2,11.5,77.1,No,0.0,None
21:28:46.236,Active,406.8,2.4,98.8,11.5,77.1,No,0.0,None
21:28:46.654,Active,408.6,2.4,98.2,11.5,77.1,No,0.0,None
21:28:47.068,Active,407.0,2.4,98.8,11.5,77.1,No,0.0,None
21:28:47.491,Active,413.6,2.4,98.2,11.5,77.7,No,0.0,None
21:28:47.904,Active,406.9,2.4,98.8,11.5,78.2,No,0.0,None
21:28:48.321,Active,407.5,2.4,98.2,11.5,76.5,No,0.0,None
21:28:48.734,Active,407.3,2.4,99.4,11.5,77.1,No,0.0,None
21:28:49.149,Active,408.0,2.4,99.4,11.5,77.7,No,0.0,None
21:28:49.560,Active,404.3,2.4,98.8,11.5,77.1,No,0.0,None
21:28:49.977,Active,409.1,2.4,99.4,11.5,77.1,No,0.0,None
21:28:50.429,Active,445.8,2.4,98.3,11.7,78.2,No,0.0,None
21:28:50.859,Active,421.6,2.4,96.5,11.7,77.7,No,0.0,None
21:28:51.283,Active,417.7,2.4,97.0,11.7,77.7,No,0.0,None
21:28:51.700,Active,408.2,2.4,98.2,11.6,77.1,No,0.0,None
21:28:52.116,Active,407.2,2.4,98.2,11.6,77.7,No,0.0,None
21:28:52.536,Active,411.1,2.4,98.2,11.6,77.7,No,0.0,None
21:28:52.960,Active,415.9,2.4,97.0,11.6,78.2,No,0.0,None
21:28:53.377,Active,407.5,2.4,98.2,11.6,77.7,No,0.0,None
21:28:53.792,Active,409.5,2.4,99.4,11.6,77.7,No,0.0,None
21:28:54.206,Active,407.4,2.4,98.8,11.6,77.7,No,0.0,None
21:28:54.622,Active,408.6,2.4,98.2,11.6,77.7,No,0.0,None
21:28:55.034,Active,406.5,2.4,98.2,11.6,78.2,No,0.0,None
21:28:55.465,Active,424.4,2.4,99.4,11.6,77.7,No,0.0,None
21:28:55.879,Active,407.3,2.4,98.8,11.6,78.2,No,0.0,None
21:28:56.293,Active,408.0,2.4,98.8,11.6,78.2,No,0.0,None
21:28:56.709,Active,408.1,2.4,98.2,11.6,78.2,No,0.0,None
21:28:57.127,Active,411.7,2.4,98.8,11.6,77.7,No,0.0,None
21:28:57.553,Active,419.9,2.4,96.5,11.6,78.2,No,0.0,None
21:28:57.967,Active,407.5,2.4,99.4,11.6,78.2,No,0.0,None
21:28:58.380,Active,407.2,2.4,98.8,11.5,79.3,No,0.0,None
21:28:58.802,Active,413.2,2.4,97.6,11.5,77.1,No,0.0,None
21:28:59.217,Active,407.5,2.4,98.8,11.5,78.2,No,0.0,None
21:28:59.634,Active,408.8,2.4,98.2,11.5,78.2,No,0.0,None
21:29:00.058,Active,418.0,2.4,97.0,11.5,78.2,No,0.0,None
21:29:00.491,Active,425.8,2.4,98.9,11.6,78.8,No,0.0,None
21:29:00.905,Active,407.3,2.4,99.4,11.6,77.7,No,0.0,None
21:29:01.318,Active,407.2,2.4,98.8,11.6,79.3,No,0.0,None
21:29:01.735,Active,409.2,2.4,98.2,11.6,78.2,No,0.0,None
21:29:02.147,Active,406.4,2.4,98.8,11.6,78.2,No,0.0,None
21:29:02.565,Active,409.2,2.4,97.6,11.6,78.8,No,0.0,None
21:29:48.022,Active,440.9,2.4,1.1,11.5,59.5,No,0.0,None
21:29:48.439,Active,409.5,11.6,98.8,11.6,61.1,No,0.0,None
21:29:48.856,Active,408.0,11.6,97.6,11.6,62.8,No,0.0,None
21:29:49.271,Active,405.6,11.6,98.8,11.6,63.4,No,0.0,None
21:29:49.691,Active,409.9,11.6,98.2,11.6,62.8,No,0.0,None
21:29:50.109,Active,408.3,11.6,97.6,11.6,64.5,No,0.0,None
21:29:50.527,Active,410.6,11.6,98.8,11.6,65.0,No,0.0,None
21:29:50.941,Active,406.3,11.6,98.2,11.5,64.5,No,0.0,None
21:29:51.393,Active,444.0,11.6,97.8,11.7,66.7,No,0.0,None
21:29:51.808,Active,406.5,11.6,98.2,11.7,67.8,No,0.0,None
21:29:52.222,Active,405.9,11.6,98.8,11.7,68.3,No,0.0,None
21:29:52.638,Active,410.1,2.4,98.8,11.7,68.3,No,0.0,None
21:29:53.054,Active,408.4,2.4,98.8,11.7,68.8,No,0.0,None
21:29:53.497,Active,435.3,2.4,94.9,11.7,69.4,No,0.0,None
21:29:53.910,Active,407.2,2.4,99.4,11.6,68.8,No,0.0,None
21:29:54.334,Active,416.7,2.4,97.0,11.6,70.0,No,0.0,None
21:29:54.748,Active,407.3,2.4,98.8,11.6,70.0,No,0.0,None
21:29:55.166,Active,407.1,2.4,98.2,11.6,70.5,No,0.0,None
21:29:55.579,Active,407.6,2.4,99.4,11.6,70.0,No,0.0,None
21:29:55.998,Active,413.2,2.4,97.6,11.6,70.5,No,0.0,None
21:29:56.431,Active,421.9,2.4,98.3,11.6,71.0,No,0.0,None
21:29:56.845,Active,408.1,2.4,97.6,11.6,70.5,No,0.0,None
21:29:57.258,Active,407.0,2.4,98.8,11.6,71.6,No,0.0,None
21:29:57.673,Active,407.8,2.4,98.8,11.6,72.2,No,0.0,None
21:29:58.148,Active,406.7,2.4,86.3,11.6,71.6,No,0.0,None
21:29:58.561,Active,406.4,2.4,98.8,11.6,71.6,No,0.0,None
21:29:58.974,Active,407.0,2.4,100.0,11.6,72.2,No,0.0,None
21:29:59.386,Active,405.1,2.4,98.8,11.6,72.2,No,0.0,None
21:29:59.803,Active,409.4,2.4,98.8,11.6,72.2,No,0.0,None
21:30:00.216,Active,406.5,2.4,98.8,11.6,72.7,No,0.0,None
21:30:00.643,Active,417.7,2.4,96.4,11.6,73.2,No,0.0,None
21:30:01.058,Active,408.3,2.4,99.4,11.6,72.7,No,0.0,None
21:30:01.487,Active,421.7,2.4,98.3,11.6,73.2,No,0.0,None
21:30:01.902,Active,408.8,2.4,99.4,11.6,72.7,No,0.0,None
21:30:02.316,Active,407.1,2.4,98.2,11.6,74.3,No,0.0,None
21:30:02.731,Active,409.1,2.4,98.2,11.6,73.2,No,0.0,None
21:30:03.145,Active,408.1,2.4,99.4,11.6,73.2,No,0.0,None
21:30:03.562,Active,408.3,2.4,98.8,11.6,73.2,No,0.0,None
21:30:03.974,Active,406.6,2.4,98.2,11.5,73.8,No,0.0,None
21:30:04.385,Active,403.9,2.4,99.4,11.5,73.8,No,0.0,None
21:30:04.800,Active,408.8,2.4,99.4,11.5,73.8,No,0.0,None
21:30:05.210,Active,404.1,2.4,99.4,11.5,74.3,No,0.0,None
21:30:05.626,Active,408.6,2.4,99.4,11.5,74.3,No,0.0,None
21:30:06.037,Active,405.3,2.4,98.8,11.5,74.3,No,0.0,None
21:30:06.479,Active,433.6,2.4,98.3,11.6,74.3,No,0.0,None
21:30:06.893,Active,408.5,2.4,98.2,11.6,74.3,No,0.0,None
21:30:07.308,Active,407.0,2.4,98.8,11.6,74.9,No,0.0,None
21:30:07.721,Active,406.5,2.4,99.4,11.6,74.9,No,0.0,None
21:30:08.138,Active,407.3,2.4,98.2,11.6,74.9,No,0.0,None
21:30:08.554,Active,408.8,2.4,99.4,11.6,74.3,No,0.0,None
21:30:08.967,Active,406.3,2.4,98.8,11.6,74.9,No,0.0,None
21:30:09.384,Active,406.9,2.4,98.2,11.5,74.9,No,0.0,None
21:30:09.797,Active,406.3,2.4,99.4,11.5,75.5,No,0.0,None
21:30:10.209,Active,406.0,2.4,99.4,11.5,75.5,No,0.0,None
21:30:10.621,Active,406.0,2.4,99.4,11.5,75.5,No,0.0,None
21:30:11.033,Active,406.0,2.4,99.4,11.5,74.9,No,0.0,None
21:30:11.449,Active,410.1,2.4,98.8,11.5,74.9,No,0.0,None
21:30:11.876,Active,421.4,2.4,99.4,11.6,76.0,No,0.0,None
21:30:12.298,Active,416.0,2.4,97.0,11.6,76.5,No,0.0,None
21:30:12.715,Active,409.5,2.4,98.8,11.6,75.5,No,0.0,None
21:30:13.144,Active,422.8,2.4,95.9,11.6,76.5,No,0.0,None
21:30:13.574,Active,420.5,2.4,97.1,11.6,76.0,No,0.0,None
21:30:13.995,Active,413.7,2.4,97.0,11.6,75.5,No,0.0,None
21:30:14.406,Active,405.2,2.4,99.4,11.6,76.5,No,0.0,None
21:30:14.817,Active,403.0,2.4,99.4,11.6,76.0,No,0.0,None
21:30:15.228,Active,405.4,2.4,99.4,11.6,75.5,No,0.0,None
21:30:15.641,Active,406.5,2.4,99.4,11.5,76.0,No,0.0,None
21:30:16.053,Active,406.7,2.4,98.2,11.5,76.5,No,0.0,None
21:30:16.468,Active,408.0,2.4,99.4,11.5,76.5,No,0.0,None
21:30:16.886,Active,408.6,2.4,98.2,11.5,76.0,No,0.0,None
21:30:17.317,Active,425.0,2.4,95.4,11.5,76.0,No,0.0,None
21:30:17.740,Active,414.6,2.4,98.2,11.5,76.0,No,0.0,None
21:30:18.160,Active,414.1,2.4,98.8,11.5,76.5,No,0.0,None
21:30:18.578,Active,409.1,2.4,98.2,11.5,76.5,No,0.0,None
21:30:18.991,Active,405.4,2.4,98.8,11.5,76.0,No,0.0,None
21:30:19.406,Active,408.8,2.4,99.4,11.5,76.5,No,0.0,None
21:30:19.824,Active,410.2,2.4,98.2,11.5,74.9,No,0.0,None
21:30:20.241,Active,408.9,2.4,98.2,11.5,76.5,No,0.0,None
21:30:20.657,Active,408.0,2.4,98.8,11.5,75.5,No,0.0,None
21:30:21.071,Active,405.7,2.4,98.2,11.5,76.5,No,0.0,None
21:30:21.487,Active,409.5,2.4,99.4,11.5,77.1,No,0.0,None
21:30:21.932,Active,439.2,2.4,98.3,11.6,76.5,No,0.0,None
21:30:22.347,Active,405.7,2.4,98.8,11.7,77.1,No,0.0,None
21:30:22.758,Active,404.9,2.4,98.8,11.7,77.1,No,0.0,None
21:30:23.172,Active,408.0,2.4,100.0,11.7,77.1,No,0.0,None
21:30:23.588,Active,409.9,2.4,98.2,11.7,76.5,No,0.0,None
21:30:24.002,Active,405.5,2.4,98.2,11.7,77.1,No,0.0,None
21:30:24.418,Active,409.1,2.4,99.4,11.7,76.5,No,0.0,None
21:30:24.832,Active,405.0,2.4,98.2,11.6,77.7,No,0.0,None
21:30:25.250,Active,408.3,2.4,98.8,11.6,76.5,No,0.0,None
21:30:25.666,Active,409.3,2.4,98.2,11.6,77.7,No,0.0,None
21:30:26.079,Active,406.9,2.4,99.4,11.6,76.5,No,0.0,None
21:30:26.497,Active,407.8,2.4,98.2,11.6,77.7,No,0.0,None
21:30:26.926,Active,422.4,2.4,98.8,11.6,76.5,No,0.0,None
21:30:27.355,Active,422.6,2.4,96.5,11.6,76.5,No,0.0,None
21:30:27.780,Active,418.8,2.4,96.4,11.6,77.1,No,0.0,None
21:30:28.199,Active,409.6,2.4,98.2,11.6,77.1,No,0.0,None
21:30:28.627,Active,422.3,2.4,98.8,11.6,77.1,No,0.0,None
21:30:29.055,Active,421.8,2.4,96.5,11.6,77.1,No,0.0,None
21:30:29.477,Active,416.0,2.4,97.0,11.6,76.5,No,0.0,None
21:30:29.893,Active,408.1,2.4,98.8,11.6,77.1,No,0.0,None
21:30:30.310,Active,410.5,2.4,98.8,11.6,77.1,No,0.0,None
21:30:30.727,Active,409.5,2.4,98.2,11.6,77.7,No,0.0,None
21:30:31.140,Active,407.5,2.4,98.8,11.6,77.1,No,0.0,None
21:30:31.559,Active,410.0,2.4,97.6,11.6,77.7,No,0.0,None
21:30:31.990,Active,421.0,2.4,98.3,11.6,77.7,No,0.0,None
21:30:32.417,Active,419.9,2.4,98.8,11.7,77.7,No,0.0,None
21:30:32.830,Active,406.9,2.4,99.4,11.7,77.1,No,0.0,None
21:30:33.246,Active,410.2,2.4,99.4,11.7,77.7,No,0.0,None
21:30:33.662,Active,408.8,2.4,98.2,11.7,77.7,No,0.0,None
21:30:34.077,Active,407.9,2.4,98.8,11.7,77.1,No,0.0,None
21:30:34.493,Active,410.0,2.4,98.8,11.6,78.8,No,0.0,None
21:30:34.905,Active,405.5,2.4,98.8,11.6,77.7,No,0.0,None
21:30:35.320,Active,409.1,2.4,99.4,11.6,77.7,No,0.0,None
21:30:35.739,Active,409.8,2.4,97.6,11.6,77.7,No,0.0,None
21:30:36.259,Active,413.1,2.4,79.6,11.6,77.1,No,0.0,None
21:30:36.675,Active,408.5,2.4,97.6,11.6,77.1,No,0.0,None
21:30:37.155,Active,469.3,2.4,93.2,11.7,77.7,No,0.0,None
21:30:37.575,Active,413.5,2.4,98.2,11.7,77.7,No,0.0,None
21:30:37.989,Active,408.0,2.4,98.8,11.7,77.7,No,0.0,None
21:30:38.408,Active,410.6,2.4,98.8,11.7,77.7,No,0.0,None
21:30:38.823,Active,407.8,2.3,97.6,11.7,77.1,No,0.0,None
21:30:39.235,Active,406.0,2.3,98.8,11.6,77.7,No,0.0,None
21:30:39.650,Active,408.8,2.3,98.8,11.6,77.1,No,0.0,None
21:30:40.065,Active,407.9,2.3,98.8,11.6,77.1,No,0.0,None
21:30:40.483,Active,409.0,2.3,98.2,11.6,78.2,No,0.0,None
21:30:40.900,Active,407.2,2.3,98.2,11.6,77.7,No,0.0,None
21:30:41.318,Active,407.5,2.3,98.2,11.6,77.7,No,0.0,None
21:30:41.735,Active,407.5,2.3,97.6,11.6,77.7,No,0.0,None
21:30:42.166,Active,424.4,2.3,98.8,11.6,78.2,No,0.0,None
21:30:42.584,Active,410.0,2.3,98.2,11.6,77.7,No,0.0,None
21:30:43.000,Active,406.4,2.4,98.2,11.6,78.2,No,0.0,None
21:30:43.418,Active,408.7,2.4,98.2,11.6,78.2,No,0.0,None
21:30:43.833,Active,405.5,2.4,98.2,11.6,78.8,No,0.0,None
21:30:44.245,Active,405.4,2.4,99.4,11.6,77.7,No,0.0,None
21:30:44.661,Active,410.0,2.4,98.8,11.6,77.7,No,0.0,None
21:30:45.076,Active,406.9,2.4,98.8,11.5,77.7,No,0.0,None
21:30:45.493,Active,408.9,2.4,98.2,11.5,78.2,No,0.0,None
21:30:45.907,Active,408.2,2.4,99.4,11.5,78.2,No,0.0,None
21:30:46.320,Active,406.3,2.4,98.2,11.5,78.2,No,0.0,None
21:30:46.738,Active,408.8,2.4,98.8,11.5,78.2,No,0.0,None
21:30:47.155,Active,407.0,2.4,98.2,11.5,78.2,No,0.0,None
21:30:47.571,Active,408.9,2.4,98.8,11.5,77.7,No,0.0,None
21:30:47.984,Active,406.6,2.4,98.2,11.5,78.2,No,0.0,None
21:31:33.438,Active,435.0,2.4,1.5,11.7,57.3,No,0.0,None
21:31:33.854,Active,409.1,2.4,98.2,11.7,62.2,No,0.0,None
21:31:34.270,Active,409.9,2.4,98.8,11.7,61.1,No,0.0,None
21:31:34.686,Active,408.8,2.4,98.2,11.7,63.4,No,0.0,None
21:31:35.102,Active,408.9,2.4,98.2,11.7,63.9,No,0.0,None
21:31:35.518,Active,409.0,2.4,98.8,11.7,65.0,No,0.0,None
21:31:35.931,Active,406.0,2.4,98.2,11.7,65.5,No,0.0,None
21:31:36.347,Active,406.6,3.0,98.2,11.7,66.1,No,0.0,None
21:31:36.761,Active,407.9,3.0,99.4,11.6,66.1,No,0.0,None
21:31:37.175,Active,407.8,3.0,98.8,11.6,65.5,No,0.0,None
21:31:37.597,Active,416.2,3.0,97.6,11.6,67.2,No,0.0,None
21:31:38.036,Active,431.2,3.0,97.7,11.7,68.3,No,0.0,None
21:31:38.458,Active,412.6,3.0,98.2,11.7,67.8,No,0.0,None
21:31:38.882,Active,418.3,3.0,96.4,11.7,68.3,No,0.0,None
21:31:39.294,Active,404.8,3.0,99.4,11.7,68.3,No,0.0,None
21:31:39.710,Active,409.6,3.0,98.8,11.7,68.8,No,0.0,None
21:31:40.126,Active,408.4,3.0,98.8,11.7,68.8,No,0.0,None
21:31:40.541,Active,407.0,2.4,98.8,11.7,69.4,No,0.0,None
21:31:40.952,Active,405.6,2.4,98.8,11.7,70.0,No,0.0,None
21:31:41.367,Active,407.1,2.4,98.8,11.6,71.0,No,0.0,None
21:31:41.787,Active,411.4,2.4,97.6,11.6,70.5,No,0.0,None
21:31:42.203,Active,408.4,2.4,98.8,11.6,71.0,No,0.0,None
21:31:42.620,Active,410.5,2.4,98.2,11.6,71.0,No,0.0,None
21:31:43.055,Active,426.8,2.4,98.8,11.6,72.2,No,0.0,None
21:31:43.472,Active,407.7,2.4,98.2,11.6,71.0,No,0.0,None
21:31:43.886,Active,406.9,2.4,99.4,11.6,72.2,No,0.0,None
21:31:44.303,Active,407.6,2.4,97.6,11.6,72.2,No,0.0,None
21:31:44.728,Active,414.7,2.4,97.7,11.6,72.2,No,0.0,None
21:31:45.146,Active,408.2,2.4,98.2,11.6,72.2,No,0.0,None
21:31:45.562,Active,408.2,2.4,98.2,11.6,72.7,No,0.0,None
21:31:45.979,Active,407.3,2.4,98.2,11.6,73.2,No,0.0,None
21:31:46.394,Active,406.7,2.4,98.2,11.6,73.8,No,0.0,None
21:31:46.810,Active,407.9,2.4,98.8,11.6,72.7,No,0.0,None
21:31:47.226,Active,406.9,2.4,97.6,11.6,72.7,No,0.0,None
21:31:47.641,Active,407.9,2.4,98.8,11.5,73.8,No,0.0,None
21:31:48.057,Active,407.4,2.4,98.8,11.5,73.2,No,0.0,None
21:31:48.469,Active,406.1,2.4,98.8,11.5,72.7,No,0.0,None
21:31:48.885,Active,410.2,2.4,98.8,11.5,73.2,No,0.0,None
21:31:49.297,Active,404.2,2.4,98.8,11.5,73.2,No,0.0,None
21:31:49.715,Active,409.5,2.4,98.8,11.5,72.7,No,0.0,None
21:31:50.131,Active,407.7,2.4,98.2,11.5,73.8,No,0.0,None
21:31:50.547,Active,408.5,2.4,98.8,11.5,73.8,No,0.0,None
21:31:50.963,Active,406.3,2.4,98.2,11.5,73.8,No,0.0,None
21:31:51.378,Active,405.1,2.4,98.2,11.5,73.8,No,0.0,None
21:31:51.799,Active,410.6,2.4,97.6,11.5,74.3,No,0.0,None
21:31:52.214,Active,408.3,2.4,98.8,11.5,74.3,No,0.0,None
21:31:52.628,Active,408.3,2.4,99.4,11.5,74.3,No,0.0,None
21:31:53.070,Active,433.3,2.4,97.7,11.6,74.3,No,0.0,None
21:31:53.486,Active,409.6,2.4,99.4,11.6,74.3,No,0.0,None
21:31:53.903,Active,406.8,2.4,98.2,11.6,75.5,No,0.0,None
21:31:54.318,Active,405.7,2.4,98.2,11.6,74.9,No,0.0,None
21:31:54.738,Active,409.2,2.4,97.6,11.6,74.3,No,0.0,None
21:31:55.155,Active,408.5,2.4,98.8,11.6,74.9,No,0.0,None
21:31:55.572,Active,409.7,2.4,97.6,11.6,74.3,No,0.0,None
21:31:55.986,Active,405.8,2.4,98.8,11.6,75.5,No,0.0,None
21:31:56.418,Active,425.1,2.4,95.9,11.6,76.5,No,0.0,None
21:31:56.831,Active,406.4,2.4,98.8,11.6,74.9,No,0.0,None
21:31:57.243,Active,405.4,2.4,99.4,11.6,76.0,No,0.0,None
21:31:57.658,Active,409.1,2.4,98.8,11.6,74.3,No,0.0,None
21:31:58.078,Active,408.3,2.4,98.2,11.5,74.9,No,0.0,None
21:31:58.506,Active,422.2,2.4,98.8,11.6,74.9,No,0.0,None
21:31:58.921,Active,408.0,2.4,98.2,11.6,75.5,No,0.0,None
21:31:59.338,Active,408.6,2.4,97.6,11.6,76.0,No,0.0,None
21:31:59.754,Active,408.8,2.4,98.8,11.6,74.9,No,0.0,None
21:32:00.168,Active,407.8,2.4,98.8,11.6,76.0,No,0.0,None
21:32:00.582,Active,407.6,2.4,98.8,11.5,76.5,No,0.0,None
21:32:00.998,Active,409.7,2.4,99.4,11.5,77.1,No,0.0,None
21:32:01.411,Active,406.6,2.4,98.8,11.5,74.9,No,0.0,None
21:32:01.827,Active,408.2,2.4,98.8,11.5,76.5,No,0.0,None
21:32:02.247,Active,409.6,2.4,97.6,11.5,75.5,No,0.0,None
21:32:02.664,Active,409.0,2.4,98.2,11.5,76.0,No,0.0,None
21:32:03.077,Active,403.4,2.4,98.8,11.5,76.0,No,0.0,None
21:32:03.510,Active,427.3,2.4,99.4,11.6,76.5,No,0.0,None
21:32:03.920,Active,404.4,2.4,99.4,11.6,76.0,No,0.0,None
21:32:04.339,Active,409.6,2.4,98.8,11.5,76.0,No,0.0,None
21:32:04.760,Active,414.8,2.4,97.6,11.5,76.5,No,0.0,None
21:32:05.175,Active,408.4,2.4,98.8,11.6,75.5,No,0.0,None
21:32:05.591,Active,409.9,2.4,98.2,11.5,76.0,No,0.0,None
21:32:06.005,Active,408.1,2.4,98.2,11.5,76.0,No,0.0,None
21:32:06.424,Active,410.4,2.4,98.8,11.5,76.5,No,0.0,None
21:32:06.837,Active,407.8,2.4,98.8,11.5,76.0,No,0.0,None
21:32:07.254,Active,408.4,2.4,98.2,11.5,76.0,No,0.0,None
21:32:07.674,Active,412.6,2.4,98.2,11.5,75.5,No,0.0,None
21:32:08.088,Active,407.0,2.4,98.2,11.5,76.5,No,0.0,None
21:32:08.533,Active,436.0,2.4,97.7,11.6,76.5,No,0.0,None
21:32:08.946,Active,406.6,2.4,99.4,11.6,77.1,No,0.0,None
21:32:09.360,Active,407.3,2.4,98.8,11.6,77.1,No,0.0,None
21:32:09.781,Active,411.8,2.4,97.6,11.6,77.1,No,0.0,None
21:32:10.198,Active,408.6,2.4,98.2,11.6,77.1,No,0.0,None
21:32:10.613,Active,408.9,2.4,98.8,11.6,76.5,No,0.0,None
21:32:11.035,Active,414.3,2.4,97.0,11.5,76.5,No,0.0,None
21:32:11.449,Active,407.3,2.4,99.4,11.5,77.1,No,0.0,None
21:32:11.860,Active,405.2,2.4,99.4,11.5,77.1,No,0.0,None
21:32:12.276,Active,409.7,2.4,99.4,11.5,77.1,No,0.0,None
21:32:12.691,Active,406.4,2.4,98.2,11.5,77.1,No,0.0,None
21:32:13.104,Active,406.4,2.4,98.8,11.5,77.7,No,0.0,None
21:32:13.538,Active,425.2,2.4,98.8,11.6,76.5,No,0.0,None
21:32:13.954,Active,408.3,2.4,98.8,11.6,77.1,No,0.0,None
21:32:14.374,Active,412.9,2.4,97.0,11.6,77.1,No,0.0,None
21:32:14.790,Active,408.5,2.4,98.8,11.6,77.7,No,0.0,None
21:32:15.202,Active,405.9,2.4,99.4,11.6,77.7,No,0.0,None
21:32:15.634,Active,424.7,2.4,95.9,11.6,77.1,No,0.0,None
21:32:16.048,Active,406.8,2.4,98.8,11.6,77.7,No,0.0,None
21:32:16.465,Active,408.1,2.4,98.2,11.6,77.1,No,0.0,None
21:32:16.880,Active,407.0,2.4,98.8,11.5,77.1,No,0.0,None
21:32:17.289,Active,402.9,2.4,99.4,11.5,77.1,No,0.0,None
21:32:17.704,Active,408.7,2.4,99.4,11.5,77.7,No,0.0,None
21:32:18.119,Active,405.4,2.4,98.8,11.5,78.8,No,0.0,None
21:32:18.534,Active,409.2,2.4,98.8,11.5,77.7,No,0.0,None
21:32:18.949,Active,406.3,2.4,98.2,11.5,77.7,No,0.0,None
21:32:19.367,Active,407.1,2.4,98.2,11.5,77.7,No,0.0,None
21:32:19.779,Active,405.3,2.4,98.8,11.5,77.7,No,0.0,None
21:32:20.188,Active,403.8,2.4,99.4,11.5,78.2,No,0.0,None
21:32:20.605,Active,410.8,2.4,99.4,11.5,77.1,No,0.0,None
21:32:21.018,Active,404.5,2.4,98.8,11.5,77.7,No,0.0,None
21:32:21.435,Active,410.9,2.4,99.4,11.5,77.7,No,0.0,None
21:32:21.847,Active,406.9,2.4,98.8,11.5,77.7,No,0.0,None
21:32:22.267,Active,410.1,2.4,98.8,11.5,78.2,No,0.0,None
21:32:22.682,Active,409.1,2.4,98.2,11.5,77.7,No,0.0,None
21:32:23.097,Active,407.2,2.4,99.4,11.5,77.1,No,0.0,None
21:32:23.543,Active,437.5,2.4,97.8,11.6,77.1,No,0.0,None
21:32:23.958,Active,408.7,2.4,98.2,11.6,77.7,No,0.0,None
21:32:24.373,Active,408.1,2.4,98.8,11.6,78.2,No,0.0,None
21:32:24.806,Active,426.2,2.4,97.1,11.6,76.5,No,0.0,None
21:32:25.221,Active,407.9,2.4,98.2,11.6,77.7,No,0.0,None
21:32:25.634,Active,406.6,2.4,99.4,11.6,77.7,No,0.0,None
21:32:26.148,Active,403.8,2.4,79.5,11.6,77.7,No,0.0,None
21:32:26.565,Active,406.9,2.3,98.8,11.6,77.7,No,0.0,None
21:32:26.977,Active,403.4,2.3,99.4,11.5,78.2,No,0.0,None
21:32:27.394,Active,404.6,2.3,98.2,11.6,78.2,No,0.0,None
21:32:27.810,Active,409.3,2.3,98.8,11.6,78.2,No,0.0,None
21:32:28.226,Active,408.3,2.3,98.8,11.6,77.7,No,0.0,None
21:32:28.651,Active,419.2,2.3,98.8,11.6,78.2,No,0.0,None
21:32:29.076,Active,418.7,2.3,98.2,11.6,77.7,No,0.0,None
21:32:29.494,Active,410.5,2.3,98.2,11.6,77.7,No,0.0,None
21:32:29.905,Active,403.6,2.3,98.8,11.5,77.7,No,0.0,None
21:32:30.318,Active,406.9,2.3,100.0,11.5,78.2,No,0.0,None
21:32:30.734,Active,408.3,2.4,98.8,11.5,77.7,No,0.0,None
21:32:31.257,Active,411.5,2.4,78.5,11.5,77.1,No,0.0,None
21:32:31.678,Active,410.4,2.4,98.2,11.5,77.7,No,0.0,None
21:32:32.093,Active,407.8,2.4,98.8,11.5,77.1,No,0.0,None
21:32:32.518,Active,415.2,2.4,98.2,11.5,77.1,No,0.0,None
21:32:32.934,Active,408.4,2.4,98.8,11.5,77.7,No,0.0,None
21:32:33.355,Active,409.4,2.4,97.6,11.5,77.7,No,0.0,None
21:33:18.794,Active,425.2,2.4,1.5,11.5,59.0,No,0.0,None
21:33:19.205,Active,404.7,2.4,99.4,11.6,60.0,No,0.0,None
21:33:19.620,Active,409.5,2.4,99.4,11.6,61.1,No,0.0,None
21:33:20.032,Active,405.9,6.0,99.4,11.5,62.2,No,0.0,None
21:33:20.445,Active,406.6,6.0,98.8,11.5,65.0,No,0.0,None
21:33:20.858,Active,404.4,6.0,98.8,11.5,64.5,No,0.0,None
21:33:21.279,Active,413.7,6.0,97.6,11.5,65.0,No,0.0,None
21:33:21.696,Active,409.7,6.0,98.8,11.5,65.5,No,0.0,None
21:33:22.111,Active,409.2,6.0,98.2,11.5,65.5,No,0.0,None
21:33:22.530,Active,408.8,6.0,98.2,11.5,66.7,No,0.0,None
21:33:22.950,Active,410.1,6.0,98.2,11.5,67.2,No,0.0,None
21:33:23.363,Active,405.9,6.0,97.6,11.5,68.3,No,0.0,None
21:33:23.781,Active,408.8,6.0,98.2,11.5,67.8,No,0.0,None
21:33:24.196,Active,407.2,2.4,98.8,11.5,68.3,No,0.0,None
21:33:24.650,Active,445.7,2.4,97.8,11.6,68.8,No,0.0,None
21:33:25.062,Active,406.6,2.4,99.4,11.6,68.3,No,0.0,None
21:33:25.479,Active,409.6,2.4,98.8,11.6,70.0,No,0.0,None
21:33:25.893,Active,407.9,2.4,98.8,11.6,69.4,No,0.0,None
21:33:26.308,Active,406.9,2.4,98.2,11.6,70.5,No,0.0,None
21:33:26.740,Active,422.9,2.4,96.0,11.5,68.3,No,0.0,None
21:33:27.154,Active,407.6,2.4,98.8,11.5,70.5,No,0.0,None
21:33:27.571,Active,409.5,2.4,98.8,11.5,70.5,No,0.0,None
21:33:27.984,Active,407.3,2.4,99.4,11.5,70.5,No,0.0,None
21:33:28.400,Active,407.2,2.4,97.6,11.5,71.0,No,0.0,None
21:33:28.814,Active,407.5,2.4,99.4,11.5,71.0,No,0.0,None
21:33:29.227,Active,406.4,2.4,98.2,11.5,71.0,No,0.0,None
21:33:29.646,Active,412.6,2.4,98.8,11.5,71.0,No,0.0,None
21:33:30.068,Active,415.8,2.4,98.8,11.5,71.0,No,0.0,None
21:33:30.487,Active,409.9,2.4,98.2,11.5,72.2,No,0.0,None
21:33:30.908,Active,410.3,2.4,97.6,11.5,72.2,No,0.0,None
21:33:31.325,Active,408.1,2.4,98.2,11.6,72.2,No,0.0,None
21:33:31.739,Active,407.6,2.4,98.8,11.6,72.7,No,0.0,None
21:33:32.153,Active,408.2,2.4,98.2,11.6,72.2,No,0.0,None
21:33:32.570,Active,408.6,2.4,98.8,11.6,72.2,No,0.0,None
21:33:32.983,Active,406.6,2.4,98.8,11.5,72.2,No,0.0,None
21:33:33.394,Active,404.5,2.4,99.4,11.5,72.7,No,0.0,None
21:33:33.807,Active,407.0,2.4,99.4,11.5,72.7,No,0.0,None
21:33:34.220,Active,406.9,2.4,98.8,11.5,73.2,No,0.0,None
21:33:34.648,Active,419.3,2.4,96.5,11.5,72.7,No,0.0,None
21:33:35.080,Active,422.3,2.4,98.8,11.6,73.2,No,0.0,None
21:33:35.523,Active,433.6,2.4,94.4,11.6,73.2,No,0.0,None
21:33:35.938,Active,409.1,2.4,99.4,11.6,73.8,No,0.0,None
21:33:36.351,Active,407.4,2.4,98.8,11.6,73.8,No,0.0,None
21:33:36.767,Active,409.7,2.4,98.8,11.6,73.2,No,0.0,None
21:33:37.182,Active,408.4,2.4,99.4,11.6,73.8,No,0.0,None
21:33:37.595,Active,407.3,2.4,98.8,11.6,73.8,No,0.0,None
21:33:38.010,Active,409.0,2.4,99.4,11.6,73.8,No,0.0,None
21:33:38.426,Active,408.9,2.4,98.2,11.5,73.8,No,0.0,None
21:33:38.841,Active,407.6,2.4,98.8,11.6,73.2,No,0.0,None
21:33:39.257,Active,408.0,2.4,98.8,11.5,73.2,No,0.0,None
21:33:39.672,Active,409.2,2.4,98.8,11.5,73.8,No,0.0,None
21:33:40.116,Active,430.6,2.4,96.6,11.5,73.8,No,0.0,None
21:33:40.531,Active,407.9,2.4,98.8,11.6,74.9,No,0.0,None
21:33:40.956,Active,416.1,2.4,96.5,11.6,74.3,No,0.0,None
21:33:41.372,Active,407.9,2.4,98.8,11.6,74.3,No,0.0,None
21:33:41.789,Active,407.8,2.4,98.2,11.6,73.8,No,0.0,None
21:33:42.207,Active,405.9,2.4,97.6,11.6,74.9,No,0.0,None
21:33:42.623,Active,407.1,2.4,98.8,11.6,74.3,No,0.0,None
21:33:43.038,Active,406.6,2.4,98.2,11.5,74.9,No,0.0,None
21:33:43.455,Active,407.8,2.4,98.2,11.5,74.3,No,0.0,None
21:33:43.871,Active,405.8,2.4,98.2,11.5,74.3,No,0.0,None
21:33:44.287,Active,405.4,2.4,98.2,11.5,74.9,No,0.0,None
21:33:44.704,Active,407.1,2.4,98.2,11.5,75.5,No,0.0,None
21:33:45.136,Active,424.5,2.4,98.8,11.5,74.9,No,0.0,None
21:33:45.554,Active,407.8,2.4,98.2,11.6,74.9,No,0.0,None
21:33:45.972,Active,408.1,2.4,98.2,11.6,74.9,No,0.0,None
21:33:46.389,Active,407.6,2.4,98.2,11.6,74.9,No,0.0,None
21:33:46.804,Active,409.6,2.4,98.8,11.6,74.9,No,0.0,None
21:33:47.220,Active,408.3,2.4,98.8,11.6,74.9,No,0.0,None
21:33:47.638,Active,408.6,2.4,98.2,11.6,74.9,No,0.0,None
21:33:48.055,Active,409.6,2.4,98.8,11.5,75.5,No,0.0,None
21:33:48.575,Active,410.4,2.4,78.3,11.5,74.3,No,0.0,None
21:33:48.999,Active,415.3,2.4,98.2,11.5,74.9,No,0.0,None
21:33:49.418,Active,408.6,2.3,98.2,11.5,74.9,No,0.0,None
21:33:49.833,Active,408.9,2.3,98.2,11.5,76.0,No,0.0,None
21:33:50.248,Active,407.0,2.3,98.2,11.5,75.5,No,0.0,None
21:33:50.667,Active,412.5,2.3,98.8,11.5,75.5,No,0.0,None
21:33:51.081,Active,407.3,2.3,98.2,11.5,74.9,No,0.0,None
21:33:51.500,Active,411.0,2.3,98.2,11.5,76.0,No,0.0,None
21:33:51.918,Active,409.4,2.3,97.6,11.5,75.5,No,0.0,None
21:33:52.334,Active,408.7,2.3,98.8,11.5,75.5,No,0.0,None
21:33:52.749,Active,409.3,2.3,98.8,11.5,76.0,No,0.0,None
21:33:53.161,Active,406.0,2.3,99.4,11.5,76.0,No,0.0,None
21:33:53.582,Active,410.4,2.4,98.2,11.5,76.0,No,0.0,None
21:33:53.998,Active,408.7,2.4,98.8,11.5,76.0,No,0.0,None
21:33:54.416,Active,410.5,2.4,98.2,11.5,75.5,No,0.0,None
21:33:54.831,Active,406.0,2.4,98.2,11.5,76.5,No,0.0,None
21:33:55.293,Active,454.1,2.4,96.8,11.6,76.5,No,0.0,None
21:33:55.722,Active,420.9,2.4,96.4,11.6,75.5,No,0.0,None
21:33:56.139,Active,409.5,2.4,98.8,11.6,76.0,No,0.0,None
21:33:56.561,Active,415.9,2.4,97.6,11.6,76.0,No,0.0,None
21:33:56.974,Active,404.5,2.4,98.2,11.6,76.5,No,0.0,None
21:33:57.385,Active,404.4,2.4,99.4,11.6,77.1,No,0.0,None
21:33:57.805,Active,410.1,2.4,98.2,11.6,75.5,No,0.0,None
21:33:58.222,Active,409.8,2.4,98.2,11.6,76.0,No,0.0,None
21:33:58.636,Active,408.0,2.4,98.2,11.6,76.5,No,0.0,None
21:33:59.051,Active,406.9,2.4,98.8,11.6,76.5,No,0.0,None
21:33:59.467,Active,409.5,2.4,98.8,11.6,76.5,No,0.0,None
21:33:59.879,Active,405.9,2.4,99.4,11.6,76.5,No,0.0,None
21:34:00.306,Active,417.7,2.4,98.2,11.6,76.5,No,0.0,None
21:34:00.722,Active,409.3,2.4,98.8,11.6,76.0,No,0.0,None
21:34:01.137,Active,408.2,2.4,98.2,11.6,76.0,No,0.0,None
21:34:01.555,Active,409.5,2.4,98.8,11.5,76.0,No,0.0,None
21:34:01.972,Active,406.6,2.4,98.2,11.5,76.5,No,0.0,None
21:34:02.386,Active,405.2,2.4,98.2,11.5,76.5,No,0.0,None
21:34:02.800,Active,407.8,2.4,98.8,11.5,76.5,No,0.0,None
21:34:03.228,Active,418.6,2.4,96.5,11.5,76.5,No,0.0,None
21:34:03.664,Active,427.2,2.4,96.0,11.5,77.1,No,0.0,None
21:34:04.079,Active,405.5,2.4,98.2,11.5,77.1,No,0.0,None
21:34:04.495,Active,410.2,2.4,98.8,11.5,76.0,No,0.0,None
21:34:04.913,Active,408.3,2.4,97.6,11.5,76.0,No,0.0,None
21:34:05.346,Active,426.5,2.4,98.8,11.6,77.1,No,0.0,None
21:34:05.762,Active,408.5,2.4,98.2,11.6,76.5,No,0.0,None
21:34:06.179,Active,408.3,2.4,98.8,11.6,76.5,No,0.0,None
21:34:06.595,Active,409.7,2.4,98.8,11.6,77.1,No,0.0,None
21:34:07.007,Active,406.4,2.4,99.4,11.6,77.1,No,0.0,None
21:34:07.426,Active,408.9,2.4,98.2,11.6,76.5,No,0.0,None
21:34:07.842,Active,409.0,2.4,98.8,11.5,77.7,No,0.0,None
21:34:08.259,Active,409.6,2.4,98.2,11.5,76.0,No,0.0,None
21:34:08.673,Active,408.6,2.4,98.2,11.5,77.1,No,0.0,None
21:34:09.095,Active,414.3,2.4,97.0,11.5,76.5,No,0.0,None
21:34:09.514,Active,408.4,2.4,98.8,11.5,76.5,No,0.0,None
21:34:09.930,Active,408.6,2.4,98.2,11.5,76.5,No,0.0,None
21:34:10.482,Active,443.4,2.3,79.0,11.6,76.5,No,0.0,None
21:34:10.902,Active,412.4,2.3,97.6,11.6,76.5,No,0.0,None
21:34:11.317,Active,409.3,2.3,99.4,11.6,76.5,No,0.0,None
21:34:11.734,Active,408.9,2.3,97.6,11.6,76.0,No,0.0,None
21:34:12.255,Active,413.0,2.3,79.3,11.6,76.5,No,0.0,None
21:34:12.674,Active,409.5,2.3,98.2,11.6,76.5,No,0.0,None
21:34:13.088,Active,406.3,2.3,99.4,11.6,77.1,No,0.0,None
21:34:13.501,Active,406.6,2.3,98.8,11.5,77.1,No,0.0,None
21:34:13.916,Active,404.9,2.3,98.8,11.5,77.7,No,0.0,None
21:34:14.333,Active,407.0,2.3,98.2,11.5,76.5,No,0.0,None
21:34:14.748,Active,408.4,2.3,98.2,11.5,77.1,No,0.0,None
21:34:15.162,Active,404.9,2.3,98.8,11.5,76.0,No,0.0,None
21:34:15.598,Active,428.8,2.3,98.9,11.5,76.5,No,0.0,None
21:34:16.014,Active,408.6,2.3,98.8,11.5,77.1,No,0.0,None
21:34:16.429,Active,408.2,2.3,98.2,11.6,77.1,No,0.0,None
21:34:16.843,Active,405.9,2.3,98.2,11.6,77.1,No,0.0,None
21:34:17.257,Active,407.8,2.3,98.8,11.6,77.1,No,0.0,None
21:34:17.672,Active,409.0,2.3,99.4,11.5,78.2,No,0.0,None
21:34:18.085,Active,406.7,2.3,99.4,11.5,77.7,No,0.0,None
21:34:18.502,Active,408.9,2.3,98.2,11.5,77.1,No,0.0,None
21:35:03.967,Active,450.3,21.9,1.5,11.5,58.4,No,0.0,None
21:35:04.380,Active,407.2,21.9,100.0,11.6,60.0,No,0.0,None
21:35:04.796,Active,407.0,21.9,98.2,11.6,62.2,No,0.0,None
21:35:05.211,Active,406.8,21.9,98.8,11.6,62.8,No,0.0,None
21:35:05.627,Active,410.0,21.9,98.8,11.6,63.4,No,0.0,None
21:35:06.041,Active,407.4,21.9,98.2,11.6,64.5,No,0.0,None
21:35:06.477,Active,426.4,21.9,98.3,11.6,65.0,No,0.0,None
21:35:06.895,Active,408.8,21.9,97.6,11.6,65.0,No,0.0,None
21:35:07.313,Active,407.9,21.9,98.2,11.6,65.0,No,0.0,None
21:35:07.733,Active,410.4,21.9,98.2,11.6,67.8,No,0.0,None
21:35:08.152,Active,408.7,2.4,98.2,11.6,66.7,No,0.0,None
21:35:08.572,Active,410.1,2.4,98.2,11.6,67.2,No,0.0,None
21:35:08.990,Active,408.0,2.4,97.6,11.6,67.8,No,0.0,None
21:35:09.407,Active,407.0,2.4,98.2,11.6,68.3,No,0.0,None
21:35:09.823,Active,405.2,2.4,98.2,11.6,68.3,No,0.0,None
21:35:10.240,Active,406.5,2.4,98.2,11.6,68.3,No,0.0,None
21:35:10.657,Active,408.8,2.4,98.2,11.6,69.4,No,0.0,None
21:35:11.074,Active,407.6,2.4,98.2,11.6,68.8,No,0.0,None
21:35:11.515,Active,431.4,2.4,97.7,11.6,69.4,No,0.0,None
21:35:11.927,Active,406.2,2.4,98.8,11.6,71.0,No,0.0,None
21:35:12.343,Active,407.0,2.4,98.2,11.6,70.5,No,0.0,None
21:35:12.760,Active,408.6,2.4,98.8,11.6,70.5,No,0.0,None
21:35:13.174,Active,404.7,2.4,98.8,11.6,71.6,No,0.0,None
21:35:13.589,Active,409.4,2.4,98.8,11.5,70.0,No,0.0,None
21:35:14.039,Active,442.7,2.4,93.8,11.5,71.6,No,0.0,None
21:35:14.458,Active,412.5,2.4,98.2,11.5,70.5,No,0.0,None
21:35:14.872,Active,407.1,2.4,98.8,11.5,72.2,No,0.0,None
21:35:15.290,Active,408.0,2.4,97.6,11.5,72.2,No,0.0,None
21:35:15.712,Active,411.6,2.4,98.2,11.5,71.6,No,0.0,None
21:35:16.129,Active,408.0,2.4,98.2,11.5,72.2,No,0.0,None
21:35:16.571,Active,431.8,2.4,98.3,11.5,72.2,No,0.0,None
21:35:16.989,Active,407.3,2.4,98.2,11.5,72.2,No,0.0,None
21:35:17.404,Active,407.9,2.4,98.2,11.6,71.0,No,0.0,None
21:35:17.823,Active,409.0,2.4,98.8,11.6,71.6,No,0.0,None
21:35:18.236,Active,406.3,2.4,98.2,11.6,72.7,No,0.0,None
21:35:18.654,Active,412.1,2.4,98.8,11.6,72.7,No,0.0,None
21:35:19.069,Active,407.9,2.4,98.2,11.6,73.2,No,0.0,None
21:35:19.486,Active,410.3,2.4,98.8,11.6,73.2,No,0.0,None
21:35:19.900,Active,406.8,2.4,98.8,11.5,73.8,No,0.0,None
21:35:20.317,Active,407.5,2.4,98.2,11.5,72.2,No,0.0,None
21:35:20.735,Active,409.6,2.4,98.8,11.5,73.2,No,0.0,None
21:35:21.147,Active,406.4,2.4,98.2,11.5,73.2,No,0.0,None
21:35:21.565,Active,409.2,2.4,98.8,11.6,73.8,No,0.0,None
21:35:21.982,Active,407.3,2.4,97.6,11.6,73.8,No,0.0,None
21:35:22.395,Active,405.6,2.4,98.8,11.6,73.8,No,0.0,None
21:35:22.811,Active,409.6,2.4,99.4,11.5,74.3,No,0.0,None
21:35:23.225,Active,407.0,2.4,98.2,11.5,73.8,No,0.0,None
21:35:23.640,Active,408.3,2.4,98.8,11.5,73.8,No,0.0,None
21:35:24.055,Active,407.1,2.4,98.8,11.5,73.8,No,0.0,None
21:35:24.474,Active,410.2,2.4,98.2,11.5,73.8,No,0.0,None
21:35:24.888,Active,406.7,2.4,98.2,11.5,74.3,No,0.0,None
21:35:25.303,Active,406.0,2.4,98.8,11.5,73.8,No,0.0,None
21:35:25.718,Active,406.4,2.4,98.2,11.5,74.3,No,0.0,None
21:35:26.132,Active,406.5,2.4,98.8,11.5,74.3,No,0.0,None
21:35:26.578,Active,436.8,2.4,97.8,11.5,73.8,No,0.0,None
21:35:26.995,Active,409.9,2.4,98.8,11.6,74.3,No,0.0,None
21:35:27.407,Active,406.3,2.4,98.8,11.6,74.3,No,0.0,None
21:35:27.822,Active,405.1,2.4,98.2,11.6,74.9,No,0.0,None
21:35:28.236,Active,407.5,2.4,98.8,11.6,74.3,No,0.0,None
21:35:28.652,Active,409.5,2.4,98.8,11.6,74.3,No,0.0,None
21:35:29.078,Active,416.3,2.4,96.5,11.6,75.5,No,0.0,None
21:35:29.491,Active,407.5,2.4,99.4,11.5,74.9,No,0.0,None
21:35:29.911,Active,409.5,2.4,98.2,11.5,74.9,No,0.0,None
21:35:30.326,Active,409.1,2.4,97.6,11.5,75.5,No,0.0,None
21:35:30.747,Active,415.0,2.4,98.2,11.5,74.9,No,0.0,None
21:35:31.157,Active,404.2,2.4,98.8,11.5,75.5,No,0.0,None
21:35:31.591,Active,425.8,2.4,95.9,11.5,74.9,No,0.0,None
21:35:32.019,Active,421.6,2.4,99.4,11.5,74.9,No,0.0,None
21:35:32.432,Active,407.2,2.4,98.2,11.6,75.5,No,0.0,None
21:35:32.848,Active,407.1,2.4,99.4,11.5,74.9,No,0.0,None
21:35:33.260,Active,405.9,2.4,98.8,11.5,76.5,No,0.0,None
21:35:33.676,Active,407.2,2.4,98.2,11.5,76.0,No,0.0,None
21:35:34.096,Active,413.5,2.4,98.8,11.5,76.0,No,0.0,None
21:35:34.514,Active,408.4,2.4,98.2,11.5,76.0,No,0.0,None
21:35:34.931,Active,409.5,2.4,98.8,11.5,76.0,No,0.0,None
21:35:35.345,Active,407.7,2.4,98.2,11.5,75.5,No,0.0,None
21:35:35.762,Active,408.7,2.4,98.2,11.5,75.5,No,0.0,None
21:35:36.175,Active,405.9,2.4,98.8,11.5,74.9,No,0.0,None
21:35:36.589,Active,407.0,2.4,98.8,11.5,75.5,No,0.0,None
21:35:37.032,Active,434.7,2.4,96.6,11.5,74.3,No,0.0,None
21:35:37.447,Active,408.8,2.4,98.8,11.5,76.5,No,0.0,None
21:35:37.858,Active,405.2,2.4,99.4,11.5,76.0,No,0.0,None
21:35:38.277,Active,407.9,2.4,97.6,11.5,76.0,No,0.0,None
21:35:38.697,Active,409.9,2.4,98.2,11.6,76.0,No,0.0,None
21:35:39.112,Active,407.7,2.4,98.2,11.6,76.0,No,0.0,None
21:35:39.529,Active,410.1,2.4,98.8,11.6,76.0,No,0.0,None
21:35:39.955,Active,417.5,2.4,96.4,11.5,74.3,No,0.0,None
21:35:40.370,Active,408.8,2.4,98.8,11.5,76.0,No,0.0,None
21:35:40.784,Active,407.0,2.4,98.2,11.5,76.5,No,0.0,None
21:35:41.196,Active,405.4,2.4,98.8,11.5,76.5,No,0.0,None
21:35:41.609,Active,407.6,2.4,99.4,11.5,76.5,No,0.0,None
21:35:42.045,Active,430.0,2.4,98.8,11.5,76.0,No,0.0,None
21:35:42.459,Active,406.1,2.4,98.2,11.6,76.0,No,0.0,None
21:35:42.895,Active,426.4,2.4,96.0,11.6,77.7,No,0.0,None
21:35:43.306,Active,404.5,2.4,99.4,11.6,76.5,No,0.0,None
21:35:43.719,Active,406.2,2.4,99.4,11.6,76.5,No,0.0,None
21:35:44.145,Active,415.8,2.4,97.6,11.6,76.5,No,0.0,None
21:35:44.559,Active,406.4,2.4,98.8,11.5,76.5,No,0.0,None
21:35:44.975,Active,406.1,2.4,98.2,11.5,76.0,No,0.0,None
21:35:45.392,Active,406.6,2.4,98.2,11.5,74.9,No,0.0,None
21:35:45.810,Active,408.6,2.4,98.2,11.5,76.0,No,0.0,None
21:35:46.220,Active,404.9,2.4,98.8,11.5,77.1,No,0.0,None
21:35:46.637,Active,407.5,2.4,99.4,11.5,76.0,No,0.0,None
21:35:47.084,Active,441.5,2.4,97.2,11.6,76.5,No,0.0,None
21:35:47.499,Active,405.4,2.4,99.4,11.6,77.1,No,0.0,None
21:35:47.914,Active,408.6,2.4,98.8,11.6,76.5,No,0.0,None
21:35:48.331,Active,409.8,2.4,98.2,11.6,76.5,No,0.0,None
21:35:48.746,Active,409.0,2.4,98.2,11.6,76.5,No,0.0,None
21:35:49.161,Active,407.8,2.4,98.8,11.6,76.5,No,0.0,None
21:35:49.577,Active,409.9,2.4,98.8,11.6,77.1,No,0.0,None
21:35:49.989,Active,406.3,2.4,98.8,11.6,76.5,No,0.0,None
21:35:50.405,Active,407.8,2.4,98.2,11.6,77.1,No,0.0,None
21:35:50.829,Active,414.6,2.4,97.6,11.6,76.5,No,0.0,None
21:35:51.245,Active,407.0,2.4,98.2,11.6,76.0,No,0.0,None
21:35:51.664,Active,409.3,2.4,98.2,11.6,77.1,No,0.0,None
21:35:52.095,Active,421.4,2.4,97.1,11.6,77.1,No,0.0,None
21:35:52.509,Active,407.4,2.4,98.8,11.6,76.5,No,0.0,None
21:35:52.932,Active,415.2,2.4,97.6,11.5,78.2,No,0.0,None
21:35:53.350,Active,408.8,2.4,97.6,11.5,77.1,No,0.0,None
21:35:53.766,Active,408.3,2.4,99.4,11.5,76.5,No,0.0,None
21:35:54.180,Active,407.0,2.4,98.2,11.5,76.5,No,0.0,None
21:35:54.602,Active,412.7,2.4,97.6,11.5,76.5,No,0.0,None
21:35:55.016,Active,406.9,2.4,99.4,11.5,77.7,No,0.0,None
21:35:55.428,Active,406.3,2.4,99.4,11.5,77.1,No,0.0,None
21:35:55.848,Active,410.9,2.4,98.2,11.5,76.5,No,0.0,None
21:35:56.259,Active,405.2,2.4,98.2,11.5,77.1,No,0.0,None
21:35:56.673,Active,407.4,2.4,100.0,11.5,78.2,No,0.0,None
21:35:57.117,Active,438.1,2.4,98.9,11.6,76.5,No,0.0,None
21:35:57.558,Active,433.0,2.4,95.5,11.6,77.1,No,0.0,None
21:35:57.974,Active,408.8,2.4,99.4,11.6,76.5,No,0.0,None
21:35:58.389,Active,407.7,2.4,97.6,11.6,77.1,No,0.0,None
21:35:58.802,Active,404.7,2.4,98.8,11.6,77.1,No,0.0,None
21:35:59.214,Active,404.8,2.4,98.8,11.6,77.1,No,0.0,None
21:35:59.630,Active,409.9,2.4,99.4,11.6,77.7,No,0.0,None
21:36:00.047,Active,406.6,2.4,98.2,11.6,77.1,No,0.0,None
21:36:00.464,Active,408.7,2.4,97.6,11.6,77.1,No,0.0,None
21:36:00.880,Active,406.5,2.4,98.2,11.6,77.7,No,0.0,None
21:36:01.292,Active,406.3,2.4,99.4,11.6,77.7,No,0.0,None
21:36:01.705,Active,407.2,2.4,99.4,11.6,77.1,No,0.0,None
21:36:02.118,Active,406.3,2.4,99.4,11.6,77.7,No,0.0,None
21:36:02.546,Active,420.8,2.4,98.2,11.6,77.1,No,0.0,None
21:36:02.960,Active,407.0,2.4,98.2,11.6,77.1,No,0.0,None
21:36:03.378,Active,408.6,2.4,98.2,11.6,78.2,No,0.0,None
21:36:03.794,Active,409.6,2.4,98.2,11.6,77.7,No,0.0,None
21:36:49.246,Active,436.4,2.4,1.1,11.6,59.0,No,0.0,None
21:36:49.662,Active,409.2,2.4,99.4,11.6,60.6,No,0.0,None
21:36:50.081,Active,411.5,2.4,97.6,11.6,61.7,No,0.0,None
21:36:50.500,Active,411.3,2.4,98.8,11.6,62.2,No,0.0,None
21:36:50.914,Active,407.3,2.4,98.8,11.6,63.4,No,0.0,None
21:36:51.327,Active,406.9,2.4,98.8,11.6,64.5,No,0.0,None
21:36:51.740,Active,407.8,3.4,99.4,11.6,65.0,No,0.0,None
21:36:52.159,Active,408.4,3.4,98.2,11.6,65.5,No,0.0,None
21:36:52.575,Active,409.4,3.4,98.2,11.6,66.7,No,0.0,None
21:36:52.991,Active,407.0,3.4,98.2,11.6,66.7,No,0.0,None
21:36:53.407,Active,406.9,3.4,97.6,11.6,67.2,No,0.0,None
21:36:53.827,Active,408.8,3.4,98.2,11.6,67.8,No,0.0,None
21:36:54.240,Active,406.7,3.4,98.8,11.5,67.2,No,0.0,None
21:36:54.656,Active,410.0,3.4,98.8,11.5,67.8,No,0.0,None
21:36:55.072,Active,406.5,3.4,98.2,11.5,68.8,No,0.0,None
21:36:55.488,Active,408.3,3.4,98.8,11.5,69.4,No,0.0,None
21:36:55.921,Active,404.3,2.4,93.6,11.5,68.8,No,0.0,None
21:36:56.334,Active,407.0,2.4,99.4,11.5,69.4,No,0.0,None
21:36:56.754,Active,409.8,2.4,98.2,11.5,70.0,No,0.0,None
21:36:57.170,Active,408.5,2.4,98.2,11.5,70.0,No,0.0,None
21:36:57.586,Active,408.8,2.4,98.8,11.5,70.5,No,0.0,None
21:36:58.019,Active,426.1,2.4,98.3,11.5,70.5,No,0.0,None
21:36:58.446,Active,414.1,2.4,97.7,11.6,70.5,No,0.0,None
21:36:58.859,Active,406.0,2.4,98.8,11.6,70.5,No,0.0,None
21:36:59.275,Active,407.1,2.4,98.8,11.6,70.5,No,0.0,None
21:36:59.692,Active,410.5,2.4,98.8,11.6,73.2,No,0.0,None
21:37:00.111,Active,409.8,2.4,97.6,11.6,71.6,No,0.0,None
21:37:00.533,Active,411.5,2.4,98.2,11.6,71.6,No,0.0,None
21:37:00.954,Active,409.5,2.4,97.6,11.5,71.6,No,0.0,None
21:37:01.372,Active,409.1,2.4,98.2,11.5,71.6,No,0.0,None
21:37:01.789,Active,408.7,2.4,98.2,11.5,72.2,No,0.0,None
21:37:02.206,Active,407.5,2.4,98.2,11.5,72.2,No,0.0,None
21:37:02.626,Active,409.8,2.4,98.2,11.5,72.7,No,0.0,None
21:37:03.043,Active,407.2,2.4,98.2,11.5,73.2,No,0.0,None
21:37:03.471,Active,420.4,2.4,98.2,11.5,73.2,No,0.0,None
21:37:03.888,Active,407.8,2.4,98.2,11.5,73.2,No,0.0,None
21:37:04.302,Active,406.5,2.4,98.8,11.5,73.2,No,0.0,None
21:37:04.722,Active,409.6,2.4,98.2,11.5,74.9,No,0.0,None
21:37:05.138,Active,405.8,2.4,98.2,11.5,73.8,No,0.0,None
21:37:05.556,Active,410.5,2.4,98.2,11.5,73.2,No,0.0,None
21:37:05.970,Active,404.1,2.4,98.2,11.5,73.2,No,0.0,None
21:37:06.386,Active,406.5,2.4,98.2,11.5,73.8,No,0.0,None
21:37:06.803,Active,408.1,2.4,98.8,11.5,73.2,No,0.0,None
21:37:07.215,Active,406.4,2.4,98.8,11.5,73.8,No,0.0,None
21:37:07.636,Active,410.4,2.4,98.2,11.5,73.2,No,0.0,None
21:37:08.050,Active,406.3,2.4,98.8,11.5,73.8,No,0.0,None
21:37:08.485,Active,427.8,2.4,98.3,11.5,74.3,No,0.0,None
21:37:08.898,Active,404.9,2.4,98.8,11.5,74.3,No,0.0,None
21:37:09.314,Active,409.2,2.4,98.8,11.5,73.2,No,0.0,None
21:37:09.731,Active,410.2,2.4,98.2,11.5,75.5,No,0.0,None
21:37:10.145,Active,407.1,2.4,98.8,11.5,74.3,No,0.0,None
21:37:10.565,Active,409.5,2.4,97.6,11.5,73.8,No,0.0,None
21:37:10.979,Active,406.8,2.4,98.2,11.5,74.3,No,0.0,None
21:37:11.395,Active,406.2,2.4,98.2,11.5,73.8,No,0.0,None
21:37:11.837,Active,432.7,2.4,94.3,11.5,74.3,No,0.0,None
21:37:12.255,Active,407.6,2.4,97.6,11.5,75.5,No,0.0,None
21:37:12.673,Active,408.4,2.4,98.2,11.5,74.9,No,0.0,None
21:37:13.090,Active,407.1,2.4,98.2,11.5,74.3,No,0.0,None
21:37:13.535,Active,434.7,2.4,97.7,11.5,74.9,No,0.0,None
21:37:13.947,Active,405.4,2.4,98.8,11.5,75.5,No,0.0,None
21:37:14.363,Active,405.6,2.4,98.2,11.5,74.9,No,0.0,None
21:37:14.779,Active,406.8,2.4,97.6,11.5,75.5,No,0.0,None
21:37:15.200,Active,411.6,2.4,97.6,11.5,75.5,No,0.0,None
21:37:15.616,Active,407.7,2.4,98.2,11.5,75.5,No,0.0,None
21:37:16.048,Active,423.1,2.4,95.3,11.5,76.0,No,0.0,None
21:37:16.466,Active,409.1,2.4,98.2,11.5,74.3,No,0.0,None
21:37:16.880,Active,406.7,2.4,98.8,11.5,74.9,No,0.0,None
21:37:17.293,Active,407.2,2.4,98.8,11.5,76.0,No,0.0,None
21:37:17.711,Active,409.7,2.4,98.2,11.5,74.9,No,0.0,None
21:37:18.124,Active,407.2,2.4,98.8,11.5,75.5,No,0.0,None
21:37:18.559,Active,425.8,2.4,98.3,11.6,75.5,No,0.0,None
21:37:18.974,Active,408.8,2.4,98.8,11.6,76.5,No,0.0,None
21:37:19.393,Active,413.6,2.4,98.8,11.6,74.9,No,0.0,None
21:37:19.810,Active,410.3,2.4,98.8,11.6,75.5,No,0.0,None
21:37:20.232,Active,415.0,2.4,97.6,11.6,75.5,No,0.0,None
21:37:20.682,Active,440.9,2.4,94.9,11.6,76.0,No,0.0,None
21:37:21.095,Active,405.5,2.4,98.8,11.6,76.0,No,0.0,None
21:37:21.511,Active,409.0,2.4,98.8,11.6,76.0,No,0.0,None
21:37:21.924,Active,406.9,2.4,98.8,11.6,76.0,No,0.0,None
21:37:22.339,Active,405.8,2.4,98.2,11.5,76.0,No,0.0,None
21:37:22.758,Active,412.5,2.4,98.8,11.5,76.0,No,0.0,None
21:37:23.172,Active,407.3,2.4,98.2,11.5,76.0,No,0.0,None
21:37:23.589,Active,408.1,2.4,98.2,11.5,76.5,No,0.0,None
21:37:24.070,Active,429.8,2.4,86.4,11.5,76.0,No,0.0,None
21:37:24.485,Active,409.3,2.4,99.4,11.5,76.0,No,0.0,None
21:37:24.896,Active,403.2,2.4,98.2,11.5,76.5,No,0.0,None
21:37:25.314,Active,406.1,2.4,98.2,11.5,77.1,No,0.0,None
21:37:25.733,Active,409.0,2.4,98.2,11.5,76.0,No,0.0,None
21:37:26.148,Active,405.8,2.4,98.2,11.5,76.5,No,0.0,None
21:37:26.563,Active,407.7,2.4,98.8,11.5,76.5,No,0.0,None
21:37:26.983,Active,405.4,2.4,97.1,11.5,76.5,No,0.0,None
21:37:27.398,Active,408.5,2.4,98.8,11.5,76.5,No,0.0,None
21:37:27.821,Active,416.0,2.4,97.1,11.5,77.1,No,0.0,None
21:37:28.235,Active,405.4,2.4,98.8,11.5,76.5,No,0.0,None
21:37:28.687,Active,445.5,2.4,98.9,11.6,76.5,No,0.0,None
21:37:29.102,Active,408.2,2.4,98.2,11.6,76.5,No,0.0,None
21:37:29.517,Active,407.4,2.4,98.8,11.6,76.5,No,0.0,None
21:37:29.931,Active,408.7,2.4,98.8,11.6,76.5,No,0.0,None
21:37:30.350,Active,408.7,2.4,97.0,11.6,77.1,No,0.0,None
21:37:30.766,Active,406.3,2.4,98.2,11.6,77.1,No,0.0,None
21:37:31.183,Active,405.5,2.4,98.2,11.6,76.5,No,0.0,None
21:37:31.603,Active,412.2,2.4,98.8,11.6,76.5,No,0.0,None
21:37:32.019,Active,408.7,2.4,97.6,11.5,77.1,No,0.0,None
21:37:32.434,Active,407.5,2.4,98.8,11.5,77.1,No,0.0,None
21:37:32.850,Active,406.4,2.4,98.2,11.5,77.1,No,0.0,None
21:37:33.281,Active,421.1,2.4,95.9,11.5,77.7,No,0.0,None
21:37:33.697,Active,409.0,2.4,98.8,11.5,76.5,No,0.0,None
21:37:34.120,Active,414.3,2.4,98.8,11.5,77.1,No,0.0,None
21:37:34.540,Active,410.6,2.4,97.7,11.6,77.1,No,0.0,None
21:37:34.958,Active,408.0,2.4,98.2,11.5,77.7,No,0.0,None
21:37:35.375,Active,409.8,2.4,98.8,11.5,77.7,No,0.0,None
21:37:35.790,Active,408.9,2.4,98.2,11.5,77.1,No,0.0,None
21:37:36.207,Active,409.5,2.4,98.8,11.5,77.7,No,0.0,None
21:37:36.625,Active,410.2,2.4,97.6,11.5,77.7,No,0.0,None
21:37:37.058,Active,426.8,2.4,95.9,11.5,77.1,No,0.0,None
21:37:37.478,Active,412.9,2.4,98.8,11.5,77.1,No,0.0,None
21:37:37.891,Active,406.0,2.4,98.2,11.5,77.1,No,0.0,None
21:37:38.308,Active,407.9,2.4,98.2,11.5,77.7,No,0.0,None
21:37:38.735,Active,417.8,2.4,98.2,11.5,77.1,No,0.0,None
21:37:39.246,Active,404.5,2.4,79.3,11.6,77.7,No,0.0,None
21:37:39.666,Active,412.8,2.4,98.8,11.6,77.1,No,0.0,None
21:37:40.086,Active,414.1,2.4,97.0,11.6,77.1,No,0.0,None
21:37:40.502,Active,408.7,2.4,98.8,11.6,77.1,No,0.0,None
21:37:40.913,Active,404.7,2.4,99.4,11.6,78.2,No,0.0,None
21:37:41.330,Active,410.3,2.4,99.4,11.6,77.1,No,0.0,None
21:37:41.749,Active,410.5,2.4,98.2,11.5,77.1,No,0.0,None
21:37:42.167,Active,409.5,2.3,98.8,11.5,77.1,No,0.0,None
21:37:42.582,Active,409.3,2.3,97.6,11.5,78.2,No,0.0,None
21:37:42.997,Active,408.1,2.3,98.8,11.5,78.2,No,0.0,None
21:37:43.413,Active,410.2,2.3,98.2,11.5,78.2,No,0.0,None
21:37:43.965,Active,452.1,2.3,80.4,11.6,77.7,No,0.0,None
21:37:44.377,Active,405.7,2.3,99.4,11.6,77.1,No,0.0,None
21:37:44.788,Active,405.6,2.3,98.8,11.6,77.7,No,0.0,None
21:37:45.202,Active,407.3,2.3,99.4,11.6,77.7,No,0.0,None
21:37:45.619,Active,409.4,2.3,98.2,11.6,78.2,No,0.0,None
21:37:46.039,Active,414.4,2.3,98.2,11.6,77.7,No,0.0,None
21:37:46.456,Active,410.5,2.3,98.8,11.6,77.7,No,0.0,None
21:37:46.875,Active,409.5,2.3,97.6,11.5,78.2,No,0.0,None
21:37:47.295,Active,409.4,2.3,98.2,11.5,77.7,No,0.0,None
21:37:47.711,Active,409.6,2.3,97.6,11.6,77.7,No,0.0,None
21:37:48.133,Active,411.5,2.3,98.2,11.6,78.2,No,0.0,None
21:37:48.568,Active,428.0,2.3,95.4,11.6,77.7,No,0.0,None
21:37:48.999,Active,422.0,2.3,98.3,11.6,77.7,No,0.0,None
21:38:34.441,Active,427.5,2.3,1.1,11.6,58.4,No,0.0,None
21:38:34.864,Active,414.7,2.3,98.2,11.6,60.0,No,0.0,None
21:38:35.296,Active,422.9,2.3,95.4,11.6,62.2,No,0.0,None
21:38:35.715,Active,410.1,5.9,98.2,11.6,62.8,No,0.0,None
21:38:36.130,Active,408.0,5.9,99.4,11.6,62.8,No,0.0,None
21:38:36.545,Active,409.0,5.9,98.8,11.6,64.5,No,0.0,None
21:38:36.958,Active,407.1,5.9,98.8,11.6,65.0,No,0.0,None
21:38:37.372,Active,407.0,5.9,98.8,11.6,65.5,No,0.0,None
21:38:37.789,Active,411.0,5.9,98.8,11.6,66.7,No,0.0,None
21:38:38.204,Active,406.5,5.9,98.2,11.6,66.7,No,0.0,None
21:38:38.639,Active,426.2,5.9,95.3,11.6,67.2,No,0.0,None
21:38:39.056,Active,408.2,5.9,98.8,11.6,67.8,No,0.0,None
21:38:39.471,Active,409.4,5.9,98.8,11.6,67.8,No,0.0,None
21:38:39.907,Active,425.5,2.4,98.3,11.6,68.8,No,0.0,None
21:38:40.319,Active,405.5,2.4,98.8,11.6,69.4,No,0.0,None
21:38:40.732,Active,407.8,2.4,99.4,11.6,70.0,No,0.0,None
21:38:41.149,Active,404.8,2.4,98.8,11.6,69.4,No,0.0,None
21:38:41.564,Active,409.5,2.4,98.8,11.6,69.4,No,0.0,None
21:38:41.973,Active,402.6,2.4,99.4,11.6,70.0,No,0.0,None
21:38:42.385,Active,403.5,2.4,99.4,11.5,71.0,No,0.0,None
21:38:42.797,Active,406.1,2.4,99.4,11.5,70.5,No,0.0,None
21:38:43.210,Active,407.3,2.4,99.4,11.5,71.0,No,0.0,None
21:38:43.623,Active,406.5,2.4,99.4,11.5,71.0,No,0.0,None
21:38:44.041,Active,408.1,2.4,98.2,11.5,71.6,No,0.0,None
21:38:44.457,Active,409.6,2.4,98.8,11.5,71.6,No,0.0,None
21:38:44.908,Active,445.4,2.4,97.8,11.5,71.0,No,0.0,None
21:38:45.323,Active,405.8,2.4,98.2,11.5,72.2,No,0.0,None
21:38:45.736,Active,406.8,2.4,98.8,11.5,71.6,No,0.0,None
21:38:46.152,Active,406.5,2.4,98.2,11.5,72.2,No,0.0,None
21:38:46.572,Active,409.7,2.4,98.2,11.5,72.7,No,0.0,None
21:38:46.989,Active,407.3,2.4,98.2,11.5,72.2,No,0.0,None
21:38:47.404,Active,406.9,2.4,98.2,11.5,72.7,No,0.0,None
21:38:47.823,Active,407.1,2.4,98.2,11.5,72.2,No,0.0,None
21:38:48.238,Active,405.9,2.4,97.6,11.5,72.7,No,0.0,None
21:38:48.657,Active,409.6,2.4,98.2,11.5,73.2,No,0.0,None
21:38:49.081,Active,413.5,2.4,97.6,11.5,73.2,No,0.0,None
21:38:49.498,Active,408.6,2.4,98.8,11.5,73.2,No,0.0,None
21:38:49.916,Active,408.3,2.4,98.2,11.5,73.2,No,0.0,None
21:38:50.353,Active,429.6,2.4,98.9,11.6,72.7,No,0.0,None
21:38:50.771,Active,411.6,2.4,99.4,11.6,73.2,No,0.0,None
21:38:51.185,Active,407.4,2.4,98.2,11.6,73.2,No,0.0,None
21:38:51.605,Active,410.2,2.4,98.2,11.6,73.8,No,0.0,None
21:38:52.023,Active,411.9,2.4,98.8,11.6,73.8,No,0.0,None
21:38:52.438,Active,408.9,2.4,98.2,11.6,73.8,No,0.0,None
21:38:52.852,Active,407.4,2.4,98.8,11.6,74.3,No,0.0,None
21:38:53.266,Active,404.4,2.4,98.2,11.6,73.8,No,0.0,None
21:38:53.710,Active,437.1,2.4,95.5,11.6,73.8,No,0.0,None
21:38:54.126,Active,408.8,2.4,98.8,11.6,74.3,No,0.0,None
21:38:54.542,Active,409.7,2.4,99.4,11.6,73.8,No,0.0,None
21:38:54.954,Active,405.1,2.4,98.8,11.6,74.9,No,0.0,None
21:38:55.366,Active,404.3,2.4,98.8,11.6,74.3,No,0.0,None
21:38:55.783,Active,410.0,2.4,98.2,11.6,74.9,No,0.0,None
21:38:56.206,Active,412.4,2.4,97.7,11.5,73.8,No,0.0,None
21:38:56.624,Active,410.4,2.4,98.8,11.6,74.9,No,0.0,None
21:38:57.039,Active,405.4,2.4,98.2,11.6,76.0,No,0.0,None
21:38:57.453,Active,407.8,2.4,98.8,11.6,74.9,No,0.0,None
21:38:57.866,Active,406.8,2.4,99.4,11.6,74.3,No,0.0,None
21:38:58.282,Active,408.5,2.4,98.8,11.5,74.9,No,0.0,None
21:38:58.699,Active,409.6,2.4,98.2,11.5,75.5,No,0.0,None
21:38:59.111,Active,405.6,2.4,98.8,11.5,75.5,No,0.0,None
21:38:59.534,Active,414.5,2.4,97.6,11.6,74.9,No,0.0,None
21:38:59.948,Active,407.1,2.4,98.2,11.6,75.5,No,0.0,None
21:39:00.394,Active,437.2,2.4,97.7,11.6,75.5,No,0.0,None
21:39:00.809,Active,408.1,2.4,98.8,11.6,74.9,No,0.0,None
21:39:01.221,Active,406.0,2.4,98.8,11.6,76.5,No,0.0,None
21:39:01.638,Active,410.4,2.4,98.8,11.6,74.9,No,0.0,None
21:39:02.051,Active,406.3,2.4,98.8,11.6,76.0,No,0.0,None
21:39:02.462,Active,404.6,2.4,99.4,11.6,77.1,No,0.0,None
21:39:02.874,Active,405.6,2.4,99.4,11.6,76.0,No,0.0,None
21:39:03.284,Active,402.7,2.4,99.4,11.6,75.5,No,0.0,None
21:39:03.697,Active,406.9,2.4,99.4,11.6,76.0,No,0.0,None
21:39:04.110,Active,406.5,2.4,98.8,11.6,76.0,No,0.0,None
21:39:04.530,Active,413.9,2.4,98.8,11.6,76.0,No,0.0,None
21:39:04.944,Active,407.0,2.4,98.8,11.6,76.0,No,0.0,None
21:39:05.368,Active,418.1,2.4,98.8,11.6,76.0,No,0.0,None
21:39:05.780,Active,406.2,2.4,99.4,11.6,74.9,No,0.0,None
21:39:06.207,Active,416.2,2.4,97.6,11.6,76.0,No,0.0,None
21:39:06.621,Active,407.8,2.4,98.2,11.6,75.5,No,0.0,None
21:39:07.030,Active,403.5,2.4,99.4,11.6,76.0,No,0.0,None
21:39:07.450,Active,412.8,2.4,98.2,11.6,76.5,No,0.0,None
21:39:07.866,Active,406.1,2.4,98.2,11.5,76.0,No,0.0,None
21:39:08.279,Active,405.9,2.4,98.8,11.6,76.5,No,0.0,None
21:39:08.706,Active,416.9,2.4,96.5,11.5,76.0,No,0.0,None
21:39:09.131,Active,418.6,2.4,97.0,11.6,76.0,No,0.0,None
21:39:09.565,Active,425.4,2.4,95.4,11.6,76.5,No,0.0,None
21:39:09.995,Active,421.9,2.4,96.4,11.6,76.5,No,0.0,None
21:39:10.424,Active,419.8,2.4,98.3,11.6,76.5,No,0.0,None
21:39:10.842,Active,408.4,2.4,97.6,11.6,76.5,No,0.0,None
21:39:11.256,Active,406.1,2.4,98.2,11.6,77.1,No,0.0,None
21:39:11.672,Active,409.3,2.4,99.4,11.6,75.5,No,0.0,None
21:39:12.096,Active,415.0,2.4,97.1,11.6,76.5,No,0.0,None
21:39:12.515,Active,410.0,2.4,97.6,11.6,77.1,No,0.0,None
21:39:12.931,Active,405.5,2.4,97.6,11.6,76.5,No,0.0,None
21:39:13.349,Active,411.6,2.4,98.8,11.5,76.5,No,0.0,None
21:39:13.767,Active,409.0,2.4,98.2,11.5,77.7,No,0.0,None
21:39:14.184,Active,407.1,2.4,98.2,11.5,75.5,No,0.0,None
21:39:14.625,Active,435.3,2.4,94.3,11.5,77.7,No,0.0,None
21:39:15.038,Active,404.9,2.4,98.8,11.5,76.0,No,0.0,None
21:39:15.471,Active,426.9,2.4,98.3,11.6,77.1,No,0.0,None
21:39:15.891,Active,410.8,2.4,98.8,11.6,77.1,No,0.0,None
21:39:16.306,Active,407.7,2.4,97.6,11.6,76.5,No,0.0,None
21:39:16.723,Active,411.0,2.4,99.4,11.6,77.1,No,0.0,None
21:39:17.135,Active,406.1,2.4,98.8,11.6,76.5,No,0.0,None
21:39:17.555,Active,413.7,2.4,99.4,11.5,77.1,No,0.0,None
21:39:17.968,Active,406.8,2.4,98.2,11.5,77.1,No,0.0,None
21:39:18.383,Active,406.1,2.4,98.2,11.5,77.1,No,0.0,None
21:39:18.799,Active,409.3,2.4,99.4,11.5,76.5,No,0.0,None
21:39:19.212,Active,407.6,2.4,98.2,11.5,77.1,No,0.0,None
21:39:19.629,Active,410.7,2.4,98.8,11.5,76.5,No,0.0,None
21:39:20.053,Active,415.9,2.4,96.4,11.5,76.5,No,0.0,None
21:39:20.476,Active,416.5,2.4,99.4,11.5,77.1,No,0.0,None
21:39:20.891,Active,407.3,2.4,99.4,11.6,77.1,No,0.0,None
21:39:21.306,Active,407.3,2.4,98.2,11.6,77.7,No,0.0,None
21:39:21.722,Active,410.0,2.4,99.4,11.6,76.5,No,0.0,None
21:39:22.135,Active,406.1,2.4,98.2,11.6,76.5,No,0.0,None
21:39:22.554,Active,408.5,2.4,98.2,11.6,77.7,No,0.0,None
21:39:22.967,Active,405.6,2.4,98.8,11.6,76.5,No,0.0,None
21:39:23.383,Active,409.5,2.4,98.8,11.6,77.1,No,0.0,None
21:39:23.798,Active,409.1,2.4,98.2,11.6,76.0,No,0.0,None
21:39:24.213,Active,407.5,2.4,98.8,11.5,76.5,No,0.0,None
21:39:24.631,Active,409.6,2.4,98.8,11.5,77.7,No,0.0,None
21:39:25.046,Active,408.4,2.4,98.2,11.5,76.5,No,0.0,None
21:39:25.461,Active,408.0,2.4,98.2,11.5,77.7,No,0.0,None
21:39:25.885,Active,415.3,2.4,97.0,11.5,77.7,No,0.0,None
21:39:26.301,Active,407.1,2.4,98.2,11.6,77.1,No,0.0,None
21:39:26.726,Active,418.0,2.4,97.6,11.5,77.7,No,0.0,None
21:39:27.142,Active,408.4,2.4,98.8,11.5,77.7,No,0.0,None
21:39:27.554,Active,406.6,2.4,98.8,11.5,77.7,No,0.0,None
21:39:27.970,Active,409.9,2.4,99.4,11.5,78.2,No,0.0,None
21:39:28.389,Active,411.4,2.4,97.6,11.5,77.7,No,0.0,None
21:39:28.804,Active,407.0,2.4,98.2,11.5,77.7,No,0.0,None
21:39:29.219,Active,408.7,2.4,98.8,11.5,77.7,No,0.0,None
21:39:29.636,Active,411.3,2.4,98.8,11.5,77.7,No,0.0,None
21:39:30.053,Active,408.0,2.4,97.6,11.5,77.7,No,0.0,None
21:39:30.473,Active,412.2,2.4,98.8,11.5,78.2,No,0.0,None
21:39:30.915,Active,433.4,2.4,97.7,11.6,78.2,No,0.0,None
21:39:31.330,Active,409.2,2.4,99.4,11.6,77.7,No,0.0,None
21:39:31.746,Active,408.6,2.4,98.2,11.6,77.7,No,0.0,None
21:39:32.161,Active,407.9,2.4,98.8,11.6,77.7,No,0.0,None
21:39:32.576,Active,409.0,2.4,99.4,11.6,77.7,No,0.0,None
21:39:32.993,Active,408.0,2.4,97.6,11.6,78.2,No,0.0,None
21:39:33.405,Active,405.4,2.4,98.8,11.6,79.3,No,0.0,None
21:39:33.817,Active,403.8,2.4,98.8,11.6,77.7,No,0.0,None
21:39:34.230,Active,406.6,2.4,99.4,11.6,78.8,No,0.0,None
21:40:19.670,Active,425.0,2.4,1.1,11.6,59.5,No,0.0,None
21:40:20.087,Active,406.8,2.4,97.6,11.7,60.0,No,0.0,None
21:40:20.505,Active,410.5,2.4,98.8,11.7,61.1,No,0.0,None
21:40:20.921,Active,403.9,2.4,97.6,11.7,62.2,No,0.0,None
21:40:21.335,Active,404.7,2.4,98.8,11.7,63.4,No,0.0,None
21:40:21.769,Active,428.2,2.4,98.9,11.7,64.5,No,0.0,None
21:40:22.187,Active,408.3,2.4,98.2,11.7,66.7,No,0.0,None
21:40:22.606,Active,409.1,2.4,98.2,11.7,65.0,No,0.0,None
21:40:23.017,Active,404.0,2.4,98.8,11.7,66.7,No,0.0,None
21:40:23.433,Active,408.1,2.4,99.4,11.7,67.2,No,0.0,None
21:40:23.847,Active,405.8,2.4,98.2,11.7,66.7,No,0.0,None
21:40:24.258,Active,405.3,2.4,99.4,11.7,68.8,No,0.0,None
21:40:24.706,Active,408.3,2.4,91.8,11.6,67.8,No,0.0,None
21:40:25.119,Active,405.0,2.4,98.8,11.6,68.3,No,0.0,None
21:40:25.537,Active,407.6,2.4,98.8,11.6,68.3,No,0.0,None
21:40:25.956,Active,409.5,2.4,97.6,11.6,69.4,No,0.0,None
21:40:26.373,Active,408.0,2.4,98.2,11.6,69.4,No,0.0,None
21:40:26.789,Active,409.4,2.4,98.8,11.6,70.0,No,0.0,None
21:40:27.202,Active,406.7,2.4,98.2,11.6,70.0,No,0.0,None
21:40:27.619,Active,410.6,2.4,98.8,11.6,70.0,No,0.0,None
21:40:28.030,Active,404.9,2.4,98.2,11.6,71.0,No,0.0,None
21:40:28.448,Active,407.6,2.4,98.2,11.6,70.5,No,0.0,None
21:40:28.865,Active,407.5,2.4,98.2,11.6,70.0,No,0.0,None
21:40:29.286,Active,413.9,2.4,98.2,11.6,71.0,No,0.0,None
21:40:29.704,Active,410.0,2.4,98.2,11.6,72.7,No,0.0,None
21:40:30.120,Active,406.3,2.4,98.2,11.6,71.6,No,0.0,None
21:40:30.536,Active,407.2,2.4,98.2,11.6,72.2,No,0.0,None
21:40:30.955,Active,409.9,2.4,98.2,11.6,71.6,No,0.0,None
21:40:31.368,Active,406.7,2.4,98.8,11.6,72.2,No,0.0,None
21:40:31.824,Active,446.5,2.4,97.3,11.6,72.2,No,0.0,None
21:40:32.236,Active,405.8,2.4,99.4,11.6,72.7,No,0.0,None
21:40:32.657,Active,411.2,2.4,97.6,11.6,72.2,No,0.0,None
21:40:33.075,Active,409.6,2.4,98.2,11.6,72.7,No,0.0,None
21:40:33.489,Active,407.9,2.4,98.8,11.6,72.7,No,0.0,None
21:40:33.915,Active,419.1,2.4,98.8,11.6,73.8,No,0.0,None
21:40:34.330,Active,407.3,2.4,98.2,11.6,73.2,No,0.0,None
21:40:34.750,Active,409.7,2.4,98.2,11.5,72.2,No,0.0,None
21:40:35.166,Active,406.7,2.4,97.6,11.5,73.2,No,0.0,None
21:40:35.584,Active,408.5,2.4,98.2,11.5,73.2,No,0.0,None
21:40:36.000,Active,406.8,2.4,98.2,11.5,72.7,No,0.0,None
21:40:36.418,Active,408.3,2.4,98.2,11.5,73.8,No,0.0,None
21:40:36.843,Active,415.7,2.4,98.2,11.5,73.2,No,0.0,None
21:40:37.255,Active,406.0,2.4,99.4,11.6,73.2,No,0.0,None
21:40:37.669,Active,407.2,2.4,99.4,11.6,73.8,No,0.0,None
21:40:38.080,Active,405.5,2.4,98.8,11.6,73.8,No,0.0,None
21:40:38.496,Active,406.8,2.4,98.2,11.6,74.9,No,0.0,None
21:40:38.913,Active,406.8,2.4,98.2,11.6,75.5,No,0.0,None
21:40:39.326,Active,406.6,2.4,98.8,11.6,74.3,No,0.0,None
21:40:39.743,Active,410.1,2.4,98.8,11.6,73.8,No,0.0,None
21:40:40.157,Active,407.8,2.4,98.8,11.6,74.3,No,0.0,None
21:40:40.570,Active,406.6,2.4,99.4,11.5,74.3,No,0.0,None
21:40:40.987,Active,407.2,2.4,98.2,11.5,74.3,No,0.0,None
21:40:41.400,Active,407.3,2.4,99.4,11.5,74.3,No,0.0,None
21:40:41.845,Active,438.7,2.4,95.5,11.6,74.9,No,0.0,None
21:40:42.266,Active,409.0,2.4,98.2,11.6,74.9,No,0.0,None
21:40:42.681,Active,407.5,2.4,98.2,11.6,74.9,No,0.0,None
21:40:43.093,Active,406.1,2.4,99.4,11.6,75.5,No,0.0,None
21:40:43.511,Active,409.8,2.4,98.8,11.6,74.9,No,0.0,None
21:40:43.923,Active,405.9,2.4,98.8,11.6,77.1,No,0.0,None
21:40:44.339,Active,405.4,2.4,98.8,11.6,74.9,No,0.0,None
21:40:44.755,Active,409.5,2.4,99.4,11.6,75.5,No,0.0,None
21:40:45.173,Active,412.0,2.4,98.2,11.6,74.9,No,0.0,None
21:40:45.589,Active,408.3,2.4,98.2,11.6,74.9,No,0.0,None
21:40:46.006,Active,410.3,2.4,98.8,11.6,74.9,No,0.0,None
21:40:46.422,Active,408.8,2.4,98.2,11.6,76.0,No,0.0,None
21:40:46.858,Active,426.0,2.4,97.1,11.6,74.3,No,0.0,None
21:40:47.271,Active,406.7,2.4,99.4,11.6,75.5,No,0.0,None
21:40:47.686,Active,409.0,2.4,98.8,11.6,74.9,No,0.0,None
21:40:48.102,Active,408.6,2.4,98.8,11.6,75.5,No,0.0,None
21:40:48.519,Active,409.5,2.4,98.8,11.6,76.0,No,0.0,None
21:40:48.945,Active,420.4,2.4,96.5,11.6,76.0,No,0.0,None
21:40:49.359,Active,407.2,2.4,99.4,11.6,76.5,No,0.0,None
21:40:49.782,Active,416.5,2.4,98.2,11.6,74.9,No,0.0,None
21:40:50.199,Active,409.7,2.4,98.8,11.6,75.5,No,0.0,None
21:40:50.614,Active,408.9,2.4,98.8,11.6,76.0,No,0.0,None
21:40:51.030,Active,408.4,2.4,98.8,11.6,76.0,No,0.0,None
21:40:51.446,Active,409.9,2.4,99.4,11.6,76.5,No,0.0,None
21:40:51.862,Active,408.8,2.4,98.8,11.6,76.0,No,0.0,None
21:40:52.299,Active,430.1,2.4,98.3,11.6,76.0,No,0.0,None
21:40:52.719,Active,410.0,2.4,98.2,11.6,76.0,No,0.0,None
21:40:53.138,Active,408.4,2.4,97.6,11.6,76.5,No,0.0,None
21:40:53.554,Active,410.1,2.4,99.4,11.6,75.5,No,0.0,None
21:40:53.975,Active,409.6,2.4,97.6,11.6,76.5,No,0.0,None
21:40:54.388,Active,406.9,2.4,98.2,11.6,76.5,No,0.0,None
21:40:54.803,Active,408.4,2.4,99.4,11.6,77.1,No,0.0,None
21:40:55.214,Active,404.9,2.4,99.4,11.6,75.5,No,0.0,None
21:40:55.632,Active,408.0,2.4,98.8,11.6,76.5,No,0.0,None
21:40:56.046,Active,405.9,2.4,98.8,11.6,77.1,No,0.0,None
21:40:56.462,Active,408.5,2.4,98.8,11.5,76.5,No,0.0,None
21:40:56.878,Active,408.8,2.4,98.2,11.5,76.5,No,0.0,None
21:40:57.292,Active,406.4,2.4,98.2,11.5,76.0,No,0.0,None
21:40:57.710,Active,408.4,2.4,98.2,11.5,76.5,No,0.0,None
21:40:58.123,Active,406.9,2.4,98.8,11.5,77.1,No,0.0,None
21:40:58.543,Active,409.9,2.4,98.2,11.5,77.1,No,0.0,None
21:40:58.959,Active,408.0,2.4,98.2,11.5,77.1,No,0.0,None
21:40:59.377,Active,408.1,2.4,98.2,11.5,77.7,No,0.0,None
21:40:59.797,Active,410.4,2.4,98.2,11.5,76.5,No,0.0,None
21:41:00.214,Active,407.5,2.4,97.6,11.5,76.0,No,0.0,None
21:41:00.634,Active,412.7,2.4,98.8,11.5,77.7,No,0.0,None
21:41:01.046,Active,405.7,2.4,98.2,11.5,77.7,No,0.0,None
21:41:01.462,Active,410.0,2.4,98.8,11.5,76.0,No,0.0,None
21:41:01.878,Active,407.4,2.4,98.8,11.5,77.1,No,0.0,None
21:41:02.334,Active,446.2,2.4,96.7,11.6,76.5,No,0.0,None
21:41:02.751,Active,409.4,2.4,98.2,11.6,76.5,No,0.0,None
21:41:03.169,Active,408.6,2.4,98.2,11.5,76.5,No,0.0,None
21:41:03.586,Active,410.1,2.4,98.2,11.5,77.1,No,0.0,None
21:41:03.998,Active,405.2,2.4,98.8,11.5,77.1,No,0.0,None
21:41:04.412,Active,407.8,2.4,99.4,11.5,77.7,No,0.0,None
21:41:04.829,Active,406.8,2.4,98.2,11.5,77.1,No,0.0,None
21:41:05.244,Active,406.9,2.4,98.8,11.5,77.7,No,0.0,None
21:41:05.661,Active,409.4,2.4,98.8,11.5,77.1,No,0.0,None
21:41:06.074,Active,405.8,2.4,99.4,11.5,77.1,No,0.0,None
21:41:06.490,Active,407.5,2.4,98.2,11.5,77.7,No,0.0,None
21:41:06.906,Active,407.7,2.4,98.2,11.5,77.1,No,0.0,None
21:41:07.330,Active,416.0,2.4,98.2,11.5,77.7,No,0.0,None
21:41:07.750,Active,410.4,2.4,98.2,11.5,77.7,No,0.0,None
21:41:08.171,Active,413.5,2.4,97.0,11.5,77.7,No,0.0,None
21:41:08.587,Active,408.4,2.4,98.8,11.5,77.1,No,0.0,None
21:41:09.002,Active,407.5,2.4,98.2,11.5,77.7,No,0.0,None
21:41:09.420,Active,408.8,2.4,98.2,11.5,78.2,No,0.0,None
21:41:09.838,Active,407.6,2.4,98.2,11.5,77.7,No,0.0,None
21:41:10.254,Active,406.9,2.4,98.2,11.5,77.7,No,0.0,None
21:41:10.673,Active,411.9,2.4,98.2,11.5,77.7,No,0.0,None
21:41:11.088,Active,406.7,2.4,98.8,11.5,77.7,No,0.0,None
21:41:11.506,Active,410.4,2.4,98.2,11.5,77.7,No,0.0,None
21:41:11.926,Active,412.6,2.4,98.2,11.5,77.1,No,0.0,None
21:41:12.353,Active,420.2,2.4,98.8,11.6,77.1,No,0.0,None
21:41:12.774,Active,412.5,2.4,98.2,11.6,77.1,No,0.0,None
21:41:13.188,Active,407.1,2.4,98.2,11.6,78.2,No,0.0,None
21:41:13.607,Active,409.9,2.4,97.6,11.5,77.7,No,0.0,None
21:41:14.024,Active,407.8,2.4,98.2,11.5,78.2,No,0.0,None
21:41:14.442,Active,408.3,2.4,98.2,11.5,78.2,No,0.0,None
21:41:14.860,Active,407.1,2.4,97.6,11.5,78.2,No,0.0,None
21:41:15.270,Active,403.3,2.4,99.4,11.5,78.2,No,0.0,None
21:41:15.682,Active,406.0,2.4,99.4,11.5,78.2,No,0.0,None
21:41:16.097,Active,409.5,2.4,99.4,11.5,77.1,No,0.0,None
21:41:16.513,Active,407.2,2.4,98.2,11.5,76.5,No,0.0,None
21:41:16.926,Active,406.3,2.4,99.4,11.5,77.1,No,0.0,None
21:41:17.369,Active,435.6,2.4,97.2,11.6,78.2,No,0.0,None
21:41:17.787,Active,409.6,2.4,98.2,11.5,78.8,No,0.0,None
21:41:18.200,Active,407.0,2.4,98.8,11.6,78.2,No,0.0,None
21:41:18.612,Active,405.6,2.4,99.4,11.6,78.8,No,0.0,None
21:41:19.031,Active,413.2,2.4,98.8,11.5,78.2,No,0.0,None
21:41:19.464,Active,426.7,2.4,95.4,11.5,78.2,No,0.0,None
21:42:04.905,Active,424.1,2.4,1.5,11.6,59.5,No,0.0,None
21:42:05.312,Active,401.2,2.4,100.0,11.6,60.6,No,0.0,None
21:42:05.726,Active,406.6,2.4,99.4,11.6,62.2,No,0.0,None
21:42:06.142,Active,408.5,2.4,99.4,11.6,62.8,No,0.0,None
21:42:06.556,Active,407.8,2.4,98.2,11.6,63.9,No,0.0,None
21:42:06.968,Active,406.3,4.0,99.4,11.6,63.9,No,0.0,None
21:42:07.380,Active,406.0,4.0,98.8,11.6,65.0,No,0.0,None
21:42:07.794,Active,406.5,4.0,99.4,11.6,66.1,No,0.0,None
21:42:08.208,Active,407.0,4.0,98.8,11.6,66.7,No,0.0,None
21:42:08.630,Active,411.9,4.0,98.2,11.6,67.2,No,0.0,None
21:42:09.050,Active,409.7,4.0,97.6,11.6,67.2,No,0.0,None
21:42:09.470,Active,410.0,4.0,97.6,11.6,68.3,No,0.0,None
21:42:09.888,Active,408.4,4.0,97.6,11.6,68.8,No,0.0,None
21:42:10.305,Active,407.8,4.0,97.6,11.6,68.8,No,0.0,None
21:42:10.722,Active,409.0,4.0,98.8,11.6,69.4,No,0.0,None
21:42:11.137,Active,408.0,2.4,98.2,11.6,70.0,No,0.0,None
21:42:11.553,Active,408.2,2.4,98.8,11.6,69.4,No,0.0,None
21:42:11.974,Active,412.4,2.4,97.6,11.6,70.5,No,0.0,None
21:42:12.387,Active,406.8,2.4,99.4,11.6,70.5,No,0.0,None
21:42:12.800,Active,406.4,2.4,98.8,11.6,70.5,No,0.0,None
21:42:13.240,Active,430.4,2.4,95.4,11.6,71.6,No,0.0,None
21:42:13.662,Active,412.7,2.4,98.2,11.6,70.5,No,0.0,None
21:42:14.077,Active,408.2,2.4,98.8,11.6,71.0,No,0.0,None
21:42:14.492,Active,408.8,2.4,99.4,11.6,72.2,No,0.0,None
21:42:14.910,Active,408.4,2.4,97.6,11.5,71.6,No,0.0,None
21:42:15.323,Active,404.9,2.4,98.2,11.5,71.0,No,0.0,None
21:42:15.736,Active,407.3,2.4,100.0,11.5,71.6,No,0.0,None
21:42:16.262,Active,412.5,2.4,78.0,11.5,71.6,No,0.0,None
21:42:16.677,Active,408.3,2.4,98.8,11.5,72.7,No,0.0,None
21:42:17.092,Active,408.8,2.4,99.4,11.5,72.2,No,0.0,None
21:42:17.509,Active,408.1,2.4,98.2,11.5,72.7,No,0.0,None
21:42:17.923,Active,407.4,2.4,98.8,11.5,72.7,No,0.0,None
21:42:18.366,Active,433.1,2.4,97.2,11.6,72.7,No,0.0,None
21:42:18.784,Active,410.3,2.4,98.8,11.6,72.7,No,0.0,None
21:42:19.203,Active,409.6,2.4,97.6,11.6,73.2,No,0.0,None
21:42:19.619,Active,409.5,2.3,98.2,11.6,72.7,No,0.0,None
21:42:20.029,Active,403.8,2.3,99.4,11.6,73.8,No,0.0,None
21:42:20.450,Active,409.3,2.3,97.6,11.6,73.2,No,0.0,None
21:42:20.861,Active,405.2,2.3,99.4,11.6,73.8,No,0.0,None
21:42:21.273,Active,406.4,2.3,98.8,11.6,73.8,No,0.0,None
21:42:21.699,Active,417.9,2.3,97.6,11.6,73.8,No,0.0,None
21:42:22.112,Active,407.1,2.3,98.2,11.6,74.3,No,0.0,None
21:42:22.525,Active,406.5,2.3,99.4,11.5,74.9,No,0.0,None
21:42:22.935,Active,404.5,2.3,100.0,11.5,73.2,No,0.0,None
21:42:23.346,Active,405.0,2.3,99.4,11.5,74.9,No,0.0,None
21:42:23.779,Active,426.0,2.4,100.0,11.6,74.3,No,0.0,None
21:42:24.195,Active,410.4,2.4,98.2,11.6,74.9,No,0.0,None
21:42:24.612,Active,406.3,2.4,98.2,11.6,74.9,No,0.0,None
21:42:25.026,Active,408.5,2.4,100.0,11.6,73.8,No,0.0,None
21:42:25.442,Active,408.2,2.4,98.2,11.6,74.9,No,0.0,None
21:42:25.857,Active,408.1,2.4,98.2,11.6,73.8,No,0.0,None
21:42:26.274,Active,410.7,2.4,98.2,11.6,74.3,No,0.0,None
21:42:26.715,Active,430.3,2.4,94.3,11.6,74.9,No,0.0,None
21:42:27.135,Active,409.8,2.4,98.2,11.6,73.8,No,0.0,None
21:42:27.549,Active,408.0,2.4,98.8,11.6,74.9,No,0.0,None
21:42:27.963,Active,407.0,2.4,98.8,11.6,74.9,No,0.0,None
21:42:28.377,Active,408.4,2.4,98.2,11.5,75.5,No,0.0,None
21:42:28.791,Active,405.7,2.4,98.8,11.5,74.9,No,0.0,None
21:42:29.212,Active,415.2,2.4,98.8,11.5,75.5,No,0.0,None
21:42:29.631,Active,411.9,2.4,98.8,11.5,76.0,No,0.0,None
21:42:30.048,Active,411.4,2.4,98.2,11.5,75.5,No,0.0,None
21:42:30.467,Active,409.0,2.4,97.0,11.5,76.0,No,0.0,None
21:42:30.889,Active,414.4,2.4,97.6,11.5,76.0,No,0.0,None
21:42:31.302,Active,406.9,2.4,98.8,11.5,75.5,No,0.0,None
21:42:31.718,Active,410.4,2.4,98.2,11.5,75.5,No,0.0,None
21:42:32.130,Active,404.7,2.4,98.8,11.5,76.0,No,0.0,None
21:42:32.547,Active,410.8,2.4,99.4,11.5,75.5,No,0.0,None
21:42:32.960,Active,406.2,2.4,98.8,11.5,76.0,No,0.0,None
21:42:33.377,Active,405.9,2.4,98.2,11.5,76.0,No,0.0,None
21:42:33.826,Active,442.5,2.4,97.7,11.6,75.5,No,0.0,None
21:42:34.246,Active,413.1,2.4,98.8,11.6,76.0,No,0.0,None
21:42:34.660,Active,406.7,2.4,98.8,11.6,75.5,No,0.0,None
21:42:35.077,Active,411.3,2.4,99.4,11.6,76.0,No,0.0,None
21:42:35.491,Active,407.8,2.4,99.4,11.6,74.3,No,0.0,None
21:42:35.907,Active,407.4,2.4,99.4,11.6,75.5,No,0.0,None
21:42:36.322,Active,409.1,2.4,98.8,11.6,76.0,No,0.0,None
21:42:36.739,Active,409.9,2.4,97.6,11.6,76.0,No,0.0,None
21:42:37.153,Active,407.8,2.4,98.8,11.6,76.5,No,0.0,None
21:42:37.568,Active,409.1,2.4,99.4,11.5,76.5,No,0.0,None
21:42:37.986,Active,407.9,2.4,97.0,11.5,76.5,No,0.0,None
21:42:38.397,Active,404.4,2.4,100.0,11.5,76.0,No,0.0,None
21:42:38.824,Active,418.6,2.4,99.4,11.5,76.0,No,0.0,None
21:42:39.238,Active,407.6,2.4,98.8,11.6,76.5,No,0.0,None
21:42:39.657,Active,412.1,2.4,97.6,11.6,76.5,No,0.0,None
21:42:40.072,Active,407.1,2.4,99.4,11.6,76.0,No,0.0,None
21:42:40.489,Active,407.5,2.4,98.2,11.6,76.0,No,0.0,None
21:42:40.900,Active,405.8,2.4,99.4,11.6,76.5,No,0.0,None
21:42:41.319,Active,407.8,2.4,98.2,11.5,77.7,No,0.0,None
21:42:41.736,Active,411.4,2.4,98.8,11.5,76.5,No,0.0,None
21:42:42.257,Active,411.4,2.4,78.4,11.5,77.1,No,0.0,None
21:42:42.673,Active,410.0,2.4,99.4,11.5,76.0,No,0.0,None
21:42:43.088,Active,408.5,2.4,98.8,11.5,76.5,No,0.0,None
21:42:43.505,Active,407.9,2.4,98.2,11.5,77.1,No,0.0,None
21:42:43.929,Active,416.8,2.4,98.8,11.5,77.1,No,0.0,None
21:42:44.345,Active,404.8,2.4,98.8,11.5,77.7,No,0.0,None
21:42:44.757,Active,405.9,2.3,99.4,11.5,76.5,No,0.0,None
21:42:45.169,Active,403.5,2.3,98.8,11.5,77.1,No,0.0,None
21:42:45.585,Active,407.5,2.3,99.4,11.5,77.1,No,0.0,None
21:42:45.997,Active,406.1,2.3,99.4,11.5,77.1,No,0.0,None
21:42:46.430,Active,426.3,2.3,95.9,11.5,77.1,No,0.0,None
21:42:46.846,Active,408.8,2.3,99.4,11.5,77.7,No,0.0,None
21:42:47.261,Active,408.0,2.3,98.2,11.5,77.7,No,0.0,None
21:42:47.679,Active,410.1,2.3,98.2,11.5,77.1,No,0.0,None
21:42:48.108,Active,420.0,2.3,96.5,11.5,77.1,No,0.0,None
21:42:48.525,Active,408.0,2.3,98.2,11.5,77.7,No,0.0,None
21:42:48.968,Active,434.8,2.4,96.6,11.5,76.5,No,0.0,None
21:42:49.384,Active,407.0,2.4,98.2,11.6,77.1,No,0.0,None
21:42:49.801,Active,411.0,2.4,98.8,11.6,77.1,No,0.0,None
21:42:50.217,Active,408.1,2.4,98.2,11.6,77.1,No,0.0,None
21:42:50.729,Active,411.0,2.4,80.8,11.6,77.1,No,0.0,None
21:42:51.145,Active,409.1,2.4,98.8,11.6,76.5,No,0.0,None
21:42:51.586,Active,431.4,2.4,94.9,11.6,76.5,No,0.0,None
21:42:52.017,Active,424.2,2.4,96.5,11.5,77.1,No,0.0,None
21:42:52.434,Active,409.0,2.4,98.2,11.5,77.1,No,0.0,None
21:42:52.852,Active,411.2,2.4,98.8,11.5,77.7,No,0.0,None
21:42:53.267,Active,405.5,2.3,98.8,11.5,77.7,No,0.0,None
21:42:53.685,Active,412.2,2.3,99.4,11.5,77.7,No,0.0,None
21:42:54.135,Active,441.5,2.3,96.6,11.5,77.1,No,0.0,None
21:42:54.552,Active,410.1,2.3,97.6,11.6,77.7,No,0.0,None
21:42:54.965,Active,407.0,2.3,99.4,11.6,77.7,No,0.0,None
21:42:55.388,Active,414.7,2.3,97.0,11.6,77.7,No,0.0,None
21:42:55.804,Active,409.9,2.3,98.8,11.6,77.1,No,0.0,None
21:42:56.222,Active,408.6,2.3,98.2,11.6,77.7,No,0.0,None
21:42:56.649,Active,418.6,2.3,97.6,11.5,77.7,No,0.0,None
21:42:57.064,Active,409.5,2.3,98.8,11.5,77.7,No,0.0,None
21:42:57.482,Active,408.5,2.4,98.2,11.5,78.2,No,0.0,None
21:42:57.897,Active,407.6,2.4,98.8,11.5,77.7,No,0.0,None
21:42:58.314,Active,408.5,2.4,98.2,11.5,77.1,No,0.0,None
21:42:58.729,Active,408.3,2.4,98.8,11.5,77.7,No,0.0,None
21:42:59.153,Active,417.1,2.4,97.6,11.5,77.7,No,0.0,None
21:42:59.573,Active,409.9,2.4,98.2,11.5,78.2,No,0.0,None
21:42:59.987,Active,406.8,2.4,98.8,11.5,78.2,No,0.0,None
21:43:00.396,Active,402.9,2.4,98.8,11.5,78.2,No,0.0,None
21:43:00.811,Active,409.0,2.4,99.4,11.5,78.2,No,0.0,None
21:43:01.222,Active,404.9,2.4,98.8,11.5,77.7,No,0.0,None
21:43:01.640,Active,410.0,2.4,97.6,11.5,77.7,No,0.0,None
21:43:02.058,Active,407.5,2.4,98.2,11.5,78.2,No,0.0,None
21:43:02.472,Active,406.7,2.4,98.8,11.5,77.7,No,0.0,None
21:43:02.893,Active,407.9,2.4,97.0,11.5,78.2,No,0.0,None
21:43:03.310,Active,408.3,2.4,98.2,11.5,78.2,No,0.0,None
21:43:03.724,Active,406.7,2.4,98.8,11.5,78.8,No,0.0,None
21:43:04.165,Active,435.4,2.4,99.4,11.6,78.2,No,0.0,None
21:43:04.602,Active,428.7,2.4,96.0,11.6,78.8,No,0.0,None
21:43:50.061,Active,444.3,2.4,1.5,11.5,59.0,No,0.0,None
21:43:50.479,Active,409.6,2.4,98.8,11.6,60.6,No,0.0,None
21:43:50.891,Active,406.0,7.8,98.8,11.6,61.7,No,0.0,None
21:43:51.307,Active,409.9,7.8,98.8,11.6,62.8,No,0.0,None
21:43:51.721,Active,408.3,7.8,98.2,11.6,64.5,No,0.0,None
21:43:52.135,Active,407.7,7.8,98.8,11.6,65.0,No,0.0,None
21:43:52.549,Active,407.7,7.8,99.4,11.5,65.5,No,0.0,None
21:43:52.960,Active,405.4,7.8,99.4,11.5,65.0,No,0.0,None
21:43:53.373,Active,403.5,7.8,98.8,11.5,67.2,No,0.0,None
21:43:53.785,Active,406.0,7.8,99.4,11.5,67.2,No,0.0,None
21:43:54.201,Active,409.8,7.8,98.8,11.5,67.8,No,0.0,None
21:43:54.620,Active,413.7,7.8,97.6,11.5,67.8,No,0.0,None
21:43:55.049,Active,421.4,2.4,99.4,11.6,68.3,No,0.0,None
21:43:55.465,Active,410.3,2.4,99.4,11.6,68.3,No,0.0,None
21:43:55.882,Active,407.5,2.4,98.2,11.6,68.3,No,0.0,None
21:43:56.299,Active,407.5,2.4,97.6,11.6,69.4,No,0.0,None
21:43:56.719,Active,409.8,2.4,98.2,11.6,69.4,No,0.0,None
21:43:57.135,Active,407.3,2.4,98.2,11.6,70.5,No,0.0,None
21:43:57.550,Active,408.8,2.4,99.4,11.6,70.5,No,0.0,None
21:43:57.963,Active,406.3,2.4,98.8,11.6,70.0,No,0.0,None
21:43:58.376,Active,406.4,2.4,99.4,11.6,71.0,No,0.0,None
21:43:58.792,Active,407.4,2.4,98.2,11.6,71.0,No,0.0,None
21:43:59.211,Active,408.3,2.4,97.6,11.6,71.0,No,0.0,None
21:43:59.627,Active,408.5,2.4,98.8,11.6,70.5,No,0.0,None
21:44:00.040,Active,405.9,2.4,98.2,11.6,71.0,No,0.0,None
21:44:00.459,Active,409.4,2.4,97.6,11.6,71.6,No,0.0,None
21:44:00.875,Active,405.3,2.4,98.2,11.6,72.7,No,0.0,None
21:44:01.287,Active,405.9,2.4,98.2,11.6,72.2,No,0.0,None
21:44:01.705,Active,408.4,2.4,98.2,11.5,72.7,No,0.0,None
21:44:02.119,Active,407.4,2.4,98.8,11.5,72.2,No,0.0,None
21:44:02.534,Active,408.2,2.4,98.8,11.5,72.2,No,0.0,None
21:44:02.958,Active,417.7,2.4,97.6,11.5,72.7,No,0.0,None
21:44:03.373,Active,407.8,2.4,98.8,11.5,73.2,No,0.0,None
21:44:03.790,Active,411.3,2.4,98.8,11.5,72.7,No,0.0,None
21:44:04.203,Active,405.9,2.4,98.2,11.5,73.2,No,0.0,None
21:44:04.620,Active,408.0,2.4,98.8,11.6,73.8,No,0.0,None
21:44:05.081,Active,451.9,2.4,95.6,11.6,72.7,No,0.0,None
21:44:05.499,Active,409.9,2.4,98.2,11.6,73.8,No,0.0,None
21:44:05.911,Active,405.8,2.4,98.8,11.6,73.2,No,0.0,None
21:44:06.327,Active,406.8,2.4,98.2,11.6,73.2,No,0.0,None
21:44:06.746,Active,412.3,2.4,98.8,11.6,73.8,No,0.0,None
21:44:07.159,Active,406.0,2.4,98.2,11.6,73.8,No,0.0,None
21:44:07.584,Active,415.6,2.4,97.6,11.6,74.3,No,0.0,None
21:44:08.001,Active,407.9,2.4,98.2,11.6,74.3,No,0.0,None
21:44:08.416,Active,408.9,2.4,99.4,11.6,74.3,No,0.0,None
21:44:08.832,Active,406.6,2.4,98.2,11.6,74.3,No,0.0,None
21:44:09.250,Active,409.0,2.4,98.2,11.6,74.3,No,0.0,None
21:44:09.667,Active,409.3,2.4,98.8,11.6,74.3,No,0.0,None
21:44:10.082,Active,408.3,2.4,98.8,11.6,74.3,No,0.0,None
21:44:10.508,Active,418.1,2.4,98.8,11.6,74.9,No,0.0,None
21:44:10.924,Active,407.1,2.4,98.2,11.6,74.3,No,0.0,None
21:44:11.345,Active,412.2,2.4,98.2,11.6,74.9,No,0.0,None
21:44:11.762,Active,410.2,2.4,98.8,11.6,74.3,No,0.0,None
21:44:12.197,Active,428.3,2.4,95.4,11.6,75.5,No,0.0,None
21:44:12.626,Active,420.5,2.4,96.5,11.6,75.5,No,0.0,None
21:44:13.039,Active,407.5,2.4,98.8,11.5,75.5,No,0.0,None
21:44:13.453,Active,407.4,2.4,99.4,11.5,74.9,No,0.0,None
21:44:13.864,Active,404.5,2.4,99.4,11.5,75.5,No,0.0,None
21:44:14.282,Active,405.8,2.4,98.2,11.5,74.9,No,0.0,None
21:44:14.708,Active,418.6,2.4,97.1,11.5,75.5,No,0.0,None
21:44:15.120,Active,406.4,2.4,99.4,11.6,74.3,No,0.0,None
21:44:15.546,Active,419.2,2.4,99.4,11.6,74.9,No,0.0,None
21:44:15.956,Active,404.0,2.4,99.4,11.6,76.5,No,0.0,None
21:44:16.368,Active,403.3,2.4,99.4,11.5,76.5,No,0.0,None
21:44:16.785,Active,407.4,2.4,99.4,11.6,76.5,No,0.0,None
21:44:17.197,Active,406.1,2.4,99.4,11.6,76.0,No,0.0,None
21:44:17.610,Active,407.4,2.4,100.0,11.5,75.5,No,0.0,None
21:44:18.025,Active,407.9,2.4,98.2,11.5,76.0,No,0.0,None
21:44:18.472,Active,438.5,2.4,93.8,11.5,76.0,No,0.0,None
21:44:18.888,Active,406.7,2.4,98.8,11.5,76.5,No,0.0,None
21:44:19.305,Active,410.9,2.4,98.8,11.5,76.0,No,0.0,None
21:44:19.725,Active,411.9,2.4,97.6,11.5,77.7,No,0.0,None
21:44:20.146,Active,414.8,2.4,98.8,11.5,76.0,No,0.0,None
21:44:20.586,Active,433.1,2.4,97.7,11.6,76.5,No,0.0,None
21:44:21.001,Active,408.2,2.4,98.8,11.6,76.0,No,0.0,None
21:44:21.423,Active,413.9,2.4,98.2,11.6,76.5,No,0.0,None
21:44:21.836,Active,406.8,2.4,98.2,11.6,76.5,No,0.0,None
21:44:22.252,Active,407.2,2.4,98.2,11.6,76.0,No,0.0,None
21:44:22.671,Active,409.9,2.4,98.2,11.6,76.5,No,0.0,None
21:44:23.089,Active,409.0,2.4,98.2,11.6,76.0,No,0.0,None
21:44:23.506,Active,409.1,2.4,98.2,11.6,76.5,No,0.0,None
21:44:23.930,Active,417.5,2.4,97.6,11.6,76.0,No,0.0,None
21:44:24.344,Active,408.4,2.4,98.8,11.5,77.1,No,0.0,None
21:44:24.764,Active,410.5,2.4,98.2,11.5,76.5,No,0.0,None
21:44:25.180,Active,406.6,2.4,98.2,11.5,76.5,No,0.0,None
21:44:25.614,Active,425.3,2.4,98.3,11.5,76.0,No,0.0,None
21:44:26.034,Active,409.7,2.4,98.2,11.6,76.5,No,0.0,None
21:44:26.455,Active,411.3,2.4,98.2,11.6,76.5,No,0.0,None
21:44:26.873,Active,409.0,2.4,98.2,11.6,77.1,No,0.0,None
21:44:27.292,Active,409.2,2.4,97.6,11.6,77.1,No,0.0,None
21:44:27.714,Active,412.0,2.4,98.2,11.6,76.5,No,0.0,None
21:44:28.132,Active,408.4,2.4,98.2,11.6,76.5,No,0.0,None
21:44:28.554,Active,412.5,2.4,98.2,11.5,76.5,No,0.0,None
21:44:28.967,Active,407.7,2.4,98.2,11.5,77.1,No,0.0,None
21:44:29.410,Active,432.5,2.4,96.6,11.5,76.5,No,0.0,None
21:44:29.825,Active,407.9,2.4,98.2,11.5,77.1,No,0.0,None
21:44:30.246,Active,412.9,2.4,97.0,11.5,77.1,No,0.0,None
21:44:30.662,Active,409.7,2.4,99.4,11.5,77.1,No,0.0,None
21:44:31.078,Active,408.4,2.4,98.8,11.5,76.5,No,0.0,None
21:44:31.511,Active,425.6,2.4,96.5,11.5,77.1,No,0.0,None
21:44:31.927,Active,409.8,2.4,98.2,11.5,76.5,No,0.0,None
21:44:32.343,Active,409.5,2.4,98.2,11.5,77.1,No,0.0,None
21:44:32.766,Active,417.1,2.4,97.0,11.5,77.1,No,0.0,None
21:44:33.182,Active,408.4,2.4,98.8,11.5,77.1,No,0.0,None
21:44:33.597,Active,407.6,2.4,98.8,11.5,77.1,No,0.0,None
21:44:34.014,Active,408.5,2.4,98.8,11.5,76.0,No,0.0,None
21:44:34.431,Active,411.0,2.4,98.2,11.5,77.7,No,0.0,None
21:44:34.853,Active,415.9,2.4,98.8,11.5,77.1,No,0.0,None
21:44:35.271,Active,409.8,2.4,98.2,11.5,77.1,No,0.0,None
21:44:35.718,Active,441.2,2.4,97.8,11.6,77.7,No,0.0,None
21:44:36.131,Active,405.5,2.4,98.8,11.6,78.2,No,0.0,None
21:44:36.549,Active,411.9,2.4,98.8,11.6,77.7,No,0.0,None
21:44:36.967,Active,409.5,2.4,98.2,11.6,77.7,No,0.0,None
21:44:37.379,Active,405.8,2.4,98.2,11.6,78.2,No,0.0,None
21:44:37.792,Active,407.3,2.4,99.4,11.6,77.7,No,0.0,None
21:44:38.211,Active,407.6,2.4,98.2,11.6,78.2,No,0.0,None
21:44:38.627,Active,406.3,2.4,97.6,11.6,77.7,No,0.0,None
21:44:39.040,Active,406.5,2.4,99.4,11.6,77.7,No,0.0,None
21:44:39.457,Active,410.9,2.4,98.8,11.6,76.5,No,0.0,None
21:44:39.874,Active,410.6,2.4,98.2,11.6,78.2,No,0.0,None
21:44:40.290,Active,409.8,2.4,99.4,11.6,77.7,No,0.0,None
21:44:40.705,Active,407.6,2.4,98.2,11.6,78.2,No,0.0,None
21:44:41.123,Active,408.9,2.4,98.8,11.6,77.7,No,0.0,None
21:44:41.541,Active,407.6,2.4,98.2,11.6,77.7,No,0.0,None
21:44:41.954,Active,407.4,2.4,99.4,11.6,77.7,No,0.0,None
21:44:42.370,Active,408.4,2.4,98.8,11.6,78.2,No,0.0,None
21:44:42.786,Active,408.8,2.4,98.2,11.6,78.2,No,0.0,None
21:44:43.202,Active,408.6,2.4,98.8,11.6,78.2,No,0.0,None
21:44:43.619,Active,409.5,2.4,98.8,11.5,79.3,No,0.0,None
21:44:44.031,Active,406.0,2.4,98.8,11.5,78.2,No,0.0,None
21:44:44.447,Active,407.5,2.4,98.8,11.6,77.7,No,0.0,None
21:44:44.858,Active,404.8,2.4,98.8,11.6,77.1,No,0.0,None
21:44:45.269,Active,404.5,2.4,100.0,11.5,78.2,No,0.0,None
21:44:45.685,Active,407.6,2.4,98.8,11.5,78.8,No,0.0,None
21:44:46.116,Active,424.6,2.4,99.4,11.6,78.2,No,0.0,None
21:44:46.532,Active,410.3,2.4,98.2,11.6,77.7,No,0.0,None
21:44:46.943,Active,403.1,2.4,98.8,11.6,78.8,No,0.0,None
21:44:47.352,Active,403.0,2.4,100.0,11.6,77.7,No,0.0,None
21:44:47.776,Active,418.0,2.4,98.2,11.6,78.8,No,0.0,None
21:44:48.186,Active,403.6,2.4,99.4,11.6,78.8,No,0.0,None
21:44:48.604,Active,407.0,2.4,98.8,11.6,79.8,No,0.0,None
21:44:49.016,Active,406.2,2.4,100.0,11.6,78.2,No,0.0,None
21:44:49.427,Active,405.1,2.4,98.8,11.5,78.2,No,0.0,None
21:44:49.840,Active,407.1,2.4,100.0,11.5,78.2,No,0.0,None
21:45:35.293,Active,436.0,2.4,1.4,11.5,59.5,No,0.0,None
21:45:35.710,Active,408.4,2.4,98.8,11.5,60.6,No,0.0,None
21:45:36.126,Active,406.5,2.4,98.2,11.5,62.2,No,0.0,None
21:45:36.573,Active,440.0,2.4,97.8,11.6,62.8,No,0.0,None
21:45:36.990,Active,406.5,2.4,98.2,11.6,64.5,No,0.0,None
21:45:37.405,Active,406.6,2.4,98.2,11.6,65.0,No,0.0,None
21:45:37.822,Active,405.0,2.4,97.6,11.6,65.5,No,0.0,None
21:45:38.243,Active,409.9,2.4,98.2,11.6,66.1,No,0.0,None
21:45:38.660,Active,409.2,2.6,98.2,11.6,66.7,No,0.0,None
21:45:39.075,Active,405.8,2.6,97.6,11.6,67.2,No,0.0,None
21:45:39.493,Active,410.2,2.6,98.8,11.6,67.8,No,0.0,None
21:45:39.909,Active,407.7,2.6,98.2,11.6,67.8,No,0.0,None
21:45:40.331,Active,408.4,2.6,97.0,11.6,68.3,No,0.0,None
21:45:40.750,Active,409.6,2.6,97.6,11.6,68.8,No,0.0,None
21:45:41.167,Active,407.2,2.6,98.2,11.6,70.5,No,0.0,None
21:45:41.587,Active,411.1,2.6,98.8,11.6,69.4,No,0.0,None
21:45:42.009,Active,416.2,2.6,98.8,11.6,70.0,No,0.0,None
21:45:42.426,Active,410.2,2.6,98.8,11.6,70.5,No,0.0,None
21:45:42.855,Active,421.3,2.4,95.9,11.6,70.0,No,0.0,None
21:45:43.274,Active,413.4,2.4,98.2,11.5,70.5,No,0.0,None
21:45:43.690,Active,408.8,2.4,98.8,11.5,71.0,No,0.0,None
21:45:44.103,Active,406.5,2.4,98.8,11.6,71.0,No,0.0,None
21:45:44.519,Active,409.7,2.4,99.4,11.6,71.0,No,0.0,None
21:45:44.934,Active,408.7,2.4,98.8,11.6,71.0,No,0.0,None
21:45:45.347,Active,406.9,2.4,98.2,11.6,71.6,No,0.0,None
21:45:45.764,Active,409.0,2.4,98.2,11.6,71.6,No,0.0,None
21:45:46.180,Active,407.0,2.4,98.8,11.6,72.2,No,0.0,None
21:45:46.596,Active,406.2,2.4,98.2,11.6,71.6,No,0.0,None
21:45:47.023,Active,420.4,2.4,99.4,11.6,72.2,No,0.0,None
21:45:47.440,Active,408.3,2.4,98.2,11.6,72.7,No,0.0,None
21:45:47.853,Active,405.4,2.4,98.2,11.6,73.2,No,0.0,None
21:45:48.267,Active,407.6,2.4,99.4,11.6,73.2,No,0.0,None
21:45:48.686,Active,409.9,2.4,97.6,11.6,72.7,No,0.0,None
21:45:49.100,Active,407.0,2.4,98.8,11.6,73.2,No,0.0,None
21:45:49.515,Active,408.7,2.4,98.8,11.6,73.8,No,0.0,None
21:45:49.929,Active,404.2,2.4,98.2,11.5,72.7,No,0.0,None
21:45:50.342,Active,406.5,2.4,99.4,11.5,73.2,No,0.0,None
21:45:50.763,Active,411.1,2.4,98.2,11.5,73.2,No,0.0,None
21:45:51.177,Active,406.7,2.4,98.2,11.5,73.2,No,0.0,None
21:45:51.591,Active,407.8,2.4,98.8,11.5,74.3,No,0.0,None
21:45:52.033,Active,436.2,2.4,98.3,11.5,73.2,No,0.0,None
21:45:52.451,Active,411.4,2.4,98.8,11.5,74.9,No,0.0,None
21:45:52.865,Active,406.6,2.4,98.2,11.5,74.9,No,0.0,None
21:45:53.287,Active,412.2,2.4,98.2,11.5,73.8,No,0.0,None
21:45:53.701,Active,407.6,2.4,98.2,11.5,74.3,No,0.0,None
21:45:54.115,Active,408.3,2.4,99.4,11.5,74.3,No,0.0,None
21:45:54.529,Active,407.7,2.4,98.8,11.5,74.9,No,0.0,None
21:45:54.943,Active,407.6,2.4,98.8,11.5,74.3,No,0.0,None
21:45:55.466,Active,415.7,2.3,79.0,11.5,73.8,No,0.0,None
21:45:55.882,Active,406.3,2.3,97.6,11.5,74.3,No,0.0,None
21:45:56.307,Active,414.9,2.3,97.0,11.5,74.9,No,0.0,None
21:45:56.724,Active,408.1,2.3,98.2,11.5,73.8,No,0.0,None
21:45:57.162,Active,428.8,2.3,98.3,11.5,74.3,No,0.0,None
21:45:57.580,Active,410.5,2.3,98.2,11.6,74.9,No,0.0,None
21:45:57.999,Active,409.5,2.3,98.2,11.6,75.5,No,0.0,None
21:45:58.501,Active,407.2,2.3,81.5,11.6,74.9,No,0.0,None
21:45:58.919,Active,407.8,2.3,98.8,11.6,74.9,No,0.0,None
21:45:59.332,Active,407.1,2.3,98.8,11.6,75.5,No,0.0,None
21:45:59.747,Active,408.9,2.3,98.8,11.5,75.5,No,0.0,None
21:46:00.165,Active,407.6,2.3,98.2,11.5,74.9,No,0.0,None
21:46:00.580,Active,409.4,2.3,99.4,11.5,74.9,No,0.0,None
21:46:00.998,Active,407.9,2.3,98.2,11.5,75.5,No,0.0,None
21:46:01.416,Active,411.1,2.3,98.2,11.5,75.5,No,0.0,None
21:46:01.832,Active,406.5,2.3,98.2,11.5,76.0,No,0.0,None
21:46:02.246,Active,406.4,2.3,98.2,11.5,75.5,No,0.0,None
21:46:02.659,Active,407.2,2.3,98.8,11.5,76.5,No,0.0,None
21:46:03.078,Active,408.5,2.3,98.2,11.5,75.5,No,0.0,None
21:46:03.493,Active,408.0,2.3,98.2,11.5,77.1,No,0.0,None
21:46:03.908,Active,408.3,2.4,98.8,11.5,75.5,No,0.0,None
21:46:04.322,Active,407.7,2.4,98.8,11.5,77.1,No,0.0,None
21:46:04.737,Active,407.4,2.4,98.2,11.5,77.7,No,0.0,None
21:46:05.151,Active,405.5,2.4,98.2,11.5,75.5,No,0.0,None
21:46:05.575,Active,417.7,2.4,99.4,11.5,75.5,No,0.0,None
21:46:05.987,Active,406.7,2.4,98.2,11.5,75.5,No,0.0,None
21:46:06.403,Active,406.2,2.4,98.2,11.5,75.5,No,0.0,None
21:46:06.822,Active,407.9,2.4,97.6,11.5,76.0,No,0.0,None
21:46:07.265,Active,434.8,2.4,98.3,11.6,76.5,No,0.0,None
21:46:07.680,Active,409.5,2.4,98.8,11.6,76.0,No,0.0,None
21:46:08.098,Active,408.6,2.4,97.0,11.6,76.0,No,0.0,None
21:46:08.514,Active,409.2,2.4,98.8,11.6,76.5,No,0.0,None
21:46:08.937,Active,416.5,2.4,97.6,11.6,76.5,No,0.0,None
21:46:09.354,Active,410.2,2.4,98.8,11.6,76.5,No,0.0,None
21:46:09.770,Active,408.5,2.4,98.2,11.6,75.5,No,0.0,None
21:46:10.186,Active,408.4,2.4,98.8,11.6,76.5,No,0.0,None
21:46:10.697,Active,411.3,2.4,80.9,11.6,76.5,No,0.0,None
21:46:11.113,Active,408.5,2.4,98.8,11.6,76.0,No,0.0,None
21:46:11.529,Active,409.3,2.4,98.8,11.6,76.5,No,0.0,None
21:46:11.945,Active,409.8,2.4,98.8,11.6,76.5,No,0.0,None
21:46:12.372,Active,418.8,2.3,98.8,11.6,76.5,No,0.0,None
21:46:12.790,Active,407.8,2.3,98.2,11.5,76.5,No,0.0,None
21:46:13.207,Active,407.4,2.3,97.6,11.5,76.5,No,0.0,None
21:46:13.624,Active,408.3,2.3,98.2,11.6,77.7,No,0.0,None
21:46:14.039,Active,405.8,2.3,98.2,11.5,76.0,No,0.0,None
21:46:14.455,Active,409.4,2.3,99.4,11.5,76.5,No,0.0,None
21:46:14.869,Active,408.0,2.3,98.8,11.5,77.1,No,0.0,None
21:46:15.283,Active,405.9,2.3,98.2,11.5,76.5,No,0.0,None
21:46:15.698,Active,408.9,2.3,98.8,11.5,77.1,No,0.0,None
21:46:16.126,Active,421.8,2.3,97.6,11.5,76.5,No,0.0,None
21:46:16.542,Active,409.8,2.4,98.2,11.5,76.5,No,0.0,None
21:46:16.956,Active,406.6,2.4,98.8,11.5,76.5,No,0.0,None
21:46:17.386,Active,421.1,2.4,98.3,11.6,77.1,No,0.0,None
21:46:17.802,Active,408.5,2.4,98.8,11.6,77.7,No,0.0,None
21:46:18.218,Active,410.4,2.4,98.8,11.6,77.1,No,0.0,None
21:46:18.641,Active,416.0,2.4,97.1,11.6,77.1,No,0.0,None
21:46:19.065,Active,416.2,2.4,97.6,11.6,77.7,No,0.0,None
21:46:19.482,Active,409.3,2.4,98.2,11.6,78.2,No,0.0,None
21:46:19.894,Active,404.8,2.4,99.4,11.6,77.1,No,0.0,None
21:46:20.315,Active,413.4,2.4,97.6,11.6,77.1,No,0.0,None
21:46:20.733,Active,408.1,2.4,98.2,11.6,77.7,No,0.0,None
21:46:21.144,Active,405.4,2.4,99.4,11.6,77.7,No,0.0,None
21:46:21.560,Active,406.9,2.4,98.2,11.5,77.1,No,0.0,None
21:46:21.976,Active,406.2,2.4,98.2,11.5,77.7,No,0.0,None
21:46:22.413,Active,427.0,2.4,97.7,11.6,77.7,No,0.0,None
21:46:22.825,Active,405.7,2.4,98.8,11.6,77.1,No,0.0,None
21:46:23.239,Active,408.5,2.4,98.8,11.6,78.2,No,0.0,None
21:46:23.658,Active,408.5,2.4,98.2,11.6,78.2,No,0.0,None
21:46:24.070,Active,406.8,2.4,98.8,11.6,76.5,No,0.0,None
21:46:24.491,Active,411.8,2.4,98.2,11.6,77.7,No,0.0,None
21:46:24.907,Active,409.8,2.4,98.2,11.6,77.7,No,0.0,None
21:46:25.324,Active,408.0,2.4,98.2,11.6,77.7,No,0.0,None
21:46:25.738,Active,405.2,2.4,98.2,11.6,78.8,No,0.0,None
21:46:26.149,Active,405.0,2.4,99.4,11.6,78.2,No,0.0,None
21:46:26.566,Active,410.2,2.4,99.4,11.6,78.2,No,0.0,None
21:46:26.981,Active,409.1,2.4,98.8,11.6,78.2,No,0.0,None
21:46:27.398,Active,407.5,2.4,97.6,11.6,77.1,No,0.0,None
21:46:27.834,Active,428.7,2.4,99.4,11.6,77.7,No,0.0,None
21:46:28.250,Active,409.4,2.4,98.2,11.6,77.1,No,0.0,None
21:46:28.669,Active,412.1,2.4,97.6,11.6,77.7,No,0.0,None
21:46:29.089,Active,411.5,2.4,97.6,11.6,77.7,No,0.0,None
21:46:29.515,Active,418.0,2.4,98.8,11.6,78.8,No,0.0,None
21:46:29.937,Active,413.4,2.4,97.6,11.6,77.7,No,0.0,None
21:46:30.353,Active,407.2,2.4,98.2,11.6,78.8,No,0.0,None
21:46:30.770,Active,408.3,2.4,98.2,11.6,78.2,No,0.0,None
21:46:31.190,Active,413.2,2.4,97.6,11.6,77.7,No,0.0,None
21:46:31.607,Active,410.1,2.4,98.8,11.6,77.7,No,0.0,None
21:46:32.021,Active,408.1,2.4,98.2,11.6,78.8,No,0.0,None
21:46:32.436,Active,407.9,2.4,98.8,11.6,78.2,No,0.0,None
21:46:32.851,Active,405.9,2.4,98.2,11.6,78.2,No,0.0,None
21:46:33.267,Active,409.5,2.4,98.8,11.5,77.7,No,0.0,None
21:46:33.680,Active,407.1,2.4,98.8,11.6,77.1,No,0.0,None
21:46:34.094,Active,407.5,2.4,98.8,11.6,78.8,No,0.0,None
21:46:34.504,Active,404.2,2.4,99.4,11.6,77.7,No,0.0,None
21:46:34.921,Active,407.5,2.4,98.8,11.5,77.7,No,0.0,None
21:47:20.362,Active,425.2,2.4,1.0,11.6,59.5,No,0.0,None
21:47:20.777,Active,407.4,2.4,99.4,11.6,60.6,No,0.0,None
21:47:21.188,Active,405.4,2.4,99.4,11.6,62.2,No,0.0,None
21:47:21.603,Active,408.5,2.4,99.4,11.6,62.8,No,0.0,None
21:47:22.019,Active,409.7,2.4,98.8,11.5,63.9,No,0.0,None
21:47:22.435,Active,409.3,4.0,97.6,11.5,65.0,No,0.0,None
21:47:22.851,Active,409.6,4.0,98.8,11.5,65.5,No,0.0,None
21:47:23.284,Active,427.2,4.0,98.8,11.6,66.7,No,0.0,None
21:47:23.700,Active,409.8,4.0,98.8,11.6,66.1,No,0.0,None
21:47:24.113,Active,404.2,4.0,98.2,11.6,67.2,No,0.0,None
21:47:24.531,Active,409.6,4.0,98.8,11.6,67.2,No,0.0,None
21:47:24.946,Active,405.6,4.0,98.8,11.6,68.3,No,0.0,None
21:47:25.361,Active,408.3,4.0,98.8,11.6,68.3,No,0.0,None
21:47:25.776,Active,408.9,4.0,98.8,11.5,69.4,No,0.0,None
21:47:26.192,Active,407.4,4.0,98.2,11.5,69.4,No,0.0,None
21:47:26.609,Active,408.1,2.4,98.8,11.5,69.4,No,0.0,None
21:47:27.024,Active,406.4,2.4,98.2,11.5,69.4,No,0.0,None
21:47:27.442,Active,408.5,2.4,98.2,11.5,70.0,No,0.0,None
21:47:27.858,Active,408.6,2.4,98.2,11.5,70.0,No,0.0,None
21:47:28.271,Active,406.2,2.4,98.8,11.5,70.0,No,0.0,None
21:47:28.708,Active,430.5,2.4,99.4,11.6,70.5,No,0.0,None
21:47:29.122,Active,407.9,2.4,99.4,11.6,71.6,No,0.0,None
21:47:29.539,Active,411.0,2.4,98.8,11.6,71.0,No,0.0,None
21:47:29.956,Active,406.5,2.4,98.2,11.6,71.6,No,0.0,None
21:47:30.374,Active,408.2,2.4,97.6,11.6,71.0,No,0.0,None
21:47:30.790,Active,409.0,2.4,98.2,11.6,71.6,No,0.0,None
21:47:31.213,Active,416.8,2.4,97.6,11.6,72.7,No,0.0,None
21:47:31.632,Active,409.2,2.4,98.2,11.6,72.7,No,0.0,None
21:47:32.051,Active,409.7,2.4,98.2,11.5,72.7,No,0.0,None
21:47:32.465,Active,408.1,2.4,98.8,11.5,72.7,No,0.0,None
21:47:32.882,Active,408.9,2.4,98.8,11.5,72.7,No,0.0,None
21:47:33.301,Active,411.7,2.4,97.0,11.5,73.2,No,0.0,None
21:47:33.719,Active,409.6,2.4,98.2,11.5,72.7,No,0.0,None
21:47:34.132,Active,407.0,2.4,98.8,11.5,73.2,No,0.0,None
21:47:34.550,Active,411.5,2.4,97.6,11.5,73.2,No,0.0,None
21:47:34.966,Active,406.2,2.4,98.8,11.5,72.7,No,0.0,None
21:47:35.387,Active,413.2,2.4,97.6,11.5,73.2,No,0.0,None
21:47:35.807,Active,409.9,2.4,97.6,11.5,73.2,No,0.0,None
21:47:36.224,Active,407.0,2.4,98.2,11.5,73.8,No,0.0,None
21:47:36.642,Active,408.4,2.4,98.2,11.6,73.8,No,0.0,None
21:47:37.059,Active,407.6,2.4,98.2,11.6,73.2,No,0.0,None
21:47:37.473,Active,407.7,2.4,98.8,11.6,74.3,No,0.0,None
21:47:37.885,Active,406.0,2.4,98.8,11.6,73.2,No,0.0,None
21:47:38.300,Active,406.3,2.4,98.8,11.5,73.8,No,0.0,None
21:47:38.747,Active,440.9,2.4,98.9,11.6,73.8,No,0.0,None
21:47:39.162,Active,408.3,2.4,98.2,11.6,74.3,No,0.0,None
21:47:39.580,Active,408.4,2.4,98.2,11.6,74.3,No,0.0,None
21:47:39.998,Active,408.2,2.4,98.2,11.6,74.3,No,0.0,None
21:47:40.417,Active,409.8,2.4,98.2,11.6,74.9,No,0.0,None
21:47:40.830,Active,406.4,2.4,98.2,11.6,74.9,No,0.0,None
21:47:41.242,Active,405.4,2.4,98.8,11.6,74.9,No,0.0,None
21:47:41.657,Active,407.9,2.4,99.4,11.6,74.9,No,0.0,None
21:47:42.075,Active,407.7,2.4,97.6,11.6,74.9,No,0.0,None
21:47:42.492,Active,408.2,2.4,98.2,11.6,74.9,No,0.0,None
21:47:42.909,Active,407.1,2.4,98.2,11.6,74.9,No,0.0,None
21:47:43.323,Active,405.7,2.4,98.2,11.6,75.5,No,0.0,None
21:47:43.749,Active,416.3,2.4,97.7,11.6,74.3,No,0.0,None
21:47:44.165,Active,406.0,2.4,98.8,11.6,76.0,No,0.0,None
21:47:44.582,Active,410.0,2.4,98.8,11.6,74.9,No,0.0,None
21:47:44.994,Active,406.5,2.4,98.8,11.6,74.9,No,0.0,None
21:47:45.410,Active,408.7,2.4,98.8,11.6,75.5,No,0.0,None
21:47:45.825,Active,407.8,2.4,98.2,11.6,74.9,No,0.0,None
21:47:46.238,Active,407.1,2.4,98.8,11.6,75.5,No,0.0,None
21:47:46.651,Active,405.7,2.4,99.4,11.6,75.5,No,0.0,None
21:47:47.073,Active,416.4,2.4,98.2,11.5,76.0,No,0.0,None
21:47:47.490,Active,409.9,2.4,98.8,11.5,76.0,No,0.0,None
21:47:47.921,Active,425.8,2.4,97.1,11.5,75.5,No,0.0,None
21:47:48.334,Active,406.2,2.4,98.8,11.5,76.5,No,0.0,None
21:47:48.763,Active,421.5,2.4,98.2,11.5,75.5,No,0.0,None
21:47:49.196,Active,427.2,2.4,96.0,11.5,75.5,No,0.0,None
21:47:49.645,Active,442.3,2.4,93.8,11.6,75.5,No,0.0,None
21:47:50.075,Active,421.6,2.4,97.1,11.6,76.5,No,0.0,None
21:47:50.499,Active,417.2,2.4,98.3,11.6,76.0,No,0.0,None
21:47:50.913,Active,407.5,2.4,98.8,11.6,77.7,No,0.0,None
21:47:51.344,Active,423.1,2.4,96.5,11.6,76.0,No,0.0,None
21:47:51.761,Active,406.6,2.3,98.2,11.5,76.0,No,0.0,None
21:47:52.180,Active,409.2,2.3,98.2,11.5,75.5,No,0.0,None
21:47:52.597,Active,407.7,2.3,98.2,11.5,74.9,No,0.0,None
21:47:53.009,Active,406.1,2.3,98.8,11.5,76.5,No,0.0,None
21:47:53.425,Active,409.9,2.3,99.4,11.5,76.0,No,0.0,None
21:47:53.862,Active,428.7,2.3,97.7,11.6,76.0,No,0.0,None
21:47:54.274,Active,404.9,2.3,98.8,11.6,76.5,No,0.0,None
21:47:54.691,Active,409.6,2.3,98.8,11.6,76.5,No,0.0,None
21:47:55.102,Active,404.6,2.3,98.2,11.6,76.5,No,0.0,None
21:47:55.514,Active,406.8,2.3,99.4,11.6,76.5,No,0.0,None
21:47:55.930,Active,408.8,2.4,98.8,11.6,76.0,No,0.0,None
21:47:56.348,Active,409.1,2.4,98.2,11.6,76.5,No,0.0,None
21:47:56.766,Active,408.1,2.4,98.2,11.6,77.1,No,0.0,None
21:47:57.187,Active,410.7,2.4,97.6,11.6,76.5,No,0.0,None
21:47:57.603,Active,409.8,2.4,98.8,11.6,76.5,No,0.0,None
21:47:58.015,Active,406.3,2.4,98.8,11.6,76.5,No,0.0,None
21:47:58.434,Active,407.9,2.4,98.2,11.6,76.5,No,0.0,None
21:47:58.853,Active,409.1,2.4,97.6,11.6,76.5,No,0.0,None
21:47:59.283,Active,423.3,2.4,99.4,11.6,77.1,No,0.0,None
21:47:59.698,Active,408.6,2.4,99.4,11.6,76.5,No,0.0,None
21:48:00.108,Active,403.2,2.4,98.8,11.6,76.5,No,0.0,None
21:48:00.520,Active,406.0,2.4,99.4,11.6,77.1,No,0.0,None
21:48:00.940,Active,411.1,2.4,98.2,11.6,76.5,No,0.0,None
21:48:01.370,Active,419.3,2.4,95.9,11.6,77.7,No,0.0,None
21:48:01.794,Active,416.6,2.4,97.0,11.6,77.1,No,0.0,None
21:48:02.209,Active,407.3,2.4,98.8,11.6,76.5,No,0.0,None
21:48:02.623,Active,407.8,2.4,99.4,11.6,76.5,No,0.0,None
21:48:03.038,Active,405.9,2.4,97.6,11.6,77.1,No,0.0,None
21:48:03.457,Active,409.5,2.4,98.2,11.6,77.1,No,0.0,None
21:48:03.869,Active,403.6,2.4,99.4,11.6,77.1,No,0.0,None
21:48:04.276,Active,401.4,2.4,99.4,11.6,76.5,No,0.0,None
21:48:04.789,Active,405.9,2.4,80.4,11.5,77.7,No,0.0,None
21:48:05.202,Active,404.5,2.4,98.8,11.5,76.5,No,0.0,None
21:48:05.618,Active,408.6,2.4,98.8,11.5,76.5,No,0.0,None
21:48:06.033,Active,408.2,2.4,98.2,11.5,76.5,No,0.0,None
21:48:06.452,Active,410.0,2.4,97.6,11.5,78.2,No,0.0,None
21:48:06.870,Active,408.3,2.4,98.2,11.5,77.1,No,0.0,None
21:48:07.285,Active,408.0,2.4,98.2,11.5,77.1,No,0.0,None
21:48:07.701,Active,407.6,2.4,98.8,11.6,77.1,No,0.0,None
21:48:08.116,Active,406.6,2.4,98.2,11.5,77.1,No,0.0,None
21:48:08.534,Active,408.9,2.3,98.2,11.5,77.1,No,0.0,None
21:48:08.951,Active,409.6,2.3,98.8,11.5,76.0,No,0.0,None
21:48:09.405,Active,448.8,2.3,96.1,11.6,77.1,No,0.0,None
21:48:09.822,Active,408.0,2.3,98.2,11.6,77.7,No,0.0,None
21:48:10.233,Active,404.1,2.3,98.8,11.6,78.2,No,0.0,None
21:48:10.648,Active,407.3,2.3,98.8,11.6,77.1,No,0.0,None
21:48:11.059,Active,404.6,2.3,99.4,11.6,77.7,No,0.0,None
21:48:11.473,Active,407.2,2.3,98.8,11.6,76.5,No,0.0,None
21:48:11.891,Active,411.1,2.3,99.4,11.5,77.7,No,0.0,None
21:48:12.304,Active,407.6,2.3,98.2,11.5,77.7,No,0.0,None
21:48:12.723,Active,409.5,2.4,98.8,11.6,77.7,No,0.0,None
21:48:13.135,Active,406.7,2.4,98.2,11.6,77.7,No,0.0,None
21:48:13.556,Active,410.9,2.4,98.8,11.6,77.7,No,0.0,None
21:48:13.968,Active,406.0,2.4,98.8,11.6,78.2,No,0.0,None
21:48:14.389,Active,414.3,2.4,99.4,11.8,77.7,No,0.0,None
21:48:14.802,Active,405.0,2.4,98.2,11.8,77.7,No,0.0,None
21:48:15.214,Active,404.9,2.4,98.8,11.8,77.7,No,0.0,None
21:48:15.626,Active,404.9,2.4,98.8,11.8,77.7,No,0.0,None
21:48:16.042,Active,408.4,2.4,98.8,11.7,77.7,No,0.0,None
21:48:16.460,Active,412.6,2.4,98.2,11.7,77.1,No,0.0,None
21:48:16.882,Active,408.5,2.4,97.0,11.7,78.2,No,0.0,None
21:48:17.291,Active,403.3,2.4,98.8,11.7,78.8,No,0.0,None
21:48:17.704,Active,407.1,2.4,100.0,11.7,78.2,No,0.0,None
21:48:18.116,Active,406.1,2.4,99.4,11.7,78.8,No,0.0,None
21:48:18.550,Active,424.5,2.4,95.9,11.6,78.2,No,0.0,None
21:48:18.973,Active,416.0,2.4,97.0,11.6,78.2,No,0.0,None
21:48:19.419,Active,437.8,2.4,96.0,11.7,77.7,No,0.0,None
21:48:19.831,Active,406.3,2.4,98.8,11.7,77.7,No,0.0,None
21:48:20.250,Active,408.8,2.4,98.2,11.7,78.2,No,0.0,None
21:49:05.692,Active,428.4,2.4,1.1,11.5,59.0,No,0.0,None
21:49:06.104,Active,405.9,11.8,99.4,11.5,60.6,No,0.0,None
21:49:06.523,Active,409.5,11.8,98.2,11.5,61.1,No,0.0,None
21:49:06.940,Active,406.9,11.8,97.6,11.5,62.2,No,0.0,None
21:49:07.353,Active,407.2,11.8,98.8,11.5,63.4,No,0.0,None
21:49:07.784,Active,425.1,11.8,96.5,11.5,63.9,No,0.0,None
21:49:08.216,Active,423.1,11.8,95.9,11.5,64.5,No,0.0,None
21:49:08.635,Active,410.0,11.8,98.2,11.5,66.7,No,0.0,None
21:49:09.053,Active,408.3,11.8,97.6,11.5,65.5,No,0.0,None
21:49:09.470,Active,409.1,11.8,98.2,11.5,66.1,No,0.0,None
21:49:09.883,Active,407.0,11.8,98.8,11.5,67.2,No,0.0,None
21:49:10.329,Active,435.5,2.4,97.8,11.6,66.7,No,0.0,None
21:49:10.749,Active,410.4,2.4,98.2,11.6,67.8,No,0.0,None
21:49:11.166,Active,407.8,2.4,98.2,11.6,67.8,No,0.0,None
21:49:11.580,Active,407.1,2.4,98.8,11.6,67.8,No,0.0,None
21:49:11.999,Active,408.1,2.4,98.2,11.6,68.8,No,0.0,None
21:49:12.419,Active,410.2,2.4,97.6,11.6,68.8,No,0.0,None
21:49:12.831,Active,405.4,2.4,99.4,11.6,68.8,No,0.0,None
21:49:13.247,Active,406.0,2.4,98.2,11.6,70.0,No,0.0,None
21:49:13.667,Active,410.7,2.4,98.2,11.5,69.4,No,0.0,None
21:49:14.084,Active,407.4,2.4,97.6,11.5,69.4,No,0.0,None
21:49:14.501,Active,407.1,2.4,98.2,11.5,71.0,No,0.0,None
21:49:14.915,Active,407.9,2.4,99.4,11.5,70.0,No,0.0,None
21:49:15.342,Active,420.8,2.4,98.8,11.6,71.6,No,0.0,None
21:49:15.759,Active,409.0,2.4,98.2,11.6,70.5,No,0.0,None
21:49:16.177,Active,407.4,2.4,98.2,11.6,71.0,No,0.0,None
21:49:16.593,Active,408.2,2.4,98.2,11.6,71.6,No,0.0,None
21:49:17.007,Active,405.6,2.4,98.2,11.6,72.7,No,0.0,None
21:49:17.426,Active,409.2,2.4,98.2,11.5,70.5,No,0.0,None
21:49:17.839,Active,406.6,2.4,98.8,11.5,71.6,No,0.0,None
21:49:18.353,Active,406.7,2.4,79.6,11.5,71.6,No,0.0,None
21:49:18.770,Active,408.4,2.3,98.2,11.5,71.6,No,0.0,None
21:49:19.185,Active,407.9,2.3,98.8,11.5,71.6,No,0.0,None
21:49:19.601,Active,407.5,2.3,98.2,11.5,72.2,No,0.0,None
21:49:20.016,Active,404.5,2.3,98.2,11.5,73.2,No,0.0,None
21:49:20.453,Active,425.3,2.3,98.3,11.6,72.7,No,0.0,None
21:49:20.866,Active,405.5,2.3,99.4,11.6,72.7,No,0.0,None
21:49:21.285,Active,408.9,2.3,97.6,11.6,72.7,No,0.0,None
21:49:21.700,Active,406.4,2.3,98.2,11.6,73.2,No,0.0,None
21:49:22.116,Active,408.3,2.3,98.8,11.6,73.2,No,0.0,None
21:49:22.532,Active,407.3,2.3,98.2,11.6,72.7,No,0.0,None
21:49:22.944,Active,403.4,2.4,98.8,11.5,73.2,No,0.0,None
21:49:23.361,Active,404.9,2.4,98.2,11.5,73.2,No,0.0,None
21:49:23.776,Active,407.1,2.4,99.4,11.5,73.2,No,0.0,None
21:49:24.186,Active,403.9,2.4,99.4,11.5,73.2,No,0.0,None
21:49:24.604,Active,408.0,2.4,97.6,11.5,73.8,No,0.0,None
21:49:25.022,Active,408.6,2.4,98.8,11.5,73.8,No,0.0,None
21:49:25.465,Active,435.4,2.4,97.2,11.6,73.2,No,0.0,None
21:49:25.880,Active,407.8,2.4,98.8,11.6,74.3,No,0.0,None
21:49:26.302,Active,411.5,2.4,97.0,11.6,73.8,No,0.0,None
21:49:26.723,Active,411.0,2.4,97.6,11.6,73.8,No,0.0,None
21:49:27.142,Active,410.6,2.4,98.2,11.6,72.7,No,0.0,None
21:49:27.558,Active,409.1,2.4,98.2,11.6,73.8,No,0.0,None
21:49:27.970,Active,405.0,2.4,98.8,11.6,74.3,No,0.0,None
21:49:28.386,Active,408.5,2.4,99.4,11.6,74.3,No,0.0,None
21:49:28.815,Active,421.7,2.4,95.9,11.6,73.8,No,0.0,None
21:49:29.243,Active,421.8,2.4,96.5,11.6,73.8,No,0.0,None
21:49:29.664,Active,414.8,2.4,98.2,11.6,73.8,No,0.0,None
21:49:30.080,Active,407.3,2.4,98.2,11.6,74.3,No,0.0,None
21:49:30.511,Active,424.6,2.4,99.4,11.6,73.8,No,0.0,None
21:49:30.921,Active,403.5,2.4,100.0,11.6,74.9,No,0.0,None
21:49:31.332,Active,405.6,2.4,99.4,11.6,74.3,No,0.0,None
21:49:31.746,Active,407.2,2.4,98.8,11.6,76.0,No,0.0,None
21:49:32.162,Active,408.9,2.4,98.8,11.6,74.9,No,0.0,None
21:49:32.581,Active,411.8,2.4,98.2,11.6,74.3,No,0.0,None
21:49:33.007,Active,420.1,2.4,96.4,11.6,74.9,No,0.0,None
21:49:33.426,Active,410.0,2.4,98.2,11.6,74.3,No,0.0,None
21:49:33.842,Active,409.0,2.4,98.8,11.5,74.9,No,0.0,None
21:49:34.259,Active,410.5,2.4,97.6,11.5,74.3,No,0.0,None
21:49:34.684,Active,418.6,2.4,97.1,11.5,74.3,No,0.0,None
21:49:35.101,Active,408.0,2.4,98.2,11.5,74.9,No,0.0,None
21:49:35.516,Active,406.9,2.4,98.2,11.5,74.9,No,0.0,None
21:49:35.939,Active,413.8,2.4,98.2,11.5,74.9,No,0.0,None
21:49:36.353,Active,408.0,2.4,98.8,11.5,74.9,No,0.0,None
21:49:36.786,Active,424.6,2.4,96.5,11.5,74.9,No,0.0,None
21:49:37.202,Active,408.5,2.4,98.2,11.5,74.9,No,0.0,None
21:49:37.646,Active,436.9,2.4,94.9,11.5,74.9,No,0.0,None
21:49:38.060,Active,406.4,2.4,98.8,11.5,75.5,No,0.0,None
21:49:38.493,Active,424.3,2.4,96.5,11.5,76.0,No,0.0,None
21:49:38.907,Active,405.6,2.4,98.8,11.5,75.5,No,0.0,None
21:49:39.322,Active,408.6,2.4,98.8,11.5,74.9,No,0.0,None
21:49:39.738,Active,408.8,2.4,98.2,11.5,75.5,No,0.0,None
21:49:40.150,Active,405.0,2.4,98.8,11.5,76.5,No,0.0,None
21:49:40.588,Active,432.2,2.4,98.9,11.6,76.0,No,0.0,None
21:49:41.007,Active,407.1,2.4,98.8,11.6,75.5,No,0.0,None
21:49:41.439,Active,425.4,2.4,95.9,11.6,76.0,No,0.0,None
21:49:41.892,Active,408.1,2.4,91.2,11.6,74.3,No,0.0,None
21:49:42.304,Active,405.9,2.4,98.8,11.6,75.5,No,0.0,None
21:49:42.718,Active,407.9,2.4,100.0,11.6,74.9,No,0.0,None
21:49:43.133,Active,405.5,2.4,98.2,11.6,76.5,No,0.0,None
21:49:43.560,Active,419.0,2.4,97.1,11.6,76.0,No,0.0,None
21:49:43.978,Active,408.3,2.4,98.2,11.6,75.5,No,0.0,None
21:49:44.394,Active,408.3,2.4,98.2,11.6,76.0,No,0.0,None
21:49:44.812,Active,409.2,2.4,98.2,11.6,76.5,No,0.0,None
21:49:45.224,Active,406.1,2.4,99.4,11.6,76.0,No,0.0,None
21:49:45.636,Active,405.9,2.4,99.4,11.6,76.0,No,0.0,None
21:49:46.062,Active,416.9,2.4,98.2,11.6,76.5,No,0.0,None
21:49:46.477,Active,407.5,2.4,99.4,11.6,76.0,No,0.0,None
21:49:46.889,Active,406.3,2.4,99.4,11.6,76.0,No,0.0,None
21:49:47.305,Active,407.8,2.4,98.2,11.6,75.5,No,0.0,None
21:49:47.721,Active,407.6,2.4,98.8,11.6,76.5,No,0.0,None
21:49:48.134,Active,406.0,2.4,99.4,11.6,76.0,No,0.0,None
21:49:48.553,Active,409.2,2.4,98.2,11.6,76.5,No,0.0,None
21:49:48.971,Active,407.4,2.4,98.2,11.5,76.0,No,0.0,None
21:49:49.385,Active,407.6,2.4,98.8,11.5,76.0,No,0.0,None
21:49:49.804,Active,409.8,2.4,97.6,11.5,76.0,No,0.0,None
21:49:50.223,Active,408.2,2.4,98.2,11.5,76.5,No,0.0,None
21:49:50.741,Active,419.5,2.4,81.3,11.5,75.5,No,0.0,None
21:49:51.159,Active,407.7,2.4,98.2,11.5,76.0,No,0.0,None
21:49:51.572,Active,406.9,2.4,98.2,11.6,76.5,No,0.0,None
21:49:51.990,Active,408.4,2.4,98.8,11.5,77.1,No,0.0,None
21:49:52.410,Active,412.7,2.3,97.6,11.5,77.1,No,0.0,None
21:49:52.826,Active,407.8,2.3,98.2,11.5,76.5,No,0.0,None
21:49:53.243,Active,407.2,2.3,98.2,11.5,76.5,No,0.0,None
21:49:53.668,Active,415.1,2.3,97.6,11.6,76.0,No,0.0,None
21:49:54.086,Active,409.1,2.3,98.2,11.5,76.5,No,0.0,None
21:49:54.502,Active,409.2,2.3,98.8,11.5,76.5,No,0.0,None
21:49:54.918,Active,408.9,2.3,98.8,11.5,77.7,No,0.0,None
21:49:55.331,Active,407.6,2.3,98.2,11.5,76.0,No,0.0,None
21:49:55.762,Active,423.5,2.3,98.2,11.5,76.0,No,0.0,None
21:49:56.178,Active,408.9,2.3,98.8,11.5,76.5,No,0.0,None
21:49:56.595,Active,410.1,2.4,99.4,11.5,76.0,No,0.0,None
21:49:57.011,Active,405.9,2.4,97.0,11.5,76.5,No,0.0,None
21:49:57.428,Active,410.3,2.4,98.2,11.5,76.5,No,0.0,None
21:49:57.841,Active,406.4,2.4,98.8,11.5,77.7,No,0.0,None
21:49:58.256,Active,406.5,2.4,98.8,11.5,76.5,No,0.0,None
21:49:58.681,Active,415.9,2.4,97.0,11.5,76.5,No,0.0,None
21:49:59.100,Active,410.9,2.4,98.8,11.5,77.1,No,0.0,None
21:49:59.516,Active,410.0,2.4,98.8,11.5,76.5,No,0.0,None
21:49:59.937,Active,411.9,2.4,97.6,11.5,77.1,No,0.0,None
21:50:00.349,Active,406.0,2.4,99.4,11.5,77.1,No,0.0,None
21:50:00.764,Active,409.4,2.4,99.4,11.5,76.5,No,0.0,None
21:50:01.204,Active,434.0,2.4,98.3,11.5,77.1,No,0.0,None
21:50:01.620,Active,410.0,2.4,98.8,11.6,76.5,No,0.0,None
21:50:02.033,Active,405.5,2.4,98.8,11.6,77.7,No,0.0,None
21:50:02.466,Active,425.0,2.4,97.1,11.6,77.1,No,0.0,None
21:50:02.881,Active,408.2,2.4,98.8,11.6,77.1,No,0.0,None
21:50:03.295,Active,407.2,2.4,98.8,11.6,77.1,No,0.0,None
21:50:03.710,Active,408.4,2.4,98.8,11.6,77.1,No,0.0,None
21:50:04.124,Active,406.8,2.4,99.4,11.5,77.1,No,0.0,None
21:50:04.543,Active,409.8,2.4,98.2,11.5,77.1,No,0.0,None
21:50:04.957,Active,407.7,2.4,98.8,11.5,76.5,No,0.0,None
21:50:05.375,Active,409.8,2.4,98.2,11.5,77.7,No,0.0,None
21:50:50.811,Active,422.6,2.4,1.1,11.5,58.4,No,0.0,None
21:50:51.222,Active,404.8,2.4,98.8,11.5,60.0,No,0.0,None
21:50:51.639,Active,407.8,2.4,98.2,11.5,60.6,No,0.0,None
21:50:52.067,Active,417.9,2.4,97.7,11.5,62.2,No,0.0,None
21:50:52.493,Active,416.9,2.4,97.6,11.5,62.2,No,0.0,None
21:50:52.909,Active,407.9,2.4,98.2,11.5,63.9,No,0.0,None
21:50:53.322,Active,404.8,2.4,98.2,11.5,63.9,No,0.0,None
21:50:53.738,Active,408.6,2.4,98.8,11.5,65.0,No,0.0,None
21:50:54.255,Active,409.1,2.6,79.7,11.5,65.0,No,0.0,None
21:50:54.682,Active,420.6,2.6,97.7,11.5,65.5,No,0.0,None
21:50:55.099,Active,407.3,2.6,98.2,11.5,66.1,No,0.0,None
21:50:55.517,Active,408.1,2.6,97.6,11.5,66.7,No,0.0,None
21:50:55.934,Active,407.7,2.6,98.8,11.5,67.2,No,0.0,None
21:50:56.348,Active,406.5,2.6,98.8,11.5,67.8,No,0.0,None
21:50:56.801,Active,443.2,2.6,95.6,11.5,66.7,No,0.0,None
21:50:57.215,Active,408.4,2.6,98.2,11.5,68.3,No,0.0,None
21:50:57.638,Active,412.9,2.6,98.2,11.6,68.3,No,0.0,None
21:50:58.052,Active,406.2,2.6,98.2,11.5,68.8,No,0.0,None
21:50:58.472,Active,409.5,2.4,98.2,11.6,68.3,No,0.0,None
21:50:58.890,Active,408.0,2.4,97.6,11.6,69.4,No,0.0,None
21:50:59.302,Active,406.5,2.4,98.8,11.6,70.0,No,0.0,None
21:50:59.717,Active,408.1,2.4,98.8,11.5,70.0,No,0.0,None
21:51:00.134,Active,408.5,2.4,98.8,11.5,70.0,No,0.0,None
21:51:00.556,Active,416.0,2.4,98.2,11.5,70.0,No,0.0,None
21:51:00.973,Active,409.5,2.4,98.2,11.5,70.5,No,0.0,None
21:51:01.391,Active,409.5,2.4,98.2,11.5,70.5,No,0.0,None
21:51:01.808,Active,409.8,2.4,97.6,11.5,71.0,No,0.0,None
21:51:02.246,Active,430.5,2.4,98.3,11.5,71.0,No,0.0,None
21:51:02.665,Active,409.0,2.4,98.2,11.5,71.0,No,0.0,None
21:51:03.077,Active,406.1,2.4,98.8,11.5,71.6,No,0.0,None
21:51:03.502,Active,418.5,2.4,97.0,11.5,71.0,No,0.0,None
21:51:03.917,Active,405.1,2.4,98.2,11.5,71.6,No,0.0,None
21:51:04.335,Active,407.5,2.4,98.2,11.6,72.2,No,0.0,None
21:51:04.753,Active,411.1,2.4,98.8,11.6,71.0,No,0.0,None
21:51:05.164,Active,403.1,2.4,98.2,11.5,72.2,No,0.0,None
21:51:05.578,Active,407.8,2.4,99.4,11.5,72.2,No,0.0,None
21:51:05.994,Active,406.7,2.4,98.8,11.5,72.2,No,0.0,None
21:51:06.409,Active,407.3,2.4,98.8,11.5,72.2,No,0.0,None
21:51:06.825,Active,406.4,2.4,97.6,11.5,72.2,No,0.0,None
21:51:07.239,Active,406.4,2.4,98.8,11.5,72.7,No,0.0,None
21:51:07.653,Active,407.8,2.4,98.8,11.5,72.2,No,0.0,None
21:51:08.066,Active,405.0,2.4,98.8,11.5,73.2,No,0.0,None
21:51:08.482,Active,408.5,2.4,99.4,11.5,72.7,No,0.0,None
21:51:08.898,Active,408.9,2.4,98.2,11.5,73.2,No,0.0,None
21:51:09.319,Active,414.9,2.4,97.0,11.5,73.2,No,0.0,None
21:51:09.735,Active,409.5,2.4,99.4,11.5,73.2,No,0.0,None
21:51:10.150,Active,408.4,2.4,98.8,11.5,73.2,No,0.0,None
21:51:10.566,Active,409.9,2.4,98.8,11.5,73.2,No,0.0,None
21:51:11.002,Active,428.5,2.4,95.4,11.5,73.8,No,0.0,None
21:51:11.418,Active,408.6,2.4,98.8,11.5,73.8,No,0.0,None
21:51:11.832,Active,406.8,2.4,98.8,11.5,72.7,No,0.0,None
21:51:12.298,Active,456.9,2.4,95.7,11.6,73.2,No,0.0,None
21:51:12.715,Active,410.3,2.4,98.8,11.6,74.3,No,0.0,None
21:51:13.129,Active,408.1,2.4,98.8,11.6,73.8,No,0.0,None
21:51:13.546,Active,410.6,2.4,98.8,11.6,73.8,No,0.0,None
21:51:13.960,Active,406.9,2.4,98.2,11.6,74.3,No,0.0,None
21:51:14.393,Active,423.4,2.4,96.5,11.6,73.8,No,0.0,None
21:51:14.810,Active,408.9,2.4,98.2,11.6,73.8,No,0.0,None
21:51:15.223,Active,405.4,2.4,98.8,11.6,73.8,No,0.0,None
21:51:15.639,Active,409.5,2.4,98.8,11.6,74.9,No,0.0,None
21:51:16.053,Active,407.8,2.4,98.8,11.6,74.3,No,0.0,None
21:51:16.470,Active,410.9,2.4,98.8,11.6,73.2,No,0.0,None
21:51:16.884,Active,407.0,2.4,98.8,11.6,75.5,No,0.0,None
21:51:17.309,Active,415.9,2.4,98.2,11.6,74.9,No,0.0,None
21:51:17.726,Active,408.4,2.4,98.2,11.6,74.9,No,0.0,None
21:51:18.145,Active,409.1,2.4,98.2,11.6,74.3,No,0.0,None
21:51:18.563,Active,409.5,2.4,98.2,11.6,74.3,No,0.0,None
21:51:18.975,Active,405.9,2.4,98.2,11.6,74.3,No,0.0,None
21:51:19.390,Active,406.5,2.4,98.2,11.6,74.9,No,0.0,None
21:51:19.807,Active,409.8,2.4,98.8,11.6,74.9,No,0.0,None
21:51:20.227,Active,409.5,2.4,98.2,11.6,74.3,No,0.0,None
21:51:20.644,Active,411.0,2.4,98.2,11.6,74.9,No,0.0,None
21:51:21.063,Active,409.3,2.4,98.2,11.6,74.9,No,0.0,None
21:51:21.481,Active,412.1,2.4,98.8,11.6,75.5,No,0.0,None
21:51:21.898,Active,409.0,2.4,98.2,11.5,74.3,No,0.0,None
21:51:22.332,Active,423.6,2.4,97.7,11.6,74.9,No,0.0,None
21:51:22.757,Active,419.1,2.4,97.6,11.6,74.9,No,0.0,None
21:51:23.175,Active,408.3,2.4,98.2,11.6,75.5,No,0.0,None
21:51:23.596,Active,411.5,2.4,98.2,11.6,74.9,No,0.0,None
21:51:24.012,Active,406.0,2.4,98.2,11.6,75.5,No,0.0,None
21:51:24.430,Active,408.9,2.4,98.8,11.5,75.5,No,0.0,None
21:51:24.848,Active,408.4,2.4,97.6,11.5,76.0,No,0.0,None
21:51:25.276,Active,421.3,2.4,97.1,11.5,76.0,No,0.0,None
21:51:25.697,Active,411.7,2.4,98.2,11.5,75.5,No,0.0,None
21:51:26.113,Active,407.5,2.4,97.6,11.5,75.5,No,0.0,None
21:51:26.535,Active,413.5,2.4,98.2,11.5,74.9,No,0.0,None
21:51:26.949,Active,406.7,2.4,98.2,11.5,76.0,No,0.0,None
21:51:27.385,Active,428.2,2.4,98.3,11.6,75.5,No,0.0,None
21:51:27.802,Active,410.1,2.4,98.8,11.6,75.5,No,0.0,None
21:51:28.214,Active,406.6,2.4,99.4,11.6,75.5,No,0.0,None
21:51:28.632,Active,410.9,2.4,98.8,11.6,76.5,No,0.0,None
21:51:29.046,Active,407.9,2.4,99.4,11.6,76.0,No,0.0,None
21:51:29.487,Active,434.8,2.4,94.9,11.6,76.0,No,0.0,None
21:51:29.901,Active,407.9,2.4,98.8,11.5,76.0,No,0.0,None
21:51:30.315,Active,405.7,2.4,98.8,11.6,76.5,No,0.0,None
21:51:30.729,Active,407.4,2.4,99.4,11.6,77.1,No,0.0,None
21:51:31.142,Active,405.1,2.4,99.4,11.6,76.5,No,0.0,None
21:51:31.554,Active,405.1,2.4,99.4,11.6,76.5,No,0.0,None
21:51:31.966,Active,405.5,2.4,99.4,11.5,76.0,No,0.0,None
21:51:32.382,Active,409.2,2.4,98.8,11.5,75.5,No,0.0,None
21:51:32.815,Active,425.7,2.4,98.3,11.6,76.5,No,0.0,None
21:51:33.231,Active,409.6,2.4,99.4,11.6,76.0,No,0.0,None
21:51:33.647,Active,409.8,2.4,98.8,11.6,76.5,No,0.0,None
21:51:34.058,Active,404.4,2.4,98.8,11.6,77.1,No,0.0,None
21:51:34.473,Active,409.0,2.4,99.4,11.6,76.5,No,0.0,None
21:51:34.890,Active,408.6,2.4,98.8,11.6,76.5,No,0.0,None
21:51:35.302,Active,406.3,2.4,98.8,11.6,77.1,No,0.0,None
21:51:35.718,Active,409.6,2.4,99.4,11.6,76.5,No,0.0,None
21:51:36.130,Active,404.8,2.4,98.8,11.6,76.5,No,0.0,None
21:51:36.550,Active,412.8,2.4,98.8,11.6,76.5,No,0.0,None
21:51:36.965,Active,406.8,2.4,97.6,11.5,76.5,No,0.0,None
21:51:37.382,Active,408.4,2.4,98.8,11.5,74.9,No,0.0,None
21:51:37.805,Active,415.8,2.4,97.0,11.5,77.7,No,0.0,None
21:51:38.218,Active,407.1,2.4,98.8,11.5,77.1,No,0.0,None
21:51:38.634,Active,408.8,2.4,98.8,11.5,77.1,No,0.0,None
21:51:39.047,Active,406.7,2.4,99.4,11.5,77.1,No,0.0,None
21:51:39.466,Active,409.8,2.4,98.2,11.6,76.5,No,0.0,None
21:51:39.882,Active,410.4,2.4,99.4,11.6,76.5,No,0.0,None
21:51:40.297,Active,408.5,2.4,98.2,11.6,76.5,No,0.0,None
21:51:40.715,Active,409.9,2.4,98.2,11.6,77.1,No,0.0,None
21:51:41.130,Active,408.4,2.4,98.8,11.6,77.1,No,0.0,None
21:51:41.545,Active,409.5,2.4,98.8,11.6,77.1,No,0.0,None
21:51:41.959,Active,406.1,2.4,98.2,11.5,77.1,No,0.0,None
21:51:42.377,Active,406.3,2.4,97.0,11.5,76.5,No,0.0,None
21:51:42.825,Active,439.9,2.4,98.3,11.5,77.1,No,0.0,None
21:51:43.237,Active,406.3,2.4,99.4,11.5,76.5,No,0.0,None
21:51:43.653,Active,407.8,2.4,98.8,11.6,77.1,No,0.0,None
21:51:44.068,Active,409.5,2.4,99.4,11.6,77.7,No,0.0,None
21:51:44.485,Active,407.7,2.4,98.2,11.6,77.1,No,0.0,None
21:51:44.911,Active,417.8,2.4,96.5,11.6,77.1,No,0.0,None
21:51:45.324,Active,407.2,2.4,99.4,11.6,76.5,No,0.0,None
21:51:45.736,Active,406.4,2.4,98.8,11.5,77.7,No,0.0,None
21:51:46.266,Active,416.7,2.4,77.7,11.5,76.5,No,0.0,None
21:51:46.685,Active,408.6,2.4,98.8,11.5,78.2,No,0.0,None
21:51:47.099,Active,407.1,2.4,98.8,11.5,77.1,No,0.0,None
21:51:47.513,Active,406.3,2.4,98.2,11.5,76.5,No,0.0,None
21:51:47.934,Active,415.1,2.4,99.4,11.5,76.5,No,0.0,None
21:51:48.350,Active,406.1,2.4,98.2,11.5,77.1,No,0.0,None
21:51:48.767,Active,410.7,2.3,98.8,11.5,77.1,No,0.0,None
21:51:49.183,Active,408.9,2.3,97.6,11.5,77.7,No,0.0,None
21:51:49.603,Active,409.7,2.3,98.2,11.5,77.1,No,0.0,None
21:51:50.023,Active,410.0,2.3,98.2,11.5,76.5,No,0.0,None
21:51:50.441,Active,410.3,2.3,97.6,11.6,77.1,No,0.0,None
21:52:35.883,Active,426.7,2.3,1.5,11.6,58.4,No,0.0,None
21:52:36.303,Active,409.4,2.3,98.2,11.6,60.6,No,0.0,None
21:52:36.721,Active,411.8,2.3,98.2,11.6,61.1,No,0.0,None
21:52:37.135,Active,405.6,2.3,98.2,11.6,61.7,No,0.0,None
21:52:37.550,Active,408.4,2.3,99.4,11.6,62.8,No,0.0,None
21:52:37.966,Active,410.7,4.0,98.2,11.6,63.4,No,0.0,None
21:52:38.378,Active,405.1,4.0,99.4,11.6,64.5,No,0.0,None
21:52:38.798,Active,412.5,4.0,98.8,11.6,64.5,No,0.0,None
21:52:39.210,Active,406.5,4.0,97.6,11.6,65.0,No,0.0,None
21:52:39.625,Active,407.0,4.0,98.8,11.6,65.5,No,0.0,None
21:52:40.041,Active,406.4,4.0,98.2,11.5,65.5,No,0.0,None
21:52:40.460,Active,408.9,4.0,98.2,11.5,66.1,No,0.0,None
21:52:40.878,Active,408.1,4.0,97.6,11.5,67.2,No,0.0,None
21:52:41.295,Active,409.5,4.0,98.8,11.5,67.8,No,0.0,None
21:52:41.710,Active,408.9,4.0,98.2,11.5,68.3,No,0.0,None
21:52:42.132,Active,416.1,2.4,97.6,11.5,68.3,No,0.0,None
21:52:42.547,Active,408.1,2.4,98.8,11.5,68.3,No,0.0,None
21:52:42.958,Active,404.6,2.4,99.4,11.5,68.8,No,0.0,None
21:52:43.371,Active,406.9,2.4,99.4,11.5,69.4,No,0.0,None
21:52:43.820,Active,440.0,2.4,98.3,11.6,68.8,No,0.0,None
21:52:44.236,Active,407.0,2.4,98.2,11.6,68.8,No,0.0,None
21:52:44.653,Active,410.5,2.4,98.8,11.6,70.0,No,0.0,None
21:52:45.063,Active,404.0,2.4,99.4,11.6,70.0,No,0.0,None
21:52:45.473,Active,403.5,2.4,99.4,11.6,70.0,No,0.0,None
21:52:45.889,Active,405.0,2.4,98.2,11.6,70.5,No,0.0,None
21:52:46.302,Active,407.0,2.4,99.4,11.6,70.5,No,0.0,None
21:52:46.715,Active,407.3,2.4,98.8,11.6,71.0,No,0.0,None
21:52:47.126,Active,404.4,2.4,100.0,11.6,71.6,No,0.0,None
21:52:47.541,Active,409.8,2.4,99.4,11.5,71.6,No,0.0,None
21:52:47.953,Active,403.9,2.4,98.2,11.6,72.7,No,0.0,None
21:52:48.368,Active,409.3,2.4,99.4,11.6,71.6,No,0.0,None
21:52:48.798,Active,421.2,2.4,98.2,11.5,71.6,No,0.0,None
21:52:49.215,Active,409.6,2.4,98.8,11.6,71.6,No,0.0,None
21:52:49.627,Active,405.3,2.4,98.2,11.6,71.6,No,0.0,None
21:52:50.040,Active,407.3,2.4,99.4,11.6,72.2,No,0.0,None
21:52:50.458,Active,411.3,2.4,97.6,11.6,72.2,No,0.0,None
21:52:50.878,Active,408.6,2.4,97.6,11.6,72.2,No,0.0,None
21:52:51.297,Active,411.7,2.4,97.6,11.5,72.7,No,0.0,None
21:52:51.715,Active,410.0,2.4,98.2,11.5,72.2,No,0.0,None
21:52:52.134,Active,409.6,2.4,98.8,11.5,72.7,No,0.0,None
21:52:52.548,Active,407.3,2.4,98.2,11.5,73.2,No,0.0,None
21:52:52.958,Active,404.0,2.4,99.4,11.5,72.7,No,0.0,None
21:52:53.375,Active,409.6,2.4,98.8,11.5,73.2,No,0.0,None
21:52:53.805,Active,423.4,2.4,99.4,11.6,72.7,No,0.0,None
21:52:54.220,Active,406.9,2.4,98.2,11.6,73.8,No,0.0,None
21:52:54.654,Active,424.6,2.4,96.5,11.6,73.2,No,0.0,None
21:52:55.069,Active,407.9,2.4,98.2,11.5,73.2,No,0.0,None
21:52:55.489,Active,411.8,2.4,98.2,11.5,72.7,No,0.0,None
21:52:55.907,Active,409.7,2.4,98.2,11.5,72.7,No,0.0,None
21:52:56.322,Active,408.1,2.4,98.2,11.6,73.8,No,0.0,None
21:52:56.736,Active,407.2,2.4,98.8,11.5,73.8,No,0.0,None
21:52:57.148,Active,405.9,2.4,99.4,11.5,74.9,No,0.0,None
21:52:57.566,Active,409.0,2.4,98.2,11.5,73.2,No,0.0,None
21:52:57.978,Active,405.3,2.4,98.8,11.5,73.8,No,0.0,None
21:52:58.392,Active,407.2,2.4,99.4,11.5,72.2,No,0.0,None
21:52:58.826,Active,423.5,2.4,96.5,11.6,73.8,No,0.0,None
21:52:59.241,Active,405.9,2.4,98.2,11.6,74.3,No,0.0,None
21:52:59.665,Active,413.2,2.4,97.6,11.6,73.8,No,0.0,None
21:53:00.080,Active,406.9,2.4,98.2,11.6,73.8,No,0.0,None
21:53:00.502,Active,412.3,2.4,98.2,11.6,73.8,No,0.0,None
21:53:00.916,Active,407.3,2.4,98.2,11.6,74.3,No,0.0,None
21:53:01.334,Active,407.9,2.4,97.6,11.5,74.9,No,0.0,None
21:53:01.753,Active,409.6,2.4,97.6,11.5,73.8,No,0.0,None
21:53:02.169,Active,405.9,2.4,98.2,11.5,74.3,No,0.0,None
21:53:02.585,Active,409.3,2.4,98.8,11.5,74.3,No,0.0,None
21:53:03.017,Active,423.3,2.4,95.9,11.5,73.8,No,0.0,None
21:53:03.451,Active,425.9,2.4,95.4,11.5,74.3,No,0.0,None
21:53:03.868,Active,408.3,2.4,98.8,11.6,74.3,No,0.0,None
21:53:04.303,Active,425.7,2.4,97.7,11.6,74.3,No,0.0,None
21:53:04.717,Active,408.1,2.4,98.8,11.6,75.5,No,0.0,None
21:53:05.133,Active,406.1,2.4,98.2,11.6,74.3,No,0.0,None
21:53:05.551,Active,407.8,2.4,98.2,11.6,74.3,No,0.0,None
21:53:05.969,Active,412.0,2.4,98.8,11.6,74.9,No,0.0,None
21:53:06.474,Active,408.0,2.4,81.1,11.6,74.3,No,0.0,None
21:53:06.895,Active,413.5,2.4,97.6,11.6,74.3,No,0.0,None
21:53:07.309,Active,407.9,2.3,98.8,11.6,74.9,No,0.0,None
21:53:07.724,Active,408.6,2.3,99.4,11.6,74.3,No,0.0,None
21:53:08.150,Active,417.6,2.3,96.5,11.6,76.0,No,0.0,None
21:53:08.570,Active,408.6,2.3,97.6,11.6,74.9,No,0.0,None
21:53:08.982,Active,404.8,2.3,98.8,11.6,74.9,No,0.0,None
21:53:09.400,Active,408.0,2.3,98.2,11.6,75.5,No,0.0,None
21:53:09.827,Active,417.6,2.3,96.5,11.5,75.5,No,0.0,None
21:53:10.243,Active,408.3,2.3,98.8,11.5,74.9,No,0.0,None
21:53:10.662,Active,409.2,2.3,97.6,11.6,74.9,No,0.0,None
21:53:11.075,Active,405.2,2.3,99.4,11.5,74.9,No,0.0,None
21:53:11.504,Active,419.2,2.4,96.0,11.5,74.9,No,0.0,None
21:53:11.918,Active,406.7,2.4,98.8,11.5,75.5,No,0.0,None
21:53:12.332,Active,407.2,2.4,98.8,11.5,76.5,No,0.0,None
21:53:12.753,Active,411.0,2.4,97.0,11.5,75.5,No,0.0,None
21:53:13.166,Active,407.1,2.4,99.4,11.5,76.5,No,0.0,None
21:53:13.584,Active,408.4,2.4,98.2,11.5,75.5,No,0.0,None
21:53:14.027,Active,433.0,2.4,96.6,11.6,74.9,No,0.0,None
21:53:14.464,Active,427.0,2.4,96.6,11.6,76.0,No,0.0,None
21:53:14.880,Active,406.9,2.4,98.2,11.6,76.0,No,0.0,None
21:53:15.297,Active,408.1,2.4,97.6,11.6,76.5,No,0.0,None
21:53:15.712,Active,408.8,2.4,98.8,11.6,76.0,No,0.0,None
21:53:16.126,Active,404.6,2.4,98.2,11.6,76.0,No,0.0,None
21:53:16.539,Active,406.1,2.4,99.4,11.6,76.0,No,0.0,None
21:53:16.954,Active,407.7,2.4,98.8,11.6,75.5,No,0.0,None
21:53:17.370,Active,408.7,2.4,98.2,11.5,75.5,No,0.0,None
21:53:17.789,Active,408.5,2.4,98.2,11.5,76.5,No,0.0,None
21:53:18.214,Active,417.0,2.4,96.4,11.6,76.0,No,0.0,None
21:53:18.631,Active,410.7,2.4,98.8,11.6,77.1,No,0.0,None
21:53:19.056,Active,416.2,2.4,97.1,11.6,76.5,No,0.0,None
21:53:19.485,Active,420.2,2.4,98.2,11.6,76.0,No,0.0,None
21:53:19.898,Active,405.2,2.4,98.8,11.6,75.5,No,0.0,None
21:53:20.312,Active,408.1,2.4,99.4,11.6,76.5,No,0.0,None
21:53:20.734,Active,412.8,2.4,98.2,11.6,76.5,No,0.0,None
21:53:21.148,Active,408.6,2.4,98.2,11.6,74.9,No,0.0,None
21:53:21.568,Active,410.3,2.4,98.2,11.5,76.5,No,0.0,None
21:53:21.990,Active,407.4,2.4,97.0,11.5,77.1,No,0.0,None
21:53:22.403,Active,407.2,2.4,98.8,11.5,76.5,No,0.0,None
21:53:22.818,Active,406.4,2.4,98.2,11.5,76.5,No,0.0,None
21:53:23.231,Active,406.5,2.4,98.8,11.5,76.0,No,0.0,None
21:53:23.650,Active,411.4,2.4,98.2,11.5,76.5,No,0.0,None
21:53:24.066,Active,405.8,2.4,97.6,11.5,76.0,No,0.0,None
21:53:24.492,Active,419.0,2.4,98.8,11.6,76.5,No,0.0,None
21:53:24.910,Active,408.9,2.4,98.2,11.6,76.0,No,0.0,None
21:53:25.330,Active,413.0,2.4,97.6,11.6,77.1,No,0.0,None
21:53:25.746,Active,409.0,2.4,98.8,11.6,76.5,No,0.0,None
21:53:26.161,Active,405.0,2.4,97.6,11.6,77.7,No,0.0,None
21:53:26.579,Active,409.5,2.4,98.8,11.6,77.1,No,0.0,None
21:53:26.993,Active,407.7,2.4,98.2,11.6,76.5,No,0.0,None
21:53:27.407,Active,405.9,2.4,98.8,11.6,76.5,No,0.0,None
21:53:27.822,Active,408.0,2.4,98.8,11.6,77.1,No,0.0,None
21:53:28.241,Active,408.7,2.4,98.2,11.6,77.1,No,0.0,None
21:53:28.659,Active,411.9,2.4,98.8,11.5,76.5,No,0.0,None
21:53:29.072,Active,406.9,2.4,98.2,11.5,76.5,No,0.0,None
21:53:29.513,Active,432.3,2.4,97.7,11.6,77.7,No,0.0,None
21:53:29.928,Active,407.2,2.4,98.2,11.6,77.1,No,0.0,None
21:53:30.349,Active,408.2,2.4,97.6,11.6,77.1,No,0.0,None
21:53:30.764,Active,408.8,2.4,99.4,11.6,77.1,No,0.0,None
21:53:31.182,Active,411.5,2.4,98.8,11.6,77.1,No,0.0,None
21:53:31.598,Active,409.2,2.4,97.6,11.6,77.7,No,0.0,None
21:53:32.012,Active,407.3,2.4,98.2,11.5,77.7,No,0.0,None
21:53:32.426,Active,406.9,2.4,99.4,11.5,77.7,No,0.0,None
21:53:32.838,Active,405.4,2.4,98.8,11.5,77.1,No,0.0,None
21:53:33.251,Active,405.6,2.4,99.4,11.5,76.5,No,0.0,None
21:53:33.663,Active,406.8,2.4,98.8,11.5,77.7,No,0.0,None
21:53:34.081,Active,407.9,2.4,98.2,11.5,77.1,No,0.0,None
21:53:34.521,Active,431.8,2.4,97.7,11.6,77.7,No,0.0,None
21:53:34.945,Active,415.5,2.4,97.0,11.6,76.5,No,0.0,None
21:53:35.362,Active,407.6,2.4,98.2,11.6,77.7,No,0.0,None
21:53:35.776,Active,407.1,2.4,99.4,11.6,77.1,No,0.0,None
21:54:21.214,Active,421.0,2.4,1.3,11.6,59.0,No,0.0,None
21:54:21.624,Active,403.6,12.0,100.0,11.6,61.1,No,0.0,None
21:54:22.036,Active,406.6,12.0,100.0,11.6,61.7,No,0.0,None
21:54:22.449,Active,406.5,12.0,98.8,11.6,63.9,No,0.0,None
21:54:22.864,Active,408.7,12.0,99.4,11.6,63.9,No,0.0,None
21:54:23.305,Active,434.4,12.0,94.9,11.6,65.5,No,0.0,None
21:54:23.721,Active,408.1,12.0,99.4,11.6,66.7,No,0.0,None
21:54:24.137,Active,406.1,12.0,98.2,11.6,65.0,No,0.0,None
21:54:24.555,Active,407.5,12.0,98.8,11.6,66.1,No,0.0,None
21:54:24.972,Active,407.7,12.0,97.6,11.6,66.7,No,0.0,None
21:54:25.405,Active,423.9,12.0,97.7,11.6,67.8,No,0.0,None
21:54:25.824,Active,409.0,2.4,98.2,11.6,68.3,No,0.0,None
21:54:26.242,Active,407.8,2.4,97.6,11.6,67.8,No,0.0,None
21:54:26.660,Active,411.2,2.4,98.8,11.6,67.8,No,0.0,None
21:54:27.074,Active,407.1,2.4,98.8,11.6,67.8,No,0.0,None
21:54:27.489,Active,408.1,2.4,98.8,11.6,68.8,No,0.0,None
21:54:27.907,Active,407.4,2.4,97.6,11.6,69.4,No,0.0,None
21:54:28.324,Active,408.0,2.4,98.2,11.6,69.4,No,0.0,None
21:54:28.740,Active,409.5,2.4,98.8,11.6,70.5,No,0.0,None
21:54:29.159,Active,410.8,2.4,98.8,11.6,70.5,No,0.0,None
21:54:29.581,Active,414.7,2.4,98.2,11.6,70.5,No,0.0,None
21:54:30.000,Active,409.4,2.4,97.6,11.6,70.0,No,0.0,None
21:54:30.438,Active,429.3,2.4,97.1,11.6,71.0,No,0.0,None
21:54:30.853,Active,408.2,2.4,97.6,11.6,70.5,No,0.0,None
21:54:31.272,Active,408.3,2.4,98.8,11.6,71.6,No,0.0,None
21:54:31.691,Active,409.5,2.4,98.2,11.6,71.6,No,0.0,None
21:54:32.105,Active,407.9,2.4,98.8,11.6,71.0,No,0.0,None
21:54:32.518,Active,405.1,2.4,98.2,11.6,71.6,No,0.0,None
21:54:32.932,Active,404.0,2.4,99.4,11.6,71.6,No,0.0,None
21:54:33.346,Active,406.4,2.4,98.8,11.5,72.2,No,0.0,None
21:54:33.765,Active,410.9,2.4,98.8,11.5,72.2,No,0.0,None
21:54:34.182,Active,408.4,2.4,97.6,11.5,73.2,No,0.0,None
21:54:34.602,Active,410.7,2.4,98.2,11.5,72.7,No,0.0,None
21:54:35.025,Active,415.3,2.4,97.6,11.5,73.8,No,0.0,None
21:54:35.442,Active,407.5,2.4,98.2,11.6,72.7,No,0.0,None
21:54:35.878,Active,428.3,2.4,98.3,11.6,73.2,No,0.0,None
21:54:36.292,Active,406.1,2.4,98.8,11.6,72.7,No,0.0,None
21:54:36.721,Active,420.9,2.4,98.2,11.6,73.8,No,0.0,None
21:54:37.133,Active,403.7,2.4,99.4,11.6,73.8,No,0.0,None
21:54:37.546,Active,407.0,2.4,99.4,11.6,73.8,No,0.0,None
21:54:37.962,Active,408.9,2.4,98.8,11.6,73.2,No,0.0,None
21:54:38.374,Active,404.7,2.4,98.8,11.6,73.8,No,0.0,None
21:54:38.790,Active,408.7,2.4,98.8,11.6,73.8,No,0.0,None
21:54:39.223,Active,425.3,2.4,95.3,11.6,73.8,No,0.0,None
21:54:39.637,Active,408.0,2.4,98.8,11.6,74.9,No,0.0,None
21:54:40.052,Active,409.0,2.4,98.2,11.6,74.3,No,0.0,None
21:54:40.466,Active,407.7,2.4,98.8,11.6,73.8,No,0.0,None
21:54:40.883,Active,406.4,2.4,98.2,11.6,74.3,No,0.0,None
21:54:41.300,Active,408.5,2.4,98.2,11.6,74.3,No,0.0,None
21:54:41.726,Active,416.8,2.4,96.4,11.5,75.5,No,0.0,None
21:54:42.142,Active,409.6,2.4,99.4,11.5,74.3,No,0.0,None
21:54:42.562,Active,412.3,2.4,98.2,11.5,74.3,No,0.0,None
21:54:42.974,Active,407.0,2.4,98.8,11.5,75.5,No,0.0,None
21:54:43.386,Active,405.0,2.4,98.8,11.6,74.9,No,0.0,None
21:54:43.797,Active,404.7,2.4,100.0,11.6,76.0,No,0.0,None
21:54:44.209,Active,405.5,2.4,100.0,11.6,74.3,No,0.0,None
21:54:44.622,Active,407.5,2.4,98.8,11.6,74.9,No,0.0,None
21:54:45.047,Active,418.8,2.4,97.0,11.6,74.9,No,0.0,None
21:54:45.462,Active,408.6,2.4,99.4,11.5,74.3,No,0.0,None
21:54:45.906,Active,436.4,2.4,98.3,11.6,74.9,No,0.0,None
21:54:46.322,Active,410.0,2.4,98.8,11.6,74.9,No,0.0,None
21:54:46.737,Active,408.5,2.4,98.2,11.6,75.5,No,0.0,None
21:54:47.151,Active,408.0,2.4,99.4,11.6,74.9,No,0.0,None
21:54:47.566,Active,409.1,2.4,98.8,11.6,75.5,No,0.0,None
21:54:47.978,Active,406.3,2.4,98.8,11.6,73.8,No,0.0,None
21:54:48.398,Active,409.1,2.4,98.2,11.6,76.0,No,0.0,None
21:54:48.813,Active,407.2,2.4,98.2,11.6,76.0,No,0.0,None
21:54:49.229,Active,407.1,2.4,98.8,11.6,75.5,No,0.0,None
21:54:49.667,Active,432.3,2.4,95.4,11.6,76.0,No,0.0,None
21:54:50.080,Active,406.1,2.4,98.2,11.6,75.5,No,0.0,None
21:54:50.498,Active,409.8,2.4,98.8,11.6,75.5,No,0.0,None
21:54:50.926,Active,418.3,2.4,98.2,11.6,76.0,No,0.0,None
21:54:51.347,Active,411.4,2.4,97.6,11.6,75.5,No,0.0,None
21:54:51.762,Active,408.9,2.4,98.2,11.6,75.5,No,0.0,None
21:54:52.178,Active,406.6,2.4,98.2,11.6,76.0,No,0.0,None
21:54:52.596,Active,408.2,2.4,98.2,11.6,76.5,No,0.0,None
21:54:53.011,Active,408.1,2.4,98.8,11.6,76.0,No,0.0,None
21:54:53.428,Active,410.6,2.4,98.8,11.6,76.5,No,0.0,None
21:54:53.844,Active,406.4,2.4,98.8,11.6,75.5,No,0.0,None
21:54:54.262,Active,407.3,2.4,97.6,11.6,76.0,No,0.0,None
21:54:54.680,Active,408.6,2.4,98.2,11.6,76.5,No,0.0,None
21:54:55.093,Active,405.5,2.4,98.8,11.5,75.5,No,0.0,None
21:54:55.514,Active,411.2,2.4,97.6,11.5,77.1,No,0.0,None
21:54:55.945,Active,420.1,2.4,97.7,11.5,76.5,No,0.0,None
21:54:56.364,Active,408.3,2.4,98.2,11.6,76.0,No,0.0,None
21:54:56.785,Active,410.6,2.4,98.2,11.6,76.0,No,0.0,None
21:54:57.200,Active,408.4,2.4,98.2,11.6,76.5,No,0.0,None
21:54:57.616,Active,409.5,2.4,98.8,11.6,76.5,No,0.0,None
21:54:58.033,Active,408.2,2.4,98.2,11.6,77.1,No,0.0,None
21:54:58.448,Active,408.6,2.4,98.8,11.6,77.1,No,0.0,None
21:54:58.864,Active,407.3,2.4,98.2,11.5,76.5,No,0.0,None
21:54:59.277,Active,406.2,2.4,99.4,11.5,76.5,No,0.0,None
21:54:59.698,Active,413.2,2.4,97.6,11.5,77.1,No,0.0,None
21:55:00.116,Active,406.9,2.4,98.2,11.5,77.1,No,0.0,None
21:55:00.533,Active,408.1,2.4,98.2,11.6,77.1,No,0.0,None
21:55:00.971,Active,430.1,2.4,97.7,11.6,77.1,No,0.0,None
21:55:01.382,Active,405.5,2.4,99.4,11.6,77.1,No,0.0,None
21:55:01.799,Active,409.3,2.4,98.2,11.6,76.0,No,0.0,None
21:55:02.213,Active,408.1,2.4,98.8,11.6,77.1,No,0.0,None
21:55:02.628,Active,407.6,2.4,98.8,11.6,77.1,No,0.0,None
21:55:03.051,Active,411.6,2.4,97.6,11.6,77.1,No,0.0,None
21:55:03.471,Active,413.7,2.4,97.6,11.6,77.1,No,0.0,None
21:55:03.887,Active,409.6,2.4,98.8,11.6,77.1,No,0.0,None
21:55:04.300,Active,406.7,2.4,98.8,11.6,77.1,No,0.0,None
21:55:04.719,Active,409.4,2.4,98.2,11.6,77.1,No,0.0,None
21:55:05.140,Active,415.6,2.4,97.6,11.6,77.1,No,0.0,None
21:55:05.553,Active,406.2,2.4,98.8,11.6,77.7,No,0.0,None
21:55:05.975,Active,416.0,2.4,99.4,11.6,77.1,No,0.0,None
21:55:06.394,Active,413.7,2.4,97.6,11.6,77.7,No,0.0,None
21:55:06.807,Active,406.2,2.4,98.8,11.6,77.1,No,0.0,None
21:55:07.222,Active,408.9,2.4,98.8,11.6,77.1,No,0.0,None
21:55:07.643,Active,413.2,2.4,97.6,11.6,76.5,No,0.0,None
21:55:08.059,Active,406.9,2.4,98.2,11.6,77.7,No,0.0,None
21:55:08.474,Active,409.0,2.4,99.4,11.6,77.7,No,0.0,None
21:55:08.885,Active,404.0,2.4,98.2,11.6,77.1,No,0.0,None
21:55:09.299,Active,407.6,2.4,99.4,11.6,76.5,No,0.0,None
21:55:09.718,Active,409.2,2.4,98.2,11.6,77.7,No,0.0,None
21:55:10.133,Active,407.9,2.4,98.2,11.6,77.1,No,0.0,None
21:55:10.552,Active,413.3,2.4,99.4,11.6,77.7,No,0.0,None
21:55:10.965,Active,405.3,2.4,98.2,11.6,77.7,No,0.0,None
21:55:11.383,Active,411.1,2.4,98.8,11.6,77.1,No,0.0,None
21:55:11.799,Active,409.4,2.4,98.2,11.5,78.2,No,0.0,None
21:55:12.211,Active,405.6,2.4,99.4,11.5,77.7,No,0.0,None
21:55:12.623,Active,405.4,2.4,98.8,11.5,77.7,No,0.0,None
21:55:13.034,Active,404.6,2.4,98.8,11.5,78.2,No,0.0,None
21:55:13.450,Active,408.5,2.4,98.8,11.5,77.7,No,0.0,None
21:55:13.866,Active,407.5,2.4,98.8,11.5,78.2,No,0.0,None
21:55:14.281,Active,407.8,2.4,98.2,11.5,78.8,No,0.0,None
21:55:14.698,Active,410.8,2.4,98.8,11.5,78.2,No,0.0,None
21:55:15.112,Active,408.5,2.4,98.2,11.5,77.7,No,0.0,None
21:55:15.529,Active,410.9,2.4,98.2,11.5,78.8,No,0.0,None
21:55:15.943,Active,407.7,2.4,98.8,11.5,77.1,No,0.0,None
21:55:16.392,Active,442.9,2.4,97.2,11.6,79.3,No,0.0,None
21:55:16.811,Active,409.3,2.4,97.6,11.6,78.2,No,0.0,None
21:55:17.226,Active,407.2,2.4,98.2,11.6,77.7,No,0.0,None
21:55:17.644,Active,408.5,2.4,98.2,11.6,77.7,No,0.0,None
21:55:18.063,Active,409.5,2.4,98.2,11.6,77.7,No,0.0,None
21:55:18.478,Active,408.4,2.4,98.2,11.6,77.7,No,0.0,None
21:55:18.895,Active,409.0,2.4,98.8,11.5,78.2,No,0.0,None
21:55:19.313,Active,406.6,2.4,97.6,11.5,78.2,No,0.0,None
21:55:19.731,Active,408.2,2.4,98.2,11.5,78.2,No,0.0,None
21:55:20.147,Active,407.0,2.4,98.2,11.5,78.2,No,0.0,None
21:55:20.565,Active,409.3,2.4,98.2,11.5,78.2,No,0.0,None
21:55:20.980,Active,407.3,2.4,98.2,11.5,77.7,No,0.0,None
21:56:06.434,Active,436.9,2.4,1.2,11.6,59.0,No,0.0,None
21:56:06.847,Active,406.0,2.4,99.4,11.6,59.5,No,0.0,None
21:56:07.281,Active,423.7,2.4,97.7,11.6,61.7,No,0.0,None
21:56:07.698,Active,410.9,2.4,99.4,11.6,62.8,No,0.0,None
21:56:08.111,Active,407.5,2.4,99.4,11.6,63.9,No,0.0,None
21:56:08.529,Active,411.7,2.4,98.8,11.6,65.0,No,0.0,None
21:56:08.949,Active,409.0,2.4,97.6,11.6,65.0,No,0.0,None
21:56:09.360,Active,405.2,3.0,98.8,11.6,65.0,No,0.0,None
21:56:09.777,Active,408.2,3.0,98.8,11.6,67.2,No,0.0,None
21:56:10.190,Active,406.6,3.0,99.4,11.6,67.2,No,0.0,None
21:56:10.606,Active,409.3,3.0,98.8,11.6,68.3,No,0.0,None
21:56:11.022,Active,408.8,3.0,98.2,11.5,67.8,No,0.0,None
21:56:11.440,Active,407.9,3.0,97.6,11.5,67.8,No,0.0,None
21:56:11.854,Active,404.8,3.0,98.2,11.5,68.3,No,0.0,None
21:56:12.269,Active,405.0,3.0,98.2,11.5,69.4,No,0.0,None
21:56:12.689,Active,408.5,3.0,97.6,11.5,69.4,No,0.0,None
21:56:13.101,Active,403.9,3.0,98.2,11.5,70.0,No,0.0,None
21:56:13.515,Active,407.6,2.4,98.8,11.5,69.4,No,0.0,None
21:56:13.933,Active,407.6,2.4,98.8,11.5,71.0,No,0.0,None
21:56:14.350,Active,408.5,2.4,97.6,11.5,70.5,No,0.0,None
21:56:14.774,Active,416.9,2.4,97.6,11.5,71.6,No,0.0,None
21:56:15.189,Active,407.9,2.4,98.8,11.5,71.0,No,0.0,None
21:56:15.601,Active,407.0,2.4,99.4,11.5,71.0,No,0.0,None
21:56:16.014,Active,406.6,2.4,98.8,11.5,71.0,No,0.0,None
21:56:16.431,Active,409.6,2.4,98.8,11.5,72.2,No,0.0,None
21:56:16.843,Active,405.8,2.4,98.8,11.5,72.2,No,0.0,None
21:56:17.285,Active,436.0,2.4,98.9,11.6,71.6,No,0.0,None
21:56:17.704,Active,409.5,2.4,98.2,11.6,72.2,No,0.0,None
21:56:18.113,Active,403.2,2.4,98.8,11.6,73.2,No,0.0,None
21:56:18.529,Active,409.8,2.4,98.2,11.6,72.7,No,0.0,None
21:56:18.943,Active,405.6,2.4,98.8,11.6,73.2,No,0.0,None
21:56:19.467,Active,416.3,2.4,78.9,11.6,72.2,No,0.0,None
21:56:19.884,Active,406.4,2.4,97.6,11.6,73.2,No,0.0,None
21:56:20.300,Active,406.7,2.4,98.2,11.5,72.7,No,0.0,None
21:56:20.724,Active,414.9,2.4,97.6,11.5,72.7,No,0.0,None
21:56:21.174,Active,440.4,2.4,93.8,11.5,72.7,No,0.0,None
21:56:21.602,Active,420.4,2.4,96.5,11.5,73.8,No,0.0,None
21:56:22.046,Active,436.2,2.3,94.3,11.5,74.3,No,0.0,None
21:56:22.485,Active,428.2,2.3,96.6,11.6,73.2,No,0.0,None
21:56:22.903,Active,411.1,2.3,98.2,11.6,73.8,No,0.0,None
21:56:23.316,Active,406.6,2.3,98.8,11.5,73.2,No,0.0,None
21:56:23.734,Active,408.8,2.3,98.2,11.5,73.2,No,0.0,None
21:56:24.247,Active,405.7,2.3,79.6,11.5,73.2,No,0.0,None
21:56:24.665,Active,407.6,2.3,98.2,11.5,73.8,No,0.0,None
21:56:25.084,Active,407.2,2.3,98.2,11.5,74.3,No,0.0,None
21:56:25.504,Active,409.2,2.3,98.2,11.5,73.8,No,0.0,None
21:56:25.918,Active,406.4,2.3,98.2,11.5,74.3,No,0.0,None
21:56:26.335,Active,406.3,2.3,98.2,11.5,74.9,No,0.0,None
21:56:26.759,Active,414.9,2.3,97.6,11.5,74.3,No,0.0,None
21:56:27.177,Active,407.1,2.3,98.2,11.5,74.3,No,0.0,None
21:56:27.606,Active,420.9,2.3,98.8,11.5,74.9,No,0.0,None
21:56:28.023,Active,410.2,2.3,98.8,11.5,74.3,No,0.0,None
21:56:28.438,Active,408.8,2.3,98.8,11.5,75.5,No,0.0,None
21:56:28.854,Active,406.9,2.3,97.6,11.5,73.8,No,0.0,None
21:56:29.270,Active,405.7,2.3,98.2,11.5,74.9,No,0.0,None
21:56:29.695,Active,417.9,2.3,98.8,11.5,75.5,No,0.0,None
21:56:30.110,Active,406.2,2.3,98.2,11.5,74.9,No,0.0,None
21:56:30.525,Active,407.7,2.4,98.8,11.5,74.9,No,0.0,None
21:56:30.938,Active,407.3,2.4,99.4,11.5,74.9,No,0.0,None
21:56:31.354,Active,409.3,2.4,98.8,11.5,74.9,No,0.0,None
21:56:31.770,Active,409.2,2.4,98.2,11.5,75.5,No,0.0,None
21:56:32.184,Active,406.6,2.4,98.8,11.5,74.9,No,0.0,None
21:56:32.626,Active,433.0,2.4,98.3,11.6,76.0,No,0.0,None
21:56:33.041,Active,408.3,2.4,98.2,11.6,75.5,No,0.0,None
21:56:33.465,Active,417.5,2.4,97.6,11.6,76.0,No,0.0,None
21:56:33.886,Active,408.5,2.4,97.6,11.6,74.9,No,0.0,None
21:56:34.300,Active,408.1,2.4,98.8,11.6,75.5,No,0.0,None
21:56:34.720,Active,410.6,2.4,98.2,11.6,76.0,No,0.0,None
21:56:35.136,Active,406.5,2.4,98.2,11.6,76.0,No,0.0,None
21:56:35.554,Active,408.4,2.4,98.2,11.6,76.0,No,0.0,None
21:56:35.970,Active,408.9,2.4,98.8,11.6,76.5,No,0.0,None
21:56:36.384,Active,407.6,2.4,98.2,11.6,74.9,No,0.0,None
21:56:36.808,Active,415.2,2.4,98.2,11.6,76.0,No,0.0,None
21:56:37.230,Active,415.0,2.4,98.8,11.6,76.0,No,0.0,None
21:56:37.667,Active,429.5,2.4,98.3,11.6,76.5,No,0.0,None
21:56:38.090,Active,415.3,2.4,97.6,11.6,76.5,No,0.0,None
21:56:38.507,Active,409.6,2.4,98.8,11.6,75.5,No,0.0,None
21:56:38.922,Active,409.0,2.4,98.8,11.6,76.5,No,0.0,None
21:56:39.335,Active,406.7,2.4,98.8,11.6,76.0,No,0.0,None
21:56:39.750,Active,408.9,2.4,98.8,11.6,76.0,No,0.0,None
21:56:40.164,Active,407.6,2.4,98.8,11.6,76.5,No,0.0,None
21:56:40.579,Active,409.0,2.4,98.8,11.6,76.5,No,0.0,None
21:56:40.995,Active,406.2,2.4,98.2,11.5,76.5,No,0.0,None
21:56:41.413,Active,407.3,2.4,98.8,11.5,76.5,No,0.0,None
21:56:41.830,Active,408.6,2.4,98.2,11.5,77.1,No,0.0,None
21:56:42.242,Active,404.8,2.4,98.2,11.5,76.5,No,0.0,None
21:56:42.659,Active,407.7,2.4,98.2,11.5,76.5,No,0.0,None
21:56:43.078,Active,408.1,2.4,98.2,11.5,76.5,No,0.0,None
21:56:43.493,Active,408.2,2.4,98.8,11.5,77.1,No,0.0,None
21:56:43.908,Active,407.2,2.4,98.2,11.5,76.5,No,0.0,None
21:56:44.321,Active,407.1,2.4,99.4,11.5,75.5,No,0.0,None
21:56:44.736,Active,408.7,2.4,98.8,11.5,77.1,No,0.0,None
21:56:45.145,Active,402.4,2.4,99.4,11.5,77.1,No,0.0,None
21:56:45.559,Active,406.8,2.4,98.8,11.5,77.1,No,0.0,None
21:56:45.968,Active,403.3,2.4,99.4,11.5,77.1,No,0.0,None
21:56:46.385,Active,407.8,2.4,98.8,11.5,75.5,No,0.0,None
21:56:46.800,Active,409.4,2.4,98.8,11.5,77.1,No,0.0,None
21:56:47.217,Active,409.1,2.4,98.8,11.5,76.5,No,0.0,None
21:56:47.657,Active,432.8,2.4,97.7,11.5,77.1,No,0.0,None
21:56:48.070,Active,403.6,2.4,98.8,11.5,77.1,No,0.0,None
21:56:48.491,Active,414.3,2.4,98.2,11.6,77.1,No,0.0,None
21:56:48.909,Active,405.8,2.4,98.2,11.6,77.1,No,0.0,None
21:56:49.321,Active,405.5,2.4,98.8,11.6,77.7,No,0.0,None
21:56:49.738,Active,410.4,2.4,98.8,11.6,77.1,No,0.0,None
21:56:50.155,Active,406.8,2.4,97.6,11.6,77.1,No,0.0,None
21:56:50.574,Active,408.7,2.4,98.2,11.5,76.5,No,0.0,None
21:56:50.990,Active,407.0,2.4,98.2,11.5,78.2,No,0.0,None
21:56:51.402,Active,404.5,2.4,98.8,11.5,77.7,No,0.0,None
21:56:51.819,Active,407.9,2.4,98.2,11.5,77.7,No,0.0,None
21:56:52.232,Active,406.0,2.4,98.2,11.5,77.1,No,0.0,None
21:56:52.655,Active,413.0,2.4,98.2,11.5,77.7,No,0.0,None
21:56:53.076,Active,414.9,2.4,98.8,11.5,77.7,No,0.0,None
21:56:53.492,Active,410.3,2.4,99.4,11.5,76.5,No,0.0,None
21:56:53.911,Active,408.4,2.4,97.6,11.5,77.1,No,0.0,None
21:56:54.325,Active,407.9,2.4,98.8,11.5,77.7,No,0.0,None
21:56:54.743,Active,410.1,2.4,97.6,11.5,77.7,No,0.0,None
21:56:55.160,Active,407.0,2.4,98.2,11.5,77.7,No,0.0,None
21:56:55.577,Active,408.1,2.4,98.2,11.5,77.7,No,0.0,None
21:56:55.989,Active,405.5,2.4,99.4,11.5,78.2,No,0.0,None
21:56:56.400,Active,405.7,2.4,98.8,11.5,77.7,No,0.0,None
21:56:56.815,Active,408.2,2.4,99.4,11.5,77.1,No,0.0,None
21:56:57.227,Active,406.0,2.4,98.8,11.5,78.2,No,0.0,None
21:56:57.644,Active,407.1,2.4,98.2,11.5,78.8,No,0.0,None
21:56:58.075,Active,424.9,2.4,98.8,11.5,77.7,No,0.0,None
21:56:58.490,Active,407.8,2.4,99.4,11.5,77.7,No,0.0,None
21:56:58.915,Active,416.7,2.4,96.5,11.5,78.2,No,0.0,None
21:56:59.331,Active,406.8,2.4,98.8,11.5,77.7,No,0.0,None
21:56:59.745,Active,408.8,2.4,98.8,11.5,77.7,No,0.0,None
21:57:00.160,Active,407.0,2.4,98.8,11.5,77.7,No,0.0,None
21:57:00.573,Active,405.1,2.4,98.8,11.5,77.1,No,0.0,None
21:57:00.986,Active,407.2,2.4,99.4,11.5,77.7,No,0.0,None
21:57:01.418,Active,424.5,2.4,96.5,11.5,78.2,No,0.0,None
21:57:01.833,Active,403.9,2.4,98.2,11.5,77.7,No,0.0,None
21:57:02.243,Active,404.2,2.4,99.4,11.5,78.2,No,0.0,None
21:57:02.661,Active,408.1,2.4,98.8,11.5,77.7,No,0.0,None
21:57:03.094,Active,424.8,2.4,98.3,11.6,76.5,No,0.0,None
21:57:03.514,Active,412.4,2.4,98.2,11.6,78.2,No,0.0,None
21:57:04.027,Active,405.8,2.3,79.4,11.6,79.3,No,0.0,None
21:57:04.447,Active,410.8,2.3,98.8,11.6,77.7,No,0.0,None
21:57:04.859,Active,406.5,2.3,98.2,11.6,78.2,No,0.0,None
21:57:05.273,Active,407.6,2.3,99.4,11.6,78.2,No,0.0,None
21:57:05.691,Active,409.7,2.3,98.2,11.5,78.2,No,0.0,None
21:57:06.106,Active,408.6,2.3,98.8,11.5,78.2,No,0.0,None
21:57:51.555,Active,434.1,2.3,1.2,11.6,59.0,No,0.0,None
21:57:51.971,Active,405.5,2.3,98.8,11.6,60.6,No,0.0,None
21:57:52.387,Active,407.0,2.3,98.2,11.6,62.2,No,0.0,None
21:57:52.802,Active,408.5,2.3,98.8,11.6,62.2,No,0.0,None
21:57:53.219,Active,407.5,4.8,98.2,11.6,63.9,No,0.0,None
21:57:53.635,Active,409.0,4.8,98.8,11.6,65.0,No,0.0,None
21:57:54.061,Active,417.9,4.8,98.2,11.6,65.0,No,0.0,None
21:57:54.477,Active,406.1,4.8,98.2,11.6,66.1,No,0.0,None
21:57:54.897,Active,408.0,4.8,97.0,11.6,66.7,No,0.0,None
21:57:55.311,Active,406.7,4.8,99.4,11.6,67.2,No,0.0,None
21:57:55.729,Active,409.2,4.8,97.6,11.6,67.8,No,0.0,None
21:57:56.146,Active,407.8,4.8,98.2,11.6,68.3,No,0.0,None
21:57:56.564,Active,408.4,4.8,98.2,11.6,67.8,No,0.0,None
21:57:56.978,Active,406.4,4.8,98.8,11.6,68.3,No,0.0,None
21:57:57.394,Active,406.5,2.4,98.2,11.5,68.8,No,0.0,None
21:57:57.817,Active,413.3,2.4,97.0,11.5,68.8,No,0.0,None
21:57:58.233,Active,406.4,2.4,98.2,11.5,69.4,No,0.0,None
21:57:58.648,Active,409.9,2.4,99.4,11.5,69.4,No,0.0,None
21:57:59.080,Active,422.9,2.4,98.8,11.5,69.4,No,0.0,None
21:57:59.501,Active,411.1,2.4,98.2,11.6,70.5,No,0.0,None
21:57:59.918,Active,408.7,2.4,98.8,11.6,70.0,No,0.0,None
21:58:00.339,Active,410.9,2.4,98.2,11.6,70.5,No,0.0,None
21:58:00.758,Active,411.7,2.4,98.2,11.6,70.5,No,0.0,None
21:58:01.175,Active,406.8,2.4,98.2,11.6,71.0,No,0.0,None
21:58:01.595,Active,410.1,2.4,97.6,11.6,71.6,No,0.0,None
21:58:02.010,Active,407.9,2.4,98.8,11.5,72.2,No,0.0,None
21:58:02.429,Active,410.1,2.4,98.2,11.5,71.6,No,0.0,None
21:58:02.847,Active,407.8,2.4,98.2,11.5,72.2,No,0.0,None
21:58:03.262,Active,405.9,2.4,98.2,11.5,72.2,No,0.0,None
21:58:03.683,Active,411.1,2.4,98.2,11.5,71.6,No,0.0,None
21:58:04.118,Active,426.4,2.4,97.1,11.6,72.2,No,0.0,None
21:58:04.541,Active,413.9,2.4,97.6,11.6,72.7,No,0.0,None
21:58:04.961,Active,409.4,2.4,98.2,11.6,72.7,No,0.0,None
21:58:05.379,Active,408.3,2.4,97.6,11.6,72.7,No,0.0,None
21:58:05.800,Active,411.0,2.4,98.2,11.6,73.2,No,0.0,None
21:58:06.216,Active,408.2,2.4,98.2,11.6,73.8,No,0.0,None
21:58:06.634,Active,408.6,2.4,98.8,11.6,72.7,No,0.0,None
21:58:07.046,Active,406.4,2.4,98.8,11.6,73.8,No,0.0,None
21:58:07.474,Active,417.2,2.4,95.9,11.5,73.2,No,0.0,None
21:58:07.888,Active,406.0,2.4,98.2,11.5,73.8,No,0.0,None
21:58:08.307,Active,409.0,2.4,98.2,11.5,73.8,No,0.0,None
21:58:08.722,Active,408.1,2.4,98.2,11.5,73.8,No,0.0,None
21:58:09.160,Active,428.2,2.4,97.7,11.6,73.2,No,0.0,None
21:58:09.579,Active,409.5,2.4,98.2,11.6,74.3,No,0.0,None
21:58:09.994,Active,407.9,2.4,98.8,11.6,73.8,No,0.0,None
21:58:10.411,Active,406.4,2.4,98.2,11.6,73.8,No,0.0,None
21:58:10.828,Active,406.9,2.4,98.2,11.6,73.8,No,0.0,None
21:58:11.246,Active,409.1,2.4,98.8,11.6,74.3,No,0.0,None
21:58:11.663,Active,410.6,2.4,97.6,11.6,74.3,No,0.0,None
21:58:12.075,Active,406.2,2.4,99.4,11.6,74.3,No,0.0,None
21:58:12.489,Active,406.7,2.4,99.4,11.6,74.3,No,0.0,None
21:58:12.900,Active,405.4,2.4,99.4,11.6,74.9,No,0.0,None
21:58:13.319,Active,409.5,2.4,98.2,11.6,74.9,No,0.0,None
21:58:13.734,Active,408.9,2.4,98.2,11.5,74.3,No,0.0,None
21:58:14.255,Active,413.1,2.3,79.2,11.5,75.5,No,0.0,None
21:58:14.670,Active,408.3,2.3,98.8,11.5,74.3,No,0.0,None
21:58:15.082,Active,406.6,2.3,99.4,11.5,74.9,No,0.0,None
21:58:15.525,Active,436.6,2.3,94.9,11.5,76.0,No,0.0,None
21:58:15.942,Active,409.2,2.3,97.6,11.5,74.9,No,0.0,None
21:58:16.357,Active,407.8,2.3,98.2,11.5,74.9,No,0.0,None
21:58:16.772,Active,409.3,2.3,98.8,11.5,75.5,No,0.0,None
21:58:17.191,Active,409.9,2.3,98.2,11.5,73.8,No,0.0,None
21:58:17.605,Active,407.5,2.3,98.8,11.5,75.5,No,0.0,None
21:58:18.031,Active,418.0,2.3,97.0,11.5,75.5,No,0.0,None
21:58:18.451,Active,410.4,2.4,97.6,11.5,75.5,No,0.0,None
21:58:18.868,Active,407.1,2.4,98.2,11.6,75.5,No,0.0,None
21:58:19.326,Active,448.3,2.4,97.8,11.6,75.5,No,0.0,None
21:58:19.746,Active,412.9,2.4,98.8,11.6,74.9,No,0.0,None
21:58:20.160,Active,406.9,2.4,98.2,11.6,75.5,No,0.0,None
21:58:20.579,Active,410.4,2.4,97.6,11.6,75.5,No,0.0,None
21:58:20.994,Active,408.3,2.4,99.4,11.6,76.0,No,0.0,None
21:58:21.408,Active,406.8,2.4,98.8,11.6,76.5,No,0.0,None
21:58:21.827,Active,412.5,2.4,98.8,11.6,76.0,No,0.0,None
21:58:22.239,Active,405.9,2.4,98.8,11.6,77.1,No,0.0,None
21:58:22.656,Active,410.3,2.4,97.6,11.6,76.5,No,0.0,None
21:58:23.071,Active,408.9,2.4,99.4,11.6,76.0,No,0.0,None
21:58:23.485,Active,408.1,2.4,98.8,11.6,76.0,No,0.0,None
21:58:23.898,Active,407.1,2.4,99.4,11.6,76.0,No,0.0,None
21:58:24.322,Active,416.8,2.4,98.8,11.6,76.0,No,0.0,None
21:58:24.737,Active,408.2,2.4,98.2,11.6,76.5,No,0.0,None
21:58:25.258,Active,408.0,2.4,79.1,11.5,75.5,No,0.0,None
21:58:25.671,Active,405.5,2.4,98.2,11.5,76.0,No,0.0,None
21:58:26.084,Active,406.6,2.4,100.0,11.5,76.0,No,0.0,None
21:58:26.500,Active,410.6,2.4,98.8,11.6,76.5,No,0.0,None
21:58:26.922,Active,413.2,2.3,97.6,11.5,77.1,No,0.0,None
21:58:27.339,Active,409.8,2.3,98.8,11.5,76.5,No,0.0,None
21:58:27.758,Active,413.2,2.3,97.6,11.5,76.5,No,0.0,None
21:58:28.172,Active,406.5,2.3,99.4,11.5,77.1,No,0.0,None
21:58:28.586,Active,408.2,2.3,98.8,11.5,76.5,No,0.0,None
21:58:28.997,Active,404.4,2.3,98.8,11.5,77.1,No,0.0,None
21:58:29.426,Active,422.1,2.3,100.0,11.6,77.1,No,0.0,None
21:58:29.848,Active,416.6,2.3,98.8,11.6,77.1,No,0.0,None
21:58:30.276,Active,419.0,2.3,96.5,11.6,77.1,No,0.0,None
21:58:30.692,Active,409.4,2.3,98.8,11.5,76.5,No,0.0,None
21:58:31.108,Active,407.0,2.4,98.8,11.5,76.5,No,0.0,None
21:58:31.524,Active,410.3,2.4,98.8,11.5,77.1,No,0.0,None
21:58:31.938,Active,406.1,2.4,98.8,11.5,77.1,No,0.0,None
21:58:32.353,Active,405.4,2.4,98.2,11.5,76.5,No,0.0,None
21:58:32.772,Active,409.4,2.4,98.2,11.5,76.5,No,0.0,None
21:58:33.187,Active,406.1,2.4,98.2,11.5,77.7,No,0.0,None
21:58:33.600,Active,407.3,2.4,98.8,11.5,76.5,No,0.0,None
21:58:34.014,Active,407.0,2.4,98.8,11.5,77.7,No,0.0,None
21:58:34.455,Active,433.5,2.4,98.3,11.6,77.1,No,0.0,None
21:58:34.870,Active,408.5,2.4,98.8,11.6,77.1,No,0.0,None
21:58:35.286,Active,408.5,2.4,98.2,11.6,77.1,No,0.0,None
21:58:35.703,Active,411.0,2.4,98.8,11.6,77.1,No,0.0,None
21:58:36.118,Active,407.8,2.4,98.2,11.6,77.1,No,0.0,None
21:58:36.537,Active,407.7,2.4,97.6,11.5,77.7,No,0.0,None
21:58:36.952,Active,406.4,2.4,98.2,11.5,76.5,No,0.0,None
21:58:37.370,Active,412.3,2.4,98.8,11.5,76.5,No,0.0,None
21:58:37.792,Active,415.8,2.4,97.0,11.5,77.1,No,0.0,None
21:58:38.223,Active,421.3,2.4,97.1,11.5,77.7,No,0.0,None
21:58:38.640,Active,410.2,2.4,98.8,11.5,77.1,No,0.0,None
21:58:39.051,Active,405.2,2.4,99.4,11.5,77.1,No,0.0,None
21:58:39.483,Active,425.4,2.4,99.4,11.5,77.1,No,0.0,None
21:58:39.898,Active,406.1,2.4,97.6,11.6,77.1,No,0.0,None
21:58:40.314,Active,408.7,2.4,98.2,11.6,77.1,No,0.0,None
21:58:40.734,Active,412.6,2.4,98.8,11.6,77.7,No,0.0,None
21:58:41.254,Active,412.0,2.4,78.8,11.6,76.5,No,0.0,None
21:58:41.673,Active,409.8,2.4,98.2,11.6,76.5,No,0.0,None
21:58:42.085,Active,406.0,2.4,98.8,11.6,77.1,No,0.0,None
21:58:42.501,Active,409.4,2.4,99.4,11.6,77.7,No,0.0,None
21:58:42.913,Active,405.8,2.4,98.8,11.5,77.1,No,0.0,None
21:58:43.328,Active,405.8,2.4,98.2,11.5,77.1,No,0.0,None
21:58:43.746,Active,410.4,2.3,98.8,11.5,77.7,No,0.0,None
21:58:44.164,Active,407.4,2.3,98.2,11.5,77.1,No,0.0,None
21:58:44.582,Active,408.9,2.3,98.2,11.5,77.7,No,0.0,None
21:58:45.003,Active,410.6,2.3,98.2,11.5,77.7,No,0.0,None
21:58:45.419,Active,409.5,2.3,98.2,11.5,78.2,No,0.0,None
21:58:45.832,Active,406.1,2.3,98.2,11.5,78.2,No,0.0,None
21:58:46.244,Active,406.1,2.3,99.4,11.5,77.1,No,0.0,None
21:58:46.662,Active,409.3,2.3,98.2,11.5,77.7,No,0.0,None
21:58:47.076,Active,406.7,2.3,98.8,11.5,77.7,No,0.0,None
21:58:47.495,Active,411.3,2.3,98.8,11.5,77.7,No,0.0,None
21:58:47.912,Active,407.5,2.4,97.6,11.5,77.1,No,0.0,None
21:58:48.329,Active,408.9,2.4,98.8,11.5,77.1,No,0.0,None
21:58:48.744,Active,409.1,2.4,98.8,11.5,78.2,No,0.0,None
21:58:49.162,Active,408.5,2.4,98.2,11.5,79.8,No,0.0,None
21:58:49.605,Active,435.4,2.4,98.3,11.5,78.2,No,0.0,None
21:58:50.017,Active,406.9,2.4,99.4,11.5,77.7,No,0.0,None
21:58:50.434,Active,410.4,2.4,98.8,11.6,78.2,No,0.0,None
21:58:50.847,Active,407.1,2.4,98.8,11.6,78.2,No,0.0,None
21:58:51.262,Active,407.4,2.4,98.2,11.6,78.2,No,0.0,None
21:59:36.697,Active,420.7,2.4,1.2,11.6,59.0,No,0.0,None
21:59:37.110,Active,407.6,11.9,99.4,11.6,60.6,No,0.0,None
21:59:37.529,Active,409.2,11.9,98.2,11.6,62.8,No,0.0,None
21:59:37.947,Active,408.0,11.9,98.2,11.5,62.8,No,0.0,None
21:59:38.358,Active,404.7,11.9,98.8,11.5,63.9,No,0.0,None
21:59:38.776,Active,408.8,11.9,98.8,11.5,64.5,No,0.0,None
21:59:39.189,Active,404.8,11.9,98.8,11.5,65.5,No,0.0,None
21:59:39.604,Active,408.3,11.9,99.4,11.5,65.5,No,0.0,None
21:59:40.018,Active,407.6,11.9,98.2,11.5,66.1,No,0.0,None
21:59:40.432,Active,407.8,11.9,98.8,11.5,66.1,No,0.0,None
21:59:40.869,Active,427.6,11.9,98.3,11.6,67.2,No,0.0,None
21:59:41.282,Active,405.8,2.4,98.8,11.6,66.1,No,0.0,None
21:59:41.697,Active,408.9,2.4,98.8,11.6,67.2,No,0.0,None
21:59:42.108,Active,405.0,2.4,98.8,11.6,68.8,No,0.0,None
21:59:42.521,Active,406.8,2.4,100.0,11.6,67.8,No,0.0,None
21:59:42.934,Active,406.1,2.4,98.8,11.6,69.4,No,0.0,None
21:59:43.352,Active,407.1,2.4,98.2,11.6,69.4,No,0.0,None
21:59:43.770,Active,409.7,2.4,98.8,11.6,70.0,No,0.0,None
21:59:44.184,Active,405.4,2.4,98.2,11.6,70.5,No,0.0,None
21:59:44.602,Active,407.4,2.4,98.2,11.6,71.0,No,0.0,None
21:59:45.017,Active,405.9,2.4,98.2,11.6,70.5,No,0.0,None
21:59:45.435,Active,409.9,2.4,98.2,11.6,70.5,No,0.0,None
21:59:45.850,Active,406.3,2.4,98.8,11.6,70.5,No,0.0,None
21:59:46.266,Active,408.3,2.4,98.8,11.6,70.5,No,0.0,None
21:59:46.686,Active,411.2,2.4,97.6,11.6,71.0,No,0.0,None
21:59:47.100,Active,406.8,2.4,98.2,11.6,71.0,No,0.0,None
21:59:47.519,Active,409.1,2.4,98.2,11.5,71.6,No,0.0,None
21:59:47.932,Active,407.2,2.4,98.2,11.5,71.6,No,0.0,None
21:59:48.348,Active,409.0,2.4,98.8,11.6,72.2,No,0.0,None
21:59:48.764,Active,407.2,2.4,98.2,11.6,72.2,No,0.0,None
21:59:49.178,Active,406.7,2.4,99.4,11.5,72.2,No,0.0,None
21:59:49.594,Active,410.6,2.4,98.8,11.5,72.2,No,0.0,None
21:59:50.009,Active,407.4,2.4,98.2,11.5,72.2,No,0.0,None
21:59:50.428,Active,409.3,2.4,98.2,11.6,72.7,No,0.0,None
21:59:50.885,Active,447.8,2.4,97.3,11.6,72.7,No,0.0,None
21:59:51.298,Active,406.2,2.4,98.2,11.7,72.7,No,0.0,None
21:59:51.715,Active,410.3,2.4,99.4,11.7,72.7,No,0.0,None
21:59:52.153,Active,432.3,2.4,94.8,11.7,73.2,No,0.0,None
21:59:52.570,Active,409.1,2.4,98.2,11.7,73.8,No,0.0,None
21:59:52.986,Active,406.5,2.4,98.2,11.7,73.2,No,0.0,None
21:59:53.399,Active,405.5,2.4,98.8,11.6,73.8,No,0.0,None
21:59:53.812,Active,406.8,2.4,99.4,11.6,73.8,No,0.0,None
21:59:54.225,Active,406.4,2.4,99.4,11.6,73.8,No,0.0,None
21:59:54.636,Active,405.7,2.4,98.8,11.6,73.2,No,0.0,None
21:59:55.049,Active,406.8,2.4,100.0,11.6,73.8,No,0.0,None
21:59:55.470,Active,411.3,2.4,97.6,11.6,73.8,No,0.0,None
21:59:55.895,Active,418.2,2.4,98.2,11.6,73.8,No,0.0,None
21:59:56.325,Active,419.9,2.4,96.5,11.6,73.8,No,0.0,None
21:59:56.741,Active,407.9,2.4,98.2,11.6,74.3,No,0.0,None
21:59:57.157,Active,409.6,2.4,98.2,11.6,74.3,No,0.0,None
21:59:57.576,Active,412.9,2.4,97.6,11.6,74.9,No,0.0,None
21:59:58.018,Active,432.6,2.4,96.6,11.6,74.9,No,0.0,None
21:59:58.434,Active,408.6,2.4,98.8,11.6,74.3,No,0.0,None
21:59:58.850,Active,409.5,2.4,98.8,11.6,73.8,No,0.0,None
21:59:59.263,Active,405.4,2.4,98.2,11.6,74.3,No,0.0,None
21:59:59.678,Active,408.9,2.4,99.4,11.6,74.3,No,0.0,None
22:00:00.094,Active,408.7,2.4,98.8,11.6,75.5,No,0.0,None
22:00:00.519,Active,417.9,2.4,97.0,11.6,73.8,No,0.0,None
22:00:00.947,Active,419.6,2.4,98.2,11.6,75.5,No,0.0,None
22:00:01.363,Active,409.0,2.4,98.8,11.6,74.9,No,0.0,None
22:00:01.776,Active,407.0,2.4,98.2,11.6,75.5,No,0.0,None
22:00:02.192,Active,408.3,2.4,98.2,11.6,76.0,No,0.0,None
22:00:02.609,Active,407.6,2.4,98.8,11.6,74.3,No,0.0,None
22:00:03.025,Active,406.5,2.4,98.2,11.6,74.9,No,0.0,None
22:00:03.444,Active,409.4,2.4,98.2,11.6,74.9,No,0.0,None
22:00:03.860,Active,407.7,2.4,98.2,11.6,76.0,No,0.0,None
22:00:04.276,Active,408.1,2.4,98.8,11.6,76.0,No,0.0,None
22:00:04.696,Active,410.1,2.4,98.2,11.6,74.9,No,0.0,None
22:00:05.112,Active,408.3,2.4,98.8,11.6,76.5,No,0.0,None
22:00:05.533,Active,411.9,2.4,98.2,11.6,74.9,No,0.0,None
22:00:05.974,Active,434.2,2.4,97.7,11.6,75.5,No,0.0,None
22:00:06.394,Active,409.4,2.4,97.6,11.6,75.5,No,0.0,None
22:00:06.813,Active,412.2,2.4,98.2,11.6,75.5,No,0.0,None
22:00:07.231,Active,408.1,2.4,98.2,11.6,76.5,No,0.0,None
22:00:07.649,Active,408.3,2.4,98.2,11.6,75.5,No,0.0,None
22:00:08.067,Active,407.9,2.4,97.6,11.6,74.3,No,0.0,None
22:00:08.481,Active,407.2,2.4,98.8,11.6,76.0,No,0.0,None
22:00:08.900,Active,408.0,2.4,97.6,11.6,76.0,No,0.0,None
22:00:09.318,Active,408.6,2.4,98.2,11.6,75.5,No,0.0,None
22:00:09.734,Active,407.6,2.4,98.2,11.6,76.0,No,0.0,None
22:00:10.255,Active,413.9,2.4,78.9,11.6,76.0,No,0.0,None
22:00:10.679,Active,413.2,2.3,98.2,11.6,76.0,No,0.0,None
22:00:11.119,Active,433.2,2.3,98.3,11.6,74.9,No,0.0,None
22:00:11.530,Active,405.1,2.3,98.8,11.6,76.0,No,0.0,None
22:00:11.941,Active,404.7,2.3,100.0,11.6,76.0,No,0.0,None
22:00:12.353,Active,405.8,2.3,99.4,11.6,76.0,No,0.0,None
22:00:12.763,Active,404.3,2.3,99.4,11.6,75.5,No,0.0,None
22:00:13.180,Active,405.7,2.3,98.2,11.6,76.0,No,0.0,None
22:00:13.603,Active,413.6,2.3,98.2,11.6,76.0,No,0.0,None
22:00:14.016,Active,406.5,2.3,98.8,11.6,75.5,No,0.0,None
22:00:14.430,Active,407.6,2.3,99.4,11.6,76.0,No,0.0,None
22:00:14.842,Active,404.8,2.4,98.8,11.6,76.5,No,0.0,None
22:00:15.256,Active,408.2,2.4,100.0,11.6,74.9,No,0.0,None
22:00:15.670,Active,407.8,2.4,99.4,11.6,76.0,No,0.0,None
22:00:16.082,Active,405.2,2.4,99.4,11.6,77.1,No,0.0,None
22:00:16.497,Active,408.3,2.4,99.4,11.6,77.1,No,0.0,None
22:00:16.909,Active,406.0,2.4,99.4,11.6,77.1,No,0.0,None
22:00:17.321,Active,406.0,2.4,99.4,11.6,76.5,No,0.0,None
22:00:17.732,Active,405.8,2.4,99.4,11.6,76.5,No,0.0,None
22:00:18.144,Active,405.7,2.4,100.0,11.6,77.1,No,0.0,None
22:00:18.561,Active,410.7,2.4,98.8,11.6,76.5,No,0.0,None
22:00:18.972,Active,404.5,2.4,98.8,11.6,77.1,No,0.0,None
22:00:19.386,Active,407.1,2.4,99.4,11.6,78.2,No,0.0,None
22:00:19.799,Active,407.3,2.4,98.8,11.6,77.7,No,0.0,None
22:00:20.211,Active,405.3,2.4,99.4,11.6,76.5,No,0.0,None
22:00:20.629,Active,408.6,2.4,98.8,11.6,77.1,No,0.0,None
22:00:21.071,Active,435.9,2.4,97.7,11.6,76.0,No,0.0,None
22:00:21.489,Active,409.8,2.4,98.8,11.6,76.5,No,0.0,None
22:00:21.903,Active,408.2,2.4,98.2,11.6,77.1,No,0.0,None
22:00:22.319,Active,405.6,2.4,98.2,11.6,78.2,No,0.0,None
22:00:22.738,Active,409.0,2.4,98.2,11.6,76.5,No,0.0,None
22:00:23.153,Active,405.9,2.4,98.2,11.6,77.7,No,0.0,None
22:00:23.571,Active,407.4,2.4,98.2,11.6,77.1,No,0.0,None
22:00:23.991,Active,409.9,2.4,98.2,11.6,77.1,No,0.0,None
22:00:24.403,Active,405.5,2.4,97.6,11.6,77.7,No,0.0,None
22:00:24.820,Active,411.0,2.4,99.4,11.6,77.1,No,0.0,None
22:00:25.241,Active,414.5,2.4,97.6,11.6,78.8,No,0.0,None
22:00:25.657,Active,408.8,2.4,98.8,11.6,77.1,No,0.0,None
22:00:26.068,Active,404.9,2.4,99.4,11.6,77.1,No,0.0,None
22:00:26.501,Active,421.7,2.4,98.3,11.6,77.7,No,0.0,None
22:00:26.918,Active,409.8,2.4,98.8,11.6,77.1,No,0.0,None
22:00:27.329,Active,403.9,2.4,98.8,11.6,77.1,No,0.0,None
22:00:27.743,Active,408.3,2.4,98.8,11.6,77.1,No,0.0,None
22:00:28.157,Active,407.2,2.4,99.4,11.6,77.1,No,0.0,None
22:00:28.575,Active,409.5,2.4,98.2,11.6,77.1,No,0.0,None
22:00:28.990,Active,405.3,2.4,98.8,11.5,77.7,No,0.0,None
22:00:29.403,Active,406.2,2.4,98.2,11.5,77.7,No,0.0,None
22:00:29.832,Active,418.3,2.4,98.3,11.5,77.1,No,0.0,None
22:00:30.249,Active,406.6,2.4,98.2,11.5,77.7,No,0.0,None
22:00:30.661,Active,405.6,2.4,99.4,11.5,78.2,No,0.0,None
22:00:31.077,Active,404.3,2.4,98.2,11.5,77.7,No,0.0,None
22:00:31.526,Active,442.1,2.4,96.1,11.6,77.1,No,0.0,None
22:00:31.937,Active,404.1,2.4,98.8,11.6,77.7,No,0.0,None
22:00:32.460,Active,413.1,2.4,79.8,11.6,76.5,No,0.0,None
22:00:32.874,Active,405.0,2.4,98.8,11.5,77.1,No,0.0,None
22:00:33.288,Active,407.3,2.4,98.2,11.5,77.1,No,0.0,None
22:00:33.705,Active,407.3,2.4,98.8,11.5,77.1,No,0.0,None
22:00:34.120,Active,407.6,2.4,98.8,11.5,78.2,No,0.0,None
22:00:34.537,Active,409.0,2.4,98.2,11.5,77.7,No,0.0,None
22:00:34.954,Active,408.9,2.4,98.2,11.5,77.1,No,0.0,None
22:00:35.370,Active,409.7,2.4,98.2,11.5,77.7,No,0.0,None
22:00:35.786,Active,409.5,2.3,98.8,11.5,77.7,No,0.0,None
22:00:36.205,Active,409.0,2.3,97.6,11.5,77.7,No,0.0,None
22:00:36.645,Active,431.7,2.3,97.7,11.6,77.7,No,0.0,None
22:01:22.146,Active,484.9,2.3,1.3,11.5,59.0,No,0.0,None
22:01:22.576,Active,418.9,2.3,96.5,11.6,60.6,No,0.0,None
22:01:23.014,Active,428.6,2.3,94.8,11.6,61.7,No,0.0,None
22:01:23.427,Active,405.6,2.3,98.8,11.6,63.4,No,0.0,None
22:01:23.841,Active,405.2,2.3,98.8,11.6,63.9,No,0.0,None
22:01:24.260,Active,408.8,2.3,98.2,11.6,64.5,No,0.0,None
22:01:24.677,Active,407.5,2.3,98.2,11.5,65.0,No,0.0,None
22:01:25.093,Active,408.6,2.9,98.8,11.5,66.1,No,0.0,None
22:01:25.511,Active,408.8,2.9,97.6,11.5,66.1,No,0.0,None
22:01:25.927,Active,406.4,2.9,97.6,11.5,66.7,No,0.0,None
22:01:26.343,Active,406.6,2.9,98.2,11.5,66.7,No,0.0,None
22:01:26.761,Active,408.4,2.9,98.8,11.5,67.8,No,0.0,None
22:01:27.178,Active,407.8,2.9,97.6,11.5,67.2,No,0.0,None
22:01:27.607,Active,419.2,2.9,98.8,11.6,68.3,No,0.0,None
22:01:28.027,Active,409.6,2.9,97.6,11.6,68.3,No,0.0,None
22:01:28.443,Active,409.0,2.9,98.2,11.6,68.8,No,0.0,None
22:01:28.859,Active,407.0,2.9,98.2,11.6,69.4,No,0.0,None
22:01:29.276,Active,406.8,2.4,98.2,11.6,69.4,No,0.0,None
22:01:29.693,Active,408.0,2.4,98.2,11.6,70.0,No,0.0,None
22:01:30.111,Active,407.6,2.4,98.2,11.5,71.0,No,0.0,None
22:01:30.539,Active,421.5,2.4,97.1,11.5,70.5,No,0.0,None
22:01:30.952,Active,405.7,2.4,98.8,11.5,71.0,No,0.0,None
22:01:31.368,Active,407.6,2.4,98.2,11.5,70.5,No,0.0,None
22:01:31.785,Active,407.6,2.4,98.2,11.5,71.6,No,0.0,None
22:01:32.203,Active,408.1,2.4,97.6,11.5,71.6,No,0.0,None
22:01:32.624,Active,413.8,2.4,99.4,11.6,72.2,No,0.0,None
22:01:33.038,Active,407.3,2.4,98.2,11.6,71.6,No,0.0,None
22:01:33.459,Active,410.8,2.4,98.2,11.6,72.7,No,0.0,None
22:01:33.873,Active,407.1,2.4,97.6,11.6,72.2,No,0.0,None
22:01:34.290,Active,407.5,2.4,98.2,11.6,73.2,No,0.0,None
22:01:34.709,Active,408.6,2.4,98.2,11.6,72.2,No,0.0,None
22:01:35.125,Active,406.7,2.4,97.6,11.6,72.7,No,0.0,None
22:01:35.550,Active,415.2,2.4,97.6,11.6,72.2,No,0.0,None
22:01:35.971,Active,413.7,2.4,97.0,11.6,72.2,No,0.0,None
22:01:36.386,Active,406.7,2.4,98.2,11.6,72.7,No,0.0,None
22:01:36.806,Active,410.2,2.4,98.2,11.6,73.2,No,0.0,None
22:01:37.219,Active,405.7,2.4,98.8,11.6,73.2,No,0.0,None
22:01:37.655,Active,428.7,2.4,97.7,11.6,73.2,No,0.0,None
22:01:38.069,Active,406.8,2.4,98.2,11.6,73.2,No,0.0,None
22:01:38.487,Active,410.8,2.4,98.8,11.6,74.3,No,0.0,None
22:01:38.900,Active,407.0,2.4,98.2,11.6,74.3,No,0.0,None
22:01:39.320,Active,410.2,2.4,97.0,11.6,73.8,No,0.0,None
22:01:39.737,Active,408.2,2.4,98.8,11.6,73.8,No,0.0,None
22:01:40.156,Active,408.8,2.4,98.2,11.6,73.8,No,0.0,None
22:01:40.570,Active,408.0,2.4,98.8,11.6,74.3,No,0.0,None
22:01:40.989,Active,408.7,2.4,98.2,11.5,73.8,No,0.0,None
22:01:41.403,Active,406.3,2.4,98.2,11.5,74.3,No,0.0,None
22:01:41.821,Active,407.1,2.4,97.6,11.5,74.3,No,0.0,None
22:01:42.240,Active,407.0,2.4,98.2,11.5,74.9,No,0.0,None
22:01:42.676,Active,425.1,2.4,97.7,11.6,74.3,No,0.0,None
22:01:43.092,Active,407.1,2.4,98.2,11.6,74.9,No,0.0,None
22:01:43.510,Active,407.6,2.4,98.2,11.6,74.9,No,0.0,None
22:01:43.926,Active,406.7,2.4,97.6,11.6,74.3,No,0.0,None
22:01:44.349,Active,411.7,2.4,98.2,11.7,74.9,No,0.0,None
22:01:44.766,Active,410.2,2.4,98.8,11.7,74.9,No,0.0,None
22:01:45.183,Active,409.0,2.4,98.2,11.7,74.3,No,0.0,None
22:01:45.599,Active,409.9,2.4,98.2,11.6,75.5,No,0.0,None
22:01:46.013,Active,406.0,2.4,98.2,11.6,75.5,No,0.0,None
22:01:46.432,Active,409.7,2.4,98.2,11.6,74.9,No,0.0,None
22:01:46.850,Active,408.7,2.4,98.2,11.6,75.5,No,0.0,None
22:01:47.265,Active,406.1,2.4,98.2,11.6,75.5,No,0.0,None
22:01:47.685,Active,411.9,2.4,98.8,11.6,74.9,No,0.0,None
22:01:48.102,Active,408.4,2.4,98.2,11.6,75.5,No,0.0,None
22:01:48.519,Active,409.5,2.4,98.8,11.6,76.0,No,0.0,None
22:01:48.930,Active,405.4,2.4,98.8,11.6,75.5,No,0.0,None
22:01:49.350,Active,409.8,2.4,97.6,11.6,74.9,No,0.0,None
22:01:49.767,Active,410.1,2.4,98.2,11.6,75.5,No,0.0,None
22:01:50.181,Active,407.7,2.4,99.4,11.6,76.0,No,0.0,None
22:01:50.598,Active,410.6,2.4,98.8,11.6,76.0,No,0.0,None
22:01:51.012,Active,407.2,2.4,98.8,11.6,73.8,No,0.0,None
22:01:51.431,Active,412.5,2.4,98.8,11.5,76.0,No,0.0,None
22:01:51.846,Active,408.3,2.4,98.2,11.5,76.0,No,0.0,None
22:01:52.267,Active,413.6,2.4,98.2,11.5,75.5,No,0.0,None
22:01:52.727,Active,454.2,2.4,96.7,11.6,75.5,No,0.0,None
22:01:53.152,Active,413.7,2.4,97.7,11.6,76.0,No,0.0,None
22:01:53.568,Active,409.5,2.4,99.4,11.7,76.5,No,0.0,None
22:01:53.983,Active,405.8,2.4,97.6,11.7,76.5,No,0.0,None
22:01:54.397,Active,408.0,2.4,99.4,11.7,76.0,No,0.0,None
22:01:54.814,Active,410.5,2.4,98.8,11.7,76.0,No,0.0,None
22:01:55.231,Active,409.4,2.4,97.6,11.7,75.5,No,0.0,None
22:01:55.644,Active,406.7,2.4,98.8,11.6,76.5,No,0.0,None
22:01:56.055,Active,405.3,2.4,100.0,11.6,76.5,No,0.0,None
22:01:56.471,Active,406.2,2.4,98.2,11.6,76.5,No,0.0,None
22:01:56.887,Active,407.0,2.4,98.2,11.6,77.1,No,0.0,None
22:01:57.303,Active,409.6,2.4,98.8,11.6,76.5,No,0.0,None
22:01:57.725,Active,415.9,2.4,98.2,11.6,76.0,No,0.0,None
22:01:58.139,Active,408.2,2.4,99.4,11.6,76.5,No,0.0,None
22:01:58.557,Active,408.2,2.4,97.7,11.6,76.5,No,0.0,None
22:01:58.971,Active,405.9,2.4,98.2,11.6,76.5,No,0.0,None
22:01:59.385,Active,404.6,2.4,98.2,11.6,76.5,No,0.0,None
22:01:59.801,Active,407.6,2.4,98.8,11.6,77.1,No,0.0,None
22:02:00.213,Active,405.9,2.4,99.4,11.6,76.5,No,0.0,None
22:02:00.630,Active,408.8,2.4,98.2,11.6,76.5,No,0.0,None
22:02:01.046,Active,408.5,2.4,98.8,11.6,76.5,No,0.0,None
22:02:01.463,Active,409.6,2.4,98.2,11.6,78.2,No,0.0,None
22:02:01.873,Active,403.1,2.4,99.4,11.6,77.1,No,0.0,None
22:02:02.285,Active,403.7,2.4,99.4,11.6,77.7,No,0.0,None
22:02:02.698,Active,407.2,2.4,99.4,11.5,77.1,No,0.0,None
22:02:03.123,Active,416.3,2.4,98.2,11.6,77.1,No,0.0,None
22:02:03.539,Active,407.2,2.4,98.2,11.6,76.5,No,0.0,None
22:02:03.952,Active,404.5,2.4,98.2,11.6,76.5,No,0.0,None
22:02:04.367,Active,408.1,2.4,98.8,11.6,77.1,No,0.0,None
22:02:04.786,Active,410.2,2.4,98.2,11.6,77.1,No,0.0,None
22:02:05.201,Active,407.6,2.4,98.8,11.6,77.1,No,0.0,None
22:02:05.623,Active,413.9,2.4,97.6,11.6,76.5,No,0.0,None
22:02:06.040,Active,408.2,2.4,98.2,11.6,77.7,No,0.0,None
22:02:06.465,Active,416.2,2.4,98.2,11.6,77.7,No,0.0,None
22:02:06.881,Active,407.7,2.4,98.2,11.6,77.1,No,0.0,None
22:02:07.296,Active,406.5,2.4,98.2,11.6,77.7,No,0.0,None
22:02:07.719,Active,413.3,2.4,97.6,11.6,77.7,No,0.0,None
22:02:08.159,Active,433.8,2.4,98.3,11.6,77.1,No,0.0,None
22:02:08.577,Active,412.1,2.4,97.6,11.6,77.1,No,0.0,None
22:02:08.995,Active,405.6,2.4,98.2,11.6,77.7,No,0.0,None
22:02:09.410,Active,408.3,2.4,98.8,11.6,77.1,No,0.0,None
22:02:09.826,Active,408.6,2.4,98.2,11.6,77.1,No,0.0,None
22:02:10.239,Active,405.8,2.4,98.8,11.6,77.7,No,0.0,None
22:02:10.659,Active,411.2,2.4,98.2,11.6,77.1,No,0.0,None
22:02:11.073,Active,408.2,2.4,98.2,11.6,76.5,No,0.0,None
22:02:11.492,Active,410.7,2.4,97.6,11.6,78.2,No,0.0,None
22:02:11.910,Active,408.3,2.4,97.6,11.5,77.1,No,0.0,None
22:02:12.350,Active,433.4,2.4,94.9,11.5,77.7,No,0.0,None
22:02:12.768,Active,410.8,2.4,98.2,11.5,77.7,No,0.0,None
22:02:13.203,Active,425.9,2.4,98.8,11.6,77.7,No,0.0,None
22:02:13.621,Active,409.3,2.4,98.2,11.6,77.1,No,0.0,None
22:02:14.034,Active,406.8,2.4,99.4,11.6,78.2,No,0.0,None
22:02:14.454,Active,412.5,2.4,98.8,11.6,77.7,No,0.0,None
22:02:14.874,Active,413.3,2.4,96.5,11.6,78.8,No,0.0,None
22:02:15.288,Active,406.3,2.4,99.4,11.6,77.7,No,0.0,None
22:02:15.701,Active,407.3,2.4,99.4,11.6,77.7,No,0.0,None
22:02:16.109,Active,402.1,2.4,99.4,11.6,78.2,No,0.0,None
22:02:16.526,Active,410.5,2.4,100.0,11.6,78.2,No,0.0,None
22:02:16.945,Active,411.3,2.4,97.6,11.6,77.7,No,0.0,None
22:02:17.369,Active,412.2,2.4,97.0,11.6,77.7,No,0.0,None
22:02:17.786,Active,410.0,2.4,98.8,11.6,77.1,No,0.0,None
22:02:18.198,Active,406.6,2.4,99.4,11.6,77.7,No,0.0,None
22:02:18.613,Active,407.6,2.4,98.8,11.6,77.7,No,0.0,None
22:02:19.027,Active,406.2,2.4,98.2,11.5,78.2,No,0.0,None
22:02:19.449,Active,411.0,2.4,97.0,11.5,78.2,No,0.0,None
22:02:19.864,Active,406.6,2.4,98.2,11.5,77.7,No,0.0,None
22:02:20.288,Active,414.4,2.4,97.1,11.5,77.1,No,0.0,None
22:02:20.706,Active,409.1,2.4,98.2,11.5,77.7,No,0.0,None
22:02:21.123,Active,409.4,2.4,98.8,11.5,78.2,No,0.0,None
22:02:21.539,Active,410.7,2.4,98.8,11.5,78.2,No,0.0,None
22:02:21.952,Active,406.5,2.4,98.8,11.5,78.2,No,0.0,None
22:03:07.385,Active,418.6,2.4,1.3,11.6,59.5,No,0.0,None
22:03:07.796,Active,405.5,2.4,100.0,11.6,59.5,No,0.0,None
22:03:08.211,Active,405.9,2.4,98.8,11.6,62.2,No,0.0,None
22:03:08.626,Active,408.3,6.0,98.8,11.6,63.4,No,0.0,None
22:03:09.076,Active,440.7,6.0,96.6,11.7,63.9,No,0.0,None
22:03:09.494,Active,411.4,6.0,98.2,11.7,63.9,No,0.0,None
22:03:09.908,Active,406.1,6.0,98.2,11.7,65.0,No,0.0,None
22:03:10.323,Active,407.0,6.0,98.8,11.7,65.5,No,0.0,None
22:03:10.741,Active,408.1,6.0,98.2,11.7,66.7,No,0.0,None
22:03:11.157,Active,406.8,6.0,98.2,11.7,66.7,No,0.0,None
22:03:11.576,Active,409.2,6.0,98.2,11.7,66.7,No,0.0,None
22:03:11.991,Active,407.3,6.0,98.8,11.7,68.3,No,0.0,None
22:03:12.419,Active,422.1,6.0,96.5,11.6,68.3,No,0.0,None
22:03:12.835,Active,406.1,2.4,98.2,11.6,70.0,No,0.0,None
22:03:13.254,Active,406.8,2.4,97.6,11.6,69.4,No,0.0,None
22:03:13.669,Active,407.9,2.4,98.8,11.6,70.0,No,0.0,None
22:03:14.111,Active,431.9,2.4,98.3,11.7,70.0,No,0.0,None
22:03:14.528,Active,410.5,2.4,98.8,11.7,69.4,No,0.0,None
22:03:14.940,Active,406.3,2.4,99.4,11.7,70.0,No,0.0,None
22:03:15.389,Active,443.0,2.4,93.9,11.7,68.8,No,0.0,None
22:03:15.806,Active,409.1,2.4,98.8,11.7,71.0,No,0.0,None
22:03:16.230,Active,417.5,2.4,97.0,11.7,71.0,No,0.0,None
22:03:16.645,Active,407.6,2.4,98.8,11.6,71.6,No,0.0,None
22:03:17.059,Active,408.1,2.4,99.4,11.6,71.0,No,0.0,None
22:03:17.475,Active,409.9,2.4,98.8,11.6,71.6,No,0.0,None
22:03:17.890,Active,409.2,2.4,98.8,11.6,70.5,No,0.0,None
22:03:18.306,Active,408.9,2.4,98.8,11.6,71.6,No,0.0,None
22:03:18.722,Active,410.0,2.4,98.2,11.6,72.2,No,0.0,None
22:03:19.135,Active,405.4,2.4,98.8,11.6,72.7,No,0.0,None
22:03:19.554,Active,412.5,2.4,98.8,11.6,72.7,No,0.0,None
22:03:19.968,Active,406.6,2.4,98.2,11.6,72.2,No,0.0,None
22:03:20.387,Active,409.5,2.4,98.2,11.6,73.2,No,0.0,None
22:03:20.801,Active,408.1,2.4,98.2,11.6,72.7,No,0.0,None
22:03:21.216,Active,407.0,2.4,98.8,11.6,73.2,No,0.0,None
22:03:21.636,Active,410.5,2.4,97.6,11.6,73.2,No,0.0,None
22:03:22.055,Active,409.3,2.4,98.2,11.6,73.2,No,0.0,None
22:03:22.470,Active,408.9,2.4,98.2,11.6,73.2,No,0.0,None
22:03:22.889,Active,407.7,2.4,98.2,11.5,73.2,No,0.0,None
22:03:23.310,Active,413.8,2.4,97.6,11.5,73.8,No,0.0,None
22:03:23.725,Active,407.4,2.4,98.8,11.5,73.2,No,0.0,None
22:03:24.171,Active,440.1,2.4,98.3,11.6,73.8,No,0.0,None
22:03:24.586,Active,408.0,2.4,98.8,11.6,73.8,No,0.0,None
22:03:25.002,Active,406.1,2.4,98.2,11.6,73.8,No,0.0,None
22:03:25.420,Active,408.2,2.4,98.2,11.6,73.8,No,0.0,None
22:03:25.836,Active,406.7,2.4,98.2,11.6,74.3,No,0.0,None
22:03:26.252,Active,407.3,2.4,98.2,11.6,73.8,No,0.0,None
22:03:26.667,Active,408.7,2.4,99.4,11.6,74.3,No,0.0,None
22:03:27.081,Active,407.4,2.4,98.2,11.6,73.8,No,0.0,None
22:03:27.500,Active,409.3,2.4,98.2,11.6,74.9,No,0.0,None
22:03:27.919,Active,409.1,2.4,98.2,11.6,74.3,No,0.0,None
22:03:28.333,Active,407.9,2.4,98.2,11.6,74.9,No,0.0,None
22:03:28.754,Active,410.6,2.4,98.2,11.6,74.9,No,0.0,None
22:03:29.169,Active,405.8,2.4,97.6,11.6,74.3,No,0.0,None
22:03:29.597,Active,417.2,2.4,98.2,11.6,74.9,No,0.0,None
22:03:30.029,Active,424.3,2.4,95.3,11.6,74.3,No,0.0,None
22:03:30.446,Active,408.7,2.4,98.8,11.6,75.5,No,0.0,None
22:03:30.859,Active,407.4,2.4,98.8,11.6,75.5,No,0.0,None
22:03:31.276,Active,406.8,2.4,98.2,11.6,74.9,No,0.0,None
22:03:31.694,Active,409.3,2.4,98.2,11.6,74.9,No,0.0,None
22:03:32.110,Active,405.8,2.4,98.2,11.5,75.5,No,0.0,None
22:03:32.544,Active,426.9,2.4,96.0,11.5,75.5,No,0.0,None
22:03:32.958,Active,407.3,2.4,98.8,11.5,75.5,No,0.0,None
22:03:33.371,Active,406.8,2.4,99.4,11.5,74.9,No,0.0,None
22:03:33.786,Active,409.0,2.4,98.2,11.5,76.0,No,0.0,None
22:03:34.200,Active,406.6,2.4,99.4,11.5,76.0,No,0.0,None
22:03:34.625,Active,415.7,2.4,98.2,11.6,75.5,No,0.0,None
22:03:35.044,Active,411.0,2.4,97.6,11.6,74.9,No,0.0,None
22:03:35.470,Active,417.0,2.4,97.1,11.6,75.5,No,0.0,None
22:03:35.900,Active,423.6,2.4,96.5,11.6,77.1,No,0.0,None
22:03:36.313,Active,405.5,2.4,98.2,11.6,74.9,No,0.0,None
22:03:36.728,Active,407.1,2.4,98.2,11.5,75.5,No,0.0,None
22:03:37.148,Active,410.8,2.4,98.2,11.5,75.5,No,0.0,None
22:03:37.573,Active,415.6,2.4,97.6,11.5,75.5,No,0.0,None
22:03:37.984,Active,404.5,2.4,99.4,11.5,74.9,No,0.0,None
22:03:38.396,Active,402.8,2.4,98.8,11.5,76.5,No,0.0,None
22:03:38.814,Active,411.6,2.4,99.4,11.5,74.9,No,0.0,None
22:03:39.228,Active,405.6,2.4,98.8,11.5,76.0,No,0.0,None
22:03:39.664,Active,430.0,2.4,98.3,11.6,74.3,No,0.0,None
22:03:40.078,Active,407.1,2.4,98.2,11.5,76.5,No,0.0,None
22:03:40.493,Active,408.7,2.4,98.8,11.5,76.0,No,0.0,None
22:03:40.930,Active,428.9,2.4,95.9,11.5,77.1,No,0.0,None
22:03:41.345,Active,407.7,2.4,98.2,11.5,76.0,No,0.0,None
22:03:41.762,Active,408.5,2.4,98.2,11.5,76.5,No,0.0,None
22:03:42.194,Active,424.7,2.4,96.5,11.5,76.0,No,0.0,None
22:03:42.611,Active,410.3,2.4,98.2,11.6,76.0,No,0.0,None
22:03:43.028,Active,406.9,2.4,98.2,11.5,76.0,No,0.0,None
22:03:43.446,Active,408.9,2.4,98.2,11.5,76.5,No,0.0,None
22:03:43.862,Active,406.8,2.4,98.2,11.5,77.7,No,0.0,None
22:03:44.379,Active,410.9,2.4,79.1,11.5,76.0,No,0.0,None
22:03:44.814,Active,428.7,2.4,98.9,11.5,76.5,No,0.0,None
22:03:45.231,Active,406.5,2.4,98.2,11.6,76.5,No,0.0,None
22:03:45.649,Active,408.3,2.4,98.2,11.6,77.1,No,0.0,None
22:03:46.066,Active,407.5,2.4,98.2,11.6,76.5,No,0.0,None
22:03:46.485,Active,410.0,2.3,98.2,11.6,76.5,No,0.0,None
22:03:46.900,Active,408.3,2.3,98.8,11.6,76.5,No,0.0,None
22:03:47.314,Active,406.1,2.3,98.8,11.6,76.0,No,0.0,None
22:03:47.732,Active,408.1,2.3,98.2,11.6,76.5,No,0.0,None
22:03:48.144,Active,406.0,2.3,98.8,11.6,76.5,No,0.0,None
22:03:48.561,Active,409.3,2.3,98.8,11.5,76.0,No,0.0,None
22:03:48.975,Active,407.5,2.3,99.4,11.5,76.0,No,0.0,None
22:03:49.388,Active,406.0,2.3,97.6,11.5,77.1,No,0.0,None
22:03:49.805,Active,409.1,2.3,98.2,11.5,77.1,No,0.0,None
22:03:50.232,Active,418.6,2.3,96.4,11.5,76.5,No,0.0,None
22:03:50.648,Active,409.8,2.4,98.8,11.5,77.7,No,0.0,None
22:03:51.061,Active,406.9,2.4,98.8,11.5,75.5,No,0.0,None
22:03:51.476,Active,407.0,2.4,98.8,11.5,77.1,No,0.0,None
22:03:51.890,Active,407.6,2.4,98.2,11.5,77.7,No,0.0,None
22:03:52.306,Active,409.7,2.4,99.4,11.5,77.1,No,0.0,None
22:03:52.722,Active,410.1,2.4,98.8,11.5,77.1,No,0.0,None
22:03:53.138,Active,408.3,2.4,98.2,11.5,77.1,No,0.0,None
22:03:53.552,Active,407.1,2.4,98.2,11.5,77.7,No,0.0,None
22:03:53.966,Active,405.1,2.4,98.8,11.5,76.5,No,0.0,None
22:03:54.382,Active,408.4,2.4,98.8,11.5,77.7,No,0.0,None
22:03:54.829,Active,441.3,2.4,99.4,11.6,76.5,No,0.0,None
22:03:55.244,Active,407.3,2.4,98.2,11.6,77.1,No,0.0,None
22:03:55.676,Active,422.5,2.4,96.5,11.6,77.7,No,0.0,None
22:03:56.094,Active,408.5,2.4,98.2,11.6,76.5,No,0.0,None
22:03:56.518,Active,417.9,2.4,97.0,11.6,76.0,No,0.0,None
22:03:56.951,Active,426.1,2.4,95.9,11.6,77.1,No,0.0,None
22:03:57.372,Active,410.7,2.4,97.6,11.6,77.1,No,0.0,None
22:03:57.793,Active,411.9,2.4,98.2,11.6,77.7,No,0.0,None
22:03:58.206,Active,406.9,2.4,99.4,11.6,77.1,No,0.0,None
22:03:58.622,Active,409.2,2.4,98.2,11.6,78.2,No,0.0,None
22:03:59.046,Active,417.5,2.4,97.6,11.6,77.7,No,0.0,None
22:03:59.463,Active,410.5,2.4,98.8,11.6,77.7,No,0.0,None
22:03:59.886,Active,416.6,2.4,98.8,11.6,76.5,No,0.0,None
22:04:00.300,Active,408.3,2.4,98.8,11.6,77.1,No,0.0,None
22:04:00.722,Active,412.3,2.4,98.8,11.6,77.1,No,0.0,None
22:04:01.141,Active,411.8,2.4,97.6,11.6,77.7,No,0.0,None
22:04:01.557,Active,409.6,2.4,98.8,11.6,77.1,No,0.0,None
22:04:01.972,Active,406.1,2.4,98.2,11.6,77.7,No,0.0,None
22:04:02.386,Active,404.2,2.4,98.8,11.6,77.7,No,0.0,None
22:04:02.802,Active,408.4,2.4,98.8,11.6,77.7,No,0.0,None
22:04:03.219,Active,409.5,2.4,98.8,11.6,77.7,No,0.0,None
22:04:03.640,Active,415.3,2.4,97.6,11.6,77.7,No,0.0,None
22:04:04.057,Active,407.4,2.4,97.6,11.5,77.7,No,0.0,None
22:04:04.471,Active,405.9,2.4,98.8,11.5,77.7,No,0.0,None
22:04:04.905,Active,425.0,2.4,98.3,11.6,77.1,No,0.0,None
22:04:05.319,Active,407.3,2.4,99.4,11.6,79.3,No,0.0,None
22:04:05.742,Active,417.4,2.4,97.0,11.6,78.2,No,0.0,None
22:04:06.154,Active,406.3,2.4,98.8,11.6,77.7,No,0.0,None
22:04:06.574,Active,412.8,2.4,98.8,11.6,77.7,No,0.0,None
22:04:06.990,Active,409.2,2.4,98.2,11.6,77.7,No,0.0,None
22:04:52.438,Active,433.3,22.8,1.3,11.5,59.0,No,0.0,None
22:04:52.854,Active,408.9,22.8,99.4,11.5,60.6,No,0.0,None
22:04:53.273,Active,411.9,22.8,97.6,11.5,61.1,No,0.0,None
22:04:53.689,Active,408.0,22.8,98.8,11.5,62.8,No,0.0,None
22:04:54.104,Active,406.6,22.8,98.2,11.5,63.4,No,0.0,None
22:04:54.521,Active,407.9,22.8,98.8,11.5,64.5,No,0.0,None
22:04:54.938,Active,408.4,22.8,98.2,11.5,65.0,No,0.0,None
22:04:55.357,Active,411.4,22.8,98.2,11.5,65.5,No,0.0,None
22:04:55.808,Active,443.1,22.8,97.8,11.6,66.1,No,0.0,None
22:04:56.225,Active,408.1,22.8,98.2,11.6,66.7,No,0.0,None
22:04:56.641,Active,407.8,2.4,98.2,11.6,67.2,No,0.0,None
22:04:57.057,Active,407.6,2.4,98.2,11.6,67.8,No,0.0,None
22:04:57.476,Active,409.4,2.4,98.2,11.6,66.7,No,0.0,None
22:04:57.893,Active,407.7,2.4,98.2,11.6,68.3,No,0.0,None
22:04:58.310,Active,408.5,2.4,98.8,11.6,68.8,No,0.0,None
22:04:58.726,Active,408.6,2.4,98.2,11.6,68.8,No,0.0,None
22:04:59.142,Active,408.3,2.4,98.8,11.6,69.4,No,0.0,None
22:04:59.554,Active,405.1,2.4,98.8,11.6,70.0,No,0.0,None
22:04:59.968,Active,406.5,2.4,98.8,11.6,69.4,No,0.0,None
22:05:00.383,Active,405.6,2.4,98.2,11.5,70.5,No,0.0,None
22:05:00.815,Active,425.5,2.4,98.8,11.5,70.5,No,0.0,None
22:05:01.229,Active,407.9,2.4,98.8,11.6,70.5,No,0.0,None
22:05:01.644,Active,409.1,2.4,98.8,11.6,71.0,No,0.0,None
22:05:02.062,Active,408.5,2.4,98.2,11.6,71.6,No,0.0,None
22:05:02.481,Active,411.1,2.4,98.2,11.6,71.6,No,0.0,None
22:05:02.899,Active,409.5,2.4,98.8,11.6,71.6,No,0.0,None
22:05:03.320,Active,414.9,2.4,97.6,11.6,71.6,No,0.0,None
22:05:03.748,Active,418.6,2.4,97.1,11.5,71.6,No,0.0,None
22:05:04.162,Active,408.3,2.4,98.8,11.5,71.0,No,0.0,None
22:05:04.578,Active,409.0,2.4,98.8,11.6,71.6,No,0.0,None
22:05:04.997,Active,407.8,2.4,98.2,11.5,72.7,No,0.0,None
22:05:05.413,Active,410.0,2.4,98.8,11.6,73.8,No,0.0,None
22:05:05.847,Active,425.5,2.4,98.8,11.6,72.7,No,0.0,None
22:05:06.262,Active,409.2,2.4,97.6,11.6,73.2,No,0.0,None
22:05:06.682,Active,412.5,2.4,98.8,11.6,72.7,No,0.0,None
22:05:07.096,Active,406.5,2.4,98.2,11.6,73.2,No,0.0,None
22:05:07.511,Active,408.8,2.4,98.8,11.6,73.8,No,0.0,None
22:05:07.926,Active,408.2,2.4,98.8,11.6,73.2,No,0.0,None
22:05:08.362,Active,428.8,2.4,95.4,11.6,72.7,No,0.0,None
22:05:08.779,Active,410.2,2.4,98.8,11.6,73.2,No,0.0,None
22:05:09.190,Active,404.5,2.4,98.8,11.5,74.3,No,0.0,None
22:05:09.607,Active,411.1,2.4,99.4,11.5,72.7,No,0.0,None
22:05:10.022,Active,408.6,2.4,98.2,11.5,74.3,No,0.0,None
22:05:10.439,Active,409.7,2.4,98.2,11.5,73.8,No,0.0,None
22:05:10.873,Active,427.9,2.4,98.3,11.6,73.8,No,0.0,None
22:05:11.286,Active,405.3,2.4,98.2,11.6,72.7,No,0.0,None
22:05:11.702,Active,408.9,2.4,99.4,11.6,74.3,No,0.0,None
22:05:12.119,Active,409.6,2.4,98.8,11.6,73.8,No,0.0,None
22:05:12.534,Active,409.6,2.4,98.2,11.6,74.3,No,0.0,None
22:05:12.951,Active,409.5,2.4,98.8,11.6,74.3,No,0.0,None
22:05:13.366,Active,409.0,2.4,98.2,11.6,74.9,No,0.0,None
22:05:13.782,Active,408.7,2.4,98.2,11.6,73.8,No,0.0,None
22:05:14.195,Active,407.0,2.4,98.8,11.6,74.3,No,0.0,None
22:05:14.611,Active,409.6,2.4,98.8,11.5,74.3,No,0.0,None
22:05:15.021,Active,403.8,2.4,98.8,11.6,74.9,No,0.0,None
22:05:15.437,Active,408.1,2.4,99.4,11.6,74.9,No,0.0,None
22:05:15.852,Active,406.9,2.4,98.2,11.6,74.9,No,0.0,None
22:05:16.287,Active,425.7,2.4,98.3,11.6,74.9,No,0.0,None
22:05:16.702,Active,408.3,2.4,98.8,11.6,74.9,No,0.0,None
22:05:17.114,Active,406.1,2.4,98.8,11.6,74.9,No,0.0,None
22:05:17.531,Active,409.3,2.4,98.8,11.6,76.0,No,0.0,None
22:05:17.946,Active,408.4,2.4,98.8,11.6,75.5,No,0.0,None
22:05:18.358,Active,406.1,2.4,98.8,11.6,75.5,No,0.0,None
22:05:18.770,Active,404.8,2.4,98.8,11.5,75.5,No,0.0,None
22:05:19.182,Active,405.4,2.4,99.4,11.5,75.5,No,0.0,None
22:05:19.598,Active,410.6,2.4,99.4,11.5,75.5,No,0.0,None
22:05:20.025,Active,421.1,2.4,95.9,11.5,74.9,No,0.0,None
22:05:20.446,Active,412.9,2.4,97.6,11.5,76.0,No,0.0,None
22:05:20.862,Active,408.6,2.4,98.8,11.5,76.0,No,0.0,None
22:05:21.277,Active,407.9,2.4,98.8,11.5,74.9,No,0.0,None
22:05:21.693,Active,409.3,2.4,98.8,11.5,75.5,No,0.0,None
22:05:22.102,Active,403.2,2.4,99.4,11.5,76.5,No,0.0,None
22:05:22.522,Active,414.8,2.4,98.8,11.5,76.0,No,0.0,None
22:05:22.935,Active,406.9,2.4,98.8,11.5,76.0,No,0.0,None
22:05:23.353,Active,407.3,2.4,98.2,11.5,76.0,No,0.0,None
22:05:23.770,Active,408.6,2.4,98.2,11.5,76.0,No,0.0,None
22:05:24.183,Active,405.5,2.4,98.8,11.5,76.0,No,0.0,None
22:05:24.602,Active,409.9,2.4,98.8,11.5,75.5,No,0.0,None
22:05:25.014,Active,405.0,2.4,98.8,11.5,76.0,No,0.0,None
22:05:25.447,Active,426.3,2.4,95.9,11.5,77.7,No,0.0,None
22:05:25.871,Active,414.2,2.4,96.4,11.5,76.0,No,0.0,None
22:05:26.325,Active,443.4,2.4,96.7,11.6,76.0,No,0.0,None
22:05:26.742,Active,408.8,2.4,98.8,11.6,77.1,No,0.0,None
22:05:27.155,Active,406.9,2.4,98.2,11.6,76.5,No,0.0,None
22:05:27.574,Active,408.0,2.4,98.2,11.6,76.5,No,0.0,None
22:05:27.988,Active,406.9,2.4,98.8,11.6,76.5,No,0.0,None
22:05:28.405,Active,408.1,2.4,97.6,11.6,76.0,No,0.0,None
22:05:28.818,Active,404.1,2.4,98.8,11.6,76.0,No,0.0,None
22:05:29.234,Active,407.4,2.4,98.8,11.6,77.1,No,0.0,None
22:05:29.654,Active,412.6,2.4,97.6,11.5,76.5,No,0.0,None
22:05:30.074,Active,413.7,2.4,97.0,11.5,76.0,No,0.0,None
22:05:30.498,Active,416.6,2.4,97.6,11.5,76.0,No,0.0,None
22:05:30.923,Active,417.8,2.4,97.0,11.5,76.5,No,0.0,None
22:05:31.354,Active,424.6,2.4,97.1,11.6,76.0,No,0.0,None
22:05:31.770,Active,408.8,2.4,99.4,11.6,76.5,No,0.0,None
22:05:32.183,Active,406.2,2.4,98.8,11.6,77.1,No,0.0,None
22:05:32.602,Active,412.4,2.4,98.8,11.6,77.1,No,0.0,None
22:05:33.017,Active,407.8,2.4,98.2,11.6,76.5,No,0.0,None
22:05:33.444,Active,418.7,2.4,96.5,11.6,77.1,No,0.0,None
22:05:33.868,Active,415.0,2.4,97.0,11.6,77.7,No,0.0,None
22:05:34.293,Active,414.9,2.4,97.1,11.5,76.5,No,0.0,None
22:05:34.714,Active,410.3,2.4,98.2,11.5,77.1,No,0.0,None
22:05:35.131,Active,409.7,2.4,98.2,11.5,76.5,No,0.0,None
22:05:35.546,Active,409.2,2.4,98.2,11.5,76.5,No,0.0,None
22:05:35.959,Active,407.0,2.4,98.8,11.5,76.5,No,0.0,None
22:05:36.396,Active,427.3,2.4,97.2,11.6,77.1,No,0.0,None
22:05:36.814,Active,408.2,2.4,98.2,11.6,77.1,No,0.0,None
22:05:37.253,Active,433.9,2.4,94.9,11.6,77.1,No,0.0,None
22:05:37.666,Active,406.7,2.4,99.4,11.6,77.1,No,0.0,None
22:05:38.079,Active,406.1,2.4,99.4,11.6,77.1,No,0.0,None
22:05:38.495,Active,409.5,2.4,98.8,11.6,78.2,No,0.0,None
22:05:38.908,Active,407.3,2.4,99.4,11.5,77.1,No,0.0,None
22:05:39.327,Active,409.3,2.4,97.6,11.5,77.1,No,0.0,None
22:05:39.742,Active,409.6,2.4,98.8,11.5,77.1,No,0.0,None
22:05:40.154,Active,404.9,2.4,98.8,11.5,77.7,No,0.0,None
22:05:40.567,Active,407.2,2.4,99.4,11.5,78.2,No,0.0,None
22:05:40.978,Active,405.0,2.4,100.0,11.5,78.2,No,0.0,None
22:05:41.422,Active,437.2,2.4,98.9,11.6,77.7,No,0.0,None
22:05:41.839,Active,409.2,2.4,98.2,11.6,77.1,No,0.0,None
22:05:42.256,Active,408.2,2.4,98.2,11.6,77.7,No,0.0,None
22:05:42.675,Active,409.3,2.4,98.2,11.6,77.1,No,0.0,None
22:05:43.088,Active,407.1,2.4,98.8,11.6,77.1,No,0.0,None
22:05:43.505,Active,410.2,2.4,98.2,11.6,77.1,No,0.0,None
22:05:43.920,Active,406.9,2.4,98.2,11.5,77.1,No,0.0,None
22:05:44.336,Active,406.4,2.4,98.2,11.5,76.5,No,0.0,None
22:05:44.751,Active,409.0,2.4,98.8,11.5,77.7,No,0.0,None
22:05:45.186,Active,426.2,2.4,96.0,11.5,77.1,No,0.0,None
22:05:45.611,Active,418.2,2.4,97.1,11.5,77.1,No,0.0,None
22:05:46.026,Active,408.6,2.4,98.8,11.5,78.8,No,0.0,None
22:05:46.443,Active,409.6,2.4,98.2,11.5,77.7,No,0.0,None
22:05:46.877,Active,427.6,2.4,99.4,11.6,78.2,No,0.0,None
22:05:47.293,Active,407.6,2.4,98.2,11.6,78.2,No,0.0,None
22:05:47.705,Active,405.9,2.4,99.4,11.6,78.2,No,0.0,None
22:05:48.120,Active,407.3,2.4,99.4,11.6,77.7,No,0.0,None
22:05:48.536,Active,409.7,2.4,98.8,11.6,77.7,No,0.0,None
22:05:48.949,Active,406.3,2.4,99.4,11.6,78.2,No,0.0,None
22:05:49.362,Active,406.9,2.4,99.4,11.6,77.7,No,0.0,None
22:05:49.777,Active,408.9,2.4,98.8,11.6,78.2,No,0.0,None
22:05:50.190,Active,406.7,2.4,99.4,11.6,77.7,No,0.0,None
22:05:50.611,Active,413.5,2.4,98.8,11.6,77.7,No,0.0,None
22:05:51.026,Active,408.4,2.4,97.0,11.6,77.7,No,0.0,None
22:05:51.442,Active,409.3,2.4,98.2,11.6,78.2,No,0.0,None
22:05:51.856,Active,406.9,2.4,99.4,11.6,78.2,No,0.0,None
22:05:52.284,Active,418.8,2.4,96.5,11.6,78.2,No,0.0,None
22:06:37.742,Active,441.2,2.4,1.3,11.5,58.4,No,0.0,None
22:06:38.155,Active,407.3,2.4,98.8,11.5,60.0,No,0.0,None
22:06:38.578,Active,413.1,2.4,98.8,11.5,61.7,No,0.0,None
22:06:38.990,Active,405.4,2.4,98.8,11.5,62.8,No,0.0,None
22:06:39.405,Active,406.4,2.4,98.2,11.6,63.9,No,0.0,None
22:06:39.822,Active,408.2,2.4,98.2,11.5,64.5,No,0.0,None
22:06:40.236,Active,407.0,3.4,98.8,11.5,65.5,No,0.0,None
22:06:40.656,Active,409.5,3.4,98.2,11.5,64.5,No,0.0,None
22:06:41.074,Active,409.9,3.4,97.6,11.5,66.7,No,0.0,None
22:06:41.493,Active,409.2,3.4,98.2,11.5,66.1,No,0.0,None
22:06:41.910,Active,410.6,3.4,98.2,11.5,67.8,No,0.0,None
22:06:42.342,Active,426.6,3.4,97.7,11.6,67.8,No,0.0,None
22:06:42.760,Active,409.4,3.4,98.8,11.6,68.8,No,0.0,None
22:06:43.175,Active,408.5,3.4,98.8,11.6,67.8,No,0.0,None
22:06:43.590,Active,408.5,3.4,98.8,11.6,69.4,No,0.0,None
22:06:44.006,Active,409.2,3.4,98.8,11.6,68.8,No,0.0,None
22:06:44.421,Active,408.2,2.4,98.8,11.6,69.4,No,0.0,None
22:06:44.838,Active,407.2,2.4,97.6,11.6,70.0,No,0.0,None
22:06:45.255,Active,407.0,2.4,98.2,11.6,70.0,No,0.0,None
22:06:45.670,Active,409.0,2.4,98.8,11.6,70.0,No,0.0,None
22:06:46.086,Active,406.1,2.4,98.2,11.6,71.6,No,0.0,None
22:06:46.503,Active,407.3,2.4,98.2,11.6,71.0,No,0.0,None
22:06:46.920,Active,406.5,2.4,98.2,11.6,71.6,No,0.0,None
22:06:47.337,Active,407.5,2.4,98.2,11.6,71.6,No,0.0,None
22:06:47.776,Active,430.6,2.4,98.3,11.6,71.0,No,0.0,None
22:06:48.210,Active,421.5,2.4,95.3,11.6,71.6,No,0.0,None
22:06:48.629,Active,411.7,2.4,98.8,11.6,72.7,No,0.0,None
22:06:49.045,Active,407.6,2.4,98.2,11.6,72.2,No,0.0,None
22:06:49.463,Active,412.2,2.4,99.4,11.6,72.2,No,0.0,None
22:06:49.874,Active,405.5,2.4,98.2,11.6,73.2,No,0.0,None
22:06:50.288,Active,407.1,2.4,98.8,11.6,72.7,No,0.0,None
22:06:50.703,Active,408.8,2.4,99.4,11.6,72.2,No,0.0,None
22:06:51.114,Active,405.3,2.4,98.8,11.6,72.7,No,0.0,None
22:06:51.530,Active,408.8,2.4,98.8,11.6,73.2,No,0.0,None
22:06:51.946,Active,405.4,2.4,97.6,11.6,72.7,No,0.0,None
22:06:52.359,Active,406.3,2.4,98.8,11.6,73.2,No,0.0,None
22:06:52.773,Active,407.6,2.4,99.4,11.6,73.2,No,0.0,None
22:06:53.202,Active,420.8,2.4,95.9,11.6,73.8,No,0.0,None
22:06:53.620,Active,410.9,2.4,98.8,11.5,72.7,No,0.0,None
22:06:54.031,Active,402.9,2.4,98.8,11.5,73.8,No,0.0,None
22:06:54.448,Active,408.3,2.4,98.8,11.5,73.8,No,0.0,None
22:06:54.860,Active,403.3,2.4,98.8,11.5,73.2,No,0.0,None
22:06:55.278,Active,404.9,2.4,98.2,11.5,73.8,No,0.0,None
22:06:55.696,Active,407.9,2.4,98.2,11.5,74.3,No,0.0,None
22:06:56.115,Active,408.6,2.4,98.2,11.5,74.3,No,0.0,None
22:06:56.533,Active,410.0,2.4,97.6,11.5,74.9,No,0.0,None
22:06:56.950,Active,407.5,2.4,98.2,11.5,74.9,No,0.0,None
22:06:57.363,Active,405.5,2.4,98.8,11.5,73.8,No,0.0,None
22:06:57.818,Active,447.8,2.4,97.3,11.5,74.3,No,0.0,None
22:06:58.233,Active,407.9,2.4,98.8,11.6,74.3,No,0.0,None
22:06:58.649,Active,409.2,2.4,98.8,11.6,74.3,No,0.0,None
22:06:59.062,Active,406.6,2.4,99.4,11.6,74.3,No,0.0,None
22:06:59.477,Active,407.0,2.4,98.2,11.6,74.9,No,0.0,None
22:06:59.890,Active,406.5,2.4,99.4,11.6,74.3,No,0.0,None
22:07:00.307,Active,407.4,2.4,98.2,11.5,75.5,No,0.0,None
22:07:00.724,Active,411.0,2.4,98.2,11.5,74.9,No,0.0,None
22:07:01.144,Active,413.9,2.4,97.6,11.5,73.2,No,0.0,None
22:07:01.558,Active,408.0,2.4,99.4,11.5,75.5,No,0.0,None
22:07:01.973,Active,407.3,2.4,99.4,11.5,75.5,No,0.0,None
22:07:02.396,Active,414.4,2.4,97.0,11.5,74.9,No,0.0,None
22:07:02.827,Active,421.6,2.4,97.7,11.5,75.5,No,0.0,None
22:07:03.243,Active,406.7,2.4,98.8,11.5,74.9,No,0.0,None
22:07:03.657,Active,408.1,2.4,98.8,11.5,75.5,No,0.0,None
22:07:04.073,Active,408.0,2.4,98.2,11.5,75.5,No,0.0,None
22:07:04.493,Active,411.4,2.4,98.2,11.5,76.5,No,0.0,None
22:07:04.907,Active,406.3,2.4,98.2,11.5,75.5,No,0.0,None
22:07:05.325,Active,408.0,2.4,98.2,11.5,75.5,No,0.0,None
22:07:05.767,Active,433.6,2.4,94.8,11.5,76.0,No,0.0,None
22:07:06.179,Active,405.3,2.4,98.8,11.5,76.0,No,0.0,None
22:07:06.600,Active,415.0,2.4,98.2,11.5,76.0,No,0.0,None
22:07:07.017,Active,406.6,2.4,98.2,11.5,74.9,No,0.0,None
22:07:07.434,Active,408.6,2.4,98.8,11.5,76.0,No,0.0,None
22:07:07.871,Active,430.9,2.4,98.8,11.5,75.5,No,0.0,None
22:07:08.286,Active,408.7,2.4,98.2,11.6,76.0,No,0.0,None
22:07:08.704,Active,410.3,2.4,97.6,11.6,75.5,No,0.0,None
22:07:09.127,Active,409.6,2.4,97.0,11.5,75.5,No,0.0,None
22:07:09.541,Active,408.3,2.4,98.2,11.5,76.5,No,0.0,None
22:07:09.959,Active,407.8,2.4,98.2,11.5,76.5,No,0.0,None
22:07:10.373,Active,407.8,2.4,98.2,11.5,76.0,No,0.0,None
22:07:10.788,Active,408.7,2.4,98.8,11.5,76.0,No,0.0,None
22:07:11.211,Active,409.8,2.4,97.6,11.5,76.0,No,0.0,None
22:07:11.634,Active,417.3,2.4,97.6,11.5,77.1,No,0.0,None
22:07:12.059,Active,417.5,2.4,97.0,11.5,76.5,No,0.0,None
22:07:12.472,Active,407.0,2.4,98.2,11.5,76.0,No,0.0,None
22:07:12.912,Active,431.8,2.4,98.3,11.5,75.5,No,0.0,None
22:07:13.334,Active,408.9,2.4,97.0,11.6,76.5,No,0.0,None
22:07:13.750,Active,410.4,2.4,98.2,11.6,76.0,No,0.0,None
22:07:14.165,Active,407.4,2.4,98.8,11.6,76.5,No,0.0,None
22:07:14.584,Active,410.9,2.4,97.6,11.6,77.1,No,0.0,None
22:07:15.007,Active,412.7,2.4,97.0,11.6,76.0,No,0.0,None
22:07:15.426,Active,412.8,2.4,98.8,11.6,76.0,No,0.0,None
22:07:15.842,Active,408.5,2.4,98.8,11.5,76.5,No,0.0,None
22:07:16.291,Active,441.7,2.4,93.9,11.5,76.5,No,0.0,None
22:07:16.709,Active,411.6,2.4,98.2,11.5,77.1,No,0.0,None
22:07:17.126,Active,410.7,2.4,98.8,11.5,76.5,No,0.0,None
22:07:17.542,Active,410.6,2.4,98.2,11.5,77.1,No,0.0,None
22:07:17.966,Active,416.7,2.4,98.8,11.6,76.5,No,0.0,None
22:07:18.386,Active,413.3,2.4,98.2,11.6,76.5,No,0.0,None
22:07:18.800,Active,406.4,2.4,98.2,11.6,77.1,No,0.0,None
22:07:19.212,Active,406.4,2.4,99.4,11.6,77.1,No,0.0,None
22:07:19.628,Active,409.9,2.4,99.4,11.6,77.7,No,0.0,None
22:07:20.045,Active,407.7,2.4,97.6,11.6,77.1,No,0.0,None
22:07:20.459,Active,407.7,2.4,99.4,11.6,77.1,No,0.0,None
22:07:20.874,Active,406.3,2.4,98.8,11.6,77.1,No,0.0,None
22:07:21.288,Active,406.9,2.4,98.8,11.6,77.1,No,0.0,None
22:07:21.797,Active,406.8,2.4,80.4,11.6,77.1,No,0.0,None
22:07:22.209,Active,403.9,2.4,99.4,11.6,78.8,No,0.0,None
22:07:22.624,Active,408.2,2.4,99.4,11.6,77.1,No,0.0,None
22:07:23.042,Active,406.9,2.4,97.6,11.6,77.1,No,0.0,None
22:07:23.463,Active,411.2,2.4,98.2,11.6,76.5,No,0.0,None
22:07:23.878,Active,408.6,2.4,98.8,11.5,76.5,No,0.0,None
22:07:24.290,Active,405.2,2.4,98.2,11.5,77.1,No,0.0,None
22:07:24.707,Active,409.3,2.4,98.8,11.5,77.1,No,0.0,None
22:07:25.120,Active,407.2,2.4,98.8,11.5,77.7,No,0.0,None
22:07:25.538,Active,408.4,2.4,98.2,11.5,77.7,No,0.0,None
22:07:25.958,Active,410.6,2.4,98.2,11.5,77.1,No,0.0,None
22:07:26.371,Active,405.8,2.4,98.2,11.5,77.7,No,0.0,None
22:07:26.787,Active,408.8,2.4,98.2,11.5,77.7,No,0.0,None
22:07:27.206,Active,409.3,2.4,98.2,11.5,77.1,No,0.0,None
22:07:27.623,Active,409.5,2.4,98.2,11.5,76.5,No,0.0,None
22:07:28.065,Active,434.8,2.4,98.9,11.6,77.1,No,0.0,None
22:07:28.486,Active,410.3,2.4,97.6,11.6,77.7,No,0.0,None
22:07:28.903,Active,406.8,2.4,98.2,11.6,77.1,No,0.0,None
22:07:29.319,Active,407.3,2.4,98.2,11.6,77.7,No,0.0,None
22:07:29.737,Active,407.4,2.4,98.2,11.6,77.1,No,0.0,None
22:07:30.154,Active,408.1,2.4,98.2,11.6,77.7,No,0.0,None
22:07:30.573,Active,408.8,2.4,98.2,11.6,77.7,No,0.0,None
22:07:30.995,Active,409.6,2.4,97.6,11.5,77.7,No,0.0,None
22:07:31.409,Active,406.4,2.4,98.2,11.5,77.7,No,0.0,None
22:07:31.823,Active,407.5,2.4,98.2,11.5,78.2,No,0.0,None
22:07:32.237,Active,406.1,2.4,98.8,11.5,77.1,No,0.0,None
22:07:32.654,Active,408.5,2.4,98.8,11.6,77.1,No,0.0,None
22:07:33.073,Active,407.7,2.4,97.0,11.6,77.1,No,0.0,None
22:07:33.498,Active,419.5,2.4,99.4,11.6,77.1,No,0.0,None
22:07:33.912,Active,407.2,2.4,98.2,11.6,77.7,No,0.0,None
22:07:34.328,Active,406.9,2.4,98.8,11.6,77.1,No,0.0,None
22:07:34.743,Active,408.8,2.4,98.8,11.6,78.8,No,0.0,None
22:07:35.159,Active,409.6,2.4,98.8,11.6,78.2,No,0.0,None
22:07:35.573,Active,407.9,2.4,98.8,11.6,77.1,No,0.0,None
22:07:35.986,Active,404.6,2.4,98.8,11.5,78.2,No,0.0,None
22:07:36.397,Active,404.7,2.4,99.4,11.5,78.2,No,0.0,None
22:07:36.813,Active,408.1,2.4,98.8,11.5,77.7,No,0.0,None
22:07:37.231,Active,407.4,2.4,98.2,11.5,77.7,No,0.0,None
22:07:37.646,Active,409.4,2.4,99.4,11.5,78.2,No,0.0,None
22:08:23.081,Active,420.1,2.4,1.3,11.6,60.0,No,0.0,None
22:08:23.492,Active,404.6,2.4,100.0,11.6,60.6,No,0.0,None
22:08:23.909,Active,406.3,8.0,98.8,11.6,61.7,No,0.0,None
22:08:24.328,Active,413.3,8.0,98.2,11.6,62.8,No,0.0,None
22:08:24.750,Active,412.8,8.0,97.6,11.6,63.9,No,0.0,None
22:08:25.172,Active,410.9,8.0,97.1,11.6,65.0,No,0.0,None
22:08:25.591,Active,409.1,8.0,97.6,11.6,65.5,No,0.0,None
22:08:26.007,Active,406.1,8.0,98.2,11.6,65.5,No,0.0,None
22:08:26.426,Active,409.4,8.0,97.6,11.6,65.5,No,0.0,None
22:08:26.844,Active,408.4,8.0,98.2,11.6,66.7,No,0.0,None
22:08:27.262,Active,407.1,8.0,98.2,11.6,67.2,No,0.0,None
22:08:27.677,Active,407.6,8.0,98.8,11.6,67.8,No,0.0,None
22:08:28.098,Active,409.2,2.4,98.2,11.6,67.8,No,0.0,None
22:08:28.512,Active,407.0,2.4,98.8,11.6,68.3,No,0.0,None
22:08:28.927,Active,405.9,2.4,98.2,11.6,68.8,No,0.0,None
22:08:29.406,Active,469.2,2.4,94.2,11.7,69.4,No,0.0,None
22:08:29.833,Active,418.7,2.4,97.0,11.7,68.8,No,0.0,None
22:08:30.260,Active,418.4,2.4,98.2,11.7,69.4,No,0.0,None
22:08:30.679,Active,409.9,2.4,98.8,11.7,70.0,No,0.0,None
22:08:31.096,Active,406.5,2.4,97.6,11.7,70.5,No,0.0,None
22:08:31.514,Active,409.0,2.4,97.6,11.6,71.0,No,0.0,None
22:08:31.930,Active,408.9,2.4,98.2,11.6,71.6,No,0.0,None
22:08:32.361,Active,425.1,2.3,96.5,11.6,71.0,No,0.0,None
22:08:32.777,Active,407.4,2.3,98.8,11.6,71.0,No,0.0,None
22:08:33.198,Active,411.5,2.3,97.0,11.6,71.6,No,0.0,None
22:08:33.614,Active,408.6,2.3,99.4,11.6,71.0,No,0.0,None
22:08:34.026,Active,404.7,2.3,98.8,11.6,72.2,No,0.0,None
22:08:34.454,Active,420.5,2.3,98.8,11.6,71.6,No,0.0,None
22:08:34.870,Active,408.4,2.3,97.6,11.6,72.7,No,0.0,None
22:08:35.283,Active,406.0,2.3,98.8,11.6,72.2,No,0.0,None
22:08:35.704,Active,410.3,2.3,97.0,11.6,72.7,No,0.0,None
22:08:36.120,Active,407.1,2.3,98.2,11.6,72.7,No,0.0,None
22:08:36.533,Active,407.1,2.4,99.4,11.6,72.7,No,0.0,None
22:08:36.950,Active,409.7,2.4,98.8,11.5,73.2,No,0.0,None
22:08:37.364,Active,406.7,2.4,98.2,11.5,73.8,No,0.0,None
22:08:37.783,Active,409.4,2.4,98.8,11.5,73.2,No,0.0,None
22:08:38.196,Active,406.9,2.4,98.2,11.5,73.2,No,0.0,None
22:08:38.610,Active,407.7,2.4,98.8,11.5,73.2,No,0.0,None
22:08:39.036,Active,416.2,2.4,98.8,11.5,73.2,No,0.0,None
22:08:39.472,Active,427.3,2.4,97.7,11.6,73.8,No,0.0,None
22:08:39.889,Active,407.5,2.4,98.8,11.6,73.8,No,0.0,None
22:08:40.300,Active,405.7,2.4,99.4,11.6,73.2,No,0.0,None
22:08:40.716,Active,409.7,2.4,99.4,11.5,73.2,No,0.0,None
22:08:41.129,Active,406.5,2.4,98.8,11.5,74.3,No,0.0,None
22:08:41.549,Active,413.8,2.4,98.8,11.5,73.2,No,0.0,None
22:08:41.961,Active,406.3,2.4,98.8,11.5,74.9,No,0.0,None
22:08:42.371,Active,403.8,2.4,99.4,11.5,75.5,No,0.0,None
22:08:42.784,Active,407.1,2.4,99.4,11.5,74.3,No,0.0,None
22:08:43.197,Active,407.1,2.4,99.4,11.5,74.3,No,0.0,None
22:08:43.613,Active,409.8,2.4,98.8,11.5,74.3,No,0.0,None
22:08:44.026,Active,405.1,2.4,98.8,11.5,74.3,No,0.0,None
22:08:44.474,Active,437.7,2.4,96.6,11.6,74.3,No,0.0,None
22:08:44.887,Active,406.1,2.4,98.8,11.6,74.9,No,0.0,None
22:08:45.303,Active,405.8,2.4,98.2,11.6,74.3,No,0.0,None
22:08:45.719,Active,409.5,2.4,99.4,11.6,75.5,No,0.0,None
22:08:46.135,Active,409.8,2.4,98.2,11.5,74.9,No,0.0,None
22:08:46.550,Active,409.0,2.4,98.2,11.6,74.9,No,0.0,None
22:08:46.968,Active,407.0,2.4,97.6,11.5,74.9,No,0.0,None
22:08:47.383,Active,405.8,2.4,98.2,11.5,74.9,No,0.0,None
22:08:47.801,Active,409.2,2.4,97.6,11.5,74.9,No,0.0,None
22:08:48.217,Active,407.2,2.4,98.8,11.5,75.5,No,0.0,None
22:08:48.633,Active,407.5,2.4,98.2,11.5,74.9,No,0.0,None
22:08:49.052,Active,406.5,2.4,97.6,11.5,76.5,No,0.0,None
22:08:49.509,Active,447.9,2.4,95.0,11.5,74.3,No,0.0,None
22:08:49.926,Active,408.8,2.4,98.8,11.6,75.5,No,0.0,None
22:08:50.341,Active,407.9,2.4,98.2,11.6,74.9,No,0.0,None
22:08:50.759,Active,409.7,2.4,98.8,11.6,76.0,No,0.0,None
22:08:51.176,Active,406.7,2.4,97.6,11.6,75.5,No,0.0,None
22:08:51.591,Active,409.0,2.4,98.8,11.6,75.5,No,0.0,None
22:08:52.006,Active,406.0,2.4,98.2,11.6,75.5,No,0.0,None
22:08:52.417,Active,404.3,2.4,98.8,11.6,76.0,No,0.0,None
22:08:52.830,Active,406.3,2.4,99.4,11.6,76.5,No,0.0,None
22:08:53.254,Active,412.5,2.4,98.2,11.6,74.9,No,0.0,None
22:08:53.671,Active,410.0,2.4,98.2,11.6,76.0,No,0.0,None
22:08:54.090,Active,409.7,2.4,98.2,11.6,75.5,No,0.0,None
22:08:54.507,Active,409.4,2.4,98.2,11.6,76.0,No,0.0,None
22:08:54.919,Active,405.4,2.4,98.8,11.5,75.5,No,0.0,None
22:08:55.339,Active,409.6,2.4,97.6,11.5,76.0,No,0.0,None
22:08:55.753,Active,408.4,2.4,98.2,11.5,75.5,No,0.0,None
22:08:56.169,Active,407.9,2.4,98.2,11.5,76.0,No,0.0,None
22:08:56.586,Active,408.3,2.4,98.8,11.5,76.5,No,0.0,None
22:08:57.004,Active,412.7,2.4,98.2,11.5,77.1,No,0.0,None
22:08:57.421,Active,407.3,2.4,97.6,11.5,76.5,No,0.0,None
22:08:57.834,Active,406.6,2.4,98.8,11.5,76.0,No,0.0,None
22:08:58.250,Active,408.8,2.4,98.2,11.5,77.7,No,0.0,None
22:08:58.665,Active,409.0,2.4,99.4,11.5,76.5,No,0.0,None
22:08:59.082,Active,410.5,2.4,98.8,11.5,76.0,No,0.0,None
22:08:59.498,Active,408.6,2.4,98.2,11.5,77.1,No,0.0,None
22:08:59.934,Active,428.7,2.4,98.9,11.6,76.5,No,0.0,None
22:09:00.349,Active,405.8,2.4,98.2,11.7,76.5,No,0.0,None
22:09:00.765,Active,407.5,2.4,98.8,11.7,76.5,No,0.0,None
22:09:01.176,Active,405.5,2.4,99.4,11.7,75.5,No,0.0,None
22:09:01.592,Active,410.2,2.4,98.2,11.7,76.5,No,0.0,None
22:09:02.004,Active,403.3,2.4,99.4,11.7,77.1,No,0.0,None
22:09:02.420,Active,407.2,2.4,98.8,11.7,76.0,No,0.0,None
22:09:02.836,Active,407.1,2.4,99.4,11.7,77.1,No,0.0,None
22:09:03.368,Active,426.0,2.4,77.7,11.6,76.5,No,0.0,None
22:09:03.785,Active,407.9,2.4,98.8,11.6,76.5,No,0.0,None
22:09:04.198,Active,406.7,2.4,100.0,11.6,77.1,No,0.0,None
22:09:04.613,Active,408.8,2.4,99.4,11.6,76.5,No,0.0,None
22:09:05.037,Active,417.9,2.4,98.8,11.6,78.2,No,0.0,None
22:09:05.452,Active,409.4,2.4,99.4,11.6,76.5,No,0.0,None
22:09:05.865,Active,406.4,2.3,99.4,11.6,77.1,No,0.0,None
22:09:06.276,Active,405.6,2.3,99.4,11.6,77.1,No,0.0,None
22:09:06.695,Active,409.6,2.3,98.2,11.6,77.1,No,0.0,None
22:09:07.108,Active,406.6,2.3,98.8,11.6,77.1,No,0.0,None
22:09:07.546,Active,428.4,2.3,95.4,11.6,76.5,No,0.0,None
22:09:07.960,Active,406.9,2.3,98.8,11.5,77.1,No,0.0,None
22:09:08.377,Active,408.0,2.3,97.6,11.5,77.1,No,0.0,None
22:09:08.793,Active,410.1,2.3,98.8,11.5,77.1,No,0.0,None
22:09:09.209,Active,407.4,2.3,98.8,11.5,77.7,No,0.0,None
22:09:09.625,Active,407.6,2.3,98.8,11.5,77.1,No,0.0,None
22:09:10.049,Active,417.9,2.4,99.4,11.6,77.1,No,0.0,None
22:09:10.468,Active,411.0,2.4,99.4,11.6,77.1,No,0.0,None
22:09:10.886,Active,408.6,2.4,97.6,11.6,77.1,No,0.0,None
22:09:11.298,Active,404.8,2.4,98.8,11.6,77.7,No,0.0,None
22:09:11.709,Active,405.4,2.4,100.0,11.6,77.1,No,0.0,None
22:09:12.122,Active,406.3,2.4,99.4,11.6,78.2,No,0.0,None
22:09:12.535,Active,407.5,2.4,98.8,11.5,78.2,No,0.0,None
22:09:12.951,Active,409.4,2.4,99.4,11.6,77.1,No,0.0,None
22:09:13.364,Active,406.7,2.4,98.8,11.5,77.1,No,0.0,None
22:09:13.783,Active,409.6,2.4,97.6,11.5,77.7,No,0.0,None
22:09:14.195,Active,406.1,2.4,98.8,11.5,77.1,No,0.0,None
22:09:14.609,Active,407.9,2.4,98.8,11.5,77.1,No,0.0,None
22:09:15.041,Active,425.6,2.4,98.8,11.6,77.7,No,0.0,None
22:09:15.456,Active,409.4,2.4,99.4,11.6,78.2,No,0.0,None
22:09:15.867,Active,404.8,2.4,98.8,11.6,77.1,No,0.0,None
22:09:16.282,Active,405.4,2.4,98.8,11.6,78.2,No,0.0,None
22:09:16.698,Active,410.1,2.4,99.4,11.6,77.7,No,0.0,None
22:09:17.113,Active,408.3,2.4,98.2,11.6,78.2,No,0.0,None
22:09:17.529,Active,409.1,2.4,98.8,11.6,79.3,No,0.0,None
22:09:17.945,Active,406.3,2.4,97.6,11.5,78.2,No,0.0,None
22:09:18.358,Active,406.2,2.4,99.4,11.5,77.7,No,0.0,None
22:09:18.773,Active,407.7,2.4,98.8,11.5,78.2,No,0.0,None
22:09:19.189,Active,410.0,2.4,97.6,11.5,78.2,No,0.0,None
22:09:19.605,Active,407.9,2.4,98.2,11.5,78.2,No,0.0,None
22:09:20.043,Active,426.8,2.4,98.3,11.5,77.7,No,0.0,None
22:09:20.458,Active,407.6,2.4,98.2,11.6,78.2,No,0.0,None
22:09:20.876,Active,407.9,2.4,98.2,11.6,77.7,No,0.0,None
22:09:21.288,Active,405.3,2.4,99.4,11.6,79.3,No,0.0,None
22:09:21.722,Active,424.8,2.4,95.4,11.6,77.7,No,0.0,None
22:09:22.138,Active,407.4,2.4,98.8,11.6,78.2,No,0.0,None
22:09:22.554,Active,408.5,2.4,98.2,11.6,77.7,No,0.0,None
22:09:22.970,Active,408.6,2.4,98.8,11.5,77.7,No,0.0,None
22:10:08.406,Active,421.5,2.4,1.3,11.5,59.0,No,0.0,None
22:10:08.819,Active,406.7,2.4,98.8,11.5,60.6,No,0.0,None
22:10:09.234,Active,408.2,2.4,99.4,11.5,61.1,No,0.0,None
22:10:09.654,Active,412.6,2.4,97.0,11.5,62.8,No,0.0,None
22:10:10.065,Active,404.2,2.4,99.4,11.5,63.4,No,0.0,None
22:10:10.482,Active,409.0,2.4,98.2,11.5,64.5,No,0.0,None
22:10:10.912,Active,423.1,2.4,98.8,11.5,65.5,No,0.0,None
22:10:11.332,Active,406.6,2.4,97.6,11.6,65.5,No,0.0,None
22:10:11.750,Active,408.3,2.7,98.2,11.5,66.1,No,0.0,None
22:10:12.172,Active,414.9,2.7,97.0,11.5,66.1,No,0.0,None
22:10:12.591,Active,409.7,2.7,98.2,11.5,67.2,No,0.0,None
22:10:13.001,Active,404.1,2.7,99.4,11.5,68.3,No,0.0,None
22:10:13.436,Active,421.4,2.7,96.0,11.5,68.3,No,0.0,None
22:10:13.851,Active,405.9,2.7,98.8,11.5,68.3,No,0.0,None
22:10:14.265,Active,405.2,2.7,98.2,11.5,68.8,No,0.0,None
22:10:14.680,Active,408.7,2.7,100.0,11.5,68.8,No,0.0,None
22:10:15.098,Active,408.5,2.7,98.2,11.5,69.4,No,0.0,None
22:10:15.515,Active,409.9,2.7,98.2,11.5,70.0,No,0.0,None
22:10:15.953,Active,431.6,2.4,98.3,11.6,70.5,No,0.0,None
22:10:16.370,Active,411.2,2.4,98.2,11.6,69.4,No,0.0,None
22:10:16.786,Active,408.7,2.4,98.8,11.6,70.5,No,0.0,None
22:10:17.199,Active,405.7,2.4,99.4,11.6,71.6,No,0.0,None
22:10:17.614,Active,409.3,2.4,99.4,11.6,71.0,No,0.0,None
22:10:18.027,Active,406.0,2.4,98.8,11.6,71.6,No,0.0,None
22:10:18.454,Active,417.0,2.4,96.5,11.6,71.0,No,0.0,None
22:10:18.871,Active,406.6,2.4,98.2,11.6,71.6,No,0.0,None
22:10:19.283,Active,405.6,2.4,98.8,11.5,71.6,No,0.0,None
22:10:19.701,Active,409.2,2.4,98.8,11.5,72.7,No,0.0,None
22:10:20.118,Active,407.0,2.4,98.2,11.5,72.2,No,0.0,None
22:10:20.536,Active,409.1,2.4,98.2,11.5,72.2,No,0.0,None
22:10:20.952,Active,406.2,2.4,98.2,11.5,73.2,No,0.0,None
22:10:21.377,Active,417.5,2.4,99.4,11.6,72.2,No,0.0,None
22:10:21.797,Active,411.7,2.4,97.6,11.6,72.7,No,0.0,None
22:10:22.209,Active,404.1,2.4,98.8,11.6,72.2,No,0.0,None
22:10:22.623,Active,408.0,2.4,98.2,11.6,72.7,No,0.0,None
22:10:23.042,Active,408.7,2.4,98.2,11.6,73.2,No,0.0,None
22:10:23.457,Active,409.0,2.4,98.8,11.6,73.2,No,0.0,None
22:10:23.892,Active,426.8,2.4,94.9,11.6,73.8,No,0.0,None
22:10:24.323,Active,421.7,2.4,96.5,11.5,73.2,No,0.0,None
22:10:24.745,Active,416.1,2.4,97.6,11.5,73.8,No,0.0,None
22:10:25.180,Active,426.8,2.4,95.4,11.5,74.3,No,0.0,None
22:10:25.598,Active,408.7,2.4,98.2,11.5,74.3,No,0.0,None
22:10:26.011,Active,406.2,2.4,98.8,11.5,73.8,No,0.0,None
22:10:26.425,Active,407.9,2.4,99.4,11.5,73.2,No,0.0,None
22:10:26.842,Active,408.4,2.4,97.6,11.5,73.8,No,0.0,None
22:10:27.257,Active,407.9,2.4,98.8,11.5,73.8,No,0.0,None
22:10:27.683,Active,417.7,2.4,97.0,11.5,73.8,No,0.0,None
22:10:28.097,Active,408.4,2.4,98.8,11.5,74.3,No,0.0,None
22:10:28.513,Active,408.1,2.4,98.2,11.5,73.8,No,0.0,None
22:10:28.929,Active,407.9,2.4,98.2,11.5,74.9,No,0.0,None
22:10:29.345,Active,408.0,2.4,98.8,11.5,75.5,No,0.0,None
22:10:29.761,Active,408.1,2.4,98.2,11.5,74.3,No,0.0,None
22:10:30.178,Active,408.4,2.4,98.8,11.5,74.9,No,0.0,None
22:10:30.600,Active,416.6,2.4,98.8,11.5,74.3,No,0.0,None
22:10:31.041,Active,428.2,2.4,97.2,11.5,72.7,No,0.0,None
22:10:31.463,Active,413.6,2.4,98.8,11.6,74.3,No,0.0,None
22:10:31.878,Active,408.4,2.4,98.8,11.6,74.9,No,0.0,None
22:10:32.294,Active,408.9,2.4,97.6,11.6,74.9,No,0.0,None
22:10:32.736,Active,436.2,2.4,94.9,11.6,74.9,No,0.0,None
22:10:33.163,Active,417.4,2.4,97.0,11.6,75.5,No,0.0,None
22:10:33.576,Active,407.2,2.4,98.8,11.6,74.9,No,0.0,None
22:10:33.986,Active,403.9,2.4,99.4,11.6,75.5,No,0.0,None
22:10:34.402,Active,408.5,2.4,99.4,11.6,75.5,No,0.0,None
22:10:34.819,Active,409.1,2.4,98.2,11.6,74.9,No,0.0,None
22:10:35.234,Active,408.5,2.4,98.8,11.6,74.9,No,0.0,None
22:10:35.650,Active,409.2,2.4,98.8,11.6,75.5,No,0.0,None
22:10:36.077,Active,420.8,2.4,97.1,11.5,75.5,No,0.0,None
22:10:36.504,Active,420.7,2.4,98.8,11.6,75.5,No,0.0,None
22:10:36.920,Active,407.0,2.4,98.8,11.6,76.0,No,0.0,None
22:10:37.333,Active,406.5,2.4,98.8,11.5,75.5,No,0.0,None
22:10:37.744,Active,405.2,2.4,100.0,11.5,76.0,No,0.0,None
22:10:38.159,Active,406.1,2.4,98.8,11.5,76.0,No,0.0,None
22:10:38.583,Active,413.4,2.4,98.2,11.5,75.5,No,0.0,None
22:10:39.000,Active,406.5,2.4,97.6,11.5,76.0,No,0.0,None
22:10:39.427,Active,420.9,2.4,98.8,11.5,75.5,No,0.0,None
22:10:39.841,Active,407.9,2.4,98.2,11.5,76.5,No,0.0,None
22:10:40.253,Active,405.6,2.4,98.8,11.5,76.5,No,0.0,None
22:10:40.668,Active,409.1,2.4,99.4,11.5,76.0,No,0.0,None
22:10:41.084,Active,406.5,2.4,98.2,11.5,76.5,No,0.0,None
22:10:41.511,Active,421.5,2.4,100.0,11.5,77.1,No,0.0,None
22:10:41.929,Active,407.1,2.4,97.6,11.5,76.5,No,0.0,None
22:10:42.342,Active,407.6,2.4,99.4,11.5,76.0,No,0.0,None
22:10:42.761,Active,409.1,2.4,97.6,11.5,76.5,No,0.0,None
22:10:43.178,Active,407.1,2.4,98.2,11.5,77.1,No,0.0,None
22:10:43.594,Active,409.2,2.4,98.8,11.5,76.0,No,0.0,None
22:10:44.010,Active,408.4,2.4,98.2,11.5,76.0,No,0.0,None
22:10:44.430,Active,413.0,2.4,98.2,11.5,76.5,No,0.0,None
22:10:44.844,Active,407.2,2.4,99.4,11.5,77.1,No,0.0,None
22:10:45.270,Active,417.1,2.4,96.4,11.5,76.5,No,0.0,None
22:10:45.690,Active,412.6,2.4,98.8,11.5,76.5,No,0.0,None
22:10:46.104,Active,408.1,2.4,98.2,11.5,76.5,No,0.0,None
22:10:46.542,Active,428.4,2.4,97.1,11.6,76.5,No,0.0,None
22:10:46.956,Active,406.9,2.4,98.8,11.6,76.0,No,0.0,None
22:10:47.369,Active,403.7,2.4,98.8,11.6,77.1,No,0.0,None
22:10:47.786,Active,410.6,2.4,99.4,11.6,77.1,No,0.0,None
22:10:48.197,Active,404.1,2.4,98.2,11.6,76.5,No,0.0,None
22:10:48.614,Active,410.2,2.4,99.4,11.6,77.1,No,0.0,None
22:10:49.038,Active,416.9,2.4,97.0,11.6,77.1,No,0.0,None
22:10:49.456,Active,410.4,2.4,97.6,11.6,77.1,No,0.0,None
22:10:49.875,Active,409.6,2.4,97.6,11.6,77.1,No,0.0,None
22:10:50.290,Active,407.9,2.4,97.6,11.6,76.5,No,0.0,None
22:10:50.706,Active,410.0,2.4,98.8,11.6,78.2,No,0.0,None
22:10:51.118,Active,404.9,2.4,98.8,11.6,76.5,No,0.0,None
22:10:51.558,Active,433.0,2.4,97.7,11.6,76.5,No,0.0,None
22:10:51.974,Active,408.8,2.4,98.8,11.6,77.1,No,0.0,None
22:10:52.388,Active,406.9,2.4,98.2,11.6,77.1,No,0.0,None
22:10:52.805,Active,407.5,2.4,98.8,11.6,77.1,No,0.0,None
22:10:53.216,Active,405.5,2.4,99.4,11.6,77.1,No,0.0,None
22:10:53.633,Active,407.9,2.4,98.2,11.6,77.1,No,0.0,None
22:10:54.049,Active,407.9,2.4,98.8,11.6,77.1,No,0.0,None
22:10:54.465,Active,409.6,2.4,98.2,11.6,77.1,No,0.0,None
22:10:54.880,Active,407.3,2.4,99.4,11.6,77.1,No,0.0,None
22:10:55.297,Active,410.0,2.4,98.2,11.5,77.7,No,0.0,None
22:10:55.711,Active,406.2,2.4,98.8,11.5,76.0,No,0.0,None
22:10:56.122,Active,404.5,2.4,99.4,11.5,77.7,No,0.0,None
22:10:56.536,Active,408.6,2.4,99.4,11.6,76.0,No,0.0,None
22:10:56.970,Active,425.5,2.4,95.9,11.5,77.7,No,0.0,None
22:10:57.382,Active,405.9,2.4,99.4,11.5,77.1,No,0.0,None
22:10:57.801,Active,409.4,2.4,97.6,11.5,77.7,No,0.0,None
22:10:58.215,Active,407.3,2.4,98.8,11.5,78.2,No,0.0,None
22:10:58.638,Active,416.5,2.4,97.6,11.5,76.5,No,0.0,None
22:10:59.051,Active,405.4,2.4,98.8,11.5,77.1,No,0.0,None
22:10:59.465,Active,408.0,2.4,99.4,11.5,77.7,No,0.0,None
22:10:59.885,Active,412.3,2.4,97.6,11.5,78.2,No,0.0,None
22:11:00.300,Active,406.9,2.4,98.8,11.5,78.2,No,0.0,None
22:11:00.713,Active,406.3,2.4,98.8,11.5,77.7,No,0.0,None
22:11:01.127,Active,405.5,2.4,98.8,11.5,78.2,No,0.0,None
22:11:01.571,Active,435.0,2.4,97.7,11.6,77.1,No,0.0,None
22:11:01.997,Active,415.8,2.4,98.2,11.6,78.2,No,0.0,None
22:11:02.411,Active,407.8,2.4,98.8,11.6,78.2,No,0.0,None
22:11:02.833,Active,411.4,2.4,97.1,11.6,78.2,No,0.0,None
22:11:03.246,Active,406.9,2.4,99.4,11.6,77.7,No,0.0,None
22:11:03.666,Active,410.6,2.4,97.6,11.6,77.7,No,0.0,None
22:11:04.081,Active,408.7,2.4,98.2,11.6,77.7,No,0.0,None
22:11:04.499,Active,409.5,2.4,98.2,11.6,77.7,No,0.0,None
22:11:04.909,Active,404.8,2.4,98.8,11.5,77.7,No,0.0,None
22:11:05.326,Active,408.4,2.4,98.8,11.5,78.8,No,0.0,None
22:11:05.747,Active,412.3,2.4,97.6,11.5,77.7,No,0.0,None
22:11:06.160,Active,407.0,2.4,98.8,11.5,78.2,No,0.0,None
22:11:06.577,Active,409.0,2.4,98.2,11.5,78.2,No,0.0,None
22:11:07.005,Active,418.0,2.4,98.2,11.5,78.8,No,0.0,None
22:11:07.422,Active,412.0,2.4,97.6,11.5,77.7,No,0.0,None
22:11:07.836,Active,405.8,2.4,98.8,11.5,78.8,No,0.0,None
22:11:08.252,Active,407.1,2.4,98.2,11.5,78.2,No,0.0,None
22:11:53.690,Active,423.9,2.4,1.3,11.6,60.0,No,0.0,None
22:11:54.100,Active,402.6,2.4,100.0,11.6,61.1,No,0.0,None
22:11:54.516,Active,406.2,2.4,99.4,11.6,62.8,No,0.0,None
22:11:54.929,Active,403.6,2.4,98.8,11.6,63.4,No,0.0,None
22:11:55.344,Active,406.8,4.8,98.8,11.6,63.9,No,0.0,None
22:11:55.755,Active,404.4,4.8,100.0,11.6,64.5,No,0.0,None
22:11:56.167,Active,405.4,4.8,98.8,11.6,66.7,No,0.0,None
22:11:56.582,Active,409.5,4.8,98.8,11.6,66.7,No,0.0,None
22:11:56.999,Active,406.8,4.8,98.2,11.6,66.7,No,0.0,None
22:11:57.419,Active,410.6,4.8,97.6,11.6,67.2,No,0.0,None
22:11:57.838,Active,409.0,4.8,97.6,11.6,67.8,No,0.0,None
22:11:58.256,Active,407.7,4.8,97.6,11.6,67.8,No,0.0,None
22:11:58.679,Active,409.4,4.8,97.0,11.6,67.8,No,0.0,None
22:11:59.096,Active,408.1,4.8,98.2,11.6,68.3,No,0.0,None
22:11:59.513,Active,408.7,2.4,98.2,11.5,69.4,No,0.0,None
22:11:59.930,Active,408.6,2.4,98.8,11.5,68.8,No,0.0,None
22:12:00.351,Active,413.5,2.4,97.6,11.5,68.8,No,0.0,None
22:12:00.767,Active,410.4,2.4,98.8,11.5,70.0,No,0.0,None
22:12:01.185,Active,411.3,2.4,98.2,11.5,70.0,No,0.0,None
22:12:01.603,Active,409.5,2.4,98.2,11.5,70.0,No,0.0,None
22:12:02.014,Active,404.5,2.4,99.4,11.5,70.5,No,0.0,None
22:12:02.434,Active,409.7,2.4,98.2,11.5,71.6,No,0.0,None
22:12:02.898,Active,457.1,2.4,95.1,11.6,70.5,No,0.0,None
22:12:03.312,Active,407.9,2.4,98.8,11.6,71.0,No,0.0,None
22:12:03.727,Active,408.7,2.4,99.4,11.6,71.6,No,0.0,None
22:12:04.142,Active,406.9,2.4,98.2,11.6,72.7,No,0.0,None
22:12:04.559,Active,409.2,2.4,98.2,11.6,72.2,No,0.0,None
22:12:04.976,Active,407.1,2.4,98.2,11.6,71.6,No,0.0,None
22:12:05.393,Active,408.7,2.4,98.8,11.6,72.7,No,0.0,None
22:12:05.811,Active,408.7,2.4,97.6,11.5,71.6,No,0.0,None
22:12:06.228,Active,407.1,2.4,98.2,11.5,72.7,No,0.0,None
22:12:06.645,Active,408.9,2.4,98.2,11.5,73.2,No,0.0,None
22:12:07.059,Active,407.5,2.4,99.4,11.5,73.2,No,0.0,None
22:12:07.475,Active,409.6,2.4,98.2,11.5,72.7,No,0.0,None
22:12:07.902,Active,416.5,2.4,98.2,11.6,73.2,No,0.0,None
22:12:08.319,Active,409.9,2.4,98.2,11.6,72.7,No,0.0,None
22:12:08.734,Active,408.3,2.4,98.8,11.6,74.3,No,0.0,None
22:12:09.248,Active,406.5,2.4,79.6,11.6,73.2,No,0.0,None
22:12:09.667,Active,410.3,2.4,98.2,11.6,73.2,No,0.0,None
22:12:10.080,Active,406.7,2.4,98.2,11.5,73.2,No,0.0,None
22:12:10.501,Active,411.7,2.4,98.2,11.5,74.9,No,0.0,None
22:12:10.922,Active,413.1,2.4,97.6,11.5,73.8,No,0.0,None
22:12:11.340,Active,408.0,2.4,98.2,11.5,74.3,No,0.0,None
22:12:11.754,Active,407.8,2.4,98.8,11.5,74.3,No,0.0,None
22:12:12.167,Active,405.4,2.3,98.8,11.5,74.3,No,0.0,None
22:12:12.582,Active,408.9,2.3,99.4,11.5,73.8,No,0.0,None
22:12:13.010,Active,420.2,2.3,98.8,11.6,74.3,No,0.0,None
22:12:13.426,Active,408.9,2.3,98.8,11.7,72.7,No,0.0,None
22:12:13.841,Active,405.6,2.3,98.2,11.7,74.3,No,0.0,None
22:12:14.259,Active,408.0,2.3,98.2,11.7,74.3,No,0.0,None
22:12:14.674,Active,408.4,2.3,98.2,11.7,74.3,No,0.0,None
22:12:15.086,Active,406.2,2.3,99.4,11.7,74.3,No,0.0,None
22:12:15.506,Active,413.1,2.3,98.8,11.6,76.0,No,0.0,None
22:12:15.923,Active,410.2,2.3,97.0,11.6,75.5,No,0.0,None
22:12:16.342,Active,408.5,2.4,98.2,11.6,76.0,No,0.0,None
22:12:16.766,Active,416.9,2.4,98.2,11.6,74.9,No,0.0,None
22:12:17.180,Active,406.5,2.4,98.2,11.6,75.5,No,0.0,None
22:12:17.610,Active,420.4,2.4,96.5,11.6,76.0,No,0.0,None
22:12:18.050,Active,433.7,2.4,97.7,11.6,75.5,No,0.0,None
22:12:18.465,Active,409.0,2.4,98.8,11.6,75.5,No,0.0,None
22:12:18.877,Active,406.1,2.4,98.8,11.6,76.0,No,0.0,None
22:12:19.292,Active,406.7,2.4,98.8,11.6,75.5,No,0.0,None
22:12:19.711,Active,409.5,2.4,98.2,11.6,74.3,No,0.0,None
22:12:20.125,Active,408.1,2.4,98.2,11.6,76.5,No,0.0,None
22:12:20.540,Active,408.9,2.4,98.8,11.6,76.0,No,0.0,None
22:12:20.957,Active,407.5,2.4,98.2,11.5,75.5,No,0.0,None
22:12:21.372,Active,407.0,2.4,98.2,11.5,76.0,No,0.0,None
22:12:21.789,Active,410.3,2.4,98.8,11.5,76.0,No,0.0,None
22:12:22.202,Active,407.0,2.4,98.8,11.5,75.5,No,0.0,None
22:12:22.618,Active,408.9,2.4,98.2,11.6,76.0,No,0.0,None
22:12:23.055,Active,431.0,2.4,98.8,11.6,75.5,No,0.0,None
22:12:23.472,Active,408.5,2.4,97.6,11.6,76.0,No,0.0,None
22:12:23.892,Active,414.0,2.4,98.8,11.6,76.5,No,0.0,None
22:12:24.309,Active,408.1,2.4,98.8,11.6,76.0,No,0.0,None
22:12:24.726,Active,410.8,2.4,98.2,11.6,76.0,No,0.0,None
22:12:25.144,Active,411.0,2.4,97.6,11.6,74.9,No,0.0,None
22:12:25.561,Active,410.2,2.4,99.4,11.6,76.5,No,0.0,None
22:12:25.986,Active,416.5,2.4,95.9,11.6,76.0,No,0.0,None
22:12:26.400,Active,405.8,2.4,98.2,11.5,76.0,No,0.0,None
22:12:26.816,Active,406.5,2.4,98.2,11.5,77.1,No,0.0,None
22:12:27.232,Active,406.5,2.4,98.2,11.5,77.1,No,0.0,None
22:12:27.648,Active,410.2,2.4,99.4,11.5,76.0,No,0.0,None
22:12:28.063,Active,405.4,2.4,98.2,11.5,75.5,No,0.0,None
22:12:28.479,Active,409.6,2.4,98.8,11.5,76.5,No,0.0,None
22:12:28.895,Active,409.8,2.4,98.8,11.5,76.0,No,0.0,None
22:12:29.308,Active,407.0,2.4,98.2,11.5,77.1,No,0.0,None
22:12:29.728,Active,410.9,2.4,97.6,11.5,77.1,No,0.0,None
22:12:30.146,Active,408.6,2.4,98.8,11.5,77.7,No,0.0,None
22:12:30.568,Active,414.3,2.4,98.2,11.5,77.7,No,0.0,None
22:12:30.988,Active,411.0,2.4,97.7,11.5,76.5,No,0.0,None
22:12:31.404,Active,407.2,2.4,98.2,11.5,75.5,No,0.0,None
22:12:31.826,Active,408.1,2.4,97.6,11.5,76.5,No,0.0,None
22:12:32.240,Active,407.0,2.4,98.2,11.5,76.5,No,0.0,None
22:12:32.658,Active,407.9,2.4,98.8,11.5,76.5,No,0.0,None
22:12:33.101,Active,435.7,2.4,97.2,11.6,77.7,No,0.0,None
22:12:33.515,Active,407.2,2.4,98.2,11.6,77.1,No,0.0,None
22:12:33.931,Active,407.4,2.4,98.2,11.6,77.1,No,0.0,None
22:12:34.348,Active,407.1,2.4,98.2,11.6,77.1,No,0.0,None
22:12:34.763,Active,405.5,2.4,98.8,11.6,77.1,No,0.0,None
22:12:35.174,Active,404.7,2.4,98.8,11.6,76.5,No,0.0,None
22:12:35.589,Active,407.7,2.4,99.4,11.6,77.7,No,0.0,None
22:12:36.002,Active,405.3,2.4,98.2,11.6,78.2,No,0.0,None
22:12:36.419,Active,409.5,2.4,98.8,11.6,77.1,No,0.0,None
22:12:36.830,Active,405.4,2.4,98.2,11.6,77.7,No,0.0,None
22:12:37.247,Active,411.1,2.4,98.2,11.6,77.7,No,0.0,None
22:12:37.671,Active,414.2,2.4,97.0,11.6,77.7,No,0.0,None
22:12:38.087,Active,406.1,2.4,98.2,11.6,78.2,No,0.0,None
22:12:38.517,Active,419.6,2.4,97.7,11.6,77.7,No,0.0,None
22:12:38.934,Active,407.6,2.4,98.2,11.5,77.7,No,0.0,None
22:12:39.360,Active,416.0,2.4,98.2,11.6,77.7,No,0.0,None
22:12:39.779,Active,409.3,2.4,98.2,11.6,77.1,No,0.0,None
22:12:40.194,Active,406.0,2.4,98.2,11.6,77.7,No,0.0,None
22:12:40.610,Active,408.3,2.4,98.8,11.6,78.2,No,0.0,None
22:12:41.026,Active,406.8,2.4,98.2,11.5,78.2,No,0.0,None
22:12:41.441,Active,409.0,2.4,98.8,11.5,77.7,No,0.0,None
22:12:41.859,Active,407.3,2.4,97.6,11.5,77.7,No,0.0,None
22:12:42.273,Active,408.3,2.4,98.8,11.5,77.1,No,0.0,None
22:12:42.689,Active,408.9,2.4,98.2,11.5,78.2,No,0.0,None
22:12:43.105,Active,406.4,2.4,98.2,11.5,76.5,No,0.0,None
22:12:43.542,Active,429.1,2.4,97.7,11.6,77.1,No,0.0,None
22:12:43.959,Active,409.4,2.4,98.8,11.6,79.3,No,0.0,None
22:12:44.383,Active,418.2,2.4,96.5,11.6,77.7,No,0.0,None
22:12:44.798,Active,409.3,2.4,99.4,11.6,77.7,No,0.0,None
22:12:45.212,Active,407.0,2.4,98.8,11.6,77.7,No,0.0,None
22:12:45.631,Active,412.6,2.4,98.8,11.6,78.2,No,0.0,None
22:12:46.043,Active,406.6,2.4,98.2,11.6,77.7,No,0.0,None
22:12:46.459,Active,409.4,2.4,99.4,11.5,78.2,No,0.0,None
22:12:46.875,Active,409.5,2.4,98.8,11.6,78.2,No,0.0,None
22:12:47.288,Active,407.2,2.4,98.2,11.6,78.2,No,0.0,None
22:12:47.700,Active,406.1,2.4,99.4,11.6,78.2,No,0.0,None
22:12:48.114,Active,405.0,2.4,98.2,11.6,78.8,No,0.0,None
22:12:48.553,Active,432.0,2.4,98.3,11.6,78.2,No,0.0,None
22:12:48.965,Active,405.4,2.4,98.8,11.6,78.2,No,0.0,None
22:12:49.386,Active,414.8,2.4,97.6,11.6,78.2,No,0.0,None
22:12:49.802,Active,408.5,2.4,97.6,11.6,78.2,No,0.0,None
22:12:50.219,Active,409.9,2.4,98.8,11.6,78.2,No,0.0,None
22:12:50.635,Active,409.7,2.4,98.2,11.6,77.7,No,0.0,None
22:12:51.154,Active,413.2,2.4,79.2,11.6,78.2,No,0.0,None
22:12:51.569,Active,407.2,2.4,98.8,11.6,77.7,No,0.0,None
22:12:51.980,Active,405.4,2.4,99.4,11.6,77.7,No,0.0,None
22:12:52.393,Active,406.7,2.4,98.8,11.6,78.2,No,0.0,None
22:12:52.809,Active,409.8,2.4,98.2,11.6,78.2,No,0.0,None
22:12:53.227,Active,409.4,2.4,98.8,11.5,78.2,No,0.0,None
22:12:53.657,Active,424.5,2.4,98.8,11.6,79.3,No,0.0,None
22:13:39.096,Active,424.7,23.2,1.1,11.5,59.5,No,0.0,None
22:13:39.518,Active,416.7,23.2,99.4,11.6,60.6,No,0.0,None
22:13:39.934,Active,408.9,23.2,98.8,11.6,61.7,No,0.0,None
22:13:40.361,Active,421.1,23.2,97.6,11.6,63.4,No,0.0,None
22:13:40.779,Active,407.4,23.2,98.2,11.6,63.4,No,0.0,None
22:13:41.195,Active,409.6,23.2,98.8,11.6,64.5,No,0.0,None
22:13:41.609,Active,407.4,23.2,98.2,11.6,65.0,No,0.0,None
22:13:42.025,Active,406.4,23.2,98.2,11.6,65.5,No,0.0,None
22:13:42.441,Active,408.1,23.2,98.8,11.6,66.7,No,0.0,None
22:13:42.857,Active,406.0,23.2,97.6,11.6,66.7,No,0.0,None
22:13:43.274,Active,409.1,2.4,98.2,11.6,67.2,No,0.0,None
22:13:43.690,Active,409.0,2.4,99.4,11.6,68.8,No,0.0,None
22:13:44.106,Active,406.3,2.4,98.2,11.5,68.3,No,0.0,None
22:13:44.538,Active,421.5,2.4,98.3,11.5,68.8,No,0.0,None
22:13:44.954,Active,407.9,2.4,97.6,11.5,68.8,No,0.0,None
22:13:45.371,Active,407.2,2.4,98.2,11.5,68.8,No,0.0,None
22:13:45.791,Active,409.6,2.4,98.2,11.5,69.4,No,0.0,None
22:13:46.206,Active,406.8,2.4,98.2,11.5,70.0,No,0.0,None
22:13:46.625,Active,409.0,2.4,98.2,11.5,70.0,No,0.0,None
22:13:47.038,Active,406.4,2.4,98.8,11.5,70.5,No,0.0,None
22:13:47.453,Active,408.1,2.4,98.8,11.5,70.5,No,0.0,None
22:13:47.865,Active,405.4,2.4,98.8,11.5,71.6,No,0.0,None
22:13:48.276,Active,404.7,2.4,100.0,11.5,71.6,No,0.0,None
22:13:48.694,Active,408.0,2.4,98.2,11.5,71.6,No,0.0,None
22:13:49.109,Active,407.7,2.4,98.2,11.5,72.2,No,0.0,None
22:13:49.551,Active,433.5,2.4,98.3,11.6,71.6,No,0.0,None
22:13:49.979,Active,418.2,2.4,95.9,11.6,71.6,No,0.0,None
22:13:50.398,Active,409.4,2.4,97.6,11.6,72.2,No,0.0,None
22:13:50.808,Active,404.0,2.4,99.4,11.6,72.7,No,0.0,None
22:13:51.224,Active,410.2,2.4,98.8,11.6,72.2,No,0.0,None
22:13:51.640,Active,407.2,2.4,98.2,11.6,72.2,No,0.0,None
22:13:52.061,Active,407.6,2.4,97.0,11.6,73.2,No,0.0,None
22:13:52.478,Active,408.3,2.4,98.2,11.6,72.7,No,0.0,None
22:13:52.892,Active,408.4,2.4,97.6,11.6,73.2,No,0.0,None
22:13:53.305,Active,403.9,2.4,98.8,11.5,74.3,No,0.0,None
22:13:53.722,Active,408.5,2.4,98.8,11.5,72.7,No,0.0,None
22:13:54.138,Active,408.8,2.4,98.8,11.5,73.8,No,0.0,None
22:13:54.570,Active,425.3,2.4,97.7,11.6,73.8,No,0.0,None
22:13:54.984,Active,406.6,2.4,98.8,11.6,73.8,No,0.0,None
22:13:55.402,Active,408.4,2.4,98.2,11.6,73.8,No,0.0,None
22:13:55.817,Active,407.9,2.4,98.8,11.6,73.2,No,0.0,None
22:13:56.234,Active,411.0,2.4,98.2,11.6,73.2,No,0.0,None
22:13:56.662,Active,421.8,2.4,97.0,11.6,73.8,No,0.0,None
22:13:57.078,Active,408.4,2.4,98.2,11.6,74.3,No,0.0,None
22:13:57.493,Active,408.9,2.4,99.4,11.6,74.3,No,0.0,None
22:13:57.907,Active,405.5,2.4,98.2,11.6,75.5,No,0.0,None
22:13:58.318,Active,405.1,2.4,100.0,11.6,73.8,No,0.0,None
22:13:58.733,Active,407.6,2.4,98.8,11.6,75.5,No,0.0,None
22:13:59.141,Active,401.8,2.4,99.4,11.6,74.3,No,0.0,None
22:13:59.562,Active,409.3,2.4,98.2,11.6,74.3,No,0.0,None
22:13:59.979,Active,408.8,2.4,98.2,11.6,74.3,No,0.0,None
22:14:00.393,Active,407.4,2.4,98.2,11.6,74.9,No,0.0,None
22:14:00.806,Active,404.5,2.4,98.8,11.5,74.9,No,0.0,None
22:14:01.217,Active,405.1,2.4,99.4,11.5,75.5,No,0.0,None
22:14:01.630,Active,406.7,2.4,99.4,11.5,74.9,No,0.0,None
22:14:02.046,Active,408.7,2.4,98.8,11.5,74.3,No,0.0,None
22:14:02.462,Active,408.4,2.4,98.8,11.5,76.0,No,0.0,None
22:14:02.875,Active,407.7,2.4,98.2,11.5,74.9,No,0.0,None
22:14:03.289,Active,407.0,2.4,99.4,11.5,75.5,No,0.0,None
22:14:03.708,Active,413.8,2.4,98.2,11.5,75.5,No,0.0,None
22:14:04.126,Active,408.8,2.4,98.8,11.5,76.0,No,0.0,None
22:14:04.578,Active,444.4,2.4,98.3,11.6,74.3,No,0.0,None
22:14:04.990,Active,406.5,2.4,98.8,11.6,74.9,No,0.0,None
22:14:05.404,Active,407.0,2.4,99.4,11.6,76.5,No,0.0,None
22:14:05.820,Active,406.4,2.4,97.6,11.6,76.0,No,0.0,None
22:14:06.235,Active,405.4,2.4,98.2,11.6,75.5,No,0.0,None
22:14:06.655,Active,410.1,2.4,98.2,11.6,74.9,No,0.0,None
22:14:07.066,Active,404.8,2.4,98.8,11.6,76.0,No,0.0,None
22:14:07.480,Active,407.3,2.4,99.4,11.6,75.5,No,0.0,None
22:14:07.898,Active,407.7,2.4,97.6,11.6,75.5,No,0.0,None
22:14:08.315,Active,407.4,2.4,98.2,11.6,76.5,No,0.0,None
22:14:08.733,Active,408.9,2.4,98.2,11.6,75.5,No,0.0,None
22:14:09.168,Active,426.8,2.4,96.0,11.6,75.5,No,0.0,None
22:14:09.586,Active,408.3,2.4,98.2,11.6,76.0,No,0.0,None
22:14:10.007,Active,413.3,2.4,99.4,11.6,76.5,No,0.0,None
22:14:10.421,Active,408.2,2.4,99.4,11.6,77.1,No,0.0,None
22:14:10.833,Active,406.0,2.4,99.4,11.6,76.5,No,0.0,None
22:14:11.247,Active,408.2,2.4,100.0,11.6,77.1,No,0.0,None
22:14:11.662,Active,408.4,2.4,98.8,11.6,76.0,No,0.0,None
22:14:12.079,Active,407.2,2.4,98.2,11.6,76.5,No,0.0,None
22:14:12.496,Active,410.9,2.4,98.8,11.6,76.0,No,0.0,None
22:14:12.911,Active,406.3,2.4,97.6,11.5,76.5,No,0.0,None
22:14:13.330,Active,408.5,2.4,98.2,11.5,77.1,No,0.0,None
22:14:13.745,Active,407.6,2.4,98.8,11.5,76.5,No,0.0,None
22:14:14.160,Active,406.3,2.4,98.2,11.5,76.5,No,0.0,None
22:14:14.575,Active,409.2,2.4,99.4,11.5,76.5,No,0.0,None
22:14:15.005,Active,423.9,2.4,98.9,11.5,76.0,No,0.0,None
22:14:15.425,Active,413.9,2.4,97.0,11.6,76.0,No,0.0,None
22:14:15.841,Active,407.7,2.4,98.8,11.6,76.5,No,0.0,None
22:14:16.256,Active,406.4,2.4,98.2,11.6,77.1,No,0.0,None
22:14:16.673,Active,409.3,2.4,98.8,11.6,76.0,No,0.0,None
22:14:17.085,Active,405.9,2.4,98.8,11.6,75.5,No,0.0,None
22:14:17.504,Active,410.9,2.4,98.8,11.5,77.7,No,0.0,None
22:14:17.917,Active,406.5,2.4,99.4,11.5,76.5,No,0.0,None
22:14:18.329,Active,406.0,2.4,99.4,11.5,77.1,No,0.0,None
22:14:18.744,Active,409.3,2.4,99.4,11.5,76.5,No,0.0,None
22:14:19.166,Active,412.0,2.4,96.4,11.5,77.1,No,0.0,None
22:14:19.581,Active,408.2,2.4,99.4,11.5,77.1,No,0.0,None
22:14:20.014,Active,426.4,2.4,98.8,11.6,77.1,No,0.0,None
22:14:20.434,Active,412.4,2.4,98.8,11.6,76.5,No,0.0,None
22:14:20.849,Active,409.1,2.4,98.2,11.6,76.5,No,0.0,None
22:14:21.266,Active,408.5,2.4,98.2,11.6,77.7,No,0.0,None
22:14:21.686,Active,412.3,2.4,98.2,11.6,77.1,No,0.0,None
22:14:22.098,Active,406.2,2.4,98.2,11.6,77.1,No,0.0,None
22:14:22.511,Active,405.8,2.4,98.8,11.6,77.7,No,0.0,None
22:14:22.930,Active,408.7,2.4,98.8,11.6,77.7,No,0.0,None
22:14:23.347,Active,409.3,2.4,97.6,11.5,77.1,No,0.0,None
22:14:23.761,Active,408.2,2.4,99.4,11.5,77.1,No,0.0,None
22:14:24.176,Active,408.3,2.4,98.2,11.5,76.5,No,0.0,None
22:14:24.589,Active,407.1,2.4,99.4,11.5,77.7,No,0.0,None
22:14:25.025,Active,429.4,2.4,98.3,11.6,76.5,No,0.0,None
22:14:25.446,Active,408.6,2.4,97.6,11.6,77.1,No,0.0,None
22:14:25.884,Active,430.6,2.4,95.4,11.6,76.5,No,0.0,None
22:14:26.325,Active,432.2,2.4,94.9,11.6,77.7,No,0.0,None
22:14:26.755,Active,423.1,2.4,97.1,11.6,77.1,No,0.0,None
22:14:27.170,Active,408.2,2.4,98.8,11.6,77.1,No,0.0,None
22:14:27.585,Active,407.3,2.4,98.8,11.6,78.8,No,0.0,None
22:14:27.997,Active,406.9,2.4,99.4,11.6,77.1,No,0.0,None
22:14:28.414,Active,410.0,2.4,98.8,11.5,78.2,No,0.0,None
22:14:28.924,Active,410.5,2.4,79.9,11.5,77.1,No,0.0,None
22:14:29.342,Active,407.3,2.3,98.2,11.5,77.1,No,0.0,None
22:14:29.759,Active,410.3,2.3,99.4,11.5,77.1,No,0.0,None
22:14:30.174,Active,407.4,2.3,97.6,11.5,77.1,No,0.0,None
22:14:30.600,Active,415.9,2.3,98.2,11.5,78.2,No,0.0,None
22:14:31.017,Active,406.8,2.3,98.2,11.5,77.1,No,0.0,None
22:14:31.436,Active,409.1,2.3,98.2,11.5,76.0,No,0.0,None
22:14:31.855,Active,409.3,2.3,98.2,11.5,77.7,No,0.0,None
22:14:32.269,Active,407.0,2.3,98.2,11.5,77.7,No,0.0,None
22:14:32.688,Active,409.8,2.3,98.2,11.5,77.7,No,0.0,None
22:14:33.102,Active,406.5,2.3,98.2,11.5,78.8,No,0.0,None
22:14:33.519,Active,409.7,2.4,99.4,11.5,77.7,No,0.0,None
22:14:33.934,Active,405.8,2.4,98.2,11.5,77.7,No,0.0,None
22:14:34.351,Active,407.4,2.4,98.2,11.5,78.2,No,0.0,None
22:14:34.767,Active,408.4,2.4,98.2,11.5,78.8,No,0.0,None
22:14:35.214,Active,438.2,2.4,97.8,11.6,77.7,No,0.0,None
22:14:35.633,Active,409.7,2.4,98.2,11.6,77.7,No,0.0,None
22:14:36.047,Active,405.3,2.4,98.8,11.6,77.1,No,0.0,None
22:14:36.461,Active,408.2,2.4,98.8,11.6,77.1,No,0.0,None
22:14:36.877,Active,404.8,2.4,98.2,11.6,77.7,No,0.0,None
22:14:37.289,Active,406.0,2.4,99.4,11.6,78.2,No,0.0,None
22:14:37.701,Active,406.1,2.4,99.4,11.6,78.8,No,0.0,None
22:14:38.113,Active,406.0,2.4,99.4,11.6,77.7,No,0.0,None
22:14:38.528,Active,409.5,2.4,99.4,11.6,78.2,No,0.0,None
22:14:38.941,Active,406.7,2.4,98.8,11.6,78.2,No,0.0,None
22:15:24.373,Active,418.1,2.4,1.3,11.6,59.0,No,0.0,None
22:15:24.785,Active,406.1,2.4,99.4,11.6,60.6,No,0.0,None
22:15:25.196,Active,404.8,2.4,100.0,11.6,62.8,No,0.0,None
22:15:25.610,Active,408.4,2.4,99.4,11.6,63.4,No,0.0,None
22:15:26.047,Active,429.6,2.4,98.9,11.6,63.4,No,0.0,None
22:15:26.464,Active,410.2,2.4,98.2,11.6,65.0,No,0.0,None
22:15:26.876,Active,406.0,3.4,99.4,11.6,65.0,No,0.0,None
22:15:27.289,Active,405.3,3.4,98.8,11.6,66.1,No,0.0,None
22:15:27.708,Active,409.2,3.4,98.2,11.6,66.7,No,0.0,None
22:15:28.120,Active,403.8,3.4,98.8,11.6,66.1,No,0.0,None
22:15:28.537,Active,411.5,3.4,99.4,11.6,67.2,No,0.0,None
22:15:28.950,Active,405.0,3.4,98.2,11.6,67.8,No,0.0,None
22:15:29.376,Active,419.2,3.4,96.5,11.6,68.3,No,0.0,None
22:15:29.792,Active,408.1,3.4,98.8,11.6,69.4,No,0.0,None
22:15:30.205,Active,407.1,3.4,98.8,11.6,68.8,No,0.0,None
22:15:30.626,Active,411.4,3.4,98.2,11.6,68.8,No,0.0,None
22:15:31.041,Active,405.3,2.4,98.2,11.6,68.8,No,0.0,None
22:15:31.458,Active,410.9,2.4,98.2,11.6,69.4,No,0.0,None
22:15:31.873,Active,405.3,2.4,98.2,11.5,69.4,No,0.0,None
22:15:32.289,Active,409.9,2.4,99.4,11.5,70.0,No,0.0,None
22:15:32.705,Active,410.0,2.4,98.2,11.5,71.0,No,0.0,None
22:15:33.118,Active,406.9,2.4,98.2,11.5,70.5,No,0.0,None
22:15:33.537,Active,411.4,2.4,97.6,11.5,71.0,No,0.0,None
22:15:33.954,Active,406.7,2.4,98.2,11.5,71.0,No,0.0,None
22:15:34.367,Active,405.3,2.4,98.2,11.5,71.6,No,0.0,None
22:15:34.782,Active,409.6,2.4,98.8,11.5,71.6,No,0.0,None
22:15:35.201,Active,408.8,2.4,98.2,11.5,71.6,No,0.0,None
22:15:35.619,Active,408.1,2.4,98.2,11.5,71.6,No,0.0,None
22:15:36.079,Active,451.0,2.4,95.1,11.5,72.2,No,0.0,None
22:15:36.494,Active,408.8,2.4,98.8,11.6,71.6,No,0.0,None
22:15:36.912,Active,407.9,2.4,97.6,11.6,72.2,No,0.0,None
22:15:37.328,Active,407.2,2.4,98.2,11.5,72.7,No,0.0,None
22:15:37.841,Active,414.9,2.4,80.8,11.5,72.7,No,0.0,None
22:15:38.251,Active,403.2,2.4,98.8,11.5,72.7,No,0.0,None
22:15:38.673,Active,415.8,2.4,98.8,11.5,72.2,No,0.0,None
22:15:39.085,Active,405.7,2.4,98.2,11.6,73.2,No,0.0,None
22:15:39.527,Active,430.8,2.3,94.9,11.5,73.2,No,0.0,None
22:15:39.937,Active,404.3,2.3,98.8,11.5,73.2,No,0.0,None
22:15:40.353,Active,407.8,2.3,98.8,11.6,72.7,No,0.0,None
22:15:40.771,Active,409.7,2.3,98.2,11.6,73.2,No,0.0,None
22:15:41.183,Active,405.9,2.3,98.2,11.6,73.8,No,0.0,None
22:15:41.611,Active,421.6,2.3,98.8,11.6,73.8,No,0.0,None
22:15:42.024,Active,406.9,2.3,98.8,11.6,73.8,No,0.0,None
22:15:42.439,Active,409.1,2.3,98.2,11.6,73.8,No,0.0,None
22:15:42.853,Active,407.3,2.3,99.4,11.6,73.2,No,0.0,None
22:15:43.265,Active,405.9,2.3,99.4,11.6,74.3,No,0.0,None
22:15:43.680,Active,409.4,2.4,99.4,11.6,74.3,No,0.0,None
22:15:44.093,Active,405.2,2.4,99.4,11.6,74.3,No,0.0,None
22:15:44.505,Active,405.9,2.4,99.4,11.6,74.3,No,0.0,None
22:15:44.917,Active,406.0,2.4,100.0,11.6,74.3,No,0.0,None
22:15:45.365,Active,438.2,2.4,93.8,11.6,74.3,No,0.0,None
22:15:45.795,Active,421.6,2.4,96.5,11.6,74.3,No,0.0,None
22:15:46.209,Active,407.5,2.4,99.4,11.6,75.5,No,0.0,None
22:15:46.636,Active,417.7,2.4,98.2,11.6,75.5,No,0.0,None
22:15:47.052,Active,407.0,2.4,98.2,11.6,74.9,No,0.0,None
22:15:47.469,Active,411.1,2.4,98.8,11.6,74.3,No,0.0,None
22:15:47.882,Active,406.4,2.4,98.2,11.6,74.9,No,0.0,None
22:15:48.299,Active,407.2,2.4,98.2,11.6,74.9,No,0.0,None
22:15:48.719,Active,409.4,2.4,98.2,11.5,74.9,No,0.0,None
22:15:49.134,Active,406.6,2.4,98.2,11.5,76.0,No,0.0,None
22:15:49.552,Active,408.2,2.4,98.2,11.5,74.9,No,0.0,None
22:15:49.970,Active,407.8,2.4,98.2,11.5,74.9,No,0.0,None
22:15:50.381,Active,404.0,2.4,98.8,11.5,76.0,No,0.0,None
22:15:50.800,Active,407.7,2.4,98.2,11.5,75.5,No,0.0,None
22:15:51.219,Active,409.2,2.4,98.2,11.5,76.0,No,0.0,None
22:15:51.678,Active,451.2,2.4,95.6,11.6,74.9,No,0.0,None
22:15:52.094,Active,406.8,2.4,98.2,11.6,74.9,No,0.0,None
22:15:52.514,Active,410.0,2.4,97.6,11.6,75.5,No,0.0,None
22:15:52.930,Active,408.2,2.4,98.2,11.6,76.5,No,0.0,None
22:15:53.346,Active,406.6,2.4,98.2,11.6,75.5,No,0.0,None
22:15:53.765,Active,409.1,2.4,98.2,11.6,74.9,No,0.0,None
22:15:54.184,Active,409.5,2.4,96.4,11.6,75.5,No,0.0,None
22:15:54.609,Active,417.1,2.4,98.2,11.5,76.0,No,0.0,None
22:15:55.026,Active,408.8,2.4,98.2,11.5,75.5,No,0.0,None
22:15:55.448,Active,414.3,2.4,97.6,11.5,76.0,No,0.0,None
22:15:55.865,Active,407.9,2.4,98.2,11.5,76.0,No,0.0,None
22:15:56.285,Active,411.9,2.4,97.0,11.5,75.5,No,0.0,None
22:15:56.725,Active,430.8,2.4,98.9,11.6,76.0,No,0.0,None
22:15:57.140,Active,408.2,2.4,98.2,11.6,75.5,No,0.0,None
22:15:57.559,Active,411.1,2.4,98.8,11.6,75.5,No,0.0,None
22:15:57.970,Active,405.1,2.4,98.2,11.6,76.0,No,0.0,None
22:15:58.390,Active,413.0,2.4,98.2,11.6,76.0,No,0.0,None
22:15:58.806,Active,408.8,2.4,98.8,11.6,76.5,No,0.0,None
22:15:59.222,Active,408.6,2.4,98.2,11.6,76.5,No,0.0,None
22:15:59.649,Active,419.7,2.4,97.1,11.6,76.5,No,0.0,None
22:16:00.061,Active,405.0,2.4,98.8,11.6,76.5,No,0.0,None
22:16:00.474,Active,404.7,2.4,98.8,11.6,76.0,No,0.0,None
22:16:00.888,Active,408.3,2.4,99.4,11.5,76.0,No,0.0,None
22:16:01.301,Active,407.0,2.4,99.4,11.5,76.0,No,0.0,None
22:16:01.716,Active,408.9,2.4,98.8,11.5,76.0,No,0.0,None
22:16:02.141,Active,415.3,2.4,97.0,11.5,76.5,No,0.0,None
22:16:02.562,Active,412.8,2.4,98.2,11.5,76.5,No,0.0,None
22:16:02.983,Active,414.8,2.4,97.0,11.5,76.5,No,0.0,None
22:16:03.398,Active,408.7,2.4,99.4,11.5,76.5,No,0.0,None
22:16:03.812,Active,406.9,2.4,98.8,11.5,77.1,No,0.0,None
22:16:04.229,Active,407.3,2.4,98.2,11.5,76.5,No,0.0,None
22:16:04.658,Active,420.6,2.4,96.5,11.5,76.5,No,0.0,None
22:16:05.071,Active,405.4,2.4,98.8,11.5,76.5,No,0.0,None
22:16:05.485,Active,407.9,2.4,98.8,11.5,76.5,No,0.0,None
22:16:05.899,Active,407.6,2.4,99.4,11.5,77.1,No,0.0,None
22:16:06.314,Active,406.5,2.4,97.6,11.5,77.1,No,0.0,None
22:16:06.757,Active,435.9,2.4,98.3,11.5,77.1,No,0.0,None
22:16:07.173,Active,407.5,2.4,98.8,11.5,76.5,No,0.0,None
22:16:07.592,Active,411.0,2.4,98.2,11.6,77.1,No,0.0,None
22:16:08.006,Active,404.5,2.4,98.2,11.6,76.0,No,0.0,None
22:16:08.426,Active,409.9,2.4,98.8,11.5,76.5,No,0.0,None
22:16:08.838,Active,405.8,2.4,98.8,11.5,77.1,No,0.0,None
22:16:09.353,Active,407.0,2.4,79.0,11.5,76.0,No,0.0,None
22:16:09.772,Active,410.8,2.4,97.6,11.5,77.1,No,0.0,None
22:16:10.188,Active,406.5,2.4,98.2,11.5,77.1,No,0.0,None
22:16:10.605,Active,408.2,2.4,98.8,11.5,77.1,No,0.0,None
22:16:11.024,Active,413.3,2.4,98.2,11.5,77.7,No,0.0,None
22:16:11.441,Active,408.6,2.4,99.4,11.5,76.5,No,0.0,None
22:16:11.866,Active,416.9,2.4,98.2,11.5,77.1,No,0.0,None
22:16:12.278,Active,405.0,2.4,98.8,11.6,77.1,No,0.0,None
22:16:12.700,Active,414.9,2.4,98.8,11.6,77.1,No,0.0,None
22:16:13.123,Active,413.3,2.3,97.0,11.6,77.1,No,0.0,None
22:16:13.539,Active,409.6,2.3,99.4,11.6,77.1,No,0.0,None
22:16:13.954,Active,408.6,2.3,97.6,11.6,77.1,No,0.0,None
22:16:14.368,Active,407.0,2.3,98.8,11.6,77.1,No,0.0,None
22:16:14.781,Active,406.6,2.3,99.4,11.6,77.1,No,0.0,None
22:16:15.194,Active,407.2,2.3,99.4,11.5,78.2,No,0.0,None
22:16:15.612,Active,410.5,2.3,98.8,11.5,77.7,No,0.0,None
22:16:16.028,Active,406.7,2.3,98.2,11.5,76.5,No,0.0,None
22:16:16.448,Active,410.9,2.3,97.6,11.5,77.1,No,0.0,None
22:16:16.883,Active,426.1,2.3,98.3,11.6,78.2,No,0.0,None
22:16:17.303,Active,409.5,2.4,98.2,11.6,77.1,No,0.0,None
22:16:17.719,Active,409.9,2.4,98.8,11.6,77.7,No,0.0,None
22:16:18.130,Active,404.3,2.4,98.8,11.6,78.2,No,0.0,None
22:16:18.649,Active,409.3,2.4,79.7,11.6,77.1,No,0.0,None
22:16:19.070,Active,414.3,2.4,97.6,11.6,77.1,No,0.0,None
22:16:19.487,Active,409.6,2.4,98.8,11.6,77.7,No,0.0,None
22:16:19.900,Active,405.4,2.4,98.2,11.6,77.7,No,0.0,None
22:16:20.318,Active,408.9,2.4,98.2,11.6,77.7,No,0.0,None
22:16:20.746,Active,420.7,2.4,96.4,11.6,78.2,No,0.0,None
22:16:21.163,Active,407.5,2.4,97.6,11.6,77.1,No,0.0,None
22:16:21.582,Active,409.6,2.3,98.2,11.6,77.1,No,0.0,None
22:16:22.018,Active,428.7,2.3,98.3,11.6,77.1,No,0.0,None
22:16:22.438,Active,410.0,2.3,98.2,11.6,77.7,No,0.0,None
22:16:22.853,Active,408.1,2.3,98.8,11.6,77.1,No,0.0,None
22:16:23.270,Active,407.7,2.3,98.2,11.6,77.1,No,0.0,None
22:16:23.688,Active,409.5,2.3,98.2,11.6,77.7,No,0.0,None
22:16:24.105,Active,407.4,2.3,98.2,11.6,77.7,No,0.0,None
22:17:09.545,Active,426.1,2.3,1.3,11.6,59.0,No,0.0,None
22:17:09.959,Active,405.8,2.3,100.0,11.6,60.6,No,0.0,None
22:17:10.379,Active,409.4,2.3,98.2,11.5,61.1,No,0.0,None
22:17:10.792,Active,407.1,6.0,98.2,11.5,62.8,No,0.0,None
22:17:11.211,Active,409.5,6.0,98.2,11.5,63.4,No,0.0,None
22:17:11.629,Active,411.1,6.0,98.2,11.5,63.9,No,0.0,None
22:17:12.049,Active,407.7,6.0,97.6,11.5,64.5,No,0.0,None
22:17:12.469,Active,410.6,6.0,97.6,11.5,65.5,No,0.0,None
22:17:12.898,Active,419.2,6.0,98.2,11.5,65.5,No,0.0,None
22:17:13.313,Active,407.2,6.0,98.8,11.5,66.7,No,0.0,None
22:17:13.730,Active,408.9,6.0,97.6,11.5,66.7,No,0.0,None
22:17:14.146,Active,406.0,6.0,98.2,11.5,68.8,No,0.0,None
22:17:14.564,Active,408.0,6.0,98.2,11.5,67.8,No,0.0,None
22:17:14.975,Active,401.8,2.4,98.8,11.5,68.3,No,0.0,None
22:17:15.511,Active,429.6,2.4,78.1,11.5,68.8,No,0.0,None
22:17:15.922,Active,405.2,2.4,98.8,11.5,68.3,No,0.0,None
22:17:16.337,Active,407.9,2.4,98.8,11.5,69.4,No,0.0,None
22:17:16.754,Active,410.7,2.4,98.8,11.5,69.4,No,0.0,None
22:17:17.173,Active,407.8,2.4,97.6,11.5,70.0,No,0.0,None
22:17:17.591,Active,409.4,2.4,98.8,11.5,70.0,No,0.0,None
22:17:18.015,Active,418.3,2.4,98.2,11.5,70.0,No,0.0,None
22:17:18.438,Active,412.5,2.4,98.2,11.6,70.0,No,0.0,None
22:17:18.855,Active,410.0,2.4,98.2,11.6,70.5,No,0.0,None
22:17:19.267,Active,406.0,2.3,98.8,11.6,71.0,No,0.0,None
22:17:19.690,Active,412.1,2.3,98.2,11.5,71.0,No,0.0,None
22:17:20.106,Active,410.3,2.3,98.2,11.5,71.6,No,0.0,None
22:17:20.522,Active,409.8,2.3,98.8,11.5,72.2,No,0.0,None
22:17:20.934,Active,405.7,2.3,98.8,11.5,71.6,No,0.0,None
22:17:21.349,Active,404.8,2.3,98.2,11.5,72.2,No,0.0,None
22:17:21.764,Active,409.3,2.3,100.0,11.5,72.2,No,0.0,None
22:17:22.176,Active,406.0,2.3,98.8,11.5,72.2,No,0.0,None
22:17:22.588,Active,406.2,2.3,99.4,11.5,72.2,No,0.0,None
22:17:23.037,Active,439.5,2.3,96.6,11.5,72.7,No,0.0,None
22:17:23.452,Active,409.3,2.4,99.4,11.6,72.2,No,0.0,None
22:17:23.865,Active,406.6,2.4,99.4,11.5,72.2,No,0.0,None
22:17:24.277,Active,405.9,2.4,98.8,11.5,72.2,No,0.0,None
22:17:24.692,Active,409.5,2.4,99.4,11.5,73.8,No,0.0,None
22:17:25.106,Active,406.0,2.4,99.4,11.5,72.7,No,0.0,None
22:17:25.520,Active,407.4,2.4,98.8,11.5,73.2,No,0.0,None
22:17:25.936,Active,406.6,2.4,98.2,11.5,73.8,No,0.0,None
22:17:26.351,Active,405.6,2.4,98.2,11.5,73.2,No,0.0,None
22:17:26.770,Active,412.6,2.4,98.8,11.5,73.2,No,0.0,None
22:17:27.193,Active,416.2,2.4,96.4,11.5,73.8,No,0.0,None
22:17:27.611,Active,411.9,2.4,98.8,11.5,73.8,No,0.0,None
22:17:28.051,Active,431.3,2.4,97.7,11.5,73.2,No,0.0,None
22:17:28.468,Active,411.2,2.4,98.2,11.6,73.8,No,0.0,None
22:17:28.885,Active,409.1,2.4,98.2,11.6,73.8,No,0.0,None
22:17:29.303,Active,408.4,2.4,98.2,11.6,73.8,No,0.0,None
22:17:29.721,Active,409.7,2.4,98.2,11.6,73.8,No,0.0,None
22:17:30.137,Active,407.0,2.4,98.2,11.6,74.3,No,0.0,None
22:17:30.556,Active,410.6,2.4,98.2,11.6,74.3,No,0.0,None
22:17:30.972,Active,406.7,2.4,97.6,11.6,75.5,No,0.0,None
22:17:31.386,Active,405.0,2.4,98.8,11.5,74.3,No,0.0,None
22:17:31.802,Active,408.3,2.4,98.2,11.5,73.8,No,0.0,None
22:17:32.222,Active,410.0,2.4,98.2,11.5,74.3,No,0.0,None
22:17:32.636,Active,406.4,2.4,98.2,11.5,76.0,No,0.0,None
22:17:33.049,Active,407.1,2.4,100.0,11.5,74.9,No,0.0,None
22:17:33.466,Active,411.0,2.4,99.4,11.5,74.3,No,0.0,None
22:17:33.882,Active,408.5,2.4,98.2,11.5,74.9,No,0.0,None
22:17:34.323,Active,433.5,2.4,94.3,11.5,74.9,No,0.0,None
22:17:34.748,Active,419.2,2.4,96.5,11.5,74.9,No,0.0,None
22:17:35.163,Active,406.2,2.4,98.2,11.5,74.9,No,0.0,None
22:17:35.582,Active,408.4,2.4,98.2,11.5,76.5,No,0.0,None
22:17:35.997,Active,407.7,2.4,98.2,11.5,74.9,No,0.0,None
22:17:36.411,Active,408.3,2.4,99.4,11.5,76.0,No,0.0,None
22:17:36.834,Active,408.6,2.4,97.0,11.5,73.2,No,0.0,None
22:17:37.248,Active,406.5,2.4,98.2,11.5,75.5,No,0.0,None
22:17:37.669,Active,411.8,2.4,98.2,11.5,75.5,No,0.0,None
22:17:38.118,Active,440.9,2.4,97.8,11.6,74.9,No,0.0,None
22:17:38.537,Active,409.3,2.4,98.2,11.6,75.5,No,0.0,None
22:17:38.954,Active,408.1,2.4,97.6,11.6,75.5,No,0.0,None
22:17:39.373,Active,409.4,2.4,97.6,11.6,74.9,No,0.0,None
22:17:39.798,Active,416.9,2.4,98.2,11.6,76.0,No,0.0,None
22:17:40.212,Active,407.4,2.4,98.2,11.6,75.5,No,0.0,None
22:17:40.631,Active,410.8,2.4,98.8,11.6,75.5,No,0.0,None
22:17:41.045,Active,407.7,2.4,98.2,11.6,74.9,No,0.0,None
22:17:41.465,Active,409.8,2.4,98.2,11.5,75.5,No,0.0,None
22:17:41.880,Active,405.6,2.4,97.6,11.5,76.0,No,0.0,None
22:17:42.302,Active,409.7,2.4,97.6,11.5,76.0,No,0.0,None
22:17:42.719,Active,410.2,2.4,98.2,11.5,75.5,No,0.0,None
22:17:43.136,Active,407.0,2.4,98.2,11.5,76.0,No,0.0,None
22:17:43.565,Active,419.8,2.4,98.8,11.5,76.0,No,0.0,None
22:17:43.976,Active,404.5,2.4,98.8,11.5,76.5,No,0.0,None
22:17:44.390,Active,405.8,2.4,99.4,11.5,76.5,No,0.0,None
22:17:44.820,Active,423.0,2.4,95.9,11.5,76.5,No,0.0,None
22:17:45.260,Active,430.3,2.4,96.0,11.5,76.5,No,0.0,None
22:17:45.695,Active,426.3,2.4,95.4,11.5,76.5,No,0.0,None
22:17:46.112,Active,406.9,2.4,98.8,11.5,76.5,No,0.0,None
22:17:46.529,Active,408.2,2.4,98.2,11.5,76.0,No,0.0,None
22:17:46.941,Active,404.8,2.4,98.8,11.5,76.0,No,0.0,None
22:17:47.352,Active,405.5,2.4,99.4,11.5,76.5,No,0.0,None
22:17:47.765,Active,406.5,2.4,99.4,11.5,76.5,No,0.0,None
22:17:48.177,Active,406.2,2.4,99.4,11.5,77.1,No,0.0,None
22:17:48.605,Active,422.4,2.4,99.4,11.6,76.5,No,0.0,None
22:17:49.018,Active,406.7,2.4,99.4,11.6,77.1,No,0.0,None
22:17:49.434,Active,409.4,2.4,99.4,11.6,76.5,No,0.0,None
22:17:49.847,Active,405.9,2.4,98.2,11.6,76.5,No,0.0,None
22:17:50.260,Active,406.7,2.4,99.4,11.5,75.5,No,0.0,None
22:17:50.678,Active,411.2,2.4,98.2,11.5,76.5,No,0.0,None
22:17:51.102,Active,416.5,2.4,97.6,11.5,77.1,No,0.0,None
22:17:51.534,Active,424.7,2.4,97.1,11.5,76.5,No,0.0,None
22:17:51.950,Active,408.9,2.4,99.4,11.5,76.0,No,0.0,None
22:17:52.361,Active,405.4,2.4,98.8,11.5,76.5,No,0.0,None
22:17:52.789,Active,421.8,2.4,97.6,11.5,77.1,No,0.0,None
22:17:53.203,Active,405.3,2.4,98.8,11.5,76.5,No,0.0,None
22:17:53.639,Active,430.0,2.4,97.7,11.5,77.1,No,0.0,None
22:17:54.064,Active,411.4,2.4,97.7,11.5,77.1,No,0.0,None
22:17:54.477,Active,406.1,2.4,98.2,11.6,77.1,No,0.0,None
22:17:54.889,Active,405.9,2.4,99.4,11.5,77.7,No,0.0,None
22:17:55.300,Active,404.5,2.4,98.8,11.5,77.1,No,0.0,None
22:17:55.725,Active,412.1,2.4,97.6,11.5,77.1,No,0.0,None
22:17:56.141,Active,406.8,2.4,98.8,11.5,77.7,No,0.0,None
22:17:56.555,Active,408.1,2.4,98.8,11.5,77.1,No,0.0,None
22:17:56.970,Active,406.6,2.4,98.2,11.5,76.5,No,0.0,None
22:17:57.385,Active,405.9,2.4,98.2,11.5,77.7,No,0.0,None
22:17:57.804,Active,409.0,2.4,98.2,11.5,77.1,No,0.0,None
22:17:58.218,Active,405.1,2.4,98.2,11.5,77.1,No,0.0,None
22:17:58.653,Active,425.0,2.4,98.3,11.6,77.7,No,0.0,None
22:17:59.071,Active,407.6,2.4,97.6,11.6,77.1,No,0.0,None
22:17:59.485,Active,407.8,2.4,98.8,11.6,77.7,No,0.0,None
22:17:59.901,Active,410.1,2.4,98.2,11.6,77.1,No,0.0,None
22:18:00.316,Active,408.3,2.4,98.8,11.6,77.7,No,0.0,None
22:18:00.750,Active,424.5,2.4,95.4,11.6,77.1,No,0.0,None
22:18:01.166,Active,408.4,2.4,98.8,11.6,76.5,No,0.0,None
22:18:01.586,Active,412.9,2.4,97.6,11.6,77.1,No,0.0,None
22:18:01.999,Active,406.1,2.4,98.2,11.5,77.7,No,0.0,None
22:18:02.417,Active,407.9,2.4,98.2,11.5,77.1,No,0.0,None
22:18:02.829,Active,405.9,2.4,99.4,11.5,77.7,No,0.0,None
22:18:03.241,Active,405.7,2.4,99.4,11.5,77.1,No,0.0,None
22:18:03.653,Active,405.9,2.4,100.0,11.5,77.7,No,0.0,None
22:18:04.071,Active,409.6,2.4,98.2,11.5,77.1,No,0.0,None
22:18:04.497,Active,419.8,2.4,96.5,11.5,77.7,No,0.0,None
22:18:04.910,Active,407.0,2.4,99.4,11.5,77.7,No,0.0,None
22:18:05.326,Active,408.3,2.4,98.2,11.5,77.7,No,0.0,None
22:18:05.745,Active,411.8,2.4,97.6,11.5,77.7,No,0.0,None
22:18:06.158,Active,406.7,2.4,98.8,11.5,77.1,No,0.0,None
22:18:06.574,Active,409.7,2.4,98.8,11.5,77.7,No,0.0,None
22:18:06.989,Active,407.5,2.4,98.2,11.5,77.7,No,0.0,None
22:18:07.404,Active,406.7,2.4,98.2,11.5,77.1,No,0.0,None
22:18:07.821,Active,407.0,2.4,98.2,11.5,77.7,No,0.0,None
22:18:08.235,Active,407.7,2.4,98.8,11.5,77.1,No,0.0,None
22:18:08.684,Active,442.6,2.4,98.3,11.6,78.2,No,0.0,None
22:18:09.097,Active,403.9,2.4,98.8,11.6,78.2,No,0.0,None
22:18:09.514,Active,408.5,2.4,98.2,11.6,78.2,No,0.0,None
22:18:54.955,Active,426.0,2.4,1.1,11.6,59.5,No,0.0,None
22:18:55.366,Active,405.2,2.4,100.0,11.6,60.6,No,0.0,None
22:18:55.784,Active,408.9,2.4,98.8,11.6,61.7,No,0.0,None
22:18:56.197,Active,404.8,2.4,98.8,11.6,62.8,No,0.0,None
22:18:56.619,Active,410.8,2.4,98.2,11.6,63.9,No,0.0,None
22:18:57.035,Active,407.2,2.4,97.6,11.5,65.0,No,0.0,None
22:18:57.451,Active,409.6,2.4,98.2,11.5,65.0,No,0.0,None
22:18:57.867,Active,409.9,2.4,99.4,11.5,66.1,No,0.0,None
22:18:58.282,Active,409.0,2.4,98.2,11.5,66.1,No,0.0,None
22:18:58.699,Active,409.6,2.4,97.6,11.5,65.5,No,0.0,None
22:18:59.115,Active,405.5,2.4,98.2,11.5,67.8,No,0.0,None
22:18:59.638,Active,424.3,2.4,81.9,11.6,67.8,No,0.0,None
22:19:00.175,Active,430.1,2.4,78.4,11.6,67.2,No,0.0,None
22:19:00.613,Active,432.2,2.4,94.9,11.6,68.3,No,0.0,None
22:19:01.034,Active,409.8,2.4,97.6,11.6,68.3,No,0.0,None
22:19:01.451,Active,409.2,2.4,98.2,11.6,67.8,No,0.0,None
22:19:01.864,Active,407.1,2.4,98.8,11.6,68.8,No,0.0,None
22:19:02.285,Active,414.1,2.4,97.6,11.6,69.4,No,0.0,None
22:19:02.701,Active,408.0,2.4,98.2,11.6,70.0,No,0.0,None
22:19:03.119,Active,405.7,2.3,97.6,11.6,70.5,No,0.0,None
22:19:03.533,Active,407.9,2.3,99.4,11.6,70.5,No,0.0,None
22:19:03.949,Active,408.9,2.3,97.6,11.6,70.5,No,0.0,None
22:19:04.365,Active,407.9,2.3,98.2,11.6,71.0,No,0.0,None
22:19:04.778,Active,407.0,2.3,98.8,11.6,71.6,No,0.0,None
22:19:05.201,Active,411.3,2.3,97.6,11.6,71.0,No,0.0,None
22:19:05.621,Active,414.1,2.3,98.2,11.6,71.0,No,0.0,None
22:19:06.037,Active,408.1,2.3,98.8,11.6,72.7,No,0.0,None
22:19:06.458,Active,410.7,2.3,97.6,11.6,72.2,No,0.0,None
22:19:06.879,Active,411.0,2.3,98.2,11.6,72.7,No,0.0,None
22:19:07.291,Active,405.3,2.4,98.8,11.6,72.7,No,0.0,None
22:19:07.706,Active,408.8,2.4,99.4,11.5,71.6,No,0.0,None
22:19:08.117,Active,403.9,2.4,98.8,11.5,73.8,No,0.0,None
22:19:08.535,Active,409.6,2.4,98.8,11.5,72.7,No,0.0,None
22:19:08.950,Active,405.6,2.4,98.2,11.5,72.2,No,0.0,None
22:19:09.366,Active,408.6,2.4,98.8,11.5,72.7,No,0.0,None
22:19:09.817,Active,443.6,2.4,96.7,11.5,73.2,No,0.0,None
22:19:10.226,Active,403.7,2.4,100.0,11.5,72.7,No,0.0,None
22:19:10.642,Active,408.4,2.4,98.8,11.5,72.7,No,0.0,None
22:19:11.055,Active,405.5,2.4,98.8,11.5,73.2,No,0.0,None
22:19:11.471,Active,409.5,2.4,98.8,11.5,73.2,No,0.0,None
22:19:11.890,Active,413.2,2.4,97.6,11.5,74.3,No,0.0,None
22:19:12.306,Active,408.3,2.4,98.8,11.5,73.8,No,0.0,None
22:19:12.722,Active,410.2,2.4,98.8,11.5,73.8,No,0.0,None
22:19:13.137,Active,409.1,2.4,98.2,11.5,73.2,No,0.0,None
22:19:13.556,Active,410.6,2.4,98.2,11.5,73.8,No,0.0,None
22:19:13.967,Active,403.3,2.4,99.4,11.5,74.9,No,0.0,None
22:19:14.377,Active,404.0,2.4,99.4,11.5,74.3,No,0.0,None
22:19:14.806,Active,420.8,2.4,99.4,11.6,74.3,No,0.0,None
22:19:15.222,Active,408.5,2.4,98.2,11.6,74.3,No,0.0,None
22:19:15.638,Active,408.9,2.4,98.8,11.6,74.3,No,0.0,None
22:19:16.087,Active,438.8,2.4,93.9,11.6,74.3,No,0.0,None
22:19:16.502,Active,409.0,2.4,97.6,11.6,74.3,No,0.0,None
22:19:16.922,Active,410.4,2.4,98.2,11.6,73.8,No,0.0,None
22:19:17.338,Active,408.1,2.4,97.6,11.6,74.9,No,0.0,None
22:19:17.758,Active,412.6,2.4,98.8,11.6,74.3,No,0.0,None
22:19:18.172,Active,407.3,2.4,97.6,11.6,75.5,No,0.0,None
22:19:18.589,Active,408.9,2.4,98.8,11.6,74.9,No,0.0,None
22:19:19.006,Active,408.5,2.4,98.8,11.6,74.9,No,0.0,None
22:19:19.422,Active,409.0,2.4,98.8,11.6,75.5,No,0.0,None
22:19:19.851,Active,418.3,2.4,98.2,11.6,74.9,No,0.0,None
22:19:20.270,Active,413.1,2.4,98.2,11.6,74.9,No,0.0,None
22:19:20.685,Active,407.7,2.4,98.8,11.6,74.9,No,0.0,None
22:19:21.097,Active,405.9,2.4,99.4,11.6,75.5,No,0.0,None
22:19:21.511,Active,408.1,2.4,98.8,11.6,75.5,No,0.0,None
22:19:22.027,Active,407.5,2.4,79.6,11.6,75.5,No,0.0,None
22:19:22.445,Active,411.7,2.4,98.2,11.5,75.5,No,0.0,None
22:19:22.861,Active,408.2,2.4,98.2,11.5,75.5,No,0.0,None
22:19:23.273,Active,404.0,2.4,98.2,11.5,74.3,No,0.0,None
22:19:23.688,Active,409.2,2.4,99.4,11.5,76.0,No,0.0,None
22:19:24.103,Active,408.2,2.4,99.4,11.5,76.0,No,0.0,None
22:19:24.517,Active,407.3,2.4,98.8,11.5,74.9,No,0.0,None
22:19:24.959,Active,433.5,2.4,96.0,11.6,75.5,No,0.0,None
22:19:25.378,Active,412.6,2.4,98.8,11.6,75.5,No,0.0,None
22:19:25.793,Active,408.7,2.4,98.2,11.6,75.5,No,0.0,None
22:19:26.214,Active,412.8,2.4,97.6,11.6,76.0,No,0.0,None
22:19:26.629,Active,407.3,2.4,98.8,11.6,76.0,No,0.0,None
22:19:27.043,Active,406.4,2.4,98.2,11.6,75.5,No,0.0,None
22:19:27.467,Active,413.5,2.4,97.6,11.6,76.0,No,0.0,None
22:19:27.879,Active,406.0,2.4,98.8,11.6,76.0,No,0.0,None
22:19:28.295,Active,407.1,2.4,98.2,11.6,76.0,No,0.0,None
22:19:28.711,Active,409.6,2.4,99.4,11.6,76.5,No,0.0,None
22:19:29.123,Active,406.0,2.4,98.2,11.6,76.5,No,0.0,None
22:19:29.551,Active,417.9,2.4,96.5,11.6,76.0,No,0.0,None
22:19:29.978,Active,416.9,2.4,98.2,11.6,76.0,No,0.0,None
22:19:30.398,Active,409.3,2.4,98.2,11.6,76.5,No,0.0,None
22:19:30.814,Active,406.8,2.4,98.2,11.6,76.5,No,0.0,None
22:19:31.231,Active,409.9,2.4,98.8,11.6,77.1,No,0.0,None
22:19:31.646,Active,409.3,2.4,98.8,11.6,76.5,No,0.0,None
22:19:32.061,Active,407.9,2.4,98.8,11.6,76.5,No,0.0,None
22:19:32.478,Active,410.4,2.4,98.8,11.6,76.5,No,0.0,None
22:19:32.890,Active,404.6,2.4,98.2,11.6,76.0,No,0.0,None
22:19:33.302,Active,406.0,2.4,99.4,11.5,77.1,No,0.0,None
22:19:33.723,Active,413.5,2.4,98.2,11.5,76.5,No,0.0,None
22:19:34.136,Active,406.7,2.4,99.4,11.5,76.5,No,0.0,None
22:19:34.553,Active,408.0,2.4,98.2,11.5,76.5,No,0.0,None
22:19:34.964,Active,404.4,2.4,98.8,11.5,77.1,No,0.0,None
22:19:35.378,Active,408.6,2.4,99.4,11.5,77.1,No,0.0,None
22:19:35.798,Active,413.2,2.4,97.6,11.5,76.5,No,0.0,None
22:19:36.212,Active,407.0,2.4,98.8,11.5,76.5,No,0.0,None
22:19:36.631,Active,410.2,2.4,97.6,11.5,77.1,No,0.0,None
22:19:37.042,Active,404.6,2.4,99.4,11.5,77.7,No,0.0,None
22:19:37.457,Active,408.5,2.4,99.4,11.5,77.1,No,0.0,None
22:19:37.874,Active,408.6,2.4,98.8,11.5,77.1,No,0.0,None
22:19:38.289,Active,406.3,2.4,98.2,11.5,76.5,No,0.0,None
22:19:38.708,Active,409.4,2.4,98.2,11.5,77.1,No,0.0,None
22:19:39.123,Active,405.8,2.4,98.8,11.5,77.1,No,0.0,None
22:19:39.544,Active,412.0,2.4,97.6,11.6,77.1,No,0.0,None
22:19:39.959,Active,406.0,2.4,98.8,11.6,77.1,No,0.0,None
22:19:40.405,Active,439.6,2.4,98.9,11.6,77.1,No,0.0,None
22:19:40.821,Active,405.7,2.4,98.2,11.6,77.1,No,0.0,None
22:19:41.236,Active,407.1,2.4,99.4,11.6,76.5,No,0.0,None
22:19:41.655,Active,412.5,2.4,98.8,11.6,76.5,No,0.0,None
22:19:42.066,Active,405.6,2.4,98.2,11.6,76.5,No,0.0,None
22:19:42.485,Active,409.4,2.4,98.2,11.6,78.2,No,0.0,None
22:19:42.902,Active,409.2,2.4,97.6,11.6,77.1,No,0.0,None
22:19:43.317,Active,406.0,2.4,98.8,11.5,76.5,No,0.0,None
22:19:43.734,Active,408.3,2.4,97.6,11.5,77.7,No,0.0,None
22:19:44.150,Active,405.6,2.4,98.2,11.5,77.1,No,0.0,None
22:19:44.571,Active,411.7,2.4,98.2,11.5,77.1,No,0.0,None
22:19:44.982,Active,405.0,2.4,98.8,11.5,76.5,No,0.0,None
22:19:45.408,Active,419.6,2.4,98.8,11.5,77.1,No,0.0,None
22:19:45.830,Active,408.5,2.4,97.0,11.5,77.1,No,0.0,None
22:19:46.244,Active,407.2,2.4,98.8,11.5,77.1,No,0.0,None
22:19:46.661,Active,407.4,2.4,98.2,11.6,77.7,No,0.0,None
22:19:47.076,Active,407.2,2.4,98.2,11.6,77.7,No,0.0,None
22:19:47.492,Active,409.3,2.4,98.8,11.6,77.7,No,0.0,None
22:19:47.911,Active,409.6,2.4,98.2,11.5,77.1,No,0.0,None
22:19:48.331,Active,413.5,2.4,98.2,11.5,77.1,No,0.0,None
22:19:48.746,Active,408.8,2.4,98.8,11.5,77.1,No,0.0,None
22:19:49.160,Active,406.7,2.4,98.2,11.5,77.1,No,0.0,None
22:19:49.584,Active,414.8,2.4,97.6,11.5,77.1,No,0.0,None
22:19:50.002,Active,408.0,2.4,98.2,11.5,77.1,No,0.0,None
22:19:50.434,Active,424.6,2.4,98.8,11.6,77.1,No,0.0,None
22:19:50.849,Active,407.5,2.4,98.2,11.6,77.7,No,0.0,None
22:19:51.265,Active,407.6,2.4,98.8,11.6,77.7,No,0.0,None
22:19:51.681,Active,410.2,2.4,98.8,11.6,78.2,No,0.0,None
22:19:52.099,Active,407.8,2.4,97.6,11.6,77.1,No,0.0,None
22:19:52.517,Active,410.0,2.4,98.2,11.6,78.8,No,0.0,None
22:19:52.930,Active,405.3,2.4,98.2,11.6,78.2,No,0.0,None
22:19:53.350,Active,413.4,2.4,97.6,11.5,77.7,No,0.0,None
22:19:53.767,Active,409.5,2.4,99.4,11.5,77.1,No,0.0,None
22:19:54.184,Active,407.2,2.4,97.6,11.5,78.2,No,0.0,None
22:19:54.613,Active,420.0,2.4,97.1,11.6,78.2,No,0.0,None
22:20:40.052,Active,423.5,2.4,1.3,11.4,60.0,No,0.0,None
22:20:40.465,Active,407.6,2.4,100.0,11.5,60.6,No,0.0,None
22:20:40.888,Active,417.0,2.4,98.8,11.5,61.7,No,0.0,None
22:20:41.335,Active,440.9,2.4,98.9,11.6,62.2,No,0.0,None
22:20:41.753,Active,409.3,2.4,98.2,11.6,63.4,No,0.0,None
22:20:42.176,Active,412.8,2.4,97.1,11.6,65.0,No,0.0,None
22:20:42.596,Active,409.9,3.4,98.2,11.6,65.0,No,0.0,None
22:20:43.011,Active,406.6,3.4,98.8,11.6,65.5,No,0.0,None
22:20:43.426,Active,409.4,3.4,98.8,11.6,66.7,No,0.0,None
22:20:43.840,Active,407.7,3.4,98.2,11.6,66.7,No,0.0,None
22:20:44.256,Active,406.4,3.4,98.8,11.5,67.2,No,0.0,None
22:20:44.672,Active,409.8,3.4,98.8,11.5,67.8,No,0.0,None
22:20:45.085,Active,407.2,3.4,98.8,11.5,68.3,No,0.0,None
22:20:45.501,Active,407.9,3.4,98.2,11.5,68.8,No,0.0,None
22:20:45.914,Active,404.5,3.4,98.8,11.5,69.4,No,0.0,None
22:20:46.371,Active,447.0,3.4,94.0,11.6,70.0,No,0.0,None
22:20:46.782,Active,405.1,2.4,99.4,11.6,69.4,No,0.0,None
22:20:47.196,Active,407.8,2.4,99.4,11.6,68.8,No,0.0,None
22:20:47.609,Active,406.8,2.4,99.4,11.6,70.0,No,0.0,None
22:20:48.023,Active,408.1,2.4,99.4,11.6,70.5,No,0.0,None
22:20:48.440,Active,410.3,2.4,98.2,11.6,70.5,No,0.0,None
22:20:48.863,Active,413.9,2.4,97.0,11.6,71.0,No,0.0,None
22:20:49.276,Active,406.4,2.4,98.8,11.6,71.0,No,0.0,None
22:20:49.696,Active,410.4,2.4,98.2,11.5,71.0,No,0.0,None
22:20:50.138,Active,432.8,2.4,94.9,11.6,72.2,No,0.0,None
22:20:50.554,Active,409.1,2.4,98.8,11.6,71.6,No,0.0,None
22:20:50.967,Active,406.1,2.4,98.8,11.6,72.2,No,0.0,None
22:20:51.407,Active,429.8,2.4,97.1,11.6,72.2,No,0.0,None
22:20:51.825,Active,410.6,2.4,97.6,11.6,71.6,No,0.0,None
22:20:52.237,Active,404.1,2.4,98.8,11.6,72.2,No,0.0,None
22:20:52.653,Active,407.8,2.4,98.8,11.6,72.7,No,0.0,None
22:20:53.068,Active,409.1,2.4,99.4,11.6,72.2,No,0.0,None
22:20:53.485,Active,410.4,2.4,97.6,11.6,73.2,No,0.0,None
22:20:53.900,Active,408.5,2.4,98.8,11.6,72.7,No,0.0,None
22:20:54.313,Active,406.4,2.4,99.4,11.6,73.2,No,0.0,None
22:20:54.848,Active,425.3,2.4,77.9,11.6,72.2,No,0.0,None
22:20:55.360,Active,406.0,2.3,79.3,11.6,72.7,No,0.0,None
22:20:55.777,Active,407.6,2.3,98.8,11.6,73.2,No,0.0,None
22:20:56.187,Active,403.7,2.3,99.4,11.5,73.2,No,0.0,None
22:20:56.626,Active,433.5,2.3,98.3,11.6,73.2,No,0.0,None
22:20:57.037,Active,403.6,2.3,99.4,11.6,73.8,No,0.0,None
22:20:57.450,Active,406.9,2.3,99.4,11.6,73.8,No,0.0,None
22:20:57.866,Active,408.8,2.3,99.4,11.6,73.8,No,0.0,None
22:20:58.281,Active,407.7,2.3,98.2,11.6,73.8,No,0.0,None
22:20:58.699,Active,412.2,2.3,98.8,11.6,73.2,No,0.0,None
22:20:59.114,Active,408.9,2.3,98.8,11.6,73.8,No,0.0,None
22:20:59.547,Active,425.5,2.4,96.5,11.6,74.3,No,0.0,None
22:20:59.969,Active,415.5,2.4,97.0,11.6,74.3,No,0.0,None
22:21:00.391,Active,413.5,2.4,97.6,11.5,74.3,No,0.0,None
22:21:00.815,Active,417.6,2.4,98.8,11.6,73.8,No,0.0,None
22:21:01.256,Active,435.2,2.4,96.1,11.6,74.3,No,0.0,None
22:21:01.688,Active,425.8,2.4,99.4,11.6,74.9,No,0.0,None
22:21:02.103,Active,408.3,2.4,99.4,11.6,74.9,No,0.0,None
22:21:02.517,Active,408.0,2.4,98.8,11.6,75.5,No,0.0,None
22:21:02.934,Active,409.1,2.4,98.2,11.6,75.5,No,0.0,None
22:21:03.350,Active,409.0,2.4,98.2,11.6,76.0,No,0.0,None
22:21:03.764,Active,407.0,2.4,98.8,11.6,74.9,No,0.0,None
22:21:04.177,Active,406.5,2.4,99.4,11.6,74.9,No,0.0,None
22:21:04.597,Active,410.1,2.4,98.2,11.6,74.9,No,0.0,None
22:21:05.013,Active,407.6,2.4,98.2,11.6,76.0,No,0.0,None
22:21:05.428,Active,409.5,2.4,98.8,11.6,74.9,No,0.0,None
22:21:05.845,Active,407.1,2.4,98.2,11.6,75.5,No,0.0,None
22:21:06.262,Active,409.7,2.4,98.2,11.6,76.0,No,0.0,None
22:21:06.676,Active,407.0,2.4,98.2,11.6,76.0,No,0.0,None
22:21:07.089,Active,406.4,2.4,99.4,11.6,75.5,No,0.0,None
22:21:07.503,Active,404.2,2.4,98.8,11.6,74.3,No,0.0,None
22:21:07.917,Active,404.9,2.4,98.8,11.6,75.5,No,0.0,None
22:21:08.331,Active,407.5,2.4,99.4,11.5,75.5,No,0.0,None
22:21:08.747,Active,408.1,2.4,98.2,11.5,76.0,No,0.0,None
22:21:09.159,Active,402.9,2.4,98.8,11.6,76.5,No,0.0,None
22:21:09.573,Active,408.0,2.4,99.4,11.6,76.5,No,0.0,None
22:21:09.986,Active,407.0,2.4,98.8,11.6,76.0,No,0.0,None
22:21:10.407,Active,412.4,2.4,98.2,11.6,76.5,No,0.0,None
22:21:10.821,Active,407.5,2.4,98.8,11.6,76.0,No,0.0,None
22:21:11.235,Active,407.7,2.4,99.4,11.6,76.0,No,0.0,None
22:21:11.685,Active,441.4,2.4,97.2,11.6,76.0,No,0.0,None
22:21:12.118,Active,424.4,2.4,95.9,11.6,75.5,No,0.0,None
22:21:12.534,Active,408.4,2.4,98.8,11.6,74.9,No,0.0,None
22:21:12.952,Active,410.0,2.4,97.6,11.6,77.1,No,0.0,None
22:21:13.376,Active,415.0,2.4,97.0,11.6,76.5,No,0.0,None
22:21:13.793,Active,409.3,2.4,98.2,11.6,75.5,No,0.0,None
22:21:14.212,Active,411.0,2.4,97.6,11.6,76.0,No,0.0,None
22:21:14.630,Active,410.8,2.4,98.8,11.6,76.5,No,0.0,None
22:21:15.049,Active,411.9,2.4,98.2,11.6,76.0,No,0.0,None
22:21:15.467,Active,410.1,2.4,98.2,11.6,76.0,No,0.0,None
22:21:15.884,Active,408.0,2.4,97.6,11.6,76.0,No,0.0,None
22:21:16.298,Active,408.2,2.4,98.8,11.6,77.7,No,0.0,None
22:21:16.721,Active,415.4,2.4,99.4,11.6,76.0,No,0.0,None
22:21:17.132,Active,404.5,2.4,98.8,11.6,77.7,No,0.0,None
22:21:17.551,Active,410.8,2.4,99.4,11.5,76.5,No,0.0,None
22:21:17.964,Active,407.4,2.4,98.8,11.6,76.5,No,0.0,None
22:21:18.380,Active,408.5,2.4,98.2,11.5,76.5,No,0.0,None
22:21:18.797,Active,409.5,2.4,98.8,11.5,77.1,No,0.0,None
22:21:19.219,Active,415.1,2.4,97.6,11.5,77.1,No,0.0,None
22:21:19.637,Active,409.6,2.4,98.2,11.5,76.0,No,0.0,None
22:21:20.048,Active,403.7,2.4,98.8,11.5,77.1,No,0.0,None
22:21:20.464,Active,409.5,2.4,98.8,11.5,77.1,No,0.0,None
22:21:20.886,Active,415.1,2.4,97.6,11.5,76.5,No,0.0,None
22:21:21.302,Active,410.1,2.4,98.2,11.5,76.5,No,0.0,None
22:21:21.724,Active,415.2,2.4,98.2,11.5,76.5,No,0.0,None
22:21:22.149,Active,413.9,2.4,97.6,11.6,76.0,No,0.0,None
22:21:22.566,Active,407.7,2.4,98.2,11.6,77.1,No,0.0,None
22:21:22.982,Active,405.8,2.4,98.8,11.6,76.5,No,0.0,None
22:21:23.398,Active,410.4,2.4,98.2,11.6,76.5,No,0.0,None
22:21:23.813,Active,406.9,2.4,98.2,11.6,76.5,No,0.0,None
22:21:24.227,Active,406.0,2.4,98.8,11.6,77.1,No,0.0,None
22:21:24.658,Active,421.5,2.4,96.5,11.6,78.2,No,0.0,None
22:21:25.071,Active,405.6,2.4,98.8,11.6,76.5,No,0.0,None
22:21:25.488,Active,411.2,2.4,98.2,11.5,77.1,No,0.0,None
22:21:25.904,Active,406.7,2.4,98.2,11.5,77.1,No,0.0,None
22:21:26.321,Active,407.8,2.4,98.2,11.5,77.1,No,0.0,None
22:21:26.736,Active,409.2,2.4,98.8,11.5,77.1,No,0.0,None
22:21:27.164,Active,421.4,2.4,98.8,11.6,76.0,No,0.0,None
22:21:27.580,Active,407.1,2.4,98.2,11.6,76.5,No,0.0,None
22:21:27.992,Active,405.5,2.4,98.8,11.6,77.1,No,0.0,None
22:21:28.406,Active,407.9,2.4,98.2,11.6,77.1,No,0.0,None
22:21:28.826,Active,408.3,2.4,97.1,11.6,77.1,No,0.0,None
22:21:29.248,Active,415.7,2.4,97.0,11.6,77.7,No,0.0,None
22:21:29.663,Active,409.2,2.4,98.8,11.6,77.1,No,0.0,None
22:21:30.079,Active,405.5,2.4,98.2,11.6,76.0,No,0.0,None
22:21:30.494,Active,408.9,2.4,99.4,11.6,77.1,No,0.0,None
22:21:30.911,Active,405.3,2.4,97.6,11.6,77.1,No,0.0,None
22:21:31.324,Active,407.0,2.4,99.4,11.6,77.7,No,0.0,None
22:21:31.741,Active,410.3,2.4,98.8,11.6,77.7,No,0.0,None
22:21:32.177,Active,427.4,2.4,98.3,11.6,77.1,No,0.0,None
22:21:32.592,Active,406.4,2.4,98.2,11.6,77.7,No,0.0,None
22:21:33.012,Active,410.8,2.4,98.2,11.6,77.7,No,0.0,None
22:21:33.429,Active,407.5,2.4,98.8,11.6,77.7,No,0.0,None
22:21:33.856,Active,418.8,2.4,97.1,11.6,77.1,No,0.0,None
22:21:34.271,Active,408.7,2.4,98.8,11.6,77.1,No,0.0,None
22:21:34.687,Active,410.6,2.4,98.8,11.6,77.7,No,0.0,None
22:21:35.104,Active,407.7,2.4,98.2,11.6,77.7,No,0.0,None
22:21:35.523,Active,409.8,2.4,98.2,11.6,77.7,No,0.0,None
22:21:35.938,Active,407.6,2.4,98.2,11.5,78.2,No,0.0,None
22:21:36.353,Active,405.3,2.4,98.2,11.5,78.2,No,0.0,None
22:21:36.770,Active,408.9,2.4,98.8,11.5,77.1,No,0.0,None
22:21:37.186,Active,406.5,2.4,98.2,11.5,78.2,No,0.0,None
22:21:37.608,Active,411.9,2.4,98.2,11.5,77.7,No,0.0,None
22:21:38.021,Active,406.4,2.4,98.8,11.5,77.7,No,0.0,None
22:21:38.437,Active,410.4,2.4,99.4,11.5,77.1,No,0.0,None
22:21:38.849,Active,405.7,2.4,99.4,11.5,77.1,No,0.0,None
22:21:39.263,Active,407.3,2.4,98.8,11.5,77.1,No,0.0,None
22:21:39.678,Active,409.2,2.4,98.8,11.6,78.2,No,0.0,None
22:22:25.118,Active,424.5,2.4,1.4,11.6,59.5,No,0.0,None
22:22:25.534,Active,409.6,2.4,99.4,11.5,60.6,No,0.0,None
22:22:25.972,Active,424.0,2.4,94.3,11.5,62.8,No,0.0,None
22:22:26.419,Active,437.9,5.8,94.4,11.5,62.8,No,0.0,None
22:22:26.834,Active,408.5,5.8,99.4,11.5,63.4,No,0.0,None
22:22:27.247,Active,406.9,5.8,99.4,11.5,64.5,No,0.0,None
22:22:27.664,Active,409.5,5.8,98.2,11.6,65.0,No,0.0,None
22:22:28.110,Active,432.9,5.8,97.7,11.6,66.1,No,0.0,None
22:22:28.526,Active,408.4,5.8,98.2,11.6,66.1,No,0.0,None
22:22:28.942,Active,408.1,5.8,98.2,11.6,67.8,No,0.0,None
22:22:29.359,Active,408.4,5.8,98.2,11.6,66.7,No,0.0,None
22:22:29.778,Active,413.3,5.8,98.2,11.6,68.3,No,0.0,None
22:22:30.192,Active,407.1,5.8,99.4,11.6,68.3,No,0.0,None
22:22:30.609,Active,410.1,2.4,98.8,11.6,68.8,No,0.0,None
22:22:31.032,Active,413.5,2.4,97.6,11.6,69.4,No,0.0,None
22:22:31.451,Active,411.7,2.4,98.8,11.6,68.8,No,0.0,None
22:22:31.862,Active,405.4,2.4,98.8,11.6,69.4,No,0.0,None
22:22:32.274,Active,405.0,2.4,98.8,11.6,70.0,No,0.0,None
22:22:32.702,Active,421.9,2.4,97.1,11.6,70.0,No,0.0,None
22:22:33.133,Active,424.0,2.4,98.8,11.6,71.0,No,0.0,None
22:22:33.552,Active,411.0,2.4,98.8,11.6,70.5,No,0.0,None
22:22:33.970,Active,408.4,2.4,97.6,11.6,70.0,No,0.0,None
22:22:34.381,Active,405.7,2.4,99.4,11.6,71.6,No,0.0,None
22:22:34.799,Active,409.6,2.4,98.2,11.6,70.5,No,0.0,None
22:22:35.215,Active,409.5,2.4,98.8,11.6,70.5,No,0.0,None
22:22:35.631,Active,409.8,2.4,98.8,11.6,71.6,No,0.0,None
22:22:36.045,Active,408.3,2.4,98.8,11.6,72.2,No,0.0,None
22:22:36.463,Active,409.9,2.4,98.2,11.6,71.6,No,0.0,None
22:22:36.880,Active,406.7,2.4,98.2,11.6,72.2,No,0.0,None
22:22:37.295,Active,408.0,2.4,98.2,11.6,72.7,No,0.0,None
22:22:37.711,Active,408.0,2.4,98.2,11.6,72.7,No,0.0,None
22:22:38.127,Active,409.4,2.4,98.8,11.6,72.2,No,0.0,None
22:22:38.549,Active,416.3,2.4,97.0,11.6,72.7,No,0.0,None
22:22:38.965,Active,407.4,2.4,98.8,11.6,72.2,No,0.0,None
22:22:39.380,Active,406.4,2.4,98.2,11.5,73.2,No,0.0,None
22:22:39.794,Active,405.0,2.4,98.2,11.5,73.8,No,0.0,None
22:22:40.205,Active,404.6,2.4,100.0,11.5,73.8,No,0.0,None
22:22:40.630,Active,419.1,2.4,99.4,11.5,73.2,No,0.0,None
22:22:41.046,Active,409.8,2.4,98.2,11.5,73.2,No,0.0,None
22:22:41.463,Active,409.8,2.4,98.2,11.5,73.8,No,0.0,None
22:22:41.879,Active,407.1,2.4,98.8,11.5,73.8,No,0.0,None
22:22:42.297,Active,408.6,2.4,98.2,11.6,73.8,No,0.0,None
22:22:42.714,Active,408.6,2.4,98.2,11.6,74.3,No,0.0,None
22:22:43.161,Active,439.9,2.4,97.8,11.6,73.8,No,0.0,None
22:22:43.577,Active,408.1,2.4,98.8,11.6,74.3,No,0.0,None
22:22:43.991,Active,407.6,2.4,98.8,11.6,73.8,No,0.0,None
22:22:44.408,Active,408.4,2.4,97.6,11.6,73.2,No,0.0,None
22:22:44.826,Active,407.6,2.4,98.2,11.6,75.5,No,0.0,None
22:22:45.242,Active,409.1,2.4,98.8,11.6,74.9,No,0.0,None
22:22:45.658,Active,409.4,2.4,99.4,11.5,74.9,No,0.0,None
22:22:46.071,Active,406.9,2.4,99.4,11.5,74.9,No,0.0,None
22:22:46.486,Active,408.1,2.4,98.8,11.5,74.3,No,0.0,None
22:22:46.901,Active,408.1,2.4,98.2,11.5,75.5,No,0.0,None
22:22:47.312,Active,404.5,2.4,98.8,11.5,74.9,No,0.0,None
22:22:47.734,Active,411.7,2.4,98.8,11.5,75.5,No,0.0,None
22:22:48.149,Active,408.2,2.4,98.2,11.5,75.5,No,0.0,None
22:22:48.576,Active,417.4,2.4,97.7,11.5,74.9,No,0.0,None
22:22:48.995,Active,409.2,2.4,98.2,11.5,75.5,No,0.0,None
22:22:49.420,Active,418.0,2.4,97.0,11.5,74.3,No,0.0,None
22:22:49.837,Active,406.5,2.4,98.2,11.5,75.5,No,0.0,None
22:22:50.248,Active,405.0,2.4,98.8,11.5,75.5,No,0.0,None
22:22:50.664,Active,406.5,2.4,98.2,11.5,75.5,No,0.0,None
22:22:51.079,Active,405.6,2.4,98.8,11.5,75.5,No,0.0,None
22:22:51.497,Active,407.8,2.4,97.6,11.5,75.5,No,0.0,None
22:22:51.914,Active,408.3,2.4,98.8,11.5,74.9,No,0.0,None
22:22:52.330,Active,408.5,2.4,98.2,11.5,75.5,No,0.0,None
22:22:52.751,Active,411.9,2.4,98.2,11.5,76.0,No,0.0,None
22:22:53.164,Active,407.6,2.4,98.2,11.5,76.0,No,0.0,None
22:22:53.591,Active,420.4,2.4,98.8,11.5,75.5,No,0.0,None
22:22:54.010,Active,409.1,2.4,98.2,11.5,76.0,No,0.0,None
22:22:54.426,Active,410.0,2.4,98.2,11.5,75.5,No,0.0,None
22:22:54.853,Active,421.1,2.4,97.1,11.5,75.5,No,0.0,None
22:22:55.279,Active,418.0,2.4,97.1,11.5,76.0,No,0.0,None
22:22:55.699,Active,410.7,2.4,98.8,11.5,77.1,No,0.0,None
22:22:56.118,Active,413.5,2.4,97.6,11.5,76.5,No,0.0,None
22:22:56.534,Active,408.4,2.4,98.8,11.5,75.5,No,0.0,None
22:22:56.954,Active,413.5,2.4,97.6,11.5,76.0,No,0.0,None
22:22:57.378,Active,414.5,2.4,97.6,11.5,76.0,No,0.0,None
22:22:57.788,Active,404.8,2.4,98.8,11.5,76.5,No,0.0,None
22:22:58.207,Active,406.7,2.4,98.8,11.5,76.0,No,0.0,None
22:22:58.646,Active,429.3,2.4,97.2,11.6,74.9,No,0.0,None
22:22:59.062,Active,405.9,2.4,98.2,11.6,76.0,No,0.0,None
22:22:59.475,Active,407.3,2.4,98.8,11.6,76.5,No,0.0,None
22:22:59.926,Active,412.9,2.4,91.2,11.6,76.0,No,0.0,None
22:23:00.339,Active,405.7,2.4,98.2,11.6,77.1,No,0.0,None
22:23:00.756,Active,408.4,2.4,98.2,11.5,76.5,No,0.0,None
22:23:01.174,Active,408.6,2.4,98.2,11.5,77.1,No,0.0,None
22:23:01.587,Active,405.3,2.4,98.8,11.5,76.5,No,0.0,None
22:23:02.000,Active,408.0,2.4,99.4,11.5,76.0,No,0.0,None
22:23:02.415,Active,406.2,2.4,98.2,11.5,76.0,No,0.0,None
22:23:02.834,Active,409.3,2.4,98.2,11.5,76.5,No,0.0,None
22:23:03.244,Active,403.3,2.4,98.8,11.5,76.0,No,0.0,None
22:23:03.676,Active,423.9,2.4,99.4,11.6,76.5,No,0.0,None
22:23:04.088,Active,403.7,2.4,99.4,11.6,76.5,No,0.0,None
22:23:04.499,Active,405.8,2.4,99.4,11.6,76.5,No,0.0,None
22:23:04.919,Active,409.5,2.4,98.2,11.6,76.5,No,0.0,None
22:23:05.331,Active,406.4,2.4,98.8,11.6,77.1,No,0.0,None
22:23:05.750,Active,408.4,2.4,98.2,11.6,76.5,No,0.0,None
22:23:06.164,Active,407.2,2.4,98.2,11.6,76.5,No,0.0,None
22:23:06.580,Active,409.9,2.4,98.8,11.6,76.5,No,0.0,None
22:23:07.002,Active,413.0,2.4,97.6,11.6,76.5,No,0.0,None
22:23:07.418,Active,408.5,2.4,99.4,11.5,76.5,No,0.0,None
22:23:07.832,Active,407.7,2.4,98.2,11.5,77.1,No,0.0,None
22:23:08.248,Active,407.0,2.4,98.2,11.5,76.5,No,0.0,None
22:23:08.661,Active,407.1,2.4,99.4,11.5,77.1,No,0.0,None
22:23:09.079,Active,407.9,2.4,98.2,11.5,76.5,No,0.0,None
22:23:09.499,Active,409.9,2.4,97.0,11.5,77.1,No,0.0,None
22:23:09.916,Active,407.0,2.4,98.2,11.5,76.5,No,0.0,None
22:23:10.330,Active,407.8,2.4,98.8,11.5,77.1,No,0.0,None
22:23:10.745,Active,408.8,2.4,98.8,11.5,76.5,No,0.0,None
22:23:11.159,Active,407.7,2.4,98.8,11.5,77.1,No,0.0,None
22:23:11.573,Active,407.7,2.4,98.8,11.5,77.1,No,0.0,None
22:23:11.986,Active,406.0,2.4,99.4,11.5,77.7,No,0.0,None
22:23:12.400,Active,406.3,2.4,98.2,11.5,77.1,No,0.0,None
22:23:12.814,Active,404.4,2.4,98.8,11.5,77.7,No,0.0,None
22:23:13.228,Active,408.4,2.4,99.4,11.5,77.1,No,0.0,None
22:23:13.673,Active,438.5,2.4,98.9,11.6,77.7,No,0.0,None
22:23:14.090,Active,408.5,2.4,98.8,11.6,77.7,No,0.0,None
22:23:14.513,Active,417.4,2.4,97.0,11.6,77.1,No,0.0,None
22:23:14.930,Active,406.2,2.4,98.2,11.6,77.1,No,0.0,None
22:23:15.343,Active,407.0,2.4,98.8,11.6,77.7,No,0.0,None
22:23:15.762,Active,413.0,2.4,98.8,11.6,77.7,No,0.0,None
22:23:16.179,Active,409.6,2.4,97.6,11.6,77.7,No,0.0,None
22:23:16.630,Active,444.5,2.4,93.9,11.6,78.2,No,0.0,None
22:23:17.057,Active,419.3,2.4,97.6,11.6,77.7,No,0.0,None
22:23:17.472,Active,409.0,2.4,98.8,11.5,77.1,No,0.0,None
22:23:17.890,Active,408.6,2.4,98.2,11.5,77.7,No,0.0,None
22:23:18.306,Active,408.4,2.4,97.6,11.5,77.1,No,0.0,None
22:23:18.729,Active,415.4,2.4,98.8,11.6,77.1,No,0.0,None
22:23:19.147,Active,408.8,2.4,98.2,11.6,76.0,No,0.0,None
22:23:19.561,Active,407.9,2.4,98.8,11.6,77.7,No,0.0,None
22:23:19.983,Active,409.5,2.4,97.6,11.6,78.2,No,0.0,None
22:23:20.395,Active,406.6,2.4,98.2,11.6,77.7,No,0.0,None
22:23:20.815,Active,411.0,2.4,97.6,11.6,78.2,No,0.0,None
22:23:21.234,Active,413.3,2.4,97.6,11.6,77.7,No,0.0,None
22:23:21.651,Active,409.8,2.4,98.8,11.5,77.7,No,0.0,None
22:23:22.070,Active,408.4,2.4,98.2,11.6,77.7,No,0.0,None
22:23:22.486,Active,410.4,2.4,98.8,11.6,77.7,No,0.0,None
22:23:22.899,Active,406.6,2.4,99.4,11.6,77.7,No,0.0,None
22:23:23.318,Active,409.2,2.4,97.6,11.6,77.7,No,0.0,None
22:23:23.745,Active,419.6,2.4,98.2,11.6,77.7,No,0.0,None
22:23:24.162,Active,408.5,2.4,98.2,11.6,77.1,No,0.0,None
22:23:24.578,Active,407.9,2.4,98.8,11.6,78.2,No,0.0,None
22:23:24.998,Active,408.5,2.4,98.2,11.6,78.2,No,0.0,None
22:24:10.433,Active,421.7,2.4,1.1,11.5,60.0,No,0.0,None
22:24:10.848,Active,408.9,2.4,100.0,11.5,60.0,No,0.0,None
22:24:11.262,Active,405.3,2.4,98.2,11.5,62.2,No,0.0,None
22:24:11.677,Active,407.8,2.4,99.4,11.5,62.8,No,0.0,None
22:24:12.088,Active,405.1,2.4,99.4,11.5,64.5,No,0.0,None
22:24:12.498,Active,404.0,2.4,99.4,11.5,65.5,No,0.0,None
22:24:12.907,Active,402.7,2.4,100.0,11.5,65.5,No,0.0,None
22:24:13.324,Active,411.1,2.4,98.8,11.5,66.1,No,0.0,None
22:24:13.741,Active,411.2,2.4,98.8,11.5,67.2,No,0.0,None
22:24:14.159,Active,409.8,2.4,97.6,11.5,67.2,No,0.0,None
22:24:14.609,Active,443.9,2.4,97.2,11.6,67.2,No,0.0,None
22:24:15.025,Active,406.6,2.4,97.6,11.6,67.8,No,0.0,None
22:24:15.445,Active,409.9,2.4,98.2,11.6,67.8,No,0.0,None
22:24:15.862,Active,407.2,2.4,98.2,11.6,68.8,No,0.0,None
22:24:16.280,Active,409.1,2.4,97.6,11.6,68.8,No,0.0,None
22:24:16.697,Active,407.8,2.4,98.2,11.6,69.4,No,0.0,None
22:24:17.113,Active,406.5,2.4,98.2,11.6,70.0,No,0.0,None
22:24:17.532,Active,408.9,2.4,98.2,11.6,70.0,No,0.0,None
22:24:17.947,Active,405.2,2.4,98.2,11.6,70.5,No,0.0,None
22:24:18.364,Active,406.9,2.4,98.2,11.6,70.5,No,0.0,None
22:24:18.791,Active,417.9,2.4,96.4,11.6,70.5,No,0.0,None
22:24:19.207,Active,405.4,2.4,98.2,11.6,71.0,No,0.0,None
22:24:19.624,Active,407.7,2.4,97.6,11.6,71.0,No,0.0,None
22:24:20.048,Active,415.3,2.4,98.8,11.6,71.6,No,0.0,None
22:24:20.465,Active,408.3,2.4,98.2,11.6,72.2,No,0.0,None
22:24:20.881,Active,407.7,2.4,98.2,11.6,71.6,No,0.0,None
22:24:21.295,Active,405.9,2.4,98.8,11.6,71.6,No,0.0,None
22:24:21.714,Active,409.9,2.4,97.6,11.6,72.7,No,0.0,None
22:24:22.129,Active,408.2,2.4,98.2,11.6,72.2,No,0.0,None
22:24:22.552,Active,415.2,2.4,98.2,11.6,72.7,No,0.0,None
22:24:22.966,Active,407.0,2.4,98.2,11.6,72.7,No,0.0,None
22:24:23.381,Active,407.4,2.4,98.8,11.6,72.7,No,0.0,None
22:24:23.801,Active,411.6,2.4,97.6,11.6,72.7,No,0.0,None
22:24:24.218,Active,409.1,2.4,97.6,11.6,73.2,No,0.0,None
22:24:24.635,Active,409.6,2.4,98.8,11.6,73.2,No,0.0,None
22:24:25.059,Active,418.0,2.4,98.2,11.6,73.8,No,0.0,None
22:24:25.470,Active,404.4,2.4,99.4,11.7,73.8,No,0.0,None
22:24:25.886,Active,405.7,2.4,97.6,11.6,74.3,No,0.0,None
22:24:26.302,Active,406.7,2.4,98.2,11.6,72.7,No,0.0,None
22:24:26.721,Active,409.0,2.4,98.2,11.6,73.8,No,0.0,None
22:24:27.135,Active,408.2,2.4,98.8,11.6,73.8,No,0.0,None
22:24:27.552,Active,411.2,2.4,99.4,11.6,73.8,No,0.0,None
22:24:27.965,Active,406.3,2.4,98.8,11.6,74.3,No,0.0,None
22:24:28.378,Active,404.6,2.4,98.8,11.6,73.8,No,0.0,None
22:24:28.795,Active,409.8,2.4,98.8,11.6,73.8,No,0.0,None
22:24:29.210,Active,408.6,2.4,98.2,11.6,74.3,No,0.0,None
22:24:29.624,Active,406.6,2.4,99.4,11.6,74.3,No,0.0,None
22:24:30.067,Active,429.4,2.4,96.6,11.6,73.8,No,0.0,None
22:24:30.478,Active,404.6,2.4,98.8,11.6,74.9,No,0.0,None
22:24:30.902,Active,418.4,2.4,98.8,11.6,74.9,No,0.0,None
22:24:31.324,Active,415.3,2.4,97.6,11.6,74.3,No,0.0,None
22:24:31.744,Active,409.7,2.4,98.2,11.6,73.8,No,0.0,None
22:24:32.160,Active,405.8,2.4,98.2,11.6,74.9,No,0.0,None
22:24:32.581,Active,415.4,2.4,98.2,11.6,75.5,No,0.0,None
22:24:33.000,Active,407.8,2.4,98.2,11.6,74.9,No,0.0,None
22:24:33.418,Active,408.3,2.4,98.2,11.6,74.3,No,0.0,None
22:24:33.834,Active,408.3,2.4,98.8,11.6,75.5,No,0.0,None
22:24:34.254,Active,408.2,2.4,97.0,11.6,75.5,No,0.0,None
22:24:34.669,Active,407.7,2.4,98.8,11.6,75.5,No,0.0,None
22:24:35.099,Active,423.2,2.4,99.4,11.7,74.9,No,0.0,None
22:24:35.515,Active,406.1,2.4,97.6,11.7,75.5,No,0.0,None
22:24:35.932,Active,408.3,2.4,97.6,11.7,74.9,No,0.0,None
22:24:36.351,Active,406.0,2.4,97.6,11.7,75.5,No,0.0,None
22:24:36.767,Active,407.5,2.4,98.8,11.7,75.5,No,0.0,None
22:24:37.183,Active,406.2,2.4,97.6,11.7,75.5,No,0.0,None
22:24:37.607,Active,413.8,2.4,97.6,11.7,76.5,No,0.0,None
22:24:38.021,Active,405.5,2.4,98.2,11.7,76.0,No,0.0,None
22:24:38.442,Active,413.8,2.4,98.2,11.6,75.5,No,0.0,None
22:24:38.855,Active,406.4,2.4,98.2,11.6,75.5,No,0.0,None
22:24:39.266,Active,405.0,2.4,99.4,11.6,74.9,No,0.0,None
22:24:39.682,Active,410.1,2.4,99.4,11.6,74.9,No,0.0,None
22:24:40.097,Active,407.5,2.4,98.8,11.6,75.5,No,0.0,None
22:24:40.518,Active,414.9,2.4,98.8,11.6,76.0,No,0.0,None
22:24:40.946,Active,421.9,2.4,98.8,11.6,76.0,No,0.0,None
22:24:41.359,Active,407.2,2.4,99.4,11.6,75.5,No,0.0,None
22:24:41.774,Active,409.1,2.4,98.8,11.5,75.5,No,0.0,None
22:24:42.188,Active,407.0,2.4,99.4,11.6,76.5,No,0.0,None
22:24:42.610,Active,408.8,2.4,96.4,11.6,76.5,No,0.0,None
22:24:43.025,Active,407.5,2.4,98.8,11.6,76.0,No,0.0,None
22:24:43.450,Active,416.8,2.4,97.6,11.5,76.5,No,0.0,None
22:24:43.862,Active,406.1,2.4,98.8,11.5,76.0,No,0.0,None
22:24:44.276,Active,407.1,2.4,98.8,11.5,76.5,No,0.0,None
22:24:44.693,Active,407.6,2.4,98.8,11.5,76.5,No,0.0,None
22:24:45.126,Active,427.3,2.4,98.8,11.7,76.5,No,0.0,None
22:24:45.541,Active,408.7,2.4,99.4,11.7,76.0,No,0.0,None
22:24:45.953,Active,406.3,2.4,99.4,11.7,76.0,No,0.0,None
22:24:46.369,Active,407.8,2.4,98.8,11.6,76.5,No,0.0,None
22:24:46.784,Active,407.1,2.4,98.8,11.6,76.5,No,0.0,None
22:24:47.218,Active,424.6,2.4,95.9,11.6,76.5,No,0.0,None
22:24:47.630,Active,404.3,2.4,98.8,11.6,77.1,No,0.0,None
22:24:48.044,Active,407.7,2.4,99.4,11.6,77.1,No,0.0,None
22:24:48.465,Active,411.4,2.4,98.8,11.6,77.1,No,0.0,None
22:24:48.882,Active,408.9,2.4,98.2,11.6,76.0,No,0.0,None
22:24:49.304,Active,415.6,2.4,97.1,11.6,77.7,No,0.0,None
22:24:49.722,Active,408.6,2.4,97.6,11.5,77.1,No,0.0,None
22:24:50.138,Active,409.1,2.4,98.8,11.5,77.1,No,0.0,None
22:24:50.565,Active,420.4,2.4,98.8,11.6,77.1,No,0.0,None
22:24:50.979,Active,408.4,2.4,98.8,11.6,76.5,No,0.0,None
22:24:51.399,Active,409.5,2.4,97.6,11.6,77.1,No,0.0,None
22:24:51.814,Active,408.3,2.4,98.8,11.6,76.0,No,0.0,None
22:24:52.236,Active,414.9,2.4,97.6,11.6,77.7,No,0.0,None
22:24:52.653,Active,407.5,2.4,98.2,11.6,78.2,No,0.0,None
22:24:53.101,Active,403.8,2.4,91.6,11.5,77.1,No,0.0,None
22:24:53.511,Active,403.9,2.4,99.4,11.5,77.1,No,0.0,None
22:24:53.929,Active,407.5,2.4,98.2,11.5,77.1,No,0.0,None
22:24:54.345,Active,407.8,2.4,98.2,11.6,77.1,No,0.0,None
22:24:54.766,Active,412.4,2.4,98.8,11.5,77.1,No,0.0,None
22:24:55.185,Active,413.3,2.4,97.6,11.5,77.1,No,0.0,None
22:24:55.609,Active,417.9,2.4,98.8,11.6,76.5,No,0.0,None
22:24:56.026,Active,408.5,2.4,98.2,11.6,77.7,No,0.0,None
22:24:56.446,Active,413.2,2.4,98.2,11.6,77.1,No,0.0,None
22:24:56.861,Active,407.5,2.4,98.8,11.6,77.1,No,0.0,None
22:24:57.276,Active,407.0,2.4,98.8,11.6,78.2,No,0.0,None
22:24:57.695,Active,409.5,2.4,98.8,11.6,77.1,No,0.0,None
22:24:58.107,Active,405.0,2.4,98.8,11.6,77.1,No,0.0,None
22:24:58.522,Active,405.0,2.4,98.8,11.6,77.7,No,0.0,None
22:24:58.933,Active,405.2,2.4,99.4,11.6,77.1,No,0.0,None
22:24:59.345,Active,403.9,2.4,99.4,11.6,77.7,No,0.0,None
22:24:59.763,Active,409.6,2.4,98.8,11.6,77.7,No,0.0,None
22:25:00.179,Active,406.4,2.4,97.6,11.6,77.1,No,0.0,None
22:25:00.623,Active,434.2,2.4,97.7,11.6,77.1,No,0.0,None
22:25:01.037,Active,406.1,2.4,98.2,11.6,77.7,No,0.0,None
22:25:01.456,Active,409.5,2.4,98.2,11.6,77.7,No,0.0,None
22:25:01.869,Active,404.2,2.4,98.8,11.6,77.1,No,0.0,None
22:25:02.284,Active,407.1,2.4,98.2,11.6,78.2,No,0.0,None
22:25:02.789,Active,406.5,2.4,81.1,11.5,77.1,No,0.0,None
22:25:03.206,Active,408.4,2.4,98.8,11.5,78.2,No,0.0,None
22:25:03.637,Active,422.2,2.4,96.5,11.5,77.7,No,0.0,None
22:25:04.051,Active,406.9,2.4,98.2,11.5,77.7,No,0.0,None
22:25:04.466,Active,407.6,2.3,98.2,11.5,77.1,No,0.0,None
22:25:04.882,Active,406.6,2.3,98.2,11.5,77.7,No,0.0,None
22:25:05.296,Active,404.7,2.3,98.2,11.5,77.7,No,0.0,None
22:25:05.733,Active,426.9,2.3,98.3,11.6,77.7,No,0.0,None
22:25:06.149,Active,406.5,2.3,98.2,11.6,77.7,No,0.0,None
22:25:06.563,Active,407.9,2.3,98.8,11.6,77.7,No,0.0,None
22:25:06.983,Active,409.5,2.3,98.2,11.6,77.7,No,0.0,None
22:25:07.394,Active,405.0,2.3,98.2,11.6,77.7,No,0.0,None
22:25:07.813,Active,413.1,2.3,99.4,11.6,78.2,No,0.0,None
22:25:08.227,Active,407.3,2.3,98.2,11.6,77.7,No,0.0,None
22:25:08.643,Active,408.7,2.4,98.8,11.6,78.2,No,0.0,None
22:25:09.058,Active,406.5,2.4,98.8,11.6,77.7,No,0.0,None
22:25:09.475,Active,407.4,2.4,98.2,11.6,77.7,No,0.0,None
22:25:09.894,Active,409.7,2.4,98.2,11.6,77.7,No,0.0,None
22:25:10.306,Active,405.1,2.4,98.2,11.6,78.2,No,0.0,None
22:25:55.742,Active,422.0,2.4,1.4,11.5,59.5,No,0.0,None
22:25:56.161,Active,405.7,2.4,98.2,11.6,60.0,No,0.0,None
22:25:56.591,Active,423.9,2.4,98.8,11.7,61.1,No,0.0,None
22:25:57.007,Active,407.7,2.4,98.8,11.7,62.8,No,0.0,None
22:25:57.426,Active,412.4,2.4,98.8,11.7,63.4,No,0.0,None
22:25:57.841,Active,409.4,4.0,97.0,11.7,65.0,No,0.0,None
22:25:58.258,Active,408.9,4.0,98.8,11.7,65.0,No,0.0,None
22:25:58.674,Active,409.6,4.0,98.2,11.7,65.5,No,0.0,None
22:25:59.085,Active,405.1,4.0,98.8,11.6,66.7,No,0.0,None
22:25:59.503,Active,409.8,4.0,98.8,11.6,66.7,No,0.0,None
22:25:59.924,Active,415.4,4.0,97.0,11.6,67.8,No,0.0,None
22:26:00.346,Active,408.5,4.0,97.6,11.6,67.2,No,0.0,None
22:26:00.765,Active,410.6,4.0,98.2,11.6,67.2,No,0.0,None
22:26:01.178,Active,407.2,4.0,98.8,11.6,68.3,No,0.0,None
22:26:01.626,Active,440.6,4.0,97.8,11.6,69.4,No,0.0,None
22:26:02.042,Active,407.7,2.4,97.6,11.6,69.4,No,0.0,None
22:26:02.460,Active,409.4,2.4,98.2,11.6,70.5,No,0.0,None
22:26:02.877,Active,407.2,2.4,98.2,11.6,67.8,No,0.0,None
22:26:03.294,Active,406.7,2.4,98.2,11.6,68.8,No,0.0,None
22:26:03.712,Active,407.7,2.4,98.2,11.6,70.5,No,0.0,None
22:26:04.128,Active,406.8,2.4,97.6,11.6,70.5,No,0.0,None
22:26:04.548,Active,409.9,2.4,98.2,11.5,70.5,No,0.0,None
22:26:04.963,Active,406.9,2.4,98.2,11.5,71.0,No,0.0,None
22:26:05.378,Active,406.3,2.4,98.2,11.5,71.0,No,0.0,None
22:26:05.795,Active,409.9,2.4,98.8,11.5,71.6,No,0.0,None
22:26:06.220,Active,417.6,2.4,95.9,11.5,71.6,No,0.0,None
22:26:06.653,Active,426.9,2.4,98.8,11.6,71.6,No,0.0,None
22:26:07.070,Active,406.5,2.4,98.2,11.6,72.7,No,0.0,None
22:26:07.483,Active,406.5,2.4,98.8,11.6,72.2,No,0.0,None
22:26:07.898,Active,408.9,2.4,99.4,11.6,73.2,No,0.0,None
22:26:08.328,Active,424.1,2.4,95.3,11.6,72.2,No,0.0,None
22:26:08.745,Active,407.8,2.4,98.8,11.6,72.7,No,0.0,None
22:26:09.161,Active,408.3,2.4,98.2,11.6,72.7,No,0.0,None
22:26:09.578,Active,409.1,2.4,98.2,11.6,73.2,No,0.0,None
22:26:09.994,Active,405.8,2.4,98.2,11.6,73.2,No,0.0,None
22:26:10.408,Active,406.4,2.4,98.8,11.6,73.2,No,0.0,None
22:26:10.826,Active,411.4,2.4,98.8,11.6,73.8,No,0.0,None
22:26:11.240,Active,407.8,2.4,98.2,11.6,73.8,No,0.0,None
22:26:11.659,Active,409.4,2.4,98.8,11.6,73.8,No,0.0,None
22:26:12.072,Active,407.7,2.4,98.8,11.6,73.8,No,0.0,None
22:26:12.487,Active,408.9,2.4,98.8,11.6,73.8,No,0.0,None
22:26:12.902,Active,405.8,2.4,98.2,11.6,73.8,No,0.0,None
22:26:13.315,Active,406.8,2.4,99.4,11.6,73.8,No,0.0,None
22:26:13.729,Active,408.0,2.4,98.8,11.6,73.8,No,0.0,None
22:26:14.142,Active,406.6,2.4,99.4,11.6,73.8,No,0.0,None
22:26:14.556,Active,408.3,2.4,98.8,11.6,74.3,No,0.0,None
22:26:14.969,Active,406.6,2.4,99.4,11.6,74.3,No,0.0,None
22:26:15.381,Active,405.3,2.4,98.8,11.5,75.5,No,0.0,None
22:26:15.803,Active,411.7,2.4,97.6,11.5,73.8,No,0.0,None
22:26:16.216,Active,407.3,2.4,98.2,11.5,74.9,No,0.0,None
22:26:16.664,Active,439.2,2.4,98.3,11.6,74.9,No,0.0,None
22:26:17.080,Active,406.9,2.4,98.8,11.6,74.3,No,0.0,None
22:26:17.496,Active,410.0,2.4,98.8,11.6,74.9,No,0.0,None
22:26:17.909,Active,406.4,2.4,99.4,11.6,74.9,No,0.0,None
22:26:18.319,Active,404.0,2.4,100.0,11.6,74.9,No,0.0,None
22:26:18.733,Active,407.4,2.4,99.4,11.6,74.9,No,0.0,None
22:26:19.144,Active,405.1,2.4,99.4,11.6,74.9,No,0.0,None
22:26:19.564,Active,410.6,2.4,98.2,11.6,75.5,No,0.0,None
22:26:19.984,Active,407.0,2.4,97.0,11.5,75.5,No,0.0,None
22:26:20.398,Active,408.0,2.4,98.2,11.6,75.5,No,0.0,None
22:26:20.814,Active,408.7,2.4,98.8,11.6,74.9,No,0.0,None
22:26:21.230,Active,408.4,2.4,98.2,11.6,74.3,No,0.0,None
22:26:21.646,Active,408.7,2.4,98.8,11.6,76.0,No,0.0,None
22:26:22.070,Active,417.1,2.4,98.8,11.6,76.0,No,0.0,None
22:26:22.488,Active,408.7,2.4,98.2,11.6,76.0,No,0.0,None
22:26:22.914,Active,417.1,2.4,96.5,11.6,74.9,No,0.0,None
22:26:23.329,Active,407.9,2.4,98.8,11.6,74.9,No,0.0,None
22:26:23.739,Active,403.6,2.4,99.4,11.6,77.1,No,0.0,None
22:26:24.162,Active,411.1,2.4,98.2,11.6,75.5,No,0.0,None
22:26:24.579,Active,410.1,2.4,97.6,11.6,75.5,No,0.0,None
22:26:24.992,Active,407.3,2.4,99.4,11.5,76.0,No,0.0,None
22:26:25.409,Active,407.4,2.4,97.6,11.5,76.0,No,0.0,None
22:26:25.831,Active,413.8,2.4,98.8,11.5,76.5,No,0.0,None
22:26:26.248,Active,407.3,2.4,97.6,11.5,77.1,No,0.0,None
22:26:26.664,Active,409.9,2.4,99.4,11.5,76.0,No,0.0,None
22:26:27.094,Active,420.6,2.4,98.2,11.5,76.0,No,0.0,None
22:26:27.510,Active,408.6,2.4,98.8,11.6,76.0,No,0.0,None
22:26:27.930,Active,413.5,2.4,97.6,11.6,76.5,No,0.0,None
22:26:28.350,Active,408.6,2.4,97.6,11.6,75.5,No,0.0,None
22:26:28.767,Active,409.7,2.4,98.8,11.6,76.0,No,0.0,None
22:26:29.220,Active,446.9,2.4,94.0,11.6,76.0,No,0.0,None
22:26:29.636,Active,410.1,2.4,99.4,11.5,76.0,No,0.0,None
22:26:30.053,Active,407.9,2.4,98.2,11.5,76.5,No,0.0,None
22:26:30.469,Active,409.7,2.4,98.2,11.6,76.5,No,0.0,None
22:26:30.887,Active,409.8,2.4,98.8,11.5,76.5,No,0.0,None
22:26:31.301,Active,407.5,2.4,98.2,11.6,76.0,No,0.0,None
22:26:31.718,Active,408.8,2.4,98.8,11.5,76.5,No,0.0,None
22:26:32.154,Active,428.5,2.4,97.7,11.6,76.5,No,0.0,None
22:26:32.594,Active,432.6,2.4,95.4,11.6,76.5,No,0.0,None
22:26:33.025,Active,423.8,2.4,96.5,11.6,76.0,No,0.0,None
22:26:33.442,Active,408.6,2.4,98.2,11.6,77.1,No,0.0,None
22:26:33.899,Active,449.6,2.4,93.5,11.6,76.5,No,0.0,None
22:26:34.314,Active,406.8,2.4,98.2,11.6,77.1,No,0.0,None
22:26:34.733,Active,410.1,2.4,98.2,11.5,76.5,No,0.0,None
22:26:35.150,Active,407.0,2.4,98.2,11.5,76.5,No,0.0,None
22:26:35.570,Active,410.1,2.3,98.2,11.5,77.1,No,0.0,None
22:26:35.983,Active,407.4,2.3,98.8,11.5,76.5,No,0.0,None
22:26:36.399,Active,405.8,2.3,97.6,11.5,77.1,No,0.0,None
22:26:36.813,Active,407.6,2.3,99.4,11.5,76.5,No,0.0,None
22:26:37.243,Active,421.6,2.3,98.3,11.5,77.7,No,0.0,None
22:26:37.683,Active,433.6,2.3,94.9,11.6,76.5,No,0.0,None
22:26:38.098,Active,408.5,2.3,98.8,11.6,77.1,No,0.0,None
22:26:38.512,Active,407.3,2.3,98.2,11.6,76.5,No,0.0,None
22:26:38.947,Active,425.4,2.3,95.3,11.6,77.1,No,0.0,None
22:26:39.362,Active,408.4,2.3,98.8,11.6,77.1,No,0.0,None
22:26:39.778,Active,410.0,2.4,98.8,11.6,76.0,No,0.0,None
22:26:40.226,Active,440.6,2.4,93.8,11.5,77.1,No,0.0,None
22:26:40.657,Active,423.8,2.4,97.7,11.5,76.5,No,0.0,None
22:26:41.074,Active,409.4,2.4,97.0,11.5,77.1,No,0.0,None
22:26:41.490,Active,409.6,2.4,98.8,11.6,77.1,No,0.0,None
22:26:41.909,Active,407.9,2.4,97.6,11.6,77.7,No,0.0,None
22:26:42.326,Active,408.5,2.4,98.2,11.6,77.1,No,0.0,None
22:26:42.742,Active,408.6,2.4,98.2,11.5,77.1,No,0.0,None
22:26:43.153,Active,404.2,2.4,98.8,11.5,77.1,No,0.0,None
22:26:43.568,Active,409.0,2.4,99.4,11.5,77.7,No,0.0,None
22:26:43.983,Active,405.6,2.4,98.2,11.5,77.1,No,0.0,None
22:26:44.398,Active,408.5,2.4,98.8,11.5,77.1,No,0.0,None
22:26:44.812,Active,408.1,2.4,98.8,11.5,77.7,No,0.0,None
22:26:45.228,Active,406.8,2.4,98.8,11.5,78.2,No,0.0,None
22:26:45.650,Active,412.6,2.4,97.6,11.5,77.1,No,0.0,None
22:26:46.062,Active,405.4,2.4,98.2,11.5,77.7,No,0.0,None
22:26:46.475,Active,405.7,2.4,99.4,11.5,77.7,No,0.0,None
22:26:46.887,Active,405.7,2.4,99.4,11.5,77.7,No,0.0,None
22:26:47.334,Active,441.2,2.4,98.3,11.6,77.1,No,0.0,None
22:26:47.751,Active,410.0,2.4,98.2,11.6,77.1,No,0.0,None
22:26:48.166,Active,408.7,2.4,97.6,11.6,77.7,No,0.0,None
22:26:48.581,Active,408.3,2.4,99.4,11.6,78.8,No,0.0,None
22:26:48.995,Active,407.5,2.4,98.8,11.6,77.7,No,0.0,None
22:26:49.412,Active,408.3,2.4,98.2,11.5,77.1,No,0.0,None
22:26:49.826,Active,405.1,2.4,98.2,11.5,78.2,No,0.0,None
22:26:50.243,Active,406.1,2.4,97.6,11.5,78.8,No,0.0,None
22:26:50.662,Active,408.9,2.4,97.6,11.5,78.2,No,0.0,None
22:26:51.079,Active,409.6,2.4,98.8,11.5,78.2,No,0.0,None
22:26:51.498,Active,409.6,2.4,98.2,11.5,77.1,No,0.0,None
22:26:51.917,Active,409.3,2.4,97.6,11.5,77.7,No,0.0,None
22:26:52.347,Active,417.3,2.4,97.7,11.5,78.2,No,0.0,None
22:26:52.765,Active,408.9,2.4,98.2,11.5,78.2,No,0.0,None
22:26:53.177,Active,404.8,2.4,98.8,11.5,78.2,No,0.0,None
22:26:53.592,Active,409.6,2.4,99.4,11.5,78.2,No,0.0,None
22:26:54.004,Active,405.3,2.4,99.4,11.5,77.1,No,0.0,None
22:26:54.416,Active,406.5,2.4,100.0,11.5,77.7,No,0.0,None
22:26:54.826,Active,403.4,2.4,99.4,11.5,79.3,No,0.0,None
22:26:55.236,Active,404.6,2.4,99.4,11.5,78.8,No,0.0,None
22:26:55.653,Active,407.4,2.4,99.4,11.5,77.7,No,0.0,None
22:27:41.088,Active,422.2,2.4,1.1,11.5,59.0,No,0.0,None
22:27:41.513,Active,411.8,11.7,97.6,11.6,60.6,No,0.0,None
22:27:41.926,Active,407.6,11.7,98.8,11.6,61.7,No,0.0,None
22:27:42.343,Active,409.6,11.7,98.2,11.6,63.4,No,0.0,None
22:27:42.767,Active,418.0,11.7,97.0,11.6,63.4,No,0.0,None
22:27:43.184,Active,408.5,11.7,98.2,11.6,64.5,No,0.0,None
22:27:43.600,Active,407.4,11.7,98.2,11.6,65.0,No,0.0,None
22:27:44.017,Active,406.7,11.7,98.2,11.6,65.5,No,0.43107447028160095,Leaf Rot
22:27:44.432,Active,407.4,11.7,98.2,11.6,66.7,No,0.0,None
22:27:44.847,Active,405.5,11.7,98.2,11.6,66.7,No,0.0,None
22:27:45.259,Active,406.0,11.7,98.8,11.6,67.2,No,0.0,None
22:27:45.675,Active,409.4,2.4,98.8,11.6,68.3,No,0.0,None
22:27:46.087,Active,405.7,2.4,98.8,11.5,68.3,No,0.0,None
22:27:46.501,Active,408.0,2.4,99.4,11.5,68.3,No,0.0,None
22:27:46.915,Active,406.3,2.4,98.2,11.5,70.5,No,0.0,None
22:27:47.332,Active,410.7,2.4,99.4,11.5,70.0,No,0.30851173400878906,Leaf Rot
22:27:47.747,Active,409.0,2.4,97.6,11.5,70.5,No,0.0,None
22:27:48.199,Active,442.2,2.4,98.3,11.6,68.8,No,0.41327306628227234,Leaf Rot
22:27:48.630,Active,425.4,2.4,95.9,11.6,70.0,No,0.0,None
22:27:49.044,Active,406.8,2.4,98.8,11.6,70.0,No,0.4297245144844055,Leaf Rot
22:27:49.465,Active,411.6,2.4,98.2,11.6,70.5,No,0.40468183159828186,Leaf Rot
22:27:49.881,Active,407.6,2.4,97.6,11.6,71.0,No,0.32220444083213806,Leaf Rot
22:27:50.296,Active,407.2,2.4,98.2,11.6,71.6,No,0.0,None
22:27:50.715,Active,409.7,2.4,98.2,11.6,71.0,No,0.35555219650268555,Leaf Rot
22:27:51.131,Active,407.7,2.4,97.6,11.6,71.6,No,0.0,None
22:27:51.551,Active,410.0,2.4,98.2,11.6,71.6,No,0.43648025393486023,Leaf Rot
22:27:51.969,Active,407.6,2.4,97.6,11.6,71.6,No,0.3084978759288788,Leaf Rot
22:27:52.387,Active,409.5,2.4,98.2,11.6,72.2,No,0.0,None
22:27:52.804,Active,410.4,2.4,98.8,11.6,72.2,No,0.0,None
22:27:53.223,Active,412.6,2.4,98.2,11.6,71.6,No,0.0,None
22:27:53.639,Active,410.4,2.4,99.4,11.6,72.2,No,0.32136309146881104,Leaf Rot
22:27:54.055,Active,409.8,2.4,99.4,11.6,72.7,No,0.30953681468963623,Leaf Rot
22:27:54.476,Active,414.2,2.4,97.0,11.6,72.2,No,0.0,None
22:27:54.892,Active,407.3,2.4,98.2,11.6,73.8,No,0.0,None
22:27:55.316,Active,414.5,2.4,97.0,11.6,73.2,No,0.0,None
22:27:55.733,Active,410.8,2.4,97.6,11.6,72.7,No,0.43021199107170105,Leaf Rot
22:27:56.152,Active,413.0,2.4,97.6,11.6,73.2,No,0.0,None
22:27:56.566,Active,408.5,2.4,99.4,11.5,73.2,No,0.0,None
22:27:56.984,Active,407.0,2.4,98.2,11.5,73.8,No,0.0,None
22:27:57.403,Active,410.0,2.4,97.6,11.5,73.8,No,0.33073800802230835,Leaf Rot
22:27:57.823,Active,410.6,2.4,97.6,11.5,73.8,No,0.3647470772266388,Leaf Rot
22:27:58.254,Active,422.7,2.4,98.3,11.5,73.2,No,0.0,None
22:27:58.671,Active,410.3,2.4,98.8,11.6,74.3,No,0.35673418641090393,Leaf Rot
22:27:59.090,Active,408.4,2.4,98.2,11.6,73.2,No,0.0,None
22:27:59.522,Active,425.3,2.4,95.4,11.6,74.3,No,0.0,None
22:27:59.944,Active,415.5,2.4,98.2,11.6,73.8,No,0.3314785063266754,Leaf Rot
22:28:00.357,Active,406.6,2.4,98.2,11.5,74.3,No,0.4520415663719177,Leaf Rot
22:28:00.773,Active,409.3,2.4,99.4,11.5,74.3,No,0.0,None
22:28:01.185,Active,406.7,2.4,98.8,11.5,74.3,No,0.36033329367637634,Leaf Rot
22:28:01.602,Active,410.5,2.4,98.2,11.5,74.3,No,0.0,None
22:28:02.013,Active,405.2,2.4,98.8,11.5,74.9,No,0.0,None
22:28:02.428,Active,409.4,2.4,99.4,11.5,74.3,No,0.0,None
22:28:02.841,Active,407.1,2.4,99.4,11.5,74.9,No,0.3055972754955292,Leaf Rot
22:28:03.258,Active,408.9,2.4,98.8,11.5,76.0,No,0.0,None
22:28:03.685,Active,415.6,2.4,97.1,11.6,74.9,No,0.0,None
22:28:04.099,Active,406.1,2.4,98.8,11.6,74.3,No,0.0,None
22:28:04.516,Active,408.3,2.4,98.2,11.5,75.5,No,0.0,None
22:28:04.932,Active,406.1,2.4,98.2,11.6,74.9,No,0.0,None
22:28:05.352,Active,406.7,2.4,97.6,11.5,74.9,No,0.0,None
22:28:05.769,Active,407.8,2.4,97.6,11.5,75.5,No,0.0,None
22:28:06.183,Active,405.6,2.4,98.8,11.5,74.9,No,0.0,None
22:28:06.598,Active,408.8,2.4,98.8,11.5,76.0,No,0.0,None
22:28:07.018,Active,413.0,2.4,97.6,11.5,76.0,No,0.0,None
22:28:07.442,Active,416.5,2.4,97.0,11.5,75.5,No,0.0,None
22:28:07.855,Active,406.3,2.4,98.8,11.5,74.9,No,0.0,None
22:28:08.272,Active,406.8,2.4,97.6,11.5,76.0,No,0.0,None
22:28:08.710,Active,429.3,2.4,98.9,11.6,75.5,No,0.0,None
22:28:09.123,Active,406.2,2.4,99.4,11.6,74.9,No,0.0,None
22:28:09.539,Active,410.5,2.4,98.8,11.6,76.0,No,0.33271142840385437,Leaf Rot
22:28:09.955,Active,406.8,2.4,98.2,11.6,77.7,No,0.0,None
22:28:10.368,Active,407.5,2.4,98.8,11.6,76.0,No,0.0,None
22:28:10.785,Active,407.8,2.4,98.2,11.6,76.0,No,0.0,None
22:28:11.206,Active,415.4,2.4,98.2,11.6,76.0,No,0.0,None
22:28:11.624,Active,411.0,2.4,98.8,11.6,76.5,No,0.3018995523452759,Leaf Rot
22:28:12.038,Active,407.9,2.4,98.8,11.6,76.5,No,0.0,None
22:28:12.455,Active,409.7,2.4,98.8,11.6,76.5,No,0.30190688371658325,Leaf Rot
22:28:12.892,Active,430.9,2.4,95.4,11.6,76.5,No,0.3040071725845337,Leaf Rot
22:28:13.307,Active,408.4,2.4,98.2,11.6,76.5,No,0.3513014018535614,Leaf Rot
22:28:13.724,Active,412.1,2.4,98.2,11.6,76.0,No,0.0,None
22:28:14.144,Active,411.3,2.4,98.2,11.6,76.5,No,0.0,None
22:28:14.560,Active,409.6,2.4,98.2,11.6,77.7,No,0.0,None
22:28:14.975,Active,408.8,2.4,99.4,11.5,76.5,No,0.3085906505584717,Leaf Rot
22:28:15.395,Active,413.9,2.4,97.6,11.5,76.0,No,0.30370426177978516,Leaf Rot
22:28:15.815,Active,411.5,2.4,97.6,11.5,76.0,No,0.0,None
22:28:16.228,Active,406.8,2.4,98.8,11.5,76.0,No,0.0,None
22:28:16.649,Active,411.5,2.4,98.2,11.5,76.5,No,0.0,None
22:28:17.064,Active,406.5,2.4,97.6,11.5,77.1,No,0.0,None
22:28:17.481,Active,408.4,2.4,98.2,11.5,76.5,No,0.0,None
22:28:17.894,Active,406.5,2.4,99.4,11.5,76.5,No,0.0,None
22:28:18.316,Active,415.4,2.4,97.0,11.5,76.5,No,0.0,None
22:28:18.789,Active,462.5,2.4,95.7,11.5,76.5,No,0.0,None
22:28:19.205,Active,408.1,2.4,98.8,11.5,76.5,No,0.3082614541053772,Leaf Rot
22:28:19.622,Active,409.3,2.4,98.2,11.5,77.1,No,0.0,None
22:28:20.036,Active,407.0,2.4,98.2,11.5,76.5,No,0.0,None
22:28:20.456,Active,411.4,2.4,98.2,11.5,77.7,No,0.0,None
22:28:20.875,Active,410.2,2.4,98.2,11.5,77.1,No,0.0,None
22:28:21.298,Active,414.4,2.4,97.0,11.5,77.1,No,0.0,None
22:28:21.716,Active,410.8,2.4,98.8,11.5,76.5,No,0.0,None
22:28:22.129,Active,407.2,2.4,98.8,11.5,77.1,No,0.0,None
22:28:22.545,Active,408.3,2.4,98.8,11.5,77.1,No,0.0,None
22:28:22.958,Active,403.3,2.4,98.2,11.5,77.1,No,0.0,None
22:28:23.370,Active,405.8,2.4,99.4,11.5,77.1,No,0.0,None
22:28:23.799,Active,419.3,2.4,98.2,11.5,77.1,No,0.0,None
22:28:24.216,Active,407.7,2.4,98.2,11.5,77.1,No,0.0,None
22:28:24.633,Active,408.1,2.4,98.2,11.5,78.2,No,0.0,None
22:28:25.053,Active,407.4,2.4,97.6,11.5,77.1,No,0.0,None
22:28:25.466,Active,407.5,2.4,98.2,11.5,77.1,No,0.0,None
22:28:25.892,Active,418.4,2.4,97.0,11.5,77.1,No,0.0,None
22:28:26.305,Active,407.3,2.4,99.4,11.5,77.7,No,0.0,None
22:28:26.725,Active,411.3,2.4,97.6,11.5,77.1,No,0.0,None
22:28:27.143,Active,408.8,2.4,98.2,11.5,78.2,No,0.3516903221607208,Leaf Rot
22:28:27.562,Active,411.5,2.4,98.2,11.5,78.2,No,0.34431976079940796,Leaf Rot
22:28:27.978,Active,407.0,2.4,98.2,11.5,78.2,No,0.0,None
22:28:28.398,Active,409.8,2.4,98.2,11.5,77.1,No,0.0,None
22:28:28.832,Active,425.8,2.4,98.3,11.5,77.7,No,0.0,None
22:28:29.246,Active,405.8,2.4,98.2,11.5,77.1,No,0.0,None
22:28:29.663,Active,410.1,2.4,98.8,11.6,77.7,No,0.3202309012413025,Leaf Rot
22:28:30.078,Active,407.3,2.4,98.2,11.5,77.7,No,0.0,None
22:28:30.496,Active,411.7,2.4,98.8,11.5,77.7,No,0.43024390935897827,Leaf Rot
22:28:30.911,Active,408.0,2.4,98.2,11.5,77.7,No,0.0,None
22:28:31.337,Active,416.9,2.4,97.7,11.5,77.1,No,0.0,None
22:28:31.755,Active,409.3,2.4,98.2,11.5,77.1,No,0.3370511531829834,Leaf Rot
22:28:32.169,Active,407.4,2.4,98.8,11.5,77.7,No,0.0,None
22:28:32.588,Active,410.5,2.4,98.2,11.5,78.8,No,0.0,None
22:28:33.004,Active,408.0,2.4,98.2,11.5,77.1,No,0.0,None
22:28:33.422,Active,409.7,2.4,98.2,11.5,78.2,No,0.0,None
22:28:33.878,Active,447.5,2.4,96.1,11.5,77.7,No,0.0,None
22:28:34.296,Active,410.0,2.4,97.0,11.5,77.7,No,0.0,None
22:28:34.715,Active,409.7,2.4,98.2,11.5,78.2,No,0.0,None
22:28:35.132,Active,407.6,2.4,97.6,11.5,79.3,No,0.31481871008872986,Leaf Rot
22:28:35.547,Active,408.1,2.4,98.8,11.5,78.2,No,0.0,None
22:28:35.966,Active,408.5,2.4,97.6,11.5,77.7,No,0.0,None
22:28:36.380,Active,406.5,2.4,98.8,11.5,78.2,No,0.0,None
22:28:36.800,Active,409.4,2.4,98.2,11.5,77.1,No,0.0,None
22:28:37.218,Active,408.6,2.4,98.2,11.5,77.7,No,0.0,None
22:28:37.637,Active,409.9,2.4,97.6,11.5,78.2,No,0.0,None
22:28:38.052,Active,406.3,2.4,98.8,11.5,78.2,No,0.0,None
22:28:38.474,Active,412.6,2.4,98.2,11.5,77.7,No,0.0,None
22:28:38.889,Active,408.2,2.4,98.2,11.5,77.7,No,0.3799148499965668,Leaf Rot
22:28:39.322,Active,425.0,2.4,98.3,11.6,77.7,No,0.0,None
22:28:39.739,Active,407.5,2.4,98.2,11.6,78.2,No,0.0,None
22:28:40.250,Active,404.8,2.3,79.9,11.6,77.1,No,0.0,None
22:28:40.674,Active,416.9,2.3,98.8,11.6,77.7,No,0.33116835355758667,Leaf Rot
22:29:26.115,Active,426.0,2.3,1.3,11.6,59.0,No,0.0,None
22:29:26.530,Active,409.7,2.3,99.4,11.6,61.7,No,0.0,None
22:29:26.945,Active,408.9,2.3,98.8,11.6,62.8,No,0.0,None
22:29:27.361,Active,407.6,2.3,98.2,11.6,63.9,No,0.0,None
22:29:27.777,Active,407.6,2.3,98.8,11.6,63.9,No,0.0,None
22:29:28.187,Active,404.2,2.3,99.4,11.6,66.1,No,0.0,None
22:29:28.602,Active,408.8,2.3,99.4,11.6,65.0,No,0.0,None
22:29:29.017,Active,408.0,2.3,98.2,11.6,66.1,No,0.0,None
22:29:29.441,Active,415.7,2.7,97.0,11.5,66.7,No,0.0,None
22:29:29.865,Active,418.3,2.7,98.8,11.6,67.2,No,0.0,None
22:29:30.279,Active,407.1,2.7,98.8,11.6,67.8,No,0.0,None
22:29:30.693,Active,407.7,2.7,98.8,11.6,67.8,No,0.0,None
22:29:31.108,Active,406.2,2.7,98.2,11.6,67.8,No,0.0,None
22:29:31.523,Active,409.1,2.7,99.4,11.6,67.8,No,0.0,None
22:29:31.938,Active,408.8,2.7,98.8,11.6,68.8,No,0.0,None
22:29:32.353,Active,408.0,2.7,98.2,11.6,69.4,No,0.0,None
22:29:32.779,Active,417.9,2.7,97.6,11.6,70.5,No,0.0,None
22:29:33.192,Active,407.6,2.7,98.2,11.6,70.5,No,0.0,None
22:29:33.610,Active,412.3,2.4,98.2,11.6,71.0,No,0.0,None
22:29:34.027,Active,406.8,2.4,97.6,11.6,70.5,No,0.0,None
22:29:34.447,Active,409.6,2.4,98.2,11.6,70.5,No,0.0,None
22:29:34.896,Active,442.7,2.4,97.2,11.7,70.5,No,0.0,None
22:29:35.349,Active,444.0,2.4,93.3,11.7,71.6,No,0.0,None
22:29:35.777,Active,420.0,2.4,96.5,11.7,70.5,No,0.0,None
22:29:36.193,Active,406.4,2.4,97.6,11.7,71.6,No,0.0,None
22:29:36.611,Active,411.1,2.4,98.8,11.7,72.2,No,0.0,None
22:29:37.032,Active,414.9,2.4,97.0,11.7,72.2,No,0.0,None
22:29:37.445,Active,406.9,2.4,98.8,11.6,72.7,No,0.0,None
22:29:37.857,Active,406.7,2.4,100.0,11.7,72.2,No,0.0,None
22:29:38.271,Active,407.1,2.4,98.8,11.6,72.7,No,0.0,None
22:29:38.691,Active,414.6,2.4,97.6,11.6,72.7,No,0.0,None
22:29:39.107,Active,406.4,2.4,97.6,11.6,72.2,No,0.0,None
22:29:39.526,Active,409.0,2.4,98.2,11.6,73.2,No,0.0,None
22:29:39.940,Active,406.7,2.4,98.2,11.6,73.2,No,0.0,None
22:29:40.376,Active,426.6,2.4,97.7,11.6,72.7,No,0.0,None
22:29:40.795,Active,409.4,2.4,98.2,11.6,73.2,No,0.0,None
22:29:41.210,Active,407.7,2.4,98.2,11.6,73.2,No,0.0,None
22:29:41.626,Active,409.2,2.4,98.8,11.6,73.2,No,0.0,None
22:29:42.040,Active,407.4,2.4,98.2,11.6,73.8,No,0.0,None
22:29:42.459,Active,409.8,2.4,98.2,11.6,73.2,No,0.0,None
22:29:42.874,Active,408.5,2.4,98.8,11.6,73.8,No,0.0,None
22:29:43.288,Active,404.2,2.4,98.2,11.6,75.5,No,0.0,None
22:29:43.708,Active,414.9,2.4,97.6,11.6,74.3,No,0.0,None
22:29:44.122,Active,407.7,2.4,99.4,11.6,74.3,No,0.0,None
22:29:44.535,Active,405.5,2.4,98.8,11.6,74.3,No,0.0,None
22:29:44.950,Active,405.2,2.4,98.8,11.6,73.8,No,0.0,None
22:29:45.365,Active,405.3,2.4,98.8,11.6,74.9,No,0.0,None
22:29:45.781,Active,408.2,2.4,98.8,11.6,75.5,No,0.0,None
22:29:46.210,Active,421.3,2.4,96.5,11.6,74.9,No,0.0,None
22:29:46.664,Active,408.5,2.4,90.7,11.6,75.5,No,0.0,None
22:29:47.077,Active,405.3,2.4,98.8,11.6,74.3,No,0.0,None
22:29:47.495,Active,411.1,2.4,98.8,11.6,74.3,No,0.0,None
22:29:47.910,Active,408.1,2.4,98.8,11.6,74.3,No,0.0,None
22:29:48.326,Active,409.1,2.4,98.2,11.6,74.9,No,0.0,None
22:29:48.742,Active,409.6,2.4,98.2,11.5,75.5,No,0.0,None
22:29:49.154,Active,404.9,2.4,98.8,11.6,76.0,No,0.0,None
22:29:49.570,Active,408.6,2.4,99.4,11.6,74.3,No,0.0,None
22:29:49.985,Active,407.6,2.4,98.2,11.6,74.9,No,0.0,None
22:29:50.429,Active,438.6,2.4,97.7,11.7,74.9,No,0.0,None
22:29:50.849,Active,412.6,2.4,97.6,11.7,75.5,No,0.0,None
22:29:51.263,Active,405.6,2.4,98.2,11.7,74.9,No,0.0,None
22:29:51.679,Active,409.6,2.4,99.4,11.6,75.5,No,0.0,None
22:29:52.094,Active,408.7,2.4,98.8,11.7,75.5,No,0.0,None
22:29:52.508,Active,407.1,2.4,98.2,11.7,76.0,No,0.0,None
22:29:53.022,Active,407.0,2.4,79.5,11.6,75.5,No,0.0,None
22:29:53.437,Active,408.9,2.4,99.4,11.6,75.5,No,0.0,None
22:29:53.851,Active,406.3,2.4,98.2,11.6,76.0,No,0.0,None
22:29:54.270,Active,409.0,2.4,98.2,11.6,74.9,No,0.0,None
22:29:54.686,Active,409.5,2.3,98.2,11.6,75.5,No,0.0,None
22:29:55.099,Active,406.4,2.3,98.8,11.6,76.0,No,0.0,None
22:29:55.533,Active,421.0,2.3,97.7,11.6,75.5,No,0.0,None
22:29:55.952,Active,408.4,2.3,97.6,11.6,76.0,No,0.0,None
22:29:56.369,Active,410.6,2.3,98.8,11.6,75.5,No,0.0,None
22:29:56.786,Active,408.7,2.3,98.8,11.6,76.0,No,0.0,None
22:29:57.203,Active,408.5,2.3,98.8,11.6,76.5,No,0.0,None
22:29:57.617,Active,408.5,2.3,98.2,11.6,76.5,No,0.0,None
22:29:58.032,Active,405.2,2.3,98.2,11.6,76.5,No,0.0,None
22:29:58.450,Active,409.1,2.3,98.2,11.6,76.5,No,0.0,None
22:29:58.869,Active,409.0,2.4,97.0,11.6,75.5,No,0.0,None
22:29:59.285,Active,408.1,2.4,97.6,11.6,76.0,No,0.0,None
22:29:59.702,Active,408.4,2.4,98.2,11.6,76.0,No,0.0,None
22:30:00.118,Active,410.5,2.4,98.8,11.5,76.5,No,0.0,None
22:30:00.547,Active,421.9,2.4,98.3,11.6,77.1,No,0.0,None
22:30:00.962,Active,408.6,2.4,98.8,11.5,76.0,No,0.0,None
22:30:01.379,Active,409.6,2.4,98.2,11.6,76.5,No,0.0,None
22:30:01.794,Active,408.8,2.4,98.8,11.6,76.5,No,0.0,None
22:30:02.210,Active,407.6,2.4,98.8,11.6,76.5,No,0.0,None
22:30:02.627,Active,411.0,2.4,98.8,11.5,76.0,No,0.0,None
22:30:03.039,Active,405.8,2.4,98.8,11.5,77.1,No,0.0,None
22:30:03.453,Active,408.1,2.4,99.4,11.5,76.5,No,0.0,None
22:30:03.870,Active,409.0,2.4,98.8,11.5,76.5,No,0.0,None
22:30:04.282,Active,405.1,2.4,98.2,11.5,76.5,No,0.0,None
22:30:04.698,Active,407.7,2.4,98.8,11.5,77.1,No,0.0,None
22:30:05.111,Active,406.5,2.4,98.8,11.5,77.1,No,0.0,None
22:30:05.548,Active,426.9,2.4,97.2,11.6,77.1,No,0.0,None
22:30:05.960,Active,406.6,2.4,98.8,11.6,77.1,No,0.0,None
22:30:06.372,Active,406.1,2.4,99.4,11.6,77.1,No,0.0,None
22:30:06.788,Active,410.5,2.4,99.4,11.6,77.1,No,0.0,None
22:30:07.203,Active,408.4,2.4,98.8,11.6,77.1,No,0.0,None
22:30:07.634,Active,425.8,2.4,95.9,11.6,77.1,No,0.0,None
22:30:08.055,Active,409.6,2.4,98.2,11.6,76.0,No,0.0,None
22:30:08.470,Active,409.4,2.4,98.2,11.6,77.1,No,0.0,None
22:30:08.886,Active,408.7,2.4,98.8,11.6,76.5,No,0.0,None
22:30:09.300,Active,408.4,2.4,98.8,11.6,77.1,No,0.0,None
22:30:09.713,Active,406.9,2.4,99.4,11.6,77.7,No,0.0,None
22:30:10.130,Active,408.8,2.4,98.8,11.6,77.1,No,0.0,None
22:30:10.564,Active,427.3,2.4,98.3,11.6,77.7,No,0.0,None
22:30:10.978,Active,407.5,2.4,100.0,11.6,77.7,No,0.0,None
22:30:11.399,Active,413.5,2.4,97.0,11.6,76.5,No,0.0,None
22:30:11.812,Active,407.1,2.4,98.8,11.6,77.1,No,0.0,None
22:30:12.227,Active,405.4,2.4,98.2,11.6,77.7,No,0.0,None
22:30:12.642,Active,409.2,2.4,98.8,11.6,77.1,No,0.0,None
22:30:13.054,Active,405.1,2.4,98.8,11.6,77.1,No,0.0,None
22:30:13.472,Active,408.7,2.4,98.2,11.6,77.7,No,0.0,None
22:30:13.887,Active,406.0,2.4,98.8,11.6,77.1,No,0.0,None
22:30:14.302,Active,405.7,2.4,97.6,11.6,77.1,No,0.0,None
22:30:14.722,Active,410.7,2.4,98.2,11.5,77.1,No,0.0,None
22:30:15.137,Active,407.6,2.4,98.8,11.5,77.1,No,0.0,None
22:30:15.554,Active,408.6,2.4,98.2,11.5,77.1,No,0.0,None
22:30:15.977,Active,415.8,2.4,97.1,11.5,77.7,No,0.0,None
22:30:16.392,Active,406.8,2.4,98.8,11.5,78.2,No,0.0,None
22:30:16.807,Active,406.4,2.4,98.2,11.5,76.5,No,0.0,None
22:30:17.223,Active,406.3,2.4,97.6,11.5,77.1,No,0.0,None
22:30:17.645,Active,412.3,2.4,98.2,11.5,77.7,No,0.0,None
22:30:18.060,Active,407.1,2.4,98.8,11.5,77.7,No,0.0,None
22:30:18.473,Active,406.6,2.4,98.2,11.5,77.7,No,0.0,None
22:30:18.886,Active,406.9,2.4,99.4,11.5,77.7,No,0.0,None
22:30:19.302,Active,411.0,2.4,97.6,11.5,77.1,No,0.0,None
22:30:19.722,Active,409.9,2.4,98.2,11.5,77.1,No,0.0,None
22:30:20.140,Active,407.5,2.4,97.6,11.5,77.7,No,0.0,None
22:30:20.588,Active,438.5,2.4,97.2,11.6,77.1,No,0.0,None
22:30:21.003,Active,405.6,2.4,98.8,11.6,77.7,No,0.0,None
22:30:21.415,Active,405.5,2.4,98.8,11.6,78.2,No,0.0,None
22:30:21.852,Active,431.5,2.4,94.9,11.6,77.1,No,0.0,None
22:30:22.268,Active,406.9,2.4,98.2,11.6,77.7,No,0.0,None
22:30:22.710,Active,433.2,2.4,94.9,11.6,77.7,No,0.0,None
22:30:23.124,Active,407.3,2.4,99.4,11.6,78.2,No,0.0,None
22:30:23.542,Active,408.9,2.4,98.2,11.6,77.1,No,0.0,None
22:30:23.955,Active,405.9,2.4,98.8,11.6,77.7,No,0.0,None
22:30:24.373,Active,409.7,2.4,98.2,11.6,78.2,No,0.0,None
22:30:24.785,Active,405.2,2.4,98.8,11.5,78.2,No,0.0,None
22:30:25.195,Active,405.0,2.4,100.0,11.5,78.2,No,0.0,None
22:30:25.624,Active,418.9,2.4,97.1,11.5,78.2,No,0.0,None
22:30:26.050,Active,417.0,2.4,98.8,11.6,77.7,No,0.0,None
22:31:11.503,Active,439.7,2.4,1.1,11.7,58.4,No,0.0,None
22:31:11.920,Active,407.3,2.4,99.4,11.7,60.0,No,0.0,None
22:31:12.327,Active,401.2,2.4,99.4,11.7,61.7,No,0.0,None
22:31:12.744,Active,406.5,2.4,98.8,11.7,62.8,No,0.0,None
22:31:13.158,Active,406.1,4.8,98.8,11.7,63.9,No,0.0,None
22:31:13.572,Active,407.8,4.8,98.8,11.7,64.5,No,0.0,None
22:31:13.989,Active,406.8,4.8,97.6,11.7,65.0,No,0.0,None
22:31:14.401,Active,406.8,4.8,99.4,11.7,65.0,No,0.0,None
22:31:14.815,Active,406.0,4.8,98.8,11.6,66.7,No,0.0,None
22:31:15.231,Active,406.5,4.8,98.2,11.6,66.7,No,0.0,None
22:31:15.650,Active,408.6,4.8,98.2,11.6,67.8,No,0.0,None
22:31:16.062,Active,404.8,4.8,98.2,11.6,67.8,No,0.0,None
22:31:16.476,Active,407.4,4.8,98.8,11.6,67.2,No,0.0,None
22:31:16.895,Active,410.7,4.8,97.6,11.6,68.3,No,0.0,None
22:31:17.311,Active,409.6,2.4,98.8,11.6,67.8,No,0.0,None
22:31:17.726,Active,409.2,2.4,98.8,11.6,68.3,No,0.0,None
22:31:18.145,Active,408.5,2.4,97.6,11.6,68.8,No,0.0,None
22:31:18.558,Active,405.3,2.4,98.2,11.6,69.4,No,0.0,None
22:31:18.972,Active,408.3,2.4,99.4,11.5,70.5,No,0.0,None
22:31:19.387,Active,406.0,2.4,98.2,11.6,70.0,No,0.0,None
22:31:19.802,Active,408.5,2.4,98.8,11.6,70.5,No,0.0,None
22:31:20.219,Active,407.3,2.4,98.2,11.6,70.5,No,0.0,None
22:31:20.636,Active,407.4,2.4,98.2,11.6,70.5,No,0.0,None
22:31:21.049,Active,405.1,2.4,98.2,11.6,71.0,No,0.0,None
22:31:21.474,Active,417.3,2.4,97.0,11.6,71.6,No,0.0,None
22:31:21.919,Active,437.6,2.4,98.3,11.6,71.6,No,0.0,None
22:31:22.336,Active,407.5,2.4,97.6,11.6,71.0,No,0.0,None
22:31:22.755,Active,409.3,2.4,98.2,11.6,71.6,No,0.0,None
22:31:23.171,Active,406.2,2.4,98.2,11.6,72.7,No,0.0,None
22:31:23.591,Active,410.8,2.4,98.2,11.6,71.6,No,0.0,None
22:31:24.005,Active,406.4,2.4,98.2,11.6,72.2,No,0.0,None
22:31:24.422,Active,408.8,2.4,98.2,11.6,72.2,No,0.0,None
22:31:24.835,Active,405.5,2.4,98.8,11.6,72.7,No,0.0,None
22:31:25.248,Active,406.5,2.4,98.8,11.6,72.7,No,0.0,None
22:31:25.666,Active,409.0,2.4,97.6,11.6,72.7,No,0.0,None
22:31:26.081,Active,408.6,2.4,99.4,11.6,73.8,No,0.0,None
22:31:26.499,Active,409.6,2.4,98.2,11.6,72.7,No,0.0,None
22:31:26.926,Active,419.1,2.4,98.2,11.5,73.8,No,0.0,None
22:31:27.346,Active,409.7,2.4,97.6,11.6,72.7,No,0.0,None
22:31:27.766,Active,410.2,2.4,98.2,11.6,73.2,No,0.0,None
22:31:28.181,Active,406.4,2.4,98.2,11.6,73.2,No,0.0,None
22:31:28.602,Active,412.7,2.4,98.2,11.6,73.8,No,0.0,None
22:31:29.016,Active,406.4,2.4,98.8,11.6,73.8,No,0.0,None
22:31:29.441,Active,415.6,2.4,97.6,11.5,73.8,No,0.0,None
22:31:29.856,Active,407.3,2.4,98.2,11.5,73.2,No,0.0,None
22:31:30.272,Active,406.7,2.4,98.2,11.5,74.3,No,0.0,None
22:31:30.690,Active,408.5,2.4,98.8,11.5,74.3,No,0.0,None
22:31:31.115,Active,417.8,2.4,97.1,11.5,74.3,No,0.0,None
22:31:31.530,Active,409.1,2.4,98.8,11.5,74.3,No,0.0,None
22:31:31.960,Active,423.7,2.4,98.9,11.5,74.9,No,0.0,None
22:31:32.376,Active,406.8,2.4,98.8,11.5,74.3,No,0.0,None
22:31:32.791,Active,409.4,2.4,99.4,11.5,73.2,No,0.0,None
22:31:33.204,Active,405.9,2.4,98.8,11.5,73.8,No,0.0,None
22:31:33.621,Active,407.8,2.4,98.2,11.5,75.5,No,0.0,None
22:31:34.038,Active,408.7,2.4,97.6,11.5,74.3,No,0.0,None
22:31:34.462,Active,417.4,2.4,97.6,11.5,74.9,No,0.0,None
22:31:34.880,Active,408.0,2.4,98.2,11.5,74.9,No,0.0,None
22:31:35.294,Active,405.0,2.4,98.2,11.5,74.9,No,0.0,None
22:31:35.717,Active,413.0,2.4,97.6,11.5,74.9,No,0.0,None
22:31:36.131,Active,407.3,2.4,98.2,11.5,74.9,No,0.0,None
22:31:36.550,Active,409.7,2.4,98.8,11.6,75.5,No,0.0,None
22:31:36.991,Active,433.7,2.4,97.1,11.6,74.9,No,0.0,None
22:31:37.407,Active,406.9,2.4,98.2,11.6,74.9,No,0.0,None
22:31:37.823,Active,406.6,2.4,98.2,11.6,74.9,No,0.0,None
22:31:38.239,Active,410.8,2.4,98.2,11.6,75.5,No,0.0,None
22:31:38.659,Active,409.6,2.4,98.2,11.6,76.0,No,0.0,None
22:31:39.072,Active,406.7,2.4,98.2,11.6,75.5,No,0.0,None
22:31:39.488,Active,409.7,2.4,98.8,11.6,75.5,No,0.0,None
22:31:39.902,Active,408.1,2.4,99.4,11.6,76.0,No,0.0,None
22:31:40.317,Active,407.3,2.4,98.2,11.6,76.0,No,0.0,None
22:31:40.735,Active,408.3,2.4,98.2,11.5,76.0,No,0.0,None
22:31:41.150,Active,407.1,2.4,98.2,11.5,75.5,No,0.0,None
22:31:41.574,Active,414.8,2.4,98.2,11.5,75.5,No,0.0,None
22:31:42.009,Active,423.9,2.4,97.7,11.6,75.5,No,0.0,None
22:31:42.429,Active,410.3,2.4,98.2,11.6,76.0,No,0.0,None
22:31:42.846,Active,407.5,2.4,98.2,11.6,76.0,No,0.0,None
22:31:43.259,Active,407.2,2.4,98.8,11.6,76.0,No,0.0,None
22:31:43.678,Active,410.7,2.4,98.2,11.7,76.0,No,0.0,None
22:31:44.097,Active,409.1,2.4,97.6,11.7,76.0,No,0.0,None
22:31:44.511,Active,406.3,2.4,98.8,11.7,75.5,No,0.0,None
22:31:44.925,Active,404.4,2.4,98.2,11.6,76.0,No,0.0,None
22:31:45.342,Active,408.4,2.4,98.8,11.6,76.0,No,0.0,None
22:31:45.758,Active,407.7,2.4,98.2,11.6,76.5,No,0.0,None
22:31:46.178,Active,408.8,2.4,98.2,11.6,76.5,No,0.0,None
22:31:46.594,Active,408.8,2.4,97.6,11.6,76.5,No,0.0,None
22:31:47.014,Active,410.7,2.4,98.2,11.6,75.5,No,0.0,None
22:31:47.430,Active,408.6,2.4,98.2,11.6,76.5,No,0.0,None
22:31:47.858,Active,418.8,2.4,96.5,11.6,76.0,No,0.0,None
22:31:48.274,Active,406.2,2.4,97.6,11.6,76.5,No,0.0,None
22:31:48.693,Active,409.2,2.4,98.2,11.6,76.0,No,0.0,None
22:31:49.109,Active,409.7,2.4,97.6,11.6,76.5,No,0.0,None
22:31:49.529,Active,410.4,2.4,98.2,11.6,75.5,No,0.0,None
22:31:49.951,Active,411.0,2.4,97.6,11.5,76.5,No,0.0,None
22:31:50.364,Active,406.1,2.4,98.8,11.5,76.5,No,0.0,None
22:31:50.782,Active,408.3,2.4,98.2,11.6,76.5,No,0.0,None
22:31:51.194,Active,406.1,2.4,99.4,11.6,77.1,No,0.0,None
22:31:51.612,Active,408.0,2.4,98.2,11.6,76.5,No,0.0,None
22:31:52.056,Active,434.0,2.4,97.7,11.6,76.5,No,0.0,None
22:31:52.474,Active,409.9,2.4,98.2,11.6,76.5,No,0.0,None
22:31:52.891,Active,407.0,2.4,98.2,11.6,77.1,No,0.0,None
22:31:53.307,Active,406.5,2.4,98.2,11.6,77.1,No,0.0,None
22:31:53.723,Active,409.0,2.4,98.8,11.6,76.0,No,0.0,None
22:31:54.140,Active,407.7,2.4,98.2,11.6,77.7,No,0.0,None
22:31:54.659,Active,410.5,2.4,79.2,11.6,76.0,No,0.0,None
22:31:55.068,Active,402.8,2.3,98.8,11.5,77.1,No,0.0,None
22:31:55.479,Active,405.4,2.3,99.4,11.5,77.1,No,0.0,None
22:31:55.891,Active,405.7,2.3,100.0,11.5,74.9,No,0.0,None
22:31:56.303,Active,406.5,2.3,98.8,11.5,76.5,No,0.0,None
22:31:56.723,Active,409.9,2.3,98.2,11.5,77.1,No,0.0,None
22:31:57.136,Active,406.0,2.3,98.2,11.5,76.5,No,0.0,None
22:31:57.566,Active,420.1,2.3,98.2,11.6,77.1,No,0.0,None
22:31:57.980,Active,406.8,2.3,98.2,11.5,76.5,No,0.0,None
22:31:58.398,Active,407.5,2.3,97.6,11.5,76.5,No,0.0,None
22:31:58.815,Active,409.1,2.3,98.8,11.5,77.1,No,0.0,None
22:31:59.229,Active,406.4,2.4,98.2,11.5,77.1,No,0.0,None
22:31:59.648,Active,409.4,2.4,98.2,11.6,77.1,No,0.0,None
22:32:00.061,Active,406.5,2.4,98.8,11.5,77.1,No,0.0,None
22:32:00.478,Active,407.1,2.4,98.2,11.5,77.1,No,0.0,None
22:32:00.891,Active,406.3,2.4,98.8,11.5,77.1,No,0.0,None
22:32:01.310,Active,408.8,2.4,97.0,11.5,76.5,No,0.0,None
22:32:01.731,Active,411.7,2.4,98.2,11.5,77.1,No,0.0,None
22:32:02.160,Active,422.8,2.4,95.9,11.5,77.7,No,0.0,None
22:32:02.589,Active,423.6,2.4,99.4,11.6,77.7,No,0.0,None
22:32:03.014,Active,417.7,2.4,97.0,11.6,78.2,No,0.0,None
22:32:03.431,Active,409.6,2.4,98.8,11.6,77.1,No,0.0,None
22:32:03.844,Active,407.3,2.4,98.8,11.6,77.1,No,0.0,None
22:32:04.261,Active,408.0,2.4,97.6,11.6,77.1,No,0.0,None
22:32:04.677,Active,408.3,2.4,98.8,11.6,77.1,No,0.0,None
22:32:05.090,Active,406.8,2.4,99.4,11.6,77.1,No,0.0,None
22:32:05.506,Active,408.8,2.4,98.2,11.6,77.1,No,0.0,None
22:32:05.925,Active,411.9,2.4,98.2,11.6,77.7,No,0.0,None
22:32:06.340,Active,406.9,2.4,98.8,11.6,77.1,No,0.0,None
22:32:06.758,Active,409.0,2.4,97.6,11.6,77.7,No,0.0,None
22:32:07.173,Active,408.0,2.4,98.8,11.6,77.1,No,0.0,None
22:32:07.609,Active,428.2,2.4,97.7,11.6,77.7,No,0.0,None
22:32:08.025,Active,407.5,2.4,98.8,11.6,77.7,No,0.0,None
22:32:08.441,Active,410.5,2.4,98.8,11.6,77.7,No,0.0,None
22:32:08.855,Active,406.4,2.4,98.2,11.6,78.2,No,0.0,None
22:32:09.272,Active,406.6,2.4,98.2,11.6,77.7,No,0.0,None
22:32:09.694,Active,412.8,2.4,98.2,11.6,76.5,No,0.0,None
22:32:10.116,Active,415.3,2.4,97.0,11.6,77.7,No,0.0,None
22:32:10.536,Active,410.9,2.4,98.2,11.6,78.2,No,0.0,None
22:32:10.968,Active,422.9,2.4,95.3,11.6,78.2,No,0.0,None
22:32:11.384,Active,406.6,2.4,98.8,11.6,77.7,No,0.0,None
22:32:56.822,Active,425.2,23.2,1.4,11.6,59.5,No,0.0,None
22:32:57.234,Active,404.7,23.2,99.4,11.6,60.6,No,0.0,None
22:32:57.649,Active,408.2,23.2,99.4,11.6,61.7,No,0.0,None
22:32:58.064,Active,409.4,23.2,98.8,11.6,62.8,No,0.0,None
22:32:58.489,Active,416.0,23.2,98.2,11.6,63.9,No,0.0,None
22:32:58.901,Active,405.9,23.2,99.4,11.6,65.0,No,0.0,None
22:32:59.313,Active,406.2,23.2,99.4,11.6,64.5,No,0.0,None
22:32:59.733,Active,414.2,23.2,98.8,11.6,65.5,No,0.0,None
22:33:00.159,Active,416.1,23.2,96.4,11.6,66.1,No,0.0,None
22:33:00.574,Active,408.7,23.2,99.4,11.5,68.3,No,0.0,None
22:33:00.988,Active,408.6,2.4,98.8,11.5,67.8,No,0.0,None
22:33:01.404,Active,407.2,2.4,98.8,11.5,68.3,No,0.0,None
22:33:01.822,Active,406.9,2.4,97.0,11.5,68.8,No,0.0,None
22:33:02.239,Active,406.3,2.4,97.6,11.5,68.8,No,0.0,None
22:33:02.658,Active,408.7,2.4,98.8,11.5,68.8,No,0.0,None
22:33:03.075,Active,406.9,2.4,98.2,11.5,68.8,No,0.0,None
22:33:03.508,Active,426.4,2.4,98.3,11.6,69.4,No,0.0,None
22:33:03.923,Active,406.0,2.4,98.2,11.6,68.8,No,0.0,None
22:33:04.355,Active,421.3,2.4,95.9,11.6,70.5,No,0.0,None
22:33:04.771,Active,409.2,2.4,98.2,11.6,70.0,No,0.0,None
22:33:05.189,Active,408.0,2.4,98.2,11.6,71.0,No,0.0,None
22:33:05.607,Active,408.6,2.4,97.6,11.6,71.0,No,0.0,None
22:33:06.026,Active,408.5,2.4,98.2,11.5,70.5,No,0.0,None
22:33:06.442,Active,407.6,2.4,98.2,11.5,71.6,No,0.0,None
22:33:06.863,Active,412.2,2.4,98.2,11.5,72.2,No,0.0,None
22:33:07.275,Active,406.3,2.4,98.2,11.5,72.7,No,0.0,None
22:33:07.698,Active,412.6,2.4,97.6,11.5,71.6,No,0.0,None
22:33:08.112,Active,407.1,2.4,98.8,11.5,72.2,No,0.0,None
22:33:08.562,Active,440.3,2.4,96.1,11.6,71.6,No,0.0,None
22:33:08.976,Active,407.5,2.4,98.8,11.5,72.7,No,0.0,None
22:33:09.390,Active,407.3,2.4,98.8,11.5,72.2,No,0.0,None
22:33:09.808,Active,412.8,2.4,98.2,11.5,73.2,No,0.0,None
22:33:10.225,Active,406.4,2.4,98.2,11.5,72.2,No,0.0,None
22:33:10.641,Active,408.1,2.4,98.8,11.5,72.7,No,0.0,None
22:33:11.053,Active,406.0,2.4,100.0,11.5,73.2,No,0.0,None
22:33:11.465,Active,406.2,2.4,99.4,11.5,72.7,No,0.0,None
22:33:11.879,Active,404.1,2.4,98.8,11.5,72.7,No,0.0,None
22:33:12.293,Active,407.8,2.4,99.4,11.5,73.2,No,0.0,None
22:33:12.708,Active,409.6,2.4,99.4,11.5,74.3,No,0.0,None
22:33:13.122,Active,407.7,2.4,99.4,11.5,73.8,No,0.0,None
22:33:13.564,Active,435.3,2.4,97.2,11.5,73.2,No,0.0,None
22:33:14.005,Active,432.0,2.4,95.5,11.6,73.8,No,0.0,None
22:33:14.420,Active,407.3,2.4,98.8,11.6,74.3,No,0.0,None
22:33:14.834,Active,408.0,2.4,98.2,11.6,73.8,No,0.0,None
22:33:15.252,Active,408.1,2.4,98.2,11.6,74.9,No,0.0,None
22:33:15.672,Active,410.7,2.4,98.2,11.6,73.8,No,0.0,None
22:33:16.092,Active,411.8,2.4,98.2,11.6,74.3,No,0.0,None
22:33:16.510,Active,411.9,2.4,98.8,11.6,74.9,No,0.0,None
22:33:16.927,Active,408.7,2.4,98.2,11.5,73.8,No,0.0,None
22:33:17.341,Active,406.7,2.4,98.2,11.5,73.8,No,0.0,None
22:33:17.757,Active,408.2,2.4,98.2,11.5,74.3,No,0.0,None
22:33:18.175,Active,408.5,2.4,98.2,11.5,73.8,No,0.0,None
22:33:18.609,Active,423.8,2.4,96.0,11.5,74.9,No,0.0,None
22:33:19.027,Active,408.5,2.4,98.2,11.5,74.9,No,0.0,None
22:33:19.444,Active,409.7,2.4,98.2,11.5,74.9,No,0.0,None
22:33:19.863,Active,409.6,2.4,98.2,11.5,75.5,No,0.0,None
22:33:20.277,Active,407.9,2.4,98.8,11.5,74.9,No,0.0,None
22:33:20.690,Active,407.4,2.4,99.4,11.5,75.5,No,0.0,None
22:33:21.103,Active,406.9,2.4,100.0,11.5,75.5,No,0.0,None
22:33:21.519,Active,408.5,2.4,98.2,11.5,74.9,No,0.0,None
22:33:21.936,Active,407.2,2.4,97.6,11.5,74.9,No,0.0,None
22:33:22.353,Active,406.8,2.4,98.2,11.5,74.9,No,0.0,None
22:33:22.769,Active,409.0,2.4,98.8,11.5,74.9,No,0.0,None
22:33:23.185,Active,408.0,2.4,98.2,11.5,75.5,No,0.0,None
22:33:23.630,Active,436.9,2.4,98.3,11.6,76.0,No,0.0,None
22:33:24.046,Active,406.3,2.4,98.2,11.6,76.0,No,0.0,None
22:33:24.464,Active,408.3,2.4,98.2,11.6,75.5,No,0.0,None
22:33:24.883,Active,409.5,2.4,98.2,11.6,75.5,No,0.0,None
22:33:25.296,Active,406.0,2.4,98.2,11.6,76.0,No,0.0,None
22:33:25.715,Active,409.3,2.4,98.2,11.6,76.0,No,0.0,None
22:33:26.130,Active,406.2,2.4,98.2,11.6,76.0,No,0.0,None
22:33:26.543,Active,407.0,2.4,98.8,11.6,76.0,No,0.0,None
22:33:26.964,Active,411.1,2.4,98.2,11.6,76.0,No,0.0,None
22:33:27.380,Active,406.7,2.4,98.2,11.6,76.0,No,0.0,None
22:33:27.799,Active,408.7,2.4,98.2,11.6,76.5,No,0.0,None
22:33:28.214,Active,405.5,2.4,98.2,11.6,76.0,No,0.0,None
22:33:28.630,Active,408.7,2.4,98.8,11.6,76.0,No,0.0,None
22:33:29.057,Active,418.1,2.4,98.2,11.6,76.5,No,0.0,None
22:33:29.475,Active,408.4,2.4,98.2,11.6,76.0,No,0.0,None
22:33:29.891,Active,407.4,2.4,98.2,11.6,76.5,No,0.0,None
22:33:30.308,Active,407.4,2.4,98.2,11.6,76.5,No,0.0,None
22:33:30.727,Active,409.3,2.4,97.6,11.6,76.5,No,0.0,None
22:33:31.150,Active,417.0,2.4,97.6,11.6,76.5,No,0.0,None
22:33:31.568,Active,408.8,2.4,98.2,11.6,76.5,No,0.0,None
22:33:31.985,Active,407.9,2.4,98.2,11.6,76.0,No,0.0,None
22:33:32.400,Active,407.2,2.4,98.2,11.6,76.5,No,0.0,None
22:33:32.818,Active,408.0,2.4,97.0,11.6,76.5,No,0.0,None
22:33:33.233,Active,405.2,2.4,98.2,11.6,76.5,No,0.0,None
22:33:33.650,Active,409.1,2.4,98.8,11.6,76.5,No,0.0,None
22:33:34.084,Active,424.4,2.4,98.3,11.6,76.0,No,0.0,None
22:33:34.503,Active,408.8,2.4,98.2,11.6,76.5,No,0.0,None
22:33:34.919,Active,407.1,2.4,98.2,11.6,76.5,No,0.0,None
22:33:35.335,Active,409.7,2.4,98.8,11.6,75.5,No,0.0,None
22:33:35.751,Active,410.1,2.4,98.2,11.6,76.0,No,0.0,None
22:33:36.165,Active,407.6,2.4,98.8,11.6,77.1,No,0.0,None
22:33:36.580,Active,409.3,2.4,98.8,11.6,76.5,No,0.0,None
22:33:36.996,Active,407.9,2.4,98.2,11.5,77.1,No,0.0,None
22:33:37.413,Active,408.4,2.4,98.2,11.6,77.7,No,0.0,None
22:33:37.832,Active,409.6,2.4,98.2,11.6,77.7,No,0.0,None
22:33:38.251,Active,410.0,2.4,98.2,11.6,77.1,No,0.0,None
22:33:38.667,Active,408.7,2.4,98.2,11.6,76.5,No,0.0,None
22:33:39.127,Active,454.0,2.4,95.6,11.6,76.5,No,0.0,None
22:33:39.544,Active,411.0,2.4,98.8,11.6,77.7,No,0.0,None
22:33:39.959,Active,405.8,2.4,98.2,11.6,77.7,No,0.0,None
22:33:40.374,Active,409.3,2.4,98.8,11.6,77.1,No,0.0,None
22:33:40.789,Active,408.5,2.4,99.4,11.6,77.1,No,0.0,None
22:33:41.203,Active,407.3,2.4,98.2,11.6,76.0,No,0.0,None
22:33:41.623,Active,410.8,2.4,98.8,11.6,77.1,No,0.0,None
22:33:42.036,Active,406.4,2.4,98.2,11.6,77.1,No,0.0,None
22:33:42.455,Active,409.7,2.4,97.6,11.6,77.7,No,0.0,None
22:33:42.874,Active,408.0,2.4,98.8,11.5,77.1,No,0.0,None
22:33:43.294,Active,410.0,2.4,97.6,11.5,77.1,No,0.0,None
22:33:43.711,Active,409.9,2.4,98.2,11.5,77.1,No,0.0,None
22:33:44.147,Active,426.9,2.4,98.3,11.6,77.1,No,0.0,None
22:33:44.567,Active,410.2,2.4,98.2,11.6,77.1,No,0.0,None
22:33:44.982,Active,407.1,2.4,98.2,11.6,77.7,No,0.0,None
22:33:45.398,Active,407.1,2.4,98.2,11.6,78.2,No,0.0,None
22:33:45.815,Active,407.9,2.4,98.2,11.6,78.2,No,0.0,None
22:33:46.232,Active,407.9,2.4,98.2,11.6,77.1,No,0.0,None
22:33:46.650,Active,409.6,2.4,98.2,11.6,77.1,No,0.0,None
22:33:47.064,Active,407.3,2.4,99.4,11.6,77.1,No,0.0,None
22:33:47.481,Active,407.6,2.4,98.2,11.6,78.2,No,0.0,None
22:33:47.894,Active,406.0,2.4,97.6,11.6,77.7,No,0.0,None
22:33:48.310,Active,408.5,2.4,98.8,11.5,78.2,No,0.0,None
22:33:48.726,Active,408.8,2.4,98.8,11.5,78.2,No,0.0,None
22:33:49.142,Active,406.8,2.4,98.2,11.5,77.7,No,0.0,None
22:33:49.567,Active,417.6,2.4,97.0,11.6,78.2,No,0.0,None
22:33:49.987,Active,409.8,2.4,98.2,11.5,77.7,No,0.0,None
22:33:50.402,Active,406.7,2.4,97.6,11.5,78.2,No,0.0,None
22:33:50.819,Active,407.7,2.4,98.8,11.5,77.1,No,0.0,None
22:33:51.239,Active,409.8,2.4,97.6,11.5,78.2,No,0.0,None
22:33:51.654,Active,409.0,2.4,98.2,11.6,78.2,No,0.0,None
22:33:52.071,Active,406.0,2.4,98.2,11.6,78.2,No,0.0,None
22:33:52.490,Active,409.0,2.4,98.2,11.6,78.2,No,0.0,None
22:33:52.907,Active,409.1,2.4,98.2,11.5,77.1,No,0.0,None
22:33:53.320,Active,406.6,2.4,98.8,11.5,78.2,No,0.0,None
22:33:53.736,Active,407.3,2.4,98.2,11.5,79.3,No,0.0,None
22:33:54.192,Active,445.8,2.4,97.8,11.6,77.7,No,0.0,None
22:33:54.611,Active,410.0,2.4,98.2,11.6,78.2,No,0.0,None
22:33:55.023,Active,406.0,2.4,98.8,11.6,78.2,No,0.0,None
22:33:55.438,Active,408.1,2.4,98.2,11.6,78.2,No,0.0,None
22:33:55.851,Active,405.7,2.4,98.8,11.6,78.8,No,0.0,None
22:33:56.266,Active,406.4,2.4,98.8,11.6,78.8,No,0.0,None
22:33:56.682,Active,410.1,2.4,99.4,11.6,78.8,No,0.0,None
22:34:42.113,Active,416.3,2.4,1.0,11.6,59.5,No,0.0,None
22:34:42.526,Active,406.2,2.4,100.0,11.6,61.1,No,0.0,None
22:34:42.951,Active,414.6,2.4,96.5,11.6,62.2,No,0.0,None
22:34:43.366,Active,406.7,2.4,98.8,11.6,63.4,No,0.0,None
22:34:43.779,Active,406.7,2.4,98.8,11.6,64.5,No,0.0,None
22:34:44.194,Active,406.2,2.4,98.8,11.6,65.0,No,0.0,None
22:34:44.612,Active,408.6,3.4,98.2,11.6,65.0,No,0.0,None
22:34:45.041,Active,421.3,3.4,98.3,11.6,66.1,No,0.0,None
22:34:45.460,Active,409.3,3.4,98.2,11.6,66.7,No,0.0,None
22:34:45.876,Active,406.2,3.4,98.2,11.6,67.2,No,0.0,None
22:34:46.291,Active,405.6,3.4,98.8,11.6,67.8,No,0.0,None
22:34:46.705,Active,408.6,3.4,98.8,11.6,67.2,No,0.0,None
22:34:47.124,Active,408.5,3.4,98.2,11.6,68.3,No,0.0,None
22:34:47.541,Active,409.5,3.4,98.2,11.6,68.8,No,0.0,None
22:34:47.958,Active,408.5,3.4,97.6,11.6,69.4,No,0.0,None
22:34:48.378,Active,410.7,3.4,98.2,11.5,70.0,No,0.0,None
22:34:48.791,Active,407.4,2.4,98.2,11.5,69.4,No,0.0,None
22:34:49.207,Active,406.6,2.4,98.2,11.5,70.5,No,0.0,None
22:34:49.629,Active,412.5,2.4,97.0,11.5,70.5,No,0.0,None
22:34:50.045,Active,406.5,2.4,98.2,11.5,68.8,No,0.0,None
22:34:50.464,Active,409.7,2.4,98.2,11.5,71.0,No,0.0,None
22:34:50.881,Active,407.4,2.4,98.2,11.5,71.0,No,0.0,None
22:34:51.294,Active,406.2,2.4,98.2,11.5,72.2,No,0.0,None
22:34:51.710,Active,408.8,2.4,98.8,11.5,72.2,No,0.0,None
22:34:52.123,Active,405.7,2.4,98.8,11.5,72.2,No,0.0,None
22:34:52.543,Active,413.9,2.4,98.8,11.5,72.2,No,0.0,None
22:34:52.959,Active,407.3,2.4,98.2,11.5,72.2,No,0.0,None
22:34:53.372,Active,407.2,2.4,99.4,11.5,72.7,No,0.0,None
22:34:53.791,Active,409.5,2.4,98.2,11.5,72.7,No,0.0,None
22:34:54.211,Active,414.6,2.4,97.6,11.5,73.2,No,0.0,None
22:34:54.629,Active,409.0,2.4,98.2,11.5,72.7,No,0.0,None
22:34:55.102,Active,465.5,2.4,94.6,11.5,72.2,No,0.0,None
22:34:55.522,Active,413.0,2.4,98.2,11.6,72.7,No,0.0,None
22:34:55.941,Active,412.3,2.4,98.2,11.6,72.7,No,0.0,None
22:34:56.375,Active,427.5,2.4,96.0,11.6,73.8,No,0.0,None
22:34:56.793,Active,408.5,2.4,97.6,11.6,73.2,No,0.0,None
22:34:57.219,Active,416.5,2.3,97.6,11.6,73.2,No,0.0,None
22:34:57.633,Active,408.3,2.3,98.2,11.6,73.2,No,0.0,None
22:34:58.049,Active,407.5,2.3,98.2,11.6,73.8,No,0.0,None
22:34:58.467,Active,412.4,2.3,98.8,11.5,73.8,No,0.0,None
22:34:58.879,Active,406.3,2.3,98.8,11.5,73.2,No,0.0,None
22:34:59.297,Active,408.0,2.3,97.6,11.5,73.2,No,0.0,None
22:34:59.716,Active,408.6,2.3,98.2,11.5,73.8,No,0.0,None
22:35:00.130,Active,404.7,2.3,98.2,11.5,73.8,No,0.0,None
22:35:00.559,Active,419.8,2.3,98.2,11.5,74.3,No,0.0,None
22:35:00.975,Active,405.6,2.3,98.2,11.5,75.5,No,0.0,None
22:35:01.389,Active,407.1,2.4,98.2,11.5,73.8,No,0.0,None
22:35:01.805,Active,409.2,2.4,98.8,11.5,74.3,No,0.0,None
22:35:02.221,Active,407.1,2.4,98.8,11.5,74.3,No,0.0,None
22:35:02.641,Active,412.3,2.4,97.6,11.5,74.9,No,0.0,None
22:35:03.059,Active,410.0,2.4,98.2,11.5,74.9,No,0.0,None
22:35:03.473,Active,407.7,2.4,98.2,11.5,74.9,No,0.0,None
22:35:03.890,Active,407.4,2.4,98.2,11.5,74.9,No,0.0,None
22:35:04.307,Active,406.7,2.4,97.6,11.5,75.5,No,0.0,None
22:35:04.726,Active,409.1,2.4,98.2,11.5,74.9,No,0.0,None
22:35:05.139,Active,406.8,2.4,98.8,11.5,74.9,No,0.0,None
22:35:05.574,Active,428.9,2.4,98.9,11.5,75.5,No,0.0,None
22:35:06.010,Active,426.2,2.4,95.4,11.5,76.0,No,0.0,None
22:35:06.430,Active,413.0,2.4,98.8,11.5,74.9,No,0.0,None
22:35:06.845,Active,407.5,2.4,98.2,11.5,76.0,No,0.0,None
22:35:07.262,Active,408.9,2.4,98.2,11.5,74.9,No,0.0,None
22:35:07.678,Active,409.3,2.4,98.8,11.5,76.0,No,0.0,None
22:35:08.093,Active,408.0,2.4,98.8,11.5,76.0,No,0.0,None
22:35:08.509,Active,409.7,2.4,98.8,11.5,76.0,No,0.0,None
22:35:08.928,Active,411.0,2.4,97.1,11.5,76.5,No,0.0,None
22:35:09.361,Active,424.4,2.4,95.9,11.5,76.0,No,0.0,None
22:35:09.792,Active,422.6,2.4,96.5,11.5,75.5,No,0.0,None
22:35:10.209,Active,408.3,2.4,98.2,11.5,75.5,No,0.0,None
22:35:10.649,Active,431.6,2.4,98.9,11.6,76.5,No,0.0,None
22:35:11.070,Active,413.2,2.4,97.6,11.6,76.5,No,0.0,None
22:35:11.486,Active,408.7,2.4,98.8,11.6,76.0,No,0.0,None
22:35:11.900,Active,407.0,2.4,98.8,11.6,76.0,No,0.0,None
22:35:12.320,Active,413.6,2.4,98.8,11.6,76.5,No,0.0,None
22:35:12.737,Active,407.8,2.4,98.2,11.6,76.5,No,0.0,None
22:35:13.149,Active,406.1,2.4,99.4,11.6,77.7,No,0.0,None
22:35:13.560,Active,405.9,2.4,99.4,11.5,76.5,No,0.0,None
22:35:13.973,Active,404.1,2.4,99.4,11.5,77.1,No,0.0,None
22:35:14.385,Active,405.8,2.4,100.0,11.5,76.5,No,0.0,None
22:35:14.803,Active,409.9,2.4,98.2,11.5,77.7,No,0.0,None
22:35:15.218,Active,409.2,2.4,98.2,11.5,77.1,No,0.0,None
22:35:15.655,Active,429.6,2.4,98.9,11.5,77.7,No,0.0,None
22:35:16.090,Active,429.5,2.4,96.0,11.6,76.0,No,0.0,None
22:35:16.505,Active,407.5,2.4,98.8,11.6,77.1,No,0.0,None
22:35:16.921,Active,410.4,2.4,97.6,11.6,77.1,No,0.0,None
22:35:17.335,Active,407.5,2.4,98.8,11.6,77.1,No,0.0,None
22:35:17.751,Active,409.1,2.4,98.2,11.6,76.5,No,0.0,None
22:35:18.175,Active,414.1,2.4,97.0,11.6,76.5,No,0.0,None
22:35:18.593,Active,409.2,2.4,98.2,11.6,77.1,No,0.0,None
22:35:19.009,Active,409.1,2.4,98.8,11.5,77.7,No,0.0,None
22:35:19.421,Active,404.3,2.4,98.2,11.5,78.2,No,0.0,None
22:35:19.829,Active,401.9,2.4,100.0,11.5,77.7,No,0.0,None
22:35:20.240,Active,404.8,2.4,99.4,11.5,77.7,No,0.0,None
22:35:20.659,Active,410.0,2.4,98.2,11.5,77.7,No,0.0,None
22:35:21.073,Active,407.6,2.4,98.2,11.5,77.1,No,0.0,None
22:35:21.485,Active,406.4,2.4,99.4,11.5,77.1,No,0.0,None
22:35:21.903,Active,406.7,2.4,98.2,11.5,77.7,No,0.0,None
22:35:22.316,Active,407.4,2.4,98.8,11.5,77.1,No,0.0,None
22:35:22.729,Active,406.9,2.4,99.4,11.5,77.1,No,0.0,None
22:35:23.144,Active,405.8,2.4,97.6,11.5,77.7,No,0.0,None
22:35:23.562,Active,408.3,2.4,98.8,11.5,77.7,No,0.0,None
22:35:23.978,Active,408.7,2.4,98.2,11.5,77.1,No,0.0,None
22:35:24.391,Active,406.5,2.4,98.2,11.5,76.5,No,0.0,None
22:35:24.807,Active,409.8,2.4,98.8,11.5,77.7,No,0.0,None
22:35:25.225,Active,407.9,2.4,98.2,11.5,77.7,No,0.0,None
22:35:25.676,Active,443.3,2.4,97.8,11.6,77.7,No,0.0,None
22:35:26.091,Active,406.0,2.4,98.8,11.6,77.7,No,0.0,None
22:35:26.508,Active,408.4,2.4,98.2,11.6,77.7,No,0.0,None
22:35:27.021,Active,406.0,2.4,80.0,11.6,76.5,No,0.0,None
22:35:27.439,Active,408.4,2.4,98.2,11.6,77.7,No,0.0,None
22:35:27.856,Active,406.7,2.4,98.2,11.6,78.2,No,0.0,None
22:35:28.271,Active,407.4,2.4,98.2,11.6,77.7,No,0.0,None
22:35:28.688,Active,407.1,2.4,98.2,11.6,77.7,No,0.0,None
22:35:29.100,Active,406.2,2.4,98.8,11.6,77.1,No,0.0,None
22:35:29.517,Active,407.8,2.4,98.8,11.6,78.2,No,0.0,None
22:35:29.929,Active,406.0,2.4,99.4,11.6,78.2,No,0.0,None
22:35:30.339,Active,404.8,2.4,99.4,11.6,77.1,No,0.0,None
22:35:30.764,Active,418.7,2.3,99.4,11.5,78.2,No,0.0,None
22:35:31.177,Active,404.2,2.3,98.8,11.5,78.2,No,0.0,None
22:35:31.594,Active,408.6,2.3,99.4,11.6,77.7,No,0.0,None
22:35:32.010,Active,408.6,2.3,98.2,11.6,77.7,No,0.0,None
22:35:32.426,Active,410.4,2.3,98.8,11.6,77.1,No,0.0,None
22:35:32.837,Active,405.4,2.3,98.8,11.5,77.7,No,0.0,None
22:35:33.250,Active,406.4,2.3,99.4,11.5,77.1,No,0.0,None
22:35:33.664,Active,406.4,2.3,98.8,11.5,78.8,No,0.0,None
22:35:34.076,Active,403.3,2.3,98.8,11.5,78.8,No,0.0,None
22:35:34.493,Active,409.5,2.3,99.4,11.5,77.7,No,0.0,None
22:35:34.907,Active,407.8,2.4,98.8,11.5,77.7,No,0.0,None
22:35:35.321,Active,407.9,2.4,98.8,11.5,78.2,No,0.0,None
22:35:35.748,Active,419.1,2.4,98.2,11.6,77.7,No,0.0,None
22:35:36.166,Active,408.6,2.4,98.8,11.6,78.2,No,0.0,None
22:35:36.605,Active,432.2,2.4,94.3,11.6,78.2,No,0.0,None
22:35:37.025,Active,408.0,2.4,97.6,11.6,78.2,No,0.0,None
22:35:37.443,Active,411.6,2.4,97.6,11.6,78.2,No,0.0,None
22:35:37.859,Active,410.0,2.4,98.8,11.6,78.2,No,0.0,None
22:35:38.275,Active,409.6,2.4,98.2,11.5,78.2,No,0.0,None
22:35:38.689,Active,408.8,2.4,98.2,11.5,78.8,No,0.0,None
22:35:39.105,Active,408.2,2.4,98.2,11.5,78.8,No,0.0,None
22:35:39.521,Active,408.0,2.4,98.8,11.5,78.8,No,0.0,None
22:35:39.935,Active,405.5,2.4,98.8,11.5,78.2,No,0.0,None
22:35:40.349,Active,408.2,2.4,98.8,11.5,79.3,No,0.0,None
22:35:40.793,Active,435.5,2.4,96.6,11.6,77.1,No,0.0,None
22:35:41.211,Active,409.0,2.4,98.2,11.6,78.2,No,0.0,None
22:35:41.632,Active,410.5,2.4,98.2,11.6,78.8,No,0.0,None
22:35:42.048,Active,406.4,2.4,97.6,11.6,78.8,No,0.0,None
22:36:27.493,Active,428.2,2.4,1.4,11.7,58.4,No,0.0,None
22:36:27.910,Active,406.8,2.4,98.2,11.7,60.6,No,0.0,None
22:36:28.324,Active,407.2,7.9,98.8,11.7,61.1,No,0.0,None
22:36:28.737,Active,407.3,7.9,99.4,11.7,63.4,No,0.0,None
22:36:29.155,Active,411.7,7.9,98.2,11.7,63.4,No,0.0,None
22:36:29.574,Active,410.9,7.9,97.6,11.7,64.5,No,0.0,None
22:36:29.989,Active,407.2,7.9,98.2,11.6,64.5,No,0.0,None
22:36:30.412,Active,413.6,7.9,97.0,11.6,65.0,No,0.0,None
22:36:30.831,Active,408.8,7.9,98.2,11.6,65.0,No,0.0,None
22:36:31.244,Active,406.7,7.9,98.8,11.6,66.7,No,0.0,None
22:36:31.673,Active,419.6,7.9,97.7,11.6,67.8,No,0.0,None
22:36:32.100,Active,417.4,7.9,98.2,11.6,67.8,No,0.0,None
22:36:32.520,Active,409.0,2.4,98.2,11.6,67.8,No,0.0,None
22:36:32.939,Active,410.0,2.4,98.2,11.6,68.8,No,0.0,None
22:36:33.353,Active,407.0,2.4,98.2,11.6,67.8,No,0.0,None
22:36:33.771,Active,411.1,2.4,98.2,11.6,68.3,No,0.0,None
22:36:34.185,Active,407.2,2.4,98.8,11.6,69.4,No,0.0,None
22:36:34.603,Active,408.5,2.4,97.6,11.6,68.8,No,0.0,None
22:36:35.019,Active,405.8,2.4,98.2,11.6,69.4,No,0.0,None
22:36:35.440,Active,409.9,2.4,98.2,11.6,69.4,No,0.0,None
22:36:35.854,Active,406.1,2.4,98.2,11.6,70.5,No,0.0,None
22:36:36.270,Active,407.0,2.4,98.2,11.5,70.5,No,0.0,None
22:36:36.688,Active,410.6,2.4,98.2,11.5,71.0,No,0.0,None
22:36:37.115,Active,417.4,2.4,98.2,11.5,71.6,No,0.0,None
22:36:37.532,Active,408.1,2.4,98.8,11.6,71.0,No,0.0,None
22:36:37.950,Active,406.0,2.4,97.6,11.6,70.5,No,0.0,None
22:36:38.364,Active,404.9,2.4,98.2,11.6,71.6,No,0.0,None
22:36:38.781,Active,407.3,2.4,98.2,11.6,71.6,No,0.0,None
22:36:39.197,Active,406.3,2.4,98.2,11.6,71.6,No,0.0,None
22:36:39.614,Active,408.1,2.4,98.2,11.6,72.2,No,0.0,None
22:36:40.028,Active,406.2,2.4,98.2,11.5,71.6,No,0.0,None
22:36:40.446,Active,408.7,2.4,98.8,11.5,72.7,No,0.0,None
22:36:40.872,Active,416.3,2.4,97.7,11.5,72.2,No,0.0,None
22:36:41.285,Active,404.9,2.4,99.4,11.5,72.7,No,0.0,None
22:36:41.704,Active,409.6,2.4,98.2,11.5,72.7,No,0.0,None
22:36:42.179,Active,464.8,2.4,93.7,11.6,72.7,No,0.0,None
22:36:42.598,Active,411.7,2.4,98.2,11.6,72.2,No,0.0,None
22:36:43.013,Active,408.6,2.4,98.2,11.6,73.2,No,0.0,None
22:36:43.431,Active,408.9,2.4,98.2,11.6,73.2,No,0.0,None
22:36:43.851,Active,409.5,2.4,97.6,11.6,73.2,No,0.0,None
22:36:44.263,Active,406.3,2.4,98.8,11.6,72.7,No,0.0,None
22:36:44.682,Active,409.0,2.4,98.2,11.6,73.8,No,0.0,None
22:36:45.095,Active,406.3,2.4,98.2,11.6,73.8,No,0.0,None
22:36:45.515,Active,409.7,2.4,98.2,11.6,71.6,No,0.0,None
22:36:45.928,Active,407.1,2.4,98.8,11.6,73.8,No,0.0,None
22:36:46.337,Active,403.5,2.4,99.4,11.6,73.8,No,0.0,None
22:36:46.749,Active,405.2,2.4,99.4,11.6,73.8,No,0.0,None
22:36:47.180,Active,424.4,2.4,100.0,11.6,73.8,No,0.0,None
22:36:47.596,Active,407.8,2.4,98.8,11.6,73.8,No,0.0,None
22:36:48.010,Active,406.6,2.4,98.8,11.6,74.9,No,0.0,None
22:36:48.426,Active,408.8,2.4,98.8,11.6,74.3,No,0.0,None
22:36:48.841,Active,409.0,2.4,99.4,11.6,74.3,No,0.0,None
22:36:49.259,Active,409.9,2.4,97.6,11.6,73.8,No,0.0,None
22:36:49.678,Active,409.2,2.4,97.6,11.6,74.3,No,0.0,None
22:36:50.095,Active,409.7,2.4,98.8,11.6,74.9,No,0.0,None
22:36:50.510,Active,409.3,2.4,98.2,11.5,74.3,No,0.0,None
22:36:50.926,Active,406.7,2.4,98.2,11.6,74.9,No,0.0,None
22:36:51.342,Active,408.9,2.4,98.8,11.6,74.9,No,0.0,None
22:36:51.760,Active,408.4,2.4,98.2,11.6,74.9,No,0.0,None
22:36:52.175,Active,406.0,2.4,98.2,11.6,74.9,No,0.0,None
22:36:52.594,Active,409.5,2.4,98.2,11.6,74.9,No,0.0,None
22:36:53.007,Active,405.3,2.4,98.8,11.5,75.5,No,0.0,None
22:36:53.426,Active,408.6,2.4,98.2,11.5,74.9,No,0.0,None
22:36:53.841,Active,406.0,2.4,98.2,11.5,74.9,No,0.0,None
22:36:54.258,Active,407.5,2.4,97.6,11.5,74.9,No,0.0,None
22:36:54.678,Active,410.3,2.4,98.2,11.5,75.5,No,0.0,None
22:36:55.095,Active,407.5,2.4,98.2,11.5,74.3,No,0.0,None
22:36:55.510,Active,408.9,2.4,98.8,11.5,76.0,No,0.0,None
22:36:55.922,Active,405.3,2.4,98.8,11.5,74.9,No,0.0,None
22:36:56.335,Active,406.9,2.4,98.8,11.5,74.9,No,0.0,None
22:36:56.753,Active,407.9,2.4,97.6,11.5,75.5,No,0.0,None
22:36:57.207,Active,446.1,2.4,96.7,11.6,75.5,No,0.0,None
22:36:57.630,Active,414.5,2.4,98.2,11.7,74.9,No,0.0,None
22:36:58.045,Active,407.7,2.4,98.8,11.7,74.9,No,0.0,None
22:36:58.464,Active,409.4,2.4,97.6,11.6,76.0,No,0.0,None
22:36:58.879,Active,406.1,2.4,98.8,11.6,75.5,No,0.0,None
22:36:59.296,Active,408.4,2.4,98.2,11.6,76.0,No,0.0,None
22:36:59.713,Active,407.9,2.4,98.2,11.6,76.0,No,0.0,None
22:37:00.134,Active,413.4,2.4,97.6,11.6,76.0,No,0.0,None
22:37:00.551,Active,410.5,2.4,98.8,11.6,75.5,No,0.0,None
22:37:00.969,Active,408.0,2.4,98.2,11.6,76.0,No,0.0,None
22:37:01.381,Active,406.3,2.4,98.8,11.6,76.5,No,0.0,None
22:37:01.792,Active,405.5,2.4,99.4,11.6,76.0,No,0.0,None
22:37:02.204,Active,402.9,2.4,99.4,11.6,76.0,No,0.0,None
22:37:02.625,Active,408.0,2.4,98.2,11.6,76.5,No,0.0,None
22:37:03.042,Active,407.1,2.4,98.2,11.6,76.0,No,0.0,None
22:37:03.461,Active,409.4,2.4,98.2,11.6,76.0,No,0.0,None
22:37:03.879,Active,411.1,2.4,97.6,11.6,76.0,No,0.0,None
22:37:04.298,Active,410.6,2.4,98.2,11.6,76.0,No,0.0,None
22:37:04.714,Active,410.6,2.4,97.6,11.6,76.5,No,0.0,None
22:37:05.132,Active,408.4,2.4,98.2,11.6,77.7,No,0.0,None
22:37:05.555,Active,413.8,2.4,98.2,11.6,76.5,No,0.0,None
22:37:05.968,Active,406.8,2.4,98.2,11.6,77.7,No,0.0,None
22:37:06.385,Active,406.9,2.4,98.2,11.6,76.5,No,0.0,None
22:37:06.804,Active,409.9,2.4,98.2,11.6,76.5,No,0.0,None
22:37:07.230,Active,416.6,2.4,97.7,11.6,76.0,No,0.0,None
22:37:07.677,Active,432.7,2.4,94.9,11.6,76.5,No,0.0,None
22:37:08.093,Active,406.7,2.4,98.2,11.6,76.5,No,0.0,None
22:37:08.511,Active,408.5,2.4,98.2,11.6,76.5,No,0.0,None
22:37:09.025,Active,406.5,2.4,79.0,11.6,77.1,No,0.0,None
22:37:09.445,Active,409.4,2.4,98.2,11.5,76.0,No,0.0,None
22:37:09.856,Active,405.5,2.4,99.4,11.5,77.1,No,0.0,None
22:37:10.270,Active,404.7,2.3,98.2,11.5,76.5,No,0.0,None
22:37:10.693,Active,416.2,2.3,98.2,11.5,76.0,No,0.0,None
22:37:11.113,Active,412.2,2.3,97.0,11.5,77.7,No,0.0,None
22:37:11.531,Active,410.4,2.3,98.8,11.5,77.1,No,0.0,None
22:37:11.952,Active,407.6,2.3,97.0,11.5,76.5,No,0.0,None
22:37:12.390,Active,429.4,2.3,97.7,11.5,76.5,No,0.0,None
22:37:12.806,Active,408.3,2.3,99.4,11.5,76.5,No,0.0,None
22:37:13.222,Active,406.0,2.3,98.2,11.5,76.5,No,0.0,None
22:37:13.637,Active,408.2,2.3,98.2,11.5,76.5,No,0.0,None
22:37:14.063,Active,417.3,2.3,97.6,11.5,76.5,No,0.0,None
22:37:14.478,Active,406.6,2.4,98.2,11.5,77.1,No,0.0,None
22:37:14.891,Active,406.1,2.4,98.8,11.5,77.1,No,0.0,None
22:37:15.314,Active,412.8,2.4,97.1,11.5,77.1,No,0.0,None
22:37:15.731,Active,407.3,2.4,98.2,11.5,77.1,No,0.0,None
22:37:16.142,Active,405.5,2.4,98.8,11.5,76.0,No,0.0,None
22:37:16.561,Active,409.0,2.4,97.6,11.5,76.5,No,0.0,None
22:37:16.977,Active,407.3,2.4,97.6,11.5,77.1,No,0.0,None
22:37:17.394,Active,407.0,2.4,98.2,11.5,77.1,No,0.0,None
22:37:17.826,Active,424.7,2.4,98.8,11.5,77.1,No,0.0,None
22:37:18.240,Active,407.1,2.4,98.2,11.5,77.7,No,0.0,None
22:37:18.659,Active,409.4,2.4,98.2,11.5,77.1,No,0.0,None
22:37:19.072,Active,406.2,2.4,98.8,11.5,77.7,No,0.0,None
22:37:19.491,Active,408.7,2.4,97.6,11.5,76.5,No,0.0,None
22:37:19.909,Active,407.9,2.4,98.2,11.5,77.1,No,0.0,None
22:37:20.324,Active,407.1,2.4,98.2,11.5,77.1,No,0.0,None
22:37:20.744,Active,411.0,2.4,98.2,11.5,77.7,No,0.0,None
22:37:21.166,Active,413.1,2.4,97.6,11.5,77.7,No,0.0,None
22:37:21.583,Active,410.0,2.4,98.8,11.5,77.7,No,0.0,None
22:37:21.998,Active,409.4,2.4,98.8,11.5,77.7,No,0.0,None
22:37:22.412,Active,408.2,2.4,98.2,11.5,77.7,No,0.0,None
22:37:22.826,Active,406.8,2.4,98.8,11.5,77.1,No,0.0,None
22:37:23.242,Active,407.0,2.4,98.2,11.5,77.7,No,0.0,None
22:37:23.661,Active,409.3,2.4,98.2,11.5,77.7,No,0.0,None
22:37:24.089,Active,420.0,2.4,96.5,11.5,76.0,No,0.0,None
22:37:24.507,Active,409.6,2.4,97.6,11.5,78.2,No,0.0,None
22:37:24.919,Active,405.7,2.4,98.8,11.5,77.7,No,0.0,None
22:37:25.332,Active,407.3,2.4,98.8,11.5,77.7,No,0.0,None
22:37:25.757,Active,416.0,2.4,97.6,11.5,77.1,No,0.0,None
22:37:26.170,Active,406.6,2.4,98.8,11.5,78.2,No,0.0,None
22:37:26.583,Active,406.4,2.4,98.8,11.5,78.2,No,0.0,None
22:37:27.010,Active,416.9,2.4,96.5,11.5,77.7,No,0.0,None
22:37:27.427,Active,409.6,2.4,99.4,11.5,78.8,No,0.0,None
22:38:12.869,Active,428.2,2.4,1.1,11.5,59.0,No,0.0,None
22:38:13.302,Active,427.0,2.4,98.8,11.6,60.6,No,0.0,None
22:38:13.717,Active,408.8,2.4,98.8,11.5,61.7,No,0.0,None
22:38:14.133,Active,406.7,2.4,97.6,11.5,61.7,No,0.0,None
22:38:14.556,Active,413.3,2.4,97.0,11.5,63.4,No,0.0,None
22:38:14.975,Active,409.3,2.4,98.2,11.5,63.9,No,0.0,None
22:38:15.390,Active,408.0,2.4,98.2,11.5,64.5,No,0.0,None
22:38:15.806,Active,409.4,2.4,98.8,11.5,65.5,No,0.0,None
22:38:16.221,Active,408.0,2.6,98.8,11.5,66.1,No,0.0,None
22:38:16.640,Active,413.0,2.6,98.2,11.5,66.1,No,0.0,None
22:38:17.055,Active,406.1,2.6,98.2,11.5,66.7,No,0.0,None
22:38:17.472,Active,408.8,2.6,98.2,11.5,67.8,No,0.0,None
22:38:17.898,Active,415.6,2.6,97.0,11.6,67.8,No,0.0,None
22:38:18.312,Active,407.0,2.6,98.8,11.6,68.3,No,0.0,None
22:38:18.747,Active,426.1,2.6,98.3,11.6,68.3,No,0.0,None
22:38:19.160,Active,406.6,2.6,98.8,11.6,68.3,No,0.0,None
22:38:19.576,Active,406.7,2.6,98.2,11.6,68.8,No,0.0,None
22:38:19.990,Active,405.4,2.6,98.2,11.6,68.8,No,0.0,None
22:38:20.411,Active,414.5,2.4,97.6,11.6,70.0,No,0.0,None
22:38:20.825,Active,407.9,2.4,99.4,11.6,70.0,No,0.0,None
22:38:21.241,Active,407.5,2.4,98.2,11.6,71.0,No,0.0,None
22:38:21.657,Active,408.0,2.4,98.8,11.5,70.0,No,0.0,None
22:38:22.070,Active,405.4,2.4,98.2,11.5,70.0,No,0.0,None
22:38:22.485,Active,408.0,2.4,98.8,11.5,70.5,No,0.0,None
22:38:22.910,Active,416.5,2.4,97.6,11.5,71.0,No,0.0,None
22:38:23.330,Active,413.4,2.4,97.6,11.5,71.6,No,0.0,None
22:38:23.748,Active,410.6,2.4,98.8,11.5,71.6,No,0.0,None
22:38:24.162,Active,404.8,2.4,98.2,11.5,71.6,No,0.0,None
22:38:24.577,Active,407.7,2.4,98.8,11.5,71.6,No,0.0,None
22:38:24.990,Active,406.8,2.4,98.8,11.5,72.7,No,0.0,None
22:38:25.406,Active,407.0,2.4,98.2,11.5,72.2,No,0.0,None
22:38:25.820,Active,406.6,2.4,98.8,11.5,72.7,No,0.0,None
22:38:26.233,Active,407.2,2.4,99.4,11.5,72.2,No,0.0,None
22:38:26.648,Active,408.9,2.4,98.2,11.5,72.7,No,0.0,None
22:38:27.063,Active,405.7,2.4,98.2,11.5,72.2,No,0.0,None
22:38:27.481,Active,409.1,2.4,98.2,11.5,73.8,No,0.0,None
22:38:27.893,Active,405.9,2.4,98.8,11.5,73.2,No,0.0,None
22:38:28.328,Active,426.6,2.4,96.0,11.6,72.7,No,0.0,None
22:38:28.809,Active,472.3,2.4,93.8,11.6,73.2,No,0.0,None
22:38:29.230,Active,410.9,2.4,97.6,11.6,73.8,No,0.0,None
22:38:29.646,Active,409.4,2.4,98.2,11.6,73.2,No,0.0,None
22:38:30.060,Active,407.3,2.4,98.8,11.6,73.2,No,0.0,None
22:38:30.476,Active,406.8,2.4,98.2,11.6,72.7,No,0.0,None
22:38:30.898,Active,413.2,2.4,97.1,11.6,74.9,No,0.0,None
22:38:31.314,Active,406.0,2.4,98.8,11.6,73.8,No,0.0,None
22:38:31.750,Active,426.4,2.4,97.7,11.6,73.8,No,0.0,None
22:38:32.163,Active,405.8,2.4,97.6,11.6,73.8,No,0.0,None
22:38:32.577,Active,407.8,2.4,99.4,11.6,73.2,No,0.0,None
22:38:32.989,Active,406.1,2.4,98.8,11.6,74.9,No,0.0,None
22:38:33.400,Active,405.5,2.4,99.4,11.6,73.8,No,0.0,None
22:38:33.823,Active,416.7,2.4,99.4,11.6,74.3,No,0.0,None
22:38:34.242,Active,413.4,2.4,97.0,11.6,74.9,No,0.0,None
22:38:34.669,Active,416.3,2.4,97.7,11.6,73.8,No,0.0,None
22:38:35.082,Active,406.4,2.4,98.2,11.6,74.3,No,0.0,None
22:38:35.499,Active,407.4,2.4,98.2,11.6,74.3,No,0.0,None
22:38:35.911,Active,405.6,2.4,99.4,11.6,74.3,No,0.0,None
22:38:36.324,Active,406.8,2.4,98.8,11.5,74.3,No,0.0,None
22:38:36.741,Active,408.5,2.4,97.6,11.5,74.3,No,0.0,None
22:38:37.154,Active,405.4,2.4,98.8,11.6,75.5,No,0.0,None
22:38:37.570,Active,409.6,2.4,98.8,11.6,74.9,No,0.0,None
22:38:37.983,Active,406.0,2.4,98.8,11.5,76.5,No,0.0,None
22:38:38.397,Active,407.8,2.4,98.8,11.6,74.9,No,0.0,None
22:38:38.834,Active,428.7,2.4,97.1,11.5,74.9,No,0.0,None
22:38:39.246,Active,404.9,2.4,98.8,11.5,74.9,No,0.0,None
22:38:39.664,Active,410.9,2.4,99.4,11.6,74.9,No,0.0,None
22:38:40.078,Active,404.4,2.4,98.2,11.6,75.5,No,0.0,None
22:38:40.493,Active,409.6,2.4,98.8,11.6,74.9,No,0.0,None
22:38:40.917,Active,415.9,2.4,98.8,11.5,74.9,No,0.0,None
22:38:41.346,Active,421.3,2.4,95.9,11.5,74.9,No,0.0,None
22:38:41.763,Active,409.9,2.4,99.4,11.5,75.5,No,0.0,None
22:38:42.175,Active,405.4,2.4,98.8,11.5,76.0,No,0.0,None
22:38:42.590,Active,409.0,2.4,98.8,11.5,76.0,No,0.0,None
22:38:43.010,Active,412.5,2.4,98.2,11.5,76.0,No,0.0,None
22:38:43.424,Active,407.4,2.4,98.2,11.5,75.5,No,0.0,None
22:38:43.858,Active,425.2,2.4,97.7,11.6,75.5,No,0.0,None
22:38:44.273,Active,407.7,2.4,98.8,11.6,76.0,No,0.0,None
22:38:44.688,Active,406.9,2.4,98.2,11.6,74.9,No,0.0,None
22:38:45.103,Active,405.7,2.4,98.8,11.6,76.0,No,0.0,None
22:38:45.517,Active,408.0,2.4,98.8,11.6,76.0,No,0.0,None
22:38:45.936,Active,407.2,2.4,97.0,11.6,76.0,No,0.0,None
22:38:46.453,Active,407.1,2.4,79.6,11.6,76.0,No,0.0,None
22:38:46.868,Active,407.0,2.4,98.2,11.6,76.5,No,0.0,None
22:38:47.283,Active,408.6,2.4,98.8,11.5,76.0,No,0.0,None
22:38:47.714,Active,425.6,2.4,95.9,11.5,76.5,No,0.0,None
22:38:48.130,Active,408.5,2.4,98.8,11.5,75.5,No,0.0,None
22:38:48.547,Active,409.8,2.4,97.6,11.5,76.0,No,0.0,None
22:38:48.975,Active,418.7,2.4,97.7,11.6,76.0,No,0.0,None
22:38:49.394,Active,406.3,2.4,98.2,11.6,76.5,No,0.0,None
22:38:49.808,Active,406.6,2.3,98.8,11.6,76.5,No,0.0,None
22:38:50.225,Active,408.1,2.3,98.2,11.6,77.1,No,0.0,None
22:38:50.653,Active,420.0,2.3,96.5,11.6,76.5,No,0.0,None
22:38:51.070,Active,405.2,2.3,97.6,11.6,76.0,No,0.0,None
22:38:51.492,Active,415.3,2.3,98.2,11.6,76.5,No,0.0,None
22:38:51.908,Active,407.2,2.3,98.2,11.6,76.0,No,0.0,None
22:38:52.327,Active,409.6,2.3,98.2,11.5,76.5,No,0.0,None
22:38:52.740,Active,407.3,2.3,98.2,11.5,76.5,No,0.0,None
22:38:53.155,Active,406.2,2.3,98.2,11.5,77.1,No,0.0,None
22:38:53.570,Active,408.3,2.3,99.4,11.5,76.5,No,0.0,None
22:38:53.986,Active,408.7,2.4,98.8,11.5,76.5,No,0.0,None
22:38:54.402,Active,410.4,2.4,98.8,11.5,76.5,No,0.0,None
22:38:54.817,Active,408.0,2.4,98.2,11.5,76.5,No,0.0,None
22:38:55.238,Active,408.6,2.4,97.6,11.5,76.5,No,0.0,None
22:38:55.655,Active,409.1,2.4,98.2,11.5,77.7,No,0.0,None
22:38:56.070,Active,406.6,2.4,98.8,11.5,76.5,No,0.0,None
22:38:56.485,Active,408.4,2.4,98.8,11.5,76.5,No,0.0,None
22:38:56.900,Active,406.6,2.4,98.2,11.5,77.7,No,0.0,None
22:38:57.319,Active,405.5,2.4,97.6,11.5,77.7,No,0.0,None
22:38:57.735,Active,409.8,2.4,98.8,11.5,77.7,No,0.0,None
22:38:58.251,Active,409.2,2.3,79.5,11.5,76.5,No,0.0,None
22:38:58.667,Active,409.7,2.3,98.8,11.5,77.1,No,0.0,None
22:38:59.113,Active,437.8,2.3,97.8,11.6,76.0,No,0.0,None
22:38:59.527,Active,407.2,2.3,98.8,11.6,76.5,No,0.0,None
22:38:59.943,Active,406.0,2.3,98.2,11.6,76.5,No,0.0,None
22:39:00.360,Active,406.8,2.3,98.2,11.6,76.5,No,0.0,None
22:39:00.778,Active,407.9,2.3,97.6,11.6,76.5,No,0.0,None
22:39:01.194,Active,406.8,2.3,98.2,11.6,77.1,No,0.0,None
22:39:01.613,Active,409.0,2.3,98.2,11.6,77.1,No,0.0,None
22:39:02.027,Active,406.8,2.3,98.8,11.6,77.1,No,0.0,None
22:39:02.443,Active,410.4,2.4,98.8,11.6,76.5,No,0.0,None
22:39:02.856,Active,406.7,2.4,98.2,11.6,77.1,No,0.0,None
22:39:03.272,Active,406.7,2.4,98.2,11.6,77.1,No,0.0,None
22:39:03.691,Active,410.4,2.4,98.2,11.6,77.1,No,0.0,None
22:39:04.106,Active,408.5,2.4,98.8,11.6,77.1,No,0.0,None
22:39:04.533,Active,419.7,2.4,98.8,11.6,77.1,No,0.0,None
22:39:04.957,Active,415.9,2.4,97.0,11.6,77.1,No,0.0,None
22:39:05.373,Active,408.1,2.4,98.2,11.6,77.1,No,0.0,None
22:39:05.792,Active,408.8,2.4,98.2,11.6,77.7,No,0.0,None
22:39:06.207,Active,409.5,2.4,98.8,11.6,77.7,No,0.0,None
22:39:06.620,Active,407.4,2.4,98.8,11.6,77.7,No,0.0,None
22:39:07.035,Active,405.8,2.4,98.8,11.6,77.7,No,0.0,None
22:39:07.450,Active,409.4,2.4,98.8,11.6,78.2,No,0.0,None
22:39:07.867,Active,407.3,2.4,98.2,11.5,77.7,No,0.0,None
22:39:08.287,Active,410.4,2.4,97.6,11.5,78.2,No,0.0,None
22:39:08.707,Active,411.6,2.4,98.2,11.5,77.7,No,0.0,None
22:39:09.118,Active,404.5,2.4,98.8,11.5,78.2,No,0.0,None
22:39:09.544,Active,420.9,2.4,99.4,11.5,77.7,No,0.0,None
22:39:09.960,Active,408.3,2.4,98.2,11.5,77.1,No,0.0,None
22:39:10.374,Active,407.6,2.4,98.8,11.5,77.7,No,0.0,None
22:39:10.791,Active,409.9,2.4,98.8,11.5,77.7,No,0.0,None
22:39:11.203,Active,406.5,2.4,99.4,11.5,78.2,No,0.0,None
22:39:11.624,Active,410.8,2.4,98.2,11.5,78.2,No,0.0,None
22:39:12.040,Active,407.0,2.4,97.6,11.5,77.7,No,0.0,None
22:39:12.456,Active,407.0,2.4,98.2,11.5,77.7,No,0.0,None
22:39:57.900,Active,426.9,2.4,1.4,11.5,59.5,No,0.0,None
22:39:58.314,Active,404.6,2.4,98.8,11.5,60.6,No,0.0,None
22:39:58.730,Active,406.7,2.4,98.8,11.5,62.2,No,0.0,None
22:39:59.147,Active,407.1,2.4,97.6,11.5,62.8,No,0.0,None
22:39:59.566,Active,411.5,2.4,98.8,11.5,63.9,No,0.0,None
22:39:59.981,Active,404.0,4.0,98.2,11.5,64.5,No,0.0,None
22:40:00.430,Active,440.1,4.0,98.3,11.6,63.4,No,0.0,None
22:40:00.845,Active,405.5,4.0,98.2,11.6,67.2,No,0.0,None
22:40:01.262,Active,408.6,4.0,98.8,11.6,66.7,No,0.0,None
22:40:01.683,Active,414.0,4.0,97.6,11.6,66.7,No,0.0,None
22:40:02.098,Active,407.2,4.0,98.2,11.6,67.2,No,0.0,None
22:40:02.526,Active,420.5,4.0,97.1,11.6,67.2,No,0.0,None
22:40:02.941,Active,406.9,4.0,98.2,11.6,67.8,No,0.0,None
22:40:03.358,Active,407.6,4.0,98.2,11.5,68.3,No,0.0,None
22:40:03.776,Active,408.6,4.0,98.2,11.5,68.8,No,0.0,None
22:40:04.197,Active,407.9,2.4,97.0,11.5,68.3,No,0.0,None
22:40:04.619,Active,412.7,2.4,97.6,11.5,69.4,No,0.0,None
22:40:05.031,Active,405.7,2.4,98.2,11.6,70.0,No,0.0,None
22:40:05.458,Active,417.8,2.4,98.8,11.6,70.5,No,0.0,None
22:40:05.868,Active,404.5,2.4,99.4,11.6,70.0,No,0.0,None
22:40:06.286,Active,407.4,2.4,98.2,11.6,71.0,No,0.0,None
22:40:06.703,Active,410.0,2.4,98.8,11.6,71.0,No,0.0,None
22:40:07.116,Active,406.2,2.4,98.8,11.6,71.6,No,0.0,None
22:40:07.531,Active,408.6,2.4,98.8,11.6,71.0,No,0.0,None
22:40:07.942,Active,405.1,2.4,98.8,11.6,71.6,No,0.0,None
22:40:08.362,Active,409.2,2.4,98.2,11.6,71.6,No,0.0,None
22:40:08.780,Active,411.3,2.4,98.2,11.6,71.0,No,0.0,None
22:40:09.197,Active,408.2,2.4,98.2,11.6,71.0,No,0.0,None
22:40:09.616,Active,412.3,2.4,98.2,11.6,71.6,No,0.0,None
22:40:10.026,Active,404.2,2.4,99.4,11.6,72.7,No,0.0,None
22:40:10.466,Active,429.1,2.4,98.3,11.6,72.2,No,0.0,None
22:40:10.882,Active,408.7,2.4,98.2,11.6,72.2,No,0.0,None
22:40:11.301,Active,409.3,2.4,98.2,11.6,72.7,No,0.0,None
22:40:11.720,Active,410.0,2.4,98.2,11.6,72.7,No,0.0,None
22:40:12.139,Active,410.8,2.4,98.2,11.6,72.7,No,0.0,None
22:40:12.558,Active,409.2,2.4,97.6,11.6,72.7,No,0.0,None
22:40:12.975,Active,407.6,2.4,98.2,11.6,73.2,No,0.0,None
22:40:13.389,Active,404.3,2.4,98.2,11.6,72.7,No,0.0,None
22:40:13.810,Active,408.9,2.4,98.2,11.6,73.2,No,0.0,None
22:40:14.232,Active,414.6,2.4,97.1,11.6,73.2,No,0.0,None
22:40:14.655,Active,412.1,2.4,98.2,11.6,73.2,No,0.0,None
22:40:15.069,Active,407.1,2.4,98.2,11.6,73.8,No,0.0,None
22:40:15.509,Active,430.6,2.4,97.2,11.6,73.8,No,0.0,None
22:40:15.928,Active,409.3,2.4,98.2,11.6,74.3,No,0.0,None
22:40:16.346,Active,408.7,2.4,98.2,11.6,74.3,No,0.0,None
22:40:16.767,Active,411.4,2.4,98.2,11.6,73.8,No,0.0,None
22:40:17.183,Active,409.0,2.4,98.8,11.6,73.8,No,0.0,None
22:40:17.597,Active,407.7,2.4,98.2,11.6,73.8,No,0.0,None
22:40:18.013,Active,405.9,2.4,98.2,11.6,73.8,No,0.0,None
22:40:18.432,Active,409.6,2.4,98.2,11.6,74.3,No,0.0,None
22:40:18.849,Active,407.0,2.4,98.2,11.5,74.9,No,0.0,None
22:40:19.271,Active,414.9,2.4,98.2,11.6,74.3,No,0.0,None
22:40:19.684,Active,407.0,2.4,99.4,11.6,74.3,No,0.0,None
22:40:20.103,Active,409.8,2.4,98.2,11.6,74.3,No,0.0,None
22:40:20.542,Active,433.7,2.4,97.7,11.6,73.8,No,0.0,None
22:40:20.958,Active,409.0,2.4,98.8,11.6,74.9,No,0.0,None
22:40:21.371,Active,406.6,2.4,98.2,11.6,75.5,No,0.0,None
22:40:21.788,Active,408.6,2.4,98.2,11.6,75.5,No,0.0,None
22:40:22.208,Active,411.3,2.4,97.6,11.6,74.3,No,0.0,None
22:40:22.623,Active,404.9,2.4,98.8,11.6,75.5,No,0.0,None
22:40:23.037,Active,408.1,2.4,98.8,11.6,75.5,No,0.0,None
22:40:23.454,Active,408.6,2.4,98.8,11.6,74.3,No,0.0,None
22:40:23.865,Active,404.9,2.4,98.8,11.6,75.5,No,0.0,None
22:40:24.280,Active,405.9,2.4,98.2,11.5,74.3,No,0.0,None
22:40:24.697,Active,407.7,2.4,97.6,11.6,75.5,No,0.0,None
22:40:25.114,Active,406.9,2.4,98.2,11.6,75.5,No,0.0,None
22:40:25.528,Active,407.5,2.4,98.8,11.6,75.5,No,0.0,None
22:40:25.951,Active,411.1,2.4,97.6,11.6,74.9,No,0.0,None
22:40:26.365,Active,408.2,2.4,98.2,11.6,75.5,No,0.0,None
22:40:26.784,Active,411.3,2.4,98.8,11.6,75.5,No,0.0,None
22:40:27.210,Active,416.3,2.4,96.4,11.6,75.5,No,0.0,None
22:40:27.627,Active,407.5,2.4,98.2,11.6,75.5,No,0.0,None
22:40:28.050,Active,412.7,2.4,98.2,11.6,74.3,No,0.0,None
22:40:28.471,Active,412.1,2.4,98.2,11.6,75.5,No,0.0,None
22:40:28.885,Active,407.4,2.4,98.2,11.6,76.0,No,0.0,None
22:40:29.303,Active,407.9,2.4,98.2,11.6,76.5,No,0.0,None
22:40:29.719,Active,408.7,2.4,98.8,11.5,75.5,No,0.0,None
22:40:30.133,Active,406.3,2.4,98.2,11.5,76.0,No,0.0,None
22:40:30.612,Active,472.3,2.4,93.7,11.6,74.9,No,0.0,None
22:40:31.026,Active,408.2,2.4,99.4,11.6,75.5,No,0.0,None
22:40:31.453,Active,421.2,2.4,98.8,11.6,76.5,No,0.0,None
22:40:31.869,Active,408.0,2.4,98.8,11.6,76.0,No,0.0,None
22:40:32.281,Active,404.0,2.4,98.2,11.6,76.0,No,0.0,None
22:40:32.698,Active,409.0,2.4,98.8,11.6,76.5,No,0.0,None
22:40:33.113,Active,408.3,2.4,98.8,11.6,76.5,No,0.0,None
22:40:33.526,Active,406.3,2.4,99.4,11.6,76.0,No,0.0,None
22:40:33.939,Active,407.3,2.4,99.4,11.6,76.5,No,0.0,None
22:40:34.355,Active,409.7,2.4,98.8,11.6,76.0,No,0.0,None
22:40:34.770,Active,408.5,2.4,98.8,11.6,77.1,No,0.0,None
22:40:35.183,Active,406.2,2.4,98.8,11.6,76.5,No,0.0,None
22:40:35.600,Active,407.2,2.4,98.2,11.6,76.5,No,0.0,None
22:40:36.029,Active,419.7,2.4,97.7,11.6,76.0,No,0.0,None
22:40:36.444,Active,407.4,2.4,98.8,11.6,76.0,No,0.0,None
22:40:36.860,Active,407.1,2.4,99.4,11.6,76.5,No,0.0,None
22:40:37.269,Active,402.7,2.4,99.4,11.6,76.5,No,0.0,None
22:40:37.683,Active,408.0,2.4,99.4,11.6,76.5,No,0.0,None
22:40:38.096,Active,406.8,2.4,98.2,11.6,76.5,No,0.0,None
22:40:38.513,Active,408.0,2.4,98.2,11.6,77.1,No,0.0,None
22:40:38.930,Active,410.5,2.4,99.4,11.6,76.5,No,0.0,None
22:40:39.345,Active,408.2,2.4,97.6,11.6,77.7,No,0.0,None
22:40:39.762,Active,409.4,2.4,98.8,11.6,76.5,No,0.0,None
22:40:40.175,Active,406.4,2.4,98.8,11.6,77.1,No,0.0,None
22:40:40.589,Active,408.1,2.4,98.8,11.6,76.5,No,0.0,None
22:40:41.030,Active,434.6,2.4,98.9,11.6,76.5,No,0.0,None
22:40:41.447,Active,411.4,2.4,98.8,11.6,76.5,No,0.0,None
22:40:41.860,Active,406.9,2.4,98.8,11.6,77.1,No,0.0,None
22:40:42.277,Active,408.0,2.4,98.2,11.6,77.1,No,0.0,None
22:40:42.696,Active,411.0,2.4,97.6,11.6,77.1,No,0.0,None
22:40:43.125,Active,422.9,2.4,97.6,11.6,77.1,No,0.0,None
22:40:43.553,Active,420.0,2.4,97.1,11.6,77.7,No,0.0,None
22:40:43.992,Active,431.2,2.4,94.3,11.6,76.5,No,0.0,None
22:40:44.415,Active,413.8,2.4,97.6,11.6,76.5,No,0.0,None
22:40:44.828,Active,406.9,2.4,98.8,11.6,77.1,No,0.0,None
22:40:45.243,Active,406.1,2.4,98.2,11.6,77.7,No,0.0,None
22:40:45.661,Active,409.1,2.4,98.2,11.6,76.5,No,0.0,None
22:40:46.092,Active,424.5,2.4,98.8,11.6,77.7,No,0.0,None
22:40:46.509,Active,407.9,2.4,99.4,11.6,77.1,No,0.0,None
22:40:47.030,Active,415.1,2.4,79.3,11.6,76.0,No,0.0,None
22:40:47.460,Active,422.9,2.4,96.5,11.6,76.5,No,0.0,None
22:40:47.871,Active,405.0,2.4,99.4,11.6,77.1,No,0.0,None
22:40:48.283,Active,405.6,2.4,99.4,11.6,77.1,No,0.0,None
22:40:48.698,Active,408.5,2.4,98.8,11.6,76.5,No,0.0,None
22:40:49.110,Active,406.4,2.4,98.8,11.6,77.7,No,0.0,None
22:40:49.525,Active,408.0,2.4,98.8,11.5,77.7,No,0.0,None
22:40:49.959,Active,425.6,2.4,96.5,11.5,78.2,No,0.0,None
22:40:50.379,Active,410.9,2.3,98.8,11.5,77.7,No,0.0,None
22:40:50.796,Active,410.7,2.3,98.8,11.5,77.7,No,0.0,None
22:40:51.235,Active,430.1,2.3,97.7,11.6,77.7,No,0.0,None
22:40:51.654,Active,408.8,2.3,98.2,11.6,77.1,No,0.0,None
22:40:52.070,Active,406.1,2.3,98.8,11.6,77.7,No,0.0,None
22:40:52.491,Active,411.1,2.3,98.2,11.6,78.2,No,0.0,None
22:40:52.904,Active,405.6,2.3,97.6,11.6,77.1,No,0.0,None
22:40:53.323,Active,409.5,2.3,98.2,11.6,77.1,No,0.0,None
22:40:53.737,Active,408.3,2.3,98.2,11.5,77.7,No,0.0,None
22:40:54.259,Active,413.7,2.3,79.2,11.5,77.7,No,0.0,None
22:40:54.675,Active,408.3,2.3,98.2,11.5,77.7,No,0.0,None
22:40:55.089,Active,407.7,2.3,98.8,11.5,77.7,No,0.0,None
22:40:55.507,Active,409.6,2.3,98.8,11.5,77.1,No,0.0,None
22:40:55.919,Active,406.4,2.3,98.8,11.5,77.1,No,0.0,None
22:40:56.333,Active,408.0,2.3,98.8,11.5,77.7,No,0.0,None
22:40:56.744,Active,405.6,2.3,99.4,11.5,77.7,No,0.0,None
22:40:57.157,Active,406.7,2.3,99.4,11.5,77.7,No,0.0,None
22:40:57.572,Active,409.1,2.3,99.4,11.5,77.1,No,0.0,None
22:41:43.010,Active,425.0,2.3,1.1,11.5,60.0,No,0.0,None
22:41:43.425,Active,408.0,2.3,98.8,11.6,61.1,No,0.0,None
22:41:43.834,Active,403.5,8.0,99.4,11.6,61.7,No,0.0,None
22:41:44.249,Active,408.7,8.0,99.4,11.6,62.8,No,0.0,None
22:41:44.678,Active,421.0,8.0,97.1,11.6,63.4,No,0.0,None
22:41:45.116,Active,431.5,8.0,94.3,11.6,63.9,No,0.0,None
22:41:45.533,Active,408.0,8.0,98.8,11.5,65.5,No,0.0,None
22:41:45.952,Active,408.5,8.0,97.6,11.5,65.0,No,0.0,None
22:41:46.370,Active,409.1,8.0,97.6,11.6,66.1,No,0.0,None
22:41:46.807,Active,430.5,8.0,97.7,11.6,66.7,No,0.0,None
22:41:47.225,Active,407.4,8.0,98.2,11.6,67.2,No,0.0,None
22:41:47.642,Active,410.2,8.0,98.8,11.6,67.8,No,0.0,None
22:41:48.058,Active,406.3,2.4,97.6,11.6,67.8,No,0.0,None
22:41:48.474,Active,409.4,2.4,98.8,11.6,67.8,No,0.0,None
22:41:48.886,Active,404.5,2.4,99.4,11.6,68.8,No,0.0,None
22:41:49.297,Active,405.3,2.4,99.4,11.6,68.8,No,0.0,None
22:41:49.712,Active,407.1,2.4,98.8,11.5,69.4,No,0.0,None
22:41:50.125,Active,406.8,2.4,99.4,11.6,69.4,No,0.0,None
22:41:50.536,Active,405.9,2.4,100.0,11.6,70.0,No,0.0,None
22:41:50.953,Active,408.8,2.4,98.8,11.6,70.5,No,0.0,None
22:41:51.365,Active,406.1,2.4,99.4,11.6,70.5,No,0.0,None
22:41:51.780,Active,409.7,2.4,98.2,11.6,70.5,No,0.0,None
22:41:52.220,Active,434.0,2.4,98.9,11.6,71.6,No,0.0,None
22:41:52.638,Active,409.3,2.4,98.2,11.6,71.6,No,0.0,None
22:41:53.052,Active,406.5,2.4,98.8,11.6,71.6,No,0.0,None
22:41:53.470,Active,408.8,2.4,98.2,11.6,71.0,No,0.0,None
22:41:53.883,Active,407.0,2.4,98.8,11.6,72.2,No,0.0,None
22:41:54.297,Active,407.7,2.4,98.8,11.6,72.2,No,0.0,None
22:41:54.713,Active,410.0,2.4,98.8,11.6,72.2,No,0.0,None
22:41:55.126,Active,406.1,2.4,98.8,11.6,73.8,No,0.0,None
22:41:55.541,Active,407.7,2.4,98.8,11.6,72.2,No,0.0,None
22:41:55.972,Active,423.5,2.4,95.4,11.5,72.7,No,0.0,None
22:41:56.402,Active,420.5,2.4,96.5,11.5,72.2,No,0.0,None
22:41:56.818,Active,408.2,2.4,98.8,11.5,73.2,No,0.0,None
22:41:57.256,Active,430.9,2.4,96.6,11.5,73.2,No,0.0,None
22:41:57.678,Active,412.9,2.4,97.6,11.5,73.2,No,0.0,None
22:41:58.092,Active,407.8,2.4,98.8,11.5,73.2,No,0.0,None
22:41:58.505,Active,407.0,2.4,99.4,11.5,73.2,No,0.0,None
22:41:58.921,Active,407.8,2.4,97.6,11.5,72.7,No,0.0,None
22:41:59.345,Active,412.2,2.4,96.4,11.5,73.2,No,0.0,None
22:41:59.789,Active,438.1,2.4,96.0,11.5,72.7,No,0.0,None
22:42:00.202,Active,407.3,2.4,99.4,11.5,73.8,No,0.0,None
22:42:00.618,Active,409.0,2.4,98.2,11.5,73.8,No,0.0,None
22:42:01.034,Active,408.8,2.4,98.8,11.5,73.2,No,0.0,None
22:42:01.454,Active,408.9,2.4,97.6,11.5,72.7,No,0.0,None
22:42:01.887,Active,427.3,2.4,95.9,11.5,74.3,No,0.0,None
22:42:02.340,Active,442.9,2.4,96.6,11.6,73.8,No,0.0,None
22:42:02.759,Active,409.8,2.4,98.2,11.6,73.2,No,0.0,None
22:42:03.170,Active,405.2,2.4,98.8,11.6,74.3,No,0.0,None
22:42:03.585,Active,408.4,2.4,98.8,11.6,74.9,No,0.0,None
22:42:03.998,Active,405.0,2.4,98.8,11.6,74.3,No,0.0,None
22:42:04.416,Active,410.7,2.4,98.2,11.6,74.3,No,0.0,None
22:42:04.839,Active,413.9,2.4,97.6,11.6,74.9,No,0.0,None
22:42:05.252,Active,407.4,2.4,98.2,11.6,74.9,No,0.0,None
22:42:05.674,Active,412.9,2.4,98.2,11.6,74.3,No,0.0,None
22:42:06.089,Active,408.3,2.4,98.2,11.6,74.3,No,0.0,None
22:42:06.506,Active,408.9,2.4,98.8,11.6,74.9,No,0.0,None
22:42:06.920,Active,407.5,2.4,98.8,11.6,74.9,No,0.0,None
22:42:07.346,Active,416.8,2.4,98.2,11.6,75.5,No,0.0,None
22:42:07.763,Active,410.4,2.4,98.8,11.6,75.5,No,0.0,None
22:42:08.214,Active,441.0,2.4,93.9,11.6,75.5,No,0.0,None
22:42:08.629,Active,407.7,2.4,98.8,11.6,74.9,No,0.0,None
22:42:09.048,Active,411.1,2.4,97.6,11.6,74.9,No,0.0,None
22:42:09.466,Active,409.2,2.4,98.2,11.5,74.9,No,0.0,None
22:42:09.886,Active,412.9,2.4,98.2,11.5,74.9,No,0.0,None
22:42:10.300,Active,406.9,2.4,98.8,11.5,76.0,No,0.0,None
22:42:10.722,Active,412.7,2.4,98.2,11.5,75.5,No,0.0,None
22:42:11.136,Active,407.2,2.4,98.2,11.5,75.5,No,0.0,None
22:42:11.561,Active,416.0,2.4,97.6,11.5,75.5,No,0.0,None
22:42:11.975,Active,407.9,2.4,98.8,11.5,75.5,No,0.0,None
22:42:12.421,Active,440.3,2.4,96.6,11.6,76.0,No,0.0,None
22:42:12.835,Active,406.4,2.4,98.8,11.6,76.0,No,0.0,None
22:42:13.255,Active,413.1,2.4,98.8,11.6,77.1,No,0.0,None
22:42:13.671,Active,410.1,2.4,98.8,11.5,75.5,No,0.0,None
22:42:14.086,Active,409.0,2.4,99.4,11.6,75.5,No,0.0,None
22:42:14.503,Active,409.8,2.4,98.2,11.5,76.5,No,0.0,None
22:42:14.921,Active,407.7,2.4,97.6,11.5,76.0,No,0.0,None
22:42:15.340,Active,410.6,2.4,98.2,11.5,76.0,No,0.0,None
22:42:15.762,Active,412.4,2.4,97.6,11.5,75.5,No,0.0,None
22:42:16.176,Active,407.0,2.4,98.2,11.5,75.5,No,0.0,None
22:42:16.596,Active,409.4,2.4,98.2,11.6,76.0,No,0.0,None
22:42:17.016,Active,407.3,2.4,97.0,11.5,74.9,No,0.0,None
22:42:17.458,Active,433.1,2.4,97.7,11.6,76.5,No,0.0,None
22:42:17.873,Active,408.2,2.4,98.8,11.6,75.5,No,0.0,None
22:42:18.289,Active,408.0,2.4,98.8,11.6,76.0,No,0.0,None
22:42:18.708,Active,410.7,2.4,98.2,11.6,76.5,No,0.0,None
22:42:19.130,Active,408.7,2.4,97.0,11.6,76.5,No,0.0,None
22:42:19.546,Active,409.1,2.4,98.8,11.6,76.5,No,0.0,None
22:42:19.962,Active,408.5,2.4,98.8,11.6,75.5,No,0.0,None
22:42:20.377,Active,408.1,2.4,98.8,11.5,76.5,No,0.0,None
22:42:20.793,Active,408.0,2.4,97.6,11.5,77.1,No,0.0,None
22:42:21.211,Active,406.1,2.4,97.6,11.5,76.0,No,0.0,None
22:42:21.626,Active,407.9,2.4,98.8,11.5,75.5,No,0.0,None
22:42:22.036,Active,404.6,2.4,99.4,11.5,76.5,No,0.0,None
22:42:22.449,Active,406.3,2.4,99.4,11.5,76.5,No,0.0,None
22:42:22.879,Active,420.8,2.4,98.8,11.6,77.1,No,0.0,None
22:42:23.296,Active,406.7,2.4,98.2,11.6,76.5,No,0.0,None
22:42:23.714,Active,409.3,2.4,97.6,11.6,76.5,No,0.0,None
22:42:24.131,Active,406.9,2.4,98.2,11.6,77.1,No,0.0,None
22:42:24.546,Active,408.3,2.4,98.8,11.6,76.5,No,0.0,None
22:42:24.962,Active,407.2,2.4,98.8,11.6,76.5,No,0.0,None
22:42:25.378,Active,406.7,2.4,98.2,11.6,77.1,No,0.0,None
22:42:25.794,Active,408.8,2.4,98.8,11.6,76.0,No,0.0,None
22:42:26.210,Active,409.0,2.4,98.8,11.6,77.1,No,0.0,None
22:42:26.627,Active,409.7,2.4,98.2,11.5,77.1,No,0.0,None
22:42:27.039,Active,405.7,2.4,98.2,11.5,76.5,No,0.0,None
22:42:27.458,Active,408.8,2.4,97.6,11.6,76.5,No,0.0,None
22:42:27.873,Active,407.9,2.4,98.8,11.6,76.5,No,0.0,None
22:42:28.287,Active,408.2,2.4,98.8,11.6,76.5,No,0.0,None
22:42:28.703,Active,409.9,2.4,98.8,11.5,76.5,No,0.0,None
22:42:29.116,Active,406.8,2.4,98.8,11.5,77.7,No,0.0,None
22:42:29.538,Active,408.8,2.4,97.6,11.5,77.7,No,0.0,None
22:42:29.953,Active,407.6,2.4,98.2,11.5,77.7,No,0.0,None
22:42:30.368,Active,407.4,2.4,98.2,11.5,76.0,No,0.0,None
22:42:30.784,Active,409.7,2.4,98.8,11.5,77.7,No,0.0,None
22:42:31.199,Active,408.4,2.4,98.8,11.5,76.5,No,0.0,None
22:42:31.622,Active,417.0,2.4,98.8,11.5,77.7,No,0.0,None
22:42:32.038,Active,409.0,2.4,98.8,11.5,77.1,No,0.0,None
22:42:32.454,Active,409.0,2.4,98.8,11.5,77.1,No,0.0,None
22:42:32.906,Active,444.8,2.4,98.3,11.6,77.7,No,0.0,None
22:42:33.318,Active,404.8,2.4,98.8,11.6,77.1,No,0.0,None
22:42:33.734,Active,409.7,2.4,99.4,11.6,77.7,No,0.0,None
22:42:34.249,Active,407.8,2.3,79.1,11.6,76.5,No,0.0,None
22:42:34.666,Active,408.6,2.3,99.4,11.6,77.1,No,0.0,None
22:42:35.081,Active,406.2,2.3,98.2,11.6,78.2,No,0.0,None
22:42:35.498,Active,410.2,2.3,98.8,11.6,77.7,No,0.0,None
22:42:35.911,Active,405.0,2.3,98.8,11.5,78.2,No,0.0,None
22:42:36.324,Active,407.5,2.3,99.4,11.5,78.8,No,0.0,None
22:42:36.740,Active,409.8,2.3,99.4,11.5,76.5,No,0.0,None
22:42:37.152,Active,406.1,2.3,98.8,11.5,78.2,No,0.0,None
22:42:37.566,Active,408.0,2.3,99.4,11.5,77.7,No,0.0,None
22:42:37.994,Active,420.7,2.3,98.8,11.5,78.2,No,0.0,None
22:42:38.416,Active,414.9,2.4,97.1,11.5,77.7,No,0.0,None
22:42:38.833,Active,410.5,2.4,98.2,11.5,77.1,No,0.0,None
22:42:39.272,Active,431.0,2.4,95.5,11.5,78.2,No,0.0,None
22:42:39.686,Active,408.0,2.4,99.4,11.5,77.7,No,0.0,None
22:42:40.101,Active,407.4,2.4,98.8,11.5,77.7,No,0.0,None
22:42:40.517,Active,407.5,2.4,98.2,11.5,77.7,No,0.0,None
22:42:40.946,Active,417.1,2.4,97.7,11.5,77.7,No,0.0,None
22:42:41.366,Active,410.2,2.4,97.6,11.5,77.1,No,0.0,None
22:42:41.782,Active,408.4,2.4,98.8,11.5,77.1,No,0.0,None
22:42:42.200,Active,408.3,2.4,97.6,11.5,76.5,No,0.0,None
22:42:42.619,Active,412.6,2.4,98.8,11.5,76.5,No,0.0,None
22:43:28.054,Active,421.5,2.4,1.3,11.5,60.6,No,0.0,None
22:43:28.466,Active,405.7,2.4,100.0,11.6,61.1,No,0.0,None
22:43:28.883,Active,409.9,2.4,99.4,11.6,62.2,No,0.0,None
22:43:29.296,Active,407.4,2.4,98.8,11.5,62.2,No,0.0,None
22:43:29.714,Active,409.1,2.4,98.2,11.6,63.4,No,0.0,None
22:43:30.128,Active,406.9,2.4,98.8,11.6,64.5,No,0.0,None
22:43:30.546,Active,408.7,2.4,98.2,11.6,65.0,No,0.0,None
22:43:30.960,Active,407.9,2.4,98.8,11.5,66.1,No,0.0,None
22:43:31.372,Active,406.0,2.4,98.8,11.5,67.2,No,0.0,None
22:43:31.791,Active,409.1,2.4,98.2,11.5,66.7,No,0.0,None
22:43:32.209,Active,407.5,2.4,98.2,11.5,67.8,No,0.0,None
22:43:32.630,Active,412.1,2.4,97.6,11.5,67.8,No,0.0,None
22:43:33.045,Active,406.7,2.4,98.2,11.5,67.8,No,0.0,None
22:43:33.462,Active,408.2,2.4,98.2,11.5,68.3,No,0.0,None
22:43:33.913,Active,440.8,2.4,97.8,11.6,68.8,No,0.0,None
22:43:34.330,Active,407.7,2.4,98.2,11.6,68.8,No,0.0,None
22:43:34.751,Active,411.3,2.4,97.6,11.6,69.4,No,0.0,None
22:43:35.163,Active,406.3,2.4,98.8,11.6,68.8,No,0.0,None
22:43:35.594,Active,421.1,2.4,96.5,11.6,70.0,No,0.0,None
22:43:36.007,Active,406.7,2.4,98.2,11.6,70.5,No,0.0,None
22:43:36.425,Active,408.2,2.4,98.2,11.6,70.0,No,0.0,None
22:43:36.843,Active,409.6,2.4,98.2,11.6,71.0,No,0.0,None
22:43:37.267,Active,418.6,2.4,97.0,11.6,71.0,No,0.0,None
22:43:37.682,Active,408.4,2.4,99.4,11.6,71.6,No,0.0,None
22:43:38.095,Active,403.7,2.4,98.2,11.6,71.6,No,0.0,None
22:43:38.513,Active,407.4,2.4,98.8,11.6,71.6,No,0.0,None
22:43:38.932,Active,412.5,2.4,98.8,11.6,71.6,No,0.0,None
22:43:39.348,Active,408.3,2.4,98.8,11.6,72.2,No,0.0,None
22:43:39.765,Active,408.1,2.4,98.2,11.6,73.2,No,0.0,None
22:43:40.179,Active,405.9,2.4,98.8,11.6,72.2,No,0.0,None
22:43:40.599,Active,411.2,2.4,97.6,11.6,72.2,No,0.0,None
22:43:41.012,Active,406.1,2.4,98.2,11.5,72.2,No,0.0,None
22:43:41.428,Active,408.5,2.4,98.2,11.5,72.7,No,0.0,None
22:43:41.842,Active,406.5,2.4,98.8,11.5,73.2,No,0.0,None
22:43:42.259,Active,406.4,2.4,98.8,11.5,72.7,No,0.0,None
22:43:42.673,Active,405.6,2.4,98.2,11.5,73.8,No,0.0,None
22:43:43.086,Active,407.1,2.4,100.0,11.5,73.2,No,0.0,None
22:43:43.504,Active,408.8,2.4,98.2,11.5,72.7,No,0.0,None
22:43:43.935,Active,422.0,2.4,98.8,11.6,73.8,No,0.0,None
22:43:44.353,Active,408.8,2.4,97.6,11.6,73.8,No,0.0,None
22:43:44.772,Active,409.9,2.4,98.2,11.6,73.8,No,0.0,None
22:43:45.190,Active,407.8,2.4,97.6,11.6,74.3,No,0.0,None
22:43:45.608,Active,408.4,2.4,98.2,11.6,73.8,No,0.0,None
22:43:46.023,Active,407.4,2.4,98.2,11.6,73.8,No,0.0,None
22:43:46.453,Active,421.1,2.4,96.5,11.6,74.3,No,0.0,None
22:43:46.872,Active,409.2,2.4,97.6,11.6,73.8,No,0.0,None
22:43:47.291,Active,408.7,2.4,98.2,11.5,74.3,No,0.0,None
22:43:47.710,Active,412.3,2.4,98.8,11.5,74.3,No,0.0,None
22:43:48.125,Active,407.9,2.4,98.2,11.6,74.3,No,0.0,None
22:43:48.545,Active,410.8,2.4,97.6,11.6,74.3,No,0.0,None
22:43:48.982,Active,426.7,2.4,97.1,11.6,74.3,No,0.0,None
22:43:49.398,Active,406.9,2.4,97.6,11.6,74.9,No,0.0,None
22:43:49.813,Active,408.2,2.4,99.4,11.6,74.9,No,0.0,None
22:43:50.254,Active,432.8,2.4,94.9,11.6,74.3,No,0.0,None
22:43:50.672,Active,411.3,2.4,98.8,11.6,74.9,No,0.0,None
22:43:51.094,Active,412.9,2.4,97.0,11.6,74.9,No,0.0,None
22:43:51.521,Active,420.7,2.4,97.0,11.6,74.9,No,0.0,None
22:43:51.935,Active,405.9,2.4,98.8,11.6,76.0,No,0.0,None
22:43:52.349,Active,405.5,2.4,98.8,11.6,75.5,No,0.0,None
22:43:52.766,Active,410.4,2.4,97.6,11.5,75.5,No,0.0,None
22:43:53.182,Active,407.5,2.4,98.2,11.5,76.0,No,0.0,None
22:43:53.597,Active,407.6,2.4,98.8,11.5,74.9,No,0.0,None
22:43:54.031,Active,427.2,2.4,98.8,11.6,75.5,No,0.0,None
22:43:54.445,Active,407.4,2.4,99.4,11.6,76.5,No,0.0,None
22:43:54.863,Active,407.6,2.4,98.2,11.6,75.5,No,0.0,None
22:43:55.280,Active,408.3,2.4,98.2,11.6,75.5,No,0.0,None
22:43:55.698,Active,409.0,2.4,98.2,11.6,76.0,No,0.0,None
22:43:56.113,Active,406.1,2.4,98.2,11.6,76.0,No,0.0,None
22:43:56.530,Active,407.7,2.4,98.2,11.6,74.3,No,0.0,None
22:43:56.948,Active,408.0,2.4,98.2,11.6,75.5,No,0.0,None
22:43:57.366,Active,409.0,2.4,98.2,11.6,76.0,No,0.0,None
22:43:57.779,Active,406.3,2.4,98.2,11.5,76.5,No,0.0,None
22:43:58.195,Active,409.4,2.4,99.4,11.5,76.5,No,0.0,None
22:43:58.610,Active,409.3,2.4,99.4,11.5,76.5,No,0.0,None
22:43:59.026,Active,410.0,2.4,99.4,11.5,76.0,No,0.0,None
22:43:59.443,Active,409.8,2.4,97.6,11.5,77.1,No,0.0,None
22:43:59.863,Active,409.8,2.4,98.2,11.5,76.0,No,0.0,None
22:44:00.278,Active,407.1,2.4,98.2,11.5,74.3,No,0.0,None
22:44:00.697,Active,410.8,2.4,98.2,11.5,77.1,No,0.0,None
22:44:01.110,Active,405.1,2.4,98.2,11.5,76.5,No,0.0,None
22:44:01.527,Active,407.1,2.4,98.2,11.5,76.5,No,0.0,None
22:44:01.942,Active,406.4,2.4,98.2,11.5,76.0,No,0.0,None
22:44:02.354,Active,404.8,2.4,98.8,11.5,77.1,No,0.0,None
22:44:02.768,Active,407.0,2.4,99.4,11.5,76.5,No,0.0,None
22:44:03.181,Active,407.2,2.4,99.4,11.5,76.5,No,0.0,None
22:44:03.596,Active,409.0,2.4,98.8,11.5,77.1,No,0.0,None
22:44:04.037,Active,432.0,2.4,98.3,11.6,76.0,No,0.0,None
22:44:04.454,Active,410.7,2.4,98.8,11.6,77.1,No,0.0,None
22:44:04.869,Active,404.0,2.4,98.8,11.6,77.1,No,0.0,None
22:44:05.283,Active,408.3,2.4,99.4,11.6,76.5,No,0.0,None
22:44:05.700,Active,411.6,2.4,98.2,11.6,76.5,No,0.0,None
22:44:06.114,Active,407.6,2.4,99.4,11.6,77.1,No,0.0,None
22:44:06.534,Active,409.5,2.4,97.6,11.6,77.1,No,0.0,None
22:44:06.947,Active,407.0,2.4,99.4,11.5,77.1,No,0.0,None
22:44:07.362,Active,408.3,2.4,98.8,11.5,77.7,No,0.0,None
22:44:07.774,Active,406.7,2.4,99.4,11.5,77.1,No,0.0,None
22:44:08.184,Active,404.2,2.4,99.4,11.5,78.2,No,0.0,None
22:44:08.603,Active,409.8,2.4,99.4,11.5,77.1,No,0.0,None
22:44:09.019,Active,409.6,2.4,98.2,11.5,77.1,No,0.0,None
22:44:09.442,Active,416.8,2.4,98.8,11.6,78.8,No,0.0,None
22:44:09.854,Active,406.9,2.4,99.4,11.6,78.2,No,0.0,None
22:44:10.267,Active,405.9,2.4,99.4,11.6,77.7,No,0.0,None
22:44:10.684,Active,410.8,2.4,99.4,11.6,77.1,No,0.0,None
22:44:11.098,Active,404.6,2.4,98.8,11.6,77.1,No,0.0,None
22:44:11.514,Active,408.6,2.4,98.8,11.6,77.1,No,0.0,None
22:44:11.935,Active,413.6,2.4,97.6,11.6,78.8,No,0.0,None
22:44:12.347,Active,405.6,2.4,98.8,11.5,77.7,No,0.0,None
22:44:12.762,Active,408.8,2.4,98.8,11.5,77.7,No,0.0,None
22:44:13.175,Active,406.0,2.4,98.2,11.5,77.7,No,0.0,None
22:44:13.595,Active,410.8,2.4,98.2,11.5,78.2,No,0.0,None
22:44:14.009,Active,406.4,2.4,98.2,11.5,77.1,No,0.0,None
22:44:14.439,Active,420.9,2.4,98.2,11.6,77.7,No,0.0,None
22:44:14.857,Active,407.6,2.4,98.2,11.6,77.1,No,0.0,None
22:44:15.270,Active,406.2,2.4,98.8,11.6,78.2,No,0.0,None
22:44:15.686,Active,408.5,2.4,98.8,11.6,77.7,No,0.0,None
22:44:16.098,Active,404.9,2.4,98.2,11.6,77.1,No,0.0,None
22:44:16.509,Active,404.2,2.4,99.4,11.6,77.1,No,0.0,None
22:44:16.922,Active,406.0,2.4,98.8,11.6,77.7,No,0.0,None
22:44:17.341,Active,412.1,2.4,98.2,11.5,78.2,No,0.0,None
22:44:17.757,Active,408.2,2.4,98.2,11.5,77.7,No,0.0,None
22:44:18.172,Active,406.9,2.4,98.8,11.5,77.7,No,0.0,None
22:44:18.591,Active,409.7,2.4,98.2,11.5,77.7,No,0.0,None
22:44:19.002,Active,405.3,2.4,99.4,11.5,78.2,No,0.0,None
22:44:19.439,Active,429.8,2.4,98.3,11.6,77.7,No,0.0,None
22:44:19.880,Active,435.4,2.4,94.4,11.6,78.8,No,0.0,None
22:44:20.304,Active,414.5,2.4,97.0,11.6,77.7,No,0.0,None
22:44:20.722,Active,410.6,2.4,98.8,11.6,77.7,No,0.0,None
22:44:21.137,Active,409.2,2.4,98.2,11.6,77.7,No,0.0,None
22:44:21.555,Active,411.5,2.4,98.8,11.6,77.1,No,0.0,None
22:44:21.971,Active,408.1,2.4,98.2,11.5,77.1,No,0.0,None
22:44:22.388,Active,406.7,2.4,98.2,11.5,78.8,No,0.0,None
22:44:22.806,Active,409.8,2.4,98.2,11.5,78.2,No,0.0,None
22:44:23.222,Active,406.4,2.4,98.2,11.5,78.2,No,0.0,None
22:44:23.642,Active,409.6,2.4,98.2,11.5,78.2,No,0.0,None
22:44:24.064,Active,414.6,2.4,97.0,11.5,78.2,No,0.0,None
22:44:24.505,Active,432.8,2.4,97.7,11.6,77.7,No,0.0,None
22:44:24.929,Active,415.5,2.4,97.6,11.6,78.2,No,0.0,None
22:44:25.346,Active,407.3,2.4,98.2,11.6,78.8,No,0.0,None
22:44:25.766,Active,410.5,2.4,97.6,11.6,77.1,No,0.0,None
22:44:26.181,Active,409.1,2.4,99.4,11.6,77.7,No,0.0,None
22:44:26.598,Active,409.4,2.4,98.2,11.6,78.8,No,0.0,None
22:44:27.015,Active,410.5,2.4,98.2,11.6,78.2,No,0.0,None
22:44:27.443,Active,419.0,2.4,97.1,11.6,78.2,No,0.0,None
22:44:27.857,Active,407.7,2.4,98.8,11.6,78.2,No,0.0,None
22:45:13.289,Active,418.9,2.4,1.1,11.5,60.0,No,0.0,None
22:45:13.702,Active,406.5,2.4,100.0,11.5,60.6,No,0.0,None
22:45:14.119,Active,409.7,2.4,98.8,11.5,62.2,No,0.0,None
22:45:14.533,Active,407.5,2.4,98.8,11.6,62.8,No,0.0,None
22:45:14.951,Active,406.1,2.4,97.6,11.6,63.9,No,0.0,None
22:45:15.378,Active,421.1,4.0,98.8,11.7,65.0,No,0.0,None
22:45:15.797,Active,409.1,4.0,98.2,11.7,65.5,No,0.0,None
22:45:16.211,Active,405.7,4.0,98.2,11.7,66.1,No,0.0,None
22:45:16.625,Active,408.0,4.0,98.8,11.7,67.8,No,0.0,None
22:45:17.045,Active,410.2,4.0,98.2,11.7,67.2,No,0.0,None
22:45:17.464,Active,409.2,4.0,97.6,11.7,67.8,No,0.0,None
22:45:17.878,Active,404.7,4.0,98.8,11.7,67.8,No,0.0,None
22:45:18.295,Active,407.0,4.0,98.2,11.6,68.3,No,0.0,None
22:45:18.712,Active,410.1,4.0,98.8,11.6,68.8,No,0.0,None
22:45:19.128,Active,406.6,4.0,98.2,11.6,68.3,No,0.0,None
22:45:19.545,Active,408.3,2.4,97.6,11.6,69.4,No,0.0,None
22:45:19.966,Active,414.3,2.4,98.2,11.6,70.0,No,0.0,None
22:45:20.402,Active,428.5,2.4,98.3,11.8,70.0,No,0.0,None
22:45:20.827,Active,417.7,2.4,97.1,11.8,70.0,No,0.0,None
22:45:21.261,Active,428.3,2.4,96.0,11.8,70.5,No,0.0,None
22:45:21.677,Active,410.1,2.4,98.8,11.7,70.0,No,0.0,None
22:45:22.091,Active,407.0,2.4,98.8,11.7,71.0,No,0.0,None
22:45:22.522,Active,425.1,2.4,97.1,11.7,71.0,No,0.0,None
22:45:22.935,Active,405.8,2.4,98.8,11.7,71.0,No,0.0,None
22:45:23.349,Active,406.8,2.4,98.8,11.7,72.2,No,0.0,None
22:45:23.775,Active,417.7,2.4,97.0,11.7,72.7,No,0.0,None
22:45:24.186,Active,405.4,2.4,99.4,11.7,72.2,No,0.0,None
22:45:24.602,Active,408.4,2.4,98.8,11.7,71.0,No,0.0,None
22:45:25.015,Active,406.3,2.4,98.2,11.7,72.7,No,0.0,None
22:45:25.432,Active,406.9,2.4,98.2,11.6,71.0,No,0.0,None
22:45:25.867,Active,425.7,2.4,97.7,11.7,72.2,No,0.0,None
22:45:26.281,Active,407.8,2.4,98.8,11.6,73.2,No,0.0,None
22:45:26.699,Active,409.6,2.4,98.2,11.6,72.7,No,0.0,None
22:45:27.110,Active,405.7,2.4,98.2,11.6,73.2,No,0.0,None
22:45:27.525,Active,408.4,2.4,98.8,11.6,73.2,No,0.0,None
22:45:27.944,Active,407.2,2.4,98.2,11.6,73.2,No,0.0,None
22:45:28.357,Active,403.6,2.4,98.8,11.6,72.2,No,0.0,None
22:45:28.773,Active,410.6,2.4,99.4,11.6,74.3,No,0.0,None
22:45:29.188,Active,407.1,2.4,98.8,11.6,73.2,No,0.0,None
22:45:29.601,Active,406.8,2.4,98.8,11.6,73.8,No,0.0,None
22:45:30.017,Active,406.0,2.4,98.2,11.6,73.8,No,0.0,None
22:45:30.433,Active,408.8,2.4,99.4,11.6,74.9,No,0.0,None
22:45:30.845,Active,404.7,2.4,98.8,11.6,73.8,No,0.0,None
22:45:31.260,Active,405.2,2.4,98.2,11.6,74.9,No,0.0,None
22:45:31.674,Active,407.6,2.4,98.8,11.6,74.3,No,0.0,None
22:45:32.089,Active,407.5,2.4,98.8,11.6,75.5,No,0.0,None
22:45:32.514,Active,416.8,2.4,97.0,11.5,74.3,No,0.0,None
22:45:32.930,Active,406.0,2.4,98.2,11.5,74.3,No,0.0,None
22:45:33.343,Active,406.3,2.4,99.4,11.5,74.3,No,0.0,None
22:45:33.757,Active,407.6,2.4,98.8,11.5,74.3,No,0.0,None
22:45:34.175,Active,409.9,2.4,98.2,11.5,74.9,No,0.0,None
22:45:34.590,Active,408.7,2.4,99.4,11.5,74.9,No,0.0,None
22:45:35.002,Active,406.2,2.4,99.4,11.5,74.9,No,0.0,None
22:45:35.418,Active,408.5,2.4,98.8,11.5,75.5,No,0.0,None
22:45:35.861,Active,436.2,2.4,97.7,11.6,74.9,No,0.0,None
22:45:36.274,Active,406.1,2.4,99.4,11.6,75.5,No,0.0,None
22:45:36.691,Active,409.6,2.4,98.8,11.6,75.5,No,0.0,None
22:45:37.110,Active,409.5,2.4,97.6,11.6,76.0,No,0.0,None
22:45:37.525,Active,409.4,2.4,98.8,11.6,75.5,No,0.0,None
22:45:37.938,Active,406.5,2.4,99.4,11.6,76.5,No,0.0,None
22:45:38.350,Active,406.3,2.4,98.8,11.6,75.5,No,0.0,None
22:45:38.767,Active,409.6,2.4,98.8,11.6,75.5,No,0.0,None
22:45:39.191,Active,417.9,2.4,97.0,11.6,74.9,No,0.0,None
22:45:39.606,Active,408.1,2.4,98.8,11.6,75.5,No,0.0,None
22:45:40.023,Active,407.4,2.4,98.2,11.6,76.0,No,0.0,None
22:45:40.442,Active,409.8,2.4,98.2,11.6,75.5,No,0.0,None
22:45:40.888,Active,436.2,2.4,95.5,11.6,76.0,No,0.0,None
22:45:41.314,Active,416.5,2.4,96.4,11.6,75.5,No,0.0,None
22:45:41.730,Active,409.2,2.4,99.4,11.5,76.0,No,0.0,None
22:45:42.146,Active,408.5,2.4,98.8,11.6,76.5,No,0.0,None
22:45:42.561,Active,408.3,2.4,98.2,11.6,75.5,No,0.0,None
22:45:42.981,Active,411.6,2.4,98.2,11.6,76.5,No,0.0,None
22:45:43.400,Active,411.1,2.4,98.2,11.6,75.5,No,0.0,None
22:45:43.814,Active,407.5,2.4,98.8,11.5,76.0,No,0.0,None
22:45:44.228,Active,407.4,2.4,98.8,11.5,76.0,No,0.0,None
22:45:44.651,Active,414.1,2.4,97.6,11.5,76.0,No,0.0,None
22:45:45.071,Active,408.6,2.4,97.6,11.5,76.5,No,0.0,None
22:45:45.487,Active,409.3,2.4,98.8,11.5,76.5,No,0.0,None
22:45:45.917,Active,424.9,2.4,98.8,11.5,76.5,No,0.0,None
22:45:46.331,Active,406.0,2.4,98.2,11.6,76.5,No,0.0,None
22:45:46.750,Active,410.5,2.4,98.8,11.6,77.1,No,0.0,None
22:45:47.163,Active,406.2,2.4,98.8,11.6,76.5,No,0.0,None
22:45:47.582,Active,409.3,2.4,98.2,11.6,77.1,No,0.0,None
22:45:47.998,Active,408.3,2.4,98.8,11.6,76.5,No,0.0,None
22:45:48.415,Active,409.7,2.4,98.8,11.5,76.5,No,0.0,None
22:45:48.830,Active,404.9,2.4,97.6,11.5,77.1,No,0.0,None
22:45:49.242,Active,405.2,2.4,99.4,11.5,76.5,No,0.0,None
22:45:49.662,Active,413.5,2.4,98.8,11.5,76.5,No,0.0,None
22:45:50.077,Active,408.0,2.4,97.0,11.5,78.2,No,0.0,None
22:45:50.494,Active,410.3,2.4,99.4,11.5,77.1,No,0.0,None
22:45:50.932,Active,431.1,2.4,97.7,11.5,76.5,No,0.0,None
22:45:51.341,Active,403.1,2.4,99.4,11.6,77.7,No,0.0,None
22:45:51.758,Active,410.9,2.4,99.4,11.6,77.1,No,0.0,None
22:45:52.173,Active,407.7,2.4,98.8,11.6,77.1,No,0.0,None
22:45:52.589,Active,408.2,2.4,98.2,11.6,76.5,No,0.0,None
22:45:53.006,Active,410.0,2.4,98.8,11.6,77.1,No,0.0,None
22:45:53.421,Active,407.6,2.4,98.2,11.5,77.7,No,0.0,None
22:45:53.838,Active,408.5,2.4,98.8,11.5,77.7,No,0.0,None
22:45:54.250,Active,404.5,2.4,98.8,11.5,77.7,No,0.0,None
22:45:54.670,Active,412.3,2.4,98.8,11.5,78.8,No,0.0,None
22:45:55.086,Active,408.0,2.4,97.6,11.5,78.2,No,0.0,None
22:45:55.501,Active,408.8,2.4,98.8,11.5,76.0,No,0.0,None
22:45:55.915,Active,407.9,2.4,98.8,11.5,77.1,No,0.0,None
22:45:56.346,Active,424.8,2.4,98.8,11.6,77.1,No,0.0,None
22:45:56.758,Active,405.9,2.4,99.4,11.6,77.7,No,0.0,None
22:45:57.172,Active,408.3,2.4,99.4,11.6,77.1,No,0.0,None
22:45:57.588,Active,410.1,2.4,98.8,11.6,77.1,No,0.0,None
22:45:58.000,Active,406.0,2.4,99.4,11.6,77.7,No,0.0,None
22:45:58.411,Active,405.3,2.4,99.4,11.6,77.1,No,0.0,None
22:45:58.828,Active,407.0,2.4,98.8,11.5,77.7,No,0.0,None
22:45:59.241,Active,406.9,2.4,99.4,11.5,77.7,No,0.0,None
22:45:59.663,Active,413.6,2.4,98.2,11.5,78.2,No,0.0,None
22:46:00.075,Active,406.2,2.4,98.8,11.5,77.7,No,0.0,None
22:46:00.491,Active,409.8,2.4,99.4,11.5,77.1,No,0.0,None
22:46:00.907,Active,409.6,2.4,98.2,11.5,78.2,No,0.0,None
22:46:01.319,Active,406.8,2.4,98.8,11.5,78.2,No,0.0,None
22:46:01.735,Active,409.0,2.4,99.4,11.5,77.7,No,0.0,None
22:46:02.261,Active,419.7,2.4,78.7,11.5,77.7,No,0.0,None
22:46:02.678,Active,408.7,2.4,98.2,11.5,77.7,No,0.0,None
22:46:03.091,Active,405.8,2.4,98.8,11.5,78.2,No,0.0,None
22:46:03.508,Active,410.2,2.4,98.8,11.5,77.7,No,0.0,None
22:46:03.927,Active,409.6,2.4,97.6,11.5,78.2,No,0.0,None
22:46:04.339,Active,405.5,2.4,99.4,11.5,77.7,No,0.0,None
22:46:04.753,Active,407.8,2.4,99.4,11.5,78.2,No,0.0,None
22:46:05.166,Active,406.4,2.4,98.8,11.5,77.7,No,0.0,None
22:46:05.586,Active,412.3,2.3,98.8,11.5,77.7,No,0.0,None
22:46:05.997,Active,405.2,2.3,99.4,11.5,77.7,No,0.0,None
22:46:06.434,Active,430.2,2.3,98.9,11.6,78.2,No,0.0,None
22:46:06.918,Active,405.4,2.3,84.5,11.6,78.2,No,0.0,None
22:46:07.330,Active,404.8,2.3,99.4,11.6,77.7,No,0.0,None
22:46:07.744,Active,407.7,2.3,99.4,11.6,78.2,No,0.0,None
22:46:08.155,Active,405.5,2.3,99.4,11.6,77.7,No,0.0,None
22:46:08.573,Active,408.1,2.3,98.2,11.6,78.8,No,0.0,None
22:46:08.999,Active,417.5,2.3,96.4,11.6,78.2,No,0.0,None
22:46:09.415,Active,409.6,2.3,99.4,11.5,78.2,No,0.0,None
22:46:09.939,Active,423.9,2.3,78.9,11.5,77.7,No,0.0,None
22:46:10.368,Active,423.7,2.3,95.9,11.5,78.2,No,0.0,None
22:46:10.785,Active,406.6,2.3,98.2,11.5,78.8,No,0.0,None
22:46:11.200,Active,406.6,2.3,99.4,11.5,78.2,No,0.0,None
22:46:11.623,Active,410.7,2.3,98.2,11.6,78.2,No,0.0,None
22:46:12.040,Active,408.3,2.3,98.2,11.6,78.8,No,0.0,None
22:46:12.458,Active,407.9,2.3,98.2,11.6,78.2,No,0.0,None
22:46:12.878,Active,410.0,2.3,98.2,11.6,78.8,No,0.0,None
22:46:58.307,Active,415.6,2.3,1.3,11.6,59.5,No,0.0,None
22:46:58.718,Active,404.7,2.3,100.0,11.6,61.7,No,0.0,None
22:46:59.131,Active,405.5,8.0,98.8,11.6,61.7,No,0.0,None
22:46:59.550,Active,409.0,8.0,98.2,11.6,63.4,No,0.0,None
22:46:59.967,Active,406.8,8.0,97.6,11.6,63.9,No,0.0,None
22:47:00.384,Active,407.3,8.0,98.2,11.6,64.5,No,0.0,None
22:47:00.803,Active,408.5,8.0,98.2,11.6,65.0,No,0.0,None
22:47:01.216,Active,406.7,8.0,98.8,11.6,65.5,No,0.0,None
22:47:01.634,Active,408.8,8.0,97.6,11.6,66.1,No,0.0,None
22:47:02.047,Active,406.4,8.0,98.8,11.6,67.2,No,0.0,None
22:47:02.463,Active,408.9,8.0,98.8,11.6,67.8,No,0.0,None
22:47:02.877,Active,406.7,8.0,98.2,11.6,67.8,No,0.0,None
22:47:03.294,Active,407.1,2.4,98.2,11.6,68.3,No,0.0,None
22:47:03.710,Active,408.8,2.4,98.8,11.6,68.3,No,0.0,None
22:47:04.124,Active,406.5,2.4,98.2,11.6,70.0,No,0.0,None
22:47:04.554,Active,420.9,2.4,96.5,11.6,69.4,No,0.0,None
22:47:04.973,Active,407.9,2.4,97.6,11.6,70.0,No,0.0,None
22:47:05.384,Active,405.2,2.4,99.4,11.6,70.0,No,0.0,None
22:47:05.798,Active,407.9,2.4,99.4,11.6,70.0,No,0.0,None
22:47:06.210,Active,405.2,2.4,98.8,11.6,71.0,No,0.0,None
22:47:06.623,Active,406.7,2.4,99.4,11.5,70.5,No,0.0,None
22:47:07.074,Active,444.6,2.4,98.9,11.6,70.0,No,0.0,None
22:47:07.494,Active,409.3,2.4,98.2,11.7,71.6,No,0.0,None
22:47:07.905,Active,405.0,2.4,98.8,11.7,71.6,No,0.0,None
22:47:08.318,Active,405.1,2.4,99.4,11.7,72.2,No,0.0,None
22:47:08.733,Active,408.5,2.4,99.4,11.7,71.6,No,0.0,None
22:47:09.145,Active,406.7,2.4,99.4,11.7,72.2,No,0.0,None
22:47:09.560,Active,408.9,2.4,98.8,11.6,71.6,No,0.0,None
22:47:09.978,Active,407.4,2.4,98.2,11.6,72.2,No,0.0,None
22:47:10.390,Active,406.1,2.4,98.8,11.6,72.7,No,0.0,None
22:47:10.806,Active,408.3,2.4,98.8,11.6,72.7,No,0.0,None
22:47:11.223,Active,409.0,2.4,97.6,11.6,73.2,No,0.0,None
22:47:11.636,Active,407.0,2.4,98.8,11.6,72.7,No,0.0,None
22:47:12.053,Active,408.0,2.4,98.8,11.6,72.7,No,0.0,None
22:47:12.480,Active,419.3,2.4,98.2,11.6,72.7,No,0.0,None
22:47:12.895,Active,408.4,2.4,98.8,11.6,72.2,No,0.0,None
22:47:13.311,Active,407.1,2.4,98.2,11.5,73.2,No,0.0,None
22:47:13.730,Active,410.3,2.4,98.2,11.5,73.2,No,0.0,None
22:47:14.152,Active,415.1,2.4,97.6,11.5,74.3,No,0.0,None
22:47:14.570,Active,409.0,2.4,98.2,11.6,72.7,No,0.0,None
22:47:14.981,Active,404.7,2.4,99.4,11.6,73.8,No,0.0,None
22:47:15.393,Active,405.8,2.4,99.4,11.6,74.3,No,0.0,None
22:47:15.805,Active,405.9,2.4,99.4,11.6,74.9,No,0.0,None
22:47:16.217,Active,403.6,2.4,99.4,11.6,73.8,No,0.0,None
22:47:16.633,Active,410.5,2.4,99.4,11.5,74.3,No,0.0,None
22:47:17.047,Active,407.5,2.4,98.8,11.5,74.9,No,0.0,None
22:47:17.477,Active,424.2,2.4,98.8,11.5,74.3,No,0.0,None
22:47:17.891,Active,406.2,2.4,98.8,11.5,75.5,No,0.0,None
22:47:18.308,Active,406.4,2.4,97.6,11.5,74.9,No,0.0,None
22:47:18.729,Active,412.3,2.4,97.6,11.5,74.3,No,0.0,None
22:47:19.142,Active,406.2,2.4,98.8,11.5,75.5,No,0.0,None
22:47:19.557,Active,407.9,2.4,98.8,11.5,75.5,No,0.0,None
22:47:19.972,Active,407.2,2.4,98.8,11.5,75.5,No,0.0,None
22:47:20.390,Active,408.6,2.4,98.8,11.5,75.5,No,0.0,None
22:47:20.808,Active,410.5,2.4,98.2,11.5,74.9,No,0.0,None
22:47:21.223,Active,406.1,2.4,98.2,11.5,75.5,No,0.0,None
22:47:21.640,Active,409.6,2.4,98.2,11.5,75.5,No,0.0,None
22:47:22.054,Active,407.4,2.4,98.2,11.5,75.5,No,0.0,None
22:47:22.494,Active,432.5,2.4,98.9,11.5,75.5,No,0.0,None
22:47:22.914,Active,412.9,2.4,98.2,11.5,76.0,No,0.0,None
22:47:23.330,Active,408.5,2.4,98.8,11.5,74.9,No,0.0,None
22:47:23.746,Active,408.9,2.4,98.8,11.5,76.0,No,0.0,None
22:47:24.162,Active,408.9,2.4,98.8,11.5,75.5,No,0.0,None
22:47:24.577,Active,408.3,2.4,98.2,11.5,75.5,No,0.0,None
22:47:24.990,Active,406.1,2.4,98.8,11.5,75.5,No,0.0,None
22:47:25.402,Active,406.3,2.4,99.4,11.5,76.5,No,0.0,None
22:47:25.818,Active,407.8,2.4,98.2,11.5,76.5,No,0.0,None
22:47:26.231,Active,406.3,2.4,98.8,11.5,76.0,No,0.0,None
22:47:26.649,Active,407.6,2.4,98.8,11.5,76.5,No,0.0,None
22:47:27.058,Active,402.9,2.4,99.4,11.5,77.7,No,0.0,None
22:47:27.481,Active,417.1,2.4,100.0,11.5,76.0,No,0.0,None
22:47:27.901,Active,407.1,2.4,98.2,11.6,76.0,No,0.0,None
22:47:28.316,Active,409.1,2.4,100.0,11.6,76.5,No,0.0,None
22:47:28.731,Active,406.3,2.4,98.2,11.6,76.5,No,0.0,None
22:47:29.245,Active,403.5,2.4,79.6,11.6,76.5,No,0.0,None
22:47:29.661,Active,407.7,2.4,98.8,11.6,76.5,No,0.0,None
22:47:30.078,Active,406.7,2.4,97.6,11.6,76.0,No,0.0,None
22:47:30.499,Active,411.0,2.4,98.2,11.6,77.1,No,0.0,None
22:47:30.914,Active,407.4,2.4,98.2,11.6,76.0,No,0.0,None
22:47:31.329,Active,409.0,2.4,98.8,11.6,76.5,No,0.0,None
22:47:31.745,Active,407.8,2.4,98.8,11.5,76.0,No,0.0,None
22:47:32.158,Active,406.3,2.4,98.8,11.5,76.5,No,0.0,None
22:47:32.573,Active,404.7,2.3,98.2,11.6,77.1,No,0.0,None
22:47:32.986,Active,407.5,2.3,99.4,11.6,77.1,No,0.0,None
22:47:33.402,Active,408.8,2.3,98.8,11.6,77.1,No,0.0,None
22:47:33.815,Active,406.1,2.3,98.2,11.5,77.1,No,0.0,None
22:47:34.229,Active,407.6,2.3,99.4,11.5,76.5,No,0.0,None
22:47:34.648,Active,411.2,2.3,97.6,11.5,76.5,No,0.0,None
22:47:35.063,Active,408.1,2.3,98.2,11.5,77.1,No,0.0,None
22:47:35.479,Active,406.7,2.3,98.2,11.5,76.5,No,0.0,None
22:47:35.893,Active,408.0,2.3,98.8,11.5,77.1,No,0.0,None
22:47:36.310,Active,407.5,2.3,98.2,11.5,77.1,No,0.0,None
22:47:36.728,Active,409.0,2.4,98.2,11.5,76.5,No,0.0,None
22:47:37.147,Active,408.6,2.4,97.6,11.5,77.1,No,0.0,None
22:47:37.598,Active,442.3,2.4,98.3,11.5,76.5,No,0.0,None
22:47:38.015,Active,407.6,2.4,98.2,11.6,76.5,No,0.0,None
22:47:38.432,Active,409.4,2.4,98.2,11.6,77.1,No,0.0,None
22:47:38.846,Active,406.0,2.4,98.2,11.6,77.7,No,0.0,None
22:47:39.262,Active,406.5,2.4,98.2,11.6,76.5,No,0.0,None
22:47:39.677,Active,407.9,2.4,99.4,11.6,77.7,No,0.0,None
22:47:40.094,Active,406.4,2.4,98.2,11.6,77.7,No,0.0,None
22:47:40.510,Active,407.2,2.4,98.2,11.6,78.2,No,0.0,None
22:47:40.926,Active,406.9,2.4,98.8,11.6,77.7,No,0.0,None
22:47:41.341,Active,404.4,2.4,97.6,11.5,76.5,No,0.0,None
22:47:41.762,Active,410.0,2.4,97.6,11.5,78.2,No,0.0,None
22:47:42.178,Active,409.3,2.4,98.8,11.5,77.1,No,0.0,None
22:47:42.595,Active,408.5,2.4,98.8,11.5,76.0,No,0.0,None
22:47:43.020,Active,416.3,2.4,97.7,11.5,77.7,No,0.0,None
22:47:43.440,Active,409.5,2.4,98.2,11.6,78.2,No,0.0,None
22:47:43.854,Active,405.2,2.4,98.2,11.6,77.7,No,0.0,None
22:47:44.270,Active,407.8,2.4,98.8,11.6,77.1,No,0.0,None
22:47:44.681,Active,404.3,2.4,98.8,11.6,78.2,No,0.0,None
22:47:45.093,Active,405.8,2.4,99.4,11.6,77.7,No,0.0,None
22:47:45.507,Active,408.3,2.4,99.4,11.5,77.7,No,0.0,None
22:47:45.921,Active,407.2,2.4,99.4,11.5,77.7,No,0.0,None
22:47:46.334,Active,407.2,2.4,99.4,11.5,77.7,No,0.0,None
22:47:46.748,Active,407.3,2.4,98.8,11.5,78.2,No,0.0,None
22:47:47.163,Active,405.7,2.4,98.8,11.5,77.7,No,0.0,None
22:47:47.578,Active,408.6,2.4,98.8,11.5,77.7,No,0.0,None
22:47:48.003,Active,417.8,2.4,98.8,11.5,78.2,No,0.0,None
22:47:48.418,Active,408.3,2.4,98.8,11.5,77.7,No,0.0,None
22:47:48.830,Active,406.9,2.4,99.4,11.5,78.8,No,0.0,None
22:47:49.241,Active,404.1,2.4,98.8,11.5,77.7,No,0.0,None
22:47:49.656,Active,409.0,2.4,98.8,11.5,78.8,No,0.0,None
22:47:50.069,Active,406.5,2.4,99.4,11.5,77.7,No,0.0,None
22:47:50.483,Active,408.7,2.4,99.4,11.5,78.2,No,0.0,None
22:47:50.898,Active,406.1,2.4,97.6,11.5,77.7,No,0.0,None
22:47:51.316,Active,408.5,2.4,98.2,11.5,77.1,No,0.0,None
22:47:51.726,Active,403.5,2.4,98.8,11.5,78.2,No,0.0,None
22:47:52.136,Active,404.7,2.4,99.4,11.5,78.2,No,0.0,None
22:47:52.548,Active,405.8,2.4,99.4,11.5,78.8,No,0.0,None
22:47:52.983,Active,428.7,2.4,98.8,11.5,77.7,No,0.0,None
22:47:53.406,Active,417.1,2.4,97.0,11.6,78.2,No,0.0,None
22:47:53.822,Active,408.4,2.4,98.2,11.6,78.2,No,0.0,None
22:47:54.237,Active,407.8,2.4,98.2,11.6,78.2,No,0.0,None
22:47:54.652,Active,406.8,2.4,98.2,11.6,77.7,No,0.0,None
22:47:55.067,Active,407.3,2.4,99.4,11.6,78.2,No,0.0,None
22:47:55.484,Active,408.3,2.4,98.2,11.6,78.8,No,0.0,None
22:47:55.896,Active,404.1,2.4,98.8,11.6,77.7,No,0.0,None
22:47:56.318,Active,410.5,2.4,97.0,11.5,78.2,No,0.0,None
22:47:56.736,Active,408.2,2.4,98.2,11.5,78.8,No,0.0,None
22:47:57.151,Active,405.8,2.4,98.2,11.5,78.2,No,0.0,None
22:47:57.566,Active,407.7,2.4,98.8,11.5,79.3,No,0.0,None
22:47:57.992,Active,419.0,2.4,98.8,11.5,77.1,No,0.0,None
22:48:43.427,Active,418.2,2.4,1.1,11.6,59.5,No,0.0,None
22:48:43.848,Active,414.5,2.4,100.0,11.6,61.7,No,0.0,None
22:48:44.261,Active,407.5,2.4,100.0,11.6,62.8,No,0.0,None
22:48:44.675,Active,407.7,2.4,98.8,11.6,63.9,No,0.0,None
22:48:45.087,Active,405.8,2.4,99.4,11.6,64.5,No,0.0,None
22:48:45.501,Active,407.2,2.4,99.4,11.6,65.0,No,0.0,None
22:48:45.917,Active,407.1,2.4,98.2,11.6,66.1,No,0.0,None
22:48:46.332,Active,407.2,2.4,98.2,11.6,66.1,No,0.0,None
22:48:46.767,Active,426.0,2.7,95.9,11.6,66.7,No,0.0,None
22:48:47.189,Active,412.4,2.7,97.1,11.6,67.2,No,0.0,None
22:48:47.605,Active,407.6,2.7,98.8,11.6,68.3,No,0.0,None
22:48:48.018,Active,407.1,2.7,98.8,11.5,69.4,No,0.0,None
22:48:48.436,Active,409.8,2.7,98.2,11.5,68.3,No,0.0,None
22:48:48.868,Active,423.3,2.7,98.3,11.5,68.8,No,0.0,None
22:48:49.318,Active,440.6,2.7,94.4,11.6,68.8,No,0.0,None
22:48:49.735,Active,409.5,2.7,98.2,11.6,69.4,No,0.0,None
22:48:50.148,Active,404.9,2.7,98.8,11.6,70.0,No,0.0,None
22:48:50.568,Active,407.7,2.7,98.2,11.6,70.0,No,0.0,None
22:48:50.985,Active,409.1,2.4,98.8,11.5,70.5,No,0.0,None
22:48:51.398,Active,406.9,2.4,97.6,11.5,70.0,No,0.0,None
22:48:51.815,Active,408.8,2.4,98.2,11.5,71.6,No,0.0,None
22:48:52.231,Active,405.8,2.4,98.2,11.5,71.0,No,0.0,None
22:48:52.646,Active,408.6,2.4,98.8,11.5,72.2,No,0.0,None
22:48:53.067,Active,414.2,2.4,97.6,11.5,71.6,No,0.0,None
22:48:53.485,Active,406.7,2.4,97.6,11.5,71.6,No,0.0,None
22:48:53.924,Active,431.8,2.4,98.9,11.5,72.2,No,0.0,None
22:48:54.337,Active,406.0,2.4,98.8,11.6,71.6,No,0.0,None
22:48:54.752,Active,408.1,2.4,99.4,11.6,72.7,No,0.0,None
22:48:55.169,Active,406.8,2.4,98.2,11.6,72.7,No,0.0,None
22:48:55.587,Active,409.3,2.4,97.6,11.6,72.7,No,0.0,None
22:48:56.031,Active,433.5,2.4,95.4,11.6,72.7,No,0.0,None
22:48:56.442,Active,404.6,2.4,98.8,11.6,73.2,No,0.0,None
22:48:56.859,Active,407.3,2.4,98.2,11.5,73.2,No,0.0,None
22:48:57.273,Active,406.4,2.4,98.2,11.5,73.2,No,0.0,None
22:48:57.694,Active,410.6,2.4,98.2,11.5,73.2,No,0.0,None
22:48:58.108,Active,406.5,2.4,98.2,11.5,73.2,No,0.0,None
22:48:58.526,Active,409.8,2.4,98.8,11.5,72.7,No,0.0,None
22:48:58.940,Active,406.6,2.4,98.2,11.5,73.8,No,0.0,None
22:48:59.458,Active,410.5,2.3,81.5,11.6,73.8,No,0.0,None
22:48:59.874,Active,409.0,2.3,98.2,11.6,73.8,No,0.0,None
22:49:00.289,Active,407.9,2.3,98.2,11.6,73.8,No,0.0,None
22:49:00.707,Active,408.9,2.3,98.2,11.6,74.3,No,0.0,None
22:49:01.125,Active,407.2,2.3,97.6,11.6,74.3,No,0.0,None
22:49:01.542,Active,407.9,2.3,98.8,11.6,74.3,No,0.0,None
22:49:01.960,Active,408.5,2.3,98.2,11.5,74.3,No,0.0,None
22:49:02.376,Active,407.0,2.3,98.2,11.5,74.3,No,0.0,None
22:49:02.914,Active,435.5,2.3,78.1,11.6,73.8,No,0.0,None
22:49:03.329,Active,408.2,2.3,99.4,11.6,74.9,No,0.0,None
22:49:03.748,Active,412.9,2.3,98.2,11.6,74.9,No,0.0,None
22:49:04.163,Active,405.8,2.3,98.2,11.6,75.5,No,0.0,None
22:49:04.582,Active,409.7,2.3,98.2,11.6,74.9,No,0.0,None
22:49:04.998,Active,409.0,2.3,98.8,11.6,75.5,No,0.0,None
22:49:05.444,Active,438.8,2.3,93.9,11.6,76.0,No,0.0,None
22:49:05.862,Active,408.8,2.3,98.8,11.6,74.9,No,0.0,None
22:49:06.276,Active,407.0,2.3,97.6,11.6,74.9,No,0.0,None
22:49:06.694,Active,408.2,2.3,98.2,11.5,75.5,No,0.0,None
22:49:07.113,Active,409.9,2.3,97.0,11.5,74.9,No,0.0,None
22:49:07.529,Active,408.1,2.3,98.8,11.5,75.5,No,0.0,None
22:49:07.947,Active,406.6,2.4,97.6,11.5,75.5,No,0.0,None
22:49:08.359,Active,406.3,2.4,98.8,11.5,76.0,No,0.0,None
22:49:08.777,Active,408.0,2.4,98.2,11.5,75.5,No,0.0,None
22:49:09.222,Active,438.6,2.4,98.9,11.6,76.5,No,0.0,None
22:49:09.638,Active,408.8,2.4,98.8,11.7,75.5,No,0.0,None
22:49:10.050,Active,404.9,2.4,99.4,11.7,75.5,No,0.0,None
22:49:10.466,Active,408.5,2.4,98.8,11.7,76.0,No,0.0,None
22:49:10.883,Active,409.9,2.4,98.2,11.7,76.0,No,0.0,None
22:49:11.296,Active,406.7,2.4,98.2,11.7,76.0,No,0.0,None
22:49:11.713,Active,408.3,2.4,98.2,11.6,77.1,No,0.0,None
22:49:12.128,Active,407.1,2.4,98.8,11.6,76.0,No,0.0,None
22:49:12.545,Active,408.1,2.4,97.6,11.6,77.1,No,0.0,None
22:49:12.962,Active,408.2,2.4,97.6,11.6,76.5,No,0.0,None
22:49:13.375,Active,405.6,2.4,98.8,11.6,76.5,No,0.0,None
22:49:13.796,Active,415.2,2.4,98.8,11.6,77.7,No,0.0,None
22:49:14.213,Active,410.3,2.4,98.8,11.6,76.0,No,0.0,None
22:49:14.630,Active,409.2,2.4,99.4,11.6,77.1,No,0.0,None
22:49:15.043,Active,405.7,2.4,98.8,11.6,77.1,No,0.0,None
22:49:15.460,Active,408.9,2.4,98.8,11.6,76.5,No,0.0,None
22:49:15.873,Active,407.0,2.4,99.4,11.6,76.5,No,0.0,None
22:49:16.287,Active,407.5,2.4,98.8,11.6,77.1,No,0.0,None
22:49:16.702,Active,408.9,2.4,98.8,11.5,76.5,No,0.0,None
22:49:17.117,Active,408.0,2.4,98.2,11.5,77.1,No,0.0,None
22:49:17.530,Active,406.8,2.4,99.4,11.6,77.1,No,0.0,None
22:49:17.978,Active,434.1,2.4,93.8,11.5,77.1,No,0.0,None
22:49:18.393,Active,408.2,2.4,99.4,11.5,77.1,No,0.0,None
22:49:18.829,Active,429.8,2.4,94.9,11.6,77.1,No,0.0,None
22:49:19.254,Active,419.2,2.4,99.4,11.6,77.1,No,0.0,None
22:49:19.671,Active,410.7,2.4,99.4,11.6,77.7,No,0.0,None
22:49:20.104,Active,427.0,2.4,95.4,11.6,78.2,No,0.0,None
22:49:20.523,Active,408.7,2.4,98.2,11.6,77.1,No,0.0,None
22:49:20.938,Active,406.2,2.4,98.2,11.6,77.7,No,0.0,None
22:49:21.351,Active,406.7,2.4,99.4,11.6,77.7,No,0.0,None
22:49:21.766,Active,408.9,2.4,98.8,11.5,78.8,No,0.0,None
22:49:22.183,Active,409.8,2.4,98.2,11.5,78.2,No,0.0,None
22:49:22.602,Active,412.4,2.4,98.8,11.6,77.7,No,0.0,None
22:49:23.045,Active,435.9,2.4,94.3,11.6,77.7,No,0.0,None
22:49:23.459,Active,407.4,2.4,99.4,11.6,77.1,No,0.0,None
22:49:23.872,Active,403.1,2.4,98.2,11.5,77.7,No,0.0,None
22:49:24.308,Active,428.3,2.4,98.9,11.6,77.1,No,0.0,None
22:49:24.720,Active,406.2,2.4,99.4,11.5,78.2,No,0.0,None
22:49:25.133,Active,403.9,2.4,98.8,11.6,77.7,No,0.0,None
22:49:25.549,Active,407.2,2.4,99.4,11.5,77.1,No,0.0,None
22:49:25.963,Active,405.6,2.4,98.8,11.5,77.7,No,0.0,None
22:49:26.378,Active,408.5,2.4,98.8,11.5,77.7,No,0.0,None
22:49:26.797,Active,408.6,2.4,98.2,11.6,77.1,No,0.0,None
22:49:27.213,Active,407.6,2.4,98.8,11.6,78.2,No,0.0,None
22:49:27.628,Active,409.5,2.4,99.4,11.5,78.2,No,0.0,None
22:49:28.050,Active,416.2,2.4,97.0,11.5,78.2,No,0.0,None
22:49:28.465,Active,408.9,2.4,99.4,11.5,77.7,No,0.0,None
22:49:28.887,Active,410.6,2.4,97.6,11.6,77.7,No,0.0,None
22:49:29.326,Active,432.2,2.4,94.9,11.6,77.1,No,0.0,None
22:49:29.762,Active,428.5,2.4,98.9,11.6,78.2,No,0.0,None
22:49:30.180,Active,408.4,2.4,98.2,11.6,78.2,No,0.0,None
22:49:30.595,Active,408.3,2.4,99.4,11.6,77.7,No,0.0,None
22:49:31.009,Active,408.0,2.4,98.8,11.6,78.2,No,0.0,None
22:49:31.426,Active,410.5,2.4,98.8,11.6,78.2,No,0.0,None
22:49:31.838,Active,406.2,2.4,98.8,11.6,78.8,No,0.0,None
22:49:32.253,Active,407.4,2.4,98.8,11.6,78.2,No,0.0,None
22:49:32.671,Active,409.6,2.4,98.2,11.6,78.2,No,0.0,None
22:49:33.085,Active,408.0,2.4,98.8,11.5,78.8,No,0.0,None
22:49:33.502,Active,409.0,2.4,98.2,11.5,78.2,No,0.0,None
22:49:33.916,Active,407.1,2.4,99.4,11.5,78.2,No,0.0,None
22:49:34.329,Active,406.4,2.4,98.8,11.5,78.8,No,0.0,None
22:49:34.744,Active,409.4,2.4,99.4,11.5,78.8,No,0.0,None
22:49:35.164,Active,413.9,2.4,98.2,11.5,78.2,No,0.0,None
22:49:35.607,Active,433.5,2.4,94.3,11.5,78.2,No,0.0,None
22:49:36.019,Active,406.0,2.4,98.8,11.5,79.3,No,0.0,None
22:49:36.436,Active,410.5,2.4,98.8,11.5,77.1,No,0.0,None
22:49:36.851,Active,406.1,2.4,98.2,11.5,78.8,No,0.0,None
22:49:37.265,Active,405.6,2.4,98.2,11.5,77.7,No,0.0,None
22:49:37.681,Active,408.2,2.4,98.8,11.5,78.8,No,0.0,None
22:49:38.100,Active,408.9,2.4,97.6,11.5,78.2,No,0.0,None
22:49:38.517,Active,407.0,2.4,98.8,11.6,78.8,No,0.0,None
22:49:38.939,Active,409.5,2.4,97.6,11.5,78.8,No,0.0,None
22:49:39.353,Active,407.9,2.4,98.8,11.5,78.8,No,0.0,None
22:49:39.802,Active,443.2,2.4,97.8,11.6,78.2,No,0.0,None
22:49:40.219,Active,408.6,2.4,98.2,11.6,78.8,No,0.0,None
22:49:40.637,Active,409.6,2.4,98.2,11.6,78.2,No,0.0,None
22:49:41.050,Active,405.0,2.4,98.8,11.6,79.3,No,0.0,None
22:49:41.465,Active,407.7,2.4,98.8,11.6,79.3,No,0.0,None
22:49:41.880,Active,406.8,2.4,98.2,11.6,78.2,No,0.0,None
22:49:42.299,Active,409.6,2.4,98.2,11.6,78.8,No,0.0,None
22:49:42.712,Active,407.4,2.4,98.8,11.6,78.8,No,0.0,None
22:49:43.131,Active,409.5,2.4,98.8,11.6,79.3,No,0.0,None
22:50:28.572,Active,427.6,2.4,1.4,11.5,59.5,No,0.0,None
22:50:28.991,Active,409.7,2.4,98.2,11.5,61.1,No,0.0,None
22:50:29.404,Active,407.2,2.4,98.8,11.5,62.2,No,0.0,None
22:50:29.826,Active,412.5,2.4,96.4,11.5,62.2,No,0.0,None
22:50:30.243,Active,407.2,2.4,98.2,11.5,63.4,No,0.0,None
22:50:30.679,Active,426.7,3.9,98.3,11.6,65.0,No,0.0,None
22:50:31.102,Active,413.5,3.9,97.1,11.6,66.1,No,0.0,None
22:50:31.521,Active,409.5,3.9,98.2,11.6,66.1,No,0.0,None
22:50:31.948,Active,417.9,3.9,98.2,11.6,67.2,No,0.0,None
22:50:32.365,Active,406.9,3.9,98.2,11.6,67.8,No,0.0,None
22:50:32.783,Active,408.9,3.9,97.6,11.6,67.2,No,0.0,None
22:50:33.200,Active,406.3,3.9,98.2,11.6,68.3,No,0.0,None
22:50:33.618,Active,409.8,3.9,98.2,11.6,68.3,No,0.0,None
22:50:34.030,Active,405.3,3.9,99.4,11.6,68.8,No,0.0,None
22:50:34.446,Active,408.6,3.9,98.8,11.6,70.0,No,0.0,None
22:50:34.856,Active,403.0,2.4,98.8,11.6,70.0,No,0.0,None
22:50:35.270,Active,407.5,2.4,99.4,11.6,71.0,No,0.0,None
22:50:35.685,Active,408.2,2.4,98.2,11.6,70.5,No,0.0,None
22:50:36.098,Active,404.7,2.4,98.8,11.6,70.5,No,0.0,None
22:50:36.512,Active,407.0,2.4,98.8,11.6,71.6,No,0.0,None
22:50:36.929,Active,408.0,2.4,98.2,11.5,71.6,No,0.0,None
22:50:37.342,Active,406.7,2.4,98.2,11.5,71.6,No,0.0,None
22:50:37.766,Active,417.0,2.4,97.6,11.5,71.6,No,0.0,None
22:50:38.182,Active,408.8,2.4,98.2,11.5,71.6,No,0.0,None
22:50:38.598,Active,409.5,2.4,98.2,11.5,71.6,No,0.0,None
22:50:39.015,Active,406.4,2.4,98.2,11.5,73.2,No,0.0,None
22:50:39.435,Active,410.6,2.4,98.2,11.5,71.6,No,0.0,None
22:50:39.849,Active,407.3,2.4,98.2,11.5,73.2,No,0.0,None
22:50:40.267,Active,407.7,2.4,97.6,11.5,72.7,No,0.0,None
22:50:40.715,Active,439.3,2.4,97.8,11.5,73.2,No,0.0,None
22:50:41.134,Active,411.3,2.4,98.2,11.6,73.2,No,0.0,None
22:50:41.555,Active,410.5,2.4,98.2,11.6,73.2,No,0.0,None
22:50:41.971,Active,406.6,2.4,98.2,11.6,73.2,No,0.0,None
22:50:42.381,Active,403.3,2.4,98.8,11.6,73.2,No,0.0,None
22:50:42.793,Active,407.0,2.4,100.0,11.6,73.8,No,0.0,None
22:50:43.210,Active,408.8,2.4,98.8,11.6,73.8,No,0.0,None
22:50:43.626,Active,408.5,2.4,97.6,11.6,73.8,No,0.0,None
22:50:44.039,Active,406.2,2.4,98.8,11.5,74.3,No,0.0,None
22:50:44.454,Active,408.6,2.4,99.4,11.5,73.2,No,0.0,None
22:50:44.870,Active,406.4,2.4,98.2,11.5,74.3,No,0.0,None
22:50:45.290,Active,409.9,2.4,97.0,11.5,74.3,No,0.0,None
22:50:45.708,Active,408.0,2.4,98.2,11.5,74.3,No,0.0,None
22:50:46.129,Active,408.6,2.4,98.2,11.5,74.3,No,0.0,None
22:50:46.545,Active,407.7,2.4,98.2,11.5,74.9,No,0.0,None
22:50:46.960,Active,406.4,2.4,98.8,11.5,74.9,No,0.0,None
22:50:47.376,Active,406.4,2.4,98.2,11.5,75.5,No,0.0,None
22:50:47.794,Active,408.6,2.4,98.2,11.6,74.9,No,0.0,None
22:50:48.210,Active,406.8,2.4,98.2,11.6,74.9,No,0.0,None
22:50:48.625,Active,408.0,2.4,98.8,11.6,74.9,No,0.0,None
22:50:49.035,Active,404.0,2.4,99.4,11.6,74.9,No,0.0,None
22:50:49.455,Active,409.6,2.4,98.8,11.5,74.9,No,0.0,None
22:50:49.868,Active,407.3,2.4,98.8,11.5,75.5,No,0.0,None
22:50:50.284,Active,407.2,2.4,98.8,11.5,76.0,No,0.0,None
22:50:50.698,Active,407.8,2.4,98.8,11.5,75.5,No,0.0,None
22:50:51.125,Active,419.5,2.4,99.4,11.5,76.0,No,0.0,None
22:50:51.558,Active,424.5,2.4,95.9,11.6,75.5,No,0.0,None
22:50:51.974,Active,409.7,2.4,98.8,11.6,75.5,No,0.0,None
22:50:52.390,Active,410.0,2.4,98.8,11.6,75.5,No,0.0,None
22:50:52.805,Active,407.4,2.4,98.8,11.5,76.5,No,0.0,None
22:50:53.217,Active,406.6,2.4,99.4,11.5,76.5,No,0.0,None
22:50:53.634,Active,409.2,2.4,98.2,11.5,76.0,No,0.0,None
22:50:54.149,Active,404.3,2.4,79.0,11.5,75.5,No,0.0,None
22:50:54.567,Active,409.5,2.4,98.8,11.5,75.5,No,0.0,None
22:50:54.983,Active,406.7,2.4,98.2,11.5,74.9,No,0.0,None
22:50:55.402,Active,410.7,2.4,98.2,11.5,76.0,No,0.0,None
22:50:55.829,Active,419.5,2.3,97.1,11.5,75.5,No,0.0,None
22:50:56.243,Active,407.4,2.3,98.8,11.6,76.5,No,0.0,None
22:50:56.657,Active,408.0,2.3,98.8,11.6,76.0,No,0.0,None
22:50:57.077,Active,412.3,2.3,98.2,11.6,76.5,No,0.0,None
22:50:57.495,Active,409.7,2.3,98.2,11.6,76.0,No,0.0,None
22:50:57.908,Active,406.6,2.3,98.8,11.6,76.5,No,0.0,None
22:50:58.325,Active,407.6,2.3,98.2,11.6,76.5,No,0.0,None
22:50:58.750,Active,416.9,2.3,98.8,11.6,76.5,No,0.0,None
22:50:59.165,Active,407.8,2.3,98.2,11.6,77.1,No,0.0,None
22:50:59.580,Active,408.4,2.3,98.2,11.6,77.1,No,0.0,None
22:50:59.997,Active,408.1,2.4,98.2,11.6,77.1,No,0.0,None
22:51:00.413,Active,406.0,2.4,98.2,11.6,77.1,No,0.0,None
22:51:00.829,Active,408.1,2.4,98.8,11.6,76.5,No,0.0,None
22:51:01.260,Active,424.8,2.4,99.4,11.6,77.1,No,0.0,None
22:51:01.676,Active,410.0,2.4,98.8,11.6,76.5,No,0.0,None
22:51:02.088,Active,406.1,2.4,99.4,11.6,77.1,No,0.0,None
22:51:02.504,Active,410.0,2.4,98.8,11.6,77.1,No,0.0,None
22:51:02.918,Active,407.4,2.4,98.8,11.6,77.7,No,0.0,None
22:51:03.335,Active,409.5,2.4,98.8,11.6,76.5,No,0.0,None
22:51:03.750,Active,408.6,2.4,98.8,11.6,77.7,No,0.0,None
22:51:04.164,Active,407.0,2.4,98.8,11.6,76.5,No,0.0,None
22:51:04.581,Active,410.0,2.4,98.8,11.6,77.7,No,0.0,None
22:51:04.998,Active,408.5,2.4,97.0,11.6,77.1,No,0.0,None
22:51:05.417,Active,410.9,2.4,98.2,11.6,77.7,No,0.0,None
22:51:05.830,Active,406.2,2.4,98.8,11.6,76.5,No,0.0,None
22:51:06.249,Active,411.7,2.4,97.6,11.6,77.7,No,0.0,None
22:51:06.670,Active,411.4,2.4,98.2,11.6,77.1,No,0.0,None
22:51:07.083,Active,407.0,2.4,98.8,11.6,77.7,No,0.0,None
22:51:07.500,Active,407.8,2.4,98.2,11.6,76.5,No,0.0,None
22:51:07.918,Active,408.6,2.4,98.2,11.6,76.0,No,0.0,None
22:51:08.341,Active,415.4,2.4,97.0,11.6,77.1,No,0.0,None
22:51:08.757,Active,409.9,2.4,98.8,11.6,77.7,No,0.0,None
22:51:09.182,Active,419.2,2.4,97.6,11.6,78.2,No,0.0,None
22:51:09.598,Active,408.6,2.4,98.8,11.6,77.1,No,0.0,None
22:51:10.011,Active,406.8,2.4,98.2,11.6,77.7,No,0.0,None
22:51:10.427,Active,409.4,2.4,99.4,11.5,77.7,No,0.0,None
22:51:10.840,Active,407.1,2.4,98.8,11.5,77.7,No,0.0,None
22:51:11.288,Active,438.5,2.4,97.7,11.6,77.7,No,0.0,None
22:51:11.714,Active,416.6,2.4,97.6,11.6,78.2,No,0.0,None
22:51:12.134,Active,413.0,2.4,97.6,11.6,77.7,No,0.0,None
22:51:12.565,Active,424.1,2.4,97.1,11.6,77.1,No,0.0,None
22:51:12.985,Active,411.6,2.4,97.6,11.6,77.7,No,0.0,None
22:51:13.402,Active,408.9,2.4,98.8,11.6,77.1,No,0.0,None
22:51:13.815,Active,405.6,2.4,98.2,11.6,78.2,No,0.0,None
22:51:14.230,Active,408.6,2.4,99.4,11.6,78.2,No,0.0,None
22:51:14.645,Active,409.5,2.4,98.2,11.6,77.7,No,0.0,None
22:51:15.058,Active,405.2,2.4,98.8,11.6,78.2,No,0.0,None
22:51:15.475,Active,409.7,2.4,98.8,11.6,78.2,No,0.0,None
22:51:15.890,Active,407.4,2.4,98.2,11.6,78.2,No,0.0,None
22:51:16.319,Active,419.6,2.4,98.2,11.6,78.2,No,0.0,None
22:51:16.738,Active,408.8,2.4,98.2,11.6,77.7,No,0.0,None
22:51:17.155,Active,406.5,2.4,98.2,11.6,78.2,No,0.0,None
22:51:17.571,Active,409.8,2.4,99.4,11.6,77.7,No,0.0,None
22:51:17.986,Active,407.0,2.4,98.2,11.6,79.3,No,0.0,None
22:51:18.403,Active,407.8,2.4,97.6,11.6,77.7,No,0.0,None
22:51:18.831,Active,418.8,2.4,96.5,11.6,78.8,No,0.0,None
22:51:19.249,Active,407.9,2.4,98.2,11.6,78.2,No,0.0,None
22:51:19.667,Active,408.3,2.4,98.2,11.6,78.8,No,0.0,None
22:51:20.083,Active,406.5,2.4,97.6,11.5,78.2,No,0.0,None
22:51:20.498,Active,408.2,2.4,99.4,11.5,78.2,No,0.0,None
22:51:20.918,Active,409.2,2.4,97.6,11.5,78.8,No,0.0,None
22:51:21.350,Active,424.3,2.4,98.3,11.6,78.2,No,0.0,None
22:51:21.766,Active,408.6,2.4,99.4,11.6,78.2,No,0.0,None
22:51:22.182,Active,409.0,2.4,98.8,11.6,78.2,No,0.0,None
22:51:22.598,Active,409.0,2.4,97.6,11.6,78.2,No,0.0,None
22:51:23.050,Active,442.0,2.4,93.3,11.6,78.8,No,0.0,None
22:51:23.470,Active,412.3,2.4,98.8,11.6,78.2,No,0.0,None
22:51:23.886,Active,410.9,2.4,97.0,11.5,78.8,No,0.0,None
22:51:24.301,Active,407.8,2.4,98.8,11.5,78.2,No,0.0,None
22:51:24.718,Active,410.8,2.4,98.8,11.5,78.2,No,0.0,None
22:51:25.133,Active,407.4,2.4,98.2,11.6,78.8,No,0.0,None
22:51:25.550,Active,411.3,2.4,99.4,11.6,78.8,No,0.0,None
22:51:25.963,Active,407.3,2.4,99.4,11.6,78.2,No,0.0,None
22:51:26.397,Active,427.7,2.4,98.9,11.6,79.8,No,0.0,None
22:51:26.815,Active,408.2,2.4,98.2,11.6,77.7,No,0.0,None
22:51:27.232,Active,408.4,2.4,97.6,11.6,78.2,No,0.0,None
22:51:27.649,Active,409.2,2.4,98.8,11.6,78.8,No,0.0,None
22:51:28.067,Active,408.8,2.4,97.6,11.6,78.8,No,0.0,None
22:51:28.486,Active,408.6,2.4,98.2,11.6,78.8,No,0.0,None
22:52:13.924,Active,423.1,2.4,1.1,11.6,59.5,No,0.0,None
22:52:14.334,Active,404.1,11.9,100.0,11.6,61.7,No,0.0,None
22:52:14.753,Active,408.8,11.9,98.8,11.5,62.8,No,0.0,None
22:52:15.169,Active,406.1,11.9,98.8,11.5,64.5,No,0.0,None
22:52:15.580,Active,405.4,11.9,99.4,11.5,64.5,No,0.0,None
22:52:15.993,Active,403.9,11.9,99.4,11.5,65.5,No,0.0,None
22:52:16.411,Active,410.0,11.9,98.8,11.5,66.1,No,0.0,None
22:52:16.823,Active,405.8,11.9,98.2,11.5,66.7,No,0.0,None
22:52:17.249,Active,415.6,11.9,97.7,11.5,67.2,No,0.0,None
22:52:17.667,Active,412.2,11.9,98.8,11.6,67.2,No,0.0,None
22:52:18.080,Active,407.3,11.9,98.8,11.6,67.8,No,0.0,None
22:52:18.494,Active,405.3,2.4,98.2,11.6,69.4,No,0.0,None
22:52:18.906,Active,405.9,2.4,100.0,11.5,68.8,No,0.0,None
22:52:19.327,Active,409.5,2.4,97.6,11.6,68.8,No,0.0,None
22:52:19.740,Active,407.1,2.4,98.2,11.5,69.4,No,0.0,None
22:52:20.153,Active,407.2,2.4,99.4,11.5,70.5,No,0.0,None
22:52:20.567,Active,407.2,2.4,98.8,11.5,70.0,No,0.0,None
22:52:20.977,Active,403.4,2.4,99.4,11.5,70.0,No,0.0,None
22:52:21.397,Active,411.5,2.4,98.8,11.5,70.5,No,0.0,None
22:52:21.810,Active,405.2,2.4,98.2,11.5,71.0,No,0.0,None
22:52:22.231,Active,413.8,2.4,99.4,11.5,71.0,No,0.0,None
22:52:22.646,Active,408.5,2.4,99.4,11.6,71.0,No,0.0,None
22:52:23.057,Active,404.1,2.4,98.2,11.6,72.2,No,0.0,None
22:52:23.471,Active,407.7,2.4,98.2,11.6,72.2,No,0.0,None
22:52:23.885,Active,405.5,2.4,98.8,11.6,72.2,No,0.0,None
22:52:24.299,Active,407.5,2.4,98.8,11.6,72.7,No,0.0,None
22:52:24.715,Active,410.2,2.4,98.8,11.5,72.2,No,0.0,None
22:52:25.128,Active,406.8,2.4,98.8,11.5,73.2,No,0.0,None
22:52:25.541,Active,406.6,2.4,98.8,11.5,73.8,No,0.0,None
22:52:25.954,Active,407.1,2.4,99.4,11.5,72.7,No,0.0,None
22:52:26.371,Active,409.9,2.4,98.2,11.5,73.8,No,0.0,None
22:52:26.787,Active,409.7,2.4,98.2,11.5,73.2,No,0.0,None
22:52:27.233,Active,438.5,2.4,93.8,11.5,73.8,No,0.0,None
22:52:27.667,Active,427.2,2.4,98.8,11.6,73.8,No,0.0,None
22:52:28.093,Active,420.3,2.4,96.5,11.6,73.8,No,0.0,None
22:52:28.536,Active,435.1,2.4,94.9,11.6,74.3,No,0.0,None
22:52:28.957,Active,412.3,2.4,97.6,11.6,73.8,No,0.0,None
22:52:29.371,Active,406.1,2.4,98.8,11.6,75.5,No,0.0,None
22:52:29.791,Active,409.9,2.4,98.8,11.6,75.5,No,0.0,None
22:52:30.203,Active,406.0,2.4,98.8,11.5,74.3,No,0.0,None
22:52:30.621,Active,409.3,2.4,98.2,11.5,74.3,No,0.0,None
22:52:31.038,Active,408.4,2.4,98.2,11.5,74.3,No,0.0,None
22:52:31.454,Active,410.6,2.4,99.4,11.5,74.9,No,0.0,None
22:52:31.869,Active,407.6,2.4,98.8,11.5,74.9,No,0.0,None
22:52:32.298,Active,423.1,2.4,97.7,11.5,75.5,No,0.0,None
22:52:32.736,Active,431.9,2.4,98.9,11.6,75.5,No,0.0,None
22:52:33.149,Active,407.8,2.4,98.8,11.6,74.9,No,0.0,None
22:52:33.566,Active,410.0,2.4,98.8,11.6,75.5,No,0.0,None
22:52:33.983,Active,409.6,2.4,98.8,11.6,75.5,No,0.0,None
22:52:34.397,Active,408.1,2.4,98.2,11.6,74.9,No,0.0,None
22:52:34.814,Active,409.0,2.4,98.8,11.6,75.5,No,0.0,None
22:52:35.226,Active,404.9,2.4,98.8,11.6,75.5,No,0.0,None
22:52:35.643,Active,410.3,2.4,99.4,11.6,76.0,No,0.0,None
22:52:36.055,Active,406.2,2.4,98.8,11.6,74.9,No,0.0,None
22:52:36.471,Active,409.8,2.4,98.8,11.5,75.5,No,0.0,None
22:52:36.884,Active,407.3,2.4,98.8,11.5,75.5,No,0.0,None
22:52:37.322,Active,428.7,2.4,94.8,11.5,76.0,No,0.0,None
22:52:37.738,Active,409.7,2.4,98.8,11.5,76.0,No,0.0,None
22:52:38.150,Active,406.4,2.4,98.8,11.5,76.5,No,0.0,None
22:52:38.568,Active,409.5,2.4,98.8,11.5,76.0,No,0.0,None
22:52:38.987,Active,409.4,2.4,98.2,11.5,76.0,No,0.0,None
22:52:39.402,Active,407.5,2.4,98.2,11.5,76.5,No,0.0,None
22:52:39.818,Active,408.4,2.4,98.8,11.5,75.5,No,0.0,None
22:52:40.235,Active,406.7,2.4,98.2,11.5,76.0,No,0.0,None
22:52:40.653,Active,408.8,2.4,98.2,11.5,77.1,No,0.0,None
22:52:41.074,Active,415.6,2.4,98.8,11.5,76.0,No,0.0,None
22:52:41.495,Active,410.9,2.4,98.2,11.5,76.5,No,0.0,None
22:52:41.912,Active,408.2,2.4,98.2,11.5,76.5,No,0.0,None
22:52:42.328,Active,408.5,2.4,98.2,11.5,76.5,No,0.0,None
22:52:42.777,Active,442.4,2.4,98.3,11.6,76.5,No,0.0,None
22:52:43.195,Active,409.5,2.4,98.2,11.7,76.0,No,0.0,None
22:52:43.613,Active,410.4,2.4,98.2,11.7,76.5,No,0.0,None
22:52:44.037,Active,414.7,2.4,98.2,11.7,76.5,No,0.0,None
22:52:44.459,Active,411.3,2.4,97.6,11.7,76.0,No,0.0,None
22:52:44.871,Active,406.0,2.4,99.4,11.7,76.5,No,0.0,None
22:52:45.286,Active,405.8,2.4,98.2,11.6,77.7,No,0.0,None
22:52:45.714,Active,419.7,2.4,96.5,11.6,77.1,No,0.0,None
22:52:46.129,Active,407.5,2.4,98.8,11.6,77.7,No,0.0,None
22:52:46.551,Active,411.5,2.4,98.2,11.6,76.5,No,0.0,None
22:52:46.965,Active,407.3,2.4,98.8,11.6,77.7,No,0.0,None
22:52:47.381,Active,408.5,2.4,98.8,11.6,77.1,No,0.0,None
22:52:47.814,Active,424.9,2.4,98.3,11.6,76.5,No,0.0,None
22:52:48.257,Active,435.6,2.4,94.3,11.6,77.1,No,0.0,None
22:52:48.674,Active,409.0,2.4,98.2,11.6,76.5,No,0.0,None
22:52:49.090,Active,408.9,2.4,99.4,11.6,76.5,No,0.0,None
22:52:49.506,Active,408.3,2.4,98.2,11.6,77.7,No,0.0,None
22:52:49.917,Active,403.9,2.4,98.8,11.6,77.7,No,0.0,None
22:52:50.334,Active,408.5,2.4,98.8,11.6,76.5,No,0.0,None
22:52:50.747,Active,405.7,2.4,98.2,11.6,77.1,No,0.0,None
22:52:51.162,Active,408.5,2.4,99.4,11.6,77.7,No,0.0,None
22:52:51.578,Active,409.9,2.4,98.8,11.6,77.1,No,0.0,None
22:52:51.989,Active,403.9,2.4,98.8,11.6,77.7,No,0.0,None
22:52:52.402,Active,407.0,2.4,99.4,11.5,77.1,No,0.0,None
22:52:52.832,Active,422.9,2.4,98.8,11.6,77.7,No,0.0,None
22:52:53.250,Active,411.5,2.4,98.2,11.6,77.7,No,0.0,None
22:52:53.668,Active,408.1,2.4,97.6,11.6,77.7,No,0.0,None
22:52:54.081,Active,406.2,2.4,98.8,11.6,76.5,No,0.0,None
22:52:54.501,Active,411.7,2.4,98.2,11.6,77.1,No,0.0,None
22:52:54.919,Active,409.9,2.4,98.8,11.6,78.2,No,0.0,None
22:52:55.337,Active,412.1,2.4,97.6,11.6,77.7,No,0.0,None
22:52:55.756,Active,409.0,2.4,98.2,11.6,77.7,No,0.0,None
22:52:56.170,Active,407.4,2.4,99.4,11.6,76.5,No,0.0,None
22:52:56.588,Active,408.9,2.4,98.2,11.6,77.1,No,0.0,None
22:52:57.005,Active,407.0,2.4,98.2,11.6,78.2,No,0.0,None
22:52:57.425,Active,410.3,2.4,98.2,11.6,78.2,No,0.0,None
22:52:57.859,Active,426.0,2.4,97.7,11.5,78.2,No,0.0,None
22:52:58.273,Active,408.1,2.4,98.8,11.5,77.7,No,0.0,None
22:52:58.688,Active,408.9,2.4,98.8,11.6,77.7,No,0.0,None
22:52:59.100,Active,405.5,2.4,99.4,11.6,77.7,No,0.0,None
22:52:59.518,Active,408.3,2.4,98.2,11.6,77.1,No,0.0,None
22:52:59.930,Active,406.8,2.4,98.8,11.6,78.2,No,0.0,None
22:53:00.346,Active,408.4,2.4,98.8,11.6,77.7,No,0.0,None
22:53:00.761,Active,409.6,2.4,98.8,11.5,78.2,No,0.0,None
22:53:01.176,Active,408.5,2.4,98.8,11.5,78.2,No,0.0,None
22:53:01.592,Active,406.2,2.4,98.2,11.6,78.2,No,0.0,None
22:53:02.005,Active,405.8,2.4,98.8,11.6,78.8,No,0.0,None
22:53:02.422,Active,408.7,2.4,98.2,11.6,78.8,No,0.0,None
22:53:02.835,Active,405.8,2.4,99.4,11.6,78.2,No,0.0,None
22:53:03.268,Active,423.6,2.4,97.7,11.6,78.2,No,0.0,None
22:53:03.687,Active,410.0,2.4,98.2,11.6,78.8,No,0.0,None
22:53:04.104,Active,408.5,2.4,98.8,11.6,78.2,No,0.0,None
22:53:04.520,Active,406.4,2.4,98.2,11.6,78.2,No,0.0,None
22:53:04.934,Active,405.8,2.4,98.8,11.6,79.3,No,0.0,None
22:53:05.348,Active,408.7,2.4,98.8,11.6,78.2,No,0.0,None
22:53:05.767,Active,410.2,2.4,97.6,11.6,77.7,No,0.0,None
22:53:06.186,Active,408.9,2.4,98.2,11.6,78.2,No,0.0,None
22:53:06.601,Active,409.0,2.4,98.2,11.5,78.8,No,0.0,None
22:53:07.016,Active,407.1,2.4,98.8,11.5,78.8,No,0.0,None
22:53:07.449,Active,424.0,2.4,96.5,11.5,78.8,No,0.0,None
22:53:07.866,Active,408.6,2.4,98.8,11.5,77.1,No,0.0,None
22:53:08.281,Active,407.8,2.4,98.2,11.6,78.2,No,0.0,None
22:53:08.697,Active,409.9,2.4,98.8,11.5,78.8,No,0.0,None
22:53:09.114,Active,407.4,2.4,97.6,11.5,78.8,No,0.0,None
22:53:09.530,Active,408.9,2.4,99.4,11.5,78.2,No,0.0,None
22:53:09.943,Active,406.6,2.4,98.2,11.5,78.8,No,0.0,None
22:53:10.357,Active,408.2,2.4,98.8,11.5,79.3,No,0.0,None
22:53:10.773,Active,410.0,2.4,98.2,11.5,78.2,No,0.0,None
22:53:11.185,Active,405.8,2.4,99.4,11.5,78.8,No,0.0,None
22:53:11.603,Active,412.1,2.4,98.8,11.5,78.2,No,0.0,None
22:53:12.016,Active,407.2,2.4,98.2,11.5,78.2,No,0.0,None
22:53:12.435,Active,411.6,2.4,98.8,11.5,78.8,No,0.0,None
22:53:12.852,Active,407.0,2.4,97.6,11.5,78.8,No,0.0,None
22:53:13.311,Active,448.7,2.4,97.2,11.6,78.8,No,0.0,None
22:53:13.730,Active,410.0,2.4,98.2,11.6,79.3,No,0.0,None
22:53:59.186,Active,440.9,2.4,1.4,11.5,60.0,No,0.0,None
22:53:59.625,Active,432.1,2.4,94.9,11.6,61.1,No,0.0,None
22:54:00.039,Active,406.1,2.4,98.8,11.6,62.8,No,0.0,None
22:54:00.458,Active,408.7,2.4,97.6,11.6,63.9,No,0.0,None
22:54:00.870,Active,404.9,2.4,98.8,11.6,64.5,No,0.0,None
22:54:01.287,Active,406.4,2.4,98.2,11.6,65.0,No,0.0,None
22:54:01.707,Active,410.4,2.4,98.2,11.6,65.0,No,0.0,None
22:54:02.117,Active,404.1,3.0,98.2,11.6,66.7,No,0.0,None
22:54:02.532,Active,409.2,3.0,99.4,11.5,67.2,No,0.0,None
22:54:02.950,Active,409.7,3.0,97.6,11.5,67.8,No,0.0,None
22:54:03.369,Active,411.5,3.0,97.6,11.5,68.3,No,0.0,None
22:54:03.788,Active,408.7,3.0,98.2,11.5,68.3,No,0.0,None
22:54:04.224,Active,425.1,3.0,97.7,11.5,68.3,No,0.0,None
22:54:04.643,Active,410.8,3.0,98.2,11.6,69.4,No,0.0,None
22:54:05.057,Active,406.6,3.0,98.2,11.6,70.5,No,0.0,None
22:54:05.475,Active,408.7,3.0,97.6,11.6,70.0,No,0.0,None
22:54:05.892,Active,407.0,3.0,98.2,11.6,70.0,No,0.0,None
22:54:06.308,Active,406.5,2.4,98.8,11.6,70.0,No,0.0,None
22:54:06.720,Active,406.8,2.4,98.8,11.6,71.0,No,0.0,None
22:54:07.133,Active,407.0,2.4,100.0,11.6,71.0,No,0.0,None
22:54:07.552,Active,413.2,2.4,98.2,11.5,71.6,No,0.0,None
22:54:07.963,Active,404.5,2.4,98.8,11.5,72.2,No,0.0,None
22:54:08.376,Active,407.3,2.4,100.0,11.5,72.7,No,0.0,None
22:54:08.791,Active,408.8,2.4,98.8,11.5,72.2,No,0.0,None
22:54:09.204,Active,407.5,2.4,98.8,11.5,72.2,No,0.0,None
22:54:09.620,Active,409.8,2.4,98.8,11.5,72.7,No,0.0,None
22:54:10.034,Active,407.9,2.4,98.8,11.5,72.2,No,0.0,None
22:54:10.460,Active,419.3,2.4,97.7,11.5,72.7,No,0.0,None
22:54:10.873,Active,407.2,2.4,98.8,11.5,72.7,No,0.0,None
22:54:11.291,Active,408.0,2.4,98.2,11.5,73.2,No,0.0,None
22:54:11.706,Active,408.8,2.4,98.8,11.5,73.2,No,0.0,None
22:54:12.120,Active,406.6,2.4,98.2,11.5,73.2,No,0.0,None
22:54:12.538,Active,408.7,2.4,98.2,11.5,74.3,No,0.0,None
22:54:12.953,Active,405.2,2.4,98.2,11.5,73.2,No,0.0,None
22:54:13.366,Active,406.7,2.4,98.8,11.5,73.8,No,0.0,None
22:54:13.783,Active,408.6,2.4,98.8,11.5,73.8,No,0.0,None
22:54:14.234,Active,442.0,2.4,97.3,11.6,73.2,No,0.0,None
22:54:14.653,Active,409.2,2.4,97.6,11.6,74.3,No,0.0,None
22:54:15.064,Active,404.8,2.4,100.0,11.6,74.3,No,0.0,None
22:54:15.479,Active,405.6,2.4,98.8,11.6,74.3,No,0.0,None
22:54:15.894,Active,408.7,2.4,99.4,11.6,73.8,No,0.0,None
22:54:16.304,Active,402.8,2.4,98.2,11.6,74.3,No,0.0,None
22:54:16.720,Active,410.3,2.4,100.0,11.6,75.5,No,0.0,None
22:54:17.136,Active,409.0,2.4,98.2,11.6,74.3,No,0.0,None
22:54:17.555,Active,409.5,2.4,98.2,11.6,74.9,No,0.0,None
22:54:17.971,Active,406.8,2.4,98.2,11.6,74.9,No,0.0,None
22:54:18.388,Active,407.6,2.4,98.2,11.6,74.9,No,0.0,None
22:54:18.806,Active,408.3,2.4,98.2,11.6,74.9,No,0.0,None
22:54:19.228,Active,412.8,2.4,98.2,11.6,74.9,No,0.0,None
22:54:19.648,Active,409.8,2.4,98.2,11.6,74.9,No,0.0,None
22:54:20.063,Active,407.6,2.4,98.8,11.6,75.5,No,0.0,None
22:54:20.482,Active,408.8,2.4,98.2,11.6,74.9,No,0.0,None
22:54:20.896,Active,407.8,2.4,98.8,11.6,75.5,No,0.0,None
22:54:21.311,Active,404.9,2.4,98.8,11.6,75.5,No,0.0,None
22:54:21.728,Active,408.3,2.4,98.2,11.6,76.5,No,0.0,None
22:54:22.145,Active,407.7,2.4,98.2,11.6,76.0,No,0.0,None
22:54:22.563,Active,409.9,2.4,98.2,11.6,75.5,No,0.0,None
22:54:22.974,Active,405.3,2.4,99.4,11.6,76.0,No,0.0,None
22:54:23.390,Active,409.0,2.4,98.8,11.6,76.5,No,0.0,None
22:54:23.805,Active,409.3,2.4,97.6,11.6,76.5,No,0.0,None
22:54:24.251,Active,439.6,2.4,95.5,11.6,74.9,No,0.0,None
22:54:24.668,Active,410.3,2.4,98.8,11.6,75.5,No,0.0,None
22:54:25.081,Active,407.4,2.4,99.4,11.6,76.5,No,0.0,None
22:54:25.498,Active,408.6,2.4,98.2,11.6,74.9,No,0.0,None
22:54:25.913,Active,408.0,2.4,98.2,11.6,76.5,No,0.0,None
22:54:26.328,Active,407.2,2.4,98.8,11.6,75.5,No,0.0,None
22:54:26.747,Active,409.9,2.4,98.8,11.6,76.5,No,0.0,None
22:54:27.159,Active,406.2,2.4,98.8,11.6,76.5,No,0.0,None
22:54:27.578,Active,409.4,2.4,97.6,11.6,76.5,No,0.0,None
22:54:27.993,Active,408.1,2.4,98.8,11.6,76.5,No,0.0,None
22:54:28.406,Active,406.9,2.4,99.4,11.6,77.1,No,0.0,None
22:54:28.822,Active,407.7,2.4,98.8,11.6,77.7,No,0.0,None
22:54:29.245,Active,416.7,2.4,98.2,11.6,77.1,No,0.0,None
22:54:29.674,Active,422.2,2.4,97.6,11.6,76.5,No,0.0,None
22:54:30.087,Active,405.9,2.4,98.8,11.6,76.5,No,0.0,None
22:54:30.503,Active,409.6,2.4,98.8,11.6,76.5,No,0.0,None
22:54:30.916,Active,406.5,2.4,98.8,11.6,77.1,No,0.0,None
22:54:31.334,Active,407.5,2.4,97.6,11.6,76.5,No,0.0,None
22:54:31.757,Active,416.4,2.4,97.6,11.6,76.5,No,0.0,None
22:54:32.182,Active,416.9,2.4,98.2,11.6,77.1,No,0.0,None
22:54:32.610,Active,422.0,2.4,97.1,11.6,77.1,No,0.0,None
22:54:33.041,Active,424.1,2.4,96.5,11.6,76.5,No,0.0,None
22:54:33.456,Active,407.4,2.4,98.2,11.5,76.5,No,0.0,None
22:54:33.874,Active,409.1,2.4,98.8,11.5,77.1,No,0.0,None
22:54:34.291,Active,410.9,2.4,98.2,11.5,76.5,No,0.0,None
22:54:34.731,Active,429.9,2.4,97.8,11.6,77.7,No,0.0,None
22:54:35.149,Active,408.8,2.4,98.2,11.6,77.1,No,0.0,None
22:54:35.564,Active,408.6,2.4,99.4,11.6,77.1,No,0.0,None
22:54:35.980,Active,405.5,2.4,97.6,11.6,78.2,No,0.0,None
22:54:36.397,Active,405.1,2.4,98.2,11.6,77.1,No,0.0,None
22:54:36.812,Active,409.0,2.4,98.8,11.6,77.1,No,0.0,None
22:54:37.226,Active,405.1,2.4,98.8,11.6,77.1,No,0.0,None
22:54:37.735,Active,409.2,2.4,80.8,11.6,77.1,No,0.0,None
22:54:38.147,Active,405.4,2.4,98.8,11.6,77.7,No,0.0,None
22:54:38.565,Active,408.7,2.4,98.2,11.6,78.2,No,0.0,None
22:54:38.977,Active,406.2,2.4,98.8,11.6,77.7,No,0.0,None
22:54:39.390,Active,404.9,2.4,98.8,11.6,77.7,No,0.0,None
22:54:39.804,Active,408.3,2.4,98.8,11.6,77.7,No,0.0,None
22:54:40.220,Active,406.2,2.4,98.2,11.6,77.7,No,0.0,None
22:54:40.637,Active,407.3,2.4,98.2,11.6,77.7,No,0.0,None
22:54:41.072,Active,427.0,2.4,97.1,11.6,77.7,No,0.0,None
22:54:41.489,Active,408.0,2.4,98.2,11.5,78.2,No,0.0,None
22:54:41.906,Active,406.6,2.4,97.6,11.5,77.1,No,0.0,None
22:54:42.322,Active,406.5,2.4,98.2,11.5,77.7,No,0.0,None
22:54:42.745,Active,412.2,2.4,97.6,11.5,77.7,No,0.0,None
22:54:43.162,Active,407.2,2.4,98.2,11.5,77.7,No,0.0,None
22:54:43.581,Active,409.7,2.4,98.2,11.5,78.2,No,0.0,None
22:54:43.997,Active,406.7,2.4,97.6,11.5,77.7,No,0.0,None
22:54:44.415,Active,408.9,2.4,98.2,11.5,78.2,No,0.0,None
22:54:44.898,Active,472.7,2.4,93.2,11.6,78.2,No,0.0,None
22:54:45.318,Active,408.6,2.4,97.6,11.6,78.2,No,0.0,None
22:54:45.735,Active,409.4,2.4,98.8,11.6,77.7,No,0.0,None
22:54:46.146,Active,406.0,2.4,98.8,11.6,77.7,No,0.0,None
22:54:46.561,Active,407.9,2.4,98.8,11.6,78.2,No,0.0,None
22:54:46.973,Active,405.6,2.4,99.4,11.6,78.2,No,0.0,None
22:54:47.390,Active,408.4,2.4,98.8,11.6,78.2,No,0.0,None
22:54:47.804,Active,408.1,2.4,98.8,11.6,78.8,No,0.0,None
22:54:48.217,Active,406.4,2.4,98.8,11.5,78.2,No,0.0,None
22:54:48.646,Active,420.7,2.4,97.0,11.5,77.7,No,0.0,None
22:54:49.068,Active,414.9,2.4,96.5,11.5,78.2,No,0.0,None
22:54:49.488,Active,410.2,2.4,98.2,11.5,78.2,No,0.0,None
22:54:49.918,Active,420.0,2.4,97.1,11.5,77.7,No,0.0,None
22:54:50.334,Active,410.5,2.4,98.8,11.6,78.2,No,0.0,None
22:54:50.749,Active,408.0,2.4,98.8,11.5,78.2,No,0.0,None
22:54:51.161,Active,405.6,2.4,98.8,11.5,78.2,No,0.0,None
22:54:51.582,Active,410.4,2.4,98.2,11.5,79.8,No,0.0,None
22:54:51.998,Active,408.9,2.4,98.8,11.5,78.2,No,0.0,None
22:54:52.413,Active,408.4,2.4,98.2,11.5,78.2,No,0.0,None
22:54:52.918,Active,404.4,2.4,81.2,11.5,77.7,No,0.0,None
22:54:53.335,Active,410.9,2.4,98.2,11.5,78.8,No,0.0,None
22:54:53.750,Active,409.0,2.4,98.8,11.5,79.3,No,0.0,None
22:54:54.166,Active,406.4,2.4,97.6,11.5,78.2,No,0.0,None
22:54:54.582,Active,409.0,2.4,98.8,11.5,78.2,No,0.0,None
22:54:55.011,Active,421.5,2.4,98.8,11.5,78.2,No,0.0,None
22:54:55.439,Active,421.3,2.4,97.0,11.6,78.8,No,0.0,None
22:54:55.852,Active,406.4,2.4,98.8,11.6,78.2,No,0.0,None
22:54:56.262,Active,403.9,2.4,99.4,11.6,78.8,No,0.0,None
22:54:56.679,Active,408.6,2.3,98.8,11.6,78.8,No,0.0,None
22:54:57.092,Active,407.3,2.3,98.8,11.6,79.3,No,0.0,None
22:54:57.510,Active,411.2,2.3,97.6,11.5,78.2,No,0.0,None
22:54:57.921,Active,404.1,2.3,98.2,11.5,79.3,No,0.0,None
22:54:58.339,Active,409.6,2.3,98.8,11.5,78.8,No,0.0,None
22:54:58.756,Active,410.1,2.3,98.2,11.5,78.8,No,0.0,None
22:55:44.197,Active,424.0,2.3,1.1,11.5,60.6,No,0.0,None
22:55:44.612,Active,407.0,2.3,99.4,11.5,61.1,No,0.0,None
22:55:45.025,Active,407.1,2.3,99.4,11.5,62.8,No,0.0,None
22:55:45.443,Active,411.8,2.3,99.4,11.5,63.4,No,0.0,None
22:55:45.885,Active,436.4,4.7,97.7,11.6,63.9,No,0.0,None
22:55:46.298,Active,406.8,4.7,98.8,11.6,66.1,No,0.0,None
22:55:46.714,Active,408.4,4.7,98.8,11.6,65.5,No,0.0,None
22:55:47.129,Active,409.7,4.7,98.8,11.6,66.7,No,0.0,None
22:55:47.544,Active,406.4,4.7,99.4,11.6,67.2,No,0.0,None
22:55:47.961,Active,407.4,4.7,97.6,11.6,67.2,No,0.0,None
22:55:48.376,Active,407.9,4.7,98.8,11.6,68.3,No,0.0,None
22:55:48.794,Active,408.7,4.7,98.8,11.6,68.8,No,0.0,None
22:55:49.208,Active,406.0,4.7,98.8,11.6,68.8,No,0.0,None
22:55:49.625,Active,409.6,4.7,98.2,11.6,69.4,No,0.0,None
22:55:50.058,Active,425.3,2.4,95.3,11.6,70.0,No,0.0,None
22:55:50.473,Active,408.1,2.4,98.8,11.6,70.0,No,0.0,None
22:55:50.897,Active,418.3,2.4,98.8,11.6,70.0,No,0.0,None
22:55:51.312,Active,407.1,2.4,98.8,11.6,69.4,No,0.0,None
22:55:51.729,Active,410.4,2.4,98.2,11.6,70.5,No,0.0,None
22:55:52.142,Active,407.3,2.4,98.8,11.6,71.0,No,0.0,None
22:55:52.555,Active,405.6,2.4,98.8,11.6,71.6,No,0.0,None
22:55:52.967,Active,405.6,2.4,99.4,11.6,71.0,No,0.0,None
22:55:53.381,Active,407.8,2.4,99.4,11.5,71.6,No,0.0,None
22:55:53.805,Active,415.9,2.4,97.0,11.5,71.6,No,0.0,None
22:55:54.226,Active,412.7,2.4,98.2,11.5,72.7,No,0.0,None
22:55:54.642,Active,409.8,2.4,98.2,11.6,72.2,No,0.0,None
22:55:55.055,Active,405.8,2.4,98.2,11.5,72.7,No,0.0,None
22:55:55.471,Active,409.9,2.4,98.8,11.6,72.7,No,0.0,None
22:55:55.903,Active,425.7,2.4,98.8,11.6,72.7,No,0.0,None
22:55:56.317,Active,407.9,2.4,98.2,11.6,73.2,No,0.0,None
22:55:56.735,Active,411.1,2.4,98.2,11.6,72.7,No,0.0,None
22:55:57.251,Active,409.5,2.4,79.5,11.5,73.8,No,0.0,None
22:55:57.665,Active,407.8,2.4,98.2,11.5,73.2,No,0.0,None
22:55:58.086,Active,413.1,2.4,98.2,11.5,73.8,No,0.0,None
22:55:58.501,Active,407.3,2.3,98.8,11.5,73.2,No,0.0,None
22:55:58.914,Active,405.4,2.3,98.2,11.5,73.2,No,0.0,None
22:55:59.327,Active,405.4,2.3,98.8,11.5,73.2,No,0.0,None
22:55:59.741,Active,408.1,2.3,98.8,11.5,73.8,No,0.0,None
22:56:00.153,Active,404.2,2.3,98.8,11.5,73.8,No,0.0,None
22:56:00.569,Active,408.3,2.3,98.2,11.5,73.8,No,0.0,None
22:56:01.009,Active,431.4,2.3,98.3,11.5,74.3,No,0.0,None
22:56:01.425,Active,408.0,2.3,98.2,11.6,73.8,No,0.0,None
22:56:01.840,Active,407.0,2.3,98.8,11.6,73.8,No,0.0,None
22:56:02.254,Active,407.7,2.3,98.8,11.6,74.3,No,0.0,None
22:56:02.674,Active,410.0,2.4,98.2,11.6,73.8,No,0.0,None
22:56:03.090,Active,408.6,2.4,98.2,11.6,74.9,No,0.0,None
22:56:03.505,Active,409.4,2.4,98.2,11.6,74.3,No,0.0,None
22:56:03.919,Active,406.4,2.4,98.8,11.5,74.9,No,0.0,None
22:56:04.336,Active,407.1,2.4,98.2,11.5,74.9,No,0.0,None
22:56:04.755,Active,409.5,2.4,98.8,11.5,74.3,No,0.0,None
22:56:05.169,Active,407.9,2.4,98.2,11.5,74.3,No,0.0,None
22:56:05.596,Active,421.5,2.4,97.1,11.5,74.9,No,0.0,None
22:56:06.026,Active,420.4,2.4,98.8,11.5,74.3,No,0.0,None
22:56:06.442,Active,409.0,2.4,98.8,11.6,75.5,No,0.0,None
22:56:06.855,Active,406.0,2.4,99.4,11.6,75.5,No,0.0,None
22:56:07.268,Active,407.1,2.4,98.8,11.6,75.5,No,0.0,None
22:56:07.684,Active,409.9,2.4,98.8,11.6,74.9,No,0.0,None
22:56:08.097,Active,406.9,2.4,98.8,11.6,75.5,No,0.0,None
22:56:08.514,Active,408.7,2.4,98.2,11.6,75.5,No,0.0,None
22:56:08.929,Active,408.0,2.4,98.8,11.5,75.5,No,0.0,None
22:56:09.342,Active,407.0,2.4,99.4,11.5,76.0,No,0.0,None
22:56:09.758,Active,408.9,2.4,98.8,11.5,75.5,No,0.0,None
22:56:10.173,Active,408.0,2.4,99.4,11.5,74.9,No,0.0,None
22:56:10.588,Active,407.1,2.4,98.2,11.5,75.5,No,0.0,None
22:56:11.001,Active,406.8,2.4,98.8,11.5,76.0,No,0.0,None
22:56:11.426,Active,418.0,2.4,97.0,11.5,74.9,No,0.0,None
22:56:11.848,Active,414.9,2.4,97.6,11.5,76.0,No,0.0,None
22:56:12.265,Active,408.0,2.4,98.2,11.5,75.5,No,0.0,None
22:56:12.710,Active,436.4,2.4,96.0,11.5,75.5,No,0.0,None
22:56:13.127,Active,411.0,2.4,97.6,11.5,74.9,No,0.0,None
22:56:13.541,Active,408.7,2.4,98.8,11.5,74.3,No,0.0,None
22:56:13.962,Active,410.3,2.4,97.6,11.5,76.0,No,0.0,None
22:56:14.382,Active,414.3,2.4,98.2,11.5,76.0,No,0.0,None
22:56:14.796,Active,406.5,2.4,99.4,11.5,76.0,No,0.0,None
22:56:15.208,Active,406.8,2.4,99.4,11.5,76.5,No,0.0,None
22:56:15.629,Active,409.7,2.4,98.2,11.5,76.0,No,0.0,None
22:56:16.070,Active,435.7,2.4,98.9,11.6,74.9,No,0.0,None
22:56:16.486,Active,408.9,2.4,98.8,11.6,76.5,No,0.0,None
22:56:16.897,Active,404.7,2.4,99.4,11.6,76.5,No,0.0,None
22:56:17.314,Active,408.5,2.4,98.2,11.6,76.5,No,0.0,None
22:56:17.734,Active,412.5,2.4,98.8,11.6,76.0,No,0.0,None
22:56:18.276,Active,430.9,2.4,76.6,11.6,76.0,No,0.0,None
22:56:18.691,Active,405.5,2.4,98.8,11.6,76.5,No,0.0,None
22:56:19.108,Active,407.4,2.4,98.2,11.6,76.5,No,0.0,None
22:56:19.525,Active,406.6,2.3,98.2,11.6,76.5,No,0.0,None
22:56:19.940,Active,406.6,2.3,99.4,11.6,76.0,No,0.0,None
22:56:20.461,Active,414.1,2.3,78.7,11.6,76.0,No,0.0,None
22:56:20.876,Active,405.6,2.3,98.2,11.6,76.5,No,0.0,None
22:56:21.303,Active,417.2,2.3,98.2,11.6,76.5,No,0.0,None
22:56:21.723,Active,409.5,2.3,98.2,11.6,76.0,No,0.0,None
22:56:22.138,Active,408.4,2.3,98.8,11.6,76.0,No,0.0,None
22:56:22.554,Active,408.7,2.3,98.2,11.6,76.5,No,0.0,None
22:56:22.970,Active,408.4,2.3,98.8,11.6,76.5,No,0.0,None
22:56:23.385,Active,408.2,2.3,98.2,11.6,76.5,No,0.0,None
22:56:23.795,Active,403.7,2.3,98.8,11.6,76.5,No,0.0,None
22:56:24.209,Active,403.9,2.3,98.8,11.6,77.1,No,0.0,None
22:56:24.627,Active,409.5,2.3,98.8,11.5,76.5,No,0.0,None
22:56:25.040,Active,407.5,2.3,98.8,11.5,77.1,No,0.0,None
22:56:25.457,Active,408.1,2.3,98.8,11.5,77.1,No,0.0,None
22:56:25.870,Active,406.5,2.3,98.8,11.5,76.5,No,0.0,None
22:56:26.299,Active,419.2,2.3,97.7,11.6,76.0,No,0.0,None
22:56:26.717,Active,409.3,2.3,98.2,11.6,77.1,No,0.0,None
22:56:27.133,Active,407.7,2.3,97.6,11.6,77.7,No,0.0,None
22:56:27.552,Active,409.6,2.3,98.2,11.6,77.1,No,0.0,None
22:56:27.968,Active,407.9,2.4,98.2,11.6,77.7,No,0.0,None
22:56:28.384,Active,407.1,2.4,98.8,11.6,77.1,No,0.0,None
22:56:28.801,Active,411.0,2.4,98.8,11.6,76.5,No,0.0,None
22:56:29.215,Active,407.9,2.4,98.8,11.5,77.7,No,0.0,None
22:56:29.630,Active,408.8,2.4,98.8,11.5,77.1,No,0.0,None
22:56:30.047,Active,407.5,2.4,97.6,11.5,77.1,No,0.0,None
22:56:30.463,Active,409.8,2.4,99.4,11.5,77.1,No,0.0,None
22:56:30.878,Active,409.4,2.4,98.8,11.5,77.1,No,0.0,None
22:56:31.310,Active,425.8,2.4,98.3,11.6,76.5,No,0.0,None
22:56:31.725,Active,408.1,2.4,98.8,11.6,77.7,No,0.0,None
22:56:32.151,Active,419.0,2.4,98.2,11.6,77.1,No,0.0,None
22:56:32.571,Active,410.8,2.4,98.8,11.6,77.1,No,0.0,None
22:56:32.986,Active,408.8,2.4,98.8,11.6,76.5,No,0.0,None
22:56:33.397,Active,405.9,2.4,98.8,11.6,77.7,No,0.0,None
22:56:33.808,Active,405.0,2.4,98.8,11.6,77.1,No,0.0,None
22:56:34.225,Active,406.9,2.4,98.2,11.6,77.1,No,0.0,None
22:56:34.640,Active,407.3,2.4,98.2,11.6,77.1,No,0.0,None
22:56:35.057,Active,406.6,2.4,98.2,11.6,77.1,No,0.0,None
22:56:35.473,Active,407.6,2.4,98.8,11.6,77.7,No,0.0,None
22:56:35.890,Active,407.2,2.4,98.2,11.5,77.7,No,0.0,None
22:56:36.305,Active,406.0,2.4,98.2,11.5,77.1,No,0.0,None
22:56:36.746,Active,432.6,2.4,98.3,11.6,78.8,No,0.0,None
22:56:37.163,Active,407.7,2.4,98.2,11.6,77.1,No,0.0,None
22:56:37.577,Active,407.7,2.4,99.4,11.6,77.7,No,0.0,None
22:56:37.996,Active,406.8,2.4,97.0,11.6,77.1,No,0.0,None
22:56:38.412,Active,406.9,2.4,98.8,11.6,77.1,No,0.0,None
22:56:38.830,Active,407.7,2.4,97.6,11.6,77.1,No,0.0,None
22:56:39.245,Active,405.5,2.4,98.2,11.6,77.1,No,0.0,None
22:56:39.664,Active,408.7,2.4,97.0,11.6,77.7,No,0.0,None
22:56:40.077,Active,407.2,2.4,99.4,11.5,77.7,No,0.0,None
22:56:40.494,Active,409.4,2.4,98.2,11.5,78.2,No,0.0,None
22:56:40.908,Active,407.1,2.4,99.4,11.5,77.1,No,0.0,None
22:56:41.332,Active,415.2,2.4,97.6,11.5,77.1,No,0.0,None
22:56:41.754,Active,412.8,2.4,98.8,11.5,77.7,No,0.0,None
22:56:42.166,Active,404.8,2.4,98.8,11.5,78.2,No,0.0,None
22:56:42.584,Active,408.0,2.4,98.2,11.5,77.7,No,0.0,None
22:56:42.992,Active,402.3,2.4,99.4,11.5,78.2,No,0.0,None
22:56:43.410,Active,406.4,2.4,98.8,11.5,77.7,No,0.0,None
22:56:43.823,Active,406.1,2.4,98.8,11.5,78.2,No,0.0,None
22:57:29.268,Active,422.8,2.4,1.3,11.5,59.5,No,0.0,None
22:57:29.677,Active,403.6,11.9,99.4,11.5,60.6,No,0.0,None
22:57:30.090,Active,404.8,11.9,99.4,11.5,61.7,No,0.0,None
22:57:30.505,Active,407.8,11.9,98.8,11.5,63.4,No,0.0,None
22:57:30.914,Active,402.7,11.9,99.4,11.5,62.8,No,0.0,None
22:57:31.326,Active,405.8,11.9,99.4,11.5,64.5,No,0.0,None
22:57:31.741,Active,409.6,11.9,99.4,11.5,65.0,No,0.0,None
22:57:32.167,Active,417.5,11.9,96.5,11.5,66.7,No,0.0,None
22:57:32.606,Active,432.6,11.9,96.6,11.6,66.1,No,0.0,None
22:57:33.016,Active,403.2,11.9,99.4,11.6,67.2,No,0.0,None
22:57:33.440,Active,414.8,11.9,97.0,11.6,67.2,No,0.0,None
22:57:33.855,Active,406.1,2.4,98.2,11.6,67.8,No,0.0,None
22:57:34.272,Active,409.5,2.4,99.4,11.6,67.8,No,0.0,None
22:57:34.688,Active,408.9,2.4,98.2,11.5,67.8,No,0.0,None
22:57:35.104,Active,406.9,2.4,98.2,11.5,68.8,No,0.0,None
22:57:35.521,Active,407.9,2.4,98.2,11.5,69.4,No,0.0,None
22:57:35.937,Active,407.9,2.4,98.2,11.5,69.4,No,0.0,None
22:57:36.455,Active,408.2,2.4,79.5,11.5,69.4,No,0.0,None
22:57:36.867,Active,406.0,2.4,99.4,11.5,70.5,No,0.0,None
22:57:37.286,Active,406.3,2.4,98.2,11.6,71.0,No,0.0,None
22:57:37.723,Active,429.6,2.4,98.9,11.6,70.5,No,0.0,None
22:57:38.136,Active,407.7,2.3,98.8,11.6,71.0,No,0.0,None
22:57:38.553,Active,408.8,2.3,98.2,11.6,71.6,No,0.0,None
22:57:38.990,Active,428.8,2.3,95.4,11.6,71.6,No,0.0,None
22:57:39.405,Active,408.0,2.3,98.8,11.6,72.2,No,0.0,None
22:57:39.824,Active,410.2,2.3,96.4,11.6,72.2,No,0.0,None
22:57:40.240,Active,409.9,2.3,99.4,11.6,71.6,No,0.0,None
22:57:40.657,Active,407.5,2.3,98.8,11.6,72.7,No,0.0,None
22:57:41.072,Active,406.5,2.3,98.8,11.6,72.2,No,0.0,None
22:57:41.490,Active,408.6,2.3,98.8,11.6,72.2,No,0.0,None
22:57:41.906,Active,409.0,2.3,98.2,11.6,72.7,No,0.0,None
22:57:42.320,Active,406.9,2.4,98.2,11.6,72.2,No,0.0,None
22:57:42.737,Active,407.6,2.4,98.2,11.6,73.2,No,0.0,None
22:57:43.253,Active,407.4,2.4,79.1,11.5,72.2,No,0.0,None
22:57:43.669,Active,408.8,2.4,98.8,11.5,73.2,No,0.0,None
22:57:44.083,Active,406.8,2.4,98.8,11.5,73.2,No,0.0,None
22:57:44.502,Active,409.7,2.4,98.2,11.5,72.7,No,0.0,None
22:57:44.917,Active,407.8,2.4,98.2,11.5,73.8,No,0.0,None
22:57:45.331,Active,407.0,2.4,98.8,11.5,73.2,No,0.0,None
22:57:45.747,Active,408.9,2.4,98.8,11.5,73.2,No,0.0,None
22:57:46.164,Active,407.3,2.4,97.6,11.5,73.2,No,0.0,None
22:57:46.581,Active,409.1,2.3,98.8,11.5,73.8,No,0.0,None
22:57:46.995,Active,406.0,2.3,98.2,11.5,73.8,No,0.0,None
22:57:47.406,Active,404.7,2.3,99.4,11.5,73.8,No,0.0,None
22:57:47.845,Active,431.3,2.3,97.7,11.5,73.8,No,0.0,None
22:57:48.259,Active,405.8,2.3,98.8,11.6,73.8,No,0.0,None
22:57:48.673,Active,408.6,2.3,98.8,11.6,74.3,No,0.0,None
22:57:49.087,Active,406.3,2.3,98.8,11.6,74.3,No,0.0,None
22:57:49.505,Active,408.0,2.3,98.2,11.6,74.9,No,0.0,None
22:57:49.919,Active,406.7,2.3,98.8,11.5,74.9,No,0.0,None
22:57:50.334,Active,408.4,2.3,98.8,11.5,73.8,No,0.0,None
22:57:50.749,Active,409.4,2.4,98.8,11.5,74.9,No,0.0,None
22:57:51.163,Active,407.6,2.4,98.8,11.5,73.2,No,0.0,None
22:57:51.579,Active,410.2,2.4,99.4,11.5,75.5,No,0.0,None
22:57:51.991,Active,406.4,2.4,98.8,11.5,74.3,No,0.0,None
22:57:52.406,Active,406.5,2.4,98.2,11.5,74.9,No,0.0,None
22:57:52.833,Active,419.1,2.4,99.4,11.5,75.5,No,0.0,None
22:57:53.251,Active,409.5,2.4,98.2,11.5,75.5,No,0.0,None
22:57:53.667,Active,410.0,2.4,98.8,11.5,74.9,No,0.0,None
22:57:54.081,Active,407.6,2.4,98.8,11.5,74.9,No,0.0,None
22:57:54.504,Active,414.7,2.4,97.6,11.5,74.9,No,0.0,None
22:57:54.920,Active,407.0,2.4,98.2,11.5,74.9,No,0.0,None
22:57:55.337,Active,406.6,2.4,98.8,11.5,75.5,No,0.0,None
22:57:55.753,Active,407.5,2.4,98.2,11.5,76.0,No,0.0,None
22:57:56.169,Active,407.0,2.4,98.2,11.5,76.0,No,0.0,None
22:57:56.584,Active,408.8,2.4,98.8,11.5,75.5,No,0.0,None
22:57:57.003,Active,409.0,2.4,98.2,11.5,76.0,No,0.0,None
22:57:57.421,Active,411.1,2.4,98.2,11.5,75.5,No,0.0,None
22:57:57.853,Active,423.9,2.4,98.3,11.7,76.5,No,0.0,None
22:57:58.271,Active,409.8,2.4,98.2,11.7,76.0,No,0.0,None
22:57:58.684,Active,407.1,2.4,98.2,11.7,76.0,No,0.0,None
22:57:59.105,Active,411.5,2.4,97.6,11.7,76.0,No,0.0,None
22:57:59.529,Active,414.6,2.4,98.2,11.7,76.5,No,0.0,None
22:57:59.943,Active,407.2,2.4,98.8,11.7,76.0,No,0.0,None
22:58:00.357,Active,404.3,2.4,98.2,11.7,76.0,No,0.0,None
22:58:00.772,Active,408.5,2.4,98.8,11.7,76.0,No,0.0,None
22:58:01.195,Active,408.1,2.4,97.6,11.6,76.5,No,0.0,None
22:58:01.633,Active,431.8,2.4,95.5,11.6,76.5,No,0.0,None
22:58:02.051,Active,409.6,2.4,98.2,11.6,76.0,No,0.0,None
22:58:02.468,Active,411.4,2.4,98.8,11.6,76.0,No,0.0,None
22:58:02.910,Active,436.2,2.4,97.2,11.6,76.0,No,0.0,None
22:58:03.335,Active,414.3,2.4,96.4,11.6,75.5,No,0.0,None
22:58:03.810,Active,465.0,2.4,92.7,11.6,76.5,No,0.0,None
22:58:04.223,Active,405.7,2.4,98.8,11.6,76.0,No,0.0,None
22:58:04.637,Active,408.6,2.4,98.8,11.6,77.1,No,0.0,None
22:58:05.057,Active,412.2,2.4,98.2,11.6,76.5,No,0.0,None
22:58:05.471,Active,406.1,2.4,98.2,11.6,75.5,No,0.0,None
22:58:05.887,Active,407.6,2.4,98.2,11.6,76.5,No,0.0,None
22:58:06.302,Active,407.5,2.4,98.8,11.6,76.5,No,0.0,None
22:58:06.718,Active,408.8,2.4,98.8,11.6,76.0,No,0.0,None
22:58:07.134,Active,409.1,2.4,98.8,11.6,76.5,No,0.0,None
22:58:07.548,Active,408.0,2.4,98.8,11.6,77.1,No,0.0,None
22:58:07.979,Active,421.7,2.4,98.3,11.6,76.0,No,0.0,None
22:58:08.406,Active,418.9,2.4,98.2,11.6,77.1,No,0.0,None
22:58:08.823,Active,409.1,2.4,98.8,11.6,76.5,No,0.0,None
22:58:09.236,Active,407.3,2.4,98.8,11.6,77.1,No,0.0,None
22:58:09.662,Active,416.9,2.4,97.6,11.6,77.1,No,0.0,None
22:58:10.078,Active,408.9,2.4,98.8,11.6,77.1,No,0.0,None
22:58:10.491,Active,406.6,2.4,98.8,11.6,76.5,No,0.0,None
22:58:10.906,Active,409.1,2.4,99.4,11.6,77.1,No,0.0,None
22:58:11.320,Active,406.7,2.4,98.2,11.5,77.7,No,0.0,None
22:58:11.738,Active,408.4,2.4,98.2,11.5,77.1,No,0.0,None
22:58:12.259,Active,413.5,2.4,79.3,11.5,76.0,No,0.0,None
22:58:12.684,Active,416.5,2.4,97.1,11.5,76.5,No,0.0,None
22:58:13.102,Active,408.7,2.4,98.2,11.5,76.5,No,0.0,None
22:58:13.613,Active,414.7,2.4,80.0,11.5,76.5,No,0.0,None
22:58:14.026,Active,404.7,2.4,98.2,11.5,76.5,No,0.0,None
22:58:14.443,Active,409.5,2.4,98.8,11.5,77.7,No,0.0,None
22:58:14.856,Active,407.6,2.4,98.8,11.5,76.5,No,0.0,None
22:58:15.268,Active,402.7,2.4,98.2,11.5,76.0,No,0.0,None
22:58:15.693,Active,415.6,2.4,97.6,11.5,77.1,No,0.0,None
22:58:16.108,Active,407.1,2.3,98.8,11.5,77.1,No,0.0,None
22:58:16.524,Active,407.1,2.3,98.2,11.5,76.5,No,0.0,None
22:58:16.937,Active,406.7,2.3,98.2,11.5,77.7,No,0.0,None
22:58:17.354,Active,409.2,2.3,98.8,11.5,77.7,No,0.0,None
22:58:17.771,Active,409.8,2.3,98.8,11.5,76.5,No,0.0,None
22:58:18.226,Active,448.7,2.3,97.8,11.5,76.5,No,0.0,None
22:58:18.650,Active,418.4,2.3,97.0,11.5,77.1,No,0.0,None
22:58:19.066,Active,409.2,2.3,98.8,11.5,77.1,No,0.0,None
22:58:19.483,Active,409.8,2.3,98.2,11.5,77.7,No,0.0,None
22:58:19.901,Active,412.1,2.3,97.6,11.5,77.1,No,0.0,None
22:58:20.312,Active,405.1,2.4,99.4,11.5,77.1,No,0.0,None
22:58:20.728,Active,406.5,2.4,98.2,11.5,77.1,No,0.0,None
22:58:21.144,Active,407.0,2.4,98.8,11.5,77.7,No,0.0,None
22:58:21.556,Active,406.4,2.4,99.4,11.5,77.7,No,0.0,None
22:58:21.970,Active,405.1,2.4,99.4,11.5,77.7,No,0.0,None
22:58:22.385,Active,407.9,2.4,98.8,11.5,78.2,No,0.0,None
22:58:22.801,Active,407.3,2.4,98.2,11.5,77.7,No,0.0,None
22:58:23.224,Active,417.1,2.4,98.8,11.5,76.5,No,0.0,None
22:58:23.660,Active,425.7,2.4,95.4,11.5,77.7,No,0.0,None
22:58:24.076,Active,407.2,2.4,98.2,11.5,78.2,No,0.0,None
22:58:24.495,Active,411.4,2.4,98.8,11.5,77.7,No,0.0,None
22:58:24.912,Active,407.9,2.4,97.6,11.5,77.7,No,0.0,None
22:58:25.326,Active,404.7,2.4,98.2,11.5,77.7,No,0.0,None
22:58:25.740,Active,408.2,2.4,99.4,11.5,77.7,No,0.0,None
22:58:26.155,Active,404.6,2.4,98.2,11.5,78.8,No,0.0,None
22:58:26.574,Active,408.7,2.4,98.2,11.5,77.7,No,0.0,None
22:58:26.991,Active,407.6,2.4,98.2,11.5,77.7,No,0.0,None
22:58:27.407,Active,407.0,2.4,98.2,11.5,77.7,No,0.0,None
22:58:27.827,Active,409.5,2.4,98.2,11.5,77.7,No,0.0,None
22:58:28.255,Active,421.0,2.4,98.2,11.5,77.1,No,0.0,None
22:58:28.679,Active,414.6,2.4,97.6,11.5,78.2,No,0.0,None
22:58:29.098,Active,409.3,2.4,97.6,11.5,77.1,No,0.0,None
22:59:14.533,Active,420.5,2.4,1.1,11.5,58.4,No,0.0,None
22:59:14.942,Active,402.4,2.4,100.0,11.5,61.7,No,0.0,None
22:59:15.355,Active,407.3,2.4,99.4,11.5,61.1,No,0.0,None
22:59:15.769,Active,408.0,2.4,98.8,11.5,62.2,No,0.0,None
22:59:16.183,Active,407.3,2.4,98.8,11.5,63.4,No,0.0,None
22:59:16.601,Active,409.9,2.4,98.2,11.5,63.9,No,0.0,None
22:59:17.018,Active,410.1,2.4,98.8,11.5,64.5,No,0.0,None
22:59:17.435,Active,410.1,2.4,98.2,11.5,65.5,No,0.0,None
22:59:17.850,Active,407.7,2.7,98.8,11.5,65.5,No,0.0,None
22:59:18.262,Active,406.0,2.7,98.8,11.5,66.1,No,0.0,None
22:59:18.682,Active,408.9,2.7,98.2,11.5,66.7,No,0.0,None
22:59:19.125,Active,436.0,2.7,97.7,11.6,66.7,No,0.0,None
22:59:19.546,Active,409.8,2.7,98.8,11.6,67.8,No,0.0,None
22:59:19.957,Active,405.7,2.7,98.8,11.6,68.3,No,0.0,None
22:59:20.374,Active,408.5,2.7,98.8,11.6,68.8,No,0.0,None
22:59:20.801,Active,419.9,2.7,96.4,11.6,68.8,No,0.0,None
22:59:21.216,Active,408.9,2.7,98.2,11.6,68.3,No,0.0,None
22:59:21.646,Active,420.6,2.7,97.1,11.6,68.8,No,0.0,None
22:59:22.062,Active,410.1,2.4,98.2,11.5,68.8,No,0.0,None
22:59:22.475,Active,407.1,2.4,98.8,11.5,70.0,No,0.0,None
22:59:22.888,Active,406.5,2.4,99.4,11.5,70.5,No,0.0,None
22:59:23.297,Active,403.3,2.4,98.8,11.5,70.0,No,0.0,None
22:59:23.710,Active,407.4,2.4,100.0,11.5,70.5,No,0.0,None
22:59:24.124,Active,407.1,2.4,98.8,11.5,71.0,No,0.0,None
22:59:24.549,Active,417.1,2.4,98.8,11.6,71.0,No,0.0,None
22:59:24.980,Active,423.4,2.4,95.9,11.6,71.0,No,0.0,None
22:59:25.402,Active,412.8,2.4,97.0,11.6,71.6,No,0.0,None
22:59:25.818,Active,409.6,2.4,99.4,11.6,71.6,No,0.0,None
22:59:26.232,Active,406.5,2.4,97.6,11.6,72.2,No,0.0,None
22:59:26.650,Active,408.6,2.4,98.8,11.6,71.6,No,0.0,None
22:59:27.062,Active,404.8,2.4,98.2,11.6,71.6,No,0.0,None
22:59:27.478,Active,408.7,2.4,99.4,11.5,72.2,No,0.0,None
22:59:27.906,Active,421.3,2.4,95.9,11.5,72.2,No,0.0,None
22:59:28.322,Active,408.7,2.4,98.8,11.5,72.2,No,0.0,None
22:59:28.737,Active,407.8,2.4,98.2,11.5,72.7,No,0.0,None
22:59:29.151,Active,405.5,2.4,98.2,11.5,72.7,No,0.0,None
22:59:29.581,Active,423.9,2.4,99.4,11.6,72.7,No,0.0,None
22:59:29.996,Active,409.1,2.4,98.8,11.6,72.7,No,0.0,None
22:59:30.409,Active,406.5,2.4,99.4,11.6,72.7,No,0.0,None
22:59:30.824,Active,408.3,2.4,98.8,11.6,72.2,No,0.0,None
22:59:31.238,Active,408.0,2.4,98.8,11.6,73.2,No,0.0,None
22:59:31.655,Active,410.7,2.4,99.4,11.5,72.7,No,0.0,None
22:59:32.069,Active,407.9,2.4,98.2,11.5,73.8,No,0.0,None
22:59:32.481,Active,405.9,2.4,99.4,11.5,73.8,No,0.0,None
22:59:32.895,Active,407.1,2.4,98.8,11.5,73.8,No,0.0,None
22:59:33.313,Active,409.8,2.4,98.2,11.5,73.8,No,0.0,None
22:59:33.731,Active,410.9,2.4,97.0,11.5,74.3,No,0.0,None
22:59:34.150,Active,408.9,2.4,98.2,11.5,73.2,No,0.0,None
22:59:34.586,Active,427.6,2.4,97.7,11.6,74.3,No,0.0,None
22:59:35.000,Active,407.2,2.4,98.8,11.6,73.8,No,0.0,None
22:59:35.418,Active,409.1,2.4,98.2,11.6,73.8,No,0.0,None
22:59:35.839,Active,414.5,2.4,97.6,11.6,74.3,No,0.0,None
22:59:36.254,Active,408.3,2.4,98.8,11.6,74.3,No,0.0,None
22:59:36.671,Active,411.2,2.4,98.8,11.6,73.8,No,0.0,None
22:59:37.088,Active,410.8,2.4,98.2,11.6,73.8,No,0.0,None
22:59:37.505,Active,408.3,2.4,97.6,11.6,73.8,No,0.0,None
22:59:37.920,Active,407.3,2.4,98.8,11.6,74.3,No,0.0,None
22:59:38.338,Active,409.1,2.4,98.2,11.6,75.5,No,0.0,None
22:59:38.756,Active,411.4,2.4,98.8,11.6,74.3,No,0.0,None
22:59:39.171,Active,409.3,2.4,99.4,11.6,74.3,No,0.0,None
22:59:39.611,Active,433.9,2.4,98.3,11.6,74.3,No,0.0,None
22:59:40.030,Active,409.2,2.4,98.2,11.6,73.8,No,0.0,None
22:59:40.448,Active,410.5,2.4,97.6,11.6,74.3,No,0.0,None
22:59:40.865,Active,407.5,2.4,98.2,11.6,74.9,No,0.0,None
22:59:41.280,Active,406.5,2.4,98.2,11.6,74.9,No,0.0,None
22:59:41.699,Active,409.4,2.4,97.6,11.6,75.5,No,0.0,None
22:59:42.113,Active,408.1,2.4,99.4,11.6,75.5,No,0.0,None
22:59:42.528,Active,408.7,2.4,99.4,11.6,75.5,No,0.0,None
22:59:42.951,Active,411.1,2.4,97.6,11.5,74.3,No,0.0,None
22:59:43.364,Active,407.1,2.4,98.2,11.5,75.5,No,0.0,None
22:59:43.789,Active,415.5,2.4,96.5,11.5,75.5,No,0.0,None
22:59:44.203,Active,406.3,2.4,98.8,11.5,76.5,No,0.0,None
22:59:44.625,Active,414.9,2.4,98.2,11.5,74.9,No,0.0,None
22:59:45.054,Active,420.6,2.4,96.5,11.5,74.9,No,0.0,None
22:59:45.470,Active,408.9,2.4,98.2,11.5,75.5,No,0.0,None
22:59:45.885,Active,408.3,2.4,98.8,11.5,75.5,No,0.0,None
22:59:46.301,Active,407.1,2.4,98.2,11.5,75.5,No,0.0,None
22:59:46.719,Active,409.6,2.4,98.8,11.5,75.5,No,0.0,None
22:59:47.135,Active,409.5,2.4,98.8,11.5,74.9,No,0.0,None
22:59:47.554,Active,412.8,2.4,97.6,11.5,76.0,No,0.0,None
22:59:47.971,Active,409.5,2.4,98.8,11.5,76.0,No,0.0,None
22:59:48.386,Active,407.3,2.4,98.2,11.5,76.0,No,0.0,None
22:59:48.800,Active,406.7,2.4,98.8,11.5,76.0,No,0.0,None
22:59:49.216,Active,406.8,2.4,98.2,11.5,76.0,No,0.0,None
22:59:49.666,Active,440.8,2.4,97.8,11.6,76.0,No,0.0,None
22:59:50.081,Active,408.2,2.4,98.8,11.6,75.5,No,0.0,None
22:59:50.494,Active,407.2,2.4,98.8,11.6,75.5,No,0.0,None
22:59:50.908,Active,405.7,2.4,98.8,11.6,76.5,No,0.0,None
22:59:51.325,Active,406.5,2.4,97.6,11.6,74.9,No,0.0,None
22:59:51.739,Active,404.5,2.4,98.2,11.6,76.0,No,0.0,None
22:59:52.254,Active,408.0,2.4,80.0,11.6,75.5,No,0.0,None
22:59:52.672,Active,408.2,2.4,98.2,11.6,76.0,No,0.0,None
22:59:53.089,Active,408.2,2.4,98.2,11.6,76.5,No,0.0,None
22:59:53.511,Active,414.1,2.4,97.6,11.6,74.9,No,0.0,None
22:59:53.930,Active,408.2,2.4,98.2,11.6,74.9,No,0.0,None
22:59:54.345,Active,406.9,2.4,98.2,11.6,76.5,No,0.0,None
22:59:54.770,Active,418.7,2.4,98.8,11.6,76.0,No,0.0,None
22:59:55.186,Active,405.7,2.4,98.2,11.6,76.0,No,0.0,None
22:59:55.604,Active,408.0,2.3,98.8,11.6,76.5,No,0.0,None
22:59:56.021,Active,407.3,2.3,98.2,11.6,76.0,No,0.0,None
22:59:56.437,Active,407.7,2.3,98.2,11.6,76.5,No,0.0,None
22:59:56.854,Active,407.6,2.3,98.2,11.6,76.0,No,0.0,None
22:59:57.271,Active,407.8,2.3,98.2,11.6,76.5,No,0.0,None
22:59:57.692,Active,410.4,2.3,98.2,11.5,78.2,No,0.0,None
22:59:58.109,Active,407.9,2.3,98.2,11.5,76.0,No,0.0,None
22:59:58.525,Active,408.8,2.3,98.2,11.5,75.5,No,0.0,None
22:59:58.943,Active,409.5,2.3,98.8,11.5,76.5,No,0.0,None
22:59:59.356,Active,407.1,2.3,98.2,11.5,77.1,No,0.0,None
22:59:59.788,Active,425.8,2.4,98.8,11.6,77.1,No,0.0,None
23:00:00.205,Active,408.0,2.4,98.2,11.6,77.7,No,0.0,None
23:00:00.646,Active,434.6,2.4,94.9,11.6,76.5,No,0.0,None
23:00:01.061,Active,408.2,2.4,98.8,11.6,76.5,No,0.0,None
23:00:01.479,Active,409.5,2.4,98.2,11.6,76.5,No,0.0,None
23:00:01.891,Active,405.9,2.4,98.8,11.6,76.0,No,0.0,None
23:00:02.308,Active,408.1,2.4,97.6,11.6,76.5,No,0.0,None
23:00:02.728,Active,411.0,2.4,98.2,11.6,77.1,No,0.0,None
23:00:03.145,Active,407.6,2.4,98.8,11.6,76.5,No,0.0,None
23:00:03.558,Active,407.1,2.4,99.4,11.6,76.5,No,0.0,None
23:00:03.973,Active,407.9,2.4,98.8,11.6,76.5,No,0.0,None
23:00:04.385,Active,406.4,2.4,98.8,11.5,76.0,No,0.0,None
23:00:04.823,Active,431.3,2.4,98.3,11.6,76.0,No,0.0,None
23:00:05.237,Active,408.9,2.4,98.8,11.6,77.1,No,0.0,None
23:00:05.664,Active,419.0,2.4,96.5,11.6,76.5,No,0.0,None
23:00:06.079,Active,406.2,2.4,98.2,11.6,76.5,No,0.0,None
23:00:06.499,Active,409.0,2.4,97.6,11.6,77.1,No,0.0,None
23:00:06.914,Active,408.7,2.4,99.4,11.6,76.5,No,0.0,None
23:00:07.329,Active,408.0,2.4,97.6,11.6,77.1,No,0.0,None
23:00:07.744,Active,406.8,2.4,99.4,11.6,77.7,No,0.0,None
23:00:08.156,Active,405.8,2.4,98.8,11.6,77.1,No,0.0,None
23:00:08.573,Active,408.2,2.4,98.2,11.6,77.1,No,0.0,None
23:00:08.990,Active,410.0,2.4,98.8,11.6,77.1,No,0.0,None
23:00:09.416,Active,418.8,2.4,96.5,11.6,77.1,No,0.0,None
23:00:09.833,Active,407.6,2.4,98.8,11.6,77.1,No,0.0,None
23:00:10.264,Active,425.8,2.4,99.4,11.6,77.1,No,0.0,None
23:00:10.687,Active,413.5,2.4,97.6,11.6,77.1,No,0.0,None
23:00:11.100,Active,406.8,2.4,98.8,11.6,77.1,No,0.0,None
23:00:11.516,Active,409.5,2.4,98.8,11.6,77.7,No,0.0,None
23:00:11.932,Active,407.0,2.4,98.2,11.6,78.2,No,0.0,None
23:00:12.349,Active,407.5,2.4,98.2,11.6,77.7,No,0.0,None
23:00:12.764,Active,409.4,2.4,98.8,11.6,77.7,No,0.0,None
23:00:13.180,Active,409.1,2.4,99.4,11.6,77.1,No,0.0,None
23:00:13.599,Active,409.9,2.4,97.6,11.6,77.1,No,0.0,None
23:00:14.015,Active,409.5,2.4,98.8,11.6,77.7,No,0.0,None
23:00:14.429,Active,408.3,2.4,98.8,11.6,77.7,No,0.0,None
23:00:59.872,Active,427.0,2.4,1.4,11.5,59.0,No,0.0,None
23:01:00.285,Active,407.2,2.4,99.4,11.6,60.6,No,0.0,None
23:01:00.699,Active,407.8,2.4,98.8,11.6,61.7,No,0.0,None
23:01:01.126,Active,418.9,2.4,98.8,11.7,61.1,No,0.0,None
23:01:01.542,Active,410.0,4.8,98.2,11.7,63.9,No,0.0,None
23:01:01.956,Active,407.1,4.8,98.8,11.7,64.5,No,0.0,None
23:01:02.370,Active,407.1,4.8,98.8,11.7,64.5,No,0.0,None
23:01:02.783,Active,406.4,4.8,99.4,11.7,65.5,No,0.0,None
23:01:03.201,Active,407.5,4.8,98.2,11.7,66.1,No,0.0,None
23:01:03.619,Active,409.6,4.8,98.8,11.7,66.1,No,0.0,None
23:01:04.038,Active,409.5,4.8,97.0,11.7,66.7,No,0.0,None
23:01:04.453,Active,407.7,4.8,98.8,11.7,67.2,No,0.0,None
23:01:04.869,Active,406.6,4.8,98.2,11.7,67.8,No,0.0,None
23:01:05.311,Active,434.0,4.8,94.9,11.7,67.8,No,0.0,None
23:01:05.728,Active,408.1,2.4,97.6,11.7,68.3,No,0.0,None
23:01:06.157,Active,419.3,2.4,98.8,11.7,68.8,No,0.0,None
23:01:06.573,Active,407.5,2.4,98.2,11.7,68.8,No,0.0,None
23:01:06.987,Active,405.5,2.4,98.2,11.7,69.4,No,0.0,None
23:01:07.401,Active,408.0,2.4,99.4,11.7,69.4,No,0.0,None
23:01:07.814,Active,406.6,2.4,98.8,11.7,70.0,No,0.0,None
23:01:08.226,Active,405.4,2.4,99.4,11.7,70.5,No,0.0,None
23:01:08.642,Active,408.9,2.4,98.8,11.7,70.5,No,0.0,None
23:01:09.054,Active,404.4,2.4,98.8,11.6,70.5,No,0.0,None
23:01:09.467,Active,406.3,2.4,99.4,11.6,71.6,No,0.0,None
23:01:09.883,Active,409.1,2.4,99.4,11.6,72.2,No,0.0,None
23:01:10.296,Active,408.1,2.4,98.8,11.6,72.2,No,0.0,None
23:01:10.710,Active,407.7,2.4,98.8,11.6,71.6,No,0.0,None
23:01:11.146,Active,426.1,2.4,98.3,11.6,72.2,No,0.0,None
23:01:11.561,Active,409.1,2.4,99.4,11.6,71.6,No,0.0,None
23:01:11.992,Active,424.9,2.4,95.3,11.6,72.7,No,0.0,None
23:01:12.406,Active,407.5,2.4,98.8,11.6,72.2,No,0.0,None
23:01:12.822,Active,408.0,2.4,98.8,11.6,72.2,No,0.0,None
23:01:13.234,Active,405.7,2.4,98.8,11.6,72.7,No,0.0,None
23:01:13.651,Active,409.7,2.4,99.4,11.6,72.7,No,0.0,None
23:01:14.066,Active,408.3,2.4,98.2,11.6,72.7,No,0.0,None
23:01:14.481,Active,409.9,2.4,98.8,11.6,73.8,No,0.0,None
23:01:14.899,Active,409.5,2.4,98.2,11.6,72.7,No,0.0,None
23:01:15.313,Active,408.7,2.4,98.2,11.6,73.2,No,0.0,None
23:01:15.731,Active,409.8,2.4,98.2,11.6,72.7,No,0.0,None
23:01:16.146,Active,408.9,2.4,98.8,11.6,73.2,No,0.0,None
23:01:16.562,Active,408.5,2.4,98.2,11.6,73.2,No,0.0,None
23:01:16.977,Active,407.6,2.4,98.8,11.5,72.7,No,0.0,None
23:01:17.402,Active,416.9,2.4,97.0,11.5,73.8,No,0.0,None
23:01:17.817,Active,407.1,2.4,98.8,11.5,74.3,No,0.0,None
23:01:18.234,Active,408.6,2.4,98.2,11.5,73.8,No,0.0,None
23:01:18.650,Active,408.8,2.4,98.8,11.5,73.8,No,0.0,None
23:01:19.070,Active,413.0,2.4,98.2,11.5,74.3,No,0.0,None
23:01:19.485,Active,409.2,2.4,98.8,11.5,74.3,No,0.0,None
23:01:19.902,Active,408.6,2.4,98.2,11.5,73.8,No,0.0,None
23:01:20.315,Active,406.9,2.4,98.8,11.5,75.5,No,0.0,None
23:01:20.728,Active,406.8,2.4,98.8,11.5,74.3,No,0.0,None
23:01:21.174,Active,440.3,2.4,98.9,11.5,74.9,No,0.0,None
23:01:21.590,Active,408.9,2.4,99.4,11.6,74.3,No,0.0,None
23:01:22.001,Active,404.5,2.4,98.8,11.6,75.5,No,0.0,None
23:01:22.416,Active,408.9,2.4,99.4,11.6,74.3,No,0.0,None
23:01:22.927,Active,410.5,2.4,80.7,11.6,74.3,No,0.0,None
23:01:23.359,Active,425.5,2.4,95.9,11.6,74.3,No,0.0,None
23:01:23.773,Active,407.8,2.4,98.8,11.6,73.8,No,0.0,None
23:01:24.186,Active,407.0,2.4,98.8,11.5,74.3,No,0.0,None
23:01:24.600,Active,406.8,2.4,98.8,11.5,75.5,No,0.0,None
23:01:25.018,Active,408.5,2.4,98.8,11.5,74.9,No,0.0,None
23:01:25.433,Active,409.0,2.4,98.2,11.5,74.9,No,0.0,None
23:01:25.857,Active,416.2,2.4,97.0,11.5,74.9,No,0.0,None
23:01:26.282,Active,416.8,2.4,98.2,11.6,74.9,No,0.0,None
23:01:26.701,Active,412.1,2.3,98.8,11.5,75.5,No,0.0,None
23:01:27.116,Active,406.5,2.3,97.6,11.5,75.5,No,0.0,None
23:01:27.529,Active,407.3,2.3,99.4,11.5,74.9,No,0.0,None
23:01:27.951,Active,407.1,2.3,96.4,11.5,74.9,No,0.0,None
23:01:28.365,Active,407.5,2.3,99.4,11.5,75.5,No,0.0,None
23:01:28.781,Active,408.3,2.3,98.2,11.5,74.3,No,0.0,None
23:01:29.198,Active,405.8,2.3,98.2,11.5,74.9,No,0.0,None
23:01:29.615,Active,407.0,2.3,98.2,11.5,75.5,No,0.0,None
23:01:30.036,Active,410.9,2.3,98.2,11.5,76.0,No,0.0,None
23:01:30.450,Active,408.2,2.3,98.8,11.5,74.9,No,0.0,None
23:01:30.864,Active,407.2,2.4,98.8,11.5,74.9,No,0.0,None
23:01:31.295,Active,423.1,2.4,98.8,11.5,75.5,No,0.0,None
23:01:31.714,Active,410.5,2.4,98.2,11.5,75.5,No,0.0,None
23:01:32.135,Active,409.6,2.4,98.2,11.5,74.9,No,0.0,None
23:01:32.555,Active,411.2,2.4,98.2,11.5,75.5,No,0.0,None
23:01:32.973,Active,408.4,2.4,98.2,11.5,76.0,No,0.0,None
23:01:33.392,Active,409.0,2.4,97.6,11.5,76.0,No,0.0,None
23:01:33.810,Active,409.0,2.4,98.8,11.5,76.0,No,0.0,None
23:01:34.229,Active,408.1,2.4,97.6,11.5,75.5,No,0.0,None
23:01:34.650,Active,411.6,2.4,98.2,11.5,76.0,No,0.0,None
23:01:35.065,Active,407.3,2.4,98.8,11.5,76.5,No,0.0,None
23:01:35.484,Active,409.9,2.4,98.2,11.5,76.0,No,0.0,None
23:01:35.901,Active,407.0,2.4,97.6,11.5,76.5,No,0.0,None
23:01:36.337,Active,425.9,2.4,97.7,11.5,76.0,No,0.0,None
23:01:36.755,Active,408.4,2.4,97.6,11.5,76.0,No,0.0,None
23:01:37.170,Active,405.9,2.4,97.6,11.5,76.0,No,0.0,None
23:01:37.586,Active,408.9,2.4,99.4,11.5,75.5,No,0.0,None
23:01:38.003,Active,407.8,2.4,98.2,11.5,76.0,No,0.0,None
23:01:38.420,Active,410.6,2.4,98.2,11.5,76.0,No,0.0,None
23:01:38.835,Active,405.6,2.4,98.2,11.5,76.5,No,0.0,None
23:01:39.251,Active,408.4,2.4,98.8,11.5,76.5,No,0.0,None
23:01:39.664,Active,407.0,2.4,98.8,11.5,75.5,No,0.0,None
23:01:40.078,Active,404.8,2.4,98.8,11.5,76.5,No,0.0,None
23:01:40.494,Active,408.6,2.4,98.8,11.5,76.0,No,0.0,None
23:01:40.909,Active,409.1,2.4,97.6,11.5,76.5,No,0.0,None
23:01:41.326,Active,409.9,2.4,98.2,11.5,76.5,No,0.0,None
23:01:41.765,Active,431.6,2.4,98.9,11.6,76.5,No,0.0,None
23:01:42.177,Active,406.5,2.4,99.4,11.6,76.5,No,0.0,None
23:01:42.589,Active,405.4,2.4,98.8,11.6,76.0,No,0.0,None
23:01:42.999,Active,404.5,2.4,100.0,11.6,76.5,No,0.0,None
23:01:43.415,Active,409.5,2.4,99.4,11.6,76.5,No,0.0,None
23:01:43.830,Active,408.6,2.4,98.8,11.6,76.5,No,0.0,None
23:01:44.246,Active,409.1,2.4,98.2,11.6,76.5,No,0.0,None
23:01:44.663,Active,410.7,2.4,98.8,11.6,77.1,No,0.0,None
23:01:45.075,Active,405.5,2.4,99.4,11.6,76.5,No,0.0,None
23:01:45.490,Active,408.6,2.4,98.8,11.6,76.5,No,0.0,None
23:01:45.906,Active,408.4,2.4,98.8,11.6,77.1,No,0.0,None
23:01:46.320,Active,407.0,2.4,98.2,11.6,76.0,No,0.0,None
23:01:46.739,Active,411.2,2.4,98.2,11.6,77.1,No,0.0,None
23:01:47.255,Active,409.4,2.4,79.7,11.6,76.0,No,0.0,None
23:01:47.667,Active,406.1,2.4,98.8,11.6,76.5,No,0.0,None
23:01:48.081,Active,407.8,2.4,98.8,11.6,76.0,No,0.0,None
23:01:48.498,Active,409.2,2.4,98.8,11.5,77.1,No,0.0,None
23:01:48.916,Active,407.8,2.4,98.2,11.5,76.5,No,0.0,None
23:01:49.332,Active,405.9,2.4,98.2,11.5,77.1,No,0.0,None
23:01:49.750,Active,408.3,2.4,98.2,11.5,75.5,No,0.0,None
23:01:50.167,Active,407.6,2.4,98.2,11.5,78.8,No,0.0,None
23:01:50.585,Active,408.0,2.4,97.6,11.6,77.1,No,0.0,None
23:01:51.002,Active,411.1,2.4,97.6,11.6,76.5,No,0.0,None
23:01:51.414,Active,405.4,2.4,99.4,11.6,77.1,No,0.0,None
23:01:51.859,Active,438.6,2.4,98.3,11.6,77.1,No,0.0,None
23:01:52.272,Active,406.7,2.4,99.4,11.6,77.1,No,0.0,None
23:01:52.684,Active,406.2,2.4,99.4,11.6,77.1,No,0.0,None
23:01:53.100,Active,407.0,2.4,98.8,11.6,78.2,No,0.0,None
23:01:53.512,Active,406.3,2.4,99.4,11.6,77.7,No,0.0,None
23:01:53.924,Active,403.4,2.4,99.4,11.6,78.2,No,0.0,None
23:01:54.338,Active,405.3,2.4,99.4,11.6,77.7,No,0.0,None
23:01:54.753,Active,407.6,2.4,99.4,11.6,77.7,No,0.0,None
23:01:55.168,Active,409.5,2.4,99.4,11.6,77.1,No,0.0,None
23:01:55.580,Active,406.1,2.4,99.4,11.6,77.7,No,0.0,None
23:01:55.993,Active,406.9,2.4,99.4,11.6,77.1,No,0.0,None
23:01:56.417,Active,416.3,2.4,97.0,11.6,78.8,No,0.0,None
23:01:56.863,Active,438.1,2.4,95.4,11.6,77.1,No,0.0,None
23:01:57.280,Active,406.9,2.4,97.6,11.6,77.7,No,0.0,None
23:01:57.699,Active,409.8,2.4,98.2,11.6,78.8,No,0.0,None
23:01:58.111,Active,406.6,2.4,98.8,11.6,76.5,No,0.0,None
23:01:58.526,Active,408.2,2.4,98.8,11.6,77.7,No,0.0,None
23:01:58.937,Active,404.2,2.4,98.8,11.6,77.1,No,0.0,None
23:01:59.349,Active,405.9,2.4,99.4,11.6,77.1,No,0.0,None
23:01:59.769,Active,411.9,2.4,98.2,11.6,77.1,No,0.0,None
23:02:45.208,Active,425.3,23.2,1.1,11.6,59.0,No,0.0,None
23:02:45.621,Active,404.6,23.2,98.8,11.6,60.6,No,0.0,None
23:02:46.034,Active,404.5,23.2,99.4,11.6,61.7,No,0.0,None
23:02:46.446,Active,406.5,23.2,98.8,11.6,63.4,No,0.0,None
23:02:46.862,Active,405.8,23.2,98.2,11.6,63.9,No,0.0,None
23:02:47.278,Active,406.2,23.2,98.2,11.6,65.0,No,0.0,None
23:02:47.697,Active,409.0,23.2,98.2,11.6,65.5,No,0.0,None
23:02:48.110,Active,406.2,23.2,99.4,11.6,65.5,No,0.0,None
23:02:48.529,Active,409.2,23.2,97.6,11.6,66.7,No,0.0,None
23:02:48.944,Active,407.6,23.2,98.8,11.5,67.2,No,0.0,None
23:02:49.359,Active,409.6,2.4,98.8,11.5,67.2,No,0.0,None
23:02:49.780,Active,415.1,2.4,97.6,11.5,67.8,No,0.0,None
23:02:50.199,Active,408.9,2.4,97.6,11.5,68.8,No,0.0,None
23:02:50.651,Active,442.9,2.4,93.3,11.6,68.3,No,0.0,None
23:02:51.063,Active,405.6,2.4,98.8,11.6,69.4,No,0.0,None
23:02:51.478,Active,409.4,2.4,98.8,11.6,69.4,No,0.0,None
23:02:51.894,Active,408.7,2.4,98.2,11.5,69.4,No,0.0,None
23:02:52.307,Active,405.4,2.4,98.8,11.6,69.4,No,0.0,None
23:02:52.756,Active,439.3,2.4,97.3,11.6,69.4,No,0.0,None
23:02:53.170,Active,405.9,2.4,98.8,11.6,70.0,No,0.0,None
23:02:53.585,Active,408.1,2.4,98.8,11.6,70.5,No,0.0,None
23:02:54.004,Active,413.0,2.4,98.2,11.6,70.5,No,0.0,None
23:02:54.418,Active,405.1,2.4,98.8,11.6,70.5,No,0.0,None
23:02:54.829,Active,404.6,2.4,99.4,11.6,72.2,No,0.0,None
23:02:55.245,Active,409.6,2.4,99.4,11.6,72.2,No,0.0,None
23:02:55.657,Active,406.4,2.4,99.4,11.6,71.6,No,0.0,None
23:02:56.088,Active,422.8,2.4,95.9,11.6,72.2,No,0.0,None
23:02:56.500,Active,406.1,2.4,99.4,11.5,72.2,No,0.0,None
23:02:56.912,Active,406.0,2.4,98.8,11.5,72.2,No,0.0,None
23:02:57.326,Active,407.9,2.4,99.4,11.5,72.7,No,0.0,None
23:02:57.751,Active,417.8,2.4,98.2,11.5,72.2,No,0.0,None
23:02:58.171,Active,410.4,2.4,97.6,11.6,73.2,No,0.0,None
23:02:58.584,Active,407.1,2.4,99.4,11.6,71.6,No,0.0,None
23:02:59.002,Active,408.9,2.4,98.2,11.6,72.7,No,0.0,None
23:02:59.413,Active,404.3,2.4,98.8,11.6,72.7,No,0.0,None
23:02:59.825,Active,405.9,2.4,99.4,11.6,73.2,No,0.0,None
23:03:00.242,Active,408.9,2.4,98.8,11.6,73.2,No,0.0,None
23:03:00.682,Active,432.7,2.4,94.3,11.5,73.2,No,0.0,None
23:03:01.097,Active,407.8,2.4,98.8,11.5,72.7,No,0.0,None
23:03:01.509,Active,406.5,2.4,99.4,11.5,73.8,No,0.0,None
23:03:01.926,Active,408.8,2.4,98.8,11.5,73.2,No,0.0,None
23:03:02.341,Active,408.2,2.4,98.8,11.5,74.3,No,0.0,None
23:03:02.775,Active,425.8,2.4,98.8,11.5,73.2,No,0.0,None
23:03:03.190,Active,408.7,2.4,98.8,11.5,74.9,No,0.0,None
23:03:03.606,Active,408.4,2.4,98.8,11.6,73.8,No,0.0,None
23:03:04.021,Active,407.8,2.4,98.2,11.6,74.3,No,0.0,None
23:03:04.438,Active,408.5,2.4,98.8,11.6,74.3,No,0.0,None
23:03:04.851,Active,406.2,2.4,98.2,11.6,74.3,No,0.0,None
23:03:05.264,Active,405.9,2.4,98.8,11.5,74.9,No,0.0,None
23:03:05.684,Active,410.6,2.4,98.2,11.5,73.8,No,0.0,None
23:03:06.100,Active,407.1,2.4,98.2,11.5,74.9,No,0.0,None
23:03:06.518,Active,408.9,2.4,98.2,11.5,74.9,No,0.0,None
23:03:06.937,Active,411.4,2.4,98.2,11.5,74.9,No,0.0,None
23:03:07.350,Active,404.7,2.4,98.8,11.5,75.5,No,0.0,None
23:03:07.789,Active,433.5,2.4,98.3,11.6,74.3,No,0.0,None
23:03:08.202,Active,406.8,2.4,98.8,11.6,76.0,No,0.0,None
23:03:08.617,Active,407.4,2.4,98.8,11.6,74.9,No,0.0,None
23:03:09.030,Active,405.3,2.4,98.8,11.6,74.9,No,0.0,None
23:03:09.449,Active,412.1,2.4,98.8,11.6,75.5,No,0.0,None
23:03:09.861,Active,405.6,2.4,98.2,11.6,75.5,No,0.0,None
23:03:10.275,Active,406.2,2.4,98.8,11.6,75.5,No,0.0,None
23:03:10.694,Active,409.1,2.4,98.2,11.6,74.9,No,0.0,None
23:03:11.112,Active,407.8,2.4,98.2,11.5,74.9,No,0.0,None
23:03:11.529,Active,409.7,2.4,98.2,11.5,75.5,No,0.0,None
23:03:11.945,Active,409.3,2.4,98.2,11.5,74.9,No,0.0,None
23:03:12.359,Active,406.1,2.4,98.8,11.5,76.0,No,0.0,None
23:03:12.775,Active,409.1,2.4,98.8,11.5,75.5,No,0.0,None
23:03:13.210,Active,428.6,2.4,98.3,11.6,74.9,No,0.0,None
23:03:13.627,Active,410.1,2.4,98.8,11.6,75.5,No,0.0,None
23:03:14.070,Active,433.3,2.4,93.8,11.6,75.5,No,0.0,None
23:03:14.486,Active,408.6,2.4,98.2,11.6,75.5,No,0.0,None
23:03:14.901,Active,406.9,2.4,98.2,11.6,76.0,No,0.0,None
23:03:15.318,Active,410.1,2.4,98.8,11.6,76.0,No,0.0,None
23:03:15.737,Active,409.3,2.4,98.2,11.5,76.0,No,0.0,None
23:03:16.153,Active,406.4,2.4,98.2,11.5,76.0,No,0.0,None
23:03:16.572,Active,408.8,2.4,97.6,11.5,76.0,No,0.0,None
23:03:16.992,Active,406.9,2.4,97.0,11.5,75.5,No,0.0,None
23:03:17.409,Active,407.6,2.4,98.8,11.5,76.0,No,0.0,None
23:03:17.822,Active,406.0,2.4,98.8,11.5,76.0,No,0.0,None
23:03:18.236,Active,405.8,2.4,98.2,11.6,76.0,No,0.0,None
23:03:18.656,Active,409.7,2.4,98.2,11.6,76.0,No,0.0,None
23:03:19.072,Active,406.7,2.4,98.2,11.5,76.0,No,0.0,None
23:03:19.490,Active,408.7,2.4,98.2,11.5,78.2,No,0.0,None
23:03:19.905,Active,404.6,2.4,98.8,11.5,75.5,No,0.0,None
23:03:20.322,Active,408.5,2.4,98.8,11.5,76.5,No,0.0,None
23:03:20.739,Active,410.3,2.4,97.6,11.5,76.0,No,0.0,None
23:03:21.255,Active,405.7,2.4,79.2,11.5,76.5,No,0.0,None
23:03:21.674,Active,409.3,2.4,98.8,11.5,76.0,No,0.0,None
23:03:22.095,Active,413.5,2.4,97.0,11.5,76.5,No,0.0,None
23:03:22.514,Active,408.1,2.4,98.2,11.5,76.5,No,0.0,None
23:03:22.931,Active,407.5,2.3,98.2,11.5,75.5,No,0.0,None
23:03:23.375,Active,437.7,2.3,98.3,11.6,76.5,No,0.0,None
23:03:23.792,Active,408.9,2.3,98.2,11.6,76.0,No,0.0,None
23:03:24.208,Active,406.3,2.3,98.8,11.6,76.0,No,0.0,None
23:03:24.626,Active,408.1,2.3,98.2,11.6,76.5,No,0.0,None
23:03:25.040,Active,407.2,2.3,98.2,11.6,76.0,No,0.0,None
23:03:25.460,Active,409.1,2.3,98.2,11.6,77.1,No,0.0,None
23:03:25.877,Active,407.3,2.3,98.2,11.6,77.1,No,0.0,None
23:03:26.294,Active,406.8,2.3,98.2,11.6,77.1,No,0.0,None
23:03:26.709,Active,408.8,2.3,98.8,11.6,77.1,No,0.0,None
23:03:27.122,Active,406.3,2.4,98.8,11.6,77.1,No,0.0,None
23:03:27.542,Active,410.4,2.4,97.6,11.6,77.1,No,0.0,None
23:03:27.959,Active,406.6,2.4,98.8,11.6,77.1,No,0.0,None
23:03:28.389,Active,421.5,2.4,97.1,11.6,75.5,No,0.0,None
23:03:28.808,Active,410.5,2.4,98.8,11.6,77.1,No,0.0,None
23:03:29.224,Active,407.4,2.4,98.2,11.6,77.1,No,0.0,None
23:03:29.641,Active,408.0,2.4,98.8,11.6,77.1,No,0.0,None
23:03:30.055,Active,407.1,2.4,98.2,11.6,77.7,No,0.0,None
23:03:30.469,Active,406.9,2.4,98.2,11.6,77.7,No,0.0,None
23:03:30.885,Active,406.8,2.4,98.2,11.6,76.0,No,0.0,None
23:03:31.301,Active,406.4,2.4,98.2,11.6,77.1,No,0.0,None
23:03:31.717,Active,409.1,2.4,98.8,11.5,78.2,No,0.0,None
23:03:32.132,Active,406.4,2.4,98.2,11.6,78.2,No,0.0,None
23:03:32.551,Active,412.9,2.4,98.8,11.5,77.1,No,0.0,None
23:03:32.965,Active,406.7,2.4,98.2,11.5,77.1,No,0.0,None
23:03:33.394,Active,421.0,2.4,98.3,11.6,77.7,No,0.0,None
23:03:33.845,Active,444.3,2.4,92.7,11.6,77.1,No,0.0,None
23:03:34.257,Active,404.4,2.4,98.8,11.6,78.8,No,0.0,None
23:03:34.671,Active,407.0,2.4,99.4,11.6,77.7,No,0.0,None
23:03:35.086,Active,409.3,2.4,99.4,11.6,77.1,No,0.0,None
23:03:35.508,Active,414.5,2.4,97.6,11.5,78.2,No,0.0,None
23:03:35.925,Active,407.6,2.4,98.2,11.5,77.7,No,0.0,None
23:03:36.337,Active,406.7,2.4,99.4,11.5,78.2,No,0.0,None
23:03:36.753,Active,409.4,2.4,98.8,11.5,78.2,No,0.0,None
23:03:37.167,Active,405.8,2.4,98.8,11.5,77.7,No,0.0,None
23:03:37.582,Active,409.4,2.4,98.8,11.5,78.2,No,0.0,None
23:03:37.997,Active,407.8,2.4,98.8,11.5,78.2,No,0.0,None
23:03:38.437,Active,434.2,2.4,98.3,11.6,77.1,No,0.0,None
23:03:38.849,Active,405.4,2.4,98.8,11.6,78.2,No,0.0,None
23:03:39.262,Active,406.7,2.4,98.8,11.6,77.1,No,0.0,None
23:03:39.679,Active,410.3,2.4,98.8,11.6,77.7,No,0.0,None
23:03:40.091,Active,405.9,2.4,98.8,11.6,77.7,No,0.0,None
23:03:40.506,Active,408.5,2.4,99.4,11.6,78.2,No,0.0,None
23:03:40.927,Active,413.9,2.4,97.6,11.6,78.2,No,0.0,None
23:03:41.340,Active,406.5,2.4,98.2,11.5,77.7,No,0.0,None
23:03:41.757,Active,411.3,2.4,99.4,11.6,78.2,No,0.0,None
23:03:42.174,Active,409.1,2.4,98.2,11.5,77.7,No,0.0,None
23:03:42.595,Active,414.8,2.4,97.6,11.5,78.2,No,0.0,None
23:03:43.014,Active,408.5,2.4,97.6,11.5,77.7,No,0.0,None
23:03:43.430,Active,408.9,2.4,98.2,11.5,78.2,No,0.0,None
23:03:43.865,Active,428.7,2.4,98.8,11.6,78.2,No,0.0,None
23:03:44.278,Active,407.2,2.4,98.8,11.6,78.8,No,0.0,None
23:03:44.694,Active,408.9,2.4,98.8,11.6,77.7,No,0.0,None
23:03:45.106,Active,404.5,2.4,98.8,11.6,78.8,No,0.0,None
23:04:30.548,Active,428.9,2.4,1.5,11.5,59.5,No,0.0,None
23:04:30.961,Active,406.7,2.4,99.4,11.5,61.1,No,0.0,None
23:04:31.373,Active,406.0,2.4,99.4,11.5,62.8,No,0.0,None
23:04:31.788,Active,408.3,2.4,99.4,11.5,63.4,No,0.0,None
23:04:32.201,Active,404.8,2.4,98.8,11.5,63.4,No,0.0,None
23:04:32.625,Active,417.4,2.4,99.4,11.5,65.0,No,0.0,None
23:04:33.041,Active,409.8,3.4,97.6,11.5,66.1,No,0.0,None
23:04:33.456,Active,408.9,3.4,98.8,11.5,66.1,No,0.0,None
23:04:33.871,Active,405.3,3.4,98.2,11.5,66.7,No,0.0,None
23:04:34.295,Active,417.5,3.4,98.8,11.6,66.7,No,0.0,None
23:04:34.713,Active,409.1,3.4,98.2,11.5,67.8,No,0.0,None
23:04:35.129,Active,406.2,3.4,98.2,11.5,68.3,No,0.0,None
23:04:35.547,Active,409.6,3.4,98.2,11.6,68.8,No,0.0,None
23:04:35.967,Active,409.7,3.4,98.2,11.6,68.8,No,0.0,None
23:04:36.385,Active,412.3,3.4,97.6,11.5,68.8,No,0.0,None
23:04:36.801,Active,407.7,3.4,98.2,11.5,70.0,No,0.0,None
23:04:37.212,Active,405.4,2.4,99.4,11.5,70.0,No,0.0,None
23:04:37.625,Active,406.7,2.4,99.4,11.5,71.0,No,0.0,None
23:04:38.037,Active,406.0,2.4,99.4,11.5,72.2,No,0.0,None
23:04:38.449,Active,406.4,2.4,98.8,11.5,71.6,No,0.0,None
23:04:38.864,Active,407.1,2.4,99.4,11.5,71.0,No,0.0,None
23:04:39.309,Active,436.2,2.4,97.2,11.6,71.0,No,0.0,None
23:04:39.730,Active,411.0,2.4,98.2,11.6,71.6,No,0.0,None
23:04:40.145,Active,407.6,2.4,98.2,11.6,72.2,No,0.0,None
23:04:40.562,Active,410.0,2.4,98.2,11.6,72.2,No,0.0,None
23:04:40.978,Active,408.4,2.4,98.8,11.6,72.7,No,0.0,None
23:04:41.391,Active,407.0,2.4,98.8,11.6,72.7,No,0.0,None
23:04:41.804,Active,407.4,2.4,98.8,11.5,73.2,No,0.0,None
23:04:42.240,Active,426.6,2.4,97.1,11.5,72.2,No,0.0,None
23:04:42.656,Active,409.8,2.4,98.8,11.5,73.8,No,0.0,None
23:04:43.087,Active,421.6,2.4,96.5,11.5,72.7,No,0.0,None
23:04:43.510,Active,417.4,2.4,97.1,11.5,74.3,No,0.0,None
23:04:43.927,Active,410.5,2.4,98.2,11.5,72.7,No,0.0,None
23:04:44.342,Active,409.4,2.4,98.8,11.5,73.2,No,0.0,None
23:04:44.783,Active,433.4,2.4,98.9,11.6,73.2,No,0.0,None
23:04:45.195,Active,405.4,2.4,99.4,11.6,72.7,No,0.0,None
23:04:45.610,Active,408.9,2.4,98.8,11.6,74.3,No,0.0,None
23:04:46.024,Active,408.0,2.4,98.8,11.6,74.3,No,0.0,None
23:04:46.440,Active,409.3,2.4,98.8,11.6,73.8,No,0.0,None
23:04:46.854,Active,404.7,2.4,98.2,11.6,75.5,No,0.0,None
23:04:47.267,Active,406.0,2.4,98.8,11.6,74.3,No,0.0,None
23:04:47.685,Active,407.5,2.4,98.2,11.6,74.9,No,0.0,None
23:04:48.101,Active,407.8,2.4,98.8,11.6,74.3,No,0.0,None
23:04:48.517,Active,410.0,2.4,98.8,11.6,74.3,No,0.0,None
23:04:48.929,Active,405.3,2.4,98.2,11.6,74.3,No,0.0,None
23:04:49.343,Active,407.6,2.4,99.4,11.6,74.3,No,0.0,None
23:04:49.758,Active,408.5,2.4,98.8,11.6,74.9,No,0.0,None
23:04:50.170,Active,404.6,2.4,98.8,11.6,74.9,No,0.0,None
23:04:50.585,Active,409.5,2.4,99.4,11.6,74.9,No,0.0,None
23:04:51.012,Active,419.2,2.4,96.5,11.6,74.9,No,0.0,None
23:04:51.430,Active,408.8,2.4,98.2,11.6,74.3,No,0.0,None
23:04:51.843,Active,407.3,2.4,98.8,11.6,76.5,No,0.0,None
23:04:52.261,Active,408.1,2.4,97.6,11.6,76.5,No,0.0,None
23:04:52.680,Active,410.5,2.4,98.8,11.6,74.9,No,0.0,None
23:04:53.096,Active,407.2,2.4,98.2,11.6,74.9,No,0.0,None
23:04:53.511,Active,406.0,2.4,98.2,11.5,76.0,No,0.0,None
23:04:53.927,Active,406.9,2.4,98.8,11.5,75.5,No,0.0,None
23:04:54.338,Active,404.8,2.4,98.8,11.5,76.0,No,0.0,None
23:04:54.782,Active,437.1,2.4,98.3,11.6,76.0,No,0.0,None
23:04:55.202,Active,410.2,2.4,97.6,11.6,76.0,No,0.0,None
23:04:55.625,Active,417.2,2.4,97.6,11.6,75.5,No,0.0,None
23:04:56.041,Active,406.3,2.4,98.2,11.6,76.0,No,0.0,None
23:04:56.465,Active,413.6,2.4,97.6,11.6,76.5,No,0.0,None
23:04:56.885,Active,412.3,2.4,98.2,11.6,76.5,No,0.0,None
23:04:57.299,Active,406.0,2.4,98.8,11.6,76.0,No,0.0,None
23:04:57.715,Active,409.7,2.4,98.8,11.6,76.5,No,0.0,None
23:04:58.126,Active,404.8,2.4,98.8,11.6,76.0,No,0.0,None
23:04:58.537,Active,405.5,2.4,99.4,11.6,76.0,No,0.0,None
23:04:58.950,Active,404.5,2.4,98.8,11.6,76.0,No,0.0,None
23:04:59.362,Active,405.2,2.4,98.2,11.6,76.5,No,0.0,None
23:04:59.787,Active,417.6,2.4,99.4,11.6,77.1,No,0.0,None
23:05:00.202,Active,408.7,2.4,98.8,11.6,76.5,No,0.0,None
23:05:00.623,Active,414.1,2.4,97.0,11.6,76.5,No,0.0,None
23:05:01.042,Active,409.2,2.4,98.2,11.6,77.1,No,0.0,None
23:05:01.458,Active,409.2,2.4,98.2,11.6,77.1,No,0.0,None
23:05:01.875,Active,409.7,2.4,98.8,11.6,76.5,No,0.0,None
23:05:02.290,Active,408.9,2.4,97.6,11.6,77.1,No,0.0,None
23:05:02.705,Active,408.1,2.4,98.8,11.6,76.0,No,0.0,None
23:05:03.118,Active,406.7,2.4,99.4,11.6,77.1,No,0.0,None
23:05:03.534,Active,408.2,2.4,98.8,11.6,76.5,No,0.0,None
23:05:03.949,Active,404.2,2.4,97.6,11.6,77.1,No,0.0,None
23:05:04.363,Active,405.7,2.4,98.8,11.6,77.1,No,0.0,None
23:05:04.790,Active,420.9,2.4,99.4,11.7,76.5,No,0.0,None
23:05:05.202,Active,405.0,2.4,98.8,11.7,77.1,No,0.0,None
23:05:05.617,Active,407.8,2.4,98.8,11.7,77.1,No,0.0,None
23:05:06.032,Active,406.5,2.4,98.8,11.7,77.1,No,0.0,None
23:05:06.450,Active,408.9,2.4,97.6,11.7,77.1,No,0.0,None
23:05:06.862,Active,405.9,2.4,98.8,11.7,77.1,No,0.0,None
23:05:07.278,Active,408.6,2.4,98.8,11.7,77.7,No,0.0,None
23:05:07.694,Active,408.4,2.4,98.2,11.6,77.1,No,0.0,None
23:05:08.111,Active,407.7,2.4,98.2,11.6,77.1,No,0.0,None
23:05:08.530,Active,410.1,2.4,98.2,11.6,77.7,No,0.0,None
23:05:08.946,Active,407.5,2.4,98.2,11.6,77.7,No,0.0,None
23:05:09.365,Active,409.9,2.4,98.2,11.6,77.7,No,0.0,None
23:05:09.806,Active,432.9,2.4,97.2,11.7,77.1,No,0.0,None
23:05:10.220,Active,407.5,2.4,98.2,11.7,77.1,No,0.0,None
23:05:10.637,Active,407.1,2.4,98.2,11.7,77.7,No,0.0,None
23:05:11.053,Active,407.1,2.4,98.2,11.7,77.1,No,0.0,None
23:05:11.471,Active,408.0,2.4,98.2,11.7,77.7,No,0.0,None
23:05:11.890,Active,409.2,2.4,98.2,11.7,77.1,No,0.0,None
23:05:12.304,Active,407.2,2.4,97.6,11.7,77.1,No,0.0,None
23:05:12.720,Active,408.1,2.4,98.8,11.6,78.2,No,0.0,None
23:05:13.138,Active,408.1,2.4,98.2,11.6,77.1,No,0.0,None
23:05:13.554,Active,409.1,2.4,98.2,11.6,77.7,No,0.0,None
23:05:13.971,Active,407.1,2.4,98.2,11.6,77.7,No,0.0,None
23:05:14.388,Active,408.0,2.4,98.2,11.6,77.1,No,0.0,None
23:05:14.808,Active,410.3,2.4,98.2,11.6,77.7,No,0.0,None
23:05:15.241,Active,423.5,2.4,98.3,11.6,77.1,No,0.0,None
23:05:15.658,Active,409.6,2.4,98.2,11.7,78.2,No,0.0,None
23:05:16.072,Active,407.1,2.4,98.8,11.7,77.1,No,0.0,None
23:05:16.486,Active,407.8,2.4,99.4,11.7,78.2,No,0.0,None
23:05:16.899,Active,406.3,2.4,99.4,11.7,78.2,No,0.0,None
23:05:17.310,Active,404.6,2.4,99.4,11.7,78.2,No,0.0,None
23:05:17.723,Active,406.6,2.4,100.0,11.6,78.8,No,0.0,None
23:05:18.137,Active,408.1,2.4,98.8,11.6,78.2,No,0.0,None
23:05:18.558,Active,412.6,2.4,98.2,11.6,78.2,No,0.0,None
23:05:18.970,Active,405.8,2.4,98.8,11.6,78.2,No,0.0,None
23:05:19.386,Active,408.3,2.4,98.8,11.6,77.7,No,0.0,None
23:05:19.800,Active,406.9,2.4,98.2,11.6,78.2,No,0.0,None
23:05:20.244,Active,434.8,2.4,94.3,11.6,77.7,No,0.0,None
23:05:20.662,Active,411.7,2.4,98.8,11.6,78.2,No,0.0,None
23:05:21.074,Active,406.2,2.4,98.8,11.5,78.8,No,0.0,None
23:05:21.490,Active,408.8,2.4,98.8,11.5,78.2,No,0.0,None
23:05:21.909,Active,411.6,2.4,97.6,11.5,78.8,No,0.0,None
23:05:22.324,Active,406.9,2.4,98.2,11.5,78.2,No,0.0,None
23:05:22.739,Active,409.3,2.4,99.4,11.5,78.8,No,0.0,None
23:05:23.158,Active,408.3,2.4,97.6,11.5,77.7,No,0.0,None
23:05:23.572,Active,408.5,2.4,98.8,11.5,78.2,No,0.0,None
23:05:23.985,Active,406.6,2.4,99.4,11.5,78.2,No,0.0,None
23:05:24.397,Active,406.3,2.4,99.4,11.5,78.2,No,0.0,None
23:05:24.809,Active,405.9,2.4,98.8,11.5,78.8,No,0.0,None
23:05:25.258,Active,442.8,2.4,98.9,11.6,78.2,No,0.0,None
23:05:25.675,Active,410.1,2.4,98.8,11.7,78.8,No,0.0,None
23:05:26.092,Active,407.0,2.4,97.6,11.7,78.2,No,0.0,None
23:05:26.509,Active,410.3,2.4,98.2,11.6,78.2,No,0.0,None
23:05:26.930,Active,409.3,2.4,97.0,11.6,78.8,No,0.0,None
23:05:27.347,Active,407.3,2.4,98.2,11.6,78.2,No,0.0,None
23:05:27.765,Active,408.6,2.4,98.8,11.6,77.7,No,0.0,None
23:05:28.177,Active,403.7,2.4,98.8,11.6,78.2,No,0.0,None
23:05:28.593,Active,407.7,2.4,98.8,11.6,78.8,No,0.0,None
23:05:29.005,Active,406.0,2.4,99.4,11.6,78.2,No,0.0,None
23:05:29.421,Active,408.8,2.4,98.8,11.6,77.7,No,0.0,None
23:05:29.833,Active,406.6,2.4,99.4,11.6,78.8,No,0.0,None
23:05:30.254,Active,414.6,2.4,99.4,11.6,79.3,No,0.0,None
23:06:15.697,Active,428.4,2.4,1.1,11.6,59.5,No,0.0,None
23:06:16.130,Active,425.2,2.4,98.8,11.6,61.1,No,0.0,None
23:06:16.546,Active,408.5,7.8,98.8,11.6,62.8,No,0.0,None
23:06:16.963,Active,406.8,7.8,98.2,11.6,63.4,No,0.0,None
23:06:17.390,Active,421.8,7.8,96.5,11.6,65.5,No,0.0,None
23:06:17.806,Active,406.3,7.8,98.2,11.6,65.0,No,0.0,None
23:06:18.222,Active,405.8,7.8,97.6,11.6,66.7,No,0.0,None
23:06:18.638,Active,408.0,7.8,99.4,11.6,66.1,No,0.0,None
23:06:19.055,Active,408.6,7.8,97.6,11.6,65.0,No,0.0,None
23:06:19.475,Active,410.2,7.8,98.2,11.6,66.7,No,0.0,None
23:06:19.888,Active,407.4,7.8,98.8,11.6,67.2,No,0.0,None
23:06:20.303,Active,406.8,7.8,98.2,11.6,67.8,No,0.0,None
23:06:20.721,Active,409.7,2.4,98.2,11.5,68.3,No,0.0,None
23:06:21.135,Active,407.1,2.4,98.8,11.5,68.8,No,0.0,None
23:06:21.551,Active,409.2,2.4,98.8,11.6,68.3,No,0.0,None
23:06:21.967,Active,406.9,2.4,98.2,11.5,70.5,No,0.0,None
23:06:22.385,Active,407.8,2.4,97.6,11.5,69.4,No,0.0,None
23:06:22.800,Active,408.5,2.4,98.8,11.5,71.6,No,0.0,None
23:06:23.214,Active,406.8,2.4,98.8,11.5,70.5,No,0.0,None
23:06:23.630,Active,408.5,2.4,98.8,11.5,70.5,No,0.0,None
23:06:24.046,Active,405.2,2.4,98.2,11.5,71.0,No,0.0,None
23:06:24.474,Active,417.4,2.4,97.1,11.5,70.5,No,0.0,None
23:06:24.888,Active,408.2,2.4,98.8,11.5,71.6,No,0.0,None
23:06:25.304,Active,406.8,2.4,98.2,11.5,71.6,No,0.0,None
23:06:25.719,Active,408.1,2.4,98.8,11.5,72.2,No,0.0,None
23:06:26.169,Active,443.9,2.4,98.3,11.6,72.2,No,0.0,None
23:06:26.614,Active,436.3,2.4,94.4,11.6,71.6,No,0.0,None
23:06:27.031,Active,408.4,2.4,98.2,11.6,72.2,No,0.0,None
23:06:27.446,Active,408.2,2.4,98.8,11.6,72.7,No,0.0,None
23:06:27.862,Active,405.7,2.4,98.2,11.6,72.7,No,0.0,None
23:06:28.276,Active,407.1,2.4,98.8,11.6,73.2,No,0.0,None
23:06:28.693,Active,407.7,2.4,98.2,11.6,72.7,No,0.0,None
23:06:29.108,Active,406.8,2.4,98.2,11.6,73.8,No,0.0,None
23:06:29.527,Active,412.9,2.4,98.8,11.6,73.2,No,0.0,None
23:06:29.939,Active,406.1,2.4,98.2,11.6,72.7,No,0.0,None
23:06:30.355,Active,406.4,2.4,98.2,11.6,73.2,No,0.0,None
23:06:30.774,Active,408.2,2.4,97.0,11.6,73.2,No,0.0,None
23:06:31.193,Active,413.2,2.4,98.2,11.6,73.2,No,0.0,None
23:06:31.619,Active,417.9,2.4,97.6,11.6,73.8,No,0.0,None
23:06:32.035,Active,406.9,2.4,98.2,11.6,74.3,No,0.0,None
23:06:32.449,Active,408.2,2.4,98.8,11.6,74.3,No,0.0,None
23:06:32.891,Active,434.1,2.4,96.0,11.6,73.8,No,0.0,None
23:06:33.306,Active,405.9,2.4,98.8,11.6,74.3,No,0.0,None
23:06:33.721,Active,409.0,2.4,98.8,11.5,74.3,No,0.0,None
23:06:34.135,Active,405.5,2.4,98.8,11.5,74.3,No,0.0,None
23:06:34.554,Active,412.6,2.4,98.8,11.5,74.9,No,0.0,None
23:06:34.970,Active,408.4,2.4,97.6,11.5,74.3,No,0.0,None
23:06:35.383,Active,406.2,2.4,98.8,11.5,74.3,No,0.0,None
23:06:35.798,Active,408.2,2.4,98.8,11.5,74.3,No,0.0,None
23:06:36.224,Active,419.3,2.4,98.2,11.5,74.3,No,0.0,None
23:06:36.642,Active,411.3,2.4,99.4,11.6,75.5,No,0.0,None
23:06:37.055,Active,405.4,2.4,98.8,11.6,74.9,No,0.0,None
23:06:37.474,Active,412.8,2.4,99.4,11.6,76.0,No,0.0,None
23:06:37.888,Active,407.8,2.4,98.2,11.6,75.5,No,0.0,None
23:06:38.306,Active,408.5,2.4,97.6,11.6,74.9,No,0.0,None
23:06:38.722,Active,408.6,2.4,98.8,11.5,75.5,No,0.0,None
23:06:39.135,Active,405.4,2.4,98.8,11.5,74.9,No,0.0,None
23:06:39.550,Active,408.5,2.4,98.8,11.5,75.5,No,0.0,None
23:06:39.963,Active,407.3,2.4,98.8,11.5,75.5,No,0.0,None
23:06:40.378,Active,408.9,2.4,98.8,11.5,76.0,No,0.0,None
23:06:40.794,Active,408.8,2.4,98.8,11.5,75.5,No,0.0,None
23:06:41.206,Active,406.5,2.4,98.8,11.5,76.0,No,0.0,None
23:06:41.646,Active,433.1,2.4,97.7,11.6,75.5,No,0.0,None
23:06:42.062,Active,408.4,2.4,99.4,11.6,76.0,No,0.0,None
23:06:42.482,Active,414.7,2.4,98.8,11.6,74.9,No,0.0,None
23:06:42.896,Active,407.8,2.4,99.4,11.6,74.9,No,0.0,None
23:06:43.306,Active,403.9,2.4,98.8,11.6,76.5,No,0.0,None
23:06:43.720,Active,408.2,2.4,99.4,11.6,76.0,No,0.0,None
23:06:44.137,Active,407.8,2.4,98.8,11.6,76.5,No,0.0,None
23:06:44.549,Active,406.4,2.4,98.8,11.5,76.0,No,0.0,None
23:06:44.962,Active,406.6,2.4,99.4,11.5,76.0,No,0.0,None
23:06:45.375,Active,406.6,2.4,98.8,11.5,76.5,No,0.0,None
23:06:45.795,Active,413.2,2.4,98.8,11.5,76.5,No,0.0,None
23:06:46.211,Active,409.4,2.4,98.8,11.5,76.5,No,0.0,None
23:06:46.648,Active,431.3,2.4,98.3,11.6,77.7,No,0.0,None
23:06:47.067,Active,410.2,2.4,98.2,11.7,76.0,No,0.0,None
23:06:47.487,Active,411.0,2.4,97.6,11.7,77.1,No,0.0,None
23:06:47.906,Active,408.0,2.4,97.6,11.7,78.2,No,0.0,None
23:06:48.335,Active,421.8,2.4,96.5,11.7,76.5,No,0.0,None
23:06:48.750,Active,408.5,2.4,99.4,11.7,76.5,No,0.0,None
23:06:49.164,Active,407.2,2.4,98.8,11.7,76.5,No,0.0,None
23:06:49.577,Active,406.1,2.4,98.8,11.6,76.5,No,0.0,None
23:06:49.991,Active,404.1,2.4,98.8,11.6,77.7,No,0.0,None
23:06:50.403,Active,405.9,2.4,99.4,11.6,76.0,No,0.0,None
23:06:50.818,Active,408.8,2.4,98.2,11.6,77.1,No,0.0,None
23:06:51.238,Active,410.2,2.4,97.6,11.6,77.1,No,0.0,None
23:06:51.653,Active,408.5,2.4,98.2,11.6,77.1,No,0.0,None
23:06:52.067,Active,406.1,2.4,98.8,11.6,77.1,No,0.0,None
23:06:52.487,Active,410.7,2.4,98.2,11.6,77.1,No,0.0,None
23:06:52.901,Active,408.0,2.4,98.8,11.6,77.1,No,0.0,None
23:06:53.315,Active,408.2,2.4,98.2,11.6,77.1,No,0.0,None
23:06:53.731,Active,409.5,2.4,99.4,11.6,77.1,No,0.0,None
23:06:54.143,Active,406.3,2.4,98.8,11.6,77.7,No,0.0,None
23:06:54.560,Active,408.6,2.4,98.2,11.6,77.7,No,0.0,None
23:06:54.977,Active,407.8,2.4,98.2,11.6,77.7,No,0.0,None
23:06:55.395,Active,409.7,2.4,98.2,11.6,77.7,No,0.0,None
23:06:55.808,Active,406.5,2.4,98.8,11.6,78.2,No,0.0,None
23:06:56.223,Active,405.5,2.4,98.2,11.6,77.7,No,0.0,None
23:06:56.693,Active,463.8,2.4,96.8,11.6,77.1,No,0.0,None
23:06:57.109,Active,409.7,2.4,98.2,11.6,77.7,No,0.0,None
23:06:57.534,Active,419.0,2.4,96.5,11.6,77.1,No,0.0,None
23:06:57.955,Active,414.7,2.4,97.6,11.6,77.1,No,0.0,None
23:06:58.371,Active,406.8,2.4,98.2,11.6,77.7,No,0.0,None
23:06:58.787,Active,409.3,2.4,99.4,11.6,78.2,No,0.0,None
23:06:59.197,Active,404.0,2.4,98.8,11.6,78.2,No,0.0,None
23:06:59.611,Active,407.6,2.4,99.4,11.6,78.2,No,0.0,None
23:07:00.024,Active,407.0,2.4,99.4,11.5,77.1,No,0.0,None
23:07:00.437,Active,406.7,2.4,99.4,11.5,78.2,No,0.0,None
23:07:00.855,Active,409.7,2.4,97.6,11.5,77.7,No,0.0,None
23:07:01.269,Active,407.7,2.4,99.4,11.5,77.7,No,0.0,None
23:07:01.684,Active,408.9,2.4,98.8,11.5,77.7,No,0.0,None
23:07:02.131,Active,437.9,2.4,94.9,11.5,77.7,No,0.0,None
23:07:02.558,Active,420.6,2.4,96.4,11.5,78.2,No,0.0,None
23:07:02.974,Active,408.8,2.4,98.8,11.5,77.7,No,0.0,None
23:07:03.392,Active,410.8,2.4,97.6,11.5,77.7,No,0.0,None
23:07:03.818,Active,416.6,2.4,97.0,11.5,77.1,No,0.0,None
23:07:04.232,Active,407.6,2.4,99.4,11.5,78.8,No,0.0,None
23:07:04.662,Active,421.0,2.4,95.9,11.5,78.2,No,0.0,None
23:07:05.076,Active,407.3,2.4,98.8,11.5,78.2,No,0.0,None
23:07:05.492,Active,408.3,2.4,98.2,11.5,78.2,No,0.0,None
23:07:05.911,Active,409.8,2.4,98.2,11.5,77.7,No,0.0,None
23:07:06.324,Active,406.8,2.4,98.8,11.5,78.2,No,0.0,None
23:07:06.750,Active,419.6,2.4,98.8,11.5,78.2,No,0.0,None
23:07:07.168,Active,410.7,2.4,98.2,11.5,78.2,No,0.0,None
23:07:07.591,Active,414.0,2.4,97.6,11.6,78.2,No,0.0,None
23:07:08.013,Active,412.2,2.4,97.6,11.6,78.8,No,0.0,None
23:07:08.430,Active,409.6,2.4,98.8,11.6,78.2,No,0.0,None
23:07:08.849,Active,408.2,2.4,97.6,11.6,78.2,No,0.0,None
23:07:09.261,Active,405.4,2.4,98.8,11.6,78.8,No,0.0,None
23:07:09.678,Active,408.5,2.4,98.8,11.6,78.8,No,0.0,None
23:07:10.091,Active,405.5,2.4,98.8,11.6,78.2,No,0.0,None
23:07:10.505,Active,408.3,2.4,98.8,11.5,78.8,No,0.0,None
23:07:10.926,Active,408.6,2.4,97.6,11.6,78.8,No,0.0,None
23:07:11.339,Active,407.0,2.4,99.4,11.6,78.8,No,0.0,None
23:07:11.780,Active,434.6,2.4,98.3,11.6,77.7,No,0.0,None
23:07:12.195,Active,409.3,2.4,97.6,11.6,78.2,No,0.0,None
23:07:12.623,Active,421.8,2.4,96.5,11.6,78.2,No,0.0,None
23:07:13.036,Active,407.2,2.4,98.2,11.6,78.8,No,0.0,None
23:07:13.455,Active,409.4,2.4,98.2,11.6,78.8,No,0.0,None
23:07:13.869,Active,408.4,2.4,98.8,11.6,78.2,No,0.0,None
23:07:14.286,Active,409.9,2.4,98.8,11.6,78.8,No,0.0,None
23:07:14.701,Active,407.7,2.4,98.8,11.6,78.8,No,0.0,None
23:07:15.111,Active,404.3,2.4,99.4,11.6,78.2,No,0.0,None
23:07:15.525,Active,408.0,2.4,99.4,11.5,78.8,No,0.0,None
23:08:00.967,Active,425.6,2.4,1.4,11.5,60.0,No,0.0,None
23:08:01.379,Active,406.7,2.4,99.4,11.6,61.1,No,0.0,None
23:08:01.792,Active,407.2,2.4,100.0,11.6,63.4,No,0.0,None
23:08:02.210,Active,408.4,2.4,98.2,11.6,63.4,No,0.0,None
23:08:02.630,Active,412.0,2.4,98.2,11.6,64.5,No,0.0,None
23:08:03.058,Active,418.3,2.4,97.6,11.6,64.5,No,0.0,None
23:08:03.474,Active,408.4,2.4,98.8,11.6,65.0,No,0.0,None
23:08:03.891,Active,407.0,2.4,97.6,11.5,66.7,No,0.0,None
23:08:04.307,Active,405.9,2.7,98.2,11.5,65.5,No,0.0,None
23:08:04.726,Active,409.9,2.7,98.2,11.5,67.2,No,0.0,None
23:08:05.144,Active,406.2,2.7,98.2,11.6,67.8,No,0.0,None
23:08:05.558,Active,408.3,2.7,98.8,11.5,67.2,No,0.0,None
23:08:05.970,Active,406.0,2.7,99.4,11.5,68.8,No,0.0,None
23:08:06.384,Active,407.4,2.7,98.8,11.5,68.8,No,0.0,None
23:08:06.801,Active,410.6,2.7,98.8,11.5,68.8,No,0.0,None
23:08:07.219,Active,406.6,2.7,97.6,11.5,70.0,No,0.0,None
23:08:07.634,Active,408.6,2.7,98.8,11.5,70.0,No,0.0,None
23:08:08.082,Active,437.8,2.7,96.6,11.5,70.0,No,0.0,None
23:08:08.497,Active,408.5,2.4,98.8,11.6,70.0,No,0.0,None
23:08:08.910,Active,406.9,2.4,98.8,11.6,70.5,No,0.0,None
23:08:09.324,Active,407.0,2.4,98.8,11.6,71.6,No,0.0,None
23:08:09.737,Active,406.6,2.4,99.4,11.6,71.0,No,0.0,None
23:08:10.150,Active,407.1,2.4,99.4,11.6,71.6,No,0.0,None
23:08:10.577,Active,420.1,2.4,97.1,11.6,71.6,No,0.0,None
23:08:10.998,Active,414.1,2.4,97.6,11.5,72.7,No,0.0,None
23:08:11.413,Active,407.5,2.4,98.2,11.5,72.2,No,0.0,None
23:08:11.829,Active,409.7,2.4,97.6,11.5,72.2,No,0.0,None
23:08:12.242,Active,407.4,2.4,99.4,11.5,72.2,No,0.0,None
23:08:12.661,Active,411.4,2.4,98.8,11.5,72.2,No,0.0,None
23:08:13.095,Active,428.7,2.4,98.3,11.6,72.7,No,0.0,None
23:08:13.515,Active,409.8,2.4,97.6,11.6,72.7,No,0.0,None
23:08:13.929,Active,407.4,2.4,99.4,11.6,72.7,No,0.0,None
23:08:14.341,Active,407.0,2.4,98.8,11.6,73.2,No,0.0,None
23:08:14.766,Active,416.6,2.4,97.1,11.6,73.2,No,0.0,None
23:08:15.177,Active,403.9,2.4,98.8,11.6,73.2,No,0.0,None
23:08:15.591,Active,408.2,2.4,99.4,11.6,73.2,No,0.0,None
23:08:16.005,Active,408.1,2.4,98.8,11.6,73.2,No,0.0,None
23:08:16.421,Active,408.8,2.4,98.8,11.5,73.2,No,0.0,None
23:08:16.831,Active,402.6,2.4,99.4,11.5,74.3,No,0.0,None
23:08:17.245,Active,408.0,2.4,99.4,11.5,73.2,No,0.0,None
23:08:17.661,Active,407.6,2.4,98.2,11.5,74.9,No,0.0,None
23:08:18.097,Active,429.2,2.4,99.4,11.6,74.3,No,0.0,None
23:08:18.512,Active,409.4,2.4,99.4,11.6,74.3,No,0.0,None
23:08:18.922,Active,404.1,2.4,99.4,11.6,74.9,No,0.0,None
23:08:19.334,Active,405.5,2.4,99.4,11.6,73.8,No,0.0,None
23:08:19.753,Active,409.4,2.4,98.8,11.6,74.3,No,0.0,None
23:08:20.166,Active,405.8,2.4,98.8,11.6,75.5,No,0.0,None
23:08:20.582,Active,409.8,2.4,98.8,11.6,74.9,No,0.0,None
23:08:20.998,Active,408.8,2.4,98.2,11.5,74.9,No,0.0,None
23:08:21.412,Active,407.2,2.4,98.2,11.5,74.3,No,0.0,None
23:08:21.829,Active,407.7,2.4,98.8,11.5,75.5,No,0.0,None
23:08:22.246,Active,408.6,2.4,98.8,11.5,75.5,No,0.0,None
23:08:22.662,Active,409.0,2.4,97.6,11.5,74.3,No,0.0,None
23:08:23.077,Active,408.2,2.4,99.4,11.5,74.9,No,0.0,None
23:08:23.492,Active,408.6,2.4,98.2,11.5,75.5,No,0.0,None
23:08:23.906,Active,405.3,2.4,99.4,11.5,76.0,No,0.0,None
23:08:24.320,Active,406.4,2.4,98.8,11.5,76.0,No,0.0,None
23:08:24.736,Active,410.2,2.4,99.4,11.5,75.5,No,0.0,None
23:08:25.250,Active,404.7,2.4,79.0,11.5,74.9,No,0.0,None
23:08:25.669,Active,409.4,2.4,98.2,11.5,76.0,No,0.0,None
23:08:26.085,Active,409.1,2.4,98.8,11.5,74.9,No,0.0,None
23:08:26.506,Active,414.9,2.4,97.0,11.5,75.5,No,0.0,None
23:08:26.927,Active,409.5,2.4,97.6,11.5,75.5,No,0.0,None
23:08:27.344,Active,408.9,2.4,98.2,11.5,75.5,No,0.0,None
23:08:27.768,Active,414.9,2.4,97.6,11.5,75.5,No,0.0,None
23:08:28.210,Active,435.3,2.4,97.7,11.6,76.0,No,0.0,None
23:08:28.629,Active,408.8,2.4,98.2,11.6,75.5,No,0.0,None
23:08:29.046,Active,406.6,2.4,98.2,11.6,76.5,No,0.0,None
23:08:29.472,Active,420.1,2.4,95.9,11.6,75.5,No,0.0,None
23:08:29.891,Active,409.6,2.4,98.8,11.6,75.5,No,0.0,None
23:08:30.304,Active,406.1,2.4,98.2,11.6,76.5,No,0.0,None
23:08:30.721,Active,407.4,2.4,98.2,11.6,76.5,No,0.0,None
23:08:31.144,Active,412.9,2.4,98.2,11.6,76.5,No,0.0,None
23:08:31.560,Active,407.4,2.4,98.2,11.6,75.5,No,0.0,None
23:08:31.977,Active,406.9,2.4,98.2,11.5,76.5,No,0.0,None
23:08:32.393,Active,406.6,2.4,98.2,11.6,76.5,No,0.0,None
23:08:32.822,Active,420.1,2.4,97.7,11.5,76.5,No,0.0,None
23:08:33.246,Active,415.5,2.4,98.8,11.5,76.0,No,0.0,None
23:08:33.664,Active,407.8,2.4,98.2,11.6,76.0,No,0.0,None
23:08:34.081,Active,407.3,2.4,98.2,11.6,76.0,No,0.0,None
23:08:34.499,Active,411.5,2.4,98.8,11.5,76.0,No,0.0,None
23:08:34.914,Active,408.3,2.4,98.2,11.5,76.5,No,0.0,None
23:08:35.332,Active,408.4,2.4,98.2,11.6,76.5,No,0.0,None
23:08:35.751,Active,409.7,2.4,97.6,11.5,75.5,No,0.0,None
23:08:36.166,Active,406.4,2.4,98.8,11.5,76.0,No,0.0,None
23:08:36.582,Active,408.7,2.4,98.8,11.5,76.5,No,0.0,None
23:08:36.998,Active,407.0,2.4,98.8,11.5,78.2,No,0.0,None
23:08:37.410,Active,404.5,2.4,98.2,11.5,76.5,No,0.0,None
23:08:37.826,Active,408.6,2.4,98.8,11.5,76.5,No,0.0,None
23:08:38.257,Active,419.9,2.4,97.7,11.6,76.5,No,0.0,None
23:08:38.672,Active,407.8,2.4,98.8,11.6,76.0,No,0.0,None
23:08:39.090,Active,409.2,2.4,98.2,11.6,77.1,No,0.0,None
23:08:39.506,Active,408.6,2.4,98.2,11.6,77.1,No,0.0,None
23:08:39.925,Active,409.9,2.4,97.0,11.5,77.1,No,0.0,None
23:08:40.344,Active,409.4,2.4,98.2,11.5,77.1,No,0.0,None
23:08:40.760,Active,406.9,2.4,98.2,11.5,76.5,No,0.0,None
23:08:41.178,Active,407.9,2.4,98.2,11.5,76.5,No,0.0,None
23:08:41.596,Active,408.5,2.4,97.6,11.5,77.1,No,0.0,None
23:08:42.010,Active,405.9,2.4,98.8,11.5,76.0,No,0.0,None
23:08:42.428,Active,408.6,2.4,98.2,11.5,77.7,No,0.0,None
23:08:42.847,Active,409.0,2.4,98.2,11.5,76.5,No,0.0,None
23:08:43.285,Active,429.3,2.4,96.6,11.6,76.0,No,0.0,None
23:08:43.703,Active,409.5,2.4,98.8,11.6,76.5,No,0.0,None
23:08:44.118,Active,408.4,2.4,97.6,11.6,76.5,No,0.0,None
23:08:44.534,Active,410.0,2.4,98.8,11.6,76.5,No,0.0,None
23:08:44.951,Active,409.9,2.4,98.2,11.6,77.1,No,0.0,None
23:08:45.364,Active,407.5,2.4,98.2,11.6,77.1,No,0.0,None
23:08:45.780,Active,409.2,2.4,98.8,11.5,76.0,No,0.0,None
23:08:46.192,Active,406.4,2.4,99.4,11.5,77.1,No,0.0,None
23:08:46.611,Active,409.7,2.4,98.2,11.5,76.5,No,0.0,None
23:08:47.022,Active,405.4,2.4,98.2,11.5,77.7,No,0.0,None
23:08:47.443,Active,411.0,2.4,97.6,11.5,77.7,No,0.0,None
23:08:47.870,Active,416.6,2.4,97.1,11.5,77.7,No,0.0,None
23:08:48.286,Active,410.0,2.4,98.8,11.5,76.5,No,0.0,None
23:08:48.726,Active,433.0,2.4,97.7,11.6,77.1,No,0.0,None
23:08:49.142,Active,408.5,2.4,98.8,11.6,77.1,No,0.0,None
23:08:49.554,Active,406.5,2.4,98.8,11.6,77.7,No,0.0,None
23:08:49.969,Active,408.7,2.4,99.4,11.6,77.1,No,0.0,None
23:08:50.381,Active,405.6,2.4,100.0,11.6,77.7,No,0.0,None
23:08:50.793,Active,406.1,2.4,99.4,11.6,77.1,No,0.0,None
23:08:51.203,Active,402.9,2.4,100.0,11.6,77.1,No,0.0,None
23:08:51.614,Active,405.5,2.4,99.4,11.6,77.7,No,0.0,None
23:08:52.033,Active,407.5,2.4,98.8,11.5,77.1,No,0.0,None
23:08:52.448,Active,408.8,2.4,99.4,11.5,77.1,No,0.0,None
23:08:52.861,Active,402.5,2.4,98.2,11.5,77.1,No,0.0,None
23:08:53.279,Active,409.6,2.4,98.8,11.5,77.1,No,0.0,None
23:08:53.692,Active,407.1,2.4,98.2,11.5,77.1,No,0.0,None
23:08:54.108,Active,407.1,2.4,98.2,11.5,77.7,No,0.0,None
23:08:54.524,Active,406.6,2.4,98.8,11.6,77.7,No,0.0,None
23:08:54.941,Active,408.3,2.4,98.2,11.5,77.7,No,0.0,None
23:08:55.355,Active,406.0,2.4,98.2,11.5,77.7,No,0.0,None
23:08:55.769,Active,408.0,2.4,98.8,11.5,78.2,No,0.0,None
23:08:56.181,Active,405.0,2.4,99.4,11.5,77.7,No,0.0,None
23:08:56.599,Active,411.9,2.4,99.4,11.5,77.7,No,0.0,None
23:08:57.023,Active,417.9,2.4,96.5,11.5,78.2,No,0.0,None
23:08:57.462,Active,432.5,2.4,94.8,11.5,77.7,No,0.0,None
23:08:57.875,Active,405.7,2.4,98.8,11.5,78.2,No,0.0,None
23:08:58.287,Active,405.6,2.4,98.8,11.5,77.7,No,0.0,None
23:08:58.732,Active,438.8,2.4,98.3,11.6,77.7,No,0.0,None
23:08:59.151,Active,409.0,2.4,98.2,11.6,77.7,No,0.0,None
23:08:59.568,Active,408.7,2.4,98.2,11.6,77.1,No,0.0,None
23:08:59.985,Active,407.7,2.4,98.2,11.6,77.7,No,0.0,None
23:09:00.415,Active,421.5,2.4,96.5,11.6,77.1,No,0.0,None
23:09:00.830,Active,408.4,2.4,98.2,11.6,77.7,No,0.0,None
23:09:46.270,Active,425.0,2.4,1.1,11.6,59.5,No,0.0,None
23:09:46.681,Active,405.2,2.4,99.4,11.6,60.6,No,0.0,None
23:09:47.098,Active,405.8,2.4,98.8,11.6,61.7,No,0.0,None
23:09:47.511,Active,405.6,2.4,98.8,11.6,63.4,No,0.0,None
23:09:47.926,Active,408.7,4.8,98.8,11.5,65.0,No,0.0,None
23:09:48.338,Active,406.4,4.8,98.8,11.6,64.5,No,0.0,None
23:09:48.755,Active,409.4,4.8,99.4,11.6,65.0,No,0.0,None
23:09:49.178,Active,412.9,4.8,96.4,11.6,65.5,No,0.0,None
23:09:49.626,Active,441.7,4.8,98.3,11.6,66.1,No,0.0,None
23:09:50.042,Active,408.5,4.8,98.8,11.6,66.7,No,0.0,None
23:09:50.458,Active,410.5,4.8,98.2,11.6,67.2,No,0.0,None
23:09:50.874,Active,408.8,4.8,98.8,11.6,67.8,No,0.0,None
23:09:51.294,Active,409.7,4.8,97.6,11.6,68.3,No,0.0,None
23:09:51.710,Active,409.0,4.8,98.8,11.6,68.3,No,0.0,None
23:09:52.122,Active,404.9,2.4,99.4,11.6,69.4,No,0.0,None
23:09:52.538,Active,408.5,2.4,97.6,11.6,68.8,No,0.0,None
23:09:52.951,Active,405.4,2.4,98.8,11.5,69.4,No,0.0,None
23:09:53.372,Active,415.2,2.4,97.6,11.5,69.4,No,0.0,None
23:09:53.792,Active,411.2,2.4,98.2,11.5,70.0,No,0.0,None
23:09:54.209,Active,408.4,2.4,97.6,11.5,70.5,No,0.0,None
23:09:54.624,Active,408.5,2.4,99.4,11.5,70.5,No,0.0,None
23:09:55.040,Active,408.3,2.4,98.8,11.5,70.5,No,0.0,None
23:09:55.474,Active,424.0,2.4,94.8,11.5,71.6,No,0.0,None
23:09:55.886,Active,405.2,2.4,99.4,11.5,70.5,No,0.0,None
23:09:56.301,Active,407.8,2.4,98.8,11.5,71.6,No,0.0,None
23:09:56.719,Active,411.7,2.4,98.2,11.5,71.0,No,0.0,None
23:09:57.132,Active,407.5,2.4,98.2,11.5,71.6,No,0.0,None
23:09:57.552,Active,407.3,2.4,97.6,11.6,72.2,No,0.0,None
23:09:57.964,Active,405.7,2.4,99.4,11.6,72.2,No,0.0,None
23:09:58.378,Active,407.5,2.4,99.4,11.6,72.2,No,0.0,None
23:09:58.795,Active,408.3,2.4,98.2,11.5,72.7,No,0.0,None
23:09:59.214,Active,409.3,2.4,98.2,11.6,73.2,No,0.0,None
23:09:59.663,Active,442.2,2.4,96.6,11.6,72.2,No,0.0,None
23:10:00.079,Active,407.4,2.4,98.2,11.6,72.7,No,0.0,None
23:10:00.496,Active,409.6,2.4,98.8,11.6,72.7,No,0.0,None
23:10:00.914,Active,407.8,2.4,98.2,11.6,73.2,No,0.0,None
23:10:01.330,Active,406.5,2.4,98.2,11.6,72.7,No,0.0,None
23:10:01.755,Active,417.6,2.4,97.6,11.6,73.8,No,0.0,None
23:10:02.170,Active,408.7,2.4,98.8,11.6,73.8,No,0.0,None
23:10:02.583,Active,405.9,2.4,98.8,11.6,74.3,No,0.0,None
23:10:02.992,Active,403.1,2.4,99.4,11.6,74.9,No,0.0,None
23:10:03.405,Active,407.2,2.4,100.0,11.6,74.3,No,0.0,None
23:10:03.820,Active,406.5,2.4,98.8,11.6,73.8,No,0.0,None
23:10:04.232,Active,405.2,2.4,99.4,11.6,74.9,No,0.0,None
23:10:04.645,Active,407.4,2.4,99.4,11.6,74.3,No,0.0,None
23:10:05.065,Active,414.1,2.4,100.0,11.6,74.3,No,0.0,None
23:10:05.480,Active,408.3,2.4,98.2,11.6,73.8,No,0.0,None
23:10:05.898,Active,408.4,2.4,98.2,11.6,74.9,No,0.0,None
23:10:06.315,Active,409.5,2.4,98.2,11.6,74.9,No,0.0,None
23:10:06.729,Active,407.6,2.4,98.8,11.6,74.9,No,0.0,None
23:10:07.146,Active,408.9,2.4,98.2,11.6,74.9,No,0.0,None
23:10:07.562,Active,409.0,2.4,98.8,11.6,75.5,No,0.0,None
23:10:07.976,Active,407.2,2.4,98.8,11.6,74.9,No,0.0,None
23:10:08.393,Active,406.6,2.4,98.2,11.6,74.3,No,0.0,None
23:10:08.809,Active,408.8,2.4,98.8,11.6,74.3,No,0.0,None
23:10:09.221,Active,406.1,2.4,99.4,11.6,76.0,No,0.0,None
23:10:09.637,Active,408.1,2.4,99.4,11.6,76.0,No,0.0,None
23:10:10.066,Active,423.2,2.4,98.8,11.6,76.0,No,0.0,None
23:10:10.486,Active,409.4,2.4,98.2,11.7,75.5,No,0.0,None
23:10:10.902,Active,408.4,2.4,98.8,11.6,74.9,No,0.0,None
23:10:11.317,Active,408.2,2.4,97.0,11.6,75.5,No,0.0,None
23:10:11.733,Active,407.7,2.4,98.8,11.6,76.0,No,0.0,None
23:10:12.145,Active,403.8,2.4,99.4,11.6,76.0,No,0.0,None
23:10:12.559,Active,405.4,2.4,98.8,11.6,76.0,No,0.0,None
23:10:12.977,Active,404.9,2.4,98.2,11.6,76.0,No,0.0,None
23:10:13.401,Active,417.1,2.4,97.0,11.6,76.5,No,0.0,None
23:10:13.816,Active,406.7,2.4,98.2,11.6,75.5,No,0.0,None
23:10:14.229,Active,403.6,2.4,98.8,11.6,76.0,No,0.0,None
23:10:14.645,Active,407.4,2.4,98.8,11.6,76.0,No,0.0,None
23:10:15.079,Active,426.9,2.4,98.8,11.6,76.5,No,0.0,None
23:10:15.497,Active,410.3,2.4,98.2,11.6,76.5,No,0.0,None
23:10:15.915,Active,407.8,2.4,97.6,11.6,77.1,No,0.0,None
23:10:16.337,Active,412.7,2.4,97.6,11.6,76.0,No,0.0,None
23:10:16.758,Active,411.0,2.4,98.8,11.6,76.0,No,0.0,None
23:10:17.176,Active,406.7,2.4,97.0,11.6,76.5,No,0.0,None
23:10:17.593,Active,408.7,2.4,98.2,11.6,76.0,No,0.0,None
23:10:18.002,Active,403.3,2.4,99.4,11.6,76.0,No,0.0,None
23:10:18.421,Active,410.3,2.4,98.8,11.6,76.0,No,0.0,None
23:10:18.837,Active,407.9,2.4,98.2,11.6,77.1,No,0.0,None
23:10:19.355,Active,408.7,2.4,78.6,11.6,76.5,No,0.0,None
23:10:19.771,Active,408.6,2.4,98.8,11.5,76.5,No,0.0,None
23:10:20.202,Active,425.0,2.4,98.3,11.6,76.0,No,0.0,None
23:10:20.617,Active,408.8,2.4,98.8,11.6,76.5,No,0.0,None
23:10:21.032,Active,406.8,2.4,98.8,11.6,76.5,No,0.0,None
23:10:21.446,Active,407.6,2.3,98.8,11.6,77.1,No,0.0,None
23:10:21.863,Active,407.6,2.3,98.2,11.6,77.7,No,0.0,None
23:10:22.277,Active,406.8,2.3,98.2,11.6,77.1,No,0.0,None
23:10:22.691,Active,408.7,2.3,98.8,11.6,76.5,No,0.0,None
23:10:23.108,Active,406.3,2.3,98.2,11.6,77.1,No,0.0,None
23:10:23.538,Active,419.5,2.3,96.0,11.6,77.1,No,0.0,None
23:10:23.955,Active,409.6,2.3,98.8,11.6,76.5,No,0.0,None
23:10:24.370,Active,408.4,2.3,98.8,11.6,77.7,No,0.0,None
23:10:24.786,Active,410.4,2.3,98.2,11.6,77.1,No,0.0,None
23:10:25.200,Active,408.4,2.3,99.4,11.6,77.1,No,0.0,None
23:10:25.616,Active,410.0,2.4,98.8,11.5,77.1,No,0.0,None
23:10:26.030,Active,407.6,2.4,99.4,11.5,77.7,No,0.0,None
23:10:26.443,Active,407.5,2.4,98.8,11.5,77.1,No,0.0,None
23:10:26.860,Active,408.5,2.4,98.2,11.5,76.5,No,0.0,None
23:10:27.276,Active,408.3,2.4,98.2,11.6,77.1,No,0.0,None
23:10:27.695,Active,412.7,2.4,99.4,11.6,77.1,No,0.0,None
23:10:28.107,Active,406.6,2.4,98.2,11.5,77.1,No,0.0,None
23:10:28.535,Active,416.6,2.4,97.1,11.5,77.7,No,0.0,None
23:10:28.948,Active,406.5,2.4,98.8,11.5,77.7,No,0.0,None
23:10:29.361,Active,403.5,2.4,98.8,11.5,77.1,No,0.0,None
23:10:29.778,Active,408.8,2.4,98.8,11.5,77.1,No,0.0,None
23:10:30.222,Active,437.8,2.4,98.3,11.6,77.1,No,0.0,None
23:10:30.636,Active,407.8,2.4,99.4,11.6,77.7,No,0.0,None
23:10:31.056,Active,414.0,2.4,97.6,11.6,77.1,No,0.0,None
23:10:31.475,Active,409.8,2.4,98.2,11.6,78.2,No,0.0,None
23:10:31.890,Active,408.6,2.4,99.4,11.6,77.7,No,0.0,None
23:10:32.306,Active,409.9,2.4,98.8,11.6,77.7,No,0.0,None
23:10:32.731,Active,417.4,2.4,98.2,11.6,77.1,No,0.0,None
23:10:33.146,Active,409.2,2.4,99.4,11.6,77.7,No,0.0,None
23:10:33.570,Active,416.4,2.4,97.6,11.6,77.1,No,0.0,None
23:10:33.982,Active,404.8,2.4,98.2,11.6,77.7,No,0.0,None
23:10:34.397,Active,408.9,2.4,100.0,11.6,77.7,No,0.0,None
23:10:34.812,Active,408.3,2.4,98.2,11.6,78.2,No,0.0,None
23:10:35.233,Active,412.8,2.4,98.8,11.6,77.7,No,0.0,None
23:10:35.679,Active,435.8,2.4,95.4,11.6,77.7,No,0.0,None
23:10:36.091,Active,406.3,2.4,98.2,11.6,78.2,No,0.0,None
23:10:36.509,Active,407.4,2.4,98.8,11.6,78.2,No,0.0,None
23:10:37.026,Active,406.9,2.4,79.0,11.6,77.1,No,0.0,None
23:10:37.441,Active,408.3,2.4,98.8,11.6,77.7,No,0.0,None
23:10:37.858,Active,406.6,2.4,98.2,11.6,78.2,No,0.0,None
23:10:38.275,Active,407.2,2.3,97.0,11.6,77.1,No,0.0,None
23:10:38.701,Active,418.4,2.3,97.1,11.5,77.7,No,0.0,None
23:10:39.113,Active,406.7,2.3,98.8,11.5,77.7,No,0.0,None
23:10:39.530,Active,409.0,2.3,98.8,11.5,78.2,No,0.0,None
23:10:39.946,Active,406.1,2.3,98.2,11.6,77.1,No,0.0,None
23:10:40.373,Active,420.1,2.3,98.8,11.6,78.2,No,0.0,None
23:10:40.787,Active,407.0,2.3,99.4,11.6,77.7,No,0.0,None
23:10:41.202,Active,408.9,2.3,99.4,11.6,78.2,No,0.0,None
23:10:41.619,Active,409.7,2.3,98.2,11.6,78.2,No,0.0,None
23:10:42.036,Active,408.0,2.3,98.2,11.6,78.2,No,0.0,None
23:10:42.452,Active,409.9,2.4,98.8,11.6,77.7,No,0.0,None
23:10:42.870,Active,407.5,2.4,98.2,11.6,77.7,No,0.0,None
23:10:43.300,Active,422.6,2.4,97.7,11.6,78.2,No,0.0,None
23:10:43.715,Active,409.3,2.4,98.8,11.6,78.2,No,0.0,None
23:10:44.134,Active,408.5,2.4,98.2,11.6,78.2,No,0.0,None
23:10:44.552,Active,409.5,2.4,98.2,11.6,78.8,No,0.0,None
23:10:44.967,Active,405.9,2.4,98.2,11.6,77.7,No,0.0,None
23:10:45.404,Active,427.5,2.4,97.2,11.6,78.2,No,0.0,None
23:10:45.821,Active,407.3,2.4,98.2,11.6,78.2,No,0.0,None
23:10:46.235,Active,406.8,2.4,98.8,11.6,78.8,No,0.0,None
23:11:31.695,Active,446.5,22.1,1.5,11.6,59.0,No,0.0,None
23:11:32.106,Active,404.3,22.1,100.0,11.6,60.6,No,0.0,None
23:11:32.520,Active,408.4,22.1,99.4,11.6,61.1,No,0.0,None
23:11:32.933,Active,407.2,22.1,99.4,11.6,62.2,No,0.0,None
23:11:33.350,Active,408.5,22.1,98.2,11.5,63.4,No,0.0,None
23:11:33.766,Active,409.9,22.1,99.4,11.5,63.9,No,0.0,None
23:11:34.186,Active,413.1,22.1,97.6,11.5,65.0,No,0.0,None
23:11:34.602,Active,408.7,22.1,98.8,11.5,65.5,No,0.0,None
23:11:35.013,Active,403.9,22.1,98.8,11.5,66.7,No,0.0,None
23:11:35.427,Active,407.7,22.1,100.0,11.5,66.1,No,0.0,None
23:11:35.840,Active,407.0,2.4,98.8,11.5,67.2,No,0.0,None
23:11:36.267,Active,417.8,2.4,98.8,11.6,67.2,No,0.0,None
23:11:36.699,Active,425.3,2.4,96.5,11.6,68.3,No,0.0,None
23:11:37.115,Active,409.6,2.4,98.8,11.6,67.8,No,0.0,None
23:11:37.531,Active,410.2,2.4,98.2,11.6,68.3,No,0.0,None
23:11:37.946,Active,407.8,2.4,98.8,11.6,68.8,No,0.0,None
23:11:38.358,Active,405.0,2.4,98.8,11.6,70.5,No,0.0,None
23:11:38.769,Active,405.4,2.4,100.0,11.5,70.0,No,0.0,None
23:11:39.184,Active,406.9,2.4,99.4,11.5,70.0,No,0.0,None
23:11:39.606,Active,415.6,2.4,98.2,11.5,70.0,No,0.0,None
23:11:40.037,Active,424.3,2.4,96.5,11.5,70.5,No,0.0,None
23:11:40.454,Active,408.7,2.4,98.2,11.5,70.5,No,0.0,None
23:11:40.869,Active,408.1,2.4,98.8,11.5,71.0,No,0.0,None
23:11:41.298,Active,422.4,2.4,98.8,11.6,70.5,No,0.0,None
23:11:41.714,Active,409.8,2.4,98.2,11.6,71.6,No,0.0,None
23:11:42.130,Active,408.6,2.4,98.8,11.6,72.2,No,0.0,None
23:11:42.575,Active,437.8,2.4,93.2,11.6,71.6,No,0.0,None
23:11:42.987,Active,406.0,2.4,99.4,11.5,72.2,No,0.0,None
23:11:43.401,Active,405.2,2.4,98.2,11.5,72.2,No,0.0,None
23:11:43.815,Active,407.5,2.4,99.4,11.5,72.2,No,0.0,None
23:11:44.230,Active,408.0,2.4,98.2,11.5,72.2,No,0.0,None
23:11:44.645,Active,407.7,2.4,98.8,11.5,72.2,No,0.0,None
23:11:45.061,Active,405.6,2.4,98.8,11.5,73.2,No,0.0,None
23:11:45.474,Active,407.7,2.4,98.8,11.5,72.7,No,0.0,None
23:11:45.888,Active,407.3,2.4,98.8,11.5,73.2,No,0.0,None
23:11:46.324,Active,429.6,2.4,98.3,11.6,73.2,No,0.0,None
23:11:46.769,Active,435.6,2.4,94.3,11.6,73.2,No,0.0,None
23:11:47.185,Active,406.2,2.4,98.2,11.6,73.2,No,0.0,None
23:11:47.601,Active,407.3,2.4,98.8,11.6,73.2,No,0.0,None
23:11:48.020,Active,407.0,2.4,97.6,11.6,72.7,No,0.0,None
23:11:48.437,Active,409.4,2.4,98.8,11.6,73.8,No,0.0,None
23:11:48.853,Active,408.6,2.4,98.8,11.6,72.7,No,0.0,None
23:11:49.264,Active,405.7,2.4,98.8,11.6,72.7,No,0.0,None
23:11:49.677,Active,406.7,2.4,98.8,11.6,73.8,No,0.0,None
23:11:50.090,Active,405.8,2.4,99.4,11.6,73.2,No,0.0,None
23:11:50.507,Active,409.0,2.4,98.8,11.5,73.2,No,0.0,None
23:11:50.923,Active,407.7,2.4,97.6,11.5,74.3,No,0.0,None
23:11:51.339,Active,407.3,2.4,98.2,11.6,74.3,No,0.0,None
23:11:51.782,Active,432.9,2.4,98.3,11.6,73.8,No,0.0,None
23:11:52.196,Active,406.5,2.4,98.2,11.6,73.8,No,0.0,None
23:11:52.613,Active,408.6,2.4,98.2,11.6,74.3,No,0.0,None
23:11:53.031,Active,409.6,2.4,98.2,11.6,73.8,No,0.0,None
23:11:53.450,Active,413.3,2.4,98.2,11.6,74.3,No,0.0,None
23:11:53.865,Active,407.9,2.4,98.2,11.6,73.8,No,0.0,None
23:11:54.296,Active,421.1,2.4,97.1,11.6,74.3,No,0.0,None
23:11:54.718,Active,413.0,2.4,97.6,11.6,74.9,No,0.0,None
23:11:55.132,Active,407.1,2.4,98.8,11.6,74.3,No,0.0,None
23:11:55.550,Active,411.7,2.4,98.8,11.6,74.9,No,0.0,None
23:11:55.970,Active,412.9,2.4,98.2,11.6,74.9,No,0.0,None
23:11:56.388,Active,407.2,2.4,97.0,11.6,74.9,No,0.0,None
23:11:56.806,Active,408.9,2.4,98.2,11.6,74.3,No,0.0,None
23:11:57.222,Active,406.5,2.4,97.6,11.6,74.3,No,0.0,None
23:11:57.639,Active,408.9,2.4,98.8,11.6,74.9,No,0.0,None
23:11:58.054,Active,408.5,2.4,98.2,11.5,74.9,No,0.0,None
23:11:58.468,Active,407.0,2.4,99.4,11.6,76.0,No,0.0,None
23:11:58.885,Active,407.9,2.4,98.2,11.6,75.5,No,0.0,None
23:11:59.302,Active,409.1,2.4,98.2,11.6,75.5,No,0.0,None
23:11:59.719,Active,410.1,2.4,97.6,11.6,75.5,No,0.0,None
23:12:00.136,Active,407.1,2.4,98.2,11.6,73.8,No,0.0,None
23:12:00.554,Active,407.2,2.4,97.6,11.5,75.5,No,0.0,None
23:12:00.968,Active,406.6,2.4,98.8,11.5,74.3,No,0.0,None
23:12:01.384,Active,406.8,2.4,97.6,11.5,76.0,No,0.0,None
23:12:01.838,Active,444.7,2.4,97.8,11.7,74.9,No,0.0,None
23:12:02.255,Active,407.2,2.4,98.2,11.7,77.1,No,0.0,None
23:12:02.679,Active,409.3,2.4,97.6,11.7,75.5,No,0.0,None
23:12:03.092,Active,406.6,2.4,98.8,11.7,76.0,No,0.0,None
23:12:03.506,Active,407.7,2.4,98.8,11.7,74.9,No,0.0,None
23:12:03.918,Active,405.3,2.4,98.8,11.7,76.0,No,0.0,None
23:12:04.340,Active,415.3,2.4,97.0,11.7,76.0,No,0.0,None
23:12:04.759,Active,410.0,2.4,98.2,11.6,75.5,No,0.0,None
23:12:05.173,Active,407.8,2.4,98.8,11.7,76.5,No,0.0,None
23:12:05.601,Active,420.3,2.4,96.5,11.7,76.0,No,0.0,None
23:12:06.014,Active,406.3,2.4,99.4,11.6,76.0,No,0.0,None
23:12:06.430,Active,409.8,2.4,98.8,11.6,76.5,No,0.0,None
23:12:06.854,Active,416.5,2.4,98.8,11.6,76.5,No,0.0,None
23:12:07.270,Active,409.7,2.4,99.4,11.7,76.5,No,0.0,None
23:12:07.707,Active,427.9,2.4,96.0,11.6,76.0,No,0.0,None
23:12:08.123,Active,407.8,2.4,97.6,11.6,76.5,No,0.0,None
23:12:08.543,Active,410.5,2.4,98.2,11.6,76.0,No,0.0,None
23:12:08.966,Active,413.2,2.4,97.0,11.6,76.5,No,0.0,None
23:12:09.382,Active,408.6,2.4,98.8,11.6,76.5,No,0.0,None
23:12:09.795,Active,405.8,2.4,98.2,11.6,76.0,No,0.0,None
23:12:10.210,Active,408.9,2.4,99.4,11.6,76.5,No,0.0,None
23:12:10.627,Active,411.0,2.4,98.8,11.6,76.5,No,0.0,None
23:12:11.037,Active,404.3,2.4,98.2,11.6,77.1,No,0.0,None
23:12:11.454,Active,409.8,2.4,98.8,11.6,76.0,No,0.0,None
23:12:11.886,Active,424.0,2.4,98.8,11.6,76.5,No,0.0,None
23:12:12.302,Active,408.6,2.4,98.2,11.6,76.5,No,0.0,None
23:12:12.721,Active,409.6,2.4,98.2,11.6,76.5,No,0.0,None
23:12:13.138,Active,407.2,2.4,97.6,11.6,76.5,No,0.0,None
23:12:13.559,Active,411.1,2.4,98.2,11.6,77.1,No,0.0,None
23:12:13.976,Active,407.4,2.4,97.6,11.6,77.1,No,0.0,None
23:12:14.392,Active,406.5,2.4,98.2,11.6,77.1,No,0.0,None
23:12:14.811,Active,409.5,2.4,98.2,11.6,76.5,No,0.0,None
23:12:15.225,Active,407.9,2.4,98.8,11.6,76.5,No,0.0,None
23:12:15.641,Active,407.9,2.4,98.2,11.6,77.1,No,0.0,None
23:12:16.056,Active,405.4,2.4,98.2,11.6,76.5,No,0.0,None
23:12:16.473,Active,406.8,2.4,98.2,11.6,76.5,No,0.0,None
23:12:16.910,Active,427.5,2.4,97.7,11.5,76.5,No,0.0,None
23:12:17.332,Active,412.1,2.4,97.6,11.6,77.1,No,0.0,None
23:12:17.751,Active,409.1,2.4,97.6,11.6,77.1,No,0.0,None
23:12:18.172,Active,406.4,2.4,97.0,11.6,77.7,No,0.0,None
23:12:18.591,Active,409.6,2.4,98.2,11.6,77.1,No,0.0,None
23:12:19.005,Active,407.5,2.4,98.8,11.6,76.5,No,0.0,None
23:12:19.422,Active,409.3,2.4,97.6,11.6,76.5,No,0.0,None
23:12:19.838,Active,408.9,2.4,99.4,11.6,77.1,No,0.0,None
23:12:20.363,Active,416.6,2.4,78.4,11.6,76.5,No,0.0,None
23:12:20.781,Active,409.8,2.4,98.2,11.5,77.1,No,0.0,None
23:12:21.199,Active,408.6,2.4,98.2,11.5,77.1,No,0.0,None
23:12:21.619,Active,410.7,2.4,98.2,11.5,77.1,No,0.0,None
23:12:22.056,Active,431.2,2.3,98.3,11.6,77.1,No,0.0,None
23:12:22.475,Active,409.6,2.3,98.2,11.6,76.5,No,0.0,None
23:12:22.891,Active,407.7,2.3,98.8,11.6,77.1,No,0.0,None
23:12:23.307,Active,407.1,2.3,98.2,11.6,76.5,No,0.0,None
23:12:23.727,Active,409.4,2.3,98.2,11.6,77.1,No,0.0,None
23:12:24.145,Active,408.6,2.3,97.6,11.6,77.1,No,0.0,None
23:12:24.564,Active,409.4,2.3,98.2,11.6,76.5,No,0.0,None
23:12:24.979,Active,407.1,2.3,98.2,11.6,77.7,No,0.0,None
23:12:25.392,Active,406.4,2.3,98.8,11.6,77.1,No,0.0,None
23:12:25.811,Active,409.1,2.3,98.2,11.6,77.7,No,0.0,None
23:12:26.227,Active,408.6,2.4,98.8,11.6,77.1,No,0.0,None
23:12:26.647,Active,413.6,2.4,98.2,11.6,77.1,No,0.0,None
23:12:27.063,Active,409.4,2.4,98.8,11.6,77.1,No,0.0,None
23:12:27.476,Active,406.7,2.4,98.8,11.5,77.1,No,0.0,None
23:12:27.896,Active,407.0,2.4,97.0,11.5,78.2,No,0.0,None
23:12:28.329,Active,425.5,2.4,95.4,11.5,77.7,No,0.0,None
23:12:28.748,Active,410.4,2.4,97.6,11.5,76.5,No,0.0,None
23:12:29.163,Active,406.1,2.4,98.2,11.5,77.1,No,0.0,None
23:12:29.583,Active,409.6,2.4,98.2,11.5,77.7,No,0.0,None
23:12:29.997,Active,407.2,2.4,98.8,11.5,77.1,No,0.0,None
23:12:30.414,Active,410.4,2.4,98.8,11.5,77.7,No,0.0,None
23:12:30.829,Active,407.6,2.4,98.2,11.5,77.7,No,0.0,None
23:12:31.246,Active,407.8,2.4,97.6,11.5,79.3,No,0.0,None
23:13:16.687,Active,426.8,2.4,1.1,11.6,59.0,No,0.0,None
23:13:17.098,Active,405.2,2.4,99.4,11.6,59.5,No,0.0,None
23:13:17.515,Active,409.7,2.4,98.8,11.6,61.1,No,0.0,None
23:13:17.955,Active,434.1,2.4,97.7,11.6,62.8,No,0.0,None
23:13:18.370,Active,408.4,2.4,98.8,11.7,63.4,No,0.0,None
23:13:18.784,Active,407.1,2.4,98.2,11.6,64.5,No,0.0,None
23:13:19.200,Active,407.2,2.4,98.2,11.6,64.5,No,0.0,None
23:13:19.619,Active,409.5,3.0,98.2,11.6,66.1,No,0.0,None
23:13:20.033,Active,408.0,3.0,98.8,11.6,66.7,No,0.0,None
23:13:20.446,Active,406.7,3.0,99.4,11.6,66.7,No,0.0,None
23:13:20.884,Active,432.4,3.0,94.3,11.6,67.2,No,0.0,None
23:13:21.302,Active,408.3,3.0,98.2,11.6,68.3,No,0.0,None
23:13:21.721,Active,410.8,3.0,98.2,11.6,67.2,No,0.0,None
23:13:22.139,Active,408.5,3.0,97.6,11.6,67.8,No,0.0,None
23:13:22.557,Active,410.5,3.0,98.2,11.6,68.3,No,0.0,None
23:13:22.993,Active,423.7,3.0,97.1,11.6,68.3,No,0.0,None
23:13:23.410,Active,408.7,3.0,98.2,11.6,69.4,No,0.0,None
23:13:23.825,Active,406.0,2.4,98.2,11.6,70.0,No,0.0,None
23:13:24.236,Active,403.8,2.4,99.4,11.6,70.0,No,0.0,None
23:13:24.666,Active,420.8,2.4,97.0,11.6,68.8,No,0.0,None
23:13:25.085,Active,408.5,2.4,97.0,11.6,70.5,No,0.0,None
23:13:25.502,Active,408.1,2.4,98.2,11.6,69.4,No,0.0,None
23:13:25.915,Active,406.3,2.4,98.8,11.6,71.0,No,0.0,None
23:13:26.330,Active,408.3,2.4,98.8,11.5,71.6,No,0.0,None
23:13:26.745,Active,408.7,2.4,98.8,11.5,71.0,No,0.0,None
23:13:27.162,Active,410.4,2.4,98.8,11.5,71.0,No,0.0,None
23:13:27.578,Active,409.3,2.4,98.2,11.5,71.6,No,0.0,None
23:13:27.994,Active,408.4,2.4,98.8,11.5,71.6,No,0.0,None
23:13:28.406,Active,405.1,2.4,98.2,11.5,71.6,No,0.0,None
23:13:28.820,Active,406.4,2.4,98.8,11.5,72.2,No,0.0,None
23:13:29.259,Active,428.4,2.4,96.0,11.5,72.7,No,0.0,None
23:13:29.680,Active,415.3,2.4,97.6,11.5,72.7,No,0.0,None
23:13:30.094,Active,407.6,2.4,98.8,11.5,72.7,No,0.0,None
23:13:30.510,Active,408.4,2.4,98.2,11.5,72.7,No,0.0,None
23:13:30.926,Active,409.0,2.4,98.8,11.5,73.2,No,0.0,None
23:13:31.342,Active,406.0,2.4,97.6,11.5,74.3,No,0.0,None
23:13:31.779,Active,430.2,2.4,96.6,11.5,73.2,No,0.0,None
23:13:32.195,Active,408.9,2.4,98.8,11.5,73.8,No,0.0,None
23:13:32.610,Active,409.2,2.4,98.8,11.5,73.2,No,0.0,None
23:13:33.061,Active,444.0,2.4,96.0,11.5,73.2,No,0.0,None
23:13:33.477,Active,409.6,2.4,98.2,11.5,73.2,No,0.0,None
23:13:33.895,Active,408.7,2.4,98.2,11.5,73.8,No,0.0,None
23:13:34.315,Active,409.6,2.4,97.6,11.5,73.8,No,0.0,None
23:13:34.733,Active,409.7,2.4,98.2,11.5,73.8,No,0.0,None
23:13:35.150,Active,407.0,2.4,98.2,11.5,74.3,No,0.0,None
23:13:35.582,Active,424.6,2.4,96.5,11.5,73.8,No,0.0,None
23:13:35.994,Active,404.8,2.4,98.8,11.5,73.8,No,0.0,None
23:13:36.407,Active,406.3,2.4,98.8,11.5,74.3,No,0.0,None
23:13:36.823,Active,406.2,2.4,98.2,11.5,74.3,No,0.0,None
23:13:37.239,Active,405.7,2.4,98.2,11.5,74.3,No,0.0,None
23:13:37.653,Active,408.1,2.4,99.4,11.5,74.9,No,0.0,None
23:13:38.069,Active,407.6,2.4,98.2,11.5,73.8,No,0.0,None
23:13:38.498,Active,420.7,2.4,98.2,11.6,74.9,No,0.0,None
23:13:38.913,Active,405.0,2.4,98.8,11.6,74.3,No,0.0,None
23:13:39.330,Active,407.4,2.4,98.2,11.6,75.5,No,0.0,None
23:13:39.744,Active,407.7,2.4,98.8,11.6,73.8,No,0.0,None
23:13:40.163,Active,410.0,2.4,97.6,11.6,74.9,No,0.0,None
23:13:40.581,Active,409.1,2.4,98.2,11.6,74.9,No,0.0,None
23:13:40.998,Active,407.1,2.4,98.2,11.6,74.9,No,0.0,None
23:13:41.415,Active,407.6,2.4,98.2,11.6,75.5,No,0.0,None
23:13:41.919,Active,404.5,2.4,81.1,11.6,75.5,No,0.0,None
23:13:42.342,Active,412.8,2.4,97.6,11.6,74.9,No,0.0,None
23:13:42.757,Active,408.2,2.4,98.2,11.6,74.9,No,0.0,None
23:13:43.175,Active,408.6,2.4,97.6,11.6,74.9,No,0.0,None
23:13:43.609,Active,424.4,2.4,98.3,11.6,74.9,No,0.0,None
23:13:44.026,Active,408.4,2.4,98.8,11.6,76.5,No,0.0,None
23:13:44.442,Active,410.3,2.4,98.8,11.6,75.5,No,0.0,None
23:13:44.856,Active,407.0,2.3,98.2,11.6,76.5,No,0.0,None
23:13:45.268,Active,406.4,2.3,99.4,11.6,75.5,No,0.0,None
23:13:45.681,Active,406.2,2.3,98.8,11.6,76.0,No,0.0,None
23:13:46.097,Active,406.2,2.3,98.8,11.6,76.0,No,0.0,None
23:13:46.514,Active,409.8,2.3,98.2,11.6,75.5,No,0.0,None
23:13:46.936,Active,412.4,2.3,98.2,11.6,76.0,No,0.0,None
23:13:47.349,Active,404.8,2.3,98.8,11.6,76.0,No,0.0,None
23:13:47.768,Active,407.8,2.3,98.2,11.6,76.0,No,0.0,None
23:13:48.180,Active,406.0,2.3,99.4,11.6,76.5,No,0.0,None
23:13:48.616,Active,430.1,2.3,98.3,11.6,75.5,No,0.0,None
23:13:49.032,Active,405.4,2.4,98.2,11.6,76.5,No,0.0,None
23:13:49.444,Active,406.3,2.4,99.4,11.6,76.5,No,0.0,None
23:13:49.866,Active,412.8,2.4,98.2,11.6,76.5,No,0.0,None
23:13:50.278,Active,405.3,2.4,99.4,11.6,77.1,No,0.0,None
23:13:50.696,Active,407.0,2.4,98.2,11.6,76.5,No,0.0,None
23:13:51.117,Active,411.2,2.4,97.6,11.6,76.0,No,0.0,None
23:13:51.531,Active,406.3,2.4,98.2,11.6,77.1,No,0.0,None
23:13:51.954,Active,410.5,2.4,98.2,11.6,76.5,No,0.0,None
23:13:52.368,Active,406.3,2.4,98.2,11.6,76.0,No,0.0,None
23:13:52.785,Active,407.8,2.4,97.6,11.6,76.5,No,0.0,None
23:13:53.202,Active,407.6,2.4,98.2,11.6,76.5,No,0.0,None
23:13:53.638,Active,426.3,2.4,98.3,11.6,77.1,No,0.0,None
23:13:54.054,Active,405.8,2.4,98.2,11.6,76.5,No,0.0,None
23:13:54.471,Active,410.1,2.4,98.8,11.6,76.5,No,0.0,None
23:13:54.886,Active,408.5,2.4,98.8,11.6,76.5,No,0.0,None
23:13:55.315,Active,422.0,2.4,96.5,11.6,76.5,No,0.0,None
23:13:55.730,Active,408.5,2.4,98.8,11.6,77.7,No,0.0,None
23:13:56.144,Active,407.2,2.4,98.8,11.6,76.5,No,0.0,None
23:13:56.567,Active,413.7,2.4,97.6,11.6,76.5,No,0.0,None
23:13:56.985,Active,412.2,2.4,98.8,11.6,76.0,No,0.0,None
23:13:57.411,Active,416.4,2.4,97.6,11.6,77.1,No,0.0,None
23:13:57.822,Active,404.9,2.4,100.0,11.6,77.1,No,0.0,None
23:13:58.238,Active,407.1,2.4,97.6,11.5,76.5,No,0.0,None
23:13:58.655,Active,406.6,2.4,98.8,11.5,77.7,No,0.0,None
23:13:59.069,Active,406.1,2.4,98.8,11.5,76.5,No,0.0,None
23:13:59.490,Active,409.1,2.4,97.6,11.5,77.1,No,0.0,None
23:13:59.905,Active,407.9,2.4,98.8,11.5,76.5,No,0.0,None
23:14:00.316,Active,404.9,2.4,98.8,11.5,76.5,No,0.0,None
23:14:00.734,Active,411.9,2.4,99.4,11.5,76.5,No,0.0,None
23:14:01.254,Active,412.0,2.4,78.7,11.5,76.5,No,0.0,None
23:14:01.670,Active,408.5,2.3,98.2,11.5,77.1,No,0.0,None
23:14:02.090,Active,413.3,2.3,97.6,11.5,76.5,No,0.0,None
23:14:02.509,Active,409.5,2.3,98.8,11.5,77.1,No,0.0,None
23:14:02.926,Active,407.4,2.3,98.2,11.5,76.5,No,0.0,None
23:14:03.342,Active,408.9,2.3,98.8,11.5,76.5,No,0.0,None
23:14:03.791,Active,441.5,2.3,98.3,11.6,77.1,No,0.0,None
23:14:04.203,Active,403.5,2.3,98.8,11.6,77.1,No,0.0,None
23:14:04.622,Active,409.5,2.3,98.8,11.6,77.1,No,0.0,None
23:14:05.050,Active,420.9,2.3,96.5,11.6,77.7,No,0.0,None
23:14:05.466,Active,409.0,2.3,98.2,11.6,77.1,No,0.0,None
23:14:05.882,Active,409.1,2.4,98.8,11.6,77.1,No,0.0,None
23:14:06.293,Active,404.2,2.4,98.8,11.6,77.1,No,0.0,None
23:14:06.709,Active,409.7,2.4,99.4,11.6,77.7,No,0.0,None
23:14:07.126,Active,408.6,2.4,98.2,11.6,77.1,No,0.0,None
23:14:07.542,Active,408.9,2.4,98.2,11.6,77.1,No,0.0,None
23:14:07.958,Active,406.8,2.4,98.8,11.5,77.7,No,0.0,None
23:14:08.376,Active,408.7,2.4,97.6,11.6,77.7,No,0.0,None
23:14:08.802,Active,416.8,2.4,98.2,11.5,78.2,No,0.0,None
23:14:09.217,Active,409.4,2.4,99.4,11.6,77.7,No,0.0,None
23:14:09.645,Active,421.4,2.4,96.5,11.6,77.7,No,0.0,None
23:14:10.058,Active,406.6,2.4,98.2,11.6,77.1,No,0.0,None
23:14:10.474,Active,408.9,2.4,99.4,11.5,77.1,No,0.0,None
23:14:10.890,Active,408.5,2.4,98.8,11.5,77.7,No,0.0,None
23:14:11.303,Active,406.8,2.4,99.4,11.5,77.7,No,0.0,None
23:14:11.718,Active,408.9,2.4,98.8,11.5,78.2,No,0.0,None
23:14:12.134,Active,408.9,2.4,98.8,11.5,77.1,No,0.0,None
23:14:12.582,Active,440.5,2.4,93.8,11.5,78.2,No,0.0,None
23:14:12.998,Active,408.8,2.4,98.8,11.5,77.7,No,0.0,None
23:14:13.413,Active,407.6,2.4,98.2,11.5,77.7,No,0.0,None
23:14:13.839,Active,417.5,2.4,98.8,11.5,77.7,No,0.0,None
23:14:14.253,Active,408.2,2.4,98.8,11.5,77.7,No,0.0,None
23:14:14.670,Active,408.9,2.4,98.8,11.5,77.7,No,0.0,None
23:14:15.086,Active,409.2,2.4,98.2,11.5,77.7,No,0.0,None
23:14:15.499,Active,405.9,2.4,98.8,11.5,77.7,No,0.0,None
23:14:15.909,Active,403.7,2.4,99.4,11.5,78.2,No,0.0,None
23:14:16.321,Active,405.9,2.4,99.4,11.5,78.2,No,0.0,None
23:15:01.765,Active,430.6,2.4,1.4,11.5,58.4,No,0.0,None
23:15:02.176,Active,405.3,2.4,99.4,11.5,61.1,No,0.0,None
23:15:02.590,Active,407.5,2.4,99.4,11.5,62.2,No,0.0,None
23:15:03.000,Active,404.3,2.4,99.4,11.5,62.8,No,0.0,None
23:15:03.417,Active,410.8,4.8,99.4,11.6,63.9,No,0.0,None
23:15:03.838,Active,412.5,4.8,97.6,11.5,64.5,No,0.0,None
23:15:04.259,Active,414.3,4.8,97.0,11.5,65.0,No,0.0,None
23:15:04.710,Active,444.5,4.8,98.9,11.6,66.1,No,0.0,None
23:15:05.127,Active,409.5,4.8,98.2,11.6,66.1,No,0.0,None
23:15:05.541,Active,408.0,4.8,98.2,11.6,67.2,No,0.0,None
23:15:05.956,Active,406.2,4.8,98.8,11.6,67.8,No,0.0,None
23:15:06.368,Active,406.6,4.8,98.8,11.6,68.8,No,0.0,None
23:15:06.793,Active,414.5,4.8,97.0,11.6,68.3,No,0.0,None
23:15:07.206,Active,406.3,4.8,98.8,11.6,68.8,No,0.0,None
23:15:07.618,Active,404.4,2.4,98.8,11.6,70.0,No,0.0,None
23:15:08.024,Active,400.9,2.4,99.4,11.6,69.4,No,0.0,None
23:15:08.441,Active,407.5,2.4,99.4,11.6,69.4,No,0.0,None
23:15:08.852,Active,405.6,2.4,99.4,11.6,70.0,No,0.0,None
23:15:09.264,Active,405.7,2.4,98.8,11.6,70.5,No,0.0,None
23:15:09.677,Active,406.6,2.4,99.4,11.6,71.0,No,0.0,None
23:15:10.095,Active,412.6,2.4,99.4,11.6,71.0,No,0.0,None
23:15:10.511,Active,406.2,2.4,98.8,11.6,70.5,No,0.0,None
23:15:10.925,Active,408.0,2.4,99.4,11.6,71.6,No,0.0,None
23:15:11.344,Active,409.0,2.4,98.2,11.6,71.0,No,0.0,None
23:15:11.757,Active,407.1,2.4,98.8,11.6,71.0,No,0.0,None
23:15:12.178,Active,410.3,2.4,98.2,11.6,72.2,No,0.0,None
23:15:12.611,Active,425.6,2.4,95.9,11.6,72.2,No,0.0,None
23:15:13.032,Active,411.4,2.4,98.2,11.6,72.2,No,0.0,None
23:15:13.450,Active,408.9,2.4,98.2,11.6,72.2,No,0.0,None
23:15:13.863,Active,406.6,2.4,98.8,11.6,71.6,No,0.0,None
23:15:14.277,Active,405.4,2.4,98.2,11.6,72.2,No,0.0,None
23:15:14.693,Active,408.2,2.4,99.4,11.6,72.7,No,0.0,None
23:15:15.117,Active,415.5,2.4,98.8,11.6,73.2,No,0.0,None
23:15:15.533,Active,407.7,2.4,98.8,11.6,73.2,No,0.0,None
23:15:15.949,Active,409.2,2.4,98.2,11.6,73.2,No,0.0,None
23:15:16.361,Active,405.9,2.4,99.4,11.6,73.8,No,0.0,None
23:15:16.778,Active,410.6,2.4,98.2,11.6,73.2,No,0.0,None
23:15:17.197,Active,411.6,2.4,97.0,11.6,73.2,No,0.0,None
23:15:17.608,Active,403.6,2.4,98.8,11.5,73.8,No,0.0,None
23:15:18.019,Active,405.1,2.4,99.4,11.5,74.3,No,0.0,None
23:15:18.432,Active,407.0,2.4,99.4,11.5,73.8,No,0.0,None
23:15:18.843,Active,403.4,2.4,98.2,11.5,73.8,No,0.0,None
23:15:19.262,Active,408.9,2.4,98.2,11.5,74.3,No,0.0,None
23:15:19.682,Active,410.9,2.4,97.6,11.5,74.3,No,0.0,None
23:15:20.115,Active,422.6,2.4,98.3,11.6,74.3,No,0.0,None
23:15:20.530,Active,408.6,2.4,99.4,11.6,73.8,No,0.0,None
23:15:20.946,Active,410.1,2.4,98.2,11.6,74.3,No,0.0,None
23:15:21.369,Active,415.8,2.4,97.0,11.6,74.9,No,0.0,None
23:15:21.784,Active,408.4,2.4,98.8,11.6,74.9,No,0.0,None
23:15:22.202,Active,408.1,2.4,97.6,11.6,74.9,No,0.0,None
23:15:22.617,Active,407.9,2.4,98.8,11.6,74.9,No,0.0,None
23:15:23.032,Active,409.4,2.4,98.8,11.6,75.5,No,0.0,None
23:15:23.447,Active,408.1,2.4,99.4,11.5,74.9,No,0.0,None
23:15:23.863,Active,407.1,2.4,97.6,11.5,74.3,No,0.0,None
23:15:24.278,Active,405.9,2.4,98.8,11.5,76.0,No,0.0,None
23:15:24.692,Active,407.3,2.4,98.8,11.5,75.5,No,0.0,None
23:15:25.128,Active,427.8,2.4,98.9,11.6,74.9,No,0.0,None
23:15:25.546,Active,408.4,2.4,98.2,11.6,74.9,No,0.0,None
23:15:25.963,Active,407.5,2.4,97.6,11.6,76.0,No,0.0,None
23:15:26.382,Active,408.8,2.4,98.2,11.6,76.0,No,0.0,None
23:15:26.798,Active,408.8,2.4,98.8,11.6,74.9,No,0.0,None
23:15:27.217,Active,409.2,2.4,98.2,11.6,75.5,No,0.0,None
23:15:27.632,Active,409.0,2.4,98.8,11.6,75.5,No,0.0,None
23:15:28.044,Active,406.2,2.4,98.8,11.6,75.5,No,0.0,None
23:15:28.462,Active,408.9,2.4,98.2,11.6,76.5,No,0.0,None
23:15:28.879,Active,407.6,2.4,98.2,11.5,75.5,No,0.0,None
23:15:29.298,Active,409.7,2.4,98.2,11.5,76.5,No,0.0,None
23:15:29.715,Active,410.0,2.4,98.2,11.5,76.0,No,0.0,None
23:15:30.129,Active,405.9,2.4,98.8,11.5,76.0,No,0.0,None
23:15:30.547,Active,410.0,2.4,98.2,11.5,76.0,No,0.0,None
23:15:30.966,Active,409.0,2.4,98.2,11.5,75.5,No,0.0,None
23:15:31.381,Active,408.4,2.4,98.2,11.5,76.5,No,0.0,None
23:15:31.800,Active,412.3,2.4,98.8,11.5,76.0,No,0.0,None
23:15:32.215,Active,406.7,2.4,98.8,11.5,76.5,No,0.0,None
23:15:32.631,Active,410.3,2.4,98.8,11.5,75.5,No,0.0,None
23:15:33.048,Active,406.3,2.4,97.6,11.5,76.5,No,0.0,None
23:15:33.467,Active,409.8,2.4,98.2,11.5,76.0,No,0.0,None
23:15:33.882,Active,405.0,2.4,98.2,11.5,77.1,No,0.0,None
23:15:34.300,Active,407.9,2.4,98.2,11.5,76.0,No,0.0,None
23:15:34.719,Active,411.4,2.4,97.6,11.5,76.0,No,0.0,None
23:15:35.173,Active,440.1,2.4,97.3,11.6,76.0,No,0.0,None
23:15:35.592,Active,408.9,2.4,98.2,11.6,77.1,No,0.0,None
23:15:36.009,Active,407.2,2.4,98.2,11.6,76.5,No,0.0,None
23:15:36.425,Active,408.3,2.4,98.2,11.6,77.1,No,0.0,None
23:15:36.841,Active,405.4,2.4,98.2,11.6,76.5,No,0.0,None
23:15:37.254,Active,406.8,2.4,98.8,11.6,77.1,No,0.0,None
23:15:37.672,Active,407.9,2.4,98.2,11.6,76.5,No,0.0,None
23:15:38.093,Active,411.6,2.4,97.6,11.6,77.1,No,0.0,None
23:15:38.510,Active,408.6,2.4,98.2,11.6,77.1,No,0.0,None
23:15:38.922,Active,406.2,2.4,99.4,11.6,76.5,No,0.0,None
23:15:39.338,Active,405.1,2.4,97.6,11.6,76.5,No,0.0,None
23:15:39.755,Active,406.7,2.4,98.2,11.6,77.7,No,0.0,None
23:15:40.170,Active,408.6,2.4,98.8,11.6,76.5,No,0.0,None
23:15:40.607,Active,431.3,2.4,96.6,11.6,77.7,No,0.0,None
23:15:41.020,Active,406.2,2.4,99.4,11.6,76.5,No,0.0,None
23:15:41.451,Active,417.4,2.4,96.0,11.6,75.5,No,0.0,None
23:15:41.864,Active,406.3,2.4,98.8,11.6,77.7,No,0.0,None
23:15:42.282,Active,408.7,2.4,98.2,11.6,76.5,No,0.0,None
23:15:42.713,Active,422.6,2.4,96.5,11.6,77.1,No,0.0,None
23:15:43.129,Active,408.1,2.4,98.2,11.6,77.1,No,0.0,None
23:15:43.563,Active,426.3,2.4,95.9,11.6,77.1,No,0.0,None
23:15:43.977,Active,407.6,2.4,99.4,11.6,77.1,No,0.0,None
23:15:44.392,Active,406.9,2.4,98.8,11.5,77.1,No,0.0,None
23:15:44.807,Active,406.2,2.4,98.2,11.5,76.5,No,0.0,None
23:15:45.229,Active,412.3,2.4,98.2,11.5,77.7,No,0.0,None
23:15:45.650,Active,414.2,2.4,98.8,11.6,77.7,No,0.0,None
23:15:46.062,Active,405.8,2.4,98.8,11.6,78.2,No,0.0,None
23:15:46.476,Active,407.8,2.4,98.8,11.6,77.7,No,0.0,None
23:15:46.892,Active,407.1,2.4,98.2,11.5,77.7,No,0.0,None
23:15:47.308,Active,406.9,2.4,98.2,11.6,77.1,No,0.0,None
23:15:47.728,Active,409.6,2.4,97.6,11.5,77.7,No,0.0,None
23:15:48.150,Active,412.9,2.4,97.6,11.5,77.1,No,0.0,None
23:15:48.566,Active,410.1,2.4,98.2,11.5,78.2,No,0.0,None
23:15:48.993,Active,420.5,2.4,97.1,11.5,77.7,No,0.0,None
23:15:49.430,Active,429.0,2.4,95.4,11.5,77.7,No,0.0,None
23:15:49.844,Active,408.2,2.4,98.8,11.5,77.7,No,0.0,None
23:15:50.288,Active,435.1,2.4,96.6,11.6,76.5,No,0.0,None
23:15:50.702,Active,407.8,2.4,98.8,11.6,77.7,No,0.0,None
23:15:51.120,Active,408.2,2.4,97.6,11.6,77.7,No,0.0,None
23:15:51.533,Active,407.2,2.4,99.4,11.6,77.7,No,0.0,None
23:15:51.950,Active,410.4,2.4,98.2,11.6,78.2,No,0.0,None
23:15:52.393,Active,436.2,2.4,94.4,11.6,77.7,No,0.0,None
23:15:52.814,Active,412.8,2.4,97.6,11.6,77.1,No,0.0,None
23:15:53.227,Active,407.5,2.4,98.8,11.6,77.7,No,0.0,None
23:15:53.645,Active,407.5,2.4,98.2,11.5,77.7,No,0.0,None
23:15:54.056,Active,405.8,2.4,99.4,11.5,77.7,No,0.0,None
23:15:54.475,Active,409.8,2.4,97.6,11.5,77.7,No,0.0,None
23:15:54.891,Active,409.5,2.4,98.2,11.5,77.7,No,0.0,None
23:15:55.305,Active,408.1,2.4,99.4,11.5,78.2,No,0.0,None
23:15:55.741,Active,428.2,2.4,98.3,11.6,78.8,No,0.0,None
23:15:56.159,Active,409.5,2.4,98.8,11.6,78.2,No,0.0,None
23:15:56.573,Active,408.2,2.4,98.2,11.6,78.2,No,0.0,None
23:15:56.992,Active,406.4,2.4,97.6,11.6,78.2,No,0.0,None
23:15:57.408,Active,407.4,2.4,98.2,11.6,78.2,No,0.0,None
23:15:57.821,Active,405.9,2.4,98.2,11.6,78.2,No,0.0,None
23:15:58.236,Active,409.2,2.4,98.8,11.6,78.8,No,0.0,None
23:15:58.654,Active,411.7,2.4,98.8,11.6,78.2,No,0.0,None
23:15:59.066,Active,405.6,2.4,98.2,11.6,78.2,No,0.0,None
23:15:59.481,Active,408.1,2.4,98.8,11.5,78.8,No,0.0,None
23:15:59.901,Active,412.1,2.4,97.6,11.5,78.2,No,0.0,None
23:16:00.332,Active,423.2,2.4,95.9,11.5,78.2,No,0.0,None
23:16:00.763,Active,421.9,2.4,96.5,11.5,78.2,No,0.0,None
23:16:01.177,Active,407.9,2.4,98.8,11.5,79.3,No,0.0,None
23:16:01.593,Active,407.7,2.4,98.2,11.5,78.2,No,0.0,None
23:16:47.029,Active,419.7,23.5,1.1,11.6,59.5,No,0.0,None
23:16:47.441,Active,406.6,23.5,100.0,11.6,60.6,No,0.0,None
23:16:47.856,Active,408.4,23.5,99.4,11.6,62.2,No,0.0,None
23:16:48.303,Active,439.1,23.5,93.8,11.6,63.9,No,0.0,None
23:16:48.726,Active,416.8,23.5,97.6,11.6,63.9,No,0.0,None
23:16:49.139,Active,406.5,23.5,98.2,11.6,64.5,No,0.0,None
23:16:49.554,Active,408.5,23.5,99.4,11.6,65.0,No,0.0,None
23:16:49.971,Active,409.7,23.5,98.2,11.6,65.5,No,0.0,None
23:16:50.385,Active,407.5,23.5,98.8,11.5,66.1,No,0.0,None
23:16:50.797,Active,406.0,23.5,100.0,11.5,66.7,No,0.0,None
23:16:51.209,Active,403.5,2.4,98.8,11.5,68.8,No,0.0,None
23:16:51.656,Active,441.0,2.4,97.2,11.6,68.3,No,0.0,None
23:16:52.074,Active,409.1,2.4,98.2,11.6,68.8,No,0.0,None
23:16:52.496,Active,416.0,2.4,98.2,11.6,69.4,No,0.0,None
23:16:52.914,Active,408.7,2.4,97.6,11.6,69.4,No,0.0,None
23:16:53.329,Active,408.0,2.4,98.8,11.5,69.4,No,0.0,None
23:16:53.741,Active,405.5,2.4,99.4,11.5,69.4,No,0.0,None
23:16:54.154,Active,407.1,2.4,99.4,11.5,71.6,No,0.0,None
23:16:54.570,Active,408.5,2.4,98.2,11.5,71.6,No,0.0,None
23:16:54.981,Active,404.2,2.4,98.8,11.5,72.2,No,0.0,None
23:16:55.396,Active,406.4,2.4,99.4,11.6,71.0,No,0.0,None
23:16:55.809,Active,403.6,2.4,98.2,11.5,71.0,No,0.0,None
23:16:56.222,Active,405.1,2.4,98.8,11.6,71.6,No,0.0,None
23:16:56.653,Active,423.7,2.4,98.8,11.6,71.6,No,0.0,None
23:16:57.063,Active,403.8,2.4,99.4,11.6,71.6,No,0.0,None
23:16:57.476,Active,407.3,2.4,99.4,11.6,72.2,No,0.0,None
23:16:57.890,Active,404.4,2.4,98.8,11.6,72.2,No,0.0,None
23:16:58.302,Active,404.8,2.4,99.4,11.6,71.6,No,0.0,None
23:16:58.714,Active,405.4,2.4,98.8,11.6,72.7,No,0.0,None
23:16:59.124,Active,404.7,2.4,99.4,11.6,72.7,No,0.0,None
23:16:59.539,Active,408.8,2.4,99.4,11.6,72.7,No,0.0,None
23:16:59.959,Active,410.7,2.4,98.2,11.6,72.7,No,0.0,None
23:17:00.370,Active,404.5,2.4,99.4,11.6,73.8,No,0.0,None
23:17:00.784,Active,408.3,2.4,99.4,11.6,73.2,No,0.0,None
23:17:01.198,Active,407.2,2.4,99.4,11.6,73.2,No,0.0,None
23:17:01.620,Active,416.5,2.4,98.8,11.5,73.8,No,0.0,None
23:17:02.036,Active,410.0,2.4,98.2,11.5,73.2,No,0.0,None
23:17:02.454,Active,408.7,2.4,98.2,11.6,73.2,No,0.0,None
23:17:02.864,Active,403.1,2.4,98.8,11.6,74.3,No,0.0,None
23:17:03.276,Active,406.3,2.4,99.4,11.6,73.8,No,0.0,None
23:17:03.706,Active,420.4,2.4,97.7,11.5,74.3,No,0.0,None
23:17:04.120,Active,406.4,2.4,98.8,11.5,74.3,No,0.0,None
23:17:04.539,Active,412.9,2.4,98.8,11.5,74.3,No,0.0,None
23:17:04.958,Active,413.1,2.4,98.2,11.5,74.9,No,0.0,None
23:17:05.378,Active,413.1,2.4,98.2,11.5,74.9,No,0.0,None
23:17:05.795,Active,409.6,2.4,98.8,11.5,74.3,No,0.0,None
23:17:06.210,Active,408.9,2.4,98.8,11.5,74.3,No,0.0,None
23:17:06.662,Active,446.6,2.4,97.2,11.5,74.9,No,0.0,None
23:17:07.073,Active,403.9,2.4,99.4,11.6,74.9,No,0.0,None
23:17:07.487,Active,408.0,2.4,99.4,11.6,74.9,No,0.0,None
23:17:07.903,Active,406.4,2.4,98.2,11.6,74.9,No,0.0,None
23:17:08.322,Active,409.2,2.4,98.2,11.6,74.3,No,0.0,None
23:17:08.737,Active,408.9,2.4,98.2,11.6,74.9,No,0.0,None
23:17:09.157,Active,407.3,2.4,97.6,11.6,75.5,No,0.0,None
23:17:09.581,Active,416.7,2.4,97.6,11.6,75.5,No,0.0,None
23:17:10.005,Active,412.3,2.4,96.4,11.5,74.9,No,0.0,None
23:17:10.424,Active,409.1,2.4,98.2,11.5,74.9,No,0.0,None
23:17:10.843,Active,410.3,2.4,97.6,11.5,75.5,No,0.0,None
23:17:11.255,Active,405.5,2.4,98.8,11.5,75.5,No,0.0,None
23:17:11.673,Active,412.5,2.4,98.8,11.5,75.5,No,0.0,None
23:17:12.095,Active,413.7,2.4,98.8,11.6,76.0,No,0.0,None
23:17:12.514,Active,413.0,2.4,98.2,11.6,76.0,No,0.0,None
23:17:12.925,Active,404.6,2.4,98.8,11.6,76.0,No,0.0,None
23:17:13.339,Active,405.9,2.4,98.2,11.6,76.5,No,0.0,None
23:17:13.757,Active,409.6,2.4,98.2,11.6,76.0,No,0.0,None
23:17:14.171,Active,407.0,2.4,99.4,11.6,76.0,No,0.0,None
23:17:14.586,Active,408.8,2.4,98.8,11.6,74.9,No,0.0,None
23:17:15.001,Active,407.2,2.4,98.8,11.6,76.0,No,0.0,None
23:17:15.420,Active,410.8,2.4,98.8,11.6,76.0,No,0.0,None
23:17:15.835,Active,408.5,2.4,98.2,11.6,76.0,No,0.0,None
23:17:16.251,Active,405.9,2.4,97.6,11.6,76.0,No,0.0,None
23:17:16.667,Active,409.6,2.4,98.8,11.6,77.1,No,0.0,None
23:17:17.101,Active,427.9,2.4,98.3,11.6,76.0,No,0.0,None
23:17:17.518,Active,408.3,2.4,98.2,11.6,76.5,No,0.0,None
23:17:17.933,Active,407.2,2.4,98.2,11.6,76.5,No,0.0,None
23:17:18.351,Active,405.5,2.4,97.6,11.6,75.5,No,0.0,None
23:17:18.770,Active,409.4,2.4,98.2,11.6,76.5,No,0.0,None
23:17:19.186,Active,405.9,2.4,98.8,11.6,76.0,No,0.0,None
23:17:19.629,Active,436.2,2.4,94.9,11.6,76.5,No,0.0,None
23:17:20.043,Active,407.1,2.4,98.8,11.6,77.1,No,0.0,None
23:17:20.461,Active,409.6,2.4,98.2,11.6,76.5,No,0.0,None
23:17:20.878,Active,410.8,2.4,97.6,11.6,77.1,No,0.0,None
23:17:21.295,Active,409.0,2.4,99.4,11.6,76.5,No,0.0,None
23:17:21.721,Active,420.0,2.4,96.5,11.6,76.5,No,0.0,None
23:17:22.167,Active,437.4,2.4,96.6,11.6,77.7,No,0.0,None
23:17:22.586,Active,412.9,2.4,98.8,11.6,76.5,No,0.0,None
23:17:23.000,Active,405.7,2.4,98.8,11.6,77.1,No,0.0,None
23:17:23.419,Active,413.2,2.4,98.8,11.5,76.5,No,0.0,None
23:17:23.838,Active,410.4,2.4,97.0,11.5,76.5,No,0.0,None
23:17:24.253,Active,407.9,2.4,98.8,11.5,77.1,No,0.0,None
23:17:24.670,Active,410.2,2.4,98.8,11.5,76.5,No,0.0,None
23:17:25.090,Active,413.0,2.4,97.6,11.5,77.1,No,0.0,None
23:17:25.506,Active,408.6,2.4,98.8,11.6,77.7,No,0.0,None
23:17:25.917,Active,405.4,2.4,99.4,11.6,77.1,No,0.0,None
23:17:26.330,Active,406.6,2.4,98.2,11.5,77.1,No,0.0,None
23:17:26.746,Active,408.7,2.4,98.8,11.5,77.1,No,0.0,None
23:17:27.182,Active,430.0,2.4,98.3,11.6,77.1,No,0.0,None
23:17:27.599,Active,409.9,2.4,98.8,11.6,77.1,No,0.0,None
23:17:28.013,Active,405.7,2.4,98.2,11.6,77.1,No,0.0,None
23:17:28.429,Active,408.3,2.4,98.2,11.6,77.1,No,0.0,None
23:17:28.841,Active,403.9,2.4,99.4,11.6,77.1,No,0.0,None
23:17:29.258,Active,409.0,2.4,98.2,11.6,77.7,No,0.0,None
23:17:29.677,Active,411.9,2.4,98.2,11.6,76.5,No,0.0,None
23:17:30.091,Active,406.2,2.4,98.8,11.6,77.7,No,0.0,None
23:17:30.509,Active,408.1,2.4,98.2,11.6,77.7,No,0.0,None
23:17:30.923,Active,405.6,2.4,98.2,11.6,77.7,No,0.0,None
23:17:31.338,Active,409.1,2.4,99.4,11.6,77.1,No,0.0,None
23:17:31.753,Active,407.5,2.4,98.2,11.6,77.7,No,0.0,None
23:17:32.164,Active,405.1,2.4,98.8,11.6,77.1,No,0.0,None
23:17:32.586,Active,412.7,2.4,98.2,11.6,77.7,No,0.0,None
23:17:32.999,Active,406.1,2.4,98.8,11.6,78.2,No,0.0,None
23:17:33.414,Active,408.7,2.4,98.2,11.5,77.1,No,0.0,None
23:17:33.831,Active,409.5,2.4,98.2,11.5,78.8,No,0.0,None
23:17:34.247,Active,409.6,2.4,98.8,11.5,77.1,No,0.0,None
23:17:34.667,Active,414.5,2.4,97.6,11.5,77.1,No,0.0,None
23:17:35.087,Active,409.9,2.4,98.2,11.5,77.7,No,0.0,None
23:17:35.503,Active,409.5,2.4,98.2,11.5,78.2,No,0.0,None
23:17:35.918,Active,408.6,2.4,98.8,11.5,77.1,No,0.0,None
23:17:36.332,Active,407.2,2.4,98.8,11.5,77.7,No,0.0,None
23:17:36.746,Active,407.4,2.4,98.8,11.5,77.7,No,0.0,None
23:17:37.197,Active,444.1,2.4,97.8,11.6,77.7,No,0.0,None
23:17:37.614,Active,409.4,2.4,97.6,11.7,77.7,No,0.0,None
23:17:38.030,Active,409.4,2.4,98.2,11.7,77.7,No,0.0,None
23:17:38.447,Active,408.8,2.4,98.8,11.7,78.2,No,0.0,None
23:17:38.862,Active,405.5,2.4,98.2,11.7,78.2,No,0.0,None
23:17:39.278,Active,409.1,2.4,98.8,11.6,78.2,No,0.0,None
23:17:39.700,Active,416.1,2.4,97.6,11.6,77.7,No,0.0,None
23:17:40.119,Active,409.6,2.4,98.8,11.6,77.7,No,0.0,None
23:17:40.535,Active,410.1,2.4,98.2,11.6,77.7,No,0.0,None
23:17:40.950,Active,408.5,2.4,98.8,11.6,78.2,No,0.0,None
23:17:41.373,Active,417.0,2.4,97.6,11.6,78.2,No,0.0,None
23:17:41.791,Active,410.2,2.4,98.2,11.6,78.2,No,0.0,None
23:17:42.211,Active,414.2,2.4,98.8,11.6,78.8,No,0.0,None
23:17:42.628,Active,410.4,2.4,98.8,11.6,78.8,No,0.0,None
23:17:43.053,Active,418.5,2.4,96.4,11.6,77.7,No,0.0,None
23:17:43.469,Active,409.3,2.4,98.2,11.6,78.2,No,0.0,None
23:17:43.886,Active,407.9,2.4,98.2,11.6,78.8,No,0.0,None
23:17:44.303,Active,407.6,2.4,97.6,11.6,78.8,No,0.0,None
23:17:44.722,Active,408.4,2.4,98.8,11.6,78.2,No,0.0,None
23:17:45.139,Active,407.3,2.4,98.2,11.6,78.2,No,0.0,None
23:17:45.559,Active,413.8,2.4,98.2,11.6,77.7,No,0.0,None
23:17:45.971,Active,406.3,2.4,98.2,11.6,78.2,No,0.0,None
23:17:46.387,Active,406.2,2.4,98.2,11.6,78.2,No,0.0,None
23:17:46.804,Active,407.3,2.4,97.6,11.6,78.8,No,0.0,None
23:18:32.245,Active,424.3,2.4,1.4,11.5,59.0,No,0.0,None
23:18:32.656,Active,405.5,2.4,99.4,11.6,60.6,No,0.0,None
23:18:33.079,Active,413.8,2.4,99.4,11.6,61.7,No,0.0,None
23:18:33.492,Active,407.4,2.4,98.2,11.6,62.2,No,0.0,None
23:18:33.909,Active,407.9,2.4,98.2,11.6,63.9,No,0.0,None
23:18:34.330,Active,410.9,2.4,97.6,11.6,66.1,No,0.0,None
23:18:34.747,Active,409.5,3.4,98.2,11.5,65.0,No,0.0,None
23:18:35.164,Active,408.0,3.4,98.2,11.6,66.1,No,0.0,None
23:18:35.582,Active,410.4,3.4,98.2,11.6,66.1,No,0.0,None
23:18:35.995,Active,407.2,3.4,98.8,11.6,66.1,No,0.0,None
23:18:36.414,Active,409.2,3.4,98.2,11.5,67.2,No,0.0,None
23:18:36.829,Active,408.2,3.4,98.8,11.5,67.8,No,0.0,None
23:18:37.242,Active,405.4,3.4,98.8,11.5,67.8,No,0.0,None
23:18:37.660,Active,411.0,3.4,99.4,11.5,67.8,No,0.0,None
23:18:38.109,Active,439.4,3.4,97.2,11.6,68.3,No,0.0,None
23:18:38.526,Active,410.9,3.4,98.8,11.7,68.3,No,0.0,None
23:18:38.940,Active,406.9,2.4,98.8,11.7,69.4,No,0.0,None
23:18:39.353,Active,404.8,2.4,98.8,11.7,68.8,No,0.0,None
23:18:39.775,Active,411.2,2.4,98.2,11.7,69.4,No,0.0,None
23:18:40.188,Active,406.6,2.4,98.2,11.7,70.0,No,0.0,None
23:18:40.608,Active,409.6,2.4,98.2,11.7,70.5,No,0.0,None
23:18:41.024,Active,407.0,2.4,98.2,11.6,70.5,No,0.0,None
23:18:41.440,Active,406.6,2.4,98.8,11.6,70.0,No,0.0,None
23:18:41.853,Active,404.8,2.4,98.8,11.6,71.6,No,0.0,None
23:18:42.269,Active,405.8,2.4,98.8,11.6,71.6,No,0.0,None
23:18:42.684,Active,407.7,2.4,98.2,11.6,71.6,No,0.0,None
23:18:43.098,Active,404.9,2.4,98.2,11.6,71.6,No,0.0,None
23:18:43.524,Active,418.6,2.4,98.8,11.6,72.2,No,0.0,None
23:18:43.947,Active,414.2,2.4,97.0,11.6,72.2,No,0.0,None
23:18:44.372,Active,414.4,2.4,98.2,11.6,71.6,No,0.0,None
23:18:44.791,Active,410.0,2.4,97.6,11.6,72.2,No,0.0,None
23:18:45.208,Active,408.0,2.4,98.2,11.6,73.2,No,0.0,None
23:18:45.625,Active,407.7,2.4,97.6,11.6,73.2,No,0.0,None
23:18:46.040,Active,407.0,2.4,98.8,11.6,72.2,No,0.0,None
23:18:46.459,Active,409.4,2.4,98.2,11.6,73.2,No,0.0,None
23:18:46.875,Active,409.9,2.4,98.8,11.6,72.7,No,0.0,None
23:18:47.303,Active,420.4,2.4,96.5,11.6,73.2,No,0.0,None
23:18:47.718,Active,409.0,2.4,98.8,11.6,72.2,No,0.0,None
23:18:48.135,Active,409.8,2.4,98.8,11.6,72.7,No,0.0,None
23:18:48.568,Active,426.6,2.4,98.3,11.6,73.2,No,0.0,None
23:18:48.984,Active,406.7,2.4,98.2,11.6,73.2,No,0.0,None
23:18:49.399,Active,405.8,2.4,98.2,11.6,73.2,No,0.0,None
23:18:49.811,Active,405.9,2.4,99.4,11.6,74.3,No,0.0,None
23:18:50.229,Active,407.8,2.4,98.2,11.6,73.2,No,0.0,None
23:18:50.654,Active,416.4,2.4,97.0,11.6,74.9,No,0.0,None
23:18:51.069,Active,407.7,2.4,98.8,11.5,73.8,No,0.0,None
23:18:51.487,Active,409.6,2.4,98.2,11.5,73.8,No,0.0,None
23:18:51.899,Active,406.3,2.4,98.8,11.5,73.8,No,0.0,None
23:18:52.315,Active,407.5,2.4,98.2,11.5,74.3,No,0.0,None
23:18:52.732,Active,408.3,2.4,98.8,11.5,74.9,No,0.0,None
23:18:53.147,Active,405.9,2.4,98.2,11.5,73.8,No,0.0,None
23:18:53.589,Active,433.6,2.4,97.2,11.6,74.3,No,0.0,None
23:18:54.001,Active,405.9,2.4,99.4,11.6,73.8,No,0.0,None
23:18:54.427,Active,418.2,2.4,97.0,11.6,74.3,No,0.0,None
23:18:54.847,Active,409.8,2.4,98.2,11.6,73.8,No,0.0,None
23:18:55.266,Active,412.7,2.4,97.6,11.6,74.9,No,0.0,None
23:18:55.682,Active,410.1,2.4,99.4,11.6,75.5,No,0.0,None
23:18:56.095,Active,405.9,2.4,98.8,11.6,74.9,No,0.0,None
23:18:56.510,Active,408.6,2.4,99.4,11.5,74.9,No,0.0,None
23:18:56.927,Active,408.5,2.4,98.2,11.6,74.9,No,0.0,None
23:18:57.342,Active,408.7,2.4,98.2,11.6,75.5,No,0.0,None
23:18:57.757,Active,409.0,2.4,98.8,11.5,74.9,No,0.0,None
23:18:58.174,Active,409.1,2.4,98.2,11.6,74.3,No,0.0,None
23:18:58.611,Active,430.1,2.4,98.3,11.6,75.5,No,0.0,None
23:18:59.024,Active,407.0,2.4,100.0,11.6,74.9,No,0.0,None
23:18:59.440,Active,410.1,2.4,98.8,11.6,74.3,No,0.0,None
23:18:59.853,Active,407.2,2.4,99.4,11.6,74.9,No,0.0,None
23:19:00.266,Active,406.5,2.4,99.4,11.6,75.5,No,0.0,None
23:19:00.699,Active,426.3,2.4,95.9,11.6,75.5,No,0.0,None
23:19:01.119,Active,409.6,2.4,98.2,11.6,76.0,No,0.0,None
23:19:01.535,Active,409.4,2.4,98.2,11.5,76.0,No,0.0,None
23:19:01.949,Active,408.4,2.4,98.8,11.5,75.5,No,0.0,None
23:19:02.369,Active,411.6,2.4,98.8,11.5,76.0,No,0.0,None
23:19:02.786,Active,408.8,2.4,98.2,11.5,76.5,No,0.0,None
23:19:03.206,Active,412.9,2.4,98.2,11.5,75.5,No,0.0,None
23:19:03.620,Active,406.9,2.4,99.4,11.5,75.5,No,0.0,None
23:19:04.033,Active,407.2,2.4,98.8,11.5,74.9,No,0.0,None
23:19:04.450,Active,408.5,2.4,98.8,11.5,75.5,No,0.0,None
23:19:04.862,Active,406.4,2.4,98.8,11.5,76.0,No,0.0,None
23:19:05.275,Active,407.0,2.4,98.8,11.5,76.0,No,0.0,None
23:19:05.692,Active,408.9,2.4,98.2,11.5,75.5,No,0.0,None
23:19:06.109,Active,407.9,2.4,98.2,11.5,76.0,No,0.0,None
23:19:06.526,Active,410.8,2.4,98.8,11.5,75.5,No,0.0,None
23:19:06.958,Active,424.6,2.4,95.9,11.5,76.5,No,0.0,None
23:19:07.385,Active,420.1,2.4,96.5,11.5,76.5,No,0.0,None
23:19:07.806,Active,414.4,2.4,97.6,11.5,76.0,No,0.0,None
23:19:08.245,Active,430.2,2.4,95.4,11.5,76.0,No,0.0,None
23:19:08.702,Active,448.5,2.4,98.4,11.6,76.0,No,0.0,None
23:19:09.116,Active,408.9,2.4,98.8,11.6,77.1,No,0.0,None
23:19:09.534,Active,408.7,2.4,98.8,11.6,76.5,No,0.0,None
23:19:09.969,Active,425.0,2.4,95.4,11.6,75.5,No,0.0,None
23:19:10.382,Active,404.4,2.4,98.2,11.6,77.1,No,0.0,None
23:19:10.798,Active,408.9,2.4,98.8,11.6,76.5,No,0.0,None
23:19:11.212,Active,406.7,2.4,98.8,11.6,76.5,No,0.0,None
23:19:11.626,Active,407.9,2.4,98.8,11.6,76.5,No,0.0,None
23:19:12.040,Active,407.2,2.4,98.8,11.5,76.5,No,0.0,None
23:19:12.458,Active,408.8,2.4,98.8,11.6,76.5,No,0.0,None
23:19:12.873,Active,408.4,2.4,98.8,11.6,77.1,No,0.0,None
23:19:13.289,Active,408.2,2.4,98.2,11.6,76.5,No,0.0,None
23:19:13.729,Active,432.8,2.4,97.1,11.6,76.5,No,0.0,None
23:19:14.145,Active,408.8,2.4,98.8,11.6,76.0,No,0.0,None
23:19:14.563,Active,410.2,2.4,98.2,11.6,76.0,No,0.0,None
23:19:14.973,Active,403.8,2.4,98.8,11.6,77.1,No,0.0,None
23:19:15.386,Active,406.7,2.4,99.4,11.6,76.0,No,0.0,None
23:19:15.810,Active,418.2,2.4,97.0,11.6,76.5,No,0.0,None
23:19:16.224,Active,406.5,2.4,98.2,11.6,76.5,No,0.0,None
23:19:16.642,Active,409.9,2.4,98.2,11.6,76.0,No,0.0,None
23:19:17.059,Active,407.6,2.4,98.2,11.5,77.1,No,0.0,None
23:19:17.475,Active,409.5,2.4,98.8,11.5,77.1,No,0.0,None
23:19:17.889,Active,408.7,2.4,98.2,11.5,77.7,No,0.0,None
23:19:18.303,Active,406.1,2.4,98.8,11.5,77.1,No,0.0,None
23:19:18.723,Active,414.3,2.4,98.8,11.5,77.1,No,0.0,None
23:19:19.140,Active,410.2,2.4,99.4,11.5,77.1,No,0.0,None
23:19:19.557,Active,410.6,2.4,99.4,11.6,76.0,No,0.0,None
23:19:19.973,Active,407.5,2.4,98.8,11.6,77.1,No,0.0,None
23:19:20.384,Active,405.6,2.4,99.4,11.6,77.1,No,0.0,None
23:19:20.801,Active,410.5,2.4,100.0,11.5,77.7,No,0.0,None
23:19:21.212,Active,405.6,2.4,98.8,11.5,76.5,No,0.0,None
23:19:21.624,Active,406.3,2.4,99.4,11.5,77.1,No,0.0,None
23:19:22.037,Active,404.1,2.4,99.4,11.5,77.1,No,0.0,None
23:19:22.452,Active,408.9,2.4,98.8,11.5,76.5,No,0.0,None
23:19:22.865,Active,407.1,2.4,99.4,11.5,76.5,No,0.0,None
23:19:23.281,Active,409.8,2.4,99.4,11.5,77.1,No,0.0,None
23:19:23.699,Active,408.8,2.4,98.2,11.5,78.2,No,0.0,None
23:19:24.136,Active,428.5,2.4,97.7,11.5,77.1,No,0.0,None
23:19:24.573,Active,427.6,2.4,95.4,11.5,77.1,No,0.0,None
23:19:25.000,Active,418.4,2.4,97.6,11.5,77.7,No,0.0,None
23:19:25.411,Active,404.8,2.4,98.8,11.5,78.2,No,0.0,None
23:19:25.823,Active,406.8,2.4,99.4,11.5,77.1,No,0.0,None
23:19:26.239,Active,406.2,2.4,98.2,11.5,77.7,No,0.0,None
23:19:26.696,Active,447.0,2.4,93.5,11.5,77.1,No,0.0,None
23:19:27.112,Active,408.2,2.4,98.8,11.5,77.7,No,0.0,None
23:19:27.530,Active,409.2,2.4,98.2,11.5,77.7,No,0.0,None
23:19:27.947,Active,406.7,2.4,98.2,11.5,77.1,No,0.0,None
23:19:28.361,Active,407.4,2.4,98.8,11.5,77.1,No,0.0,None
23:19:28.789,Active,419.2,2.4,97.1,11.5,77.1,No,0.0,None
23:19:29.230,Active,433.0,2.4,98.3,11.5,76.0,No,0.0,None
23:19:29.650,Active,412.7,2.4,98.8,11.6,77.7,No,0.0,None
23:19:30.064,Active,406.5,2.4,98.8,11.6,77.1,No,0.0,None
23:19:30.479,Active,408.8,2.4,99.4,11.6,78.2,No,0.0,None
23:19:30.891,Active,406.5,2.4,98.2,11.6,77.1,No,0.0,None
23:19:31.307,Active,406.8,2.4,98.8,11.6,77.1,No,0.0,None
23:19:31.721,Active,407.8,2.4,98.8,11.5,77.7,No,0.0,None
23:19:32.134,Active,406.6,2.4,98.8,11.5,77.1,No,0.0,None
23:20:17.580,Active,432.2,2.4,1.1,11.6,58.4,No,0.0,None
23:20:17.998,Active,406.8,2.4,97.6,11.6,60.6,No,0.0,None
23:20:18.412,Active,407.1,7.9,98.8,11.6,61.7,No,0.0,None
23:20:18.834,Active,412.5,7.9,97.6,11.6,63.9,No,0.0,None
23:20:19.249,Active,408.4,7.9,98.2,11.6,62.2,No,0.0,None
23:20:19.666,Active,408.5,7.9,98.2,11.6,64.5,No,0.0,None
23:20:20.088,Active,415.2,7.9,98.8,11.6,65.0,No,0.0,None
23:20:20.503,Active,408.2,7.9,99.4,11.6,65.5,No,0.0,None
23:20:20.914,Active,405.3,7.9,98.8,11.6,66.1,No,0.0,None
23:20:21.330,Active,408.2,7.9,97.6,11.6,66.7,No,0.0,None
23:20:21.746,Active,408.6,7.9,99.4,11.6,66.7,No,0.0,None
23:20:22.159,Active,405.6,7.9,98.8,11.6,67.8,No,0.0,None
23:20:22.578,Active,411.5,2.4,98.2,11.6,68.3,No,0.0,None
23:20:22.990,Active,404.9,2.4,98.2,11.6,68.8,No,0.0,None
23:20:23.405,Active,407.9,2.4,99.4,11.5,68.8,No,0.0,None
23:20:23.818,Active,404.0,2.4,98.2,11.5,68.3,No,0.0,None
23:20:24.228,Active,404.0,2.4,100.0,11.5,69.4,No,0.0,None
23:20:24.644,Active,410.4,2.4,99.4,11.5,69.4,No,0.0,None
23:20:25.078,Active,425.8,2.4,98.3,11.6,70.0,No,0.0,None
23:20:25.494,Active,408.7,2.4,98.2,11.6,70.0,No,0.0,None
23:20:25.909,Active,407.3,2.4,98.2,11.6,70.5,No,0.0,None
23:20:26.325,Active,408.3,2.4,97.6,11.6,71.0,No,0.0,None
23:20:26.742,Active,408.5,2.4,99.4,11.6,71.6,No,0.0,None
23:20:27.154,Active,405.9,2.4,98.8,11.6,71.0,No,0.0,None
23:20:27.570,Active,408.5,2.4,98.2,11.6,70.5,No,0.0,None
23:20:27.986,Active,408.6,2.4,98.8,11.6,71.6,No,0.0,None
23:20:28.398,Active,405.3,2.4,98.8,11.5,71.6,No,0.0,None
23:20:28.814,Active,406.8,2.4,98.8,11.6,72.2,No,0.0,None
23:20:29.232,Active,407.6,2.4,97.6,11.6,72.2,No,0.0,None
23:20:29.646,Active,408.3,2.4,99.4,11.6,72.2,No,0.0,None
23:20:30.082,Active,425.2,2.4,98.3,11.6,72.2,No,0.0,None
23:20:30.507,Active,417.8,2.4,97.6,11.6,72.7,No,0.0,None
23:20:30.918,Active,404.6,2.4,98.2,11.6,71.0,No,0.0,None
23:20:31.334,Active,406.1,2.4,98.2,11.6,72.7,No,0.0,None
23:20:31.754,Active,409.8,2.4,98.2,11.6,73.2,No,0.0,None
23:20:32.169,Active,407.3,2.4,98.8,11.6,72.7,No,0.0,None
23:20:32.588,Active,409.1,2.4,97.6,11.6,72.2,No,0.0,None
23:20:33.001,Active,403.1,2.4,98.8,11.6,73.2,No,0.0,None
23:20:33.429,Active,421.3,2.4,98.2,11.6,73.2,No,0.0,None
23:20:33.846,Active,406.8,2.4,98.2,11.6,73.2,No,0.0,None
23:20:34.263,Active,406.6,2.4,97.6,11.6,74.9,No,0.0,None
23:20:34.681,Active,408.2,2.4,98.2,11.6,73.8,No,0.0,None
23:20:35.098,Active,407.2,2.4,98.2,11.6,73.8,No,0.0,None
23:20:35.515,Active,408.4,2.4,97.6,11.6,73.8,No,0.0,None
23:20:35.926,Active,404.5,2.4,99.4,11.6,74.9,No,0.0,None
23:20:36.341,Active,405.4,2.4,98.2,11.6,74.3,No,0.0,None
23:20:36.757,Active,408.2,2.4,98.8,11.5,73.8,No,0.0,None
23:20:37.173,Active,406.4,2.4,98.8,11.6,73.2,No,0.0,None
23:20:37.591,Active,409.4,2.4,98.8,11.6,74.3,No,0.0,None
23:20:38.009,Active,406.9,2.4,97.6,11.6,74.3,No,0.0,None
23:20:38.428,Active,408.9,2.4,97.6,11.6,74.3,No,0.0,None
23:20:38.843,Active,407.1,2.4,98.8,11.6,74.3,No,0.0,None
23:20:39.255,Active,405.8,2.4,98.8,11.6,73.8,No,0.0,None
23:20:39.674,Active,409.2,2.4,98.2,11.5,74.9,No,0.0,None
23:20:40.146,Active,461.7,2.4,94.7,11.6,73.2,No,0.0,None
23:20:40.564,Active,408.8,2.4,98.2,11.6,74.9,No,0.0,None
23:20:40.980,Active,406.2,2.4,98.2,11.6,74.3,No,0.0,None
23:20:41.398,Active,407.2,2.4,98.2,11.5,75.5,No,0.0,None
23:20:41.813,Active,406.8,2.4,98.2,11.5,74.9,No,0.0,None
23:20:42.229,Active,405.9,2.4,98.2,11.5,74.9,No,0.0,None
23:20:42.645,Active,409.0,2.4,98.8,11.5,74.3,No,0.0,None
23:20:43.061,Active,407.9,2.4,98.8,11.5,75.5,No,0.0,None
23:20:43.475,Active,405.3,2.4,98.2,11.5,76.0,No,0.0,None
23:20:43.899,Active,411.2,2.4,97.6,11.5,74.3,No,0.0,None
23:20:44.313,Active,407.9,2.4,98.2,11.5,75.5,No,0.0,None
23:20:44.736,Active,413.1,2.4,98.2,11.5,75.5,No,0.0,None
23:20:45.153,Active,407.9,2.4,98.2,11.5,75.5,No,0.0,None
23:20:45.581,Active,420.8,2.4,98.8,11.6,76.0,No,0.0,None
23:20:45.989,Active,402.7,2.4,99.4,11.6,76.0,No,0.0,None
23:20:46.399,Active,402.8,2.4,99.4,11.6,76.0,No,0.0,None
23:20:46.813,Active,404.2,2.4,99.4,11.6,75.5,No,0.0,None
23:20:47.230,Active,406.9,2.4,98.8,11.6,76.0,No,0.0,None
23:20:47.653,Active,414.3,2.4,97.6,11.6,76.0,No,0.0,None
23:20:48.071,Active,408.0,2.4,98.2,11.6,76.0,No,0.0,None
23:20:48.491,Active,410.0,2.4,98.2,11.6,76.5,No,0.0,None
23:20:48.901,Active,403.2,2.4,99.4,11.6,76.0,No,0.0,None
23:20:49.318,Active,408.0,2.4,98.2,11.6,76.0,No,0.0,None
23:20:49.734,Active,408.7,2.4,98.2,11.6,76.0,No,0.0,None
23:20:50.269,Active,427.4,2.4,80.2,11.6,74.9,No,0.0,None
23:20:50.685,Active,409.3,2.4,98.8,11.6,76.5,No,0.0,None
23:20:51.101,Active,406.5,2.4,98.2,11.6,75.5,No,0.0,None
23:20:51.519,Active,409.5,2.4,98.2,11.6,77.1,No,0.0,None
23:20:51.935,Active,407.3,2.3,98.2,11.6,75.5,No,0.0,None
23:20:52.351,Active,405.3,2.3,98.2,11.6,77.1,No,0.0,None
23:20:52.764,Active,407.1,2.3,98.8,11.6,76.5,No,0.0,None
23:20:53.178,Active,405.1,2.3,98.8,11.5,77.7,No,0.0,None
23:20:53.595,Active,409.3,2.3,98.8,11.5,76.5,No,0.0,None
23:20:54.006,Active,404.7,2.3,98.2,11.5,77.1,No,0.0,None
23:20:54.438,Active,424.9,2.3,96.5,11.5,77.1,No,0.0,None
23:20:54.853,Active,407.9,2.3,98.2,11.5,76.5,No,0.0,None
23:20:55.302,Active,439.4,2.3,96.1,11.6,76.0,No,0.0,None
23:20:55.719,Active,410.2,2.3,98.8,11.6,76.5,No,0.0,None
23:20:56.135,Active,405.9,2.4,98.2,11.6,76.5,No,0.0,None
23:20:56.553,Active,408.4,2.4,98.2,11.6,77.1,No,0.0,None
23:20:56.966,Active,406.2,2.4,98.8,11.6,76.5,No,0.0,None
23:20:57.383,Active,409.9,2.4,98.8,11.5,77.1,No,0.0,None
23:20:57.796,Active,406.8,2.4,98.8,11.5,77.1,No,0.0,None
23:20:58.208,Active,406.1,2.4,99.4,11.5,76.5,No,0.0,None
23:20:58.620,Active,405.3,2.4,98.2,11.5,77.1,No,0.0,None
23:20:59.033,Active,404.8,2.4,99.4,11.5,76.5,No,0.0,None
23:20:59.448,Active,409.4,2.4,99.4,11.5,76.5,No,0.0,None
23:20:59.864,Active,406.1,2.4,98.2,11.5,76.5,No,0.0,None
23:21:00.274,Active,404.1,2.4,99.4,11.5,77.7,No,0.0,None
23:21:00.711,Active,430.6,2.4,99.4,11.6,77.7,No,0.0,None
23:21:01.127,Active,409.9,2.4,98.8,11.6,76.5,No,0.0,None
23:21:01.542,Active,409.0,2.4,98.8,11.6,77.1,No,0.0,None
23:21:01.953,Active,405.1,2.4,98.8,11.6,77.1,No,0.0,None
23:21:02.368,Active,406.6,2.4,98.2,11.6,76.5,No,0.0,None
23:21:02.787,Active,409.8,2.4,98.2,11.6,77.1,No,0.0,None
23:21:03.201,Active,407.5,2.4,98.8,11.6,77.1,No,0.0,None
23:21:03.618,Active,408.4,2.4,98.2,11.6,77.1,No,0.0,None
23:21:04.033,Active,407.9,2.4,98.8,11.6,77.1,No,0.0,None
23:21:04.450,Active,410.7,2.4,98.8,11.6,77.7,No,0.0,None
23:21:04.867,Active,409.5,2.4,97.0,11.6,77.1,No,0.0,None
23:21:05.280,Active,407.3,2.4,98.8,11.6,77.1,No,0.0,None
23:21:05.699,Active,409.5,2.4,98.2,11.6,78.8,No,0.0,None
23:21:06.113,Active,408.0,2.4,98.8,11.6,77.1,No,0.0,None
23:21:06.528,Active,409.0,2.4,98.8,11.5,77.1,No,0.0,None
23:21:06.946,Active,406.1,2.4,97.6,11.5,77.1,No,0.0,None
23:21:07.364,Active,408.9,2.4,98.2,11.5,77.1,No,0.0,None
23:21:07.783,Active,408.7,2.4,98.2,11.5,77.1,No,0.0,None
23:21:08.196,Active,407.1,2.4,98.8,11.5,77.7,No,0.0,None
23:21:08.618,Active,412.3,2.4,98.2,11.5,78.2,No,0.0,None
23:21:09.031,Active,407.2,2.4,98.8,11.5,77.7,No,0.0,None
23:21:09.449,Active,410.5,2.4,97.6,11.5,78.2,No,0.0,None
23:21:09.866,Active,408.5,2.4,98.8,11.5,77.1,No,0.0,None
23:21:10.276,Active,404.8,2.4,98.8,11.5,78.2,No,0.0,None
23:21:10.724,Active,442.1,2.4,98.3,11.6,76.0,No,0.0,None
23:21:11.142,Active,408.6,2.4,98.8,11.6,77.7,No,0.0,None
23:21:11.558,Active,410.3,2.4,98.8,11.6,78.2,No,0.0,None
23:21:11.972,Active,406.2,2.4,98.2,11.6,78.2,No,0.0,None
23:21:12.386,Active,405.4,2.4,98.2,11.6,77.7,No,0.0,None
23:21:12.801,Active,408.2,2.4,98.8,11.6,77.7,No,0.0,None
23:21:13.217,Active,407.9,2.4,98.2,11.6,78.2,No,0.0,None
23:21:13.659,Active,433.5,2.4,94.3,11.6,77.1,No,0.0,None
23:21:14.072,Active,406.8,2.4,98.8,11.6,78.2,No,0.0,None
23:21:14.491,Active,409.2,2.4,98.2,11.6,77.7,No,0.0,None
23:21:14.908,Active,411.9,2.4,97.6,11.6,78.2,No,0.0,None
23:21:15.321,Active,406.8,2.4,98.8,11.6,77.7,No,0.0,None
23:21:15.750,Active,422.9,2.4,98.8,11.6,77.7,No,0.0,None
23:21:16.163,Active,406.3,2.4,98.2,11.6,78.2,No,0.0,None
23:21:16.584,Active,411.1,2.4,98.8,11.6,78.2,No,0.0,None
23:21:16.997,Active,407.0,2.4,99.4,11.6,79.3,No,0.0,None
23:21:17.421,Active,416.4,2.4,97.0,11.6,77.7,No,0.0,None
23:22:02.864,Active,427.1,2.4,1.4,11.6,59.0,No,0.0,None
23:22:03.294,Active,420.6,2.4,97.1,11.6,61.1,No,0.0,None
23:22:03.708,Active,407.1,2.4,98.8,11.6,61.7,No,0.0,None
23:22:04.123,Active,406.2,2.4,97.6,11.6,63.4,No,0.0,None
23:22:04.541,Active,408.1,2.4,98.2,11.6,63.9,No,0.0,None
23:22:04.956,Active,408.3,2.4,98.8,11.6,65.0,No,0.0,None
23:22:05.370,Active,405.2,2.4,98.2,11.6,66.7,No,0.0,None
23:22:05.786,Active,409.2,2.4,98.8,11.6,66.1,No,0.0,None
23:22:06.199,Active,406.6,2.7,98.8,11.6,66.1,No,0.0,None
23:22:06.614,Active,408.8,2.7,98.8,11.6,66.7,No,0.0,None
23:22:07.031,Active,409.5,2.7,98.8,11.6,68.3,No,0.0,None
23:22:07.446,Active,409.0,2.7,98.2,11.6,67.2,No,0.0,None
23:22:07.860,Active,405.9,2.7,98.8,11.5,68.3,No,0.0,None
23:22:08.275,Active,405.0,2.7,97.6,11.5,68.8,No,0.0,None
23:22:08.694,Active,411.8,2.7,98.8,11.5,68.3,No,0.0,None
23:22:09.110,Active,406.7,2.7,98.2,11.5,69.4,No,0.0,None
23:22:09.526,Active,407.5,2.7,98.8,11.5,70.5,No,0.0,None
23:22:09.937,Active,405.8,2.7,98.8,11.5,70.0,No,0.0,None
23:22:10.354,Active,406.5,2.4,98.2,11.5,71.0,No,0.0,None
23:22:10.768,Active,407.2,2.4,98.8,11.5,71.0,No,0.0,None
23:22:11.183,Active,407.6,2.4,98.2,11.5,70.5,No,0.0,None
23:22:11.653,Active,459.7,2.4,95.7,11.6,70.5,No,0.0,None
23:22:12.068,Active,407.3,2.4,98.8,11.6,70.5,No,0.0,None
23:22:12.484,Active,407.8,2.4,98.8,11.6,71.6,No,0.0,None
23:22:12.906,Active,410.6,2.4,97.6,11.6,71.6,No,0.0,None
23:22:13.319,Active,407.0,2.4,98.8,11.6,71.6,No,0.0,None
23:22:13.734,Active,409.5,2.4,98.8,11.6,71.6,No,0.0,None
23:22:14.248,Active,406.5,2.4,79.7,11.6,71.6,No,0.0,None
23:22:14.662,Active,406.3,2.3,98.8,11.6,72.7,No,0.0,None
23:22:15.086,Active,418.1,2.3,97.6,11.6,71.6,No,0.0,None
23:22:15.501,Active,406.8,2.3,98.8,11.6,73.2,No,0.0,None
23:22:15.914,Active,404.5,2.3,98.8,11.6,73.8,No,0.0,None
23:22:16.329,Active,409.4,2.3,99.4,11.6,72.7,No,0.0,None
23:22:16.747,Active,412.0,2.3,98.8,11.6,73.2,No,0.0,None
23:22:17.159,Active,405.7,2.3,100.0,11.6,73.2,No,0.0,None
23:22:17.575,Active,409.1,2.3,98.8,11.6,73.2,No,0.0,None
23:22:17.993,Active,406.2,2.3,97.6,11.6,72.2,No,0.0,None
23:22:18.409,Active,408.0,2.3,98.2,11.6,72.2,No,0.0,None
23:22:18.836,Active,418.5,2.4,96.5,11.6,72.2,No,0.0,None
23:22:19.247,Active,405.6,2.4,99.4,11.6,73.8,No,0.0,None
23:22:19.666,Active,412.5,2.4,98.8,11.6,74.3,No,0.0,None
23:22:20.087,Active,410.8,2.4,97.6,11.5,74.9,No,0.0,None
23:22:20.503,Active,409.5,2.4,98.2,11.5,73.8,No,0.0,None
23:22:20.935,Active,426.0,2.4,96.5,11.5,73.2,No,0.0,None
23:22:21.351,Active,409.5,2.4,98.8,11.5,75.5,No,0.0,None
23:22:21.777,Active,420.4,2.4,98.8,11.6,73.8,No,0.0,None
23:22:22.199,Active,409.4,2.4,97.6,11.5,74.3,No,0.0,None
23:22:22.618,Active,413.0,2.4,98.2,11.6,73.2,No,0.0,None
23:22:23.032,Active,405.6,2.4,98.2,11.6,75.5,No,0.0,None
23:22:23.463,Active,422.1,2.4,96.5,11.6,74.3,No,0.0,None
23:22:23.888,Active,415.0,2.4,96.5,11.6,75.5,No,0.0,None
23:22:24.306,Active,408.3,2.4,98.2,11.6,74.3,No,0.0,None
23:22:24.727,Active,410.4,2.4,98.2,11.5,75.5,No,0.0,None
23:22:25.142,Active,408.7,2.4,98.2,11.5,74.9,No,0.0,None
23:22:25.557,Active,407.8,2.4,98.8,11.5,73.8,No,0.0,None
23:22:25.971,Active,406.3,2.4,98.8,11.5,75.5,No,0.0,None
23:22:26.387,Active,405.4,2.4,98.2,11.5,74.9,No,0.0,None
23:22:26.822,Active,429.2,2.4,98.3,11.6,74.9,No,0.0,None
23:22:27.245,Active,412.7,2.4,97.0,11.6,75.5,No,0.0,None
23:22:27.664,Active,409.8,2.4,98.2,11.6,74.9,No,0.0,None
23:22:28.083,Active,408.7,2.4,97.6,11.6,74.9,No,0.0,None
23:22:28.502,Active,413.5,2.4,98.2,11.6,75.5,No,0.0,None
23:22:28.923,Active,410.9,2.4,97.0,11.6,75.5,No,0.0,None
23:22:29.338,Active,407.6,2.4,98.8,11.6,76.0,No,0.0,None
23:22:29.753,Active,408.1,2.4,98.2,11.5,76.0,No,0.0,None
23:22:30.170,Active,406.6,2.4,98.2,11.5,76.5,No,0.0,None
23:22:30.588,Active,408.1,2.4,98.2,11.5,76.0,No,0.0,None
23:22:31.001,Active,407.3,2.4,98.8,11.5,75.5,No,0.0,None
23:22:31.414,Active,404.7,2.4,98.8,11.5,75.5,No,0.0,None
23:22:31.823,Active,403.2,2.4,99.4,11.5,76.0,No,0.0,None
23:22:32.264,Active,431.3,2.4,98.9,11.6,76.0,No,0.0,None
23:22:32.681,Active,410.9,2.4,98.8,11.6,76.0,No,0.0,None
23:22:33.097,Active,410.0,2.4,98.8,11.6,76.5,No,0.0,None
23:22:33.520,Active,417.0,2.4,99.4,11.6,76.5,No,0.0,None
23:22:33.937,Active,408.1,2.4,98.8,11.6,77.1,No,0.0,None
23:22:34.349,Active,405.4,2.4,98.8,11.6,76.5,No,0.0,None
23:22:34.767,Active,412.0,2.4,99.4,11.6,75.5,No,0.0,None
23:22:35.178,Active,405.6,2.4,98.2,11.6,76.5,No,0.0,None
23:22:35.595,Active,406.7,2.4,98.2,11.6,76.0,No,0.0,None
23:22:36.011,Active,406.9,2.4,97.6,11.6,76.0,No,0.0,None
23:22:36.425,Active,407.4,2.4,99.4,11.6,76.5,No,0.0,None
23:22:36.837,Active,406.4,2.4,98.8,11.6,77.1,No,0.0,None
23:22:37.254,Active,407.5,2.4,98.2,11.6,76.5,No,0.0,None
23:22:37.668,Active,407.4,2.4,98.8,11.6,76.0,No,0.0,None
23:22:38.086,Active,408.7,2.4,98.2,11.6,76.5,No,0.0,None
23:22:38.501,Active,409.2,2.4,98.8,11.6,77.1,No,0.0,None
23:22:38.931,Active,421.8,2.4,96.5,11.6,77.1,No,0.0,None
23:22:39.344,Active,407.3,2.4,98.8,11.6,76.5,No,0.0,None
23:22:39.760,Active,407.1,2.4,98.2,11.6,76.5,No,0.0,None
23:22:40.197,Active,428.4,2.4,96.0,11.6,76.5,No,0.0,None
23:22:40.617,Active,409.9,2.4,98.2,11.6,76.5,No,0.0,None
23:22:41.030,Active,406.4,2.4,98.8,11.6,77.1,No,0.0,None
23:22:41.452,Active,412.1,2.4,98.2,11.5,76.5,No,0.0,None
23:22:41.863,Active,404.8,2.4,98.8,11.5,77.1,No,0.0,None
23:22:42.310,Active,437.2,2.4,97.8,11.6,76.5,No,0.0,None
23:22:42.729,Active,412.1,2.4,97.6,11.6,77.1,No,0.0,None
23:22:43.142,Active,405.0,2.4,98.2,11.6,77.1,No,0.0,None
23:22:43.559,Active,410.6,2.4,99.4,11.6,77.1,No,0.0,None
23:22:43.973,Active,407.1,2.4,98.8,11.6,78.2,No,0.0,None
23:22:44.386,Active,407.0,2.4,98.8,11.6,77.1,No,0.0,None
23:22:44.805,Active,409.4,2.4,98.2,11.6,76.5,No,0.0,None
23:22:45.228,Active,412.6,2.4,98.2,11.6,76.0,No,0.0,None
23:22:45.645,Active,407.5,2.4,98.2,11.6,77.1,No,0.0,None
23:22:46.061,Active,406.6,2.4,97.6,11.6,77.1,No,0.0,None
23:22:46.477,Active,406.4,2.4,98.2,11.6,76.5,No,0.0,None
23:22:46.897,Active,409.9,2.4,98.2,11.6,77.7,No,0.0,None
23:22:47.323,Active,417.9,2.4,98.2,11.6,75.5,No,0.0,None
23:22:47.741,Active,408.0,2.4,98.2,11.6,77.7,No,0.0,None
23:22:48.158,Active,408.7,2.4,98.2,11.6,77.1,No,0.0,None
23:22:48.574,Active,408.4,2.4,98.2,11.6,78.2,No,0.0,None
23:22:48.987,Active,405.1,2.4,98.8,11.6,76.5,No,0.0,None
23:22:49.405,Active,407.2,2.4,98.2,11.6,77.1,No,0.0,None
23:22:49.824,Active,408.3,2.4,98.2,11.5,77.7,No,0.0,None
23:22:50.241,Active,407.4,2.4,97.6,11.6,76.5,No,0.0,None
23:22:50.666,Active,418.4,2.4,97.0,11.6,78.2,No,0.0,None
23:22:51.080,Active,406.6,2.4,98.8,11.6,77.7,No,0.0,None
23:22:51.494,Active,408.3,2.4,99.4,11.6,77.7,No,0.0,None
23:22:51.911,Active,409.9,2.4,98.8,11.5,77.1,No,0.0,None
23:22:52.343,Active,425.0,2.4,98.3,11.6,77.7,No,0.0,None
23:22:52.762,Active,409.3,2.4,98.2,11.6,77.7,No,0.0,None
23:22:53.182,Active,409.6,2.4,98.2,11.6,77.7,No,0.0,None
23:22:53.602,Active,411.1,2.4,98.2,11.6,77.7,No,0.0,None
23:22:54.021,Active,408.8,2.4,97.6,11.6,77.7,No,0.0,None
23:22:54.438,Active,408.7,2.4,98.8,11.6,77.1,No,0.0,None
23:22:54.859,Active,413.3,2.4,97.6,11.6,77.1,No,0.0,None
23:22:55.272,Active,407.3,2.4,98.8,11.5,77.1,No,0.0,None
23:22:55.691,Active,410.1,2.4,98.2,11.5,77.7,No,0.0,None
23:22:56.109,Active,408.0,2.4,98.2,11.5,78.2,No,0.0,None
23:22:56.526,Active,408.6,2.4,98.2,11.5,78.2,No,0.0,None
23:22:56.973,Active,439.7,2.4,93.7,11.5,78.2,No,0.0,None
23:22:57.416,Active,434.4,2.4,97.7,11.6,77.1,No,0.0,None
23:22:57.834,Active,410.2,2.4,97.6,11.6,77.7,No,0.0,None
23:22:58.250,Active,409.3,2.4,98.8,11.6,77.7,No,0.0,None
23:22:58.667,Active,409.7,2.4,98.2,11.6,78.2,No,0.0,None
23:22:59.083,Active,408.5,2.4,98.8,11.6,77.7,No,0.0,None
23:22:59.498,Active,408.5,2.4,98.8,11.6,77.1,No,0.0,None
23:22:59.922,Active,414.4,2.4,96.5,11.6,77.7,No,0.0,None
23:23:00.338,Active,408.9,2.4,98.8,11.6,77.7,No,0.0,None
23:23:00.777,Active,432.0,2.4,94.8,11.6,77.7,No,0.0,None
23:23:01.205,Active,419.8,2.4,97.1,11.6,78.2,No,0.0,None
23:23:01.619,Active,406.3,2.4,98.8,11.6,78.2,No,0.0,None
23:23:02.034,Active,408.5,2.4,98.8,11.6,77.7,No,0.0,None
23:23:02.451,Active,409.6,2.4,98.2,11.6,77.7,No,0.0,None
23:23:47.884,Active,419.0,2.4,1.2,11.6,59.5,No,0.0,None
23:23:48.304,Active,414.0,2.4,100.0,11.6,61.1,No,0.0,None
23:23:48.726,Active,410.8,2.4,98.2,11.6,62.2,No,0.0,None
23:23:49.143,Active,408.2,2.4,97.6,11.6,63.4,No,0.0,None
23:23:49.563,Active,410.9,2.4,98.2,11.6,63.9,No,0.0,None
23:23:49.978,Active,408.8,4.0,98.2,11.6,65.0,No,0.0,None
23:23:50.388,Active,404.4,4.0,99.4,11.6,66.7,No,0.0,None
23:23:50.807,Active,409.8,4.0,99.4,11.6,66.7,No,0.0,None
23:23:51.218,Active,405.6,4.0,98.8,11.6,66.7,No,0.0,None
23:23:51.633,Active,407.8,4.0,98.8,11.6,67.8,No,0.0,None
23:23:52.048,Active,409.5,4.0,98.8,11.6,67.8,No,0.0,None
23:23:52.479,Active,421.6,4.0,96.5,11.6,67.8,No,0.0,None
23:23:52.893,Active,405.7,4.0,98.2,11.6,68.3,No,0.0,None
23:23:53.331,Active,431.9,4.0,97.7,11.6,68.3,No,0.0,None
23:23:53.746,Active,407.9,4.0,99.4,11.6,68.8,No,0.0,None
23:23:54.156,Active,403.1,2.4,99.4,11.6,69.4,No,0.0,None
23:23:54.571,Active,408.8,2.4,98.8,11.6,70.0,No,0.0,None
23:23:54.991,Active,409.2,2.4,97.6,11.6,69.4,No,0.0,None
23:23:55.407,Active,408.3,2.4,98.2,11.6,70.0,No,0.0,None
23:23:55.824,Active,408.2,2.4,98.2,11.6,70.0,No,0.0,None
23:23:56.239,Active,406.3,2.4,97.6,11.5,71.0,No,0.0,None
23:23:56.658,Active,409.2,2.4,98.2,11.5,71.0,No,0.0,None
23:23:57.075,Active,406.4,2.4,97.6,11.5,72.7,No,0.0,None
23:23:57.489,Active,408.1,2.4,99.4,11.5,71.0,No,0.0,None
23:23:57.902,Active,405.6,2.4,98.8,11.5,72.2,No,0.0,None
23:23:58.341,Active,431.8,2.4,97.7,11.6,71.6,No,0.0,None
23:23:58.757,Active,407.8,2.4,98.2,11.6,72.2,No,0.0,None
23:23:59.175,Active,408.0,2.4,97.6,11.6,72.2,No,0.0,None
23:23:59.592,Active,408.2,2.4,98.2,11.6,72.7,No,0.0,None
23:24:00.002,Active,402.2,2.4,99.4,11.6,73.8,No,0.0,None
23:24:00.416,Active,408.1,2.4,99.4,11.6,73.2,No,0.0,None
23:24:00.838,Active,412.5,2.4,97.6,11.6,72.7,No,0.0,None
23:24:01.363,Active,416.4,2.4,78.9,11.5,71.6,No,0.0,None
23:24:01.781,Active,408.9,2.4,98.2,11.5,72.7,No,0.0,None
23:24:02.193,Active,406.4,2.4,98.8,11.5,73.2,No,0.0,None
23:24:02.611,Active,408.3,2.3,97.6,11.6,73.2,No,0.0,None
23:24:03.028,Active,407.7,2.3,98.2,11.6,73.8,No,0.0,None
23:24:03.442,Active,406.3,2.3,98.8,11.6,73.8,No,0.0,None
23:24:03.888,Active,436.1,2.3,96.6,11.6,74.3,No,0.0,None
23:24:04.301,Active,406.3,2.3,99.4,11.6,74.3,No,0.0,None
23:24:04.717,Active,409.3,2.3,98.8,11.6,73.8,No,0.0,None
23:24:05.142,Active,417.7,2.3,97.1,11.6,73.8,No,0.0,None
23:24:05.564,Active,416.1,2.3,97.0,11.6,73.8,No,0.0,None
23:24:06.005,Active,432.3,2.3,95.4,11.6,74.3,No,0.0,None
23:24:06.421,Active,407.7,2.3,98.8,11.6,74.3,No,0.0,None
23:24:06.834,Active,407.3,2.4,99.4,11.6,74.3,No,0.0,None
23:24:07.250,Active,405.4,2.4,98.2,11.5,74.9,No,0.0,None
23:24:07.665,Active,407.9,2.4,98.8,11.5,74.9,No,0.0,None
23:24:08.077,Active,405.8,2.4,99.4,11.5,74.3,No,0.0,None
23:24:08.493,Active,409.6,2.4,99.4,11.5,74.9,No,0.0,None
23:24:08.910,Active,408.6,2.4,98.2,11.5,74.9,No,0.0,None
23:24:09.323,Active,406.1,2.4,98.2,11.5,74.9,No,0.0,None
23:24:09.742,Active,408.4,2.4,97.7,11.5,74.3,No,0.0,None
23:24:10.157,Active,407.7,2.4,98.8,11.5,74.9,No,0.0,None
23:24:10.570,Active,406.6,2.4,98.8,11.5,74.9,No,0.0,None
23:24:10.982,Active,406.2,2.4,99.4,11.5,75.5,No,0.0,None
23:24:11.395,Active,406.0,2.4,98.8,11.5,75.5,No,0.0,None
23:24:11.815,Active,410.1,2.4,97.6,11.5,76.0,No,0.0,None
23:24:12.229,Active,407.5,2.4,98.8,11.5,75.5,No,0.0,None
23:24:12.647,Active,411.9,2.4,98.8,11.5,75.5,No,0.0,None
23:24:13.063,Active,408.4,2.4,97.6,11.5,76.0,No,0.0,None
23:24:13.480,Active,409.1,2.4,98.8,11.5,75.5,No,0.0,None
23:24:13.931,Active,442.0,2.4,97.8,11.5,76.5,No,0.0,None
23:24:14.349,Active,412.1,2.4,98.2,11.6,76.5,No,0.0,None
23:24:14.769,Active,411.9,2.4,98.8,11.6,76.0,No,0.0,None
23:24:15.186,Active,408.8,2.4,98.2,11.6,76.0,No,0.0,None
23:24:15.602,Active,408.7,2.4,98.2,11.6,76.5,No,0.0,None
23:24:16.014,Active,405.0,2.4,98.8,11.6,77.1,No,0.0,None
23:24:16.430,Active,408.7,2.4,99.4,11.5,76.5,No,0.0,None
23:24:16.843,Active,407.1,2.4,98.8,11.5,76.0,No,0.0,None
23:24:17.259,Active,406.8,2.4,98.8,11.5,76.5,No,0.0,None
23:24:17.674,Active,409.3,2.4,98.8,11.5,76.0,No,0.0,None
23:24:18.094,Active,413.1,2.4,98.8,11.5,76.0,No,0.0,None
23:24:18.510,Active,408.6,2.4,98.2,11.5,76.0,No,0.0,None
23:24:18.940,Active,417.5,2.4,97.7,11.5,76.5,No,0.0,None
23:24:19.356,Active,406.8,2.4,97.6,11.6,77.1,No,0.0,None
23:24:19.773,Active,407.9,2.4,98.2,11.6,76.5,No,0.0,None
23:24:20.188,Active,406.9,2.4,98.8,11.6,76.5,No,0.0,None
23:24:20.606,Active,409.3,2.4,98.2,11.6,77.1,No,0.0,None
23:24:21.025,Active,407.8,2.4,97.6,11.6,76.5,No,0.0,None
23:24:21.441,Active,408.2,2.4,98.8,11.6,77.1,No,0.0,None
23:24:21.852,Active,405.0,2.4,98.2,11.5,77.1,No,0.0,None
23:24:22.266,Active,405.0,2.4,98.8,11.5,76.5,No,0.0,None
23:24:22.685,Active,408.8,2.4,98.8,11.5,76.5,No,0.0,None
23:24:23.098,Active,406.5,2.4,98.8,11.5,77.1,No,0.0,None
23:24:23.512,Active,406.7,2.4,98.8,11.5,77.1,No,0.0,None
23:24:23.941,Active,420.7,2.4,98.2,11.6,77.1,No,0.0,None
23:24:24.466,Active,418.8,2.4,78.9,11.6,77.1,No,0.0,None
23:24:24.880,Active,406.7,2.4,98.8,11.6,77.1,No,0.0,None
23:24:25.289,Active,402.7,2.4,99.4,11.6,77.1,No,0.0,None
23:24:25.702,Active,407.3,2.4,99.4,11.6,77.1,No,0.0,None
23:24:26.114,Active,404.4,2.4,98.8,11.6,76.5,No,0.0,None
23:24:26.529,Active,408.0,2.4,99.4,11.6,77.1,No,0.0,None
23:24:26.944,Active,407.0,2.4,98.8,11.5,77.1,No,0.0,None
23:24:27.360,Active,407.2,2.4,98.2,11.5,77.1,No,0.0,None
23:24:27.778,Active,408.8,2.3,98.2,11.5,77.7,No,0.0,None
23:24:28.194,Active,409.1,2.3,98.8,11.5,77.1,No,0.0,None
23:24:28.610,Active,408.8,2.3,98.2,11.5,77.1,No,0.0,None
23:24:29.048,Active,431.1,2.3,98.3,11.5,77.7,No,0.0,None
23:24:29.468,Active,410.2,2.3,98.2,11.6,77.7,No,0.0,None
23:24:29.885,Active,408.1,2.3,98.2,11.6,77.7,No,0.0,None
23:24:30.298,Active,404.9,2.3,98.8,11.6,77.1,No,0.0,None
23:24:30.712,Active,408.2,2.3,99.4,11.6,77.1,No,0.0,None
23:24:31.128,Active,407.1,2.3,98.2,11.6,77.7,No,0.0,None
23:24:31.543,Active,408.9,2.3,99.4,11.6,77.7,No,0.0,None
23:24:31.958,Active,406.8,2.4,98.2,11.5,77.7,No,0.0,None
23:24:32.376,Active,410.6,2.4,98.2,11.5,77.1,No,0.0,None
23:24:32.793,Active,409.2,2.4,98.8,11.5,78.2,No,0.0,None
23:24:33.211,Active,408.7,2.4,98.2,11.5,77.7,No,0.0,None
23:24:33.627,Active,407.6,2.4,98.2,11.5,76.5,No,0.0,None
23:24:34.061,Active,424.8,2.4,98.3,11.5,77.7,No,0.0,None
23:24:34.478,Active,409.2,2.4,98.8,11.6,77.1,No,0.0,None
23:24:34.889,Active,403.8,2.4,98.2,11.6,77.7,No,0.0,None
23:24:35.300,Active,405.3,2.4,99.4,11.6,77.7,No,0.0,None
23:24:35.713,Active,407.4,2.4,99.4,11.6,78.2,No,0.0,None
23:24:36.125,Active,403.8,2.4,98.8,11.6,78.2,No,0.0,None
23:24:36.547,Active,410.1,2.4,98.2,11.6,77.7,No,0.0,None
23:24:36.961,Active,407.8,2.4,98.2,11.5,78.2,No,0.0,None
23:24:37.375,Active,408.0,2.4,98.8,11.5,77.7,No,0.0,None
23:24:37.794,Active,408.9,2.4,98.2,11.5,77.7,No,0.0,None
23:24:38.216,Active,415.7,2.4,97.6,11.5,78.8,No,0.0,None
23:24:38.635,Active,409.6,2.4,98.2,11.5,77.7,No,0.0,None
23:24:39.046,Active,405.6,2.4,99.4,11.5,78.2,No,0.0,None
23:24:39.460,Active,407.0,2.4,98.8,11.5,77.1,No,0.0,None
23:24:39.876,Active,410.1,2.4,99.4,11.5,78.2,No,0.0,None
23:24:40.293,Active,410.5,2.4,97.6,11.5,77.7,No,0.0,None
23:24:40.709,Active,410.8,2.4,98.8,11.5,77.7,No,0.0,None
23:24:41.130,Active,412.9,2.4,98.2,11.5,78.2,No,0.0,None
23:24:41.546,Active,409.3,2.4,98.8,11.5,78.2,No,0.0,None
23:24:41.962,Active,409.1,2.4,98.8,11.5,78.2,No,0.0,None
23:24:42.378,Active,409.7,2.4,98.8,11.5,78.2,No,0.0,None
23:24:42.792,Active,407.1,2.4,98.8,11.5,78.2,No,0.0,None
23:24:43.203,Active,404.7,2.4,99.4,11.5,78.2,No,0.0,None
23:24:43.618,Active,408.5,2.4,99.4,11.5,78.8,No,0.0,None
23:24:44.064,Active,438.5,2.4,98.3,11.5,78.2,No,0.0,None
23:24:44.482,Active,409.0,2.4,98.2,11.6,78.2,No,0.0,None
23:24:44.897,Active,407.7,2.4,98.8,11.6,77.1,No,0.0,None
23:24:45.324,Active,419.1,2.4,98.2,11.6,77.7,No,0.0,None
23:24:45.753,Active,420.1,2.4,97.1,11.6,78.8,No,0.0,None
23:24:46.169,Active,409.5,2.4,98.8,11.6,78.2,No,0.0,None
23:24:46.582,Active,407.6,2.4,98.8,11.6,78.2,No,0.0,None
23:24:46.998,Active,405.3,2.4,98.2,11.5,78.8,No,0.0,None
23:24:47.407,Active,402.7,2.4,100.0,11.5,78.2,No,0.0,None
23:24:47.820,Active,406.3,2.4,99.4,11.5,78.2,No,0.0,None
23:25:33.265,Active,431.3,2.4,1.4,11.6,59.5,No,0.0,None
23:25:33.680,Active,407.0,11.7,99.4,11.6,60.6,No,0.0,None
23:25:34.092,Active,406.2,11.7,98.8,11.6,61.7,No,0.0,None
23:25:34.505,Active,406.3,11.7,98.8,11.6,63.9,No,0.0,None
23:25:34.920,Active,406.2,11.7,98.8,11.6,63.9,No,0.0,None
23:25:35.353,Active,424.8,11.7,99.4,11.7,65.5,No,0.0,None
23:25:35.765,Active,406.5,11.7,99.4,11.7,65.5,No,0.0,None
23:25:36.186,Active,408.8,11.7,97.6,11.7,66.1,No,0.0,None
23:25:36.603,Active,409.5,11.7,98.2,11.7,67.2,No,0.0,None
23:25:37.017,Active,407.5,11.7,98.8,11.7,67.2,No,0.0,None
23:25:37.430,Active,405.6,11.7,98.2,11.7,68.3,No,0.0,None
23:25:37.841,Active,405.1,2.4,100.0,11.6,68.3,No,0.0,None
23:25:38.258,Active,409.9,2.4,98.8,11.6,68.3,No,0.0,None
23:25:38.675,Active,409.3,2.4,98.2,11.6,68.3,No,0.0,None
23:25:39.091,Active,407.7,2.4,98.2,11.6,69.4,No,0.0,None
23:25:39.508,Active,409.8,2.4,98.8,11.6,69.4,No,0.0,None
23:25:39.925,Active,407.8,2.4,98.2,11.6,69.4,No,0.0,None
23:25:40.344,Active,407.0,2.4,97.6,11.6,70.5,No,0.0,None
23:25:40.760,Active,407.3,2.4,98.2,11.6,70.5,No,0.0,None
23:25:41.177,Active,408.0,2.4,98.2,11.6,70.5,No,0.0,None
23:25:41.593,Active,408.2,2.4,98.8,11.6,71.6,No,0.0,None
23:25:42.005,Active,406.0,2.4,98.8,11.6,71.6,No,0.0,None
23:25:42.425,Active,408.3,2.4,97.6,11.5,71.0,No,0.0,None
23:25:42.835,Active,403.4,2.4,99.4,11.5,71.6,No,0.0,None
23:25:43.248,Active,406.8,2.4,98.8,11.5,72.2,No,0.0,None
23:25:43.666,Active,411.0,2.4,98.8,11.5,71.6,No,0.0,None
23:25:44.080,Active,407.1,2.4,98.8,11.5,71.6,No,0.0,None
23:25:44.496,Active,410.2,2.4,98.2,11.5,72.7,No,0.0,None
23:25:44.915,Active,409.7,2.4,98.2,11.5,71.6,No,0.0,None
23:25:45.360,Active,439.0,2.4,98.3,11.7,72.2,No,0.0,None
23:25:45.772,Active,406.3,2.4,99.4,11.7,73.2,No,0.0,None
23:25:46.184,Active,405.7,2.4,99.4,11.7,73.2,No,0.0,None
23:25:46.600,Active,409.8,2.4,98.8,11.7,72.7,No,0.0,None
23:25:47.012,Active,406.0,2.4,99.4,11.7,72.7,No,0.0,None
23:25:47.423,Active,405.3,2.4,99.4,11.7,73.2,No,0.0,None
23:25:47.838,Active,404.2,2.4,98.2,11.7,73.8,No,0.0,None
23:25:48.252,Active,407.0,2.4,99.4,11.6,73.8,No,0.0,None
23:25:48.671,Active,411.6,2.4,98.2,11.6,73.8,No,0.0,None
23:25:49.082,Active,405.0,2.4,99.4,11.6,74.3,No,0.0,None
23:25:49.497,Active,408.6,2.4,99.4,11.6,74.9,No,0.0,None
23:25:49.909,Active,406.1,2.4,99.4,11.6,74.3,No,0.0,None
23:25:50.332,Active,417.7,2.4,99.4,11.6,74.3,No,0.0,None
23:25:50.745,Active,406.7,2.4,99.4,11.6,74.3,No,0.0,None
23:25:51.159,Active,405.4,2.4,99.4,11.6,74.9,No,0.0,None
23:25:51.574,Active,409.9,2.4,99.4,11.6,74.3,No,0.0,None
23:25:51.989,Active,407.9,2.4,97.6,11.6,74.3,No,0.0,None
23:25:52.412,Active,415.0,2.4,97.6,11.6,74.9,No,0.0,None
23:25:52.829,Active,407.7,2.4,98.2,11.6,74.3,No,0.0,None
23:25:53.242,Active,406.7,2.4,99.4,11.6,74.9,No,0.0,None
23:25:53.656,Active,406.7,2.4,98.8,11.6,75.5,No,0.0,None
23:25:54.070,Active,408.1,2.4,99.4,11.6,74.9,No,0.0,None
23:25:54.497,Active,420.0,2.4,97.0,11.5,74.9,No,0.0,None
23:25:54.915,Active,409.9,2.4,98.2,11.5,75.5,No,0.0,None
23:25:55.346,Active,425.0,2.4,98.8,11.6,75.5,No,0.0,None
23:25:55.766,Active,410.4,2.4,97.6,11.6,74.9,No,0.0,None
23:25:56.183,Active,407.5,2.4,98.2,11.6,75.5,No,0.0,None
23:25:56.598,Active,408.6,2.4,98.8,11.6,76.0,No,0.0,None
23:25:57.011,Active,405.7,2.4,98.8,11.6,75.5,No,0.0,None
23:25:57.426,Active,408.7,2.4,99.4,11.6,75.5,No,0.0,None
23:25:57.842,Active,408.6,2.4,98.8,11.6,75.5,No,0.0,None
23:25:58.255,Active,407.4,2.4,98.2,11.6,75.5,No,0.0,None
23:25:58.675,Active,410.2,2.4,98.2,11.6,76.5,No,0.0,None
23:25:59.093,Active,408.1,2.4,97.6,11.6,76.0,No,0.0,None
23:25:59.509,Active,407.4,2.4,98.8,11.6,76.5,No,0.0,None
23:25:59.924,Active,405.4,2.4,98.2,11.6,75.5,No,0.0,None
23:26:00.358,Active,426.7,2.4,98.3,11.6,76.0,No,0.0,None
23:26:00.773,Active,408.1,2.4,98.8,11.6,76.0,No,0.0,None
23:26:01.189,Active,407.5,2.4,98.2,11.6,76.0,No,0.0,None
23:26:01.607,Active,409.6,2.4,98.2,11.6,76.0,No,0.0,None
23:26:02.022,Active,408.6,2.4,98.8,11.6,76.5,No,0.0,None
23:26:02.437,Active,408.9,2.4,98.2,11.6,76.5,No,0.0,None
23:26:02.855,Active,409.5,2.4,98.2,11.6,76.0,No,0.0,None
23:26:03.272,Active,411.5,2.4,98.8,11.6,78.2,No,0.0,None
23:26:03.690,Active,408.8,2.4,98.2,11.6,76.5,No,0.0,None
23:26:04.106,Active,406.1,2.4,98.2,11.6,76.0,No,0.0,None
23:26:04.523,Active,409.5,2.4,98.8,11.6,76.0,No,0.0,None
23:26:04.943,Active,411.9,2.4,98.2,11.6,76.0,No,0.0,None
23:26:05.359,Active,409.6,2.4,98.2,11.6,76.5,No,0.0,None
23:26:05.795,Active,430.0,2.4,98.3,11.6,76.0,No,0.0,None
23:26:06.212,Active,406.5,2.4,98.2,11.6,77.1,No,0.0,None
23:26:06.629,Active,408.1,2.4,97.6,11.6,77.7,No,0.0,None
23:26:07.045,Active,405.9,2.4,98.2,11.6,76.5,No,0.0,None
23:26:07.462,Active,408.6,2.4,98.2,11.6,76.5,No,0.0,None
23:26:07.875,Active,405.4,2.4,98.8,11.6,77.7,No,0.0,None
23:26:08.292,Active,407.9,2.4,97.6,11.6,76.5,No,0.0,None
23:26:08.708,Active,409.4,2.4,99.4,11.6,77.1,No,0.0,None
23:26:09.128,Active,410.7,2.4,97.0,11.6,76.0,No,0.0,None
23:26:09.545,Active,407.7,2.4,98.8,11.6,77.1,No,0.0,None
23:26:09.962,Active,406.8,2.4,98.2,11.6,77.1,No,0.0,None
23:26:10.378,Active,406.2,2.4,97.6,11.6,77.1,No,0.0,None
23:26:10.797,Active,409.3,2.4,98.2,11.6,78.8,No,0.0,None
23:26:11.214,Active,406.5,2.4,98.2,11.6,77.1,No,0.0,None
23:26:11.633,Active,408.8,2.4,98.2,11.6,77.1,No,0.0,None
23:26:12.055,Active,413.4,2.4,97.0,11.5,78.2,No,0.0,None
23:26:12.475,Active,410.9,2.4,97.6,11.5,78.2,No,0.0,None
23:26:12.889,Active,403.6,2.4,98.2,11.5,77.7,No,0.0,None
23:26:13.306,Active,407.5,2.4,98.2,11.5,77.7,No,0.0,None
23:26:13.725,Active,409.7,2.4,98.2,11.5,77.1,No,0.0,None
23:26:14.141,Active,407.9,2.4,98.2,11.5,78.2,No,0.0,None
23:26:14.562,Active,412.6,2.4,98.2,11.5,77.1,No,0.0,None
23:26:14.978,Active,408.3,2.4,97.6,11.5,77.1,No,0.0,None
23:26:15.393,Active,407.9,2.4,98.8,11.6,77.1,No,0.0,None
23:26:15.834,Active,431.7,2.4,98.3,11.6,77.7,No,0.0,None
23:26:16.249,Active,409.0,2.4,98.2,11.6,77.7,No,0.0,None
23:26:16.667,Active,409.6,2.4,98.2,11.6,78.2,No,0.0,None
23:26:17.081,Active,407.8,2.4,98.8,11.6,78.2,No,0.0,None
23:26:17.497,Active,408.2,2.4,98.2,11.6,78.2,No,0.0,None
23:26:17.911,Active,407.2,2.4,98.8,11.6,77.7,No,0.0,None
23:26:18.325,Active,407.9,2.4,98.8,11.6,77.7,No,0.0,None
23:26:18.742,Active,409.1,2.4,98.8,11.6,77.7,No,0.0,None
23:26:19.158,Active,409.0,2.4,98.2,11.6,77.7,No,0.0,None
23:26:19.575,Active,409.4,2.4,98.8,11.5,78.2,No,0.0,None
23:26:19.993,Active,410.5,2.4,97.6,11.5,78.2,No,0.0,None
23:26:20.409,Active,407.6,2.4,98.2,11.5,78.2,No,0.0,None
23:26:20.833,Active,414.7,2.4,98.2,11.5,78.2,No,0.0,None
23:26:21.247,Active,408.3,2.4,98.8,11.5,77.7,No,0.0,None
23:26:21.663,Active,407.6,2.4,98.2,11.5,77.7,No,0.0,None
23:26:22.081,Active,407.6,2.4,98.2,11.5,77.7,No,0.0,None
23:26:22.498,Active,408.9,2.4,98.2,11.5,77.7,No,0.0,None
23:26:22.913,Active,407.8,2.4,98.8,11.5,78.2,No,0.0,None
23:26:23.328,Active,407.4,2.4,98.2,11.5,78.8,No,0.0,None
23:26:23.751,Active,413.5,2.4,97.6,11.5,78.8,No,0.0,None
23:26:24.164,Active,407.2,2.4,98.8,11.5,78.8,No,0.0,None
23:26:24.587,Active,413.5,2.4,97.6,11.5,78.2,No,0.0,None
23:26:25.001,Active,407.9,2.4,98.8,11.5,78.2,No,0.0,None
23:26:25.417,Active,410.0,2.4,98.8,11.5,78.2,No,0.0,None
23:26:25.846,Active,421.2,2.4,98.8,11.6,78.2,No,0.0,None
23:26:26.258,Active,406.0,2.4,98.8,11.6,77.1,No,0.0,None
23:26:26.675,Active,410.2,2.4,98.8,11.6,79.3,No,0.0,None
23:26:27.094,Active,409.8,2.4,97.6,11.6,78.8,No,0.0,None
23:26:27.510,Active,409.9,2.4,98.8,11.6,78.8,No,0.0,None
23:26:27.923,Active,405.6,2.4,98.8,11.6,78.8,No,0.0,None
23:26:28.336,Active,407.4,2.4,98.8,11.6,79.3,No,0.0,None
23:26:28.752,Active,406.8,2.4,98.2,11.6,78.8,No,0.0,None
23:26:29.182,Active,423.8,2.4,98.2,11.6,78.8,No,0.0,None
23:26:29.601,Active,409.4,2.4,97.6,11.6,78.8,No,0.0,None
23:26:30.017,Active,406.4,2.4,98.2,11.6,79.3,No,0.0,None
23:26:30.439,Active,412.5,2.4,98.2,11.6,78.2,No,0.0,None
23:26:30.874,Active,429.1,2.4,97.1,11.6,78.8,No,0.0,None
23:26:31.292,Active,407.7,2.4,98.2,11.6,78.8,No,0.0,None
23:26:31.710,Active,408.5,2.4,98.2,11.6,78.8,No,0.0,None
23:26:32.123,Active,406.9,2.4,98.8,11.6,78.8,No,0.0,None
23:26:32.554,Active,422.0,2.4,96.0,11.6,78.8,No,0.0,None
23:26:32.969,Active,407.0,2.4,98.8,11.6,78.8,No,0.0,None
23:27:18.413,Active,427.8,2.4,1.1,11.6,59.0,No,0.0,None
23:27:18.825,Active,406.2,2.4,98.8,11.6,61.1,No,0.0,None
23:27:19.239,Active,405.6,2.4,98.8,11.6,62.8,No,0.0,None
23:27:19.655,Active,409.4,2.4,98.8,11.6,63.4,No,0.0,None
23:27:20.074,Active,408.7,2.4,98.2,11.6,64.5,No,0.0,None
23:27:20.490,Active,409.8,2.4,98.8,11.6,65.0,No,0.0,None
23:27:20.902,Active,405.2,2.4,98.8,11.6,65.5,No,0.0,None
23:27:21.315,Active,406.6,3.0,99.4,11.6,67.2,No,0.0,None
23:27:21.746,Active,420.4,3.0,98.3,11.6,67.8,No,0.0,None
23:27:22.163,Active,407.8,3.0,97.6,11.6,67.2,No,0.0,None
23:27:22.581,Active,407.7,3.0,98.2,11.6,67.8,No,0.0,None
23:27:22.996,Active,406.4,3.0,98.2,11.6,68.8,No,0.0,None
23:27:23.419,Active,413.1,3.0,97.6,11.6,68.3,No,0.0,None
23:27:23.834,Active,407.6,3.0,98.2,11.6,69.4,No,0.0,None
23:27:24.250,Active,406.8,3.0,98.2,11.6,68.3,No,0.0,None
23:27:24.666,Active,409.1,3.0,98.8,11.6,69.4,No,0.0,None
23:27:25.089,Active,413.1,3.0,97.6,11.5,70.0,No,0.0,None
23:27:25.507,Active,410.2,2.4,98.2,11.5,70.0,No,0.0,None
23:27:25.919,Active,406.0,2.4,98.8,11.5,71.0,No,0.0,None
23:27:26.339,Active,410.1,2.4,97.0,11.5,71.0,No,0.0,None
23:27:26.764,Active,419.4,2.4,98.8,11.5,71.6,No,0.0,None
23:27:27.179,Active,405.7,2.4,98.8,11.6,71.6,No,0.0,None
23:27:27.598,Active,412.7,2.4,98.8,11.6,71.6,No,0.0,None
23:27:28.027,Active,421.8,2.4,95.9,11.6,73.2,No,0.0,None
23:27:28.447,Active,408.6,2.4,97.0,11.6,71.6,No,0.0,None
23:27:28.858,Active,404.4,2.4,99.4,11.6,72.2,No,0.0,None
23:27:29.271,Active,406.0,2.4,98.8,11.6,72.2,No,0.0,None
23:27:29.685,Active,408.0,2.4,98.8,11.6,72.2,No,0.0,None
23:27:30.106,Active,413.2,2.4,97.6,11.6,73.2,No,0.0,None
23:27:30.532,Active,419.7,2.4,97.7,11.6,72.2,No,0.0,None
23:27:30.948,Active,408.5,2.4,98.8,11.5,72.7,No,0.0,None
23:27:31.364,Active,407.0,2.4,98.2,11.5,73.8,No,0.0,None
23:27:31.805,Active,431.8,2.4,97.1,11.6,72.2,No,0.0,None
23:27:32.222,Active,410.9,2.4,98.8,11.6,73.2,No,0.0,None
23:27:32.637,Active,408.3,2.4,98.2,11.6,73.8,No,0.0,None
23:27:33.052,Active,406.5,2.4,98.8,11.6,74.9,No,0.0,None
23:27:33.467,Active,408.5,2.4,98.8,11.6,73.8,No,0.0,None
23:27:33.879,Active,405.4,2.4,99.4,11.6,73.8,No,0.0,None
23:27:34.290,Active,405.4,2.4,98.2,11.6,73.8,No,0.0,None
23:27:34.703,Active,406.1,2.4,99.4,11.6,73.8,No,0.0,None
23:27:35.124,Active,411.1,2.4,97.6,11.5,75.5,No,0.0,None
23:27:35.554,Active,420.9,2.4,97.7,11.6,72.7,No,0.0,None
23:27:35.968,Active,407.2,2.4,98.2,11.6,74.3,No,0.0,None
23:27:36.386,Active,408.1,2.4,98.2,11.5,74.3,No,0.0,None
23:27:36.801,Active,409.2,2.4,98.2,11.5,74.3,No,0.0,None
23:27:37.239,Active,429.7,2.4,98.3,11.6,75.5,No,0.0,None
23:27:37.653,Active,407.9,2.4,99.4,11.6,74.3,No,0.0,None
23:27:38.066,Active,407.2,2.4,99.4,11.6,74.3,No,0.0,None
23:27:38.482,Active,408.3,2.4,98.8,11.6,74.3,No,0.0,None
23:27:38.899,Active,411.5,2.4,98.8,11.6,74.9,No,0.0,None
23:27:39.315,Active,409.9,2.4,97.6,11.6,76.0,No,0.0,None
23:27:39.730,Active,408.5,2.4,98.2,11.6,74.9,No,0.0,None
23:27:40.146,Active,408.9,2.4,98.2,11.6,76.0,No,0.0,None
23:27:40.573,Active,421.1,2.4,97.1,11.6,74.9,No,0.0,None
23:27:41.012,Active,430.4,2.4,95.4,11.6,75.5,No,0.0,None
23:27:41.430,Active,408.6,2.4,98.2,11.6,74.9,No,0.0,None
23:27:41.874,Active,434.4,2.4,94.9,11.5,74.9,No,0.0,None
23:27:42.290,Active,408.8,2.4,98.2,11.5,74.9,No,0.0,None
23:27:42.707,Active,410.0,2.4,98.8,11.5,75.5,No,0.0,None
23:27:43.122,Active,408.4,2.4,98.2,11.5,76.0,No,0.0,None
23:27:43.537,Active,409.5,2.4,98.8,11.5,75.5,No,0.0,None
23:27:43.950,Active,405.8,2.4,99.4,11.5,76.5,No,0.0,None
23:27:44.362,Active,405.3,2.4,98.8,11.5,76.0,No,0.0,None
23:27:44.783,Active,411.1,2.4,98.2,11.5,75.5,No,0.0,None
23:27:45.194,Active,405.4,2.4,98.8,11.5,76.5,No,0.0,None
23:27:45.610,Active,408.9,2.4,98.8,11.5,76.5,No,0.0,None
23:27:46.021,Active,404.3,2.4,98.8,11.5,76.5,No,0.0,None
23:27:46.462,Active,434.4,2.4,95.4,11.5,76.5,No,0.0,None
23:27:46.878,Active,407.1,2.4,97.6,11.5,76.5,No,0.0,None
23:27:47.318,Active,431.7,2.4,98.3,11.6,76.5,No,0.0,None
23:27:47.735,Active,407.9,2.4,98.2,11.6,77.1,No,0.0,None
23:27:48.152,Active,407.3,2.4,98.2,11.6,76.0,No,0.0,None
23:27:48.574,Active,413.8,2.4,98.2,11.6,76.5,No,0.0,None
23:27:48.991,Active,406.8,2.4,98.2,11.6,76.0,No,0.0,None
23:27:49.403,Active,404.3,2.4,98.2,11.6,76.5,No,0.0,None
23:27:49.815,Active,405.7,2.4,98.8,11.6,76.0,No,0.0,None
23:27:50.227,Active,405.6,2.4,99.4,11.6,76.5,No,0.0,None
23:27:50.642,Active,409.1,2.4,98.8,11.6,77.1,No,0.0,None
23:27:51.063,Active,411.2,2.4,97.6,11.6,77.1,No,0.0,None
23:27:51.478,Active,407.7,2.4,98.2,11.6,77.1,No,0.0,None
23:27:51.892,Active,406.5,2.4,98.8,11.5,77.1,No,0.0,None
23:27:52.319,Active,419.2,2.4,98.3,11.6,76.5,No,0.0,None
23:27:52.738,Active,409.9,2.4,98.2,11.6,77.1,No,0.0,None
23:27:53.147,Active,403.6,2.4,98.8,11.6,77.1,No,0.0,None
23:27:53.561,Active,407.6,2.4,100.0,11.6,77.1,No,0.0,None
23:27:53.973,Active,406.0,2.4,98.8,11.6,76.5,No,0.0,None
23:27:54.385,Active,406.2,2.4,99.4,11.6,77.1,No,0.0,None
23:27:54.801,Active,408.8,2.4,99.4,11.5,76.5,No,0.0,None
23:27:55.213,Active,406.1,2.4,99.4,11.5,77.1,No,0.0,None
23:27:55.625,Active,406.3,2.4,99.4,11.5,77.1,No,0.0,None
23:27:56.037,Active,406.4,2.4,99.4,11.5,77.1,No,0.0,None
23:27:56.453,Active,409.8,2.4,98.8,11.5,76.5,No,0.0,None
23:27:56.866,Active,406.7,2.4,99.4,11.5,76.5,No,0.0,None
23:27:57.293,Active,419.9,2.4,98.8,11.6,78.2,No,0.0,None
23:27:57.715,Active,414.2,2.4,97.6,11.6,77.1,No,0.0,None
23:27:58.130,Active,408.1,2.4,98.8,11.6,77.1,No,0.0,None
23:27:58.546,Active,409.2,2.4,98.8,11.6,77.7,No,0.0,None
23:27:58.960,Active,406.4,2.4,98.8,11.6,77.1,No,0.0,None
23:27:59.376,Active,406.5,2.4,98.2,11.6,77.1,No,0.0,None
23:27:59.802,Active,416.4,2.4,97.0,11.5,77.1,No,0.0,None
23:28:00.219,Active,407.9,2.4,98.2,11.5,77.7,No,0.0,None
23:28:00.633,Active,407.9,2.4,98.8,11.5,76.0,No,0.0,None
23:28:01.043,Active,404.4,2.4,99.4,11.5,77.1,No,0.0,None
23:28:01.460,Active,410.7,2.4,99.4,11.5,77.1,No,0.0,None
23:28:01.880,Active,414.2,2.4,97.6,11.5,77.7,No,0.0,None
23:28:02.312,Active,425.7,2.4,98.3,11.6,77.7,No,0.0,None
23:28:02.731,Active,409.5,2.4,98.2,11.6,77.7,No,0.0,None
23:28:03.253,Active,411.4,2.3,79.0,11.6,77.1,No,0.0,None
23:28:03.673,Active,410.5,2.3,98.2,11.6,77.7,No,0.0,None
23:28:04.084,Active,405.3,2.3,99.4,11.6,77.7,No,0.0,None
23:28:04.515,Active,421.6,2.3,96.5,11.6,76.5,No,0.0,None
23:28:04.931,Active,409.3,2.3,98.8,11.5,77.7,No,0.0,None
23:28:05.353,Active,415.1,2.3,96.4,11.5,77.7,No,0.0,None
23:28:05.767,Active,407.9,2.3,99.4,11.5,77.7,No,0.0,None
23:28:06.184,Active,407.3,2.3,97.6,11.5,77.7,No,0.0,None
23:28:06.602,Active,408.1,2.3,98.8,11.5,77.1,No,0.0,None
23:28:07.019,Active,407.3,2.3,97.6,11.5,78.2,No,0.0,None
23:28:07.433,Active,407.7,2.4,98.8,11.5,77.7,No,0.0,None
23:28:07.867,Active,425.9,2.4,98.8,11.5,78.2,No,0.0,None
23:28:08.289,Active,412.7,2.4,97.6,11.6,77.1,No,0.0,None
23:28:08.706,Active,408.9,2.4,98.8,11.6,77.1,No,0.0,None
23:28:09.120,Active,407.9,2.4,98.8,11.6,78.2,No,0.0,None
23:28:09.533,Active,406.9,2.4,99.4,11.6,78.2,No,0.0,None
23:28:09.951,Active,408.5,2.4,98.2,11.6,77.1,No,0.0,None
23:28:10.367,Active,409.6,2.4,98.2,11.6,78.2,No,0.0,None
23:28:10.781,Active,408.2,2.4,98.8,11.6,78.2,No,0.0,None
23:28:11.197,Active,407.6,2.4,98.8,11.6,78.2,No,0.0,None
23:28:11.615,Active,409.5,2.4,98.2,11.5,77.7,No,0.0,None
23:28:12.029,Active,407.7,2.4,98.8,11.5,78.2,No,0.0,None
23:28:12.451,Active,414.1,2.4,98.2,11.5,78.2,No,0.0,None
23:28:12.862,Active,404.7,2.4,98.8,11.5,78.2,No,0.0,None
23:28:13.279,Active,407.2,2.4,98.2,11.5,77.7,No,0.0,None
23:28:13.692,Active,407.0,2.4,99.4,11.5,78.2,No,0.0,None
23:28:14.110,Active,408.3,2.4,98.2,11.5,78.8,No,0.0,None
23:28:14.523,Active,407.3,2.4,98.8,11.5,78.2,No,0.0,None
23:28:14.935,Active,405.8,2.4,98.8,11.5,78.8,No,0.0,None
23:28:15.349,Active,406.2,2.4,98.2,11.5,78.2,No,0.0,None
23:28:15.765,Active,407.4,2.4,98.8,11.5,78.8,No,0.0,None
23:28:16.182,Active,407.3,2.4,97.0,11.5,77.7,No,0.0,None
23:28:16.600,Active,409.0,2.4,98.2,11.5,78.2,No,0.0,None
23:28:17.015,Active,405.6,2.4,98.8,11.5,78.2,No,0.0,None
23:28:17.441,Active,412.8,2.4,96.5,11.5,78.2,No,0.0,None
23:28:17.885,Active,436.3,2.4,98.9,11.5,77.7,No,0.0,None
23:28:18.307,Active,413.3,2.4,97.0,11.5,78.8,No,0.0,None
23:29:03.745,Active,421.5,2.4,1.4,11.7,59.0,No,0.0,None
23:29:04.256,Active,402.7,2.4,79.9,11.7,60.6,No,0.0,None
23:29:04.673,Active,407.6,2.4,98.8,11.7,61.1,No,0.0,None
23:29:05.084,Active,405.8,5.7,99.4,11.7,63.4,No,0.0,None
23:29:05.505,Active,408.7,5.7,98.8,11.7,63.9,No,0.0,None
23:29:05.921,Active,409.9,5.7,98.2,11.7,63.9,No,0.0,None
23:29:06.333,Active,406.4,5.7,99.4,11.6,64.5,No,0.0,None
23:29:06.744,Active,405.4,5.7,100.0,11.6,65.5,No,0.0,None
23:29:07.156,Active,405.8,5.7,99.4,11.6,66.1,No,0.0,None
23:29:07.571,Active,404.8,5.7,98.2,11.6,66.7,No,0.0,None
23:29:07.981,Active,403.8,5.7,100.0,11.6,67.2,No,0.0,None
23:29:08.397,Active,404.5,5.7,98.2,11.6,67.8,No,0.0,None
23:29:08.832,Active,425.3,5.7,98.9,11.7,67.8,No,0.0,None
23:29:09.245,Active,403.5,2.4,98.8,11.7,68.3,No,0.0,None
23:29:09.661,Active,408.1,2.4,99.4,11.7,68.8,No,0.0,None
23:29:10.077,Active,409.5,2.4,98.2,11.7,69.4,No,0.0,None
23:29:10.505,Active,419.9,2.4,96.4,11.7,69.4,No,0.0,None
23:29:10.919,Active,407.5,2.4,98.8,11.7,70.0,No,0.0,None
23:29:11.338,Active,413.4,2.4,97.6,11.7,69.4,No,0.0,None
23:29:11.754,Active,409.8,2.4,98.8,11.7,70.0,No,0.0,None
23:29:12.169,Active,408.2,2.4,98.8,11.6,70.5,No,0.0,None
23:29:12.586,Active,411.0,2.4,98.8,11.7,70.5,No,0.0,None
23:29:13.002,Active,409.4,2.4,98.8,11.6,70.5,No,0.0,None
23:29:13.447,Active,437.8,2.4,94.4,11.6,71.6,No,0.0,None
23:29:13.859,Active,406.4,2.4,98.8,11.6,71.0,No,0.0,None
23:29:14.278,Active,408.0,2.4,97.6,11.6,72.2,No,0.0,None
23:29:14.695,Active,409.5,2.4,98.8,11.6,71.6,No,0.0,None
23:29:15.108,Active,407.1,2.4,99.4,11.6,72.2,No,0.0,None
23:29:15.524,Active,407.3,2.4,98.2,11.6,72.2,No,0.0,None
23:29:15.939,Active,406.2,2.4,98.2,11.6,72.2,No,0.0,None
23:29:16.355,Active,407.0,2.4,98.2,11.6,72.2,No,0.0,None
23:29:16.769,Active,407.8,2.4,99.4,11.6,72.7,No,0.0,None
23:29:17.186,Active,408.6,2.4,98.8,11.6,72.7,No,0.0,None
23:29:17.603,Active,410.8,2.4,98.8,11.6,72.2,No,0.0,None
23:29:18.017,Active,407.9,2.4,98.2,11.6,72.7,No,0.0,None
23:29:18.437,Active,413.9,2.4,97.6,11.6,72.2,No,0.0,None
23:29:18.880,Active,436.3,2.4,98.3,11.7,72.7,No,0.0,None
23:29:19.297,Active,406.7,2.4,98.2,11.8,73.2,No,0.0,None
23:29:19.713,Active,407.3,2.4,98.2,11.8,73.8,No,0.0,None
23:29:20.125,Active,404.8,2.4,99.4,11.8,73.2,No,0.0,None
23:29:20.543,Active,411.6,2.4,98.8,11.8,73.2,No,0.0,None
23:29:20.961,Active,407.4,2.4,97.6,11.7,73.8,No,0.0,None
23:29:21.372,Active,405.6,2.4,99.4,11.7,73.8,No,0.0,None
23:29:21.789,Active,408.2,2.4,98.2,11.7,73.8,No,0.0,None
23:29:22.205,Active,407.6,2.4,98.8,11.7,74.3,No,0.0,None
23:29:22.622,Active,408.6,2.4,98.2,11.7,73.2,No,0.0,None
23:29:23.037,Active,407.5,2.4,98.8,11.7,73.8,No,0.0,None
23:29:23.455,Active,409.6,2.4,98.2,11.7,74.3,No,0.0,None
23:29:23.877,Active,415.5,2.4,98.8,11.7,74.3,No,0.0,None
23:29:24.293,Active,407.3,2.4,98.8,11.7,74.9,No,0.0,None
23:29:24.709,Active,408.0,2.4,98.8,11.7,74.3,No,0.0,None
23:29:25.123,Active,405.5,2.4,98.8,11.7,74.9,No,0.0,None
23:29:25.536,Active,407.4,2.4,99.4,11.7,74.9,No,0.0,None
23:29:25.946,Active,403.7,2.4,98.8,11.7,74.9,No,0.0,None
23:29:26.362,Active,409.6,2.4,99.4,11.7,74.3,No,0.0,None
23:29:26.778,Active,408.5,2.4,98.8,11.7,74.3,No,0.0,None
23:29:27.192,Active,407.0,2.4,98.2,11.7,75.5,No,0.0,None
23:29:27.616,Active,414.4,2.4,98.2,11.6,74.9,No,0.0,None
23:29:28.032,Active,406.9,2.4,98.2,11.6,75.5,No,0.0,None
23:29:28.450,Active,409.3,2.4,98.2,11.6,74.9,No,0.0,None
23:29:28.886,Active,428.5,2.4,98.9,11.6,74.9,No,0.0,None
23:29:29.302,Active,410.0,2.4,98.8,11.6,74.9,No,0.0,None
23:29:29.723,Active,413.5,2.4,97.6,11.6,74.9,No,0.0,None
23:29:30.137,Active,407.8,2.4,98.8,11.6,75.5,No,0.0,None
23:29:30.553,Active,407.6,2.4,99.4,11.6,76.0,No,0.0,None
23:29:30.966,Active,406.8,2.4,99.4,11.6,75.5,No,0.0,None
23:29:31.381,Active,407.5,2.4,98.2,11.6,75.5,No,0.0,None
23:29:31.798,Active,409.4,2.4,98.8,11.6,76.0,No,0.0,None
23:29:32.213,Active,408.7,2.4,98.8,11.6,76.5,No,0.0,None
23:29:32.628,Active,409.1,2.4,98.8,11.6,75.5,No,0.0,None
23:29:33.042,Active,407.2,2.4,98.2,11.6,74.9,No,0.0,None
23:29:33.561,Active,409.2,2.4,78.6,11.6,74.9,No,0.0,None
23:29:34.065,Active,495.6,2.4,93.0,11.6,74.9,No,0.0,None
23:29:34.477,Active,406.5,2.3,100.0,11.6,75.5,No,0.0,None
23:29:34.892,Active,406.8,2.3,98.8,11.6,76.0,No,0.0,None
23:29:35.313,Active,412.9,2.3,97.0,11.6,75.5,No,0.0,None
23:29:35.739,Active,417.6,2.3,97.0,11.6,76.0,No,0.0,None
23:29:36.154,Active,409.1,2.3,98.8,11.6,75.5,No,0.0,None
23:29:36.594,Active,433.8,2.3,94.9,11.6,75.5,No,0.0,None
23:29:37.007,Active,405.9,2.3,98.2,11.6,76.5,No,0.0,None
23:29:37.423,Active,407.2,2.3,98.2,11.6,75.5,No,0.0,None
23:29:37.835,Active,405.5,2.3,99.4,11.6,76.5,No,0.0,None
23:29:38.248,Active,407.3,2.3,98.8,11.6,76.5,No,0.0,None
23:29:38.672,Active,414.6,2.4,97.0,11.6,76.0,No,0.0,None
23:29:39.107,Active,428.7,2.4,98.8,11.6,76.0,No,0.0,None
23:29:39.522,Active,407.8,2.4,98.2,11.6,77.1,No,0.0,None
23:29:39.939,Active,406.9,2.4,98.2,11.6,76.5,No,0.0,None
23:29:40.354,Active,406.9,2.4,97.6,11.6,76.0,No,0.0,None
23:29:40.770,Active,408.4,2.4,98.8,11.6,76.0,No,0.0,None
23:29:41.185,Active,409.0,2.4,99.4,11.6,76.5,No,0.0,None
23:29:41.596,Active,405.4,2.4,99.4,11.6,76.0,No,0.0,None
23:29:42.008,Active,406.4,2.4,99.4,11.6,76.0,No,0.0,None
23:29:42.423,Active,408.4,2.4,99.4,11.6,76.5,No,0.0,None
23:29:42.836,Active,406.5,2.4,99.4,11.6,77.1,No,0.0,None
23:29:43.249,Active,407.3,2.4,98.8,11.6,76.5,No,0.0,None
23:29:43.666,Active,408.6,2.4,98.8,11.6,77.1,No,0.0,None
23:29:44.079,Active,406.9,2.4,98.8,11.6,77.1,No,0.0,None
23:29:44.497,Active,409.1,2.4,98.2,11.6,76.5,No,0.0,None
23:29:44.910,Active,407.9,2.4,98.8,11.5,76.5,No,0.0,None
23:29:45.323,Active,406.8,2.4,98.8,11.5,77.1,No,0.0,None
23:29:45.750,Active,417.0,2.4,97.1,11.5,77.1,No,0.0,None
23:29:46.166,Active,408.3,2.4,98.2,11.5,76.5,No,0.0,None
23:29:46.585,Active,412.0,2.4,98.2,11.5,76.5,No,0.0,None
23:29:47.001,Active,406.1,2.4,97.6,11.5,78.2,No,0.0,None
23:29:47.415,Active,407.4,2.4,98.8,11.5,77.1,No,0.0,None
23:29:47.923,Active,410.0,2.4,81.2,11.5,77.1,No,0.0,None
23:29:48.336,Active,407.1,2.4,98.2,11.5,76.5,No,0.0,None
23:29:48.754,Active,411.6,2.4,98.8,11.5,76.5,No,0.0,None
23:29:49.194,Active,433.9,2.4,98.3,11.6,76.5,No,0.0,None
23:29:49.612,Active,411.2,2.4,98.2,11.6,76.5,No,0.0,None
23:29:50.031,Active,412.2,2.4,98.2,11.6,76.5,No,0.0,None
23:29:50.468,Active,430.8,2.4,94.9,11.6,77.1,No,0.0,None
23:29:50.900,Active,424.3,2.4,95.9,11.6,77.7,No,0.0,None
23:29:51.316,Active,407.1,2.3,98.2,11.6,77.7,No,0.0,None
23:29:51.735,Active,409.9,2.3,98.2,11.6,76.5,No,0.0,None
23:29:52.249,Active,403.8,2.3,78.7,11.6,76.5,No,0.0,None
23:29:52.668,Active,408.4,2.3,98.2,11.6,76.5,No,0.0,None
23:29:53.081,Active,407.2,2.3,98.8,11.6,76.5,No,0.0,None
23:29:53.498,Active,408.6,2.3,98.2,11.6,77.1,No,0.0,None
23:29:53.911,Active,405.4,2.3,98.8,11.6,76.5,No,0.0,None
23:29:54.338,Active,416.7,2.3,97.7,11.6,77.1,No,0.0,None
23:29:54.754,Active,410.0,2.3,99.4,11.6,76.5,No,0.0,None
23:29:55.168,Active,407.1,2.3,98.8,11.6,77.7,No,0.0,None
23:29:55.583,Active,408.1,2.3,98.8,11.6,77.1,No,0.0,None
23:29:55.997,Active,407.5,2.3,98.8,11.6,77.7,No,0.0,None
23:29:56.413,Active,407.8,2.3,98.2,11.5,77.1,No,0.0,None
23:29:56.825,Active,404.4,2.3,98.2,11.5,77.7,No,0.0,None
23:29:57.240,Active,404.4,2.3,98.2,11.5,77.1,No,0.0,None
23:29:57.660,Active,409.8,2.3,98.2,11.5,77.1,No,0.0,None
23:29:58.074,Active,406.5,2.3,98.2,11.5,77.7,No,0.0,None
23:29:58.488,Active,407.3,2.3,99.4,11.5,77.7,No,0.0,None
23:29:58.910,Active,412.4,2.3,97.6,11.5,78.2,No,0.0,None
23:29:59.343,Active,427.0,2.3,98.8,11.6,77.1,No,0.0,None
23:29:59.758,Active,409.1,2.4,98.2,11.6,77.7,No,0.0,None
23:30:00.175,Active,409.7,2.4,98.8,11.6,77.7,No,0.0,None
23:30:00.590,Active,409.4,2.4,98.8,11.6,78.2,No,0.0,None
23:30:01.004,Active,406.5,2.4,98.8,11.6,78.8,No,0.0,None
23:30:01.418,Active,407.9,2.4,98.8,11.5,78.2,No,0.0,None
23:30:01.834,Active,405.9,2.4,98.2,11.5,78.2,No,0.0,None
23:30:02.252,Active,410.8,2.4,98.8,11.5,78.2,No,0.0,None
23:30:02.667,Active,409.1,2.4,99.4,11.5,77.7,No,0.0,None
23:30:03.090,Active,416.7,2.4,97.0,11.5,78.2,No,0.0,None
23:30:03.511,Active,414.3,2.4,97.6,11.5,78.2,No,0.0,None
23:30:48.948,Active,419.0,23.6,1.1,11.5,59.5,No,0.0,None
23:30:49.364,Active,407.3,23.6,98.8,11.5,62.2,No,0.0,None
23:30:49.779,Active,408.1,23.6,98.8,11.5,62.2,No,0.0,None
23:30:50.219,Active,431.9,23.6,97.7,11.6,63.4,No,0.0,None
23:30:50.638,Active,408.7,23.6,98.2,11.6,63.4,No,0.0,None
23:30:51.051,Active,407.0,23.6,98.8,11.6,63.9,No,0.0,None
23:30:51.466,Active,408.4,23.6,98.8,11.6,65.5,No,0.0,None
23:30:51.882,Active,408.8,23.6,98.8,11.6,66.1,No,0.0,None
23:30:52.295,Active,406.8,23.6,98.8,11.6,66.1,No,0.0,None
23:30:52.709,Active,408.2,23.6,98.8,11.6,67.2,No,0.0,None
23:30:53.122,Active,406.4,2.4,99.4,11.6,67.2,No,0.0,None
23:30:53.545,Active,416.2,2.4,97.6,11.6,67.8,No,0.0,None
23:30:53.958,Active,405.6,2.4,98.8,11.5,67.8,No,0.0,None
23:30:54.375,Active,410.1,2.4,98.8,11.5,68.8,No,0.0,None
23:30:54.790,Active,408.8,2.4,98.8,11.5,69.4,No,0.0,None
23:30:55.207,Active,409.8,2.4,98.8,11.5,70.0,No,0.0,None
23:30:55.628,Active,410.9,2.4,97.6,11.6,69.4,No,0.0,None
23:30:56.044,Active,406.7,2.4,98.2,11.6,70.0,No,0.0,None
23:30:56.460,Active,409.8,2.4,99.4,11.6,70.0,No,0.0,None
23:30:56.877,Active,407.0,2.4,98.2,11.6,70.5,No,0.0,None
23:30:57.288,Active,404.9,2.4,99.4,11.6,70.5,No,0.0,None
23:30:57.702,Active,408.9,2.4,98.8,11.6,71.0,No,0.0,None
23:30:58.118,Active,408.2,2.4,98.8,11.6,70.5,No,0.0,None
23:30:58.534,Active,408.7,2.4,98.2,11.5,71.0,No,0.0,None
23:30:58.949,Active,404.9,2.4,98.2,11.5,71.6,No,0.0,None
23:30:59.366,Active,407.5,2.4,98.8,11.5,72.2,No,0.0,None
23:30:59.779,Active,407.1,2.4,99.4,11.5,72.2,No,0.0,None
23:31:00.196,Active,407.9,2.4,97.6,11.5,72.2,No,0.0,None
23:31:00.639,Active,433.6,2.4,96.1,11.6,72.2,No,0.0,None
23:31:01.055,Active,409.7,2.4,99.4,11.6,73.2,No,0.0,None
23:31:01.475,Active,414.0,2.4,97.0,11.6,73.2,No,0.0,None
23:31:01.886,Active,404.8,2.4,99.4,11.6,73.8,No,0.0,None
23:31:02.299,Active,405.8,2.4,98.8,11.6,73.2,No,0.0,None
23:31:02.714,Active,408.9,2.4,98.8,11.5,72.7,No,0.0,None
23:31:03.142,Active,416.9,2.4,96.5,11.5,73.2,No,0.0,None
23:31:03.559,Active,409.9,2.4,98.8,11.5,73.2,No,0.0,None
23:31:03.981,Active,415.8,2.4,97.6,11.5,73.8,No,0.0,None
23:31:04.400,Active,409.2,2.4,97.6,11.5,73.8,No,0.0,None
23:31:04.818,Active,408.8,2.4,98.2,11.5,72.7,No,0.0,None
23:31:05.235,Active,407.2,2.4,97.6,11.5,73.8,No,0.0,None
23:31:05.674,Active,428.5,2.4,97.1,11.5,73.2,No,0.0,None
23:31:06.096,Active,415.3,2.4,96.5,11.6,74.3,No,0.0,None
23:31:06.513,Active,407.9,2.4,98.2,11.6,73.8,No,0.0,None
23:31:06.952,Active,430.6,2.4,94.8,11.5,74.3,No,0.0,None
23:31:07.366,Active,407.8,2.4,98.8,11.5,73.8,No,0.0,None
23:31:07.799,Active,425.4,2.4,97.1,11.5,73.8,No,0.0,None
23:31:08.213,Active,407.9,2.4,98.8,11.5,74.3,No,0.0,None
23:31:08.629,Active,408.0,2.4,98.2,11.5,74.9,No,0.0,None
23:31:09.049,Active,412.0,2.4,97.6,11.5,75.5,No,0.0,None
23:31:09.467,Active,409.5,2.4,98.8,11.5,74.3,No,0.0,None
23:31:09.883,Active,407.0,2.4,97.6,11.5,74.9,No,0.0,None
23:31:10.299,Active,406.3,2.4,98.8,11.6,74.3,No,0.0,None
23:31:10.739,Active,432.2,2.4,98.3,11.5,74.3,No,0.0,None
23:31:11.267,Active,422.0,2.4,78.9,11.6,75.5,No,0.0,None
23:31:11.685,Active,409.0,2.4,98.8,11.6,73.2,No,0.0,None
23:31:12.102,Active,407.0,2.4,97.0,11.6,74.9,No,0.0,None
23:31:12.515,Active,407.3,2.4,99.4,11.6,75.5,No,0.0,None
23:31:12.926,Active,404.8,2.4,99.4,11.6,75.5,No,0.0,None
23:31:13.341,Active,408.1,2.4,98.8,11.6,75.5,No,0.0,None
23:31:13.777,Active,429.5,2.4,94.8,11.5,75.5,No,0.0,None
23:31:14.191,Active,407.8,2.3,98.8,11.5,76.0,No,0.0,None
23:31:14.605,Active,408.4,2.3,98.8,11.5,75.5,No,0.0,None
23:31:15.021,Active,407.9,2.3,98.2,11.5,75.5,No,0.0,None
23:31:15.441,Active,411.9,2.3,98.2,11.5,74.9,No,0.0,None
23:31:15.859,Active,409.8,2.3,98.2,11.5,76.0,No,0.0,None
23:31:16.293,Active,427.6,2.3,95.4,11.5,76.0,No,0.0,None
23:31:16.710,Active,408.5,2.3,98.8,11.5,76.0,No,0.0,None
23:31:17.123,Active,405.6,2.3,98.8,11.5,74.3,No,0.0,None
23:31:17.538,Active,408.8,2.3,99.4,11.5,75.5,No,0.0,None
23:31:17.958,Active,412.9,2.3,97.6,11.5,76.0,No,0.0,None
23:31:18.374,Active,409.2,2.4,99.4,11.5,76.5,No,0.0,None
23:31:18.788,Active,408.4,2.4,98.8,11.5,75.5,No,0.0,None
23:31:19.210,Active,412.7,2.4,97.6,11.5,76.0,No,0.0,None
23:31:19.625,Active,407.8,2.4,98.8,11.5,76.5,No,0.0,None
23:31:20.041,Active,407.9,2.4,98.2,11.5,76.0,No,0.0,None
23:31:20.464,Active,413.3,2.4,98.2,11.5,76.5,No,0.0,None
23:31:20.911,Active,440.5,2.4,98.3,11.5,76.5,No,0.0,None
23:31:21.326,Active,409.0,2.4,98.8,11.6,76.5,No,0.0,None
23:31:21.744,Active,411.1,2.4,98.2,11.6,76.0,No,0.0,None
23:31:22.162,Active,409.3,2.4,98.8,11.6,76.5,No,0.0,None
23:31:22.577,Active,408.5,2.4,98.2,11.6,76.5,No,0.0,None
23:31:22.992,Active,406.8,2.4,98.2,11.6,76.0,No,0.0,None
23:31:23.408,Active,406.5,2.4,98.2,11.6,76.5,No,0.0,None
23:31:23.819,Active,405.1,2.4,99.4,11.5,77.1,No,0.0,None
23:31:24.234,Active,406.5,2.4,98.2,11.5,77.1,No,0.0,None
23:31:24.649,Active,408.0,2.4,98.8,11.5,77.1,No,0.0,None
23:31:25.061,Active,406.3,2.4,99.4,11.5,76.0,No,0.0,None
23:31:25.478,Active,408.3,2.4,98.2,11.5,77.1,No,0.0,None
23:31:25.902,Active,416.7,2.4,98.8,11.6,76.5,No,0.0,None
23:31:26.317,Active,408.0,2.4,98.8,11.6,77.1,No,0.0,None
23:31:26.734,Active,410.4,2.4,98.8,11.6,77.1,No,0.0,None
23:31:27.253,Active,407.7,2.4,78.8,11.6,76.5,No,0.0,None
23:31:27.669,Active,409.4,2.4,98.8,11.5,77.1,No,0.0,None
23:31:28.080,Active,405.5,2.4,99.4,11.6,76.5,No,0.0,None
23:31:28.493,Active,406.6,2.4,99.4,11.5,77.1,No,0.0,None
23:31:28.907,Active,408.0,2.4,99.4,11.5,77.1,No,0.0,None
23:31:29.321,Active,407.8,2.4,97.6,11.5,77.1,No,0.0,None
23:31:29.739,Active,410.0,2.4,98.2,11.5,77.1,No,0.0,None
23:31:30.268,Active,418.3,2.4,77.8,11.5,77.1,No,0.0,None
23:31:30.690,Active,411.5,2.4,98.2,11.5,76.0,No,0.0,None
23:31:31.114,Active,417.0,2.3,98.2,11.5,77.1,No,0.0,None
23:31:31.533,Active,409.4,2.3,97.6,11.6,77.1,No,0.0,None
23:31:31.952,Active,409.2,2.3,98.2,11.6,77.1,No,0.0,None
23:31:32.372,Active,407.4,2.3,97.6,11.6,77.7,No,0.0,None
23:31:32.787,Active,408.1,2.3,98.8,11.5,78.2,No,0.0,None
23:31:33.198,Active,405.0,2.3,99.4,11.5,77.7,No,0.0,None
23:31:33.615,Active,410.3,2.3,98.8,11.5,77.1,No,0.0,None
23:31:34.032,Active,411.5,2.3,98.2,11.5,77.1,No,0.0,None
23:31:34.449,Active,407.9,2.3,98.8,11.5,77.1,No,0.0,None
23:31:34.860,Active,405.2,2.3,99.4,11.5,77.7,No,0.0,None
23:31:35.274,Active,405.8,2.4,98.8,11.5,77.1,No,0.0,None
23:31:35.697,Active,414.4,2.4,97.6,11.5,77.7,No,0.0,None
23:31:36.138,Active,432.3,2.4,96.6,11.5,77.7,No,0.0,None
23:31:36.554,Active,407.4,2.4,98.2,11.6,78.2,No,0.0,None
23:31:36.973,Active,408.3,2.4,98.2,11.6,77.7,No,0.0,None
23:31:37.390,Active,408.7,2.4,98.2,11.6,77.1,No,0.0,None
23:31:37.805,Active,409.1,2.4,98.2,11.6,78.2,No,0.0,None
23:31:38.219,Active,406.9,2.4,98.8,11.6,77.7,No,0.0,None
23:31:38.637,Active,407.6,2.4,98.2,11.5,77.7,No,0.0,None
23:31:39.048,Active,405.5,2.4,100.0,11.5,77.1,No,0.0,None
23:31:39.464,Active,409.9,2.4,98.8,11.5,77.7,No,0.0,None
23:31:39.876,Active,406.2,2.4,99.4,11.5,77.7,No,0.0,None
23:31:40.301,Active,417.3,2.4,96.4,11.5,78.2,No,0.0,None
23:31:40.717,Active,406.4,2.4,98.8,11.5,78.2,No,0.0,None
23:31:41.158,Active,434.4,2.4,99.4,11.6,78.8,No,0.0,None
23:31:41.579,Active,415.3,2.4,97.6,11.6,78.2,No,0.0,None
23:31:41.993,Active,407.7,2.4,98.2,11.6,78.2,No,0.0,None
23:31:42.408,Active,407.3,2.4,98.2,11.6,77.1,No,0.0,None
23:31:42.825,Active,407.2,2.4,98.2,11.6,77.7,No,0.0,None
23:31:43.241,Active,407.4,2.4,98.2,11.6,78.2,No,0.0,None
23:31:43.658,Active,410.9,2.4,98.8,11.6,78.2,No,0.0,None
23:31:44.072,Active,406.9,2.4,98.2,11.6,78.2,No,0.0,None
23:31:44.586,Active,408.1,2.4,79.9,11.5,77.7,No,0.0,None
23:31:45.001,Active,408.2,2.4,98.8,11.5,77.7,No,0.0,None
23:31:45.417,Active,409.7,2.4,98.8,11.5,77.1,No,0.0,None
23:31:45.921,Active,403.8,2.4,80.6,11.5,77.7,No,0.0,None
23:31:46.336,Active,406.9,2.4,99.4,11.5,77.1,No,0.0,None
23:31:46.751,Active,408.7,2.4,98.8,11.5,77.7,No,0.0,None
23:31:47.166,Active,405.8,2.4,98.2,11.6,78.2,No,0.0,None
23:31:47.583,Active,409.9,2.4,98.8,11.6,78.2,No,0.0,None
23:31:47.998,Active,408.3,2.3,98.8,11.6,78.2,No,0.0,None
23:31:48.413,Active,409.7,2.3,98.8,11.6,78.2,No,0.0,None
23:31:48.828,Active,407.2,2.3,98.2,11.6,77.7,No,0.0,None
23:32:34.267,Active,424.6,2.3,1.3,11.6,59.0,No,0.0,None
23:32:34.677,Active,403.8,2.3,99.4,11.5,60.6,No,0.0,None
23:32:35.087,Active,404.0,2.3,100.0,11.5,61.1,No,0.0,None
23:32:35.507,Active,410.8,2.3,98.2,11.5,63.4,No,0.0,None
23:32:35.938,Active,422.2,2.3,96.5,11.5,62.8,No,0.0,None
23:32:36.355,Active,407.5,2.3,97.6,11.5,64.5,No,0.0,None
23:32:36.798,Active,435.3,2.3,98.3,11.6,63.9,No,0.0,None
23:32:37.214,Active,406.8,3.0,97.6,11.6,66.1,No,0.0,None
23:32:37.633,Active,408.5,3.0,98.8,11.6,66.1,No,0.0,None
23:32:38.048,Active,408.4,3.0,98.8,11.6,66.7,No,0.0,None
23:32:38.464,Active,408.4,3.0,98.8,11.6,67.2,No,0.0,None
23:32:38.880,Active,407.1,3.0,98.2,11.6,67.8,No,0.0,None
23:32:39.300,Active,409.9,3.0,98.2,11.6,67.8,No,0.0,None
23:32:39.720,Active,411.0,3.0,98.2,11.6,68.3,No,0.0,None
23:32:40.133,Active,404.8,3.0,98.8,11.6,69.4,No,0.0,None
23:32:40.548,Active,408.6,3.0,99.4,11.6,70.5,No,0.0,None
23:32:40.964,Active,403.0,3.0,98.2,11.6,69.4,No,0.0,None
23:32:41.376,Active,406.1,2.4,99.4,11.6,69.4,No,0.0,None
23:32:41.789,Active,406.7,2.4,99.4,11.6,70.5,No,0.0,None
23:32:42.217,Active,419.6,2.4,99.4,11.6,70.5,No,0.0,None
23:32:42.629,Active,404.8,2.4,99.4,11.6,70.5,No,0.0,None
23:32:43.042,Active,404.4,2.4,99.4,11.6,70.5,No,0.0,None
23:32:43.457,Active,409.9,2.4,98.8,11.6,71.0,No,0.0,None
23:32:43.870,Active,407.0,2.4,99.4,11.6,71.0,No,0.0,None
23:32:44.287,Active,407.3,2.4,97.6,11.6,72.2,No,0.0,None
23:32:44.702,Active,408.1,2.4,99.4,11.6,71.6,No,0.0,None
23:32:45.118,Active,406.3,2.4,98.2,11.6,71.6,No,0.0,None
23:32:45.534,Active,408.9,2.4,98.8,11.6,71.6,No,0.0,None
23:32:45.947,Active,406.1,2.4,98.8,11.6,71.0,No,0.0,None
23:32:46.365,Active,407.7,2.4,98.2,11.6,72.2,No,0.0,None
23:32:46.787,Active,413.7,2.4,97.6,11.6,72.2,No,0.0,None
23:32:47.206,Active,412.7,2.4,99.4,11.6,72.2,No,0.0,None
23:32:47.622,Active,408.6,2.4,98.2,11.6,72.7,No,0.0,None
23:32:48.058,Active,428.9,2.4,95.4,11.6,72.7,No,0.0,None
23:32:48.471,Active,405.7,2.4,98.8,11.6,72.7,No,0.0,None
23:32:48.887,Active,407.5,2.4,98.2,11.6,72.7,No,0.0,None
23:32:49.306,Active,408.5,2.4,98.2,11.6,73.2,No,0.0,None
23:32:49.720,Active,406.7,2.4,98.8,11.6,73.8,No,0.0,None
23:32:50.132,Active,406.3,2.4,99.4,11.6,73.2,No,0.0,None
23:32:50.545,Active,407.1,2.4,99.4,11.6,73.2,No,0.0,None
23:32:50.960,Active,408.5,2.4,98.8,11.6,73.8,No,0.0,None
23:32:51.375,Active,406.0,2.4,98.8,11.6,73.8,No,0.0,None
23:32:51.795,Active,409.8,2.4,97.6,11.6,73.8,No,0.0,None
23:32:52.247,Active,442.8,2.4,97.8,11.6,73.8,No,0.0,None
23:32:52.672,Active,417.6,2.4,97.1,11.6,74.3,No,0.0,None
23:32:53.087,Active,405.9,2.4,98.2,11.6,74.9,No,0.0,None
23:32:53.505,Active,408.3,2.4,98.2,11.6,74.3,No,0.0,None
23:32:53.921,Active,406.1,2.4,98.2,11.6,74.9,No,0.0,None
23:32:54.335,Active,406.9,2.4,98.8,11.6,74.3,No,0.0,None
23:32:54.753,Active,411.6,2.4,98.8,11.6,74.3,No,0.0,None
23:32:55.170,Active,409.0,2.4,98.2,11.6,74.3,No,0.0,None
23:32:55.587,Active,410.5,2.4,98.2,11.6,73.8,No,0.0,None
23:32:56.003,Active,406.2,2.4,98.2,11.6,74.9,No,0.0,None
23:32:56.418,Active,408.4,2.4,98.8,11.6,74.9,No,0.0,None
23:32:56.829,Active,405.4,2.4,99.4,11.6,74.9,No,0.0,None
23:32:57.247,Active,412.0,2.4,99.4,11.6,74.9,No,0.0,None
23:32:57.657,Active,404.0,2.4,100.0,11.6,75.5,No,0.0,None
23:32:58.069,Active,403.5,2.4,99.4,11.6,76.5,No,0.0,None
23:32:58.481,Active,406.7,2.4,99.4,11.6,74.9,No,0.0,None
23:32:58.892,Active,404.9,2.4,100.0,11.5,74.9,No,0.0,None
23:32:59.306,Active,407.9,2.4,98.8,11.5,74.9,No,0.0,None
23:32:59.724,Active,410.7,2.4,98.8,11.5,76.0,No,0.0,None
23:33:00.142,Active,408.5,2.4,97.6,11.5,73.8,No,0.0,None
23:33:00.563,Active,413.5,2.4,98.2,11.5,75.5,No,0.0,None
23:33:00.974,Active,405.5,2.4,98.8,11.5,75.5,No,0.0,None
23:33:01.387,Active,406.1,2.4,98.8,11.5,76.0,No,0.0,None
23:33:01.821,Active,424.2,2.4,96.0,11.5,74.9,No,0.0,None
23:33:02.251,Active,423.5,2.4,98.8,11.6,75.5,No,0.0,None
23:33:02.678,Active,417.1,2.4,97.7,11.6,76.0,No,0.0,None
23:33:03.096,Active,408.0,2.4,98.2,11.6,75.5,No,0.0,None
23:33:03.514,Active,409.2,2.4,97.6,11.6,76.0,No,0.0,None
23:33:03.936,Active,411.0,2.4,97.0,11.6,75.5,No,0.0,None
23:33:04.458,Active,412.7,2.4,79.2,11.6,76.0,No,0.0,None
23:33:04.874,Active,405.6,2.4,98.2,11.6,74.9,No,0.0,None
23:33:05.292,Active,408.6,2.4,97.6,11.6,76.0,No,0.0,None
23:33:05.711,Active,408.9,2.4,98.2,11.6,75.5,No,0.0,None
23:33:06.131,Active,409.5,2.4,98.8,11.5,75.5,No,0.0,None
23:33:06.550,Active,411.7,2.3,98.2,11.5,76.0,No,0.0,None
23:33:06.968,Active,408.5,2.3,97.0,11.5,76.0,No,0.0,None
23:33:07.405,Active,427.6,2.3,98.3,11.6,75.5,No,0.0,None
23:33:07.823,Active,407.4,2.3,98.2,11.6,76.0,No,0.0,None
23:33:08.236,Active,407.0,2.3,98.2,11.6,76.0,No,0.0,None
23:33:08.656,Active,410.7,2.3,98.8,11.6,76.0,No,0.0,None
23:33:09.073,Active,407.9,2.3,97.6,11.6,75.5,No,0.0,None
23:33:09.491,Active,409.5,2.3,98.2,11.6,76.5,No,0.0,None
23:33:09.906,Active,406.7,2.3,98.2,11.6,75.5,No,0.0,None
23:33:10.323,Active,407.0,2.3,98.2,11.6,76.0,No,0.0,None
23:33:10.740,Active,407.5,2.4,98.2,11.6,76.5,No,0.0,None
23:33:11.163,Active,408.4,2.4,97.0,11.6,77.1,No,0.0,None
23:33:11.578,Active,409.1,2.4,98.8,11.6,76.5,No,0.0,None
23:33:11.990,Active,406.3,2.4,98.8,11.6,76.0,No,0.0,None
23:33:12.404,Active,407.4,2.4,98.8,11.6,76.5,No,0.0,None
23:33:12.846,Active,431.3,2.4,97.7,11.6,76.5,No,0.0,None
23:33:13.265,Active,407.8,2.4,97.6,11.6,76.5,No,0.0,None
23:33:13.683,Active,409.5,2.4,98.2,11.6,76.5,No,0.0,None
23:33:14.099,Active,407.8,2.4,98.2,11.6,76.5,No,0.0,None
23:33:14.515,Active,406.8,2.4,98.2,11.6,77.1,No,0.0,None
23:33:14.930,Active,408.4,2.4,98.8,11.6,76.0,No,0.0,None
23:33:15.343,Active,406.0,2.4,98.8,11.6,77.7,No,0.0,None
23:33:15.759,Active,409.9,2.4,99.4,11.6,76.0,No,0.0,None
23:33:16.175,Active,409.1,2.4,98.2,11.6,77.1,No,0.0,None
23:33:16.590,Active,408.9,2.4,98.8,11.6,78.2,No,0.0,None
23:33:17.006,Active,406.1,2.4,98.2,11.6,76.5,No,0.0,None
23:33:17.426,Active,408.5,2.4,98.2,11.6,77.1,No,0.0,None
23:33:17.842,Active,406.3,2.4,97.6,11.6,77.7,No,0.0,None
23:33:18.255,Active,407.0,2.4,99.4,11.6,76.5,No,0.0,None
23:33:18.670,Active,408.9,2.4,98.2,11.6,77.1,No,0.0,None
23:33:19.086,Active,408.6,2.4,98.8,11.6,77.1,No,0.0,None
23:33:19.506,Active,409.0,2.4,97.6,11.6,77.1,No,0.0,None
23:33:19.922,Active,408.5,2.4,98.2,11.6,77.1,No,0.0,None
23:33:20.339,Active,409.9,2.4,98.8,11.5,77.1,No,0.0,None
23:33:20.755,Active,410.3,2.4,98.2,11.5,77.1,No,0.0,None
23:33:21.172,Active,406.5,2.4,98.2,11.5,77.1,No,0.0,None
23:33:21.590,Active,409.2,2.4,97.6,11.5,77.7,No,0.0,None
23:33:22.003,Active,405.7,2.4,99.4,11.5,77.1,No,0.0,None
23:33:22.422,Active,409.0,2.4,98.2,11.5,77.7,No,0.0,None
23:33:22.890,Active,460.5,2.4,96.3,11.6,77.1,No,0.0,None
23:33:23.302,Active,406.5,2.4,98.2,11.6,76.0,No,0.0,None
23:33:23.716,Active,408.0,2.4,98.8,11.6,77.7,No,0.0,None
23:33:24.133,Active,407.8,2.4,98.2,11.6,77.1,No,0.0,None
23:33:24.550,Active,409.3,2.4,98.2,11.6,78.2,No,0.0,None
23:33:24.966,Active,408.4,2.4,98.8,11.6,78.2,No,0.0,None
23:33:25.376,Active,404.2,2.4,99.4,11.6,77.7,No,0.0,None
23:33:25.794,Active,411.9,2.4,98.8,11.6,76.0,No,0.0,None
23:33:26.208,Active,408.8,2.4,98.8,11.6,77.1,No,0.0,None
23:33:26.626,Active,408.4,2.4,98.2,11.5,77.1,No,0.0,None
23:33:27.063,Active,429.5,2.4,94.9,11.5,77.7,No,0.0,None
23:33:27.482,Active,408.8,2.4,98.8,11.5,77.1,No,0.0,None
23:33:27.908,Active,419.0,2.4,98.2,11.5,77.1,No,0.0,None
23:33:28.322,Active,407.7,2.4,98.8,11.6,77.7,No,0.0,None
23:33:28.741,Active,409.1,2.4,98.2,11.5,77.7,No,0.0,None
23:33:29.156,Active,406.5,2.4,98.2,11.5,77.7,No,0.0,None
23:33:29.573,Active,407.9,2.4,98.2,11.5,77.7,No,0.0,None
23:33:29.985,Active,406.1,2.4,98.8,11.5,76.5,No,0.0,None
23:33:30.397,Active,406.1,2.4,99.4,11.5,77.7,No,0.0,None
23:33:30.829,Active,423.6,2.4,95.9,11.5,77.7,No,0.0,None
23:33:31.242,Active,405.1,2.4,98.2,11.5,78.2,No,0.0,None
23:33:31.656,Active,407.8,2.4,98.8,11.5,78.2,No,0.0,None
23:33:32.071,Active,406.0,2.4,98.2,11.5,78.8,No,0.0,None
23:33:32.490,Active,409.7,2.4,98.8,11.6,78.2,No,0.0,None
23:33:32.919,Active,422.1,2.4,98.2,11.6,78.2,No,0.0,None
23:33:33.334,Active,405.0,2.4,98.8,11.5,77.1,No,0.0,None
23:33:33.755,Active,410.8,2.4,98.2,11.5,77.7,No,0.0,None
23:33:34.166,Active,404.8,2.4,98.8,11.5,78.2,No,0.0,None
23:34:19.611,Active,430.6,2.4,1.1,11.5,58.4,No,0.0,None
23:34:20.038,Active,417.4,2.4,96.5,11.5,60.6,No,0.0,None
23:34:20.454,Active,409.7,2.4,98.8,11.5,61.7,No,0.0,None
23:34:20.867,Active,406.3,5.9,98.8,11.5,62.2,No,0.0,None
23:34:21.298,Active,424.8,5.9,97.1,11.5,62.2,No,0.0,None
23:34:21.713,Active,407.9,5.9,98.8,11.5,63.9,No,0.0,None
23:34:22.125,Active,406.0,5.9,99.4,11.5,65.0,No,0.0,None
23:34:22.552,Active,418.9,5.9,97.0,11.5,65.0,No,0.0,None
23:34:22.964,Active,405.6,5.9,98.8,11.5,66.1,No,0.0,None
23:34:23.384,Active,410.3,5.9,98.2,11.5,66.1,No,0.0,None
23:34:23.839,Active,445.5,5.9,97.8,11.6,67.2,No,0.0,None
23:34:24.253,Active,407.4,5.9,98.2,11.6,67.2,No,0.0,None
23:34:24.673,Active,409.6,5.9,98.2,11.6,67.8,No,0.0,None
23:34:25.090,Active,408.6,2.4,98.2,11.6,67.8,No,0.0,None
23:34:25.508,Active,410.4,2.4,98.2,11.6,68.8,No,0.0,None
23:34:25.925,Active,407.5,2.4,98.2,11.6,68.8,No,0.0,None
23:34:26.342,Active,406.1,2.4,98.2,11.6,69.4,No,0.0,None
23:34:26.758,Active,409.3,2.4,98.8,11.6,69.4,No,0.0,None
23:34:27.171,Active,405.6,2.4,98.8,11.6,70.0,No,0.0,None
23:34:27.586,Active,408.9,2.4,99.4,11.6,70.0,No,0.0,None
23:34:27.998,Active,404.6,2.4,98.2,11.6,70.5,No,0.0,None
23:34:28.412,Active,407.2,2.4,98.8,11.6,71.6,No,0.0,None
23:34:28.835,Active,416.0,2.4,99.4,11.6,71.6,No,0.0,None
23:34:29.247,Active,406.2,2.4,99.4,11.6,71.0,No,0.0,None
23:34:29.666,Active,408.7,2.4,98.2,11.6,71.0,No,0.0,None
23:34:30.083,Active,407.8,2.4,98.2,11.6,71.0,No,0.0,None
23:34:30.499,Active,410.0,2.4,99.4,11.6,72.2,No,0.0,None
23:34:30.917,Active,408.9,2.4,97.6,11.6,71.6,No,0.0,None
23:34:31.336,Active,408.8,2.4,98.2,11.6,71.0,No,0.0,None
23:34:31.758,Active,412.4,2.4,98.2,11.5,72.2,No,0.0,None
23:34:32.179,Active,413.8,2.4,97.6,11.6,72.2,No,0.0,None
23:34:32.594,Active,409.3,2.4,98.2,11.6,72.2,No,0.0,None
23:34:33.020,Active,419.1,2.4,96.5,11.5,72.2,No,0.0,None
23:34:33.474,Active,444.8,2.4,94.5,11.5,72.2,No,0.0,None
23:34:33.916,Active,434.8,2.4,98.3,11.6,72.7,No,0.0,None
23:34:34.334,Active,408.6,2.4,98.2,11.6,72.7,No,0.0,None
23:34:34.747,Active,407.1,2.4,98.8,11.6,73.2,No,0.0,None
23:34:35.161,Active,407.2,2.4,98.2,11.6,73.8,No,0.0,None
23:34:35.578,Active,410.9,2.4,98.8,11.6,73.2,No,0.0,None
23:34:35.993,Active,407.5,2.4,98.2,11.6,73.2,No,0.0,None
23:34:36.410,Active,410.2,2.4,98.2,11.6,72.7,No,0.0,None
23:34:36.827,Active,406.4,2.4,97.6,11.6,73.2,No,0.0,None
23:34:37.243,Active,406.1,2.4,98.2,11.6,72.7,No,0.0,None
23:34:37.658,Active,406.5,2.4,98.2,11.6,73.8,No,0.0,None
23:34:38.090,Active,421.6,2.4,96.5,11.6,73.2,No,0.0,None
23:34:38.507,Active,408.9,2.4,98.8,11.5,73.8,No,0.0,None
23:34:38.938,Active,424.2,2.4,97.7,11.6,73.2,No,0.0,None
23:34:39.355,Active,406.7,2.4,97.6,11.6,73.2,No,0.0,None
23:34:39.778,Active,417.1,2.4,98.2,11.6,74.3,No,0.0,None
23:34:40.189,Active,403.4,2.4,98.8,11.6,74.9,No,0.0,None
23:34:40.602,Active,406.7,2.4,99.4,11.6,74.3,No,0.0,None
23:34:41.018,Active,408.6,2.4,98.8,11.6,74.3,No,0.0,None
23:34:41.434,Active,408.7,2.4,98.2,11.6,73.8,No,0.0,None
23:34:41.850,Active,410.1,2.4,98.8,11.6,74.3,No,0.0,None
23:34:42.264,Active,407.0,2.4,98.2,11.6,74.3,No,0.0,None
23:34:42.683,Active,409.6,2.4,98.2,11.6,74.3,No,0.0,None
23:34:43.097,Active,406.2,2.4,98.2,11.6,75.5,No,0.0,None
23:34:43.516,Active,408.3,2.4,98.2,11.6,74.9,No,0.0,None
23:34:43.931,Active,406.7,2.4,98.2,11.6,75.5,No,0.0,None
23:34:44.361,Active,423.9,2.4,98.8,11.6,76.0,No,0.0,None
23:34:44.778,Active,406.6,2.4,98.8,11.6,76.0,No,0.0,None
23:34:45.188,Active,404.9,2.4,99.4,11.6,76.0,No,0.0,None
23:34:45.606,Active,408.5,2.4,98.8,11.6,74.9,No,0.0,None
23:34:46.020,Active,406.5,2.4,98.8,11.6,74.9,No,0.0,None
23:34:46.438,Active,408.8,2.4,98.2,11.6,74.3,No,0.0,None
23:34:46.853,Active,407.5,2.4,98.2,11.6,74.9,No,0.0,None
23:34:47.270,Active,409.0,2.4,98.8,11.6,74.3,No,0.0,None
23:34:47.693,Active,415.5,2.4,98.2,11.6,74.9,No,0.0,None
23:34:48.119,Active,418.0,2.4,95.8,11.6,76.0,No,0.0,None
23:34:48.537,Active,409.0,2.4,98.8,11.6,76.0,No,0.0,None
23:34:48.962,Active,414.9,2.4,97.0,11.6,74.9,No,0.0,None
23:34:49.385,Active,415.7,2.4,97.1,11.6,75.5,No,0.0,None
23:34:49.807,Active,413.6,2.4,98.2,11.6,75.5,No,0.0,None
23:34:50.222,Active,409.0,2.4,98.8,11.6,75.5,No,0.0,None
23:34:50.638,Active,408.9,2.4,98.8,11.6,74.9,No,0.0,None
23:34:51.059,Active,412.9,2.4,97.0,11.5,75.5,No,0.0,None
23:34:51.494,Active,424.4,2.4,96.0,11.6,76.0,No,0.0,None
23:34:51.913,Active,412.2,2.4,97.6,11.6,74.9,No,0.0,None
23:34:52.328,Active,407.2,2.4,98.8,11.5,75.5,No,0.0,None
23:34:52.745,Active,410.8,2.4,98.2,11.5,74.9,No,0.0,None
23:34:53.161,Active,407.9,2.4,98.2,11.5,75.5,No,0.0,None
23:34:53.576,Active,408.9,2.4,98.8,11.5,76.0,No,0.0,None
23:34:53.989,Active,407.2,2.4,99.4,11.5,77.7,No,0.0,None
23:34:54.436,Active,441.1,2.4,98.3,11.6,76.0,No,0.0,None
23:34:54.863,Active,417.8,2.4,96.4,11.6,76.0,No,0.0,None
23:34:55.277,Active,407.8,2.4,98.8,11.6,76.5,No,0.0,None
23:34:55.698,Active,412.8,2.4,97.6,11.6,76.0,No,0.0,None
23:34:56.113,Active,406.7,2.4,98.8,11.6,76.0,No,0.0,None
23:34:56.533,Active,412.3,2.4,98.2,11.6,75.5,No,0.0,None
23:34:56.951,Active,409.4,2.4,98.2,11.6,75.5,No,0.0,None
23:34:57.363,Active,406.3,2.4,98.8,11.5,76.0,No,0.0,None
23:34:57.783,Active,409.4,2.4,98.2,11.5,75.5,No,0.0,None
23:34:58.196,Active,407.1,2.4,98.2,11.5,76.5,No,0.0,None
23:34:58.614,Active,408.8,2.4,98.2,11.5,76.5,No,0.0,None
23:34:59.026,Active,406.4,2.4,99.4,11.5,76.5,No,0.0,None
23:34:59.454,Active,420.3,2.4,98.8,11.6,76.0,No,0.0,None
23:34:59.866,Active,406.9,2.4,99.4,11.5,76.0,No,0.0,None
23:35:00.283,Active,406.8,2.4,98.2,11.5,76.5,No,0.0,None
23:35:00.703,Active,409.7,2.4,98.2,11.5,76.0,No,0.0,None
23:35:01.119,Active,405.9,2.4,98.2,11.5,76.0,No,0.0,None
23:35:01.534,Active,408.3,2.4,98.8,11.5,76.0,No,0.0,None
23:35:01.949,Active,408.1,2.4,98.8,11.5,76.5,No,0.0,None
23:35:02.360,Active,405.3,2.4,99.4,11.5,77.1,No,0.0,None
23:35:02.774,Active,407.6,2.4,98.8,11.5,76.0,No,0.0,None
23:35:03.190,Active,408.5,2.4,99.4,11.5,76.5,No,0.0,None
23:35:03.602,Active,404.8,2.4,98.2,11.5,76.5,No,0.0,None
23:35:04.018,Active,408.6,2.4,99.4,11.5,76.5,No,0.0,None
23:35:04.447,Active,423.1,2.4,98.2,11.6,77.7,No,0.0,None
23:35:04.862,Active,408.5,2.4,98.2,11.6,76.0,No,0.0,None
23:35:05.273,Active,405.3,2.4,99.4,11.6,76.5,No,0.0,None
23:35:05.693,Active,408.1,2.4,98.2,11.6,76.0,No,0.0,None
23:35:06.105,Active,406.1,2.4,98.2,11.6,76.5,No,0.0,None
23:35:06.523,Active,408.5,2.4,98.2,11.6,76.5,No,0.0,None
23:35:06.940,Active,406.7,2.4,98.2,11.6,76.5,No,0.0,None
23:35:07.354,Active,407.9,2.4,98.8,11.6,77.1,No,0.0,None
23:35:07.770,Active,408.8,2.4,98.2,11.6,77.1,No,0.0,None
23:35:08.186,Active,406.4,2.4,98.2,11.6,76.5,No,0.0,None
23:35:08.599,Active,407.3,2.4,98.8,11.6,77.1,No,0.0,None
23:35:09.013,Active,405.6,2.4,98.8,11.6,77.1,No,0.0,None
23:35:09.447,Active,427.8,2.4,98.2,11.6,76.5,No,0.0,None
23:35:09.862,Active,406.1,2.4,98.2,11.6,76.5,No,0.0,None
23:35:10.279,Active,409.5,2.4,98.8,11.6,76.5,No,0.0,None
23:35:10.695,Active,410.3,2.4,98.8,11.6,76.5,No,0.0,None
23:35:11.108,Active,407.1,2.4,98.8,11.6,77.1,No,0.0,None
23:35:11.523,Active,409.4,2.4,98.8,11.6,76.5,No,0.0,None
23:35:11.939,Active,409.9,2.4,98.8,11.5,76.5,No,0.0,None
23:35:12.364,Active,416.7,2.4,96.5,11.6,77.7,No,0.0,None
23:35:12.782,Active,408.8,2.4,98.2,11.5,76.5,No,0.0,None
23:35:13.196,Active,407.2,2.4,99.4,11.5,77.1,No,0.0,None
23:35:13.612,Active,406.5,2.4,98.8,11.5,77.1,No,0.0,None
23:35:14.024,Active,406.7,2.4,99.4,11.5,77.1,No,0.0,None
23:35:14.437,Active,406.3,2.4,99.4,11.5,77.7,No,0.0,None
23:35:14.868,Active,421.4,2.4,98.3,11.5,77.1,No,0.0,None
23:35:15.281,Active,406.5,2.4,99.4,11.6,77.1,No,0.0,None
23:35:15.693,Active,406.1,2.4,99.4,11.6,77.1,No,0.0,None
23:35:16.105,Active,406.0,2.4,100.0,11.6,77.1,No,0.0,None
23:35:16.534,Active,421.3,2.4,96.5,11.6,76.5,No,0.0,None
23:35:16.962,Active,421.3,2.4,96.5,11.6,77.1,No,0.0,None
23:35:17.379,Active,409.6,2.4,98.2,11.5,77.7,No,0.0,None
23:35:17.792,Active,406.8,2.4,98.8,11.5,76.5,No,0.0,None
23:35:18.207,Active,406.3,2.4,98.2,11.5,77.1,No,0.0,None
23:35:18.647,Active,429.4,2.4,95.5,11.5,77.1,No,0.0,None
23:35:19.065,Active,407.7,2.4,98.2,11.5,77.7,No,0.0,None
23:35:19.479,Active,407.7,2.4,98.8,11.5,77.1,No,0.0,None
23:36:04.915,Active,422.6,2.4,1.3,11.5,58.4,No,0.0,None
23:36:05.342,Active,417.0,2.4,99.4,11.6,60.6,No,0.0,None
23:36:05.758,Active,409.9,2.4,98.2,11.6,61.1,No,0.0,None
23:36:06.174,Active,409.2,2.4,98.8,11.6,62.2,No,0.0,None
23:36:06.593,Active,412.1,2.4,97.6,11.6,62.8,No,0.0,None
23:36:07.033,Active,431.3,2.4,94.8,11.5,63.4,No,0.0,None
23:36:07.450,Active,408.4,2.4,98.2,11.5,63.4,No,0.0,None
23:36:07.864,Active,406.2,2.4,98.8,11.5,64.5,No,0.0,None
23:36:08.277,Active,404.8,2.4,99.4,11.5,65.0,No,0.0,None
23:36:08.692,Active,406.0,2.4,98.8,11.5,66.7,No,0.0,None
23:36:09.109,Active,407.6,2.4,98.8,11.5,66.1,No,0.0,None
23:36:09.526,Active,407.9,2.4,98.8,11.5,67.2,No,0.0,None
23:36:09.939,Active,405.8,2.4,99.4,11.5,67.2,No,0.0,None
23:36:10.375,Active,429.4,2.4,98.9,11.6,67.2,No,0.0,None
23:36:10.806,Active,425.6,2.4,95.9,11.6,67.8,No,0.0,None
23:36:11.218,Active,406.0,2.4,98.8,11.6,67.8,No,0.0,None
23:36:11.639,Active,410.9,2.4,98.2,11.6,68.3,No,0.0,None
23:36:12.055,Active,409.5,2.4,98.8,11.6,68.8,No,0.0,None
23:36:12.469,Active,406.8,2.4,98.2,11.6,68.8,No,0.0,None
23:36:12.887,Active,407.4,2.4,97.6,11.6,69.4,No,0.0,None
23:36:13.303,Active,406.7,2.4,98.2,11.6,70.0,No,0.0,None
23:36:13.721,Active,408.4,2.4,98.2,11.6,70.0,No,0.0,None
23:36:14.137,Active,406.5,2.4,98.2,11.6,70.0,No,0.0,None
23:36:14.555,Active,412.0,2.4,98.8,11.6,70.0,No,0.0,None
23:36:14.969,Active,408.2,2.4,98.2,11.5,70.0,No,0.0,None
23:36:15.383,Active,407.0,2.4,98.8,11.5,70.5,No,0.0,None
23:36:15.825,Active,435.9,2.4,98.9,11.5,72.2,No,0.0,None
23:36:16.245,Active,411.9,2.4,97.6,11.6,70.0,No,0.0,None
23:36:16.663,Active,409.5,2.4,98.8,11.6,71.6,No,0.0,None
23:36:17.079,Active,409.9,2.4,98.8,11.6,71.6,No,0.0,None
23:36:17.502,Active,415.6,2.4,96.4,11.6,71.6,No,0.0,None
23:36:17.921,Active,410.0,2.4,98.2,11.6,71.6,No,0.0,None
23:36:18.336,Active,407.5,2.4,98.2,11.6,71.6,No,0.0,None
23:36:18.753,Active,408.7,2.4,98.8,11.5,72.7,No,0.0,None
23:36:19.169,Active,410.1,2.4,99.4,11.5,71.6,No,0.0,None
23:36:19.581,Active,406.3,2.4,98.8,11.5,72.7,No,0.0,None
23:36:19.999,Active,406.2,2.4,98.8,11.5,72.2,No,0.0,None
23:36:20.414,Active,408.0,2.4,98.2,11.5,72.2,No,0.0,None
23:36:20.833,Active,407.5,2.4,98.2,11.5,72.7,No,0.0,None
23:36:21.249,Active,406.6,2.4,97.6,11.5,73.2,No,0.0,None
23:36:21.667,Active,408.9,2.4,98.2,11.5,72.7,No,0.0,None
23:36:22.084,Active,407.4,2.4,98.2,11.6,73.2,No,0.0,None
23:36:22.531,Active,437.7,2.4,94.4,11.6,73.2,No,0.0,None
23:36:22.947,Active,407.1,2.4,98.2,11.6,73.2,No,0.0,None
23:36:23.361,Active,404.1,2.4,98.2,11.6,72.7,No,0.0,None
23:36:23.783,Active,409.8,2.4,98.2,11.6,72.7,No,0.0,None
23:36:24.196,Active,406.6,2.4,98.2,11.6,72.2,No,0.0,None
23:36:24.615,Active,412.6,2.4,98.8,11.6,73.2,No,0.0,None
23:36:25.030,Active,408.6,2.4,98.2,11.6,73.8,No,0.0,None
23:36:25.456,Active,418.6,2.4,96.5,11.5,73.8,No,0.0,None
23:36:25.901,Active,439.5,2.4,98.9,11.6,73.8,No,0.0,None
23:36:26.316,Active,407.2,2.4,98.8,11.6,73.2,No,0.0,None
23:36:26.733,Active,410.6,2.4,98.8,11.6,74.3,No,0.0,None
23:36:27.145,Active,404.1,2.4,98.8,11.6,73.2,No,0.0,None
23:36:27.560,Active,407.2,2.4,98.8,11.6,73.8,No,0.0,None
23:36:27.976,Active,407.2,2.4,98.8,11.6,73.8,No,0.0,None
23:36:28.392,Active,407.9,2.4,98.2,11.6,74.3,No,0.0,None
23:36:28.813,Active,411.7,2.4,97.6,11.6,74.3,No,0.0,None
23:36:29.226,Active,405.8,2.4,98.8,11.5,74.3,No,0.0,None
23:36:29.645,Active,409.4,2.4,98.2,11.5,74.3,No,0.0,None
23:36:30.061,Active,407.8,2.4,98.2,11.5,74.3,No,0.0,None
23:36:30.476,Active,407.7,2.4,98.2,11.5,74.9,No,0.0,None
23:36:30.902,Active,420.2,2.4,99.4,11.5,74.9,No,0.0,None
23:36:31.315,Active,406.0,2.4,98.8,11.5,74.9,No,0.0,None
23:36:31.731,Active,409.0,2.4,99.4,11.5,76.0,No,0.0,None
23:36:32.145,Active,407.8,2.4,98.8,11.5,74.9,No,0.0,None
23:36:32.562,Active,409.3,2.4,98.8,11.5,74.9,No,0.0,None
23:36:32.976,Active,406.8,2.4,99.4,11.5,75.5,No,0.0,None
23:36:33.390,Active,408.1,2.4,99.4,11.5,75.5,No,0.0,None
23:36:33.815,Active,417.7,2.4,97.6,11.5,75.5,No,0.0,None
23:36:34.229,Active,404.9,2.4,98.2,11.5,74.9,No,0.0,None
23:36:34.651,Active,411.3,2.4,98.2,11.5,75.5,No,0.0,None
23:36:35.070,Active,412.7,2.4,98.8,11.5,76.0,No,0.0,None
23:36:35.486,Active,406.5,2.4,98.2,11.5,74.9,No,0.0,None
23:36:35.918,Active,424.6,2.4,98.8,11.6,74.9,No,0.0,None
23:36:36.339,Active,413.8,2.4,97.6,11.6,74.3,No,0.0,None
23:36:36.752,Active,407.0,2.4,100.0,11.6,76.0,No,0.0,None
23:36:37.165,Active,407.2,2.4,99.4,11.6,75.5,No,0.0,None
23:36:37.579,Active,406.2,2.4,98.8,11.6,76.0,No,0.0,None
23:36:37.993,Active,407.4,2.4,99.4,11.6,75.5,No,0.0,None
23:36:38.427,Active,428.6,2.4,95.9,11.6,75.5,No,0.0,None
23:36:38.840,Active,406.8,2.4,99.4,11.6,75.5,No,0.0,None
23:36:39.261,Active,414.7,2.4,97.6,11.6,75.5,No,0.0,None
23:36:39.673,Active,406.5,2.4,98.8,11.5,75.5,No,0.0,None
23:36:40.089,Active,407.5,2.4,99.4,11.6,74.9,No,0.0,None
23:36:40.506,Active,409.1,2.4,98.2,11.6,76.0,No,0.0,None
23:36:40.938,Active,425.5,2.4,98.3,11.6,76.5,No,0.0,None
23:36:41.478,Active,432.5,2.4,78.0,11.6,75.5,No,0.0,None
23:36:41.894,Active,408.5,2.4,98.2,11.6,76.0,No,0.0,None
23:36:42.323,Active,421.8,2.3,96.5,11.6,76.5,No,0.0,None
23:36:42.747,Active,417.8,2.3,97.0,11.6,75.5,No,0.0,None
23:36:43.159,Active,405.9,2.3,98.8,11.6,76.0,No,0.0,None
23:36:43.576,Active,408.5,2.3,97.6,11.6,76.0,No,0.0,None
23:36:43.992,Active,407.2,2.3,98.2,11.6,77.1,No,0.0,None
23:36:44.414,Active,412.8,2.3,97.6,11.6,76.0,No,0.0,None
23:36:44.829,Active,408.0,2.3,98.8,11.6,76.0,No,0.0,None
23:36:45.251,Active,414.2,2.3,97.0,11.6,76.0,No,0.0,None
23:36:45.667,Active,409.1,2.3,99.4,11.6,77.1,No,0.0,None
23:36:46.107,Active,433.9,2.3,98.9,11.6,75.5,No,0.0,None
23:36:46.522,Active,408.5,2.4,98.2,11.6,77.1,No,0.0,None
23:36:46.941,Active,408.0,2.4,97.6,11.6,76.0,No,0.0,None
23:36:47.353,Active,405.4,2.4,99.4,11.6,76.5,No,0.0,None
23:36:47.774,Active,412.7,2.4,98.2,11.6,76.5,No,0.0,None
23:36:48.198,Active,418.1,2.4,98.2,11.6,75.5,No,0.0,None
23:36:48.611,Active,406.2,2.4,98.8,11.6,76.5,No,0.0,None
23:36:49.030,Active,408.5,2.4,98.2,11.6,76.5,No,0.0,None
23:36:49.445,Active,408.7,2.4,98.8,11.6,76.0,No,0.0,None
23:36:49.862,Active,408.5,2.4,98.2,11.6,76.5,No,0.0,None
23:36:50.278,Active,409.1,2.4,98.8,11.6,76.5,No,0.0,None
23:36:50.693,Active,408.4,2.4,98.2,11.5,76.5,No,0.0,None
23:36:51.114,Active,408.7,2.4,97.6,11.5,77.1,No,0.0,None
23:36:51.531,Active,409.6,2.4,98.8,11.5,76.5,No,0.0,None
23:36:51.943,Active,406.1,2.4,98.8,11.5,76.5,No,0.0,None
23:36:52.357,Active,407.8,2.4,98.8,11.5,77.1,No,0.0,None
23:36:52.772,Active,409.1,2.4,98.2,11.5,77.1,No,0.0,None
23:36:53.190,Active,407.3,2.4,97.6,11.5,76.5,No,0.0,None
23:36:53.605,Active,407.4,2.4,98.8,11.5,76.5,No,0.0,None
23:36:54.022,Active,408.4,2.4,98.2,11.5,77.1,No,0.0,None
23:36:54.440,Active,408.9,2.4,98.2,11.5,76.5,No,0.0,None
23:36:54.864,Active,417.3,2.4,97.6,11.5,77.1,No,0.0,None
23:36:55.283,Active,409.3,2.4,98.2,11.5,76.0,No,0.0,None
23:36:55.700,Active,409.9,2.4,98.2,11.5,77.7,No,0.0,None
23:36:56.146,Active,437.8,2.4,98.3,11.6,77.1,No,0.0,None
23:36:56.564,Active,408.1,2.4,97.6,11.6,77.1,No,0.0,None
23:36:56.980,Active,409.0,2.4,97.6,11.6,76.5,No,0.0,None
23:36:57.395,Active,407.1,2.4,99.4,11.6,78.2,No,0.0,None
23:36:57.828,Active,427.0,2.4,95.4,11.6,76.0,No,0.0,None
23:36:58.273,Active,436.1,2.4,93.8,11.6,77.1,No,0.0,None
23:36:58.700,Active,418.6,2.4,97.0,11.6,77.1,No,0.0,None
23:36:59.147,Active,437.8,2.3,93.7,11.6,77.7,No,0.0,None
23:36:59.567,Active,414.0,2.3,98.2,11.5,77.7,No,0.0,None
23:36:59.983,Active,406.8,2.3,98.2,11.5,76.0,No,0.0,None
23:37:00.393,Active,404.5,2.3,98.8,11.5,77.1,No,0.0,None
23:37:00.807,Active,406.9,2.3,98.8,11.5,77.1,No,0.0,None
23:37:01.229,Active,413.3,2.3,98.2,11.6,77.1,No,0.0,None
23:37:01.651,Active,410.2,2.3,97.6,11.7,77.1,No,0.0,None
23:37:02.070,Active,410.9,2.3,98.2,11.7,77.7,No,0.0,None
23:37:02.486,Active,408.5,2.3,98.2,11.7,77.1,No,0.0,None
23:37:02.904,Active,408.3,2.3,98.2,11.7,77.1,No,0.0,None
23:37:03.321,Active,407.9,2.4,98.2,11.7,77.7,No,0.0,None
23:37:03.738,Active,408.5,2.4,98.2,11.6,77.1,No,0.0,None
23:37:04.151,Active,407.0,2.4,99.4,11.6,77.7,No,0.0,None
23:37:04.564,Active,407.7,2.4,98.2,11.6,78.2,No,0.0,None
23:37:50.009,Active,427.8,2.4,1.1,11.6,58.4,No,0.0,None
23:37:50.426,Active,408.6,2.4,98.8,11.6,61.7,No,0.0,None
23:37:50.841,Active,406.7,2.4,98.8,11.6,61.7,No,0.0,None
23:37:51.254,Active,407.0,2.4,98.8,11.6,62.8,No,0.0,None
23:37:51.672,Active,406.7,2.4,97.6,11.6,63.9,No,0.0,None
23:37:52.091,Active,409.3,2.4,98.2,11.6,63.9,No,0.0,None
23:37:52.504,Active,407.1,3.4,98.2,11.6,65.5,No,0.0,None
23:37:52.918,Active,407.5,3.4,99.4,11.6,66.7,No,0.0,None
23:37:53.344,Active,418.8,3.4,96.5,11.6,66.1,No,0.0,None
23:37:53.763,Active,408.6,3.4,98.2,11.6,67.2,No,0.0,None
23:37:54.177,Active,408.1,3.4,98.8,11.6,66.7,No,0.0,None
23:37:54.596,Active,409.2,3.4,98.2,11.6,66.7,No,0.0,None
23:37:55.014,Active,408.1,3.4,98.2,11.6,67.8,No,0.0,None
23:37:55.432,Active,407.9,3.4,98.2,11.6,68.8,No,0.0,None
23:37:55.924,Active,407.3,3.4,83.2,11.5,68.8,No,0.0,None
23:37:56.342,Active,408.7,3.4,98.2,11.6,68.8,No,0.0,None
23:37:56.759,Active,410.2,2.4,98.2,11.5,69.4,No,0.0,None
23:37:57.207,Active,440.2,2.4,97.7,11.6,70.0,No,0.0,None
23:37:57.626,Active,410.1,2.4,98.2,11.7,70.5,No,0.0,None
23:37:58.044,Active,408.3,2.4,98.2,11.7,70.5,No,0.0,None
23:37:58.462,Active,408.5,2.4,98.2,11.7,70.5,No,0.0,None
23:37:58.906,Active,433.2,2.4,94.4,11.6,70.0,No,0.0,None
23:37:59.322,Active,408.3,2.4,98.8,11.6,71.6,No,0.0,None
23:37:59.738,Active,410.1,2.4,98.8,11.6,71.0,No,0.0,None
23:38:00.158,Active,411.3,2.4,98.2,11.6,71.0,No,0.0,None
23:38:00.573,Active,408.0,2.4,98.8,11.6,71.6,No,0.0,None
23:38:00.997,Active,415.8,2.4,97.0,11.6,72.7,No,0.0,None
23:38:01.438,Active,432.4,2.4,94.9,11.6,72.2,No,0.0,None
23:38:01.854,Active,408.5,2.4,97.6,11.6,72.2,No,0.0,None
23:38:02.281,Active,420.0,2.4,98.2,11.6,72.2,No,0.0,None
23:38:02.698,Active,408.9,2.4,98.8,11.6,73.8,No,0.0,None
23:38:03.114,Active,409.1,2.4,98.8,11.6,72.2,No,0.0,None
23:38:03.526,Active,405.3,2.4,98.8,11.6,72.7,No,0.0,None
23:38:03.938,Active,406.0,2.4,99.4,11.6,72.7,No,0.0,None
23:38:04.352,Active,406.4,2.4,99.4,11.6,72.7,No,0.0,None
23:38:04.771,Active,409.6,2.4,98.2,11.6,73.2,No,0.0,None
23:38:05.186,Active,408.2,2.4,98.8,11.6,73.2,No,0.0,None
23:38:05.600,Active,408.7,2.4,98.8,11.6,72.7,No,0.0,None
23:38:06.017,Active,407.5,2.4,98.2,11.5,73.2,No,0.0,None
23:38:06.445,Active,420.1,2.4,97.1,11.6,73.2,No,0.0,None
23:38:06.859,Active,407.1,2.4,98.8,11.6,73.2,No,0.0,None
23:38:07.300,Active,435.4,2.4,97.2,11.6,72.7,No,0.0,None
23:38:07.720,Active,411.0,2.4,98.8,11.6,73.8,No,0.0,None
23:38:08.139,Active,409.7,2.4,98.2,11.6,73.8,No,0.0,None
23:38:08.561,Active,416.0,2.4,97.6,11.6,74.3,No,0.0,None
23:38:08.975,Active,406.3,2.4,98.2,11.6,74.3,No,0.0,None
23:38:09.389,Active,407.1,2.4,98.8,11.6,74.3,No,0.0,None
23:38:09.803,Active,407.9,2.4,99.4,11.6,74.3,No,0.0,None
23:38:10.226,Active,417.0,2.4,97.6,11.6,73.8,No,0.0,None
23:38:10.643,Active,410.2,2.4,98.8,11.6,74.3,No,0.0,None
23:38:11.061,Active,408.3,2.4,98.2,11.6,74.3,No,0.0,None
23:38:11.478,Active,409.8,2.4,98.8,11.6,74.9,No,0.0,None
23:38:11.890,Active,404.8,2.4,98.8,11.6,74.3,No,0.0,None
23:38:12.331,Active,430.8,2.4,97.2,11.7,74.3,No,0.0,None
23:38:12.746,Active,408.2,2.4,98.2,11.7,74.9,No,0.0,None
23:38:13.161,Active,409.7,2.4,98.8,11.7,74.9,No,0.0,None
23:38:13.578,Active,407.5,2.4,98.2,11.6,74.9,No,0.0,None
23:38:13.995,Active,407.4,2.4,98.2,11.6,74.9,No,0.0,None
23:38:14.427,Active,422.8,2.4,96.5,11.6,74.9,No,0.0,None
23:38:14.841,Active,408.2,2.4,98.8,11.6,74.9,No,0.0,None
23:38:15.258,Active,409.1,2.4,98.2,11.6,74.9,No,0.0,None
23:38:15.679,Active,413.6,2.4,97.6,11.6,75.5,No,0.0,None
23:38:16.098,Active,413.2,2.4,97.6,11.6,74.9,No,0.0,None
23:38:16.514,Active,408.5,2.4,98.8,11.6,74.9,No,0.0,None
23:38:16.928,Active,408.9,2.4,98.8,11.6,76.0,No,0.0,None
23:38:17.342,Active,405.2,2.4,98.2,11.6,76.0,No,0.0,None
23:38:17.795,Active,446.5,2.4,96.1,11.6,76.0,No,0.0,None
23:38:18.207,Active,406.1,2.4,99.4,11.6,76.0,No,0.0,None
23:38:18.625,Active,409.3,2.4,98.2,11.6,76.0,No,0.0,None
23:38:19.038,Active,406.1,2.4,98.8,11.6,76.5,No,0.0,None
23:38:19.454,Active,408.4,2.4,98.8,11.6,76.0,No,0.0,None
23:38:19.867,Active,407.3,2.4,99.4,11.6,75.5,No,0.0,None
23:38:20.288,Active,414.3,2.4,98.2,11.6,76.0,No,0.0,None
23:38:20.706,Active,408.9,2.4,98.2,11.6,76.0,No,0.0,None
23:38:21.122,Active,406.7,2.4,98.8,11.6,76.5,No,0.0,None
23:38:21.541,Active,409.3,2.4,98.2,11.6,76.5,No,0.0,None
23:38:21.958,Active,407.0,2.4,97.6,11.6,76.0,No,0.0,None
23:38:22.375,Active,407.5,2.4,98.2,11.6,76.5,No,0.0,None
23:38:22.793,Active,408.8,2.4,98.2,11.6,76.0,No,0.0,None
23:38:23.210,Active,407.0,2.4,98.2,11.6,76.5,No,0.0,None
23:38:23.630,Active,410.7,2.4,98.2,11.6,76.5,No,0.0,None
23:38:24.047,Active,406.7,2.4,98.2,11.6,76.0,No,0.0,None
23:38:24.460,Active,407.1,2.4,98.8,11.6,77.1,No,0.0,None
23:38:24.875,Active,406.3,2.4,98.2,11.6,76.5,No,0.0,None
23:38:25.285,Active,403.1,2.4,99.4,11.6,76.5,No,0.0,None
23:38:25.696,Active,404.9,2.4,99.4,11.6,77.1,No,0.0,None
23:38:26.107,Active,405.5,2.4,100.0,11.6,76.5,No,0.0,None
23:38:26.525,Active,411.9,2.4,98.8,11.5,76.0,No,0.0,None
23:38:26.941,Active,407.3,2.4,98.2,11.5,77.7,No,0.0,None
23:38:27.359,Active,408.5,2.4,98.2,11.5,77.1,No,0.0,None
23:38:27.818,Active,452.4,2.4,96.7,11.5,76.5,No,0.0,None
23:38:28.235,Active,407.8,2.4,98.2,11.6,77.1,No,0.0,None
23:38:28.654,Active,408.6,2.4,98.2,11.6,77.1,No,0.0,None
23:38:29.068,Active,406.8,2.4,98.2,11.6,77.1,No,0.0,None
23:38:29.489,Active,410.4,2.4,98.2,11.6,76.5,No,0.0,None
23:38:29.904,Active,407.1,2.4,98.2,11.5,77.1,No,0.0,None
23:38:30.331,Active,417.8,2.4,97.0,11.6,77.1,No,0.0,None
23:38:30.746,Active,408.5,2.4,98.8,11.6,77.1,No,0.0,None
23:38:31.166,Active,410.6,2.4,98.2,11.6,77.1,No,0.0,None
23:38:31.583,Active,409.6,2.4,98.2,11.6,77.1,No,0.0,None
23:38:32.031,Active,436.7,2.4,92.7,11.5,77.1,No,0.0,None
23:38:32.449,Active,408.1,2.4,98.2,11.5,77.1,No,0.0,None
23:38:32.874,Active,417.8,2.4,98.8,11.6,76.0,No,0.0,None
23:38:33.284,Active,402.7,2.4,98.8,11.6,77.7,No,0.0,None
23:38:33.695,Active,405.0,2.4,100.0,11.6,77.1,No,0.0,None
23:38:34.129,Active,423.9,2.4,97.1,11.6,77.7,No,0.0,None
23:38:34.546,Active,408.5,2.4,98.2,11.6,77.1,No,0.0,None
23:38:34.963,Active,409.6,2.4,98.8,11.6,77.7,No,0.0,None
23:38:35.378,Active,408.6,2.4,97.6,11.6,77.1,No,0.0,None
23:38:35.796,Active,408.6,2.4,98.2,11.5,77.7,No,0.0,None
23:38:36.217,Active,407.8,2.4,97.6,11.5,77.7,No,0.0,None
23:38:36.633,Active,408.3,2.4,98.2,11.5,78.2,No,0.0,None
23:38:37.050,Active,410.1,2.4,98.8,11.5,77.7,No,0.0,None
23:38:37.470,Active,414.2,2.4,97.6,11.5,78.2,No,0.0,None
23:38:37.897,Active,419.6,2.4,98.2,11.6,77.7,No,0.0,None
23:38:38.311,Active,406.7,2.4,98.2,11.6,77.7,No,0.0,None
23:38:38.725,Active,407.8,2.4,99.4,11.6,77.7,No,0.0,None
23:38:39.137,Active,406.2,2.4,98.8,11.6,77.7,No,0.0,None
23:38:39.555,Active,408.7,2.4,99.4,11.6,78.2,No,0.0,None
23:38:39.968,Active,407.2,2.4,98.2,11.6,77.7,No,0.0,None
23:38:40.386,Active,409.1,2.4,98.2,11.6,77.7,No,0.0,None
23:38:40.800,Active,408.3,2.4,98.8,11.5,77.1,No,0.0,None
23:38:41.215,Active,407.8,2.4,98.8,11.5,76.5,No,0.0,None
23:38:41.629,Active,408.6,2.4,98.8,11.5,77.7,No,0.0,None
23:38:42.043,Active,406.1,2.4,98.8,11.6,77.7,No,0.0,None
23:38:42.465,Active,411.6,2.4,97.6,11.6,77.7,No,0.0,None
23:38:42.904,Active,431.3,2.4,97.7,11.6,77.7,No,0.0,None
23:38:43.322,Active,411.7,2.4,98.2,11.7,78.2,No,0.0,None
23:38:43.742,Active,414.3,2.4,98.8,11.7,77.7,No,0.0,None
23:38:44.157,Active,408.0,2.4,98.8,11.7,78.2,No,0.0,None
23:38:44.585,Active,418.4,2.4,97.0,11.7,77.7,No,0.0,None
23:38:44.997,Active,405.6,2.4,98.8,11.7,78.2,No,0.0,None
23:38:45.409,Active,405.9,2.4,100.0,11.7,77.7,No,0.0,None
23:38:45.918,Active,406.2,2.4,80.3,11.6,77.7,No,0.0,None
23:38:46.334,Active,408.4,2.4,98.8,11.6,77.7,No,0.0,None
23:38:46.754,Active,414.6,2.4,98.2,11.6,78.2,No,0.0,None
23:38:47.167,Active,406.8,2.3,99.4,11.6,77.7,No,0.0,None
23:38:47.584,Active,408.1,2.3,98.2,11.6,78.8,No,0.0,None
23:38:48.017,Active,424.7,2.3,98.8,11.6,78.2,No,0.0,None
23:38:48.436,Active,412.9,2.3,98.2,11.7,78.2,No,0.0,None
23:38:48.872,Active,427.2,2.3,96.5,11.7,78.2,No,0.0,None
23:38:49.287,Active,408.0,2.3,98.8,11.6,78.2,No,0.0,None
23:38:49.700,Active,407.2,2.3,98.8,11.6,78.2,No,0.0,None
23:39:35.139,Active,424.6,2.3,1.3,11.6,60.0,No,0.0,None
23:39:35.549,Active,403.3,2.3,99.4,11.8,61.1,No,0.0,None
23:39:35.960,Active,405.6,2.3,100.0,11.8,62.2,No,0.0,None
23:39:36.372,Active,405.7,6.0,98.8,11.8,63.4,No,0.0,None
23:39:36.791,Active,408.9,6.0,98.2,11.7,64.5,No,0.0,None
23:39:37.206,Active,407.4,6.0,98.2,11.7,65.5,No,0.0,None
23:39:37.626,Active,410.7,6.0,98.2,11.7,65.5,No,0.0,None
23:39:38.039,Active,406.0,6.0,98.8,11.7,66.7,No,0.0,None
23:39:38.454,Active,408.8,6.0,98.8,11.7,66.7,No,0.0,None
23:39:38.886,Active,424.5,6.0,98.8,11.7,66.7,No,0.0,None
23:39:39.302,Active,407.4,6.0,98.8,11.7,67.8,No,0.0,None
23:39:39.718,Active,408.5,6.0,98.2,11.7,68.8,No,0.0,None
23:39:40.134,Active,407.9,6.0,98.2,11.7,68.3,No,0.0,None
23:39:40.553,Active,409.6,2.4,98.2,11.7,68.3,No,0.0,None
23:39:40.969,Active,406.4,2.4,98.2,11.7,69.4,No,0.0,None
23:39:41.386,Active,408.0,2.4,98.2,11.6,70.0,No,0.0,None
23:39:41.799,Active,407.0,2.4,98.8,11.6,70.5,No,0.0,None
23:39:42.215,Active,407.4,2.4,98.2,11.6,70.0,No,0.0,None
23:39:42.633,Active,408.2,2.4,98.2,11.6,70.5,No,0.0,None
23:39:43.048,Active,407.7,2.4,98.8,11.6,71.6,No,0.0,None
23:39:43.465,Active,408.4,2.4,98.2,11.6,71.6,No,0.0,None
23:39:43.899,Active,427.2,2.4,99.4,11.6,70.5,No,0.0,None
23:39:44.315,Active,405.1,2.4,98.2,11.6,71.6,No,0.0,None
23:39:44.731,Active,406.7,2.4,98.8,11.6,71.6,No,0.0,None
23:39:45.148,Active,408.1,2.4,98.8,11.6,71.6,No,0.0,None
23:39:45.568,Active,410.4,2.4,98.2,11.6,72.2,No,0.0,None
23:39:45.981,Active,405.5,2.4,98.8,11.6,72.2,No,0.0,None
23:39:46.399,Active,407.7,2.4,98.2,11.6,71.6,No,0.0,None
23:39:46.816,Active,407.5,2.4,98.2,11.6,73.2,No,0.0,None
23:39:47.233,Active,407.5,2.4,98.2,11.6,72.7,No,0.0,None
23:39:47.652,Active,409.1,2.4,98.2,11.6,73.2,No,0.0,None
23:39:48.070,Active,408.3,2.4,98.2,11.6,73.8,No,0.0,None
23:39:48.485,Active,407.0,2.4,98.2,11.6,73.2,No,0.0,None
23:39:48.900,Active,405.2,2.4,98.8,11.6,73.8,No,0.0,None
23:39:49.335,Active,424.6,2.4,98.3,11.6,73.2,No,0.0,None
23:39:49.749,Active,408.1,2.4,98.2,11.6,73.8,No,0.0,None
23:39:50.161,Active,405.6,2.4,99.4,11.6,73.8,No,0.0,None
23:39:50.573,Active,405.7,2.4,99.4,11.6,73.8,No,0.0,None
23:39:50.988,Active,407.2,2.4,98.8,11.6,74.3,No,0.0,None
23:39:51.405,Active,408.0,2.4,98.2,11.6,74.3,No,0.0,None
23:39:51.821,Active,407.5,2.4,98.8,11.6,73.2,No,0.0,None
23:39:52.241,Active,407.6,2.4,97.6,11.6,72.7,No,0.0,None
23:39:52.652,Active,405.7,2.4,99.4,11.6,74.3,No,0.0,None
23:39:53.063,Active,404.5,2.4,99.4,11.6,74.3,No,0.0,None
23:39:53.482,Active,410.5,2.4,98.2,11.6,74.3,No,0.0,None
23:39:53.899,Active,409.5,2.4,98.8,11.6,74.9,No,0.0,None
23:39:54.316,Active,407.8,2.4,97.6,11.6,74.9,No,0.0,None
23:39:54.730,Active,408.1,2.4,99.4,11.6,74.9,No,0.0,None
23:39:55.147,Active,410.1,2.4,98.8,11.6,76.0,No,0.0,None
23:39:55.561,Active,407.9,2.4,98.2,11.6,74.9,No,0.0,None
23:39:55.974,Active,407.1,2.4,98.8,11.5,74.3,No,0.0,None
23:39:56.389,Active,407.4,2.4,98.2,11.5,75.5,No,0.0,None
23:39:56.804,Active,407.0,2.4,98.8,11.5,75.5,No,0.0,None
23:39:57.219,Active,405.5,2.4,98.2,11.5,74.9,No,0.0,None
23:39:57.632,Active,407.0,2.4,98.8,11.5,75.5,No,0.0,None
23:39:58.055,Active,413.9,2.4,97.6,11.5,76.0,No,0.0,None
23:39:58.475,Active,410.2,2.4,97.6,11.5,76.0,No,0.0,None
23:39:58.889,Active,407.9,2.4,98.2,11.5,76.5,No,0.0,None
23:39:59.333,Active,436.1,2.4,97.7,11.7,76.5,No,0.0,None
23:39:59.747,Active,407.8,2.4,98.8,11.7,75.5,No,0.0,None
23:40:00.167,Active,409.9,2.4,98.2,11.7,75.5,No,0.0,None
23:40:00.590,Active,415.5,2.4,97.6,11.7,75.5,No,0.0,None
23:40:01.001,Active,404.7,2.4,98.2,11.7,76.0,No,0.0,None
23:40:01.417,Active,408.1,2.4,98.8,11.6,76.0,No,0.0,None
23:40:01.834,Active,410.6,2.4,98.2,11.6,76.0,No,0.0,None
23:40:02.249,Active,407.5,2.4,98.2,11.6,76.0,No,0.0,None
23:40:02.668,Active,408.9,2.4,98.2,11.6,76.0,No,0.0,None
23:40:03.080,Active,406.1,2.4,98.8,11.6,76.5,No,0.0,None
23:40:03.499,Active,409.2,2.4,98.2,11.6,76.0,No,0.0,None
23:40:03.915,Active,409.9,2.4,99.4,11.6,75.5,No,0.0,None
23:40:04.340,Active,418.6,2.4,98.2,11.6,76.5,No,0.0,None
23:40:04.759,Active,409.4,2.4,97.6,11.6,76.5,No,0.0,None
23:40:05.183,Active,413.9,2.4,98.2,11.6,76.5,No,0.0,None
23:40:05.597,Active,408.1,2.4,98.8,11.6,76.0,No,0.0,None
23:40:06.013,Active,409.5,2.4,98.8,11.6,75.5,No,0.0,None
23:40:06.428,Active,406.8,2.4,98.2,11.6,76.5,No,0.0,None
23:40:06.841,Active,404.8,2.4,98.8,11.6,77.1,No,0.0,None
23:40:07.250,Active,403.2,2.4,100.0,11.6,77.7,No,0.0,None
23:40:07.670,Active,408.7,2.4,98.2,11.6,76.5,No,0.0,None
23:40:08.084,Active,406.3,2.4,98.2,11.6,76.5,No,0.0,None
23:40:08.502,Active,408.4,2.4,98.2,11.6,76.5,No,0.0,None
23:40:08.924,Active,414.1,2.4,97.0,11.6,76.5,No,0.0,None
23:40:09.356,Active,424.1,2.4,98.8,11.6,76.5,No,0.0,None
23:40:09.775,Active,409.7,2.4,98.2,11.6,77.1,No,0.0,None
23:40:10.194,Active,408.6,2.4,97.6,11.6,77.1,No,0.0,None
23:40:10.611,Active,409.5,2.4,98.8,11.6,77.7,No,0.0,None
23:40:11.043,Active,426.2,2.4,95.9,11.6,77.7,No,0.0,None
23:40:11.459,Active,408.6,2.4,98.8,11.6,77.1,No,0.0,None
23:40:11.875,Active,406.4,2.4,98.2,11.5,77.1,No,0.0,None
23:40:12.289,Active,404.9,2.4,98.8,11.5,77.1,No,0.0,None
23:40:12.705,Active,410.3,2.4,98.8,11.5,76.5,No,0.0,None
23:40:13.120,Active,405.8,2.4,98.2,11.5,77.1,No,0.0,None
23:40:13.534,Active,408.1,2.4,99.4,11.5,77.7,No,0.0,None
23:40:13.949,Active,406.0,2.4,98.2,11.5,77.1,No,0.0,None
23:40:14.392,Active,432.8,2.4,97.2,11.6,77.1,No,0.0,None
23:40:14.806,Active,406.0,2.4,98.2,11.6,77.1,No,0.0,None
23:40:15.218,Active,405.2,2.4,98.8,11.6,77.1,No,0.0,None
23:40:15.635,Active,409.5,2.4,99.4,11.6,77.1,No,0.0,None
23:40:16.050,Active,407.4,2.4,98.2,11.5,77.7,No,0.0,None
23:40:16.469,Active,409.8,2.4,98.2,11.5,77.1,No,0.0,None
23:40:16.884,Active,408.1,2.4,98.2,11.5,77.1,No,0.0,None
23:40:17.299,Active,408.7,2.4,99.4,11.5,77.1,No,0.0,None
23:40:17.714,Active,408.5,2.4,98.8,11.5,78.2,No,0.0,None
23:40:18.130,Active,408.6,2.4,98.8,11.5,78.2,No,0.0,None
23:40:18.544,Active,408.1,2.4,99.4,11.5,77.1,No,0.0,None
23:40:18.962,Active,408.8,2.4,98.2,11.5,77.7,No,0.0,None
23:40:19.384,Active,415.3,2.4,97.0,11.5,77.7,No,0.0,None
23:40:19.819,Active,426.2,2.4,97.7,11.6,77.7,No,0.0,None
23:40:20.239,Active,409.7,2.4,98.2,11.7,77.7,No,0.0,None
23:40:20.672,Active,426.4,2.4,95.9,11.7,78.2,No,0.0,None
23:40:21.089,Active,407.6,2.4,98.2,11.7,77.7,No,0.0,None
23:40:21.505,Active,410.4,2.4,99.4,11.7,77.7,No,0.0,None
23:40:21.921,Active,409.8,2.4,98.2,11.7,77.1,No,0.0,None
23:40:22.338,Active,410.4,2.4,98.8,11.6,77.1,No,0.0,None
23:40:22.772,Active,428.2,2.4,95.4,11.6,77.7,No,0.0,None
23:40:23.187,Active,408.2,2.4,98.8,11.6,76.5,No,0.0,None
23:40:23.602,Active,409.1,2.4,98.8,11.6,77.7,No,0.0,None
23:40:24.018,Active,408.9,2.4,98.8,11.6,77.7,No,0.0,None
23:40:24.434,Active,409.2,2.4,98.2,11.6,77.7,No,0.0,None
23:40:24.849,Active,405.2,2.4,98.2,11.6,77.7,No,0.0,None
23:40:25.266,Active,407.9,2.4,98.2,11.6,78.2,No,0.0,None
23:40:25.680,Active,407.2,2.4,98.8,11.6,77.7,No,0.0,None
23:40:26.095,Active,408.1,2.4,98.8,11.6,77.7,No,0.0,None
23:40:26.509,Active,407.3,2.4,98.2,11.6,78.2,No,0.0,None
23:40:26.924,Active,408.2,2.4,98.8,11.6,77.7,No,0.0,None
23:40:27.336,Active,404.7,2.4,98.8,11.6,78.2,No,0.0,None
23:40:27.755,Active,409.7,2.4,98.2,11.5,77.7,No,0.0,None
23:40:28.169,Active,408.3,2.4,98.8,11.5,77.7,No,0.0,None
23:40:28.588,Active,409.2,2.4,98.2,11.6,78.2,No,0.0,None
23:40:29.002,Active,404.8,2.4,98.2,11.5,77.7,No,0.0,None
23:40:29.421,Active,408.4,2.4,98.2,11.6,77.7,No,0.0,None
23:40:29.870,Active,439.1,2.4,97.8,11.7,78.2,No,0.0,None
23:40:30.287,Active,409.1,2.4,98.2,11.7,78.2,No,0.0,None
23:40:30.705,Active,408.2,2.4,98.2,11.7,78.8,No,0.0,None
23:40:31.123,Active,407.9,2.4,98.2,11.7,78.8,No,0.0,None
23:40:31.541,Active,409.1,2.4,98.2,11.7,78.2,No,0.0,None
23:40:31.958,Active,408.0,2.4,97.6,11.7,78.8,No,0.0,None
23:40:32.375,Active,409.5,2.4,98.8,11.7,78.2,No,0.0,None
23:40:32.790,Active,409.3,2.4,98.8,11.6,78.2,No,0.0,None
23:40:33.202,Active,406.5,2.4,98.8,11.6,78.2,No,0.0,None
23:40:33.616,Active,407.1,2.4,98.8,11.6,79.3,No,0.0,None
23:40:34.043,Active,418.0,2.4,98.2,11.6,78.2,No,0.0,None
23:40:34.469,Active,417.4,2.4,97.6,11.7,78.2,No,0.0,None
23:40:34.895,Active,419.9,2.4,98.8,11.6,78.2,No,0.0,None
23:41:20.340,Active,427.4,2.4,1.3,11.6,59.0,No,0.0,None
23:41:20.770,Active,423.7,2.4,100.0,11.7,60.6,No,0.0,None
23:41:21.182,Active,406.7,2.4,100.0,11.7,62.2,No,0.0,None
23:41:21.599,Active,409.5,2.4,98.8,11.7,63.4,No,0.0,None
23:41:22.013,Active,408.1,2.4,98.8,11.7,66.7,No,0.0,None
23:41:22.432,Active,411.1,2.4,98.2,11.7,65.0,No,0.0,None
23:41:22.848,Active,407.3,2.4,97.6,11.7,66.7,No,0.0,None
23:41:23.265,Active,408.1,2.4,98.2,11.7,66.7,No,0.0,None
23:41:23.682,Active,410.3,2.4,98.8,11.6,66.7,No,0.0,None
23:41:24.099,Active,410.2,2.4,98.2,11.6,66.7,No,0.0,None
23:41:24.517,Active,408.0,2.4,97.6,11.6,67.8,No,0.0,None
23:41:24.932,Active,408.6,2.4,98.2,11.6,68.3,No,0.0,None
23:41:25.352,Active,409.6,2.4,98.2,11.6,68.8,No,0.0,None
23:41:25.767,Active,406.3,2.4,98.2,11.6,68.8,No,0.0,None
23:41:26.177,Active,403.9,2.4,99.4,11.6,68.8,No,0.0,None
23:41:26.600,Active,416.9,2.4,98.2,11.6,69.4,No,0.0,None
23:41:27.021,Active,411.8,2.4,97.6,11.6,70.0,No,0.0,None
23:41:27.444,Active,415.3,2.4,97.6,11.6,70.0,No,0.0,None
23:41:27.858,Active,407.5,2.4,98.8,11.6,70.5,No,0.0,None
23:41:28.275,Active,409.5,2.4,98.8,11.6,71.0,No,0.0,None
23:41:28.691,Active,409.7,2.4,98.2,11.6,70.5,No,0.0,None
23:41:29.106,Active,408.7,2.4,98.8,11.6,71.6,No,0.0,None
23:41:29.521,Active,409.7,2.4,98.8,11.6,71.0,No,0.0,None
23:41:29.934,Active,407.2,2.4,99.4,11.6,72.2,No,0.0,None
23:41:30.350,Active,407.9,2.4,98.8,11.6,73.2,No,0.0,None
23:41:30.806,Active,448.4,2.4,97.8,11.6,72.2,No,0.0,None
23:41:31.220,Active,408.4,2.4,98.2,11.7,72.2,No,0.0,None
23:41:31.640,Active,409.2,2.4,98.2,11.7,72.2,No,0.0,None
23:41:32.058,Active,407.6,2.4,98.2,11.7,73.2,No,0.0,None
23:41:32.477,Active,409.3,2.4,98.2,11.7,72.7,No,0.0,None
23:41:32.897,Active,411.0,2.4,97.6,11.7,73.2,No,0.0,None
23:41:33.309,Active,405.3,2.4,98.8,11.7,73.2,No,0.0,None
23:41:33.728,Active,409.5,2.4,98.2,11.6,73.2,No,0.0,None
23:41:34.145,Active,407.2,2.4,98.2,11.6,73.8,No,0.0,None
23:41:34.565,Active,409.9,2.4,97.6,11.6,73.2,No,0.0,None
23:41:34.982,Active,407.7,2.4,98.2,11.6,73.2,No,0.0,None
23:41:35.398,Active,406.4,2.4,98.2,11.6,73.2,No,0.0,None
23:41:35.828,Active,421.0,2.4,98.3,11.6,73.8,No,0.0,None
23:41:36.250,Active,411.0,2.4,98.2,11.6,74.3,No,0.0,None
23:41:36.674,Active,414.4,2.4,97.6,11.6,73.2,No,0.0,None
23:41:37.088,Active,408.6,2.4,98.8,11.6,74.3,No,0.0,None
23:41:37.508,Active,410.3,2.4,98.2,11.6,73.8,No,0.0,None
23:41:37.927,Active,409.6,2.4,98.2,11.6,74.9,No,0.0,None
23:41:38.345,Active,408.0,2.4,98.2,11.6,74.9,No,0.0,None
23:41:38.767,Active,411.5,2.4,98.2,11.6,74.3,No,0.0,None
23:41:39.182,Active,407.5,2.4,98.2,11.6,74.3,No,0.0,None
23:41:39.601,Active,410.1,2.4,98.2,11.6,75.5,No,0.0,None
23:41:40.013,Active,405.5,2.4,98.8,11.6,74.9,No,0.0,None
23:41:40.430,Active,410.6,2.4,99.4,11.6,74.3,No,0.0,None
23:41:40.861,Active,419.9,2.4,97.7,11.6,74.3,No,0.0,None
23:41:41.274,Active,405.4,2.4,99.4,11.6,74.3,No,0.0,None
23:41:41.690,Active,409.1,2.4,99.4,11.6,74.9,No,0.0,None
23:41:42.103,Active,406.2,2.4,98.8,11.6,75.5,No,0.0,None
23:41:42.518,Active,408.9,2.4,98.8,11.6,74.9,No,0.0,None
23:41:42.935,Active,407.1,2.4,97.6,11.6,74.9,No,0.0,None
23:41:43.364,Active,418.8,2.4,96.5,11.6,75.5,No,0.0,None
23:41:43.782,Active,408.7,2.4,98.2,11.6,75.5,No,0.0,None
23:41:44.199,Active,407.0,2.4,98.2,11.6,76.0,No,0.0,None
23:41:44.617,Active,407.9,2.4,98.2,11.6,75.5,No,0.0,None
23:41:45.033,Active,406.8,2.4,98.2,11.6,74.9,No,0.0,None
23:41:45.448,Active,408.3,2.4,98.8,11.6,74.9,No,0.0,None
23:41:45.887,Active,432.5,2.4,97.1,11.6,75.5,No,0.0,None
23:41:46.311,Active,417.5,2.4,97.1,11.6,75.5,No,0.0,None
23:41:46.732,Active,415.5,2.4,97.6,11.6,76.5,No,0.0,None
23:41:47.170,Active,428.5,2.4,95.4,11.6,76.5,No,0.0,None
23:41:47.592,Active,415.2,2.4,97.6,11.6,76.0,No,0.0,None
23:41:48.031,Active,428.2,2.4,96.0,11.6,76.5,No,0.0,None
23:41:48.457,Active,420.1,2.4,97.7,11.6,75.5,No,0.0,None
23:41:48.878,Active,412.5,2.4,97.6,11.6,77.1,No,0.0,None
23:41:49.294,Active,408.8,2.3,98.8,11.6,76.0,No,0.0,None
23:41:49.709,Active,408.0,2.3,98.8,11.6,77.1,No,0.0,None
23:41:50.127,Active,407.4,2.3,98.2,11.6,76.5,No,0.0,None
23:41:50.547,Active,413.8,2.3,98.8,11.6,76.0,No,0.0,None
23:41:50.973,Active,420.3,2.3,99.4,11.6,76.0,No,0.0,None
23:41:51.390,Active,411.0,2.3,99.4,11.6,77.1,No,0.0,None
23:41:51.804,Active,407.8,2.3,98.8,11.6,76.5,No,0.0,None
23:41:52.221,Active,407.1,2.3,98.8,11.6,75.5,No,0.0,None
23:41:52.637,Active,409.6,2.3,98.8,11.6,76.5,No,0.0,None
23:41:53.052,Active,408.3,2.3,98.8,11.6,76.5,No,0.0,None
23:41:53.469,Active,408.8,2.4,98.8,11.6,76.0,No,0.0,None
23:41:53.886,Active,409.7,2.4,98.8,11.6,77.1,No,0.0,None
23:41:54.302,Active,406.2,2.4,97.6,11.5,76.5,No,0.0,None
23:41:54.719,Active,409.4,2.4,98.8,11.5,76.5,No,0.0,None
23:41:55.133,Active,408.0,2.4,98.8,11.6,76.5,No,0.0,None
23:41:55.569,Active,430.0,2.4,95.4,11.6,76.0,No,0.0,None
23:41:55.987,Active,407.7,2.4,98.2,11.6,76.0,No,0.0,None
23:41:56.404,Active,408.3,2.4,98.2,11.6,76.5,No,0.0,None
23:41:56.818,Active,405.9,2.4,98.2,11.6,76.5,No,0.0,None
23:41:57.252,Active,424.3,2.4,95.4,11.6,77.1,No,0.0,None
23:41:57.666,Active,408.0,2.4,99.4,11.5,76.5,No,0.0,None
23:41:58.082,Active,406.2,2.4,98.2,11.6,77.1,No,0.0,None
23:41:58.504,Active,411.4,2.4,97.0,11.6,77.7,No,0.0,None
23:41:58.919,Active,409.1,2.4,99.4,11.6,77.1,No,0.0,None
23:41:59.332,Active,407.0,2.4,98.2,11.5,77.1,No,0.0,None
23:41:59.744,Active,406.1,2.4,99.4,11.5,76.5,No,0.0,None
23:42:00.157,Active,406.8,2.4,99.4,11.5,77.1,No,0.0,None
23:42:00.574,Active,410.7,2.4,98.8,11.5,76.5,No,0.0,None
23:42:00.985,Active,405.5,2.4,98.8,11.5,77.1,No,0.0,None
23:42:01.427,Active,432.2,2.4,98.3,11.7,77.7,No,0.0,None
23:42:01.852,Active,414.7,2.4,97.1,11.7,77.7,No,0.0,None
23:42:02.267,Active,405.4,2.4,98.2,11.7,77.1,No,0.0,None
23:42:02.684,Active,409.1,2.4,98.8,11.7,77.1,No,0.0,None
23:42:03.112,Active,418.9,2.4,95.9,11.6,77.1,No,0.0,None
23:42:03.533,Active,411.8,2.4,98.2,11.6,78.2,No,0.0,None
23:42:03.946,Active,406.1,2.4,98.8,11.6,77.1,No,0.0,None
23:42:04.362,Active,406.4,2.4,98.2,11.6,76.0,No,0.0,None
23:42:04.782,Active,409.8,2.4,98.2,11.6,77.1,No,0.0,None
23:42:05.198,Active,409.3,2.4,98.8,11.6,77.7,No,0.0,None
23:42:05.636,Active,431.3,2.4,94.9,11.6,77.7,No,0.0,None
23:42:06.064,Active,418.9,2.4,96.4,11.6,77.7,No,0.0,None
23:42:06.493,Active,419.7,2.4,98.8,11.6,77.1,No,0.0,None
23:42:06.905,Active,405.9,2.4,99.4,11.6,77.1,No,0.0,None
23:42:07.317,Active,406.1,2.4,99.4,11.6,77.1,No,0.0,None
23:42:07.729,Active,406.4,2.4,99.4,11.6,77.1,No,0.0,None
23:42:08.138,Active,402.6,2.4,98.8,11.6,77.1,No,0.0,None
23:42:08.552,Active,408.7,2.4,99.4,11.6,78.2,No,0.0,None
23:42:08.969,Active,406.5,2.4,98.2,11.6,77.7,No,0.0,None
23:42:09.384,Active,405.6,2.4,97.6,11.6,78.2,No,0.0,None
23:42:09.800,Active,408.5,2.4,98.8,11.6,77.1,No,0.0,None
23:42:10.216,Active,406.1,2.4,98.8,11.6,77.7,No,0.0,None
23:42:10.635,Active,409.1,2.4,97.6,11.6,76.5,No,0.0,None
23:42:11.051,Active,410.0,2.4,98.8,11.6,77.7,No,0.0,None
23:42:11.483,Active,422.6,2.4,98.3,11.7,77.1,No,0.0,None
23:42:11.896,Active,406.8,2.4,98.8,11.7,77.7,No,0.0,None
23:42:12.313,Active,407.9,2.4,98.2,11.7,77.7,No,0.0,None
23:42:12.743,Active,421.3,2.4,96.4,11.6,77.7,No,0.0,None
23:42:13.261,Active,411.5,2.4,79.8,11.6,77.1,No,0.0,None
23:42:13.673,Active,405.5,2.4,98.8,11.6,77.7,No,0.0,None
23:42:14.088,Active,409.6,2.4,99.4,11.6,77.7,No,0.0,None
23:42:14.500,Active,405.5,2.3,98.8,11.6,77.1,No,0.0,None
23:42:14.921,Active,409.1,2.3,98.2,11.6,77.7,No,0.0,None
23:42:15.336,Active,407.0,2.3,98.8,11.6,77.7,No,0.0,None
23:42:15.750,Active,405.8,2.3,98.8,11.6,77.1,No,0.0,None
23:42:16.160,Active,404.8,2.3,99.4,11.6,78.2,No,0.0,None
23:42:16.600,Active,428.7,2.3,98.9,11.6,77.7,No,0.0,None
23:42:17.015,Active,407.4,2.3,98.8,11.6,78.2,No,0.0,None
23:42:17.433,Active,408.7,2.3,97.6,11.6,78.2,No,0.0,None
23:42:17.845,Active,404.8,2.3,99.4,11.6,77.7,No,0.0,None
23:42:18.259,Active,408.3,2.3,99.4,11.6,78.2,No,0.0,None
23:42:18.675,Active,408.4,2.4,98.2,11.6,77.7,No,0.0,None
23:42:19.090,Active,408.6,2.4,98.2,11.6,78.2,No,0.0,None
23:42:19.507,Active,410.9,2.4,99.4,11.6,78.2,No,0.0,None
23:42:19.921,Active,406.6,2.4,98.2,11.6,77.7,No,0.0,None
23:43:05.370,Active,429.0,2.4,1.4,11.6,59.5,No,0.0,None
23:43:05.786,Active,410.6,2.4,98.2,11.6,60.6,No,0.0,None
23:43:06.199,Active,406.3,2.4,99.4,11.6,61.7,No,0.0,None
23:43:06.618,Active,408.9,2.4,98.2,11.6,63.4,No,0.0,None
23:43:07.031,Active,405.7,2.4,99.4,11.6,63.4,No,0.0,None
23:43:07.456,Active,418.7,2.4,98.8,11.6,64.5,No,0.0,None
23:43:07.872,Active,406.8,3.4,98.2,11.6,65.0,No,0.0,None
23:43:08.284,Active,406.4,3.4,99.4,11.6,65.5,No,0.0,None
23:43:08.702,Active,411.3,3.4,98.2,11.6,67.2,No,0.0,None
23:43:09.113,Active,405.2,3.4,100.0,11.6,67.2,No,0.0,None
23:43:09.529,Active,408.2,3.4,98.8,11.6,68.3,No,0.0,None
23:43:09.945,Active,409.5,3.4,98.8,11.6,67.2,No,0.0,None
23:43:10.360,Active,407.1,3.4,98.8,11.6,68.3,No,0.0,None
23:43:10.774,Active,405.4,3.4,98.8,11.6,68.3,No,0.0,None
23:43:11.190,Active,408.6,3.4,98.8,11.5,68.3,No,0.0,None
23:43:11.606,Active,409.0,3.4,98.8,11.6,69.4,No,0.0,None
23:43:12.020,Active,407.0,2.4,98.8,11.6,69.4,No,0.0,None
23:43:12.454,Active,425.0,2.4,98.3,11.6,70.0,No,0.0,None
23:43:12.870,Active,408.4,2.4,98.8,11.6,70.0,No,0.0,None
23:43:13.307,Active,429.9,2.4,95.4,11.6,70.5,No,0.0,None
23:43:13.723,Active,409.5,2.4,98.8,11.6,70.5,No,0.0,None
23:43:14.139,Active,409.9,2.4,99.4,11.6,71.0,No,0.0,None
23:43:14.559,Active,413.9,2.4,97.6,11.6,71.0,No,0.0,None
23:43:14.975,Active,409.5,2.4,98.8,11.6,71.0,No,0.0,None
23:43:15.388,Active,407.6,2.4,98.2,11.6,71.6,No,0.0,None
23:43:15.803,Active,408.6,2.4,99.4,11.6,71.6,No,0.0,None
23:43:16.219,Active,409.6,2.4,98.2,11.6,71.6,No,0.0,None
23:43:16.635,Active,409.5,2.4,99.4,11.6,72.2,No,0.0,None
23:43:17.162,Active,421.5,2.4,78.2,11.5,72.2,No,0.0,None
23:43:17.599,Active,429.9,2.4,98.9,11.6,72.2,No,0.0,None
23:43:18.017,Active,412.2,2.4,98.2,11.6,72.2,No,0.0,None
23:43:18.431,Active,407.2,2.4,98.8,11.6,72.7,No,0.0,None
23:43:18.843,Active,406.6,2.4,98.8,11.6,72.7,No,0.0,None
23:43:19.258,Active,406.7,2.4,98.8,11.6,72.7,No,0.0,None
23:43:19.674,Active,409.3,2.4,98.8,11.6,72.7,No,0.0,None
23:43:20.089,Active,408.3,2.4,98.8,11.6,72.7,No,0.0,None
23:43:20.506,Active,410.1,2.3,98.2,11.6,73.2,No,0.0,None
23:43:20.920,Active,406.9,2.3,98.8,11.6,73.8,No,0.0,None
23:43:21.339,Active,412.5,2.3,97.6,11.6,73.8,No,0.0,None
23:43:21.758,Active,409.0,2.3,98.2,11.6,72.7,No,0.0,None
23:43:22.170,Active,404.9,2.3,98.8,11.6,74.3,No,0.0,None
23:43:22.608,Active,431.3,2.3,98.9,11.6,73.8,No,0.0,None
23:43:23.027,Active,409.3,2.3,97.6,11.6,74.3,No,0.0,None
23:43:23.441,Active,408.3,2.3,98.8,11.6,73.8,No,0.0,None
23:43:23.858,Active,410.1,2.3,98.2,11.6,74.9,No,0.0,None
23:43:24.273,Active,407.6,2.3,98.8,11.6,73.8,No,0.0,None
23:43:24.688,Active,409.4,2.4,99.4,11.6,74.3,No,0.0,None
23:43:25.101,Active,406.7,2.4,98.8,11.6,73.8,No,0.0,None
23:43:25.516,Active,409.4,2.4,99.4,11.6,74.3,No,0.0,None
23:43:25.929,Active,407.2,2.4,99.4,11.6,74.3,No,0.0,None
23:43:26.343,Active,407.3,2.4,99.4,11.6,75.5,No,0.0,None
23:43:26.759,Active,409.7,2.4,98.8,11.6,76.0,No,0.0,None
23:43:27.172,Active,407.2,2.4,98.8,11.6,74.9,No,0.0,None
23:43:27.590,Active,411.7,2.4,98.8,11.6,74.3,No,0.0,None
23:43:28.015,Active,417.2,2.4,96.4,11.5,74.9,No,0.0,None
23:43:28.433,Active,408.5,2.4,98.2,11.5,75.5,No,0.0,None
23:43:28.849,Active,406.4,2.4,98.2,11.5,75.5,No,0.0,None
23:43:29.273,Active,416.2,2.4,97.0,11.5,74.9,No,0.0,None
23:43:29.692,Active,408.8,2.4,98.2,11.5,75.5,No,0.0,None
23:43:30.109,Active,407.9,2.4,98.2,11.5,75.5,No,0.0,None
23:43:30.526,Active,409.8,2.4,98.8,11.5,75.5,No,0.0,None
23:43:30.942,Active,408.9,2.4,98.2,11.5,76.0,No,0.0,None
23:43:31.357,Active,408.2,2.4,98.2,11.5,74.9,No,0.0,None
23:43:31.783,Active,417.4,2.4,97.0,11.5,76.0,No,0.0,None
23:43:32.197,Active,407.7,2.4,98.8,11.5,75.5,No,0.0,None
23:43:32.640,Active,437.8,2.4,98.9,11.6,74.9,No,0.0,None
23:43:33.054,Active,407.3,2.4,98.8,11.6,75.5,No,0.0,None
23:43:33.469,Active,407.4,2.4,98.8,11.6,76.0,No,0.0,None
23:43:33.881,Active,405.2,2.4,99.4,11.6,76.5,No,0.0,None
23:43:34.295,Active,406.2,2.4,98.8,11.6,76.0,No,0.0,None
23:43:34.718,Active,412.6,2.4,97.6,11.6,76.0,No,0.0,None
23:43:35.131,Active,406.3,2.4,98.2,11.6,76.5,No,0.0,None
23:43:35.553,Active,414.2,2.4,98.8,11.6,76.0,No,0.0,None
23:43:35.969,Active,407.0,2.4,97.6,11.6,76.5,No,0.0,None
23:43:36.384,Active,406.4,2.4,98.8,11.6,76.0,No,0.0,None
23:43:36.802,Active,408.6,2.4,98.2,11.6,76.0,No,0.0,None
23:43:37.216,Active,407.0,2.4,98.2,11.6,76.0,No,0.0,None
23:43:37.659,Active,433.6,2.4,95.4,11.6,76.0,No,0.0,None
23:43:38.082,Active,416.6,2.4,98.8,11.6,75.5,No,0.0,None
23:43:38.523,Active,433.8,2.4,94.9,11.6,76.5,No,0.0,None
23:43:38.938,Active,408.5,2.4,98.8,11.6,76.0,No,0.0,None
23:43:39.348,Active,402.8,2.4,98.8,11.6,77.1,No,0.0,None
23:43:39.757,Active,403.3,2.4,99.4,11.6,76.0,No,0.0,None
23:43:40.170,Active,407.2,2.4,100.0,11.6,77.1,No,0.0,None
23:43:40.586,Active,409.5,2.4,98.2,11.6,76.5,No,0.0,None
23:43:41.003,Active,406.9,2.4,98.2,11.5,76.5,No,0.0,None
23:43:41.416,Active,406.5,2.4,99.4,11.6,75.5,No,0.0,None
23:43:41.830,Active,407.9,2.4,99.4,11.6,77.1,No,0.0,None
23:43:42.245,Active,407.8,2.4,98.2,11.6,76.5,No,0.0,None
23:43:42.662,Active,408.9,2.4,98.2,11.6,77.1,No,0.0,None
23:43:43.089,Active,420.0,2.4,98.8,11.6,77.1,No,0.0,None
23:43:43.504,Active,408.8,2.4,98.8,11.6,77.1,No,0.0,None
23:43:43.925,Active,412.0,2.4,97.6,11.6,77.1,No,0.0,None
23:43:44.339,Active,407.5,2.4,98.8,11.6,76.5,No,0.0,None
23:43:44.754,Active,408.8,2.4,99.4,11.6,77.1,No,0.0,None
23:43:45.168,Active,407.2,2.4,98.8,11.6,77.1,No,0.0,None
23:43:45.585,Active,407.7,2.4,98.2,11.6,77.1,No,0.0,None
23:43:46.001,Active,407.6,2.4,98.8,11.6,77.7,No,0.0,None
23:43:46.416,Active,409.4,2.4,99.4,11.5,77.1,No,0.0,None
23:43:46.828,Active,404.9,2.4,98.8,11.5,77.7,No,0.0,None
23:43:47.245,Active,407.9,2.4,98.8,11.5,77.7,No,0.0,None
23:43:47.660,Active,407.3,2.4,98.2,11.5,77.7,No,0.0,None
23:43:48.097,Active,427.7,2.4,98.3,11.6,77.1,No,0.0,None
23:43:48.517,Active,411.9,2.4,98.8,11.6,77.7,No,0.0,None
23:43:48.929,Active,405.7,2.4,98.8,11.6,77.1,No,0.0,None
23:43:49.344,Active,407.4,2.4,98.8,11.6,77.1,No,0.0,None
23:43:49.763,Active,409.2,2.4,97.6,11.6,76.5,No,0.0,None
23:43:50.178,Active,409.2,2.4,98.8,11.6,77.1,No,0.0,None
23:43:50.617,Active,432.7,2.4,95.4,11.6,77.7,No,0.0,None
23:43:51.034,Active,408.6,2.4,98.8,11.6,77.1,No,0.0,None
23:43:51.450,Active,409.1,2.4,98.2,11.6,77.1,No,0.0,None
23:43:51.866,Active,408.5,2.4,98.8,11.6,78.8,No,0.0,None
23:43:52.279,Active,406.3,2.4,98.2,11.6,77.7,No,0.0,None
23:43:52.698,Active,409.1,2.4,98.2,11.6,77.1,No,0.0,None
23:43:53.139,Active,434.8,2.4,98.3,11.6,78.2,No,0.0,None
23:43:53.560,Active,410.7,2.4,98.2,11.6,77.7,No,0.0,None
23:43:53.975,Active,408.7,2.4,98.8,11.6,77.1,No,0.0,None
23:43:54.390,Active,408.5,2.4,98.8,11.6,77.1,No,0.0,None
23:43:54.802,Active,405.7,2.4,98.8,11.6,77.1,No,0.0,None
23:43:55.218,Active,409.3,2.4,98.8,11.6,77.7,No,0.0,None
23:43:55.637,Active,411.8,2.4,98.2,11.6,77.7,No,0.0,None
23:43:56.049,Active,405.6,2.4,98.8,11.6,77.7,No,0.0,None
23:43:56.460,Active,405.7,2.4,99.4,11.5,78.2,No,0.0,None
23:43:56.876,Active,407.1,2.4,99.4,11.5,78.2,No,0.0,None
23:43:57.289,Active,406.7,2.4,98.8,11.6,78.8,No,0.0,None
23:43:57.703,Active,407.9,2.4,99.4,11.5,77.7,No,0.0,None
23:43:58.116,Active,406.6,2.4,99.4,11.6,78.2,No,0.0,None
23:43:58.533,Active,410.8,2.4,98.8,11.6,77.7,No,0.0,None
23:43:58.953,Active,412.6,2.4,98.2,11.5,76.5,No,0.0,None
23:43:59.367,Active,407.1,2.4,99.4,11.5,77.7,No,0.0,None
23:43:59.781,Active,408.1,2.4,98.8,11.5,78.2,No,0.0,None
23:44:00.195,Active,406.9,2.4,99.4,11.5,77.7,No,0.0,None
23:44:00.612,Active,408.5,2.4,98.2,11.6,78.2,No,0.0,None
23:44:01.027,Active,406.1,2.4,98.2,11.6,79.3,No,0.0,None
23:44:01.446,Active,409.1,2.4,98.2,11.5,78.2,No,0.0,None
23:44:01.862,Active,406.0,2.4,98.2,11.5,77.7,No,0.0,None
23:44:02.277,Active,405.5,2.4,98.2,11.5,78.8,No,0.0,None
23:44:02.698,Active,410.7,2.4,98.2,11.5,77.7,No,0.0,None
23:44:03.149,Active,441.7,2.4,97.2,11.5,77.7,No,0.0,None
23:44:03.560,Active,405.4,2.4,98.8,11.6,78.2,No,0.0,None
23:44:03.975,Active,408.2,2.4,99.4,11.6,77.7,No,0.0,None
23:44:04.388,Active,407.3,2.4,98.8,11.6,77.7,No,0.0,None
23:44:04.820,Active,423.2,2.4,95.4,11.5,78.8,No,0.0,None
23:44:05.233,Active,406.9,2.4,98.8,11.5,78.2,No,0.0,None
23:44:50.674,Active,427.5,2.4,1.3,11.6,60.0,No,0.0,None
23:44:51.088,Active,407.9,2.4,98.8,11.6,61.1,No,0.0,None
23:44:51.520,Active,422.5,7.8,96.5,11.6,62.2,No,0.0,None
23:44:51.937,Active,405.7,7.8,97.6,11.5,63.9,No,0.0,None
23:44:52.354,Active,406.6,7.8,97.6,11.6,63.9,No,0.0,None
23:44:52.772,Active,409.7,7.8,98.2,11.6,66.1,No,0.0,None
23:44:53.184,Active,405.7,7.8,98.8,11.6,66.1,No,0.0,None
23:44:53.603,Active,409.3,7.8,98.2,11.6,65.5,No,0.0,None
23:44:54.032,Active,423.1,7.8,99.4,11.6,66.7,No,0.0,None
23:44:54.450,Active,409.7,7.8,98.2,11.6,67.2,No,0.0,None
23:44:54.866,Active,406.2,7.8,98.8,11.6,68.3,No,0.0,None
23:44:55.278,Active,405.2,7.8,98.8,11.6,67.8,No,0.0,None
23:44:55.696,Active,407.9,2.4,98.2,11.6,69.4,No,0.0,None
23:44:56.116,Active,407.0,2.4,97.6,11.6,68.3,No,0.0,None
23:44:56.532,Active,406.5,2.4,98.2,11.6,69.4,No,0.0,None
23:44:56.947,Active,406.2,2.4,99.4,11.6,70.0,No,0.0,None
23:44:57.364,Active,406.3,2.4,97.6,11.5,71.0,No,0.0,None
23:44:57.782,Active,409.0,2.4,98.2,11.5,70.5,No,0.0,None
23:44:58.203,Active,410.1,2.4,98.2,11.5,70.5,No,0.0,None
23:44:58.621,Active,410.3,2.4,98.2,11.5,70.5,No,0.0,None
23:44:59.032,Active,404.6,2.4,98.8,11.5,71.0,No,0.0,None
23:44:59.448,Active,405.7,2.4,98.8,11.5,70.5,No,0.0,None
23:44:59.860,Active,405.5,2.4,99.4,11.5,71.0,No,0.0,None
23:45:00.274,Active,405.4,2.4,98.8,11.5,71.6,No,0.0,None
23:45:00.690,Active,409.4,2.4,98.8,11.5,71.6,No,0.0,None
23:45:01.106,Active,408.8,2.4,98.8,11.5,72.2,No,0.0,None
23:45:01.520,Active,407.2,2.4,98.8,11.5,72.2,No,0.0,None
23:45:01.932,Active,405.4,2.4,99.4,11.5,72.7,No,0.0,None
23:45:02.349,Active,407.5,2.4,98.8,11.5,73.2,No,0.0,None
23:45:02.769,Active,413.8,2.4,97.6,11.5,72.7,No,0.0,None
23:45:03.184,Active,409.1,2.4,98.8,11.5,72.7,No,0.0,None
23:45:03.602,Active,411.4,2.4,99.4,11.5,73.2,No,0.0,None
23:45:04.043,Active,433.5,2.4,98.3,11.6,72.7,No,0.0,None
23:45:04.505,Active,454.1,2.4,93.0,11.6,73.2,No,0.0,None
23:45:04.926,Active,413.1,2.4,98.2,11.6,73.8,No,0.0,None
23:45:05.348,Active,414.4,2.4,98.2,11.6,74.9,No,0.31374090909957886,Leaf Rot
23:45:05.765,Active,407.6,2.4,98.2,11.6,73.2,No,0.0,None
23:45:06.198,Active,427.3,2.4,96.5,11.6,72.7,No,0.0,None
23:45:06.621,Active,416.2,2.4,98.2,11.6,72.2,No,0.0,None
23:45:07.035,Active,406.3,2.4,98.2,11.6,74.9,No,0.0,None
23:45:07.476,Active,431.4,2.4,94.4,11.6,73.8,No,0.0,None
23:45:07.889,Active,406.7,2.4,98.8,11.6,74.3,No,0.0,None
23:45:08.306,Active,406.9,2.3,98.2,11.6,74.3,No,0.0,None
23:45:08.723,Active,409.7,2.3,98.2,11.6,74.3,No,0.0,None
23:45:09.138,Active,408.7,2.3,98.8,11.6,74.3,No,0.0,None
23:45:09.571,Active,427.3,2.3,98.3,11.5,73.8,No,0.0,None
23:45:09.988,Active,407.6,2.3,98.2,11.5,74.3,No,0.32852715253829956,Leaf Rot
23:45:10.434,Active,436.5,2.3,95.0,11.6,73.8,No,0.0,None
23:45:10.862,Active,420.8,2.3,96.5,11.6,74.3,No,0.0,None
23:45:11.276,Active,407.2,2.3,98.8,11.6,74.9,No,0.0,None
23:45:11.695,Active,409.6,2.3,98.2,11.6,74.3,No,0.0,None
23:45:12.120,Active,418.6,2.3,96.4,11.6,74.3,No,0.0,None
23:45:12.538,Active,408.9,2.4,98.2,11.6,74.9,No,0.0,None
23:45:12.953,Active,407.5,2.4,98.2,11.5,74.9,No,0.0,None
23:45:13.377,Active,415.2,2.4,97.0,11.5,74.9,No,0.0,None
23:45:13.797,Active,410.6,2.4,98.2,11.5,75.5,No,0.32242679595947266,Leaf Rot
23:45:14.221,Active,415.9,2.4,98.2,11.5,74.9,No,0.0,None
23:45:14.638,Active,408.1,2.4,98.8,11.6,75.5,No,0.0,None
23:45:15.052,Active,406.8,2.4,99.4,11.6,74.9,No,0.0,None
23:45:15.467,Active,406.3,2.4,98.2,11.6,75.5,No,0.0,None
23:45:15.884,Active,410.6,2.4,98.2,11.6,76.0,No,0.0,None
23:45:16.312,Active,419.8,2.4,97.1,11.5,75.5,No,0.0,None
23:45:16.735,Active,417.1,2.4,97.6,11.5,75.5,No,0.0,None
23:45:17.253,Active,407.2,2.4,79.3,11.5,76.0,No,0.0,None
23:45:17.669,Active,408.2,2.4,98.8,11.5,75.5,No,0.0,None
23:45:18.083,Active,408.2,2.4,98.8,11.5,75.5,No,0.0,None
23:45:18.505,Active,411.9,2.4,98.2,11.5,74.9,No,0.32054293155670166,Leaf Rot
23:45:18.922,Active,409.4,2.4,97.6,11.5,76.5,No,0.0,None
23:45:19.352,Active,422.9,2.4,98.3,11.6,75.5,No,0.0,None
23:45:19.765,Active,407.0,2.4,99.4,11.6,77.1,No,0.0,None
23:45:20.181,Active,409.9,2.4,99.4,11.6,76.5,No,0.0,None
23:45:20.598,Active,409.2,2.4,98.2,11.6,77.1,No,0.0,None
23:45:21.018,Active,413.2,2.3,98.8,11.6,75.5,No,0.0,None
23:45:21.449,Active,423.8,2.3,96.5,11.6,75.5,No,0.3330719769001007,Leaf Rot
23:45:21.868,Active,410.6,2.3,98.2,11.5,76.0,No,0.3400736153125763,Leaf Rot
23:45:22.284,Active,408.8,2.3,98.2,11.5,75.5,No,0.0,None
23:45:22.699,Active,406.0,2.3,98.2,11.5,76.5,No,0.0,None
23:45:23.114,Active,409.3,2.3,99.4,11.5,77.1,No,0.0,None
23:45:23.532,Active,410.1,2.3,98.2,11.5,76.5,No,0.0,None
23:45:23.952,Active,410.0,2.3,98.2,11.5,77.1,No,0.3214925527572632,Leaf Rot
23:45:24.367,Active,408.7,2.3,97.6,11.5,77.7,No,0.0,None
23:45:24.813,Active,439.7,2.3,98.3,11.6,77.1,No,0.0,None
23:45:25.229,Active,409.0,2.4,98.8,11.7,76.5,No,0.0,None
23:45:25.646,Active,408.5,2.4,98.2,11.7,76.5,No,0.40939444303512573,Leaf Rot
23:45:26.059,Active,405.1,2.4,98.2,11.7,77.7,No,0.0,None
23:45:26.474,Active,406.8,2.4,99.4,11.7,77.1,No,0.0,None
23:45:26.893,Active,413.6,2.4,98.2,11.7,76.5,No,0.0,None
23:45:27.311,Active,407.3,2.4,98.2,11.7,77.1,No,0.0,None
23:45:27.731,Active,410.8,2.4,98.2,11.6,76.5,No,0.0,None
23:45:28.149,Active,409.0,2.4,97.0,11.6,77.1,No,0.0,None
23:45:28.571,Active,413.4,2.4,98.2,11.6,76.5,No,0.0,None
23:45:29.012,Active,434.4,2.4,94.3,11.6,77.1,No,0.0,None
23:45:29.437,Active,416.3,2.4,97.1,11.6,77.7,No,0.0,None
23:45:29.855,Active,409.0,2.4,98.2,11.6,76.5,No,0.0,None
23:45:30.266,Active,405.1,2.4,98.8,11.6,77.1,No,0.0,None
23:45:30.681,Active,406.9,2.4,100.0,11.6,76.5,No,0.0,None
23:45:31.094,Active,407.5,2.4,99.4,11.6,77.1,No,0.0,None
23:45:31.514,Active,410.7,2.4,98.2,11.6,77.1,No,0.0,None
23:45:31.928,Active,407.3,2.4,98.2,11.6,78.2,No,0.0,None
23:45:32.346,Active,408.9,2.4,97.6,11.6,77.1,No,0.0,None
23:45:32.765,Active,410.6,2.4,98.2,11.6,78.2,No,0.0,None
23:45:33.182,Active,409.2,2.4,98.2,11.6,76.5,No,0.3924154043197632,Leaf Rot
23:45:33.602,Active,411.3,2.4,98.2,11.6,78.2,No,0.0,None
23:45:34.015,Active,405.6,2.4,98.8,11.6,77.1,No,0.0,None
23:45:34.435,Active,413.8,2.4,98.8,11.6,78.2,No,0.0,None
23:45:34.884,Active,442.9,2.4,96.7,11.6,78.8,No,0.0,None
23:45:35.301,Active,407.7,2.4,98.2,11.7,77.7,No,0.0,None
23:45:35.718,Active,410.4,2.4,98.2,11.7,77.1,No,0.0,None
23:45:36.128,Active,403.2,2.4,98.8,11.7,77.7,No,0.0,None
23:45:36.542,Active,408.0,2.4,99.4,11.7,78.2,No,0.0,None
23:45:36.955,Active,406.2,2.4,99.4,11.7,77.7,No,0.0,None
23:45:37.367,Active,406.5,2.4,98.8,11.6,78.2,No,0.33557218313217163,Leaf Rot
23:45:37.785,Active,411.6,2.4,99.4,11.6,78.2,No,0.0,None
23:45:38.209,Active,416.3,2.4,97.0,11.6,77.7,No,0.0,None
23:45:38.624,Active,407.1,2.4,98.8,11.6,77.7,No,0.0,None
23:45:39.038,Active,407.6,2.4,98.2,11.6,77.7,No,0.0,None
23:45:39.454,Active,409.1,2.4,98.8,11.6,77.7,No,0.0,None
23:45:39.880,Active,418.4,2.4,98.8,11.6,78.2,No,0.0,None
23:45:40.308,Active,419.3,2.4,96.0,11.6,78.2,No,0.0,None
23:45:40.724,Active,407.4,2.4,98.8,11.6,78.2,No,0.0,None
23:45:41.160,Active,427.4,2.4,96.0,11.6,78.2,No,0.0,None
23:45:41.580,Active,410.8,2.4,98.2,11.6,77.7,No,0.0,None
23:45:42.002,Active,412.6,2.4,98.2,11.6,77.1,No,0.0,None
23:45:42.418,Active,410.3,2.4,98.2,11.6,77.1,No,0.0,None
23:45:42.920,Active,406.6,2.4,81.2,11.5,77.7,No,0.34397363662719727,Leaf Rot
23:45:43.336,Active,408.7,2.4,98.2,11.6,78.2,No,0.0,None
23:45:43.753,Active,409.6,2.4,98.2,11.5,78.2,No,0.0,None
23:45:44.169,Active,408.2,2.4,98.2,11.5,78.2,No,0.0,None
23:45:44.586,Active,410.7,2.4,98.8,11.5,78.2,No,0.31417402625083923,Leaf Rot
23:45:45.015,Active,421.8,2.4,98.8,11.5,78.8,No,0.0,None
23:45:45.431,Active,409.9,2.4,98.8,11.6,78.2,No,0.0,None
23:45:45.845,Active,408.0,2.4,98.8,11.6,77.1,No,0.0,None
23:45:46.260,Active,408.6,2.3,98.2,11.6,78.2,No,0.0,None
23:45:46.676,Active,409.9,2.3,98.8,11.6,78.2,No,0.0,None
23:45:47.093,Active,407.3,2.3,98.2,11.6,79.3,No,0.0,None
23:45:47.510,Active,408.4,2.3,98.2,11.6,78.2,No,0.0,None
23:45:47.925,Active,407.5,2.3,98.8,11.6,77.7,No,0.3026748299598694,Leaf Rot
23:45:48.344,Active,410.4,2.3,98.2,11.5,78.2,No,0.0,None
23:45:48.760,Active,409.4,2.3,98.2,11.5,78.8,No,0.0,None
23:45:49.189,Active,419.6,2.3,95.9,11.5,78.8,No,0.0,None
