Timestamp,Mode,Latency_ms,FPS,CPU_Usage_%,RAM_Usage_%,CPU_Temp_C,Throttled,Confidence_Max,Detection_Result
17:53:09.301,Active,407.4,0.0,39.3,12.9,61.7,Yes,0.0,None
17:53:09.720,Active,409.0,0.0,98.2,12.9,62.8,Yes,0.0,None
17:53:10.137,Active,407.6,0.0,98.2,12.9,63.9,Yes,0.0,None
17:53:10.548,Active,405.7,0.0,98.8,13.0,65.0,Yes,0.0,None
17:53:10.964,Active,409.0,0.0,99.4,13.0,66.1,Yes,0.0,None
17:53:11.378,Active,406.4,0.0,98.8,13.0,66.7,Yes,0.0,None
17:53:11.803,Active,416.4,0.0,97.1,13.1,67.2,Yes,0.0,None
17:53:12.220,Active,408.6,0.0,98.8,13.1,67.2,Yes,0.0,None
17:53:12.635,Active,408.5,0.0,98.2,13.1,68.3,Yes,0.0,None
17:53:13.050,Active,408.8,2.4,98.8,13.1,68.3,Yes,0.0,None
17:53:13.464,Active,407.8,2.4,99.4,13.1,69.4,Yes,0.0,None
17:53:13.883,Active,413.2,2.4,98.8,13.1,69.4,Yes,0.0,None
17:53:14.299,Active,410.5,2.4,98.2,13.1,69.4,Yes,0.0,None
17:53:14.720,Active,413.3,2.4,97.6,13.1,70.0,Yes,0.0,None
17:53:15.146,Active,419.9,2.4,99.4,13.3,70.5,Yes,0.0,None
17:53:15.561,Active,409.1,2.4,98.8,13.2,70.5,Yes,0.0,None
17:53:15.977,Active,409.9,2.4,98.8,13.2,71.0,Yes,0.0,None
17:53:16.392,Active,408.7,2.4,98.8,13.2,71.6,Yes,0.0,None
17:53:16.810,Active,410.7,2.4,98.8,13.1,71.0,Yes,0.0,None
17:53:17.222,Active,406.7,2.4,98.8,13.1,71.0,Yes,0.0,None
17:53:17.640,Active,408.9,2.4,98.2,13.0,72.2,Yes,0.0,None
17:53:18.058,Active,409.0,2.4,98.2,12.9,72.2,Yes,0.0,None
17:53:18.476,Active,408.7,2.4,98.2,12.9,72.7,Yes,0.0,None
17:53:18.894,Active,408.9,2.4,98.2,12.9,72.7,Yes,0.0,None
17:53:19.310,Active,407.2,2.4,98.2,12.9,72.7,Yes,0.0,None
17:53:19.725,Active,408.5,2.4,99.4,12.8,73.2,Yes,0.0,None
17:53:20.139,Active,407.0,2.4,98.2,12.8,72.7,Yes,0.0,None
17:53:20.555,Active,408.0,2.4,98.2,12.7,73.2,Yes,0.0,None
17:53:20.975,Active,410.1,2.4,98.2,12.7,72.7,Yes,0.0,None
17:53:21.393,Active,409.7,2.4,98.2,12.7,73.2,Yes,0.0,None
17:53:21.811,Active,409.9,2.4,98.8,12.6,73.2,Yes,0.0,None
17:53:22.224,Active,406.5,2.4,98.8,12.5,73.8,Yes,0.0,None
17:53:22.643,Active,409.0,2.4,97.6,12.5,74.3,Yes,0.0,None
17:53:23.067,Active,413.9,2.4,97.0,12.5,73.2,Yes,0.0,None
17:53:23.484,Active,407.1,2.4,98.2,12.5,73.8,Yes,0.0,None
17:53:23.903,Active,409.7,2.4,97.6,12.4,73.8,Yes,0.0,None
17:53:24.324,Active,413.1,2.4,98.2,12.4,73.8,Yes,0.0,None
17:53:24.738,Active,406.7,2.4,98.8,12.4,74.3,Yes,0.0,None
17:53:25.152,Active,406.1,2.4,98.8,12.3,74.3,Yes,0.0,None
17:53:25.578,Active,419.2,2.4,98.2,12.3,74.3,Yes,0.0,None
17:53:25.996,Active,407.8,2.4,98.2,12.3,74.9,Yes,0.0,None
17:53:26.411,Active,408.0,2.4,98.8,12.3,74.3,Yes,0.0,None
17:53:26.829,Active,409.6,2.4,98.8,12.3,75.5,Yes,0.0,None
17:53:27.241,Active,405.6,2.4,98.8,12.3,74.9,Yes,0.0,None
17:53:27.656,Active,409.0,2.4,99.4,12.2,75.5,Yes,0.0,None
17:53:28.072,Active,407.5,2.4,98.2,12.2,74.9,Yes,0.0,None
17:53:28.484,Active,404.6,2.4,98.2,12.2,74.9,Yes,0.0,None
17:53:28.902,Active,409.0,2.4,98.8,12.2,74.9,Yes,0.0,None
17:53:29.320,Active,407.7,2.4,97.6,12.2,75.5,Yes,0.0,None
17:53:29.738,Active,409.4,2.4,98.2,12.2,76.0,Yes,0.0,None
17:53:30.156,Active,407.6,2.4,98.2,12.1,76.0,Yes,0.0,None
17:53:30.573,Active,407.4,2.4,98.2,12.1,75.5,Yes,0.0,None
17:53:30.992,Active,409.5,2.4,97.6,12.1,76.5,Yes,0.0,None
17:53:31.408,Active,406.7,2.4,98.2,12.1,76.0,Yes,0.0,None
17:53:31.825,Active,407.2,2.4,98.2,12.1,75.5,Yes,0.0,None
17:53:32.240,Active,406.8,2.4,98.2,12.1,76.0,Yes,0.0,None
17:53:32.658,Active,407.6,2.4,97.6,12.1,76.0,Yes,0.0,None
17:53:33.072,Active,405.8,2.4,98.8,12.1,76.5,Yes,0.0,None
17:53:33.486,Active,405.0,2.4,98.2,12.1,76.5,Yes,0.0,None
17:53:33.904,Active,409.5,2.4,98.2,12.1,76.5,Yes,0.0,None
17:53:34.319,Active,405.7,2.4,98.2,12.1,76.0,Yes,0.0,None
17:53:34.737,Active,408.5,2.4,98.2,12.1,76.0,Yes,0.0,None
17:53:35.152,Active,404.4,2.4,98.2,12.0,76.5,Yes,0.0,None
17:53:35.582,Active,420.3,2.4,97.7,12.1,76.0,Yes,0.0,None
17:53:36.001,Active,409.2,2.4,98.2,12.1,76.5,Yes,0.0,None
17:53:36.417,Active,407.7,2.4,98.2,12.1,77.1,Yes,0.0,None
17:53:36.834,Active,408.2,2.4,98.8,12.1,76.5,Yes,0.0,None
17:53:37.253,Active,408.5,2.4,97.6,12.1,76.5,Yes,0.0,None
17:53:37.672,Active,412.7,2.4,98.8,12.1,76.5,Yes,0.0,None
17:53:38.171,Active,406.2,2.3,81.5,12.1,76.5,Yes,0.0,None
17:53:38.587,Active,410.0,2.3,99.4,12.1,77.1,Yes,0.0,None
17:53:39.002,Active,408.3,2.3,98.8,12.1,76.5,Yes,0.0,None
17:53:39.415,Active,406.7,2.3,98.8,12.0,77.1,Yes,0.0,None
17:53:39.831,Active,406.8,2.3,98.8,12.1,76.5,Yes,0.0,None
17:53:40.247,Active,404.7,2.3,98.8,12.1,77.1,Yes,0.0,None
17:53:40.664,Active,409.9,2.3,98.8,12.1,77.1,Yes,0.0,None
17:53:41.077,Active,406.5,2.3,98.2,12.1,77.1,Yes,0.0,None
17:53:41.493,Active,406.1,2.3,98.8,12.1,77.1,Yes,0.0,None
17:53:41.907,Active,408.1,2.3,98.8,12.0,78.2,Yes,0.0,None
17:53:42.328,Active,412.9,2.4,98.2,12.0,77.7,Yes,0.0,None
17:53:42.745,Active,410.6,2.4,99.4,12.0,77.7,Yes,0.0,None
17:53:43.157,Active,406.4,2.4,98.2,12.0,77.1,Yes,0.0,None
17:53:43.572,Active,409.0,2.4,98.8,12.0,77.7,Yes,0.0,None
17:53:43.989,Active,408.5,2.4,98.8,12.0,77.7,Yes,0.0,None
17:53:44.402,Active,407.1,2.4,98.8,12.0,77.1,Yes,0.0,None
17:53:44.821,Active,409.8,2.4,98.2,12.0,77.7,Yes,0.0,None
17:53:45.234,Active,407.1,2.4,98.8,12.0,77.7,Yes,0.0,None
17:53:45.650,Active,406.6,2.4,98.2,12.0,77.1,Yes,0.0,None
17:53:46.082,Active,422.6,2.4,98.3,12.0,77.1,Yes,0.0,None
17:53:46.499,Active,407.6,2.4,98.2,12.0,77.7,Yes,0.0,None
17:53:46.920,Active,411.5,2.4,98.2,12.0,77.7,Yes,0.0,None
17:53:47.339,Active,408.9,2.4,98.2,12.0,77.1,Yes,0.0,None
17:53:47.756,Active,408.6,2.4,98.2,12.0,78.2,Yes,0.0,None
17:53:48.170,Active,407.1,2.4,98.8,12.0,78.2,Yes,0.0,None
17:53:48.586,Active,406.7,2.4,97.6,12.0,77.1,Yes,0.0,None
17:53:49.000,Active,405.0,2.4,98.2,12.0,78.2,Yes,0.0,None
17:53:49.410,Active,404.4,2.4,99.4,12.0,77.7,Yes,0.0,None
17:53:49.826,Active,407.3,2.4,98.8,12.0,78.2,Yes,0.0,None
17:53:50.234,Active,402.1,2.4,99.4,12.0,78.8,Yes,0.0,None
17:53:50.649,Active,408.9,2.4,99.4,12.0,78.2,Yes,0.0,None
17:53:51.067,Active,409.3,2.4,98.2,12.0,78.2,Yes,0.0,None
17:53:51.483,Active,410.1,2.4,98.8,12.0,77.7,Yes,0.0,None
17:53:51.900,Active,409.5,2.4,98.2,12.0,78.2,Yes,0.0,None
17:53:52.314,Active,406.9,2.4,98.8,12.0,78.8,Yes,0.0,None
17:53:52.726,Active,406.3,2.4,98.8,12.0,78.2,Yes,0.0,None
17:53:53.142,Active,407.8,2.4,98.2,12.0,78.8,Yes,0.0,None
17:53:53.562,Active,414.5,2.4,98.8,12.0,78.8,Yes,0.0,None
17:53:53.975,Active,406.6,2.4,100.0,12.0,78.2,Yes,0.0,None
17:53:54.391,Active,408.3,2.4,98.8,12.0,78.2,Yes,0.0,None
17:53:54.806,Active,408.6,2.4,98.8,12.0,78.2,Yes,0.0,None
17:53:55.225,Active,406.1,2.4,97.6,12.0,78.2,Yes,0.0,None
17:53:55.640,Active,409.1,2.4,98.8,12.0,78.8,Yes,0.0,None
17:53:56.069,Active,421.5,2.4,99.4,12.0,78.2,Yes,0.0,None
17:53:56.484,Active,409.2,2.4,98.2,12.0,78.8,Yes,0.0,None
17:53:56.900,Active,410.4,2.4,98.8,12.0,78.8,Yes,0.0,None
17:53:57.322,Active,415.8,2.4,97.6,12.0,78.2,Yes,0.0,None
17:53:57.742,Active,410.7,2.4,98.2,12.0,78.8,Yes,0.0,None
17:53:58.157,Active,409.0,2.4,98.8,12.0,78.2,Yes,0.0,None
17:53:58.572,Active,408.5,2.4,98.2,12.0,78.2,Yes,0.0,None
17:53:58.991,Active,409.1,2.4,98.2,12.0,79.8,Yes,0.0,None
17:53:59.409,Active,408.2,2.4,98.2,12.0,79.3,Yes,0.0,None
17:53:59.828,Active,409.5,2.4,98.2,12.0,78.8,Yes,0.0,None
17:54:00.244,Active,406.8,2.4,98.2,12.0,78.8,Yes,0.0,None
17:54:00.657,Active,405.9,2.4,98.2,12.0,78.8,Yes,0.0,None
17:54:01.073,Active,408.8,2.4,98.8,12.0,79.3,Yes,0.0,None
17:54:01.505,Active,425.5,2.4,95.3,12.0,78.8,Yes,0.0,None
17:54:01.923,Active,408.7,2.4,98.2,12.0,78.2,Yes,0.0,None
17:54:02.453,Active,417.2,2.4,78.2,12.0,78.8,Yes,0.0,None
17:54:02.868,Active,409.0,2.4,98.8,12.0,79.3,Yes,0.0,None
17:54:03.285,Active,407.3,2.3,98.2,12.0,78.8,Yes,0.0,None
17:54:03.701,Active,409.0,2.3,98.8,12.0,78.8,Yes,0.0,None
17:54:04.117,Active,407.6,2.3,97.0,12.0,79.3,Yes,0.0,None
17:54:04.532,Active,405.2,2.3,98.2,12.1,78.2,Yes,0.0,None
17:54:04.952,Active,409.8,2.3,98.2,12.1,79.8,Yes,0.0,None
17:54:05.381,Active,420.8,2.3,98.2,12.1,79.3,Yes,0.0,None
17:54:05.800,Active,412.6,2.3,98.8,12.1,78.8,Yes,0.0,None
17:54:06.215,Active,408.0,2.3,98.2,12.1,79.8,Yes,0.0,None
17:54:06.646,Active,425.1,2.3,98.8,12.1,79.3,Yes,0.0,None
17:54:07.062,Active,410.2,2.3,98.8,12.1,78.8,Yes,0.0,None
17:54:07.501,Active,432.8,2.4,95.4,12.1,79.8,Yes,0.0,None
17:54:07.920,Active,410.0,2.4,98.2,12.1,79.3,Yes,0.0,None
17:54:08.336,Active,409.9,2.4,98.8,12.1,79.3,Yes,0.0,None
17:54:08.757,Active,415.4,2.4,98.8,12.1,79.3,Yes,0.0,None
17:54:09.167,Active,404.4,2.4,98.8,12.1,79.3,Yes,0.0,None
17:54:54.605,Active,423.1,2.4,1.0,12.0,60.6,Yes,0.0,None
17:54:55.022,Active,408.2,2.4,98.8,12.0,62.2,Yes,0.0,None
17:54:55.436,Active,407.7,2.4,99.4,12.0,63.9,Yes,0.0,None
17:54:55.860,Active,418.6,2.4,97.0,12.0,65.0,Yes,0.0,None
17:54:56.284,Active,417.5,2.4,97.0,12.0,65.0,Yes,0.0,None
17:54:56.701,Active,411.2,4.0,98.8,12.0,66.1,Yes,0.0,None
17:54:57.120,Active,410.4,4.0,97.6,12.0,66.7,Yes,0.0,None
17:54:57.535,Active,408.0,4.0,98.8,12.1,66.1,Yes,0.0,None
17:54:57.967,Active,421.7,4.0,97.7,12.1,67.2,Yes,0.0,None
17:54:58.384,Active,410.5,4.0,98.2,12.1,68.3,Yes,0.0,None
17:54:58.800,Active,408.7,4.0,98.2,12.1,68.8,Yes,0.0,None
17:54:59.232,Active,423.1,4.0,96.0,12.1,68.8,Yes,0.0,None
17:54:59.645,Active,405.5,4.0,98.8,12.1,70.0,Yes,0.0,None
17:55:00.058,Active,407.0,4.0,99.4,12.1,71.0,Yes,0.0,None
17:55:00.485,Active,417.9,4.0,97.0,12.1,71.0,Yes,0.0,None
17:55:00.925,Active,430.8,2.4,96.6,12.1,70.0,Yes,0.0,None
17:55:01.337,Active,406.2,2.4,98.8,12.1,70.5,Yes,0.0,None
17:55:01.752,Active,408.4,2.4,98.8,12.1,71.6,Yes,0.0,None
17:55:02.162,Active,404.4,2.4,99.4,12.1,72.2,Yes,0.0,None
17:55:02.580,Active,407.1,2.4,98.2,12.1,71.6,Yes,0.0,None
17:55:02.994,Active,408.3,2.4,98.8,12.1,72.2,Yes,0.0,None
17:55:03.409,Active,405.9,2.4,98.2,12.1,72.2,Yes,0.0,None
17:55:03.844,Active,428.9,2.4,96.0,12.0,71.6,Yes,0.0,None
17:55:04.259,Active,407.9,2.4,98.2,12.0,72.7,Yes,0.0,None
17:55:04.679,Active,410.8,2.4,98.2,12.1,73.2,Yes,0.0,None
17:55:05.098,Active,407.4,2.4,97.6,12.0,73.8,Yes,0.0,None
17:55:05.514,Active,406.6,2.4,98.2,12.0,73.2,Yes,0.0,None
17:55:05.932,Active,408.6,2.4,98.2,12.0,73.2,Yes,0.0,None
17:55:06.349,Active,407.2,2.4,98.2,12.0,72.7,Yes,0.0,None
17:55:06.768,Active,410.2,2.4,97.6,12.0,73.8,Yes,0.0,None
17:55:07.183,Active,407.4,2.4,98.2,12.0,73.8,Yes,0.0,None
17:55:07.601,Active,408.4,2.4,98.2,12.0,74.3,Yes,0.0,None
17:55:08.049,Active,439.1,2.4,95.5,12.0,73.8,Yes,0.0,None
17:55:08.466,Active,406.6,2.4,98.2,12.0,73.8,Yes,0.0,None
17:55:08.888,Active,411.9,2.4,98.2,12.0,73.8,Yes,0.0,None
17:55:09.304,Active,407.8,2.4,98.2,12.0,74.3,Yes,0.0,None
17:55:09.721,Active,407.5,2.4,98.2,12.0,74.9,Yes,0.0,None
17:55:10.140,Active,406.3,2.4,97.0,12.0,74.9,Yes,0.0,None
17:55:10.553,Active,406.2,2.4,98.8,12.0,74.9,Yes,0.0,None
17:55:10.972,Active,408.6,2.4,98.2,12.0,74.9,Yes,0.0,None
17:55:11.388,Active,407.0,2.4,98.2,12.0,74.9,Yes,0.0,None
17:55:11.806,Active,411.1,2.4,98.8,12.0,75.5,Yes,0.0,None
17:55:12.221,Active,407.5,2.4,98.2,12.0,76.0,Yes,0.0,None
17:55:12.638,Active,407.1,2.4,97.6,12.0,75.5,Yes,0.0,None
17:55:13.060,Active,412.7,2.4,97.6,12.0,75.5,Yes,0.0,None
17:55:13.475,Active,408.1,2.4,98.8,12.0,76.0,Yes,0.0,None
17:55:13.891,Active,410.2,2.4,99.4,12.0,76.0,Yes,0.0,None
17:55:14.303,Active,405.9,2.4,98.8,12.0,76.0,Yes,0.0,None
17:55:14.721,Active,411.8,2.4,99.4,12.0,76.0,Yes,0.0,None
17:55:15.136,Active,409.2,2.4,98.2,12.0,76.0,Yes,0.0,None
17:55:15.550,Active,407.4,2.4,98.2,12.0,77.7,Yes,0.0,None
17:55:15.968,Active,411.3,2.4,98.2,12.0,76.0,Yes,0.0,None
17:55:16.385,Active,407.6,2.4,98.2,12.0,76.0,Yes,0.0,None
17:55:16.804,Active,411.2,2.4,98.8,12.0,76.0,Yes,0.0,None
17:55:17.216,Active,405.5,2.4,98.2,12.0,76.5,Yes,0.0,None
17:55:17.631,Active,408.0,2.4,98.8,12.0,76.5,Yes,0.0,None
17:55:18.052,Active,414.9,2.4,99.4,12.0,76.0,Yes,0.0,None
17:55:18.472,Active,410.2,2.4,98.2,12.0,76.5,Yes,0.0,None
17:55:18.893,Active,413.7,2.4,98.8,12.1,76.5,Yes,0.0,None
17:55:19.320,Active,421.0,2.4,96.5,12.1,76.0,Yes,0.0,None
17:55:19.758,Active,432.8,2.4,95.4,12.0,77.1,Yes,0.0,None
17:55:20.172,Active,404.4,2.4,98.2,12.0,77.1,Yes,0.0,None
17:55:20.585,Active,406.5,2.4,98.8,12.0,77.7,Yes,0.0,None
17:55:21.008,Active,412.9,2.4,98.2,12.0,77.1,Yes,0.0,None
17:55:21.448,Active,432.6,2.4,94.4,12.0,77.1,Yes,0.0,None
17:55:21.866,Active,410.8,2.4,98.8,12.0,77.1,Yes,0.0,None
17:55:22.283,Active,408.3,2.4,98.2,12.0,77.1,Yes,0.0,None
17:55:22.704,Active,413.2,2.4,97.6,12.0,77.1,Yes,0.0,None
17:55:23.120,Active,409.3,2.4,99.4,12.0,77.1,Yes,0.0,None
17:55:23.532,Active,405.0,2.4,98.2,12.0,78.2,Yes,0.0,None
17:55:23.947,Active,408.0,2.4,98.8,12.0,77.1,Yes,0.0,None
17:55:24.363,Active,410.0,2.4,98.8,12.0,76.5,Yes,0.0,None
17:55:24.788,Active,417.1,2.4,98.2,12.0,77.7,Yes,0.0,None
17:55:25.204,Active,406.7,2.4,98.2,12.0,76.0,Yes,0.0,None
17:55:25.620,Active,408.1,2.4,98.8,12.0,77.1,Yes,0.0,None
17:55:26.039,Active,408.8,2.4,98.2,12.0,78.2,Yes,0.0,None
17:55:26.451,Active,406.1,2.4,99.4,12.0,77.7,Yes,0.0,None
17:55:26.867,Active,409.8,2.4,99.4,12.0,77.1,Yes,0.0,None
17:55:27.278,Active,405.8,2.4,99.4,12.0,77.7,Yes,0.0,None
17:55:27.694,Active,408.3,2.4,98.8,12.0,77.7,Yes,0.0,None
17:55:28.103,Active,402.7,2.4,99.4,12.0,77.7,Yes,0.0,None
17:55:28.532,Active,420.9,2.4,98.8,12.0,78.2,Yes,0.0,None
17:55:28.951,Active,412.2,2.4,99.4,12.0,77.7,Yes,0.0,None
17:55:29.367,Active,408.3,2.4,97.6,12.0,77.7,Yes,0.0,None
17:55:29.788,Active,412.6,2.4,98.8,12.0,77.7,Yes,0.0,None
17:55:30.205,Active,409.6,2.4,98.8,12.0,78.2,Yes,0.0,None
17:55:30.618,Active,407.4,2.4,98.2,12.0,78.2,Yes,0.0,None
17:55:31.037,Active,409.9,2.4,98.2,12.0,77.1,Yes,0.0,None
17:55:31.455,Active,409.5,2.4,98.2,12.0,77.7,Yes,0.0,None
17:55:31.872,Active,408.6,2.4,98.2,12.0,78.2,Yes,0.0,None
17:55:32.288,Active,408.7,2.4,98.2,12.0,78.2,Yes,0.0,None
17:55:32.707,Active,412.2,2.4,98.8,12.0,78.2,Yes,0.0,None
17:55:33.122,Active,408.6,2.4,97.6,12.0,78.2,Yes,0.0,None
17:55:33.537,Active,406.5,2.4,98.2,12.0,78.2,Yes,0.0,None
17:55:33.957,Active,410.2,2.4,97.6,12.0,78.2,Yes,0.0,None
17:55:34.370,Active,406.8,2.4,99.4,12.0,78.2,Yes,0.0,None
17:55:34.789,Active,410.4,2.4,98.2,12.1,78.2,Yes,0.0,None
17:55:35.203,Active,404.4,2.4,98.2,12.0,78.8,Yes,0.0,None
17:55:35.614,Active,405.2,2.4,99.4,12.0,79.8,Yes,0.0,None
17:55:36.030,Active,406.5,2.4,98.2,12.0,79.8,Yes,0.0,None
17:55:36.449,Active,410.1,2.4,98.2,12.0,78.2,Yes,0.0,None
17:55:36.864,Active,405.4,2.4,97.6,12.1,78.2,Yes,0.0,None
17:55:37.283,Active,407.7,2.4,98.2,12.1,78.2,Yes,0.0,None
17:55:37.703,Active,410.6,2.4,97.6,12.1,78.2,Yes,0.0,None
17:55:38.121,Active,409.1,2.4,98.2,12.0,79.8,Yes,0.0,None
17:55:38.545,Active,414.1,2.4,98.2,12.1,77.7,Yes,0.0,None
17:55:38.972,Active,418.5,2.4,98.2,12.1,79.3,Yes,0.0,None
17:55:39.392,Active,409.1,2.4,98.2,12.1,78.2,Yes,0.0,None
17:55:39.812,Active,410.1,2.4,98.2,12.1,79.3,Yes,0.0,None
17:55:40.232,Active,409.4,2.4,98.2,12.1,79.8,Yes,0.0,None
17:55:40.646,Active,407.1,2.4,98.8,12.1,78.2,Yes,0.0,None
17:55:41.068,Active,412.7,2.4,97.6,12.1,78.8,Yes,0.0,None
17:55:41.482,Active,406.8,2.4,98.2,12.1,78.8,Yes,0.0,None
17:55:41.898,Active,409.8,2.4,99.4,12.1,79.8,Yes,0.0,None
17:55:42.316,Active,408.7,2.4,98.2,12.0,78.8,Yes,0.0,None
17:55:42.730,Active,408.2,2.4,99.4,12.0,78.8,Yes,0.0,None
17:55:43.146,Active,407.2,2.4,98.2,12.0,78.2,Yes,0.0,None
17:55:43.567,Active,410.5,2.4,96.4,12.0,79.3,Yes,0.0,None
17:55:43.983,Active,407.9,2.4,98.8,12.0,79.8,Yes,0.0,None
17:55:44.396,Active,406.8,2.4,99.4,12.0,79.3,Yes,0.0,None
17:55:44.812,Active,410.0,2.4,99.4,12.0,78.8,Yes,0.0,None
17:55:45.224,Active,406.2,2.4,98.8,12.0,79.3,Yes,0.0,None
17:55:45.642,Active,406.6,2.4,98.2,12.0,79.3,Yes,0.0,None
17:55:46.060,Active,408.6,2.4,98.2,12.0,79.3,Yes,0.0,None
17:55:46.472,Active,405.3,2.4,99.4,12.0,79.3,Yes,0.0,None
17:55:46.890,Active,410.7,2.4,98.8,12.0,79.3,Yes,0.0,None
17:55:47.306,Active,407.0,2.4,98.2,12.0,79.8,Yes,0.0,None
17:55:47.724,Active,409.2,2.4,98.8,12.0,78.8,Yes,0.0,None
17:55:48.138,Active,406.7,2.4,98.8,12.0,78.8,Yes,0.0,None
17:55:48.556,Active,408.7,2.4,98.2,12.0,79.8,Yes,0.0,None
17:55:48.988,Active,424.6,2.4,98.8,12.0,79.3,Yes,0.0,None
17:55:49.403,Active,407.8,2.4,98.8,12.1,79.8,Yes,0.0,None
17:55:49.821,Active,411.9,2.4,98.8,12.1,79.3,Yes,0.0,None
17:55:50.234,Active,407.1,2.4,98.2,12.1,79.3,Yes,0.0,None
17:55:50.652,Active,409.3,2.4,98.8,12.1,79.3,Yes,0.0,None
17:55:51.074,Active,415.0,2.4,98.8,12.1,79.3,Yes,0.0,None
17:55:51.495,Active,413.7,2.4,99.4,12.0,79.8,Yes,0.0,None
17:55:51.922,Active,420.0,2.4,98.2,12.1,79.3,Yes,0.0,None
17:55:52.344,Active,415.4,2.4,99.4,12.0,79.3,Yes,0.0,None
17:55:52.776,Active,424.5,2.4,97.1,12.0,79.3,Yes,0.0,None
17:55:53.204,Active,419.0,2.4,98.2,12.0,79.3,Yes,0.0,None
17:55:53.625,Active,415.3,2.4,98.2,12.0,79.3,Yes,0.0,None
17:55:54.055,Active,419.7,2.4,97.7,12.0,79.8,Yes,0.0,None
17:55:54.480,Active,418.1,2.4,98.2,12.0,79.3,Yes,0.0,None
17:56:39.921,Active,426.9,2.4,1.3,12.0,60.6,Yes,0.0,None
17:56:40.349,Active,421.2,11.6,99.4,12.2,62.8,Yes,0.0,None
17:56:40.763,Active,408.6,11.6,100.0,12.2,63.4,Yes,0.0,None
17:56:41.176,Active,406.7,11.6,99.4,12.2,64.5,Yes,0.0,None
17:56:41.592,Active,408.7,11.6,98.2,12.2,65.0,Yes,0.0,None
17:56:42.007,Active,409.2,11.6,98.2,12.2,66.1,Yes,0.0,None
17:56:42.422,Active,406.9,11.6,98.8,12.2,66.7,Yes,0.0,None
17:56:42.859,Active,428.2,11.6,94.8,12.2,67.2,Yes,0.0,None
17:56:43.299,Active,431.4,11.6,94.8,12.1,67.8,Yes,0.0,None
17:56:43.717,Active,411.7,11.6,98.8,12.1,68.3,Yes,0.0,None
17:56:44.132,Active,408.8,11.6,98.8,12.1,68.8,Yes,0.0,None
17:56:44.547,Active,408.1,2.4,98.2,12.1,69.4,Yes,0.0,None
17:56:44.966,Active,410.7,2.4,98.8,12.1,70.0,Yes,0.0,None
17:56:45.380,Active,408.1,2.4,98.8,12.1,70.5,Yes,0.0,None
17:56:45.797,Active,411.2,2.4,98.8,12.1,70.0,Yes,0.0,None
17:56:46.213,Active,409.8,2.4,98.8,12.1,70.5,Yes,0.0,None
17:56:46.627,Active,407.1,2.4,98.2,12.1,71.6,Yes,0.0,None
17:56:47.045,Active,408.6,2.4,98.2,12.1,71.6,Yes,0.0,None
17:56:47.480,Active,426.5,2.4,95.4,12.1,71.0,Yes,0.0,None
17:56:47.897,Active,410.2,2.4,98.8,12.1,72.2,Yes,0.0,None
17:56:48.313,Active,406.2,2.4,98.2,12.1,72.2,Yes,0.0,None
17:56:48.732,Active,408.5,2.4,98.2,12.1,71.6,Yes,0.0,None
17:56:49.147,Active,406.2,2.4,97.6,12.0,73.2,Yes,0.0,None
17:56:49.566,Active,408.8,2.4,98.2,12.0,72.7,Yes,0.0,None
17:56:49.985,Active,409.4,2.4,98.2,12.0,72.7,Yes,0.0,None
17:56:50.417,Active,425.4,2.4,97.7,12.0,73.8,Yes,0.0,None
17:56:50.833,Active,410.3,2.4,98.8,12.1,73.8,Yes,0.0,None
17:56:51.247,Active,406.4,2.4,98.8,12.1,73.8,Yes,0.0,None
17:56:51.664,Active,409.0,2.4,98.8,12.1,72.2,Yes,0.0,None
17:56:52.083,Active,408.4,2.4,98.2,12.1,73.8,Yes,0.0,None
17:56:52.496,Active,405.3,2.4,98.2,12.1,74.3,Yes,0.0,None
17:56:52.916,Active,412.6,2.4,98.8,12.1,73.8,Yes,0.0,None
17:56:53.328,Active,406.6,2.4,98.8,12.0,73.8,Yes,0.0,None
17:56:53.748,Active,412.9,2.4,98.8,12.0,73.2,Yes,0.0,None
17:56:54.163,Active,407.8,2.4,98.8,12.0,74.3,Yes,0.0,None
17:56:54.590,Active,419.0,2.4,96.4,12.0,75.5,Yes,0.0,None
17:56:55.043,Active,443.5,2.4,93.3,12.0,74.9,Yes,0.0,None
17:56:55.465,Active,414.1,2.4,96.4,12.0,74.9,Yes,0.0,None
17:56:55.884,Active,412.7,2.4,99.4,12.0,75.5,Yes,0.0,None
17:56:56.299,Active,407.5,2.4,98.2,12.0,74.9,Yes,0.0,None
17:56:56.714,Active,409.6,2.4,99.4,12.0,74.9,Yes,0.0,None
17:56:57.127,Active,406.6,2.4,99.4,12.0,74.9,Yes,0.0,None
17:56:57.539,Active,406.1,2.4,99.4,12.0,74.9,Yes,0.0,None
17:56:57.954,Active,408.3,2.4,99.4,12.0,76.0,Yes,0.0,None
17:56:58.372,Active,408.7,2.4,98.2,12.0,74.9,Yes,0.0,None
17:56:58.786,Active,407.0,2.4,98.8,12.0,76.5,Yes,0.0,None
17:56:59.197,Active,405.2,2.4,99.4,12.0,75.5,Yes,0.0,None
17:56:59.610,Active,406.4,2.4,99.4,12.0,75.5,Yes,0.0,None
17:57:00.023,Active,408.0,2.4,99.4,12.0,75.5,Yes,0.0,None
17:57:00.444,Active,408.6,2.4,97.6,12.0,76.0,Yes,0.0,None
17:57:00.873,Active,422.2,2.4,98.8,12.1,75.5,Yes,0.0,None
17:57:01.285,Active,406.3,2.4,99.4,12.1,76.5,Yes,0.0,None
17:57:01.704,Active,409.4,2.4,98.2,12.1,76.5,Yes,0.0,None
17:57:02.119,Active,408.0,2.4,99.4,12.1,76.0,Yes,0.0,None
17:57:02.535,Active,406.3,2.4,98.2,12.1,76.0,Yes,0.0,None
17:57:02.952,Active,411.1,2.4,97.6,12.1,76.0,Yes,0.0,None
17:57:03.364,Active,405.4,2.4,99.4,12.1,76.5,Yes,0.0,None
17:57:03.778,Active,406.5,2.4,98.8,12.1,77.7,Yes,0.0,None
17:57:04.191,Active,407.9,2.4,99.4,12.1,76.5,Yes,0.0,None
17:57:04.606,Active,408.9,2.4,99.4,12.0,76.0,Yes,0.0,None
17:57:05.021,Active,408.9,2.4,99.4,12.0,76.5,Yes,0.0,None
17:57:05.433,Active,406.5,2.4,98.2,12.0,76.5,Yes,0.0,None
17:57:05.853,Active,413.5,2.4,99.4,12.0,76.5,Yes,0.0,None
17:57:06.267,Active,407.9,2.4,98.2,12.0,77.7,Yes,0.0,None
17:57:06.680,Active,407.0,2.4,98.8,12.0,76.5,Yes,0.0,None
17:57:07.096,Active,406.1,2.4,98.2,12.0,76.5,Yes,0.0,None
17:57:07.511,Active,409.7,2.4,99.4,12.0,77.1,Yes,0.0,None
17:57:07.932,Active,412.6,2.4,97.6,12.0,76.5,Yes,0.0,None
17:57:08.347,Active,408.2,2.4,98.2,12.0,77.1,Yes,0.0,None
17:57:08.763,Active,407.6,2.4,98.8,12.0,77.1,Yes,0.0,None
17:57:09.178,Active,407.4,2.4,98.8,12.0,77.1,Yes,0.0,None
17:57:09.596,Active,408.6,2.4,98.2,12.0,77.1,Yes,0.0,None
17:57:10.032,Active,429.2,2.4,96.0,12.0,77.1,Yes,0.0,None
17:57:10.448,Active,408.6,2.4,98.8,12.0,77.7,Yes,0.0,None
17:57:10.880,Active,425.1,2.4,98.2,12.1,77.1,Yes,0.0,None
17:57:11.297,Active,409.9,2.4,98.8,12.1,77.7,Yes,0.0,None
17:57:11.712,Active,409.3,2.4,98.2,12.1,78.2,Yes,0.0,None
17:57:12.128,Active,409.2,2.4,98.2,12.1,77.1,Yes,0.0,None
17:57:12.543,Active,408.5,2.4,99.4,12.1,77.7,Yes,0.0,None
17:57:12.959,Active,409.2,2.4,98.8,12.1,78.8,Yes,0.0,None
17:57:13.378,Active,411.5,2.4,97.6,12.1,77.7,Yes,0.0,None
17:57:13.804,Active,417.2,2.4,98.2,12.1,77.7,Yes,0.0,None
17:57:14.232,Active,421.6,2.4,96.5,12.1,77.1,Yes,0.0,None
17:57:14.647,Active,407.6,2.4,98.8,12.1,77.7,Yes,0.0,None
17:57:15.063,Active,410.7,2.4,99.4,12.1,78.2,Yes,0.0,None
17:57:15.479,Active,408.2,2.4,98.2,12.1,77.1,Yes,0.0,None
17:57:15.928,Active,441.1,2.4,93.9,12.1,77.7,Yes,0.0,None
17:57:16.449,Active,413.3,2.4,78.7,12.1,77.7,Yes,0.0,None
17:57:16.868,Active,410.6,2.4,98.2,12.1,77.7,Yes,0.0,None
17:57:17.285,Active,406.7,2.4,98.2,12.1,77.1,Yes,0.0,None
17:57:17.706,Active,411.7,2.4,97.6,12.1,77.7,Yes,0.0,None
17:57:18.128,Active,409.1,2.3,97.0,12.1,77.1,Yes,0.0,None
17:57:18.568,Active,433.8,2.3,94.8,12.1,77.7,Yes,0.0,None
17:57:18.983,Active,407.9,2.3,98.2,12.1,78.2,Yes,0.0,None
17:57:19.408,Active,418.1,2.3,97.0,12.1,77.7,Yes,0.0,None
17:57:19.845,Active,430.1,2.3,95.4,12.1,77.1,Yes,0.0,None
17:57:20.273,Active,418.4,2.3,95.9,12.1,78.2,Yes,0.0,None
17:57:20.690,Active,410.4,2.3,99.4,12.0,78.2,Yes,0.0,None
17:57:21.121,Active,424.5,2.3,98.8,12.2,78.8,Yes,0.0,None
17:57:21.550,Active,421.3,2.3,95.3,12.2,77.7,Yes,0.0,None
17:57:21.967,Active,410.9,2.3,98.8,12.2,77.7,Yes,0.0,None
17:57:22.382,Active,408.8,2.4,98.8,12.2,77.7,Yes,0.0,None
17:57:22.796,Active,407.6,2.4,99.4,12.2,78.2,Yes,0.0,None
17:57:23.209,Active,407.5,2.4,98.8,12.2,78.8,Yes,0.0,None
17:57:23.626,Active,410.9,2.4,98.2,12.2,78.2,Yes,0.0,None
17:57:24.044,Active,407.3,2.4,98.2,12.1,78.2,Yes,0.0,None
17:57:24.461,Active,407.0,2.4,98.2,12.1,78.8,Yes,0.0,None
17:57:24.879,Active,407.8,2.4,98.2,12.2,78.8,Yes,0.0,None
17:57:25.293,Active,406.8,2.4,98.8,12.2,78.8,Yes,0.0,None
17:57:25.711,Active,411.9,2.4,98.2,12.1,78.8,Yes,0.0,None
17:57:26.129,Active,409.7,2.4,98.8,12.1,78.8,Yes,0.0,None
17:57:26.545,Active,409.4,2.4,98.2,12.1,78.2,Yes,0.0,None
17:57:26.961,Active,410.5,2.4,98.8,12.1,78.2,Yes,0.0,None
17:57:27.375,Active,407.9,2.4,98.8,12.1,78.8,Yes,0.0,None
17:57:27.794,Active,411.0,2.4,97.0,12.1,77.1,Yes,0.0,None
17:57:28.209,Active,406.0,2.4,98.2,12.1,78.8,Yes,0.0,None
17:57:28.624,Active,406.0,2.4,98.2,12.1,78.8,Yes,0.0,None
17:57:29.042,Active,407.8,2.4,98.2,12.1,78.8,Yes,0.0,None
17:57:29.459,Active,407.2,2.4,98.2,12.1,78.8,Yes,0.0,None
17:57:29.874,Active,407.1,2.4,98.8,12.1,78.8,Yes,0.0,None
17:57:30.291,Active,408.0,2.4,97.6,12.1,79.3,Yes,0.0,None
17:57:30.715,Active,415.9,2.4,97.6,12.1,79.8,Yes,0.0,None
17:57:31.130,Active,406.5,2.4,98.2,12.1,78.8,Yes,0.0,None
17:57:31.558,Active,419.3,2.4,98.2,12.2,78.8,Yes,0.0,None
17:57:31.974,Active,408.3,2.4,98.2,12.2,78.8,Yes,0.0,None
17:57:32.384,Active,403.6,2.4,99.4,12.2,79.3,Yes,0.0,None
17:57:32.811,Active,420.2,2.4,97.0,12.2,80.4,Yes,0.0,None
17:57:33.225,Active,405.7,2.4,98.2,12.1,79.3,Yes,0.0,None
17:57:33.641,Active,409.7,2.4,98.8,12.2,78.8,Yes,0.0,None
17:57:34.063,Active,416.2,2.4,97.0,12.1,78.8,Yes,0.0,None
17:57:34.479,Active,408.5,2.4,98.8,12.1,79.3,Yes,0.0,None
17:57:34.911,Active,423.7,2.4,96.0,12.1,79.3,Yes,0.0,None
17:57:35.324,Active,407.4,2.4,99.4,12.1,79.8,Yes,0.0,None
17:57:35.744,Active,412.9,2.4,99.4,12.1,79.8,Yes,0.0,None
17:57:36.168,Active,416.6,2.4,98.8,12.1,79.3,Yes,0.0,None
17:57:36.589,Active,414.6,2.4,98.8,12.1,79.3,Yes,0.0,None
17:57:37.013,Active,417.6,2.4,99.4,12.1,78.8,Yes,0.0,None
17:57:37.439,Active,420.7,2.4,98.2,12.1,79.3,Yes,0.0,None
17:57:37.868,Active,420.9,2.4,97.6,12.1,79.8,Yes,0.0,None
17:57:38.292,Active,416.5,2.4,98.8,12.1,79.3,Yes,0.0,None
17:57:38.720,Active,421.9,2.4,97.7,12.1,79.3,Yes,0.0,None
17:57:39.152,Active,425.1,2.4,97.1,12.1,79.8,Yes,0.0,None
17:57:39.575,Active,415.6,2.4,98.8,12.1,79.3,Yes,0.0,None
17:58:25.011,Active,419.9,2.4,1.0,12.1,60.0,Yes,0.0,None
17:58:25.425,Active,405.5,2.4,98.2,12.2,61.1,Yes,0.0,None
17:58:25.839,Active,408.4,2.4,99.4,12.2,63.4,Yes,0.0,None
17:58:26.255,Active,408.5,2.4,98.8,12.2,63.9,Yes,0.0,None
17:58:26.671,Active,408.1,2.4,98.2,12.2,65.0,Yes,0.0,None
17:58:27.084,Active,406.3,2.4,98.8,12.2,65.5,Yes,0.0,None
17:58:27.499,Active,405.2,2.4,98.2,12.2,66.1,Yes,0.0,None
17:58:27.923,Active,414.5,2.4,96.4,12.2,67.2,Yes,0.0,None
17:58:28.435,Active,403.3,2.6,79.0,12.2,66.7,Yes,0.0,None
17:58:28.853,Active,411.7,2.6,98.8,12.2,67.8,Yes,0.0,None
17:58:29.268,Active,407.5,2.6,98.2,12.1,68.8,Yes,0.0,None
17:58:29.686,Active,409.1,2.6,98.2,12.1,69.4,Yes,0.0,None
17:58:30.103,Active,407.7,2.6,98.2,12.1,68.8,Yes,0.0,None
17:58:30.518,Active,406.8,2.6,98.2,12.1,69.4,Yes,0.0,None
17:58:30.976,Active,449.2,2.6,95.1,12.1,70.0,Yes,0.0,None
17:58:31.389,Active,405.5,2.6,98.8,12.1,70.0,Yes,0.0,None
17:58:31.803,Active,407.9,2.6,98.8,12.1,70.5,Yes,0.0,None
17:58:32.226,Active,417.4,2.6,98.8,12.1,71.0,Yes,0.0,None
17:58:32.652,Active,416.8,2.4,96.4,12.2,72.2,Yes,0.0,None
17:58:33.081,Active,421.5,2.4,98.8,12.2,71.6,Yes,0.0,None
17:58:33.501,Active,414.0,2.4,98.2,12.2,71.0,Yes,0.0,None
17:58:33.924,Active,416.8,2.4,97.6,12.2,72.2,Yes,0.0,None
17:58:34.363,Active,431.8,2.4,95.4,12.2,71.0,Yes,0.0,None
17:58:34.780,Active,411.0,2.4,98.8,12.2,72.2,Yes,0.0,None
17:58:35.192,Active,405.1,2.4,98.2,12.2,73.2,Yes,0.0,None
17:58:35.607,Active,408.3,2.4,99.4,12.2,72.7,Yes,0.0,None
17:58:36.032,Active,419.5,2.4,98.8,12.2,72.7,Yes,0.0,None
17:58:36.446,Active,407.9,2.4,98.8,12.2,72.7,Yes,0.0,None
17:58:36.859,Active,406.6,2.4,99.4,12.1,73.8,Yes,0.0,None
17:58:37.271,Active,406.2,2.4,99.4,12.1,73.8,Yes,0.0,None
17:58:37.683,Active,406.0,2.4,99.4,12.1,73.8,Yes,0.0,None
17:58:38.095,Active,406.2,2.4,100.0,12.1,74.3,Yes,0.0,None
17:58:38.507,Active,406.1,2.4,99.4,12.1,73.8,Yes,0.0,None
17:58:38.918,Active,406.0,2.4,100.0,12.1,73.8,Yes,0.0,None
17:58:39.331,Active,406.4,2.4,99.4,12.1,74.9,Yes,0.0,None
17:58:39.742,Active,405.8,2.4,99.4,12.1,74.9,Yes,0.0,None
17:58:40.154,Active,403.3,2.4,99.4,12.1,74.3,Yes,0.0,None
17:58:40.566,Active,403.4,2.4,99.4,12.1,74.9,Yes,0.0,None
17:58:40.981,Active,406.0,2.4,98.8,12.1,76.0,Yes,0.0,None
17:58:41.395,Active,408.2,2.4,100.0,12.1,75.5,Yes,0.0,None
17:58:41.811,Active,409.9,2.4,98.2,12.1,74.9,Yes,0.0,None
17:58:42.254,Active,434.6,2.4,94.9,12.0,75.5,Yes,0.0,None
17:58:42.671,Active,407.7,2.4,98.2,12.0,74.3,Yes,0.0,None
17:58:43.102,Active,425.6,2.4,99.4,12.2,74.9,Yes,0.0,None
17:58:43.519,Active,410.8,2.4,98.2,12.2,76.0,Yes,0.0,None
17:58:43.934,Active,407.1,2.4,99.4,12.2,76.0,Yes,0.0,None
17:58:44.345,Active,404.9,2.4,99.4,12.2,74.9,Yes,0.0,None
17:58:44.764,Active,408.8,2.4,98.2,12.2,76.0,Yes,0.0,None
17:58:45.183,Active,410.2,2.4,98.2,12.2,76.0,Yes,0.0,None
17:58:45.597,Active,405.7,2.4,98.2,12.2,74.3,Yes,0.0,None
17:58:46.014,Active,409.7,2.4,98.8,12.1,75.5,Yes,0.0,None
17:58:46.430,Active,407.2,2.4,98.2,12.2,76.0,Yes,0.0,None
17:58:46.846,Active,410.3,2.4,98.8,12.2,74.9,Yes,0.0,None
17:58:47.259,Active,404.4,2.4,98.2,12.2,76.5,Yes,0.0,None
17:58:47.676,Active,409.0,2.4,99.4,12.1,76.0,Yes,0.0,None
17:58:48.092,Active,408.6,2.4,98.8,12.1,76.0,Yes,0.0,None
17:58:48.504,Active,404.4,2.4,98.2,12.1,77.1,Yes,0.0,None
17:58:48.923,Active,408.2,2.4,98.2,12.1,77.7,Yes,0.0,None
17:58:49.436,Active,404.8,2.4,79.0,12.1,75.5,Yes,0.0,None
17:58:49.856,Active,409.4,2.4,98.2,12.1,76.5,Yes,0.0,None
17:58:50.268,Active,405.1,2.4,98.2,12.1,76.5,Yes,0.0,None
17:58:50.684,Active,408.6,2.4,98.8,12.1,76.5,Yes,0.0,None
17:58:51.101,Active,409.5,2.4,98.8,12.1,76.5,Yes,0.0,None
17:58:51.513,Active,405.8,2.4,98.8,12.1,77.7,Yes,0.0,None
17:58:51.930,Active,408.3,2.4,98.2,12.1,77.1,Yes,0.0,None
17:58:52.348,Active,408.6,2.4,98.2,12.1,76.5,Yes,0.0,None
17:58:52.762,Active,406.8,2.4,98.2,12.1,76.5,Yes,0.0,None
17:58:53.177,Active,406.0,2.4,98.8,12.1,77.1,Yes,0.0,None
17:58:53.608,Active,421.9,2.4,98.2,12.2,76.5,Yes,0.0,None
17:58:54.024,Active,408.7,2.4,98.8,12.2,77.1,Yes,0.0,None
17:58:54.441,Active,409.6,2.4,98.8,12.2,77.1,Yes,0.0,None
17:58:54.856,Active,409.8,2.4,98.2,12.2,77.1,Yes,0.0,None
17:58:55.277,Active,414.2,2.4,98.8,12.2,76.5,Yes,0.0,None
17:58:55.693,Active,410.4,2.4,98.8,12.2,77.1,Yes,0.0,None
17:58:56.111,Active,408.2,2.4,98.2,12.1,76.5,Yes,0.0,None
17:58:56.536,Active,417.5,2.4,97.6,12.1,77.1,Yes,0.0,None
17:58:56.954,Active,410.7,2.4,98.2,12.1,77.7,Yes,0.0,None
17:58:57.370,Active,406.8,2.4,98.2,12.1,77.1,Yes,0.0,None
17:58:57.787,Active,408.3,2.4,97.6,12.1,77.1,Yes,0.0,None
17:58:58.204,Active,408.7,2.4,98.8,12.1,77.7,Yes,0.0,None
17:58:58.620,Active,408.7,2.4,98.8,12.1,77.7,Yes,0.0,None
17:58:59.046,Active,419.6,2.4,96.5,12.1,77.1,Yes,0.0,None
17:58:59.459,Active,406.6,2.4,98.8,12.1,77.1,Yes,0.0,None
17:58:59.875,Active,407.9,2.4,98.2,12.1,77.1,Yes,0.0,None
17:59:00.292,Active,408.6,2.4,98.8,12.0,77.7,Yes,0.0,None
17:59:00.713,Active,415.1,2.4,97.6,12.0,77.7,Yes,0.0,None
17:59:01.127,Active,408.1,2.4,98.8,12.0,77.7,Yes,0.0,None
17:59:01.548,Active,410.6,2.4,98.2,12.0,78.2,Yes,0.0,None
17:59:01.966,Active,409.8,2.4,98.2,12.0,77.7,Yes,0.0,None
17:59:02.384,Active,408.9,2.4,97.6,12.0,78.2,Yes,0.0,None
17:59:02.808,Active,413.9,2.4,98.2,12.0,78.2,Yes,0.0,None
17:59:03.226,Active,408.9,2.4,98.2,12.0,77.7,Yes,0.0,None
17:59:03.653,Active,417.6,2.4,97.6,12.0,77.1,Yes,0.0,None
17:59:04.073,Active,409.1,2.4,98.2,12.0,78.8,Yes,0.0,None
17:59:04.487,Active,406.2,2.4,98.2,12.0,77.1,Yes,0.0,None
17:59:04.907,Active,410.8,2.4,98.2,12.0,78.2,Yes,0.0,None
17:59:05.324,Active,407.1,2.4,98.2,12.0,76.5,Yes,0.0,None
17:59:05.743,Active,409.2,2.4,98.2,12.0,78.2,Yes,0.0,None
17:59:06.159,Active,409.2,2.4,97.6,12.0,77.7,Yes,0.0,None
17:59:06.575,Active,406.6,2.4,98.2,12.0,78.8,Yes,0.0,None
17:59:06.995,Active,410.1,2.4,98.2,12.0,78.8,Yes,0.0,None
17:59:07.412,Active,407.3,2.4,98.2,12.0,78.8,Yes,0.0,None
17:59:07.833,Active,411.2,2.4,97.6,12.0,78.8,Yes,0.0,None
17:59:08.270,Active,431.5,2.4,94.9,12.0,78.8,Yes,0.0,None
17:59:08.682,Active,406.0,2.4,100.0,12.0,78.2,Yes,0.0,None
17:59:09.096,Active,408.0,2.4,99.4,12.0,78.2,Yes,0.0,None
17:59:09.508,Active,406.1,2.4,98.8,12.0,78.8,Yes,0.0,None
17:59:09.922,Active,408.3,2.4,99.4,12.0,78.8,Yes,0.0,None
17:59:10.336,Active,406.2,2.4,98.8,12.0,78.2,Yes,0.0,None
17:59:10.755,Active,409.4,2.4,98.2,12.0,78.2,Yes,0.0,None
17:59:11.176,Active,410.7,2.4,97.6,12.0,78.8,Yes,0.0,None
17:59:11.598,Active,414.0,2.4,97.6,12.0,78.8,Yes,0.0,None
17:59:12.017,Active,410.6,2.4,97.6,12.0,79.3,Yes,0.0,None
17:59:12.429,Active,405.5,2.4,99.4,12.0,78.8,Yes,0.0,None
17:59:12.855,Active,415.5,2.4,97.1,12.0,78.8,Yes,0.0,None
17:59:13.272,Active,408.6,2.4,98.2,12.0,79.3,Yes,0.0,None
17:59:13.690,Active,411.0,2.4,98.2,12.0,78.8,Yes,0.0,None
17:59:14.114,Active,418.3,2.4,99.4,12.1,78.8,Yes,0.0,None
17:59:14.529,Active,409.1,2.4,98.8,12.1,78.8,Yes,0.0,None
17:59:14.951,Active,414.0,2.4,98.2,12.1,79.8,Yes,0.0,None
17:59:15.379,Active,418.3,2.4,97.1,12.1,78.8,Yes,0.0,None
17:59:15.813,Active,424.3,2.4,96.5,12.1,79.3,Yes,0.0,None
17:59:16.225,Active,406.4,2.4,98.8,12.1,78.8,Yes,0.0,None
17:59:16.643,Active,407.3,2.4,97.6,12.1,79.3,Yes,0.0,None
17:59:17.055,Active,406.6,2.4,99.4,12.0,79.3,Yes,0.0,None
17:59:17.467,Active,405.6,2.4,98.8,12.0,78.8,Yes,0.0,None
17:59:17.879,Active,406.0,2.4,99.4,12.0,79.8,Yes,0.0,None
17:59:18.291,Active,406.2,2.4,99.4,12.0,78.8,Yes,0.0,None
17:59:18.706,Active,409.6,2.4,99.4,12.0,79.8,Yes,0.0,None
17:59:19.130,Active,415.2,2.4,98.2,12.0,79.3,Yes,0.0,None
17:59:19.551,Active,414.6,2.4,98.8,12.0,79.3,Yes,0.0,None
17:59:19.974,Active,416.7,2.4,99.4,12.0,79.8,Yes,0.0,None
17:59:20.395,Active,414.5,2.4,98.8,12.0,79.3,Yes,0.0,None
17:59:20.815,Active,414.2,2.4,99.4,12.0,79.8,Yes,0.0,None
17:59:21.235,Active,411.6,2.4,99.4,12.0,79.8,Yes,0.0,None
17:59:21.659,Active,418.7,2.4,98.8,12.0,78.2,Yes,0.0,None
17:59:22.080,Active,413.8,2.4,98.8,12.0,79.8,Yes,0.0,None
17:59:22.502,Active,415.4,2.4,98.8,12.0,79.8,Yes,0.0,None
17:59:22.929,Active,417.5,2.4,98.2,12.0,79.3,Yes,0.0,None
17:59:23.451,Active,415.7,2.4,79.9,12.0,78.8,Yes,0.0,None
17:59:23.876,Active,418.2,2.4,98.2,12.0,79.3,Yes,0.0,None
17:59:24.314,Active,432.7,2.4,99.4,12.0,79.3,Yes,0.0,None
17:59:24.742,Active,420.3,2.4,98.2,12.0,79.3,Yes,0.0,None
18:00:10.182,Active,423.8,2.4,1.3,12.0,61.1,Yes,0.0,None
18:00:10.591,Active,402.3,2.4,100.0,12.1,63.4,Yes,0.0,None
18:00:11.006,Active,409.6,2.4,100.0,12.1,63.4,Yes,0.0,None
18:00:11.420,Active,407.4,2.4,98.8,12.1,65.0,Yes,0.0,None
18:00:11.835,Active,409.4,2.4,98.8,12.1,65.0,Yes,0.0,None
18:00:12.255,Active,407.9,4.0,97.6,12.1,66.7,Yes,0.0,None
18:00:12.667,Active,406.5,4.0,99.4,12.1,66.7,Yes,0.0,None
18:00:13.082,Active,409.1,4.0,99.4,12.1,67.2,Yes,0.0,None
18:00:13.504,Active,412.7,4.0,97.6,12.1,67.8,Yes,0.0,None
18:00:13.919,Active,408.3,4.0,98.8,12.0,68.8,Yes,0.0,None
18:00:14.337,Active,407.4,4.0,98.2,12.0,68.8,Yes,0.0,None
18:00:14.758,Active,410.2,4.0,98.2,12.1,69.4,Yes,0.0,None
18:00:15.177,Active,408.1,4.0,97.6,12.1,69.4,Yes,0.0,None
18:00:15.607,Active,419.9,4.0,98.3,12.1,70.0,Yes,0.0,None
18:00:16.024,Active,408.1,4.0,98.2,12.1,70.0,Yes,0.0,None
18:00:16.444,Active,409.2,2.4,97.6,12.1,70.5,Yes,0.0,None
18:00:16.860,Active,409.1,2.4,98.2,12.1,71.0,Yes,0.0,None
18:00:17.277,Active,409.6,2.4,98.8,12.1,71.0,Yes,0.0,None
18:00:17.691,Active,408.2,2.4,98.8,12.1,71.6,Yes,0.0,None
18:00:18.107,Active,406.2,2.4,98.2,12.1,72.7,Yes,0.0,None
18:00:18.522,Active,407.3,2.4,98.2,12.1,72.2,Yes,0.0,None
18:00:18.942,Active,409.7,2.4,98.2,12.1,72.2,Yes,0.0,None
18:00:19.358,Active,406.4,2.4,98.2,12.0,72.7,Yes,0.0,None
18:00:19.780,Active,410.9,2.4,98.2,12.0,72.7,Yes,0.0,None
18:00:20.194,Active,405.9,2.4,98.2,12.0,73.8,Yes,0.0,None
18:00:20.612,Active,407.9,2.4,98.2,12.0,72.7,Yes,0.0,None
18:00:21.031,Active,410.1,2.4,98.2,12.0,73.2,Yes,0.0,None
18:00:21.444,Active,406.4,2.4,98.2,12.0,73.2,Yes,0.0,None
18:00:21.864,Active,408.8,2.4,98.2,12.0,73.8,Yes,0.0,None
18:00:22.277,Active,406.4,2.4,98.8,12.0,73.8,Yes,0.0,None
18:00:22.700,Active,412.9,2.4,97.6,12.0,73.8,Yes,0.0,None
18:00:23.120,Active,410.2,2.4,97.6,12.0,73.8,Yes,0.0,None
18:00:23.534,Active,407.0,2.4,98.2,12.0,74.9,Yes,0.0,None
18:00:23.954,Active,412.0,2.4,97.6,12.0,74.9,Yes,0.0,None
18:00:24.378,Active,415.2,2.4,97.6,12.0,74.9,Yes,0.0,None
18:00:24.796,Active,409.3,2.4,97.6,12.0,74.9,Yes,0.0,None
18:00:25.212,Active,407.9,2.4,98.2,12.0,74.9,Yes,0.0,None
18:00:25.639,Active,419.8,2.4,98.8,12.0,74.9,Yes,0.0,None
18:00:26.054,Active,407.3,2.4,98.8,12.0,74.9,Yes,0.0,None
18:00:26.470,Active,407.2,2.4,98.2,12.1,74.9,Yes,0.0,None
18:00:26.886,Active,409.9,2.4,98.8,12.1,74.9,Yes,0.0,None
18:00:27.301,Active,407.2,2.4,98.8,12.1,74.9,Yes,0.0,None
18:00:27.719,Active,408.9,2.4,98.2,12.1,74.9,Yes,0.0,None
18:00:28.138,Active,408.6,2.4,97.0,12.1,75.5,Yes,0.0,None
18:00:28.559,Active,411.0,2.4,97.0,12.1,74.9,Yes,0.0,None
18:00:28.975,Active,409.8,2.4,98.8,12.0,76.0,Yes,0.0,None
18:00:29.387,Active,406.2,2.4,98.8,12.0,75.5,Yes,0.0,None
18:00:29.803,Active,410.1,2.4,99.4,12.0,76.0,Yes,0.0,None
18:00:30.215,Active,404.7,2.4,98.8,12.0,77.1,Yes,0.0,None
18:00:30.628,Active,406.1,2.4,98.8,12.0,76.0,Yes,0.0,None
18:00:31.054,Active,419.4,2.4,98.8,12.0,76.0,Yes,0.0,None
18:00:31.471,Active,407.7,2.4,98.2,12.0,76.0,Yes,0.0,None
18:00:31.890,Active,411.9,2.4,98.2,12.0,76.5,Yes,0.0,None
18:00:32.304,Active,407.8,2.4,98.8,12.0,76.0,Yes,0.0,None
18:00:32.744,Active,432.8,2.4,95.4,12.0,76.5,Yes,0.0,None
18:00:33.165,Active,410.0,2.4,97.0,12.0,76.0,Yes,0.0,None
18:00:33.581,Active,407.0,2.4,98.2,12.0,76.5,Yes,0.0,None
18:00:33.996,Active,408.6,2.4,99.4,12.0,76.5,Yes,0.0,None
18:00:34.423,Active,419.7,2.4,96.4,12.0,77.1,Yes,0.0,None
18:00:34.842,Active,410.0,2.4,97.6,12.0,77.1,Yes,0.0,None
18:00:35.254,Active,404.2,2.4,98.8,12.0,77.7,Yes,0.0,None
18:00:35.668,Active,407.7,2.4,100.0,12.0,77.1,Yes,0.0,None
18:00:36.096,Active,421.1,2.4,97.6,12.0,76.5,Yes,0.0,None
18:00:36.513,Active,408.3,2.4,98.2,12.0,77.1,Yes,0.0,None
18:00:36.931,Active,409.3,2.4,98.2,12.0,77.1,Yes,0.0,None
18:00:37.348,Active,408.0,2.4,97.6,12.0,76.5,Yes,0.0,None
18:00:37.764,Active,409.5,2.4,98.8,12.0,77.1,Yes,0.0,None
18:00:38.183,Active,409.4,2.4,98.2,12.0,77.1,Yes,0.0,None
18:00:38.599,Active,408.3,2.4,98.2,12.0,77.1,Yes,0.0,None
18:00:39.021,Active,413.4,2.4,98.2,12.0,76.5,Yes,0.0,None
18:00:39.441,Active,410.2,2.4,97.6,12.0,78.2,Yes,0.0,None
18:00:39.859,Active,410.8,2.4,98.2,12.0,78.8,Yes,0.0,None
18:00:40.280,Active,413.3,2.4,98.8,12.0,77.7,Yes,0.0,None
18:00:40.695,Active,407.4,2.4,98.8,12.0,78.2,Yes,0.0,None
18:00:41.106,Active,405.8,2.4,100.0,12.0,77.7,Yes,0.0,None
18:00:41.527,Active,407.9,2.4,97.0,12.0,77.7,Yes,0.0,None
18:00:41.942,Active,409.1,2.4,98.8,12.0,77.1,Yes,0.0,None
18:00:42.353,Active,404.9,2.4,99.4,12.0,77.7,Yes,0.0,None
18:00:42.766,Active,406.6,2.4,100.0,12.0,77.7,Yes,0.0,None
18:00:43.198,Active,423.2,2.4,95.5,12.0,78.2,Yes,0.0,None
18:00:43.616,Active,408.5,2.4,98.8,12.0,77.1,Yes,0.0,None
18:00:44.029,Active,407.3,2.4,98.2,12.0,78.2,Yes,0.0,None
18:00:44.441,Active,406.0,2.4,100.0,12.0,78.2,Yes,0.0,None
18:00:44.857,Active,409.6,2.4,98.8,12.0,78.2,Yes,0.0,None
18:00:45.272,Active,408.8,2.4,98.8,12.0,77.7,Yes,0.0,None
18:00:45.688,Active,408.9,2.4,98.8,12.0,78.2,Yes,0.0,None
18:00:46.110,Active,414.7,2.4,98.8,12.0,78.2,Yes,0.0,None
18:00:46.524,Active,408.1,2.4,99.4,12.0,78.2,Yes,0.0,None
18:00:46.941,Active,409.5,2.4,98.8,12.0,78.2,Yes,0.0,None
18:00:47.360,Active,412.9,2.4,98.2,12.0,78.2,Yes,0.0,None
18:00:47.780,Active,409.8,2.4,98.2,12.0,77.1,Yes,0.0,None
18:00:48.194,Active,408.6,2.4,98.8,12.0,78.2,Yes,0.0,None
18:00:48.610,Active,407.4,2.4,97.6,12.0,77.7,Yes,0.0,None
18:00:49.027,Active,407.5,2.4,98.2,12.0,78.8,Yes,0.0,None
18:00:49.446,Active,408.9,2.4,98.2,12.0,78.2,Yes,0.0,None
18:00:49.867,Active,407.6,2.4,97.6,12.0,78.8,Yes,0.0,None
18:00:50.283,Active,406.4,2.4,98.2,12.0,77.7,Yes,0.0,None
18:00:50.698,Active,407.3,2.4,98.2,12.0,78.2,Yes,0.0,None
18:00:51.116,Active,407.3,2.4,98.2,12.0,78.2,Yes,0.0,None
18:00:51.532,Active,406.5,2.4,98.2,12.0,78.2,Yes,0.0,None
18:00:51.951,Active,409.9,2.4,97.6,12.0,78.8,Yes,0.0,None
18:00:52.363,Active,404.8,2.4,99.4,12.0,78.2,Yes,0.0,None
18:00:52.779,Active,408.8,2.4,98.8,12.0,79.8,Yes,0.0,None
18:00:53.191,Active,406.9,2.4,99.4,12.0,78.8,Yes,0.0,None
18:00:53.609,Active,407.4,2.4,97.6,12.0,78.8,Yes,0.0,None
18:00:54.027,Active,408.1,2.4,98.2,12.0,78.8,Yes,0.0,None
18:00:54.448,Active,409.8,2.4,97.6,12.0,78.2,Yes,0.0,None
18:00:54.867,Active,409.8,2.4,98.2,12.0,78.8,Yes,0.0,None
18:00:55.296,Active,420.7,2.4,95.9,12.0,79.3,Yes,0.0,None
18:00:55.712,Active,410.3,2.4,98.8,12.0,78.2,Yes,0.0,None
18:00:56.129,Active,408.6,2.4,97.6,12.0,78.8,Yes,0.0,None
18:00:56.564,Active,425.3,2.4,98.3,12.0,78.8,Yes,0.0,None
18:00:56.979,Active,408.5,2.4,98.2,12.0,78.2,Yes,0.0,None
18:00:57.400,Active,411.3,2.4,97.0,12.0,78.8,Yes,0.0,None
18:00:57.819,Active,409.8,2.4,98.8,12.0,79.3,Yes,0.0,None
18:00:58.232,Active,407.2,2.4,98.8,12.0,77.7,Yes,0.0,None
18:00:58.643,Active,405.2,2.4,98.8,12.0,78.8,Yes,0.0,None
18:00:59.060,Active,408.9,2.4,98.8,12.0,79.3,Yes,0.0,None
18:00:59.474,Active,406.5,2.4,98.2,12.0,79.3,Yes,0.0,None
18:00:59.892,Active,408.8,2.4,98.2,12.0,79.3,Yes,0.0,None
18:01:00.308,Active,406.6,2.4,97.6,12.0,79.3,Yes,0.0,None
18:01:00.725,Active,407.9,2.4,98.2,12.0,79.3,Yes,0.0,None
18:01:01.144,Active,406.4,2.4,97.0,12.0,79.8,Yes,0.0,None
18:01:01.558,Active,407.0,2.4,98.8,12.0,78.8,Yes,0.0,None
18:01:01.977,Active,409.9,2.4,97.0,12.0,79.3,Yes,0.0,None
18:01:02.395,Active,408.1,2.4,98.2,12.0,78.2,Yes,0.0,None
18:01:02.811,Active,408.0,2.4,98.8,12.0,79.3,Yes,0.0,None
18:01:03.230,Active,412.5,2.4,98.8,12.0,79.3,Yes,0.0,None
18:01:03.656,Active,416.4,2.4,98.2,12.0,79.8,Yes,0.0,None
18:01:04.081,Active,415.1,2.4,98.2,12.0,79.3,Yes,0.0,None
18:01:04.506,Active,415.3,2.4,98.3,12.0,79.3,Yes,0.0,None
18:01:04.930,Active,416.4,2.4,98.2,12.0,78.8,Yes,0.0,None
18:01:05.358,Active,417.4,2.4,98.2,12.0,79.3,Yes,0.0,None
18:01:05.796,Active,428.9,2.4,96.0,12.0,79.3,Yes,0.0,None
18:01:06.224,Active,421.4,2.4,98.2,12.0,79.8,Yes,0.0,None
18:01:06.666,Active,432.3,2.3,98.3,12.1,78.8,Yes,0.0,None
18:01:07.088,Active,412.9,2.3,98.2,12.1,79.3,Yes,0.0,None
18:01:07.519,Active,425.0,2.3,97.7,12.1,79.3,Yes,0.0,None
18:01:07.944,Active,418.3,2.3,98.8,12.1,78.8,Yes,0.0,None
18:01:08.395,Active,443.9,2.3,94.9,12.1,79.8,Yes,0.0,None
18:01:08.835,Active,432.4,2.3,96.6,12.1,79.3,Yes,0.0,None
18:01:09.259,Active,416.0,2.3,97.6,12.1,79.3,Yes,0.0,None
18:01:09.702,Active,434.5,2.3,96.6,12.1,78.8,Yes,0.0,None
18:01:10.126,Active,417.9,2.3,98.2,12.1,79.3,Yes,0.0,None
18:01:55.560,Active,417.7,2.3,1.0,12.1,60.6,Yes,0.0,None
18:01:55.973,Active,407.1,12.0,99.4,12.0,62.8,Yes,0.0,None
18:01:56.385,Active,405.7,12.0,99.4,12.0,64.5,Yes,0.0,None
18:01:56.800,Active,408.7,12.0,98.8,12.1,64.5,Yes,0.0,None
18:01:57.213,Active,405.8,12.0,99.4,12.1,65.5,Yes,0.0,None
18:01:57.626,Active,406.5,12.0,98.8,12.1,66.1,Yes,0.0,None
18:01:58.058,Active,426.6,12.0,100.0,12.2,66.7,Yes,0.0,None
18:01:58.477,Active,410.0,12.0,97.6,12.2,67.8,Yes,0.0,None
18:01:58.893,Active,407.7,12.0,98.8,12.2,67.8,Yes,0.0,None
18:01:59.309,Active,406.9,12.0,99.4,12.2,67.8,Yes,0.0,None
18:01:59.729,Active,410.3,12.0,97.6,12.2,68.3,Yes,0.0,None
18:02:00.142,Active,407.3,2.4,98.2,12.2,69.4,Yes,0.0,None
18:02:00.557,Active,405.7,2.4,98.8,12.2,70.0,Yes,0.0,None
18:02:00.977,Active,410.0,2.4,98.2,12.2,70.0,Yes,0.0,None
18:02:01.392,Active,408.7,2.4,98.2,12.1,70.0,Yes,0.0,None
18:02:01.811,Active,409.4,2.4,98.2,12.1,71.0,Yes,0.0,None
18:02:02.228,Active,407.3,2.4,98.2,12.1,70.5,Yes,0.0,None
18:02:02.649,Active,410.9,2.4,97.6,12.1,70.5,Yes,0.0,None
18:02:03.092,Active,434.9,2.4,94.3,12.1,71.6,Yes,0.0,None
18:02:03.509,Active,406.8,2.4,98.2,12.1,71.6,Yes,0.0,None
18:02:03.923,Active,407.4,2.4,98.2,12.1,72.2,Yes,0.0,None
18:02:04.340,Active,406.3,2.4,98.2,12.1,72.2,Yes,0.0,None
18:02:04.759,Active,413.1,2.4,98.2,12.1,72.7,Yes,0.0,None
18:02:05.173,Active,405.6,2.4,98.2,12.0,71.6,Yes,0.0,None
18:02:05.593,Active,413.5,2.4,99.4,12.1,73.8,Yes,0.0,None
18:02:06.011,Active,409.2,2.4,97.6,12.0,72.7,Yes,0.0,None
18:02:06.427,Active,408.3,2.4,98.8,12.1,72.7,Yes,0.0,None
18:02:06.865,Active,426.2,2.4,95.4,12.1,73.2,Yes,0.0,None
18:02:07.288,Active,416.1,2.4,97.0,12.1,74.3,Yes,0.0,None
18:02:07.723,Active,427.6,2.4,96.6,12.1,73.2,Yes,0.0,None
18:02:08.160,Active,428.6,2.4,97.7,12.2,73.2,Yes,0.0,None
18:02:08.572,Active,406.4,2.4,98.2,12.2,73.8,Yes,0.0,None
18:02:08.986,Active,405.1,2.4,98.8,12.2,74.3,Yes,0.0,None
18:02:09.401,Active,403.7,2.4,98.8,12.2,74.3,Yes,0.0,None
18:02:09.819,Active,407.7,2.4,98.8,12.2,73.8,Yes,0.0,None
18:02:10.232,Active,403.9,2.4,98.8,12.2,74.9,Yes,0.0,None
18:02:10.651,Active,408.1,2.4,98.2,12.2,74.3,Yes,0.0,None
18:02:11.084,Active,424.7,2.4,96.5,12.1,74.3,Yes,0.0,None
18:02:11.501,Active,410.0,2.4,98.2,12.1,74.9,Yes,0.0,None
18:02:11.918,Active,410.0,2.4,97.0,12.1,75.5,Yes,0.0,None
18:02:12.338,Active,409.5,2.4,98.2,12.1,74.9,Yes,0.0,None
18:02:12.755,Active,409.1,2.4,98.8,12.1,75.5,Yes,0.0,None
18:02:13.171,Active,406.3,2.4,97.6,12.1,75.5,Yes,0.0,None
18:02:13.588,Active,407.6,2.4,98.2,12.1,75.5,Yes,0.0,None
18:02:14.008,Active,410.0,2.4,98.2,12.1,75.5,Yes,0.0,None
18:02:14.423,Active,406.1,2.4,98.2,12.1,76.0,Yes,0.0,None
18:02:14.844,Active,411.0,2.4,98.2,12.1,76.0,Yes,0.0,None
18:02:15.261,Active,408.3,2.4,98.2,12.1,75.5,Yes,0.0,None
18:02:15.681,Active,410.1,2.4,97.6,12.1,74.9,Yes,0.0,None
18:02:16.099,Active,408.0,2.4,98.2,12.0,76.0,Yes,0.0,None
18:02:16.515,Active,407.9,2.4,98.2,12.0,76.0,Yes,0.0,None
18:02:16.933,Active,410.4,2.4,98.2,12.0,76.5,Yes,0.0,None
18:02:17.351,Active,408.2,2.4,98.2,12.0,76.0,Yes,0.0,None
18:02:17.765,Active,405.6,2.4,98.2,12.0,76.5,Yes,0.0,None
18:02:18.177,Active,406.0,2.4,98.8,12.0,76.0,Yes,0.0,None
18:02:18.611,Active,425.4,2.4,98.3,12.1,75.5,Yes,0.0,None
18:02:19.026,Active,408.9,2.4,98.8,12.1,76.5,Yes,0.0,None
18:02:19.442,Active,407.2,2.4,98.2,12.1,77.7,Yes,0.0,None
18:02:19.860,Active,411.2,2.4,99.4,12.1,76.5,Yes,0.0,None
18:02:20.275,Active,409.6,2.4,98.2,12.1,76.5,Yes,0.0,None
18:02:20.693,Active,411.6,2.4,98.8,12.0,77.1,Yes,0.0,None
18:02:21.109,Active,409.7,2.4,98.2,12.0,77.1,Yes,0.0,None
18:02:21.524,Active,409.0,2.4,99.4,12.0,77.1,Yes,0.0,None
18:02:21.945,Active,413.9,2.4,97.6,12.0,77.1,Yes,0.0,None
18:02:22.359,Active,405.0,2.4,98.2,12.0,77.1,Yes,0.0,None
18:02:22.774,Active,409.6,2.4,99.4,12.0,77.1,Yes,0.0,None
18:02:23.190,Active,408.3,2.4,98.8,12.0,76.5,Yes,0.0,None
18:02:23.604,Active,405.7,2.4,98.8,12.0,77.7,Yes,0.0,None
18:02:24.022,Active,408.3,2.4,98.2,12.0,77.1,Yes,0.0,None
18:02:24.444,Active,410.4,2.4,97.6,12.0,77.1,Yes,0.0,None
18:02:24.859,Active,407.7,2.4,98.8,12.0,77.1,Yes,0.0,None
18:02:25.273,Active,407.8,2.4,99.4,12.0,77.1,Yes,0.0,None
18:02:25.697,Active,417.7,2.4,98.8,12.0,77.1,Yes,0.0,None
18:02:26.110,Active,406.8,2.4,98.2,12.0,77.7,Yes,0.0,None
18:02:26.524,Active,404.5,2.4,98.2,12.0,77.7,Yes,0.0,None
18:02:26.943,Active,412.4,2.4,99.4,12.0,77.1,Yes,0.0,None
18:02:27.359,Active,408.5,2.4,97.6,12.0,77.7,Yes,0.0,None
18:02:27.779,Active,412.0,2.4,98.2,12.0,78.2,Yes,0.0,None
18:02:28.188,Active,403.3,2.4,99.4,12.0,77.7,Yes,0.0,None
18:02:28.611,Active,416.3,2.4,98.8,12.1,78.8,Yes,0.0,None
18:02:29.027,Active,409.7,2.4,98.8,12.1,77.7,Yes,0.0,None
18:02:29.444,Active,409.5,2.4,98.8,12.1,77.7,Yes,0.0,None
18:02:29.862,Active,411.3,2.4,97.6,12.1,77.1,Yes,0.0,None
18:02:30.279,Active,407.5,2.4,98.8,12.1,77.7,Yes,0.0,None
18:02:30.699,Active,412.0,2.4,97.6,12.1,77.7,Yes,0.0,None
18:02:31.124,Active,417.4,2.4,98.8,12.1,77.7,Yes,0.0,None
18:02:31.539,Active,408.0,2.4,98.8,12.1,77.7,Yes,0.0,None
18:02:31.958,Active,410.2,2.4,97.6,12.1,77.7,Yes,0.0,None
18:02:32.370,Active,406.3,2.4,99.4,12.0,77.7,Yes,0.0,None
18:02:32.786,Active,409.6,2.4,98.8,12.1,77.7,Yes,0.0,None
18:02:33.198,Active,405.9,2.4,99.4,12.1,77.7,Yes,0.0,None
18:02:33.612,Active,406.6,2.4,98.8,12.1,78.2,Yes,0.0,None
18:02:34.039,Active,419.4,2.4,95.3,12.1,78.8,Yes,0.0,None
18:02:34.458,Active,409.1,2.4,97.6,12.1,78.8,Yes,0.0,None
18:02:34.876,Active,409.7,2.4,98.8,12.1,78.2,Yes,0.0,None
18:02:35.292,Active,406.5,2.4,98.2,12.0,78.2,Yes,0.0,None
18:02:35.714,Active,413.5,2.4,97.0,12.0,78.2,Yes,0.0,None
18:02:36.133,Active,409.5,2.4,98.2,12.0,78.8,Yes,0.0,None
18:02:36.545,Active,405.6,2.4,98.2,12.0,78.2,Yes,0.0,None
18:02:36.964,Active,409.7,2.4,98.2,12.0,78.2,Yes,0.0,None
18:02:37.380,Active,408.9,2.4,98.2,12.0,77.1,Yes,0.0,None
18:02:37.800,Active,409.8,2.4,98.2,12.0,78.8,Yes,0.0,None
18:02:38.212,Active,405.0,2.4,98.8,12.0,78.2,Yes,0.0,None
18:02:38.626,Active,408.2,2.4,99.4,12.0,78.8,Yes,0.0,None
18:02:39.054,Active,422.2,2.4,99.4,12.0,77.7,Yes,0.0,None
18:02:39.468,Active,407.7,2.4,98.2,12.0,78.2,Yes,0.0,None
18:02:39.885,Active,410.0,2.4,98.8,12.0,79.8,Yes,0.0,None
18:02:40.303,Active,409.1,2.4,98.2,12.0,78.8,Yes,0.0,None
18:02:40.718,Active,407.1,2.4,98.8,12.1,78.8,Yes,0.0,None
18:02:41.131,Active,406.6,2.4,99.4,12.1,79.3,Yes,0.0,None
18:02:41.546,Active,406.6,2.4,98.2,12.0,78.2,Yes,0.0,None
18:02:41.959,Active,405.6,2.4,99.4,12.0,79.3,Yes,0.0,None
18:02:42.372,Active,407.6,2.4,99.4,12.0,79.3,Yes,0.0,None
18:02:42.784,Active,405.1,2.4,98.8,12.0,79.3,Yes,0.0,None
18:02:43.202,Active,408.3,2.4,98.8,12.0,77.7,Yes,0.0,None
18:02:43.617,Active,406.2,2.4,97.6,12.0,79.8,Yes,0.0,None
18:02:44.039,Active,411.9,2.4,98.2,12.0,78.8,Yes,0.0,None
18:02:44.457,Active,409.5,2.4,98.2,12.0,79.3,Yes,0.0,None
18:02:44.882,Active,419.3,2.4,96.5,12.0,79.3,Yes,0.0,None
18:02:45.305,Active,409.6,2.4,97.6,12.0,79.3,Yes,0.0,None
18:02:45.720,Active,409.0,2.4,98.2,12.0,79.3,Yes,0.0,None
18:02:46.137,Active,410.8,2.4,98.8,12.0,78.8,Yes,0.0,None
18:02:46.557,Active,414.9,2.4,97.6,12.0,79.3,Yes,0.0,None
18:02:46.982,Active,414.4,2.4,97.7,12.0,79.3,Yes,0.0,None
18:02:47.395,Active,407.1,2.4,98.8,12.0,79.3,Yes,0.0,None
18:02:47.807,Active,406.5,2.4,100.0,12.0,79.3,Yes,0.0,None
18:02:48.227,Active,409.4,2.4,98.8,12.0,78.8,Yes,0.0,None
18:02:48.647,Active,413.2,2.4,98.8,12.0,78.8,Yes,0.0,None
18:02:49.093,Active,440.6,2.4,98.9,12.0,78.2,Yes,0.0,None
18:02:49.507,Active,407.5,2.4,98.2,12.0,77.7,Yes,0.0,None
18:02:49.925,Active,411.0,2.4,99.4,12.1,78.8,Yes,0.0,None
18:02:50.443,Active,411.4,2.3,79.3,12.1,78.8,Yes,0.0,None
18:02:50.862,Active,409.5,2.3,98.2,12.1,79.8,Yes,0.0,None
18:02:51.303,Active,431.6,2.3,94.9,12.0,79.3,Yes,0.0,None
18:02:51.733,Active,421.6,2.3,97.7,12.0,78.8,Yes,0.0,None
18:02:52.156,Active,416.5,2.3,98.8,12.0,79.3,Yes,0.0,None
18:02:52.580,Active,416.7,2.3,98.2,12.0,78.2,Yes,0.0,None
18:02:53.002,Active,415.4,2.3,98.2,12.0,79.3,Yes,0.0,None
18:02:53.438,Active,428.3,2.3,97.7,12.0,78.8,Yes,0.0,None
18:02:53.868,Active,420.8,2.3,98.3,12.0,79.3,Yes,0.0,None
18:02:54.310,Active,436.0,2.3,96.0,12.0,79.8,Yes,0.0,None
18:02:54.741,Active,417.5,2.3,97.7,12.0,79.3,Yes,0.0,None
18:02:55.164,Active,416.9,2.3,98.8,12.0,79.3,Yes,0.0,None
18:03:40.618,Active,441.0,2.3,1.3,12.5,60.6,Yes,0.0,None
18:03:41.035,Active,408.0,2.3,98.2,12.5,62.2,Yes,0.0,None
18:03:41.451,Active,407.8,2.3,98.8,12.5,63.4,Yes,0.0,None
18:03:41.888,Active,429.0,2.3,94.8,12.4,65.5,Yes,0.0,None
18:03:42.305,Active,409.6,2.3,98.8,12.4,63.9,Yes,0.0,None
18:03:42.720,Active,409.7,2.3,98.2,12.4,66.1,Yes,0.0,None
18:03:43.146,Active,416.1,2.3,97.1,12.4,66.7,Yes,0.0,None
18:03:43.562,Active,407.4,2.3,98.2,12.3,67.2,Yes,0.0,None
18:03:43.978,Active,409.0,2.6,98.8,12.3,68.8,Yes,0.0,None
18:03:44.391,Active,406.7,2.6,98.8,12.3,68.3,Yes,0.0,None
18:03:44.808,Active,409.2,2.6,98.2,12.3,68.8,Yes,0.0,None
18:03:45.222,Active,407.4,2.6,98.8,12.3,69.4,Yes,0.0,None
18:03:45.638,Active,406.9,2.6,98.2,12.2,69.4,Yes,0.0,None
18:03:46.053,Active,408.9,2.6,99.4,12.2,68.8,Yes,0.0,None
18:03:46.468,Active,408.4,2.6,98.8,12.2,70.0,Yes,0.0,None
18:03:46.884,Active,410.2,2.6,99.4,12.2,70.5,Yes,0.0,None
18:03:47.295,Active,405.5,2.6,98.8,12.2,71.0,Yes,0.0,None
18:03:47.712,Active,408.5,2.6,98.8,12.2,71.6,Yes,0.0,None
18:03:48.124,Active,406.4,2.4,100.0,12.2,72.2,Yes,0.0,None
18:03:48.536,Active,406.3,2.4,99.4,12.1,72.7,Yes,0.0,None
18:03:48.954,Active,412.1,2.4,98.8,12.1,72.2,Yes,0.0,None
18:03:49.370,Active,406.5,2.4,98.2,12.1,72.7,Yes,0.0,None
18:03:49.786,Active,408.5,2.4,98.2,12.1,72.2,Yes,0.0,None
18:03:50.201,Active,406.2,2.4,98.2,12.1,73.2,Yes,0.0,None
18:03:50.629,Active,418.9,2.4,97.6,12.2,73.2,Yes,0.0,None
18:03:51.047,Active,411.9,2.4,98.8,12.2,73.8,Yes,0.0,None
18:03:51.464,Active,408.5,2.4,98.2,12.2,72.7,Yes,0.0,None
18:03:51.881,Active,411.3,2.4,98.8,12.2,73.2,Yes,0.0,None
18:03:52.293,Active,406.2,2.4,98.8,12.2,72.2,Yes,0.0,None
18:03:52.709,Active,410.2,2.4,98.8,12.2,73.8,Yes,0.0,None
18:03:53.129,Active,409.6,2.4,98.2,12.2,73.8,Yes,0.0,None
18:03:53.543,Active,408.8,2.4,98.8,12.2,74.3,Yes,0.0,None
18:03:53.960,Active,409.4,2.4,98.2,12.1,74.3,Yes,0.0,None
18:03:54.374,Active,407.3,2.4,98.8,12.1,74.3,Yes,0.0,None
18:03:54.798,Active,415.3,2.4,97.0,12.2,73.8,Yes,0.0,None
18:03:55.216,Active,409.0,2.4,98.2,12.1,73.8,Yes,0.0,None
18:03:55.629,Active,406.7,2.4,98.8,12.1,74.9,Yes,0.0,None
18:03:56.047,Active,411.6,2.4,98.8,12.1,73.8,Yes,0.0,None
18:03:56.460,Active,404.8,2.4,98.2,12.1,74.9,Yes,0.0,None
18:03:56.875,Active,409.2,2.4,98.8,12.1,73.8,Yes,0.0,None
18:03:57.299,Active,416.2,2.4,96.4,12.1,74.3,Yes,0.0,None
18:03:57.718,Active,409.5,2.4,98.2,12.1,74.9,Yes,0.0,None
18:03:58.139,Active,409.1,2.4,97.6,12.1,75.5,Yes,0.0,None
18:03:58.553,Active,406.8,2.4,98.2,12.1,76.0,Yes,0.0,None
18:03:58.970,Active,409.1,2.4,98.2,12.0,74.9,Yes,0.0,None
18:03:59.391,Active,407.7,2.4,97.0,12.0,75.5,Yes,0.0,None
18:03:59.809,Active,409.0,2.4,98.2,12.0,75.5,Yes,0.0,None
18:04:00.225,Active,406.5,2.4,98.2,12.0,75.5,Yes,0.0,None
18:04:00.638,Active,406.6,2.4,99.4,12.0,76.0,Yes,0.0,None
18:04:01.066,Active,418.9,2.4,97.7,12.0,76.5,Yes,0.0,None
18:04:01.486,Active,406.9,2.4,97.6,12.1,76.0,Yes,0.0,None
18:04:01.901,Active,409.0,2.4,98.8,12.1,75.5,Yes,0.0,None
18:04:02.315,Active,407.5,2.4,98.8,12.1,75.5,Yes,0.0,None
18:04:02.734,Active,411.1,2.4,98.8,12.1,76.0,Yes,0.0,None
18:04:03.150,Active,407.1,2.4,97.6,12.1,75.5,Yes,0.0,None
18:04:03.583,Active,424.4,2.4,95.3,12.1,76.0,Yes,0.0,None
18:04:03.999,Active,407.9,2.4,99.4,12.0,76.5,Yes,0.0,None
18:04:04.411,Active,406.7,2.4,98.8,12.0,76.5,Yes,0.0,None
18:04:04.827,Active,409.7,2.4,98.8,12.0,75.5,Yes,0.0,None
18:04:05.246,Active,411.0,2.4,98.2,12.0,77.1,Yes,0.0,None
18:04:05.672,Active,419.4,2.4,99.4,12.0,76.5,Yes,0.0,None
18:04:06.087,Active,409.6,2.4,98.8,12.0,76.0,Yes,0.0,None
18:04:06.502,Active,408.3,2.4,98.8,12.0,76.5,Yes,0.0,None
18:04:06.918,Active,408.5,2.4,99.4,12.0,77.1,Yes,0.0,None
18:04:07.336,Active,407.8,2.4,97.6,12.0,77.1,Yes,0.0,None
18:04:07.751,Active,406.8,2.4,98.8,12.0,78.2,Yes,0.0,None
18:04:08.163,Active,406.1,2.4,99.4,12.0,76.5,Yes,0.0,None
18:04:08.576,Active,407.4,2.4,99.4,12.0,77.1,Yes,0.0,None
18:04:08.990,Active,406.2,2.4,98.2,12.0,77.1,Yes,0.0,None
18:04:09.406,Active,407.5,2.4,98.2,12.0,77.1,Yes,0.0,None
18:04:09.827,Active,414.8,2.4,98.2,12.0,77.7,Yes,0.0,None
18:04:10.241,Active,408.1,2.4,99.4,12.0,76.5,Yes,0.0,None
18:04:10.666,Active,414.8,2.4,97.7,12.0,76.5,Yes,0.0,None
18:04:11.096,Active,424.2,2.4,98.8,12.0,76.5,Yes,0.0,None
18:04:11.534,Active,432.0,2.4,94.9,12.0,77.1,Yes,0.0,None
18:04:11.951,Active,407.8,2.4,98.8,12.0,77.7,Yes,0.0,None
18:04:12.380,Active,421.8,2.4,96.5,12.0,76.5,Yes,0.0,None
18:04:12.808,Active,422.2,2.4,96.5,12.0,77.1,Yes,0.0,None
18:04:13.230,Active,415.4,2.4,97.6,12.0,77.1,Yes,0.0,None
18:04:13.651,Active,412.4,2.4,97.6,12.0,78.2,Yes,0.0,None
18:04:14.067,Active,408.0,2.4,98.2,12.0,78.2,Yes,0.0,None
18:04:14.482,Active,407.2,2.4,98.8,12.0,77.1,Yes,0.0,None
18:04:14.899,Active,410.5,2.4,98.8,12.0,77.1,Yes,0.0,None
18:04:15.320,Active,413.0,2.4,98.2,12.0,77.1,Yes,0.0,None
18:04:15.736,Active,409.5,2.4,98.8,12.0,78.2,Yes,0.0,None
18:04:16.150,Active,407.2,2.4,98.8,12.0,78.2,Yes,0.0,None
18:04:16.562,Active,406.1,2.4,99.4,12.0,78.8,Yes,0.0,None
18:04:16.973,Active,405.3,2.4,99.4,12.0,77.7,Yes,0.0,None
18:04:17.383,Active,403.5,2.4,99.4,12.0,78.2,Yes,0.0,None
18:04:17.801,Active,410.3,2.4,100.0,12.0,78.2,Yes,0.0,None
18:04:18.220,Active,414.1,2.4,97.0,12.0,78.2,Yes,0.0,None
18:04:18.634,Active,407.1,2.4,98.8,12.0,78.8,Yes,0.0,None
18:04:19.051,Active,408.1,2.4,98.2,12.0,78.2,Yes,0.0,None
18:04:19.465,Active,406.1,2.4,98.2,12.0,78.2,Yes,0.0,None
18:04:19.880,Active,406.6,2.4,98.2,12.0,78.2,Yes,0.0,None
18:04:20.297,Active,406.4,2.4,98.2,12.0,78.2,Yes,0.0,None
18:04:20.715,Active,410.1,2.4,98.2,12.0,77.7,Yes,0.0,None
18:04:21.145,Active,419.4,2.4,95.9,12.0,78.2,Yes,0.0,None
18:04:21.582,Active,427.0,2.4,98.3,12.1,77.7,Yes,0.0,None
18:04:22.002,Active,410.3,2.4,98.2,12.1,78.2,Yes,0.0,None
18:04:22.433,Active,422.7,2.4,95.9,12.1,78.8,Yes,0.0,None
18:04:22.869,Active,429.2,2.4,94.8,12.1,78.2,Yes,0.0,None
18:04:23.297,Active,421.5,2.4,97.7,12.1,78.8,Yes,0.0,None
18:04:23.712,Active,408.9,2.4,98.8,12.1,78.2,Yes,0.0,None
18:04:24.124,Active,404.5,2.4,98.8,12.0,78.2,Yes,0.0,None
18:04:24.540,Active,408.6,2.4,98.8,12.0,79.3,Yes,0.0,None
18:04:24.958,Active,411.1,2.4,98.2,12.0,79.3,Yes,0.0,None
18:04:25.374,Active,406.7,2.4,98.2,12.0,78.2,Yes,0.0,None
18:04:25.793,Active,409.5,2.4,98.2,12.0,78.2,Yes,0.0,None
18:04:26.207,Active,408.2,2.4,98.8,12.0,78.2,Yes,0.0,None
18:04:26.620,Active,407.0,2.4,99.4,12.0,78.8,Yes,0.0,None
18:04:27.035,Active,407.6,2.4,99.4,12.0,78.2,Yes,0.0,None
18:04:27.447,Active,406.1,2.4,99.4,12.0,78.2,Yes,0.0,None
18:04:27.859,Active,406.1,2.4,100.0,12.0,79.3,Yes,0.0,None
18:04:28.270,Active,403.3,2.4,98.8,12.0,78.8,Yes,0.0,None
18:04:28.687,Active,410.8,2.4,98.8,12.0,78.2,Yes,0.0,None
18:04:29.105,Active,409.6,2.4,98.2,12.0,78.8,Yes,0.0,None
18:04:29.521,Active,406.9,2.4,98.2,12.0,78.8,Yes,0.0,None
18:04:29.942,Active,411.1,2.4,97.6,12.0,79.3,Yes,0.0,None
18:04:30.358,Active,405.8,2.4,98.8,12.0,79.3,Yes,0.0,None
18:04:30.775,Active,409.3,2.4,98.2,12.0,78.8,Yes,0.0,None
18:04:31.199,Active,416.0,2.4,98.8,12.0,78.8,Yes,0.0,None
18:04:31.631,Active,419.5,2.4,97.7,12.1,78.8,Yes,0.0,None
18:04:32.047,Active,410.5,2.4,98.8,12.1,79.3,Yes,0.0,None
18:04:32.462,Active,406.5,2.4,98.8,12.1,79.3,Yes,0.0,None
18:04:32.884,Active,412.7,2.4,98.2,12.1,78.8,Yes,0.0,None
18:04:33.298,Active,406.9,2.4,97.6,12.1,79.3,Yes,0.0,None
18:04:33.716,Active,409.0,2.4,98.2,12.1,78.8,Yes,0.0,None
18:04:34.127,Active,404.1,2.4,99.4,12.1,80.4,Yes,0.0,None
18:04:34.544,Active,410.7,2.4,99.4,12.1,79.3,Yes,0.0,None
18:04:34.979,Active,427.6,2.4,96.6,12.1,79.3,Yes,0.0,None
18:04:35.405,Active,416.6,2.4,98.2,12.1,78.8,Yes,0.0,None
18:04:35.837,Active,421.4,2.4,98.3,12.1,78.8,Yes,0.0,None
18:04:36.263,Active,418.3,2.4,98.2,12.1,79.8,Yes,0.0,None
18:04:36.687,Active,417.1,2.4,98.2,12.1,79.3,Yes,0.0,None
18:04:37.108,Active,414.9,2.4,99.4,12.0,79.3,Yes,0.0,None
18:04:37.533,Active,414.8,2.4,97.6,12.0,79.3,Yes,0.0,None
18:04:37.960,Active,417.2,2.4,98.2,12.0,79.3,Yes,0.0,None
18:04:38.383,Active,415.8,2.3,98.2,12.0,79.3,Yes,0.0,None
18:04:38.808,Active,414.7,2.3,98.8,12.0,79.8,Yes,0.0,None
18:04:39.232,Active,414.0,2.3,98.2,12.0,79.8,Yes,0.0,None
18:04:39.659,Active,417.2,2.3,98.2,12.0,79.3,Yes,0.0,None
18:04:40.083,Active,414.7,2.3,98.2,12.0,79.8,Yes,0.0,None
18:04:40.506,Active,415.7,2.3,98.8,12.0,78.8,Yes,0.0,None
18:05:25.966,Active,442.7,2.3,1.0,12.1,60.0,Yes,0.0,None
18:05:26.394,Active,418.7,2.3,96.6,12.1,63.4,Yes,0.0,None
18:05:26.804,Active,403.9,2.3,100.0,12.1,63.9,Yes,0.0,None
18:05:27.219,Active,404.8,2.3,98.8,12.1,64.5,Yes,0.0,None
18:05:27.630,Active,404.1,4.7,99.4,12.1,65.0,Yes,0.0,None
18:05:28.046,Active,408.5,4.7,98.8,12.1,65.5,Yes,0.0,None
18:05:28.463,Active,408.0,4.7,97.6,12.1,66.7,Yes,0.0,None
18:05:28.880,Active,408.8,4.7,98.2,12.1,66.7,Yes,0.0,None
18:05:29.308,Active,420.5,4.7,95.9,12.1,67.8,Yes,0.0,None
18:05:29.724,Active,408.7,4.7,99.4,12.1,68.3,Yes,0.0,None
18:05:30.138,Active,406.7,4.7,98.8,12.1,68.3,Yes,0.0,None
18:05:30.556,Active,408.5,4.7,98.2,12.1,68.8,Yes,0.0,None
18:05:30.973,Active,410.3,4.7,98.2,12.1,70.0,Yes,0.0,None
18:05:31.385,Active,406.6,4.7,98.8,12.1,70.0,Yes,0.0,None
18:05:31.805,Active,409.4,2.4,97.6,12.1,70.0,Yes,0.0,None
18:05:32.217,Active,406.2,2.4,98.8,12.1,70.5,Yes,0.0,None
18:05:32.631,Active,407.6,2.4,98.8,12.0,70.5,Yes,0.0,None
18:05:33.089,Active,450.0,2.4,95.1,12.2,70.5,Yes,0.0,None
18:05:33.503,Active,408.0,2.4,98.8,12.2,71.6,Yes,0.0,None
18:05:33.919,Active,408.0,2.4,98.8,12.2,71.0,Yes,0.0,None
18:05:34.340,Active,413.1,2.4,97.6,12.2,71.6,Yes,0.0,None
18:05:34.757,Active,409.7,2.4,98.8,12.2,72.2,Yes,0.0,None
18:05:35.171,Active,407.4,2.4,99.4,12.2,72.2,Yes,0.0,None
18:05:35.587,Active,407.8,2.4,98.2,12.2,72.7,Yes,0.0,None
18:05:36.008,Active,411.3,2.4,98.2,12.2,73.2,Yes,0.0,None
18:05:36.424,Active,409.2,2.4,97.6,12.2,74.3,Yes,0.0,None
18:05:36.841,Active,409.6,2.4,98.8,12.2,72.7,Yes,0.0,None
18:05:37.256,Active,409.0,2.4,98.2,12.2,73.2,Yes,0.0,None
18:05:37.674,Active,408.5,2.4,98.2,12.2,73.8,Yes,0.0,None
18:05:38.099,Active,416.3,2.4,97.0,12.1,73.8,Yes,0.0,None
18:05:38.518,Active,411.9,2.4,98.2,12.1,73.8,Yes,0.0,None
18:05:38.941,Active,416.8,2.4,97.6,12.1,73.8,Yes,0.0,None
18:05:39.354,Active,406.7,2.4,98.8,12.1,72.7,Yes,0.0,None
18:05:39.772,Active,408.7,2.4,98.8,12.1,74.3,Yes,0.0,None
18:05:40.187,Active,408.4,2.4,98.8,12.1,73.8,Yes,0.0,None
18:05:40.599,Active,405.2,2.4,98.8,12.1,74.3,Yes,0.0,None
18:05:41.018,Active,413.5,2.4,99.4,12.1,74.9,Yes,0.0,None
18:05:41.434,Active,410.2,2.4,97.0,12.1,74.9,Yes,0.0,None
18:05:41.847,Active,406.6,2.4,99.4,12.1,75.5,Yes,0.0,None
18:05:42.262,Active,406.9,2.4,98.8,12.0,74.9,Yes,0.0,None
18:05:42.679,Active,410.9,2.4,98.8,12.0,74.9,Yes,0.0,None
18:05:43.090,Active,405.2,2.4,98.8,12.0,75.5,Yes,0.0,None
18:05:43.520,Active,420.4,2.4,98.2,12.1,75.5,Yes,0.0,None
18:05:43.937,Active,409.7,2.4,98.8,12.1,75.5,Yes,0.0,None
18:05:44.350,Active,406.3,2.4,98.2,12.1,75.5,Yes,0.0,None
18:05:44.768,Active,408.8,2.4,98.2,12.1,76.0,Yes,0.0,None
18:05:45.186,Active,407.7,2.4,98.2,12.1,76.0,Yes,0.0,None
18:05:45.603,Active,407.6,2.4,98.2,12.0,74.3,Yes,0.0,None
18:05:46.023,Active,410.3,2.4,98.2,12.0,76.0,Yes,0.0,None
18:05:46.440,Active,408.1,2.4,97.6,12.0,76.0,Yes,0.0,None
18:05:46.859,Active,408.6,2.4,98.2,12.0,75.5,Yes,0.0,None
18:05:47.275,Active,408.4,2.4,98.8,12.0,76.0,Yes,0.0,None
18:05:47.692,Active,409.9,2.4,98.2,12.0,76.5,Yes,0.0,None
18:05:48.104,Active,405.4,2.4,98.8,12.0,77.7,Yes,0.0,None
18:05:48.523,Active,408.7,2.4,98.2,12.0,76.5,Yes,0.0,None
18:05:48.940,Active,409.6,2.4,98.8,12.0,76.0,Yes,0.0,None
18:05:49.356,Active,408.6,2.4,98.8,12.0,76.0,Yes,0.0,None
18:05:49.774,Active,410.7,2.4,98.2,12.0,76.5,Yes,0.0,None
18:05:50.189,Active,409.5,2.4,98.8,12.0,76.0,Yes,0.0,None
18:05:50.603,Active,407.8,2.4,98.2,12.0,76.5,Yes,0.0,None
18:05:51.023,Active,409.7,2.4,98.2,12.0,77.1,Yes,0.0,None
18:05:51.440,Active,407.2,2.4,97.6,12.0,76.5,Yes,0.0,None
18:05:51.858,Active,408.7,2.4,98.2,12.0,76.0,Yes,0.0,None
18:05:52.276,Active,407.8,2.4,98.2,12.0,76.5,Yes,0.0,None
18:05:52.697,Active,411.2,2.4,98.2,12.0,77.7,Yes,0.0,None
18:05:53.116,Active,409.0,2.4,97.6,12.0,76.5,Yes,0.0,None
18:05:53.550,Active,424.6,2.4,97.1,12.2,76.5,Yes,0.0,None
18:05:53.969,Active,412.7,2.4,98.8,12.1,76.5,Yes,0.0,None
18:05:54.386,Active,407.7,2.4,97.6,12.2,76.5,Yes,0.0,None
18:05:54.807,Active,411.9,2.4,98.2,12.2,77.7,Yes,0.0,None
18:05:55.222,Active,407.0,2.4,98.8,12.2,77.1,Yes,0.0,None
18:05:55.637,Active,408.8,2.4,98.8,12.2,77.1,Yes,0.0,None
18:05:56.057,Active,413.7,2.4,97.6,12.1,76.5,Yes,0.0,None
18:05:56.471,Active,408.4,2.4,98.8,12.1,77.1,Yes,0.0,None
18:05:56.887,Active,408.1,2.4,98.8,12.1,77.7,Yes,0.0,None
18:05:57.307,Active,412.1,2.4,98.2,12.1,77.7,Yes,0.0,None
18:05:57.720,Active,406.6,2.4,99.4,12.1,77.1,Yes,0.0,None
18:05:58.133,Active,407.1,2.4,99.4,12.1,77.1,Yes,0.0,None
18:05:58.547,Active,407.9,2.4,98.8,12.1,77.7,Yes,0.0,None
18:05:58.964,Active,409.1,2.4,98.2,12.1,77.1,Yes,0.0,None
18:05:59.380,Active,410.0,2.4,98.2,12.1,78.2,Yes,0.0,None
18:05:59.804,Active,417.4,2.4,97.6,12.1,77.7,Yes,0.0,None
18:06:00.220,Active,408.5,2.4,98.8,12.1,77.7,Yes,0.0,None
18:06:00.632,Active,406.9,2.4,98.8,12.1,78.2,Yes,0.0,None
18:06:01.051,Active,412.0,2.4,98.8,12.1,77.1,Yes,0.0,None
18:06:01.480,Active,421.0,2.4,95.3,12.1,77.7,Yes,0.0,None
18:06:01.895,Active,408.1,2.4,98.8,12.1,78.2,Yes,0.0,None
18:06:02.313,Active,407.9,2.4,98.2,12.1,78.2,Yes,0.0,None
18:06:02.728,Active,408.6,2.4,98.8,12.1,78.2,Yes,0.0,None
18:06:03.142,Active,407.2,2.4,98.8,12.1,78.8,Yes,0.0,None
18:06:03.559,Active,410.7,2.4,97.6,12.1,77.7,Yes,0.0,None
18:06:03.995,Active,427.9,2.4,97.7,12.1,77.7,Yes,0.0,None
18:06:04.412,Active,408.4,2.4,97.6,12.1,78.8,Yes,0.0,None
18:06:04.832,Active,412.7,2.4,98.8,12.1,78.2,Yes,0.0,None
18:06:05.244,Active,404.7,2.4,98.2,12.1,79.8,Yes,0.0,None
18:06:05.664,Active,414.8,2.4,100.0,12.1,78.2,Yes,0.0,None
18:06:06.081,Active,409.5,2.4,98.8,12.1,78.2,Yes,0.0,None
18:06:06.494,Active,407.3,2.4,98.2,12.1,78.2,Yes,0.0,None
18:06:06.913,Active,410.0,2.4,98.2,12.1,78.8,Yes,0.0,None
18:06:07.330,Active,407.2,2.4,98.2,12.0,78.2,Yes,0.0,None
18:06:07.769,Active,429.4,2.4,95.4,12.0,78.2,Yes,0.0,None
18:06:08.184,Active,408.7,2.4,98.8,12.0,78.8,Yes,0.0,None
18:06:08.600,Active,408.6,2.4,98.2,12.1,78.8,Yes,0.0,None
18:06:09.016,Active,409.9,2.4,98.8,12.0,78.2,Yes,0.0,None
18:06:09.432,Active,409.8,2.4,98.8,12.0,78.2,Yes,0.0,None
18:06:09.849,Active,410.5,2.4,98.2,12.0,78.8,Yes,0.0,None
18:06:10.339,Active,407.4,2.4,83.8,12.0,79.3,Yes,0.0,None
18:06:10.759,Active,411.6,2.4,98.8,12.0,78.2,Yes,0.0,None
18:06:11.177,Active,408.3,2.4,98.2,12.0,78.8,Yes,0.0,None
18:06:11.593,Active,406.7,2.4,98.2,12.0,78.8,Yes,0.0,None
18:06:12.007,Active,408.2,2.4,99.4,12.0,78.8,Yes,0.0,None
18:06:12.423,Active,408.4,2.4,98.8,12.0,78.2,Yes,0.0,None
18:06:12.859,Active,427.9,2.4,95.4,12.0,79.3,Yes,0.0,None
18:06:13.276,Active,408.7,2.4,98.8,12.0,79.3,Yes,0.0,None
18:06:13.690,Active,407.3,2.3,98.8,12.0,79.3,Yes,0.0,None
18:06:14.125,Active,425.7,2.3,98.9,12.3,78.2,Yes,0.0,None
18:06:14.547,Active,416.1,2.3,96.4,12.3,78.2,Yes,0.0,None
18:06:14.963,Active,407.7,2.3,98.2,12.3,78.8,Yes,0.0,None
18:06:15.378,Active,407.1,2.3,98.2,12.3,79.3,Yes,0.0,None
18:06:15.797,Active,410.4,2.3,98.2,12.3,79.8,Yes,0.0,None
18:06:16.215,Active,407.5,2.3,97.6,12.3,78.8,Yes,0.0,None
18:06:16.630,Active,407.1,2.3,98.2,12.2,78.2,Yes,0.0,None
18:06:17.049,Active,410.1,2.3,98.2,12.2,79.8,Yes,0.0,None
18:06:17.464,Active,406.3,2.3,98.8,12.2,78.2,Yes,0.0,None
18:06:17.887,Active,415.8,2.4,98.2,12.2,78.8,Yes,0.0,None
18:06:18.308,Active,415.3,2.4,99.4,12.1,78.8,Yes,0.0,None
18:06:18.731,Active,415.8,2.4,98.8,12.2,78.8,Yes,0.0,None
18:06:19.144,Active,406.7,2.4,99.4,12.2,79.3,Yes,0.0,None
18:06:19.556,Active,406.0,2.4,99.4,12.1,79.8,Yes,0.0,None
18:06:19.976,Active,413.5,2.4,97.6,12.1,78.8,Yes,0.0,None
18:06:20.393,Active,409.6,2.4,98.8,12.1,78.8,Yes,0.0,None
18:06:20.809,Active,410.4,2.4,98.8,12.1,78.8,Yes,0.0,None
18:06:21.231,Active,408.0,2.4,97.6,12.1,79.8,Yes,0.0,None
18:06:21.646,Active,407.2,2.4,98.2,12.1,78.8,Yes,0.0,None
18:06:22.067,Active,411.6,2.4,98.2,12.1,79.3,Yes,0.0,None
18:06:22.491,Active,416.3,2.4,98.2,12.1,79.3,Yes,0.0,None
18:06:22.917,Active,417.7,2.4,98.2,12.1,78.8,Yes,0.0,None
18:06:23.339,Active,415.5,2.4,99.4,12.1,78.8,Yes,0.0,None
18:06:23.762,Active,417.1,2.4,98.2,12.1,79.3,Yes,0.0,None
18:06:24.191,Active,418.4,2.4,98.2,12.0,79.3,Yes,0.0,None
18:06:24.634,Active,435.1,2.4,98.3,12.1,79.3,Yes,0.0,None
18:06:25.058,Active,416.1,2.4,98.2,12.1,79.3,Yes,0.0,None
18:06:25.482,Active,418.2,2.4,97.6,12.1,78.8,Yes,0.0,None
18:06:25.907,Active,416.8,2.4,98.8,12.1,79.8,Yes,0.0,None
18:07:11.349,Active,428.9,23.0,1.3,12.0,62.2,Yes,0.0,None
18:07:11.765,Active,409.7,23.0,98.2,12.0,62.2,Yes,0.0,None
18:07:12.178,Active,406.3,23.0,99.4,12.0,63.9,Yes,0.0,None
18:07:12.592,Active,408.2,23.0,98.8,12.1,65.0,Yes,0.0,None
18:07:13.008,Active,408.0,23.0,98.8,12.1,65.5,Yes,0.0,None
18:07:13.421,Active,405.8,23.0,98.8,12.1,65.5,Yes,0.0,None
18:07:13.837,Active,410.0,23.0,98.8,12.0,66.1,Yes,0.0,None
18:07:14.264,Active,421.9,23.0,97.1,12.0,67.2,Yes,0.0,None
18:07:14.680,Active,408.9,23.0,98.8,12.0,67.8,Yes,0.0,None
18:07:15.094,Active,407.2,23.0,98.8,12.0,68.3,Yes,0.0,None
18:07:15.509,Active,408.6,2.4,98.8,12.0,70.0,Yes,0.0,None
18:07:15.941,Active,425.6,2.4,98.9,12.2,69.4,Yes,0.0,None
18:07:16.359,Active,409.8,2.4,96.4,12.2,69.4,Yes,0.0,None
18:07:16.775,Active,408.2,2.4,98.8,12.2,70.0,Yes,0.0,None
18:07:17.190,Active,408.5,2.4,98.8,12.1,70.0,Yes,0.0,None
18:07:17.608,Active,408.7,2.4,97.6,12.1,70.0,Yes,0.0,None
18:07:18.024,Active,409.8,2.4,98.8,12.1,71.0,Yes,0.0,None
18:07:18.439,Active,407.6,2.4,98.8,12.1,71.6,Yes,0.0,None
18:07:18.857,Active,410.2,2.4,98.2,12.1,71.6,Yes,0.0,None
18:07:19.273,Active,405.6,2.4,98.2,12.1,72.2,Yes,0.0,None
18:07:19.688,Active,408.8,2.4,98.8,12.1,72.2,Yes,0.0,None
18:07:20.103,Active,407.8,2.4,98.8,12.1,72.7,Yes,0.0,None
18:07:20.516,Active,405.4,2.4,98.2,12.1,72.2,Yes,0.0,None
18:07:20.933,Active,410.1,2.4,98.8,12.1,72.2,Yes,0.0,None
18:07:21.347,Active,407.8,2.4,98.8,12.1,73.2,Yes,0.0,None
18:07:21.764,Active,407.9,2.4,98.8,12.1,73.2,Yes,0.0,None
18:07:22.179,Active,407.9,2.4,98.8,12.1,72.7,Yes,0.0,None
18:07:22.595,Active,408.5,2.4,98.2,12.0,73.8,Yes,0.0,None
18:07:23.022,Active,416.5,2.4,96.5,12.0,73.8,Yes,0.0,None
18:07:23.436,Active,406.2,2.4,98.8,12.0,73.8,Yes,0.0,None
18:07:23.852,Active,408.9,2.4,98.8,12.0,73.8,Yes,0.0,None
18:07:24.264,Active,405.9,2.4,99.4,12.0,73.8,Yes,0.0,None
18:07:24.681,Active,410.1,2.4,98.8,12.0,74.3,Yes,0.0,None
18:07:25.094,Active,406.5,2.4,99.4,12.0,74.9,Yes,0.0,None
18:07:25.510,Active,406.9,2.4,98.2,12.0,76.0,Yes,0.0,None
18:07:25.945,Active,425.8,2.4,98.8,12.1,74.3,Yes,0.0,None
18:07:26.359,Active,408.4,2.4,98.8,12.1,76.0,Yes,0.0,None
18:07:26.777,Active,409.4,2.4,98.2,12.1,74.3,Yes,0.0,None
18:07:27.191,Active,407.9,2.4,98.8,12.1,74.9,Yes,0.0,None
18:07:27.603,Active,406.6,2.4,99.4,12.1,74.9,Yes,0.0,None
18:07:28.019,Active,409.5,2.4,98.8,12.1,74.9,Yes,0.0,None
18:07:28.430,Active,405.0,2.4,98.8,12.1,76.5,Yes,0.0,None
18:07:28.865,Active,426.1,2.4,96.5,12.1,75.5,Yes,0.0,None
18:07:29.292,Active,416.6,2.4,97.1,12.1,76.0,Yes,0.0,None
18:07:29.710,Active,411.0,2.4,98.8,12.1,75.5,Yes,0.0,None
18:07:30.127,Active,406.7,2.4,98.2,12.0,74.3,Yes,0.0,None
18:07:30.642,Active,408.9,2.4,79.9,12.0,74.9,Yes,0.0,None
18:07:31.059,Active,408.0,2.4,98.2,12.0,74.9,Yes,0.0,None
18:07:31.478,Active,409.1,2.4,97.6,12.1,75.5,Yes,0.0,None
18:07:31.898,Active,410.6,2.4,98.2,12.1,76.5,Yes,0.0,None
18:07:32.316,Active,408.2,2.3,98.2,12.0,76.0,Yes,0.0,None
18:07:32.733,Active,408.0,2.3,97.6,12.0,76.0,Yes,0.0,None
18:07:33.151,Active,407.3,2.3,98.8,12.0,76.0,Yes,0.0,None
18:07:33.572,Active,409.7,2.3,97.0,12.0,76.0,Yes,0.0,None
18:07:34.003,Active,425.1,2.3,95.9,12.0,76.5,Yes,0.0,None
18:07:34.418,Active,409.6,2.3,98.8,12.0,75.5,Yes,0.0,None
18:07:34.836,Active,408.8,2.3,98.2,12.0,76.0,Yes,0.0,None
18:07:35.260,Active,417.3,2.3,97.0,12.0,76.5,Yes,0.0,None
18:07:35.679,Active,412.0,2.3,98.8,12.0,76.5,Yes,0.0,None
18:07:36.112,Active,425.0,2.3,98.3,12.3,76.0,Yes,0.0,None
18:07:36.529,Active,409.0,2.4,98.8,12.3,76.5,Yes,0.0,None
18:07:36.946,Active,410.1,2.4,98.2,12.4,76.5,Yes,0.0,None
18:07:37.361,Active,406.4,2.4,98.2,12.4,76.0,Yes,0.0,None
18:07:37.784,Active,412.7,2.4,98.2,12.3,76.0,Yes,0.0,None
18:07:38.196,Active,406.2,2.4,98.2,12.3,77.1,Yes,0.0,None
18:07:38.610,Active,405.4,2.4,98.2,12.3,76.5,Yes,0.0,None
18:07:39.031,Active,410.7,2.4,98.2,12.3,76.5,Yes,0.0,None
18:07:39.542,Active,402.1,2.4,79.0,12.3,76.0,Yes,0.0,None
18:07:39.957,Active,407.4,2.4,99.4,12.2,76.5,Yes,0.0,None
18:07:40.376,Active,409.5,2.4,97.6,12.2,77.1,Yes,0.0,None
18:07:40.796,Active,412.9,2.3,99.4,12.2,76.5,Yes,0.0,None
18:07:41.211,Active,407.8,2.3,98.2,12.2,77.1,Yes,0.0,None
18:07:41.632,Active,413.2,2.3,97.6,12.2,76.5,Yes,0.0,None
18:07:42.048,Active,409.2,2.3,99.4,12.1,76.5,Yes,0.0,None
18:07:42.462,Active,407.3,2.3,98.2,12.2,77.7,Yes,0.0,None
18:07:42.877,Active,408.2,2.3,99.4,12.2,77.1,Yes,0.0,None
18:07:43.291,Active,406.0,2.3,98.8,12.2,77.1,Yes,0.0,None
18:07:43.737,Active,438.1,2.3,94.3,12.2,77.7,Yes,0.0,None
18:07:44.153,Active,407.4,2.3,98.2,12.2,77.1,Yes,0.0,None
18:07:44.569,Active,407.2,2.3,98.2,12.2,77.7,Yes,0.0,None
18:07:44.985,Active,409.6,2.4,98.8,12.1,77.1,Yes,0.0,None
18:07:45.405,Active,413.5,2.4,97.0,12.1,77.1,Yes,0.0,None
18:07:45.819,Active,407.6,2.4,99.4,12.1,78.2,Yes,0.0,None
18:07:46.238,Active,410.7,2.4,97.6,12.1,77.7,Yes,0.0,None
18:07:46.665,Active,421.1,2.4,99.4,12.1,78.2,Yes,0.0,None
18:07:47.074,Active,403.6,2.4,100.0,12.1,77.7,Yes,0.0,None
18:07:47.486,Active,403.3,2.4,99.4,12.1,78.2,Yes,0.0,None
18:07:47.910,Active,414.7,2.4,97.7,12.1,78.8,Yes,0.0,None
18:07:48.324,Active,406.4,2.4,99.4,12.1,78.2,Yes,0.0,None
18:07:48.749,Active,418.1,2.4,97.0,12.1,79.3,Yes,0.0,None
18:07:49.159,Active,403.7,2.4,99.4,12.1,78.8,Yes,0.0,None
18:07:49.570,Active,405.8,2.4,99.4,12.1,78.2,Yes,0.0,None
18:07:49.987,Active,408.1,2.4,98.8,12.0,77.7,Yes,0.0,None
18:07:50.405,Active,412.0,2.4,98.8,12.0,78.2,Yes,0.0,None
18:07:50.827,Active,415.9,2.4,98.2,12.0,77.7,Yes,0.0,None
18:07:51.241,Active,406.8,2.4,98.8,12.0,78.2,Yes,0.0,None
18:07:51.665,Active,415.4,2.4,96.5,12.0,77.7,Yes,0.0,None
18:07:52.082,Active,406.7,2.4,98.2,12.0,77.1,Yes,0.0,None
18:07:52.502,Active,411.1,2.4,97.6,12.0,78.2,Yes,0.0,None
18:07:52.919,Active,408.3,2.4,98.2,12.0,78.8,Yes,0.0,None
18:07:53.334,Active,408.6,2.4,98.2,12.0,78.2,Yes,0.0,None
18:07:53.753,Active,409.1,2.4,98.2,12.0,77.7,Yes,0.0,None
18:07:54.166,Active,406.5,2.4,98.2,12.0,78.2,Yes,0.0,None
18:07:54.582,Active,407.2,2.4,98.8,12.0,78.8,Yes,0.0,None
18:07:55.001,Active,409.6,2.4,98.2,12.0,78.2,Yes,0.0,None
18:07:55.426,Active,419.5,2.4,96.5,12.0,78.8,Yes,0.0,None
18:07:55.842,Active,407.1,2.4,98.2,12.0,78.8,Yes,0.0,None
18:07:56.256,Active,407.4,2.4,98.8,12.0,78.8,Yes,0.0,None
18:07:56.692,Active,429.8,2.4,98.3,12.1,79.8,Yes,0.0,None
18:07:57.106,Active,407.3,2.4,98.8,12.1,78.8,Yes,0.0,None
18:07:57.518,Active,405.7,2.4,98.8,12.1,78.2,Yes,0.0,None
18:07:57.930,Active,406.4,2.4,99.4,12.1,79.3,Yes,0.0,None
18:07:58.341,Active,403.2,2.4,98.8,12.1,79.3,Yes,0.0,None
18:07:58.754,Active,406.5,2.4,100.0,12.1,79.3,Yes,0.0,None
18:07:59.178,Active,414.8,2.4,97.0,12.1,79.3,Yes,0.0,None
18:07:59.594,Active,410.2,2.4,99.4,12.1,78.8,Yes,0.0,None
18:08:00.007,Active,406.4,2.4,99.4,12.1,78.8,Yes,0.0,None
18:08:00.419,Active,403.7,2.4,99.4,12.1,79.3,Yes,0.0,None
18:08:00.831,Active,406.1,2.4,99.4,12.1,79.3,Yes,0.0,None
18:08:01.250,Active,409.9,2.4,97.6,12.1,79.3,Yes,0.0,None
18:08:01.675,Active,416.1,2.4,96.4,12.1,79.3,Yes,0.0,None
18:08:02.093,Active,409.7,2.4,99.4,12.1,78.8,Yes,0.0,None
18:08:02.516,Active,417.4,2.4,97.0,12.1,79.8,Yes,0.0,None
18:08:02.937,Active,411.0,2.4,97.6,12.1,79.3,Yes,0.0,None
18:08:03.355,Active,407.6,2.4,97.6,12.1,78.8,Yes,0.0,None
18:08:03.768,Active,407.1,2.4,99.4,12.1,79.8,Yes,0.0,None
18:08:04.179,Active,405.7,2.4,99.4,12.1,79.3,Yes,0.0,None
18:08:04.596,Active,410.7,2.4,99.4,12.1,79.3,Yes,0.0,None
18:08:05.014,Active,411.0,2.4,98.2,12.1,79.3,Yes,0.0,None
18:08:05.441,Active,420.5,2.4,98.8,12.1,78.8,Yes,0.0,None
18:08:05.865,Active,418.2,2.4,98.2,12.0,79.3,Yes,0.0,None
18:08:06.287,Active,415.7,2.4,98.8,12.0,78.8,Yes,0.0,None
18:08:06.711,Active,418.2,2.4,99.4,12.0,79.8,Yes,0.0,None
18:08:07.147,Active,429.9,2.4,97.7,12.1,78.8,Yes,0.0,None
18:08:07.569,Active,413.7,2.4,98.2,12.1,79.3,Yes,0.0,None
18:08:07.996,Active,418.0,2.4,98.2,12.1,79.3,Yes,0.0,None
18:08:08.421,Active,417.6,2.4,98.8,12.1,79.3,Yes,0.0,None
18:08:08.845,Active,417.6,2.4,98.8,12.1,79.8,Yes,0.0,None
18:08:09.267,Active,415.9,2.4,99.4,12.1,79.3,Yes,0.0,None
18:08:09.691,Active,418.2,2.4,98.8,12.1,79.8,Yes,0.0,None
18:08:10.115,Active,416.0,2.4,98.2,12.1,79.8,Yes,0.0,None
18:08:10.552,Active,430.8,2.4,96.5,12.1,79.3,Yes,0.0,None
18:08:10.977,Active,417.8,2.4,98.8,12.1,79.3,Yes,0.0,None
18:08:56.415,Active,424.5,2.4,1.0,12.0,60.6,Yes,0.0,None
18:08:56.835,Active,407.9,2.4,98.2,12.0,62.2,Yes,0.0,None
18:08:57.256,Active,413.3,2.4,98.2,12.0,63.4,Yes,0.0,None
18:08:57.671,Active,408.0,2.4,98.8,12.0,65.0,Yes,0.0,None
18:08:58.096,Active,419.5,2.4,99.4,12.0,65.0,Yes,0.0,None
18:08:58.512,Active,408.7,2.4,98.8,12.0,65.5,Yes,0.0,None
18:08:58.928,Active,410.1,2.4,98.2,12.1,66.7,Yes,0.0,None
18:08:59.352,Active,417.1,3.0,98.2,12.0,67.2,Yes,0.0,None
18:08:59.768,Active,408.7,3.0,98.2,12.0,67.8,Yes,0.0,None
18:09:00.198,Active,423.0,3.0,96.5,12.0,67.8,Yes,0.0,None
18:09:00.613,Active,409.3,3.0,99.4,12.0,68.3,Yes,0.0,None
18:09:01.032,Active,409.4,3.0,97.6,12.0,67.8,Yes,0.0,None
18:09:01.450,Active,408.5,3.0,98.2,12.0,69.4,Yes,0.0,None
18:09:01.878,Active,422.2,3.0,97.7,12.0,69.4,Yes,0.0,None
18:09:02.292,Active,405.2,3.0,98.2,12.0,70.0,Yes,0.0,None
18:09:02.709,Active,410.6,3.0,99.4,12.0,70.0,Yes,0.0,None
18:09:03.121,Active,406.6,3.0,98.8,12.0,70.5,Yes,0.0,None
18:09:03.534,Active,404.5,2.4,98.2,12.0,71.0,Yes,0.0,None
18:09:03.950,Active,409.8,2.4,98.2,12.0,72.2,Yes,0.0,None
18:09:04.368,Active,408.6,2.4,97.6,12.0,71.6,Yes,0.0,None
18:09:04.783,Active,408.3,2.4,98.8,12.0,71.6,Yes,0.0,None
18:09:05.199,Active,407.6,2.4,98.8,12.0,72.2,Yes,0.0,None
18:09:05.611,Active,406.2,2.4,99.4,12.0,73.2,Yes,0.0,None
18:09:06.028,Active,408.6,2.4,98.8,12.0,72.7,Yes,0.0,None
18:09:06.443,Active,408.3,2.4,98.8,12.0,73.8,Yes,0.0,None
18:09:06.856,Active,407.1,2.4,99.4,12.0,73.2,Yes,0.0,None
18:09:07.271,Active,406.7,2.4,98.8,12.0,73.2,Yes,0.0,None
18:09:07.687,Active,406.5,2.4,98.8,12.0,72.7,Yes,0.0,None
18:09:08.102,Active,405.7,2.4,98.2,12.0,73.8,Yes,0.0,None
18:09:08.530,Active,419.7,2.4,99.4,12.0,73.2,Yes,0.0,None
18:09:08.949,Active,409.7,2.4,98.2,12.0,74.3,Yes,0.0,None
18:09:09.362,Active,405.9,2.4,98.2,12.0,73.8,Yes,0.0,None
18:09:09.781,Active,409.4,2.4,98.8,12.0,74.9,Yes,0.0,None
18:09:10.198,Active,406.7,2.4,97.0,12.0,73.8,Yes,0.0,None
18:09:10.612,Active,405.0,2.4,98.8,12.0,74.3,Yes,0.0,None
18:09:11.033,Active,410.6,2.4,98.2,12.0,73.8,Yes,0.0,None
18:09:11.445,Active,406.3,2.4,98.2,12.0,73.8,Yes,0.0,None
18:09:11.864,Active,409.2,2.4,98.8,12.0,73.8,Yes,0.0,None
18:09:12.282,Active,406.7,2.4,98.2,12.0,74.3,Yes,0.0,None
18:09:12.701,Active,409.7,2.4,97.6,12.0,74.3,Yes,0.0,None
18:09:13.118,Active,411.5,2.4,98.8,12.0,74.3,Yes,0.0,None
18:09:13.537,Active,410.2,2.4,97.6,12.0,74.3,Yes,0.0,None
18:09:13.962,Active,417.9,2.4,97.1,12.0,75.5,Yes,0.0,None
18:09:14.376,Active,407.7,2.4,99.4,12.0,75.5,Yes,0.0,None
18:09:14.792,Active,409.1,2.4,98.8,12.0,74.9,Yes,0.0,None
18:09:15.206,Active,406.9,2.4,99.4,12.0,76.0,Yes,0.0,None
18:09:15.647,Active,432.2,2.4,94.4,12.0,74.9,Yes,0.0,None
18:09:16.086,Active,431.0,2.4,94.9,12.0,76.0,Yes,0.0,None
18:09:16.499,Active,404.4,2.4,98.8,12.0,76.0,Yes,0.0,None
18:09:16.924,Active,414.6,2.4,97.6,12.0,76.0,Yes,0.0,None
18:09:17.340,Active,406.2,2.4,98.2,12.0,75.5,Yes,0.0,None
18:09:17.772,Active,421.9,2.4,96.5,12.0,75.5,Yes,0.0,None
18:09:18.187,Active,408.4,2.4,98.2,12.0,75.5,Yes,0.0,None
18:09:18.623,Active,429.6,2.4,97.7,12.1,75.5,Yes,0.0,None
18:09:19.037,Active,406.3,2.4,98.8,12.1,76.5,Yes,0.0,None
18:09:19.449,Active,405.9,2.4,99.4,12.1,76.0,Yes,0.0,None
18:09:19.869,Active,411.0,2.4,98.2,12.1,76.0,Yes,0.0,None
18:09:20.280,Active,404.9,2.4,98.2,12.1,77.1,Yes,0.0,None
18:09:20.696,Active,408.6,2.4,99.4,12.1,76.0,Yes,0.0,None
18:09:21.112,Active,408.7,2.4,98.8,12.1,76.5,Yes,0.0,None
18:09:21.541,Active,422.0,2.4,95.9,12.0,76.5,Yes,0.0,None
18:09:21.956,Active,409.2,2.4,98.2,12.1,77.1,Yes,0.0,None
18:09:22.382,Active,415.7,2.4,97.1,12.1,76.0,Yes,0.0,None
18:09:22.800,Active,408.3,2.4,98.8,12.1,76.5,Yes,0.0,None
18:09:23.218,Active,408.8,2.4,97.6,12.1,76.0,Yes,0.0,None
18:09:23.645,Active,418.6,2.4,96.4,12.1,76.5,Yes,0.0,None
18:09:24.059,Active,408.2,2.4,98.8,12.1,77.1,Yes,0.0,None
18:09:24.473,Active,407.9,2.4,98.8,12.1,77.1,Yes,0.0,None
18:09:24.904,Active,422.4,2.4,96.0,12.1,75.5,Yes,0.0,None
18:09:25.321,Active,409.6,2.4,99.4,12.1,76.5,Yes,0.0,None
18:09:25.736,Active,409.5,2.4,98.2,12.1,77.1,Yes,0.0,None
18:09:26.149,Active,406.2,2.4,98.8,12.1,77.1,Yes,0.0,None
18:09:26.572,Active,413.3,2.4,98.2,12.0,77.1,Yes,0.0,None
18:09:26.992,Active,413.0,2.4,98.8,12.1,76.0,Yes,0.0,None
18:09:27.405,Active,406.2,2.4,98.2,12.1,77.1,Yes,0.0,None
18:09:27.824,Active,408.5,2.4,98.2,12.0,76.0,Yes,0.0,None
18:09:28.245,Active,415.6,2.4,97.6,12.0,77.1,Yes,0.0,None
18:09:28.662,Active,406.9,2.4,97.6,12.0,77.7,Yes,0.0,None
18:09:29.186,Active,421.0,2.4,81.3,12.1,77.1,Yes,0.0,None
18:09:29.599,Active,404.0,2.4,98.8,12.1,76.5,Yes,0.0,None
18:09:30.014,Active,409.1,2.4,99.4,12.1,77.1,Yes,0.0,None
18:09:30.427,Active,406.6,2.4,99.4,12.1,77.1,Yes,0.0,None
18:09:30.842,Active,409.7,2.4,99.4,12.1,77.1,Yes,0.0,None
18:09:31.256,Active,407.6,2.4,98.8,12.1,77.7,Yes,0.0,None
18:09:31.672,Active,410.0,2.4,99.4,12.1,78.2,Yes,0.0,None
18:09:32.091,Active,408.4,2.4,97.0,12.1,77.7,Yes,0.0,None
18:09:32.505,Active,407.2,2.4,98.8,12.1,78.2,Yes,0.0,None
18:09:32.920,Active,408.8,2.3,99.4,12.1,77.7,Yes,0.0,None
18:09:33.332,Active,406.2,2.3,98.8,12.1,77.7,Yes,0.0,None
18:09:33.746,Active,407.3,2.3,99.4,12.1,79.3,Yes,0.0,None
18:09:34.163,Active,407.9,2.3,98.2,12.1,77.7,Yes,0.0,None
18:09:34.576,Active,405.7,2.3,98.8,12.1,78.2,Yes,0.0,None
18:09:34.991,Active,409.0,2.3,98.8,12.1,78.2,Yes,0.0,None
18:09:35.407,Active,409.4,2.3,98.8,12.1,77.1,Yes,0.0,None
18:09:35.824,Active,409.2,2.3,98.2,12.1,78.2,Yes,0.0,None
18:09:36.240,Active,406.1,2.3,98.2,12.1,78.8,Yes,0.0,None
18:09:36.657,Active,408.4,2.3,98.8,12.1,78.2,Yes,0.0,None
18:09:37.072,Active,406.9,2.4,98.2,12.1,77.7,Yes,0.0,None
18:09:37.488,Active,407.1,2.4,98.8,12.0,78.8,Yes,0.0,None
18:09:37.901,Active,406.2,2.4,98.8,12.0,77.7,Yes,0.0,None
18:09:38.331,Active,420.4,2.4,96.5,12.0,77.7,Yes,0.0,None
18:09:38.743,Active,405.4,2.4,99.4,12.0,77.7,Yes,0.0,None
18:09:39.172,Active,423.5,2.4,99.4,12.2,77.7,Yes,0.0,None
18:09:39.586,Active,405.3,2.4,98.8,12.2,79.3,Yes,0.0,None
18:09:39.999,Active,406.6,2.4,98.8,12.2,78.2,Yes,0.0,None
18:09:40.416,Active,406.5,2.4,98.2,12.2,78.8,Yes,0.0,None
18:09:40.832,Active,408.7,2.4,98.8,12.2,78.8,Yes,0.0,None
18:09:41.245,Active,406.0,2.4,98.8,12.2,79.3,Yes,0.0,None
18:09:41.663,Active,409.3,2.4,97.6,12.1,78.2,Yes,0.0,None
18:09:42.080,Active,408.1,2.4,98.2,12.1,78.2,Yes,0.0,None
18:09:42.499,Active,408.1,2.4,98.2,12.1,78.8,Yes,0.0,None
18:09:42.917,Active,411.6,2.4,98.2,12.1,78.2,Yes,0.0,None
18:09:43.338,Active,411.2,2.4,98.2,12.1,78.2,Yes,0.0,None
18:09:43.756,Active,409.9,2.4,98.2,12.1,78.2,Yes,0.0,None
18:09:44.180,Active,416.7,2.4,96.4,12.1,77.7,Yes,0.0,None
18:09:44.600,Active,413.1,2.4,97.6,12.1,79.3,Yes,0.0,None
18:09:45.016,Active,409.5,2.4,99.4,12.1,78.8,Yes,0.0,None
18:09:45.428,Active,405.1,2.4,98.8,12.1,78.8,Yes,0.0,None
18:09:45.848,Active,412.9,2.4,98.8,12.1,79.8,Yes,0.0,None
18:09:46.262,Active,407.3,2.4,98.8,12.1,79.3,Yes,0.0,None
18:09:46.683,Active,412.0,2.4,98.2,12.1,78.8,Yes,0.0,None
18:09:47.101,Active,409.6,2.4,98.2,12.1,78.8,Yes,0.0,None
18:09:47.512,Active,405.7,2.4,98.8,12.1,78.8,Yes,0.0,None
18:09:47.929,Active,409.9,2.4,98.8,12.1,78.8,Yes,0.0,None
18:09:48.344,Active,406.0,2.4,98.2,12.1,78.8,Yes,0.0,None
18:09:48.759,Active,409.2,2.4,98.8,12.1,79.3,Yes,0.0,None
18:09:49.177,Active,409.9,2.4,98.2,12.1,79.8,Yes,0.0,None
18:09:49.605,Active,421.8,2.4,98.2,12.2,79.3,Yes,0.0,None
18:09:50.026,Active,415.7,2.4,98.2,12.2,78.8,Yes,0.0,None
18:09:50.442,Active,409.8,2.4,97.6,12.2,79.3,Yes,0.0,None
18:09:50.860,Active,409.2,2.4,98.2,12.1,79.3,Yes,0.0,None
18:09:51.276,Active,408.4,2.4,98.8,12.1,79.3,Yes,0.0,None
18:09:51.693,Active,411.9,2.4,98.8,12.1,79.3,Yes,0.0,None
18:09:52.125,Active,421.5,2.4,98.2,12.1,78.8,Yes,0.0,None
18:09:52.546,Active,415.4,2.4,98.8,12.1,78.8,Yes,0.0,None
18:09:52.972,Active,419.3,2.4,98.2,12.1,79.8,Yes,0.0,None
18:09:53.395,Active,416.0,2.4,98.2,12.1,78.8,Yes,0.0,None
18:09:53.848,Active,444.0,2.4,94.4,12.1,79.3,Yes,0.0,None
18:09:54.271,Active,416.2,2.4,98.8,12.1,78.8,Yes,0.0,None
18:09:54.708,Active,428.8,2.4,97.1,12.1,78.8,Yes,0.0,None
18:09:55.132,Active,416.6,2.4,98.2,12.1,79.8,Yes,0.0,None
18:09:55.556,Active,416.4,2.4,98.8,12.1,79.3,Yes,0.0,None
18:09:55.980,Active,416.9,2.4,98.8,12.1,79.3,Yes,0.0,None
18:09:56.416,Active,429.7,2.4,97.1,12.1,79.8,Yes,0.0,None
18:10:41.853,Active,422.8,2.4,1.3,12.3,60.0,Yes,0.0,None
18:10:42.262,Active,402.9,2.4,100.0,12.4,61.7,Yes,0.0,None
18:10:42.675,Active,407.5,2.4,99.4,12.3,63.4,Yes,0.0,None
18:10:43.096,Active,408.6,6.0,97.6,12.3,64.5,Yes,0.0,None
18:10:43.512,Active,408.5,6.0,98.8,12.3,64.5,Yes,0.0,None
18:10:43.929,Active,411.1,6.0,98.8,12.3,66.7,Yes,0.0,None
18:10:44.344,Active,408.5,6.0,98.8,12.3,66.7,Yes,0.0,None
18:10:44.763,Active,412.1,6.0,97.6,12.2,67.2,Yes,0.0,None
18:10:45.183,Active,408.0,6.0,97.6,12.2,67.2,Yes,0.0,None
18:10:45.599,Active,409.7,6.0,99.4,12.2,67.8,Yes,0.0,None
18:10:46.013,Active,408.6,6.0,98.8,12.2,68.3,Yes,0.0,None
18:10:46.429,Active,409.2,6.0,99.4,12.2,67.8,Yes,0.0,None
18:10:46.846,Active,410.1,6.0,98.2,12.2,69.4,Yes,0.0,None
18:10:47.270,Active,414.4,2.4,96.4,12.2,70.5,Yes,0.0,None
18:10:47.689,Active,410.0,2.4,98.2,12.2,70.0,Yes,0.0,None
18:10:48.108,Active,409.9,2.4,98.2,12.2,70.5,Yes,0.0,None
18:10:48.523,Active,407.7,2.4,98.8,12.2,71.0,Yes,0.0,None
18:10:48.940,Active,411.4,2.4,98.8,12.2,71.6,Yes,0.0,None
18:10:49.355,Active,408.2,2.4,98.8,12.2,71.6,Yes,0.0,None
18:10:49.774,Active,411.1,2.4,98.8,12.2,71.6,Yes,0.0,None
18:10:50.186,Active,405.8,2.4,99.4,12.2,72.2,Yes,0.0,None
18:10:50.607,Active,411.6,2.4,98.2,12.1,72.7,Yes,0.0,None
18:10:51.040,Active,424.5,2.4,98.8,12.2,73.2,Yes,0.0,None
18:10:51.460,Active,412.9,2.4,97.6,12.2,72.2,Yes,0.0,None
18:10:51.877,Active,409.9,2.4,98.8,12.2,72.7,Yes,0.0,None
18:10:52.290,Active,407.3,2.4,98.2,12.2,72.7,Yes,0.0,None
18:10:52.709,Active,409.6,2.4,98.8,12.2,73.8,Yes,0.0,None
18:10:53.125,Active,408.5,2.4,98.2,12.2,72.7,Yes,0.0,None
18:10:53.547,Active,412.0,2.4,97.0,12.1,73.2,Yes,0.0,None
18:10:53.969,Active,413.5,2.4,98.8,12.1,73.2,Yes,0.0,None
18:10:54.383,Active,408.8,2.4,98.2,12.1,74.3,Yes,0.0,None
18:10:54.809,Active,417.4,2.4,97.0,12.1,75.5,Yes,0.0,None
18:10:55.222,Active,407.3,2.4,98.8,12.1,73.8,Yes,0.0,None
18:10:55.635,Active,406.2,2.4,99.4,12.1,73.8,Yes,0.0,None
18:10:56.047,Active,406.2,2.4,99.4,12.1,74.3,Yes,0.0,None
18:10:56.458,Active,405.8,2.4,99.4,12.1,74.3,Yes,0.0,None
18:10:56.894,Active,427.0,2.4,96.0,12.1,74.3,Yes,0.0,None
18:10:57.307,Active,403.5,2.4,98.8,12.1,75.5,Yes,0.0,None
18:10:57.721,Active,408.6,2.4,98.8,12.1,76.0,Yes,0.0,None
18:10:58.140,Active,408.5,2.4,98.2,12.1,74.9,Yes,0.0,None
18:10:58.555,Active,408.0,2.4,98.8,12.1,74.3,Yes,0.0,None
18:10:58.972,Active,410.5,2.4,98.8,12.1,74.9,Yes,0.0,None
18:10:59.387,Active,407.7,2.4,98.8,12.1,75.5,Yes,0.0,None
18:10:59.816,Active,420.7,2.4,96.5,12.1,75.5,Yes,0.0,None
18:11:00.233,Active,410.8,2.4,98.8,12.1,75.5,Yes,0.0,None
18:11:00.648,Active,409.5,2.4,98.8,12.1,74.9,Yes,0.0,None
18:11:01.085,Active,431.0,2.4,97.1,12.1,75.5,Yes,0.0,None
18:11:01.504,Active,409.1,2.4,98.2,12.1,76.0,Yes,0.0,None
18:11:01.925,Active,414.0,2.4,98.2,12.1,75.5,Yes,0.0,None
18:11:02.445,Active,413.6,2.4,79.2,12.1,76.0,Yes,0.0,None
18:11:02.860,Active,408.7,2.4,99.4,12.1,75.5,Yes,0.0,None
18:11:03.280,Active,412.5,2.4,97.0,12.1,75.5,Yes,0.0,None
18:11:03.708,Active,421.9,2.4,97.1,12.1,75.5,Yes,0.0,None
18:11:04.124,Active,409.3,2.3,98.2,12.0,74.9,Yes,0.0,None
18:11:04.538,Active,406.8,2.3,98.2,12.0,76.0,Yes,0.0,None
18:11:04.956,Active,409.2,2.3,98.8,12.0,76.0,Yes,0.0,None
18:11:05.373,Active,406.3,2.3,98.2,12.0,76.0,Yes,0.0,None
18:11:05.793,Active,413.9,2.3,98.2,12.0,76.5,Yes,0.0,None
18:11:06.206,Active,407.3,2.3,98.2,12.0,76.5,Yes,0.0,None
18:11:06.620,Active,405.1,2.3,98.2,12.0,76.5,Yes,0.0,None
18:11:07.035,Active,407.8,2.3,99.4,12.0,76.5,Yes,0.0,None
18:11:07.449,Active,406.4,2.3,98.2,12.0,76.5,Yes,0.0,None
18:11:07.867,Active,408.2,2.3,98.2,12.0,76.0,Yes,0.0,None
18:11:08.295,Active,419.5,2.4,96.5,12.0,76.5,Yes,0.0,None
18:11:08.715,Active,410.3,2.4,98.2,12.0,75.5,Yes,0.0,None
18:11:09.132,Active,408.3,2.4,98.2,12.0,77.1,Yes,0.0,None
18:11:09.549,Active,409.0,2.4,98.8,12.0,75.5,Yes,0.0,None
18:11:09.967,Active,410.9,2.4,98.2,12.0,76.5,Yes,0.0,None
18:11:10.382,Active,406.7,2.4,98.2,12.0,77.1,Yes,0.0,None
18:11:10.800,Active,410.3,2.4,98.2,12.0,78.2,Yes,0.0,None
18:11:11.215,Active,408.1,2.4,98.8,12.0,77.7,Yes,0.0,None
18:11:11.646,Active,422.5,2.4,98.2,12.2,77.1,Yes,0.0,None
18:11:12.083,Active,427.9,2.4,94.9,12.2,77.7,Yes,0.0,None
18:11:12.496,Active,405.3,2.4,98.8,12.2,77.1,Yes,0.0,None
18:11:12.916,Active,412.7,2.4,98.8,12.2,77.1,Yes,0.0,None
18:11:13.330,Active,406.7,2.4,98.2,12.1,78.8,Yes,0.0,None
18:11:13.762,Active,423.0,2.4,96.5,12.1,77.1,Yes,0.0,None
18:11:14.179,Active,407.5,2.4,98.2,12.1,77.7,Yes,0.0,None
18:11:14.592,Active,407.2,2.4,99.4,12.1,78.2,Yes,0.0,None
18:11:15.008,Active,409.9,2.4,98.8,12.1,77.1,Yes,0.0,None
18:11:15.422,Active,406.7,2.4,98.8,12.1,78.2,Yes,0.0,None
18:11:15.840,Active,408.9,2.4,98.2,12.1,77.7,Yes,0.0,None
18:11:16.252,Active,404.2,2.4,98.8,12.1,77.7,Yes,0.0,None
18:11:16.668,Active,410.1,2.4,99.4,12.1,78.8,Yes,0.0,None
18:11:17.080,Active,406.5,2.4,98.8,12.1,78.2,Yes,0.0,None
18:11:17.493,Active,405.6,2.4,98.8,12.1,78.2,Yes,0.0,None
18:11:17.908,Active,409.4,2.4,98.8,12.1,77.7,Yes,0.0,None
18:11:18.323,Active,408.2,2.4,98.8,12.1,79.3,Yes,0.0,None
18:11:18.740,Active,410.4,2.4,98.8,12.0,77.7,Yes,0.0,None
18:11:19.156,Active,409.8,2.4,97.6,12.0,78.8,Yes,0.0,None
18:11:19.596,Active,430.5,2.4,94.9,12.0,78.2,Yes,0.0,None
18:11:20.014,Active,407.7,2.4,98.2,12.0,78.8,Yes,0.0,None
18:11:20.425,Active,405.9,2.4,100.0,12.0,76.5,Yes,0.0,None
18:11:20.844,Active,408.9,2.4,98.2,12.0,77.7,Yes,0.0,None
18:11:21.259,Active,408.2,2.4,98.8,12.0,78.2,Yes,0.0,None
18:11:21.694,Active,429.0,2.4,98.9,12.1,78.2,Yes,0.0,None
18:11:22.110,Active,408.3,2.4,98.8,12.1,78.2,Yes,0.0,None
18:11:22.528,Active,409.2,2.4,97.6,12.1,77.1,Yes,0.0,None
18:11:22.944,Active,408.2,2.4,98.8,12.1,78.8,Yes,0.0,None
18:11:23.360,Active,407.4,2.4,97.6,12.1,78.8,Yes,0.0,None
18:11:23.775,Active,408.2,2.4,98.8,12.1,77.7,Yes,0.0,None
18:11:24.189,Active,405.5,2.4,98.8,12.1,78.2,Yes,0.0,None
18:11:24.605,Active,406.5,2.4,98.2,12.1,78.2,Yes,0.0,None
18:11:25.031,Active,414.8,2.4,97.7,12.1,77.1,Yes,0.0,None
18:11:25.446,Active,406.7,2.4,98.2,12.1,78.8,Yes,0.0,None
18:11:25.862,Active,407.2,2.4,98.2,12.1,78.8,Yes,0.0,None
18:11:26.276,Active,408.1,2.4,99.4,12.1,78.2,Yes,0.0,None
18:11:26.692,Active,409.7,2.4,98.8,12.1,78.2,Yes,0.0,None
18:11:27.107,Active,409.5,2.4,98.8,12.1,78.2,Yes,0.0,None
18:11:27.520,Active,404.9,2.4,98.2,12.1,78.2,Yes,0.0,None
18:11:27.936,Active,409.1,2.4,98.8,12.0,78.8,Yes,0.0,None
18:11:28.347,Active,405.1,2.4,98.8,12.0,78.8,Yes,0.0,None
18:11:28.765,Active,411.9,2.4,99.4,12.0,78.8,Yes,0.0,None
18:11:29.181,Active,409.5,2.4,98.2,12.0,78.8,Yes,0.0,None
18:11:29.595,Active,407.3,2.4,98.2,12.0,79.3,Yes,0.0,None
18:11:30.019,Active,415.2,2.4,97.6,12.0,78.8,Yes,0.0,None
18:11:30.436,Active,407.5,2.4,97.6,12.0,78.8,Yes,0.0,None
18:11:30.854,Active,408.9,2.4,98.2,12.0,78.8,Yes,0.0,None
18:11:31.270,Active,406.7,2.4,98.2,12.0,78.8,Yes,0.0,None
18:11:31.681,Active,405.2,2.4,100.0,12.0,78.8,Yes,0.0,None
18:11:32.111,Active,423.3,2.4,99.4,12.1,78.8,Yes,0.0,None
18:11:32.523,Active,406.2,2.4,100.0,12.1,79.3,Yes,0.0,None
18:11:32.934,Active,405.9,2.4,99.4,12.1,78.8,Yes,0.0,None
18:11:33.348,Active,407.4,2.4,99.4,12.1,79.3,Yes,0.0,None
18:11:33.763,Active,407.8,2.4,98.8,12.1,79.8,Yes,0.0,None
18:11:34.181,Active,412.6,2.4,98.8,12.1,79.3,Yes,0.0,None
18:11:34.608,Active,416.7,2.4,98.2,12.0,79.8,Yes,0.0,None
18:11:35.109,Active,413.3,2.4,83.0,12.0,78.8,Yes,0.0,None
18:11:35.536,Active,416.9,2.4,97.7,12.0,78.8,Yes,0.0,None
18:11:35.961,Active,418.1,2.4,98.8,12.0,78.8,Yes,0.0,None
18:11:36.378,Active,407.2,2.4,97.6,12.0,79.3,Yes,0.0,None
18:11:36.800,Active,411.9,2.4,98.2,12.0,79.3,Yes,0.0,None
18:11:37.218,Active,411.2,2.4,97.6,12.0,79.3,Yes,0.0,None
18:11:37.642,Active,414.5,2.3,98.8,12.0,78.8,Yes,0.0,None
18:11:38.065,Active,414.7,2.3,98.8,12.0,79.8,Yes,0.0,None
18:11:38.478,Active,407.2,2.3,99.4,12.0,79.3,Yes,0.0,None
18:11:38.891,Active,406.7,2.3,99.4,12.0,79.3,Yes,0.0,None
18:11:39.307,Active,408.2,2.3,99.4,12.0,78.8,Yes,0.0,None
18:11:39.733,Active,417.6,2.3,98.8,12.0,79.8,Yes,0.0,None
18:11:40.151,Active,411.5,2.3,98.8,12.0,79.3,Yes,0.0,None
18:11:40.574,Active,415.3,2.3,98.8,12.0,79.8,Yes,0.0,None
18:11:40.998,Active,414.8,2.3,98.2,12.0,79.8,Yes,0.0,None
18:11:41.437,Active,429.9,2.3,96.0,12.0,79.3,Yes,0.0,None
18:12:26.877,Active,426.5,23.2,1.0,12.1,60.6,Yes,0.0,None
18:12:27.286,Active,402.6,23.2,100.0,12.2,63.4,Yes,0.0,None
18:12:27.707,Active,415.8,23.2,98.8,12.2,63.4,Yes,0.0,None
18:12:28.120,Active,406.9,23.2,99.4,12.2,65.0,Yes,0.0,None
18:12:28.535,Active,407.8,23.2,98.8,12.3,65.0,Yes,0.0,None
18:12:28.952,Active,409.3,23.2,98.2,12.3,66.1,Yes,0.0,None
18:12:29.364,Active,405.2,23.2,98.8,12.2,66.1,Yes,0.0,None
18:12:29.781,Active,410.0,23.2,98.8,12.2,67.2,Yes,0.0,None
18:12:30.203,Active,415.7,23.2,98.2,12.2,68.3,Yes,0.0,None
18:12:30.633,Active,421.5,23.2,97.1,12.2,68.3,Yes,0.0,None
18:12:31.046,Active,407.2,2.4,98.8,12.2,68.3,Yes,0.0,None
18:12:31.464,Active,411.6,2.4,98.8,12.2,69.4,Yes,0.0,None
18:12:31.883,Active,409.7,2.4,98.2,12.2,69.4,Yes,0.0,None
18:12:32.301,Active,408.2,2.4,98.2,12.1,70.0,Yes,0.0,None
18:12:32.719,Active,408.2,2.4,98.2,12.1,71.6,Yes,0.0,None
18:12:33.135,Active,406.9,2.4,98.2,12.1,70.5,Yes,0.0,None
18:12:33.567,Active,423.9,2.4,98.3,12.2,70.5,Yes,0.0,None
18:12:33.984,Active,411.4,2.4,99.4,12.2,71.0,Yes,0.0,None
18:12:34.398,Active,407.7,2.4,98.2,12.2,71.6,Yes,0.0,None
18:12:34.812,Active,408.1,2.4,99.4,12.2,72.2,Yes,0.0,None
18:12:35.229,Active,407.3,2.4,98.2,12.2,72.2,Yes,0.0,None
18:12:35.644,Active,407.7,2.4,98.2,12.2,72.2,Yes,0.0,None
18:12:36.062,Active,408.7,2.4,97.6,12.2,72.2,Yes,0.0,None
18:12:36.478,Active,405.9,2.4,98.8,12.2,72.2,Yes,0.0,None
18:12:36.899,Active,410.8,2.4,97.6,12.1,72.7,Yes,0.0,None
18:12:37.314,Active,407.7,2.4,98.8,12.1,72.7,Yes,0.0,None
18:12:37.732,Active,408.3,2.4,98.2,12.2,73.2,Yes,0.0,None
18:12:38.148,Active,407.2,2.4,98.2,12.2,73.2,Yes,0.0,None
18:12:38.560,Active,404.4,2.4,98.8,12.2,73.8,Yes,0.0,None
18:12:39.010,Active,439.6,2.4,93.3,12.2,73.2,Yes,0.0,None
18:12:39.424,Active,404.9,2.4,97.6,12.2,73.2,Yes,0.0,None
18:12:39.841,Active,410.5,2.4,98.8,12.2,73.2,Yes,0.0,None
18:12:40.256,Active,408.6,2.4,99.4,12.1,73.8,Yes,0.0,None
18:12:40.684,Active,420.9,2.4,96.5,12.1,74.9,Yes,0.0,None
18:12:41.096,Active,406.4,2.4,99.4,12.1,75.5,Yes,0.0,None
18:12:41.511,Active,408.5,2.4,99.4,12.1,74.3,Yes,0.0,None
18:12:41.938,Active,419.0,2.4,96.5,12.1,74.3,Yes,0.0,None
18:12:42.353,Active,406.5,2.4,98.2,12.1,74.3,Yes,0.0,None
18:12:42.773,Active,409.9,2.4,98.2,12.1,74.9,Yes,0.0,None
18:12:43.201,Active,422.2,2.4,96.4,12.1,74.9,Yes,0.0,None
18:12:43.625,Active,415.3,2.4,98.2,12.4,74.9,Yes,0.0,None
18:12:44.043,Active,409.2,2.4,98.2,12.4,74.9,Yes,0.0,None
18:12:44.459,Active,410.3,2.4,98.8,12.4,74.9,Yes,0.0,None
18:12:44.892,Active,425.0,2.4,96.5,12.4,75.5,Yes,0.0,None
18:12:45.308,Active,408.9,2.4,98.8,12.4,75.5,Yes,0.0,None
18:12:45.752,Active,436.6,2.4,94.3,12.4,75.5,Yes,0.0,None
18:12:46.164,Active,405.7,2.4,98.8,12.3,76.5,Yes,0.0,None
18:12:46.580,Active,409.0,2.4,98.8,12.3,74.9,Yes,0.0,None
18:12:46.997,Active,410.9,2.4,98.2,12.3,76.0,Yes,0.0,None
18:12:47.413,Active,407.7,2.4,98.2,12.5,76.0,Yes,0.0,None
18:12:47.832,Active,409.0,2.4,98.2,12.4,76.0,Yes,0.0,None
18:12:48.248,Active,409.0,2.4,98.8,12.4,74.9,Yes,0.0,None
18:12:48.664,Active,410.6,2.4,98.2,12.3,76.0,Yes,0.0,None
18:12:49.080,Active,408.9,2.4,98.8,12.3,76.0,Yes,0.0,None
18:12:49.492,Active,405.1,2.4,98.8,12.3,76.5,Yes,0.0,None
18:12:49.909,Active,409.5,2.4,99.4,12.2,76.5,Yes,0.0,None
18:12:50.322,Active,407.3,2.4,98.8,12.2,76.0,Yes,0.0,None
18:12:50.740,Active,409.1,2.4,98.8,12.2,76.5,Yes,0.0,None
18:12:51.156,Active,408.9,2.4,98.8,12.2,76.0,Yes,0.0,None
18:12:51.571,Active,407.5,2.4,98.2,12.2,76.5,Yes,0.0,None
18:12:51.987,Active,407.6,2.4,98.2,12.2,76.5,Yes,0.0,None
18:12:52.403,Active,407.5,2.4,98.2,12.2,76.0,Yes,0.0,None
18:12:52.820,Active,408.9,2.4,98.2,12.1,76.5,Yes,0.0,None
18:12:53.237,Active,409.7,2.4,99.4,12.1,77.7,Yes,0.0,None
18:12:53.651,Active,408.3,2.4,98.2,12.1,76.5,Yes,0.0,None
18:12:54.081,Active,422.0,2.4,98.8,12.1,77.1,Yes,0.0,None
18:12:54.498,Active,407.1,2.4,97.6,12.1,77.1,Yes,0.0,None
18:12:54.919,Active,412.3,2.4,98.8,12.1,76.5,Yes,0.0,None
18:12:55.336,Active,408.6,2.4,98.2,12.1,77.1,Yes,0.0,None
18:12:55.754,Active,412.4,2.4,98.8,12.1,77.1,Yes,0.0,None
18:12:56.170,Active,407.2,2.4,97.6,12.1,77.1,Yes,0.0,None
18:12:56.585,Active,406.2,2.4,98.8,12.1,77.1,Yes,0.0,None
18:12:57.010,Active,415.2,2.4,98.2,12.1,76.5,Yes,0.0,None
18:12:57.425,Active,406.0,2.4,98.2,12.1,77.1,Yes,0.0,None
18:12:57.845,Active,410.9,2.4,98.2,12.1,77.7,Yes,0.0,None
18:12:58.263,Active,412.1,2.4,97.6,12.1,77.1,Yes,0.0,None
18:12:58.679,Active,408.0,2.4,98.8,12.1,77.1,Yes,0.0,None
18:12:59.095,Active,407.7,2.4,98.8,12.1,77.7,Yes,0.0,None
18:12:59.507,Active,406.0,2.4,98.8,12.1,78.2,Yes,0.0,None
18:12:59.925,Active,408.4,2.4,98.2,12.1,77.1,Yes,0.0,None
18:13:00.341,Active,406.9,2.4,98.2,12.0,77.7,Yes,0.0,None
18:13:00.759,Active,408.3,2.4,98.2,12.0,77.7,Yes,0.0,None
18:13:01.177,Active,408.4,2.4,97.6,12.0,77.7,Yes,0.0,None
18:13:01.591,Active,407.2,2.4,98.8,12.0,77.7,Yes,0.0,None
18:13:02.011,Active,409.9,2.4,98.2,12.0,78.2,Yes,0.0,None
18:13:02.427,Active,406.7,2.4,98.2,12.0,77.7,Yes,0.0,None
18:13:02.846,Active,411.7,2.4,98.8,12.0,77.7,Yes,0.0,None
18:13:03.262,Active,407.2,2.4,97.6,12.0,78.2,Yes,0.0,None
18:13:03.680,Active,409.4,2.4,98.2,12.0,77.7,Yes,0.0,None
18:13:04.111,Active,420.0,2.4,98.3,12.0,78.2,Yes,0.0,None
18:13:04.528,Active,407.8,2.4,98.2,12.0,77.7,Yes,0.0,None
18:13:04.949,Active,411.3,2.4,98.2,12.1,77.7,Yes,0.0,None
18:13:05.366,Active,407.2,2.4,98.2,12.1,78.2,Yes,0.0,None
18:13:05.787,Active,411.7,2.4,98.2,12.0,78.8,Yes,0.0,None
18:13:06.204,Active,409.3,2.4,97.0,12.0,78.2,Yes,0.0,None
18:13:06.619,Active,408.5,2.4,98.8,12.0,78.2,Yes,0.0,None
18:13:07.038,Active,407.6,2.4,98.2,12.0,78.2,Yes,0.0,None
18:13:07.455,Active,408.7,2.4,97.6,12.0,78.2,Yes,0.0,None
18:13:07.873,Active,408.9,2.4,98.2,12.0,78.8,Yes,0.0,None
18:13:08.291,Active,409.5,2.4,97.6,12.0,78.2,Yes,0.0,None
18:13:08.708,Active,408.9,2.4,98.8,12.0,78.2,Yes,0.0,None
18:13:09.139,Active,420.3,2.4,96.0,12.0,78.2,Yes,0.0,None
18:13:09.556,Active,408.9,2.4,98.8,12.0,79.8,Yes,0.0,None
18:13:09.978,Active,415.4,2.4,97.0,12.0,77.7,Yes,0.0,None
18:13:10.400,Active,412.7,2.4,98.2,12.0,78.8,Yes,0.0,None
18:13:10.816,Active,408.9,2.4,98.2,12.0,78.8,Yes,0.0,None
18:13:11.232,Active,408.5,2.4,98.8,12.0,78.8,Yes,0.0,None
18:13:11.649,Active,410.9,2.4,99.4,12.0,77.7,Yes,0.0,None
18:13:12.061,Active,405.8,2.4,98.2,12.0,79.3,Yes,0.0,None
18:13:12.477,Active,407.0,2.4,98.8,12.0,78.2,Yes,0.0,None
18:13:12.892,Active,409.6,2.4,98.8,12.1,78.8,Yes,0.0,None
18:13:13.307,Active,408.2,2.4,98.8,12.1,78.2,Yes,0.0,None
18:13:13.723,Active,409.5,2.4,98.8,12.1,78.8,Yes,0.0,None
18:13:14.145,Active,409.7,2.4,97.6,12.1,78.2,Yes,0.0,None
18:13:14.581,Active,429.6,2.4,97.7,12.2,78.2,Yes,0.0,None
18:13:14.996,Active,409.2,2.4,98.2,12.2,78.2,Yes,0.0,None
18:13:15.413,Active,407.5,2.4,98.2,12.2,79.3,Yes,0.0,None
18:13:15.834,Active,410.9,2.4,98.2,12.2,79.3,Yes,0.0,None
18:13:16.255,Active,407.6,2.4,97.0,12.2,78.8,Yes,0.0,None
18:13:16.673,Active,409.1,2.4,98.2,12.2,78.8,Yes,0.0,None
18:13:17.092,Active,408.7,2.4,98.2,12.2,78.8,Yes,0.0,None
18:13:17.507,Active,408.5,2.4,98.2,12.2,79.3,Yes,0.0,None
18:13:17.922,Active,408.3,2.4,99.4,12.2,78.8,Yes,0.0,None
18:13:18.340,Active,412.3,2.4,99.4,12.2,79.3,Yes,0.0,None
18:13:18.766,Active,419.0,2.4,98.8,12.1,77.1,Yes,0.0,None
18:13:19.187,Active,412.4,2.4,98.2,12.1,79.8,Yes,0.0,None
18:13:19.604,Active,408.6,2.4,98.8,12.1,79.3,Yes,0.0,None
18:13:20.019,Active,409.2,2.4,98.8,12.1,79.3,Yes,0.0,None
18:13:20.432,Active,407.2,2.4,98.8,12.1,78.8,Yes,0.0,None
18:13:20.853,Active,414.0,2.4,98.8,12.1,79.3,Yes,0.0,None
18:13:21.281,Active,419.2,2.4,97.1,12.1,79.3,Yes,0.0,None
18:13:21.713,Active,422.9,2.4,98.3,12.1,78.8,Yes,0.0,None
18:13:22.134,Active,414.9,2.4,98.8,12.1,79.3,Yes,0.0,None
18:13:22.572,Active,429.0,2.4,96.0,12.1,79.3,Yes,0.0,None
18:13:23.000,Active,420.5,2.4,98.8,12.1,78.8,Yes,0.0,None
18:13:23.425,Active,417.6,2.4,98.2,12.1,79.3,Yes,0.0,None
18:13:23.851,Active,419.3,2.4,97.6,12.1,78.8,Yes,0.0,None
18:13:24.277,Active,417.6,2.4,98.8,12.1,79.3,Yes,0.0,None
18:13:24.720,Active,434.3,2.4,98.3,12.1,78.8,Yes,0.0,None
18:13:25.146,Active,416.1,2.4,98.3,12.1,79.3,Yes,0.0,None
18:13:25.571,Active,415.5,2.3,98.2,12.1,79.3,Yes,0.0,None
18:13:25.994,Active,416.6,2.3,98.8,12.1,79.8,Yes,0.0,None
18:13:26.415,Active,413.2,2.3,98.8,12.1,79.8,Yes,0.0,None
18:13:26.838,Active,416.3,2.3,99.4,12.1,79.3,Yes,0.0,None
18:14:12.275,Active,423.5,2.3,1.3,12.0,61.7,Yes,0.0,None
18:14:12.687,Active,405.7,2.3,100.0,12.1,61.7,Yes,0.0,None
18:14:13.102,Active,407.1,2.3,99.4,12.0,63.4,Yes,0.0,None
18:14:13.521,Active,409.8,2.3,97.6,12.0,63.4,Yes,0.0,None
18:14:13.936,Active,408.9,2.3,98.8,12.0,64.5,Yes,0.0,None
18:14:14.352,Active,406.1,2.3,98.2,12.0,66.1,Yes,0.0,None
18:14:14.769,Active,407.5,3.4,98.8,12.0,66.1,Yes,0.0,None
18:14:15.185,Active,408.3,3.4,98.2,12.0,67.2,Yes,0.0,None
18:14:15.601,Active,408.4,3.4,98.2,12.0,67.2,Yes,0.0,None
18:14:16.036,Active,425.9,3.4,97.7,12.1,68.3,Yes,0.0,None
18:14:16.456,Active,410.5,3.4,98.2,12.1,68.3,Yes,0.0,None
18:14:16.872,Active,408.7,3.4,98.2,12.1,68.8,Yes,0.0,None
18:14:17.289,Active,409.0,3.4,98.2,12.1,69.4,Yes,0.0,None
18:14:17.704,Active,408.8,3.4,98.2,12.1,70.0,Yes,0.0,None
18:14:18.121,Active,409.6,3.4,98.8,12.1,70.5,Yes,0.0,None
18:14:18.536,Active,408.2,3.4,98.2,12.1,70.0,Yes,0.0,None
18:14:18.951,Active,409.0,2.4,99.4,12.1,70.5,Yes,0.0,None
18:14:19.369,Active,406.8,2.4,98.2,12.1,71.0,Yes,0.0,None
18:14:19.787,Active,408.5,2.4,97.6,12.1,71.0,Yes,0.0,None
18:14:20.203,Active,408.8,2.4,98.8,12.1,71.6,Yes,0.0,None
18:14:20.620,Active,407.5,2.4,98.2,12.1,72.7,Yes,0.0,None
18:14:21.037,Active,408.3,2.4,98.2,12.1,72.2,Yes,0.0,None
18:14:21.466,Active,418.5,2.4,95.9,12.1,72.2,Yes,0.0,None
18:14:21.884,Active,408.3,2.4,98.2,12.0,72.2,Yes,0.0,None
18:14:22.297,Active,405.4,2.4,98.8,12.0,73.2,Yes,0.0,None
18:14:22.715,Active,411.1,2.4,99.4,12.0,72.7,Yes,0.0,None
18:14:23.139,Active,415.9,2.4,96.4,12.1,73.2,Yes,0.0,None
18:14:23.563,Active,416.0,2.4,96.4,12.1,73.2,Yes,0.0,None
18:14:23.978,Active,407.1,2.4,98.8,12.1,73.2,Yes,0.0,None
18:14:24.398,Active,411.3,2.4,98.2,12.2,73.8,Yes,0.0,None
18:14:24.817,Active,409.5,2.4,98.2,12.1,73.8,Yes,0.0,None
18:14:25.231,Active,408.2,2.4,98.8,12.1,73.2,Yes,0.0,None
18:14:25.648,Active,408.5,2.4,98.8,12.1,73.8,Yes,0.0,None
18:14:26.078,Active,422.1,2.4,97.7,12.2,73.8,Yes,0.0,None
18:14:26.495,Active,409.5,2.4,97.6,12.2,74.3,Yes,0.0,None
18:14:26.912,Active,411.0,2.4,98.8,12.2,73.2,Yes,0.0,None
18:14:27.326,Active,406.3,2.4,98.2,12.2,74.3,Yes,0.0,None
18:14:27.741,Active,409.0,2.4,98.8,12.2,74.9,Yes,0.0,None
18:14:28.156,Active,405.8,2.4,98.2,12.2,73.8,Yes,0.0,None
18:14:28.571,Active,408.2,2.4,98.8,12.2,75.5,Yes,0.0,None
18:14:28.990,Active,410.9,2.4,98.2,12.2,74.9,Yes,0.0,None
18:14:29.408,Active,407.6,2.4,98.2,12.1,74.9,Yes,0.0,None
18:14:29.827,Active,410.1,2.4,98.2,12.1,74.9,Yes,0.0,None
18:14:30.246,Active,409.4,2.4,97.6,12.1,76.0,Yes,0.0,None
18:14:30.667,Active,410.9,2.4,98.2,12.1,76.0,Yes,0.0,None
18:14:31.108,Active,432.8,2.4,94.9,12.1,77.1,Yes,0.0,None
18:14:31.531,Active,416.2,2.4,98.8,12.1,76.0,Yes,0.0,None
18:14:31.946,Active,408.3,2.4,98.8,12.1,75.5,Yes,0.0,None
18:14:32.362,Active,408.3,2.4,98.8,12.1,76.0,Yes,0.0,None
18:14:32.778,Active,406.5,2.4,98.2,12.1,75.5,Yes,0.0,None
18:14:33.190,Active,403.4,2.4,98.8,12.1,76.5,Yes,0.0,None
18:14:33.602,Active,403.3,2.4,99.4,12.1,76.0,Yes,0.0,None
18:14:34.019,Active,407.6,2.4,99.4,12.0,76.5,Yes,0.0,None
18:14:34.431,Active,406.1,2.4,99.4,12.1,76.5,Yes,0.0,None
18:14:34.842,Active,405.9,2.4,99.4,12.0,76.5,Yes,0.0,None
18:14:35.259,Active,407.4,2.4,98.8,12.1,76.0,Yes,0.0,None
18:14:35.675,Active,409.1,2.4,98.8,12.1,76.0,Yes,0.0,None
18:14:36.090,Active,408.3,2.4,98.2,12.1,76.5,Yes,0.0,None
18:14:36.523,Active,424.8,2.4,98.8,12.1,76.0,Yes,0.0,None
18:14:36.942,Active,409.6,2.4,98.2,12.1,76.5,Yes,0.0,None
18:14:37.355,Active,406.6,2.4,99.4,12.1,77.1,Yes,0.0,None
18:14:37.771,Active,408.8,2.4,98.8,12.1,76.5,Yes,0.0,None
18:14:38.183,Active,405.5,2.4,99.4,12.1,77.7,Yes,0.0,None
18:14:38.597,Active,408.7,2.4,99.4,12.1,77.1,Yes,0.0,None
18:14:39.017,Active,406.7,2.4,97.0,12.1,76.5,Yes,0.0,None
18:14:39.437,Active,409.4,2.4,98.2,12.1,77.1,Yes,0.0,None
18:14:39.855,Active,410.1,2.4,98.2,12.1,76.5,Yes,0.0,None
18:14:40.273,Active,407.6,2.4,98.2,12.1,77.1,Yes,0.0,None
18:14:40.690,Active,408.0,2.4,98.2,12.1,77.1,Yes,0.0,None
18:14:41.107,Active,406.4,2.4,97.6,12.1,77.1,Yes,0.0,None
18:14:41.521,Active,406.4,2.4,99.4,12.1,77.1,Yes,0.0,None
18:14:41.937,Active,409.5,2.4,98.8,12.1,77.1,Yes,0.0,None
18:14:42.358,Active,413.4,2.4,98.2,12.1,77.1,Yes,0.0,None
18:14:42.776,Active,409.0,2.4,98.2,12.1,77.1,Yes,0.0,None
18:14:43.192,Active,406.4,2.4,98.2,12.2,77.7,Yes,0.0,None
18:14:43.615,Active,412.6,2.4,97.6,12.2,77.7,Yes,0.0,None
18:14:44.031,Active,408.0,2.4,98.2,12.1,78.2,Yes,0.0,None
18:14:44.447,Active,406.7,2.4,98.2,12.1,77.7,Yes,0.0,None
18:14:44.865,Active,408.0,2.4,98.2,12.1,78.2,Yes,0.0,None
18:14:45.282,Active,407.1,2.4,97.6,12.2,77.1,Yes,0.0,None
18:14:45.699,Active,407.9,2.4,98.8,12.2,78.2,Yes,0.0,None
18:14:46.112,Active,407.2,2.4,99.4,12.2,77.7,Yes,0.0,None
18:14:46.532,Active,411.2,2.4,98.2,12.1,77.7,Yes,0.0,None
18:14:46.956,Active,414.7,2.4,98.8,12.2,77.7,Yes,0.0,None
18:14:47.373,Active,410.4,2.4,98.2,12.2,78.2,Yes,0.0,None
18:14:47.811,Active,427.7,2.4,96.0,12.2,77.7,Yes,0.0,None
18:14:48.231,Active,411.6,2.4,97.6,12.2,78.2,Yes,0.0,None
18:14:48.674,Active,434.8,2.4,94.9,12.2,77.7,Yes,0.0,None
18:14:49.091,Active,407.5,2.4,98.2,12.1,78.2,Yes,0.0,None
18:14:49.506,Active,407.0,2.4,98.2,12.1,77.7,Yes,0.0,None
18:14:49.922,Active,409.0,2.4,98.8,12.1,78.2,Yes,0.0,None
18:14:50.437,Active,409.2,2.4,80.0,12.1,77.7,Yes,0.0,None
18:14:50.888,Active,442.4,2.4,92.8,12.1,77.1,Yes,0.0,None
18:14:51.308,Active,410.3,2.4,98.2,12.1,77.7,Yes,0.0,None
18:14:51.722,Active,407.4,2.4,98.2,12.1,77.7,Yes,0.0,None
18:14:52.137,Active,406.2,2.4,98.2,12.1,77.7,Yes,0.0,None
18:14:52.554,Active,407.6,2.3,98.2,12.1,78.2,Yes,0.0,None
18:14:52.970,Active,408.4,2.3,98.2,12.1,77.7,Yes,0.0,None
18:14:53.386,Active,408.3,2.3,98.8,12.1,77.1,Yes,0.0,None
18:14:53.802,Active,410.3,2.3,98.8,12.1,78.2,Yes,0.0,None
18:14:54.235,Active,424.3,2.3,95.4,12.0,77.7,Yes,0.0,None
18:14:54.652,Active,408.7,2.3,98.8,12.1,77.7,Yes,0.0,None
18:14:55.086,Active,426.3,2.3,95.4,12.1,78.8,Yes,0.0,None
18:14:55.499,Active,404.2,2.3,98.2,12.0,78.2,Yes,0.0,None
18:14:55.919,Active,412.3,2.3,98.8,12.1,79.3,Yes,0.0,None
18:14:56.358,Active,431.2,2.3,95.4,12.0,78.2,Yes,0.0,None
18:14:56.776,Active,411.6,2.4,99.4,12.0,78.2,Yes,0.0,None
18:14:57.194,Active,410.0,2.4,99.4,12.0,78.2,Yes,0.0,None
18:14:57.604,Active,404.2,2.4,99.4,12.1,77.7,Yes,0.0,None
18:14:58.029,Active,419.7,2.4,97.0,12.1,78.2,Yes,0.0,None
18:14:58.471,Active,432.0,2.4,94.3,12.1,78.2,Yes,0.0,None
18:14:58.884,Active,406.7,2.4,99.4,12.1,78.2,Yes,0.0,None
18:14:59.301,Active,407.0,2.4,98.2,12.1,78.2,Yes,0.0,None
18:14:59.717,Active,409.7,2.4,98.8,12.1,78.2,Yes,0.0,None
18:15:00.135,Active,409.4,2.4,97.6,12.0,78.2,Yes,0.0,None
18:15:00.553,Active,407.8,2.4,97.6,12.0,78.8,Yes,0.0,None
18:15:00.970,Active,407.9,2.4,97.6,12.0,78.8,Yes,0.0,None
18:15:01.387,Active,407.3,2.4,98.2,12.0,78.2,Yes,0.0,None
18:15:01.804,Active,409.8,2.4,98.8,12.0,79.3,Yes,0.0,None
18:15:02.220,Active,408.2,2.4,98.8,12.0,78.8,Yes,0.0,None
18:15:02.636,Active,408.6,2.4,98.2,12.0,78.2,Yes,0.0,None
18:15:03.053,Active,409.9,2.4,98.8,12.0,79.3,Yes,0.0,None
18:15:03.473,Active,413.6,2.4,97.6,12.0,77.1,Yes,0.0,None
18:15:03.892,Active,412.6,2.4,98.2,12.0,78.8,Yes,0.0,None
18:15:04.312,Active,412.9,2.4,98.2,12.0,79.3,Yes,0.0,None
18:15:04.731,Active,409.1,2.4,97.6,12.0,78.8,Yes,0.0,None
18:15:05.149,Active,411.0,2.4,98.8,12.0,78.8,Yes,0.0,None
18:15:05.561,Active,406.6,2.4,98.2,12.0,79.8,Yes,0.0,None
18:15:05.976,Active,407.8,2.4,99.4,12.0,79.3,Yes,0.0,None
18:15:06.389,Active,407.6,2.4,98.8,12.0,78.8,Yes,0.0,None
18:15:06.807,Active,408.5,2.4,98.2,12.0,79.3,Yes,0.0,None
18:15:07.241,Active,422.4,2.4,97.7,12.1,79.3,Yes,0.0,None
18:15:07.660,Active,408.0,2.4,98.2,12.1,79.3,Yes,0.0,None
18:15:08.073,Active,405.5,2.4,98.2,12.1,79.3,Yes,0.0,None
18:15:08.490,Active,407.4,2.4,98.2,12.1,79.3,Yes,0.0,None
18:15:08.992,Active,408.6,2.4,82.3,12.1,79.3,Yes,0.0,None
18:15:09.413,Active,411.0,2.3,97.6,12.1,77.7,Yes,0.0,None
18:15:09.829,Active,409.9,2.3,98.8,12.0,78.2,Yes,0.0,None
18:15:10.247,Active,408.2,2.3,97.6,12.1,79.3,Yes,0.0,None
18:15:10.660,Active,406.4,2.3,99.4,12.1,79.3,Yes,0.0,None
18:15:11.076,Active,410.0,2.3,99.4,12.1,79.3,Yes,0.0,None
18:15:11.498,Active,415.0,2.3,98.8,12.1,78.8,Yes,0.0,None
18:15:11.922,Active,418.0,2.3,99.4,12.0,78.8,Yes,0.0,None
18:15:57.361,Active,425.3,2.3,1.0,12.0,59.5,Yes,0.0,None
18:15:57.773,Active,406.0,2.3,99.4,12.1,62.2,Yes,0.0,None
18:15:58.186,Active,407.5,2.3,100.0,12.1,63.9,Yes,0.0,None
18:15:58.621,Active,425.6,5.9,98.3,12.2,64.5,Yes,0.0,None
18:15:59.035,Active,408.3,5.9,98.8,12.2,65.0,Yes,0.0,None
18:15:59.448,Active,407.1,5.9,99.4,12.2,65.5,Yes,0.0,None
18:15:59.864,Active,408.8,5.9,98.8,12.2,66.7,Yes,0.0,None
18:16:00.277,Active,405.6,5.9,98.8,12.2,67.8,Yes,0.0,None
18:16:00.698,Active,415.2,5.9,98.2,12.2,67.8,Yes,0.0,None
18:16:01.113,Active,405.7,5.9,98.2,12.2,68.3,Yes,0.0,None
18:16:01.529,Active,406.9,5.9,98.8,12.2,70.0,Yes,0.0,None
18:16:01.949,Active,410.1,5.9,98.2,12.1,69.4,Yes,0.0,None
18:16:02.362,Active,406.1,5.9,98.8,12.1,69.4,Yes,0.0,None
18:16:02.775,Active,407.2,2.4,99.4,12.1,70.0,Yes,0.0,None
18:16:03.192,Active,408.6,2.4,98.2,12.1,70.0,Yes,0.0,None
18:16:03.611,Active,407.6,2.4,97.6,12.1,71.0,Yes,0.0,None
18:16:04.029,Active,408.7,2.4,98.2,12.1,71.0,Yes,0.0,None
18:16:04.446,Active,407.5,2.4,97.6,12.1,71.6,Yes,0.0,None
18:16:04.865,Active,409.4,2.4,98.2,12.1,71.0,Yes,0.0,None
18:16:05.280,Active,406.8,2.4,98.2,12.1,71.6,Yes,0.0,None
18:16:05.710,Active,419.0,2.4,98.3,12.1,72.2,Yes,0.0,None
18:16:06.128,Active,408.9,2.4,98.2,12.1,72.2,Yes,0.0,None
18:16:06.546,Active,408.4,2.4,97.6,12.1,72.2,Yes,0.0,None
18:16:06.966,Active,411.5,2.4,98.2,12.1,72.7,Yes,0.0,None
18:16:07.383,Active,408.1,2.4,98.2,12.0,72.2,Yes,0.0,None
18:16:07.798,Active,408.9,2.4,98.8,12.0,72.2,Yes,0.0,None
18:16:08.216,Active,408.0,2.4,97.6,12.0,73.8,Yes,0.0,None
18:16:08.641,Active,417.5,2.4,98.8,12.1,73.2,Yes,0.0,None
18:16:09.056,Active,409.2,2.4,98.8,12.1,73.2,Yes,0.0,None
18:16:09.473,Active,410.8,2.4,98.2,12.1,73.8,Yes,0.0,None
18:16:09.888,Active,409.4,2.4,98.8,12.1,73.8,Yes,0.0,None
18:16:10.302,Active,407.2,2.4,98.8,12.1,73.8,Yes,0.0,None
18:16:10.720,Active,409.5,2.4,98.2,12.1,73.2,Yes,0.0,None
18:16:11.137,Active,406.9,2.4,97.6,12.1,74.3,Yes,0.0,None
18:16:11.556,Active,413.4,2.4,98.2,12.1,74.9,Yes,0.0,None
18:16:11.972,Active,409.6,2.4,98.8,12.0,74.3,Yes,0.0,None
18:16:12.385,Active,406.8,2.4,99.4,12.0,74.3,Yes,0.0,None
18:16:12.800,Active,410.0,2.4,98.2,12.0,74.3,Yes,0.0,None
18:16:13.216,Active,408.7,2.4,98.8,12.0,74.9,Yes,0.0,None
18:16:13.630,Active,408.6,2.4,98.8,12.0,74.9,Yes,0.0,None
18:16:14.044,Active,407.2,2.4,99.4,12.0,75.5,Yes,0.0,None
18:16:14.458,Active,408.5,2.4,99.4,12.0,75.5,Yes,0.0,None
18:16:14.873,Active,408.6,2.4,98.8,12.0,74.9,Yes,0.0,None
18:16:15.286,Active,406.6,2.4,99.4,12.0,76.0,Yes,0.0,None
18:16:15.710,Active,414.8,2.4,97.0,12.0,75.5,Yes,0.0,None
18:16:16.128,Active,408.6,2.4,98.8,12.0,75.5,Yes,0.0,None
18:16:16.544,Active,409.2,2.4,98.8,12.0,75.5,Yes,0.0,None
18:16:16.960,Active,408.7,2.4,98.2,12.0,75.5,Yes,0.0,None
18:16:17.376,Active,409.0,2.4,98.2,12.0,75.5,Yes,0.0,None
18:16:17.792,Active,409.9,2.4,98.8,12.0,75.5,Yes,0.0,None
18:16:18.209,Active,409.7,2.4,98.8,12.0,76.0,Yes,0.0,None
18:16:18.647,Active,431.5,2.4,94.9,12.0,76.0,Yes,0.0,None
18:16:19.071,Active,417.9,2.4,98.8,12.0,75.5,Yes,0.0,None
18:16:19.484,Active,407.2,2.4,98.8,12.1,76.0,Yes,0.0,None
18:16:19.902,Active,408.6,2.4,98.2,12.0,76.5,Yes,0.0,None
18:16:20.324,Active,412.2,2.4,97.0,12.0,76.5,Yes,0.0,None
18:16:20.739,Active,407.8,2.4,98.2,12.0,76.5,Yes,0.0,None
18:16:21.154,Active,407.0,2.4,98.8,12.0,75.5,Yes,0.0,None
18:16:21.562,Active,402.1,2.4,99.4,12.0,76.0,Yes,0.0,None
18:16:21.976,Active,408.2,2.4,99.4,12.0,76.0,Yes,0.0,None
18:16:22.397,Active,410.4,2.4,98.2,12.0,77.1,Yes,0.0,None
18:16:22.813,Active,408.1,2.4,98.2,12.0,76.5,Yes,0.0,None
18:16:23.226,Active,407.1,2.4,98.8,12.0,76.5,Yes,0.0,None
18:16:23.645,Active,409.8,2.4,98.8,12.0,76.0,Yes,0.0,None
18:16:24.058,Active,406.9,2.4,97.6,12.0,77.1,Yes,0.0,None
18:16:24.485,Active,417.4,2.4,97.0,12.0,77.1,Yes,0.0,None
18:16:24.900,Active,408.2,2.4,98.8,12.0,76.5,Yes,0.0,None
18:16:25.314,Active,406.6,2.4,98.8,12.0,76.5,Yes,0.0,None
18:16:25.727,Active,403.7,2.4,98.2,12.0,78.2,Yes,0.0,None
18:16:26.138,Active,405.6,2.4,100.0,12.0,77.1,Yes,0.0,None
18:16:26.557,Active,409.2,2.4,97.0,12.0,77.1,Yes,0.0,None
18:16:26.975,Active,408.9,2.4,98.8,12.0,77.7,Yes,0.0,None
18:16:27.394,Active,412.3,2.4,98.8,12.0,76.5,Yes,0.0,None
18:16:27.811,Active,409.4,2.4,98.8,12.0,76.5,Yes,0.0,None
18:16:28.221,Active,403.8,2.4,99.4,12.0,75.5,Yes,0.0,None
18:16:28.635,Active,408.6,2.4,99.4,12.0,77.7,Yes,0.0,None
18:16:29.066,Active,423.5,2.4,97.7,12.0,77.1,Yes,0.0,None
18:16:29.480,Active,407.8,2.4,98.2,12.1,77.7,Yes,0.0,None
18:16:29.898,Active,409.2,2.4,98.2,12.1,77.7,Yes,0.0,None
18:16:30.315,Active,407.7,2.4,98.2,12.1,77.1,Yes,0.0,None
18:16:30.735,Active,412.0,2.4,98.2,12.1,76.5,Yes,0.0,None
18:16:31.153,Active,409.6,2.4,98.2,12.0,78.2,Yes,0.0,None
18:16:31.576,Active,417.3,2.4,98.8,12.0,77.7,Yes,0.0,None
18:16:31.991,Active,408.0,2.4,99.4,12.0,77.1,Yes,0.0,None
18:16:32.405,Active,406.6,2.4,98.2,12.0,77.7,Yes,0.0,None
18:16:32.821,Active,408.8,2.4,98.8,12.0,77.7,Yes,0.0,None
18:16:33.235,Active,404.8,2.4,98.2,12.0,77.7,Yes,0.0,None
18:16:33.652,Active,408.0,2.4,98.2,12.0,78.2,Yes,0.0,None
18:16:34.070,Active,407.3,2.4,97.6,12.0,78.2,Yes,0.0,None
18:16:34.486,Active,406.5,2.4,98.8,12.0,78.2,Yes,0.0,None
18:16:34.903,Active,408.5,2.4,98.2,12.0,77.7,Yes,0.0,None
18:16:35.319,Active,410.2,2.4,98.8,12.0,77.7,Yes,0.0,None
18:16:35.736,Active,409.5,2.4,98.2,12.0,77.1,Yes,0.0,None
18:16:36.149,Active,406.1,2.4,99.4,12.0,77.1,Yes,0.0,None
18:16:36.565,Active,407.2,2.4,98.2,12.0,78.8,Yes,0.0,None
18:16:36.980,Active,408.6,2.4,98.8,12.0,78.8,Yes,0.0,None
18:16:37.396,Active,408.7,2.4,98.8,12.0,78.8,Yes,0.0,None
18:16:37.812,Active,407.8,2.4,98.2,12.0,78.2,Yes,0.0,None
18:16:38.223,Active,404.5,2.4,99.4,12.0,78.2,Yes,0.0,None
18:16:38.653,Active,421.8,2.4,96.5,12.0,77.1,Yes,0.0,None
18:16:39.066,Active,407.1,2.4,98.8,12.0,78.8,Yes,0.0,None
18:16:39.501,Active,425.2,2.4,97.7,12.1,78.2,Yes,0.0,None
18:16:39.923,Active,411.9,2.4,98.2,12.1,78.8,Yes,0.0,None
18:16:40.339,Active,409.1,2.4,98.8,12.1,78.8,Yes,0.0,None
18:16:40.755,Active,407.7,2.4,98.2,12.1,78.8,Yes,0.0,None
18:16:41.168,Active,406.6,2.4,99.4,12.1,78.8,Yes,0.0,None
18:16:41.585,Active,408.0,2.4,98.2,12.0,78.8,Yes,0.0,None
18:16:42.002,Active,408.6,2.4,98.2,12.0,79.8,Yes,0.0,None
18:16:42.417,Active,408.9,2.4,98.8,12.0,78.8,Yes,0.0,None
18:16:42.837,Active,409.5,2.4,97.6,12.1,78.8,Yes,0.0,None
18:16:43.251,Active,408.3,2.4,99.4,12.1,78.2,Yes,0.0,None
18:16:43.667,Active,410.1,2.4,98.8,12.1,78.2,Yes,0.0,None
18:16:44.083,Active,405.6,2.4,98.2,12.1,79.3,Yes,0.0,None
18:16:44.496,Active,407.3,2.4,99.4,12.1,78.2,Yes,0.0,None
18:16:44.925,Active,421.9,2.4,96.5,12.0,78.8,Yes,0.0,None
18:16:45.336,Active,405.2,2.4,99.4,12.0,79.3,Yes,0.0,None
18:16:45.754,Active,411.4,2.4,98.8,12.0,78.8,Yes,0.0,None
18:16:46.187,Active,423.3,2.4,95.4,12.0,79.3,Yes,0.0,None
18:16:46.600,Active,406.6,2.4,98.8,12.0,79.8,Yes,0.0,None
18:16:47.016,Active,408.8,2.4,98.8,12.0,78.8,Yes,0.0,None
18:16:47.431,Active,406.6,2.4,98.2,12.0,78.8,Yes,0.0,None
18:16:47.850,Active,410.9,2.4,98.8,12.0,78.8,Yes,0.0,None
18:16:48.265,Active,406.1,2.4,98.2,12.0,78.2,Yes,0.0,None
18:16:48.684,Active,409.8,2.4,98.2,12.0,79.8,Yes,0.0,None
18:16:49.099,Active,407.7,2.4,98.8,12.0,78.8,Yes,0.0,None
18:16:49.516,Active,408.6,2.4,98.2,12.0,78.8,Yes,0.0,None
18:16:49.947,Active,424.5,2.4,98.8,12.0,78.8,Yes,0.0,None
18:16:50.386,Active,430.9,2.4,94.3,12.0,78.8,Yes,0.0,None
18:16:50.803,Active,410.6,2.4,99.4,12.0,79.3,Yes,0.0,None
18:16:51.216,Active,404.9,2.4,98.8,12.0,79.3,Yes,0.0,None
18:16:51.630,Active,407.4,2.4,98.8,12.0,79.8,Yes,0.0,None
18:16:52.045,Active,408.4,2.4,98.8,12.0,79.3,Yes,0.0,None
18:16:52.460,Active,409.0,2.4,98.8,12.0,78.2,Yes,0.0,None
18:16:52.876,Active,408.7,2.4,98.8,12.0,78.8,Yes,0.0,None
18:16:53.290,Active,408.3,2.4,98.2,12.0,78.8,Yes,0.0,None
18:16:53.710,Active,410.5,2.4,98.2,12.0,78.8,Yes,0.0,None
18:16:54.127,Active,408.5,2.4,98.2,12.0,79.3,Yes,0.0,None
18:16:54.642,Active,404.5,2.4,79.6,12.0,79.3,Yes,0.0,None
18:16:55.055,Active,405.6,2.4,99.4,12.0,79.3,Yes,0.0,None
18:16:55.477,Active,413.6,2.4,98.8,12.0,79.3,Yes,0.0,None
18:16:55.903,Active,419.2,2.4,98.3,12.0,79.8,Yes,0.0,None
18:16:56.328,Active,415.0,2.4,98.2,12.0,79.3,Yes,0.0,None
18:16:56.755,Active,417.7,2.4,98.2,12.0,78.8,Yes,0.0,None
18:16:57.174,Active,411.8,2.3,98.2,12.0,79.8,Yes,0.0,None
18:17:42.608,Active,417.2,2.3,1.3,12.2,60.6,Yes,0.0,None
18:17:43.023,Active,409.2,2.3,99.4,12.2,62.2,Yes,0.0,None
18:17:43.436,Active,407.5,2.3,98.8,12.2,63.4,Yes,0.0,None
18:17:43.856,Active,413.2,2.3,98.8,12.2,64.5,Yes,0.0,None
18:17:44.269,Active,406.8,2.3,98.2,12.2,65.0,Yes,0.0,None
18:17:44.687,Active,411.8,2.3,98.8,12.2,66.1,Yes,0.0,None
18:17:45.100,Active,406.9,2.3,98.8,12.2,67.2,Yes,0.0,None
18:17:45.512,Active,405.1,2.3,98.8,12.2,66.7,Yes,0.0,None
18:17:45.928,Active,409.7,2.3,99.4,12.2,67.2,Yes,0.0,None
18:17:46.343,Active,407.9,2.4,98.8,12.1,68.3,Yes,0.0,None
18:17:46.760,Active,410.9,2.4,98.8,12.1,69.4,Yes,0.0,None
18:17:47.174,Active,407.4,2.4,98.2,12.1,68.8,Yes,0.0,None
18:17:47.592,Active,408.6,2.4,98.2,12.1,70.5,Yes,0.0,None
18:17:48.009,Active,410.0,2.4,98.8,12.1,70.0,Yes,0.0,None
18:17:48.427,Active,409.5,2.4,98.2,12.1,70.0,Yes,0.0,None
18:17:48.848,Active,412.6,2.4,98.2,12.1,69.4,Yes,0.0,None
18:17:49.267,Active,411.7,2.4,97.6,12.1,71.0,Yes,0.0,None
18:17:49.685,Active,410.4,2.4,98.2,12.1,70.5,Yes,0.0,None
18:17:50.098,Active,406.5,2.4,98.8,12.1,71.0,Yes,0.0,None
18:17:50.512,Active,404.9,2.4,98.2,12.1,72.2,Yes,0.0,None
18:17:50.932,Active,412.7,2.4,98.8,12.1,72.2,Yes,0.0,None
18:17:51.363,Active,425.2,2.4,98.3,12.1,72.7,Yes,0.0,None
18:17:51.778,Active,407.5,2.4,98.8,12.1,72.7,Yes,0.0,None
18:17:52.210,Active,422.9,2.4,95.4,12.0,72.7,Yes,0.0,None
18:17:52.622,Active,406.0,2.4,100.0,12.0,73.2,Yes,0.0,None
18:17:53.038,Active,406.9,2.4,98.2,12.0,73.8,Yes,0.0,None
18:17:53.452,Active,405.4,2.4,98.2,12.0,73.8,Yes,0.0,None
18:17:53.868,Active,408.9,2.4,98.8,12.0,74.3,Yes,0.0,None
18:17:54.280,Active,405.1,2.4,99.4,12.0,73.8,Yes,0.0,None
18:17:54.696,Active,408.6,2.4,98.8,12.0,73.2,Yes,0.0,None
18:17:55.124,Active,421.2,2.4,96.5,12.0,73.2,Yes,0.0,None
18:17:55.541,Active,409.8,2.4,98.8,12.0,74.3,Yes,0.0,None
18:17:55.957,Active,409.5,2.4,98.2,12.0,74.3,Yes,0.0,None
18:17:56.371,Active,408.1,2.4,99.4,12.0,74.9,Yes,0.0,None
18:17:56.792,Active,413.0,2.4,98.2,12.0,74.3,Yes,0.0,None
18:17:57.206,Active,407.1,2.4,98.2,12.0,74.3,Yes,0.0,None
18:17:57.619,Active,406.6,2.4,99.4,12.0,74.9,Yes,0.0,None
18:17:58.039,Active,412.1,2.4,98.8,12.0,74.3,Yes,0.0,None
18:17:58.455,Active,407.4,2.4,98.2,12.0,74.3,Yes,0.0,None
18:17:58.872,Active,411.6,2.4,98.8,12.0,74.9,Yes,0.0,None
18:17:59.295,Active,417.2,2.4,97.6,12.0,75.5,Yes,0.0,None
18:17:59.717,Active,411.5,2.4,97.6,12.0,74.9,Yes,0.0,None
18:18:00.133,Active,407.4,2.4,97.6,12.0,74.9,Yes,0.0,None
18:18:00.573,Active,430.1,2.4,95.4,12.0,74.9,Yes,0.0,None
18:18:00.991,Active,408.9,2.4,98.2,12.0,74.9,Yes,0.0,None
18:18:01.419,Active,421.9,2.4,98.8,12.1,74.9,Yes,0.0,None
18:18:01.837,Active,408.7,2.4,98.2,12.1,74.9,Yes,0.0,None
18:18:02.251,Active,405.8,2.4,98.2,12.1,76.0,Yes,0.0,None
18:18:02.669,Active,408.3,2.4,98.8,12.1,76.0,Yes,0.0,None
18:18:03.085,Active,406.2,2.4,97.6,12.1,76.5,Yes,0.0,None
18:18:03.497,Active,405.5,2.4,99.4,12.1,76.0,Yes,0.0,None
18:18:03.910,Active,407.3,2.4,99.4,12.1,75.5,Yes,0.0,None
18:18:04.324,Active,404.9,2.4,98.8,12.1,76.5,Yes,0.0,None
18:18:04.746,Active,410.9,2.4,97.6,12.0,76.5,Yes,0.0,None
18:18:05.161,Active,406.5,2.4,97.6,12.0,75.5,Yes,0.0,None
18:18:05.586,Active,415.3,2.4,98.8,12.0,76.5,Yes,0.0,None
18:18:06.001,Active,408.2,2.4,97.6,12.0,76.5,Yes,0.0,None
18:18:06.417,Active,409.6,2.4,98.8,12.0,76.5,Yes,0.0,None
18:18:06.831,Active,408.1,2.4,98.8,12.0,76.5,Yes,0.0,None
18:18:07.247,Active,406.6,2.4,98.2,12.0,77.1,Yes,0.0,None
18:18:07.666,Active,409.3,2.4,98.2,12.0,76.5,Yes,0.0,None
18:18:08.081,Active,408.4,2.4,98.2,12.0,76.5,Yes,0.0,None
18:18:08.495,Active,408.1,2.4,98.8,12.0,77.1,Yes,0.0,None
18:18:08.909,Active,408.5,2.4,99.4,12.0,77.1,Yes,0.0,None
18:18:09.318,Active,402.9,2.4,98.8,12.0,77.1,Yes,0.0,None
18:18:09.736,Active,408.8,2.4,98.8,12.0,77.7,Yes,0.0,None
18:18:10.150,Active,406.9,2.4,98.8,12.0,76.5,Yes,0.0,None
18:18:10.567,Active,407.9,2.4,98.2,12.0,76.5,Yes,0.0,None
18:18:10.981,Active,408.2,2.4,98.8,12.0,77.1,Yes,0.0,None
18:18:11.392,Active,405.0,2.4,98.8,12.0,77.7,Yes,0.0,None
18:18:11.821,Active,422.6,2.4,98.8,12.0,76.5,Yes,0.0,None
18:18:12.232,Active,405.2,2.4,99.4,12.0,77.7,Yes,0.0,None
18:18:12.652,Active,412.7,2.4,98.2,12.0,76.5,Yes,0.0,None
18:18:13.065,Active,407.1,2.4,98.8,12.0,77.7,Yes,0.0,None
18:18:13.480,Active,408.5,2.4,98.8,12.0,77.7,Yes,0.0,None
18:18:13.894,Active,408.8,2.4,98.8,12.0,76.5,Yes,0.0,None
18:18:14.306,Active,406.2,2.4,99.4,12.0,77.7,Yes,0.0,None
18:18:14.728,Active,416.2,2.4,98.2,12.0,77.7,Yes,0.0,None
18:18:15.139,Active,404.2,2.4,99.4,12.0,78.2,Yes,0.0,None
18:18:15.554,Active,406.9,2.4,98.8,12.0,77.7,Yes,0.0,None
18:18:15.967,Active,406.7,2.4,99.4,12.0,78.2,Yes,0.0,None
18:18:16.374,Active,401.9,2.4,99.4,12.0,77.1,Yes,0.0,None
18:18:16.787,Active,407.1,2.4,100.0,12.0,77.7,Yes,0.0,None
18:18:17.201,Active,405.4,2.4,98.8,12.0,77.1,Yes,0.0,None
18:18:17.617,Active,409.7,2.4,99.4,12.0,78.2,Yes,0.0,None
18:18:18.037,Active,414.7,2.4,98.2,12.0,78.2,Yes,0.0,None
18:18:18.450,Active,406.6,2.4,98.8,12.0,77.7,Yes,0.0,None
18:18:18.868,Active,408.4,2.4,98.2,12.0,77.7,Yes,0.0,None
18:18:19.292,Active,417.0,2.4,97.1,12.0,77.7,Yes,0.0,None
18:18:19.708,Active,408.4,2.4,98.8,12.0,78.2,Yes,0.0,None
18:18:20.121,Active,405.5,2.4,98.8,12.0,79.3,Yes,0.0,None
18:18:20.536,Active,406.0,2.4,98.2,12.0,78.8,Yes,0.0,None
18:18:20.955,Active,409.3,2.4,97.6,12.0,77.7,Yes,0.0,None
18:18:21.372,Active,407.6,2.4,97.6,12.0,78.2,Yes,0.0,None
18:18:21.796,Active,416.6,2.4,98.8,12.0,78.8,Yes,0.0,None
18:18:22.211,Active,405.8,2.4,98.8,12.0,77.7,Yes,0.0,None
18:18:22.622,Active,402.6,2.4,98.8,12.0,79.3,Yes,0.0,None
18:18:23.035,Active,407.1,2.4,100.0,12.0,78.2,Yes,0.0,None
18:18:23.446,Active,406.0,2.4,99.4,12.0,77.1,Yes,0.0,None
18:18:23.859,Active,406.4,2.4,99.4,12.0,78.8,Yes,0.0,None
18:18:24.272,Active,405.7,2.4,98.8,12.0,78.8,Yes,0.0,None
18:18:24.687,Active,409.3,2.4,98.8,12.0,78.2,Yes,0.0,None
18:18:25.101,Active,406.8,2.4,98.8,12.0,78.8,Yes,0.0,None
18:18:25.512,Active,405.8,2.4,98.8,12.0,78.8,Yes,0.0,None
18:18:25.929,Active,409.7,2.4,99.4,12.0,77.7,Yes,0.0,None
18:18:26.443,Active,407.7,2.4,79.1,12.0,77.7,Yes,0.0,None
18:18:26.862,Active,410.9,2.4,98.2,12.0,77.7,Yes,0.0,None
18:18:27.276,Active,404.7,2.4,98.2,12.0,77.1,Yes,0.0,None
18:18:27.691,Active,408.1,2.4,98.8,12.0,78.2,Yes,0.0,None
18:18:28.105,Active,405.4,2.4,98.2,12.0,78.8,Yes,0.0,None
18:18:28.517,Active,405.7,2.4,98.8,12.0,79.8,Yes,0.0,None
18:18:28.933,Active,409.6,2.4,99.4,12.0,78.2,Yes,0.0,None
18:18:29.345,Active,406.8,2.4,98.2,12.0,78.2,Yes,0.0,None
18:18:29.765,Active,409.9,2.4,98.8,12.0,78.2,Yes,0.0,None
18:18:30.185,Active,410.1,2.4,98.2,12.0,78.8,Yes,0.0,None
18:18:30.602,Active,407.4,2.4,98.2,12.0,79.3,Yes,0.0,None
18:18:31.017,Active,405.8,2.4,98.8,11.9,78.8,Yes,0.0,None
18:18:31.431,Active,404.6,2.4,98.2,12.0,79.3,Yes,0.0,None
18:18:31.857,Active,418.2,2.4,99.4,12.0,79.3,Yes,0.0,None
18:18:32.289,Active,419.7,2.4,97.7,12.0,79.3,Yes,0.0,None
18:18:32.707,Active,410.6,2.4,98.8,12.1,79.3,Yes,0.0,None
18:18:33.141,Active,426.1,2.4,95.3,12.1,77.1,Yes,0.0,None
18:18:33.560,Active,409.0,2.4,98.2,12.1,78.8,Yes,0.0,None
18:18:33.975,Active,408.1,2.4,98.2,12.1,78.8,Yes,0.0,None
18:18:34.391,Active,408.0,2.4,98.8,12.1,78.8,Yes,0.0,None
18:18:34.807,Active,410.0,2.4,98.8,12.1,80.4,Yes,0.0,None
18:18:35.221,Active,408.6,2.4,98.8,12.0,79.3,Yes,0.0,None
18:18:35.645,Active,414.2,2.4,97.1,12.0,79.3,Yes,0.0,None
18:18:36.062,Active,407.3,2.4,98.2,12.0,79.3,Yes,0.0,None
18:18:36.477,Active,406.2,2.4,98.2,12.0,79.3,Yes,0.0,None
18:18:36.892,Active,409.1,2.4,98.8,12.0,79.3,Yes,0.0,None
18:18:37.317,Active,419.1,2.4,97.0,12.0,79.3,Yes,0.0,None
18:18:37.737,Active,409.7,2.4,98.2,12.0,79.3,Yes,0.0,None
18:18:38.150,Active,407.3,2.4,98.8,12.0,79.3,Yes,0.0,None
18:18:38.569,Active,409.7,2.4,98.2,12.0,79.3,Yes,0.0,None
18:18:38.984,Active,408.0,2.4,98.2,12.0,79.3,Yes,0.0,None
18:18:39.397,Active,406.1,2.4,98.8,12.0,79.3,Yes,0.0,None
18:18:39.816,Active,410.5,2.4,97.6,12.0,79.3,Yes,0.0,None
18:18:40.230,Active,407.0,2.4,98.8,12.0,79.8,Yes,0.0,None
18:18:40.640,Active,401.9,2.4,98.8,12.0,79.3,Yes,0.0,None
18:18:41.056,Active,410.1,2.4,99.4,12.0,79.8,Yes,0.0,None
18:18:41.470,Active,406.7,2.4,98.8,12.0,79.3,Yes,0.0,None
18:18:41.899,Active,419.7,2.4,98.2,12.0,79.3,Yes,0.0,None
18:18:42.337,Active,431.4,2.4,99.4,12.0,78.8,Yes,0.0,None
18:19:27.778,Active,428.2,2.4,1.0,12.1,60.6,Yes,0.0,None
18:19:28.193,Active,405.5,2.4,99.4,12.2,61.7,Yes,0.0,None
18:19:28.606,Active,407.4,2.4,98.8,12.2,63.4,Yes,0.0,None
18:19:29.024,Active,408.7,2.4,98.2,12.2,64.5,Yes,0.0,None
18:19:29.440,Active,408.7,2.4,98.8,12.2,65.5,Yes,0.0,None
18:19:29.856,Active,408.9,4.0,98.8,12.2,65.5,Yes,0.0,None
18:19:30.272,Active,406.5,4.0,97.6,12.2,66.1,Yes,0.0,None
18:19:30.692,Active,409.9,4.0,98.2,12.1,67.2,Yes,0.0,None
18:19:31.112,Active,410.9,4.0,98.2,12.1,67.2,Yes,0.0,None
18:19:31.528,Active,409.5,4.0,98.2,12.1,68.3,Yes,0.0,None
18:19:31.947,Active,409.3,4.0,97.6,12.1,68.8,Yes,0.0,None
18:19:32.361,Active,406.3,4.0,98.8,12.1,68.3,Yes,0.0,None
18:19:32.783,Active,411.3,4.0,98.2,12.1,70.0,Yes,0.0,None
18:19:33.199,Active,407.9,4.0,98.2,12.1,70.5,Yes,0.0,None
18:19:33.631,Active,423.8,4.0,98.3,12.1,70.5,Yes,0.0,None
18:19:34.046,Active,409.4,2.4,98.8,12.2,71.0,Yes,0.0,None
18:19:34.462,Active,406.7,2.4,98.8,12.1,72.2,Yes,0.0,None
18:19:34.883,Active,411.9,2.4,98.2,12.1,71.0,Yes,0.0,None
18:19:35.297,Active,405.8,2.4,98.2,12.1,71.6,Yes,0.0,None
18:19:35.717,Active,411.4,2.4,99.4,12.1,71.6,Yes,0.0,None
18:19:36.134,Active,407.6,2.4,97.6,12.1,72.2,Yes,0.0,None
18:19:36.549,Active,407.4,2.4,98.8,12.1,71.0,Yes,0.0,None
18:19:36.970,Active,410.5,2.4,98.2,12.1,72.7,Yes,0.0,None
18:19:37.389,Active,409.5,2.4,98.2,12.1,72.7,Yes,0.0,None
18:19:37.806,Active,410.0,2.4,97.6,12.1,72.7,Yes,0.0,None
18:19:38.223,Active,407.2,2.4,98.2,12.1,73.2,Yes,0.0,None
18:19:38.639,Active,408.3,2.4,98.8,12.1,73.2,Yes,0.0,None
18:19:39.056,Active,407.8,2.4,98.2,12.1,73.2,Yes,0.0,None
18:19:39.472,Active,408.6,2.4,98.8,12.1,73.8,Yes,0.0,None
18:19:39.889,Active,408.7,2.4,98.2,12.1,73.8,Yes,0.0,None
18:19:40.305,Active,406.5,2.4,98.2,12.1,74.3,Yes,0.0,None
18:19:40.725,Active,410.7,2.4,98.2,12.1,73.8,Yes,0.0,None
18:19:41.141,Active,406.5,2.4,97.6,12.1,74.3,Yes,0.0,None
18:19:41.556,Active,405.6,2.4,98.2,12.0,74.9,Yes,0.0,None
18:19:41.980,Active,417.5,2.4,97.0,12.0,74.9,Yes,0.0,None
18:19:42.400,Active,409.3,2.4,98.2,12.0,73.8,Yes,0.0,None
18:19:42.816,Active,409.0,2.4,98.2,12.0,74.9,Yes,0.0,None
18:19:43.235,Active,407.2,2.4,97.6,12.0,74.3,Yes,0.0,None
18:19:43.651,Active,408.8,2.4,99.4,12.0,75.5,Yes,0.0,None
18:19:44.082,Active,425.1,2.4,99.4,12.1,74.9,Yes,0.0,None
18:19:44.499,Active,407.9,2.4,98.2,12.1,75.5,Yes,0.0,None
18:19:44.936,Active,429.0,2.4,95.3,12.1,74.9,Yes,0.0,None
18:19:45.359,Active,415.6,2.4,97.1,12.1,75.5,Yes,0.0,None
18:19:45.780,Active,413.2,2.4,98.2,12.1,75.5,Yes,0.0,None
18:19:46.205,Active,418.8,2.4,97.0,12.1,75.5,Yes,0.0,None
18:19:46.626,Active,411.0,2.4,97.6,12.1,76.0,Yes,0.0,None
18:19:47.074,Active,439.3,2.4,94.4,12.1,75.5,Yes,0.0,None
18:19:47.511,Active,428.3,2.4,94.9,12.1,76.0,Yes,0.0,None
18:19:47.934,Active,415.1,2.4,98.2,12.1,75.5,Yes,0.0,None
18:19:48.351,Active,409.3,2.4,98.2,12.1,76.0,Yes,0.0,None
18:19:48.768,Active,409.0,2.4,98.8,12.1,76.0,Yes,0.0,None
18:19:49.193,Active,418.3,2.4,96.4,12.1,76.0,Yes,0.0,None
18:19:49.642,Active,438.5,2.4,94.4,12.1,76.0,Yes,0.0,None
18:19:50.061,Active,409.4,2.4,98.2,12.0,76.5,Yes,0.0,None
18:19:50.474,Active,406.7,2.4,98.8,12.0,76.0,Yes,0.0,None
18:19:50.889,Active,408.8,2.3,98.8,12.0,76.0,Yes,0.0,None
18:19:51.302,Active,407.2,2.3,98.8,12.0,77.7,Yes,0.0,None
18:19:51.721,Active,413.4,2.3,97.6,12.0,76.5,Yes,0.0,None
18:19:52.133,Active,405.6,2.3,100.0,12.0,76.5,Yes,0.0,None
18:19:52.565,Active,426.1,2.3,95.9,12.0,75.5,Yes,0.0,None
18:19:52.979,Active,408.5,2.3,98.2,12.0,76.5,Yes,0.0,None
18:19:53.396,Active,407.3,2.3,97.6,12.0,76.0,Yes,0.0,None
18:19:53.814,Active,409.0,2.3,98.2,12.0,77.1,Yes,0.0,None
18:19:54.241,Active,417.4,2.3,98.2,12.0,76.5,Yes,0.0,None
18:19:54.655,Active,407.9,2.3,98.8,12.1,77.1,Yes,0.0,None
18:19:55.070,Active,406.8,2.4,98.8,12.1,76.5,Yes,0.0,None
18:19:55.486,Active,406.0,2.4,98.2,12.1,77.7,Yes,0.0,None
18:19:55.907,Active,411.7,2.4,98.2,12.1,77.7,Yes,0.0,None
18:19:56.323,Active,409.3,2.4,98.2,12.1,77.7,Yes,0.0,None
18:19:56.740,Active,409.0,2.4,98.8,12.1,77.7,Yes,0.0,None
18:19:57.169,Active,418.9,2.4,95.9,12.0,77.1,Yes,0.0,None
18:19:57.586,Active,409.1,2.4,98.2,12.0,77.1,Yes,0.0,None
18:19:58.009,Active,413.6,2.4,98.2,12.1,77.1,Yes,0.0,None
18:19:58.423,Active,407.4,2.4,98.8,12.1,77.1,Yes,0.0,None
18:19:58.841,Active,409.5,2.4,98.2,12.1,76.5,Yes,0.0,None
18:19:59.254,Active,407.2,2.4,98.8,12.1,77.1,Yes,0.0,None
18:19:59.671,Active,408.2,2.4,98.8,12.1,77.7,Yes,0.0,None
18:20:00.083,Active,405.9,2.4,98.2,12.0,78.2,Yes,0.0,None
18:20:00.497,Active,407.6,2.4,99.4,12.0,77.7,Yes,0.0,None
18:20:00.912,Active,409.0,2.4,98.8,12.0,77.7,Yes,0.0,None
18:20:01.328,Active,408.6,2.4,98.8,12.0,77.7,Yes,0.0,None
18:20:01.747,Active,411.9,2.4,98.2,12.0,77.7,Yes,0.0,None
18:20:02.164,Active,408.6,2.4,98.2,12.0,77.7,Yes,0.0,None
18:20:02.580,Active,408.6,2.4,98.2,12.0,77.7,Yes,0.0,None
18:20:02.996,Active,409.9,2.4,99.4,12.0,78.2,Yes,0.0,None
18:20:03.411,Active,407.6,2.4,98.2,12.0,78.2,Yes,0.0,None
18:20:03.829,Active,409.9,2.4,98.8,12.0,77.7,Yes,0.0,None
18:20:04.242,Active,406.9,2.4,98.8,12.0,78.2,Yes,0.0,None
18:20:04.670,Active,418.7,2.4,98.2,12.0,77.7,Yes,0.0,None
18:20:05.083,Active,406.9,2.4,98.8,12.0,78.8,Yes,0.0,None
18:20:05.498,Active,406.0,2.4,98.2,12.0,76.5,Yes,0.0,None
18:20:05.944,Active,435.8,2.4,96.6,12.0,78.2,Yes,0.0,None
18:20:06.362,Active,408.3,2.4,98.2,12.0,77.7,Yes,0.0,None
18:20:06.781,Active,411.2,2.4,98.2,12.0,78.2,Yes,0.0,None
18:20:07.204,Active,412.7,2.4,97.6,12.0,78.8,Yes,0.0,None
18:20:07.625,Active,415.6,2.4,97.6,12.0,78.8,Yes,0.0,None
18:20:08.045,Active,409.7,2.4,98.2,12.0,78.2,Yes,0.0,None
18:20:08.463,Active,410.1,2.4,98.2,12.0,78.2,Yes,0.0,None
18:20:08.878,Active,407.0,2.4,98.2,12.0,78.2,Yes,0.0,None
18:20:09.300,Active,407.9,2.4,98.2,12.0,78.2,Yes,0.0,None
18:20:09.717,Active,409.6,2.4,98.2,12.0,78.2,Yes,0.0,None
18:20:10.136,Active,412.3,2.4,97.6,12.0,79.3,Yes,0.0,None
18:20:10.550,Active,405.9,2.4,98.8,12.0,78.2,Yes,0.0,None
18:20:10.968,Active,408.7,2.4,97.6,12.0,78.2,Yes,0.0,None
18:20:11.384,Active,406.9,2.4,98.2,12.0,78.8,Yes,0.0,None
18:20:11.804,Active,408.9,2.4,98.2,12.0,78.2,Yes,0.0,None
18:20:12.216,Active,405.5,2.4,98.8,12.0,78.2,Yes,0.0,None
18:20:12.632,Active,407.7,2.4,98.8,12.0,79.3,Yes,0.0,None
18:20:13.045,Active,405.2,2.4,98.8,12.0,78.2,Yes,0.0,None
18:20:13.458,Active,407.2,2.4,98.8,12.0,79.3,Yes,0.0,None
18:20:13.886,Active,418.8,2.4,96.5,12.0,78.2,Yes,0.0,None
18:20:14.304,Active,409.8,2.4,98.2,12.0,79.3,Yes,0.0,None
18:20:14.738,Active,428.3,2.4,98.9,12.1,78.2,Yes,0.0,None
18:20:15.155,Active,407.0,2.4,98.8,12.1,78.8,Yes,0.0,None
18:20:15.574,Active,407.7,2.4,98.2,12.1,77.7,Yes,0.0,None
18:20:15.995,Active,411.0,2.4,98.2,12.1,78.2,Yes,0.0,None
18:20:16.413,Active,409.0,2.4,97.6,12.1,78.2,Yes,0.0,None
18:20:16.832,Active,410.5,2.4,98.8,12.1,78.8,Yes,0.0,None
18:20:17.247,Active,408.5,2.4,98.8,12.1,78.8,Yes,0.0,None
18:20:17.668,Active,409.1,2.4,97.6,12.0,78.2,Yes,0.0,None
18:20:18.085,Active,409.7,2.4,98.8,12.1,78.8,Yes,0.0,None
18:20:18.498,Active,407.1,2.4,98.2,12.1,78.8,Yes,0.0,None
18:20:18.916,Active,409.4,2.4,98.8,12.1,78.8,Yes,0.0,None
18:20:19.333,Active,408.2,2.4,98.2,12.1,78.8,Yes,0.0,None
18:20:19.750,Active,411.2,2.4,98.8,12.1,79.3,Yes,0.0,None
18:20:20.161,Active,404.8,2.4,99.4,12.0,79.3,Yes,0.0,None
18:20:20.576,Active,408.9,2.4,98.8,12.0,79.3,Yes,0.0,None
18:20:20.998,Active,414.8,2.4,97.6,12.0,79.8,Yes,0.0,None
18:20:21.414,Active,406.5,2.4,98.2,12.0,78.8,Yes,0.0,None
18:20:21.837,Active,410.1,2.4,96.4,12.0,79.3,Yes,0.0,None
18:20:22.252,Active,408.4,2.4,99.4,12.0,79.8,Yes,0.0,None
18:20:22.665,Active,406.1,2.4,98.8,12.0,79.3,Yes,0.0,None
18:20:23.079,Active,408.5,2.4,99.4,12.0,79.3,Yes,0.0,None
18:20:23.503,Active,415.8,2.4,95.9,12.0,79.3,Yes,0.0,None
18:20:23.924,Active,411.0,2.4,97.6,12.0,79.3,Yes,0.0,None
18:20:24.451,Active,419.3,2.3,79.0,12.0,79.3,Yes,0.0,None
18:20:24.887,Active,426.0,2.3,98.3,12.1,79.3,Yes,0.0,None
18:20:25.310,Active,416.0,2.3,98.2,12.1,79.3,Yes,0.0,None
18:20:25.739,Active,419.7,2.3,98.3,12.1,79.3,Yes,0.0,None
18:20:26.168,Active,420.4,2.3,97.1,12.1,78.8,Yes,0.0,None
18:20:26.609,Active,434.2,2.3,96.6,12.1,78.8,Yes,0.0,None
18:20:27.036,Active,417.0,2.3,98.2,12.1,79.3,Yes,0.0,None
18:20:27.460,Active,414.8,2.3,97.6,12.1,79.3,Yes,0.0,None
18:21:12.908,Active,433.2,2.3,1.4,12.0,60.6,Yes,0.0,None
18:21:13.324,Active,405.9,2.3,98.2,12.1,61.7,Yes,0.0,None
18:21:13.742,Active,409.2,7.9,98.2,12.1,63.4,Yes,0.0,None
18:21:14.159,Active,407.5,7.9,98.2,12.1,63.4,Yes,0.0,None
18:21:14.576,Active,407.8,7.9,98.2,12.1,66.1,Yes,0.0,None
18:21:14.992,Active,409.5,7.9,98.8,12.1,65.5,Yes,0.0,None
18:21:15.407,Active,407.5,7.9,98.8,12.1,66.7,Yes,0.0,None
18:21:15.824,Active,408.7,7.9,98.2,12.1,67.2,Yes,0.0,None
18:21:16.259,Active,428.1,7.9,98.9,12.2,67.8,Yes,0.0,None
18:21:16.675,Active,409.6,7.9,98.8,12.2,68.3,Yes,0.0,None
18:21:17.103,Active,420.4,7.9,96.4,12.2,68.8,Yes,0.0,None
18:21:17.527,Active,416.2,7.9,96.4,12.2,70.5,Yes,0.0,None
18:21:17.947,Active,409.9,2.4,97.6,12.1,69.4,Yes,0.0,None
18:21:18.362,Active,406.8,2.4,98.2,12.2,70.0,Yes,0.0,None
18:21:18.801,Active,429.9,2.4,94.8,12.1,70.0,Yes,0.0,None
18:21:19.218,Active,408.4,2.4,98.2,12.2,71.0,Yes,0.0,None
18:21:19.636,Active,408.6,2.4,98.2,12.2,71.0,Yes,0.0,None
18:21:20.051,Active,409.2,2.4,98.2,12.2,71.6,Yes,0.0,None
18:21:20.463,Active,406.2,2.4,98.8,12.2,71.6,Yes,0.0,None
18:21:20.876,Active,406.5,2.4,99.4,12.2,72.2,Yes,0.0,None
18:21:21.289,Active,406.8,2.4,99.4,12.2,72.2,Yes,0.0,None
18:21:21.704,Active,408.9,2.4,98.2,12.1,72.2,Yes,0.0,None
18:21:22.120,Active,408.7,2.4,98.8,12.1,72.2,Yes,0.0,None
18:21:22.532,Active,406.4,2.4,98.8,12.1,72.7,Yes,0.0,None
18:21:22.952,Active,410.2,2.4,98.8,12.1,72.7,Yes,0.0,None
18:21:23.364,Active,405.1,2.4,98.8,12.1,73.8,Yes,0.0,None
18:21:23.779,Active,408.3,2.4,98.8,12.1,73.2,Yes,0.0,None
18:21:24.193,Active,406.2,2.4,98.8,12.1,73.2,Yes,0.0,None
18:21:24.609,Active,407.2,2.4,97.6,12.1,74.3,Yes,0.0,None
18:21:25.029,Active,410.0,2.4,98.2,12.1,73.8,Yes,0.0,None
18:21:25.447,Active,408.2,2.4,98.2,12.1,74.3,Yes,0.0,None
18:21:25.863,Active,408.8,2.4,98.8,12.1,74.9,Yes,0.0,None
18:21:26.275,Active,404.8,2.4,99.4,12.1,74.3,Yes,0.0,None
18:21:26.702,Active,418.3,2.4,98.8,12.1,73.8,Yes,0.0,None
18:21:27.117,Active,406.8,2.4,98.8,12.1,74.3,Yes,0.0,None
18:21:27.530,Active,407.0,2.4,98.2,12.1,74.9,Yes,0.0,None
18:21:27.950,Active,409.7,2.4,98.2,12.1,74.3,Yes,0.0,None
18:21:28.366,Active,406.9,2.4,98.2,12.1,74.3,Yes,0.0,None
18:21:28.785,Active,409.4,2.4,98.8,12.1,74.9,Yes,0.0,None
18:21:29.198,Active,407.4,2.4,98.8,12.1,74.9,Yes,0.0,None
18:21:29.612,Active,404.7,2.4,98.8,12.0,75.5,Yes,0.0,None
18:21:30.028,Active,409.1,2.4,99.4,12.0,75.5,Yes,0.0,None
18:21:30.439,Active,403.8,2.4,98.8,12.0,75.5,Yes,0.0,None
18:21:30.858,Active,411.1,2.4,99.4,12.0,75.5,Yes,0.0,None
18:21:31.269,Active,404.7,2.4,99.4,12.0,75.5,Yes,0.0,None
18:21:31.685,Active,409.7,2.4,98.8,12.0,76.0,Yes,0.0,None
18:21:32.103,Active,412.5,2.4,97.6,12.0,76.0,Yes,0.0,None
18:21:32.516,Active,406.9,2.4,98.8,12.0,76.0,Yes,0.0,None
18:21:32.932,Active,408.9,2.4,99.4,12.0,76.0,Yes,0.0,None
18:21:33.348,Active,407.5,2.4,98.2,12.0,77.1,Yes,0.0,None
18:21:33.800,Active,445.4,2.4,93.9,12.0,76.0,Yes,0.0,None
18:21:34.216,Active,409.2,2.4,98.8,12.0,76.5,Yes,0.0,None
18:21:34.629,Active,407.0,2.4,98.8,12.0,77.7,Yes,0.0,None
18:21:35.045,Active,409.5,2.4,98.2,12.0,76.5,Yes,0.0,None
18:21:35.459,Active,408.2,2.4,98.8,12.0,76.0,Yes,0.0,None
18:21:35.875,Active,409.9,2.4,99.4,12.0,76.5,Yes,0.0,None
18:21:36.291,Active,410.5,2.4,99.4,12.0,75.5,Yes,0.0,None
18:21:36.729,Active,429.6,2.4,98.3,12.1,76.5,Yes,0.0,None
18:21:37.151,Active,411.8,2.4,97.0,12.1,76.5,Yes,0.0,None
18:21:37.567,Active,407.8,2.4,98.2,12.1,77.1,Yes,0.0,None
18:21:37.984,Active,408.5,2.4,99.4,12.1,77.1,Yes,0.0,None
18:21:38.398,Active,406.5,2.4,98.8,12.1,76.5,Yes,0.0,None
18:21:38.819,Active,411.9,2.4,97.6,12.1,76.5,Yes,0.0,None
18:21:39.241,Active,409.7,2.4,97.0,12.1,76.5,Yes,0.0,None
18:21:39.656,Active,409.3,2.4,98.8,12.1,77.7,Yes,0.0,None
18:21:40.073,Active,409.2,2.4,98.8,12.1,77.1,Yes,0.0,None
18:21:40.485,Active,405.5,2.4,98.2,12.1,77.1,Yes,0.0,None
18:21:40.900,Active,409.2,2.4,98.8,12.1,76.5,Yes,0.0,None
18:21:41.314,Active,407.2,2.4,98.8,12.1,77.1,Yes,0.0,None
18:21:41.729,Active,408.5,2.4,98.8,12.1,77.1,Yes,0.0,None
18:21:42.148,Active,413.2,2.4,97.6,12.1,77.7,Yes,0.0,None
18:21:42.564,Active,408.7,2.4,98.8,12.0,76.0,Yes,0.0,None
18:21:43.002,Active,431.4,2.4,95.5,12.1,77.1,Yes,0.0,None
18:21:43.418,Active,406.6,2.4,98.2,12.1,77.7,Yes,0.0,None
18:21:43.835,Active,409.1,2.4,98.8,12.0,77.1,Yes,0.0,None
18:21:44.275,Active,431.4,2.4,96.0,12.0,78.2,Yes,0.0,None
18:21:44.694,Active,410.9,2.4,98.2,12.0,77.7,Yes,0.0,None
18:21:45.108,Active,408.4,2.4,98.8,12.0,76.5,Yes,0.0,None
18:21:45.520,Active,404.9,2.4,98.8,12.0,77.7,Yes,0.0,None
18:21:45.953,Active,427.5,2.4,96.5,12.0,77.1,Yes,0.0,None
18:21:46.369,Active,405.6,2.4,98.2,12.0,78.2,Yes,0.0,None
18:21:46.795,Active,416.7,2.4,97.7,12.0,77.7,Yes,0.0,None
18:21:47.211,Active,409.4,2.4,100.0,12.0,78.2,Yes,0.0,None
18:21:47.625,Active,406.4,2.4,98.8,12.0,78.2,Yes,0.0,None
18:21:48.043,Active,408.1,2.4,98.2,12.0,77.7,Yes,0.0,None
18:21:48.457,Active,407.6,2.4,98.8,12.0,78.2,Yes,0.0,None
18:21:48.874,Active,408.5,2.4,98.8,12.0,77.7,Yes,0.0,None
18:21:49.288,Active,405.1,2.4,98.2,12.0,77.7,Yes,0.0,None
18:21:49.701,Active,406.4,2.4,98.8,12.0,77.7,Yes,0.0,None
18:21:50.119,Active,407.9,2.4,97.6,12.0,78.2,Yes,0.0,None
18:21:50.532,Active,405.3,2.4,98.8,12.0,78.2,Yes,0.0,None
18:21:50.953,Active,411.0,2.4,98.2,12.0,77.7,Yes,0.0,None
18:21:51.366,Active,407.3,2.4,98.2,12.0,78.2,Yes,0.0,None
18:21:51.793,Active,417.7,2.4,97.6,12.0,77.7,Yes,0.0,None
18:21:52.208,Active,408.5,2.4,98.2,12.0,78.2,Yes,0.0,None
18:21:52.631,Active,413.4,2.4,97.6,12.0,78.8,Yes,0.0,None
18:21:53.049,Active,409.6,2.4,98.8,12.0,78.2,Yes,0.0,None
18:21:53.465,Active,408.0,2.4,98.2,12.0,78.2,Yes,0.0,None
18:21:53.883,Active,409.6,2.4,98.2,12.0,78.2,Yes,0.0,None
18:21:54.300,Active,406.8,2.4,97.6,12.0,78.8,Yes,0.0,None
18:21:54.717,Active,409.5,2.4,98.8,12.0,78.8,Yes,0.0,None
18:21:55.133,Active,407.2,2.4,98.2,12.0,79.3,Yes,0.0,None
18:21:55.551,Active,407.7,2.4,98.2,12.0,78.8,Yes,0.0,None
18:21:55.968,Active,408.3,2.4,98.2,12.0,79.3,Yes,0.0,None
18:21:56.386,Active,407.5,2.4,98.2,12.0,78.2,Yes,0.0,None
18:21:56.803,Active,409.2,2.4,98.2,12.0,78.8,Yes,0.0,None
18:21:57.234,Active,421.6,2.4,98.2,12.0,78.8,Yes,0.0,None
18:21:57.651,Active,409.1,2.4,98.2,12.0,78.8,Yes,0.0,None
18:21:58.066,Active,409.1,2.4,98.8,12.0,78.8,Yes,0.0,None
18:21:58.478,Active,406.1,2.4,99.4,12.0,78.8,Yes,0.0,None
18:21:58.894,Active,409.0,2.4,98.8,12.0,79.3,Yes,0.0,None
18:21:59.305,Active,405.0,2.4,99.4,12.0,78.8,Yes,0.0,None
18:21:59.723,Active,408.3,2.4,98.2,12.0,78.8,Yes,0.0,None
18:22:00.139,Active,407.8,2.4,98.8,12.0,79.3,Yes,0.0,None
18:22:00.550,Active,405.5,2.4,98.8,12.0,79.3,Yes,0.0,None
18:22:00.982,Active,423.2,2.4,97.1,12.0,78.8,Yes,0.0,None
18:22:01.395,Active,405.5,2.4,98.8,12.0,78.8,Yes,0.0,None
18:22:01.812,Active,409.9,2.4,98.8,12.0,78.8,Yes,0.0,None
18:22:02.244,Active,424.8,2.4,96.5,12.0,78.8,Yes,0.0,None
18:22:02.663,Active,409.1,2.4,97.6,12.0,79.3,Yes,0.0,None
18:22:03.083,Active,414.4,2.4,99.4,12.0,78.8,Yes,0.0,None
18:22:03.505,Active,414.0,2.4,98.8,12.0,79.3,Yes,0.0,None
18:22:03.937,Active,422.6,2.4,97.7,12.0,78.2,Yes,0.0,None
18:22:04.360,Active,414.5,2.4,98.2,12.0,78.8,Yes,0.0,None
18:22:04.785,Active,417.3,2.4,98.2,12.0,78.8,Yes,0.0,None
18:22:05.205,Active,413.7,2.4,99.4,12.1,79.3,Yes,0.0,None
18:22:05.645,Active,430.7,2.4,96.0,12.1,79.3,Yes,0.0,None
18:22:06.072,Active,421.6,2.4,98.3,12.1,79.3,Yes,0.0,None
18:22:06.494,Active,414.4,2.4,99.4,12.1,79.3,Yes,0.0,None
18:22:06.921,Active,418.5,2.4,98.2,12.1,77.7,Yes,0.0,None
18:22:07.464,Active,428.7,2.4,78.3,12.1,78.8,Yes,0.0,None
18:22:07.880,Active,408.0,2.4,98.8,12.1,78.8,Yes,0.0,None
18:22:08.300,Active,410.0,2.3,98.2,12.1,78.8,Yes,0.0,None
18:22:08.728,Active,417.3,2.3,98.2,12.0,79.3,Yes,0.0,None
18:22:09.153,Active,415.9,2.3,98.2,12.0,78.8,Yes,0.0,None
18:22:09.579,Active,416.2,2.3,97.7,12.0,78.8,Yes,0.0,None
18:22:10.007,Active,418.6,2.3,98.2,12.0,79.3,Yes,0.0,None
18:22:10.433,Active,415.9,2.3,98.2,12.0,79.8,Yes,0.0,None
18:22:10.861,Active,418.3,2.3,98.2,12.0,79.3,Yes,0.0,None
18:22:11.285,Active,415.3,2.3,97.6,12.0,79.8,Yes,0.0,None
18:22:11.713,Active,418.1,2.3,98.3,12.0,79.8,Yes,0.0,None
18:22:12.140,Active,416.5,2.3,98.2,12.0,79.3,Yes,0.0,None
18:22:12.565,Active,415.9,2.3,98.2,12.0,79.3,Yes,0.0,None
18:22:58.001,Active,418.8,2.3,1.1,12.0,61.1,Yes,0.0,None
18:22:58.418,Active,403.6,2.3,98.2,12.1,61.7,Yes,0.0,None
18:22:58.851,Active,419.9,2.3,98.3,12.2,64.5,Yes,0.0,None
18:22:59.262,Active,404.5,2.3,99.4,12.2,64.5,Yes,0.0,None
18:22:59.686,Active,411.2,2.3,97.6,12.2,65.5,Yes,0.0,None
18:23:00.099,Active,403.9,2.3,98.2,12.2,66.1,Yes,0.0,None
18:23:00.511,Active,404.0,2.3,98.8,12.2,66.1,Yes,0.0,None
18:23:00.927,Active,409.8,2.3,99.4,12.1,68.3,Yes,0.0,None
18:23:01.339,Active,404.7,2.3,99.4,12.1,67.8,Yes,0.0,None
18:23:01.761,Active,411.9,2.4,98.2,12.1,68.3,Yes,0.0,None
18:23:02.175,Active,407.7,2.4,98.2,12.1,68.3,Yes,0.0,None
18:23:02.592,Active,407.4,2.4,98.2,12.1,69.4,Yes,0.0,None
18:23:03.010,Active,408.9,2.4,98.2,12.1,70.0,Yes,0.0,None
18:23:03.427,Active,408.4,2.4,98.2,12.1,70.0,Yes,0.0,None
18:23:03.847,Active,410.3,2.4,98.2,12.1,70.5,Yes,0.0,None
18:23:04.264,Active,407.4,2.4,97.0,12.1,71.0,Yes,0.0,None
18:23:04.679,Active,408.2,2.4,99.4,12.1,70.5,Yes,0.0,None
18:23:05.091,Active,405.5,2.4,98.8,12.1,71.0,Yes,0.0,None
18:23:05.503,Active,406.2,2.4,99.4,12.1,71.0,Yes,0.0,None
18:23:05.918,Active,409.6,2.4,99.4,12.0,71.6,Yes,0.0,None
18:23:06.326,Active,402.4,2.4,99.4,12.0,72.2,Yes,0.0,None
18:23:06.743,Active,407.6,2.4,98.8,12.0,72.2,Yes,0.0,None
18:23:07.155,Active,405.6,2.4,99.4,12.0,73.2,Yes,0.0,None
18:23:07.571,Active,408.1,2.4,98.8,12.0,72.7,Yes,0.0,None
18:23:07.984,Active,406.5,2.4,99.4,12.0,73.2,Yes,0.0,None
18:23:08.398,Active,405.1,2.4,98.2,12.0,73.2,Yes,0.0,None
18:23:08.837,Active,429.6,2.4,97.7,12.0,73.2,Yes,0.0,None
18:23:09.254,Active,407.3,2.4,98.2,12.0,73.2,Yes,0.0,None
18:23:09.672,Active,409.0,2.4,98.2,12.1,73.8,Yes,0.0,None
18:23:10.093,Active,410.9,2.4,98.2,12.1,73.2,Yes,0.0,None
18:23:10.508,Active,407.6,2.4,98.2,12.1,73.8,Yes,0.0,None
18:23:10.927,Active,409.5,2.4,98.2,12.1,73.8,Yes,0.0,None
18:23:11.344,Active,409.0,2.4,98.2,12.1,73.8,Yes,0.0,None
18:23:11.760,Active,408.3,2.4,98.2,12.1,73.8,Yes,0.0,None
18:23:12.175,Active,408.0,2.4,98.8,12.0,74.3,Yes,0.0,None
18:23:12.596,Active,414.2,2.4,97.0,12.0,74.9,Yes,0.0,None
18:23:13.016,Active,409.1,2.4,98.2,12.0,74.9,Yes,0.0,None
18:23:13.432,Active,406.1,2.4,98.8,12.0,74.3,Yes,0.0,None
18:23:13.853,Active,410.7,2.4,97.6,12.0,74.9,Yes,0.0,None
18:23:14.269,Active,407.8,2.4,98.2,12.0,74.9,Yes,0.0,None
18:23:14.689,Active,409.5,2.4,97.6,12.0,75.5,Yes,0.0,None
18:23:15.110,Active,411.7,2.4,98.2,12.0,74.9,Yes,0.0,None
18:23:15.522,Active,405.8,2.4,98.8,12.0,75.5,Yes,0.0,None
18:23:15.941,Active,411.0,2.4,98.8,12.0,76.0,Yes,0.0,None
18:23:16.357,Active,406.4,2.4,97.6,12.0,75.5,Yes,0.0,None
18:23:16.772,Active,406.3,2.4,98.8,12.1,76.0,Yes,0.0,None
18:23:17.189,Active,409.6,2.4,98.8,12.1,75.5,Yes,0.0,None
18:23:17.602,Active,405.7,2.4,98.2,12.0,76.0,Yes,0.0,None
18:23:18.016,Active,409.0,2.4,99.4,12.0,76.0,Yes,0.0,None
18:23:18.428,Active,403.9,2.4,98.8,12.0,76.5,Yes,0.0,None
18:23:18.845,Active,408.1,2.4,97.6,12.0,76.0,Yes,0.0,None
18:23:19.273,Active,421.0,2.4,99.4,12.0,76.5,Yes,0.0,None
18:23:19.687,Active,407.6,2.4,98.2,12.1,77.1,Yes,0.0,None
18:23:20.102,Active,409.8,2.4,98.8,12.1,76.5,Yes,0.0,None
18:23:20.516,Active,405.4,2.4,98.2,12.1,76.5,Yes,0.0,None
18:23:20.934,Active,411.3,2.4,98.8,12.1,76.5,Yes,0.0,None
18:23:21.345,Active,404.4,2.4,99.4,12.1,76.5,Yes,0.0,None
18:23:21.759,Active,408.0,2.4,99.4,12.1,77.1,Yes,0.0,None
18:23:22.171,Active,406.4,2.4,98.8,12.0,76.5,Yes,0.0,None
18:23:22.582,Active,405.2,2.4,99.4,12.0,76.5,Yes,0.0,None
18:23:22.995,Active,403.6,2.4,98.8,12.0,77.1,Yes,0.0,None
18:23:23.403,Active,402.6,2.4,99.4,12.0,77.1,Yes,0.0,None
18:23:23.818,Active,408.9,2.4,99.4,12.0,77.1,Yes,0.0,None
18:23:24.236,Active,408.5,2.4,98.2,12.0,77.1,Yes,0.0,None
18:23:24.662,Active,419.2,2.4,96.4,12.0,77.1,Yes,0.0,None
18:23:25.079,Active,408.1,2.4,98.8,12.0,77.1,Yes,0.0,None
18:23:25.491,Active,405.6,2.4,98.8,12.0,77.1,Yes,0.0,None
18:23:25.907,Active,407.7,2.4,99.4,12.1,77.1,Yes,0.0,None
18:23:26.320,Active,405.3,2.4,98.8,12.1,77.1,Yes,0.0,None
18:23:26.738,Active,411.1,2.4,98.8,12.1,77.1,Yes,0.0,None
18:23:27.156,Active,409.3,2.4,97.6,12.1,77.7,Yes,0.0,None
18:23:27.572,Active,408.6,2.4,98.8,12.1,77.7,Yes,0.0,None
18:23:27.986,Active,407.1,2.4,98.8,12.0,78.2,Yes,0.0,None
18:23:28.403,Active,411.4,2.4,98.8,12.0,77.7,Yes,0.0,None
18:23:28.815,Active,403.9,2.4,98.8,12.0,78.2,Yes,0.0,None
18:23:29.230,Active,409.3,2.4,99.4,12.0,77.1,Yes,0.0,None
18:23:29.655,Active,419.2,2.4,98.8,12.1,78.2,Yes,0.0,None
18:23:30.072,Active,407.9,2.4,98.2,12.1,77.7,Yes,0.0,None
18:23:30.485,Active,406.1,2.4,98.8,12.1,77.7,Yes,0.0,None
18:23:30.904,Active,409.9,2.4,98.2,12.2,78.2,Yes,0.0,None
18:23:31.318,Active,408.7,2.4,98.2,12.2,77.7,Yes,0.0,None
18:23:31.736,Active,410.6,2.4,98.8,12.2,77.7,Yes,0.0,None
18:23:32.152,Active,410.3,2.4,98.8,12.1,78.2,Yes,0.0,None
18:23:32.566,Active,408.4,2.4,98.2,12.1,78.2,Yes,0.0,None
18:23:32.985,Active,409.5,2.4,98.2,12.1,78.8,Yes,0.0,None
18:23:33.401,Active,409.8,2.4,98.8,12.1,78.2,Yes,0.0,None
18:23:33.816,Active,409.4,2.4,98.2,12.1,78.8,Yes,0.0,None
18:23:34.231,Active,407.9,2.4,98.8,12.1,77.1,Yes,0.0,None
18:23:34.645,Active,408.0,2.4,99.4,12.1,77.7,Yes,0.0,None
18:23:35.063,Active,411.5,2.4,98.8,12.1,77.7,Yes,0.0,None
18:23:35.479,Active,406.3,2.4,97.6,12.1,78.2,Yes,0.0,None
18:23:35.898,Active,412.8,2.4,98.2,12.1,78.2,Yes,0.0,None
18:23:36.316,Active,408.5,2.4,98.2,12.1,78.2,Yes,0.0,None
18:23:36.734,Active,411.3,2.4,98.2,12.1,78.2,Yes,0.0,None
18:23:37.177,Active,433.7,2.4,94.9,12.1,77.7,Yes,0.0,None
18:23:37.591,Active,408.1,2.4,98.2,12.1,78.2,Yes,0.0,None
18:23:38.010,Active,411.4,2.4,98.2,12.1,78.2,Yes,0.0,None
18:23:38.427,Active,408.1,2.4,98.8,12.1,78.2,Yes,0.0,None
18:23:38.842,Active,408.6,2.4,98.8,12.1,78.2,Yes,0.0,None
18:23:39.259,Active,408.0,2.4,98.2,12.1,78.8,Yes,0.0,None
18:23:39.691,Active,423.7,2.4,99.4,12.2,78.2,Yes,0.0,None
18:23:40.108,Active,408.6,2.4,98.2,12.2,78.8,Yes,0.0,None
18:23:40.523,Active,408.4,2.4,98.8,12.3,79.3,Yes,0.0,None
18:23:40.949,Active,417.5,2.4,97.6,12.2,78.8,Yes,0.0,None
18:23:41.363,Active,407.8,2.4,98.8,12.2,78.8,Yes,0.0,None
18:23:41.796,Active,425.3,2.4,95.9,12.2,77.7,Yes,0.0,None
18:23:42.213,Active,409.7,2.4,98.8,12.2,78.2,Yes,0.0,None
18:23:42.653,Active,433.5,2.4,95.4,12.2,78.2,Yes,0.0,None
18:23:43.064,Active,405.3,2.4,98.8,12.2,78.2,Yes,0.0,None
18:23:43.480,Active,406.7,2.4,97.6,12.1,79.3,Yes,0.0,None
18:23:43.899,Active,409.7,2.4,98.2,12.2,79.8,Yes,0.0,None
18:23:44.310,Active,405.1,2.4,99.4,12.1,79.3,Yes,0.0,None
18:23:44.729,Active,409.8,2.4,98.2,12.2,79.3,Yes,0.0,None
18:23:45.147,Active,408.5,2.4,98.2,12.1,79.3,Yes,0.0,None
18:23:45.574,Active,417.8,2.4,95.9,12.1,79.3,Yes,0.0,None
18:23:45.994,Active,410.3,2.4,97.6,12.1,78.8,Yes,0.0,None
18:23:46.412,Active,407.9,2.4,98.2,12.1,78.8,Yes,0.0,None
18:23:46.831,Active,410.3,2.4,98.2,12.1,79.3,Yes,0.0,None
18:23:47.249,Active,407.7,2.4,98.2,12.1,78.8,Yes,0.0,None
18:23:47.669,Active,410.7,2.4,98.2,12.1,79.3,Yes,0.0,None
18:23:48.092,Active,414.3,2.4,98.2,12.1,78.8,Yes,0.0,None
18:23:48.518,Active,417.6,2.4,98.2,12.1,79.3,Yes,0.0,None
18:23:48.943,Active,414.8,2.4,98.2,12.0,78.8,Yes,0.0,None
18:23:49.359,Active,406.9,2.4,97.6,12.1,78.8,Yes,0.0,None
18:23:49.781,Active,412.2,2.4,98.2,12.1,79.3,Yes,0.0,None
18:23:50.213,Active,423.5,2.4,97.1,12.0,78.8,Yes,0.0,None
18:23:50.638,Active,414.6,2.4,98.2,12.0,79.3,Yes,0.0,None
18:23:51.065,Active,417.5,2.4,98.2,12.0,78.8,Yes,0.0,None
18:23:51.490,Active,416.0,2.4,98.2,12.0,79.3,Yes,0.0,None
18:23:51.917,Active,417.5,2.4,98.2,12.0,79.3,Yes,0.0,None
18:23:52.341,Active,414.3,2.4,98.2,12.0,79.3,Yes,0.0,None
18:23:52.768,Active,417.9,2.4,98.2,12.1,78.8,Yes,0.0,None
18:23:53.190,Active,415.3,2.4,98.8,12.1,78.8,Yes,0.0,None
18:23:53.616,Active,416.8,2.4,97.6,12.1,78.8,Yes,0.0,None
18:23:54.043,Active,419.9,2.4,98.3,12.0,78.8,Yes,0.0,None
18:23:54.467,Active,415.9,2.4,98.2,12.0,79.8,Yes,0.0,None
18:23:54.892,Active,417.2,2.4,98.8,12.0,79.3,Yes,0.0,None
18:23:55.316,Active,416.5,2.4,98.8,12.0,79.3,Yes,0.0,None
18:23:55.740,Active,416.6,2.4,98.2,12.0,78.8,Yes,0.0,None
18:23:56.164,Active,416.4,2.4,98.8,12.0,79.3,Yes,0.0,None
18:23:56.587,Active,415.9,2.4,98.2,12.0,79.8,Yes,0.0,None
18:23:57.013,Active,419.7,2.4,98.2,12.0,79.3,Yes,0.0,None
18:23:57.435,Active,415.8,2.4,98.8,12.0,79.3,Yes,0.0,None
18:23:57.871,Active,430.5,2.4,97.1,12.0,79.8,Yes,0.0,None
18:24:43.309,Active,421.9,2.4,1.3,12.1,60.6,Yes,0.0,None
18:24:43.724,Active,409.3,2.4,99.4,12.1,62.2,Yes,0.0,None
18:24:44.172,Active,409.4,2.4,92.1,12.1,63.9,Yes,0.0,None
18:24:44.591,Active,408.3,2.4,97.0,12.1,63.9,Yes,0.0,None
18:24:45.010,Active,409.1,2.4,98.2,12.1,65.5,Yes,0.0,None
18:24:45.427,Active,407.2,3.9,98.2,12.1,66.1,Yes,0.0,None
18:24:45.842,Active,407.9,3.9,98.8,12.1,66.7,Yes,0.0,None
18:24:46.260,Active,408.2,3.9,98.2,12.1,67.2,Yes,0.0,None
18:24:46.675,Active,409.0,3.9,99.4,12.1,67.8,Yes,0.0,None
18:24:47.096,Active,411.5,3.9,97.6,12.1,68.8,Yes,0.0,None
18:24:47.513,Active,410.4,3.9,97.6,12.1,68.8,Yes,0.0,None
18:24:47.927,Active,407.4,3.9,98.8,12.1,69.4,Yes,0.0,None
18:24:48.339,Active,405.7,3.9,99.4,12.1,70.0,Yes,0.0,None
18:24:48.750,Active,405.8,3.9,99.4,12.1,70.0,Yes,0.0,None
18:24:49.164,Active,407.6,3.9,99.4,12.1,70.5,Yes,0.0,None
18:24:49.577,Active,406.3,2.4,98.8,12.1,70.0,Yes,0.0,None
18:24:49.993,Active,407.4,2.4,98.2,12.0,71.0,Yes,0.0,None
18:24:50.411,Active,407.7,2.4,98.2,12.1,71.0,Yes,0.0,None
18:24:50.829,Active,409.3,2.4,98.2,12.1,71.0,Yes,0.0,None
18:24:51.247,Active,407.9,2.4,98.2,12.1,72.7,Yes,0.0,None
18:24:51.671,Active,417.4,2.4,98.2,12.2,72.2,Yes,0.0,None
18:24:52.093,Active,411.5,2.4,98.2,12.1,73.2,Yes,0.0,None
18:24:52.509,Active,409.5,2.4,98.2,12.1,72.2,Yes,0.0,None
18:24:52.926,Active,408.0,2.4,98.2,12.1,72.7,Yes,0.0,None
18:24:53.343,Active,407.8,2.4,98.2,12.1,73.2,Yes,0.0,None
18:24:53.764,Active,412.6,2.4,98.2,12.1,72.7,Yes,0.0,None
18:24:54.176,Active,407.0,2.4,98.8,12.1,73.2,Yes,0.0,None
18:24:54.595,Active,409.1,2.4,98.2,12.1,73.2,Yes,0.0,None
18:24:55.012,Active,408.9,2.4,98.2,12.1,73.8,Yes,0.0,None
18:24:55.431,Active,409.2,2.4,98.2,12.1,73.8,Yes,0.0,None
18:24:55.860,Active,421.0,2.4,95.9,12.1,73.8,Yes,0.0,None
18:24:56.276,Active,408.2,2.4,98.2,12.1,74.3,Yes,0.0,None
18:24:56.695,Active,409.4,2.4,98.2,12.1,73.8,Yes,0.0,None
18:24:57.112,Active,407.8,2.4,98.2,12.1,74.9,Yes,0.0,None
18:24:57.528,Active,406.9,2.4,97.6,12.1,74.9,Yes,0.0,None
18:24:57.945,Active,409.1,2.4,99.4,12.0,74.9,Yes,0.0,None
18:24:58.357,Active,406.6,2.4,98.8,12.0,74.3,Yes,0.0,None
18:24:58.776,Active,409.2,2.4,98.2,12.0,74.3,Yes,0.0,None
18:24:59.191,Active,406.0,2.4,98.2,12.1,74.3,Yes,0.0,None
18:24:59.609,Active,409.9,2.4,98.2,12.0,75.5,Yes,0.0,None
18:25:00.038,Active,422.9,2.4,95.9,12.0,75.5,Yes,0.0,None
18:25:00.456,Active,408.9,2.4,97.6,12.0,74.9,Yes,0.0,None
18:25:00.875,Active,409.1,2.4,98.2,12.0,75.5,Yes,0.0,None
18:25:01.292,Active,407.7,2.4,97.6,12.0,75.5,Yes,0.0,None
18:25:01.728,Active,426.6,2.4,98.3,12.1,76.0,Yes,0.0,None
18:25:02.144,Active,408.6,2.4,98.8,12.1,74.9,Yes,0.0,None
18:25:02.556,Active,406.8,2.4,98.8,12.1,76.0,Yes,0.0,None
18:25:02.972,Active,409.3,2.4,98.8,12.1,76.0,Yes,0.0,None
18:25:03.389,Active,409.6,2.4,98.8,12.1,75.5,Yes,0.0,None
18:25:03.803,Active,407.5,2.4,98.8,12.1,76.0,Yes,0.0,None
18:25:04.247,Active,436.4,2.4,94.3,12.1,76.0,Yes,0.0,None
18:25:04.664,Active,409.2,2.4,98.2,12.1,75.5,Yes,0.0,None
18:25:05.079,Active,407.9,2.4,98.8,12.1,76.5,Yes,0.0,None
18:25:05.492,Active,404.9,2.4,98.8,12.1,76.0,Yes,0.0,None
18:25:05.908,Active,409.0,2.4,98.8,12.1,76.5,Yes,0.0,None
18:25:06.320,Active,406.4,2.4,99.4,12.1,76.5,Yes,0.0,None
18:25:06.736,Active,408.7,2.4,98.8,12.1,77.1,Yes,0.0,None
18:25:07.151,Active,409.1,2.4,99.4,12.1,76.0,Yes,0.0,None
18:25:07.565,Active,407.6,2.4,98.8,12.1,76.5,Yes,0.0,None
18:25:07.980,Active,408.9,2.4,99.4,12.1,76.5,Yes,0.0,None
18:25:08.395,Active,408.2,2.4,98.8,12.1,76.5,Yes,0.0,None
18:25:08.812,Active,410.2,2.4,98.8,12.1,76.5,Yes,0.0,None
18:25:09.228,Active,408.4,2.4,97.6,12.1,76.5,Yes,0.0,None
18:25:09.642,Active,407.4,2.4,98.2,12.1,77.1,Yes,0.0,None
18:25:10.057,Active,408.7,2.4,98.8,12.0,76.5,Yes,0.0,None
18:25:10.472,Active,406.4,2.4,98.8,12.0,75.5,Yes,0.0,None
18:25:10.889,Active,409.5,2.4,98.8,12.1,77.1,Yes,0.0,None
18:25:11.303,Active,408.1,2.4,98.8,12.1,76.5,Yes,0.0,None
18:25:11.723,Active,411.9,2.4,98.8,12.1,77.7,Yes,0.0,None
18:25:12.152,Active,420.7,2.4,98.2,12.1,77.1,Yes,0.0,None
18:25:12.572,Active,412.5,2.4,97.0,12.1,76.5,Yes,0.0,None
18:25:12.986,Active,407.9,2.4,98.8,12.1,77.1,Yes,0.0,None
18:25:13.407,Active,412.0,2.4,97.6,12.1,77.7,Yes,0.0,None
18:25:13.822,Active,409.1,2.4,99.4,12.1,77.1,Yes,0.0,None
18:25:14.237,Active,406.2,2.4,98.2,12.1,77.1,Yes,0.0,None
18:25:14.651,Active,405.5,2.4,98.8,12.1,77.7,Yes,0.0,None
18:25:15.067,Active,408.7,2.4,98.8,12.1,77.7,Yes,0.0,None
18:25:15.479,Active,406.3,2.4,98.8,12.1,77.7,Yes,0.0,None
18:25:15.896,Active,410.9,2.4,98.8,12.1,77.7,Yes,0.0,None
18:25:16.328,Active,424.8,2.4,96.5,12.1,77.1,Yes,0.0,None
18:25:16.742,Active,407.0,2.4,98.8,12.1,77.7,Yes,0.0,None
18:25:17.156,Active,408.2,2.4,99.4,12.1,78.8,Yes,0.0,None
18:25:17.595,Active,432.4,2.4,94.9,12.0,78.2,Yes,0.0,None
18:25:18.020,Active,417.1,2.4,97.0,12.0,77.7,Yes,0.0,None
18:25:18.442,Active,415.7,2.4,97.0,12.0,77.7,Yes,0.0,None
18:25:18.860,Active,408.6,2.4,98.2,12.0,77.7,Yes,0.0,None
18:25:19.275,Active,408.0,2.4,98.8,12.0,77.7,Yes,0.0,None
18:25:19.691,Active,409.5,2.4,98.8,12.0,78.8,Yes,0.0,None
18:25:20.106,Active,410.1,2.4,98.2,12.0,78.2,Yes,0.0,None
18:25:20.518,Active,405.6,2.4,98.8,12.0,78.8,Yes,0.0,None
18:25:20.959,Active,431.9,2.4,96.0,12.0,77.7,Yes,0.0,None
18:25:21.386,Active,419.0,2.4,95.9,12.0,77.7,Yes,0.0,None
18:25:21.803,Active,408.5,2.4,98.2,12.0,77.7,Yes,0.0,None
18:25:22.240,Active,428.6,2.4,98.8,12.0,77.7,Yes,0.0,None
18:25:22.669,Active,423.2,2.4,95.9,12.1,78.2,Yes,0.0,None
18:25:23.101,Active,425.8,2.4,95.9,12.1,77.7,Yes,0.0,None
18:25:23.528,Active,421.4,2.4,95.9,12.1,78.8,Yes,0.0,None
18:25:23.945,Active,409.5,2.4,99.4,12.1,79.8,Yes,0.0,None
18:25:24.361,Active,410.0,2.4,98.2,12.1,78.2,Yes,0.0,None
18:25:24.776,Active,409.4,2.4,98.8,12.1,78.8,Yes,0.0,None
18:25:25.194,Active,406.7,2.4,97.6,12.0,78.8,Yes,0.0,None
18:25:25.610,Active,407.0,2.4,98.2,12.0,78.8,Yes,0.0,None
18:25:26.023,Active,403.6,2.4,98.8,12.0,78.8,Yes,0.0,None
18:25:26.434,Active,405.5,2.4,99.4,12.0,78.8,Yes,0.0,None
18:25:26.847,Active,406.7,2.4,99.4,12.0,78.2,Yes,0.0,None
18:25:27.258,Active,405.5,2.4,99.4,12.0,78.8,Yes,0.0,None
18:25:27.669,Active,405.1,2.4,99.4,12.0,78.2,Yes,0.0,None
18:25:28.113,Active,433.4,2.4,94.4,12.0,78.8,Yes,0.0,None
18:25:28.528,Active,404.8,2.4,98.2,12.0,78.8,Yes,0.0,None
18:25:28.946,Active,409.1,2.4,97.6,12.0,78.8,Yes,0.0,None
18:25:29.360,Active,406.2,2.4,98.2,12.0,78.2,Yes,0.0,None
18:25:29.777,Active,407.2,2.4,98.2,12.0,78.8,Yes,0.0,None
18:25:30.193,Active,407.5,2.4,98.2,12.0,78.8,Yes,0.0,None
18:25:30.611,Active,408.0,2.4,97.6,12.0,77.7,Yes,0.0,None
18:25:31.027,Active,408.4,2.4,98.2,12.0,78.8,Yes,0.0,None
18:25:31.560,Active,423.4,2.3,78.3,12.0,78.2,Yes,0.0,None
18:25:31.984,Active,417.2,2.3,97.6,12.0,78.8,Yes,0.0,None
18:25:32.414,Active,423.4,2.3,99.4,12.1,79.3,Yes,0.0,None
18:25:32.830,Active,410.4,2.3,98.8,12.1,78.2,Yes,0.0,None
18:25:33.243,Active,406.6,2.3,99.4,12.1,78.8,Yes,0.0,None
18:25:33.655,Active,406.2,2.3,99.4,12.1,79.8,Yes,0.0,None
18:25:34.082,Active,418.2,2.3,97.6,12.1,78.8,Yes,0.0,None
18:25:34.507,Active,419.2,2.3,97.0,12.0,78.8,Yes,0.0,None
18:25:34.922,Active,409.0,2.3,98.8,12.0,79.3,Yes,0.0,None
18:25:35.335,Active,405.8,2.3,98.8,12.0,78.8,Yes,0.0,None
18:25:35.753,Active,411.6,2.4,98.8,12.0,79.3,Yes,0.0,None
18:25:36.187,Active,428.1,2.4,96.0,12.0,78.8,Yes,0.0,None
18:25:36.609,Active,413.5,2.4,98.2,12.0,78.2,Yes,0.0,None
18:25:37.032,Active,417.5,2.4,98.8,12.0,79.3,Yes,0.0,None
18:25:37.456,Active,416.8,2.4,98.8,12.0,78.8,Yes,0.0,None
18:25:37.880,Active,416.5,2.4,98.8,12.0,79.3,Yes,0.0,None
18:25:38.304,Active,417.9,2.4,99.4,12.0,79.8,Yes,0.0,None
18:25:38.728,Active,418.3,2.4,98.8,12.0,78.8,Yes,0.0,None
18:25:39.148,Active,412.2,2.4,98.8,12.0,79.3,Yes,0.0,None
18:25:39.568,Active,412.4,2.4,99.4,12.0,79.3,Yes,0.0,None
18:25:39.991,Active,417.5,2.4,99.4,12.0,79.3,Yes,0.0,None
18:25:40.411,Active,413.7,2.4,99.4,12.0,79.8,Yes,0.0,None
18:25:40.833,Active,415.7,2.4,100.0,12.0,78.8,Yes,0.0,None
18:25:41.251,Active,412.2,2.4,99.4,12.0,79.8,Yes,0.0,None
18:25:41.676,Active,416.2,2.4,98.2,12.0,79.3,Yes,0.0,None
18:25:42.096,Active,414.6,2.4,99.4,12.0,79.8,Yes,0.0,None
18:25:42.515,Active,411.5,2.4,98.8,12.0,79.8,Yes,0.0,None
18:25:42.951,Active,427.4,2.4,99.4,12.0,77.7,Yes,0.0,None
18:26:28.384,Active,419.8,2.4,1.2,12.0,60.6,Yes,0.0,None
18:26:28.795,Active,404.1,2.4,100.0,12.1,61.7,Yes,0.0,None
18:26:29.208,Active,404.8,8.0,99.4,12.1,63.4,Yes,0.0,None
18:26:29.625,Active,409.6,8.0,98.8,12.1,64.5,Yes,0.0,None
18:26:30.041,Active,408.8,8.0,98.2,12.1,65.0,Yes,0.0,None
18:26:30.485,Active,435.1,8.0,94.3,12.1,66.1,Yes,0.0,None
18:26:30.928,Active,433.0,8.0,94.4,12.0,66.7,Yes,0.0,None
18:26:31.360,Active,425.0,8.0,96.5,12.0,67.2,Yes,0.0,None
18:26:31.788,Active,421.5,8.0,97.6,12.0,67.8,Yes,0.0,None
18:26:32.219,Active,423.9,8.0,96.6,12.0,67.8,Yes,0.0,None
18:26:32.635,Active,408.4,8.0,98.8,12.0,68.3,Yes,0.0,None
18:26:33.050,Active,408.9,8.0,99.4,12.0,68.8,Yes,0.0,None
18:26:33.462,Active,404.4,2.4,98.8,12.0,70.0,Yes,0.0,None
18:26:33.889,Active,421.3,2.4,100.0,12.2,70.0,Yes,0.0,None
18:26:34.309,Active,408.3,2.4,98.2,12.3,70.5,Yes,0.0,None
18:26:34.726,Active,409.5,2.4,98.2,12.3,70.5,Yes,0.0,None
18:26:35.146,Active,412.0,2.4,97.6,12.3,70.5,Yes,0.0,None
18:26:35.562,Active,406.6,2.4,98.2,12.3,71.0,Yes,0.0,None
18:26:35.978,Active,409.5,2.4,98.8,12.3,71.6,Yes,0.0,None
18:26:36.396,Active,408.8,2.4,98.2,12.3,71.0,Yes,0.0,None
18:26:36.816,Active,412.4,2.4,97.6,12.2,71.6,Yes,0.0,None
18:26:37.232,Active,408.5,2.4,98.8,12.2,71.6,Yes,0.0,None
18:26:37.644,Active,406.5,2.4,98.8,12.1,73.2,Yes,0.0,None
18:26:38.059,Active,408.0,2.4,98.8,12.1,73.2,Yes,0.0,None
18:26:38.492,Active,425.8,2.4,95.9,12.1,72.7,Yes,0.0,None
18:26:38.912,Active,412.7,2.4,98.8,12.1,72.2,Yes,0.0,None
18:26:39.325,Active,405.8,2.4,98.2,12.1,72.7,Yes,0.0,None
18:26:39.741,Active,409.5,2.4,98.2,12.1,73.8,Yes,0.0,None
18:26:40.158,Active,407.3,2.4,98.2,12.1,73.8,Yes,0.0,None
18:26:40.595,Active,428.4,2.4,94.8,12.1,74.3,Yes,0.0,None
18:26:41.020,Active,418.7,2.4,97.0,12.1,73.8,Yes,0.0,None
18:26:41.436,Active,409.7,2.4,98.8,12.1,73.8,Yes,0.0,None
18:26:41.852,Active,409.1,2.4,98.8,12.1,74.3,Yes,0.0,None
18:26:42.273,Active,409.7,2.4,98.2,12.1,74.3,Yes,0.0,None
18:26:42.689,Active,409.6,2.4,98.2,12.1,73.8,Yes,0.0,None
18:26:43.100,Active,405.4,2.4,98.8,12.1,74.3,Yes,0.0,None
18:26:43.514,Active,405.7,2.4,98.8,12.1,74.9,Yes,0.0,None
18:26:43.930,Active,410.3,2.4,99.4,12.1,74.3,Yes,0.0,None
18:26:44.359,Active,418.5,2.4,98.2,12.1,74.9,Yes,0.0,None
18:26:44.774,Active,409.6,2.4,99.4,12.1,74.9,Yes,0.0,None
18:26:45.187,Active,406.6,2.4,98.8,12.1,74.9,Yes,0.0,None
18:26:45.599,Active,406.1,2.4,99.4,12.1,75.5,Yes,0.0,None
18:26:46.012,Active,405.3,2.4,99.4,12.1,77.1,Yes,0.0,None
18:26:46.427,Active,405.2,2.4,99.4,12.1,75.5,Yes,0.0,None
18:26:46.840,Active,404.8,2.4,99.4,12.1,75.5,Yes,0.0,None
18:26:47.248,Active,402.2,2.4,99.4,12.1,76.0,Yes,0.0,None
18:26:47.763,Active,408.8,2.4,80.0,12.0,75.5,Yes,0.0,None
18:26:48.174,Active,405.8,2.4,99.4,12.0,74.9,Yes,0.0,None
18:26:48.587,Active,406.1,2.4,98.2,12.0,75.5,Yes,0.0,None
18:26:49.004,Active,411.0,2.4,99.4,12.0,76.0,Yes,0.0,None
18:26:49.416,Active,404.6,2.4,98.2,12.0,75.5,Yes,0.0,None
18:26:49.830,Active,408.4,2.4,99.4,12.0,75.5,Yes,0.0,None
18:26:50.242,Active,406.3,2.4,99.4,12.0,76.0,Yes,0.0,None
18:26:50.658,Active,410.4,2.4,99.4,12.0,76.0,Yes,0.0,None
18:26:51.070,Active,404.0,2.4,98.2,12.0,75.5,Yes,0.0,None
18:26:51.487,Active,407.6,2.4,98.8,12.0,76.5,Yes,0.0,None
18:26:51.902,Active,409.5,2.4,99.4,12.0,76.0,Yes,0.0,None
18:26:52.315,Active,406.7,2.4,99.4,12.0,76.0,Yes,0.0,None
18:26:52.730,Active,409.5,2.4,99.4,12.0,76.0,Yes,0.0,None
18:26:53.143,Active,407.2,2.4,98.8,12.0,76.5,Yes,0.0,None
18:26:53.565,Active,416.2,2.4,97.6,12.0,76.5,Yes,0.0,None
18:26:53.984,Active,408.4,2.4,98.2,12.0,76.5,Yes,0.0,None
18:26:54.416,Active,424.5,2.4,98.3,12.0,76.5,Yes,0.0,None
18:26:54.835,Active,409.1,2.4,98.2,12.0,76.5,Yes,0.0,None
18:26:55.251,Active,407.6,2.4,98.2,12.0,76.5,Yes,0.0,None
18:26:55.667,Active,407.5,2.4,98.8,12.0,76.5,Yes,0.0,None
18:26:56.079,Active,406.6,2.4,98.8,12.0,77.7,Yes,0.0,None
18:26:56.497,Active,407.6,2.4,98.2,12.0,77.1,Yes,0.0,None
18:26:56.915,Active,409.0,2.4,98.2,12.0,77.1,Yes,0.0,None
18:26:57.331,Active,405.8,2.4,97.6,12.0,78.2,Yes,0.0,None
18:26:57.747,Active,407.3,2.4,98.2,12.0,77.1,Yes,0.0,None
18:26:58.165,Active,408.0,2.4,98.2,12.0,76.5,Yes,0.0,None
18:26:58.589,Active,415.1,2.4,98.2,12.1,76.5,Yes,0.0,None
18:26:59.022,Active,426.4,2.4,95.4,12.1,77.1,Yes,0.0,None
18:26:59.439,Active,407.6,2.4,98.2,12.1,77.1,Yes,0.0,None
18:26:59.856,Active,409.4,2.4,98.8,12.1,77.7,Yes,0.0,None
18:27:00.275,Active,411.6,2.4,97.6,12.1,78.2,Yes,0.0,None
18:27:00.707,Active,424.0,2.4,95.9,12.1,77.7,Yes,0.0,None
18:27:01.122,Active,407.0,2.4,98.8,12.1,78.8,Yes,0.0,None
18:27:01.533,Active,405.3,2.4,99.4,12.1,78.2,Yes,0.0,None
18:27:01.948,Active,408.5,2.4,100.0,12.0,77.1,Yes,0.0,None
18:27:02.363,Active,408.1,2.4,98.8,12.0,77.7,Yes,0.0,None
18:27:02.781,Active,409.5,2.4,98.2,12.0,76.5,Yes,0.0,None
18:27:03.194,Active,406.8,2.4,98.8,12.0,77.7,Yes,0.0,None
18:27:03.605,Active,405.2,2.4,99.4,12.0,77.7,Yes,0.0,None
18:27:04.019,Active,408.5,2.4,99.4,12.0,78.2,Yes,0.0,None
18:27:04.433,Active,407.5,2.4,99.4,12.0,77.1,Yes,0.0,None
18:27:04.865,Active,425.6,2.4,98.9,12.1,78.2,Yes,0.0,None
18:27:05.278,Active,407.5,2.4,99.4,12.1,78.2,Yes,0.0,None
18:27:05.720,Active,433.8,2.4,94.8,12.1,77.1,Yes,0.0,None
18:27:06.145,Active,416.5,2.4,95.9,12.1,78.2,Yes,0.0,None
18:27:06.558,Active,406.7,2.4,99.4,12.1,77.7,Yes,0.0,None
18:27:06.976,Active,408.6,2.4,97.6,12.1,77.7,Yes,0.0,None
18:27:07.389,Active,407.4,2.4,99.4,12.1,78.2,Yes,0.0,None
18:27:07.807,Active,408.2,2.4,97.6,12.1,78.2,Yes,0.0,None
18:27:08.222,Active,406.6,2.4,98.2,12.1,77.7,Yes,0.0,None
18:27:08.640,Active,408.4,2.4,98.2,12.0,78.8,Yes,0.0,None
18:27:09.054,Active,407.1,2.4,98.8,12.0,78.8,Yes,0.0,None
18:27:09.471,Active,407.7,2.4,98.2,12.0,78.2,Yes,0.0,None
18:27:09.888,Active,409.1,2.4,98.2,12.0,78.2,Yes,0.0,None
18:27:10.307,Active,410.7,2.4,98.2,12.0,78.2,Yes,0.0,None
18:27:10.725,Active,409.7,2.4,98.2,12.0,78.2,Yes,0.0,None
18:27:11.138,Active,407.8,2.4,98.8,12.0,78.2,Yes,0.0,None
18:27:11.555,Active,408.0,2.4,98.2,12.0,78.2,Yes,0.0,None
18:27:11.974,Active,411.0,2.4,98.8,12.0,78.8,Yes,0.0,None
18:27:12.400,Active,417.2,2.4,96.5,12.0,77.7,Yes,0.0,None
18:27:12.815,Active,407.9,2.4,98.8,12.0,78.8,Yes,0.0,None
18:27:13.228,Active,406.9,2.4,100.0,12.0,79.3,Yes,0.0,None
18:27:13.644,Active,408.4,2.4,98.8,12.0,78.8,Yes,0.0,None
18:27:14.059,Active,409.2,2.4,98.8,12.0,78.8,Yes,0.0,None
18:27:14.475,Active,410.0,2.4,97.6,12.0,78.2,Yes,0.0,None
18:27:14.909,Active,425.7,2.4,98.9,12.1,79.8,Yes,0.0,None
18:27:15.325,Active,408.3,2.4,98.2,12.1,78.8,Yes,0.0,None
18:27:15.740,Active,408.7,2.4,99.4,12.1,78.8,Yes,0.0,None
18:27:16.153,Active,405.5,2.4,98.8,12.1,78.8,Yes,0.0,None
18:27:16.567,Active,408.0,2.4,98.2,12.1,79.3,Yes,0.0,None
18:27:17.006,Active,431.3,2.4,95.5,12.1,78.8,Yes,0.0,None
18:27:17.423,Active,407.5,2.4,98.2,12.1,78.8,Yes,0.0,None
18:27:17.839,Active,407.8,2.4,98.8,12.1,78.8,Yes,0.0,None
18:27:18.253,Active,406.3,2.4,98.8,12.1,79.3,Yes,0.0,None
18:27:18.668,Active,408.1,2.4,99.4,12.1,78.8,Yes,0.0,None
18:27:19.079,Active,404.3,2.4,98.8,12.1,79.3,Yes,0.0,None
18:27:19.494,Active,406.8,2.4,98.8,12.1,79.3,Yes,0.0,None
18:27:19.912,Active,408.9,2.4,98.2,12.1,79.8,Yes,0.0,None
18:27:20.327,Active,409.1,2.4,98.8,12.0,79.8,Yes,0.0,None
18:27:20.744,Active,409.1,2.4,98.2,12.0,79.3,Yes,0.0,None
18:27:21.160,Active,408.8,2.4,98.8,12.1,79.3,Yes,0.0,None
18:27:21.573,Active,406.4,2.4,98.8,12.1,79.3,Yes,0.0,None
18:27:21.991,Active,407.5,2.4,97.6,12.1,78.8,Yes,0.0,None
18:27:22.408,Active,409.1,2.4,98.8,12.1,79.8,Yes,0.0,None
18:27:22.838,Active,423.7,2.4,96.5,12.1,78.2,Yes,0.0,None
18:27:23.255,Active,408.6,2.4,98.2,12.0,79.3,Yes,0.0,None
18:27:23.670,Active,408.6,2.4,98.8,12.0,79.3,Yes,0.0,None
18:27:24.086,Active,406.6,2.4,98.2,12.0,79.3,Yes,0.0,None
18:27:24.500,Active,405.2,2.4,98.2,12.0,79.8,Yes,0.0,None
18:27:24.918,Active,409.6,2.4,98.8,12.0,78.8,Yes,0.0,None
18:27:25.352,Active,424.3,2.4,98.3,12.1,79.8,Yes,0.0,None
18:27:25.774,Active,412.9,2.4,98.2,12.1,79.8,Yes,0.0,None
18:27:26.198,Active,415.0,2.4,98.2,12.1,79.8,Yes,0.0,None
18:27:26.622,Active,415.2,2.4,98.2,12.1,79.3,Yes,0.0,None
18:27:27.046,Active,417.4,2.4,98.8,12.1,78.8,Yes,0.0,None
18:27:27.472,Active,416.7,2.4,98.2,12.1,79.3,Yes,0.0,None
18:27:27.896,Active,418.3,2.4,98.8,12.1,79.3,Yes,0.0,None
18:27:28.320,Active,416.9,2.4,98.8,12.1,79.8,Yes,0.0,None
18:28:13.753,Active,419.8,2.4,1.2,12.0,60.6,Yes,0.0,None
18:28:14.162,Active,403.3,2.4,98.8,12.0,62.2,Yes,0.0,None
18:28:14.584,Active,412.7,2.4,98.2,12.1,62.8,Yes,0.0,None
18:28:14.999,Active,409.6,2.4,98.8,12.1,64.5,Yes,0.0,None
18:28:15.412,Active,406.8,2.4,98.8,12.1,63.9,Yes,0.0,None
18:28:15.829,Active,409.3,2.4,98.8,12.1,66.1,Yes,0.0,None
18:28:16.243,Active,406.6,2.4,98.8,12.0,66.7,Yes,0.0,None
18:28:16.675,Active,424.5,2.4,98.3,12.3,67.2,Yes,0.0,None
18:28:17.089,Active,406.1,2.7,98.2,12.3,66.7,Yes,0.0,None
18:28:17.503,Active,407.9,2.7,99.4,12.3,68.3,Yes,0.0,None
18:28:17.921,Active,409.4,2.7,98.2,12.2,68.3,Yes,0.0,None
18:28:18.338,Active,408.5,2.7,98.2,12.2,68.8,Yes,0.0,None
18:28:18.757,Active,408.8,2.7,98.2,12.2,69.4,Yes,0.0,None
18:28:19.174,Active,407.3,2.7,97.6,12.2,69.4,Yes,0.0,None
18:28:19.593,Active,409.7,2.7,98.2,12.2,70.0,Yes,0.0,None
18:28:20.010,Active,408.9,2.7,98.2,12.2,70.0,Yes,0.0,None
18:28:20.428,Active,408.1,2.7,98.2,12.2,71.6,Yes,0.0,None
18:28:20.844,Active,409.2,2.7,98.8,12.2,71.6,Yes,0.0,None
18:28:21.261,Active,406.1,2.4,98.2,12.2,71.0,Yes,0.0,None
18:28:21.680,Active,409.7,2.4,98.2,12.1,71.0,Yes,0.0,None
18:28:22.091,Active,404.9,2.4,99.4,12.1,71.6,Yes,0.0,None
18:28:22.509,Active,410.8,2.4,98.8,12.1,72.2,Yes,0.0,None
18:28:22.924,Active,409.7,2.4,98.8,12.1,72.2,Yes,0.0,None
18:28:23.437,Active,405.7,2.4,79.5,12.1,72.2,Yes,0.0,None
18:28:23.856,Active,409.8,2.4,97.6,12.1,72.7,Yes,0.0,None
18:28:24.298,Active,435.0,2.4,94.9,12.1,72.7,Yes,0.0,None
18:28:24.739,Active,431.9,2.4,94.8,12.1,73.2,Yes,0.0,None
18:28:25.154,Active,408.3,2.4,98.8,12.1,74.3,Yes,0.0,None
18:28:25.572,Active,409.8,2.3,98.2,12.1,73.2,Yes,0.0,None
18:28:25.991,Active,411.4,2.3,97.0,12.1,73.2,Yes,0.0,None
18:28:26.408,Active,408.3,2.3,97.6,12.0,74.3,Yes,0.0,None
18:28:26.845,Active,427.1,2.3,98.9,12.1,73.8,Yes,0.0,None
18:28:27.265,Active,409.5,2.3,98.2,12.1,73.8,Yes,0.0,None
18:28:27.681,Active,409.7,2.3,98.2,12.1,73.8,Yes,0.0,None
18:28:28.096,Active,407.8,2.3,98.2,12.1,73.8,Yes,0.0,None
18:28:28.512,Active,408.6,2.3,98.8,12.1,74.3,Yes,0.0,None
18:28:28.928,Active,408.9,2.3,98.8,12.1,74.3,Yes,0.0,None
18:28:29.344,Active,407.0,2.3,98.2,12.1,74.9,Yes,0.0,None
18:28:29.762,Active,408.4,2.4,98.2,12.1,74.3,Yes,0.0,None
18:28:30.180,Active,407.7,2.4,98.2,12.1,75.5,Yes,0.0,None
18:28:30.598,Active,408.3,2.4,98.2,12.1,74.9,Yes,0.0,None
18:28:31.018,Active,409.5,2.4,97.6,12.1,75.5,Yes,0.0,None
18:28:31.433,Active,405.9,2.4,98.2,12.1,75.5,Yes,0.0,None
18:28:31.856,Active,412.4,2.4,98.2,12.1,75.5,Yes,0.0,None
18:28:32.282,Active,419.4,2.4,98.2,12.1,74.9,Yes,0.0,None
18:28:32.702,Active,409.6,2.4,97.6,12.1,75.5,Yes,0.0,None
18:28:33.116,Active,407.6,2.4,98.8,12.0,74.9,Yes,0.0,None
18:28:33.535,Active,411.8,2.4,98.2,12.0,75.5,Yes,0.0,None
18:28:33.954,Active,409.6,2.4,98.2,12.0,76.0,Yes,0.0,None
18:28:34.368,Active,405.1,2.4,98.8,12.0,74.9,Yes,0.0,None
18:28:34.784,Active,408.6,2.4,98.8,12.0,76.0,Yes,0.0,None
18:28:35.199,Active,408.2,2.4,98.2,12.0,75.5,Yes,0.0,None
18:28:35.612,Active,404.7,2.4,98.2,12.0,76.0,Yes,0.0,None
18:28:36.025,Active,406.0,2.4,99.4,12.0,76.0,Yes,0.0,None
18:28:36.436,Active,404.9,2.4,98.8,12.0,76.0,Yes,0.0,None
18:28:36.871,Active,425.3,2.4,98.3,12.0,76.5,Yes,0.0,None
18:28:37.286,Active,406.8,2.4,98.8,12.1,76.5,Yes,0.0,None
18:28:37.703,Active,407.6,2.4,98.2,12.1,76.5,Yes,0.0,None
18:28:38.118,Active,405.1,2.4,97.6,12.1,77.1,Yes,0.0,None
18:28:38.533,Active,405.6,2.4,98.2,12.1,77.1,Yes,0.0,None
18:28:38.948,Active,409.4,2.4,99.4,12.1,76.5,Yes,0.0,None
18:28:39.360,Active,403.8,2.4,98.2,12.1,76.5,Yes,0.0,None
18:28:39.780,Active,409.8,2.4,98.2,12.1,76.5,Yes,0.0,None
18:28:40.193,Active,406.1,2.4,98.2,12.0,76.5,Yes,0.0,None
18:28:40.607,Active,407.3,2.4,98.2,12.0,77.1,Yes,0.0,None
18:28:41.053,Active,439.2,2.4,94.4,12.0,77.1,Yes,0.0,None
18:28:41.472,Active,410.2,2.4,98.2,12.0,76.5,Yes,0.0,None
18:28:41.888,Active,409.8,2.4,98.8,12.0,77.1,Yes,0.0,None
18:28:42.305,Active,409.5,2.4,98.8,12.0,77.1,Yes,0.0,None
18:28:42.718,Active,407.7,2.4,98.2,12.0,77.7,Yes,0.0,None
18:28:43.141,Active,410.7,2.4,97.6,12.0,78.2,Yes,0.0,None
18:28:43.556,Active,408.1,2.4,98.2,12.0,76.5,Yes,0.0,None
18:28:43.982,Active,416.5,2.4,98.2,12.0,77.1,Yes,0.0,None
18:28:44.401,Active,410.5,2.4,98.2,12.0,77.7,Yes,0.0,None
18:28:44.820,Active,409.0,2.4,97.6,12.0,78.2,Yes,0.0,None
18:28:45.236,Active,406.5,2.4,98.2,12.0,77.7,Yes,0.0,None
18:28:45.651,Active,404.8,2.4,98.8,12.0,77.1,Yes,0.0,None
18:28:46.063,Active,404.8,2.4,98.8,12.0,77.7,Yes,0.0,None
18:28:46.475,Active,406.1,2.4,100.0,12.0,77.1,Yes,0.0,None
18:28:46.891,Active,408.8,2.4,98.8,12.0,77.7,Yes,0.0,None
18:28:47.319,Active,420.8,2.4,99.4,12.1,78.2,Yes,0.0,None
18:28:47.735,Active,408.8,2.4,99.4,12.1,78.2,Yes,0.0,None
18:28:48.148,Active,407.0,2.4,99.4,12.1,77.7,Yes,0.0,None
18:28:48.561,Active,405.7,2.4,98.8,12.1,78.2,Yes,0.0,None
18:28:48.977,Active,409.9,2.4,98.8,12.1,77.7,Yes,0.0,None
18:28:49.391,Active,408.3,2.4,98.8,12.1,77.7,Yes,0.0,None
18:28:49.808,Active,410.1,2.4,98.8,12.1,77.7,Yes,0.0,None
18:28:50.229,Active,413.6,2.4,98.2,12.1,77.7,Yes,0.0,None
18:28:50.640,Active,404.1,2.4,98.2,12.1,78.2,Yes,0.0,None
18:28:51.055,Active,408.3,2.4,98.8,12.1,78.2,Yes,0.0,None
18:28:51.465,Active,403.9,2.4,99.4,12.1,78.2,Yes,0.0,None
18:28:51.882,Active,408.0,2.4,97.6,12.1,78.2,Yes,0.0,None
18:28:52.298,Active,406.4,2.4,98.2,12.1,78.8,Yes,0.0,None
18:28:52.714,Active,409.7,2.4,99.4,12.0,78.2,Yes,0.0,None
18:28:53.130,Active,406.9,2.4,97.6,12.0,79.3,Yes,0.0,None
18:28:53.545,Active,406.5,2.4,98.2,12.0,78.2,Yes,0.0,None
18:28:53.960,Active,408.3,2.4,98.8,12.0,77.7,Yes,0.0,None
18:28:54.378,Active,408.7,2.4,98.2,12.0,78.8,Yes,0.0,None
18:28:54.798,Active,410.7,2.4,98.2,12.0,78.2,Yes,0.0,None
18:28:55.219,Active,412.4,2.4,97.6,12.0,77.7,Yes,0.0,None
18:28:55.636,Active,408.6,2.4,98.2,12.0,78.8,Yes,0.0,None
18:28:56.050,Active,407.5,2.4,98.8,12.0,78.8,Yes,0.0,None
18:28:56.463,Active,406.6,2.4,99.4,12.0,78.8,Yes,0.0,None
18:28:56.875,Active,404.8,2.4,98.8,12.0,78.8,Yes,0.0,None
18:28:57.300,Active,417.8,2.4,98.8,12.1,78.2,Yes,0.0,None
18:28:57.718,Active,411.3,2.4,98.2,12.1,79.8,Yes,0.0,None
18:28:58.134,Active,407.0,2.4,98.8,12.1,78.8,Yes,0.0,None
18:28:58.547,Active,406.7,2.4,99.4,12.1,78.8,Yes,0.0,None
18:28:58.962,Active,409.7,2.4,99.4,12.1,79.3,Yes,0.0,None
18:28:59.378,Active,406.9,2.4,98.2,12.1,78.8,Yes,0.0,None
18:28:59.791,Active,407.6,2.4,99.4,12.0,78.8,Yes,0.0,None
18:29:00.205,Active,408.3,2.4,98.2,12.0,78.8,Yes,0.0,None
18:29:00.623,Active,407.6,2.4,98.8,12.0,78.8,Yes,0.0,None
18:29:01.039,Active,410.2,2.4,98.8,12.0,78.8,Yes,0.0,None
18:29:01.451,Active,405.9,2.4,99.4,12.0,78.8,Yes,0.0,None
18:29:01.866,Active,409.7,2.4,99.4,12.0,78.8,Yes,0.0,None
18:29:02.279,Active,406.6,2.4,98.8,12.0,78.8,Yes,0.0,None
18:29:02.691,Active,406.2,2.4,99.4,12.0,78.8,Yes,0.0,None
18:29:03.103,Active,406.1,2.4,99.4,12.0,79.3,Yes,0.0,None
18:29:03.520,Active,410.1,2.4,98.8,12.0,78.8,Yes,0.0,None
18:29:03.935,Active,407.4,2.4,98.2,12.0,78.8,Yes,0.0,None
18:29:04.352,Active,407.3,2.4,98.2,12.0,79.3,Yes,0.0,None
18:29:04.768,Active,406.4,2.4,98.2,12.1,79.8,Yes,0.0,None
18:29:05.186,Active,408.2,2.4,98.2,12.1,78.8,Yes,0.0,None
18:29:05.601,Active,407.4,2.4,98.2,12.1,79.3,Yes,0.0,None
18:29:06.019,Active,407.9,2.4,98.2,12.1,79.3,Yes,0.0,None
18:29:06.431,Active,404.6,2.4,98.8,12.1,78.8,Yes,0.0,None
18:29:06.859,Active,420.0,2.4,96.5,12.1,79.8,Yes,0.0,None
18:29:07.275,Active,407.9,2.4,98.2,12.1,79.8,Yes,0.0,None
18:29:07.704,Active,422.7,2.4,98.8,12.5,79.3,Yes,0.0,None
18:29:08.118,Active,408.7,2.4,98.8,12.5,79.3,Yes,0.0,None
18:29:08.531,Active,407.2,2.4,99.4,12.5,78.8,Yes,0.0,None
18:29:08.959,Active,422.3,2.4,97.7,12.5,78.8,Yes,0.0,None
18:29:09.383,Active,416.0,2.4,98.8,12.5,79.3,Yes,0.0,None
18:29:09.820,Active,430.6,2.4,97.1,12.4,79.3,Yes,0.0,None
18:29:10.241,Active,413.9,2.4,98.8,12.4,79.8,Yes,0.0,None
18:29:10.664,Active,417.2,2.4,99.4,12.3,79.8,Yes,0.0,None
18:29:11.082,Active,407.3,2.4,97.6,12.3,79.3,Yes,0.0,None
18:29:11.499,Active,408.3,2.4,98.2,12.3,79.8,Yes,0.0,None
18:29:11.920,Active,413.4,2.4,98.2,12.3,79.8,Yes,0.0,None
18:29:12.344,Active,416.3,2.4,98.8,12.3,79.3,Yes,0.0,None
18:29:12.768,Active,416.9,2.4,98.8,12.3,79.8,Yes,0.0,None
18:29:13.192,Active,416.6,2.4,98.8,12.3,79.8,Yes,0.0,None
18:29:13.615,Active,415.6,2.4,98.2,12.3,79.3,Yes,0.0,None
18:29:59.072,Active,443.2,2.4,1.3,12.1,61.7,Yes,0.0,None
18:29:59.483,Active,403.8,2.4,100.0,12.1,62.8,Yes,0.0,None
18:29:59.899,Active,408.1,2.4,99.4,12.2,63.9,Yes,0.0,None
18:30:00.312,Active,406.8,2.4,98.8,12.2,65.0,Yes,0.0,None
18:30:00.726,Active,407.1,4.8,98.8,12.2,65.5,Yes,0.0,None
18:30:01.138,Active,405.9,4.8,99.4,12.2,66.7,Yes,0.0,None
18:30:01.552,Active,405.1,4.8,98.8,12.2,68.3,Yes,0.0,None
18:30:01.968,Active,408.8,4.8,99.4,12.1,67.8,Yes,0.0,None
18:30:02.381,Active,407.4,4.8,98.2,12.1,68.8,Yes,0.0,None
18:30:02.801,Active,409.4,4.8,98.2,12.1,68.8,Yes,0.0,None
18:30:03.214,Active,407.1,4.8,98.8,12.1,68.8,Yes,0.0,None
18:30:03.629,Active,406.3,4.8,98.2,12.1,69.4,Yes,0.0,None
18:30:04.057,Active,420.9,4.8,97.1,12.1,69.4,Yes,0.0,None
18:30:04.483,Active,415.9,4.8,96.4,12.1,69.4,Yes,0.0,None
18:30:04.926,Active,434.7,2.4,94.9,12.1,70.5,Yes,0.0,None
18:30:05.342,Active,407.2,2.4,98.2,12.1,71.0,Yes,0.0,None
18:30:05.757,Active,409.1,2.4,98.8,12.1,71.0,Yes,0.0,None
18:30:06.191,Active,424.4,2.4,96.5,12.0,71.6,Yes,0.0,None
18:30:06.613,Active,413.8,2.4,97.6,12.1,71.0,Yes,0.0,None
18:30:07.027,Active,408.3,2.4,99.4,12.0,72.7,Yes,0.0,None
18:30:07.442,Active,406.7,2.4,98.8,12.0,72.2,Yes,0.0,None
18:30:07.859,Active,408.5,2.4,98.2,12.0,72.2,Yes,0.0,None
18:30:08.274,Active,407.0,2.4,98.8,12.0,72.7,Yes,0.0,None
18:30:08.716,Active,433.2,2.4,94.9,12.0,73.2,Yes,0.0,None
18:30:09.193,Active,466.4,2.3,92.6,12.2,72.7,Yes,0.0,None
18:30:09.616,Active,412.4,2.3,98.2,12.3,73.2,Yes,0.0,None
18:30:10.031,Active,407.6,2.3,98.8,12.3,72.7,Yes,0.0,None
18:30:10.442,Active,405.7,2.3,99.4,12.3,73.2,Yes,0.0,None
18:30:10.856,Active,405.0,2.3,99.4,12.2,73.8,Yes,0.0,None
18:30:11.265,Active,403.0,2.3,100.0,12.2,74.3,Yes,0.0,None
18:30:11.676,Active,405.0,2.3,99.4,12.2,74.3,Yes,0.0,None
18:30:12.092,Active,410.0,2.3,100.0,12.2,73.8,Yes,0.0,None
18:30:12.506,Active,408.6,2.3,98.2,12.2,74.3,Yes,0.0,None
18:30:12.945,Active,430.0,2.3,95.4,12.2,74.3,Yes,0.0,None
18:30:13.362,Active,407.7,2.4,98.2,12.2,74.9,Yes,0.0,None
18:30:13.774,Active,406.8,2.4,99.4,12.2,75.5,Yes,0.0,None
18:30:14.193,Active,407.6,2.4,98.2,12.1,74.3,Yes,0.0,None
18:30:14.610,Active,407.2,2.4,98.8,12.1,74.3,Yes,0.0,None
18:30:15.026,Active,410.2,2.4,98.8,12.1,74.9,Yes,0.0,None
18:30:15.438,Active,406.0,2.4,99.4,12.1,76.0,Yes,0.0,None
18:30:15.859,Active,411.9,2.4,98.2,12.1,74.3,Yes,0.0,None
18:30:16.276,Active,408.7,2.4,98.2,12.1,75.5,Yes,0.0,None
18:30:16.693,Active,409.5,2.4,98.8,12.1,74.9,Yes,0.0,None
18:30:17.109,Active,410.3,2.4,98.8,12.1,76.0,Yes,0.0,None
18:30:17.528,Active,412.4,2.4,98.2,12.1,76.0,Yes,0.0,None
18:30:17.944,Active,409.3,2.4,98.8,12.1,76.0,Yes,0.0,None
18:30:18.360,Active,409.1,2.4,98.8,12.1,75.5,Yes,0.0,None
18:30:18.783,Active,415.9,2.4,97.0,12.1,76.5,Yes,0.0,None
18:30:19.196,Active,406.7,2.4,99.4,12.1,76.0,Yes,0.0,None
18:30:19.623,Active,419.8,2.4,98.8,12.1,76.5,Yes,0.0,None
18:30:20.039,Active,408.3,2.4,98.8,12.1,77.1,Yes,0.0,None
18:30:20.463,Active,415.7,2.4,97.0,12.1,76.5,Yes,0.0,None
18:30:20.879,Active,408.1,2.4,98.2,12.1,76.5,Yes,0.0,None
18:30:21.292,Active,404.8,2.4,98.8,12.1,76.0,Yes,0.0,None
18:30:21.708,Active,409.4,2.4,98.8,12.1,76.5,Yes,0.0,None
18:30:22.123,Active,408.2,2.4,98.8,12.1,76.5,Yes,0.0,None
18:30:22.540,Active,409.3,2.4,97.6,12.1,76.5,Yes,0.0,None
18:30:22.957,Active,409.8,2.4,99.4,12.1,76.5,Yes,0.0,None
18:30:23.375,Active,409.5,2.4,98.2,12.1,75.5,Yes,0.0,None
18:30:23.792,Active,410.7,2.4,98.2,12.1,77.1,Yes,0.0,None
18:30:24.203,Active,404.8,2.4,99.4,12.1,76.5,Yes,0.0,None
18:30:24.621,Active,412.3,2.4,98.8,12.1,77.1,Yes,0.0,None
18:30:25.034,Active,406.6,2.4,98.2,12.1,77.1,Yes,0.0,None
18:30:25.449,Active,405.6,2.4,98.8,12.1,77.1,Yes,0.0,None
18:30:25.868,Active,413.3,2.4,98.8,12.1,77.1,Yes,0.0,None
18:30:26.282,Active,407.0,2.4,98.2,12.1,78.2,Yes,0.0,None
18:30:26.698,Active,409.9,2.4,98.8,12.1,77.1,Yes,0.0,None
18:30:27.114,Active,407.0,2.4,98.8,12.1,77.7,Yes,0.0,None
18:30:27.526,Active,402.4,2.4,98.2,12.1,77.7,Yes,0.0,None
18:30:27.943,Active,408.2,2.4,98.8,12.1,77.7,Yes,0.0,None
18:30:28.358,Active,408.9,2.4,97.6,12.0,77.7,Yes,0.0,None
18:30:28.788,Active,421.0,2.4,96.5,12.0,77.7,Yes,0.0,None
18:30:29.207,Active,413.3,2.4,98.8,12.0,77.7,Yes,0.0,None
18:30:29.628,Active,413.0,2.4,98.8,12.1,78.2,Yes,0.0,None
18:30:30.047,Active,410.5,2.4,97.6,12.1,77.1,Yes,0.0,None
18:30:30.459,Active,406.0,2.4,98.8,12.1,77.1,Yes,0.0,None
18:30:30.878,Active,411.0,2.4,98.2,12.1,77.7,Yes,0.0,None
18:30:31.293,Active,405.9,2.4,98.8,12.1,76.5,Yes,0.0,None
18:30:31.712,Active,412.6,2.4,98.8,12.1,77.7,Yes,0.0,None
18:30:32.139,Active,420.2,2.4,97.7,12.1,78.2,Yes,0.0,None
18:30:32.555,Active,408.4,2.4,98.8,12.1,78.2,Yes,0.0,None
18:30:32.971,Active,407.6,2.4,98.2,12.0,78.8,Yes,0.0,None
18:30:33.386,Active,406.9,2.4,98.2,12.1,77.7,Yes,0.0,None
18:30:33.803,Active,411.0,2.4,98.8,12.1,77.7,Yes,0.0,None
18:30:34.220,Active,408.1,2.4,98.8,12.0,78.2,Yes,0.0,None
18:30:34.636,Active,407.9,2.4,97.6,12.0,78.2,Yes,0.0,None
18:30:35.059,Active,414.5,2.4,97.6,12.0,77.7,Yes,0.0,None
18:30:35.476,Active,407.7,2.4,98.2,12.0,78.8,Yes,0.0,None
18:30:35.895,Active,411.9,2.4,98.8,12.0,77.7,Yes,0.0,None
18:30:36.312,Active,408.9,2.4,98.2,12.0,78.2,Yes,0.0,None
18:30:36.726,Active,407.3,2.4,98.2,12.0,78.2,Yes,0.0,None
18:30:37.142,Active,407.1,2.4,98.8,12.0,78.2,Yes,0.0,None
18:30:37.555,Active,407.1,2.4,98.8,12.0,78.8,Yes,0.0,None
18:30:37.973,Active,411.7,2.4,99.4,12.0,78.2,Yes,0.0,None
18:30:38.386,Active,407.3,2.4,98.2,12.0,78.8,Yes,0.0,None
18:30:38.803,Active,408.2,2.4,98.8,12.0,78.8,Yes,0.0,None
18:30:39.215,Active,406.1,2.4,99.4,12.0,78.2,Yes,0.0,None
18:30:39.639,Active,415.7,2.4,97.0,12.0,78.2,Yes,0.0,None
18:30:40.086,Active,439.1,2.4,96.6,12.1,78.2,Yes,0.0,None
18:30:40.502,Active,406.6,2.4,97.6,12.1,78.8,Yes,0.0,None
18:30:40.920,Active,408.5,2.4,98.2,12.1,78.8,Yes,0.0,None
18:30:41.434,Active,406.3,2.4,79.6,12.1,78.2,Yes,0.0,None
18:30:41.857,Active,414.4,2.4,97.6,12.1,77.7,Yes,0.0,None
18:30:42.273,Active,407.2,2.4,97.6,12.1,78.2,Yes,0.0,None
18:30:42.691,Active,408.3,2.3,98.8,12.1,78.2,Yes,0.0,None
18:30:43.105,Active,406.3,2.3,98.2,12.1,78.8,Yes,0.0,None
18:30:43.518,Active,406.4,2.3,99.4,12.1,79.3,Yes,0.0,None
18:30:43.940,Active,413.5,2.3,97.6,12.0,79.3,Yes,0.0,None
18:30:44.355,Active,407.9,2.3,98.8,12.0,78.8,Yes,0.0,None
18:30:44.772,Active,410.7,2.3,99.4,12.0,78.8,Yes,0.0,None
18:30:45.185,Active,406.1,2.3,98.2,12.0,78.8,Yes,0.0,None
18:30:45.599,Active,407.7,2.3,99.4,12.0,79.3,Yes,0.0,None
18:30:46.012,Active,406.5,2.3,99.4,12.0,78.8,Yes,0.0,None
18:30:46.430,Active,407.9,2.3,98.2,12.0,78.2,Yes,0.0,None
18:30:46.846,Active,407.4,2.4,98.2,12.0,78.8,Yes,0.0,None
18:30:47.284,Active,429.1,2.4,95.4,12.0,78.8,Yes,0.0,None
18:30:47.698,Active,406.5,2.4,98.8,12.0,79.3,Yes,0.0,None
18:30:48.106,Active,402.5,2.4,99.4,12.0,79.3,Yes,0.0,None
18:30:48.518,Active,406.3,2.4,100.0,12.0,78.8,Yes,0.0,None
18:30:48.935,Active,411.3,2.4,98.8,12.0,79.3,Yes,0.0,None
18:30:49.357,Active,415.4,2.4,99.4,12.0,79.8,Yes,0.0,None
18:30:49.781,Active,415.9,2.4,98.8,12.0,79.3,Yes,0.0,None
18:30:50.221,Active,433.2,2.4,99.4,12.1,78.8,Yes,0.0,None
18:30:50.642,Active,415.8,2.4,98.2,12.2,78.8,Yes,0.0,None
18:30:51.065,Active,416.6,2.4,98.8,12.2,79.8,Yes,0.0,None
18:30:51.488,Active,413.7,2.4,98.8,12.2,79.3,Yes,0.0,None
18:30:51.914,Active,418.5,2.4,98.3,12.2,80.4,Yes,0.0,None
18:30:52.339,Active,416.0,2.4,98.2,12.2,79.8,Yes,0.0,None
18:30:52.781,Active,433.5,2.4,96.0,12.1,79.3,Yes,0.0,None
18:30:53.207,Active,415.9,2.4,97.6,12.2,79.3,Yes,0.0,None
18:30:53.665,Active,451.2,2.4,95.6,12.1,79.8,Yes,0.0,None
18:30:54.088,Active,416.4,2.4,98.8,12.2,79.8,Yes,0.0,None
18:30:54.512,Active,416.6,2.4,98.2,12.2,79.8,Yes,0.0,None
18:30:54.935,Active,417.6,2.4,98.8,12.2,78.8,Yes,0.0,None
18:30:55.357,Active,415.0,2.3,98.2,12.2,80.4,Yes,0.0,None
18:30:55.781,Active,417.6,2.3,98.8,12.1,81.0,Yes,0.0,None
18:30:56.208,Active,421.4,2.3,97.6,12.1,79.8,Yes,0.0,None
18:30:56.637,Active,422.5,2.3,97.7,12.1,79.3,Yes,0.0,None
18:30:57.061,Active,417.6,2.3,99.4,12.1,79.8,Yes,0.0,None
18:30:57.484,Active,415.2,2.3,98.2,12.2,79.3,Yes,0.0,None
18:30:57.906,Active,416.1,2.3,98.8,12.2,79.3,Yes,0.0,None
18:30:58.332,Active,416.6,2.3,98.8,12.2,80.4,Yes,0.0,None
18:30:58.757,Active,417.5,2.3,98.8,12.2,79.8,Yes,0.0,None
18:31:44.185,Active,414.3,2.3,1.0,12.1,60.6,Yes,0.0,None
18:31:44.595,Active,404.5,12.0,99.4,12.1,62.2,Yes,0.0,None
18:31:45.009,Active,407.9,12.0,100.0,12.1,63.4,Yes,0.0,None
18:31:45.424,Active,408.8,12.0,98.8,12.2,64.5,Yes,0.0,None
18:31:45.840,Active,409.0,12.0,98.8,12.1,66.1,Yes,0.0,None
18:31:46.254,Active,406.6,12.0,98.8,12.1,66.7,Yes,0.0,None
18:31:46.672,Active,409.3,12.0,97.6,12.1,66.7,Yes,0.0,None
18:31:47.087,Active,407.8,12.0,98.8,12.1,66.7,Yes,0.0,None
18:31:47.504,Active,408.8,12.0,98.8,12.1,67.8,Yes,0.0,None
18:31:47.930,Active,419.8,12.0,97.0,12.1,68.3,Yes,0.0,None
18:31:48.345,Active,405.9,12.0,97.6,12.1,69.4,Yes,0.0,None
18:31:48.760,Active,409.1,2.4,99.4,12.1,68.8,Yes,0.0,None
18:31:49.184,Active,404.4,2.4,95.9,12.0,69.4,Yes,0.0,None
18:31:49.601,Active,406.8,2.4,98.2,12.0,70.0,Yes,0.0,None
18:31:50.015,Active,408.2,2.4,98.8,12.0,70.0,Yes,0.0,None
18:31:50.436,Active,408.4,2.4,97.6,12.1,70.0,Yes,0.0,None
18:31:50.851,Active,408.2,2.4,98.8,12.1,71.0,Yes,0.0,None
18:31:51.269,Active,409.8,2.4,97.6,12.1,70.5,Yes,0.0,None
18:31:51.702,Active,427.2,2.4,99.4,12.1,70.5,Yes,0.0,None
18:31:52.113,Active,405.3,2.4,98.2,12.1,72.2,Yes,0.0,None
18:31:52.535,Active,412.0,2.4,98.2,12.1,72.2,Yes,0.0,None
18:31:52.952,Active,410.8,2.4,98.8,12.1,71.6,Yes,0.0,None
18:31:53.365,Active,406.1,2.4,97.6,12.1,73.2,Yes,0.0,None
18:31:53.783,Active,409.1,2.4,98.8,12.1,71.6,Yes,0.0,None
18:31:54.200,Active,407.8,2.4,98.8,12.1,73.2,Yes,0.0,None
18:31:54.614,Active,407.3,2.4,98.2,12.1,72.7,Yes,0.0,None
18:31:55.033,Active,408.5,2.4,97.6,12.1,73.8,Yes,0.0,None
18:31:55.456,Active,414.0,2.4,97.6,12.1,73.2,Yes,0.0,None
18:31:55.873,Active,409.0,2.4,98.8,12.1,73.2,Yes,0.0,None
18:31:56.288,Active,406.5,2.4,98.2,12.1,73.8,Yes,0.0,None
18:31:56.704,Active,408.9,2.4,98.8,12.1,73.8,Yes,0.0,None
18:31:57.116,Active,406.5,2.4,98.8,12.1,73.8,Yes,0.0,None
18:31:57.532,Active,408.5,2.4,98.8,12.1,74.3,Yes,0.0,None
18:31:57.950,Active,408.6,2.4,98.2,12.1,74.9,Yes,0.0,None
18:31:58.365,Active,405.6,2.4,98.2,12.1,74.3,Yes,0.0,None
18:31:58.780,Active,408.0,2.4,99.4,12.1,74.3,Yes,0.0,None
18:31:59.193,Active,406.0,2.4,98.8,12.1,75.5,Yes,0.0,None
18:31:59.608,Active,408.7,2.4,99.4,12.1,74.9,Yes,0.0,None
18:32:00.021,Active,406.3,2.4,98.8,12.1,75.5,Yes,0.0,None
18:32:00.441,Active,408.3,2.4,98.2,12.1,74.9,Yes,0.0,None
18:32:00.861,Active,414.7,2.4,98.2,12.1,74.9,Yes,0.0,None
18:32:01.279,Active,407.8,2.4,97.6,12.1,75.5,Yes,0.0,None
18:32:01.694,Active,407.2,2.4,98.8,12.1,74.9,Yes,0.0,None
18:32:02.127,Active,423.2,2.4,98.3,12.1,74.9,Yes,0.0,None
18:32:02.542,Active,407.5,2.4,98.8,12.1,76.0,Yes,0.0,None
18:32:02.959,Active,408.0,2.4,98.2,12.1,75.5,Yes,0.0,None
18:32:03.371,Active,406.2,2.4,99.4,12.1,76.5,Yes,0.0,None
18:32:03.803,Active,426.2,2.4,97.1,12.1,76.5,Yes,0.0,None
18:32:04.215,Active,405.9,2.4,99.4,12.1,76.0,Yes,0.0,None
18:32:04.628,Active,407.4,2.4,98.8,12.1,76.0,Yes,0.0,None
18:32:05.045,Active,409.4,2.4,98.8,12.1,76.5,Yes,0.0,None
18:32:05.458,Active,407.1,2.4,98.8,12.1,76.0,Yes,0.0,None
18:32:05.884,Active,419.8,2.4,99.4,12.1,76.0,Yes,0.0,None
18:32:06.299,Active,408.1,2.4,98.2,12.1,76.0,Yes,0.0,None
18:32:06.718,Active,409.3,2.4,97.6,12.1,77.1,Yes,0.0,None
18:32:07.135,Active,405.4,2.4,98.2,12.1,76.5,Yes,0.0,None
18:32:07.546,Active,403.8,2.4,98.8,12.1,76.5,Yes,0.0,None
18:32:07.962,Active,410.7,2.4,99.4,12.1,76.5,Yes,0.0,None
18:32:08.378,Active,407.1,2.4,98.2,12.1,75.5,Yes,0.0,None
18:32:08.797,Active,412.4,2.4,98.8,12.0,77.1,Yes,0.0,None
18:32:09.209,Active,406.5,2.4,98.2,12.0,76.5,Yes,0.0,None
18:32:09.624,Active,408.3,2.4,98.8,12.0,76.5,Yes,0.0,None
18:32:10.039,Active,409.4,2.4,98.8,12.0,76.5,Yes,0.0,None
18:32:10.454,Active,406.5,2.4,98.8,12.0,76.5,Yes,0.0,None
18:32:10.873,Active,409.5,2.4,98.2,12.0,76.5,Yes,0.0,None
18:32:11.285,Active,406.3,2.4,98.8,12.0,77.1,Yes,0.0,None
18:32:11.699,Active,406.9,2.4,99.4,12.0,76.5,Yes,0.0,None
18:32:12.121,Active,416.2,2.4,99.4,12.2,77.7,Yes,0.0,None
18:32:12.533,Active,406.4,2.4,99.4,12.2,77.1,Yes,0.0,None
18:32:12.946,Active,407.2,2.4,98.8,12.2,77.1,Yes,0.0,None
18:32:13.360,Active,407.7,2.4,99.4,12.2,77.1,Yes,0.0,None
18:32:13.776,Active,409.3,2.4,99.4,12.2,77.7,Yes,0.0,None
18:32:14.194,Active,410.6,2.4,98.8,12.2,77.1,Yes,0.0,None
18:32:14.610,Active,406.5,2.4,98.2,12.2,77.1,Yes,0.0,None
18:32:15.028,Active,408.7,2.4,97.6,12.1,77.1,Yes,0.0,None
18:32:15.442,Active,407.7,2.4,98.8,12.1,77.7,Yes,0.0,None
18:32:15.860,Active,408.7,2.4,97.6,12.1,77.7,Yes,0.0,None
18:32:16.276,Active,408.6,2.4,98.8,12.1,78.2,Yes,0.0,None
18:32:16.696,Active,411.0,2.4,98.2,12.1,77.7,Yes,0.0,None
18:32:17.116,Active,412.7,2.4,98.2,12.1,77.7,Yes,0.0,None
18:32:17.533,Active,409.9,2.4,98.8,12.1,78.2,Yes,0.0,None
18:32:17.968,Active,428.9,2.4,95.4,12.1,77.7,Yes,0.0,None
18:32:18.380,Active,406.5,2.4,99.4,12.1,78.2,Yes,0.0,None
18:32:18.797,Active,410.5,2.4,98.2,12.1,77.7,Yes,0.0,None
18:32:19.219,Active,416.3,2.4,97.0,12.1,78.2,Yes,0.0,None
18:32:19.631,Active,405.4,2.4,98.8,12.1,78.8,Yes,0.0,None
18:32:20.049,Active,411.9,2.4,98.8,12.1,78.2,Yes,0.0,None
18:32:20.463,Active,407.7,2.4,98.2,12.0,78.2,Yes,0.0,None
18:32:20.878,Active,407.4,2.4,98.2,12.0,77.7,Yes,0.0,None
18:32:21.296,Active,408.6,2.4,98.8,12.0,78.2,Yes,0.0,None
18:32:21.715,Active,411.3,2.4,98.2,12.0,78.2,Yes,0.0,None
18:32:22.134,Active,407.6,2.4,97.6,12.0,78.2,Yes,0.0,None
18:32:22.557,Active,417.5,2.4,99.4,12.2,78.8,Yes,0.0,None
18:32:22.977,Active,410.2,2.4,97.6,12.2,78.2,Yes,0.0,None
18:32:23.395,Active,407.8,2.4,98.2,12.2,78.2,Yes,0.0,None
18:32:23.907,Active,411.1,2.4,80.9,12.2,78.2,Yes,0.0,None
18:32:24.341,Active,425.6,2.4,95.4,12.2,77.7,Yes,0.0,None
18:32:24.758,Active,409.1,2.4,98.2,12.1,78.8,Yes,0.0,None
18:32:25.176,Active,406.9,2.4,98.2,12.1,78.8,Yes,0.0,None
18:32:25.590,Active,407.3,2.4,98.8,12.1,78.8,Yes,0.0,None
18:32:26.006,Active,409.8,2.4,99.4,12.1,78.8,Yes,0.0,None
18:32:26.427,Active,411.6,2.3,97.6,12.1,78.2,Yes,0.0,None
18:32:26.845,Active,410.0,2.3,98.2,12.1,78.2,Yes,0.0,None
18:32:27.261,Active,407.4,2.3,98.2,12.1,78.2,Yes,0.0,None
18:32:27.679,Active,409.5,2.3,98.8,12.1,78.8,Yes,0.0,None
18:32:28.095,Active,408.2,2.3,98.2,12.1,77.7,Yes,0.0,None
18:32:28.516,Active,414.6,2.3,97.6,12.1,78.8,Yes,0.0,None
18:32:28.951,Active,428.4,2.3,96.0,12.1,78.8,Yes,0.0,None
18:32:29.368,Active,410.5,2.3,98.8,12.1,78.8,Yes,0.0,None
18:32:29.784,Active,408.7,2.3,98.2,12.1,78.8,Yes,0.0,None
18:32:30.197,Active,405.7,2.3,98.8,12.1,78.8,Yes,0.0,None
18:32:30.613,Active,406.5,2.4,98.2,12.1,78.8,Yes,0.0,None
18:32:31.030,Active,409.8,2.4,98.8,12.1,78.2,Yes,0.0,None
18:32:31.446,Active,409.8,2.4,98.8,12.1,78.8,Yes,0.0,None
18:32:31.862,Active,410.2,2.4,98.8,12.1,78.2,Yes,0.0,None
18:32:32.283,Active,415.0,2.4,99.4,12.1,78.8,Yes,0.0,None
18:32:32.712,Active,423.2,2.4,98.8,12.1,79.3,Yes,0.0,None
18:32:33.129,Active,409.6,2.4,98.8,12.1,79.3,Yes,0.0,None
18:32:33.543,Active,408.0,2.4,98.8,12.1,78.8,Yes,0.0,None
18:32:33.963,Active,414.4,2.4,99.4,12.1,78.8,Yes,0.0,None
18:32:34.385,Active,416.0,2.4,98.8,12.0,78.8,Yes,0.0,None
18:32:34.811,Active,417.7,2.4,98.2,12.1,78.8,Yes,0.0,None
18:32:35.235,Active,414.1,2.4,98.2,12.0,79.3,Yes,0.0,None
18:32:35.658,Active,415.8,2.4,98.8,12.0,78.8,Yes,0.0,None
18:32:36.083,Active,417.4,2.4,99.4,12.0,78.8,Yes,0.0,None
18:32:36.505,Active,414.9,2.4,98.8,12.0,79.3,Yes,0.0,None
18:32:36.927,Active,415.7,2.4,99.4,12.0,78.8,Yes,0.0,None
18:32:37.349,Active,413.9,2.4,98.8,12.0,79.3,Yes,0.0,None
18:32:37.777,Active,418.1,2.4,98.3,12.0,79.3,Yes,0.0,None
18:32:38.201,Active,416.2,2.4,98.2,12.0,79.3,Yes,0.0,None
18:32:38.629,Active,418.3,2.4,98.3,12.0,78.8,Yes,0.0,None
18:32:39.053,Active,417.1,2.4,98.2,12.0,79.3,Yes,0.0,None
18:32:39.483,Active,419.5,2.4,97.7,12.0,79.8,Yes,0.0,None
18:32:39.908,Active,416.9,2.4,98.8,12.0,78.2,Yes,0.0,None
18:32:40.332,Active,417.2,2.4,98.8,12.0,80.4,Yes,0.0,None
18:32:40.756,Active,417.2,2.4,98.2,12.0,79.8,Yes,0.0,None
18:32:41.179,Active,415.7,2.4,98.8,12.0,79.3,Yes,0.0,None
18:32:41.601,Active,416.1,2.4,99.4,12.0,79.8,Yes,0.0,None
18:32:42.038,Active,428.2,2.4,96.6,12.0,80.4,Yes,0.0,None
18:32:42.464,Active,416.4,2.4,98.2,12.0,79.3,Yes,0.0,None
18:32:42.902,Active,431.1,2.4,98.9,12.0,79.3,Yes,0.0,None
18:32:43.323,Active,414.3,2.3,99.4,12.0,79.3,Yes,0.0,None
18:32:43.745,Active,416.7,2.3,98.8,12.0,79.3,Yes,0.0,None
18:32:44.173,Active,416.1,2.3,98.8,12.0,79.3,Yes,0.0,None
18:33:29.604,Active,417.9,2.3,1.2,12.0,60.6,Yes,0.0,None
18:33:30.023,Active,407.7,2.3,98.8,12.1,61.7,Yes,0.0,None
18:33:30.438,Active,408.3,2.3,98.8,12.1,63.4,Yes,0.0,None
18:33:30.854,Active,410.0,2.3,98.8,12.1,63.9,Yes,0.0,None
18:33:31.272,Active,409.3,2.3,98.2,12.1,65.0,Yes,0.0,None
18:33:31.688,Active,408.2,2.3,98.8,12.1,64.5,Yes,0.0,None
18:33:32.103,Active,408.1,2.3,98.8,12.1,65.5,Yes,0.0,None
18:33:32.524,Active,408.8,3.0,97.0,12.1,67.8,Yes,0.0,None
18:33:32.940,Active,410.2,3.0,98.2,12.1,67.8,Yes,0.0,None
18:33:33.354,Active,403.7,3.0,98.2,12.1,68.3,Yes,0.0,None
18:33:33.771,Active,406.9,3.0,98.2,12.1,68.3,Yes,0.0,None
18:33:34.207,Active,425.7,3.0,98.3,12.3,69.4,Yes,0.0,None
18:33:34.622,Active,407.1,3.0,98.8,12.3,69.4,Yes,0.0,None
18:33:35.035,Active,406.9,3.0,98.2,12.3,70.0,Yes,0.0,None
18:33:35.449,Active,406.1,3.0,98.8,12.3,70.0,Yes,0.0,None
18:33:35.868,Active,410.2,3.0,98.2,12.4,70.5,Yes,0.0,None
18:33:36.294,Active,420.2,3.0,96.5,12.4,70.5,Yes,0.0,None
18:33:36.716,Active,413.3,2.4,98.2,12.3,71.0,Yes,0.0,None
18:33:37.131,Active,407.9,2.4,98.8,12.3,71.0,Yes,0.0,None
18:33:37.544,Active,404.4,2.4,98.2,12.2,71.6,Yes,0.0,None
18:33:37.965,Active,410.8,2.4,98.2,12.2,72.2,Yes,0.0,None
18:33:38.380,Active,407.5,2.4,98.2,12.2,72.7,Yes,0.0,None
18:33:38.903,Active,413.0,2.4,79.4,12.2,72.2,Yes,0.0,None
18:33:39.321,Active,407.7,2.4,98.2,12.3,72.7,Yes,0.0,None
18:33:39.739,Active,409.2,2.4,97.6,12.2,72.7,Yes,0.0,None
18:33:40.157,Active,408.0,2.4,98.2,12.2,72.7,Yes,0.0,None
18:33:40.574,Active,407.0,2.4,98.2,12.2,72.7,Yes,0.0,None
18:33:40.991,Active,408.2,2.3,98.2,12.2,73.8,Yes,0.0,None
18:33:41.406,Active,406.7,2.3,98.8,12.2,72.7,Yes,0.0,None
18:33:41.825,Active,410.2,2.3,98.2,12.2,73.8,Yes,0.0,None
18:33:42.241,Active,409.3,2.3,98.8,12.2,74.3,Yes,0.0,None
18:33:42.654,Active,407.1,2.3,98.8,12.2,73.8,Yes,0.0,None
18:33:43.067,Active,406.3,2.3,99.4,12.2,73.8,Yes,0.0,None
18:33:43.479,Active,406.1,2.3,99.4,12.2,74.9,Yes,0.0,None
18:33:43.895,Active,410.2,2.3,99.4,12.1,74.3,Yes,0.0,None
18:33:44.315,Active,414.0,2.3,99.4,12.1,74.9,Yes,0.0,None
18:33:44.730,Active,407.4,2.3,99.4,12.2,74.3,Yes,0.0,None
18:33:45.144,Active,405.1,2.4,99.4,12.2,73.8,Yes,0.0,None
18:33:45.558,Active,406.9,2.4,99.4,12.2,74.9,Yes,0.0,None
18:33:45.974,Active,410.1,2.4,99.4,12.1,74.9,Yes,0.0,None
18:33:46.387,Active,406.6,2.4,99.4,12.1,74.9,Yes,0.0,None
18:33:46.805,Active,410.8,2.4,98.2,12.1,74.9,Yes,0.0,None
18:33:47.220,Active,408.7,2.4,99.4,12.1,75.5,Yes,0.0,None
18:33:47.634,Active,407.2,2.4,98.2,12.1,76.0,Yes,0.0,None
18:33:48.052,Active,409.4,2.4,98.2,12.1,75.5,Yes,0.0,None
18:33:48.467,Active,407.8,2.4,98.8,12.1,74.9,Yes,0.0,None
18:33:48.886,Active,410.8,2.4,98.8,12.1,74.3,Yes,0.0,None
18:33:49.302,Active,406.8,2.4,97.6,12.1,76.0,Yes,0.0,None
18:33:49.721,Active,410.0,2.4,98.2,12.1,76.5,Yes,0.0,None
18:33:50.136,Active,408.6,2.4,99.4,12.1,76.0,Yes,0.0,None
18:33:50.549,Active,406.3,2.4,98.8,12.1,76.5,Yes,0.0,None
18:33:50.971,Active,412.2,2.4,98.2,12.1,76.0,Yes,0.0,None
18:33:51.385,Active,407.0,2.4,98.8,12.1,76.5,Yes,0.0,None
18:33:51.802,Active,411.4,2.4,98.8,12.1,76.5,Yes,0.0,None
18:33:52.215,Active,406.5,2.4,99.4,12.1,76.5,Yes,0.0,None
18:33:52.629,Active,406.4,2.4,98.2,12.1,76.5,Yes,0.0,None
18:33:53.047,Active,407.6,2.4,98.2,12.0,76.5,Yes,0.0,None
18:33:53.458,Active,404.9,2.4,98.8,12.0,76.0,Yes,0.0,None
18:33:53.876,Active,408.4,2.4,98.2,12.0,76.5,Yes,0.0,None
18:33:54.291,Active,405.6,2.4,98.2,12.1,76.0,Yes,0.0,None
18:33:54.719,Active,420.8,2.4,99.4,12.1,76.5,Yes,0.0,None
18:33:55.137,Active,408.2,2.4,98.8,12.1,76.5,Yes,0.0,None
18:33:55.552,Active,407.6,2.4,98.2,12.1,77.1,Yes,0.0,None
18:33:55.973,Active,413.6,2.4,98.8,12.1,76.5,Yes,0.0,None
18:33:56.384,Active,405.0,2.4,98.2,12.1,77.7,Yes,0.0,None
18:33:56.799,Active,408.5,2.4,100.0,12.1,77.1,Yes,0.0,None
18:33:57.211,Active,406.2,2.4,99.4,12.1,77.1,Yes,0.0,None
18:33:57.623,Active,406.1,2.4,98.8,12.1,77.7,Yes,0.0,None
18:33:58.038,Active,409.6,2.4,99.4,12.1,77.1,Yes,0.0,None
18:33:58.450,Active,405.9,2.4,100.0,12.0,77.7,Yes,0.0,None
18:33:58.873,Active,413.6,2.4,97.6,12.1,77.1,Yes,0.0,None
18:33:59.287,Active,407.9,2.4,98.8,12.0,77.1,Yes,0.0,None
18:33:59.710,Active,417.0,2.4,98.8,12.1,77.7,Yes,0.0,None
18:34:00.125,Active,405.8,2.4,98.8,12.0,77.1,Yes,0.0,None
18:34:00.540,Active,408.7,2.4,98.8,12.0,77.1,Yes,0.0,None
18:34:00.959,Active,412.4,2.4,98.8,12.0,78.8,Yes,0.0,None
18:34:01.374,Active,407.0,2.4,98.8,12.1,76.0,Yes,0.0,None
18:34:01.803,Active,419.8,2.4,96.5,12.0,77.7,Yes,0.0,None
18:34:02.220,Active,407.6,2.4,98.2,12.0,77.1,Yes,0.0,None
18:34:02.648,Active,420.8,2.4,97.1,12.0,77.7,Yes,0.0,None
18:34:03.063,Active,408.3,2.4,98.8,12.0,77.7,Yes,0.0,None
18:34:03.481,Active,409.6,2.4,98.8,12.0,78.2,Yes,0.0,None
18:34:03.899,Active,412.0,2.4,98.2,12.1,77.7,Yes,0.0,None
18:34:04.316,Active,408.6,2.4,98.8,12.0,77.7,Yes,0.0,None
18:34:04.734,Active,411.1,2.4,98.8,12.0,77.7,Yes,0.0,None
18:34:05.167,Active,424.3,2.4,98.2,12.1,77.7,Yes,0.0,None
18:34:05.588,Active,410.5,2.4,97.6,12.1,77.1,Yes,0.0,None
18:34:06.012,Active,416.6,2.4,98.8,12.1,77.7,Yes,0.0,None
18:34:06.429,Active,410.2,2.4,97.6,12.1,78.2,Yes,0.0,None
18:34:06.849,Active,409.9,2.4,98.2,12.1,77.7,Yes,0.0,None
18:34:07.263,Active,407.0,2.4,98.8,12.1,77.7,Yes,0.0,None
18:34:07.682,Active,409.7,2.4,97.6,12.1,78.2,Yes,0.0,None
18:34:08.097,Active,406.3,2.4,98.8,12.1,78.2,Yes,0.0,None
18:34:08.513,Active,409.1,2.4,98.8,12.0,78.2,Yes,0.0,None
18:34:08.939,Active,420.6,2.4,97.0,12.0,78.2,Yes,0.0,None
18:34:09.353,Active,406.1,2.4,98.2,12.0,78.2,Yes,0.0,None
18:34:09.769,Active,407.3,2.4,98.2,12.1,78.2,Yes,0.0,None
18:34:10.183,Active,407.9,2.4,98.8,12.1,77.7,Yes,0.0,None
18:34:10.594,Active,405.6,2.4,99.4,12.1,78.8,Yes,0.0,None
18:34:11.009,Active,408.6,2.4,99.4,12.1,78.2,Yes,0.0,None
18:34:11.421,Active,405.6,2.4,99.4,12.1,78.2,Yes,0.0,None
18:34:11.839,Active,412.1,2.4,99.4,12.0,78.8,Yes,0.0,None
18:34:12.253,Active,408.2,2.4,98.8,12.0,78.8,Yes,0.0,None
18:34:12.669,Active,409.5,2.4,98.8,12.0,79.3,Yes,0.0,None
18:34:13.172,Active,408.3,2.4,81.7,12.0,77.7,Yes,0.0,None
18:34:13.589,Active,409.6,2.4,98.8,12.0,78.2,Yes,0.0,None
18:34:14.006,Active,411.3,2.4,98.2,12.0,78.2,Yes,0.0,None
18:34:14.423,Active,408.1,2.4,98.2,12.0,78.8,Yes,0.0,None
18:34:14.837,Active,407.4,2.4,99.4,12.0,76.5,Yes,0.0,None
18:34:15.267,Active,424.5,2.4,99.4,12.1,78.8,Yes,0.0,None
18:34:15.687,Active,408.5,2.4,98.2,12.1,78.8,Yes,0.0,None
18:34:16.106,Active,410.9,2.4,97.6,12.1,79.3,Yes,0.0,None
18:34:16.524,Active,408.6,2.4,98.8,12.1,78.8,Yes,0.0,None
18:34:16.940,Active,410.0,2.4,98.8,12.1,78.2,Yes,0.0,None
18:34:17.356,Active,410.1,2.4,98.8,12.1,78.2,Yes,0.0,None
18:34:17.772,Active,409.1,2.4,98.2,12.1,78.8,Yes,0.0,None
18:34:18.185,Active,405.6,2.4,98.8,12.0,78.8,Yes,0.0,None
18:34:18.596,Active,404.9,2.4,98.8,12.1,79.3,Yes,0.0,None
18:34:19.012,Active,410.6,2.4,99.4,12.1,79.3,Yes,0.0,None
18:34:19.428,Active,405.8,2.4,98.2,12.1,79.8,Yes,0.0,None
18:34:19.847,Active,409.4,2.4,97.6,12.1,79.3,Yes,0.0,None
18:34:20.263,Active,407.5,2.4,98.8,12.1,78.8,Yes,0.0,None
18:34:20.683,Active,412.1,2.4,97.6,12.0,79.3,Yes,0.0,None
18:34:21.092,Active,402.5,2.4,98.8,12.0,79.3,Yes,0.0,None
18:34:21.508,Active,406.9,2.4,98.8,12.1,79.8,Yes,0.0,None
18:34:21.927,Active,410.0,2.4,98.2,12.1,79.3,Yes,0.0,None
18:34:22.343,Active,408.9,2.4,98.2,12.1,78.8,Yes,0.0,None
18:34:22.764,Active,412.6,2.4,98.8,12.1,79.3,Yes,0.0,None
18:34:23.183,Active,408.4,2.4,97.0,12.0,78.8,Yes,0.0,None
18:34:23.596,Active,406.7,2.4,98.8,12.0,78.8,Yes,0.0,None
18:34:24.017,Active,410.6,2.4,98.2,12.0,79.3,Yes,0.0,None
18:34:24.430,Active,406.3,2.4,98.8,12.0,78.8,Yes,0.0,None
18:34:24.849,Active,409.7,2.4,98.2,12.0,79.8,Yes,0.0,None
18:34:25.324,Active,465.4,2.4,92.6,12.1,78.8,Yes,0.0,None
18:34:25.742,Active,408.3,2.4,98.2,12.1,78.8,Yes,0.0,None
18:34:26.164,Active,411.8,2.4,98.2,12.1,79.3,Yes,0.0,None
18:34:26.589,Active,415.2,2.4,98.2,12.1,79.8,Yes,0.0,None
18:34:27.016,Active,417.3,2.4,97.7,12.1,79.3,Yes,0.0,None
18:34:27.439,Active,413.6,2.4,98.2,12.1,78.8,Yes,0.0,None
18:34:27.862,Active,416.5,2.4,99.4,12.1,78.8,Yes,0.0,None
18:34:28.286,Active,415.3,2.4,98.8,12.1,78.8,Yes,0.0,None
18:34:28.714,Active,419.3,2.4,98.8,12.1,79.3,Yes,0.0,None
18:34:29.136,Active,415.4,2.4,99.4,12.1,79.3,Yes,0.0,None
18:34:29.559,Active,417.2,2.4,98.8,12.1,79.8,Yes,0.0,None
18:35:14.999,Active,426.7,2.4,1.0,12.0,61.1,Yes,0.0,None
18:35:15.411,Active,404.1,2.4,99.4,12.0,61.7,Yes,0.0,None
18:35:15.828,Active,411.0,2.4,99.4,12.0,63.4,Yes,0.0,None
18:35:16.243,Active,408.1,6.0,98.2,12.0,64.5,Yes,0.0,None
18:35:16.675,Active,424.0,6.0,98.3,12.3,65.0,Yes,0.0,None
18:35:17.088,Active,407.2,6.0,99.4,12.3,66.1,Yes,0.0,None
18:35:17.507,Active,408.2,6.0,98.2,12.3,66.7,Yes,0.0,None
18:35:17.925,Active,410.2,6.0,98.2,12.3,67.8,Yes,0.0,None
18:35:18.344,Active,408.6,6.0,97.6,12.3,68.3,Yes,0.0,None
18:35:18.760,Active,408.7,6.0,98.8,12.2,69.4,Yes,0.0,None
18:35:19.173,Active,405.6,6.0,98.8,12.2,68.8,Yes,0.0,None
18:35:19.587,Active,408.2,6.0,99.4,12.2,68.3,Yes,0.0,None
18:35:20.004,Active,410.4,6.0,98.8,12.2,70.0,Yes,0.0,None
18:35:20.420,Active,410.2,2.4,99.4,12.2,69.4,Yes,0.0,None
18:35:20.837,Active,410.3,2.4,98.2,12.2,70.5,Yes,0.0,None
18:35:21.256,Active,412.6,2.4,98.2,12.1,69.4,Yes,0.0,None
18:35:21.671,Active,407.9,2.4,98.8,12.1,71.6,Yes,0.0,None
18:35:22.087,Active,409.9,2.4,98.8,12.1,71.6,Yes,0.0,None
18:35:22.500,Active,407.0,2.4,98.8,12.1,71.6,Yes,0.0,None
18:35:22.917,Active,411.1,2.4,99.4,12.1,71.6,Yes,0.0,None
18:35:23.341,Active,416.1,2.4,96.4,12.1,72.2,Yes,0.0,None
18:35:23.759,Active,409.7,2.4,98.8,12.1,72.2,Yes,0.0,None
18:35:24.173,Active,406.4,2.4,98.2,12.1,72.7,Yes,0.0,None
18:35:24.589,Active,409.3,2.4,98.8,12.1,73.2,Yes,0.0,None
18:35:25.004,Active,408.7,2.4,98.8,12.2,73.8,Yes,0.0,None
18:35:25.419,Active,408.2,2.4,98.8,12.2,72.7,Yes,0.0,None
18:35:25.835,Active,409.9,2.4,98.8,12.2,72.7,Yes,0.0,None
18:35:26.251,Active,410.4,2.4,98.8,12.2,73.2,Yes,0.0,None
18:35:26.677,Active,418.1,2.4,97.0,12.2,72.7,Yes,0.0,None
18:35:27.106,Active,420.5,2.4,98.3,12.3,74.3,Yes,0.0,None
18:35:27.523,Active,408.1,2.4,98.2,12.3,73.2,Yes,0.0,None
18:35:27.958,Active,426.9,2.4,95.3,12.3,73.8,Yes,0.0,None
18:35:28.376,Active,408.5,2.4,98.2,12.3,74.3,Yes,0.0,None
18:35:28.797,Active,413.8,2.4,98.2,12.3,73.8,Yes,0.0,None
18:35:29.213,Active,410.0,2.4,98.8,12.3,74.3,Yes,0.0,None
18:35:29.630,Active,410.8,2.4,98.2,12.2,74.3,Yes,0.0,None
18:35:30.050,Active,411.3,2.4,97.1,12.2,74.9,Yes,0.0,None
18:35:30.466,Active,407.3,2.4,98.8,12.2,75.5,Yes,0.0,None
18:35:30.885,Active,409.6,2.4,98.2,12.2,74.9,Yes,0.0,None
18:35:31.299,Active,408.4,2.4,98.8,12.2,74.9,Yes,0.0,None
18:35:31.722,Active,414.9,2.4,97.0,12.2,75.5,Yes,0.0,None
18:35:32.139,Active,407.8,2.4,98.8,12.2,75.5,Yes,0.0,None
18:35:32.555,Active,408.0,2.4,98.8,12.1,75.5,Yes,0.0,None
18:35:32.971,Active,409.9,2.4,98.2,12.2,74.9,Yes,0.0,None
18:35:33.381,Active,404.4,2.4,99.4,12.1,76.0,Yes,0.0,None
18:35:33.795,Active,407.5,2.4,100.0,12.1,76.0,Yes,0.0,None
18:35:34.211,Active,410.4,2.4,98.8,12.1,75.5,Yes,0.0,None
18:35:34.622,Active,405.5,2.4,98.8,12.1,76.0,Yes,0.0,None
18:35:35.047,Active,415.7,2.4,97.6,12.1,76.0,Yes,0.0,None
18:35:35.463,Active,408.4,2.4,98.2,12.1,75.5,Yes,0.0,None
18:35:35.879,Active,408.1,2.4,98.8,12.1,76.5,Yes,0.0,None
18:35:36.295,Active,408.0,2.4,99.4,12.1,76.5,Yes,0.0,None
18:35:36.711,Active,410.0,2.4,98.8,12.0,76.0,Yes,0.0,None
18:35:37.138,Active,421.5,2.4,99.4,12.1,76.5,Yes,0.0,None
18:35:37.551,Active,406.8,2.4,99.4,12.2,76.0,Yes,0.0,None
18:35:37.969,Active,411.9,2.4,98.8,12.2,76.5,Yes,0.0,None
18:35:38.396,Active,420.7,2.4,97.1,12.2,76.5,Yes,0.0,None
18:35:38.817,Active,414.3,2.4,98.2,12.2,77.1,Yes,0.0,None
18:35:39.236,Active,408.9,2.4,98.2,12.2,76.5,Yes,0.0,None
18:35:39.653,Active,409.4,2.4,98.8,12.2,74.9,Yes,0.0,None
18:35:40.083,Active,422.4,2.4,96.0,12.1,77.7,Yes,0.0,None
18:35:40.497,Active,406.1,2.4,98.2,12.1,76.5,Yes,0.0,None
18:35:40.916,Active,410.6,2.4,98.2,12.1,77.1,Yes,0.0,None
18:35:41.332,Active,408.5,2.4,98.8,12.1,77.1,Yes,0.0,None
18:35:41.749,Active,411.5,2.4,98.2,12.1,76.5,Yes,0.0,None
18:35:42.165,Active,407.5,2.4,98.2,12.1,77.1,Yes,0.0,None
18:35:42.579,Active,407.6,2.4,99.4,12.1,77.1,Yes,0.0,None
18:35:42.999,Active,411.5,2.4,97.0,12.1,76.5,Yes,0.0,None
18:35:43.411,Active,406.3,2.4,99.4,12.1,77.1,Yes,0.0,None
18:35:43.833,Active,416.1,2.4,97.6,12.1,77.7,Yes,0.0,None
18:35:44.248,Active,406.0,2.4,98.8,12.1,77.1,Yes,0.0,None
18:35:44.661,Active,407.4,2.4,98.8,12.1,77.1,Yes,0.0,None
18:35:45.084,Active,412.7,2.4,98.2,12.1,77.1,Yes,0.0,None
18:35:45.497,Active,406.6,2.4,98.8,12.1,77.7,Yes,0.0,None
18:35:45.912,Active,409.6,2.4,99.4,12.1,77.1,Yes,0.0,None
18:35:46.331,Active,409.2,2.4,98.2,12.1,78.2,Yes,0.0,None
18:35:46.753,Active,412.3,2.4,97.6,12.1,77.1,Yes,0.0,None
18:35:47.166,Active,406.5,2.4,98.8,12.1,78.2,Yes,0.0,None
18:35:47.620,Active,444.6,2.4,94.4,12.1,77.7,Yes,0.0,None
18:35:48.051,Active,424.0,2.4,96.5,12.1,77.7,Yes,0.0,None
18:35:48.472,Active,410.2,2.4,98.2,12.1,78.8,Yes,0.0,None
18:35:48.890,Active,412.2,2.4,98.8,12.1,77.7,Yes,0.0,None
18:35:49.302,Active,406.4,2.4,98.8,12.1,77.1,Yes,0.0,None
18:35:49.720,Active,407.9,2.4,98.2,12.1,77.7,Yes,0.0,None
18:35:50.135,Active,409.1,2.4,98.8,12.1,77.1,Yes,0.0,None
18:35:50.571,Active,427.9,2.4,95.4,12.1,77.7,Yes,0.0,None
18:35:51.001,Active,423.0,2.4,96.5,12.1,77.7,Yes,0.0,None
18:35:51.414,Active,406.5,2.4,98.8,12.1,77.7,Yes,0.0,None
18:35:51.834,Active,410.5,2.4,98.2,12.1,77.7,Yes,0.0,None
18:35:52.252,Active,408.1,2.4,98.2,12.1,77.7,Yes,0.0,None
18:35:52.668,Active,409.1,2.4,98.2,12.1,77.7,Yes,0.0,None
18:35:53.181,Active,413.1,2.4,80.4,12.0,78.2,Yes,0.0,None
18:35:53.598,Active,407.3,2.4,97.6,12.1,77.1,Yes,0.0,None
18:35:54.019,Active,411.7,2.3,98.2,12.1,78.2,Yes,0.0,None
18:35:54.435,Active,408.1,2.3,98.2,12.1,78.2,Yes,0.0,None
18:35:54.851,Active,409.3,2.3,99.4,12.1,78.8,Yes,0.0,None
18:35:55.263,Active,405.6,2.3,99.4,12.1,78.2,Yes,0.0,None
18:35:55.681,Active,408.7,2.3,98.2,12.0,78.2,Yes,0.0,None
18:35:56.098,Active,407.1,2.3,97.6,12.0,77.7,Yes,0.0,None
18:35:56.524,Active,420.1,2.3,97.0,12.0,78.8,Yes,0.0,None
18:35:56.944,Active,410.0,2.3,98.2,12.0,78.8,Yes,0.0,None
18:35:57.360,Active,407.8,2.3,98.8,12.0,79.3,Yes,0.0,None
18:35:57.798,Active,429.6,2.3,98.3,12.1,79.8,Yes,0.0,None
18:35:58.214,Active,406.0,2.4,98.2,12.1,78.8,Yes,0.0,None
18:35:58.633,Active,409.6,2.4,97.0,12.1,78.2,Yes,0.0,None
18:35:59.068,Active,425.7,2.4,95.4,12.1,78.2,Yes,0.0,None
18:35:59.487,Active,412.1,2.4,98.2,12.1,78.8,Yes,0.0,None
18:35:59.905,Active,409.8,2.4,98.8,12.1,78.8,Yes,0.0,None
18:36:00.319,Active,407.8,2.4,98.8,12.1,77.7,Yes,0.0,None
18:36:00.740,Active,412.6,2.4,98.8,12.1,78.8,Yes,0.0,None
18:36:01.156,Active,409.4,2.4,98.2,12.1,78.2,Yes,0.0,None
18:36:01.571,Active,407.5,2.4,98.8,12.1,78.8,Yes,0.0,None
18:36:01.988,Active,410.9,2.4,98.8,12.0,78.8,Yes,0.0,None
18:36:02.402,Active,406.5,2.4,98.2,12.1,79.3,Yes,0.0,None
18:36:02.819,Active,408.0,2.4,98.2,12.1,78.8,Yes,0.0,None
18:36:03.235,Active,408.0,2.4,98.2,12.1,78.8,Yes,0.0,None
18:36:03.744,Active,408.2,2.4,81.2,12.1,78.8,Yes,0.0,None
18:36:04.161,Active,406.9,2.4,97.6,12.1,78.2,Yes,0.0,None
18:36:04.574,Active,406.8,2.4,99.4,12.0,79.3,Yes,0.0,None
18:36:04.993,Active,409.1,2.4,98.2,12.0,78.8,Yes,0.0,None
18:36:05.408,Active,406.2,2.4,98.2,12.0,78.8,Yes,0.0,None
18:36:05.824,Active,409.4,2.4,98.8,12.0,78.8,Yes,0.0,None
18:36:06.340,Active,408.9,2.4,79.8,12.0,78.2,Yes,0.0,None
18:36:06.758,Active,413.0,2.3,98.8,12.0,79.3,Yes,0.0,None
18:36:07.175,Active,408.1,2.3,98.2,12.0,79.3,Yes,0.0,None
18:36:07.590,Active,407.3,2.3,98.2,12.0,79.3,Yes,0.0,None
18:36:08.023,Active,423.8,2.3,98.8,12.2,78.2,Yes,0.0,None
18:36:08.439,Active,407.4,2.3,98.2,12.2,79.3,Yes,0.0,None
18:36:08.856,Active,411.3,2.3,98.8,12.2,78.2,Yes,0.0,None
18:36:09.272,Active,408.7,2.3,98.8,12.2,78.8,Yes,0.0,None
18:36:09.693,Active,413.9,2.3,98.2,12.2,77.7,Yes,0.0,None
18:36:10.106,Active,406.7,2.3,98.2,12.2,79.3,Yes,0.0,None
18:36:10.528,Active,412.7,2.3,98.2,12.1,78.8,Yes,0.0,None
18:36:10.952,Active,417.2,2.4,98.8,12.1,79.8,Yes,0.0,None
18:36:11.376,Active,416.4,2.4,98.8,12.1,78.8,Yes,0.0,None
18:36:11.801,Active,419.4,2.4,98.8,12.1,78.8,Yes,0.0,None
18:36:12.224,Active,416.5,2.4,98.8,12.1,79.3,Yes,0.0,None
18:36:12.647,Active,415.9,2.4,98.2,12.1,78.8,Yes,0.0,None
18:36:13.072,Active,418.5,2.4,98.8,12.1,78.8,Yes,0.0,None
18:36:13.495,Active,415.8,2.4,98.8,12.1,78.8,Yes,0.0,None
18:36:13.924,Active,416.9,2.4,97.7,12.1,78.8,Yes,0.0,None
18:36:14.345,Active,413.5,2.4,98.8,12.0,79.3,Yes,0.0,None
18:36:14.768,Active,417.4,2.4,98.8,12.0,79.8,Yes,0.0,None
18:37:00.214,Active,431.6,22.9,1.3,12.1,60.6,Yes,0.0,None
18:37:00.630,Active,407.2,22.9,98.2,12.1,62.2,Yes,0.0,None
18:37:01.046,Active,409.9,22.9,98.2,12.1,63.4,Yes,0.0,None
18:37:01.462,Active,407.6,22.9,98.2,12.1,65.0,Yes,0.0,None
18:37:01.875,Active,407.3,22.9,99.4,12.1,65.0,Yes,0.0,None
18:37:02.291,Active,408.4,22.9,98.2,12.1,65.5,Yes,0.0,None
18:37:02.711,Active,409.6,22.9,97.6,12.1,66.1,Yes,0.0,None
18:37:03.128,Active,407.5,22.9,98.2,12.1,66.7,Yes,0.0,None
18:37:03.548,Active,410.3,22.9,97.6,12.1,67.2,Yes,0.0,None
18:37:03.965,Active,409.5,22.9,98.2,12.1,68.8,Yes,0.0,None
18:37:04.376,Active,404.9,2.4,99.4,12.1,68.3,Yes,0.0,None
18:37:04.792,Active,409.9,2.4,99.4,12.1,68.3,Yes,0.0,None
18:37:05.231,Active,430.5,2.4,95.5,12.0,70.0,Yes,0.0,None
18:37:05.648,Active,408.5,2.4,98.2,12.0,70.0,Yes,0.0,None
18:37:06.063,Active,409.5,2.4,98.8,12.0,69.4,Yes,0.0,None
18:37:06.474,Active,405.4,2.4,98.8,12.0,71.0,Yes,0.0,None
18:37:06.892,Active,408.6,2.4,98.2,12.0,71.0,Yes,0.0,None
18:37:07.307,Active,408.3,2.4,99.4,12.0,71.6,Yes,0.0,None
18:37:07.724,Active,408.6,2.4,98.2,12.0,71.0,Yes,0.0,None
18:37:08.164,Active,429.7,2.4,94.3,12.0,71.6,Yes,0.0,None
18:37:08.575,Active,405.3,2.4,99.4,12.0,71.6,Yes,0.0,None
18:37:08.990,Active,408.8,2.4,99.4,12.0,71.6,Yes,0.0,None
18:37:09.420,Active,423.6,2.4,98.8,12.3,72.7,Yes,0.0,None
18:37:09.836,Active,409.2,2.4,98.8,12.3,72.7,Yes,0.0,None
18:37:10.257,Active,411.0,2.4,97.1,12.3,72.2,Yes,0.0,None
18:37:10.675,Active,411.6,2.4,98.8,12.2,72.2,Yes,0.0,None
18:37:11.089,Active,405.8,2.4,98.2,12.2,73.2,Yes,0.0,None
18:37:11.508,Active,410.1,2.4,98.2,12.2,73.2,Yes,0.0,None
18:37:11.922,Active,408.6,2.4,98.8,12.2,73.2,Yes,0.0,None
18:37:12.343,Active,408.2,2.4,97.6,12.2,73.8,Yes,0.0,None
18:37:12.758,Active,409.1,2.4,98.8,12.1,73.8,Yes,0.0,None
18:37:13.188,Active,420.8,2.4,96.5,12.1,74.3,Yes,0.0,None
18:37:13.604,Active,408.4,2.4,98.8,12.2,74.3,Yes,0.0,None
18:37:14.030,Active,420.8,2.4,97.1,12.2,74.3,Yes,0.0,None
18:37:14.451,Active,412.3,2.4,98.2,12.2,74.3,Yes,0.0,None
18:37:14.868,Active,409.0,2.4,98.8,12.2,75.5,Yes,0.0,None
18:37:15.284,Active,408.6,2.4,98.8,12.1,74.3,Yes,0.0,None
18:37:15.700,Active,408.9,2.4,98.8,12.1,76.0,Yes,0.0,None
18:37:16.115,Active,407.8,2.4,98.2,12.1,74.3,Yes,0.0,None
18:37:16.530,Active,406.5,2.4,98.8,12.1,73.8,Yes,0.0,None
18:37:16.959,Active,419.6,2.4,96.5,12.1,75.5,Yes,0.0,None
18:37:17.383,Active,415.7,2.4,97.0,12.1,75.5,Yes,0.0,None
18:37:17.799,Active,407.7,2.4,98.8,12.1,76.0,Yes,0.0,None
18:37:18.215,Active,408.0,2.4,98.2,12.1,75.5,Yes,0.0,None
18:37:18.641,Active,415.6,2.4,97.0,12.1,75.5,Yes,0.0,None
18:37:19.057,Active,407.5,2.4,98.2,12.0,76.0,Yes,0.0,None
18:37:19.478,Active,412.2,2.4,97.6,12.1,75.5,Yes,0.0,None
18:37:19.908,Active,420.9,2.4,98.2,12.1,75.5,Yes,0.0,None
18:37:20.325,Active,409.6,2.4,98.8,12.1,75.5,Yes,0.0,None
18:37:20.743,Active,408.6,2.4,97.6,12.1,76.0,Yes,0.0,None
18:37:21.158,Active,406.8,2.4,98.2,12.1,76.5,Yes,0.0,None
18:37:21.576,Active,411.4,2.4,97.6,12.1,76.0,Yes,0.0,None
18:37:21.991,Active,407.9,2.4,98.8,12.1,76.5,Yes,0.0,None
18:37:22.404,Active,405.0,2.4,99.4,12.1,76.5,Yes,0.0,None
18:37:22.820,Active,408.9,2.4,98.8,12.1,76.0,Yes,0.0,None
18:37:23.234,Active,407.2,2.4,98.2,12.1,76.5,Yes,0.0,None
18:37:23.650,Active,409.2,2.4,98.2,12.0,76.5,Yes,0.0,None
18:37:24.065,Active,407.9,2.4,98.8,12.0,76.5,Yes,0.0,None
18:37:24.481,Active,410.4,2.4,98.8,12.0,76.0,Yes,0.0,None
18:37:24.908,Active,418.3,2.4,97.1,12.0,76.0,Yes,0.0,None
18:37:25.320,Active,406.5,2.4,98.8,12.0,76.5,Yes,0.0,None
18:37:25.736,Active,408.5,2.4,99.4,12.0,76.5,Yes,0.0,None
18:37:26.145,Active,403.7,2.4,99.4,12.0,77.1,Yes,0.0,None
18:37:26.559,Active,408.3,2.4,99.4,12.0,76.0,Yes,0.0,None
18:37:26.981,Active,413.5,2.4,97.6,12.0,76.5,Yes,0.0,None
18:37:27.394,Active,406.5,2.4,98.2,12.0,77.7,Yes,0.0,None
18:37:27.811,Active,408.0,2.4,98.8,12.0,77.1,Yes,0.0,None
18:37:28.225,Active,405.8,2.4,98.2,12.0,76.5,Yes,0.0,None
18:37:28.639,Active,408.1,2.4,99.4,12.0,77.7,Yes,0.0,None
18:37:29.056,Active,410.6,2.4,98.8,12.0,76.5,Yes,0.0,None
18:37:29.491,Active,427.7,2.4,94.8,12.0,77.1,Yes,0.0,None
18:37:29.925,Active,427.5,2.4,98.8,12.1,77.7,Yes,0.0,None
18:37:30.443,Active,411.8,2.4,79.7,12.1,76.5,Yes,0.0,None
18:37:30.866,Active,411.4,2.4,98.2,12.1,76.5,Yes,0.0,None
18:37:31.281,Active,406.3,2.4,98.2,12.1,77.1,Yes,0.0,None
18:37:31.701,Active,409.8,2.4,98.2,12.1,77.1,Yes,0.0,None
18:37:32.119,Active,407.9,2.4,97.6,12.1,77.1,Yes,0.0,None
18:37:32.535,Active,407.3,2.4,98.8,12.1,77.7,Yes,0.0,None
18:37:32.948,Active,406.6,2.4,98.8,12.1,78.2,Yes,0.0,None
18:37:33.363,Active,407.7,2.4,99.4,12.1,76.5,Yes,0.0,None
18:37:33.778,Active,409.9,2.3,98.8,12.1,77.1,Yes,0.0,None
18:37:34.196,Active,409.1,2.3,98.2,12.1,77.1,Yes,0.0,None
18:37:34.611,Active,408.3,2.3,98.2,12.1,77.1,Yes,0.0,None
18:37:35.025,Active,406.3,2.3,98.2,12.0,77.7,Yes,0.0,None
18:37:35.443,Active,407.8,2.3,98.8,12.0,77.1,Yes,0.0,None
18:37:35.861,Active,409.7,2.3,98.2,12.0,77.7,Yes,0.0,None
18:37:36.277,Active,408.1,2.3,98.2,12.0,77.7,Yes,0.0,None
18:37:36.696,Active,409.0,2.3,98.2,12.0,77.1,Yes,0.0,None
18:37:37.113,Active,407.1,2.3,98.2,12.1,78.2,Yes,0.0,None
18:37:37.527,Active,408.0,2.3,98.8,12.0,77.7,Yes,0.0,None
18:37:37.943,Active,410.2,2.4,98.8,12.0,77.1,Yes,0.0,None
18:37:38.355,Active,405.6,2.4,99.4,12.0,78.8,Yes,0.0,None
18:37:38.767,Active,406.2,2.4,99.4,12.0,78.2,Yes,0.0,None
18:37:39.178,Active,405.5,2.4,99.4,12.0,77.1,Yes,0.0,None
18:37:39.616,Active,431.6,2.4,95.4,12.0,78.8,Yes,0.0,None
18:37:40.047,Active,423.6,2.4,97.1,12.1,78.2,Yes,0.0,None
18:37:40.472,Active,417.0,2.4,98.2,12.1,77.7,Yes,0.0,None
18:37:40.888,Active,409.8,2.4,98.8,12.1,78.2,Yes,0.0,None
18:37:41.303,Active,408.8,2.4,98.8,12.1,78.8,Yes,0.0,None
18:37:41.736,Active,425.4,2.4,96.5,12.1,77.7,Yes,0.0,None
18:37:42.151,Active,408.4,2.4,99.4,12.1,78.8,Yes,0.0,None
18:37:42.580,Active,421.0,2.4,96.5,12.1,78.2,Yes,0.0,None
18:37:43.008,Active,421.0,2.4,95.9,12.1,78.8,Yes,0.0,None
18:37:43.423,Active,407.5,2.4,98.8,12.1,78.2,Yes,0.0,None
18:37:43.839,Active,408.2,2.4,98.8,12.1,78.2,Yes,0.0,None
18:37:44.256,Active,408.7,2.4,98.2,12.0,78.8,Yes,0.0,None
18:37:44.670,Active,407.3,2.4,99.4,12.0,78.8,Yes,0.0,None
18:37:45.082,Active,403.2,2.4,98.8,12.0,78.8,Yes,0.0,None
18:37:45.498,Active,410.2,2.4,99.4,12.0,79.3,Yes,0.0,None
18:37:45.915,Active,407.7,2.4,98.8,12.0,78.8,Yes,0.0,None
18:37:46.328,Active,407.0,2.4,99.4,12.0,78.8,Yes,0.0,None
18:37:46.747,Active,413.7,2.4,98.2,12.0,78.8,Yes,0.0,None
18:37:47.184,Active,428.9,2.4,95.4,12.0,78.2,Yes,0.0,None
18:37:47.599,Active,407.9,2.4,98.8,12.0,78.8,Yes,0.0,None
18:37:48.014,Active,408.6,2.4,98.8,12.0,78.8,Yes,0.0,None
18:37:48.437,Active,414.3,2.4,97.0,12.0,78.8,Yes,0.0,None
18:37:48.854,Active,409.8,2.4,98.8,12.0,78.8,Yes,0.0,None
18:37:49.270,Active,406.5,2.4,98.2,12.0,78.2,Yes,0.0,None
18:37:49.691,Active,412.3,2.4,98.2,12.0,79.3,Yes,0.0,None
18:37:50.112,Active,413.2,2.4,98.2,12.0,78.8,Yes,0.0,None
18:37:50.543,Active,424.4,2.4,98.8,12.1,79.3,Yes,0.0,None
18:37:50.965,Active,413.6,2.4,98.2,12.1,78.2,Yes,0.0,None
18:37:51.377,Active,405.7,2.4,98.8,12.1,79.8,Yes,0.0,None
18:37:51.796,Active,408.4,2.4,97.6,12.1,78.8,Yes,0.0,None
18:37:52.210,Active,408.0,2.4,98.8,12.1,79.3,Yes,0.0,None
18:37:52.629,Active,409.5,2.4,98.2,12.1,78.2,Yes,0.0,None
18:37:53.045,Active,410.0,2.4,98.8,12.1,79.3,Yes,0.0,None
18:37:53.465,Active,414.2,2.4,97.6,12.1,79.8,Yes,0.0,None
18:37:53.900,Active,424.8,2.4,95.4,12.1,79.3,Yes,0.0,None
18:37:54.316,Active,408.4,2.4,98.8,12.1,78.8,Yes,0.0,None
18:37:54.729,Active,407.2,2.4,99.4,12.1,78.8,Yes,0.0,None
18:37:55.140,Active,405.9,2.4,98.8,12.1,79.8,Yes,0.0,None
18:37:55.555,Active,408.4,2.4,99.4,12.1,79.3,Yes,0.0,None
18:37:55.979,Active,416.5,2.4,97.6,12.0,79.3,Yes,0.0,None
18:37:56.395,Active,407.9,2.4,97.6,12.1,79.3,Yes,0.0,None
18:37:56.812,Active,408.7,2.4,98.2,12.0,78.2,Yes,0.0,None
18:37:57.230,Active,411.7,2.4,98.8,12.0,79.3,Yes,0.0,None
18:37:57.647,Active,407.7,2.4,98.2,12.0,79.8,Yes,0.0,None
18:37:58.062,Active,409.5,2.4,99.4,12.0,79.3,Yes,0.0,None
18:37:58.476,Active,405.8,2.4,98.2,12.0,79.3,Yes,0.0,None
18:37:58.894,Active,411.0,2.4,98.8,12.0,80.4,Yes,0.0,None
18:37:59.318,Active,414.6,2.4,98.8,12.0,79.3,Yes,0.0,None
18:37:59.742,Active,418.3,2.4,100.0,12.0,79.8,Yes,0.0,None
18:38:00.169,Active,417.7,2.4,98.2,12.0,79.8,Yes,0.0,None
18:38:45.605,Active,422.6,2.4,1.0,12.0,60.6,Yes,0.0,None
18:38:46.034,Active,419.1,2.4,96.5,12.0,63.4,Yes,0.0,None
18:38:46.448,Active,407.5,2.4,98.8,12.0,63.4,Yes,0.0,None
18:38:46.864,Active,408.5,2.4,98.2,12.0,63.9,Yes,0.0,None
18:38:47.275,Active,405.2,2.4,98.2,12.0,64.5,Yes,0.0,None
18:38:47.692,Active,408.6,2.4,98.8,12.2,65.5,Yes,0.0,None
18:38:48.106,Active,408.1,3.4,99.4,12.2,67.2,Yes,0.0,None
18:38:48.519,Active,407.2,3.4,98.8,12.1,67.2,Yes,0.0,None
18:38:48.935,Active,408.4,3.4,98.8,12.1,67.8,Yes,0.0,None
18:38:49.350,Active,406.6,3.4,98.2,12.1,68.3,Yes,0.0,None
18:38:49.768,Active,408.6,3.4,98.2,12.1,68.8,Yes,0.0,None
18:38:50.208,Active,432.7,3.4,96.6,12.1,67.8,Yes,0.0,None
18:38:50.630,Active,414.1,3.4,97.6,12.1,69.4,Yes,0.0,None
18:38:51.047,Active,408.0,3.4,97.6,12.2,70.0,Yes,0.0,None
18:38:51.462,Active,406.8,3.4,98.8,12.2,70.5,Yes,0.0,None
18:38:51.896,Active,427.8,3.4,98.3,12.3,70.5,Yes,0.0,None
18:38:52.311,Active,408.7,2.4,98.8,12.3,71.0,Yes,0.0,None
18:38:52.728,Active,408.8,2.4,98.2,12.3,71.0,Yes,0.0,None
18:38:53.143,Active,408.2,2.4,98.8,12.3,71.6,Yes,0.0,None
18:38:53.559,Active,407.7,2.4,98.8,12.2,71.6,Yes,0.0,None
18:38:53.971,Active,405.9,2.4,99.4,12.2,72.2,Yes,0.0,None
18:38:54.387,Active,408.2,2.4,98.8,12.3,72.2,Yes,0.0,None
18:38:54.803,Active,409.4,2.4,98.8,12.2,72.7,Yes,0.0,None
18:38:55.217,Active,406.1,2.4,98.8,12.2,72.2,Yes,0.0,None
18:38:55.632,Active,406.6,2.4,98.8,12.2,73.2,Yes,0.0,None
18:38:56.049,Active,409.7,2.4,98.8,12.2,73.2,Yes,0.0,None
18:38:56.468,Active,412.9,2.4,98.2,12.2,73.2,Yes,0.0,None
18:38:56.892,Active,417.4,2.4,97.6,12.2,73.8,Yes,0.0,None
18:38:57.305,Active,406.7,2.4,98.8,12.2,73.8,Yes,0.0,None
18:38:57.735,Active,419.6,2.4,95.9,12.1,73.8,Yes,0.0,None
18:38:58.149,Active,407.9,2.4,99.4,12.1,73.2,Yes,0.0,None
18:38:58.565,Active,409.9,2.4,98.2,12.1,73.8,Yes,0.0,None
18:38:58.982,Active,411.0,2.4,99.4,12.1,74.3,Yes,0.0,None
18:38:59.400,Active,408.7,2.4,98.2,12.1,74.3,Yes,0.0,None
18:38:59.815,Active,407.9,2.4,98.2,12.1,75.5,Yes,0.0,None
18:39:00.228,Active,407.1,2.4,99.4,12.1,76.0,Yes,0.0,None
18:39:00.640,Active,405.8,2.4,99.4,12.1,74.3,Yes,0.0,None
18:39:01.060,Active,412.4,2.4,98.2,12.1,74.3,Yes,0.0,None
18:39:01.474,Active,408.8,2.4,98.8,12.1,75.5,Yes,0.0,None
18:39:01.886,Active,406.2,2.4,99.4,12.1,75.5,Yes,0.0,None
18:39:02.316,Active,420.6,2.4,98.8,12.2,74.3,Yes,0.0,None
18:39:02.739,Active,416.2,2.4,97.0,12.2,74.9,Yes,0.0,None
18:39:03.153,Active,405.6,2.4,98.8,12.2,74.9,Yes,0.0,None
18:39:03.564,Active,405.0,2.4,99.4,12.2,75.5,Yes,0.0,None
18:39:03.980,Active,409.2,2.4,98.8,12.2,76.0,Yes,0.0,None
18:39:04.394,Active,407.1,2.4,98.8,12.2,76.0,Yes,0.0,None
18:39:04.810,Active,409.5,2.4,98.8,12.2,74.9,Yes,0.0,None
18:39:05.224,Active,408.3,2.4,99.4,12.1,76.0,Yes,0.0,None
18:39:05.661,Active,429.8,2.4,95.9,12.1,76.5,Yes,0.0,None
18:39:06.076,Active,409.0,2.4,98.8,12.1,76.0,Yes,0.0,None
18:39:06.489,Active,407.0,2.4,98.8,12.1,75.5,Yes,0.0,None
18:39:06.904,Active,408.9,2.4,98.8,12.1,76.5,Yes,0.0,None
18:39:07.316,Active,404.9,2.4,98.8,12.1,76.0,Yes,0.0,None
18:39:07.732,Active,408.8,2.4,98.8,12.1,76.5,Yes,0.0,None
18:39:08.144,Active,406.1,2.4,99.4,12.1,77.1,Yes,0.0,None
18:39:08.559,Active,407.6,2.4,98.8,12.1,76.0,Yes,0.0,None
18:39:08.976,Active,408.4,2.4,98.2,12.1,76.5,Yes,0.0,None
18:39:09.389,Active,407.1,2.4,98.8,12.1,77.1,Yes,0.0,None
18:39:09.806,Active,409.2,2.4,98.2,12.1,76.5,Yes,0.0,None
18:39:10.224,Active,408.0,2.4,97.6,12.1,77.1,Yes,0.0,None
18:39:10.641,Active,407.3,2.4,98.2,12.1,76.5,Yes,0.0,None
18:39:11.057,Active,410.4,2.4,98.8,12.1,77.1,Yes,0.0,None
18:39:11.474,Active,406.4,2.4,98.2,12.1,76.5,Yes,0.0,None
18:39:11.893,Active,409.7,2.4,98.8,12.1,76.5,Yes,0.0,None
18:39:12.317,Active,417.3,2.4,98.8,12.1,76.5,Yes,0.0,None
18:39:12.736,Active,409.6,2.4,98.2,12.1,77.1,Yes,0.0,None
18:39:13.150,Active,406.7,2.4,98.8,12.1,77.1,Yes,0.0,None
18:39:13.566,Active,407.7,2.4,98.8,12.1,77.7,Yes,0.0,None
18:39:13.986,Active,411.0,2.4,97.6,12.1,77.1,Yes,0.0,None
18:39:14.402,Active,407.7,2.4,98.2,12.1,77.1,Yes,0.0,None
18:39:14.820,Active,408.7,2.4,98.2,12.1,77.1,Yes,0.0,None
18:39:15.236,Active,409.1,2.4,98.8,12.0,77.1,Yes,0.0,None
18:39:15.657,Active,413.9,2.4,98.2,12.1,77.1,Yes,0.0,None
18:39:16.072,Active,408.1,2.4,98.2,12.1,77.7,Yes,0.0,None
18:39:16.484,Active,406.0,2.4,99.4,12.1,78.2,Yes,0.0,None
18:39:16.899,Active,407.9,2.4,98.8,12.1,77.1,Yes,0.0,None
18:39:17.321,Active,414.4,2.4,97.6,12.1,78.2,Yes,0.0,None
18:39:17.741,Active,408.9,2.4,97.0,12.1,77.7,Yes,0.0,None
18:39:18.157,Active,405.4,2.4,98.2,12.1,77.1,Yes,0.0,None
18:39:18.571,Active,408.0,2.4,98.8,12.1,78.2,Yes,0.0,None
18:39:18.988,Active,411.0,2.4,98.2,12.1,77.1,Yes,0.0,None
18:39:19.421,Active,425.7,2.4,95.9,12.1,77.7,Yes,0.0,None
18:39:19.837,Active,410.4,2.4,98.2,12.1,78.2,Yes,0.0,None
18:39:20.253,Active,408.9,2.4,99.4,12.1,78.2,Yes,0.0,None
18:39:20.670,Active,410.9,2.4,98.2,12.1,78.2,Yes,0.0,None
18:39:21.087,Active,408.2,2.4,98.2,12.1,77.1,Yes,0.0,None
18:39:21.508,Active,410.6,2.4,97.6,12.1,78.2,Yes,0.0,None
18:39:21.925,Active,411.0,2.4,98.8,12.0,77.7,Yes,0.0,None
18:39:22.341,Active,409.5,2.4,98.2,12.0,78.2,Yes,0.0,None
18:39:22.776,Active,429.0,2.4,99.4,12.2,78.8,Yes,0.0,None
18:39:23.192,Active,408.7,2.4,98.8,12.2,78.2,Yes,0.0,None
18:39:23.618,Active,416.2,2.4,95.9,12.2,78.8,Yes,0.0,None
18:39:24.055,Active,428.2,2.4,94.8,12.2,78.8,Yes,0.0,None
18:39:24.483,Active,419.7,2.4,97.1,12.2,78.2,Yes,0.0,None
18:39:24.901,Active,410.0,2.4,98.2,12.2,78.2,Yes,0.0,None
18:39:25.317,Active,406.9,2.4,98.2,12.2,78.8,Yes,0.0,None
18:39:25.750,Active,423.4,2.4,96.0,12.2,78.8,Yes,0.0,None
18:39:26.165,Active,408.9,2.4,98.8,12.1,79.3,Yes,0.0,None
18:39:26.589,Active,418.4,2.4,97.0,12.1,78.8,Yes,0.0,None
18:39:27.007,Active,407.9,2.4,97.6,12.1,78.8,Yes,0.0,None
18:39:27.428,Active,410.9,2.4,97.6,12.1,79.8,Yes,0.0,None
18:39:27.846,Active,408.7,2.4,98.2,12.1,78.2,Yes,0.0,None
18:39:28.262,Active,406.5,2.4,98.2,12.1,78.8,Yes,0.0,None
18:39:28.682,Active,410.2,2.4,97.6,12.1,78.2,Yes,0.0,None
18:39:29.100,Active,408.5,2.4,98.2,12.1,78.8,Yes,0.0,None
18:39:29.513,Active,406.1,2.4,98.2,12.1,78.8,Yes,0.0,None
18:39:29.930,Active,408.3,2.4,98.2,12.2,78.8,Yes,0.0,None
18:39:30.347,Active,407.7,2.4,98.2,12.2,78.8,Yes,0.0,None
18:39:30.767,Active,410.8,2.4,97.0,12.2,78.8,Yes,0.0,None
18:39:31.185,Active,408.2,2.4,98.2,12.2,79.8,Yes,0.0,None
18:39:31.603,Active,407.9,2.4,98.2,12.1,78.2,Yes,0.0,None
18:39:32.025,Active,412.3,2.4,97.6,12.1,79.3,Yes,0.0,None
18:39:32.438,Active,407.3,2.4,98.8,12.1,78.2,Yes,0.0,None
18:39:32.869,Active,424.5,2.4,99.4,12.1,79.3,Yes,0.0,None
18:39:33.286,Active,408.6,2.4,98.2,12.1,78.2,Yes,0.0,None
18:39:33.704,Active,408.3,2.4,98.2,12.1,78.2,Yes,0.0,None
18:39:34.125,Active,410.0,2.4,98.2,12.1,79.3,Yes,0.0,None
18:39:34.539,Active,407.7,2.4,98.8,12.1,79.3,Yes,0.0,None
18:39:34.959,Active,414.2,2.4,98.8,12.1,78.8,Yes,0.0,None
18:39:35.382,Active,416.1,2.4,98.2,12.1,78.2,Yes,0.0,None
18:39:35.807,Active,418.5,2.4,99.4,12.1,79.8,Yes,0.0,None
18:39:36.229,Active,415.8,2.4,98.8,12.1,79.3,Yes,0.0,None
18:39:36.655,Active,417.5,2.4,98.2,12.0,78.8,Yes,0.0,None
18:39:37.077,Active,408.9,2.4,97.6,12.0,78.8,Yes,0.0,None
18:39:37.491,Active,407.9,2.4,98.2,12.0,79.3,Yes,0.0,None
18:39:37.909,Active,412.9,2.4,98.8,12.0,78.8,Yes,0.0,None
18:39:38.337,Active,417.5,2.4,98.2,12.0,81.0,Yes,0.0,None
18:39:38.763,Active,417.4,2.4,98.3,12.0,79.3,Yes,0.0,None
18:39:39.188,Active,415.0,2.4,98.2,12.0,79.3,Yes,0.0,None
18:39:39.613,Active,415.0,2.4,98.2,12.0,78.8,Yes,0.0,None
18:39:40.039,Active,416.6,2.4,97.7,12.2,78.2,Yes,0.0,None
18:39:40.465,Active,416.6,2.4,98.2,12.2,79.8,Yes,0.0,None
18:39:40.889,Active,417.5,2.4,99.4,12.2,79.3,Yes,0.0,None
18:39:41.313,Active,415.2,2.4,98.2,12.2,79.3,Yes,0.0,None
18:39:41.744,Active,420.8,2.4,97.7,12.1,78.8,Yes,0.0,None
18:39:42.167,Active,416.1,2.4,98.2,12.1,79.3,Yes,0.0,None
18:39:42.593,Active,415.7,2.3,98.2,12.1,79.3,Yes,0.0,None
18:39:43.020,Active,417.6,2.3,98.2,12.1,78.8,Yes,0.0,None
18:39:43.453,Active,425.8,2.3,98.8,12.1,79.3,Yes,0.0,None
18:39:43.877,Active,417.9,2.3,99.4,12.2,79.8,Yes,0.0,None
18:39:44.325,Active,442.3,2.3,93.8,12.2,79.8,Yes,0.0,None
18:39:44.753,Active,418.0,2.3,98.2,12.2,78.8,Yes,0.0,None
18:39:45.175,Active,415.5,2.3,98.8,12.2,80.4,Yes,0.0,None
18:39:45.596,Active,415.1,2.3,99.4,12.1,79.3,Yes,0.0,None
18:40:31.033,Active,422.0,2.3,1.3,12.0,61.1,Yes,0.0,None
18:40:31.439,Active,399.9,2.3,100.0,12.1,61.7,Yes,0.0,None
18:40:31.851,Active,406.7,8.0,99.4,12.1,63.9,Yes,0.0,None
18:40:32.262,Active,405.4,8.0,99.4,12.1,65.0,Yes,0.0,None
18:40:32.689,Active,419.4,8.0,98.8,12.1,65.0,Yes,0.0,None
18:40:33.102,Active,407.4,8.0,98.8,12.1,65.5,Yes,0.0,None
18:40:33.520,Active,408.4,8.0,98.2,12.1,66.7,Yes,0.0,None
18:40:33.937,Active,411.6,8.0,98.8,12.1,67.2,Yes,0.0,None
18:40:34.365,Active,420.7,8.0,98.2,12.1,67.2,Yes,0.0,None
18:40:34.780,Active,408.2,8.0,98.8,12.1,68.3,Yes,0.0,None
18:40:35.193,Active,407.3,8.0,99.4,12.1,68.3,Yes,0.0,None
18:40:35.614,Active,415.2,8.0,97.0,12.1,68.8,Yes,0.0,None
18:40:36.035,Active,411.0,2.4,97.6,12.1,70.0,Yes,0.0,None
18:40:36.453,Active,409.7,2.4,98.2,12.1,70.0,Yes,0.0,None
18:40:36.868,Active,408.5,2.4,98.2,12.1,71.0,Yes,0.0,None
18:40:37.282,Active,406.0,2.4,98.8,12.1,71.0,Yes,0.0,None
18:40:37.700,Active,408.3,2.4,98.2,12.1,71.6,Yes,0.0,None
18:40:38.117,Active,408.1,2.4,98.2,12.1,71.6,Yes,0.0,None
18:40:38.534,Active,406.3,2.4,98.2,12.1,71.0,Yes,0.0,None
18:40:38.954,Active,412.0,2.4,97.6,12.0,71.6,Yes,0.0,None
18:40:39.372,Active,409.8,2.4,98.8,12.0,71.0,Yes,0.0,None
18:40:39.788,Active,410.0,2.4,98.2,12.0,72.7,Yes,0.0,None
18:40:40.204,Active,410.7,2.4,98.8,12.0,72.7,Yes,0.0,None
18:40:40.619,Active,407.9,2.4,98.2,12.0,73.8,Yes,0.0,None
18:40:41.039,Active,410.0,2.4,98.2,12.0,72.7,Yes,0.0,None
18:40:41.456,Active,407.3,2.4,97.6,12.0,72.7,Yes,0.0,None
18:40:41.876,Active,409.9,2.4,98.2,12.0,72.2,Yes,0.0,None
18:40:42.291,Active,407.9,2.4,98.8,12.0,73.8,Yes,0.0,None
18:40:42.710,Active,409.3,2.4,98.2,12.0,73.8,Yes,0.0,None
18:40:43.126,Active,406.9,2.4,98.2,12.0,73.8,Yes,0.0,None
18:40:43.544,Active,408.9,2.4,98.2,12.0,73.2,Yes,0.0,None
18:40:43.960,Active,409.0,2.4,98.2,12.0,74.3,Yes,0.0,None
18:40:44.375,Active,405.9,2.4,98.2,12.0,74.3,Yes,0.0,None
18:40:44.817,Active,431.7,2.4,98.3,12.0,74.3,Yes,0.0,None
18:40:45.229,Active,406.5,2.4,98.2,12.0,74.3,Yes,0.0,None
18:40:45.643,Active,407.8,2.4,98.8,12.0,74.9,Yes,0.0,None
18:40:46.058,Active,409.2,2.4,98.8,12.0,74.9,Yes,0.0,None
18:40:46.475,Active,408.5,2.4,98.8,12.0,74.3,Yes,0.0,None
18:40:46.891,Active,407.7,2.4,98.2,12.0,74.3,Yes,0.0,None
18:40:47.309,Active,409.9,2.4,98.8,12.0,74.9,Yes,0.0,None
18:40:47.726,Active,411.1,2.4,97.6,12.0,75.5,Yes,0.0,None
18:40:48.140,Active,407.8,2.4,98.8,12.0,76.0,Yes,0.0,None
18:40:48.556,Active,408.6,2.4,98.8,12.0,75.5,Yes,0.0,None
18:40:48.971,Active,408.9,2.4,98.8,12.0,76.0,Yes,0.0,None
18:40:49.389,Active,409.8,2.4,98.8,12.0,76.0,Yes,0.0,None
18:40:49.803,Active,407.7,2.4,98.2,12.0,76.0,Yes,0.0,None
18:40:50.215,Active,406.4,2.4,98.8,12.0,76.0,Yes,0.0,None
18:40:50.628,Active,405.9,2.4,99.4,12.0,76.0,Yes,0.0,None
18:40:51.044,Active,408.4,2.4,98.8,12.0,76.0,Yes,0.0,None
18:40:51.455,Active,405.3,2.4,98.8,12.0,76.0,Yes,0.0,None
18:40:51.868,Active,406.8,2.4,99.4,12.0,76.0,Yes,0.0,None
18:40:52.280,Active,405.4,2.4,98.8,12.0,76.0,Yes,0.0,None
18:40:52.698,Active,408.9,2.4,98.8,12.0,76.5,Yes,0.0,None
18:40:53.114,Active,407.2,2.4,98.2,12.0,76.0,Yes,0.0,None
18:40:53.532,Active,408.4,2.4,97.6,12.0,76.5,Yes,0.0,None
18:40:53.951,Active,408.8,2.4,98.2,12.0,76.0,Yes,0.0,None
18:40:54.367,Active,406.3,2.4,98.2,12.0,76.5,Yes,0.0,None
18:40:54.794,Active,419.4,2.4,98.2,12.0,76.0,Yes,0.0,None
18:40:55.209,Active,409.4,2.4,98.2,12.0,78.2,Yes,0.0,None
18:40:55.626,Active,407.7,2.4,98.2,12.1,77.1,Yes,0.0,None
18:40:56.045,Active,409.4,2.4,98.2,12.1,75.5,Yes,0.0,None
18:40:56.457,Active,406.1,2.4,98.8,12.1,76.5,Yes,0.0,None
18:40:56.870,Active,406.8,2.4,99.4,12.1,77.1,Yes,0.0,None
18:40:57.287,Active,407.0,2.4,97.6,12.0,77.1,Yes,0.0,None
18:40:57.701,Active,407.1,2.4,98.8,12.1,77.1,Yes,0.0,None
18:40:58.117,Active,406.2,2.4,98.2,12.0,77.1,Yes,0.0,None
18:40:58.532,Active,406.9,2.4,98.2,12.0,77.1,Yes,0.0,None
18:40:58.952,Active,409.5,2.4,98.2,12.0,77.7,Yes,0.0,None
18:40:59.369,Active,407.4,2.4,98.2,12.0,77.7,Yes,0.0,None
18:40:59.788,Active,409.6,2.4,97.6,12.0,77.1,Yes,0.0,None
18:41:00.205,Active,407.5,2.4,98.2,12.0,77.1,Yes,0.0,None
18:41:00.621,Active,406.2,2.4,98.2,12.0,77.1,Yes,0.0,None
18:41:01.051,Active,421.1,2.4,96.5,12.0,77.1,Yes,0.0,None
18:41:01.467,Active,406.5,2.4,98.2,12.0,77.7,Yes,0.0,None
18:41:01.889,Active,412.0,2.4,98.2,12.0,77.1,Yes,0.0,None
18:41:02.304,Active,407.9,2.4,98.2,12.0,77.1,Yes,0.0,None
18:41:02.717,Active,405.9,2.4,98.8,12.0,77.1,Yes,0.0,None
18:41:03.132,Active,405.9,2.4,98.8,12.0,77.7,Yes,0.0,None
18:41:03.547,Active,407.7,2.4,98.8,12.0,77.7,Yes,0.0,None
18:41:03.971,Active,416.3,2.4,98.2,12.0,77.1,Yes,0.0,None
18:41:04.387,Active,407.9,2.4,98.2,12.0,77.1,Yes,0.0,None
18:41:04.804,Active,410.3,2.4,98.8,12.0,76.5,Yes,0.0,None
18:41:05.232,Active,422.6,2.4,99.4,12.1,76.5,Yes,0.0,None
18:41:05.646,Active,407.8,2.4,98.8,12.1,78.2,Yes,0.0,None
18:41:06.059,Active,406.6,2.4,99.4,12.1,78.2,Yes,0.0,None
18:41:06.475,Active,408.2,2.4,98.8,12.1,78.2,Yes,0.0,None
18:41:06.912,Active,428.9,2.4,94.8,12.1,78.2,Yes,0.0,None
18:41:07.335,Active,415.5,2.4,98.2,12.1,77.7,Yes,0.0,None
18:41:07.772,Active,428.9,2.4,96.0,12.1,77.7,Yes,0.0,None
18:41:08.185,Active,406.2,2.4,98.8,12.1,78.2,Yes,0.0,None
18:41:08.597,Active,406.8,2.4,98.8,12.1,78.2,Yes,0.0,None
18:41:09.017,Active,409.6,2.4,98.2,12.0,78.2,Yes,0.0,None
18:41:09.432,Active,408.5,2.4,98.8,12.0,77.7,Yes,0.0,None
18:41:09.848,Active,408.8,2.4,98.2,12.1,78.8,Yes,0.0,None
18:41:10.260,Active,404.9,2.4,98.2,12.1,78.2,Yes,0.0,None
18:41:10.679,Active,409.7,2.4,98.2,12.1,78.2,Yes,0.0,None
18:41:11.098,Active,412.9,2.4,98.2,12.0,77.7,Yes,0.0,None
18:41:11.533,Active,425.9,2.4,94.8,12.0,77.7,Yes,0.0,None
18:41:11.949,Active,409.4,2.4,99.4,12.0,78.8,Yes,0.0,None
18:41:12.364,Active,408.6,2.4,98.8,12.0,77.7,Yes,0.0,None
18:41:12.779,Active,408.8,2.4,98.8,12.0,78.8,Yes,0.0,None
18:41:13.191,Active,406.5,2.4,98.8,12.0,78.8,Yes,0.0,None
18:41:13.608,Active,407.0,2.4,98.2,12.0,78.8,Yes,0.0,None
18:41:14.027,Active,409.8,2.4,98.2,12.0,78.2,Yes,0.0,None
18:41:14.444,Active,408.0,2.4,98.2,12.0,78.2,Yes,0.0,None
18:41:14.864,Active,410.1,2.4,98.2,12.0,78.8,Yes,0.0,None
18:41:15.286,Active,412.1,2.4,98.2,12.0,79.3,Yes,0.0,None
18:41:15.708,Active,415.4,2.4,98.2,12.0,78.8,Yes,0.0,None
18:41:16.125,Active,407.7,2.4,97.6,12.0,78.8,Yes,0.0,None
18:41:16.543,Active,408.4,2.4,97.6,12.0,78.2,Yes,0.0,None
18:41:16.959,Active,408.9,2.4,99.4,12.0,78.8,Yes,0.0,None
18:41:17.375,Active,406.5,2.4,97.6,12.0,78.8,Yes,0.0,None
18:41:17.793,Active,409.3,2.4,98.8,12.0,78.8,Yes,0.0,None
18:41:18.207,Active,406.7,2.4,98.2,12.0,78.8,Yes,0.0,None
18:41:18.625,Active,407.8,2.4,98.2,12.0,78.2,Yes,0.0,None
18:41:19.041,Active,409.0,2.4,98.8,12.0,79.3,Yes,0.0,None
18:41:19.457,Active,406.6,2.4,97.6,12.0,79.3,Yes,0.0,None
18:41:19.870,Active,406.2,2.4,98.8,12.0,78.8,Yes,0.0,None
18:41:20.287,Active,409.1,2.4,98.8,12.0,78.8,Yes,0.0,None
18:41:20.703,Active,408.1,2.4,98.2,12.0,80.4,Yes,0.0,None
18:41:21.120,Active,406.9,2.4,98.2,12.0,78.8,Yes,0.0,None
18:41:21.537,Active,407.6,2.4,98.2,12.0,78.8,Yes,0.0,None
18:41:21.960,Active,412.8,2.4,98.2,12.0,77.1,Yes,0.0,None
18:41:22.409,Active,439.7,2.4,94.4,12.0,79.3,Yes,0.0,None
18:41:22.834,Active,419.0,2.4,98.2,12.0,79.3,Yes,0.0,None
18:41:23.257,Active,413.9,2.4,98.2,12.0,78.8,Yes,0.0,None
18:41:23.684,Active,418.4,2.4,98.2,12.1,78.8,Yes,0.0,None
18:41:24.128,Active,434.3,2.4,94.9,12.1,78.8,Yes,0.0,None
18:41:24.552,Active,416.1,2.4,98.2,12.1,79.3,Yes,0.0,None
18:41:24.972,Active,413.1,2.4,98.8,12.0,79.3,Yes,0.0,None
18:41:25.395,Active,413.0,2.4,97.6,12.0,78.8,Yes,0.0,None
18:41:25.852,Active,450.7,2.4,94.5,12.1,79.8,Yes,0.0,None
18:41:26.277,Active,418.5,2.3,98.8,12.1,79.8,Yes,0.0,None
18:41:26.698,Active,414.8,2.3,98.8,12.1,79.3,Yes,0.0,None
18:41:27.124,Active,417.1,2.3,98.2,12.1,78.8,Yes,0.0,None
18:41:27.546,Active,416.0,2.3,98.8,12.1,78.8,Yes,0.0,None
18:41:27.986,Active,430.4,2.3,95.9,12.1,78.8,Yes,0.0,None
18:41:28.410,Active,414.7,2.3,98.3,12.1,79.3,Yes,0.0,None
18:41:28.835,Active,416.8,2.3,98.8,12.0,79.3,Yes,0.0,None
18:41:29.256,Active,413.9,2.3,99.4,12.0,79.8,Yes,0.0,None
18:41:29.683,Active,418.1,2.3,97.7,12.0,79.8,Yes,0.0,None
18:41:30.105,Active,415.4,2.3,98.8,12.0,79.3,Yes,0.0,None
18:41:30.532,Active,416.8,2.4,98.2,12.0,79.3,Yes,0.0,None
18:41:30.959,Active,418.0,2.4,98.2,12.0,79.3,Yes,0.0,None
18:42:16.392,Active,417.0,2.4,1.0,11.9,61.1,Yes,0.0,None
18:42:16.818,Active,418.6,2.4,98.8,12.2,62.8,Yes,0.0,None
18:42:17.233,Active,407.2,2.4,98.8,12.2,63.4,Yes,0.0,None
18:42:17.650,Active,407.4,2.4,98.2,12.2,63.9,Yes,0.0,None
18:42:18.068,Active,408.2,2.4,98.2,12.2,65.5,Yes,0.0,None
18:42:18.485,Active,407.8,2.4,97.6,12.2,65.5,Yes,0.0,None
18:42:18.899,Active,407.7,2.4,99.4,12.2,66.7,Yes,0.0,None
18:42:19.312,Active,406.5,2.4,99.4,12.2,67.2,Yes,0.0,None
18:42:19.727,Active,408.5,2.7,98.8,12.2,67.8,Yes,0.0,None
18:42:20.144,Active,410.0,2.7,98.8,12.2,68.8,Yes,0.0,None
18:42:20.557,Active,408.1,2.7,98.8,12.1,69.4,Yes,0.0,None
18:42:20.976,Active,408.7,2.7,98.2,12.1,68.8,Yes,0.0,None
18:42:21.391,Active,407.7,2.7,98.2,12.1,70.0,Yes,0.0,None
18:42:21.807,Active,408.0,2.7,98.8,12.2,70.0,Yes,0.0,None
18:42:22.220,Active,407.1,2.7,98.8,12.2,71.0,Yes,0.0,None
18:42:22.635,Active,409.1,2.7,98.8,12.1,70.5,Yes,0.0,None
18:42:23.052,Active,408.9,2.7,98.2,12.1,71.0,Yes,0.0,None
18:42:23.466,Active,406.6,2.7,98.8,12.1,72.2,Yes,0.0,None
18:42:23.897,Active,421.5,2.4,96.4,12.1,72.7,Yes,0.0,None
18:42:24.311,Active,408.2,2.4,98.8,12.1,71.6,Yes,0.0,None
18:42:24.728,Active,409.3,2.4,98.2,12.1,72.7,Yes,0.0,None
18:42:25.143,Active,408.5,2.4,98.8,12.1,71.6,Yes,0.0,None
18:42:25.575,Active,424.0,2.4,95.9,12.1,72.2,Yes,0.0,None
18:42:25.992,Active,408.6,2.4,98.2,12.1,72.2,Yes,0.0,None
18:42:26.405,Active,407.4,2.4,98.8,12.1,72.7,Yes,0.0,None
18:42:26.825,Active,410.2,2.4,98.2,12.1,73.2,Yes,0.0,None
18:42:27.257,Active,423.3,2.4,98.8,12.1,73.2,Yes,0.0,None
18:42:27.683,Active,420.8,2.4,97.1,12.2,73.8,Yes,0.0,None
18:42:28.100,Active,408.5,2.4,98.2,12.2,73.8,Yes,0.0,None
18:42:28.531,Active,423.9,2.4,96.5,12.2,73.2,Yes,0.0,None
18:42:28.964,Active,425.2,2.4,96.0,12.1,74.3,Yes,0.0,None
18:42:29.378,Active,406.5,2.4,99.4,12.1,73.8,Yes,0.0,None
18:42:29.796,Active,408.7,2.4,98.2,12.1,73.2,Yes,0.0,None
18:42:30.208,Active,405.0,2.4,98.8,12.1,75.5,Yes,0.0,None
18:42:30.624,Active,408.6,2.4,98.8,12.1,74.9,Yes,0.0,None
18:42:31.041,Active,411.6,2.4,98.8,12.1,74.9,Yes,0.0,None
18:42:31.458,Active,407.4,2.4,97.0,12.1,74.9,Yes,0.0,None
18:42:31.875,Active,408.3,2.4,98.8,12.1,74.9,Yes,0.0,None
18:42:32.291,Active,408.1,2.4,98.2,12.1,74.9,Yes,0.0,None
18:42:32.727,Active,428.0,2.4,96.6,12.1,74.9,Yes,0.0,None
18:42:33.142,Active,406.9,2.4,98.8,12.0,74.9,Yes,0.0,None
18:42:33.558,Active,406.9,2.4,98.2,12.0,73.8,Yes,0.0,None
18:42:33.977,Active,409.5,2.4,98.2,12.0,75.5,Yes,0.0,None
18:42:34.389,Active,406.2,2.4,98.8,12.0,74.9,Yes,0.0,None
18:42:34.804,Active,408.0,2.4,99.4,12.0,74.9,Yes,0.0,None
18:42:35.227,Active,412.4,2.4,97.1,12.0,76.0,Yes,0.0,None
18:42:35.640,Active,405.0,2.4,98.8,12.0,76.5,Yes,0.0,None
18:42:36.057,Active,410.2,2.4,98.8,12.0,77.1,Yes,0.0,None
18:42:36.470,Active,406.6,2.4,98.8,12.0,77.1,Yes,0.0,None
18:42:36.882,Active,406.2,2.4,99.4,12.0,76.5,Yes,0.0,None
18:42:37.306,Active,417.7,2.4,98.2,12.1,76.5,Yes,0.0,None
18:42:37.726,Active,408.0,2.4,98.8,12.1,76.5,Yes,0.0,None
18:42:38.135,Active,402.6,2.4,99.4,12.1,76.5,Yes,0.0,None
18:42:38.548,Active,406.9,2.4,98.8,12.1,77.1,Yes,0.0,None
18:42:38.964,Active,409.1,2.4,98.8,12.1,77.1,Yes,0.0,None
18:42:39.381,Active,406.0,2.4,97.6,12.1,76.5,Yes,0.0,None
18:42:39.798,Active,411.3,2.4,98.8,12.1,77.1,Yes,0.0,None
18:42:40.245,Active,437.9,2.4,93.8,12.1,76.5,Yes,0.0,None
18:42:40.659,Active,408.0,2.4,98.8,12.1,77.1,Yes,0.0,None
18:42:41.072,Active,407.1,2.4,99.4,12.1,76.5,Yes,0.0,None
18:42:41.489,Active,410.3,2.4,98.8,12.1,77.1,Yes,0.0,None
18:42:41.907,Active,412.4,2.4,98.8,12.1,76.5,Yes,0.0,None
18:42:42.321,Active,407.5,2.4,98.8,12.1,76.5,Yes,0.0,None
18:42:42.736,Active,409.8,2.4,98.2,12.0,77.1,Yes,0.0,None
18:42:43.151,Active,407.5,2.4,98.8,12.0,77.1,Yes,0.0,None
18:42:43.563,Active,405.7,2.4,99.4,12.0,77.1,Yes,0.0,None
18:42:43.978,Active,408.3,2.4,98.8,12.0,77.1,Yes,0.0,None
18:42:44.386,Active,401.9,2.4,99.4,12.0,77.7,Yes,0.0,None
18:42:44.813,Active,418.2,2.4,97.0,12.0,76.0,Yes,0.0,None
18:42:45.228,Active,408.6,2.4,99.4,12.0,77.7,Yes,0.0,None
18:42:45.644,Active,408.8,2.4,97.0,12.0,77.7,Yes,0.0,None
18:42:46.060,Active,408.9,2.4,99.4,12.0,77.1,Yes,0.0,None
18:42:46.479,Active,412.0,2.4,98.2,12.0,78.2,Yes,0.0,None
18:42:46.897,Active,409.7,2.4,98.8,12.0,77.1,Yes,0.0,None
18:42:47.312,Active,408.5,2.4,99.4,12.0,78.2,Yes,0.0,None
18:42:47.747,Active,427.9,2.4,97.7,12.1,77.7,Yes,0.0,None
18:42:48.163,Active,407.6,2.4,98.8,12.1,77.1,Yes,0.0,None
18:42:48.582,Active,409.6,2.4,97.0,12.1,78.2,Yes,0.0,None
18:42:49.007,Active,415.7,2.4,97.6,12.1,77.7,Yes,0.0,None
18:42:49.423,Active,407.9,2.4,98.2,12.1,78.2,Yes,0.0,None
18:42:49.844,Active,412.6,2.4,98.2,12.1,77.7,Yes,0.0,None
18:42:50.257,Active,407.7,2.4,98.2,12.1,77.7,Yes,0.0,None
18:42:50.677,Active,410.0,2.4,97.6,12.1,77.1,Yes,0.0,None
18:42:51.096,Active,410.0,2.4,98.2,12.1,78.2,Yes,0.0,None
18:42:51.510,Active,407.8,2.4,98.8,12.1,78.8,Yes,0.0,None
18:42:51.924,Active,408.1,2.4,99.4,12.1,77.7,Yes,0.0,None
18:42:52.445,Active,413.3,2.4,79.2,12.1,78.2,Yes,0.0,None
18:42:52.860,Active,408.8,2.4,98.2,12.1,77.7,Yes,0.0,None
18:42:53.273,Active,408.0,2.3,98.8,12.1,78.8,Yes,0.0,None
18:42:53.692,Active,408.0,2.3,98.2,12.1,78.2,Yes,0.0,None
18:42:54.106,Active,406.8,2.3,99.4,12.1,78.8,Yes,0.0,None
18:42:54.524,Active,409.0,2.3,98.2,12.1,78.2,Yes,0.0,None
18:42:54.941,Active,409.5,2.3,98.2,12.0,77.7,Yes,0.0,None
18:42:55.356,Active,409.1,2.3,99.4,12.0,78.2,Yes,0.0,None
18:42:55.771,Active,409.3,2.3,98.8,12.0,77.7,Yes,0.0,None
18:42:56.183,Active,405.7,2.3,98.8,12.0,78.2,Yes,0.0,None
18:42:56.596,Active,406.5,2.3,99.4,12.0,78.8,Yes,0.0,None
18:42:57.013,Active,409.6,2.3,98.8,12.0,78.2,Yes,0.0,None
18:42:57.426,Active,407.2,2.4,98.2,12.0,78.8,Yes,0.0,None
18:42:57.862,Active,426.6,2.4,98.3,12.1,78.2,Yes,0.0,None
18:42:58.277,Active,405.0,2.4,98.2,12.1,78.8,Yes,0.0,None
18:42:58.701,Active,411.5,2.4,98.2,12.1,78.2,Yes,0.0,None
18:42:59.118,Active,407.9,2.4,97.6,12.1,78.8,Yes,0.0,None
18:42:59.537,Active,408.7,2.4,97.6,12.1,78.8,Yes,0.0,None
18:42:59.954,Active,411.1,2.4,99.4,12.1,78.8,Yes,0.0,None
18:43:00.372,Active,408.4,2.4,98.2,12.1,78.8,Yes,0.0,None
18:43:00.793,Active,410.3,2.4,97.6,12.1,78.8,Yes,0.0,None
18:43:01.209,Active,409.4,2.4,99.4,12.1,78.8,Yes,0.0,None
18:43:01.625,Active,409.7,2.4,98.2,12.0,78.2,Yes,0.0,None
18:43:02.053,Active,422.2,2.4,97.1,12.0,79.3,Yes,0.0,None
18:43:02.471,Active,408.2,2.4,97.6,12.0,78.8,Yes,0.0,None
18:43:02.891,Active,409.8,2.4,98.2,12.1,79.3,Yes,0.0,None
18:43:03.304,Active,406.4,2.4,98.8,12.0,79.3,Yes,0.0,None
18:43:03.722,Active,409.5,2.4,98.2,12.0,78.8,Yes,0.0,None
18:43:04.140,Active,405.7,2.4,97.6,12.0,78.8,Yes,0.0,None
18:43:04.558,Active,411.1,2.4,98.8,12.0,78.8,Yes,0.0,None
18:43:04.975,Active,408.0,2.4,98.2,12.0,79.3,Yes,0.0,None
18:43:05.386,Active,402.6,2.4,99.4,12.0,78.8,Yes,0.0,None
18:43:05.801,Active,409.6,2.4,99.4,12.0,78.8,Yes,0.0,None
18:43:06.217,Active,401.9,2.4,97.6,12.0,80.4,Yes,0.0,None
18:43:06.630,Active,406.8,2.4,99.4,12.0,79.8,Yes,0.0,None
18:43:07.052,Active,413.6,2.4,98.2,12.0,79.8,Yes,0.0,None
18:43:07.474,Active,413.8,2.4,98.2,12.0,78.8,Yes,0.0,None
18:43:07.902,Active,418.7,2.4,98.3,12.0,79.3,Yes,0.0,None
18:43:08.348,Active,432.7,2.4,97.7,12.1,79.8,Yes,0.0,None
18:43:08.777,Active,421.9,2.4,97.1,12.2,79.3,Yes,0.0,None
18:43:09.204,Active,417.9,2.4,98.2,12.2,79.3,Yes,0.0,None
18:43:09.624,Active,413.9,2.4,98.2,12.1,79.8,Yes,0.0,None
18:43:10.053,Active,419.0,2.4,98.2,12.1,79.3,Yes,0.0,None
18:43:10.475,Active,415.5,2.4,98.8,12.1,78.8,Yes,0.0,None
18:43:10.902,Active,419.0,2.4,98.3,12.1,79.3,Yes,0.0,None
18:43:11.329,Active,417.6,2.4,98.2,12.1,79.3,Yes,0.0,None
18:43:11.755,Active,419.0,2.4,97.7,12.1,79.3,Yes,0.0,None
18:43:12.178,Active,414.9,2.4,98.8,12.1,79.3,Yes,0.0,None
18:43:12.599,Active,415.3,2.4,98.8,12.1,78.8,Yes,0.0,None
18:43:13.032,Active,426.8,2.4,97.7,12.1,79.8,Yes,0.0,None
18:43:13.456,Active,417.3,2.4,98.2,12.1,79.3,Yes,0.0,None
18:43:13.884,Active,417.5,2.4,97.7,12.1,79.8,Yes,0.0,None
18:43:14.309,Active,415.0,2.3,98.2,12.1,79.3,Yes,0.0,None
18:43:14.753,Active,438.4,2.3,95.5,12.1,79.8,Yes,0.0,None
18:43:15.183,Active,420.6,2.3,97.7,12.1,79.3,Yes,0.0,None
18:43:15.608,Active,415.8,2.3,98.2,12.1,79.3,Yes,0.0,None
18:43:16.036,Active,417.6,2.3,98.2,12.0,80.4,Yes,0.0,None
18:44:01.475,Active,424.2,2.3,1.3,12.2,61.1,Yes,0.0,None
18:44:01.886,Active,405.7,2.3,100.0,12.2,61.7,Yes,0.0,None
18:44:02.296,Active,403.9,2.3,100.0,12.2,62.8,Yes,0.0,None
18:44:02.714,Active,411.1,2.3,98.8,12.2,64.5,Yes,0.0,None
18:44:03.126,Active,406.2,2.3,99.4,12.2,65.0,Yes,0.0,None
18:44:03.551,Active,418.5,4.0,96.5,12.1,66.1,Yes,0.0,None
18:44:03.993,Active,436.0,4.0,95.4,12.1,67.2,Yes,0.0,None
18:44:04.403,Active,404.3,4.0,100.0,12.1,67.2,Yes,0.0,None
18:44:04.819,Active,408.0,4.0,98.8,12.1,67.8,Yes,0.0,None
18:44:05.234,Active,409.2,4.0,99.4,12.1,68.3,Yes,0.0,None
18:44:05.647,Active,406.7,4.0,98.8,12.1,69.4,Yes,0.0,None
18:44:06.073,Active,420.1,4.0,99.4,12.1,68.8,Yes,0.0,None
18:44:06.491,Active,410.7,4.0,97.6,12.1,69.4,Yes,0.0,None
18:44:06.915,Active,415.5,4.0,97.6,12.0,70.0,Yes,0.0,None
18:44:07.328,Active,407.0,4.0,98.8,12.0,70.5,Yes,0.0,None
18:44:07.753,Active,419.0,2.4,97.0,12.0,71.0,Yes,0.0,None
18:44:08.168,Active,408.9,2.4,99.4,12.0,71.0,Yes,0.0,None
18:44:08.582,Active,407.9,2.4,98.8,12.0,71.0,Yes,0.0,None
18:44:09.001,Active,409.7,2.4,97.6,12.0,72.2,Yes,0.0,None
18:44:09.417,Active,406.9,2.4,98.2,12.1,71.6,Yes,0.0,None
18:44:09.848,Active,424.7,2.4,99.4,12.2,72.2,Yes,0.0,None
18:44:10.261,Active,405.7,2.4,97.6,12.2,71.6,Yes,0.0,None
18:44:10.676,Active,408.0,2.4,98.8,12.2,72.7,Yes,0.0,None
18:44:11.093,Active,409.9,2.4,98.8,12.2,73.2,Yes,0.0,None
18:44:11.506,Active,407.1,2.4,98.8,12.2,72.7,Yes,0.0,None
18:44:11.925,Active,409.9,2.4,97.6,12.2,72.7,Yes,0.0,None
18:44:12.336,Active,405.4,2.4,98.8,12.2,73.2,Yes,0.0,None
18:44:12.756,Active,410.0,2.4,98.2,12.1,73.2,Yes,0.0,None
18:44:13.172,Active,406.9,2.4,98.2,12.1,73.8,Yes,0.0,None
18:44:13.590,Active,408.0,2.4,98.2,12.1,73.2,Yes,0.0,None
18:44:14.008,Active,408.7,2.4,97.6,12.1,73.2,Yes,0.0,None
18:44:14.428,Active,412.8,2.4,98.2,12.1,73.8,Yes,0.0,None
18:44:14.846,Active,408.9,2.4,98.2,12.1,73.8,Yes,0.0,None
18:44:15.263,Active,407.6,2.4,98.2,12.1,74.9,Yes,0.0,None
18:44:15.681,Active,410.1,2.4,98.2,12.1,73.8,Yes,0.0,None
18:44:16.095,Active,408.2,2.4,98.8,12.1,74.3,Yes,0.0,None
18:44:16.511,Active,407.6,2.4,98.8,12.1,74.3,Yes,0.0,None
18:44:16.927,Active,409.0,2.4,98.8,12.0,74.9,Yes,0.0,None
18:44:17.441,Active,405.3,2.4,79.0,12.0,74.9,Yes,0.0,None
18:44:17.857,Active,406.8,2.4,98.8,12.0,74.9,Yes,0.0,None
18:44:18.274,Active,408.2,2.4,98.2,12.0,75.5,Yes,0.0,None
18:44:18.695,Active,411.6,2.4,98.2,12.0,74.9,Yes,0.0,None
18:44:19.108,Active,406.1,2.4,98.8,12.0,75.5,Yes,0.0,None
18:44:19.526,Active,408.2,2.4,98.2,12.0,75.5,Yes,0.0,None
18:44:19.951,Active,417.2,2.4,98.8,12.1,76.0,Yes,0.0,None
18:44:20.362,Active,404.3,2.3,99.4,12.1,75.5,Yes,0.0,None
18:44:20.778,Active,406.9,2.3,99.4,12.1,74.9,Yes,0.0,None
18:44:21.196,Active,408.0,2.3,97.6,12.1,74.9,Yes,0.0,None
18:44:21.612,Active,407.6,2.3,98.8,12.0,77.1,Yes,0.0,None
18:44:22.029,Active,407.7,2.3,98.2,12.0,76.0,Yes,0.0,None
18:44:22.440,Active,405.1,2.3,98.8,12.0,76.0,Yes,0.0,None
18:44:22.859,Active,411.9,2.3,98.8,12.0,76.0,Yes,0.0,None
18:44:23.274,Active,407.4,2.3,98.2,12.0,76.5,Yes,0.0,None
18:44:23.693,Active,411.0,2.3,98.8,12.0,76.0,Yes,0.0,None
18:44:24.108,Active,407.4,2.3,98.2,12.0,76.0,Yes,0.0,None
18:44:24.522,Active,407.3,2.4,98.8,12.0,76.0,Yes,0.0,None
18:44:24.940,Active,409.1,2.4,98.2,12.0,76.5,Yes,0.0,None
18:44:25.356,Active,408.6,2.4,98.8,12.0,76.5,Yes,0.0,None
18:44:25.780,Active,416.8,2.4,97.6,12.0,76.5,Yes,0.0,None
18:44:26.198,Active,408.2,2.4,98.2,12.0,76.5,Yes,0.0,None
18:44:26.623,Active,415.6,2.4,97.0,12.0,76.5,Yes,0.0,None
18:44:27.040,Active,408.7,2.4,97.6,12.0,76.5,Yes,0.0,None
18:44:27.453,Active,406.2,2.4,98.8,12.0,77.1,Yes,0.0,None
18:44:27.874,Active,411.3,2.4,98.2,12.0,76.5,Yes,0.0,None
18:44:28.288,Active,405.0,2.4,98.2,12.0,77.1,Yes,0.0,None
18:44:28.703,Active,408.0,2.4,98.8,12.0,76.0,Yes,0.0,None
18:44:29.119,Active,410.0,2.4,99.4,12.0,77.7,Yes,0.0,None
18:44:29.535,Active,408.1,2.4,98.2,12.0,76.5,Yes,0.0,None
18:44:29.966,Active,422.7,2.4,97.1,12.0,76.0,Yes,0.0,None
18:44:30.399,Active,423.9,2.4,98.3,12.2,77.7,Yes,0.0,None
18:44:30.812,Active,407.6,2.4,98.8,12.2,77.1,Yes,0.0,None
18:44:31.224,Active,406.0,2.4,99.4,12.2,77.7,Yes,0.0,None
18:44:31.649,Active,417.7,2.4,98.2,12.2,77.1,Yes,0.0,None
18:44:32.065,Active,408.2,2.4,98.8,12.2,76.5,Yes,0.0,None
18:44:32.499,Active,429.0,2.4,95.4,12.2,77.1,Yes,0.0,None
18:44:32.943,Active,437.4,2.4,96.0,12.2,77.1,Yes,0.0,None
18:44:33.359,Active,409.8,2.4,98.8,12.2,77.1,Yes,0.0,None
18:44:33.775,Active,410.7,2.4,99.4,12.1,77.1,Yes,0.0,None
18:44:34.192,Active,408.6,2.4,98.2,12.1,77.7,Yes,0.0,None
18:44:34.611,Active,412.3,2.4,98.2,12.1,78.2,Yes,0.0,None
18:44:35.028,Active,408.9,2.4,98.8,12.1,77.7,Yes,0.0,None
18:44:35.440,Active,404.6,2.4,99.4,12.1,78.2,Yes,0.0,None
18:44:35.856,Active,410.8,2.4,99.4,12.1,78.2,Yes,0.0,None
18:44:36.273,Active,409.7,2.4,98.8,12.1,77.7,Yes,0.0,None
18:44:36.688,Active,409.5,2.4,98.2,12.1,77.1,Yes,0.0,None
18:44:37.103,Active,403.8,2.4,98.2,12.1,77.7,Yes,0.0,None
18:44:37.518,Active,409.2,2.4,99.4,12.1,78.2,Yes,0.0,None
18:44:37.932,Active,407.4,2.4,98.8,12.1,77.7,Yes,0.0,None
18:44:38.348,Active,407.2,2.4,98.2,12.1,78.2,Yes,0.0,None
18:44:38.768,Active,413.1,2.4,97.6,12.1,77.7,Yes,0.0,None
18:44:39.182,Active,407.3,2.4,98.8,12.1,78.2,Yes,0.0,None
18:44:39.604,Active,413.3,2.4,97.0,12.1,78.2,Yes,0.0,None
18:44:40.020,Active,409.3,2.4,98.8,12.0,77.7,Yes,0.0,None
18:44:40.447,Active,420.4,2.4,98.8,12.2,77.7,Yes,0.0,None
18:44:40.861,Active,407.4,2.4,99.4,12.2,78.2,Yes,0.0,None
18:44:41.276,Active,409.3,2.4,99.4,12.2,78.2,Yes,0.0,None
18:44:41.695,Active,412.0,2.4,98.8,12.2,78.2,Yes,0.0,None
18:44:42.109,Active,405.7,2.4,97.6,12.2,78.8,Yes,0.0,None
18:44:42.522,Active,406.9,2.4,99.4,12.2,78.8,Yes,0.0,None
18:44:42.940,Active,411.3,2.4,98.8,12.1,78.2,Yes,0.0,None
18:44:43.353,Active,406.3,2.4,97.6,12.1,78.2,Yes,0.0,None
18:44:43.772,Active,409.3,2.4,98.2,12.1,78.2,Yes,0.0,None
18:44:44.184,Active,406.0,2.4,98.8,12.1,78.2,Yes,0.0,None
18:44:44.601,Active,406.8,2.4,98.2,12.1,78.8,Yes,0.0,None
18:44:45.014,Active,407.4,2.4,99.4,12.1,78.2,Yes,0.0,None
18:44:45.432,Active,404.9,2.4,97.0,12.1,79.3,Yes,0.0,None
18:44:45.848,Active,410.3,2.4,99.4,12.1,77.7,Yes,0.0,None
18:44:46.262,Active,406.6,2.4,98.8,12.1,77.1,Yes,0.0,None
18:44:46.679,Active,408.3,2.4,98.8,12.1,78.8,Yes,0.0,None
18:44:47.094,Active,408.3,2.4,98.8,12.1,78.8,Yes,0.0,None
18:44:47.506,Active,402.6,2.4,98.2,12.1,79.3,Yes,0.0,None
18:44:47.924,Active,411.4,2.4,98.8,12.1,79.3,Yes,0.0,None
18:44:48.339,Active,407.3,2.4,98.2,12.1,79.3,Yes,0.0,None
18:44:48.754,Active,408.0,2.4,98.8,12.1,78.8,Yes,0.0,None
18:44:49.166,Active,406.2,2.4,99.4,12.0,78.2,Yes,0.0,None
18:44:49.579,Active,406.6,2.4,98.8,12.0,78.8,Yes,0.0,None
18:44:49.992,Active,407.2,2.4,99.4,12.0,78.8,Yes,0.0,None
18:44:50.407,Active,409.5,2.4,99.4,12.0,78.2,Yes,0.0,None
18:44:50.844,Active,429.0,2.4,98.3,12.1,78.8,Yes,0.0,None
18:44:51.264,Active,410.1,2.4,98.2,12.1,78.8,Yes,0.0,None
18:44:51.682,Active,411.3,2.4,98.2,12.1,78.8,Yes,0.0,None
18:44:52.102,Active,409.7,2.4,98.2,12.1,78.8,Yes,0.0,None
18:44:52.520,Active,408.2,2.4,98.2,12.1,79.8,Yes,0.0,None
18:44:52.938,Active,408.5,2.4,98.2,12.1,79.3,Yes,0.0,None
18:44:53.354,Active,409.0,2.4,99.4,12.1,79.3,Yes,0.0,None
18:44:53.773,Active,409.8,2.4,97.6,12.1,78.8,Yes,0.0,None
18:44:54.187,Active,407.6,2.4,99.4,12.1,79.3,Yes,0.0,None
18:44:54.613,Active,418.2,2.4,96.4,12.1,79.8,Yes,0.0,None
18:44:55.032,Active,409.1,2.4,98.2,12.0,79.8,Yes,0.0,None
18:44:55.452,Active,413.4,2.4,97.6,12.0,79.3,Yes,0.0,None
18:44:55.868,Active,409.2,2.4,98.8,12.0,79.8,Yes,0.0,None
18:44:56.290,Active,414.5,2.4,97.6,12.0,78.8,Yes,0.0,None
18:44:56.724,Active,425.0,2.4,96.5,12.1,79.3,Yes,0.0,None
18:44:57.155,Active,424.8,2.4,97.1,12.1,79.3,Yes,0.0,None
18:44:57.576,Active,414.3,2.4,98.8,12.0,79.8,Yes,0.0,None
18:44:58.000,Active,416.5,2.4,98.8,12.0,79.3,Yes,0.0,None
18:44:58.420,Active,413.9,2.4,98.8,12.0,79.3,Yes,0.0,None
18:44:58.847,Active,416.8,2.4,98.2,12.0,79.3,Yes,0.0,None
18:44:59.267,Active,413.2,2.4,99.4,12.0,81.0,Yes,0.0,None
18:44:59.691,Active,415.5,2.4,99.4,12.0,81.0,Yes,0.0,None
18:45:00.111,Active,414.1,2.4,99.4,12.0,78.8,Yes,0.0,None
18:45:00.531,Active,413.9,2.4,99.4,12.0,79.8,Yes,0.0,None
18:45:00.967,Active,430.1,2.4,99.4,12.1,79.3,Yes,0.0,None
18:45:01.388,Active,415.2,2.4,99.4,12.1,79.8,Yes,0.0,None
18:45:46.825,Active,422.1,2.4,1.2,12.1,60.0,Yes,0.0,None
18:45:47.242,Active,404.2,11.8,98.2,12.1,61.7,Yes,0.0,None
18:45:47.654,Active,403.9,11.8,98.8,12.1,63.4,Yes,0.0,None
18:45:48.067,Active,405.5,11.8,99.4,12.1,63.9,Yes,0.0,None
18:45:48.480,Active,406.8,11.8,99.4,12.1,65.5,Yes,0.0,None
18:45:48.898,Active,407.7,11.8,98.2,12.1,66.1,Yes,0.0,None
18:45:49.314,Active,407.6,11.8,98.2,12.1,65.5,Yes,0.0,None
18:45:49.732,Active,408.5,11.8,98.2,12.1,67.8,Yes,0.0,None
18:45:50.147,Active,406.0,11.8,98.2,12.1,68.3,Yes,0.0,None
18:45:50.564,Active,406.4,11.8,98.2,12.1,68.3,Yes,0.0,None
18:45:50.980,Active,410.0,11.8,99.4,12.1,68.3,Yes,0.0,None
18:45:51.392,Active,404.6,2.4,98.2,12.1,68.8,Yes,0.0,None
18:45:51.807,Active,409.6,2.4,100.0,12.1,68.8,Yes,0.0,None
18:45:52.235,Active,421.4,2.4,99.4,12.2,69.4,Yes,0.0,None
18:45:52.649,Active,406.7,2.4,98.8,12.3,69.4,Yes,0.0,None
18:45:53.064,Active,408.1,2.4,99.4,12.3,71.0,Yes,0.0,None
18:45:53.480,Active,406.5,2.4,98.2,12.3,71.6,Yes,0.0,None
18:45:53.895,Active,407.9,2.4,98.8,12.2,71.0,Yes,0.0,None
18:45:54.308,Active,407.0,2.4,99.4,12.2,71.6,Yes,0.0,None
18:45:54.725,Active,410.0,2.4,98.2,12.2,71.6,Yes,0.0,None
18:45:55.139,Active,407.6,2.4,98.8,12.2,71.6,Yes,0.0,None
18:45:55.551,Active,406.6,2.4,99.4,12.1,72.7,Yes,0.0,None
18:45:55.965,Active,408.2,2.4,98.8,12.1,72.7,Yes,0.0,None
18:45:56.381,Active,405.7,2.4,98.2,12.1,72.7,Yes,0.0,None
18:45:56.797,Active,409.0,2.4,98.8,12.1,73.2,Yes,0.0,None
18:45:57.210,Active,406.8,2.4,98.8,12.1,72.7,Yes,0.0,None
18:45:57.624,Active,407.9,2.4,98.8,12.1,73.8,Yes,0.0,None
18:45:58.039,Active,409.2,2.4,99.4,12.1,73.8,Yes,0.0,None
18:45:58.456,Active,408.5,2.4,97.6,12.1,73.2,Yes,0.0,None
18:45:58.871,Active,407.6,2.4,98.8,12.1,73.2,Yes,0.0,None
18:45:59.286,Active,408.0,2.4,98.8,12.1,73.8,Yes,0.0,None
18:45:59.707,Active,411.9,2.4,98.2,12.1,73.8,Yes,0.0,None
18:46:00.122,Active,407.4,2.4,98.8,12.1,74.3,Yes,0.0,None
18:46:00.643,Active,413.9,2.4,78.7,12.0,74.3,Yes,0.0,None
18:46:01.058,Active,408.2,2.4,98.8,12.0,74.3,Yes,0.0,None
18:46:01.468,Active,401.7,2.4,98.8,12.0,74.9,Yes,0.0,None
18:46:01.887,Active,408.0,2.4,98.2,12.0,74.3,Yes,0.0,None
18:46:02.319,Active,419.9,2.4,97.7,12.1,76.0,Yes,0.0,None
18:46:02.741,Active,410.6,2.4,97.0,12.1,74.3,Yes,0.0,None
18:46:03.159,Active,408.4,2.4,98.2,12.1,74.3,Yes,0.0,None
18:46:03.574,Active,408.3,2.4,98.8,12.1,74.9,Yes,0.0,None
18:46:03.993,Active,409.6,2.3,98.2,12.1,74.9,Yes,0.0,None
18:46:04.405,Active,405.9,2.3,98.2,12.1,74.9,Yes,0.0,None
18:46:04.824,Active,410.6,2.3,98.8,12.1,74.9,Yes,0.0,None
18:46:05.240,Active,406.3,2.3,98.2,12.0,75.5,Yes,0.0,None
18:46:05.651,Active,404.7,2.3,98.8,12.0,76.0,Yes,0.0,None
18:46:06.079,Active,415.5,2.3,98.3,12.0,75.5,Yes,0.0,None
18:46:06.492,Active,407.4,2.3,99.4,12.0,75.5,Yes,0.0,None
18:46:06.907,Active,407.8,2.3,98.2,12.0,76.0,Yes,0.0,None
18:46:07.321,Active,406.7,2.3,99.4,12.0,76.5,Yes,0.0,None
18:46:07.738,Active,409.2,2.3,98.8,12.0,76.5,Yes,0.0,None
18:46:08.150,Active,406.5,2.4,98.8,12.0,76.0,Yes,0.0,None
18:46:08.562,Active,406.1,2.4,98.8,12.0,76.0,Yes,0.0,None
18:46:08.980,Active,411.7,2.4,99.4,12.0,76.5,Yes,0.0,None
18:46:09.396,Active,406.4,2.4,98.2,12.0,76.5,Yes,0.0,None
18:46:09.812,Active,410.6,2.4,99.4,12.0,76.5,Yes,0.0,None
18:46:10.233,Active,413.9,2.4,97.6,12.0,76.0,Yes,0.0,None
18:46:10.648,Active,408.4,2.4,98.8,12.0,77.7,Yes,0.0,None
18:46:11.062,Active,408.8,2.4,98.8,12.0,76.5,Yes,0.0,None
18:46:11.473,Active,405.4,2.4,99.4,12.0,77.1,Yes,0.0,None
18:46:11.891,Active,412.1,2.4,99.4,12.0,77.1,Yes,0.0,None
18:46:12.302,Active,405.1,2.4,98.8,12.0,77.1,Yes,0.0,None
18:46:12.736,Active,427.5,2.4,100.0,12.2,76.5,Yes,0.0,None
18:46:13.159,Active,417.8,2.4,97.0,12.2,77.1,Yes,0.0,None
18:46:13.575,Active,408.0,2.4,98.8,12.2,78.2,Yes,0.0,None
18:46:13.990,Active,408.9,2.4,98.8,12.2,77.1,Yes,0.0,None
18:46:14.403,Active,405.2,2.4,98.8,12.2,77.1,Yes,0.0,None
18:46:14.819,Active,408.4,2.4,98.2,12.2,76.5,Yes,0.0,None
18:46:15.234,Active,406.6,2.4,98.2,12.2,77.1,Yes,0.0,None
18:46:15.647,Active,407.3,2.4,99.4,12.2,77.1,Yes,0.0,None
18:46:16.059,Active,405.9,2.4,99.4,12.2,77.1,Yes,0.0,None
18:46:16.472,Active,405.8,2.4,98.8,12.2,77.7,Yes,0.0,None
18:46:16.894,Active,416.5,2.4,99.4,12.1,77.7,Yes,0.0,None
18:46:17.316,Active,412.8,2.4,97.0,12.1,77.1,Yes,0.0,None
18:46:17.737,Active,412.1,2.4,98.2,12.1,77.7,Yes,0.0,None
18:46:18.153,Active,407.8,2.4,98.2,12.1,77.7,Yes,0.0,None
18:46:18.568,Active,408.6,2.4,98.8,12.1,77.7,Yes,0.0,None
18:46:18.982,Active,407.8,2.4,98.8,12.1,79.3,Yes,0.0,None
18:46:19.400,Active,408.5,2.4,98.2,12.1,77.7,Yes,0.0,None
18:46:19.823,Active,412.4,2.4,97.6,12.1,77.7,Yes,0.0,None
18:46:20.241,Active,408.4,2.4,98.2,12.0,77.7,Yes,0.0,None
18:46:20.657,Active,406.7,2.4,98.2,12.1,77.7,Yes,0.0,None
18:46:21.071,Active,407.5,2.4,99.4,12.0,77.1,Yes,0.0,None
18:46:21.487,Active,408.4,2.4,98.2,12.0,77.7,Yes,0.0,None
18:46:21.904,Active,409.0,2.4,98.2,12.0,77.1,Yes,0.0,None
18:46:22.321,Active,408.8,2.4,98.8,12.0,77.7,Yes,0.0,None
18:46:22.738,Active,409.6,2.4,98.2,12.0,78.2,Yes,0.0,None
18:46:23.167,Active,420.6,2.4,98.2,12.1,78.2,Yes,0.0,None
18:46:23.583,Active,407.7,2.4,98.2,12.1,78.2,Yes,0.0,None
18:46:24.002,Active,410.3,2.4,98.2,12.1,78.8,Yes,0.0,None
18:46:24.416,Active,406.4,2.4,98.2,12.1,78.8,Yes,0.0,None
18:46:24.832,Active,408.7,2.4,99.4,12.1,77.7,Yes,0.0,None
18:46:25.245,Active,407.0,2.4,99.4,12.1,78.2,Yes,0.0,None
18:46:25.659,Active,405.5,2.4,98.2,12.0,78.8,Yes,0.0,None
18:46:26.075,Active,409.7,2.4,98.2,12.0,78.8,Yes,0.0,None
18:46:26.490,Active,406.5,2.4,98.2,12.0,78.2,Yes,0.0,None
18:46:26.912,Active,413.0,2.4,97.6,12.0,78.2,Yes,0.0,None
18:46:27.325,Active,406.8,2.4,98.8,12.0,78.8,Yes,0.0,None
18:46:27.740,Active,408.7,2.4,99.4,12.0,79.3,Yes,0.0,None
18:46:28.165,Active,418.0,2.4,96.4,12.0,78.2,Yes,0.0,None
18:46:28.582,Active,408.5,2.4,98.2,12.1,79.8,Yes,0.0,None
18:46:28.995,Active,406.6,2.4,99.4,12.0,78.2,Yes,0.0,None
18:46:29.410,Active,407.4,2.4,99.4,12.1,78.2,Yes,0.0,None
18:46:29.828,Active,409.4,2.4,98.2,12.1,77.1,Yes,0.0,None
18:46:30.243,Active,408.0,2.4,98.8,12.0,78.8,Yes,0.0,None
18:46:30.660,Active,408.6,2.4,98.8,12.0,78.2,Yes,0.0,None
18:46:31.077,Active,410.0,2.4,99.4,12.0,78.8,Yes,0.0,None
18:46:31.490,Active,407.3,2.4,98.2,12.0,78.2,Yes,0.0,None
18:46:31.908,Active,409.1,2.4,98.2,12.0,78.8,Yes,0.0,None
18:46:32.325,Active,409.8,2.4,98.8,12.0,79.3,Yes,0.0,None
18:46:32.749,Active,417.7,2.4,98.8,12.0,78.8,Yes,0.0,None
18:46:33.174,Active,418.6,2.4,98.8,12.0,79.3,Yes,0.0,None
18:46:33.586,Active,406.6,2.4,100.0,12.0,79.3,Yes,0.0,None
18:46:34.005,Active,410.3,2.4,98.2,12.0,78.8,Yes,0.0,None
18:46:34.425,Active,409.6,2.4,98.2,12.0,78.8,Yes,0.0,None
18:46:34.840,Active,409.3,2.4,98.2,12.0,78.2,Yes,0.0,None
18:46:35.254,Active,407.2,2.4,98.8,12.0,79.3,Yes,0.0,None
18:46:35.692,Active,428.4,2.4,96.6,12.0,78.8,Yes,0.0,None
18:46:36.107,Active,407.7,2.4,98.2,12.0,79.8,Yes,0.0,None
18:46:36.520,Active,405.0,2.4,98.8,12.0,79.3,Yes,0.0,None
18:46:36.936,Active,408.9,2.4,98.8,12.0,79.8,Yes,0.0,None
18:46:37.448,Active,411.6,2.3,79.4,12.0,77.7,Yes,0.0,None
18:46:37.863,Active,408.9,2.3,98.8,12.0,78.8,Yes,0.0,None
18:46:38.288,Active,415.5,2.3,97.6,12.0,79.3,Yes,0.0,None
18:46:38.716,Active,420.5,2.3,98.3,12.0,79.3,Yes,0.0,None
18:46:39.136,Active,413.9,2.3,99.4,12.0,77.7,Yes,0.0,None
18:46:39.558,Active,415.3,2.3,98.8,12.0,78.8,Yes,0.0,None
18:46:39.985,Active,418.2,2.3,98.2,12.0,79.3,Yes,0.0,None
18:46:40.407,Active,415.5,2.3,98.8,12.0,79.3,Yes,0.0,None
18:46:40.833,Active,420.0,2.3,98.8,12.0,79.8,Yes,0.0,None
18:46:41.254,Active,415.3,2.3,98.8,12.0,78.8,Yes,0.0,None
18:46:41.684,Active,420.5,2.4,97.7,12.0,78.2,Yes,0.0,None
18:46:42.115,Active,425.1,2.4,97.1,12.0,79.8,Yes,0.0,None
18:46:42.539,Active,416.1,2.4,98.2,12.0,79.8,Yes,0.0,None
18:46:42.962,Active,417.2,2.4,98.8,12.0,79.3,Yes,0.0,None
18:46:43.401,Active,429.5,2.4,98.9,12.0,78.8,Yes,0.0,None
18:46:43.827,Active,419.4,2.4,98.2,12.0,79.8,Yes,0.0,None
18:46:44.251,Active,416.2,2.4,98.2,12.0,79.8,Yes,0.0,None
18:46:44.677,Active,417.9,2.4,98.8,12.0,78.8,Yes,0.0,None
18:46:45.099,Active,415.8,2.4,98.8,12.0,79.8,Yes,0.0,None
18:46:45.522,Active,416.9,2.4,98.8,12.0,79.3,Yes,0.0,None
18:46:45.946,Active,417.2,2.3,98.8,12.0,79.3,Yes,0.0,None
18:46:46.368,Active,412.3,2.3,97.6,12.0,79.3,Yes,0.0,None
18:46:46.792,Active,416.7,2.3,98.8,12.0,78.8,Yes,0.0,None
18:47:32.226,Active,419.7,2.3,1.3,12.0,60.6,Yes,0.0,None
18:47:32.643,Active,408.1,2.3,98.8,12.0,62.2,Yes,0.0,None
18:47:33.059,Active,410.1,2.3,98.8,12.0,62.8,Yes,0.0,None
18:47:33.473,Active,407.5,2.3,98.2,12.0,66.1,Yes,0.0,None
18:47:33.889,Active,410.2,2.3,98.8,12.0,65.0,Yes,0.0,None
18:47:34.302,Active,406.7,2.3,98.8,12.0,66.1,Yes,0.0,None
18:47:34.746,Active,434.7,2.3,97.2,12.1,66.7,Yes,0.0,None
18:47:35.159,Active,404.8,3.0,98.8,12.1,67.2,Yes,0.0,None
18:47:35.574,Active,407.3,3.0,98.8,12.1,67.8,Yes,0.0,None
18:47:35.991,Active,407.0,3.0,98.2,12.1,68.8,Yes,0.0,None
18:47:36.402,Active,405.7,3.0,99.4,12.1,68.8,Yes,0.0,None
18:47:36.815,Active,406.7,3.0,99.4,12.1,70.5,Yes,0.0,None
18:47:37.231,Active,405.2,3.0,99.4,12.1,70.0,Yes,0.0,None
18:47:37.642,Active,405.7,3.0,99.4,12.1,69.4,Yes,0.0,None
18:47:38.060,Active,408.4,3.0,97.0,12.0,70.0,Yes,0.0,None
18:47:38.475,Active,405.7,3.0,98.2,12.0,71.0,Yes,0.0,None
18:47:38.890,Active,408.4,3.0,98.8,12.0,71.0,Yes,0.0,None
18:47:39.306,Active,406.9,2.4,98.2,12.0,71.0,Yes,0.0,None
18:47:39.722,Active,408.5,2.4,98.8,12.0,71.0,Yes,0.0,None
18:47:40.141,Active,408.9,2.4,97.6,12.0,72.2,Yes,0.0,None
18:47:40.555,Active,406.6,2.4,98.2,12.0,72.2,Yes,0.0,None
18:47:40.973,Active,411.1,2.4,98.8,12.0,72.2,Yes,0.0,None
18:47:41.387,Active,408.4,2.4,98.8,12.0,72.2,Yes,0.0,None
18:47:41.808,Active,412.6,2.4,98.2,12.0,72.7,Yes,0.0,None
18:47:42.223,Active,408.7,2.4,98.2,12.0,72.7,Yes,0.0,None
18:47:42.640,Active,407.6,2.4,98.2,12.0,73.8,Yes,0.0,None
18:47:43.056,Active,408.7,2.4,98.8,12.0,72.7,Yes,0.0,None
18:47:43.470,Active,406.2,2.4,98.8,12.0,73.2,Yes,0.0,None
18:47:43.889,Active,410.9,2.4,98.2,12.0,73.2,Yes,0.0,None
18:47:44.304,Active,407.2,2.4,98.2,12.0,73.8,Yes,0.0,None
18:47:44.723,Active,409.3,2.4,98.2,12.0,74.3,Yes,0.0,None
18:47:45.152,Active,420.9,2.4,98.2,12.1,73.8,Yes,0.0,None
18:47:45.564,Active,404.8,2.4,99.4,12.1,74.3,Yes,0.0,None
18:47:45.978,Active,406.1,2.4,98.8,12.1,75.5,Yes,0.0,None
18:47:46.392,Active,404.9,2.4,98.8,12.1,74.3,Yes,0.0,None
18:47:46.810,Active,408.8,2.4,98.2,12.1,74.3,Yes,0.0,None
18:47:47.223,Active,404.3,2.4,98.2,12.1,74.9,Yes,0.0,None
18:47:47.639,Active,407.3,2.4,98.2,12.1,74.9,Yes,0.0,None
18:47:48.057,Active,408.3,2.4,97.6,12.1,74.9,Yes,0.0,None
18:47:48.476,Active,408.6,2.4,98.2,12.1,74.9,Yes,0.0,None
18:47:48.894,Active,410.2,2.4,98.2,12.1,74.9,Yes,0.0,None
18:47:49.312,Active,407.5,2.4,97.6,12.1,74.9,Yes,0.0,None
18:47:49.731,Active,410.6,2.4,98.2,12.1,76.0,Yes,0.0,None
18:47:50.148,Active,408.6,2.4,98.8,12.1,75.5,Yes,0.0,None
18:47:50.564,Active,408.7,2.4,98.2,12.0,75.5,Yes,0.0,None
18:47:50.980,Active,410.3,2.4,98.8,12.0,75.5,Yes,0.0,None
18:47:51.394,Active,406.9,2.4,98.2,12.0,75.5,Yes,0.0,None
18:47:51.813,Active,409.2,2.4,98.2,12.0,74.9,Yes,0.0,None
18:47:52.227,Active,405.7,2.4,98.2,12.0,76.0,Yes,0.0,None
18:47:52.643,Active,406.6,2.4,97.6,12.0,76.0,Yes,0.0,None
18:47:53.061,Active,407.8,2.4,98.2,12.0,77.1,Yes,0.0,None
18:47:53.473,Active,405.7,2.4,98.8,12.0,76.0,Yes,0.0,None
18:47:53.893,Active,410.2,2.4,98.2,12.0,76.0,Yes,0.0,None
18:47:54.307,Active,406.8,2.4,98.8,12.0,76.0,Yes,0.0,None
18:47:54.726,Active,409.5,2.4,97.6,12.1,76.5,Yes,0.0,None
18:47:55.156,Active,419.5,2.4,98.2,12.2,76.5,Yes,0.0,None
18:47:55.568,Active,405.8,2.4,98.8,12.3,76.5,Yes,0.0,None
18:47:55.984,Active,409.9,2.4,98.8,12.3,77.1,Yes,0.0,None
18:47:56.401,Active,409.6,2.4,98.8,12.2,76.5,Yes,0.0,None
18:47:56.817,Active,409.6,2.4,98.8,12.2,76.0,Yes,0.0,None
18:47:57.233,Active,409.7,2.4,98.2,12.2,77.7,Yes,0.0,None
18:47:57.657,Active,417.6,2.4,97.0,12.2,77.1,Yes,0.0,None
18:47:58.073,Active,409.2,2.4,98.2,12.2,77.1,Yes,0.0,None
18:47:58.490,Active,407.7,2.4,98.2,12.2,76.5,Yes,0.0,None
18:47:58.909,Active,410.3,2.4,98.2,12.2,77.7,Yes,0.0,None
18:47:59.325,Active,406.2,2.4,97.6,12.2,77.1,Yes,0.0,None
18:47:59.747,Active,411.7,2.4,98.2,12.2,76.0,Yes,0.0,None
18:48:00.163,Active,410.6,2.4,97.0,12.2,77.7,Yes,0.0,None
18:48:00.576,Active,405.3,2.4,99.4,12.2,77.7,Yes,0.0,None
18:48:00.991,Active,408.1,2.4,98.8,12.2,77.1,Yes,0.0,None
18:48:01.413,Active,415.6,2.4,98.2,12.2,77.7,Yes,0.0,None
18:48:01.845,Active,426.5,2.4,95.9,12.2,77.7,Yes,0.0,None
18:48:02.268,Active,415.1,2.4,98.2,12.2,77.1,Yes,0.0,None
18:48:02.682,Active,407.2,2.4,98.8,12.1,78.2,Yes,0.0,None
18:48:03.104,Active,410.9,2.4,98.2,12.1,77.1,Yes,0.0,None
18:48:03.519,Active,408.0,2.4,98.2,12.1,77.7,Yes,0.0,None
18:48:03.935,Active,409.1,2.4,98.2,12.1,77.7,Yes,0.0,None
18:48:04.352,Active,408.5,2.4,98.8,12.1,77.7,Yes,0.0,None
18:48:04.788,Active,430.4,2.4,95.4,12.1,76.5,Yes,0.0,None
18:48:05.208,Active,412.8,2.4,97.0,12.1,77.7,Yes,0.0,None
18:48:05.635,Active,420.2,2.4,99.4,12.1,77.7,Yes,0.0,None
18:48:06.055,Active,413.8,2.4,98.2,12.1,77.7,Yes,0.0,None
18:48:06.467,Active,405.8,2.4,99.4,12.1,78.2,Yes,0.0,None
18:48:06.878,Active,405.8,2.4,100.0,12.1,78.2,Yes,0.0,None
18:48:07.306,Active,414.5,2.4,96.4,12.1,78.2,Yes,0.0,None
18:48:07.725,Active,410.0,2.4,98.2,12.1,78.2,Yes,0.0,None
18:48:08.145,Active,407.8,2.4,97.6,12.1,78.2,Yes,0.0,None
18:48:08.559,Active,407.9,2.4,99.4,12.1,78.2,Yes,0.0,None
18:48:08.975,Active,410.1,2.4,98.8,12.1,77.7,Yes,0.0,None
18:48:09.394,Active,407.0,2.4,97.0,12.1,77.7,Yes,0.0,None
18:48:09.811,Active,411.0,2.4,99.4,12.1,77.7,Yes,0.0,None
18:48:10.226,Active,409.5,2.4,97.0,12.1,78.8,Yes,0.0,None
18:48:10.644,Active,409.0,2.4,98.2,12.1,78.2,Yes,0.0,None
18:48:11.061,Active,409.8,2.4,98.2,12.1,78.2,Yes,0.0,None
18:48:11.473,Active,406.6,2.4,98.8,12.1,78.8,Yes,0.0,None
18:48:11.896,Active,412.6,2.4,98.2,12.1,78.8,Yes,0.0,None
18:48:12.311,Active,409.8,2.4,98.2,12.1,78.2,Yes,0.0,None
18:48:12.731,Active,411.8,2.4,98.2,12.1,77.7,Yes,0.0,None
18:48:13.149,Active,408.6,2.4,97.6,12.1,78.2,Yes,0.0,None
18:48:13.560,Active,404.9,2.4,98.8,12.0,79.3,Yes,0.0,None
18:48:13.975,Active,408.6,2.4,99.4,12.0,78.2,Yes,0.0,None
18:48:14.389,Active,407.6,2.4,99.4,12.0,78.8,Yes,0.0,None
18:48:14.806,Active,408.4,2.4,98.2,12.0,78.2,Yes,0.0,None
18:48:15.220,Active,407.6,2.4,98.8,12.0,79.3,Yes,0.0,None
18:48:15.652,Active,424.7,2.4,98.8,12.1,78.2,Yes,0.0,None
18:48:16.069,Active,410.5,2.4,98.2,12.1,78.2,Yes,0.0,None
18:48:16.482,Active,407.4,2.4,98.2,12.1,79.3,Yes,0.0,None
18:48:16.901,Active,409.4,2.4,98.2,12.1,78.8,Yes,0.0,None
18:48:17.320,Active,408.7,2.4,97.6,12.1,78.8,Yes,0.0,None
18:48:17.736,Active,408.9,2.4,98.2,12.1,79.3,Yes,0.0,None
18:48:18.153,Active,407.2,2.4,98.2,12.1,79.3,Yes,0.0,None
18:48:18.569,Active,409.6,2.4,98.8,12.1,78.8,Yes,0.0,None
18:48:19.007,Active,433.0,2.4,95.4,12.0,78.8,Yes,0.0,None
18:48:19.421,Active,405.4,2.4,98.8,12.0,80.4,Yes,0.0,None
18:48:19.834,Active,407.3,2.4,98.8,12.0,78.8,Yes,0.0,None
18:48:20.252,Active,408.5,2.4,97.6,12.0,78.8,Yes,0.0,None
18:48:20.669,Active,409.7,2.4,98.8,12.0,78.8,Yes,0.0,None
18:48:21.085,Active,407.8,2.4,98.2,12.0,78.8,Yes,0.0,None
18:48:21.502,Active,408.7,2.4,97.6,12.1,78.8,Yes,0.0,None
18:48:21.923,Active,410.4,2.4,98.2,12.1,78.8,Yes,0.0,None
18:48:22.340,Active,408.0,2.4,98.2,12.1,79.3,Yes,0.0,None
18:48:22.760,Active,410.6,2.4,97.6,12.1,78.2,Yes,0.0,None
18:48:23.178,Active,407.9,2.4,98.2,12.1,79.3,Yes,0.0,None
18:48:23.596,Active,408.5,2.4,98.2,12.1,78.8,Yes,0.0,None
18:48:24.012,Active,408.3,2.4,98.8,12.1,79.3,Yes,0.0,None
18:48:24.425,Active,405.8,2.4,98.8,12.1,79.3,Yes,0.0,None
18:48:24.840,Active,409.2,2.4,98.8,12.1,78.8,Yes,0.0,None
18:48:25.253,Active,406.0,2.4,98.8,12.1,79.8,Yes,0.0,None
18:48:25.689,Active,426.4,2.4,95.4,12.1,79.3,Yes,0.0,None
18:48:26.154,Active,455.2,2.4,93.6,12.1,79.3,Yes,0.0,None
18:48:26.577,Active,413.7,2.4,98.2,12.1,79.3,Yes,0.0,None
18:48:27.005,Active,418.5,2.4,98.2,12.1,79.3,Yes,0.0,None
18:48:27.428,Active,417.1,2.4,98.2,12.1,79.3,Yes,0.0,None
18:48:27.852,Active,416.8,2.4,98.8,12.1,78.8,Yes,0.0,None
18:48:28.277,Active,416.2,2.4,97.7,12.1,79.3,Yes,0.0,None
18:48:28.701,Active,417.4,2.4,98.8,12.1,79.3,Yes,0.0,None
18:48:29.121,Active,413.7,2.4,98.8,12.1,79.3,Yes,0.0,None
18:48:29.544,Active,414.6,2.3,98.2,12.1,79.3,Yes,0.0,None
18:48:29.972,Active,417.5,2.3,98.2,12.1,79.8,Yes,0.0,None
18:48:30.401,Active,419.1,2.3,98.2,12.1,79.8,Yes,0.0,None
18:48:30.822,Active,415.1,2.3,98.2,12.0,79.8,Yes,0.0,None
18:48:31.245,Active,416.4,2.3,99.4,12.0,79.3,Yes,0.0,None
18:48:31.667,Active,416.7,2.3,98.8,12.0,79.3,Yes,0.0,None
18:48:32.096,Active,419.0,2.3,98.2,12.0,79.3,Yes,0.0,None
18:49:17.542,Active,431.3,2.3,1.3,12.1,60.6,Yes,0.0,None
18:49:17.953,Active,405.5,2.3,100.0,12.1,62.8,Yes,0.0,None
18:49:18.367,Active,407.4,2.3,99.4,12.1,63.4,Yes,0.0,None
18:49:18.782,Active,409.8,6.0,98.8,12.1,64.5,Yes,0.0,None
18:49:19.198,Active,407.2,6.0,99.4,12.1,64.5,Yes,0.0,None
18:49:19.611,Active,407.2,6.0,99.4,12.1,66.1,Yes,0.0,None
18:49:20.046,Active,429.3,6.0,96.0,12.1,67.8,Yes,0.0,None
18:49:20.465,Active,409.8,6.0,98.2,12.1,67.2,Yes,0.0,None
18:49:20.880,Active,409.7,6.0,98.8,12.1,67.2,Yes,0.0,None
18:49:21.295,Active,408.0,6.0,98.8,12.1,68.3,Yes,0.0,None
18:49:21.727,Active,423.7,6.0,96.5,12.1,69.4,Yes,0.0,None
18:49:22.158,Active,422.7,6.0,95.9,12.1,68.8,Yes,0.0,None
18:49:22.574,Active,407.1,6.0,98.2,12.1,69.4,Yes,0.0,None
18:49:22.991,Active,407.7,2.4,98.8,12.1,70.5,Yes,0.0,None
18:49:23.403,Active,406.1,2.4,98.8,12.1,70.5,Yes,0.0,None
18:49:23.818,Active,409.5,2.4,99.4,12.0,70.5,Yes,0.0,None
18:49:24.230,Active,406.2,2.4,99.4,12.0,71.0,Yes,0.0,None
18:49:24.645,Active,408.8,2.4,98.8,12.0,70.5,Yes,0.0,None
18:49:25.077,Active,425.9,2.4,96.5,12.0,72.2,Yes,0.0,None
18:49:25.491,Active,406.6,2.4,98.2,12.0,72.2,Yes,0.0,None
18:49:25.912,Active,413.8,2.4,98.8,12.0,72.2,Yes,0.0,None
18:49:26.326,Active,407.7,2.4,98.2,12.0,73.2,Yes,0.0,None
18:49:26.745,Active,409.2,2.4,97.0,12.0,72.7,Yes,0.0,None
18:49:27.162,Active,407.2,2.4,98.8,12.1,72.2,Yes,0.0,None
18:49:27.596,Active,427.6,2.4,97.1,12.2,73.2,Yes,0.0,None
18:49:28.014,Active,408.6,2.4,98.8,12.2,73.2,Yes,0.0,None
18:49:28.430,Active,407.7,2.4,98.2,12.2,73.8,Yes,0.0,None
18:49:28.849,Active,409.3,2.4,98.2,12.2,73.2,Yes,0.0,None
18:49:29.264,Active,408.1,2.4,98.8,12.2,73.8,Yes,0.0,None
18:49:29.678,Active,407.3,2.4,98.8,12.1,73.2,Yes,0.0,None
18:49:30.091,Active,406.9,2.4,99.4,12.1,74.3,Yes,0.0,None
18:49:30.505,Active,408.1,2.4,99.4,12.1,73.8,Yes,0.0,None
18:49:30.922,Active,410.4,2.4,98.8,12.1,73.8,Yes,0.0,None
18:49:31.334,Active,406.2,2.4,98.8,12.1,74.3,Yes,0.0,None
18:49:31.753,Active,408.3,2.4,98.2,12.1,74.3,Yes,0.0,None
18:49:32.168,Active,406.1,2.4,98.2,12.1,75.5,Yes,0.0,None
18:49:32.587,Active,413.4,2.4,97.6,12.1,76.0,Yes,0.0,None
18:49:33.007,Active,409.6,2.4,98.2,12.1,73.2,Yes,0.0,None
18:49:33.418,Active,400.9,2.4,98.2,12.1,74.3,Yes,0.0,None
18:49:33.838,Active,410.8,2.4,98.2,12.1,75.5,Yes,0.0,None
18:49:34.252,Active,407.6,2.4,98.8,12.1,74.9,Yes,0.0,None
18:49:34.669,Active,411.2,2.4,99.4,12.1,75.5,Yes,0.0,None
18:49:35.082,Active,407.0,2.4,98.2,12.1,75.5,Yes,0.0,None
18:49:35.494,Active,406.4,2.4,99.4,12.1,76.0,Yes,0.0,None
18:49:35.912,Active,408.6,2.4,98.2,12.1,74.9,Yes,0.0,None
18:49:36.327,Active,407.5,2.4,98.8,12.1,74.9,Yes,0.0,None
18:49:36.755,Active,419.1,2.4,96.5,12.1,76.5,Yes,0.0,None
18:49:37.173,Active,407.9,2.4,97.6,12.1,76.0,Yes,0.0,None
18:49:37.602,Active,422.7,2.4,99.4,12.1,75.5,Yes,0.0,None
18:49:38.024,Active,411.9,2.4,98.2,12.1,75.5,Yes,0.0,None
18:49:38.444,Active,410.1,2.4,97.0,12.1,76.0,Yes,0.0,None
18:49:38.866,Active,412.4,2.4,98.2,12.1,76.5,Yes,0.0,None
18:49:39.280,Active,406.8,2.4,98.8,12.1,77.7,Yes,0.0,None
18:49:39.696,Active,409.0,2.4,98.8,12.1,76.0,Yes,0.0,None
18:49:40.116,Active,412.7,2.4,98.2,12.1,76.5,Yes,0.0,None
18:49:40.540,Active,416.5,2.4,97.0,12.1,76.5,Yes,0.0,None
18:49:40.960,Active,413.4,2.4,97.6,12.1,77.1,Yes,0.0,None
18:49:41.377,Active,409.5,2.4,99.4,12.1,76.5,Yes,0.0,None
18:49:41.790,Active,407.1,2.4,98.8,12.1,77.1,Yes,0.0,None
18:49:42.217,Active,418.4,2.4,95.9,12.1,76.5,Yes,0.0,None
18:49:42.639,Active,411.6,2.4,97.6,12.1,77.1,Yes,0.0,None
18:49:43.059,Active,411.8,2.4,98.2,12.1,76.5,Yes,0.0,None
18:49:43.473,Active,405.9,2.4,98.8,12.1,77.7,Yes,0.0,None
18:49:43.892,Active,412.6,2.4,98.8,12.1,77.1,Yes,0.0,None
18:49:44.305,Active,405.5,2.4,98.8,12.0,77.1,Yes,0.0,None
18:49:44.718,Active,407.7,2.4,98.8,12.0,77.7,Yes,0.0,None
18:49:45.133,Active,406.7,2.4,98.8,12.0,77.1,Yes,0.0,None
18:49:45.548,Active,408.6,2.4,98.8,12.0,77.1,Yes,0.0,None
18:49:45.964,Active,409.2,2.4,98.8,12.0,76.0,Yes,0.0,None
18:49:46.379,Active,407.6,2.4,98.8,12.0,77.7,Yes,0.0,None
18:49:46.798,Active,410.6,2.4,98.8,12.0,76.5,Yes,0.0,None
18:49:47.214,Active,406.4,2.4,98.2,12.0,77.7,Yes,0.0,None
18:49:47.640,Active,416.8,2.4,97.7,12.0,77.1,Yes,0.0,None
18:49:48.064,Active,417.3,2.4,98.8,12.1,77.7,Yes,0.0,None
18:49:48.487,Active,416.5,2.4,97.6,12.1,77.7,Yes,0.0,None
18:49:48.933,Active,436.0,2.4,94.9,12.1,77.7,Yes,0.0,None
18:49:49.352,Active,413.0,2.4,97.6,12.1,77.1,Yes,0.0,None
18:49:49.780,Active,420.6,2.4,97.1,12.1,77.7,Yes,0.0,None
18:49:50.200,Active,412.6,2.4,97.6,12.1,77.7,Yes,0.0,None
18:49:50.629,Active,421.6,2.4,96.4,12.1,77.1,Yes,0.0,None
18:49:51.046,Active,410.9,2.4,98.8,12.0,77.1,Yes,0.0,None
18:49:51.465,Active,409.6,2.4,98.2,12.0,78.8,Yes,0.0,None
18:49:51.888,Active,417.6,2.4,97.0,12.0,78.2,Yes,0.0,None
18:49:52.304,Active,408.4,2.4,98.8,12.0,78.2,Yes,0.0,None
18:49:52.725,Active,414.3,2.4,97.6,12.0,77.7,Yes,0.0,None
18:49:53.151,Active,416.4,2.4,97.6,12.1,77.1,Yes,0.0,None
18:49:53.567,Active,408.0,2.4,98.2,12.0,77.7,Yes,0.0,None
18:49:53.985,Active,410.6,2.4,98.2,12.0,77.7,Yes,0.0,None
18:49:54.400,Active,407.5,2.4,97.6,12.1,77.7,Yes,0.0,None
18:49:54.821,Active,410.9,2.4,98.2,12.1,77.7,Yes,0.0,None
18:49:55.236,Active,407.1,2.4,98.2,12.1,78.2,Yes,0.0,None
18:49:55.653,Active,407.0,2.4,98.2,12.1,77.7,Yes,0.0,None
18:49:56.069,Active,408.8,2.4,97.6,12.1,77.7,Yes,0.0,None
18:49:56.489,Active,409.5,2.4,97.6,12.1,77.7,Yes,0.0,None
18:49:56.906,Active,410.9,2.4,98.8,12.1,77.7,Yes,0.0,None
18:49:57.325,Active,410.8,2.4,98.2,12.1,78.2,Yes,0.0,None
18:49:57.739,Active,407.7,2.4,98.8,12.1,77.7,Yes,0.0,None
18:49:58.173,Active,425.6,2.4,98.8,12.1,78.8,Yes,0.0,None
18:49:58.586,Active,407.1,2.4,98.2,12.1,78.8,Yes,0.0,None
18:49:59.007,Active,410.5,2.4,98.2,12.1,77.7,Yes,0.0,None
18:49:59.421,Active,408.4,2.4,98.8,12.1,78.8,Yes,0.0,None
18:49:59.842,Active,410.7,2.4,98.2,12.1,78.8,Yes,0.0,None
18:50:00.255,Active,407.7,2.4,98.8,12.1,78.8,Yes,0.0,None
18:50:00.671,Active,410.2,2.4,98.8,12.1,77.1,Yes,0.0,None
18:50:01.083,Active,406.0,2.4,98.8,12.1,78.8,Yes,0.0,None
18:50:01.500,Active,410.8,2.4,98.2,12.1,78.2,Yes,0.0,None
18:50:01.914,Active,406.9,2.4,99.4,12.1,78.8,Yes,0.0,None
18:50:02.329,Active,408.6,2.4,98.8,12.1,78.8,Yes,0.0,None
18:50:02.745,Active,408.1,2.4,98.2,12.1,79.3,Yes,0.0,None
18:50:03.159,Active,407.8,2.4,98.8,12.1,79.3,Yes,0.0,None
18:50:03.575,Active,409.9,2.4,98.2,12.1,79.3,Yes,0.0,None
18:50:03.989,Active,408.5,2.4,98.8,12.0,78.8,Yes,0.0,None
18:50:04.404,Active,408.1,2.4,99.4,12.0,79.8,Yes,0.0,None
18:50:04.819,Active,408.3,2.4,98.8,12.0,78.8,Yes,0.0,None
18:50:05.244,Active,417.0,2.4,97.0,12.0,78.8,Yes,0.0,None
18:50:05.671,Active,420.2,2.4,97.1,12.0,79.3,Yes,0.0,None
18:50:06.093,Active,413.9,2.4,98.2,12.0,78.8,Yes,0.0,None
18:50:06.507,Active,407.7,2.4,98.8,12.0,79.3,Yes,0.0,None
18:50:06.924,Active,408.6,2.4,98.8,12.0,79.3,Yes,0.0,None
18:50:07.338,Active,406.6,2.4,98.8,12.0,78.8,Yes,0.0,None
18:50:07.756,Active,412.1,2.4,98.8,12.0,79.3,Yes,0.0,None
18:50:08.169,Active,407.7,2.4,98.2,12.0,79.3,Yes,0.0,None
18:50:08.598,Active,418.8,2.4,98.3,12.1,78.8,Yes,0.0,None
18:50:09.016,Active,408.4,2.4,98.2,12.1,79.3,Yes,0.0,None
18:50:09.435,Active,413.6,2.4,98.8,12.1,78.8,Yes,0.0,None
18:50:09.862,Active,418.4,2.4,98.2,12.1,79.3,Yes,0.0,None
18:50:10.288,Active,417.3,2.4,98.2,12.1,79.3,Yes,0.0,None
18:50:10.713,Active,418.1,2.4,98.8,12.1,79.3,Yes,0.0,None
18:50:11.135,Active,416.5,2.4,98.8,12.1,78.8,Yes,0.0,None
18:50:11.559,Active,415.9,2.4,98.2,12.1,78.8,Yes,0.0,None
18:50:11.984,Active,418.5,2.4,99.4,12.1,78.2,Yes,0.0,None
18:50:12.414,Active,422.6,2.4,97.7,12.1,79.3,Yes,0.0,None
18:50:12.856,Active,432.5,2.4,96.6,12.1,79.3,Yes,0.0,None
18:50:13.297,Active,434.1,2.3,96.6,12.1,79.8,Yes,0.0,None
18:50:13.724,Active,417.1,2.3,98.8,12.1,79.8,Yes,0.0,None
18:50:14.149,Active,416.4,2.3,98.2,12.1,78.8,Yes,0.0,None
18:50:14.577,Active,419.0,2.3,98.3,12.1,79.8,Yes,0.0,None
18:50:15.000,Active,416.8,2.3,98.8,12.0,79.3,Yes,0.0,None
18:50:15.421,Active,414.8,2.3,98.8,12.0,79.3,Yes,0.0,None
18:50:15.845,Active,416.1,2.3,98.2,12.0,79.8,Yes,0.0,None
18:50:16.269,Active,417.9,2.3,98.8,12.0,79.8,Yes,0.0,None
18:50:16.693,Active,417.7,2.3,98.2,12.0,79.3,Yes,0.0,None
18:50:17.113,Active,413.9,2.3,98.2,12.0,78.8,Yes,0.0,None
18:51:02.549,Active,422.6,23.4,1.2,12.2,60.6,Yes,0.0,None
18:51:02.966,Active,407.2,23.4,99.4,12.3,62.2,Yes,0.0,None
18:51:03.397,Active,421.7,23.4,95.9,12.3,63.4,Yes,0.0,None
18:51:03.812,Active,408.6,23.4,98.8,12.3,65.0,Yes,0.0,None
18:51:04.228,Active,410.3,23.4,98.2,12.3,65.0,Yes,0.0,None
18:51:04.643,Active,408.4,23.4,98.8,12.3,66.1,Yes,0.0,None
18:51:05.056,Active,406.8,23.4,98.8,12.2,67.2,Yes,0.0,None
18:51:05.470,Active,407.5,23.4,98.8,12.2,67.8,Yes,0.0,None
18:51:05.890,Active,410.4,23.4,98.2,12.2,68.3,Yes,0.0,None
18:51:06.308,Active,408.7,23.4,98.2,12.2,69.4,Yes,0.0,None
18:51:06.722,Active,404.5,2.4,98.2,12.2,68.8,Yes,0.0,None
18:51:07.142,Active,407.4,2.4,98.2,12.2,68.8,Yes,0.0,None
18:51:07.555,Active,404.8,2.4,99.4,12.1,70.0,Yes,0.0,None
18:51:07.966,Active,405.2,2.4,99.4,12.1,70.5,Yes,0.0,None
18:51:08.378,Active,404.0,2.4,99.4,12.1,70.0,Yes,0.0,None
18:51:08.795,Active,407.9,2.4,98.8,12.1,70.5,Yes,0.0,None
18:51:09.209,Active,407.7,2.4,98.8,12.1,71.0,Yes,0.0,None
18:51:09.624,Active,408.4,2.4,99.4,12.1,71.6,Yes,0.0,None
18:51:10.053,Active,422.4,2.4,98.8,12.1,71.6,Yes,0.0,None
18:51:10.462,Active,402.6,2.4,99.4,12.1,71.6,Yes,0.0,None
18:51:10.874,Active,406.5,2.4,100.0,12.2,72.2,Yes,0.0,None
18:51:11.291,Active,405.1,2.4,98.2,12.1,72.2,Yes,0.0,None
18:51:11.706,Active,408.3,2.4,99.4,12.1,72.7,Yes,0.0,None
18:51:12.122,Active,408.3,2.4,98.8,12.1,72.7,Yes,0.0,None
18:51:12.535,Active,406.6,2.4,98.8,12.1,72.7,Yes,0.0,None
18:51:12.951,Active,406.7,2.4,98.2,12.1,73.8,Yes,0.0,None
18:51:13.361,Active,403.1,2.4,100.0,12.1,72.2,Yes,0.0,None
18:51:13.778,Active,407.5,2.4,98.8,12.1,73.2,Yes,0.0,None
18:51:14.197,Active,406.4,2.4,98.8,12.1,73.2,Yes,0.0,None
18:51:14.613,Active,406.3,2.4,97.6,12.1,74.3,Yes,0.0,None
18:51:15.032,Active,409.7,2.4,98.8,12.1,74.3,Yes,0.0,None
18:51:15.447,Active,407.7,2.4,98.8,12.1,73.8,Yes,0.0,None
18:51:15.865,Active,409.0,2.4,97.6,12.1,74.3,Yes,0.0,None
18:51:16.282,Active,409.6,2.4,98.8,12.0,74.3,Yes,0.0,None
18:51:16.696,Active,408.0,2.4,98.8,12.0,74.9,Yes,0.0,None
18:51:17.113,Active,406.2,2.4,98.2,12.0,74.3,Yes,0.0,None
18:51:17.527,Active,404.7,2.4,97.6,12.0,74.9,Yes,0.0,None
18:51:17.945,Active,412.2,2.4,98.2,12.0,75.5,Yes,0.0,None
18:51:18.361,Active,407.2,2.4,98.8,12.0,74.9,Yes,0.0,None
18:51:18.781,Active,411.1,2.4,98.2,12.0,74.3,Yes,0.0,None
18:51:19.195,Active,408.3,2.4,98.8,12.1,75.5,Yes,0.0,None
18:51:19.607,Active,404.6,2.4,98.8,12.1,76.0,Yes,0.0,None
18:51:20.019,Active,405.8,2.4,99.4,12.1,75.5,Yes,0.0,None
18:51:20.447,Active,421.6,2.4,98.8,12.1,75.5,Yes,0.0,None
18:51:20.858,Active,405.5,2.4,99.4,12.1,74.9,Yes,0.0,None
18:51:21.270,Active,406.0,2.4,99.4,12.1,76.5,Yes,0.0,None
18:51:21.682,Active,406.1,2.4,98.8,12.1,74.9,Yes,0.0,None
18:51:22.095,Active,406.7,2.4,99.4,12.1,76.5,Yes,0.0,None
18:51:22.506,Active,404.5,2.4,99.4,12.1,76.5,Yes,0.0,None
18:51:22.922,Active,406.6,2.4,99.4,12.1,76.5,Yes,0.0,None
18:51:23.436,Active,404.6,2.4,79.7,12.1,75.5,Yes,0.0,None
18:51:23.850,Active,406.5,2.4,98.8,12.1,76.5,Yes,0.0,None
18:51:24.265,Active,405.6,2.4,98.8,12.0,76.5,Yes,0.0,None
18:51:24.679,Active,409.0,2.4,98.8,12.0,76.0,Yes,0.0,None
18:51:25.096,Active,408.9,2.4,98.8,12.0,76.5,Yes,0.0,None
18:51:25.512,Active,409.0,2.4,98.2,12.0,77.7,Yes,0.0,None
18:51:25.927,Active,408.2,2.4,98.8,12.0,76.5,Yes,0.0,None
18:51:26.442,Active,406.7,2.4,79.7,12.0,76.0,Yes,0.0,None
18:51:26.858,Active,406.8,2.4,98.8,12.0,76.5,Yes,0.0,None
18:51:27.272,Active,407.8,2.4,99.4,12.0,76.5,Yes,0.0,None
18:51:27.684,Active,406.4,2.4,98.8,12.0,76.5,Yes,0.0,None
18:51:28.101,Active,409.6,2.4,99.4,12.0,76.5,Yes,0.0,None
18:51:28.517,Active,409.8,2.4,98.2,12.0,76.0,Yes,0.0,None
18:51:28.933,Active,409.7,2.4,98.2,12.0,76.5,Yes,0.0,None
18:51:29.346,Active,407.1,2.4,99.4,12.0,77.1,Yes,0.0,None
18:51:29.764,Active,409.0,2.4,98.2,12.0,77.1,Yes,0.0,None
18:51:30.177,Active,406.3,2.4,98.8,12.0,76.0,Yes,0.0,None
18:51:30.612,Active,428.0,2.4,98.9,12.0,77.1,Yes,0.0,None
18:51:31.028,Active,410.0,2.4,98.8,12.0,77.1,Yes,0.0,None
18:51:31.443,Active,408.3,2.4,98.2,12.0,76.5,Yes,0.0,None
18:51:31.859,Active,409.8,2.4,98.8,12.0,77.1,Yes,0.0,None
18:51:32.275,Active,407.8,2.4,98.2,12.0,76.5,Yes,0.0,None
18:51:32.697,Active,415.5,2.4,98.2,12.0,77.1,Yes,0.0,None
18:51:33.110,Active,407.3,2.4,98.8,12.0,77.1,Yes,0.0,None
18:51:33.528,Active,408.6,2.4,98.2,12.0,76.0,Yes,0.0,None
18:51:33.951,Active,415.8,2.4,97.6,12.0,78.2,Yes,0.0,None
18:51:34.364,Active,405.9,2.4,98.2,12.0,77.1,Yes,0.0,None
18:51:34.780,Active,409.0,2.4,99.4,12.0,77.7,Yes,0.0,None
18:51:35.193,Active,405.9,2.4,98.8,12.0,77.7,Yes,0.0,None
18:51:35.611,Active,409.6,2.4,98.2,12.0,77.1,Yes,0.0,None
18:51:36.023,Active,405.5,2.4,98.8,12.0,77.7,Yes,0.0,None
18:51:36.438,Active,409.6,2.4,100.0,12.0,77.7,Yes,0.0,None
18:51:36.872,Active,424.8,2.4,95.4,12.0,78.2,Yes,0.0,None
18:51:37.288,Active,408.5,2.4,98.8,12.0,78.2,Yes,0.0,None
18:51:37.711,Active,415.8,2.4,97.0,12.0,78.2,Yes,0.0,None
18:51:38.124,Active,406.9,2.4,99.4,12.0,77.1,Yes,0.0,None
18:51:38.539,Active,408.6,2.4,98.8,12.0,77.7,Yes,0.0,None
18:51:38.956,Active,409.0,2.4,98.2,12.0,78.8,Yes,0.0,None
18:51:39.370,Active,406.0,2.4,98.2,12.0,77.7,Yes,0.0,None
18:51:39.800,Active,420.7,2.4,97.1,12.0,77.7,Yes,0.0,None
18:51:40.217,Active,409.9,2.4,98.8,12.0,76.5,Yes,0.0,None
18:51:40.642,Active,418.8,2.4,98.3,12.0,77.7,Yes,0.0,None
18:51:41.058,Active,407.0,2.4,98.2,12.0,77.7,Yes,0.0,None
18:51:41.472,Active,407.9,2.4,98.8,12.0,77.1,Yes,0.0,None
18:51:41.888,Active,409.4,2.4,98.8,12.0,78.2,Yes,0.0,None
18:51:42.302,Active,407.6,2.4,98.8,12.0,78.2,Yes,0.0,None
18:51:42.719,Active,408.4,2.4,98.8,12.0,78.8,Yes,0.0,None
18:51:43.145,Active,415.1,2.4,95.9,12.0,78.8,Yes,0.0,None
18:51:43.585,Active,431.6,2.4,94.8,12.1,78.8,Yes,0.0,None
18:51:44.063,Active,402.6,2.4,85.3,12.1,78.8,Yes,0.0,None
18:51:44.479,Active,405.4,2.3,98.2,12.1,78.8,Yes,0.0,None
18:51:44.893,Active,407.5,2.3,99.4,12.1,78.2,Yes,0.0,None
18:51:45.308,Active,409.4,2.3,98.8,12.1,78.8,Yes,0.0,None
18:51:45.727,Active,412.1,2.3,98.2,12.1,77.1,Yes,0.0,None
18:51:46.151,Active,415.6,2.3,97.0,12.1,78.2,Yes,0.0,None
18:51:46.562,Active,405.0,2.3,99.4,12.0,78.8,Yes,0.0,None
18:51:46.980,Active,408.1,2.3,98.2,12.0,78.8,Yes,0.0,None
18:51:47.395,Active,407.9,2.3,98.8,12.0,79.8,Yes,0.0,None
18:51:47.824,Active,421.2,2.3,96.4,12.0,78.8,Yes,0.0,None
18:51:48.239,Active,408.3,2.3,98.8,12.0,78.2,Yes,0.0,None
18:51:48.675,Active,429.9,2.4,95.4,12.0,78.8,Yes,0.0,None
18:51:49.090,Active,408.2,2.4,98.8,12.0,78.8,Yes,0.0,None
18:51:49.507,Active,408.0,2.4,98.2,12.0,78.8,Yes,0.0,None
18:51:49.928,Active,411.8,2.4,98.2,12.0,78.8,Yes,0.0,None
18:51:50.343,Active,407.9,2.4,97.6,12.0,78.2,Yes,0.0,None
18:51:50.760,Active,408.6,2.4,98.8,12.0,79.3,Yes,0.0,None
18:51:51.189,Active,423.3,2.4,98.8,12.1,79.3,Yes,0.0,None
18:51:51.604,Active,407.1,2.4,98.2,12.1,78.2,Yes,0.0,None
18:51:52.020,Active,408.9,2.4,98.8,12.1,78.8,Yes,0.0,None
18:51:52.440,Active,410.7,2.4,98.2,12.1,78.8,Yes,0.0,None
18:51:52.856,Active,408.9,2.4,98.2,12.1,78.8,Yes,0.0,None
18:51:53.274,Active,407.9,2.4,97.6,12.1,78.2,Yes,0.0,None
18:51:53.693,Active,409.9,2.4,98.2,12.0,78.8,Yes,0.0,None
18:51:54.108,Active,408.3,2.4,98.8,12.0,79.3,Yes,0.0,None
18:51:54.526,Active,407.9,2.4,98.2,12.0,78.2,Yes,0.0,None
18:51:54.947,Active,411.0,2.4,98.2,12.0,79.3,Yes,0.0,None
18:51:55.362,Active,407.7,2.4,98.8,12.0,79.8,Yes,0.0,None
18:51:55.777,Active,409.1,2.4,98.8,12.0,79.3,Yes,0.0,None
18:51:56.191,Active,407.3,2.4,98.8,12.0,79.8,Yes,0.0,None
18:51:56.609,Active,408.3,2.4,98.2,12.0,79.3,Yes,0.0,None
18:51:57.025,Active,409.0,2.4,98.8,12.0,79.8,Yes,0.0,None
18:51:57.445,Active,410.0,2.4,97.6,12.0,79.3,Yes,0.0,None
18:51:57.861,Active,408.9,2.4,98.2,12.0,79.8,Yes,0.0,None
18:51:58.280,Active,411.2,2.4,98.8,12.0,79.8,Yes,0.0,None
18:51:58.707,Active,417.5,2.4,98.2,12.0,79.8,Yes,0.0,None
18:51:59.128,Active,413.3,2.4,98.2,12.0,79.3,Yes,0.0,None
18:51:59.661,Active,423.3,2.4,79.6,12.0,79.3,Yes,0.0,None
18:52:00.092,Active,421.8,2.4,97.1,12.0,78.8,Yes,0.0,None
18:52:00.517,Active,416.4,2.4,98.2,12.0,78.8,Yes,0.0,None
18:52:00.945,Active,418.2,2.4,97.7,12.0,79.3,Yes,0.0,None
18:52:01.387,Active,431.5,2.3,98.3,12.1,79.3,Yes,0.0,None
18:52:01.811,Active,417.2,2.3,98.8,12.1,78.8,Yes,0.0,None
18:52:02.238,Active,418.3,2.3,97.6,12.1,79.8,Yes,0.0,None
18:52:47.703,Active,448.4,2.3,1.4,12.1,60.0,Yes,0.0,None
18:52:48.115,Active,405.5,2.3,98.8,12.0,61.7,Yes,0.0,None
18:52:48.532,Active,406.9,2.3,98.2,12.1,63.4,Yes,0.0,None
18:52:48.950,Active,409.4,2.3,98.2,12.1,63.9,Yes,0.0,None
18:52:49.368,Active,407.7,2.3,98.2,12.1,65.5,Yes,0.0,None
18:52:49.786,Active,408.7,2.3,97.6,12.1,65.5,Yes,0.0,None
18:52:50.201,Active,407.0,2.3,98.8,12.1,65.5,Yes,0.0,None
18:52:50.616,Active,406.4,3.0,98.2,12.1,66.1,Yes,0.0,None
18:52:51.033,Active,407.5,3.0,98.2,12.1,67.8,Yes,0.0,None
18:52:51.451,Active,408.0,3.0,98.2,12.1,68.3,Yes,0.0,None
18:52:51.868,Active,408.6,3.0,97.6,12.1,68.8,Yes,0.0,None
18:52:52.288,Active,409.2,3.0,98.2,12.3,69.4,Yes,0.0,None
18:52:52.708,Active,411.3,3.0,98.2,12.3,68.8,Yes,0.0,None
18:52:53.123,Active,408.1,3.0,98.8,12.3,70.5,Yes,0.0,None
18:52:53.537,Active,407.7,3.0,99.4,12.2,70.0,Yes,0.0,None
18:52:53.951,Active,408.4,3.0,98.2,12.2,70.5,Yes,0.0,None
18:52:54.366,Active,406.5,3.0,98.8,12.3,71.0,Yes,0.0,None
18:52:54.784,Active,408.6,2.4,98.2,12.2,70.5,Yes,0.0,None
18:52:55.198,Active,407.2,2.4,98.8,12.2,71.0,Yes,0.0,None
18:52:55.611,Active,407.2,2.4,99.4,12.2,71.6,Yes,0.0,None
18:52:56.034,Active,414.8,2.4,97.0,12.2,72.2,Yes,0.0,None
18:52:56.446,Active,406.4,2.4,98.8,12.2,72.2,Yes,0.0,None
18:52:56.863,Active,408.0,2.4,98.8,12.2,72.7,Yes,0.0,None
18:52:57.278,Active,407.1,2.4,98.2,12.2,72.2,Yes,0.0,None
18:52:57.691,Active,406.7,2.4,99.4,12.1,72.7,Yes,0.0,None
18:52:58.106,Active,408.3,2.4,98.8,12.1,72.7,Yes,0.0,None
18:52:58.518,Active,406.2,2.4,98.8,12.1,73.2,Yes,0.0,None
18:52:58.931,Active,406.6,2.4,99.4,12.1,73.2,Yes,0.0,None
18:52:59.342,Active,405.4,2.4,100.0,12.1,74.3,Yes,0.0,None
18:52:59.760,Active,409.3,2.4,98.2,12.1,73.8,Yes,0.0,None
18:53:00.174,Active,407.6,2.4,98.8,12.1,73.8,Yes,0.0,None
18:53:00.589,Active,408.5,2.4,98.8,12.1,74.3,Yes,0.0,None
18:53:01.002,Active,407.9,2.4,98.8,12.1,73.8,Yes,0.0,None
18:53:01.436,Active,424.6,2.4,95.9,12.1,73.8,Yes,0.0,None
18:53:01.852,Active,410.2,2.4,98.8,12.1,74.9,Yes,0.0,None
18:53:02.266,Active,406.2,2.4,98.8,12.1,74.9,Yes,0.0,None
18:53:02.694,Active,422.5,2.4,99.4,12.1,74.3,Yes,0.0,None
18:53:03.110,Active,408.4,2.4,98.8,12.1,74.9,Yes,0.0,None
18:53:03.529,Active,409.7,2.4,98.2,12.1,74.9,Yes,0.0,None
18:53:03.943,Active,408.2,2.4,98.2,12.1,74.3,Yes,0.0,None
18:53:04.356,Active,407.1,2.4,98.8,12.1,75.5,Yes,0.0,None
18:53:04.777,Active,410.9,2.4,98.2,12.1,74.9,Yes,0.0,None
18:53:05.191,Active,408.0,2.4,98.8,12.1,74.9,Yes,0.0,None
18:53:05.606,Active,409.1,2.4,98.8,12.1,76.0,Yes,0.0,None
18:53:06.028,Active,412.7,2.4,97.0,12.1,75.5,Yes,0.0,None
18:53:06.546,Active,409.9,2.4,78.6,12.1,74.9,Yes,0.0,None
18:53:06.964,Active,409.1,2.4,98.8,12.0,74.9,Yes,0.0,None
18:53:07.382,Active,407.3,2.3,98.2,12.0,74.9,Yes,0.0,None
18:53:07.802,Active,409.9,2.3,98.2,12.1,75.5,Yes,0.0,None
18:53:08.217,Active,405.6,2.3,98.2,12.1,76.0,Yes,0.0,None
18:53:08.633,Active,408.0,2.3,98.2,12.0,76.0,Yes,0.0,None
18:53:09.050,Active,407.1,2.3,98.8,12.0,76.0,Yes,0.0,None
18:53:09.468,Active,407.9,2.3,98.2,12.0,76.0,Yes,0.0,None
18:53:09.884,Active,408.7,2.3,98.2,12.0,75.5,Yes,0.0,None
18:53:10.301,Active,407.6,2.3,98.2,12.0,76.0,Yes,0.0,None
18:53:10.721,Active,409.9,2.3,97.6,12.1,77.1,Yes,0.0,None
18:53:11.138,Active,408.1,2.3,98.2,12.1,76.0,Yes,0.0,None
18:53:11.554,Active,406.2,2.4,98.2,12.1,77.1,Yes,0.0,None
18:53:11.972,Active,409.8,2.4,98.8,12.0,76.0,Yes,0.0,None
18:53:12.388,Active,407.8,2.4,98.2,12.0,76.5,Yes,0.0,None
18:53:12.817,Active,420.8,2.4,98.8,12.1,76.0,Yes,0.0,None
18:53:13.234,Active,407.0,2.4,98.2,12.1,76.0,Yes,0.0,None
18:53:13.647,Active,405.3,2.4,98.2,12.1,77.1,Yes,0.0,None
18:53:14.063,Active,410.1,2.4,99.4,12.1,77.1,Yes,0.0,None
18:53:14.487,Active,415.6,2.4,97.6,12.1,77.1,Yes,0.0,None
18:53:14.904,Active,408.6,2.4,98.2,12.1,77.1,Yes,0.0,None
18:53:15.318,Active,408.5,2.4,98.2,12.1,76.5,Yes,0.0,None
18:53:15.739,Active,411.6,2.4,98.2,12.1,76.5,Yes,0.0,None
18:53:16.153,Active,405.7,2.4,98.2,12.1,76.5,Yes,0.0,None
18:53:16.570,Active,406.9,2.4,98.8,12.1,76.5,Yes,0.0,None
18:53:16.988,Active,409.5,2.4,97.6,12.1,77.1,Yes,0.0,None
18:53:17.403,Active,408.4,2.4,98.8,12.1,77.7,Yes,0.0,None
18:53:17.824,Active,412.7,2.4,98.8,12.1,77.7,Yes,0.0,None
18:53:18.242,Active,407.1,2.4,98.2,12.1,77.1,Yes,0.0,None
18:53:18.654,Active,406.2,2.4,99.4,12.1,77.1,Yes,0.0,None
18:53:19.070,Active,408.8,2.4,98.2,12.1,77.7,Yes,0.0,None
18:53:19.482,Active,406.2,2.4,99.4,12.1,77.7,Yes,0.0,None
18:53:19.899,Active,407.7,2.4,97.6,12.1,77.7,Yes,0.0,None
18:53:20.315,Active,410.1,2.4,98.2,12.1,77.7,Yes,0.0,None
18:53:20.728,Active,406.9,2.4,99.4,12.1,77.7,Yes,0.0,None
18:53:21.142,Active,407.0,2.4,99.4,12.1,77.1,Yes,0.0,None
18:53:21.561,Active,409.5,2.4,98.2,12.1,77.7,Yes,0.0,None
18:53:21.987,Active,420.4,2.4,96.4,12.1,78.2,Yes,0.0,None
18:53:22.401,Active,405.9,2.4,98.2,12.1,77.7,Yes,0.0,None
18:53:22.820,Active,408.6,2.4,98.2,12.1,77.7,Yes,0.0,None
18:53:23.247,Active,417.7,2.4,98.2,12.1,78.2,Yes,0.0,None
18:53:23.666,Active,409.2,2.4,98.2,12.1,77.1,Yes,0.0,None
18:53:24.081,Active,407.4,2.4,98.8,12.1,77.7,Yes,0.0,None
18:53:24.495,Active,406.1,2.4,98.8,12.1,77.7,Yes,0.0,None
18:53:24.913,Active,409.5,2.4,98.8,12.1,78.2,Yes,0.0,None
18:53:25.327,Active,408.1,2.4,98.8,12.1,77.7,Yes,0.0,None
18:53:25.740,Active,407.2,2.4,98.8,12.1,78.2,Yes,0.0,None
18:53:26.153,Active,406.9,2.4,98.8,12.1,78.2,Yes,0.0,None
18:53:26.569,Active,405.8,2.4,98.2,12.1,77.7,Yes,0.0,None
18:53:26.987,Active,409.1,2.4,98.2,12.0,77.1,Yes,0.0,None
18:53:27.404,Active,407.6,2.4,98.2,12.0,78.2,Yes,0.0,None
18:53:27.823,Active,409.6,2.4,98.2,12.0,77.7,Yes,0.0,None
18:53:28.238,Active,405.2,2.4,98.2,12.0,78.2,Yes,0.0,None
18:53:28.654,Active,408.3,2.4,98.8,12.0,78.8,Yes,0.0,None
18:53:29.066,Active,405.8,2.4,99.4,12.0,78.8,Yes,0.0,None
18:53:29.479,Active,405.6,2.4,99.4,12.0,78.2,Yes,0.0,None
18:53:29.895,Active,409.2,2.4,98.8,12.0,78.2,Yes,0.0,None
18:53:30.334,Active,429.6,2.4,95.4,12.0,77.1,Yes,0.0,None
18:53:30.747,Active,406.6,2.4,99.4,12.0,78.8,Yes,0.0,None
18:53:31.163,Active,404.5,2.4,98.8,12.0,78.2,Yes,0.0,None
18:53:31.576,Active,406.3,2.4,98.8,12.0,78.2,Yes,0.0,None
18:53:31.993,Active,410.4,2.4,99.4,12.0,78.8,Yes,0.0,None
18:53:32.411,Active,408.2,2.4,97.6,12.0,78.8,Yes,0.0,None
18:53:32.848,Active,429.9,2.4,96.0,12.0,78.2,Yes,0.0,None
18:53:33.261,Active,407.3,2.4,98.2,12.0,78.8,Yes,0.0,None
18:53:33.692,Active,420.9,2.4,98.3,12.1,78.8,Yes,0.0,None
18:53:34.104,Active,404.5,2.4,98.8,12.1,78.8,Yes,0.0,None
18:53:34.523,Active,406.3,2.4,97.0,12.1,78.2,Yes,0.0,None
18:53:34.942,Active,410.5,2.4,98.8,12.1,78.8,Yes,0.0,None
18:53:35.359,Active,408.3,2.4,97.6,12.1,78.2,Yes,0.0,None
18:53:35.776,Active,410.9,2.4,97.6,12.1,78.8,Yes,0.0,None
18:53:36.197,Active,413.7,2.4,97.6,12.0,78.2,Yes,0.0,None
18:53:36.615,Active,408.5,2.4,98.2,12.0,78.8,Yes,0.0,None
18:53:37.033,Active,409.6,2.4,98.8,12.0,79.3,Yes,0.0,None
18:53:37.448,Active,406.5,2.4,98.2,12.0,79.3,Yes,0.0,None
18:53:37.865,Active,407.7,2.4,98.2,12.0,78.8,Yes,0.0,None
18:53:38.280,Active,404.9,2.4,98.2,12.0,79.3,Yes,0.0,None
18:53:38.701,Active,411.0,2.4,98.2,12.0,78.8,Yes,0.0,None
18:53:39.114,Active,407.3,2.4,98.2,12.0,79.3,Yes,0.0,None
18:53:39.535,Active,411.4,2.4,97.6,12.0,79.8,Yes,0.0,None
18:53:39.957,Active,411.1,2.4,98.2,12.0,78.8,Yes,0.0,None
18:53:40.371,Active,406.4,2.4,98.2,12.0,78.8,Yes,0.0,None
18:53:40.788,Active,406.0,2.4,98.8,12.0,78.8,Yes,0.0,None
18:53:41.207,Active,408.1,2.4,98.8,12.0,78.8,Yes,0.0,None
18:53:41.619,Active,406.3,2.4,98.8,12.0,79.3,Yes,0.0,None
18:53:42.048,Active,422.3,2.4,97.1,12.0,79.3,Yes,0.0,None
18:53:42.460,Active,406.7,2.4,98.8,12.0,79.3,Yes,0.0,None
18:53:42.884,Active,416.9,2.4,98.8,12.0,79.3,Yes,0.0,None
18:53:43.308,Active,418.1,2.4,98.2,12.0,79.3,Yes,0.0,None
18:53:43.753,Active,438.9,2.4,98.3,12.0,79.3,Yes,0.0,None
18:53:44.174,Active,415.0,2.4,98.8,12.0,79.3,Yes,0.0,None
18:53:44.595,Active,414.6,2.4,99.4,12.1,78.8,Yes,0.0,None
18:53:45.018,Active,417.3,2.4,99.4,12.1,79.3,Yes,0.0,None
18:53:45.440,Active,415.4,2.4,98.8,12.1,79.3,Yes,0.0,None
18:53:45.862,Active,416.2,2.4,99.4,12.1,79.8,Yes,0.0,None
18:53:46.293,Active,421.5,2.4,97.1,12.1,79.3,Yes,0.0,None
18:53:46.727,Active,427.8,2.4,98.3,12.0,79.8,Yes,0.0,None
18:53:47.152,Active,416.5,2.4,98.2,12.0,79.3,Yes,0.0,None
18:53:47.576,Active,414.9,2.4,98.2,12.0,79.8,Yes,0.0,None
18:54:33.025,Active,434.9,2.4,1.1,12.0,60.0,Yes,0.0,None
18:54:33.444,Active,408.4,2.4,98.2,12.1,61.7,Yes,0.0,None
18:54:33.859,Active,408.2,2.4,98.2,12.1,63.4,Yes,0.0,None
18:54:34.273,Active,405.9,5.9,98.8,12.1,63.4,Yes,0.0,None
18:54:34.691,Active,409.8,5.9,97.6,12.2,65.5,Yes,0.0,None
18:54:35.122,Active,424.0,5.9,98.3,12.2,66.7,Yes,0.0,None
18:54:35.541,Active,409.6,5.9,97.6,12.2,66.7,Yes,0.0,None
18:54:35.957,Active,409.8,5.9,98.2,12.2,66.7,Yes,0.0,None
18:54:36.371,Active,408.3,5.9,98.8,12.2,67.8,Yes,0.0,None
18:54:36.789,Active,410.0,5.9,98.2,12.2,68.3,Yes,0.0,None
18:54:37.206,Active,408.4,5.9,98.2,12.2,68.8,Yes,0.0,None
18:54:37.623,Active,409.4,5.9,98.2,12.2,69.4,Yes,0.0,None
18:54:38.042,Active,410.1,5.9,97.6,12.2,70.5,Yes,0.0,None
18:54:38.458,Active,407.1,2.4,98.2,12.1,70.5,Yes,0.0,None
18:54:38.875,Active,408.2,2.4,98.2,12.1,70.5,Yes,0.0,None
18:54:39.289,Active,406.1,2.4,98.2,12.1,69.4,Yes,0.0,None
18:54:39.709,Active,411.0,2.4,98.2,12.1,71.0,Yes,0.0,None
18:54:40.123,Active,408.2,2.4,98.8,12.1,71.6,Yes,0.0,None
18:54:40.544,Active,410.9,2.4,97.6,12.1,71.6,Yes,0.0,None
18:54:40.961,Active,409.8,2.4,98.2,12.1,71.6,Yes,0.0,None
18:54:41.375,Active,408.3,2.4,98.8,12.1,72.2,Yes,0.0,None
18:54:41.789,Active,406.7,2.4,98.8,12.1,73.2,Yes,0.0,None
18:54:42.205,Active,406.1,2.4,98.2,12.1,72.7,Yes,0.0,None
18:54:42.625,Active,415.2,2.4,97.6,12.1,73.8,Yes,0.0,None
18:54:43.048,Active,411.2,2.4,97.6,12.1,72.7,Yes,0.0,None
18:54:43.467,Active,408.9,2.4,98.2,12.1,73.2,Yes,0.0,None
18:54:43.888,Active,411.5,2.4,97.6,12.1,73.8,Yes,0.0,None
18:54:44.305,Active,409.7,2.4,98.8,12.1,73.2,Yes,0.0,None
18:54:44.723,Active,408.1,2.4,98.2,12.1,73.8,Yes,0.0,None
18:54:45.153,Active,420.4,2.4,98.2,12.1,73.2,Yes,0.0,None
18:54:45.567,Active,407.3,2.4,98.8,12.1,73.8,Yes,0.0,None
18:54:45.984,Active,410.7,2.4,98.8,12.1,74.3,Yes,0.0,None
18:54:46.399,Active,407.7,2.4,98.8,12.1,73.8,Yes,0.0,None
18:54:46.816,Active,410.9,2.4,98.8,12.1,73.8,Yes,0.0,None
18:54:47.232,Active,408.6,2.4,98.2,12.1,74.9,Yes,0.0,None
18:54:47.665,Active,426.0,2.4,95.9,12.1,74.3,Yes,0.0,None
18:54:48.080,Active,407.5,2.4,98.8,12.1,74.3,Yes,0.0,None
18:54:48.495,Active,408.3,2.4,98.8,12.1,74.9,Yes,0.0,None
18:54:48.913,Active,411.3,2.4,98.8,12.1,74.9,Yes,0.0,None
18:54:49.328,Active,407.7,2.4,98.2,12.0,74.9,Yes,0.0,None
18:54:49.743,Active,408.1,2.4,98.8,12.1,74.9,Yes,0.0,None
18:54:50.156,Active,405.4,2.4,98.8,12.1,75.5,Yes,0.0,None
18:54:50.570,Active,405.7,2.4,98.8,12.0,75.5,Yes,0.0,None
18:54:51.014,Active,435.0,2.4,96.1,12.0,75.5,Yes,0.0,None
18:54:51.429,Active,406.4,2.4,98.2,12.0,75.5,Yes,0.0,None
18:54:51.849,Active,409.5,2.4,97.6,12.1,75.5,Yes,0.0,None
18:54:52.288,Active,433.6,2.4,94.8,12.1,76.0,Yes,0.0,None
18:54:52.704,Active,407.6,2.4,98.8,12.1,75.5,Yes,0.0,None
18:54:53.117,Active,406.2,2.4,98.2,12.1,75.5,Yes,0.0,None
18:54:53.537,Active,413.4,2.4,97.6,12.1,75.5,Yes,0.0,None
18:54:53.952,Active,409.1,2.4,98.8,12.0,74.9,Yes,0.0,None
18:54:54.369,Active,406.7,2.4,98.2,12.0,76.5,Yes,0.0,None
18:54:54.789,Active,411.0,2.4,97.6,12.0,76.5,Yes,0.0,None
18:54:55.203,Active,406.6,2.4,98.2,12.0,76.5,Yes,0.0,None
18:54:55.635,Active,422.9,2.4,98.3,12.1,76.5,Yes,0.0,None
18:54:56.054,Active,408.9,2.4,98.2,12.1,76.5,Yes,0.0,None
18:54:56.470,Active,406.4,2.4,97.6,12.1,76.5,Yes,0.0,None
18:54:56.889,Active,409.2,2.4,98.2,12.1,76.5,Yes,0.0,None
18:54:57.304,Active,407.5,2.4,98.8,12.1,76.5,Yes,0.0,None
18:54:57.721,Active,408.0,2.4,98.2,12.1,76.5,Yes,0.0,None
18:54:58.141,Active,410.4,2.4,98.2,12.1,77.1,Yes,0.0,None
18:54:58.555,Active,407.8,2.4,98.2,12.0,76.5,Yes,0.0,None
18:54:58.971,Active,408.5,2.4,98.2,12.0,76.5,Yes,0.0,None
18:54:59.379,Active,402.0,2.4,99.4,12.0,77.7,Yes,0.0,None
18:54:59.795,Active,409.5,2.4,99.4,12.0,77.1,Yes,0.0,None
18:55:00.204,Active,403.8,2.4,99.4,12.0,77.1,Yes,0.0,None
18:55:00.615,Active,404.7,2.4,100.0,12.0,77.1,Yes,0.0,None
18:55:01.032,Active,409.0,2.4,98.2,12.0,77.1,Yes,0.0,None
18:55:01.445,Active,407.1,2.4,98.8,12.0,76.0,Yes,0.0,None
18:55:01.860,Active,408.5,2.4,99.4,12.0,78.2,Yes,0.0,None
18:55:02.272,Active,405.2,2.4,98.2,12.0,77.1,Yes,0.0,None
18:55:02.690,Active,408.4,2.4,98.2,12.0,77.7,Yes,0.0,None
18:55:03.111,Active,410.8,2.4,98.2,12.0,78.2,Yes,0.0,None
18:55:03.529,Active,406.4,2.4,97.0,12.0,77.1,Yes,0.0,None
18:55:03.946,Active,408.2,2.4,98.2,12.0,78.8,Yes,0.0,None
18:55:04.363,Active,406.8,2.4,98.2,12.0,77.7,Yes,0.0,None
18:55:04.791,Active,420.0,2.4,96.5,12.0,78.2,Yes,0.0,None
18:55:05.206,Active,406.4,2.4,98.2,12.0,77.7,Yes,0.0,None
18:55:05.646,Active,431.3,2.4,98.3,12.1,77.7,Yes,0.0,None
18:55:06.071,Active,415.5,2.4,97.1,12.1,77.1,Yes,0.0,None
18:55:06.488,Active,409.2,2.4,98.2,12.1,77.7,Yes,0.0,None
18:55:06.904,Active,409.6,2.4,98.2,12.1,77.7,Yes,0.0,None
18:55:07.323,Active,409.3,2.4,98.2,12.1,78.2,Yes,0.0,None
18:55:07.745,Active,412.0,2.4,98.2,12.1,77.7,Yes,0.0,None
18:55:08.162,Active,406.9,2.4,97.6,12.1,77.7,Yes,0.0,None
18:55:08.576,Active,406.6,2.4,98.8,12.1,78.2,Yes,0.0,None
18:55:08.990,Active,407.4,2.4,98.8,12.0,78.8,Yes,0.0,None
18:55:09.407,Active,407.0,2.4,97.0,12.1,78.8,Yes,0.0,None
18:55:09.821,Active,408.6,2.4,99.4,12.0,78.2,Yes,0.0,None
18:55:10.239,Active,407.7,2.4,98.8,12.0,77.7,Yes,0.0,None
18:55:10.652,Active,407.8,2.4,99.4,12.0,78.2,Yes,0.0,None
18:55:11.064,Active,404.7,2.4,98.8,12.0,78.8,Yes,0.0,None
18:55:11.476,Active,406.2,2.4,99.4,12.0,79.8,Yes,0.0,None
18:55:11.895,Active,411.9,2.4,98.8,12.0,78.8,Yes,0.0,None
18:55:12.311,Active,409.1,2.4,98.2,12.0,78.2,Yes,0.0,None
18:55:12.741,Active,421.5,2.4,95.9,12.0,78.2,Yes,0.0,None
18:55:13.156,Active,408.7,2.4,99.4,12.0,78.2,Yes,0.0,None
18:55:13.570,Active,407.3,2.4,98.2,12.0,79.3,Yes,0.0,None
18:55:13.991,Active,407.9,2.4,97.6,12.0,79.3,Yes,0.0,None
18:55:14.406,Active,406.8,2.4,98.8,12.0,77.7,Yes,0.0,None
18:55:14.825,Active,409.6,2.4,97.6,12.0,78.8,Yes,0.0,None
18:55:15.239,Active,408.3,2.4,98.8,12.0,78.8,Yes,0.0,None
18:55:15.656,Active,410.7,2.4,98.8,12.0,78.8,Yes,0.0,None
18:55:16.095,Active,431.3,2.4,96.0,12.0,78.8,Yes,0.0,None
18:55:16.509,Active,408.4,2.4,98.8,12.0,78.8,Yes,0.0,None
18:55:16.926,Active,407.4,2.4,98.2,12.0,78.8,Yes,0.0,None
18:55:17.441,Active,405.4,2.4,79.4,12.0,78.8,Yes,0.0,None
18:55:17.858,Active,409.5,2.4,98.8,12.0,79.3,Yes,0.0,None
18:55:18.274,Active,406.4,2.4,98.2,12.0,78.8,Yes,0.0,None
18:55:18.692,Active,409.9,2.4,98.2,12.0,77.7,Yes,0.0,None
18:55:19.112,Active,408.7,2.4,97.6,12.0,78.8,Yes,0.0,None
18:55:19.527,Active,407.8,2.4,98.2,12.0,77.7,Yes,0.0,None
18:55:19.944,Active,409.8,2.4,98.2,12.0,78.2,Yes,0.0,None
18:55:20.361,Active,408.2,2.3,98.8,12.0,78.8,Yes,0.0,None
18:55:20.778,Active,411.1,2.3,98.2,12.0,78.8,Yes,0.0,None
18:55:21.200,Active,408.5,2.3,97.6,12.0,79.3,Yes,0.0,None
18:55:21.614,Active,407.4,2.3,98.2,12.0,77.7,Yes,0.0,None
18:55:22.035,Active,411.9,2.3,98.8,12.0,79.3,Yes,0.0,None
18:55:22.451,Active,408.0,2.3,98.2,12.0,79.3,Yes,0.0,None
18:55:22.871,Active,413.8,2.3,97.6,12.0,79.3,Yes,0.0,None
18:55:23.292,Active,409.0,2.3,97.0,12.0,79.3,Yes,0.0,None
18:55:23.711,Active,411.9,2.3,98.2,12.0,78.8,Yes,0.0,None
18:55:24.128,Active,410.5,2.3,98.8,12.0,78.8,Yes,0.0,None
18:55:24.550,Active,415.0,2.4,98.8,12.0,79.8,Yes,0.0,None
18:55:24.973,Active,417.0,2.4,99.4,12.0,78.8,Yes,0.0,None
18:55:25.391,Active,407.5,2.4,98.2,12.0,79.3,Yes,0.0,None
18:55:25.809,Active,409.6,2.4,98.2,12.0,78.8,Yes,0.0,None
18:55:26.243,Active,428.1,2.4,98.9,12.0,80.4,Yes,0.0,None
18:55:26.690,Active,436.3,2.4,94.9,12.1,78.8,Yes,0.0,None
18:55:27.114,Active,414.5,2.4,98.2,12.1,79.3,Yes,0.0,None
18:55:27.538,Active,416.3,2.4,98.8,12.1,79.3,Yes,0.0,None
18:55:27.968,Active,423.6,2.4,97.6,12.1,79.8,Yes,0.0,None
18:55:28.390,Active,415.3,2.4,98.2,12.0,79.3,Yes,0.0,None
18:55:28.819,Active,418.7,2.3,97.7,12.0,79.8,Yes,0.0,None
18:55:29.241,Active,415.4,2.3,98.8,12.0,79.3,Yes,0.0,None
18:55:29.695,Active,444.1,2.3,95.1,12.0,79.8,Yes,0.0,None
18:55:30.138,Active,436.6,2.3,95.5,12.0,79.8,Yes,0.0,None
18:55:30.561,Active,416.5,2.3,98.8,12.0,79.3,Yes,0.0,None
18:55:30.986,Active,417.2,2.3,98.2,12.0,79.8,Yes,0.0,None
18:55:31.412,Active,415.9,2.3,98.2,12.0,79.8,Yes,0.0,None
18:55:31.839,Active,418.4,2.3,98.2,12.0,79.8,Yes,0.0,None
18:55:32.268,Active,418.9,2.3,97.6,12.0,78.8,Yes,0.0,None
18:55:32.692,Active,416.7,2.3,98.8,12.0,79.8,Yes,0.0,None
18:56:18.129,Active,421.9,23.4,1.3,12.1,60.0,Yes,0.0,None
18:56:18.538,Active,403.7,23.4,99.4,12.1,63.4,Yes,0.0,None
18:56:18.952,Active,407.7,23.4,99.4,12.1,63.4,Yes,0.0,None
18:56:19.365,Active,405.9,23.4,99.4,12.1,64.5,Yes,0.0,None
18:56:19.783,Active,409.2,23.4,98.2,12.1,65.5,Yes,0.0,None
18:56:20.198,Active,407.4,23.4,98.2,12.1,66.1,Yes,0.0,None
18:56:20.616,Active,407.3,23.4,98.2,12.1,67.2,Yes,0.0,None
18:56:21.032,Active,408.4,23.4,98.2,12.1,67.8,Yes,0.0,None
18:56:21.451,Active,409.1,23.4,98.2,12.1,67.8,Yes,0.0,None
18:56:21.869,Active,409.7,23.4,98.2,12.1,68.3,Yes,0.0,None
18:56:22.278,Active,403.4,2.4,98.8,12.1,70.0,Yes,0.0,None
18:56:22.694,Active,409.9,2.4,98.8,12.1,68.8,Yes,0.0,None
18:56:23.107,Active,406.6,2.4,99.4,12.1,70.0,Yes,0.0,None
18:56:23.524,Active,406.4,2.4,98.2,12.0,70.0,Yes,0.0,None
18:56:23.944,Active,410.4,2.4,98.2,12.0,71.0,Yes,0.0,None
18:56:24.358,Active,407.9,2.4,98.2,12.0,70.5,Yes,0.0,None
18:56:24.779,Active,408.4,2.4,97.0,12.0,70.5,Yes,0.0,None
18:56:25.196,Active,406.2,2.4,98.2,12.0,71.0,Yes,0.0,None
18:56:25.610,Active,406.4,2.4,98.8,12.0,71.6,Yes,0.0,None
18:56:26.025,Active,406.1,2.4,98.2,12.0,72.2,Yes,0.0,None
18:56:26.443,Active,409.2,2.4,98.2,12.0,72.2,Yes,0.0,None
18:56:26.863,Active,408.0,2.4,97.0,12.1,72.7,Yes,0.0,None
18:56:27.274,Active,405.2,2.4,99.4,12.1,72.7,Yes,0.0,None
18:56:27.702,Active,422.2,2.4,99.4,12.1,72.7,Yes,0.0,None
18:56:28.119,Active,408.4,2.4,98.2,12.1,72.7,Yes,0.0,None
18:56:28.548,Active,421.6,2.4,96.4,12.1,73.2,Yes,0.0,None
18:56:28.963,Active,408.9,2.4,99.4,12.1,74.3,Yes,0.0,None
18:56:29.381,Active,410.2,2.4,97.6,12.1,73.8,Yes,0.0,None
18:56:29.798,Active,408.3,2.4,98.8,12.1,73.8,Yes,0.0,None
18:56:30.215,Active,407.7,2.4,98.2,12.1,73.8,Yes,0.0,None
18:56:30.627,Active,406.5,2.4,99.4,12.1,73.8,Yes,0.0,None
18:56:31.040,Active,406.7,2.4,98.8,12.1,74.3,Yes,0.0,None
18:56:31.454,Active,406.5,2.4,98.8,12.0,74.9,Yes,0.0,None
18:56:31.867,Active,407.1,2.4,100.0,12.0,74.9,Yes,0.0,None
18:56:32.284,Active,406.8,2.4,97.6,12.0,74.3,Yes,0.0,None
18:56:32.703,Active,410.4,2.4,98.2,12.0,74.9,Yes,0.0,None
18:56:33.125,Active,415.6,2.4,98.8,12.0,74.9,Yes,0.0,None
18:56:33.538,Active,406.5,2.4,99.4,12.0,74.9,Yes,0.0,None
18:56:33.957,Active,409.6,2.4,98.2,12.0,74.9,Yes,0.0,None
18:56:34.371,Active,408.0,2.4,98.2,12.0,75.5,Yes,0.0,None
18:56:34.796,Active,416.4,2.4,97.6,12.0,74.9,Yes,0.0,None
18:56:35.213,Active,409.6,2.4,98.2,12.0,74.3,Yes,0.0,None
18:56:35.626,Active,407.3,2.4,98.2,12.0,76.0,Yes,0.0,None
18:56:36.047,Active,412.1,2.4,98.2,12.0,76.0,Yes,0.0,None
18:56:36.464,Active,408.6,2.4,98.8,12.0,76.0,Yes,0.0,None
18:56:36.888,Active,416.6,2.4,97.6,12.0,76.0,Yes,0.0,None
18:56:37.304,Active,408.6,2.4,97.6,12.0,74.9,Yes,0.0,None
18:56:37.721,Active,410.0,2.4,98.8,12.0,76.0,Yes,0.0,None
18:56:38.155,Active,421.5,2.4,97.7,12.0,76.0,Yes,0.0,None
18:56:38.569,Active,406.8,2.4,98.8,12.0,76.0,Yes,0.0,None
18:56:38.985,Active,409.8,2.4,98.8,12.0,76.5,Yes,0.0,None
18:56:39.398,Active,407.2,2.4,98.8,12.0,76.5,Yes,0.0,None
18:56:39.817,Active,412.9,2.4,98.8,12.0,76.5,Yes,0.0,None
18:56:40.230,Active,407.3,2.4,98.8,12.0,76.5,Yes,0.0,None
18:56:40.649,Active,409.6,2.4,98.2,12.0,76.5,Yes,0.0,None
18:56:41.064,Active,409.2,2.4,98.8,12.0,76.5,Yes,0.0,None
18:56:41.476,Active,406.6,2.4,98.2,12.0,77.7,Yes,0.0,None
18:56:41.894,Active,411.4,2.4,98.8,12.0,77.1,Yes,0.0,None
18:56:42.313,Active,409.5,2.4,98.2,12.0,76.5,Yes,0.0,None
18:56:42.728,Active,408.9,2.4,98.2,12.0,77.7,Yes,0.0,None
18:56:43.143,Active,408.1,2.4,98.8,12.0,76.5,Yes,0.0,None
18:56:43.560,Active,408.4,2.4,98.2,12.0,77.1,Yes,0.0,None
18:56:43.976,Active,409.3,2.4,98.8,12.0,76.5,Yes,0.0,None
18:56:44.386,Active,403.4,2.4,98.8,12.0,78.2,Yes,0.0,None
18:56:44.800,Active,407.1,2.4,99.4,12.0,77.7,Yes,0.0,None
18:56:45.213,Active,407.2,2.4,98.8,12.0,77.7,Yes,0.0,None
18:56:45.625,Active,406.4,2.4,100.0,12.0,77.1,Yes,0.0,None
18:56:46.041,Active,407.8,2.4,98.2,12.0,77.7,Yes,0.0,None
18:56:46.471,Active,419.7,2.4,96.0,12.0,77.7,Yes,0.0,None
18:56:46.892,Active,410.6,2.4,98.2,12.0,78.2,Yes,0.0,None
18:56:47.307,Active,408.1,2.4,98.8,12.0,77.7,Yes,0.0,None
18:56:47.727,Active,413.9,2.4,97.6,12.0,78.2,Yes,0.0,None
18:56:48.164,Active,429.8,2.4,98.3,12.0,78.2,Yes,0.0,None
18:56:48.581,Active,411.0,2.4,98.2,12.0,77.1,Yes,0.0,None
18:56:49.002,Active,415.7,2.4,97.6,12.0,77.7,Yes,0.0,None
18:56:49.432,Active,421.3,2.4,96.5,12.0,78.2,Yes,0.0,None
18:56:49.848,Active,408.8,2.4,98.8,12.0,78.2,Yes,0.0,None
18:56:50.264,Active,407.5,2.4,98.8,12.1,77.7,Yes,0.0,None
18:56:50.683,Active,411.9,2.4,98.8,12.0,78.8,Yes,0.0,None
18:56:51.099,Active,407.6,2.4,98.2,12.0,78.8,Yes,0.0,None
18:56:51.511,Active,406.0,2.4,99.4,12.0,77.7,Yes,0.0,None
18:56:51.926,Active,409.5,2.4,99.4,12.0,78.2,Yes,0.0,None
18:56:52.351,Active,418.5,2.4,96.5,12.0,78.2,Yes,0.0,None
18:56:52.763,Active,405.9,2.4,99.4,12.0,78.2,Yes,0.0,None
18:56:53.175,Active,405.2,2.4,99.4,12.0,78.2,Yes,0.0,None
18:56:53.587,Active,403.7,2.4,99.4,12.0,77.7,Yes,0.0,None
18:56:54.004,Active,411.2,2.4,99.4,12.0,78.2,Yes,0.0,None
18:56:54.420,Active,408.7,2.4,98.8,12.0,78.2,Yes,0.0,None
18:56:54.836,Active,409.2,2.4,98.2,12.0,78.2,Yes,0.0,None
18:56:55.250,Active,407.6,2.4,98.8,12.0,78.2,Yes,0.0,None
18:56:55.670,Active,411.0,2.4,98.2,12.0,78.2,Yes,0.0,None
18:56:56.087,Active,408.2,2.4,98.8,12.0,78.2,Yes,0.0,None
18:56:56.513,Active,417.6,2.4,97.0,12.0,78.2,Yes,0.0,None
18:56:56.928,Active,409.0,2.4,98.2,12.0,78.8,Yes,0.0,None
18:56:57.344,Active,409.2,2.4,98.8,12.0,78.2,Yes,0.0,None
18:56:57.760,Active,409.7,2.4,98.8,12.0,79.3,Yes,0.0,None
18:56:58.174,Active,406.6,2.4,98.8,12.0,78.8,Yes,0.0,None
18:56:58.608,Active,427.8,2.4,98.9,12.2,78.8,Yes,0.0,None
18:56:59.034,Active,418.6,2.4,97.1,12.2,79.3,Yes,0.0,None
18:56:59.446,Active,406.9,2.4,99.4,12.2,78.8,Yes,0.0,None
18:56:59.866,Active,410.5,2.4,97.6,12.2,78.8,Yes,0.0,None
18:57:00.281,Active,406.0,2.4,98.8,12.1,78.2,Yes,0.0,None
18:57:00.700,Active,408.5,2.4,97.6,12.1,78.2,Yes,0.0,None
18:57:01.112,Active,406.6,2.4,98.8,12.1,78.8,Yes,0.0,None
18:57:01.527,Active,408.1,2.4,98.8,12.1,79.3,Yes,0.0,None
18:57:01.943,Active,408.5,2.4,98.8,12.1,78.8,Yes,0.0,None
18:57:02.365,Active,413.8,2.4,98.2,12.1,79.3,Yes,0.0,None
18:57:02.782,Active,410.2,2.4,98.2,12.1,78.8,Yes,0.0,None
18:57:03.195,Active,406.6,2.4,98.8,12.1,78.8,Yes,0.0,None
18:57:03.607,Active,406.6,2.4,98.8,12.1,78.8,Yes,0.0,None
18:57:04.024,Active,410.6,2.4,99.4,12.1,79.3,Yes,0.0,None
18:57:04.440,Active,406.2,2.4,98.2,12.1,79.3,Yes,0.0,None
18:57:04.863,Active,413.5,2.4,98.2,12.1,78.8,Yes,0.0,None
18:57:05.283,Active,413.7,2.4,98.8,12.1,78.8,Yes,0.0,None
18:57:05.707,Active,417.9,2.4,99.4,12.1,78.8,Yes,0.0,None
18:57:06.127,Active,414.1,2.4,99.4,12.1,78.8,Yes,0.0,None
18:57:06.547,Active,414.5,2.4,99.4,12.1,79.8,Yes,0.0,None
18:57:06.983,Active,427.9,2.4,97.1,12.1,79.3,Yes,0.0,None
18:57:07.406,Active,415.0,2.4,98.2,12.1,78.8,Yes,0.0,None
18:57:07.830,Active,418.0,2.4,99.4,12.1,78.8,Yes,0.0,None
18:57:08.251,Active,414.5,2.4,99.4,12.1,79.3,Yes,0.0,None
18:57:08.691,Active,434.1,2.4,98.9,12.1,78.2,Yes,0.0,None
18:57:09.111,Active,412.9,2.4,98.8,12.1,79.3,Yes,0.0,None
18:57:09.537,Active,415.9,2.4,98.8,12.1,79.3,Yes,0.0,None
18:57:09.971,Active,424.8,2.4,97.1,12.1,79.3,Yes,0.0,None
18:57:10.395,Active,416.7,2.4,98.8,12.1,78.8,Yes,0.0,None
18:57:10.822,Active,418.8,2.4,97.6,12.1,79.3,Yes,0.0,None
18:57:11.247,Active,416.3,2.4,97.0,12.1,79.3,Yes,0.0,None
18:57:11.673,Active,418.1,2.4,98.2,12.1,79.3,Yes,0.0,None
18:57:12.100,Active,416.6,2.4,98.3,12.0,78.8,Yes,0.0,None
18:57:12.530,Active,423.0,2.3,97.7,12.0,79.3,Yes,0.0,None
18:57:12.953,Active,416.9,2.3,99.4,12.0,79.8,Yes,0.0,None
18:57:13.377,Active,414.6,2.3,98.2,12.0,79.8,Yes,0.0,None
18:57:13.800,Active,417.6,2.3,98.8,12.0,79.8,Yes,0.0,None
18:57:14.220,Active,413.0,2.3,98.8,12.0,80.4,Yes,0.0,None
18:57:14.643,Active,416.5,2.3,99.4,12.0,79.3,Yes,0.0,None
18:57:15.066,Active,417.1,2.3,98.2,12.0,80.4,Yes,0.0,None
18:57:15.492,Active,416.1,2.3,98.2,12.0,79.8,Yes,0.0,None
18:57:15.920,Active,418.1,2.3,98.2,12.0,79.8,Yes,0.0,None
18:57:16.448,Active,420.6,2.3,79.5,12.0,79.3,Yes,0.0,None
18:57:16.875,Active,420.4,2.3,98.8,12.0,79.8,Yes,0.0,None
18:57:17.303,Active,420.1,2.3,97.6,12.0,79.8,Yes,0.0,None
18:57:17.729,Active,419.1,2.3,98.8,12.0,79.8,Yes,0.0,None
18:58:03.164,Active,421.1,2.3,1.0,12.0,61.1,Yes,0.0,None
18:58:03.579,Active,408.1,2.3,98.8,12.1,62.2,Yes,0.0,None
18:58:03.996,Active,409.8,2.3,98.8,12.1,62.8,Yes,0.0,None
18:58:04.411,Active,408.0,2.3,98.2,12.1,64.5,Yes,0.0,None
18:58:04.830,Active,408.9,2.3,98.2,12.1,65.0,Yes,0.0,None
18:58:05.246,Active,406.7,2.3,97.6,12.1,64.5,Yes,0.0,None
18:58:05.664,Active,408.6,2.3,98.8,12.1,66.7,Yes,0.0,None
18:58:06.094,Active,420.0,3.0,97.1,12.1,67.2,Yes,0.0,None
18:58:06.506,Active,404.2,3.0,98.8,12.0,67.8,Yes,0.0,None
18:58:06.924,Active,411.6,3.0,98.8,12.0,67.8,Yes,0.0,None
18:58:07.339,Active,407.9,3.0,98.2,12.1,68.3,Yes,0.0,None
18:58:07.757,Active,410.0,3.0,98.2,12.1,68.3,Yes,0.0,None
18:58:08.173,Active,407.3,3.0,98.2,12.0,69.4,Yes,0.0,None
18:58:08.591,Active,407.9,3.0,98.2,12.0,70.0,Yes,0.0,None
18:58:09.010,Active,410.2,3.0,97.6,12.0,70.0,Yes,0.0,None
18:58:09.427,Active,408.5,3.0,98.2,12.0,70.0,Yes,0.0,None
18:58:09.840,Active,406.7,3.0,98.8,12.0,71.0,Yes,0.0,None
18:58:10.271,Active,424.9,2.4,100.0,12.1,71.0,Yes,0.0,None
18:58:10.718,Active,438.8,2.4,94.4,12.1,71.6,Yes,0.0,None
18:58:11.134,Active,406.4,2.4,97.6,12.1,71.6,Yes,0.0,None
18:58:11.573,Active,429.5,2.4,95.4,12.1,71.6,Yes,0.0,None
18:58:11.989,Active,409.6,2.4,98.8,12.1,72.2,Yes,0.0,None
18:58:12.401,Active,406.1,2.4,98.8,12.1,72.2,Yes,0.0,None
18:58:12.817,Active,409.8,2.4,98.8,12.1,72.7,Yes,0.0,None
18:58:13.231,Active,408.3,2.4,99.4,12.1,73.2,Yes,0.0,None
18:58:13.648,Active,408.6,2.4,98.2,12.1,72.7,Yes,0.0,None
18:58:14.060,Active,405.4,2.4,98.8,12.1,73.8,Yes,0.0,None
18:58:14.474,Active,406.1,2.4,99.4,12.1,74.3,Yes,0.0,None
18:58:14.892,Active,408.8,2.4,98.2,12.1,72.7,Yes,0.0,None
18:58:15.304,Active,404.7,2.4,98.8,12.1,73.8,Yes,0.0,None
18:58:15.720,Active,409.4,2.4,98.8,12.1,74.3,Yes,0.0,None
18:58:16.144,Active,417.2,2.4,97.6,12.1,73.8,Yes,0.0,None
18:58:16.572,Active,421.4,2.4,96.5,12.1,73.8,Yes,0.0,None
18:58:16.987,Active,407.5,2.4,99.4,12.1,74.3,Yes,0.0,None
18:58:17.423,Active,430.0,2.4,97.1,12.1,74.9,Yes,0.0,None
18:58:17.835,Active,406.3,2.4,99.4,12.1,74.3,Yes,0.0,None
18:58:18.250,Active,405.6,2.4,97.6,12.1,74.3,Yes,0.0,None
18:58:18.663,Active,407.2,2.4,99.4,12.1,75.5,Yes,0.0,None
18:58:19.077,Active,405.6,2.4,98.8,12.1,74.9,Yes,0.0,None
18:58:19.488,Active,405.0,2.4,98.8,12.1,75.5,Yes,0.0,None
18:58:19.904,Active,410.4,2.4,99.4,12.1,76.0,Yes,0.0,None
18:58:20.346,Active,435.1,2.4,96.6,12.1,74.3,Yes,0.0,None
18:58:20.764,Active,408.5,2.4,98.2,12.1,75.5,Yes,0.0,None
18:58:21.179,Active,407.9,2.4,98.8,12.1,75.5,Yes,0.0,None
18:58:21.591,Active,405.6,2.4,98.8,12.1,75.5,Yes,0.0,None
18:58:22.008,Active,408.2,2.4,98.2,12.1,75.5,Yes,0.0,None
18:58:22.422,Active,405.5,2.4,98.8,12.1,74.9,Yes,0.0,None
18:58:22.838,Active,408.5,2.4,98.2,12.1,76.0,Yes,0.0,None
18:58:23.253,Active,408.2,2.4,99.4,12.0,76.0,Yes,0.0,None
18:58:23.668,Active,408.4,2.4,98.8,12.0,75.5,Yes,0.0,None
18:58:24.087,Active,409.8,2.4,98.2,12.0,75.5,Yes,0.0,None
18:58:24.520,Active,425.8,2.4,95.4,12.0,76.0,Yes,0.0,None
18:58:24.950,Active,423.0,2.4,96.5,12.0,76.0,Yes,0.0,None
18:58:25.364,Active,405.2,2.4,98.2,12.0,75.5,Yes,0.0,None
18:58:25.780,Active,409.0,2.4,99.4,12.0,75.5,Yes,0.0,None
18:58:26.199,Active,412.3,2.4,98.8,12.0,77.7,Yes,0.0,None
18:58:26.616,Active,410.8,2.4,98.8,12.0,76.5,Yes,0.0,None
18:58:27.033,Active,410.1,2.4,98.2,12.0,77.1,Yes,0.0,None
18:58:27.447,Active,405.8,2.4,98.8,12.0,77.1,Yes,0.0,None
18:58:27.865,Active,409.7,2.4,98.2,12.1,77.1,Yes,0.0,None
18:58:28.281,Active,406.9,2.4,98.2,12.1,76.5,Yes,0.0,None
18:58:28.697,Active,409.4,2.4,99.4,12.1,76.0,Yes,0.0,None
18:58:29.108,Active,405.0,2.4,98.8,12.1,77.1,Yes,0.0,None
18:58:29.520,Active,406.3,2.4,99.4,12.1,76.0,Yes,0.0,None
18:58:29.936,Active,409.0,2.4,99.4,12.0,76.5,Yes,0.0,None
18:58:30.353,Active,409.6,2.4,98.8,12.0,77.1,Yes,0.0,None
18:58:30.783,Active,423.9,2.4,98.3,12.1,77.1,Yes,0.0,None
18:58:31.197,Active,405.7,2.4,98.2,12.1,77.1,Yes,0.0,None
18:58:31.611,Active,405.0,2.4,98.8,12.1,77.7,Yes,0.0,None
18:58:32.024,Active,407.0,2.4,98.8,12.1,77.1,Yes,0.0,None
18:58:32.436,Active,406.5,2.4,99.4,12.1,77.7,Yes,0.0,None
18:58:32.850,Active,408.3,2.4,100.0,12.1,76.5,Yes,0.0,None
18:58:33.286,Active,427.3,2.4,97.7,12.1,77.1,Yes,0.0,None
18:58:33.802,Active,409.1,2.4,80.1,12.1,76.5,Yes,0.0,None
18:58:34.232,Active,421.4,2.4,95.9,12.1,77.1,Yes,0.0,None
18:58:34.648,Active,408.4,2.4,98.8,12.1,77.1,Yes,0.0,None
18:58:35.064,Active,408.6,2.4,98.8,12.1,77.1,Yes,0.0,None
18:58:35.479,Active,407.9,2.3,98.2,12.1,77.7,Yes,0.0,None
18:58:35.904,Active,416.6,2.3,97.0,12.1,77.1,Yes,0.0,None
18:58:36.317,Active,406.9,2.3,98.8,12.1,77.1,Yes,0.0,None
18:58:36.730,Active,406.9,2.3,98.8,12.1,77.1,Yes,0.0,None
18:58:37.144,Active,407.8,2.3,98.8,12.1,78.8,Yes,0.0,None
18:58:37.557,Active,407.6,2.3,98.8,12.0,78.2,Yes,0.0,None
18:58:37.975,Active,407.6,2.3,98.2,12.0,77.7,Yes,0.0,None
18:58:38.386,Active,405.9,2.3,100.0,12.0,77.1,Yes,0.0,None
18:58:38.799,Active,406.9,2.3,99.4,12.0,78.2,Yes,0.0,None
18:58:39.217,Active,406.2,2.3,97.6,12.0,77.1,Yes,0.0,None
18:58:39.633,Active,407.0,2.4,98.2,12.1,78.8,Yes,0.0,None
18:58:40.048,Active,409.2,2.4,99.4,12.1,78.8,Yes,0.0,None
18:58:40.465,Active,409.6,2.4,98.8,12.1,78.2,Yes,0.0,None
18:58:40.973,Active,501.8,2.4,91.5,12.1,77.7,Yes,0.0,None
18:58:41.386,Active,407.3,2.4,98.8,12.1,78.8,Yes,0.0,None
18:58:41.801,Active,408.0,2.4,98.8,12.0,77.7,Yes,0.0,None
18:58:42.213,Active,405.6,2.4,99.4,12.0,77.7,Yes,0.0,None
18:58:42.629,Active,410.0,2.4,98.8,12.0,77.7,Yes,0.0,None
18:58:43.045,Active,409.5,2.4,98.2,12.0,78.2,Yes,0.0,None
18:58:43.459,Active,407.7,2.4,98.8,12.0,78.2,Yes,0.0,None
18:58:43.875,Active,410.0,2.4,98.8,12.0,78.2,Yes,0.0,None
18:58:44.285,Active,404.9,2.4,99.4,12.0,78.2,Yes,0.0,None
18:58:44.705,Active,410.2,2.4,98.2,12.0,78.8,Yes,0.0,None
18:58:45.124,Active,408.7,2.4,98.2,12.0,78.2,Yes,0.0,None
18:58:45.638,Active,405.2,2.4,79.2,12.0,78.2,Yes,0.0,None
18:58:46.053,Active,408.8,2.4,98.8,12.0,78.2,Yes,0.0,None
18:58:46.469,Active,406.8,2.4,98.2,12.0,78.2,Yes,0.0,None
18:58:46.885,Active,408.7,2.4,98.8,12.0,78.8,Yes,0.0,None
18:58:47.302,Active,406.5,2.4,97.6,12.0,78.8,Yes,0.0,None
18:58:47.721,Active,409.6,2.4,98.2,12.0,78.2,Yes,0.0,None
18:58:48.145,Active,414.7,2.3,97.0,12.0,78.8,Yes,0.0,None
18:58:48.573,Active,421.9,2.3,96.4,12.0,78.2,Yes,0.0,None
18:58:48.986,Active,406.8,2.3,98.8,12.0,78.8,Yes,0.0,None
18:58:49.414,Active,418.8,2.3,95.9,12.0,78.8,Yes,0.0,None
18:58:49.834,Active,410.6,2.3,98.2,12.0,79.3,Yes,0.0,None
18:58:50.248,Active,407.9,2.3,99.4,12.0,79.3,Yes,0.0,None
18:58:50.665,Active,409.8,2.3,98.2,12.0,78.2,Yes,0.0,None
18:58:51.094,Active,423.1,2.3,98.8,12.1,78.8,Yes,0.0,None
18:58:51.512,Active,408.7,2.3,98.2,12.1,78.2,Yes,0.0,None
18:58:51.925,Active,406.3,2.3,98.2,12.1,78.8,Yes,0.0,None
18:58:52.453,Active,421.9,2.3,78.7,12.1,78.2,Yes,0.0,None
18:58:52.897,Active,433.6,2.3,95.5,12.1,78.8,Yes,0.0,None
18:58:53.312,Active,408.6,2.3,98.8,12.1,78.8,Yes,0.0,None
18:58:53.728,Active,408.7,2.3,98.2,12.0,78.2,Yes,0.0,None
18:58:54.141,Active,405.8,2.3,98.8,12.0,78.8,Yes,0.0,None
18:58:54.555,Active,408.0,2.3,98.8,12.0,78.2,Yes,0.0,None
18:58:54.972,Active,410.9,2.3,99.4,12.0,78.8,Yes,0.0,None
18:58:55.388,Active,408.7,2.3,98.8,12.0,78.8,Yes,0.0,None
18:58:55.808,Active,412.9,2.3,98.2,12.0,78.8,Yes,0.0,None
18:58:56.223,Active,408.4,2.3,98.2,12.0,79.3,Yes,0.0,None
18:58:56.637,Active,407.1,2.4,99.4,12.0,78.8,Yes,0.0,None
18:58:57.056,Active,410.2,2.4,97.6,12.0,79.3,Yes,0.0,None
18:58:57.469,Active,407.6,2.4,98.8,12.0,79.3,Yes,0.0,None
18:58:57.893,Active,414.1,2.4,98.8,12.0,79.8,Yes,0.0,None
18:58:58.320,Active,416.9,2.4,97.1,12.0,79.3,Yes,0.0,None
18:58:58.748,Active,419.5,2.4,98.2,12.0,79.3,Yes,0.0,None
18:58:59.199,Active,441.9,2.4,94.4,12.0,79.3,Yes,0.0,None
18:58:59.624,Active,418.4,2.4,97.6,12.0,79.8,Yes,0.0,None
18:59:00.053,Active,422.2,2.4,95.9,12.0,79.8,Yes,0.0,None
18:59:00.467,Active,407.5,2.4,99.4,12.0,78.8,Yes,0.0,None
18:59:00.895,Active,421.7,2.3,97.6,12.0,78.8,Yes,0.0,None
18:59:01.336,Active,432.9,2.3,98.3,12.0,78.8,Yes,0.0,None
18:59:01.760,Active,417.0,2.3,98.2,12.1,79.3,Yes,0.0,None
18:59:02.185,Active,415.7,2.3,98.2,12.1,79.3,Yes,0.0,None
18:59:02.612,Active,416.4,2.3,98.2,12.1,79.8,Yes,0.0,None
18:59:03.039,Active,418.4,2.3,98.3,12.0,79.3,Yes,0.0,None
18:59:48.482,Active,427.0,2.3,1.3,12.0,61.7,Yes,0.0,None
18:59:48.897,Active,409.4,2.3,99.4,12.2,62.2,Yes,0.0,None
18:59:49.310,Active,407.2,2.3,98.8,12.2,63.4,Yes,0.0,None
18:59:49.724,Active,406.7,2.3,98.2,12.2,63.9,Yes,0.0,None
18:59:50.147,Active,411.8,4.8,97.0,12.2,65.0,Yes,0.0,None
18:59:50.561,Active,407.6,4.8,98.8,12.2,65.5,Yes,0.0,None
18:59:50.976,Active,408.5,4.8,98.2,12.1,66.7,Yes,0.0,None
18:59:51.392,Active,406.3,4.8,98.8,12.1,66.1,Yes,0.0,None
18:59:51.812,Active,409.9,4.8,98.2,12.1,67.2,Yes,0.0,None
18:59:52.226,Active,408.2,4.8,98.8,12.1,68.3,Yes,0.0,None
18:59:52.657,Active,421.2,4.8,98.2,12.1,68.8,Yes,0.0,None
18:59:53.072,Active,408.5,4.8,97.6,12.1,69.4,Yes,0.0,None
18:59:53.487,Active,407.2,4.8,98.8,12.1,69.4,Yes,0.0,None
18:59:53.905,Active,410.8,4.8,99.4,12.1,68.8,Yes,0.0,None
18:59:54.322,Active,408.2,2.4,97.6,12.1,70.5,Yes,0.0,None
18:59:54.741,Active,409.6,2.4,98.2,12.1,71.0,Yes,0.0,None
18:59:55.158,Active,407.7,2.4,98.2,12.1,70.5,Yes,0.0,None
18:59:55.572,Active,406.1,2.4,98.2,12.1,71.6,Yes,0.0,None
18:59:55.990,Active,408.2,2.4,98.2,12.1,71.6,Yes,0.0,None
18:59:56.408,Active,408.6,2.4,98.2,12.1,71.0,Yes,0.0,None
18:59:56.824,Active,409.1,2.4,98.8,12.1,72.2,Yes,0.0,None
18:59:57.243,Active,409.4,2.4,97.6,12.1,72.2,Yes,0.0,None
18:59:57.658,Active,408.2,2.4,98.8,12.1,72.2,Yes,0.0,None
18:59:58.073,Active,407.1,2.4,98.2,12.1,72.7,Yes,0.0,None
18:59:58.493,Active,408.6,2.4,97.1,12.1,73.2,Yes,0.0,None
18:59:58.909,Active,408.8,2.4,98.2,12.0,73.2,Yes,0.0,None
18:59:59.326,Active,406.7,2.4,98.2,12.0,72.7,Yes,0.0,None
18:59:59.744,Active,409.3,2.4,98.2,12.1,73.2,Yes,0.0,None
19:00:00.163,Active,409.8,2.4,98.2,12.1,73.2,Yes,0.0,None
19:00:00.578,Active,407.2,2.4,98.2,12.1,72.2,Yes,0.0,None
19:00:00.997,Active,409.8,2.4,98.8,12.0,73.8,Yes,0.0,None
19:00:01.415,Active,408.5,2.4,97.6,12.0,73.8,Yes,0.0,None
19:00:01.835,Active,410.6,2.4,98.2,12.0,73.2,Yes,0.0,None
19:00:02.248,Active,406.2,2.4,98.8,12.0,73.8,Yes,0.0,None
19:00:02.663,Active,407.9,2.4,99.4,12.0,73.8,Yes,0.0,None
19:00:03.103,Active,433.8,2.4,96.6,12.1,74.3,Yes,0.0,None
19:00:03.518,Active,405.6,2.4,98.2,12.1,74.3,Yes,0.0,None
19:00:03.932,Active,407.7,2.4,100.0,12.1,75.5,Yes,0.0,None
19:00:04.349,Active,409.5,2.4,98.8,12.1,74.3,Yes,0.0,None
19:00:04.763,Active,409.1,2.4,98.8,12.1,74.9,Yes,0.0,None
19:00:05.176,Active,406.2,2.4,99.4,12.1,74.9,Yes,0.0,None
19:00:05.591,Active,408.3,2.4,98.8,12.1,75.5,Yes,0.0,None
19:00:06.014,Active,415.2,2.4,98.2,12.1,74.9,Yes,0.0,None
19:00:06.428,Active,405.0,2.4,98.8,12.1,75.5,Yes,0.0,None
19:00:06.843,Active,407.6,2.4,99.4,12.1,74.9,Yes,0.0,None
19:00:07.255,Active,406.1,2.4,99.4,12.1,75.5,Yes,0.0,None
19:00:07.670,Active,409.6,2.4,99.4,12.1,75.5,Yes,0.0,None
19:00:08.080,Active,404.4,2.4,99.4,12.1,76.5,Yes,0.0,None
19:00:08.497,Active,407.7,2.4,98.8,12.1,76.0,Yes,0.0,None
19:00:08.918,Active,412.3,2.4,97.6,12.0,76.0,Yes,0.0,None
19:00:09.336,Active,408.4,2.4,98.2,12.0,76.5,Yes,0.0,None
19:00:09.753,Active,407.8,2.4,98.2,12.0,76.0,Yes,0.0,None
19:00:10.168,Active,406.4,2.4,98.8,12.1,77.1,Yes,0.0,None
19:00:10.581,Active,405.9,2.4,98.2,12.1,76.5,Yes,0.0,None
19:00:10.996,Active,408.9,2.4,99.4,12.1,76.5,Yes,0.0,None
19:00:11.413,Active,409.6,2.4,98.8,12.1,76.5,Yes,0.0,None
19:00:11.826,Active,407.3,2.4,98.8,12.1,77.7,Yes,0.0,None
19:00:12.238,Active,405.4,2.4,98.8,12.1,77.7,Yes,0.0,None
19:00:12.653,Active,408.8,2.4,99.4,12.0,76.0,Yes,0.0,None
19:00:13.081,Active,421.2,2.4,98.8,12.0,76.5,Yes,0.0,None
19:00:13.496,Active,409.3,2.4,98.2,12.1,77.1,Yes,0.0,None
19:00:13.916,Active,410.3,2.4,98.2,12.1,77.1,Yes,0.0,None
19:00:14.337,Active,410.5,2.4,98.2,12.1,78.8,Yes,0.0,None
19:00:14.757,Active,413.7,2.4,98.8,12.1,76.5,Yes,0.0,None
19:00:15.173,Active,409.6,2.4,97.6,12.1,77.1,Yes,0.0,None
19:00:15.587,Active,408.6,2.4,98.8,12.1,77.7,Yes,0.0,None
19:00:16.002,Active,408.9,2.4,98.8,12.1,77.1,Yes,0.0,None
19:00:16.414,Active,406.1,2.4,98.8,12.1,77.7,Yes,0.0,None
19:00:16.835,Active,411.3,2.4,98.2,12.1,77.1,Yes,0.0,None
19:00:17.251,Active,408.0,2.4,98.2,12.1,77.7,Yes,0.0,None
19:00:17.683,Active,423.9,2.4,96.5,12.1,77.1,Yes,0.0,None
19:00:18.100,Active,407.3,2.4,98.2,12.1,77.7,Yes,0.0,None
19:00:18.523,Active,415.9,2.4,98.2,12.1,78.2,Yes,0.0,None
19:00:18.939,Active,408.2,2.4,98.8,12.1,77.1,Yes,0.0,None
19:00:19.351,Active,406.0,2.4,99.4,12.1,77.1,Yes,0.0,None
19:00:19.767,Active,409.7,2.4,98.8,12.1,77.7,Yes,0.0,None
19:00:20.182,Active,406.0,2.4,98.8,12.1,78.2,Yes,0.0,None
19:00:20.590,Active,402.4,2.4,99.4,12.1,78.2,Yes,0.0,None
19:00:21.007,Active,407.6,2.4,99.4,12.1,77.7,Yes,0.0,None
19:00:21.420,Active,407.2,2.4,99.4,12.1,77.7,Yes,0.0,None
19:00:21.852,Active,424.6,2.4,97.1,12.1,77.7,Yes,0.0,None
19:00:22.268,Active,408.5,2.4,98.2,12.0,77.7,Yes,0.0,None
19:00:22.683,Active,409.5,2.4,99.4,12.0,77.7,Yes,0.0,None
19:00:23.098,Active,407.5,2.4,98.2,12.0,77.1,Yes,0.0,None
19:00:23.525,Active,418.4,2.4,98.2,12.1,79.3,Yes,0.0,None
19:00:23.945,Active,409.5,2.4,98.2,12.1,78.8,Yes,0.0,None
19:00:24.360,Active,408.6,2.4,98.8,12.1,77.7,Yes,0.0,None
19:00:24.775,Active,409.8,2.4,99.4,12.1,78.2,Yes,0.0,None
19:00:25.200,Active,415.6,2.4,97.1,12.1,78.2,Yes,0.0,None
19:00:25.616,Active,408.7,2.4,98.8,12.1,78.8,Yes,0.0,None
19:00:26.032,Active,408.9,2.4,98.8,12.1,79.3,Yes,0.0,None
19:00:26.444,Active,405.9,2.4,99.4,12.0,79.3,Yes,0.0,None
19:00:26.859,Active,407.6,2.4,98.8,12.1,78.8,Yes,0.0,None
19:00:27.270,Active,405.6,2.4,99.4,12.1,78.2,Yes,0.0,None
19:00:27.681,Active,404.8,2.4,99.4,12.0,78.8,Yes,0.0,None
19:00:28.094,Active,407.2,2.4,99.4,12.0,78.2,Yes,0.0,None
19:00:28.505,Active,405.0,2.4,99.4,12.0,78.8,Yes,0.0,None
19:00:28.924,Active,412.6,2.4,99.4,12.0,77.7,Yes,0.0,None
19:00:29.436,Active,404.7,2.4,79.4,12.1,77.7,Yes,0.0,None
19:00:29.855,Active,408.5,2.4,98.2,12.1,78.2,Yes,0.0,None
19:00:30.273,Active,408.4,2.4,98.2,12.1,78.2,Yes,0.0,None
19:00:30.695,Active,412.0,2.4,97.7,12.1,77.7,Yes,0.0,None
19:00:31.112,Active,408.6,2.4,98.8,12.1,78.2,Yes,0.0,None
19:00:31.530,Active,408.9,2.4,97.6,12.1,79.3,Yes,0.0,None
19:00:31.948,Active,411.6,2.3,98.2,12.1,78.8,Yes,0.0,None
19:00:32.361,Active,405.7,2.3,98.8,12.1,78.8,Yes,0.0,None
19:00:32.781,Active,409.7,2.3,98.2,12.1,78.2,Yes,0.0,None
19:00:33.199,Active,409.6,2.3,98.2,12.1,78.8,Yes,0.0,None
19:00:33.643,Active,436.3,2.3,98.3,12.1,78.8,Yes,0.0,None
19:00:34.061,Active,409.7,2.3,98.8,12.1,78.2,Yes,0.0,None
19:00:34.476,Active,408.7,2.3,98.2,12.1,78.2,Yes,0.0,None
19:00:34.903,Active,415.9,2.3,96.5,12.1,79.3,Yes,0.0,None
19:00:35.320,Active,407.2,2.3,98.2,12.1,79.3,Yes,0.0,None
19:00:35.737,Active,408.3,2.3,97.6,12.1,79.3,Yes,0.0,None
19:00:36.155,Active,408.3,2.4,98.2,12.1,79.3,Yes,0.0,None
19:00:36.572,Active,406.5,2.4,97.6,12.1,79.3,Yes,0.0,None
19:00:36.996,Active,413.3,2.4,97.0,12.1,78.8,Yes,0.0,None
19:00:37.411,Active,408.0,2.4,98.8,12.1,79.3,Yes,0.0,None
19:00:37.828,Active,411.3,2.4,98.8,12.1,78.8,Yes,0.0,None
19:00:38.245,Active,410.6,2.4,98.8,12.1,77.7,Yes,0.0,None
19:00:38.657,Active,405.9,2.4,98.8,12.1,79.3,Yes,0.0,None
19:00:39.069,Active,405.4,2.4,99.4,12.1,78.8,Yes,0.0,None
19:00:39.487,Active,408.4,2.4,98.2,12.1,79.3,Yes,0.0,None
19:00:39.918,Active,422.7,2.4,96.5,12.1,79.8,Yes,0.0,None
19:00:40.352,Active,424.4,2.4,96.0,12.1,79.8,Yes,0.0,None
19:00:40.772,Active,412.7,2.4,99.4,12.1,78.8,Yes,0.0,None
19:00:41.186,Active,406.5,2.4,98.2,12.1,79.8,Yes,0.0,None
19:00:41.601,Active,409.0,2.4,98.2,12.1,78.8,Yes,0.0,None
19:00:42.025,Active,417.6,2.4,98.8,12.1,78.8,Yes,0.0,None
19:00:42.447,Active,415.7,2.4,98.8,12.1,79.3,Yes,0.0,None
19:00:42.871,Active,418.0,2.4,99.4,12.1,79.3,Yes,0.0,None
19:00:43.290,Active,413.0,2.4,100.0,12.1,79.8,Yes,0.0,None
19:00:43.711,Active,414.8,2.4,99.4,12.1,79.8,Yes,0.0,None
19:00:44.150,Active,433.7,2.4,100.0,12.1,79.8,Yes,0.0,None
19:00:44.572,Active,413.8,2.4,98.8,12.1,79.3,Yes,0.0,None
19:00:44.995,Active,415.8,2.4,98.8,12.1,78.8,Yes,0.0,None
19:00:45.418,Active,414.5,2.4,99.4,12.1,79.8,Yes,0.0,None
19:00:45.845,Active,417.6,2.4,98.2,12.1,79.3,Yes,0.0,None
19:00:46.266,Active,415.1,2.4,98.8,12.1,79.3,Yes,0.0,None
19:00:46.693,Active,417.9,2.4,98.8,12.1,79.3,Yes,0.0,None
19:00:47.111,Active,412.1,2.4,98.8,12.1,79.3,Yes,0.0,None
19:00:47.532,Active,413.0,2.4,99.4,12.1,80.4,Yes,0.0,None
19:00:47.956,Active,417.1,2.4,98.8,12.1,79.8,Yes,0.0,None
19:00:48.389,Active,425.6,2.4,97.1,12.1,80.4,Yes,0.0,None
19:01:33.821,Active,418.0,23.6,1.0,12.0,60.6,Yes,0.0,None
19:01:34.226,Active,400.1,23.6,100.0,12.0,62.8,Yes,0.0,None
19:01:34.634,Active,402.1,23.6,99.4,12.0,63.4,Yes,0.0,None
19:01:35.056,Active,413.7,23.6,99.4,12.1,64.5,Yes,0.0,None
19:01:35.470,Active,408.3,23.6,99.4,12.2,65.0,Yes,0.0,None
19:01:35.887,Active,408.3,23.6,98.2,12.2,66.7,Yes,0.0,None
19:01:36.302,Active,408.3,23.6,99.4,12.2,66.1,Yes,0.0,None
19:01:36.714,Active,405.7,23.6,99.4,12.2,68.3,Yes,0.0,None
19:01:37.131,Active,405.2,23.6,98.8,12.2,67.2,Yes,0.0,None
19:01:37.548,Active,407.3,23.6,97.6,12.2,68.3,Yes,0.0,None
19:01:37.967,Active,409.2,2.4,98.2,12.1,67.8,Yes,0.0,None
19:01:38.382,Active,407.2,2.4,98.2,12.1,70.0,Yes,0.0,None
19:01:38.800,Active,408.9,2.4,98.8,12.1,69.4,Yes,0.0,None
19:01:39.216,Active,408.7,2.4,98.2,12.1,70.0,Yes,0.0,None
19:01:39.633,Active,409.6,2.4,98.8,12.1,70.5,Yes,0.0,None
19:01:40.049,Active,408.7,2.4,98.2,12.1,70.5,Yes,0.0,None
19:01:40.465,Active,407.1,2.4,98.2,12.1,70.5,Yes,0.0,None
19:01:40.885,Active,410.3,2.4,98.2,12.1,71.6,Yes,0.0,None
19:01:41.297,Active,406.4,2.4,98.2,12.1,71.6,Yes,0.0,None
19:01:41.714,Active,410.1,2.4,98.8,12.1,71.6,Yes,0.0,None
19:01:42.127,Active,407.7,2.4,99.4,12.1,71.6,Yes,0.0,None
19:01:42.541,Active,405.6,2.4,98.2,12.1,72.7,Yes,0.0,None
19:01:42.957,Active,408.2,2.4,98.2,12.0,72.7,Yes,0.0,None
19:01:43.374,Active,406.8,2.4,97.0,12.0,73.2,Yes,0.0,None
19:01:43.793,Active,410.8,2.4,98.2,12.0,72.7,Yes,0.0,None
19:01:44.212,Active,410.6,2.4,97.6,12.0,72.2,Yes,0.0,None
19:01:44.626,Active,408.3,2.4,98.8,12.0,72.7,Yes,0.0,None
19:01:45.045,Active,410.8,2.4,97.6,12.0,73.2,Yes,0.0,None
19:01:45.468,Active,417.2,2.4,98.2,12.1,73.2,Yes,0.0,None
19:01:45.884,Active,408.9,2.4,98.8,12.2,73.8,Yes,0.0,None
19:01:46.297,Active,407.2,2.4,98.8,12.2,74.9,Yes,0.0,None
19:01:46.717,Active,409.8,2.4,98.2,12.1,74.3,Yes,0.0,None
19:01:47.131,Active,408.3,2.4,98.8,12.1,73.8,Yes,0.0,None
19:01:47.552,Active,413.4,2.4,97.0,12.1,74.3,Yes,0.0,None
19:01:47.968,Active,409.0,2.4,99.4,12.1,74.9,Yes,0.0,None
19:01:48.384,Active,408.6,2.4,98.8,12.1,74.3,Yes,0.0,None
19:01:48.813,Active,421.5,2.4,97.1,12.1,74.9,Yes,0.0,None
19:01:49.224,Active,404.1,2.4,98.8,12.1,75.5,Yes,0.0,None
19:01:49.647,Active,416.0,2.4,98.2,12.1,74.9,Yes,0.0,None
19:01:50.063,Active,410.4,2.4,99.4,12.1,74.9,Yes,0.0,None
19:01:50.479,Active,407.8,2.4,97.6,12.1,75.5,Yes,0.0,None
19:01:50.904,Active,416.7,2.4,97.6,12.1,75.5,Yes,0.0,None
19:01:51.319,Active,408.1,2.4,98.8,12.1,76.0,Yes,0.0,None
19:01:51.735,Active,407.4,2.4,98.2,12.1,75.5,Yes,0.0,None
19:01:52.154,Active,408.3,2.4,97.6,12.0,76.0,Yes,0.0,None
19:01:52.563,Active,402.7,2.4,99.4,12.0,76.0,Yes,0.0,None
19:01:52.980,Active,408.2,2.4,98.8,12.0,76.0,Yes,0.0,None
19:01:53.394,Active,408.2,2.4,99.4,12.0,76.0,Yes,0.0,None
19:01:53.811,Active,411.0,2.4,98.8,12.0,76.5,Yes,0.0,None
19:01:54.225,Active,406.1,2.4,98.2,12.0,75.5,Yes,0.0,None
19:01:54.641,Active,409.6,2.4,99.4,12.0,77.7,Yes,0.0,None
19:01:55.055,Active,408.9,2.4,98.2,12.0,76.5,Yes,0.0,None
19:01:55.468,Active,406.5,2.4,99.4,12.0,76.5,Yes,0.0,None
19:01:55.908,Active,432.5,2.4,97.1,12.3,76.5,Yes,0.0,None
19:01:56.333,Active,418.1,2.4,97.0,12.3,77.1,Yes,0.0,None
19:01:56.753,Active,410.8,2.4,98.2,12.3,77.1,Yes,0.0,None
19:01:57.166,Active,407.3,2.4,98.8,12.3,77.1,Yes,0.0,None
19:01:57.584,Active,411.4,2.4,97.6,12.2,77.1,Yes,0.0,None
19:01:58.003,Active,409.4,2.4,98.2,12.2,76.5,Yes,0.0,None
19:01:58.418,Active,406.6,2.4,98.8,12.2,77.1,Yes,0.0,None
19:01:58.837,Active,409.5,2.4,97.6,12.2,76.5,Yes,0.0,None
19:01:59.250,Active,407.3,2.4,98.8,12.2,77.1,Yes,0.0,None
19:01:59.666,Active,406.7,2.4,98.8,12.2,77.1,Yes,0.0,None
19:02:00.079,Active,404.0,2.4,98.2,12.2,77.1,Yes,0.0,None
19:02:00.490,Active,402.7,2.4,98.8,12.2,77.1,Yes,0.0,None
19:02:00.917,Active,418.4,2.4,97.0,12.2,77.7,Yes,0.0,None
19:02:01.327,Active,403.7,2.4,98.8,12.1,77.7,Yes,0.0,None
19:02:01.748,Active,410.0,2.4,98.2,12.1,77.1,Yes,0.0,None
19:02:02.168,Active,408.9,2.4,98.2,12.1,77.1,Yes,0.0,None
19:02:02.586,Active,408.1,2.4,97.6,12.1,77.7,Yes,0.0,None
19:02:03.008,Active,412.2,2.4,98.2,12.1,77.7,Yes,0.0,None
19:02:03.424,Active,408.7,2.4,98.2,12.1,77.7,Yes,0.0,None
19:02:03.849,Active,417.6,2.4,98.2,12.1,76.5,Yes,0.0,None
19:02:04.263,Active,408.1,2.4,98.8,12.1,77.7,Yes,0.0,None
19:02:04.680,Active,409.3,2.4,98.2,12.1,77.7,Yes,0.0,None
19:02:05.093,Active,406.3,2.4,99.4,12.1,78.2,Yes,0.0,None
19:02:05.506,Active,406.2,2.4,98.8,12.1,77.7,Yes,0.0,None
19:02:05.940,Active,424.9,2.4,97.7,12.3,77.7,Yes,0.0,None
19:02:06.365,Active,415.3,2.4,98.8,12.3,77.7,Yes,0.0,None
19:02:06.783,Active,410.4,2.4,97.6,12.3,77.7,Yes,0.0,None
19:02:07.201,Active,407.9,2.4,97.6,12.3,77.7,Yes,0.0,None
19:02:07.618,Active,407.1,2.4,98.2,12.3,77.7,Yes,0.0,None
19:02:08.036,Active,410.3,2.4,98.2,12.3,77.7,Yes,0.0,None
19:02:08.449,Active,406.5,2.4,98.8,12.3,79.3,Yes,0.0,None
19:02:08.865,Active,409.5,2.4,99.4,12.3,78.2,Yes,0.0,None
19:02:09.281,Active,409.7,2.4,98.8,12.2,78.2,Yes,0.0,None
19:02:09.696,Active,409.0,2.4,98.8,12.2,78.2,Yes,0.0,None
19:02:10.110,Active,407.1,2.4,98.8,12.2,78.2,Yes,0.0,None
19:02:10.532,Active,408.5,2.4,97.0,12.2,78.8,Yes,0.0,None
19:02:10.949,Active,409.7,2.4,98.2,12.2,78.2,Yes,0.0,None
19:02:11.363,Active,407.6,2.4,98.8,12.2,79.3,Yes,0.0,None
19:02:11.779,Active,410.7,2.4,98.8,12.2,78.8,Yes,0.0,None
19:02:12.196,Active,410.8,2.4,98.8,12.1,78.2,Yes,0.0,None
19:02:12.619,Active,415.9,2.4,96.5,12.1,78.8,Yes,0.0,None
19:02:13.040,Active,412.6,2.4,98.8,12.1,78.8,Yes,0.0,None
19:02:13.454,Active,407.2,2.4,98.2,12.1,78.8,Yes,0.0,None
19:02:13.874,Active,411.0,2.4,98.2,12.1,78.8,Yes,0.0,None
19:02:14.293,Active,409.7,2.4,97.6,12.2,78.2,Yes,0.0,None
19:02:14.708,Active,409.4,2.4,98.8,12.1,78.8,Yes,0.0,None
19:02:15.123,Active,408.0,2.4,98.8,12.1,78.8,Yes,0.0,None
19:02:15.536,Active,406.7,2.4,98.2,12.1,78.2,Yes,0.0,None
19:02:15.952,Active,410.1,2.4,99.4,12.1,78.8,Yes,0.0,None
19:02:16.388,Active,428.9,2.4,97.1,12.2,78.8,Yes,0.0,None
19:02:16.805,Active,410.0,2.4,98.8,12.2,78.2,Yes,0.0,None
19:02:17.218,Active,406.7,2.4,98.8,12.2,78.8,Yes,0.0,None
19:02:17.636,Active,408.8,2.4,98.2,12.1,79.3,Yes,0.0,None
19:02:18.052,Active,409.9,2.4,98.8,12.1,78.8,Yes,0.0,None
19:02:18.468,Active,408.7,2.4,98.2,12.1,78.2,Yes,0.0,None
19:02:18.881,Active,406.0,2.4,98.8,12.1,79.3,Yes,0.0,None
19:02:19.295,Active,405.1,2.4,98.8,12.1,78.8,Yes,0.0,None
19:02:19.707,Active,406.0,2.4,99.4,12.1,79.8,Yes,0.0,None
19:02:20.122,Active,407.7,2.4,99.4,12.1,79.3,Yes,0.0,None
19:02:20.538,Active,407.3,2.4,98.2,12.1,79.3,Yes,0.0,None
19:02:20.957,Active,409.5,2.4,98.2,12.1,78.2,Yes,0.0,None
19:02:21.371,Active,407.7,2.4,98.8,12.1,78.8,Yes,0.0,None
19:02:21.792,Active,414.9,2.4,98.8,12.1,78.8,Yes,0.0,None
19:02:22.216,Active,416.2,2.4,97.7,12.1,78.8,Yes,0.0,None
19:02:22.639,Active,415.8,2.4,99.4,12.1,78.2,Yes,0.0,None
19:02:23.068,Active,420.3,2.4,98.2,12.1,79.8,Yes,0.0,None
19:02:23.490,Active,415.0,2.4,98.2,12.1,79.3,Yes,0.0,None
19:02:23.919,Active,419.8,2.4,98.3,12.1,78.8,Yes,0.0,None
19:02:24.344,Active,416.5,2.4,98.8,12.0,79.3,Yes,0.0,None
19:02:24.766,Active,414.4,2.4,98.8,12.0,78.8,Yes,0.0,None
19:02:25.190,Active,414.7,2.4,97.7,12.0,78.8,Yes,0.0,None
19:02:25.612,Active,416.0,2.4,98.8,12.0,79.8,Yes,0.0,None
19:02:26.038,Active,419.0,2.4,98.8,12.0,79.3,Yes,0.0,None
19:02:26.481,Active,437.3,2.4,98.3,12.0,79.8,Yes,0.0,None
19:02:26.907,Active,419.6,2.4,98.8,12.1,79.8,Yes,0.0,None
19:02:27.331,Active,416.0,2.4,98.2,12.1,79.8,Yes,0.0,None
19:02:27.760,Active,420.7,2.4,98.8,12.1,79.3,Yes,0.0,None
19:02:28.184,Active,416.8,2.3,98.2,12.1,79.8,Yes,0.0,None
19:02:28.606,Active,414.6,2.3,98.8,12.1,79.3,Yes,0.0,None
19:02:29.030,Active,418.6,2.3,99.4,12.0,78.8,Yes,0.0,None
19:02:29.450,Active,413.9,2.3,99.4,12.0,79.3,Yes,0.0,None
19:02:29.871,Active,414.4,2.3,99.4,12.0,79.8,Yes,0.0,None
19:02:30.289,Active,412.4,2.3,99.4,12.0,79.8,Yes,0.0,None
19:02:30.716,Active,421.2,2.3,99.4,12.0,79.8,Yes,0.0,None
19:02:31.138,Active,415.6,2.3,98.2,12.0,80.4,Yes,0.0,None
19:02:31.562,Active,415.1,2.3,98.2,12.0,79.8,Yes,0.0,None
19:02:31.992,Active,420.5,2.3,98.2,12.0,79.3,Yes,0.0,None
19:02:32.416,Active,418.4,2.4,98.8,12.0,79.3,Yes,0.0,None
19:02:32.841,Active,419.5,2.4,98.2,12.0,79.3,Yes,0.0,None
19:02:33.267,Active,416.1,2.4,97.7,12.0,78.8,Yes,0.0,None
19:02:33.707,Active,429.5,2.4,98.3,12.0,79.8,Yes,0.0,None
19:03:19.151,Active,428.0,2.4,1.3,12.1,60.6,Yes,0.0,None
19:03:19.566,Active,406.6,2.4,98.2,12.2,62.2,Yes,0.0,None
19:03:19.983,Active,407.8,2.4,98.2,12.2,63.9,Yes,0.0,None
19:03:20.403,Active,407.7,2.4,97.6,12.2,63.9,Yes,0.0,None
19:03:20.821,Active,408.9,2.4,98.2,12.2,66.7,Yes,0.0,None
19:03:21.239,Active,408.3,2.4,98.2,12.1,67.2,Yes,0.0,None
19:03:21.650,Active,404.6,3.4,98.8,12.1,67.2,Yes,0.0,None
19:03:22.069,Active,408.1,3.4,98.2,12.1,67.2,Yes,0.0,None
19:03:22.485,Active,406.6,3.4,98.2,12.1,67.8,Yes,0.0,None
19:03:22.901,Active,408.8,3.4,98.2,12.1,68.8,Yes,0.0,None
19:03:23.319,Active,408.6,3.4,98.2,12.1,69.4,Yes,0.0,None
19:03:23.739,Active,410.9,3.4,98.2,12.1,69.4,Yes,0.0,None
19:03:24.156,Active,407.4,3.4,98.2,12.1,70.0,Yes,0.0,None
19:03:24.569,Active,406.3,3.4,98.8,12.1,70.5,Yes,0.0,None
19:03:24.987,Active,408.0,3.4,98.2,12.1,70.5,Yes,0.0,None
19:03:25.409,Active,411.2,3.4,98.2,12.1,70.0,Yes,0.0,None
19:03:25.824,Active,407.8,2.4,97.6,12.1,71.6,Yes,0.0,None
19:03:26.337,Active,406.3,2.4,80.0,12.1,71.6,Yes,0.0,None
19:03:26.755,Active,408.3,2.4,98.2,12.1,71.6,Yes,0.0,None
19:03:27.172,Active,407.8,2.4,98.2,12.0,71.6,Yes,0.0,None
19:03:27.589,Active,406.8,2.4,98.2,12.0,71.6,Yes,0.0,None
19:03:28.026,Active,428.2,2.4,98.3,12.1,73.2,Yes,0.0,None
19:03:28.444,Active,408.6,2.4,98.2,12.1,72.2,Yes,0.0,None
19:03:28.865,Active,410.7,2.4,98.2,12.1,73.8,Yes,0.0,None
19:03:29.279,Active,405.2,2.4,98.2,12.1,73.2,Yes,0.0,None
19:03:29.695,Active,408.3,2.4,98.2,12.1,73.2,Yes,0.0,None
19:03:30.111,Active,409.8,2.3,99.4,12.1,73.8,Yes,0.0,None
19:03:30.529,Active,410.3,2.3,98.2,12.1,73.8,Yes,0.0,None
19:03:30.949,Active,411.4,2.3,97.6,12.1,74.3,Yes,0.0,None
19:03:31.363,Active,407.8,2.3,98.8,12.1,73.8,Yes,0.0,None
19:03:31.779,Active,408.3,2.3,98.8,12.1,74.3,Yes,0.0,None
19:03:32.192,Active,406.3,2.3,98.8,12.1,74.3,Yes,0.0,None
19:03:32.606,Active,407.1,2.3,98.8,12.1,74.3,Yes,0.0,None
19:03:33.024,Active,409.0,2.3,98.8,12.1,74.3,Yes,0.0,None
19:03:33.445,Active,413.8,2.3,98.2,12.1,74.9,Yes,0.0,None
19:03:33.867,Active,416.3,2.3,97.6,12.0,74.9,Yes,0.0,None
19:03:34.283,Active,408.1,2.4,98.2,12.0,74.9,Yes,0.0,None
19:03:34.702,Active,410.5,2.4,98.2,12.0,75.5,Yes,0.0,None
19:03:35.115,Active,406.6,2.4,99.4,12.0,75.5,Yes,0.0,None
19:03:35.528,Active,407.2,2.4,99.4,12.0,75.5,Yes,0.0,None
19:03:35.944,Active,408.8,2.4,98.2,12.0,74.9,Yes,0.0,None
19:03:36.380,Active,429.3,2.4,95.3,12.0,75.5,Yes,0.0,None
19:03:36.800,Active,412.9,2.4,98.2,12.0,74.9,Yes,0.0,None
19:03:37.216,Active,409.4,2.4,98.2,12.0,75.5,Yes,0.0,None
19:03:37.631,Active,408.0,2.4,98.8,12.0,75.5,Yes,0.0,None
19:03:38.056,Active,417.3,2.4,98.2,12.0,75.5,Yes,0.0,None
19:03:38.472,Active,408.9,2.4,98.8,12.1,75.5,Yes,0.0,None
19:03:38.888,Active,410.2,2.4,99.4,12.1,75.5,Yes,0.0,None
19:03:39.303,Active,407.4,2.4,98.8,12.1,76.5,Yes,0.0,None
19:03:39.719,Active,408.2,2.4,98.2,12.1,76.0,Yes,0.0,None
19:03:40.142,Active,408.3,2.4,97.0,12.1,76.5,Yes,0.0,None
19:03:40.557,Active,408.2,2.4,98.2,12.1,77.1,Yes,0.0,None
19:03:40.978,Active,412.5,2.4,98.2,12.1,76.0,Yes,0.0,None
19:03:41.396,Active,409.6,2.4,98.2,12.1,76.5,Yes,0.0,None
19:03:41.812,Active,408.6,2.4,98.2,12.0,76.5,Yes,0.0,None
19:03:42.224,Active,405.1,2.4,98.8,12.0,76.5,Yes,0.0,None
19:03:42.638,Active,407.1,2.4,98.8,12.0,76.5,Yes,0.0,None
19:03:43.051,Active,405.3,2.4,99.4,12.0,77.1,Yes,0.0,None
19:03:43.465,Active,405.5,2.4,98.8,12.0,77.1,Yes,0.0,None
19:03:43.879,Active,408.2,2.4,99.4,12.0,77.1,Yes,0.0,None
19:03:44.293,Active,408.5,2.4,99.4,12.0,77.7,Yes,0.0,None
19:03:44.711,Active,411.7,2.4,98.8,12.0,76.5,Yes,0.0,None
19:03:45.126,Active,409.8,2.4,98.2,12.0,77.1,Yes,0.0,None
19:03:45.543,Active,407.7,2.4,98.8,12.0,77.7,Yes,0.0,None
19:03:45.960,Active,408.9,2.4,98.2,12.0,77.7,Yes,0.0,None
19:03:46.375,Active,408.3,2.4,98.8,12.0,77.7,Yes,0.0,None
19:03:46.791,Active,409.9,2.4,98.8,12.0,77.7,Yes,0.0,None
19:03:47.203,Active,405.8,2.4,99.4,12.0,77.7,Yes,0.0,None
19:03:47.619,Active,409.1,2.4,99.4,12.0,77.1,Yes,0.0,None
19:03:48.057,Active,429.6,2.4,94.3,12.0,77.1,Yes,0.0,None
19:03:48.487,Active,423.4,2.4,99.4,12.1,77.1,Yes,0.0,None
19:03:48.903,Active,410.7,2.4,99.4,12.1,77.7,Yes,0.0,None
19:03:49.322,Active,413.3,2.4,98.8,12.1,77.1,Yes,0.0,None
19:03:49.738,Active,407.3,2.4,98.8,12.1,77.7,Yes,0.0,None
19:03:50.152,Active,404.9,2.4,98.8,12.1,77.7,Yes,0.0,None
19:03:50.571,Active,408.5,2.4,98.2,12.1,77.7,Yes,0.0,None
19:03:50.984,Active,406.9,2.4,98.8,12.1,78.8,Yes,0.0,None
19:03:51.401,Active,408.9,2.4,99.4,12.1,78.2,Yes,0.0,None
19:03:51.815,Active,408.1,2.4,98.8,12.1,76.5,Yes,0.0,None
19:03:52.228,Active,406.4,2.4,98.8,12.1,77.7,Yes,0.0,None
19:03:52.644,Active,406.6,2.4,98.2,12.1,78.2,Yes,0.0,None
19:03:53.059,Active,407.8,2.4,99.4,12.1,78.2,Yes,0.0,None
19:03:53.471,Active,405.2,2.4,98.8,12.1,78.2,Yes,0.0,None
19:03:53.887,Active,409.7,2.4,98.8,12.1,78.2,Yes,0.0,None
19:03:54.305,Active,409.7,2.4,98.2,12.0,77.7,Yes,0.0,None
19:03:54.720,Active,408.0,2.4,98.2,12.0,78.2,Yes,0.0,None
19:03:55.138,Active,408.6,2.4,98.2,12.0,78.2,Yes,0.0,None
19:03:55.550,Active,406.4,2.4,99.4,12.0,78.2,Yes,0.0,None
19:03:55.967,Active,409.3,2.4,98.8,12.0,77.7,Yes,0.0,None
19:03:56.384,Active,410.6,2.4,97.6,12.0,78.2,Yes,0.0,None
19:03:56.800,Active,408.5,2.4,98.8,12.0,78.8,Yes,0.0,None
19:03:57.211,Active,405.3,2.4,98.8,12.0,78.8,Yes,0.0,None
19:03:57.627,Active,410.1,2.4,99.4,12.0,77.7,Yes,0.0,None
19:03:58.048,Active,414.7,2.4,97.6,12.0,78.2,Yes,0.0,None
19:03:58.465,Active,409.6,2.4,98.8,12.0,78.2,Yes,0.0,None
19:03:58.895,Active,424.1,2.4,98.8,12.1,78.2,Yes,0.0,None
19:03:59.310,Active,407.4,2.4,98.2,12.1,79.3,Yes,0.0,None
19:03:59.728,Active,408.9,2.4,98.8,12.1,78.8,Yes,0.0,None
19:04:00.143,Active,408.2,2.4,98.8,12.1,78.8,Yes,0.0,None
19:04:00.559,Active,407.8,2.4,98.8,12.1,78.8,Yes,0.0,None
19:04:00.978,Active,410.6,2.4,98.2,12.1,78.8,Yes,0.0,None
19:04:01.389,Active,405.5,2.4,99.4,12.1,79.8,Yes,0.0,None
19:04:01.806,Active,411.1,2.4,98.8,12.1,78.8,Yes,0.0,None
19:04:02.225,Active,409.6,2.4,98.2,12.1,78.8,Yes,0.0,None
19:04:02.639,Active,407.6,2.4,98.2,12.1,78.8,Yes,0.0,None
19:04:03.057,Active,409.0,2.4,98.2,12.1,79.3,Yes,0.0,None
19:04:03.475,Active,407.9,2.4,97.6,12.1,78.8,Yes,0.0,None
19:04:03.893,Active,409.8,2.4,98.8,12.1,79.3,Yes,0.0,None
19:04:04.307,Active,407.9,2.4,98.2,12.1,78.8,Yes,0.0,None
19:04:04.724,Active,408.5,2.4,98.2,12.0,78.2,Yes,0.0,None
19:04:05.141,Active,411.2,2.4,98.8,12.0,79.3,Yes,0.0,None
19:04:05.557,Active,409.2,2.4,98.8,12.0,79.3,Yes,0.0,None
19:04:05.974,Active,410.8,2.4,98.2,12.0,78.8,Yes,0.0,None
19:04:06.400,Active,416.9,2.4,98.2,12.0,78.2,Yes,0.0,None
19:04:06.819,Active,409.9,2.4,98.2,12.0,79.3,Yes,0.0,None
19:04:07.339,Active,408.4,2.4,78.8,12.0,78.8,Yes,0.0,None
19:04:07.760,Active,412.7,2.3,98.2,12.0,79.3,Yes,0.0,None
19:04:08.180,Active,412.7,2.3,97.6,12.0,78.8,Yes,0.0,None
19:04:08.605,Active,415.7,2.3,98.2,12.0,78.8,Yes,0.0,None
19:04:09.049,Active,435.1,2.3,98.9,12.1,78.8,Yes,0.0,None
19:04:09.464,Active,407.3,2.3,98.2,12.1,78.8,Yes,0.0,None
19:04:09.879,Active,408.6,2.3,98.8,12.1,79.8,Yes,0.0,None
19:04:10.300,Active,413.3,2.3,98.2,12.1,78.8,Yes,0.0,None
19:04:10.723,Active,416.2,2.3,98.8,12.1,79.3,Yes,0.0,None
19:04:11.147,Active,417.7,2.3,98.8,12.1,79.8,Yes,0.0,None
19:04:11.568,Active,414.9,2.3,99.4,12.1,79.3,Yes,0.0,None
19:04:11.995,Active,417.2,2.4,97.7,12.1,78.8,Yes,0.0,None
19:04:12.418,Active,414.5,2.4,98.8,12.1,79.3,Yes,0.0,None
19:04:12.839,Active,414.5,2.4,98.8,12.0,79.3,Yes,0.0,None
19:04:13.261,Active,415.1,2.4,99.4,12.0,79.8,Yes,0.0,None
19:04:13.686,Active,419.2,2.4,98.8,12.0,79.3,Yes,0.0,None
19:04:14.116,Active,421.2,2.4,97.7,12.0,77.7,Yes,0.0,None
19:04:14.538,Active,415.4,2.4,98.8,12.0,78.8,Yes,0.0,None
19:04:14.965,Active,420.9,2.4,98.8,12.0,79.8,Yes,0.0,None
19:04:15.389,Active,417.7,2.4,98.2,12.0,79.3,Yes,0.0,None
19:04:15.812,Active,416.8,2.4,99.4,12.0,79.8,Yes,0.0,None
19:04:16.234,Active,414.6,2.4,98.8,12.0,79.8,Yes,0.0,None
19:04:16.659,Active,415.2,2.4,98.2,12.0,78.8,Yes,0.0,None
19:04:17.081,Active,415.8,2.4,99.4,12.0,79.8,Yes,0.0,None
19:04:17.504,Active,415.3,2.4,98.2,12.0,81.0,Yes,0.0,None
19:04:17.930,Active,416.9,2.4,97.7,12.0,79.3,Yes,0.0,None
19:04:18.356,Active,416.2,2.4,98.2,12.0,78.8,Yes,0.0,None
19:04:18.783,Active,418.6,2.4,97.7,12.0,79.8,Yes,0.0,None
19:05:04.229,Active,430.6,2.4,1.0,12.0,60.0,Yes,0.0,None
19:05:04.643,Active,408.3,2.4,99.4,12.0,61.7,Yes,0.0,None
19:05:05.058,Active,407.2,2.4,98.2,12.0,63.9,Yes,0.0,None
19:05:05.470,Active,404.0,6.0,99.4,12.0,63.9,Yes,0.0,None
19:05:05.887,Active,411.3,6.0,99.4,12.0,65.0,Yes,0.0,None
19:05:06.299,Active,406.4,6.0,98.2,12.0,65.5,Yes,0.0,None
19:05:06.717,Active,410.0,6.0,98.8,12.0,66.7,Yes,0.0,None
19:05:07.132,Active,408.7,6.0,98.8,12.0,67.8,Yes,0.0,None
19:05:07.547,Active,408.0,6.0,98.8,12.0,67.8,Yes,0.0,None
19:05:07.967,Active,410.4,6.0,98.2,12.0,68.8,Yes,0.0,None
19:05:08.384,Active,409.0,6.0,98.2,12.0,68.8,Yes,0.0,None
19:05:08.810,Active,418.8,6.0,97.0,12.0,69.4,Yes,0.0,None
19:05:09.225,Active,409.3,6.0,98.8,12.0,69.4,Yes,0.0,None
19:05:09.652,Active,417.0,2.4,96.5,12.0,69.4,Yes,0.0,None
19:05:10.068,Active,408.5,2.4,98.8,12.0,70.0,Yes,0.0,None
19:05:10.495,Active,420.2,2.4,98.8,12.1,70.0,Yes,0.0,None
19:05:10.909,Active,408.2,2.4,99.4,12.2,70.5,Yes,0.0,None
19:05:11.336,Active,420.8,2.4,98.2,12.2,71.6,Yes,0.0,None
19:05:11.756,Active,413.1,2.4,98.8,12.2,72.2,Yes,0.0,None
19:05:12.170,Active,406.8,2.4,98.2,12.2,72.2,Yes,0.0,None
19:05:12.588,Active,408.6,2.4,98.2,12.2,72.2,Yes,0.0,None
19:05:13.002,Active,407.4,2.4,98.2,12.1,72.2,Yes,0.0,None
19:05:13.417,Active,406.2,2.4,98.2,12.1,72.2,Yes,0.0,None
19:05:13.833,Active,408.7,2.4,98.8,12.1,72.7,Yes,0.0,None
19:05:14.246,Active,407.4,2.4,98.8,12.1,71.6,Yes,0.0,None
19:05:14.667,Active,414.0,2.4,98.2,12.1,72.7,Yes,0.0,None
19:05:15.079,Active,406.5,2.4,98.8,12.1,74.3,Yes,0.0,None
19:05:15.496,Active,410.2,2.4,98.8,12.1,73.2,Yes,0.0,None
19:05:15.913,Active,409.7,2.4,98.2,12.1,74.3,Yes,0.0,None
19:05:16.327,Active,407.8,2.4,98.8,12.1,73.8,Yes,0.0,None
19:05:16.744,Active,409.4,2.4,98.2,12.1,74.3,Yes,0.0,None
19:05:17.158,Active,407.5,2.4,99.4,12.1,73.8,Yes,0.0,None
19:05:17.574,Active,409.6,2.4,98.8,12.1,73.8,Yes,0.0,None
19:05:17.992,Active,408.6,2.4,98.2,12.0,74.9,Yes,0.0,None
19:05:18.415,Active,416.2,2.4,97.1,12.0,74.9,Yes,0.0,None
19:05:18.831,Active,410.0,2.4,98.8,12.0,75.5,Yes,0.0,None
19:05:19.249,Active,409.2,2.4,98.2,12.0,74.3,Yes,0.0,None
19:05:19.672,Active,416.3,2.4,97.6,12.2,76.5,Yes,0.0,None
19:05:20.089,Active,407.3,2.4,97.6,12.2,74.9,Yes,0.0,None
19:05:20.508,Active,408.3,2.4,97.6,12.2,76.0,Yes,0.0,None
19:05:20.941,Active,425.8,2.4,99.4,12.2,74.9,Yes,0.0,None
19:05:21.364,Active,416.9,2.4,97.6,12.2,74.3,Yes,0.0,None
19:05:21.792,Active,421.7,2.4,96.5,12.2,75.5,Yes,0.0,None
19:05:22.206,Active,407.0,2.4,98.8,12.2,75.5,Yes,0.0,None
19:05:22.623,Active,407.9,2.4,97.6,12.2,75.5,Yes,0.0,None
19:05:23.042,Active,411.1,2.4,98.8,12.1,76.5,Yes,0.0,None
19:05:23.456,Active,404.5,2.4,98.2,12.1,76.5,Yes,0.0,None
19:05:23.871,Active,408.8,2.4,99.4,12.1,75.5,Yes,0.0,None
19:05:24.283,Active,406.1,2.4,100.0,12.1,76.0,Yes,0.0,None
19:05:24.695,Active,406.5,2.4,99.4,12.1,76.0,Yes,0.0,None
19:05:25.112,Active,408.7,2.4,98.8,12.1,75.5,Yes,0.0,None
19:05:25.527,Active,408.0,2.4,98.2,12.1,76.0,Yes,0.0,None
19:05:25.944,Active,409.3,2.4,98.8,12.1,75.5,Yes,0.0,None
19:05:26.361,Active,410.6,2.4,98.2,12.1,75.5,Yes,0.0,None
19:05:26.781,Active,411.0,2.4,98.2,12.1,76.5,Yes,0.0,None
19:05:27.195,Active,408.3,2.4,98.2,12.1,76.0,Yes,0.0,None
19:05:27.611,Active,407.7,2.4,98.8,12.1,76.0,Yes,0.0,None
19:05:28.024,Active,407.0,2.4,99.4,12.1,76.0,Yes,0.0,None
19:05:28.436,Active,404.6,2.4,99.4,12.1,76.5,Yes,0.0,None
19:05:28.852,Active,410.4,2.4,98.8,12.1,76.5,Yes,0.0,None
19:05:29.269,Active,410.0,2.4,98.8,12.1,76.5,Yes,0.0,None
19:05:29.684,Active,408.6,2.4,98.8,12.0,76.0,Yes,0.0,None
19:05:30.099,Active,408.0,2.4,98.8,12.0,77.1,Yes,0.0,None
19:05:30.533,Active,427.7,2.4,99.4,12.0,77.7,Yes,0.0,None
19:05:30.968,Active,429.5,2.4,99.4,12.2,76.5,Yes,0.0,None
19:05:31.404,Active,430.1,2.4,95.4,12.2,76.5,Yes,0.0,None
19:05:32.026,Active,616.1,2.4,94.7,12.6,75.5,Yes,0.0,None
19:05:32.807,Active,774.6,2.4,96.4,12.7,76.5,Yes,0.0,None
19:05:33.227,Active,414.0,2.4,98.8,12.7,76.5,Yes,0.0,None
19:05:33.656,Active,419.5,2.4,98.2,12.7,78.2,Yes,0.0,None
19:05:34.098,Active,433.8,2.4,98.3,12.7,77.1,Yes,0.0,None
19:05:34.643,Active,535.3,2.4,96.8,12.7,76.0,Yes,0.0,None
19:05:35.584,Active,935.4,2.4,97.0,13.8,75.5,Yes,0.0,None
19:05:36.548,Active,957.0,1.7,97.1,14.3,74.9,Yes,0.0,None
19:05:37.507,Active,953.5,1.7,96.5,14.3,74.9,Yes,0.0,None
19:05:38.217,Active,697.3,1.7,97.5,14.2,76.0,Yes,0.0,None
19:05:38.632,Active,408.6,1.7,98.8,14.2,76.5,Yes,0.0,None
19:05:39.050,Active,408.8,1.7,98.2,14.2,76.5,Yes,0.0,None
19:05:39.465,Active,407.0,1.7,98.8,14.2,76.5,Yes,0.0,None
19:05:39.884,Active,409.0,1.7,97.6,14.1,76.5,Yes,0.0,None
19:05:40.299,Active,406.0,1.7,98.2,14.1,76.5,Yes,0.0,None
19:05:40.724,Active,417.7,1.7,98.8,14.0,76.5,Yes,0.0,None
19:05:41.149,Active,417.7,1.7,98.2,14.0,77.1,Yes,0.0,None
19:05:41.564,Active,406.4,2.0,98.2,13.9,77.7,Yes,0.0,None
19:05:41.982,Active,408.6,2.0,98.2,13.8,76.5,Yes,0.0,None
19:05:42.399,Active,407.4,2.0,98.2,13.8,76.5,Yes,0.0,None
19:05:42.816,Active,410.3,2.0,98.2,13.8,77.1,Yes,0.0,None
19:05:43.237,Active,410.9,2.0,98.2,13.7,76.5,Yes,0.0,None
19:05:43.650,Active,407.0,2.0,98.2,13.7,77.7,Yes,0.0,None
19:05:44.069,Active,411.5,2.0,98.2,13.7,78.2,Yes,0.0,None
19:05:44.485,Active,406.0,2.0,98.2,13.6,78.2,Yes,0.0,None
19:05:44.903,Active,412.0,2.0,98.8,13.5,78.2,Yes,0.0,None
19:05:45.340,Active,428.7,2.0,94.8,13.4,77.7,Yes,0.0,None
19:05:45.768,Active,421.1,2.4,97.6,13.3,77.1,Yes,0.0,None
19:05:46.186,Active,407.6,2.4,97.6,13.3,78.2,Yes,0.0,None
19:05:46.603,Active,408.3,2.4,98.2,13.2,78.2,Yes,0.0,None
19:05:47.026,Active,416.3,2.4,98.2,13.2,78.2,Yes,0.0,None
19:05:47.442,Active,407.0,2.4,98.2,13.2,77.1,Yes,0.0,None
19:05:47.859,Active,410.8,2.4,98.8,13.1,77.1,Yes,0.0,None
19:05:48.275,Active,410.0,2.4,98.8,13.1,78.2,Yes,0.0,None
19:05:48.689,Active,407.5,2.4,99.4,13.1,78.2,Yes,0.0,None
19:05:49.105,Active,409.6,2.4,98.8,13.1,77.7,Yes,0.0,None
19:05:49.520,Active,409.2,2.4,98.8,13.0,77.7,Yes,0.0,None
19:05:49.934,Active,408.4,2.4,98.8,13.0,78.8,Yes,0.0,None
19:05:50.348,Active,407.7,2.4,98.8,13.0,78.2,Yes,0.0,None
19:05:50.762,Active,407.9,2.4,98.8,13.0,78.8,Yes,0.0,None
19:05:51.183,Active,412.0,2.4,97.6,13.0,78.8,Yes,0.0,None
19:05:51.607,Active,417.7,2.4,98.8,13.0,78.2,Yes,0.0,None
19:05:52.024,Active,409.0,2.4,98.2,13.0,78.2,Yes,0.0,None
19:05:52.445,Active,409.5,2.4,97.6,13.0,78.8,Yes,0.0,None
19:05:52.857,Active,405.9,2.4,98.8,12.9,78.8,Yes,0.0,None
19:05:53.271,Active,408.0,2.4,99.4,13.0,78.8,Yes,0.0,None
19:05:53.690,Active,411.1,2.4,98.8,12.9,78.8,Yes,0.0,None
19:05:54.103,Active,406.5,2.4,98.2,12.9,78.8,Yes,0.0,None
19:05:54.527,Active,414.2,2.4,97.6,12.8,78.8,Yes,0.0,None
19:05:54.943,Active,410.6,2.4,99.4,12.8,79.3,Yes,0.0,None
19:05:55.356,Active,406.2,2.4,98.2,12.8,79.8,Yes,0.0,None
19:05:55.774,Active,408.7,2.4,98.2,12.8,79.3,Yes,0.0,None
19:05:56.187,Active,405.6,2.4,98.8,12.8,79.3,Yes,0.0,None
19:05:56.600,Active,406.2,2.4,99.4,12.8,79.3,Yes,0.0,None
19:05:57.017,Active,408.1,2.4,98.2,12.8,78.8,Yes,0.0,None
19:05:57.437,Active,409.5,2.4,98.2,12.8,78.8,Yes,0.0,None
19:05:57.851,Active,408.1,2.4,98.8,12.8,78.8,Yes,0.0,None
19:05:58.263,Active,403.8,2.4,98.8,12.8,79.3,Yes,0.0,None
19:05:58.681,Active,409.5,2.4,98.2,12.7,79.8,Yes,0.0,None
19:05:59.095,Active,407.5,2.4,98.8,12.7,79.3,Yes,0.0,None
19:05:59.512,Active,407.7,2.4,98.2,12.7,78.8,Yes,0.0,None
19:05:59.928,Active,410.2,2.4,98.8,12.7,79.8,Yes,0.0,None
19:06:00.341,Active,407.3,2.4,98.2,12.7,79.3,Yes,0.0,None
19:06:00.767,Active,418.7,2.4,98.8,12.7,79.8,Yes,0.0,None
19:06:01.190,Active,414.5,2.4,97.6,12.7,79.3,Yes,0.0,None
19:06:01.629,Active,432.8,2.4,98.8,12.7,79.3,Yes,0.0,None
19:06:02.049,Active,413.5,2.4,98.8,12.7,77.7,Yes,0.0,None
19:06:02.469,Active,413.6,2.4,98.8,12.7,79.3,Yes,0.0,None
19:06:02.892,Active,416.7,2.4,98.8,12.7,79.3,Yes,0.0,None
19:06:03.313,Active,413.8,2.4,98.8,12.7,79.8,Yes,0.0,None
19:06:03.739,Active,417.2,2.4,98.2,12.6,79.3,Yes,0.0,None
19:06:04.164,Active,416.8,2.4,97.6,12.7,79.3,Yes,0.0,None
19:06:49.604,Active,425.7,2.4,1.3,12.4,61.1,Yes,0.0,None
19:06:50.017,Active,405.5,2.4,100.0,12.4,62.2,Yes,0.0,None
19:06:50.431,Active,408.2,2.4,98.8,12.4,63.4,Yes,0.0,None
19:06:50.848,Active,408.9,2.4,98.2,12.4,63.9,Yes,0.0,None
19:06:51.262,Active,406.8,2.4,99.4,12.4,65.0,Yes,0.0,None
19:06:51.681,Active,409.7,4.0,98.2,12.4,66.1,Yes,0.0,None
19:06:52.097,Active,410.0,4.0,97.6,12.4,66.7,Yes,0.0,None
19:06:52.510,Active,406.5,4.0,99.4,12.4,67.8,Yes,0.0,None
19:06:52.937,Active,421.5,4.0,98.8,12.5,67.8,Yes,0.0,None
19:06:53.350,Active,407.0,4.0,99.4,12.4,68.3,Yes,0.0,None
19:06:53.769,Active,409.5,4.0,98.2,12.4,68.8,Yes,0.0,None
19:06:54.182,Active,407.4,4.0,98.8,12.4,70.5,Yes,0.0,None
19:06:54.599,Active,410.8,4.0,98.2,12.4,70.0,Yes,0.0,None
19:06:55.016,Active,408.9,4.0,98.8,12.4,70.5,Yes,0.0,None
19:06:55.430,Active,407.8,4.0,98.8,12.4,70.5,Yes,0.0,None
19:06:55.845,Active,408.7,2.4,98.8,12.4,70.0,Yes,0.0,None
19:06:56.258,Active,407.3,2.4,99.4,12.4,71.6,Yes,0.0,None
19:06:56.677,Active,410.2,2.4,97.6,12.4,71.6,Yes,0.0,None
19:06:57.097,Active,409.9,2.4,98.2,12.4,71.6,Yes,0.0,None
19:06:57.510,Active,406.8,2.4,98.8,12.4,72.2,Yes,0.0,None
19:06:57.936,Active,416.8,2.4,97.0,12.4,72.2,Yes,0.0,None
19:06:58.351,Active,409.1,2.4,98.8,12.4,72.7,Yes,0.0,None
19:06:58.763,Active,406.2,2.4,99.4,12.4,72.7,Yes,0.0,None
19:06:59.181,Active,405.7,2.4,97.6,12.4,72.7,Yes,0.0,None
19:06:59.596,Active,408.1,2.4,98.2,12.4,72.7,Yes,0.0,None
19:07:00.014,Active,408.7,2.4,98.2,12.4,73.2,Yes,0.0,None
19:07:00.430,Active,406.4,2.4,98.8,12.4,72.7,Yes,0.0,None
19:07:00.851,Active,410.5,2.4,97.6,12.4,73.2,Yes,0.0,None
19:07:01.268,Active,408.0,2.4,98.2,12.4,73.8,Yes,0.0,None
19:07:01.687,Active,412.0,2.4,98.8,12.4,73.2,Yes,0.0,None
19:07:02.099,Active,406.2,2.4,98.8,12.3,74.3,Yes,0.0,None
19:07:02.516,Active,410.6,2.4,98.8,12.4,73.8,Yes,0.0,None
19:07:02.931,Active,408.5,2.4,98.2,12.4,74.3,Yes,0.0,None
19:07:03.364,Active,424.3,2.4,98.8,12.4,75.5,Yes,0.0,None
19:07:03.780,Active,408.8,2.4,98.8,12.4,73.8,Yes,0.0,None
19:07:04.211,Active,425.3,2.4,95.9,12.4,74.3,Yes,0.0,None
19:07:04.625,Active,406.3,2.4,98.8,12.4,74.9,Yes,0.0,None
19:07:05.039,Active,407.0,2.4,99.4,12.4,74.9,Yes,0.0,None
19:07:05.450,Active,405.7,2.4,99.4,12.4,74.9,Yes,0.0,None
19:07:05.866,Active,410.1,2.4,99.4,12.4,74.3,Yes,0.0,None
19:07:06.279,Active,406.9,2.4,99.4,12.4,75.5,Yes,0.0,None
19:07:06.709,Active,421.6,2.4,96.5,12.4,75.5,Yes,0.0,None
19:07:07.122,Active,407.1,2.4,98.8,12.4,76.5,Yes,0.0,None
19:07:07.542,Active,407.3,2.4,97.6,12.4,76.0,Yes,0.0,None
19:07:07.957,Active,408.6,2.4,99.4,12.4,75.5,Yes,0.0,None
19:07:08.374,Active,406.6,2.4,98.2,12.4,77.1,Yes,0.0,None
19:07:08.789,Active,409.3,2.4,98.8,12.4,76.0,Yes,0.0,None
19:07:09.205,Active,409.6,2.4,98.8,12.4,75.5,Yes,0.0,None
19:07:09.619,Active,408.6,2.4,98.2,12.4,75.5,Yes,0.0,None
19:07:10.042,Active,414.9,2.4,97.6,12.4,76.0,Yes,0.0,None
19:07:10.458,Active,407.1,2.4,98.8,12.4,76.0,Yes,0.0,None
19:07:10.875,Active,408.3,2.4,97.6,12.4,76.0,Yes,0.0,None
19:07:11.292,Active,409.4,2.4,98.2,12.4,77.1,Yes,0.0,None
19:07:11.708,Active,409.0,2.4,98.8,12.4,76.0,Yes,0.0,None
19:07:12.123,Active,408.4,2.4,99.4,12.4,76.0,Yes,0.0,None
19:07:12.537,Active,407.6,2.4,98.2,12.4,76.5,Yes,0.0,None
19:07:12.952,Active,408.8,2.4,98.8,12.4,77.1,Yes,0.0,None
19:07:13.375,Active,414.4,2.4,98.2,12.4,76.5,Yes,0.0,None
19:07:13.797,Active,411.5,2.4,98.2,12.4,77.1,Yes,0.0,None
19:07:14.211,Active,407.5,2.4,98.2,12.4,77.1,Yes,0.0,None
19:07:14.626,Active,407.0,2.4,98.8,12.4,77.1,Yes,0.0,None
19:07:15.042,Active,407.2,2.4,98.2,12.5,76.5,Yes,0.0,None
19:07:15.456,Active,404.5,2.4,98.2,12.5,77.1,Yes,0.0,None
19:07:15.870,Active,407.2,2.4,98.2,12.5,77.1,Yes,0.0,None
19:07:16.287,Active,408.2,2.4,98.8,12.5,77.1,Yes,0.0,None
19:07:16.704,Active,410.6,2.4,98.8,12.5,77.1,Yes,0.0,None
19:07:17.119,Active,408.5,2.4,98.2,12.5,77.7,Yes,0.0,None
19:07:17.533,Active,405.7,2.4,98.8,12.5,77.1,Yes,0.0,None
19:07:17.947,Active,407.9,2.4,98.8,12.5,76.5,Yes,0.0,None
19:07:18.363,Active,410.0,2.4,99.4,12.5,78.2,Yes,0.0,None
19:07:18.788,Active,416.6,2.4,97.0,12.5,77.7,Yes,0.0,None
19:07:19.200,Active,406.1,2.4,99.4,12.5,77.1,Yes,0.0,None
19:07:19.618,Active,411.5,2.4,98.2,12.4,77.1,Yes,0.0,None
19:07:20.042,Active,414.5,2.4,97.6,12.5,77.1,Yes,0.0,None
19:07:20.457,Active,407.7,2.4,98.8,12.5,77.1,Yes,0.0,None
19:07:20.872,Active,406.6,2.4,98.2,12.4,76.5,Yes,0.0,None
19:07:21.291,Active,412.4,2.4,97.6,12.4,77.1,Yes,0.0,None
19:07:21.709,Active,409.9,2.4,98.8,12.4,77.7,Yes,0.0,None
19:07:22.125,Active,409.1,2.4,98.2,12.4,77.7,Yes,0.0,None
19:07:22.537,Active,406.6,2.4,98.2,12.4,77.7,Yes,0.0,None
19:07:22.957,Active,409.6,2.4,98.2,12.4,77.7,Yes,0.0,None
19:07:23.371,Active,408.5,2.4,98.8,12.4,77.7,Yes,0.0,None
19:07:23.836,Active,456.7,2.4,94.1,12.5,77.1,Yes,0.0,None
19:07:24.250,Active,407.2,2.4,98.8,12.5,78.2,Yes,0.0,None
19:07:24.667,Active,410.1,2.4,98.8,12.5,77.1,Yes,0.0,None
19:07:25.081,Active,406.3,2.4,98.8,12.5,78.2,Yes,0.0,None
19:07:25.495,Active,407.8,2.4,98.8,12.5,78.2,Yes,0.0,None
19:07:25.912,Active,409.1,2.4,98.2,12.5,78.2,Yes,0.0,None
19:07:26.327,Active,408.5,2.4,98.8,12.5,78.8,Yes,0.0,None
19:07:26.742,Active,409.1,2.4,98.8,12.5,78.8,Yes,0.0,None
19:07:27.161,Active,408.3,2.4,98.8,12.4,77.7,Yes,0.0,None
19:07:27.575,Active,408.2,2.4,98.8,12.4,78.2,Yes,0.0,None
19:07:27.990,Active,409.2,2.4,98.8,12.4,78.2,Yes,0.0,None
19:07:28.407,Active,408.1,2.4,98.2,12.4,78.2,Yes,0.0,None
19:07:28.836,Active,421.4,2.4,95.9,12.4,78.8,Yes,0.0,None
19:07:29.249,Active,406.1,2.4,98.8,12.4,77.1,Yes,0.0,None
19:07:29.669,Active,410.1,2.4,97.6,12.4,79.3,Yes,0.0,None
19:07:30.086,Active,406.6,2.4,98.2,12.4,78.2,Yes,0.0,None
19:07:30.502,Active,406.9,2.4,98.2,12.4,78.2,Yes,0.0,None
19:07:30.917,Active,409.5,2.4,98.8,12.4,77.7,Yes,0.0,None
19:07:31.345,Active,413.7,2.4,96.5,12.4,77.7,Yes,0.0,None
19:07:31.771,Active,419.6,2.4,97.6,12.4,78.2,Yes,0.0,None
19:07:32.183,Active,406.9,2.4,98.8,12.4,78.2,Yes,0.0,None
19:07:32.599,Active,406.4,2.4,98.2,12.4,78.8,Yes,0.0,None
19:07:33.016,Active,409.4,2.4,98.8,12.4,78.8,Yes,0.0,None
19:07:33.433,Active,406.5,2.4,97.6,12.4,78.8,Yes,0.0,None
19:07:33.866,Active,423.2,2.4,98.3,12.4,79.3,Yes,0.0,None
19:07:34.345,Active,413.4,2.4,86.4,12.4,78.2,Yes,0.0,None
19:07:34.759,Active,408.4,2.4,98.8,12.4,78.8,Yes,0.0,None
19:07:35.173,Active,406.1,2.4,98.2,12.4,78.2,Yes,0.0,None
19:07:35.590,Active,407.4,2.4,97.6,12.4,79.3,Yes,0.0,None
19:07:36.008,Active,407.8,2.4,98.2,12.4,78.8,Yes,0.0,None
19:07:36.424,Active,406.8,2.4,98.2,12.4,79.3,Yes,0.0,None
19:07:36.849,Active,417.4,2.4,97.0,12.4,79.3,Yes,0.0,None
19:07:37.268,Active,409.1,2.4,98.2,12.4,78.8,Yes,0.0,None
19:07:37.686,Active,409.1,2.4,98.2,12.4,79.3,Yes,0.0,None
19:07:38.101,Active,405.6,2.4,98.8,12.4,78.8,Yes,0.0,None
19:07:38.518,Active,408.5,2.4,98.2,12.4,78.2,Yes,0.0,None
19:07:38.936,Active,409.8,2.4,98.8,12.4,78.8,Yes,0.0,None
19:07:39.354,Active,409.5,2.4,98.2,12.4,78.8,Yes,0.0,None
19:07:39.778,Active,416.5,2.4,98.2,12.4,79.3,Yes,0.0,None
19:07:40.205,Active,417.6,2.4,98.2,12.4,78.2,Yes,0.0,None
19:07:40.628,Active,415.9,2.4,98.2,12.4,78.8,Yes,0.0,None
19:07:41.052,Active,417.0,2.4,98.8,12.4,78.8,Yes,0.0,None
19:07:41.475,Active,414.0,2.4,98.2,12.4,79.8,Yes,0.0,None
19:07:41.902,Active,416.5,2.4,98.2,12.4,78.8,Yes,0.0,None
19:07:42.326,Active,414.9,2.4,97.7,12.4,78.8,Yes,0.0,None
19:07:42.754,Active,417.6,2.4,98.2,12.4,79.3,Yes,0.0,None
19:07:43.177,Active,413.7,2.4,98.2,12.3,79.3,Yes,0.0,None
19:07:43.598,Active,414.9,2.4,98.8,12.3,78.8,Yes,0.0,None
19:07:44.020,Active,415.5,2.4,99.4,12.3,79.8,Yes,0.0,None
19:07:44.458,Active,429.2,2.4,98.9,12.4,79.8,Yes,0.0,None
19:07:44.893,Active,425.6,2.4,97.7,12.5,79.3,Yes,0.0,None
19:07:45.316,Active,416.5,2.4,98.8,12.5,79.3,Yes,0.0,None
19:07:45.740,Active,417.8,2.4,98.8,12.5,78.8,Yes,0.0,None
19:07:46.168,Active,420.4,2.3,98.2,12.4,79.8,Yes,0.0,None
19:07:46.592,Active,416.6,2.3,98.8,12.4,79.3,Yes,0.0,None
19:07:47.018,Active,418.9,2.3,98.2,12.4,78.8,Yes,0.0,None
19:07:47.439,Active,414.7,2.3,99.4,12.4,78.8,Yes,0.0,None
19:07:47.862,Active,417.4,2.3,99.4,12.4,79.3,Yes,0.0,None
19:07:48.283,Active,414.8,2.3,99.4,12.4,79.3,Yes,0.0,None
19:07:48.708,Active,416.7,2.3,98.8,12.4,79.8,Yes,0.0,None
19:07:49.149,Active,434.6,2.3,96.6,12.4,79.3,Yes,0.0,None
19:07:49.572,Active,416.4,2.3,98.8,12.4,80.4,Yes,0.0,None
19:08:35.012,Active,427.0,2.3,1.4,12.5,61.1,Yes,0.0,None
19:08:35.437,Active,419.1,11.7,99.4,12.5,63.4,Yes,0.0,None
19:08:35.852,Active,409.3,11.7,99.4,12.5,63.4,Yes,0.0,None
19:08:36.269,Active,409.6,11.7,98.8,12.5,65.5,Yes,0.0,None
19:08:36.685,Active,409.2,11.7,98.2,12.5,65.5,Yes,0.0,None
19:08:37.100,Active,406.1,11.7,98.2,12.5,66.1,Yes,0.0,None
19:08:37.514,Active,405.2,11.7,98.2,12.5,66.1,Yes,0.0,None
19:08:37.936,Active,411.3,11.7,97.6,12.5,67.2,Yes,0.0,None
19:08:38.352,Active,408.5,11.7,98.8,12.5,68.3,Yes,0.0,None
19:08:38.768,Active,410.3,11.7,98.2,12.5,70.0,Yes,0.0,None
19:08:39.187,Active,408.0,11.7,97.6,12.5,68.3,Yes,0.0,None
19:08:39.602,Active,408.4,2.4,98.2,12.5,69.4,Yes,0.0,None
19:08:40.021,Active,410.0,2.4,98.2,12.5,69.4,Yes,0.0,None
19:08:40.435,Active,408.3,2.4,98.8,12.5,71.0,Yes,0.0,None
19:08:40.850,Active,408.3,2.4,98.8,12.5,70.5,Yes,0.0,None
19:08:41.268,Active,407.8,2.4,98.2,12.4,71.0,Yes,0.0,None
19:08:41.686,Active,410.6,2.4,98.2,12.4,71.0,Yes,0.0,None
19:08:42.103,Active,407.8,2.4,97.6,12.4,71.6,Yes,0.0,None
19:08:42.519,Active,407.8,2.4,98.8,12.4,71.6,Yes,0.0,None
19:08:42.935,Active,408.0,2.4,97.6,12.4,72.2,Yes,0.0,None
19:08:43.346,Active,404.7,2.4,99.4,12.4,71.6,Yes,0.0,None
19:08:43.761,Active,408.2,2.4,98.8,12.4,72.2,Yes,0.0,None
19:08:44.181,Active,409.5,2.4,97.6,12.4,73.2,Yes,0.0,None
19:08:44.596,Active,408.7,2.4,98.8,12.4,74.3,Yes,0.0,None
19:08:45.012,Active,409.3,2.4,98.8,12.4,72.7,Yes,0.0,None
19:08:45.430,Active,407.0,2.4,98.2,12.4,73.8,Yes,0.0,None
19:08:45.858,Active,422.3,2.4,98.8,12.4,73.8,Yes,0.0,None
19:08:46.272,Active,403.8,2.4,99.4,12.4,73.8,Yes,0.0,None
19:08:46.685,Active,405.9,2.4,98.8,12.4,73.8,Yes,0.0,None
19:08:47.096,Active,404.7,2.4,99.4,12.4,74.9,Yes,0.0,None
19:08:47.515,Active,408.5,2.4,97.6,12.4,73.8,Yes,0.0,None
19:08:47.931,Active,408.1,2.4,98.2,12.4,74.9,Yes,0.0,None
19:08:48.344,Active,404.9,2.4,98.8,12.4,74.9,Yes,0.0,None
19:08:48.765,Active,411.1,2.4,98.2,12.4,74.3,Yes,0.0,None
19:08:49.176,Active,405.8,2.4,98.8,12.4,74.9,Yes,0.0,None
19:08:49.591,Active,408.1,2.4,98.8,12.4,73.2,Yes,0.0,None
19:08:50.009,Active,411.6,2.4,98.2,12.4,74.3,Yes,0.0,None
19:08:50.422,Active,407.0,2.4,98.2,12.4,74.9,Yes,0.0,None
19:08:50.840,Active,409.4,2.4,98.2,12.4,74.9,Yes,0.0,None
19:08:51.254,Active,407.3,2.4,98.8,12.4,74.9,Yes,0.0,None
19:08:51.671,Active,408.2,2.4,97.6,12.4,75.5,Yes,0.0,None
19:08:52.086,Active,406.6,2.4,98.8,12.4,76.0,Yes,0.0,None
19:08:52.504,Active,408.5,2.4,97.0,12.4,76.5,Yes,0.0,None
19:08:52.918,Active,406.3,2.4,98.8,12.4,76.5,Yes,0.0,None
19:08:53.332,Active,408.7,2.4,100.0,12.4,75.5,Yes,0.0,None
19:08:53.752,Active,412.6,2.4,98.2,12.4,76.0,Yes,0.0,None
19:08:54.165,Active,407.0,2.4,98.2,12.4,76.5,Yes,0.0,None
19:08:54.577,Active,406.2,2.4,98.2,12.4,75.5,Yes,0.0,None
19:08:54.991,Active,408.0,2.4,99.4,12.4,76.0,Yes,0.0,None
19:08:55.404,Active,407.0,2.4,99.4,12.4,76.5,Yes,0.0,None
19:08:55.827,Active,417.3,2.4,98.8,12.4,76.5,Yes,0.0,None
19:08:56.243,Active,408.2,2.4,98.8,12.4,76.5,Yes,0.0,None
19:08:56.660,Active,410.2,2.4,98.8,12.4,76.5,Yes,0.0,None
19:08:57.076,Active,410.0,2.4,98.2,12.4,77.1,Yes,0.0,None
19:08:57.491,Active,408.1,2.4,98.2,12.4,76.5,Yes,0.0,None
19:08:57.908,Active,410.9,2.4,98.2,12.4,76.5,Yes,0.0,None
19:08:58.323,Active,408.0,2.4,98.8,12.4,77.1,Yes,0.0,None
19:08:58.741,Active,412.0,2.4,98.8,12.4,76.5,Yes,0.0,None
19:08:59.153,Active,405.7,2.4,98.8,12.4,76.5,Yes,0.0,None
19:08:59.565,Active,406.3,2.4,98.8,12.4,77.1,Yes,0.0,None
19:08:59.979,Active,407.3,2.4,98.8,12.4,77.1,Yes,0.0,None
19:09:00.394,Active,406.5,2.4,98.8,12.4,77.7,Yes,0.0,None
19:09:00.837,Active,433.5,2.4,94.9,12.4,77.1,Yes,0.0,None
19:09:01.252,Active,408.6,2.4,98.8,12.4,77.1,Yes,0.0,None
19:09:01.678,Active,420.1,2.4,96.5,12.4,77.7,Yes,0.0,None
19:09:02.177,Active,409.7,2.4,82.3,12.4,77.1,Yes,0.0,None
19:09:02.590,Active,406.2,2.4,98.2,12.4,77.7,Yes,0.0,None
19:09:03.006,Active,408.5,2.4,98.2,12.4,77.1,Yes,0.0,None
19:09:03.423,Active,408.0,2.4,98.2,12.4,77.1,Yes,0.0,None
19:09:03.840,Active,410.6,2.4,98.8,12.4,78.2,Yes,0.0,None
19:09:04.254,Active,406.6,2.4,98.2,12.4,77.7,Yes,0.0,None
19:09:04.668,Active,407.9,2.3,99.4,12.4,77.1,Yes,0.0,None
19:09:05.089,Active,411.7,2.3,98.2,12.4,77.7,Yes,0.0,None
19:09:05.505,Active,406.1,2.3,98.2,12.4,77.1,Yes,0.0,None
19:09:05.930,Active,414.6,2.3,97.1,12.4,77.7,Yes,0.0,None
19:09:06.386,Active,446.5,2.3,94.5,12.4,77.1,Yes,0.0,None
19:09:06.803,Active,408.5,2.3,98.2,12.5,78.2,Yes,0.0,None
19:09:07.219,Active,405.1,2.3,98.2,12.5,78.2,Yes,0.0,None
19:09:07.633,Active,407.9,2.3,99.4,12.4,77.7,Yes,0.0,None
19:09:08.046,Active,406.9,2.3,98.8,12.4,77.7,Yes,0.0,None
19:09:08.458,Active,405.3,2.3,98.8,12.4,77.7,Yes,0.0,None
19:09:08.881,Active,413.7,2.4,97.1,12.4,78.8,Yes,0.0,None
19:09:09.293,Active,406.4,2.4,99.4,12.4,78.2,Yes,0.0,None
19:09:09.714,Active,411.0,2.4,98.2,12.4,77.7,Yes,0.0,None
19:09:10.127,Active,406.7,2.4,99.4,12.4,78.8,Yes,0.0,None
19:09:10.541,Active,408.3,2.4,99.4,12.4,78.2,Yes,0.0,None
19:09:10.971,Active,424.0,2.4,95.9,12.4,78.8,Yes,0.0,None
19:09:11.389,Active,409.6,2.4,98.2,12.4,78.2,Yes,0.0,None
19:09:11.808,Active,413.0,2.4,98.2,12.4,78.2,Yes,0.0,None
19:09:12.224,Active,408.7,2.4,98.8,12.4,78.8,Yes,0.0,None
19:09:12.638,Active,407.5,2.4,98.2,12.4,78.8,Yes,0.0,None
19:09:13.053,Active,408.7,2.4,98.8,12.4,78.8,Yes,0.0,None
19:09:13.472,Active,407.3,2.4,98.2,12.4,78.2,Yes,0.0,None
19:09:13.890,Active,411.1,2.4,98.2,12.4,78.2,Yes,0.0,None
19:09:14.305,Active,406.2,2.4,98.8,12.4,78.8,Yes,0.0,None
19:09:14.726,Active,409.0,2.4,97.6,12.4,79.3,Yes,0.0,None
19:09:15.154,Active,419.2,2.4,96.5,12.4,78.8,Yes,0.0,None
19:09:15.570,Active,406.1,2.4,98.2,12.4,78.2,Yes,0.0,None
19:09:15.987,Active,408.1,2.4,98.8,12.4,78.2,Yes,0.0,None
19:09:16.436,Active,440.5,2.4,95.5,12.4,77.7,Yes,0.0,None
19:09:16.855,Active,409.5,2.4,98.2,12.4,79.8,Yes,0.0,None
19:09:17.272,Active,406.9,2.4,97.6,12.4,78.8,Yes,0.0,None
19:09:17.691,Active,410.5,2.4,98.2,12.4,79.3,Yes,0.0,None
19:09:18.109,Active,407.5,2.4,98.2,12.4,78.2,Yes,0.0,None
19:09:18.526,Active,408.3,2.4,98.2,12.4,79.3,Yes,0.0,None
19:09:18.951,Active,415.6,2.4,97.1,12.4,79.3,Yes,0.0,None
19:09:19.365,Active,408.1,2.4,99.4,12.4,79.3,Yes,0.0,None
19:09:19.780,Active,409.0,2.4,98.8,12.4,79.3,Yes,0.0,None
19:09:20.193,Active,406.2,2.4,98.8,12.4,79.3,Yes,0.0,None
19:09:20.614,Active,411.1,2.4,98.2,12.4,79.3,Yes,0.0,None
19:09:21.040,Active,419.2,2.4,98.8,12.4,78.8,Yes,0.0,None
19:09:21.465,Active,419.2,2.4,98.2,12.4,79.3,Yes,0.0,None
19:09:21.880,Active,408.9,2.4,98.2,12.4,79.3,Yes,0.0,None
19:09:22.292,Active,405.7,2.4,99.4,12.3,79.8,Yes,0.0,None
19:09:22.710,Active,408.6,2.4,97.6,12.4,79.3,Yes,0.0,None
19:09:23.123,Active,406.3,2.4,98.8,12.3,79.8,Yes,0.0,None
19:09:23.535,Active,406.1,2.4,99.4,12.3,79.3,Yes,0.0,None
19:09:23.957,Active,416.1,2.4,98.2,12.3,79.3,Yes,0.0,None
19:09:24.368,Active,405.2,2.4,99.4,12.3,79.3,Yes,0.0,None
19:09:24.790,Active,415.1,2.4,98.8,12.3,79.8,Yes,0.0,None
19:09:25.213,Active,413.8,2.4,98.8,12.4,79.3,Yes,0.0,None
19:09:25.635,Active,415.6,2.4,99.4,12.4,78.8,Yes,0.0,None
19:09:26.055,Active,414.0,2.4,99.4,12.4,79.3,Yes,0.0,None
19:09:26.476,Active,414.8,2.4,99.4,12.4,79.8,Yes,0.0,None
19:09:26.934,Active,452.3,2.4,96.7,12.5,79.8,Yes,0.0,None
19:09:27.353,Active,413.3,2.4,99.4,12.5,78.8,Yes,0.0,None
19:09:27.780,Active,418.0,2.4,98.8,12.5,79.3,Yes,0.0,None
19:09:28.202,Active,415.8,2.4,98.8,12.5,79.8,Yes,0.0,None
19:09:28.626,Active,414.8,2.4,98.2,12.5,78.2,Yes,0.0,None
19:09:29.052,Active,416.3,2.4,98.2,12.5,79.8,Yes,0.0,None
19:09:29.476,Active,416.7,2.4,98.2,12.5,79.3,Yes,0.0,None
19:09:29.904,Active,420.5,2.3,98.8,12.5,78.8,Yes,0.0,None
19:09:30.326,Active,415.2,2.3,97.6,12.5,79.3,Yes,0.0,None
19:09:30.748,Active,415.4,2.3,99.4,12.5,79.8,Yes,0.0,None
19:09:31.169,Active,414.4,2.3,98.8,12.5,79.8,Yes,0.0,None
19:09:31.589,Active,413.6,2.3,98.2,12.5,79.8,Yes,0.0,None
19:09:32.012,Active,417.0,2.3,98.8,12.5,78.8,Yes,0.0,None
19:09:32.436,Active,416.5,2.3,98.8,12.4,79.8,Yes,0.0,None
19:09:32.859,Active,417.0,2.3,98.8,12.4,79.8,Yes,0.0,None
19:09:33.278,Active,413.3,2.3,99.4,12.4,79.8,Yes,0.0,None
19:09:33.702,Active,418.1,2.3,98.8,12.4,79.8,Yes,0.0,None
19:09:34.123,Active,414.4,2.4,99.4,12.5,79.3,Yes,0.0,None
19:09:34.543,Active,414.0,2.4,99.4,12.5,79.8,Yes,0.0,None
19:09:34.969,Active,419.5,2.4,98.8,12.5,79.8,Yes,0.0,None
19:10:20.406,Active,423.8,2.4,1.3,12.4,59.5,Yes,0.0,None
19:10:20.822,Active,410.4,2.4,98.8,12.4,62.8,Yes,0.0,None
19:10:21.235,Active,406.6,2.4,98.8,12.4,63.4,Yes,0.0,None
19:10:21.650,Active,409.0,2.4,98.8,12.4,64.5,Yes,0.0,None
19:10:22.068,Active,408.5,2.4,97.6,12.4,65.0,Yes,0.0,None
19:10:22.483,Active,407.6,2.4,98.8,12.4,66.1,Yes,0.0,None
19:10:22.902,Active,412.3,2.4,98.8,12.4,66.7,Yes,0.0,None
19:10:23.315,Active,406.3,3.0,98.8,12.4,67.8,Yes,0.0,None
19:10:23.730,Active,408.3,3.0,98.8,12.4,67.8,Yes,0.0,None
19:10:24.142,Active,404.5,3.0,98.8,12.4,69.4,Yes,0.0,None
19:10:24.556,Active,404.1,3.0,99.4,12.4,68.8,Yes,0.0,None
19:10:24.971,Active,407.5,3.0,99.4,12.4,68.8,Yes,0.0,None
19:10:25.385,Active,404.6,3.0,98.8,12.4,69.4,Yes,0.0,None
19:10:25.804,Active,409.3,3.0,98.2,12.4,70.0,Yes,0.0,None
19:10:26.219,Active,407.0,3.0,99.4,12.4,70.0,Yes,0.0,None
19:10:26.635,Active,406.9,3.0,98.2,12.4,71.0,Yes,0.0,None
19:10:27.050,Active,408.3,3.0,98.8,12.4,70.5,Yes,0.0,None
19:10:27.462,Active,404.5,2.4,99.4,12.4,72.2,Yes,0.0,None
19:10:27.887,Active,416.0,2.4,97.6,12.4,71.0,Yes,0.0,None
19:10:28.314,Active,418.8,2.4,98.3,12.4,72.2,Yes,0.0,None
19:10:28.733,Active,411.3,2.4,98.2,12.4,72.7,Yes,0.0,None
19:10:29.146,Active,406.4,2.4,98.8,12.4,72.2,Yes,0.0,None
19:10:29.564,Active,408.7,2.4,98.2,12.4,72.7,Yes,0.0,None
19:10:29.980,Active,408.5,2.4,98.8,12.4,72.7,Yes,0.0,None
19:10:30.395,Active,405.3,2.4,98.2,12.4,72.7,Yes,0.0,None
19:10:30.816,Active,411.1,2.4,98.2,12.4,72.7,Yes,0.0,None
19:10:31.232,Active,408.7,2.4,98.8,12.4,72.7,Yes,0.0,None
19:10:31.650,Active,410.8,2.4,98.2,12.4,72.7,Yes,0.0,None
19:10:32.061,Active,404.9,2.4,99.4,12.4,73.8,Yes,0.0,None
19:10:32.475,Active,407.7,2.4,99.4,12.4,73.8,Yes,0.0,None
19:10:32.894,Active,410.5,2.4,98.8,12.4,74.3,Yes,0.0,None
19:10:33.307,Active,407.0,2.4,98.8,12.4,74.3,Yes,0.0,None
19:10:33.731,Active,418.6,2.4,98.8,12.4,73.8,Yes,0.0,None
19:10:34.148,Active,408.7,2.4,98.8,12.4,74.3,Yes,0.0,None
19:10:34.563,Active,407.9,2.4,98.2,12.4,74.3,Yes,0.0,None
19:10:34.980,Active,408.6,2.4,98.2,12.4,74.3,Yes,0.0,None
19:10:35.394,Active,407.2,2.4,98.8,12.4,74.3,Yes,0.0,None
19:10:35.808,Active,407.9,2.4,98.8,12.4,74.9,Yes,0.0,None
19:10:36.220,Active,404.7,2.4,99.4,12.4,74.9,Yes,0.0,None
19:10:36.635,Active,408.5,2.4,98.2,12.4,75.5,Yes,0.0,None
19:10:37.050,Active,407.1,2.4,98.8,12.4,74.9,Yes,0.0,None
19:10:37.465,Active,408.2,2.4,98.8,12.4,74.9,Yes,0.0,None
19:10:37.880,Active,408.8,2.4,98.8,12.4,74.9,Yes,0.0,None
19:10:38.302,Active,415.2,2.4,98.2,12.4,74.9,Yes,0.0,None
19:10:38.724,Active,412.5,2.4,98.8,12.5,74.9,Yes,0.0,None
19:10:39.139,Active,409.4,2.4,98.2,12.5,75.5,Yes,0.0,None
19:10:39.552,Active,405.1,2.4,98.8,12.5,75.5,Yes,0.0,None
19:10:40.067,Active,411.0,2.3,79.5,12.5,75.5,Yes,0.0,None
19:10:40.484,Active,408.9,2.3,98.2,12.5,76.0,Yes,0.0,None
19:10:40.906,Active,412.5,2.3,98.2,12.5,76.0,Yes,0.0,None
19:10:41.323,Active,407.6,2.3,98.2,12.5,76.5,Yes,0.0,None
19:10:41.753,Active,421.5,2.3,98.3,12.2,74.9,Yes,0.0,None
19:10:42.166,Active,406.5,2.3,98.2,12.2,76.0,Yes,0.0,None
19:10:42.581,Active,409.0,2.3,99.4,12.2,76.0,Yes,0.0,None
19:10:42.995,Active,408.5,2.3,98.8,12.2,75.5,Yes,0.0,None
19:10:43.421,Active,418.3,2.3,97.0,12.2,77.1,Yes,0.0,None
19:10:43.839,Active,411.6,2.3,99.4,12.2,76.0,Yes,0.0,None
19:10:44.255,Active,410.5,2.4,98.2,12.2,75.5,Yes,0.0,None
19:10:44.671,Active,407.9,2.4,98.2,12.2,76.0,Yes,0.0,None
19:10:45.097,Active,417.8,2.4,97.0,12.2,76.0,Yes,0.0,None
19:10:45.516,Active,413.7,2.4,97.6,12.2,77.1,Yes,0.0,None
19:10:45.938,Active,411.6,2.4,98.2,12.2,76.5,Yes,0.0,None
19:10:46.355,Active,408.0,2.4,97.6,12.2,77.1,Yes,0.0,None
19:10:46.775,Active,410.2,2.4,98.2,12.1,77.7,Yes,0.0,None
19:10:47.193,Active,408.4,2.4,98.2,12.1,77.1,Yes,0.0,None
19:10:47.607,Active,406.9,2.4,98.2,12.1,77.7,Yes,0.0,None
19:10:48.030,Active,415.4,2.4,97.6,12.1,77.1,Yes,0.0,None
19:10:48.446,Active,407.1,2.4,98.8,12.1,76.0,Yes,0.0,None
19:10:48.877,Active,421.8,2.4,98.3,12.1,77.7,Yes,0.0,None
19:10:49.299,Active,416.1,2.4,97.6,12.1,77.1,Yes,0.0,None
19:10:49.715,Active,409.5,2.4,98.2,12.1,77.7,Yes,0.0,None
19:10:50.126,Active,405.7,2.4,99.4,12.1,77.1,Yes,0.0,None
19:10:50.548,Active,413.1,2.4,98.2,12.1,77.1,Yes,0.0,None
19:10:50.972,Active,417.7,2.4,97.6,12.1,77.7,Yes,0.0,None
19:10:51.415,Active,433.4,2.4,94.4,12.1,77.7,Yes,0.0,None
19:10:51.834,Active,412.3,2.4,98.8,12.1,78.2,Yes,0.0,None
19:10:52.248,Active,406.4,2.4,98.8,12.1,77.7,Yes,0.0,None
19:10:52.662,Active,407.4,2.4,98.8,12.1,77.7,Yes,0.0,None
19:10:53.080,Active,408.6,2.4,98.2,12.1,78.2,Yes,0.0,None
19:10:53.495,Active,409.7,2.4,98.8,12.1,77.7,Yes,0.0,None
19:10:53.912,Active,410.4,2.4,98.8,12.1,78.2,Yes,0.0,None
19:10:54.323,Active,404.6,2.4,98.8,12.1,77.7,Yes,0.0,None
19:10:54.740,Active,408.6,2.4,98.8,12.1,78.8,Yes,0.0,None
19:10:55.155,Active,407.3,2.4,98.8,12.1,77.7,Yes,0.0,None
19:10:55.567,Active,406.2,2.4,98.8,12.1,77.1,Yes,0.0,None
19:10:55.987,Active,411.4,2.4,97.6,12.1,78.2,Yes,0.0,None
19:10:56.412,Active,418.5,2.4,97.0,12.1,77.7,Yes,0.0,None
19:10:56.832,Active,412.6,2.4,98.8,12.0,78.2,Yes,0.0,None
19:10:57.247,Active,408.4,2.4,97.6,12.0,78.2,Yes,0.0,None
19:10:57.666,Active,411.1,2.4,98.2,12.1,78.8,Yes,0.0,None
19:10:58.084,Active,409.3,2.4,98.2,12.1,77.7,Yes,0.0,None
19:10:58.529,Active,434.4,2.4,93.9,12.0,78.2,Yes,0.0,None
19:10:58.966,Active,427.2,2.4,98.9,12.1,78.2,Yes,0.0,None
19:10:59.384,Active,408.6,2.4,97.6,12.1,78.2,Yes,0.0,None
19:10:59.809,Active,419.1,2.4,98.2,12.1,78.2,Yes,0.0,None
19:11:00.224,Active,409.3,2.4,98.2,12.1,78.2,Yes,0.0,None
19:11:00.664,Active,433.3,2.4,95.5,12.1,78.2,Yes,0.0,None
19:11:01.077,Active,407.1,2.4,98.8,12.1,78.2,Yes,0.0,None
19:11:01.492,Active,409.5,2.4,98.8,12.1,77.7,Yes,0.0,None
19:11:01.907,Active,407.8,2.4,98.2,12.1,78.2,Yes,0.0,None
19:11:02.319,Active,404.1,2.4,99.4,12.1,78.8,Yes,0.0,None
19:11:02.737,Active,411.4,2.4,98.8,12.1,78.2,Yes,0.0,None
19:11:03.153,Active,409.7,2.4,98.2,12.1,78.2,Yes,0.0,None
19:11:03.568,Active,408.6,2.4,98.8,12.1,79.3,Yes,0.0,None
19:11:03.983,Active,409.1,2.4,98.8,12.1,78.2,Yes,0.0,None
19:11:04.394,Active,404.3,2.4,99.4,12.1,78.2,Yes,0.0,None
19:11:04.810,Active,408.3,2.4,98.8,12.0,78.8,Yes,0.0,None
19:11:05.227,Active,410.6,2.4,97.6,12.0,78.2,Yes,0.0,None
19:11:05.641,Active,408.1,2.4,99.4,12.0,78.8,Yes,0.0,None
19:11:06.055,Active,407.5,2.4,98.2,12.0,78.8,Yes,0.0,None
19:11:06.568,Active,406.8,2.4,79.9,12.0,78.2,Yes,0.0,None
19:11:06.986,Active,408.0,2.4,98.8,12.0,78.2,Yes,0.0,None
19:11:07.404,Active,407.9,2.4,97.6,12.0,78.8,Yes,0.0,None
19:11:07.822,Active,409.2,2.4,98.2,12.0,79.3,Yes,0.0,None
19:11:08.235,Active,404.0,2.4,98.2,12.0,78.8,Yes,0.0,None
19:11:08.653,Active,411.6,2.4,98.2,12.0,78.8,Yes,0.0,None
19:11:09.080,Active,420.2,2.4,98.8,12.1,78.8,Yes,0.0,None
19:11:09.496,Active,406.9,2.3,97.6,12.1,78.8,Yes,0.0,None
19:11:09.912,Active,409.3,2.3,98.8,12.1,78.8,Yes,0.0,None
19:11:10.329,Active,409.8,2.3,98.2,12.1,79.3,Yes,0.0,None
19:11:10.744,Active,408.5,2.3,99.4,12.1,79.3,Yes,0.0,None
19:11:11.155,Active,406.0,2.3,99.4,12.1,78.8,Yes,0.0,None
19:11:11.573,Active,407.9,2.3,97.6,12.1,78.8,Yes,0.0,None
19:11:11.997,Active,413.6,2.3,98.8,12.1,78.8,Yes,0.0,None
19:11:12.420,Active,416.5,2.3,98.8,12.1,79.3,Yes,0.0,None
19:11:12.840,Active,414.6,2.3,98.8,12.1,79.3,Yes,0.0,None
19:11:13.258,Active,411.5,2.3,99.4,12.1,80.4,Yes,0.0,None
19:11:13.680,Active,416.5,2.4,100.0,12.1,78.8,Yes,0.0,None
19:11:14.100,Active,413.6,2.4,99.4,12.1,79.3,Yes,0.0,None
19:11:14.521,Active,414.0,2.4,98.8,12.1,79.3,Yes,0.0,None
19:11:14.947,Active,419.8,2.4,99.4,12.1,78.8,Yes,0.0,None
19:11:15.372,Active,416.7,2.4,97.6,12.0,78.8,Yes,0.0,None
19:11:15.797,Active,418.3,2.4,98.8,12.1,79.3,Yes,0.0,None
19:11:16.224,Active,416.8,2.4,97.7,12.0,79.3,Yes,0.0,None
19:11:16.648,Active,416.6,2.4,98.8,12.0,79.3,Yes,0.0,None
19:11:17.080,Active,423.4,2.4,97.1,12.0,79.3,Yes,0.0,None
19:11:17.504,Active,417.0,2.4,98.8,12.0,78.8,Yes,0.0,None
19:11:17.953,Active,442.4,2.3,95.0,12.0,79.3,Yes,0.0,None
19:11:18.375,Active,416.0,2.3,98.2,12.1,78.8,Yes,0.0,None
19:11:18.801,Active,418.1,2.3,98.2,12.1,79.3,Yes,0.0,None
19:11:19.231,Active,415.8,2.3,97.1,12.1,79.3,Yes,0.0,None
19:11:19.674,Active,435.3,2.3,98.3,12.2,79.8,Yes,0.0,None
19:11:20.103,Active,419.5,2.3,98.2,12.2,81.0,Yes,0.0,None
19:12:05.544,Active,425.7,2.3,1.0,12.0,60.0,Yes,0.0,None
19:12:05.960,Active,410.2,2.3,99.4,12.0,62.2,Yes,0.0,None
19:12:06.386,Active,414.6,2.3,97.7,12.1,63.4,Yes,0.0,None
19:12:06.804,Active,408.8,2.3,98.2,12.1,65.0,Yes,0.0,None
19:12:07.224,Active,410.1,4.7,98.2,12.1,65.5,Yes,0.0,None
19:12:07.639,Active,408.5,4.7,98.2,12.1,66.7,Yes,0.0,None
19:12:08.054,Active,406.7,4.7,98.2,12.1,66.7,Yes,0.0,None
19:12:08.471,Active,408.0,4.7,98.2,12.1,67.2,Yes,0.0,None
19:12:08.885,Active,407.7,4.7,98.8,12.1,67.8,Yes,0.0,None
19:12:09.301,Active,407.0,4.7,98.8,12.1,68.3,Yes,0.0,None
19:12:09.716,Active,407.7,4.7,98.8,12.1,68.8,Yes,0.0,None
19:12:10.133,Active,406.9,4.7,98.2,12.1,70.0,Yes,0.0,None
19:12:10.555,Active,413.6,4.7,98.2,12.1,69.4,Yes,0.0,None
19:12:10.989,Active,424.8,4.7,96.5,12.1,70.0,Yes,0.0,None
19:12:11.407,Active,412.0,2.4,97.6,12.1,70.0,Yes,0.0,None
19:12:11.827,Active,409.8,2.4,98.2,12.1,70.0,Yes,0.0,None
19:12:12.244,Active,407.3,2.4,97.6,12.1,70.5,Yes,0.0,None
19:12:12.661,Active,407.3,2.4,98.2,12.1,71.0,Yes,0.0,None
19:12:13.078,Active,406.7,2.4,98.2,12.1,71.0,Yes,0.0,None
19:12:13.492,Active,405.0,2.4,98.2,12.1,71.6,Yes,0.0,None
19:12:13.907,Active,408.8,2.4,99.4,12.1,72.2,Yes,0.0,None
19:12:14.326,Active,413.2,2.4,97.0,12.1,72.2,Yes,0.0,None
19:12:14.740,Active,408.3,2.4,100.0,12.1,72.7,Yes,0.0,None
19:12:15.154,Active,406.9,2.4,98.8,12.1,73.8,Yes,0.0,None
19:12:15.573,Active,409.8,2.4,98.2,12.1,73.2,Yes,0.0,None
19:12:15.987,Active,408.5,2.4,98.2,12.1,73.2,Yes,0.0,None
19:12:16.401,Active,408.0,2.4,98.8,12.1,73.2,Yes,0.0,None
19:12:16.820,Active,409.2,2.4,98.2,12.0,73.8,Yes,0.0,None
19:12:17.235,Active,408.2,2.4,98.8,12.1,73.2,Yes,0.0,None
19:12:17.648,Active,407.1,2.4,98.2,12.1,73.8,Yes,0.0,None
19:12:18.062,Active,407.7,2.4,98.8,12.0,73.8,Yes,0.0,None
19:12:18.477,Active,406.2,2.4,98.2,12.1,73.8,Yes,0.0,None
19:12:18.891,Active,408.3,2.4,99.4,12.1,74.3,Yes,0.0,None
19:12:19.304,Active,406.3,2.4,98.8,12.1,74.3,Yes,0.0,None
19:12:19.737,Active,426.0,2.4,96.0,12.1,74.9,Yes,0.0,None
19:12:20.152,Active,405.0,2.4,98.8,12.0,74.9,Yes,0.0,None
19:12:20.572,Active,412.9,2.4,97.6,12.0,75.5,Yes,0.0,None
19:12:21.000,Active,421.2,2.4,98.8,12.0,75.5,Yes,0.0,None
19:12:21.418,Active,407.3,2.4,98.2,12.0,74.9,Yes,0.0,None
19:12:21.834,Active,406.8,2.4,98.2,12.0,74.9,Yes,0.0,None
19:12:22.247,Active,404.1,2.4,97.6,12.0,74.9,Yes,0.0,None
19:12:22.664,Active,410.4,2.4,99.4,12.0,75.5,Yes,0.0,None
19:12:23.077,Active,407.4,2.4,98.2,12.0,74.9,Yes,0.0,None
19:12:23.492,Active,407.9,2.4,98.8,12.0,75.5,Yes,0.0,None
19:12:23.907,Active,409.4,2.4,99.4,12.0,76.0,Yes,0.0,None
19:12:24.321,Active,406.5,2.4,98.2,12.0,76.0,Yes,0.0,None
19:12:24.736,Active,408.2,2.4,99.4,12.0,75.5,Yes,0.0,None
19:12:25.152,Active,409.6,2.4,98.8,12.0,75.5,Yes,0.0,None
19:12:25.566,Active,407.9,2.4,98.2,12.0,75.5,Yes,0.0,None
19:12:25.982,Active,410.5,2.4,99.4,12.0,75.5,Yes,0.0,None
19:12:26.419,Active,428.0,2.4,94.2,12.0,76.5,Yes,0.0,None
19:12:26.834,Active,408.5,2.4,98.8,12.0,76.0,Yes,0.0,None
19:12:27.249,Active,407.4,2.4,99.4,12.0,75.5,Yes,0.0,None
19:12:27.669,Active,409.6,2.4,98.2,12.0,76.5,Yes,0.0,None
19:12:28.086,Active,408.0,2.4,97.6,12.0,75.5,Yes,0.0,None
19:12:28.524,Active,429.2,2.4,95.4,12.0,77.1,Yes,0.0,None
19:12:28.943,Active,412.1,2.4,98.8,12.0,76.5,Yes,0.0,None
19:12:29.358,Active,409.1,2.4,98.8,12.0,76.5,Yes,0.0,None
19:12:29.771,Active,407.2,2.4,98.8,12.0,76.5,Yes,0.0,None
19:12:30.191,Active,413.9,2.4,97.6,12.0,77.1,Yes,0.0,None
19:12:30.599,Active,401.9,2.4,99.4,12.0,76.5,Yes,0.0,None
19:12:31.015,Active,410.2,2.4,99.4,12.0,77.1,Yes,0.0,None
19:12:31.443,Active,418.1,2.4,97.1,12.1,77.7,Yes,0.0,None
19:12:31.858,Active,407.6,2.4,98.8,12.1,76.0,Yes,0.0,None
19:12:32.277,Active,408.4,2.4,97.6,12.1,77.7,Yes,0.0,None
19:12:32.700,Active,413.5,2.4,98.2,12.1,77.1,Yes,0.0,None
19:12:33.114,Active,407.0,2.4,98.2,12.1,77.7,Yes,0.0,None
19:12:33.531,Active,408.0,2.4,97.6,12.1,76.5,Yes,0.0,None
19:12:33.962,Active,423.1,2.4,97.6,12.1,77.1,Yes,0.0,None
19:12:34.377,Active,407.0,2.4,98.2,12.1,77.1,Yes,0.0,None
19:12:34.797,Active,413.9,2.4,98.8,12.1,77.1,Yes,0.0,None
19:12:35.215,Active,412.6,2.4,98.2,12.1,77.1,Yes,0.0,None
19:12:35.638,Active,414.9,2.4,97.6,12.1,77.1,Yes,0.0,None
19:12:36.053,Active,409.3,2.4,98.8,12.1,77.1,Yes,0.0,None
19:12:36.466,Active,407.0,2.4,99.4,12.1,77.7,Yes,0.0,None
19:12:36.885,Active,407.6,2.4,98.8,12.0,77.7,Yes,0.0,None
19:12:37.297,Active,405.9,2.4,98.8,12.0,77.1,Yes,0.0,None
19:12:37.716,Active,410.4,2.4,98.8,12.1,77.1,Yes,0.0,None
19:12:38.132,Active,410.2,2.4,98.2,12.1,77.7,Yes,0.0,None
19:12:38.549,Active,409.6,2.4,98.8,12.1,77.1,Yes,0.0,None
19:12:38.987,Active,432.4,2.4,94.9,12.1,78.2,Yes,0.0,None
19:12:39.403,Active,408.0,2.4,98.8,12.1,77.1,Yes,0.0,None
19:12:39.826,Active,415.6,2.4,97.0,12.0,77.7,Yes,0.0,None
19:12:40.240,Active,407.3,2.4,99.4,12.0,77.7,Yes,0.0,None
19:12:40.654,Active,407.2,2.4,98.2,12.0,78.2,Yes,0.0,None
19:12:41.071,Active,407.8,2.4,98.2,12.1,78.2,Yes,0.0,None
19:12:41.503,Active,425.1,2.4,98.8,12.2,78.2,Yes,0.0,None
19:12:41.920,Active,410.9,2.4,99.4,12.2,77.7,Yes,0.0,None
19:12:42.336,Active,409.9,2.4,98.8,12.2,78.2,Yes,0.0,None
19:12:42.753,Active,409.6,2.4,97.6,12.2,78.2,Yes,0.0,None
19:12:43.168,Active,408.6,2.4,99.4,12.2,77.7,Yes,0.0,None
19:12:43.579,Active,403.7,2.4,98.2,12.2,78.2,Yes,0.0,None
19:12:43.996,Active,408.9,2.4,98.8,12.1,78.2,Yes,0.0,None
19:12:44.430,Active,427.0,2.4,95.4,12.1,78.2,Yes,0.0,None
19:12:44.852,Active,412.0,2.4,98.2,12.1,78.2,Yes,0.0,None
19:12:45.268,Active,409.0,2.4,98.2,12.1,78.2,Yes,0.0,None
19:12:45.688,Active,412.9,2.4,97.6,12.1,78.2,Yes,0.0,None
19:12:46.103,Active,405.9,2.4,98.2,12.1,78.2,Yes,0.0,None
19:12:46.516,Active,405.2,2.4,98.8,12.1,79.3,Yes,0.0,None
19:12:46.935,Active,408.4,2.4,98.8,12.1,78.2,Yes,0.0,None
19:12:47.350,Active,405.5,2.4,98.2,12.1,78.2,Yes,0.0,None
19:12:47.763,Active,407.4,2.4,99.4,12.1,78.2,Yes,0.0,None
19:12:48.180,Active,407.2,2.4,98.2,12.1,78.8,Yes,0.0,None
19:12:48.604,Active,416.7,2.4,97.0,12.1,79.3,Yes,0.0,None
19:12:49.023,Active,409.7,2.4,98.2,12.1,78.8,Yes,0.0,None
19:12:49.440,Active,406.5,2.4,98.2,12.1,78.2,Yes,0.0,None
19:12:49.856,Active,409.3,2.4,98.8,12.1,79.3,Yes,0.0,None
19:12:50.271,Active,408.4,2.4,98.8,12.0,78.8,Yes,0.0,None
19:12:50.688,Active,409.2,2.4,98.2,12.1,79.8,Yes,0.0,None
19:12:51.103,Active,408.0,2.4,98.8,12.1,78.2,Yes,0.0,None
19:12:51.519,Active,407.8,2.4,98.8,12.1,79.3,Yes,0.0,None
19:12:51.945,Active,418.2,2.4,98.8,12.3,78.2,Yes,0.0,None
19:12:52.362,Active,406.9,2.4,98.2,12.4,78.8,Yes,0.0,None
19:12:52.779,Active,407.7,2.4,98.2,12.4,79.3,Yes,0.0,None
19:12:53.190,Active,405.5,2.4,100.0,12.4,79.8,Yes,0.0,None
19:12:53.602,Active,406.2,2.4,98.8,12.3,78.8,Yes,0.0,None
19:12:54.018,Active,410.4,2.4,99.4,12.3,79.3,Yes,0.0,None
19:12:54.442,Active,415.1,2.4,99.4,12.4,78.8,Yes,0.0,None
19:12:54.866,Active,418.2,2.4,98.8,12.4,79.3,Yes,0.0,None
19:12:55.282,Active,406.1,2.4,98.2,12.4,78.8,Yes,0.0,None
19:12:55.699,Active,409.3,2.4,98.8,12.3,78.2,Yes,0.0,None
19:12:56.116,Active,408.6,2.4,98.8,12.3,78.8,Yes,0.0,None
19:12:56.539,Active,415.8,2.4,99.4,12.3,78.8,Yes,0.0,None
19:12:56.964,Active,419.4,2.4,98.8,12.2,79.3,Yes,0.0,None
19:12:57.389,Active,417.2,2.4,98.8,12.2,79.8,Yes,0.0,None
19:12:57.817,Active,422.1,2.4,98.8,12.2,77.7,Yes,0.0,None
19:12:58.239,Active,414.1,2.4,97.6,12.2,79.3,Yes,0.0,None
19:12:58.664,Active,416.5,2.4,98.8,12.2,78.8,Yes,0.0,None
19:12:59.088,Active,416.8,2.4,98.8,12.2,78.8,Yes,0.0,None
19:12:59.510,Active,414.7,2.4,98.2,12.2,79.8,Yes,0.0,None
19:12:59.939,Active,419.5,2.4,98.3,12.2,78.8,Yes,0.0,None
19:13:00.371,Active,424.4,2.4,97.1,12.2,79.8,Yes,0.0,None
19:13:00.814,Active,436.1,2.4,96.0,12.2,79.8,Yes,0.0,None
19:13:01.240,Active,416.6,2.4,98.2,12.1,79.8,Yes,0.0,None
19:13:01.664,Active,416.7,2.3,98.8,12.1,79.3,Yes,0.0,None
19:13:02.104,Active,432.7,2.3,98.3,12.2,79.3,Yes,0.0,None
19:13:02.528,Active,415.3,2.3,98.2,12.2,79.3,Yes,0.0,None
19:13:02.954,Active,419.2,2.3,98.8,12.2,79.3,Yes,0.0,None
19:13:03.378,Active,417.3,2.3,98.8,12.2,79.3,Yes,0.0,None
19:13:03.806,Active,418.5,2.3,97.7,12.2,79.8,Yes,0.0,None
19:13:04.228,Active,415.8,2.3,98.8,12.2,80.4,Yes,0.0,None
19:13:04.652,Active,417.9,2.3,99.4,12.1,79.8,Yes,0.0,None
19:13:05.075,Active,416.6,2.3,98.8,12.1,78.2,Yes,0.0,None
19:13:05.494,Active,413.5,2.3,99.4,12.1,79.8,Yes,0.0,None
19:13:50.936,Active,428.0,23.1,1.3,12.0,60.0,Yes,0.0,None
19:13:51.350,Active,408.3,23.1,98.8,12.0,62.8,Yes,0.0,None
19:13:51.767,Active,407.9,23.1,97.6,12.0,63.4,Yes,0.0,None
19:13:52.184,Active,410.7,23.1,98.8,12.0,64.5,Yes,0.0,None
19:13:52.597,Active,407.0,23.1,98.2,12.0,65.0,Yes,0.0,None
19:13:53.015,Active,409.7,23.1,98.2,12.0,65.5,Yes,0.0,None
19:13:53.447,Active,425.6,23.1,98.8,12.1,66.7,Yes,0.0,None
19:13:53.861,Active,407.6,23.1,99.4,12.1,67.8,Yes,0.0,None
19:13:54.295,Active,423.6,23.1,95.3,12.1,67.8,Yes,0.0,None
19:13:54.715,Active,411.9,23.1,98.2,12.1,68.8,Yes,0.0,None
19:13:55.129,Active,405.8,2.4,98.8,12.1,68.3,Yes,0.0,None
19:13:55.545,Active,407.0,2.4,97.6,12.1,68.8,Yes,0.0,None
19:13:55.962,Active,408.0,2.4,97.6,12.1,70.0,Yes,0.0,None
19:13:56.379,Active,407.1,2.4,98.2,12.1,69.4,Yes,0.0,None
19:13:56.795,Active,408.8,2.4,98.8,12.1,70.5,Yes,0.0,None
19:13:57.213,Active,411.1,2.4,98.8,12.1,71.0,Yes,0.0,None
19:13:57.627,Active,408.8,2.4,98.2,12.1,70.5,Yes,0.0,None
19:13:58.043,Active,407.9,2.4,98.2,12.1,71.6,Yes,0.0,None
19:13:58.456,Active,406.5,2.4,98.8,12.1,71.6,Yes,0.0,None
19:13:58.871,Active,408.0,2.4,98.8,12.1,71.6,Yes,0.0,None
19:13:59.283,Active,405.3,2.4,98.8,12.1,71.6,Yes,0.0,None
19:13:59.696,Active,407.2,2.4,99.4,12.1,71.0,Yes,0.0,None
19:14:00.108,Active,404.9,2.4,98.8,12.1,73.2,Yes,0.0,None
19:14:00.520,Active,405.1,2.4,99.4,12.1,72.7,Yes,0.0,None
19:14:00.936,Active,409.9,2.4,98.8,12.1,73.2,Yes,0.0,None
19:14:01.350,Active,406.5,2.4,98.8,12.1,73.2,Yes,0.0,None
19:14:01.767,Active,408.2,2.4,98.2,12.1,73.8,Yes,0.0,None
19:14:02.181,Active,408.0,2.4,98.8,12.1,73.8,Yes,0.0,None
19:14:02.595,Active,407.3,2.4,98.8,12.1,74.9,Yes,0.0,None
19:14:03.007,Active,406.5,2.4,98.2,12.1,73.8,Yes,0.0,None
19:14:03.439,Active,424.1,2.4,98.8,12.1,73.8,Yes,0.0,None
19:14:03.855,Active,409.9,2.4,99.4,12.1,73.8,Yes,0.0,None
19:14:04.268,Active,407.3,2.4,99.4,12.1,74.3,Yes,0.0,None
19:14:04.683,Active,407.9,2.4,98.2,12.1,74.3,Yes,0.0,None
19:14:05.102,Active,413.0,2.4,98.2,12.1,74.3,Yes,0.0,None
19:14:05.528,Active,419.7,2.4,96.5,12.1,74.3,Yes,0.0,None
19:14:05.943,Active,408.3,2.4,98.8,12.1,74.9,Yes,0.0,None
19:14:06.368,Active,416.2,2.4,98.8,12.0,74.3,Yes,0.0,None
19:14:06.783,Active,407.9,2.4,98.8,12.0,74.9,Yes,0.0,None
19:14:07.200,Active,406.8,2.4,98.2,12.0,75.5,Yes,0.0,None
19:14:07.613,Active,407.3,2.4,98.8,12.0,74.9,Yes,0.0,None
19:14:08.026,Active,406.9,2.4,99.4,12.0,75.5,Yes,0.0,None
19:14:08.439,Active,406.8,2.4,99.4,12.0,75.5,Yes,0.0,None
19:14:08.855,Active,410.4,2.4,99.4,12.0,75.5,Yes,0.0,None
19:14:09.273,Active,407.9,2.4,98.2,12.0,74.9,Yes,0.0,None
19:14:09.690,Active,409.1,2.4,98.2,12.0,75.5,Yes,0.0,None
19:14:10.108,Active,408.3,2.4,98.2,12.0,75.5,Yes,0.0,None
19:14:10.532,Active,418.5,2.4,96.5,12.0,76.0,Yes,0.0,None
19:14:10.944,Active,406.0,2.4,98.8,12.0,76.0,Yes,0.0,None
19:14:11.376,Active,419.5,2.4,95.9,12.0,76.0,Yes,0.0,None
19:14:11.793,Active,411.3,2.4,98.2,12.0,75.5,Yes,0.0,None
19:14:12.205,Active,406.1,2.4,98.8,12.0,76.0,Yes,0.0,None
19:14:12.621,Active,405.7,2.4,98.2,12.0,76.5,Yes,0.0,None
19:14:13.039,Active,408.6,2.4,97.6,12.0,75.5,Yes,0.0,None
19:14:13.451,Active,406.0,2.4,99.4,12.0,76.0,Yes,0.0,None
19:14:13.880,Active,422.7,2.4,98.8,12.0,76.5,Yes,0.0,None
19:14:14.290,Active,403.4,2.4,99.4,12.0,76.5,Yes,0.0,None
19:14:14.706,Active,407.2,2.4,98.8,12.0,76.5,Yes,0.0,None
19:14:15.120,Active,407.4,2.4,99.4,12.0,76.5,Yes,0.0,None
19:14:15.540,Active,408.7,2.4,97.6,12.0,75.5,Yes,0.0,None
19:14:15.956,Active,408.7,2.4,98.2,12.0,77.1,Yes,0.0,None
19:14:16.373,Active,409.9,2.4,98.8,12.0,77.1,Yes,0.0,None
19:14:16.788,Active,409.3,2.4,98.2,12.0,76.5,Yes,0.0,None
19:14:17.203,Active,408.0,2.4,98.2,12.0,76.0,Yes,0.0,None
19:14:17.618,Active,406.6,2.4,98.8,12.0,77.7,Yes,0.0,None
19:14:18.036,Active,409.1,2.4,98.2,12.0,76.0,Yes,0.0,None
19:14:18.453,Active,409.6,2.4,98.2,12.0,77.7,Yes,0.0,None
19:14:18.889,Active,430.4,2.4,95.3,12.0,76.5,Yes,0.0,None
19:14:19.300,Active,405.1,2.4,98.8,12.0,77.7,Yes,0.0,None
19:14:19.715,Active,408.3,2.4,99.4,12.0,76.5,Yes,0.0,None
19:14:20.144,Active,418.3,2.4,97.1,12.0,77.1,Yes,0.0,None
19:14:20.560,Active,408.7,2.4,98.8,12.0,77.1,Yes,0.0,None
19:14:20.981,Active,415.0,2.4,98.2,12.0,77.7,Yes,0.0,None
19:14:21.395,Active,408.2,2.4,98.8,12.0,77.7,Yes,0.0,None
19:14:21.810,Active,408.9,2.4,98.8,12.0,77.7,Yes,0.0,None
19:14:22.227,Active,409.4,2.4,97.6,12.0,78.2,Yes,0.0,None
19:14:22.644,Active,407.3,2.4,98.2,12.0,77.1,Yes,0.0,None
19:14:23.057,Active,407.1,2.4,99.4,12.0,77.7,Yes,0.0,None
19:14:23.479,Active,412.4,2.4,97.1,12.0,77.7,Yes,0.0,None
19:14:23.936,Active,449.3,2.4,95.0,12.0,77.7,Yes,0.0,None
19:14:24.349,Active,406.8,2.4,98.8,12.0,78.2,Yes,0.0,None
19:14:24.793,Active,434.5,2.4,94.4,12.0,77.7,Yes,0.0,None
19:14:25.210,Active,407.0,2.4,98.8,12.0,77.7,Yes,0.0,None
19:14:25.625,Active,408.9,2.4,98.8,12.0,77.7,Yes,0.0,None
19:14:26.041,Active,409.6,2.4,98.8,12.0,78.2,Yes,0.0,None
19:14:26.456,Active,408.7,2.4,98.8,12.0,78.2,Yes,0.0,None
19:14:26.873,Active,409.0,2.4,98.8,12.0,78.8,Yes,0.0,None
19:14:27.286,Active,407.0,2.4,98.8,12.0,77.7,Yes,0.0,None
19:14:27.704,Active,409.0,2.4,98.2,12.0,78.8,Yes,0.0,None
19:14:28.128,Active,413.5,2.4,97.6,12.0,78.2,Yes,0.0,None
19:14:28.545,Active,407.7,2.4,97.6,12.0,77.7,Yes,0.0,None
19:14:28.958,Active,407.0,2.4,98.8,12.0,78.8,Yes,0.0,None
19:14:29.373,Active,405.0,2.4,98.2,12.0,77.7,Yes,0.0,None
19:14:29.788,Active,407.0,2.4,98.2,12.0,77.7,Yes,0.0,None
19:14:30.199,Active,403.9,2.4,98.8,12.0,78.2,Yes,0.0,None
19:14:30.612,Active,404.7,2.4,98.2,12.0,77.7,Yes,0.0,None
19:14:31.023,Active,404.2,2.4,98.8,12.0,77.7,Yes,0.0,None
19:14:31.436,Active,406.7,2.4,99.4,12.0,78.8,Yes,0.0,None
19:14:31.851,Active,408.0,2.4,98.8,12.0,78.2,Yes,0.0,None
19:14:32.264,Active,407.2,2.4,99.4,12.0,78.2,Yes,0.0,None
19:14:32.681,Active,407.7,2.4,98.2,12.0,78.8,Yes,0.0,None
19:14:33.096,Active,405.3,2.4,98.2,12.0,78.8,Yes,0.0,None
19:14:33.509,Active,405.6,2.4,98.8,12.0,78.2,Yes,0.0,None
19:14:33.941,Active,425.7,2.4,98.8,12.0,77.7,Yes,0.0,None
19:14:34.371,Active,424.5,2.4,98.3,12.1,78.8,Yes,0.0,None
19:14:34.786,Active,408.9,2.4,99.4,12.1,78.2,Yes,0.0,None
19:14:35.199,Active,406.8,2.4,98.8,12.1,78.2,Yes,0.0,None
19:14:35.611,Active,406.3,2.4,98.8,12.1,78.2,Yes,0.0,None
19:14:36.031,Active,411.5,2.4,98.2,12.1,78.8,Yes,0.0,None
19:14:36.446,Active,409.8,2.4,98.8,12.1,78.2,Yes,0.0,None
19:14:36.863,Active,410.8,2.4,97.6,12.1,79.3,Yes,0.0,None
19:14:37.281,Active,408.7,2.4,97.6,12.1,78.8,Yes,0.0,None
19:14:37.700,Active,412.7,2.4,99.4,12.1,79.3,Yes,0.0,None
19:14:38.117,Active,409.7,2.4,97.6,12.1,79.3,Yes,0.0,None
19:14:38.534,Active,407.0,2.4,97.6,12.1,78.2,Yes,0.0,None
19:14:38.953,Active,409.6,2.4,98.2,12.1,78.8,Yes,0.0,None
19:14:39.365,Active,405.7,2.4,98.8,12.1,78.8,Yes,0.0,None
19:14:39.778,Active,406.5,2.4,99.4,12.1,79.3,Yes,0.0,None
19:14:40.193,Active,409.2,2.4,99.4,12.1,78.8,Yes,0.0,None
19:14:40.612,Active,409.1,2.4,97.6,12.1,79.3,Yes,0.0,None
19:14:41.028,Active,408.6,2.4,98.2,12.1,78.8,Yes,0.0,None
19:14:41.443,Active,408.5,2.4,98.8,12.1,78.8,Yes,0.0,None
19:14:41.861,Active,411.6,2.4,98.8,12.0,79.3,Yes,0.0,None
19:14:42.286,Active,419.0,2.4,96.5,12.0,78.8,Yes,0.0,None
19:14:42.704,Active,408.0,2.4,98.2,12.1,79.3,Yes,0.0,None
19:14:43.129,Active,419.0,2.4,97.0,12.0,78.8,Yes,0.0,None
19:14:43.545,Active,406.1,2.4,97.6,12.1,78.8,Yes,0.0,None
19:14:43.962,Active,410.8,2.4,99.4,12.1,79.3,Yes,0.0,None
19:14:44.393,Active,421.6,2.4,97.7,12.2,79.3,Yes,0.0,None
19:14:44.807,Active,407.8,2.4,98.8,12.2,79.3,Yes,0.0,None
19:14:45.219,Active,406.5,2.4,99.4,12.2,79.8,Yes,0.0,None
19:14:45.636,Active,410.5,2.4,99.4,12.2,78.8,Yes,0.0,None
19:14:46.068,Active,426.3,2.4,97.7,12.1,79.3,Yes,0.0,None
19:14:46.493,Active,417.9,2.4,98.8,12.1,79.3,Yes,0.0,None
19:14:46.915,Active,415.9,2.4,98.2,12.1,79.8,Yes,0.0,None
19:14:47.340,Active,416.9,2.4,98.2,12.1,79.3,Yes,0.0,None
19:14:47.764,Active,416.8,2.4,98.8,12.1,79.8,Yes,0.0,None
19:14:48.186,Active,415.3,2.4,98.8,12.1,78.8,Yes,0.0,None
19:14:48.611,Active,416.1,2.4,98.2,12.1,79.3,Yes,0.0,None
19:14:49.039,Active,421.8,2.4,98.2,12.1,79.8,Yes,0.0,None
19:14:49.461,Active,415.3,2.4,99.4,12.1,79.3,Yes,0.0,None
19:14:49.888,Active,420.9,2.4,98.8,12.1,79.8,Yes,0.0,None
19:14:50.310,Active,415.6,2.4,98.8,12.1,78.8,Yes,0.0,None
19:14:50.740,Active,421.0,2.4,98.2,12.1,79.3,Yes,0.0,None
19:15:36.176,Active,421.4,2.4,1.0,12.1,60.6,Yes,0.0,None
19:15:36.584,Active,401.6,2.4,100.0,12.1,63.4,Yes,0.0,None
19:15:37.002,Active,408.6,2.4,98.8,12.1,63.4,Yes,0.0,None
19:15:37.413,Active,404.8,2.4,99.4,12.1,64.5,Yes,0.0,None
19:15:37.827,Active,407.8,2.4,99.4,12.1,65.5,Yes,0.0,None
19:15:38.243,Active,407.6,2.4,98.2,12.1,65.5,Yes,0.0,None
19:15:38.654,Active,403.1,3.4,99.4,12.1,66.7,Yes,0.0,None
19:15:39.075,Active,406.6,3.4,97.6,12.1,67.2,Yes,0.0,None
19:15:39.490,Active,407.0,3.4,98.8,12.1,67.8,Yes,0.0,None
19:15:39.903,Active,406.7,3.4,99.4,12.0,68.3,Yes,0.0,None
19:15:40.315,Active,403.6,3.4,99.4,12.0,68.8,Yes,0.0,None
19:15:40.733,Active,412.2,3.4,98.8,12.0,68.3,Yes,0.0,None
19:15:41.146,Active,407.0,3.4,98.8,12.0,68.8,Yes,0.0,None
19:15:41.563,Active,407.3,3.4,98.2,12.0,70.0,Yes,0.0,None
19:15:41.978,Active,409.8,3.4,98.8,12.0,71.0,Yes,0.0,None
19:15:42.390,Active,406.3,3.4,99.4,12.0,70.5,Yes,0.0,None
19:15:42.811,Active,414.5,2.4,97.6,12.0,72.2,Yes,0.0,None
19:15:43.234,Active,415.4,2.4,97.1,12.0,71.6,Yes,0.0,None
19:15:43.651,Active,407.6,2.4,98.2,12.0,72.7,Yes,0.0,None
19:15:44.067,Active,407.1,2.4,98.2,12.0,71.0,Yes,0.0,None
19:15:44.484,Active,408.2,2.4,98.2,12.0,71.0,Yes,0.0,None
19:15:44.900,Active,408.7,2.4,98.2,12.0,72.7,Yes,0.0,None
19:15:45.319,Active,411.9,2.4,98.2,12.0,72.2,Yes,0.0,None
19:15:45.732,Active,407.3,2.4,99.4,12.0,72.7,Yes,0.0,None
19:15:46.158,Active,419.3,2.4,99.4,12.0,73.8,Yes,0.0,None
19:15:46.575,Active,408.2,2.4,98.8,12.1,73.2,Yes,0.0,None
19:15:46.987,Active,406.1,2.4,98.8,12.1,73.8,Yes,0.0,None
19:15:47.400,Active,406.6,2.4,100.0,12.1,73.2,Yes,0.0,None
19:15:47.817,Active,409.6,2.4,98.8,12.1,73.2,Yes,0.0,None
19:15:48.230,Active,407.4,2.4,98.8,12.1,73.8,Yes,0.0,None
19:15:48.646,Active,410.1,2.4,98.2,12.0,73.8,Yes,0.0,None
19:15:49.071,Active,415.7,2.4,97.0,12.0,74.3,Yes,0.0,None
19:15:49.486,Active,407.1,2.4,98.8,12.0,74.3,Yes,0.0,None
19:15:49.898,Active,406.2,2.4,99.4,12.0,74.3,Yes,0.0,None
19:15:50.314,Active,406.2,2.4,97.6,12.0,75.5,Yes,0.0,None
19:15:50.733,Active,411.4,2.4,98.8,12.0,74.9,Yes,0.0,None
19:15:51.145,Active,405.8,2.4,98.2,12.0,75.5,Yes,0.0,None
19:15:51.563,Active,408.9,2.4,98.2,12.1,74.3,Yes,0.0,None
19:15:51.980,Active,409.3,2.4,98.2,12.1,74.9,Yes,0.0,None
19:15:52.395,Active,407.9,2.4,98.8,12.1,74.9,Yes,0.0,None
19:15:52.810,Active,407.2,2.4,98.2,12.1,74.3,Yes,0.0,None
19:15:53.225,Active,405.8,2.4,98.2,12.1,74.3,Yes,0.0,None
19:15:53.639,Active,408.1,2.4,99.4,12.0,74.9,Yes,0.0,None
19:15:54.055,Active,409.9,2.4,98.8,12.0,74.9,Yes,0.0,None
19:15:54.466,Active,404.6,2.4,99.4,12.0,76.5,Yes,0.0,None
19:15:54.903,Active,427.8,2.4,96.0,12.0,75.5,Yes,0.0,None
19:15:55.335,Active,423.7,2.4,95.3,12.1,75.5,Yes,0.0,None
19:15:55.752,Active,408.7,2.4,98.8,12.1,75.5,Yes,0.0,None
19:15:56.177,Active,418.4,2.4,98.2,12.1,75.5,Yes,0.0,None
19:15:56.599,Active,411.6,2.4,97.6,12.2,75.5,Yes,0.0,None
19:15:57.016,Active,409.2,2.4,98.2,12.2,76.0,Yes,0.0,None
19:15:57.430,Active,407.0,2.4,98.8,12.2,76.5,Yes,0.0,None
19:15:57.848,Active,408.5,2.4,98.2,12.2,76.5,Yes,0.0,None
19:15:58.262,Active,407.1,2.4,98.8,12.1,76.5,Yes,0.0,None
19:15:58.679,Active,407.9,2.4,97.6,12.1,76.5,Yes,0.0,None
19:15:59.106,Active,420.7,2.4,97.1,12.1,77.1,Yes,0.0,None
19:15:59.522,Active,407.1,2.4,98.8,12.1,76.0,Yes,0.0,None
19:15:59.941,Active,409.6,2.4,98.2,12.1,76.0,Yes,0.0,None
19:16:00.356,Active,409.0,2.4,98.8,12.1,75.5,Yes,0.0,None
19:16:00.772,Active,409.6,2.4,98.8,12.1,77.1,Yes,0.0,None
19:16:01.209,Active,430.3,2.4,95.9,12.1,76.5,Yes,0.0,None
19:16:01.630,Active,411.4,2.4,97.0,12.1,75.5,Yes,0.0,None
19:16:02.049,Active,410.0,2.4,98.2,12.1,76.5,Yes,0.0,None
19:16:02.468,Active,410.0,2.4,98.2,12.1,76.0,Yes,0.0,None
19:16:02.882,Active,407.0,2.4,98.8,12.1,76.5,Yes,0.0,None
19:16:03.295,Active,407.0,2.4,99.4,12.1,76.0,Yes,0.0,None
19:16:03.711,Active,407.9,2.4,98.8,12.1,76.0,Yes,0.0,None
19:16:04.123,Active,406.3,2.4,99.4,12.1,76.5,Yes,0.0,None
19:16:04.540,Active,406.9,2.4,98.2,12.1,77.7,Yes,0.0,None
19:16:04.957,Active,408.1,2.4,98.2,12.1,77.1,Yes,0.0,None
19:16:05.370,Active,406.5,2.4,98.8,12.1,77.1,Yes,0.0,None
19:16:05.800,Active,421.0,2.4,95.9,12.1,77.1,Yes,0.0,None
19:16:06.218,Active,411.2,2.4,99.4,12.1,77.7,Yes,0.0,None
19:16:06.661,Active,433.6,2.4,98.3,12.1,77.1,Yes,0.0,None
19:16:07.074,Active,407.2,2.4,98.8,12.1,77.1,Yes,0.0,None
19:16:07.490,Active,406.5,2.4,98.2,12.1,77.7,Yes,0.0,None
19:16:07.907,Active,408.1,2.4,98.2,12.1,77.7,Yes,0.0,None
19:16:08.325,Active,409.9,2.4,98.8,12.1,77.1,Yes,0.0,None
19:16:08.740,Active,408.6,2.4,98.2,12.1,77.1,Yes,0.0,None
19:16:09.154,Active,406.8,2.4,98.8,12.1,77.1,Yes,0.0,None
19:16:09.566,Active,406.3,2.4,99.4,12.1,77.7,Yes,0.0,None
19:16:09.983,Active,408.3,2.4,98.2,12.1,78.2,Yes,0.0,None
19:16:10.419,Active,428.3,2.4,95.4,12.1,77.7,Yes,0.0,None
19:16:10.835,Active,409.3,2.4,98.8,12.1,77.7,Yes,0.0,None
19:16:11.249,Active,408.3,2.4,99.4,12.1,77.1,Yes,0.0,None
19:16:11.664,Active,408.7,2.4,98.8,12.1,78.2,Yes,0.0,None
19:16:12.079,Active,408.2,2.4,98.8,12.1,77.7,Yes,0.0,None
19:16:12.496,Active,410.8,2.4,98.2,12.1,78.2,Yes,0.0,None
19:16:12.917,Active,413.7,2.4,98.2,12.1,77.7,Yes,0.0,None
19:16:13.333,Active,407.8,2.4,98.2,12.1,77.7,Yes,0.0,None
19:16:13.754,Active,411.0,2.4,98.2,12.1,78.2,Yes,0.0,None
19:16:14.170,Active,409.8,2.4,98.8,12.1,77.7,Yes,0.0,None
19:16:14.587,Active,407.7,2.4,97.6,12.1,78.8,Yes,0.0,None
19:16:15.004,Active,409.0,2.4,98.2,12.0,78.2,Yes,0.0,None
19:16:15.418,Active,407.7,2.4,99.4,12.0,78.8,Yes,0.0,None
19:16:15.834,Active,410.6,2.4,98.2,12.0,78.8,Yes,0.0,None
19:16:16.251,Active,407.4,2.4,98.2,12.1,77.7,Yes,0.0,None
19:16:16.691,Active,432.3,2.4,97.7,12.1,78.2,Yes,0.0,None
19:16:17.106,Active,406.6,2.4,98.2,12.1,78.8,Yes,0.0,None
19:16:17.522,Active,407.2,2.4,98.2,12.2,78.2,Yes,0.0,None
19:16:17.940,Active,409.1,2.4,98.8,12.2,77.7,Yes,0.0,None
19:16:18.355,Active,407.8,2.4,98.8,12.2,78.2,Yes,0.0,None
19:16:18.771,Active,407.6,2.4,98.8,12.2,78.2,Yes,0.0,None
19:16:19.182,Active,405.0,2.4,99.4,12.2,78.8,Yes,0.0,None
19:16:19.595,Active,407.2,2.4,99.4,12.1,78.2,Yes,0.0,None
19:16:20.014,Active,413.7,2.4,98.8,12.1,78.2,Yes,0.0,None
19:16:20.426,Active,405.5,2.4,98.8,12.1,78.8,Yes,0.0,None
19:16:20.841,Active,409.5,2.4,99.4,12.1,78.2,Yes,0.0,None
19:16:21.252,Active,404.8,2.4,98.8,12.1,78.2,Yes,0.0,None
19:16:21.666,Active,408.4,2.4,99.4,12.1,78.2,Yes,0.0,None
19:16:22.081,Active,408.7,2.4,99.4,12.1,79.3,Yes,0.0,None
19:16:22.495,Active,406.3,2.4,98.2,12.1,78.8,Yes,0.0,None
19:16:22.910,Active,408.3,2.4,98.2,12.1,78.2,Yes,0.0,None
19:16:23.327,Active,410.7,2.4,98.8,12.1,79.8,Yes,0.0,None
19:16:23.746,Active,408.7,2.4,97.6,12.1,78.2,Yes,0.0,None
19:16:24.165,Active,409.5,2.4,98.2,12.1,78.8,Yes,0.0,None
19:16:24.579,Active,407.9,2.4,98.8,12.1,79.3,Yes,0.0,None
19:16:24.992,Active,407.4,2.4,98.8,12.1,79.3,Yes,0.0,None
19:16:25.408,Active,406.6,2.4,98.8,12.1,78.8,Yes,0.0,None
19:16:25.826,Active,409.1,2.4,98.2,12.1,78.8,Yes,0.0,None
19:16:26.243,Active,406.5,2.4,98.2,12.1,78.8,Yes,0.0,None
19:16:26.656,Active,406.6,2.4,98.8,12.1,78.8,Yes,0.0,None
19:16:27.089,Active,424.7,2.4,98.3,12.1,79.3,Yes,0.0,None
19:16:27.503,Active,408.4,2.4,99.4,12.1,79.8,Yes,0.0,None
19:16:27.938,Active,429.0,2.4,96.0,12.1,78.8,Yes,0.0,None
19:16:28.356,Active,408.8,2.4,98.2,12.1,79.3,Yes,0.0,None
19:16:28.772,Active,409.0,2.4,98.2,12.1,79.3,Yes,0.0,None
19:16:29.187,Active,408.0,2.4,98.8,12.1,79.3,Yes,0.0,None
19:16:29.599,Active,406.3,2.4,99.4,12.1,79.3,Yes,0.0,None
19:16:30.013,Active,408.0,2.4,98.8,12.1,79.3,Yes,0.0,None
19:16:30.428,Active,406.4,2.4,98.2,12.1,78.8,Yes,0.0,None
19:16:30.846,Active,411.0,2.4,99.4,12.1,78.8,Yes,0.0,None
19:16:31.270,Active,414.5,2.4,98.2,12.1,79.3,Yes,0.0,None
19:16:31.696,Active,419.6,2.4,98.8,12.1,79.3,Yes,0.0,None
19:16:32.119,Active,416.1,2.4,98.2,12.0,79.3,Yes,0.0,None
19:16:32.548,Active,420.9,2.4,98.2,12.0,78.8,Yes,0.0,None
19:16:32.973,Active,417.6,2.4,97.7,12.0,79.3,Yes,0.0,None
19:16:33.395,Active,416.1,2.4,99.4,12.0,80.4,Yes,0.0,None
19:16:33.817,Active,415.8,2.4,98.8,12.0,79.3,Yes,0.0,None
19:16:34.252,Active,425.3,2.4,97.1,12.1,80.4,Yes,0.0,None
19:16:34.675,Active,416.0,2.4,99.4,12.1,77.1,Yes,0.0,None
19:16:35.099,Active,415.9,2.4,98.8,12.1,79.3,Yes,0.0,None
19:16:35.521,Active,415.7,2.4,99.4,12.1,78.8,Yes,0.0,None
19:16:35.949,Active,422.3,2.4,97.6,12.1,79.8,Yes,0.0,None
19:17:21.391,Active,428.1,2.4,1.3,12.0,60.0,Yes,0.0,None
19:17:21.818,Active,420.6,2.4,96.5,12.0,62.2,Yes,0.0,None
19:17:22.230,Active,406.3,7.9,100.0,12.0,63.9,Yes,0.0,None
19:17:22.643,Active,406.7,7.9,98.8,12.0,65.0,Yes,0.0,None
19:17:23.055,Active,406.0,7.9,99.4,12.0,65.5,Yes,0.0,None
19:17:23.471,Active,408.5,7.9,98.8,12.0,66.7,Yes,0.0,None
19:17:23.888,Active,410.6,7.9,98.8,12.0,66.1,Yes,0.0,None
19:17:24.301,Active,406.1,7.9,98.2,12.0,67.2,Yes,0.0,None
19:17:24.721,Active,410.9,7.9,98.8,12.1,67.8,Yes,0.0,None
19:17:25.139,Active,412.3,7.9,97.6,12.0,69.4,Yes,0.0,None
19:17:25.555,Active,410.0,7.9,98.8,12.0,68.8,Yes,0.0,None
19:17:25.973,Active,409.6,7.9,98.2,12.1,69.4,Yes,0.0,None
19:17:26.389,Active,410.1,2.4,98.8,12.1,69.4,Yes,0.0,None
19:17:26.815,Active,420.0,2.4,97.0,12.1,70.0,Yes,0.0,None
19:17:27.236,Active,412.7,2.4,97.0,12.1,70.0,Yes,0.0,None
19:17:27.656,Active,413.2,2.4,98.2,12.1,70.5,Yes,0.0,None
19:17:28.072,Active,408.6,2.4,98.2,12.0,71.0,Yes,0.0,None
19:17:28.500,Active,420.8,2.4,98.8,12.1,71.0,Yes,0.0,None
19:17:28.920,Active,412.6,2.4,98.8,12.1,71.6,Yes,0.0,None
19:17:29.434,Active,406.3,2.4,79.1,12.1,71.6,Yes,0.0,None
19:17:29.851,Active,409.6,2.4,98.8,12.1,71.6,Yes,0.0,None
19:17:30.274,Active,415.0,2.4,97.0,12.1,72.2,Yes,0.0,None
19:17:30.692,Active,411.3,2.3,98.8,12.0,72.2,Yes,0.0,None
19:17:31.104,Active,406.3,2.3,98.8,12.0,72.7,Yes,0.0,None
19:17:31.516,Active,404.8,2.3,98.8,12.0,72.7,Yes,0.0,None
19:17:31.934,Active,408.9,2.3,98.2,12.0,72.7,Yes,0.0,None
19:17:32.352,Active,408.0,2.3,98.2,12.0,73.2,Yes,0.0,None
19:17:32.774,Active,412.0,2.3,98.2,12.0,73.2,Yes,0.0,None
19:17:33.189,Active,406.7,2.3,98.2,12.0,73.8,Yes,0.0,None
19:17:33.602,Active,407.2,2.3,98.8,12.0,73.2,Yes,0.0,None
19:17:34.022,Active,410.0,2.3,98.2,12.0,73.8,Yes,0.0,None
19:17:34.438,Active,406.4,2.3,98.8,12.0,74.3,Yes,0.0,None
19:17:34.859,Active,411.9,2.4,97.6,12.0,74.9,Yes,0.0,None
19:17:35.276,Active,408.7,2.4,98.8,12.0,73.8,Yes,0.0,None
19:17:35.695,Active,410.8,2.4,98.2,12.0,73.8,Yes,0.0,None
19:17:36.120,Active,417.8,2.4,96.5,12.0,74.3,Yes,0.0,None
19:17:36.538,Active,410.0,2.4,97.0,12.0,74.9,Yes,0.0,None
19:17:36.960,Active,410.6,2.4,98.2,12.0,74.3,Yes,0.0,None
19:17:37.378,Active,409.6,2.4,97.6,12.0,75.5,Yes,0.0,None
19:17:37.795,Active,408.0,2.4,98.2,12.0,75.5,Yes,0.0,None
19:17:38.207,Active,406.3,2.4,99.4,12.0,76.0,Yes,0.0,None
19:17:38.653,Active,437.8,2.4,96.6,12.2,74.9,Yes,0.0,None
19:17:39.066,Active,406.0,2.4,98.8,12.2,76.0,Yes,0.0,None
19:17:39.499,Active,424.3,2.4,95.9,12.2,74.9,Yes,0.0,None
19:17:39.916,Active,408.7,2.4,98.2,12.2,76.5,Yes,0.0,None
19:17:40.333,Active,409.7,2.4,98.2,12.2,75.5,Yes,0.0,None
19:17:40.767,Active,428.8,2.4,95.3,12.2,75.5,Yes,0.0,None
19:17:41.181,Active,406.2,2.4,98.2,12.2,75.5,Yes,0.0,None
19:17:41.599,Active,406.5,2.4,98.2,12.1,76.0,Yes,0.0,None
19:17:42.019,Active,411.8,2.4,98.2,12.1,76.0,Yes,0.0,None
19:17:42.435,Active,407.6,2.4,98.2,12.1,76.0,Yes,0.0,None
19:17:42.850,Active,408.3,2.4,99.4,12.1,76.0,Yes,0.0,None
19:17:43.264,Active,407.7,2.4,99.4,12.1,76.0,Yes,0.0,None
19:17:43.679,Active,407.9,2.4,98.2,12.1,77.1,Yes,0.0,None
19:17:44.117,Active,430.2,2.4,95.3,12.1,76.0,Yes,0.0,None
19:17:44.535,Active,408.5,2.4,98.2,12.1,76.5,Yes,0.0,None
19:17:44.949,Active,407.6,2.4,98.8,12.1,77.1,Yes,0.0,None
19:17:45.363,Active,407.7,2.4,99.4,12.1,76.0,Yes,0.0,None
19:17:45.780,Active,408.6,2.4,98.8,12.1,76.5,Yes,0.0,None
19:17:46.195,Active,407.6,2.4,98.8,12.0,76.5,Yes,0.0,None
19:17:46.611,Active,407.9,2.4,97.0,12.0,76.0,Yes,0.0,None
19:17:47.027,Active,408.2,2.4,98.8,12.0,74.9,Yes,0.0,None
19:17:47.441,Active,407.5,2.4,99.4,12.0,77.1,Yes,0.0,None
19:17:47.857,Active,410.3,2.4,98.2,12.0,76.5,Yes,0.0,None
19:17:48.272,Active,404.9,2.4,98.2,12.0,77.1,Yes,0.0,None
19:17:48.690,Active,407.8,2.4,98.8,12.0,77.1,Yes,0.0,None
19:17:49.117,Active,417.5,2.4,98.3,12.0,77.7,Yes,0.0,None
19:17:49.531,Active,406.4,2.4,98.2,12.1,77.1,Yes,0.0,None
19:17:49.948,Active,409.7,2.4,98.8,12.1,77.1,Yes,0.0,None
19:17:50.363,Active,407.5,2.4,98.2,12.1,77.1,Yes,0.0,None
19:17:50.778,Active,409.1,2.4,98.8,12.1,77.1,Yes,0.0,None
19:17:51.192,Active,405.2,2.4,98.2,12.1,77.1,Yes,0.0,None
19:17:51.611,Active,411.5,2.4,99.4,12.0,77.1,Yes,0.0,None
19:17:52.022,Active,405.9,2.4,100.0,12.0,77.7,Yes,0.0,None
19:17:52.436,Active,407.7,2.4,99.4,12.0,77.7,Yes,0.0,None
19:17:52.862,Active,419.8,2.4,97.7,12.0,77.7,Yes,0.0,None
19:17:53.275,Active,407.1,2.4,98.8,12.0,77.1,Yes,0.0,None
19:17:53.699,Active,415.8,2.4,98.2,12.0,76.5,Yes,0.0,None
19:17:54.127,Active,418.4,2.4,96.5,12.0,77.1,Yes,0.0,None
19:17:54.544,Active,408.9,2.4,98.2,12.0,77.7,Yes,0.0,None
19:17:54.961,Active,409.6,2.4,98.2,12.0,76.5,Yes,0.0,None
19:17:55.392,Active,425.4,2.4,97.1,12.0,77.1,Yes,0.0,None
19:17:55.811,Active,411.9,2.4,98.8,12.0,77.1,Yes,0.0,None
19:17:56.222,Active,405.2,2.4,98.8,12.0,77.7,Yes,0.0,None
19:17:56.638,Active,408.9,2.4,98.8,12.0,77.7,Yes,0.0,None
19:17:57.076,Active,428.6,2.4,96.6,12.0,77.7,Yes,0.0,None
19:17:57.490,Active,408.3,2.4,98.8,12.0,78.2,Yes,0.0,None
19:17:57.905,Active,408.8,2.4,98.8,12.0,77.7,Yes,0.0,None
19:17:58.320,Active,409.3,2.4,97.6,12.0,77.1,Yes,0.0,None
19:17:58.740,Active,412.7,2.4,98.8,12.0,78.2,Yes,0.0,None
19:17:59.165,Active,417.6,2.4,98.2,12.0,78.2,Yes,0.0,None
19:17:59.581,Active,406.1,2.4,98.8,12.1,78.2,Yes,0.0,None
19:17:59.996,Active,408.6,2.4,99.4,12.0,78.2,Yes,0.0,None
19:18:00.410,Active,408.4,2.4,98.8,12.0,78.2,Yes,0.0,None
19:18:00.836,Active,417.0,2.4,96.5,12.0,78.2,Yes,0.0,None
19:18:01.251,Active,407.9,2.4,98.8,12.0,78.2,Yes,0.0,None
19:18:01.683,Active,424.0,2.4,96.5,12.0,78.2,Yes,0.0,None
19:18:02.098,Active,406.6,2.4,98.2,12.0,78.2,Yes,0.0,None
19:18:02.515,Active,407.6,2.4,98.2,12.0,78.2,Yes,0.0,None
19:18:02.931,Active,408.3,2.4,98.2,12.0,78.2,Yes,0.0,None
19:18:03.442,Active,402.9,2.4,79.4,12.0,78.2,Yes,0.0,None
19:18:03.857,Active,407.6,2.4,99.4,12.0,78.2,Yes,0.0,None
19:18:04.273,Active,409.1,2.3,98.8,12.0,78.2,Yes,0.0,None
19:18:04.686,Active,407.1,2.3,98.8,12.0,78.8,Yes,0.0,None
19:18:05.097,Active,405.2,2.3,98.8,12.0,79.8,Yes,0.0,None
19:18:05.540,Active,433.1,2.3,94.3,12.0,79.3,Yes,0.0,None
19:18:05.955,Active,408.0,2.3,99.4,12.0,78.2,Yes,0.0,None
19:18:06.376,Active,412.6,2.3,98.2,12.0,78.2,Yes,0.0,None
19:18:06.792,Active,410.4,2.3,98.2,12.0,78.2,Yes,0.0,None
19:18:07.214,Active,415.6,2.3,97.0,12.0,78.2,Yes,0.0,None
19:18:07.630,Active,407.2,2.3,97.6,12.0,78.8,Yes,0.0,None
19:18:08.046,Active,409.4,2.3,99.4,12.0,78.8,Yes,0.0,None
19:18:08.461,Active,406.1,2.4,98.2,12.0,78.8,Yes,0.0,None
19:18:08.875,Active,407.9,2.4,98.8,12.0,78.2,Yes,0.0,None
19:18:09.296,Active,415.0,2.4,98.2,12.0,78.8,Yes,0.0,None
19:18:09.712,Active,409.3,2.4,98.8,12.1,78.8,Yes,0.0,None
19:18:10.127,Active,408.3,2.4,98.8,12.1,79.8,Yes,0.0,None
19:18:10.542,Active,407.3,2.4,98.2,12.1,79.8,Yes,0.0,None
19:18:10.976,Active,427.3,2.4,95.9,12.1,78.8,Yes,0.0,None
19:18:11.392,Active,408.7,2.4,98.2,12.1,78.8,Yes,0.0,None
19:18:11.816,Active,416.8,2.4,97.6,12.1,79.3,Yes,0.0,None
19:18:12.229,Active,406.5,2.4,98.2,12.1,79.3,Yes,0.0,None
19:18:12.643,Active,406.9,2.4,99.4,12.1,79.8,Yes,0.0,None
19:18:13.060,Active,409.0,2.4,98.8,12.1,79.3,Yes,0.0,None
19:18:13.474,Active,406.9,2.4,98.8,12.1,79.3,Yes,0.0,None
19:18:13.890,Active,409.9,2.4,99.4,12.0,79.8,Yes,0.0,None
19:18:14.303,Active,407.0,2.4,98.8,12.0,79.3,Yes,0.0,None
19:18:14.718,Active,409.1,2.4,99.4,12.0,78.8,Yes,0.0,None
19:18:15.135,Active,409.1,2.4,98.8,12.0,79.3,Yes,0.0,None
19:18:15.555,Active,412.0,2.4,98.2,12.0,79.3,Yes,0.0,None
19:18:15.981,Active,417.8,2.4,98.2,12.0,79.3,Yes,0.0,None
19:18:16.401,Active,414.3,2.4,98.8,12.0,79.8,Yes,0.0,None
19:18:16.826,Active,418.7,2.4,99.4,12.0,78.2,Yes,0.0,None
19:18:17.266,Active,431.1,2.4,96.0,12.0,78.8,Yes,0.0,None
19:18:17.704,Active,429.8,2.4,96.6,12.0,79.3,Yes,0.0,None
19:18:18.142,Active,430.8,2.4,96.0,12.0,79.3,Yes,0.0,None
19:18:18.563,Active,414.8,2.4,99.4,12.0,79.3,Yes,0.0,None
19:18:18.986,Active,417.4,2.4,99.4,12.0,79.8,Yes,0.0,None
19:18:19.408,Active,412.8,2.4,98.2,12.0,79.3,Yes,0.0,None
19:18:19.854,Active,436.5,2.4,98.9,12.1,79.3,Yes,0.0,None
19:18:20.285,Active,421.5,2.4,97.1,12.1,79.3,Yes,0.0,None
19:18:20.713,Active,418.5,2.4,98.2,12.1,79.3,Yes,0.0,None
19:18:21.136,Active,415.1,2.3,98.2,12.1,79.8,Yes,0.0,None
19:19:06.575,Active,425.1,2.3,1.1,12.0,60.6,Yes,0.0,None
19:19:06.989,Active,407.9,2.3,99.4,12.0,62.2,Yes,0.0,None
19:19:07.404,Active,407.3,2.3,98.2,12.1,63.4,Yes,0.0,None
19:19:07.825,Active,410.8,2.3,98.2,12.1,63.9,Yes,0.0,None
19:19:08.336,Active,405.0,2.3,79.4,12.1,63.9,Yes,0.0,None
19:19:08.750,Active,408.0,2.3,98.8,12.1,65.5,Yes,0.0,None
19:19:09.165,Active,405.8,2.3,98.8,12.0,66.7,Yes,0.0,None
19:19:09.583,Active,406.7,2.3,98.2,12.1,67.2,Yes,0.0,None
19:19:10.000,Active,408.7,2.3,98.2,12.0,67.8,Yes,0.0,None
19:19:10.412,Active,405.3,2.3,98.8,12.0,68.8,Yes,0.0,None
19:19:10.841,Active,421.8,2.3,98.8,12.1,68.3,Yes,0.0,None
19:19:11.255,Active,406.5,2.3,98.8,12.1,69.4,Yes,0.0,None
19:19:11.684,Active,419.0,2.3,96.4,12.1,69.4,Yes,0.0,None
19:19:12.096,Active,405.2,2.3,98.8,12.1,68.8,Yes,0.0,None
19:19:12.510,Active,406.6,2.3,98.8,12.1,70.0,Yes,0.0,None
19:19:12.929,Active,409.2,2.3,98.2,12.1,70.0,Yes,0.0,None
19:19:13.345,Active,408.0,2.3,98.2,12.1,71.0,Yes,0.0,None
19:19:13.761,Active,409.6,2.3,98.8,12.0,71.6,Yes,0.0,None
19:19:14.175,Active,408.6,2.3,98.2,12.0,71.6,Yes,0.0,None
19:19:14.592,Active,407.5,2.4,98.2,12.0,72.2,Yes,0.0,None
19:19:15.010,Active,408.0,2.4,98.2,12.0,71.6,Yes,0.0,None
19:19:15.426,Active,407.4,2.4,98.2,12.0,72.7,Yes,0.0,None
19:19:15.847,Active,412.0,2.4,97.6,12.0,72.7,Yes,0.0,None
19:19:16.264,Active,408.6,2.4,98.2,12.0,73.2,Yes,0.0,None
19:19:16.684,Active,410.3,2.4,98.2,12.0,73.2,Yes,0.0,None
19:19:17.097,Active,406.3,2.4,98.8,12.0,73.2,Yes,0.0,None
19:19:17.547,Active,439.6,2.4,93.3,12.0,73.8,Yes,0.0,None
19:19:17.984,Active,427.5,2.4,94.8,12.0,73.8,Yes,0.0,None
19:19:18.401,Active,406.6,2.4,98.2,12.0,73.2,Yes,0.0,None
19:19:18.819,Active,409.0,2.4,98.8,12.0,73.8,Yes,0.0,None
19:19:19.236,Active,407.4,2.4,98.2,12.0,73.8,Yes,0.0,None
19:19:19.653,Active,406.9,2.4,98.2,12.1,75.5,Yes,0.0,None
19:19:20.067,Active,406.7,2.4,98.8,12.1,74.3,Yes,0.0,None
19:19:20.484,Active,407.5,2.4,97.6,12.1,74.3,Yes,0.0,None
19:19:20.897,Active,407.0,2.4,99.4,12.1,74.9,Yes,0.0,None
19:19:21.329,Active,422.4,2.4,97.7,12.1,74.9,Yes,0.0,None
19:19:21.748,Active,410.3,2.4,98.2,12.1,74.3,Yes,0.0,None
19:19:22.164,Active,405.9,2.4,98.2,12.2,74.3,Yes,0.0,None
19:19:22.576,Active,404.6,2.4,98.8,12.2,74.9,Yes,0.0,None
19:19:22.992,Active,408.6,2.4,98.8,12.2,74.3,Yes,0.0,None
19:19:23.409,Active,407.8,2.4,98.2,12.2,75.5,Yes,0.0,None
19:19:23.845,Active,426.0,2.4,95.4,12.1,75.5,Yes,0.0,None
19:19:24.264,Active,410.1,2.4,97.6,12.1,74.9,Yes,0.0,None
19:19:24.680,Active,410.2,2.4,98.8,12.1,77.1,Yes,0.0,None
19:19:25.101,Active,414.5,2.4,97.6,12.1,76.0,Yes,0.0,None
19:19:25.518,Active,406.9,2.4,98.2,12.2,76.5,Yes,0.0,None
19:19:25.935,Active,410.7,2.4,98.8,12.2,76.5,Yes,0.0,None
19:19:26.355,Active,407.9,2.4,97.6,12.1,76.5,Yes,0.0,None
19:19:26.768,Active,406.8,2.4,98.8,12.1,76.5,Yes,0.0,None
19:19:27.185,Active,409.8,2.4,98.8,12.2,76.5,Yes,0.0,None
19:19:27.616,Active,425.0,2.4,95.9,12.1,76.5,Yes,0.0,None
19:19:28.045,Active,422.3,2.4,95.9,12.1,76.0,Yes,0.0,None
19:19:28.467,Active,412.0,2.4,97.6,12.1,76.0,Yes,0.0,None
19:19:28.883,Active,407.7,2.4,98.8,12.1,77.1,Yes,0.0,None
19:19:29.300,Active,408.7,2.4,98.8,12.1,76.0,Yes,0.0,None
19:19:29.716,Active,408.9,2.4,98.8,12.1,76.5,Yes,0.0,None
19:19:30.126,Active,404.1,2.4,99.4,12.1,75.5,Yes,0.0,None
19:19:30.642,Active,405.1,2.4,79.6,12.1,76.5,Yes,0.0,None
19:19:31.060,Active,407.6,2.4,98.2,12.1,76.5,Yes,0.0,None
19:19:31.487,Active,418.8,2.3,98.2,12.3,77.1,Yes,0.0,None
19:19:31.907,Active,409.2,2.3,98.8,12.3,76.5,Yes,0.0,None
19:19:32.324,Active,407.1,2.3,98.2,12.3,77.1,Yes,0.0,None
19:19:32.743,Active,410.5,2.3,98.2,12.3,76.5,Yes,0.0,None
19:19:33.159,Active,408.4,2.3,98.2,12.3,76.5,Yes,0.0,None
19:19:33.571,Active,405.5,2.3,98.8,12.2,76.0,Yes,0.0,None
19:19:33.986,Active,408.2,2.3,99.4,12.2,77.1,Yes,0.0,None
19:19:34.404,Active,408.0,2.3,98.2,12.3,77.1,Yes,0.0,None
19:19:34.824,Active,411.0,2.3,97.6,12.3,77.7,Yes,0.0,None
19:19:35.239,Active,407.8,2.3,98.8,12.3,77.1,Yes,0.0,None
19:19:35.654,Active,407.3,2.4,98.2,12.3,76.5,Yes,0.0,None
19:19:36.073,Active,408.5,2.4,98.2,12.3,77.7,Yes,0.0,None
19:19:36.487,Active,407.8,2.4,98.2,12.3,77.1,Yes,0.0,None
19:19:36.910,Active,415.0,2.4,98.8,12.2,76.0,Yes,0.0,None
19:19:37.330,Active,410.6,2.4,97.6,12.2,78.2,Yes,0.0,None
19:19:37.758,Active,420.7,2.4,97.1,12.2,77.7,Yes,0.0,None
19:19:38.176,Active,407.4,2.4,97.6,12.2,77.1,Yes,0.0,None
19:19:38.588,Active,406.4,2.4,99.4,12.2,77.7,Yes,0.0,None
19:19:39.002,Active,408.6,2.4,98.8,12.2,77.7,Yes,0.0,None
19:19:39.418,Active,407.1,2.4,98.8,12.2,77.7,Yes,0.0,None
19:19:39.858,Active,430.9,2.4,94.3,12.2,77.7,Yes,0.0,None
19:19:40.272,Active,406.1,2.4,98.8,12.2,78.2,Yes,0.0,None
19:19:40.691,Active,409.3,2.4,98.2,12.2,78.2,Yes,0.0,None
19:19:41.113,Active,415.2,2.4,97.0,12.2,78.2,Yes,0.0,None
19:19:41.531,Active,409.6,2.4,98.2,12.2,77.1,Yes,0.0,None
19:19:41.961,Active,419.1,2.4,97.6,12.2,77.7,Yes,0.0,None
19:19:42.376,Active,406.1,2.4,98.2,12.2,78.2,Yes,0.0,None
19:19:42.795,Active,410.2,2.4,98.2,12.2,78.8,Yes,0.0,None
19:19:43.208,Active,406.2,2.4,98.8,12.2,77.7,Yes,0.0,None
19:19:43.624,Active,406.3,2.4,97.6,12.2,78.2,Yes,0.0,None
19:19:44.042,Active,408.0,2.4,98.2,12.2,78.2,Yes,0.0,None
19:19:44.459,Active,407.8,2.4,98.2,12.2,77.7,Yes,0.0,None
19:19:44.875,Active,407.6,2.4,98.2,12.2,77.7,Yes,0.0,None
19:19:45.288,Active,406.2,2.4,98.8,12.1,78.2,Yes,0.0,None
19:19:45.704,Active,409.7,2.4,98.8,12.1,78.2,Yes,0.0,None
19:19:46.119,Active,408.0,2.4,98.8,12.1,78.2,Yes,0.0,None
19:19:46.534,Active,407.3,2.4,98.2,12.1,77.7,Yes,0.0,None
19:19:46.952,Active,408.5,2.4,98.2,12.1,78.8,Yes,0.0,None
19:19:47.369,Active,407.0,2.4,98.2,12.1,78.2,Yes,0.0,None
19:19:47.786,Active,410.4,2.4,98.8,12.1,78.8,Yes,0.0,None
19:19:48.201,Active,408.4,2.4,98.8,12.1,78.8,Yes,0.0,None
19:19:48.616,Active,406.9,2.4,98.2,12.1,78.2,Yes,0.0,None
19:19:49.042,Active,416.6,2.4,95.9,12.1,78.8,Yes,0.0,None
19:19:49.468,Active,416.2,2.4,96.4,12.1,78.8,Yes,0.0,None
19:19:49.883,Active,408.2,2.4,98.8,12.1,79.8,Yes,0.0,None
19:19:50.293,Active,403.5,2.4,99.4,12.1,78.8,Yes,0.0,None
19:19:50.707,Active,408.3,2.4,99.4,12.1,78.8,Yes,0.0,None
19:19:51.118,Active,404.4,2.4,98.8,12.1,78.8,Yes,0.0,None
19:19:51.530,Active,406.1,2.4,99.4,12.1,78.8,Yes,0.0,None
19:19:51.963,Active,426.7,2.4,99.4,12.1,79.3,Yes,0.0,None
19:19:52.382,Active,412.3,2.4,98.2,12.1,78.2,Yes,0.0,None
19:19:52.811,Active,420.0,2.4,95.9,12.1,78.2,Yes,0.0,None
19:19:53.227,Active,404.8,2.4,98.2,12.1,78.8,Yes,0.0,None
19:19:53.639,Active,404.8,2.4,99.4,12.1,79.3,Yes,0.0,None
19:19:54.055,Active,409.3,2.4,98.8,12.1,78.2,Yes,0.0,None
19:19:54.467,Active,406.0,2.4,99.4,12.1,79.3,Yes,0.0,None
19:19:54.888,Active,410.2,2.4,98.2,12.1,79.3,Yes,0.0,None
19:19:55.301,Active,405.8,2.4,98.2,12.1,79.3,Yes,0.0,None
19:19:55.718,Active,407.8,2.4,98.2,12.1,78.8,Yes,0.0,None
19:19:56.135,Active,405.2,2.4,97.6,12.1,78.8,Yes,0.0,None
19:19:56.550,Active,407.0,2.4,99.4,12.1,79.8,Yes,0.0,None
19:19:56.969,Active,409.2,2.4,98.8,12.1,78.8,Yes,0.0,None
19:19:57.384,Active,408.6,2.4,98.2,12.1,77.7,Yes,0.0,None
19:19:57.799,Active,408.0,2.4,98.8,12.1,78.8,Yes,0.0,None
19:19:58.213,Active,407.7,2.4,98.8,12.1,79.3,Yes,0.0,None
19:19:58.628,Active,407.3,2.4,98.2,12.1,79.3,Yes,0.0,None
19:19:59.047,Active,409.8,2.4,98.2,12.0,78.8,Yes,0.0,None
19:19:59.463,Active,406.5,2.4,98.2,12.0,79.3,Yes,0.0,None
19:19:59.882,Active,408.9,2.4,98.2,12.0,79.3,Yes,0.0,None
19:20:00.300,Active,409.8,2.4,98.2,12.0,78.8,Yes,0.0,None
19:20:00.716,Active,408.9,2.4,98.2,12.0,79.3,Yes,0.0,None
19:20:01.134,Active,408.0,2.4,98.8,12.0,79.3,Yes,0.0,None
19:20:01.555,Active,411.6,2.4,97.6,12.0,78.8,Yes,0.0,None
19:20:01.984,Active,419.1,2.4,98.2,12.0,79.3,Yes,0.0,None
19:20:02.424,Active,430.8,2.4,98.3,12.0,78.8,Yes,0.0,None
19:20:02.852,Active,418.7,2.4,98.2,12.0,79.3,Yes,0.0,None
19:20:03.277,Active,415.4,2.4,97.7,12.0,79.3,Yes,0.0,None
19:20:03.706,Active,418.7,2.4,98.3,12.0,79.3,Yes,0.0,None
19:20:04.125,Active,412.9,2.4,98.8,12.0,79.3,Yes,0.0,None
19:20:04.546,Active,415.7,2.4,98.8,12.0,79.3,Yes,0.0,None
19:20:04.969,Active,413.4,2.4,98.8,12.0,79.3,Yes,0.0,None
19:20:05.389,Active,414.1,2.4,98.8,12.0,80.4,Yes,0.0,None
19:20:05.813,Active,418.0,2.4,100.0,12.0,80.4,Yes,0.0,None
19:20:06.240,Active,416.9,2.4,97.7,12.0,79.3,Yes,0.0,None
19:20:51.674,Active,419.0,2.4,1.3,11.9,60.6,Yes,0.0,None
19:20:52.084,Active,404.0,2.4,100.0,12.0,63.4,Yes,0.0,None
19:20:52.519,Active,423.6,2.4,95.9,12.0,63.4,Yes,0.0,None
19:20:52.954,Active,427.4,2.4,96.0,12.0,65.0,Yes,0.0,None
19:20:53.377,Active,416.6,2.4,98.8,12.1,65.0,Yes,0.0,None
19:20:53.794,Active,409.7,2.4,98.8,12.1,66.1,Yes,0.0,None
19:20:54.209,Active,406.8,3.4,98.8,12.1,66.7,Yes,0.0,None
19:20:54.624,Active,408.0,3.4,98.8,12.1,67.2,Yes,0.0,None
19:20:55.042,Active,408.7,3.4,97.6,12.1,67.8,Yes,0.0,None
19:20:55.454,Active,403.7,3.4,98.8,12.1,68.8,Yes,0.0,None
19:20:55.872,Active,406.5,3.4,98.2,12.1,68.3,Yes,0.0,None
19:20:56.290,Active,407.8,3.4,97.6,12.1,69.4,Yes,0.0,None
19:20:56.713,Active,412.8,3.4,98.2,12.1,69.4,Yes,0.0,None
19:20:57.125,Active,406.0,3.4,98.8,12.1,70.5,Yes,0.0,None
19:20:57.538,Active,407.4,3.4,99.4,12.0,70.5,Yes,0.0,None
19:20:57.956,Active,411.9,3.4,98.8,12.0,71.6,Yes,0.0,None
19:20:58.371,Active,409.2,2.4,99.4,12.0,71.6,Yes,0.0,None
19:20:58.792,Active,413.2,2.4,98.8,12.1,70.5,Yes,0.0,None
19:20:59.204,Active,405.7,2.4,98.2,12.1,71.0,Yes,0.0,None
19:20:59.621,Active,409.7,2.4,98.8,12.1,71.0,Yes,0.0,None
19:21:00.036,Active,409.0,2.4,98.8,12.1,73.2,Yes,0.0,None
19:21:00.451,Active,408.0,2.4,98.8,12.1,71.6,Yes,0.0,None
19:21:00.869,Active,410.7,2.4,98.2,12.1,72.7,Yes,0.0,None
19:21:01.282,Active,407.3,2.4,98.8,12.1,71.6,Yes,0.0,None
19:21:01.702,Active,413.8,2.4,98.8,12.1,72.7,Yes,0.0,None
19:21:02.117,Active,408.5,2.4,98.8,12.1,73.2,Yes,0.0,None
19:21:02.531,Active,408.4,2.4,98.2,12.0,73.2,Yes,0.0,None
19:21:02.951,Active,412.0,2.4,98.2,12.1,74.9,Yes,0.0,None
19:21:03.369,Active,409.6,2.4,98.2,12.1,73.2,Yes,0.0,None
19:21:03.804,Active,428.7,2.4,98.8,12.2,73.2,Yes,0.0,None
19:21:04.219,Active,408.1,2.4,98.2,12.2,74.3,Yes,0.0,None
19:21:04.642,Active,415.3,2.4,97.0,12.2,72.7,Yes,0.0,None
19:21:05.058,Active,407.1,2.4,98.2,12.2,74.3,Yes,0.0,None
19:21:05.472,Active,408.2,2.4,98.8,12.2,73.8,Yes,0.0,None
19:21:05.890,Active,410.9,2.4,99.4,12.1,74.9,Yes,0.0,None
19:21:06.306,Active,406.6,2.4,98.2,12.1,74.9,Yes,0.0,None
19:21:06.721,Active,406.2,2.4,98.2,12.1,74.9,Yes,0.0,None
19:21:07.139,Active,407.9,2.4,98.2,12.1,74.9,Yes,0.0,None
19:21:07.555,Active,408.1,2.4,98.2,12.1,74.9,Yes,0.0,None
19:21:07.976,Active,413.2,2.4,98.2,12.1,75.5,Yes,0.0,None
19:21:08.392,Active,406.9,2.4,98.2,12.1,74.9,Yes,0.0,None
19:21:08.811,Active,412.0,2.4,98.8,12.1,75.5,Yes,0.0,None
19:21:09.224,Active,405.2,2.4,98.2,12.1,75.5,Yes,0.0,None
19:21:09.638,Active,407.3,2.4,99.4,12.1,75.5,Yes,0.0,None
19:21:10.056,Active,408.6,2.4,98.2,12.1,76.0,Yes,0.0,None
19:21:10.472,Active,406.9,2.4,98.2,12.1,76.0,Yes,0.0,None
19:21:10.894,Active,412.0,2.4,97.7,12.1,76.0,Yes,0.0,None
19:21:11.311,Active,407.2,2.4,98.2,12.1,76.0,Yes,0.0,None
19:21:11.726,Active,408.1,2.4,98.8,12.1,76.0,Yes,0.0,None
19:21:12.146,Active,407.4,2.4,97.0,12.1,76.5,Yes,0.0,None
19:21:12.564,Active,407.8,2.4,98.2,12.1,76.5,Yes,0.0,None
19:21:12.985,Active,411.6,2.4,97.6,12.1,76.5,Yes,0.0,None
19:21:13.400,Active,408.4,2.4,98.2,12.1,76.5,Yes,0.0,None
19:21:13.831,Active,421.2,2.4,98.3,12.1,76.5,Yes,0.0,None
19:21:14.252,Active,408.6,2.4,97.6,12.1,76.5,Yes,0.0,None
19:21:14.671,Active,412.5,2.4,98.2,12.1,76.0,Yes,0.0,None
19:21:15.106,Active,426.5,2.4,95.4,12.1,76.5,Yes,0.0,None
19:21:15.516,Active,404.2,2.4,100.0,12.1,77.1,Yes,0.0,None
19:21:15.950,Active,427.0,2.4,96.0,12.1,76.5,Yes,0.0,None
19:21:16.364,Active,405.0,2.4,98.8,12.1,76.5,Yes,0.0,None
19:21:16.783,Active,409.1,2.4,97.6,12.1,77.1,Yes,0.0,None
19:21:17.213,Active,421.8,2.4,96.5,12.1,77.1,Yes,0.0,None
19:21:17.628,Active,409.0,2.4,99.4,12.0,77.1,Yes,0.0,None
19:21:18.043,Active,409.0,2.4,98.8,12.0,77.7,Yes,0.0,None
19:21:18.487,Active,435.5,2.4,94.4,12.0,77.7,Yes,0.0,None
19:21:18.905,Active,409.7,2.4,97.6,12.0,76.5,Yes,0.0,None
19:21:19.327,Active,415.9,2.4,98.2,12.0,77.7,Yes,0.0,None
19:21:19.744,Active,409.0,2.4,98.2,12.0,77.1,Yes,0.0,None
19:21:20.158,Active,407.0,2.4,98.8,12.0,77.7,Yes,0.0,None
19:21:20.571,Active,405.1,2.4,98.8,12.0,77.7,Yes,0.0,None
19:21:20.988,Active,410.4,2.4,98.8,12.0,76.5,Yes,0.0,None
19:21:21.396,Active,402.9,2.4,98.2,12.0,77.7,Yes,0.0,None
19:21:21.820,Active,417.4,2.4,99.4,12.0,77.1,Yes,0.0,None
19:21:22.237,Active,409.8,2.4,97.6,12.0,77.7,Yes,0.0,None
19:21:22.660,Active,417.2,2.4,97.1,12.0,77.1,Yes,0.0,None
19:21:23.076,Active,408.4,2.4,98.8,12.1,77.7,Yes,0.0,None
19:21:23.514,Active,430.7,2.4,95.5,12.1,77.7,Yes,0.0,None
19:21:23.928,Active,407.7,2.4,98.8,12.1,77.1,Yes,0.0,None
19:21:24.359,Active,420.8,2.4,97.7,12.2,78.8,Yes,0.0,None
19:21:24.809,Active,442.0,2.4,94.3,12.3,77.7,Yes,0.0,None
19:21:25.222,Active,406.3,2.4,98.8,12.3,77.1,Yes,0.0,None
19:21:25.634,Active,403.1,2.4,98.8,12.3,77.7,Yes,0.0,None
19:21:26.054,Active,410.5,2.4,98.8,12.3,78.2,Yes,0.0,None
19:21:26.466,Active,406.0,2.4,99.4,12.2,78.2,Yes,0.0,None
19:21:26.881,Active,408.9,2.4,99.4,12.2,78.2,Yes,0.0,None
19:21:27.293,Active,405.9,2.4,98.2,12.2,77.7,Yes,0.0,None
19:21:27.711,Active,409.2,2.4,98.2,12.2,78.2,Yes,0.0,None
19:21:28.127,Active,408.0,2.4,98.8,12.2,77.7,Yes,0.0,None
19:21:28.639,Active,405.5,2.4,79.4,12.2,77.1,Yes,0.0,None
19:21:29.058,Active,407.7,2.4,98.2,12.2,77.7,Yes,0.0,None
19:21:29.472,Active,405.9,2.4,98.8,12.2,78.2,Yes,0.0,None
19:21:29.888,Active,407.2,2.4,98.8,12.1,77.7,Yes,0.0,None
19:21:30.300,Active,404.9,2.4,98.8,12.1,78.8,Yes,0.0,None
19:21:30.720,Active,410.4,2.4,97.6,12.1,77.7,Yes,0.0,None
19:21:31.131,Active,404.5,2.4,98.2,12.1,78.2,Yes,0.0,None
19:21:31.548,Active,407.6,2.4,98.2,12.1,79.3,Yes,0.0,None
19:21:31.965,Active,409.3,2.4,98.8,12.1,78.2,Yes,0.0,None
19:21:32.381,Active,407.5,2.4,98.2,12.1,78.2,Yes,0.0,None
19:21:32.802,Active,410.7,2.4,98.2,12.1,77.7,Yes,0.0,None
19:21:33.244,Active,432.2,2.4,94.9,12.1,78.2,Yes,0.0,None
19:21:33.664,Active,410.8,2.4,98.2,12.1,77.7,Yes,0.0,None
19:21:34.085,Active,409.8,2.4,97.6,12.1,77.7,Yes,0.0,None
19:21:34.517,Active,422.5,2.4,98.3,12.2,78.2,Yes,0.0,None
19:21:34.937,Active,409.5,2.4,97.6,12.2,78.8,Yes,0.0,None
19:21:35.356,Active,409.0,2.4,98.2,12.2,78.8,Yes,0.0,None
19:21:35.776,Active,411.1,2.4,98.2,12.2,77.7,Yes,0.0,None
19:21:36.196,Active,409.7,2.4,98.2,12.2,78.8,Yes,0.0,None
19:21:36.616,Active,410.2,2.4,97.6,12.2,78.8,Yes,0.0,None
19:21:37.033,Active,410.0,2.4,98.2,12.2,78.2,Yes,0.0,None
19:21:37.448,Active,406.1,2.4,98.2,12.2,78.8,Yes,0.0,None
19:21:37.868,Active,409.8,2.4,98.2,12.1,78.8,Yes,0.0,None
19:21:38.284,Active,407.2,2.4,97.6,12.1,78.8,Yes,0.0,None
19:21:38.704,Active,411.1,2.4,98.2,12.1,78.2,Yes,0.0,None
19:21:39.119,Active,407.8,2.4,98.8,12.1,79.8,Yes,0.0,None
19:21:39.533,Active,404.9,2.4,98.2,12.1,78.8,Yes,0.0,None
19:21:39.952,Active,409.7,2.4,98.8,12.1,78.2,Yes,0.0,None
19:21:40.370,Active,407.2,2.4,98.2,12.1,78.8,Yes,0.0,None
19:21:40.791,Active,411.1,2.4,98.2,12.1,78.8,Yes,0.0,None
19:21:41.208,Active,408.5,2.4,98.2,12.1,79.3,Yes,0.0,None
19:21:41.629,Active,415.7,2.4,97.0,12.1,78.2,Yes,0.0,None
19:21:42.047,Active,409.7,2.4,98.2,12.1,79.8,Yes,0.0,None
19:21:42.464,Active,406.6,2.4,98.2,12.1,79.3,Yes,0.0,None
19:21:42.881,Active,411.1,2.4,98.8,12.1,79.8,Yes,0.0,None
19:21:43.313,Active,423.6,2.4,95.9,12.1,79.8,Yes,0.0,None
19:21:43.743,Active,419.9,2.4,98.3,12.1,79.3,Yes,0.0,None
19:21:44.166,Active,414.7,2.4,97.6,12.1,79.8,Yes,0.0,None
19:21:44.604,Active,425.9,2.4,98.3,12.1,78.8,Yes,0.0,None
19:21:45.034,Active,419.2,2.4,97.7,12.1,79.3,Yes,0.0,None
19:21:45.474,Active,431.2,2.4,95.4,12.1,78.8,Yes,0.0,None
19:21:45.904,Active,419.2,2.4,97.6,12.1,79.3,Yes,0.0,None
19:21:46.338,Active,427.3,2.4,96.6,12.1,78.8,Yes,0.0,None
19:21:46.763,Active,417.3,2.4,98.8,12.1,79.3,Yes,0.0,None
19:21:47.185,Active,414.8,2.4,98.8,12.1,79.3,Yes,0.0,None
19:21:47.608,Active,414.0,2.4,97.6,12.1,79.3,Yes,0.0,None
19:21:48.034,Active,416.7,2.4,98.2,12.1,80.4,Yes,0.0,None
19:21:48.461,Active,417.0,2.4,98.2,12.1,79.3,Yes,0.0,None
19:21:48.882,Active,414.6,2.3,98.8,12.1,79.3,Yes,0.0,None
19:21:49.306,Active,418.4,2.3,98.8,12.1,79.3,Yes,0.0,None
19:21:49.730,Active,416.3,2.3,98.8,12.0,79.8,Yes,0.0,None
19:21:50.151,Active,414.5,2.3,99.4,12.0,79.3,Yes,0.0,None
19:21:50.571,Active,413.9,2.3,98.8,12.0,79.8,Yes,0.0,None
19:21:51.013,Active,436.4,2.3,97.1,12.0,79.3,Yes,0.0,None
19:21:51.436,Active,417.2,2.3,98.8,12.0,79.8,Yes,0.0,None
19:22:36.880,Active,429.4,2.3,1.3,12.2,61.1,Yes,0.0,None
19:22:37.292,Active,406.1,2.3,99.4,12.2,62.2,Yes,0.0,None
19:22:37.716,Active,417.4,2.3,97.1,12.2,63.9,Yes,0.0,None
19:22:38.133,Active,407.0,5.9,98.2,12.1,65.0,Yes,0.0,None
19:22:38.548,Active,408.7,5.9,98.8,12.1,64.5,Yes,0.0,None
19:22:38.962,Active,408.7,5.9,98.8,12.1,65.5,Yes,0.0,None
19:22:39.379,Active,410.8,5.9,98.8,12.1,66.7,Yes,0.0,None
19:22:39.795,Active,409.5,5.9,98.2,12.1,67.8,Yes,0.0,None
19:22:40.210,Active,408.9,5.9,98.8,12.1,67.8,Yes,0.0,None
19:22:40.626,Active,406.5,5.9,98.8,12.1,68.8,Yes,0.0,None
19:22:41.060,Active,424.7,5.9,95.9,12.1,68.8,Yes,0.0,None
19:22:41.475,Active,409.4,5.9,98.8,12.1,69.4,Yes,0.0,None
19:22:41.896,Active,411.6,5.9,98.2,12.1,69.4,Yes,0.0,None
19:22:42.313,Active,409.6,2.4,98.8,12.1,69.4,Yes,0.0,None
19:22:42.729,Active,409.5,2.4,98.8,12.1,70.5,Yes,0.0,None
19:22:43.141,Active,406.2,2.4,98.8,12.1,70.5,Yes,0.0,None
19:22:43.555,Active,408.0,2.4,98.8,12.1,71.6,Yes,0.0,None
19:22:43.972,Active,410.6,2.4,98.8,12.1,71.0,Yes,0.0,None
19:22:44.388,Active,410.3,2.4,98.8,12.0,71.6,Yes,0.0,None
19:22:44.811,Active,415.5,2.4,97.6,12.0,72.7,Yes,0.0,None
19:22:45.226,Active,407.4,2.4,98.8,12.0,72.7,Yes,0.0,None
19:22:45.644,Active,411.3,2.4,98.2,12.0,72.2,Yes,0.0,None
19:22:46.072,Active,421.6,2.4,98.8,12.0,72.7,Yes,0.0,None
19:22:46.485,Active,406.9,2.4,98.8,12.1,72.2,Yes,0.0,None
19:22:46.904,Active,410.6,2.4,98.2,12.1,72.7,Yes,0.0,None
19:22:47.320,Active,408.6,2.4,99.4,12.1,72.7,Yes,0.0,None
19:22:47.735,Active,409.2,2.4,98.2,12.1,73.8,Yes,0.0,None
19:22:48.150,Active,409.5,2.4,99.4,12.1,73.8,Yes,0.0,None
19:22:48.565,Active,408.5,2.4,98.2,12.0,73.2,Yes,0.0,None
19:22:48.980,Active,408.9,2.4,98.8,12.0,74.3,Yes,0.0,None
19:22:49.395,Active,409.0,2.4,98.8,12.0,74.9,Yes,0.0,None
19:22:49.810,Active,409.5,2.4,99.4,12.0,74.3,Yes,0.0,None
19:22:50.224,Active,407.6,2.4,98.8,12.0,74.9,Yes,0.0,None
19:22:50.637,Active,407.1,2.4,98.2,12.0,74.3,Yes,0.0,None
19:22:51.052,Active,409.0,2.4,99.4,12.0,74.9,Yes,0.0,None
19:22:51.469,Active,409.6,2.4,98.8,12.0,74.3,Yes,0.0,None
19:22:51.914,Active,438.8,2.4,94.4,12.0,74.9,Yes,0.0,None
19:22:52.341,Active,416.6,2.4,96.4,12.0,74.9,Yes,0.0,None
19:22:52.759,Active,408.0,2.4,98.2,12.1,75.5,Yes,0.0,None
19:22:53.172,Active,406.6,2.4,99.4,12.0,74.9,Yes,0.0,None
19:22:53.587,Active,409.4,2.4,99.4,12.0,76.0,Yes,0.0,None
19:22:54.002,Active,409.1,2.4,98.8,12.0,74.9,Yes,0.0,None
19:22:54.417,Active,406.4,2.4,97.6,12.0,75.5,Yes,0.0,None
19:22:54.835,Active,407.7,2.4,98.2,12.0,74.3,Yes,0.0,None
19:22:55.253,Active,408.3,2.4,98.2,12.0,73.8,Yes,0.0,None
19:22:55.679,Active,420.3,2.4,96.5,12.0,76.0,Yes,0.0,None
19:22:56.092,Active,405.0,2.4,98.8,12.0,76.0,Yes,0.0,None
19:22:56.521,Active,421.6,2.4,98.8,12.1,76.0,Yes,0.0,None
19:22:56.955,Active,428.3,2.4,95.4,12.1,76.0,Yes,0.0,None
19:22:57.369,Active,407.8,2.4,99.4,12.1,76.0,Yes,0.0,None
19:22:57.789,Active,409.6,2.4,97.6,12.1,76.5,Yes,0.0,None
19:22:58.203,Active,408.3,2.4,99.4,12.1,76.5,Yes,0.0,None
19:22:58.619,Active,407.6,2.4,98.2,12.1,76.5,Yes,0.0,None
19:22:59.036,Active,408.5,2.4,98.8,12.1,76.5,Yes,0.0,None
19:22:59.448,Active,404.9,2.4,98.8,12.1,76.5,Yes,0.0,None
19:22:59.862,Active,408.2,2.4,100.0,12.1,76.5,Yes,0.0,None
19:23:00.276,Active,407.9,2.4,99.4,12.1,76.5,Yes,0.0,None
19:23:00.706,Active,420.5,2.4,95.9,12.1,77.1,Yes,0.0,None
19:23:01.122,Active,407.1,2.4,98.8,12.1,76.5,Yes,0.0,None
19:23:01.636,Active,406.7,2.4,79.9,12.0,76.0,Yes,0.0,None
19:23:02.051,Active,409.7,2.4,98.8,12.0,77.1,Yes,0.0,None
19:23:02.467,Active,407.4,2.4,98.2,12.0,77.1,Yes,0.0,None
19:23:02.884,Active,411.0,2.4,98.8,12.0,76.5,Yes,0.0,None
19:23:03.302,Active,410.5,2.3,97.6,12.0,77.1,Yes,0.0,None
19:23:03.720,Active,409.1,2.3,98.2,12.0,77.1,Yes,0.0,None
19:23:04.140,Active,409.8,2.3,98.2,12.0,77.7,Yes,0.0,None
19:23:04.556,Active,409.0,2.3,97.6,12.0,77.1,Yes,0.0,None
19:23:04.972,Active,408.7,2.3,98.2,12.0,77.1,Yes,0.0,None
19:23:05.389,Active,408.1,2.3,98.2,12.0,77.7,Yes,0.0,None
19:23:05.808,Active,409.8,2.3,98.2,12.0,77.1,Yes,0.0,None
19:23:06.226,Active,408.3,2.3,98.2,12.0,77.1,Yes,0.0,None
19:23:06.663,Active,427.4,2.3,98.9,12.0,77.1,Yes,0.0,None
19:23:07.085,Active,413.3,2.3,97.6,12.0,78.2,Yes,0.0,None
19:23:07.504,Active,409.6,2.4,98.2,12.0,77.1,Yes,0.0,None
19:23:07.925,Active,411.3,2.4,98.2,12.0,77.7,Yes,0.0,None
19:23:08.449,Active,417.1,2.4,79.5,12.0,77.1,Yes,0.0,None
19:23:08.866,Active,409.8,2.4,98.2,12.0,77.7,Yes,0.0,None
19:23:09.285,Active,409.4,2.4,98.2,12.0,77.1,Yes,0.0,None
19:23:09.704,Active,411.0,2.4,98.2,12.0,77.7,Yes,0.0,None
19:23:10.124,Active,410.9,2.4,97.6,12.0,77.1,Yes,0.0,None
19:23:10.538,Active,407.9,2.4,98.8,12.0,77.1,Yes,0.0,None
19:23:10.957,Active,408.9,2.4,98.2,12.0,78.2,Yes,0.0,None
19:23:11.372,Active,406.8,2.4,98.2,12.0,78.2,Yes,0.0,None
19:23:11.788,Active,408.9,2.3,98.8,12.0,77.7,Yes,0.0,None
19:23:12.205,Active,407.0,2.3,98.2,12.0,78.2,Yes,0.0,None
19:23:12.623,Active,408.7,2.3,98.2,12.0,78.2,Yes,0.0,None
19:23:13.041,Active,408.9,2.3,98.2,12.0,78.2,Yes,0.0,None
19:23:13.457,Active,406.2,2.3,97.6,12.0,77.7,Yes,0.0,None
19:23:13.873,Active,410.2,2.3,98.8,12.0,78.2,Yes,0.0,None
19:23:14.291,Active,408.3,2.3,98.2,12.0,78.8,Yes,0.0,None
19:23:14.710,Active,409.6,2.3,98.2,12.0,77.7,Yes,0.0,None
19:23:15.129,Active,409.2,2.3,98.2,12.0,78.2,Yes,0.0,None
19:23:15.543,Active,408.2,2.3,98.2,12.0,78.2,Yes,0.0,None
19:23:15.962,Active,410.3,2.4,98.2,12.0,78.2,Yes,0.0,None
19:23:16.378,Active,406.4,2.4,98.8,12.0,78.2,Yes,0.0,None
19:23:16.800,Active,414.5,2.4,98.2,12.0,78.2,Yes,0.0,None
19:23:17.222,Active,413.2,2.4,98.2,12.0,78.2,Yes,0.0,None
19:23:17.640,Active,408.2,2.4,98.2,12.0,78.8,Yes,0.0,None
19:23:18.058,Active,408.4,2.4,98.2,12.0,79.3,Yes,0.0,None
19:23:18.477,Active,408.6,2.4,98.2,12.0,78.8,Yes,0.0,None
19:23:18.897,Active,413.9,2.4,98.8,12.0,78.2,Yes,0.0,None
19:23:19.309,Active,406.3,2.4,98.2,12.0,77.7,Yes,0.0,None
19:23:19.728,Active,409.5,2.4,98.2,12.0,77.7,Yes,0.0,None
19:23:20.143,Active,408.3,2.4,98.2,12.0,79.3,Yes,0.0,None
19:23:20.559,Active,407.8,2.4,98.8,12.0,78.2,Yes,0.0,None
19:23:20.977,Active,412.1,2.4,98.8,12.0,78.8,Yes,0.0,None
19:23:21.397,Active,413.4,2.4,98.2,12.0,78.8,Yes,0.0,None
19:23:21.828,Active,421.5,2.4,98.3,12.0,79.8,Yes,0.0,None
19:23:22.248,Active,412.8,2.4,97.6,12.0,78.2,Yes,0.0,None
19:23:22.661,Active,406.3,2.4,98.8,12.0,78.8,Yes,0.0,None
19:23:23.077,Active,405.5,2.4,98.2,12.0,78.8,Yes,0.0,None
19:23:23.491,Active,408.1,2.4,99.4,12.0,79.3,Yes,0.0,None
19:23:23.932,Active,433.1,2.4,94.9,12.0,78.8,Yes,0.0,None
19:23:24.347,Active,407.9,2.4,98.8,12.0,78.2,Yes,0.0,None
19:23:24.763,Active,410.5,2.4,98.8,12.0,79.3,Yes,0.0,None
19:23:25.181,Active,408.2,2.4,98.2,12.0,78.8,Yes,0.0,None
19:23:25.602,Active,412.7,2.4,98.2,12.0,79.3,Yes,0.0,None
19:23:26.030,Active,418.8,2.4,97.1,12.0,78.8,Yes,0.0,None
19:23:26.457,Active,416.6,2.4,98.2,12.0,78.2,Yes,0.0,None
19:23:26.883,Active,419.9,2.4,98.8,12.0,79.3,Yes,0.0,None
19:23:27.324,Active,432.4,2.4,98.3,12.0,79.3,Yes,0.0,None
19:23:27.751,Active,417.5,2.4,98.8,12.0,79.8,Yes,0.0,None
19:23:28.174,Active,415.3,2.4,98.2,12.0,79.3,Yes,0.0,None
19:23:28.599,Active,415.0,2.4,97.6,12.0,78.8,Yes,0.0,None
19:23:29.029,Active,419.7,2.4,98.2,12.0,79.3,Yes,0.0,None
19:23:29.451,Active,415.3,2.4,98.2,12.0,78.8,Yes,0.0,None
19:23:29.879,Active,418.2,2.4,98.2,12.0,79.3,Yes,0.0,None
19:23:30.305,Active,418.2,2.4,98.8,12.0,79.3,Yes,0.0,None
19:23:30.731,Active,416.7,2.4,97.7,12.0,78.8,Yes,0.0,None
19:23:31.157,Active,416.5,2.4,98.2,12.0,78.8,Yes,0.0,None
19:23:31.585,Active,418.1,2.4,98.2,12.0,79.3,Yes,0.0,None
19:23:32.012,Active,420.3,2.4,98.2,12.0,78.8,Yes,0.0,None
19:23:32.432,Active,414.9,2.4,98.8,12.0,79.3,Yes,0.0,None
19:23:32.856,Active,416.7,2.3,98.8,12.0,78.8,Yes,0.0,None
19:23:33.281,Active,414.6,2.3,98.2,12.0,79.3,Yes,0.0,None
19:23:33.708,Active,418.6,2.3,98.8,12.0,79.3,Yes,0.0,None
19:23:34.129,Active,415.9,2.3,97.6,12.0,79.3,Yes,0.0,None
19:23:34.550,Active,413.9,2.3,99.4,12.0,79.3,Yes,0.0,None
19:23:34.991,Active,431.9,2.3,96.6,12.0,79.8,Yes,0.0,None
19:23:35.412,Active,415.1,2.3,98.8,12.0,79.3,Yes,0.0,None
19:23:35.837,Active,418.9,2.3,98.8,12.0,79.8,Yes,0.0,None
19:23:36.259,Active,416.1,2.3,98.2,12.0,79.3,Yes,0.0,None
19:23:36.686,Active,419.0,2.3,98.8,12.0,79.8,Yes,0.0,None
19:24:22.126,Active,423.3,23.3,1.3,12.1,61.1,Yes,0.0,None
19:24:22.539,Active,403.7,23.3,98.8,12.1,61.7,Yes,0.0,None
19:24:22.954,Active,408.3,23.3,98.8,12.1,63.9,Yes,0.0,None
19:24:23.373,Active,409.7,23.3,98.2,12.1,65.0,Yes,0.0,None
19:24:23.789,Active,409.2,23.3,98.8,12.1,65.0,Yes,0.0,None
19:24:24.205,Active,408.4,23.3,98.2,12.1,65.0,Yes,0.0,None
19:24:24.621,Active,408.0,23.3,98.2,12.1,66.7,Yes,0.0,None
19:24:25.034,Active,407.4,23.3,99.4,12.1,67.2,Yes,0.0,None
19:24:25.447,Active,404.3,23.3,98.8,12.1,67.8,Yes,0.0,None
19:24:25.864,Active,409.0,23.3,99.4,12.1,68.3,Yes,0.0,None
19:24:26.283,Active,409.6,2.4,97.6,12.2,70.0,Yes,0.0,None
19:24:26.699,Active,409.5,2.4,98.2,12.2,69.4,Yes,0.0,None
19:24:27.116,Active,407.3,2.4,98.2,12.2,69.4,Yes,0.0,None
19:24:27.531,Active,407.9,2.4,98.2,12.2,70.5,Yes,0.0,None
19:24:27.946,Active,409.0,2.4,99.4,12.2,70.0,Yes,0.0,None
19:24:28.364,Active,408.3,2.4,98.2,12.2,71.0,Yes,0.0,None
19:24:28.796,Active,424.6,2.4,98.3,12.2,71.0,Yes,0.0,None
19:24:29.210,Active,406.5,2.4,98.8,12.2,72.2,Yes,0.0,None
19:24:29.626,Active,406.5,2.4,98.2,12.2,72.7,Yes,0.0,None
19:24:30.041,Active,408.8,2.4,99.4,12.2,71.6,Yes,0.0,None
19:24:30.455,Active,408.1,2.4,98.8,12.2,71.6,Yes,0.0,None
19:24:30.872,Active,408.8,2.4,98.2,12.2,72.7,Yes,0.0,None
19:24:31.289,Active,410.1,2.4,99.4,12.2,72.7,Yes,0.0,None
19:24:31.706,Active,410.5,2.4,98.2,12.2,72.7,Yes,0.0,None
19:24:32.126,Active,408.8,2.4,97.6,12.1,71.6,Yes,0.0,None
19:24:32.645,Active,405.3,2.4,78.7,12.1,73.8,Yes,0.0,None
19:24:33.060,Active,408.6,2.4,98.8,12.1,73.2,Yes,0.0,None
19:24:33.477,Active,406.8,2.4,98.2,12.1,73.2,Yes,0.0,None
19:24:33.898,Active,412.6,2.4,97.6,12.1,73.2,Yes,0.0,None
19:24:34.322,Active,415.0,2.4,98.2,12.1,73.2,Yes,0.0,None
19:24:34.737,Active,409.1,2.3,98.8,12.1,74.3,Yes,0.0,None
19:24:35.155,Active,408.2,2.3,98.2,12.0,74.3,Yes,0.0,None
19:24:35.572,Active,407.0,2.3,98.2,12.1,73.8,Yes,0.0,None
19:24:35.989,Active,409.7,2.3,98.8,12.1,73.8,Yes,0.0,None
19:24:36.403,Active,407.9,2.3,98.8,12.1,74.3,Yes,0.0,None
19:24:36.820,Active,408.8,2.3,98.2,12.0,74.3,Yes,0.0,None
19:24:37.234,Active,407.0,2.3,98.8,12.0,74.9,Yes,0.0,None
19:24:37.650,Active,407.3,2.3,98.2,12.0,74.9,Yes,0.0,None
19:24:38.068,Active,407.3,2.3,98.2,12.0,75.5,Yes,0.0,None
19:24:38.484,Active,407.0,2.3,98.2,12.0,75.5,Yes,0.0,None
19:24:38.920,Active,425.9,2.4,97.7,12.1,75.5,Yes,0.0,None
19:24:39.334,Active,407.8,2.4,98.2,12.1,75.5,Yes,0.0,None
19:24:39.753,Active,409.9,2.4,98.8,12.1,75.5,Yes,0.0,None
19:24:40.166,Active,406.4,2.4,98.8,12.1,74.9,Yes,0.0,None
19:24:40.580,Active,404.6,2.4,98.8,12.1,74.9,Yes,0.0,None
19:24:40.995,Active,408.1,2.4,98.8,12.1,75.5,Yes,0.0,None
19:24:41.409,Active,407.8,2.4,98.8,12.1,75.5,Yes,0.0,None
19:24:41.825,Active,407.8,2.4,98.2,12.0,75.5,Yes,0.0,None
19:24:42.340,Active,408.9,2.4,80.1,12.0,76.0,Yes,0.0,None
19:24:42.768,Active,421.2,2.4,96.4,12.0,76.0,Yes,0.0,None
19:24:43.184,Active,406.5,2.3,98.2,12.1,76.5,Yes,0.0,None
19:24:43.699,Active,408.8,2.3,79.7,12.0,73.8,Yes,0.0,None
19:24:44.135,Active,427.9,2.3,96.0,12.0,76.5,Yes,0.0,None
19:24:44.548,Active,406.9,2.3,98.8,12.0,76.0,Yes,0.0,None
19:24:44.965,Active,409.6,2.3,99.4,12.0,76.0,Yes,0.0,None
19:24:45.390,Active,419.3,2.3,97.0,12.0,76.5,Yes,0.0,None
19:24:45.807,Active,410.5,2.3,98.8,12.0,77.1,Yes,0.0,None
19:24:46.223,Active,407.9,2.3,98.8,12.0,76.5,Yes,0.0,None
19:24:46.636,Active,406.9,2.3,98.8,12.0,77.1,Yes,0.0,None
19:24:47.052,Active,409.3,2.3,98.2,12.0,77.1,Yes,0.0,None
19:24:47.467,Active,407.6,2.3,98.8,12.0,76.5,Yes,0.0,None
19:24:47.880,Active,407.0,2.3,99.4,12.0,77.1,Yes,0.0,None
19:24:48.291,Active,403.7,2.3,99.4,12.0,76.5,Yes,0.0,None
19:24:48.707,Active,407.5,2.3,98.8,12.0,76.5,Yes,0.0,None
19:24:49.158,Active,445.6,2.3,97.3,12.2,77.7,Yes,0.0,None
19:24:49.586,Active,422.3,2.3,98.2,12.2,77.1,Yes,0.0,None
19:24:50.005,Active,409.9,2.3,98.2,12.2,77.1,Yes,0.0,None
19:24:50.429,Active,418.3,2.3,96.4,12.2,77.7,Yes,0.0,None
19:24:50.846,Active,408.4,2.3,98.2,12.2,76.0,Yes,0.0,None
19:24:51.265,Active,408.4,2.3,97.6,12.2,78.8,Yes,0.0,None
19:24:51.681,Active,409.6,2.4,98.8,12.2,77.1,Yes,0.0,None
19:24:52.106,Active,419.3,2.4,96.5,12.1,77.1,Yes,0.0,None
19:24:52.530,Active,415.0,2.4,97.7,12.1,77.1,Yes,0.0,None
19:24:52.949,Active,408.8,2.4,98.2,12.1,77.7,Yes,0.0,None
19:24:53.364,Active,405.3,2.4,97.6,12.1,77.1,Yes,0.0,None
19:24:53.784,Active,410.1,2.4,98.2,12.1,77.1,Yes,0.0,None
19:24:54.200,Active,407.1,2.4,98.2,12.1,77.1,Yes,0.0,None
19:24:54.619,Active,409.0,2.4,98.2,12.1,77.7,Yes,0.0,None
19:24:55.035,Active,409.1,2.4,97.6,12.1,78.2,Yes,0.0,None
19:24:55.451,Active,407.7,2.4,98.2,12.1,77.7,Yes,0.0,None
19:24:55.868,Active,411.2,2.4,98.8,12.1,78.2,Yes,0.0,None
19:24:56.283,Active,407.7,2.4,98.2,12.1,78.8,Yes,0.0,None
19:24:56.702,Active,409.7,2.4,97.6,12.1,77.7,Yes,0.0,None
19:24:57.121,Active,409.0,2.4,98.2,12.1,77.7,Yes,0.0,None
19:24:57.542,Active,411.7,2.4,97.6,12.1,78.2,Yes,0.0,None
19:24:57.961,Active,410.9,2.4,98.8,12.1,78.2,Yes,0.0,None
19:24:58.376,Active,409.1,2.4,98.8,12.1,77.7,Yes,0.0,None
19:24:58.796,Active,412.7,2.4,97.0,12.1,78.2,Yes,0.0,None
19:24:59.210,Active,406.6,2.4,98.8,12.0,78.2,Yes,0.0,None
19:24:59.646,Active,426.1,2.4,97.7,12.1,78.2,Yes,0.0,None
19:25:00.064,Active,408.2,2.4,98.2,12.1,77.7,Yes,0.0,None
19:25:00.480,Active,408.6,2.4,98.8,12.1,77.7,Yes,0.0,None
19:25:00.896,Active,408.9,2.4,98.2,12.1,78.2,Yes,0.0,None
19:25:01.309,Active,405.5,2.4,98.8,12.0,78.8,Yes,0.0,None
19:25:01.724,Active,408.5,2.4,98.8,12.0,78.2,Yes,0.0,None
19:25:02.139,Active,409.1,2.4,98.8,12.0,78.2,Yes,0.0,None
19:25:02.554,Active,409.3,2.4,97.6,12.0,78.2,Yes,0.0,None
19:25:03.000,Active,436.9,2.4,94.9,12.0,78.2,Yes,0.0,None
19:25:03.416,Active,408.4,2.4,98.8,12.0,78.2,Yes,0.0,None
19:25:03.840,Active,415.6,2.4,97.6,12.0,78.8,Yes,0.0,None
19:25:04.257,Active,408.7,2.4,98.2,12.0,78.2,Yes,0.0,None
19:25:04.676,Active,411.0,2.4,98.2,12.0,78.2,Yes,0.0,None
19:25:05.093,Active,407.8,2.4,98.2,12.0,78.8,Yes,0.0,None
19:25:05.510,Active,406.9,2.4,98.2,12.0,78.8,Yes,0.0,None
19:25:05.928,Active,408.9,2.4,97.6,12.0,78.8,Yes,0.0,None
19:25:06.342,Active,406.8,2.4,99.4,12.0,78.8,Yes,0.0,None
19:25:06.761,Active,409.6,2.4,97.6,12.0,79.3,Yes,0.0,None
19:25:07.181,Active,414.5,2.4,98.2,12.0,78.8,Yes,0.0,None
19:25:07.594,Active,406.7,2.4,98.8,12.0,79.3,Yes,0.0,None
19:25:08.012,Active,412.0,2.4,98.8,12.0,78.8,Yes,0.0,None
19:25:08.429,Active,409.6,2.4,98.2,12.0,78.8,Yes,0.0,None
19:25:08.844,Active,408.9,2.4,98.2,12.0,78.8,Yes,0.0,None
19:25:09.260,Active,408.4,2.4,98.8,12.0,79.3,Yes,0.0,None
19:25:09.691,Active,425.5,2.4,99.4,12.0,79.3,Yes,0.0,None
19:25:10.103,Active,404.8,2.4,98.8,12.0,79.3,Yes,0.0,None
19:25:10.519,Active,408.1,2.4,98.2,12.1,79.8,Yes,0.0,None
19:25:10.939,Active,410.0,2.4,98.2,12.1,79.3,Yes,0.0,None
19:25:11.353,Active,406.7,2.4,98.8,12.1,79.3,Yes,0.0,None
19:25:11.773,Active,410.3,2.4,97.6,12.1,79.3,Yes,0.0,None
19:25:12.184,Active,405.5,2.4,98.8,12.1,78.8,Yes,0.0,None
19:25:12.604,Active,409.2,2.4,98.2,12.1,79.3,Yes,0.0,None
19:25:13.023,Active,412.6,2.4,98.8,12.0,79.3,Yes,0.0,None
19:25:13.443,Active,413.7,2.4,99.4,12.0,79.3,Yes,0.0,None
19:25:13.875,Active,425.8,2.4,97.1,12.0,79.3,Yes,0.0,None
19:25:14.295,Active,413.8,2.4,100.0,12.0,78.8,Yes,0.0,None
19:25:14.718,Active,417.7,2.4,99.4,12.0,79.8,Yes,0.0,None
19:25:15.136,Active,405.2,2.4,97.6,12.0,79.3,Yes,0.0,None
19:25:15.551,Active,407.7,2.4,99.4,12.0,79.3,Yes,0.0,None
19:25:15.983,Active,426.1,2.4,97.7,12.0,79.3,Yes,0.0,None
19:25:16.402,Active,413.7,2.4,99.4,12.0,79.3,Yes,0.0,None
19:25:16.827,Active,418.6,2.4,99.4,12.0,78.8,Yes,0.0,None
19:25:17.252,Active,416.7,2.4,97.6,12.0,79.8,Yes,0.0,None
19:25:17.679,Active,417.8,2.4,98.2,12.0,78.8,Yes,0.0,None
19:25:18.104,Active,418.3,2.4,98.8,12.0,79.3,Yes,0.0,None
19:25:18.526,Active,414.4,2.4,98.2,12.0,79.8,Yes,0.0,None
19:25:18.955,Active,419.5,2.4,97.7,12.0,79.3,Yes,0.0,None
19:25:19.380,Active,415.7,2.4,98.2,12.0,79.8,Yes,0.0,None
19:25:19.823,Active,434.2,2.4,98.3,12.0,79.3,Yes,0.0,None
19:25:20.342,Active,407.4,2.4,78.4,12.1,78.8,Yes,0.0,None
19:25:20.755,Active,404.8,2.4,99.4,12.1,79.3,Yes,0.0,None
19:25:21.173,Active,409.8,2.3,98.8,12.1,79.8,Yes,0.0,None
19:25:21.596,Active,414.2,2.3,98.2,12.1,80.4,Yes,0.0,None
19:25:22.021,Active,417.8,2.3,99.4,12.1,79.8,Yes,0.0,None
19:26:07.468,Active,429.7,2.3,1.3,12.0,60.6,Yes,0.0,None
19:26:07.895,Active,420.7,2.3,96.5,12.0,62.2,Yes,0.0,None
19:26:08.312,Active,407.6,2.3,98.2,12.0,63.4,Yes,0.0,None
19:26:08.729,Active,409.6,2.3,98.8,12.0,63.9,Yes,0.0,None
19:26:09.156,Active,421.9,2.3,96.5,12.0,65.0,Yes,0.0,None
19:26:09.572,Active,408.5,2.3,98.8,12.0,66.1,Yes,0.0,None
19:26:09.987,Active,407.9,2.3,98.2,12.0,66.7,Yes,0.0,None
19:26:10.402,Active,407.1,3.0,98.8,12.0,67.2,Yes,0.0,None
19:26:10.815,Active,407.0,3.0,99.4,12.0,68.3,Yes,0.0,None
19:26:11.243,Active,419.6,3.0,99.4,12.0,68.3,Yes,0.0,None
19:26:11.654,Active,404.4,3.0,99.4,12.0,68.3,Yes,0.0,None
19:26:12.062,Active,402.0,3.0,100.0,12.0,68.8,Yes,0.0,None
19:26:12.475,Active,406.7,3.0,99.4,12.0,70.0,Yes,0.0,None
19:26:12.892,Active,410.5,3.0,98.2,12.0,70.5,Yes,0.0,None
19:26:13.325,Active,426.0,3.0,95.9,12.0,70.5,Yes,0.0,None
19:26:13.750,Active,418.7,3.0,97.1,12.0,71.0,Yes,0.0,None
19:26:14.174,Active,415.0,3.0,96.5,12.0,71.6,Yes,0.0,None
19:26:14.590,Active,407.1,2.4,98.2,12.0,71.6,Yes,0.0,None
19:26:15.009,Active,410.1,2.4,97.6,12.0,71.6,Yes,0.0,None
19:26:15.423,Active,404.2,2.4,98.2,12.0,72.2,Yes,0.0,None
19:26:15.836,Active,407.1,2.4,99.4,12.0,72.7,Yes,0.0,None
19:26:16.250,Active,406.9,2.4,98.8,12.0,72.7,Yes,0.0,None
19:26:16.664,Active,407.9,2.4,98.8,12.0,72.7,Yes,0.0,None
19:26:17.079,Active,409.7,2.4,99.4,12.0,72.7,Yes,0.0,None
19:26:17.496,Active,408.2,2.4,97.6,12.0,72.7,Yes,0.0,None
19:26:17.912,Active,409.1,2.4,98.8,12.0,72.7,Yes,0.0,None
19:26:18.327,Active,407.5,2.4,98.8,12.0,73.8,Yes,0.0,None
19:26:18.744,Active,408.6,2.4,98.2,12.0,74.3,Yes,0.0,None
19:26:19.159,Active,409.9,2.4,98.8,12.0,73.2,Yes,0.0,None
19:26:19.572,Active,406.1,2.4,98.8,12.0,73.2,Yes,0.0,None
19:26:19.993,Active,411.0,2.4,98.2,12.0,73.8,Yes,0.0,None
19:26:20.405,Active,406.4,2.4,98.8,12.0,73.8,Yes,0.0,None
19:26:20.823,Active,407.9,2.4,98.2,12.0,74.3,Yes,0.0,None
19:26:21.251,Active,420.2,2.4,95.9,12.0,74.3,Yes,0.0,None
19:26:21.679,Active,421.7,2.4,99.4,12.0,74.3,Yes,0.0,None
19:26:22.099,Active,411.9,2.4,98.2,12.0,74.9,Yes,0.0,None
19:26:22.514,Active,406.9,2.4,98.2,12.0,75.5,Yes,0.0,None
19:26:22.934,Active,411.2,2.4,97.6,12.0,74.9,Yes,0.0,None
19:26:23.347,Active,407.1,2.4,99.4,12.0,75.5,Yes,0.0,None
19:26:23.763,Active,408.3,2.4,98.2,12.0,74.3,Yes,0.0,None
19:26:24.179,Active,409.2,2.4,99.4,12.0,74.9,Yes,0.0,None
19:26:24.592,Active,407.1,2.4,98.8,12.0,75.5,Yes,0.0,None
19:26:25.015,Active,415.8,2.4,97.6,12.0,75.5,Yes,0.0,None
19:26:25.429,Active,408.0,2.4,99.4,12.0,75.5,Yes,0.0,None
19:26:25.847,Active,411.7,2.4,98.8,12.0,76.5,Yes,0.0,None
19:26:26.264,Active,411.1,2.4,98.8,12.0,75.5,Yes,0.0,None
19:26:26.681,Active,410.1,2.4,98.2,12.0,76.0,Yes,0.0,None
19:26:27.100,Active,409.9,2.4,98.2,12.0,76.5,Yes,0.0,None
19:26:27.517,Active,409.9,2.4,97.6,12.0,76.5,Yes,0.0,None
19:26:27.936,Active,412.0,2.4,98.8,12.0,75.5,Yes,0.0,None
19:26:28.347,Active,404.4,2.4,98.2,12.0,76.5,Yes,0.0,None
19:26:28.765,Active,409.6,2.4,98.8,12.0,76.5,Yes,0.0,None
19:26:29.179,Active,408.0,2.4,98.8,12.0,76.5,Yes,0.0,None
19:26:29.596,Active,410.8,2.4,98.8,12.0,75.5,Yes,0.0,None
19:26:30.012,Active,409.9,2.4,98.2,12.0,77.1,Yes,0.0,None
19:26:30.428,Active,408.6,2.4,98.8,12.0,74.9,Yes,0.0,None
19:26:30.843,Active,409.6,2.4,98.8,12.0,77.1,Yes,0.0,None
19:26:31.258,Active,406.6,2.4,98.8,12.0,76.0,Yes,0.0,None
19:26:31.688,Active,423.9,2.4,99.4,12.0,76.0,Yes,0.0,None
19:26:32.102,Active,406.6,2.4,98.2,12.0,76.0,Yes,0.0,None
19:26:32.519,Active,407.6,2.4,98.2,12.0,77.7,Yes,0.0,None
19:26:32.937,Active,409.5,2.4,98.2,12.0,76.5,Yes,0.0,None
19:26:33.352,Active,408.5,2.4,98.8,12.0,77.7,Yes,0.0,None
19:26:33.767,Active,409.4,2.4,99.4,12.0,77.1,Yes,0.0,None
19:26:34.184,Active,408.5,2.4,98.2,12.0,77.1,Yes,0.0,None
19:26:34.609,Active,419.3,2.4,98.8,12.0,78.2,Yes,0.0,None
19:26:35.028,Active,412.9,2.4,98.8,12.0,77.7,Yes,0.0,None
19:26:35.446,Active,407.3,2.4,97.6,12.0,77.1,Yes,0.0,None
19:26:35.863,Active,407.7,2.4,98.8,12.0,77.7,Yes,0.0,None
19:26:36.281,Active,409.6,2.4,98.8,12.0,77.7,Yes,0.0,None
19:26:36.698,Active,410.8,2.4,98.2,12.0,77.7,Yes,0.0,None
19:26:37.114,Active,406.7,2.4,98.2,12.0,77.7,Yes,0.0,None
19:26:37.538,Active,413.8,2.4,97.0,12.0,76.5,Yes,0.0,None
19:26:37.953,Active,405.9,2.4,98.2,12.0,77.7,Yes,0.0,None
19:26:38.369,Active,405.6,2.4,98.2,12.0,78.2,Yes,0.0,None
19:26:38.784,Active,408.5,2.4,99.4,12.0,77.1,Yes,0.0,None
19:26:39.205,Active,414.0,2.4,97.6,12.0,77.7,Yes,0.0,None
19:26:39.619,Active,407.0,2.4,98.2,12.0,77.7,Yes,0.0,None
19:26:40.039,Active,409.4,2.4,97.6,12.0,78.2,Yes,0.0,None
19:26:40.456,Active,408.6,2.4,98.8,12.0,78.2,Yes,0.0,None
19:26:40.873,Active,408.5,2.4,98.2,12.0,78.2,Yes,0.0,None
19:26:41.288,Active,408.7,2.4,98.8,12.0,77.7,Yes,0.0,None
19:26:41.705,Active,410.4,2.4,98.2,12.0,78.2,Yes,0.0,None
19:26:42.136,Active,420.7,2.4,98.3,12.0,77.7,Yes,0.0,None
19:26:42.552,Active,409.0,2.4,98.2,12.0,78.8,Yes,0.0,None
19:26:42.971,Active,411.9,2.4,98.8,12.0,78.2,Yes,0.0,None
19:26:43.386,Active,407.0,2.4,98.2,12.0,78.8,Yes,0.0,None
19:26:43.833,Active,437.9,2.4,93.7,12.0,77.7,Yes,0.0,None
19:26:44.248,Active,406.2,2.4,98.2,12.1,78.2,Yes,0.0,None
19:26:44.664,Active,409.2,2.4,99.4,12.0,78.2,Yes,0.0,None
19:26:45.078,Active,407.2,2.4,98.8,12.1,78.2,Yes,0.0,None
19:26:45.496,Active,408.6,2.4,98.8,12.1,78.2,Yes,0.0,None
19:26:45.913,Active,411.3,2.4,98.2,12.1,78.2,Yes,0.0,None
19:26:46.329,Active,409.6,2.4,98.8,12.1,79.3,Yes,0.0,None
19:26:46.745,Active,410.4,2.4,98.8,12.0,78.8,Yes,0.0,None
19:26:47.160,Active,408.5,2.4,98.8,12.0,78.2,Yes,0.0,None
19:26:47.575,Active,407.6,2.4,98.8,12.1,78.2,Yes,0.0,None
19:26:47.989,Active,408.0,2.4,98.8,12.0,78.8,Yes,0.0,None
19:26:48.404,Active,408.7,2.4,98.8,12.0,78.2,Yes,0.0,None
19:26:48.820,Active,408.9,2.4,98.8,12.0,78.2,Yes,0.0,None
19:26:49.236,Active,408.5,2.4,98.8,12.0,78.2,Yes,0.0,None
19:26:49.652,Active,410.3,2.4,98.8,12.0,78.8,Yes,0.0,None
19:26:50.081,Active,422.2,2.4,97.1,12.0,78.8,Yes,0.0,None
19:26:50.495,Active,404.2,2.4,98.8,12.0,78.8,Yes,0.0,None
19:26:50.912,Active,408.7,2.4,98.8,12.0,78.8,Yes,0.0,None
19:26:51.324,Active,405.8,2.4,98.8,12.0,78.8,Yes,0.0,None
19:26:51.738,Active,408.5,2.4,99.4,12.0,78.8,Yes,0.0,None
19:26:52.171,Active,422.5,2.4,98.3,12.0,78.8,Yes,0.0,None
19:26:52.587,Active,407.1,2.4,98.2,12.0,78.8,Yes,0.0,None
19:26:53.006,Active,409.2,2.4,98.2,12.0,79.3,Yes,0.0,None
19:26:53.420,Active,407.7,2.4,99.4,12.0,79.8,Yes,0.0,None
19:26:53.856,Active,429.2,2.4,96.0,12.0,81.0,Yes,0.0,None
19:26:54.268,Active,405.3,2.4,98.2,12.0,77.7,Yes,0.0,None
19:26:54.685,Active,409.9,2.4,98.2,12.0,79.3,Yes,0.0,None
19:26:55.104,Active,410.6,2.4,98.2,12.0,78.8,Yes,0.0,None
19:26:55.520,Active,409.1,2.4,98.2,12.1,79.3,Yes,0.0,None
19:26:55.943,Active,416.2,2.4,98.8,12.1,78.8,Yes,0.0,None
19:26:56.367,Active,415.8,2.4,98.2,12.1,78.8,Yes,0.0,None
19:26:56.793,Active,418.0,2.4,98.8,12.1,79.3,Yes,0.0,None
19:26:57.222,Active,420.5,2.4,97.1,12.1,79.3,Yes,0.0,None
19:26:57.645,Active,414.2,2.4,98.2,12.1,79.8,Yes,0.0,None
19:26:58.070,Active,418.8,2.4,98.8,12.1,79.3,Yes,0.0,None
19:26:58.491,Active,414.3,2.4,98.2,12.1,78.8,Yes,0.0,None
19:26:58.912,Active,415.6,2.4,99.4,12.1,79.8,Yes,0.0,None
19:26:59.335,Active,416.2,2.4,98.8,12.0,78.8,Yes,0.0,None
19:26:59.764,Active,422.2,2.4,98.2,12.0,79.3,Yes,0.0,None
19:27:00.190,Active,414.7,2.4,98.2,12.0,79.8,Yes,0.0,None
19:27:00.620,Active,421.6,2.4,97.7,12.0,78.2,Yes,0.0,None
19:27:01.045,Active,418.1,2.4,98.8,12.0,78.8,Yes,0.0,None
19:27:01.469,Active,417.5,2.4,98.8,12.0,79.3,Yes,0.0,None
19:27:01.895,Active,420.3,2.4,98.2,12.0,79.8,Yes,0.0,None
19:27:02.331,Active,425.8,2.4,97.7,12.1,78.8,Yes,0.0,None
19:27:02.755,Active,417.7,2.4,99.4,12.1,79.3,Yes,0.0,None
19:27:03.172,Active,411.6,2.4,99.4,12.1,80.4,Yes,0.0,None
19:27:03.596,Active,413.6,2.4,98.8,12.1,79.3,Yes,0.0,None
19:27:04.021,Active,414.9,2.4,97.6,12.1,79.3,Yes,0.0,None
19:27:04.448,Active,416.5,2.4,98.2,12.1,79.3,Yes,0.0,None
19:27:04.873,Active,417.8,2.4,98.2,12.1,79.3,Yes,0.0,None
19:27:05.323,Active,444.4,2.4,96.1,12.0,78.8,Yes,0.0,None
19:27:05.785,Active,453.3,2.4,94.0,12.0,79.8,Yes,0.0,None
19:27:06.208,Active,417.2,2.4,98.8,12.0,78.2,Yes,0.0,None
19:27:06.635,Active,420.6,2.4,98.2,12.0,79.3,Yes,0.0,None
19:27:07.061,Active,419.6,2.4,98.8,12.0,79.3,Yes,0.0,None
19:27:52.501,Active,426.5,2.4,1.2,12.0,61.1,Yes,0.0,None
19:27:52.915,Active,407.7,2.4,100.0,12.0,62.2,Yes,0.0,None
19:27:53.326,Active,405.5,2.4,99.4,12.0,63.4,Yes,0.0,None
19:27:53.755,Active,420.8,2.4,98.8,12.1,63.9,Yes,0.0,None
19:27:54.170,Active,407.1,4.8,98.8,12.1,65.0,Yes,0.0,None
19:27:54.583,Active,406.5,4.8,98.8,12.1,66.7,Yes,0.0,None
19:27:54.999,Active,408.9,4.8,98.8,12.1,66.1,Yes,0.0,None
19:27:55.414,Active,406.6,4.8,98.2,12.1,67.2,Yes,0.0,None
19:27:55.834,Active,410.7,4.8,98.2,12.1,67.8,Yes,0.0,None
19:27:56.247,Active,407.7,4.8,99.4,12.1,68.3,Yes,0.0,None
19:27:56.664,Active,408.5,4.8,98.2,12.1,69.4,Yes,0.0,None
19:27:57.076,Active,406.5,4.8,98.8,12.1,68.8,Yes,0.0,None
19:27:57.494,Active,408.0,4.8,98.2,12.1,70.0,Yes,0.0,None
19:27:57.912,Active,408.9,4.8,98.2,12.1,69.4,Yes,0.0,None
19:27:58.328,Active,408.7,2.4,98.8,12.1,70.5,Yes,0.0,None
19:27:58.745,Active,410.1,2.4,98.2,12.1,70.5,Yes,0.0,None
19:27:59.162,Active,407.2,2.4,98.2,12.1,71.0,Yes,0.0,None
19:27:59.580,Active,407.5,2.4,98.2,12.1,70.5,Yes,0.0,None
19:27:59.999,Active,410.2,2.4,97.6,12.1,71.0,Yes,0.0,None
19:28:00.416,Active,408.8,2.4,98.2,12.1,71.6,Yes,0.0,None
19:28:00.853,Active,430.3,2.4,95.4,12.1,72.2,Yes,0.0,None
19:28:01.270,Active,406.7,2.4,97.6,12.1,72.2,Yes,0.0,None
19:28:01.687,Active,410.0,2.4,98.8,12.1,72.7,Yes,0.0,None
19:28:02.102,Active,407.7,2.4,98.8,12.1,72.7,Yes,0.0,None
19:28:02.516,Active,405.7,2.4,98.2,12.0,72.7,Yes,0.0,None
19:28:02.932,Active,408.7,2.4,98.2,12.0,73.8,Yes,0.0,None
19:28:03.348,Active,406.7,2.4,98.2,12.0,73.2,Yes,0.0,None
19:28:03.769,Active,413.7,2.4,98.8,12.0,73.2,Yes,0.0,None
19:28:04.192,Active,416.2,2.4,98.2,12.0,72.7,Yes,0.0,None
19:28:04.610,Active,408.2,2.4,97.6,12.0,73.8,Yes,0.0,None
19:28:05.031,Active,411.5,2.4,98.2,12.0,73.8,Yes,0.0,None
19:28:05.445,Active,405.6,2.4,98.8,12.0,74.3,Yes,0.0,None
19:28:05.869,Active,417.6,2.4,98.2,12.0,73.8,Yes,0.0,None
19:28:06.282,Active,407.4,2.4,98.8,12.0,74.9,Yes,0.0,None
19:28:06.707,Active,416.0,2.4,98.8,12.0,73.8,Yes,0.0,None
19:28:07.122,Active,409.3,2.4,98.8,12.0,74.3,Yes,0.0,None
19:28:07.536,Active,404.6,2.4,98.2,12.0,74.3,Yes,0.0,None
19:28:07.956,Active,412.7,2.4,99.4,12.0,74.3,Yes,0.0,None
19:28:08.372,Active,408.6,2.4,98.2,12.0,75.5,Yes,0.0,None
19:28:08.788,Active,409.1,2.4,98.8,12.0,74.9,Yes,0.0,None
19:28:09.205,Active,409.5,2.4,98.8,12.0,74.9,Yes,0.0,None
19:28:09.618,Active,407.2,2.4,98.8,12.0,74.9,Yes,0.0,None
19:28:10.029,Active,404.8,2.4,99.4,12.0,76.0,Yes,0.0,None
19:28:10.439,Active,404.2,2.4,100.0,12.0,75.5,Yes,0.0,None
19:28:10.857,Active,411.5,2.4,98.8,12.0,75.5,Yes,0.0,None
19:28:11.291,Active,428.6,2.4,95.4,12.0,75.5,Yes,0.0,None
19:28:11.707,Active,408.4,2.4,98.8,12.0,75.5,Yes,0.0,None
19:28:12.125,Active,407.5,2.4,98.2,12.0,75.5,Yes,0.0,None
19:28:12.540,Active,408.4,2.4,98.8,12.0,76.0,Yes,0.0,None
19:28:12.956,Active,409.2,2.4,98.8,12.0,76.5,Yes,0.0,None
19:28:13.370,Active,407.5,2.4,98.8,12.0,76.0,Yes,0.0,None
19:28:13.788,Active,411.5,2.4,98.8,12.0,76.0,Yes,0.0,None
19:28:14.211,Active,415.6,2.4,98.8,12.1,76.5,Yes,0.0,None
19:28:14.624,Active,407.1,2.4,99.4,12.1,76.0,Yes,0.0,None
19:28:15.035,Active,405.3,2.4,98.8,12.1,75.5,Yes,0.0,None
19:28:15.447,Active,406.4,2.4,100.0,12.1,76.0,Yes,0.0,None
19:28:15.862,Active,408.9,2.4,98.8,12.1,76.5,Yes,0.0,None
19:28:16.305,Active,436.4,2.4,94.3,12.1,76.0,Yes,0.0,None
19:28:16.720,Active,409.3,2.4,98.8,12.1,76.5,Yes,0.0,None
19:28:17.136,Active,409.5,2.4,98.2,12.1,76.5,Yes,0.0,None
19:28:17.549,Active,405.4,2.4,98.8,12.1,76.5,Yes,0.0,None
19:28:17.963,Active,408.0,2.4,98.8,12.1,76.5,Yes,0.0,None
19:28:18.376,Active,404.9,2.4,98.8,12.1,77.7,Yes,0.0,None
19:28:18.791,Active,408.0,2.4,98.8,12.1,77.1,Yes,0.0,None
19:28:19.203,Active,406.2,2.4,99.4,12.1,77.1,Yes,0.0,None
19:28:19.616,Active,405.0,2.4,97.6,12.1,77.1,Yes,0.0,None
19:28:20.031,Active,408.2,2.4,99.4,12.1,77.1,Yes,0.0,None
19:28:20.446,Active,409.9,2.4,98.2,12.1,76.5,Yes,0.0,None
19:28:20.864,Active,408.9,2.4,98.2,12.1,77.1,Yes,0.0,None
19:28:21.280,Active,407.0,2.4,98.2,12.1,77.1,Yes,0.0,None
19:28:21.698,Active,411.3,2.4,98.8,12.1,77.1,Yes,0.0,None
19:28:22.111,Active,406.9,2.4,98.8,12.1,77.1,Yes,0.0,None
19:28:22.534,Active,415.2,2.4,98.2,12.1,77.7,Yes,0.0,None
19:28:22.953,Active,408.7,2.4,98.2,12.0,77.1,Yes,0.0,None
19:28:23.367,Active,407.2,2.4,98.8,12.0,78.8,Yes,0.0,None
19:28:23.787,Active,410.8,2.4,97.6,12.0,77.7,Yes,0.0,None
19:28:24.205,Active,408.2,2.4,98.2,12.0,77.1,Yes,0.0,None
19:28:24.638,Active,424.2,2.4,98.9,12.1,77.7,Yes,0.0,None
19:28:25.059,Active,411.1,2.4,98.2,12.1,79.3,Yes,0.0,None
19:28:25.472,Active,405.8,2.4,98.2,12.1,77.7,Yes,0.0,None
19:28:25.886,Active,406.9,2.4,98.8,12.1,78.2,Yes,0.0,None
19:28:26.301,Active,406.3,2.4,98.8,12.1,77.7,Yes,0.0,None
19:28:26.718,Active,406.5,2.4,97.6,12.1,77.7,Yes,0.0,None
19:28:27.133,Active,409.0,2.4,99.4,12.0,77.7,Yes,0.0,None
19:28:27.545,Active,406.2,2.4,98.2,12.0,78.2,Yes,0.0,None
19:28:27.965,Active,411.1,2.4,98.2,12.0,78.8,Yes,0.0,None
19:28:28.378,Active,407.2,2.4,98.2,12.0,77.7,Yes,0.0,None
19:28:28.796,Active,409.5,2.4,98.2,12.0,78.2,Yes,0.0,None
19:28:29.215,Active,410.8,2.4,98.8,12.0,78.2,Yes,0.0,None
19:28:29.630,Active,407.0,2.4,98.2,12.0,78.2,Yes,0.0,None
19:28:30.045,Active,408.7,2.4,98.8,12.0,77.7,Yes,0.0,None
19:28:30.460,Active,408.7,2.4,98.8,12.0,78.2,Yes,0.0,None
19:28:30.877,Active,409.9,2.4,98.2,12.0,78.2,Yes,0.0,None
19:28:31.289,Active,405.6,2.4,98.8,12.0,78.2,Yes,0.0,None
19:28:31.704,Active,408.7,2.4,99.4,12.0,78.2,Yes,0.0,None
19:28:32.118,Active,407.0,2.4,98.8,12.0,78.2,Yes,0.0,None
19:28:32.536,Active,408.6,2.4,97.6,12.0,78.2,Yes,0.0,None
19:28:32.952,Active,410.2,2.4,98.8,12.0,78.2,Yes,0.0,None
19:28:33.367,Active,407.4,2.4,98.8,12.0,78.8,Yes,0.0,None
19:28:33.784,Active,409.1,2.4,98.2,12.0,79.8,Yes,0.0,None
19:28:34.199,Active,409.1,2.4,98.8,12.0,78.2,Yes,0.0,None
19:28:34.653,Active,445.8,2.4,97.8,12.1,78.2,Yes,0.0,None
19:28:35.067,Active,407.2,2.4,98.8,12.1,78.8,Yes,0.0,None
19:28:35.483,Active,406.8,2.4,98.2,12.1,78.2,Yes,0.0,None
19:28:35.903,Active,410.3,2.4,97.6,12.1,78.2,Yes,0.0,None
19:28:36.321,Active,408.4,2.4,98.2,12.1,77.1,Yes,0.0,None
19:28:36.741,Active,410.2,2.4,98.2,12.1,78.8,Yes,0.0,None
19:28:37.156,Active,408.3,2.4,98.2,12.1,78.8,Yes,0.0,None
19:28:37.574,Active,408.1,2.4,98.2,12.1,78.8,Yes,0.0,None
19:28:37.994,Active,409.9,2.4,97.6,12.1,78.8,Yes,0.0,None
19:28:38.411,Active,407.3,2.4,98.2,12.1,78.2,Yes,0.0,None
19:28:38.827,Active,408.9,2.4,98.8,12.1,78.8,Yes,0.0,None
19:28:39.245,Active,407.3,2.4,98.2,12.1,79.3,Yes,0.0,None
19:28:39.664,Active,410.2,2.4,97.6,12.1,78.8,Yes,0.0,None
19:28:40.081,Active,407.6,2.4,97.6,12.1,78.8,Yes,0.0,None
19:28:40.499,Active,407.8,2.4,98.2,12.1,79.3,Yes,0.0,None
19:28:40.914,Active,408.2,2.4,98.8,12.0,78.8,Yes,0.0,None
19:28:41.330,Active,407.5,2.4,98.2,12.0,78.8,Yes,0.0,None
19:28:41.746,Active,408.5,2.4,98.8,12.0,79.3,Yes,0.0,None
19:28:42.161,Active,408.5,2.4,98.8,12.0,78.8,Yes,0.0,None
19:28:42.577,Active,407.8,2.4,98.2,12.0,78.8,Yes,0.0,None
19:28:42.996,Active,409.7,2.4,97.6,12.0,78.8,Yes,0.0,None
19:28:43.411,Active,407.6,2.4,98.8,12.0,78.8,Yes,0.0,None
19:28:43.829,Active,409.8,2.4,98.2,12.0,79.3,Yes,0.0,None
19:28:44.246,Active,407.7,2.4,98.2,12.0,78.8,Yes,0.0,None
19:28:44.673,Active,419.1,2.4,98.8,12.1,79.3,Yes,0.0,None
19:28:45.107,Active,427.9,2.4,98.9,12.1,79.3,Yes,0.0,None
19:28:45.528,Active,412.5,2.4,98.8,12.1,78.8,Yes,0.0,None
19:28:45.949,Active,413.6,2.4,97.6,12.1,79.3,Yes,0.0,None
19:28:46.364,Active,408.6,2.4,98.8,12.1,78.8,Yes,0.0,None
19:28:46.781,Active,411.2,2.4,99.4,12.1,78.8,Yes,0.0,None
19:28:47.200,Active,413.5,2.4,97.6,12.1,78.8,Yes,0.0,None
19:28:47.614,Active,407.0,2.4,98.8,12.1,79.3,Yes,0.0,None
19:28:48.030,Active,409.7,2.4,98.8,12.1,79.8,Yes,0.0,None
19:28:48.442,Active,405.6,2.4,98.2,12.0,79.3,Yes,0.0,None
19:28:48.868,Active,420.1,2.4,98.8,12.0,79.3,Yes,0.0,None
19:28:49.300,Active,425.6,2.4,97.1,12.0,78.8,Yes,0.0,None
19:28:49.723,Active,417.7,2.4,99.4,12.0,79.3,Yes,0.0,None
19:28:50.148,Active,418.9,2.4,98.8,12.0,79.3,Yes,0.0,None
19:28:50.569,Active,415.1,2.4,98.2,12.0,79.8,Yes,0.0,None
19:28:50.997,Active,417.2,2.4,97.7,12.0,79.3,Yes,0.0,None
19:28:51.419,Active,416.0,2.4,98.8,12.0,79.3,Yes,0.0,None
19:28:51.844,Active,417.2,2.4,98.2,12.0,79.3,Yes,0.0,None
19:28:52.272,Active,421.3,2.4,98.2,12.0,78.8,Yes,0.0,None
19:29:37.715,Active,429.9,23.0,1.3,12.1,61.1,Yes,0.0,None
19:29:38.129,Active,406.1,23.0,98.8,12.1,62.2,Yes,0.0,None
19:29:38.544,Active,406.3,23.0,98.2,12.1,63.4,Yes,0.0,None
19:29:38.961,Active,410.9,23.0,99.4,12.1,65.0,Yes,0.0,None
19:29:39.380,Active,412.5,23.0,97.6,12.1,65.0,Yes,0.0,None
19:29:39.796,Active,409.3,23.0,98.8,12.1,66.1,Yes,0.0,None
19:29:40.213,Active,409.8,23.0,99.4,12.1,66.7,Yes,0.0,None
19:29:40.636,Active,417.7,23.0,96.4,12.1,67.8,Yes,0.0,None
19:29:41.052,Active,409.4,23.0,99.4,12.0,67.8,Yes,0.0,None
19:29:41.468,Active,409.1,23.0,98.8,12.0,68.3,Yes,0.0,None
19:29:41.885,Active,409.8,2.4,98.2,12.0,68.8,Yes,0.0,None
19:29:42.297,Active,405.7,2.4,98.2,12.0,69.4,Yes,0.0,None
19:29:42.710,Active,406.1,2.4,99.4,12.0,70.0,Yes,0.0,None
19:29:43.124,Active,405.0,2.4,98.2,12.0,69.4,Yes,0.0,None
19:29:43.537,Active,406.1,2.4,98.8,12.0,71.0,Yes,0.0,None
19:29:43.958,Active,411.0,2.4,98.2,12.0,72.2,Yes,0.0,None
19:29:44.373,Active,406.0,2.4,97.6,12.0,71.0,Yes,0.0,None
19:29:44.788,Active,408.9,2.4,99.4,12.1,71.6,Yes,0.0,None
19:29:45.205,Active,409.5,2.4,98.8,12.1,72.2,Yes,0.0,None
19:29:45.631,Active,420.0,2.4,96.5,12.1,72.7,Yes,0.0,None
19:29:46.049,Active,411.2,2.4,98.8,12.1,72.7,Yes,0.0,None
19:29:46.482,Active,426.4,2.4,98.3,12.1,72.2,Yes,0.0,None
19:29:46.909,Active,418.3,2.4,96.5,12.1,72.7,Yes,0.0,None
19:29:47.326,Active,407.3,2.4,98.2,12.1,73.8,Yes,0.0,None
19:29:47.745,Active,409.9,2.4,98.2,12.1,73.2,Yes,0.0,None
19:29:48.162,Active,408.3,2.4,98.8,12.1,74.3,Yes,0.0,None
19:29:48.580,Active,408.8,2.4,97.6,12.1,73.2,Yes,0.0,None
19:29:48.996,Active,408.9,2.4,98.8,12.1,72.2,Yes,0.0,None
19:29:49.410,Active,406.6,2.4,98.8,12.1,73.2,Yes,0.0,None
19:29:49.923,Active,411.2,2.4,80.9,12.1,73.2,Yes,0.0,None
19:29:50.449,Active,417.2,2.3,78.6,12.1,73.2,Yes,0.0,None
19:29:50.870,Active,415.7,2.3,98.2,12.1,73.8,Yes,0.0,None
19:29:51.288,Active,407.9,2.3,98.2,12.1,74.3,Yes,0.0,None
19:29:51.704,Active,409.3,2.3,98.8,12.1,74.3,Yes,0.0,None
19:29:52.120,Active,408.4,2.3,98.2,12.1,74.3,Yes,0.0,None
19:29:52.536,Active,408.8,2.3,98.8,12.1,75.5,Yes,0.0,None
19:29:52.952,Active,409.1,2.3,98.2,12.1,74.9,Yes,0.0,None
19:29:53.369,Active,409.7,2.3,98.8,12.1,74.3,Yes,0.0,None
19:29:53.785,Active,409.3,2.3,98.2,12.0,75.5,Yes,0.0,None
19:29:54.203,Active,408.0,2.3,97.6,12.0,75.5,Yes,0.0,None
19:29:54.620,Active,408.1,2.4,98.2,12.0,74.9,Yes,0.0,None
19:29:55.038,Active,408.2,2.4,98.2,12.0,75.5,Yes,0.0,None
19:29:55.457,Active,408.9,2.4,98.2,12.0,74.3,Yes,0.0,None
19:29:55.877,Active,413.8,2.4,96.4,12.0,75.5,Yes,0.0,None
19:29:56.295,Active,408.2,2.4,98.2,12.0,75.5,Yes,0.0,None
19:29:56.723,Active,420.8,2.4,98.8,12.1,74.3,Yes,0.0,None
19:29:57.137,Active,406.2,2.4,99.4,12.1,76.0,Yes,0.0,None
19:29:57.556,Active,408.5,2.4,98.2,12.2,75.5,Yes,0.0,None
19:29:57.973,Active,411.3,2.4,98.8,12.2,75.5,Yes,0.0,None
19:29:58.387,Active,408.3,2.4,98.2,12.2,76.0,Yes,0.0,None
19:29:58.804,Active,410.5,2.4,99.4,12.2,76.5,Yes,0.0,None
19:29:59.220,Active,408.7,2.4,98.2,12.2,75.5,Yes,0.0,None
19:29:59.634,Active,408.4,2.4,98.8,12.2,76.5,Yes,0.0,None
19:30:00.051,Active,410.8,2.4,98.8,12.1,76.5,Yes,0.0,None
19:30:00.469,Active,409.8,2.4,98.2,12.1,76.0,Yes,0.0,None
19:30:00.885,Active,409.9,2.4,98.8,12.1,76.0,Yes,0.0,None
19:30:01.299,Active,407.5,2.4,98.8,12.1,76.5,Yes,0.0,None
19:30:01.716,Active,411.4,2.4,98.8,12.1,75.5,Yes,0.0,None
19:30:02.131,Active,407.5,2.4,98.8,12.1,77.1,Yes,0.0,None
19:30:02.545,Active,406.2,2.4,98.8,12.1,77.1,Yes,0.0,None
19:30:02.963,Active,408.4,2.4,97.6,12.1,77.1,Yes,0.0,None
19:30:03.378,Active,408.2,2.4,98.8,12.1,77.1,Yes,0.0,None
19:30:03.792,Active,407.7,2.4,99.4,12.1,77.1,Yes,0.0,None
19:30:04.209,Active,409.7,2.4,99.4,12.1,76.0,Yes,0.0,None
19:30:04.630,Active,415.8,2.4,97.1,12.1,76.5,Yes,0.0,None
19:30:05.070,Active,433.8,2.4,95.4,12.1,77.1,Yes,0.0,None
19:30:05.487,Active,408.1,2.4,98.2,12.1,77.1,Yes,0.0,None
19:30:05.904,Active,410.7,2.4,98.8,12.1,77.1,Yes,0.0,None
19:30:06.323,Active,413.3,2.4,97.6,12.0,77.7,Yes,0.0,None
19:30:06.748,Active,416.7,2.4,98.8,12.0,77.1,Yes,0.0,None
19:30:07.175,Active,420.1,2.4,98.8,12.1,77.1,Yes,0.0,None
19:30:07.590,Active,406.9,2.4,98.2,12.1,77.1,Yes,0.0,None
19:30:08.014,Active,415.0,2.4,97.6,12.1,77.7,Yes,0.0,None
19:30:08.428,Active,407.6,2.4,98.8,12.1,77.7,Yes,0.0,None
19:30:08.843,Active,408.0,2.4,99.4,12.1,77.7,Yes,0.0,None
19:30:09.258,Active,409.2,2.4,98.8,12.1,77.1,Yes,0.0,None
19:30:09.672,Active,408.0,2.4,100.0,12.1,77.7,Yes,0.0,None
19:30:10.086,Active,407.2,2.4,99.4,12.1,77.1,Yes,0.0,None
19:30:10.499,Active,406.5,2.4,98.8,12.0,77.7,Yes,0.0,None
19:30:10.915,Active,410.1,2.4,99.4,12.1,77.7,Yes,0.0,None
19:30:11.331,Active,406.1,2.4,98.8,12.0,77.7,Yes,0.0,None
19:30:11.746,Active,408.7,2.4,98.8,12.0,77.1,Yes,0.0,None
19:30:12.159,Active,406.6,2.4,99.4,12.0,77.7,Yes,0.0,None
19:30:12.571,Active,406.2,2.4,99.4,12.0,78.2,Yes,0.0,None
19:30:12.984,Active,406.9,2.4,99.4,12.0,78.2,Yes,0.0,None
19:30:13.428,Active,433.0,2.4,94.3,12.0,77.1,Yes,0.0,None
19:30:13.845,Active,410.8,2.4,98.8,12.0,77.7,Yes,0.0,None
19:30:14.256,Active,405.6,2.4,98.2,12.0,77.7,Yes,0.0,None
19:30:14.675,Active,412.4,2.4,98.8,12.0,78.2,Yes,0.0,None
19:30:15.091,Active,408.3,2.4,98.2,12.0,77.7,Yes,0.0,None
19:30:15.514,Active,410.9,2.4,97.0,12.0,78.2,Yes,0.0,None
19:30:15.931,Active,410.6,2.4,98.8,12.0,77.7,Yes,0.0,None
19:30:16.349,Active,409.4,2.4,98.2,12.0,78.2,Yes,0.0,None
19:30:16.765,Active,409.5,2.4,98.8,12.0,78.8,Yes,0.0,None
19:30:17.196,Active,424.8,2.4,98.8,12.1,78.2,Yes,0.0,None
19:30:17.610,Active,408.4,2.4,99.4,12.1,78.2,Yes,0.0,None
19:30:18.026,Active,410.1,2.4,98.8,12.1,78.2,Yes,0.0,None
19:30:18.440,Active,407.6,2.4,99.4,12.1,78.2,Yes,0.0,None
19:30:18.856,Active,409.4,2.4,98.2,12.1,78.8,Yes,0.0,None
19:30:19.271,Active,408.0,2.4,99.4,12.1,78.8,Yes,0.0,None
19:30:19.688,Active,409.2,2.4,98.2,12.1,77.7,Yes,0.0,None
19:30:20.100,Active,405.7,2.4,99.4,12.1,78.2,Yes,0.0,None
19:30:20.516,Active,406.4,2.4,98.2,12.0,78.8,Yes,0.0,None
19:30:20.932,Active,409.3,2.4,98.8,12.0,78.8,Yes,0.0,None
19:30:21.349,Active,409.6,2.4,98.8,12.0,78.2,Yes,0.0,None
19:30:21.764,Active,409.2,2.4,98.2,12.0,78.8,Yes,0.0,None
19:30:22.179,Active,408.6,2.4,98.8,12.0,78.8,Yes,0.0,None
19:30:22.596,Active,407.2,2.4,98.2,12.0,78.2,Yes,0.0,None
19:30:23.016,Active,410.3,2.4,98.2,12.0,78.2,Yes,0.0,None
19:30:23.434,Active,408.8,2.4,98.2,12.0,78.2,Yes,0.0,None
19:30:23.852,Active,410.1,2.4,98.2,12.0,78.8,Yes,0.0,None
19:30:24.272,Active,410.4,2.4,98.2,12.0,78.8,Yes,0.0,None
19:30:24.691,Active,411.5,2.4,98.2,12.0,78.2,Yes,0.0,None
19:30:25.109,Active,408.4,2.4,98.2,12.0,78.2,Yes,0.0,None
19:30:25.525,Active,406.4,2.4,97.6,12.0,78.8,Yes,0.0,None
19:30:25.944,Active,409.7,2.4,98.2,12.0,78.8,Yes,0.0,None
19:30:26.362,Active,407.9,2.4,98.2,12.0,78.8,Yes,0.0,None
19:30:26.782,Active,409.7,2.4,98.2,12.0,78.8,Yes,0.0,None
19:30:27.195,Active,407.3,2.4,98.8,12.0,79.3,Yes,0.0,None
19:30:27.630,Active,425.4,2.4,98.3,12.0,78.8,Yes,0.0,None
19:30:28.048,Active,409.3,2.4,98.2,12.0,79.3,Yes,0.0,None
19:30:28.462,Active,406.9,2.4,98.8,12.0,78.2,Yes,0.0,None
19:30:28.881,Active,413.3,2.4,98.8,12.0,79.3,Yes,0.0,None
19:30:29.307,Active,415.6,2.4,98.2,12.0,79.8,Yes,0.0,None
19:30:29.728,Active,414.7,2.4,99.4,12.0,79.8,Yes,0.0,None
19:30:30.142,Active,407.2,2.4,98.8,12.0,79.3,Yes,0.0,None
19:30:30.559,Active,408.1,2.4,98.2,12.0,79.3,Yes,0.0,None
19:30:30.995,Active,428.2,2.4,97.1,12.0,79.3,Yes,0.0,None
19:30:31.420,Active,416.9,2.4,98.2,12.0,78.8,Yes,0.0,None
19:30:31.846,Active,419.2,2.4,98.8,12.0,80.4,Yes,0.0,None
19:30:32.268,Active,414.9,2.4,99.4,12.0,79.3,Yes,0.0,None
19:30:32.696,Active,418.9,2.4,98.2,12.0,79.3,Yes,0.0,None
19:30:33.120,Active,414.0,2.4,97.6,12.0,79.3,Yes,0.0,None
19:30:33.573,Active,446.0,2.4,95.6,12.0,79.8,Yes,0.0,None
19:30:34.001,Active,418.9,2.4,98.3,12.0,78.8,Yes,0.0,None
19:30:34.423,Active,415.6,2.4,98.8,12.0,78.8,Yes,0.0,None
19:30:34.869,Active,437.6,2.4,97.2,12.0,79.3,Yes,0.0,None
19:30:35.293,Active,418.0,2.4,98.8,12.0,79.3,Yes,0.0,None
19:30:35.717,Active,417.8,2.4,98.8,12.0,79.3,Yes,0.0,None
19:30:36.140,Active,414.0,2.4,98.2,12.1,79.8,Yes,0.0,None
19:30:36.563,Active,416.8,2.3,99.4,12.1,78.8,Yes,0.0,None
19:30:36.988,Active,418.9,2.3,98.8,12.1,79.3,Yes,0.0,None
19:30:37.411,Active,415.4,2.3,98.8,12.1,78.8,Yes,0.0,None
19:31:22.854,Active,426.9,2.3,1.0,12.1,61.1,Yes,0.0,None
19:31:23.287,Active,423.5,2.3,95.9,12.1,62.8,Yes,0.0,None
19:31:23.701,Active,408.2,2.3,98.8,12.1,63.4,Yes,0.0,None
19:31:24.116,Active,406.3,2.3,98.8,12.1,63.9,Yes,0.0,None
19:31:24.532,Active,410.5,2.3,98.8,12.1,65.0,Yes,0.0,None
19:31:24.952,Active,412.9,2.3,98.8,12.1,66.1,Yes,0.0,None
19:31:25.367,Active,409.1,2.3,98.2,12.1,66.7,Yes,0.0,None
19:31:25.784,Active,410.3,3.0,98.8,12.1,67.2,Yes,0.0,None
19:31:26.200,Active,409.2,3.0,98.2,12.1,67.2,Yes,0.0,None
19:31:26.618,Active,408.5,3.0,97.6,12.0,67.8,Yes,0.0,None
19:31:27.035,Active,408.2,3.0,98.2,12.0,68.3,Yes,0.0,None
19:31:27.450,Active,407.1,3.0,98.2,12.0,68.3,Yes,0.0,None
19:31:27.875,Active,414.6,3.0,98.2,12.0,69.4,Yes,0.0,None
19:31:28.286,Active,405.8,3.0,98.2,12.1,70.0,Yes,0.0,None
19:31:28.701,Active,408.2,3.0,98.8,12.1,70.0,Yes,0.0,None
19:31:29.128,Active,419.9,3.0,99.4,12.1,70.5,Yes,0.0,None
19:31:29.545,Active,409.7,3.0,98.8,12.1,71.0,Yes,0.0,None
19:31:29.983,Active,431.9,2.4,95.4,12.1,71.6,Yes,0.0,None
19:31:30.396,Active,406.8,2.4,99.4,12.1,71.6,Yes,0.0,None
19:31:30.812,Active,410.1,2.4,98.8,12.1,72.2,Yes,0.0,None
19:31:31.228,Active,408.5,2.4,98.8,12.1,72.7,Yes,0.0,None
19:31:31.641,Active,407.4,2.4,98.2,12.1,72.2,Yes,0.0,None
19:31:32.057,Active,410.2,2.4,99.4,12.1,72.2,Yes,0.0,None
19:31:32.470,Active,406.9,2.4,98.8,12.1,72.2,Yes,0.0,None
19:31:32.885,Active,408.9,2.4,98.8,12.1,72.7,Yes,0.0,None
19:31:33.303,Active,407.7,2.4,98.2,12.1,73.2,Yes,0.0,None
19:31:33.719,Active,410.3,2.4,98.2,12.0,73.2,Yes,0.0,None
19:31:34.138,Active,408.3,2.4,97.6,12.0,72.2,Yes,0.0,None
19:31:34.555,Active,410.6,2.4,98.2,12.0,73.8,Yes,0.0,None
19:31:34.978,Active,415.2,2.4,98.2,12.0,73.8,Yes,0.0,None
19:31:35.396,Active,408.2,2.4,97.6,12.0,73.8,Yes,0.0,None
19:31:35.815,Active,411.8,2.4,98.8,12.0,73.8,Yes,0.0,None
19:31:36.231,Active,409.1,2.4,98.8,12.0,74.3,Yes,0.0,None
19:31:36.648,Active,408.6,2.4,97.6,12.0,73.8,Yes,0.0,None
19:31:37.088,Active,433.1,2.4,94.9,12.0,74.3,Yes,0.0,None
19:31:37.510,Active,414.5,2.4,97.6,12.0,74.3,Yes,0.0,None
19:31:37.924,Active,407.9,2.4,98.8,12.0,74.9,Yes,0.0,None
19:31:38.444,Active,412.2,2.3,79.8,12.0,74.3,Yes,0.0,None
19:31:38.952,Active,411.4,2.3,81.3,12.0,74.3,Yes,0.0,None
19:31:39.401,Active,443.4,2.3,96.6,12.1,75.5,Yes,0.0,None
19:31:39.823,Active,412.4,2.3,98.2,12.1,75.5,Yes,0.0,None
19:31:40.239,Active,409.9,2.3,98.2,12.1,74.9,Yes,0.0,None
19:31:40.652,Active,406.7,2.3,98.2,12.1,75.5,Yes,0.0,None
19:31:41.064,Active,406.4,2.3,99.4,12.1,75.5,Yes,0.0,None
19:31:41.488,Active,418.1,2.3,97.0,12.1,75.5,Yes,0.0,None
19:31:41.913,Active,417.8,2.3,97.6,12.1,74.9,Yes,0.0,None
19:31:42.324,Active,404.7,2.3,98.8,12.1,77.1,Yes,0.0,None
19:31:42.738,Active,406.9,2.3,98.8,12.1,75.5,Yes,0.0,None
19:31:43.152,Active,405.0,2.3,98.2,12.0,75.5,Yes,0.0,None
19:31:43.564,Active,405.8,2.3,98.8,12.0,76.0,Yes,0.0,None
19:31:43.980,Active,409.0,2.3,98.8,12.0,74.9,Yes,0.0,None
19:31:44.391,Active,404.1,2.3,98.2,12.0,76.0,Yes,0.0,None
19:31:44.815,Active,418.6,2.3,98.8,12.0,76.0,Yes,0.0,None
19:31:45.244,Active,422.1,2.3,97.1,12.0,75.5,Yes,0.0,None
19:31:45.659,Active,409.2,2.3,98.8,12.0,76.5,Yes,0.0,None
19:31:46.080,Active,408.4,2.3,97.0,12.0,76.5,Yes,0.0,None
19:31:46.492,Active,406.4,2.3,99.4,12.0,77.1,Yes,0.0,None
19:31:46.908,Active,409.1,2.4,98.8,12.1,76.0,Yes,0.0,None
19:31:47.321,Active,406.4,2.4,98.8,12.1,77.1,Yes,0.0,None
19:31:47.747,Active,415.4,2.4,97.7,12.1,76.5,Yes,0.0,None
19:31:48.164,Active,409.2,2.4,98.2,12.1,77.1,Yes,0.0,None
19:31:48.576,Active,404.8,2.4,98.8,12.1,76.5,Yes,0.0,None
19:31:48.992,Active,408.7,2.4,98.8,12.0,76.5,Yes,0.0,None
19:31:49.419,Active,419.7,2.4,98.8,12.1,77.7,Yes,0.0,None
19:31:49.834,Active,409.5,2.4,98.8,12.2,77.1,Yes,0.0,None
19:31:50.253,Active,408.8,2.4,98.2,12.1,76.5,Yes,0.0,None
19:31:50.669,Active,409.5,2.4,98.2,12.1,76.5,Yes,0.0,None
19:31:51.083,Active,408.0,2.4,98.8,12.1,77.7,Yes,0.0,None
19:31:51.501,Active,409.7,2.4,98.2,12.1,76.5,Yes,0.0,None
19:31:51.921,Active,413.6,2.4,98.2,12.1,77.1,Yes,0.0,None
19:31:52.441,Active,409.6,2.4,78.4,12.1,76.0,Yes,0.0,None
19:31:52.864,Active,417.2,2.4,98.2,12.1,77.1,Yes,0.0,None
19:31:53.309,Active,437.5,2.4,94.9,12.1,77.1,Yes,0.0,None
19:31:53.724,Active,408.5,2.4,97.6,12.1,77.1,Yes,0.0,None
19:31:54.141,Active,411.3,2.4,99.4,12.1,77.1,Yes,0.0,None
19:31:54.555,Active,407.8,2.4,97.6,12.1,77.1,Yes,0.0,None
19:31:54.969,Active,408.5,2.4,99.4,12.1,77.7,Yes,0.0,None
19:31:55.384,Active,405.5,2.3,98.2,12.0,77.1,Yes,0.0,None
19:31:55.800,Active,408.8,2.3,98.8,12.0,77.1,Yes,0.0,None
19:31:56.224,Active,413.8,2.3,97.6,12.0,77.7,Yes,0.0,None
19:31:56.638,Active,407.2,2.3,98.2,12.0,78.2,Yes,0.0,None
19:31:57.054,Active,406.8,2.3,97.6,12.0,77.7,Yes,0.0,None
19:31:57.469,Active,406.4,2.3,98.2,12.1,78.2,Yes,0.0,None
19:31:57.885,Active,409.3,2.3,100.0,12.1,78.2,Yes,0.0,None
19:31:58.298,Active,406.7,2.3,98.2,12.0,77.1,Yes,0.0,None
19:31:58.716,Active,408.9,2.3,98.2,12.1,78.2,Yes,0.0,None
19:31:59.131,Active,407.9,2.3,98.8,12.1,77.7,Yes,0.0,None
19:31:59.552,Active,414.9,2.4,98.8,12.1,77.7,Yes,0.0,None
19:31:59.973,Active,411.4,2.4,98.2,12.1,77.1,Yes,0.0,None
19:32:00.387,Active,407.6,2.4,98.2,12.1,78.2,Yes,0.0,None
19:32:00.803,Active,410.3,2.4,98.8,12.1,78.2,Yes,0.0,None
19:32:01.215,Active,406.5,2.4,98.8,12.1,78.2,Yes,0.0,None
19:32:01.630,Active,407.5,2.4,98.8,12.1,79.3,Yes,0.0,None
19:32:02.047,Active,407.5,2.4,98.2,12.0,78.2,Yes,0.0,None
19:32:02.460,Active,407.6,2.4,99.4,12.0,78.2,Yes,0.0,None
19:32:02.881,Active,413.5,2.4,97.0,12.0,78.8,Yes,0.0,None
19:32:03.293,Active,405.9,2.4,99.4,12.0,78.8,Yes,0.0,None
19:32:03.708,Active,409.2,2.4,98.8,12.0,78.8,Yes,0.0,None
19:32:04.124,Active,406.3,2.4,98.2,12.0,78.8,Yes,0.0,None
19:32:04.542,Active,408.5,2.4,98.2,12.0,78.8,Yes,0.0,None
19:32:04.961,Active,409.4,2.4,98.2,12.0,78.2,Yes,0.0,None
19:32:05.380,Active,409.7,2.4,98.2,12.0,77.7,Yes,0.0,None
19:32:05.798,Active,410.5,2.4,98.2,12.0,78.8,Yes,0.0,None
19:32:06.212,Active,404.3,2.4,98.2,12.0,78.8,Yes,0.0,None
19:32:06.637,Active,416.2,2.4,98.8,12.0,78.2,Yes,0.0,None
19:32:07.054,Active,409.6,2.4,98.2,12.0,78.2,Yes,0.0,None
19:32:07.470,Active,407.6,2.4,98.2,12.0,78.2,Yes,0.0,None
19:32:07.888,Active,408.3,2.4,98.8,12.0,78.2,Yes,0.0,None
19:32:08.304,Active,406.8,2.4,97.6,12.0,78.8,Yes,0.0,None
19:32:08.721,Active,409.2,2.4,98.8,12.0,79.3,Yes,0.0,None
19:32:09.137,Active,407.1,2.4,98.2,12.0,78.2,Yes,0.0,None
19:32:09.554,Active,408.2,2.4,98.2,12.0,78.8,Yes,0.0,None
19:32:09.984,Active,419.6,2.4,98.2,12.0,79.3,Yes,0.0,None
19:32:10.396,Active,407.0,2.4,99.4,12.0,78.8,Yes,0.0,None
19:32:10.812,Active,408.8,2.4,99.4,12.0,78.8,Yes,0.0,None
19:32:11.229,Active,409.7,2.4,98.8,12.0,79.3,Yes,0.0,None
19:32:11.645,Active,409.9,2.4,98.2,12.0,78.8,Yes,0.0,None
19:32:12.059,Active,408.2,2.4,98.2,12.0,78.8,Yes,0.0,None
19:32:12.474,Active,407.0,2.4,98.2,12.0,78.2,Yes,0.0,None
19:32:12.895,Active,411.4,2.4,98.2,12.0,79.3,Yes,0.0,None
19:32:13.324,Active,420.9,2.4,98.2,12.0,78.8,Yes,0.0,None
19:32:13.751,Active,420.3,2.4,98.8,12.0,79.8,Yes,0.0,None
19:32:14.168,Active,408.7,2.4,97.6,12.0,79.3,Yes,0.0,None
19:32:14.581,Active,405.7,2.4,98.8,12.0,79.3,Yes,0.0,None
19:32:14.992,Active,405.3,2.4,99.4,12.0,79.3,Yes,0.0,None
19:32:15.405,Active,406.8,2.4,100.0,12.0,79.8,Yes,0.0,None
19:32:15.823,Active,411.7,2.4,99.4,12.0,79.3,Yes,0.0,None
19:32:16.237,Active,406.1,2.4,97.6,12.0,79.8,Yes,0.0,None
19:32:16.654,Active,408.2,2.4,98.8,12.1,78.8,Yes,0.0,None
19:32:17.075,Active,410.7,2.4,98.2,12.1,79.3,Yes,0.0,None
19:32:17.496,Active,415.4,2.4,98.8,12.1,78.8,Yes,0.0,None
19:32:17.923,Active,417.4,2.4,98.2,12.1,79.3,Yes,0.0,None
19:32:18.350,Active,416.6,2.4,97.6,12.1,78.2,Yes,0.0,None
19:32:18.775,Active,419.8,2.4,99.4,12.1,79.3,Yes,0.0,None
19:32:19.199,Active,416.3,2.4,98.2,12.0,79.3,Yes,0.0,None
19:32:19.624,Active,418.5,2.4,98.8,12.0,78.2,Yes,0.0,None
19:32:20.059,Active,428.0,2.4,98.3,12.1,79.3,Yes,0.0,None
19:32:20.482,Active,416.5,2.4,98.8,12.1,78.8,Yes,0.0,None
19:32:20.908,Active,417.3,2.4,98.2,12.1,79.8,Yes,0.0,None
19:32:21.335,Active,417.3,2.4,98.2,12.1,79.3,Yes,0.0,None
19:32:21.758,Active,414.5,2.4,98.8,12.1,79.3,Yes,0.0,None
19:32:22.183,Active,414.8,2.4,97.6,12.1,79.8,Yes,0.0,None
19:32:22.607,Active,415.9,2.4,98.2,12.1,80.4,Yes,0.0,None
19:33:08.047,Active,426.0,2.4,1.3,12.0,61.1,Yes,0.0,None
19:33:08.463,Active,405.0,2.4,98.2,12.2,61.7,Yes,0.0,None
19:33:08.883,Active,410.4,2.4,98.2,12.2,63.4,Yes,0.0,None
19:33:09.295,Active,406.1,2.4,99.4,12.2,64.5,Yes,0.0,None
19:33:09.710,Active,409.6,4.8,99.4,12.1,64.5,Yes,0.0,None
19:33:10.125,Active,409.0,4.8,98.8,12.1,66.1,Yes,0.0,None
19:33:10.537,Active,405.9,4.8,98.2,12.1,66.1,Yes,0.0,None
19:33:10.955,Active,409.8,4.8,98.8,12.1,67.8,Yes,0.0,None
19:33:11.391,Active,426.6,4.8,96.6,12.2,67.2,Yes,0.0,None
19:33:11.809,Active,410.3,4.8,98.2,12.2,68.3,Yes,0.0,None
19:33:12.225,Active,407.3,4.8,98.2,12.2,68.3,Yes,0.0,None
19:33:12.636,Active,405.1,4.8,98.8,12.2,68.3,Yes,0.0,None
19:33:13.053,Active,407.4,4.8,98.8,12.2,68.8,Yes,0.0,None
19:33:13.466,Active,407.1,4.8,98.8,12.2,69.4,Yes,0.0,None
19:33:13.883,Active,407.7,2.4,98.2,12.1,70.0,Yes,0.0,None
19:33:14.295,Active,405.8,2.4,98.8,12.1,70.5,Yes,0.0,None
19:33:14.714,Active,409.3,2.4,98.2,12.1,71.6,Yes,0.0,None
19:33:15.133,Active,409.6,2.4,98.2,12.1,71.0,Yes,0.0,None
19:33:15.547,Active,408.3,2.4,98.8,12.1,71.6,Yes,0.0,None
19:33:15.960,Active,406.8,2.4,99.4,12.1,72.2,Yes,0.0,None
19:33:16.375,Active,409.2,2.4,99.4,12.1,72.2,Yes,0.0,None
19:33:16.788,Active,406.9,2.4,99.4,12.1,73.2,Yes,0.0,None
19:33:17.199,Active,405.2,2.4,99.4,12.1,72.7,Yes,0.0,None
19:33:17.611,Active,405.6,2.4,99.4,12.0,72.7,Yes,0.0,None
19:33:18.033,Active,414.1,2.4,97.0,12.0,73.2,Yes,0.0,None
19:33:18.448,Active,405.0,2.4,98.2,12.0,72.7,Yes,0.0,None
19:33:18.875,Active,420.4,2.4,97.1,12.1,72.7,Yes,0.0,None
19:33:19.292,Active,408.5,2.4,98.8,12.1,73.8,Yes,0.0,None
19:33:19.709,Active,411.3,2.4,98.8,12.0,73.8,Yes,0.0,None
19:33:20.123,Active,407.1,2.4,98.2,12.0,73.8,Yes,0.0,None
19:33:20.541,Active,408.0,2.4,97.6,12.0,73.2,Yes,0.0,None
19:33:20.961,Active,410.8,2.4,98.2,12.0,74.9,Yes,0.0,None
19:33:21.378,Active,410.0,2.4,97.0,12.0,74.3,Yes,0.0,None
19:33:21.812,Active,426.0,2.4,98.8,12.1,74.3,Yes,0.0,None
19:33:22.228,Active,406.5,2.4,98.2,12.1,73.8,Yes,0.0,None
19:33:22.643,Active,405.8,2.4,97.6,12.1,74.9,Yes,0.0,None
19:33:23.061,Active,408.3,2.4,98.2,12.1,74.9,Yes,0.0,None
19:33:23.478,Active,406.9,2.4,98.2,12.1,74.9,Yes,0.0,None
19:33:23.896,Active,408.9,2.4,98.2,12.1,73.8,Yes,0.0,None
19:33:24.314,Active,407.9,2.4,98.2,12.1,75.5,Yes,0.0,None
19:33:24.732,Active,408.0,2.4,98.8,12.1,76.0,Yes,0.0,None
19:33:25.150,Active,408.5,2.4,98.2,12.0,75.5,Yes,0.0,None
19:33:25.566,Active,408.0,2.4,97.6,12.0,76.0,Yes,0.0,None
19:33:25.983,Active,407.6,2.4,98.8,12.1,75.5,Yes,0.0,None
19:33:26.400,Active,408.7,2.4,98.8,12.1,74.9,Yes,0.0,None
19:33:26.815,Active,408.4,2.4,98.2,12.1,74.9,Yes,0.0,None
19:33:27.228,Active,406.9,2.4,98.2,12.1,75.5,Yes,0.0,None
19:33:27.645,Active,407.0,2.4,98.2,12.1,75.5,Yes,0.0,None
19:33:28.061,Active,408.9,2.4,98.8,12.0,76.5,Yes,0.0,None
19:33:28.479,Active,408.0,2.4,97.6,12.0,76.0,Yes,0.0,None
19:33:28.894,Active,407.7,2.4,98.8,12.0,76.0,Yes,0.0,None
19:33:29.306,Active,406.4,2.4,98.8,12.0,76.5,Yes,0.0,None
19:33:29.724,Active,408.7,2.4,98.2,12.0,76.5,Yes,0.0,None
19:33:30.144,Active,408.8,2.4,98.2,12.0,77.1,Yes,0.0,None
19:33:30.568,Active,417.2,2.4,97.0,12.0,76.5,Yes,0.0,None
19:33:30.988,Active,412.5,2.4,97.6,12.0,76.0,Yes,0.0,None
19:33:31.401,Active,408.1,2.4,98.8,12.0,76.5,Yes,0.0,None
19:33:31.833,Active,422.2,2.4,98.3,12.0,76.5,Yes,0.0,None
19:33:32.286,Active,442.1,2.4,93.3,12.1,77.1,Yes,0.0,None
19:33:32.710,Active,414.7,2.4,97.7,12.1,77.1,Yes,0.0,None
19:33:33.124,Active,406.5,2.4,98.2,12.1,76.5,Yes,0.0,None
19:33:33.537,Active,407.1,2.4,98.2,12.1,76.5,Yes,0.0,None
19:33:33.956,Active,408.3,2.4,98.8,12.1,77.1,Yes,0.0,None
19:33:34.375,Active,407.6,2.4,97.0,12.0,77.1,Yes,0.0,None
19:33:34.794,Active,411.0,2.4,98.8,12.0,76.5,Yes,0.0,None
19:33:35.208,Active,408.0,2.4,98.2,12.0,77.1,Yes,0.0,None
19:33:35.617,Active,402.7,2.4,98.8,12.0,77.1,Yes,0.0,None
19:33:36.032,Active,408.7,2.4,99.4,12.0,77.1,Yes,0.0,None
19:33:36.448,Active,408.9,2.4,98.8,12.0,76.5,Yes,0.0,None
19:33:36.867,Active,409.4,2.4,98.2,12.0,77.7,Yes,0.0,None
19:33:37.278,Active,405.0,2.4,98.8,12.0,77.1,Yes,0.0,None
19:33:37.690,Active,406.1,2.4,99.4,12.0,77.1,Yes,0.0,None
19:33:38.111,Active,410.5,2.4,98.2,12.0,77.1,Yes,0.0,None
19:33:38.530,Active,407.3,2.4,97.6,12.0,77.7,Yes,0.0,None
19:33:38.948,Active,408.6,2.4,98.2,12.0,77.7,Yes,0.0,None
19:33:39.361,Active,406.6,2.4,98.8,12.0,78.2,Yes,0.0,None
19:33:39.779,Active,409.3,2.4,98.2,12.0,77.7,Yes,0.0,None
19:33:40.192,Active,407.1,2.4,98.8,12.0,77.7,Yes,0.0,None
19:33:40.609,Active,407.6,2.4,98.2,12.0,77.7,Yes,0.0,None
19:33:41.028,Active,409.1,2.4,98.2,12.0,77.7,Yes,0.0,None
19:33:41.441,Active,403.5,2.4,98.2,12.0,76.5,Yes,0.0,None
19:33:41.859,Active,408.5,2.4,98.8,12.0,78.8,Yes,0.0,None
19:33:42.288,Active,422.6,2.4,98.8,12.0,78.2,Yes,0.0,None
19:33:42.702,Active,408.3,2.4,100.0,12.0,77.7,Yes,0.0,None
19:33:43.119,Active,410.8,2.4,98.8,12.0,78.2,Yes,0.0,None
19:33:43.532,Active,405.0,2.4,98.8,12.0,77.7,Yes,0.0,None
19:33:43.953,Active,412.8,2.4,98.8,12.0,77.1,Yes,0.0,None
19:33:44.367,Active,407.4,2.4,98.2,12.0,77.1,Yes,0.0,None
19:33:44.783,Active,408.8,2.4,98.8,12.0,78.2,Yes,0.0,None
19:33:45.196,Active,406.7,2.4,98.8,12.0,77.1,Yes,0.0,None
19:33:45.608,Active,406.6,2.4,98.8,12.0,78.2,Yes,0.0,None
19:33:46.029,Active,410.7,2.4,98.2,12.0,78.2,Yes,0.0,None
19:33:46.444,Active,407.7,2.4,98.2,12.0,77.7,Yes,0.0,None
19:33:46.865,Active,410.9,2.4,98.2,12.0,78.2,Yes,0.0,None
19:33:47.279,Active,406.9,2.4,98.2,12.0,78.8,Yes,0.0,None
19:33:47.695,Active,409.4,2.4,98.8,12.0,78.8,Yes,0.0,None
19:33:48.109,Active,407.5,2.4,99.4,12.0,78.2,Yes,0.0,None
19:33:48.522,Active,408.0,2.4,98.2,12.0,77.7,Yes,0.0,None
19:33:48.940,Active,409.3,2.4,98.8,12.0,78.8,Yes,0.0,None
19:33:49.355,Active,407.9,2.4,98.8,12.0,78.2,Yes,0.0,None
19:33:49.770,Active,406.7,2.4,98.2,12.0,78.8,Yes,0.0,None
19:33:50.194,Active,414.9,2.4,97.0,12.0,78.2,Yes,0.0,None
19:33:50.608,Active,406.6,2.4,98.2,12.0,79.3,Yes,0.0,None
19:33:51.023,Active,408.2,2.4,98.8,12.0,78.2,Yes,0.0,None
19:33:51.437,Active,406.2,2.4,98.8,12.0,78.8,Yes,0.0,None
19:33:51.855,Active,406.9,2.4,98.2,12.0,78.2,Yes,0.0,None
19:33:52.267,Active,403.6,2.4,99.4,12.0,78.8,Yes,0.0,None
19:33:52.699,Active,424.2,2.4,98.8,12.0,78.8,Yes,0.0,None
19:33:53.112,Active,406.8,2.4,98.8,12.0,78.2,Yes,0.0,None
19:33:53.525,Active,405.6,2.4,98.8,12.1,78.2,Yes,0.0,None
19:33:53.942,Active,408.3,2.4,98.2,12.1,78.8,Yes,0.0,None
19:33:54.355,Active,407.4,2.4,99.4,12.1,78.8,Yes,0.0,None
19:33:54.767,Active,406.2,2.4,99.4,12.0,78.8,Yes,0.0,None
19:33:55.180,Active,406.9,2.4,99.4,12.0,78.2,Yes,0.0,None
19:33:55.592,Active,405.4,2.4,98.8,12.0,79.3,Yes,0.0,None
19:33:56.010,Active,411.3,2.4,98.8,12.0,79.3,Yes,0.0,None
19:33:56.428,Active,408.7,2.4,98.2,12.0,79.3,Yes,0.0,None
19:33:56.844,Active,409.4,2.4,98.2,12.0,78.8,Yes,0.0,None
19:33:57.260,Active,405.9,2.4,98.2,12.0,78.8,Yes,0.0,None
19:33:57.675,Active,407.7,2.4,98.8,12.0,79.3,Yes,0.0,None
19:33:58.097,Active,409.6,2.4,97.6,12.0,78.8,Yes,0.0,None
19:33:58.508,Active,405.8,2.4,98.8,12.0,79.8,Yes,0.0,None
19:33:58.927,Active,409.5,2.4,97.6,12.0,79.3,Yes,0.0,None
19:33:59.452,Active,416.6,2.4,79.5,12.0,79.3,Yes,0.0,None
19:33:59.870,Active,411.4,2.3,98.2,12.0,78.2,Yes,0.0,None
19:34:00.287,Active,407.4,2.3,98.2,12.0,78.8,Yes,0.0,None
19:34:00.708,Active,411.1,2.3,97.6,12.0,79.3,Yes,0.0,None
19:34:01.125,Active,407.2,2.3,98.2,12.0,78.8,Yes,0.0,None
19:34:01.541,Active,407.2,2.3,98.8,12.0,80.4,Yes,0.0,None
19:34:01.962,Active,410.6,2.3,98.2,12.0,79.8,Yes,0.0,None
19:34:02.376,Active,404.6,2.3,98.2,12.0,78.8,Yes,0.0,None
19:34:02.813,Active,427.1,2.3,97.7,12.0,79.3,Yes,0.0,None
19:34:03.228,Active,406.5,2.3,98.8,12.0,78.8,Yes,0.0,None
19:34:03.645,Active,409.7,2.3,98.2,12.0,78.2,Yes,0.0,None
19:34:04.060,Active,408.8,2.4,98.8,12.0,79.8,Yes,0.0,None
19:34:04.485,Active,415.4,2.4,98.2,12.0,78.2,Yes,0.0,None
19:34:04.912,Active,418.1,2.4,98.2,12.0,79.3,Yes,0.0,None
19:34:05.334,Active,415.1,2.4,98.8,12.0,79.3,Yes,0.0,None
19:34:05.758,Active,417.5,2.4,98.8,12.0,79.3,Yes,0.0,None
19:34:06.181,Active,413.8,2.4,98.2,12.0,79.3,Yes,0.0,None
19:34:06.611,Active,424.0,2.4,99.4,12.0,79.3,Yes,0.0,None
19:34:07.044,Active,427.2,2.4,95.9,12.0,79.3,Yes,0.0,None
19:34:07.468,Active,416.5,2.4,98.8,12.0,79.8,Yes,0.0,None
19:34:07.895,Active,419.9,2.4,98.2,12.0,78.8,Yes,0.0,None
19:34:53.335,Active,426.0,23.2,1.0,12.0,61.1,Yes,0.0,None
19:34:53.752,Active,408.7,23.2,98.8,12.0,62.2,Yes,0.0,None
19:34:54.188,Active,428.6,23.2,97.1,12.1,63.4,Yes,0.0,None
19:34:54.599,Active,405.5,23.2,98.8,12.1,64.5,Yes,0.0,None
19:34:55.014,Active,408.4,23.2,99.4,12.1,64.5,Yes,0.0,None
19:34:55.434,Active,406.5,23.2,98.2,12.1,65.0,Yes,0.0,None
19:34:55.854,Active,411.1,23.2,98.2,12.1,66.7,Yes,0.0,None
19:34:56.268,Active,407.5,23.2,98.8,12.1,66.1,Yes,0.0,None
19:34:56.694,Active,418.7,23.2,97.6,12.1,67.8,Yes,0.0,None
19:34:57.117,Active,413.6,23.2,97.0,12.1,68.3,Yes,0.0,None
19:34:57.545,Active,418.1,2.4,96.5,12.1,68.3,Yes,0.0,None
19:34:57.968,Active,413.0,2.4,98.2,12.1,68.3,Yes,0.0,None
19:34:58.384,Active,409.3,2.4,98.2,12.1,69.4,Yes,0.0,None
19:34:58.800,Active,409.1,2.4,98.8,12.1,70.0,Yes,0.0,None
19:34:59.216,Active,408.7,2.4,98.2,12.0,70.5,Yes,0.0,None
19:34:59.634,Active,407.1,2.4,97.6,12.0,70.5,Yes,0.0,None
19:35:00.048,Active,407.7,2.4,98.8,12.0,70.5,Yes,0.0,None
19:35:00.463,Active,408.3,2.4,98.2,12.0,71.0,Yes,0.0,None
19:35:00.881,Active,409.8,2.4,98.2,12.1,71.6,Yes,0.0,None
19:35:01.295,Active,405.6,2.4,98.8,12.1,71.6,Yes,0.0,None
19:35:01.713,Active,411.5,2.4,98.8,12.1,72.2,Yes,0.0,None
19:35:02.124,Active,405.1,2.4,98.2,12.1,72.7,Yes,0.0,None
19:35:02.537,Active,406.2,2.4,99.4,12.1,72.7,Yes,0.0,None
19:35:02.958,Active,411.4,2.4,97.0,12.1,72.7,Yes,0.0,None
19:35:03.396,Active,431.2,2.4,95.4,12.1,73.8,Yes,0.0,None
19:35:03.809,Active,407.6,2.4,98.2,12.1,73.2,Yes,0.0,None
19:35:04.244,Active,424.9,2.4,97.7,12.2,73.2,Yes,0.0,None
19:35:04.657,Active,406.1,2.4,99.4,12.2,73.2,Yes,0.0,None
19:35:05.071,Active,406.6,2.4,98.2,12.2,72.7,Yes,0.0,None
19:35:05.489,Active,409.7,2.4,98.8,12.2,73.8,Yes,0.0,None
19:35:05.910,Active,415.3,2.4,97.6,12.1,74.3,Yes,0.0,None
19:35:06.328,Active,409.3,2.4,98.2,12.1,74.3,Yes,0.0,None
19:35:06.744,Active,409.7,2.4,98.8,12.1,74.3,Yes,0.0,None
19:35:07.161,Active,409.9,2.4,98.8,12.1,73.8,Yes,0.0,None
19:35:07.575,Active,407.7,2.4,98.8,12.1,73.8,Yes,0.0,None
19:35:07.991,Active,407.9,2.4,98.2,12.1,74.9,Yes,0.0,None
19:35:08.404,Active,406.7,2.4,98.8,12.1,74.3,Yes,0.0,None
19:35:08.819,Active,408.1,2.4,98.8,12.1,74.3,Yes,0.0,None
19:35:09.234,Active,408.9,2.4,99.4,12.1,74.9,Yes,0.0,None
19:35:09.647,Active,406.7,2.4,99.4,12.0,75.5,Yes,0.0,None
19:35:10.059,Active,406.1,2.4,99.4,12.0,76.5,Yes,0.0,None
19:35:10.471,Active,406.1,2.4,99.4,12.0,75.5,Yes,0.0,None
19:35:10.884,Active,407.2,2.4,99.4,12.0,74.9,Yes,0.0,None
19:35:11.301,Active,409.7,2.4,98.8,12.0,74.9,Yes,0.0,None
19:35:11.720,Active,412.7,2.4,98.2,12.0,76.0,Yes,0.0,None
19:35:12.138,Active,408.6,2.4,98.2,12.0,75.5,Yes,0.0,None
19:35:12.554,Active,407.3,2.4,98.2,12.0,75.5,Yes,0.0,None
19:35:12.980,Active,416.6,2.4,97.0,12.0,75.5,Yes,0.0,None
19:35:13.392,Active,406.7,2.4,98.2,12.0,76.0,Yes,0.0,None
19:35:13.812,Active,413.0,2.4,98.8,12.0,76.0,Yes,0.0,None
19:35:14.231,Active,411.5,2.4,97.6,12.1,74.9,Yes,0.0,None
19:35:14.661,Active,420.7,2.4,98.2,12.1,76.0,Yes,0.0,None
19:35:15.079,Active,407.1,2.4,98.2,12.1,76.5,Yes,0.0,None
19:35:15.493,Active,406.9,2.4,98.8,12.1,76.0,Yes,0.0,None
19:35:15.908,Active,408.0,2.4,98.2,12.1,76.0,Yes,0.0,None
19:35:16.322,Active,406.8,2.4,98.8,12.1,76.5,Yes,0.0,None
19:35:16.737,Active,408.8,2.4,99.4,12.1,77.7,Yes,0.0,None
19:35:17.153,Active,406.1,2.4,97.6,12.1,77.7,Yes,0.0,None
19:35:17.569,Active,406.5,2.4,98.2,12.0,76.5,Yes,0.0,None
19:35:17.990,Active,411.9,2.4,98.2,12.0,76.0,Yes,0.0,None
19:35:18.407,Active,407.9,2.4,98.2,12.0,76.0,Yes,0.0,None
19:35:18.823,Active,408.3,2.4,98.2,12.0,76.5,Yes,0.0,None
19:35:19.238,Active,408.3,2.4,98.8,12.0,77.1,Yes,0.0,None
19:35:19.651,Active,406.7,2.4,99.4,12.1,76.0,Yes,0.0,None
19:35:20.069,Active,411.1,2.4,98.8,12.1,76.5,Yes,0.0,None
19:35:20.482,Active,407.3,2.4,98.8,12.0,77.1,Yes,0.0,None
19:35:20.903,Active,410.3,2.4,97.6,12.0,77.7,Yes,0.0,None
19:35:21.316,Active,405.0,2.4,98.2,12.0,76.5,Yes,0.0,None
19:35:21.730,Active,406.9,2.4,98.8,12.0,79.3,Yes,0.0,None
19:35:22.146,Active,407.4,2.4,98.2,12.0,77.7,Yes,0.0,None
19:35:22.580,Active,424.6,2.4,95.9,12.0,76.5,Yes,0.0,None
19:35:23.017,Active,429.5,2.4,95.4,12.0,77.1,Yes,0.0,None
19:35:23.437,Active,413.9,2.4,99.4,12.0,77.7,Yes,0.0,None
19:35:23.851,Active,408.1,2.4,98.2,12.0,77.7,Yes,0.0,None
19:35:24.265,Active,406.3,2.4,98.2,12.0,77.1,Yes,0.0,None
19:35:24.698,Active,426.4,2.4,99.4,12.1,78.2,Yes,0.0,None
19:35:25.110,Active,406.4,2.4,98.8,12.1,77.1,Yes,0.0,None
19:35:25.522,Active,405.8,2.4,99.4,12.0,77.1,Yes,0.0,None
19:35:25.936,Active,407.9,2.4,99.4,12.1,77.1,Yes,0.0,None
19:35:26.350,Active,407.0,2.4,98.8,12.1,77.7,Yes,0.0,None
19:35:26.769,Active,409.3,2.4,98.2,12.1,77.7,Yes,0.0,None
19:35:27.183,Active,408.2,2.4,98.8,12.1,77.7,Yes,0.0,None
19:35:27.595,Active,403.5,2.4,98.8,12.1,77.7,Yes,0.0,None
19:35:28.017,Active,416.5,2.4,98.2,12.1,77.1,Yes,0.0,None
19:35:28.431,Active,408.4,2.4,98.8,12.1,78.2,Yes,0.0,None
19:35:28.852,Active,410.7,2.4,98.2,12.0,78.2,Yes,0.0,None
19:35:29.265,Active,405.9,2.4,98.8,12.0,78.8,Yes,0.0,None
19:35:29.679,Active,408.1,2.4,100.0,12.0,78.8,Yes,0.0,None
19:35:30.094,Active,407.2,2.4,98.8,12.0,77.7,Yes,0.0,None
19:35:30.506,Active,405.1,2.4,99.4,12.0,77.7,Yes,0.0,None
19:35:30.931,Active,412.0,2.4,97.6,12.0,78.8,Yes,0.0,None
19:35:31.346,Active,409.0,2.4,98.8,12.0,77.7,Yes,0.0,None
19:35:31.762,Active,410.1,2.4,98.8,12.0,78.2,Yes,0.0,None
19:35:32.176,Active,408.0,2.4,99.4,12.0,78.8,Yes,0.0,None
19:35:32.608,Active,426.2,2.4,95.3,12.0,78.8,Yes,0.0,None
19:35:33.024,Active,408.8,2.4,98.8,12.0,78.2,Yes,0.0,None
19:35:33.440,Active,408.6,2.4,99.4,12.0,78.2,Yes,0.0,None
19:35:33.867,Active,419.7,2.4,96.5,12.0,78.2,Yes,0.0,None
19:35:34.283,Active,407.6,2.4,98.8,12.0,78.8,Yes,0.0,None
19:35:34.698,Active,409.0,2.4,98.8,12.0,78.2,Yes,0.0,None
19:35:35.123,Active,415.6,2.4,98.8,12.0,78.2,Yes,0.0,None
19:35:35.533,Active,404.1,2.4,99.4,12.1,77.7,Yes,0.0,None
19:35:35.951,Active,412.1,2.4,99.4,12.1,78.2,Yes,0.0,None
19:35:36.363,Active,405.6,2.4,98.8,12.1,78.2,Yes,0.0,None
19:35:36.778,Active,409.3,2.4,99.4,12.1,78.2,Yes,0.0,None
19:35:37.190,Active,406.4,2.4,98.8,12.1,79.3,Yes,0.0,None
19:35:37.602,Active,405.7,2.4,99.4,12.1,79.3,Yes,0.0,None
19:35:38.019,Active,410.9,2.4,99.4,12.1,78.8,Yes,0.0,None
19:35:38.454,Active,426.8,2.4,95.4,12.1,78.8,Yes,0.0,None
19:35:38.868,Active,408.0,2.4,99.4,12.1,78.8,Yes,0.0,None
19:35:39.282,Active,406.4,2.4,98.2,12.1,78.8,Yes,0.0,None
19:35:39.700,Active,409.0,2.4,98.8,12.1,78.8,Yes,0.0,None
19:35:40.114,Active,406.9,2.4,98.2,12.1,79.3,Yes,0.0,None
19:35:40.531,Active,408.1,2.4,98.2,12.1,79.3,Yes,0.0,None
19:35:40.948,Active,408.6,2.4,98.8,12.1,78.8,Yes,0.0,None
19:35:41.364,Active,407.3,2.4,98.2,12.1,79.8,Yes,0.0,None
19:35:41.779,Active,408.4,2.4,98.2,12.0,78.8,Yes,0.0,None
19:35:42.198,Active,407.2,2.4,98.2,12.0,78.8,Yes,0.0,None
19:35:42.612,Active,405.0,2.4,98.8,12.0,79.3,Yes,0.0,None
19:35:43.033,Active,414.0,2.4,99.4,12.0,79.3,Yes,0.0,None
19:35:43.456,Active,416.5,2.4,98.2,12.0,79.3,Yes,0.0,None
19:35:43.881,Active,419.6,2.4,98.8,12.0,79.3,Yes,0.0,None
19:35:44.298,Active,407.1,2.4,97.6,12.0,79.3,Yes,0.0,None
19:35:44.714,Active,410.4,2.4,98.8,12.0,79.3,Yes,0.0,None
19:35:45.146,Active,422.6,2.4,98.8,12.1,79.3,Yes,0.0,None
19:35:45.570,Active,415.1,2.4,98.2,12.1,78.8,Yes,0.0,None
19:35:45.997,Active,417.3,2.4,98.2,12.1,78.8,Yes,0.0,None
19:35:46.424,Active,417.0,2.4,97.1,12.1,78.2,Yes,0.0,None
19:35:46.848,Active,417.1,2.4,98.8,12.1,78.8,Yes,0.0,None
19:35:47.270,Active,414.6,2.4,99.4,12.1,78.8,Yes,0.0,None
19:35:47.699,Active,419.1,2.4,97.7,12.1,78.8,Yes,0.0,None
19:35:48.124,Active,416.6,2.4,98.8,12.0,78.8,Yes,0.0,None
19:35:48.541,Active,405.7,2.4,97.6,12.0,79.8,Yes,0.0,None
19:35:48.954,Active,407.2,2.4,99.4,12.0,79.3,Yes,0.0,None
19:35:49.376,Active,412.7,2.4,98.8,12.0,79.3,Yes,0.0,None
19:35:49.801,Active,417.4,2.4,98.2,12.0,79.3,Yes,0.0,None
19:35:50.221,Active,414.2,2.4,99.4,12.0,79.3,Yes,0.0,None
19:35:50.641,Active,413.7,2.4,98.8,12.0,79.8,Yes,0.0,None
19:35:51.068,Active,418.2,2.4,98.8,12.2,79.8,Yes,0.0,None
19:35:51.500,Active,424.4,2.4,97.1,12.2,79.3,Yes,0.0,None
19:35:51.925,Active,417.6,2.4,98.2,12.2,79.8,Yes,0.0,None
19:35:52.450,Active,418.7,2.4,79.6,12.2,78.8,Yes,0.0,None
19:35:52.874,Active,417.9,2.4,98.8,12.2,78.8,Yes,0.0,None
19:35:53.298,Active,414.9,2.4,98.8,12.2,79.3,Yes,0.0,None
19:36:38.744,Active,429.0,2.4,1.3,12.1,61.1,Yes,0.0,None
19:36:39.158,Active,408.2,2.4,98.8,12.1,62.8,Yes,0.0,None
19:36:39.574,Active,407.0,2.4,98.2,12.1,63.4,Yes,0.0,None
19:36:39.991,Active,408.0,2.4,98.8,12.1,65.0,Yes,0.0,None
19:36:40.409,Active,407.4,2.4,98.2,12.1,65.5,Yes,0.0,None
19:36:40.826,Active,408.0,2.4,97.6,12.1,65.5,Yes,0.0,None
19:36:41.244,Active,408.6,3.4,98.2,12.1,67.2,Yes,0.0,None
19:36:41.654,Active,404.4,3.4,98.8,12.1,67.8,Yes,0.0,None
19:36:42.074,Active,408.2,3.4,98.2,12.1,67.8,Yes,0.0,None
19:36:42.487,Active,405.3,3.4,98.8,12.1,68.3,Yes,0.0,None
19:36:42.902,Active,409.3,3.4,99.4,12.1,67.2,Yes,0.0,None
19:36:43.314,Active,406.0,3.4,98.8,12.0,69.4,Yes,0.0,None
19:36:43.727,Active,406.7,3.4,99.4,12.0,69.4,Yes,0.0,None
19:36:44.138,Active,404.3,3.4,98.8,12.0,70.0,Yes,0.0,None
19:36:44.549,Active,404.6,3.4,99.4,12.0,70.5,Yes,0.0,None
19:36:44.964,Active,409.4,3.4,98.8,12.0,70.5,Yes,0.0,None
19:36:45.379,Active,407.5,2.4,98.8,12.0,71.0,Yes,0.0,None
19:36:45.799,Active,410.2,2.4,98.2,12.1,71.0,Yes,0.0,None
19:36:46.218,Active,409.3,2.4,97.6,12.1,72.2,Yes,0.0,None
19:36:46.654,Active,426.9,2.4,98.3,12.1,72.2,Yes,0.0,None
19:36:47.078,Active,410.1,2.4,97.0,12.1,72.2,Yes,0.0,None
19:36:47.495,Active,407.7,2.4,98.8,12.1,72.7,Yes,0.0,None
19:36:47.921,Active,415.4,2.4,97.6,12.1,72.2,Yes,0.0,None
19:36:48.337,Active,408.9,2.4,98.8,12.1,72.7,Yes,0.0,None
19:36:48.752,Active,408.9,2.4,98.8,12.1,73.2,Yes,0.0,None
19:36:49.167,Active,407.6,2.4,98.8,12.1,73.2,Yes,0.0,None
19:36:49.579,Active,406.0,2.4,99.4,12.1,73.2,Yes,0.0,None
19:36:49.998,Active,408.2,2.4,98.2,12.0,73.2,Yes,0.0,None
19:36:50.412,Active,406.3,2.4,98.8,12.0,73.8,Yes,0.0,None
19:36:50.829,Active,409.1,2.4,98.8,12.1,73.8,Yes,0.0,None
19:36:51.243,Active,406.3,2.4,98.2,12.1,74.3,Yes,0.0,None
19:36:51.657,Active,408.0,2.4,98.8,12.1,73.8,Yes,0.0,None
19:36:52.070,Active,405.8,2.4,98.8,12.1,74.3,Yes,0.0,None
19:36:52.486,Active,407.4,2.4,97.6,12.1,74.3,Yes,0.0,None
19:36:52.904,Active,408.4,2.4,98.2,12.1,74.3,Yes,0.0,None
19:36:53.322,Active,407.3,2.4,97.6,12.1,75.5,Yes,0.0,None
19:36:53.742,Active,409.8,2.4,98.2,12.1,74.3,Yes,0.0,None
19:36:54.158,Active,407.3,2.4,98.2,12.1,73.8,Yes,0.0,None
19:36:54.574,Active,405.8,2.4,97.6,12.1,74.9,Yes,0.0,None
19:36:54.992,Active,408.6,2.4,98.8,12.1,74.9,Yes,0.0,None
19:36:55.411,Active,407.8,2.4,97.6,12.1,74.9,Yes,0.0,None
19:36:55.832,Active,410.7,2.4,97.6,12.1,75.5,Yes,0.0,None
19:36:56.249,Active,407.7,2.4,98.2,12.1,74.3,Yes,0.0,None
19:36:56.668,Active,408.9,2.4,98.2,12.1,74.9,Yes,0.0,None
19:36:57.096,Active,420.5,2.4,98.8,12.1,75.5,Yes,0.0,None
19:36:57.513,Active,409.9,2.4,98.2,12.1,76.5,Yes,0.0,None
19:36:57.926,Active,407.1,2.4,98.8,12.1,76.0,Yes,0.0,None
19:36:58.340,Active,407.5,2.4,98.8,12.1,76.0,Yes,0.0,None
19:36:58.757,Active,411.2,2.4,99.4,12.1,76.0,Yes,0.0,None
19:36:59.182,Active,419.8,2.4,96.5,12.0,76.0,Yes,0.0,None
19:36:59.597,Active,408.4,2.4,98.8,12.0,76.0,Yes,0.0,None
19:37:00.010,Active,407.6,2.4,98.8,12.0,75.5,Yes,0.0,None
19:37:00.428,Active,408.7,2.4,98.2,12.0,77.1,Yes,0.0,None
19:37:00.845,Active,411.3,2.4,97.6,12.0,76.5,Yes,0.0,None
19:37:01.256,Active,404.8,2.4,99.4,12.0,76.5,Yes,0.0,None
19:37:01.680,Active,413.1,2.4,97.6,12.0,77.1,Yes,0.0,None
19:37:02.098,Active,411.9,2.4,98.2,12.0,77.1,Yes,0.0,None
19:37:02.529,Active,421.7,2.4,96.5,12.0,76.0,Yes,0.0,None
19:37:02.952,Active,417.6,2.4,97.0,12.0,76.5,Yes,0.0,None
19:37:03.365,Active,406.4,2.4,98.8,12.0,77.7,Yes,0.0,None
19:37:03.783,Active,406.8,2.4,98.8,12.0,77.1,Yes,0.0,None
19:37:04.199,Active,405.2,2.4,98.2,12.0,76.5,Yes,0.0,None
19:37:04.612,Active,406.6,2.4,98.8,12.0,76.5,Yes,0.0,None
19:37:05.028,Active,409.2,2.4,98.8,12.0,77.1,Yes,0.0,None
19:37:05.442,Active,407.4,2.4,98.8,12.0,77.7,Yes,0.0,None
19:37:05.879,Active,427.9,2.4,96.0,12.0,77.7,Yes,0.0,None
19:37:06.295,Active,408.0,2.4,98.2,12.0,77.7,Yes,0.0,None
19:37:06.714,Active,411.1,2.4,98.2,12.0,77.1,Yes,0.0,None
19:37:07.142,Active,421.9,2.4,98.2,12.0,77.1,Yes,0.0,None
19:37:07.558,Active,406.7,2.4,98.2,12.0,77.1,Yes,0.0,None
19:37:07.975,Active,408.3,2.4,98.2,12.0,77.7,Yes,0.0,None
19:37:08.390,Active,406.8,2.4,98.8,12.0,78.2,Yes,0.0,None
19:37:08.816,Active,416.6,2.4,97.6,12.0,77.7,Yes,0.0,None
19:37:09.256,Active,433.4,2.4,94.3,12.0,77.7,Yes,0.0,None
19:37:09.671,Active,409.0,2.4,99.4,12.0,77.7,Yes,0.0,None
19:37:10.085,Active,407.9,2.4,98.8,12.0,78.2,Yes,0.0,None
19:37:10.499,Active,408.0,2.4,98.8,12.0,77.7,Yes,0.0,None
19:37:10.916,Active,409.4,2.4,98.2,12.0,77.7,Yes,0.0,None
19:37:11.331,Active,406.6,2.4,97.6,12.0,77.7,Yes,0.0,None
19:37:11.747,Active,408.5,2.4,98.8,12.0,77.7,Yes,0.0,None
19:37:12.171,Active,415.7,2.4,96.4,12.0,77.7,Yes,0.0,None
19:37:12.586,Active,406.9,2.4,98.8,12.0,77.7,Yes,0.0,None
19:37:13.017,Active,421.6,2.4,95.9,12.0,78.8,Yes,0.0,None
19:37:13.433,Active,410.0,2.4,98.2,12.0,78.2,Yes,0.0,None
19:37:13.849,Active,409.4,2.4,99.4,12.0,78.2,Yes,0.0,None
19:37:14.263,Active,408.3,2.4,98.8,12.0,78.2,Yes,0.0,None
19:37:14.680,Active,409.3,2.4,98.2,12.0,78.8,Yes,0.0,None
19:37:15.096,Active,408.9,2.4,98.8,12.0,78.2,Yes,0.0,None
19:37:15.512,Active,409.6,2.4,97.0,12.0,77.7,Yes,0.0,None
19:37:15.931,Active,411.9,2.4,98.8,12.0,78.2,Yes,0.0,None
19:37:16.348,Active,407.6,2.4,98.2,12.0,77.1,Yes,0.0,None
19:37:16.761,Active,407.2,2.4,98.8,12.0,78.2,Yes,0.0,None
19:37:17.171,Active,404.2,2.4,99.4,12.0,77.7,Yes,0.0,None
19:37:17.597,Active,419.6,2.4,99.4,12.1,78.2,Yes,0.0,None
19:37:18.011,Active,408.6,2.4,99.4,12.1,78.2,Yes,0.0,None
19:37:18.428,Active,406.7,2.4,98.2,12.1,79.3,Yes,0.0,None
19:37:18.848,Active,414.0,2.4,98.2,12.1,78.2,Yes,0.0,None
19:37:19.261,Active,405.8,2.4,98.8,12.1,78.8,Yes,0.0,None
19:37:19.680,Active,409.8,2.4,98.8,12.1,78.2,Yes,0.0,None
19:37:20.104,Active,416.7,2.4,97.1,12.1,78.2,Yes,0.0,None
19:37:20.522,Active,407.2,2.4,98.2,12.1,78.2,Yes,0.0,None
19:37:20.940,Active,411.4,2.4,99.4,12.1,78.2,Yes,0.0,None
19:37:21.355,Active,408.0,2.4,98.8,12.1,78.8,Yes,0.0,None
19:37:21.784,Active,420.9,2.4,96.5,12.1,77.1,Yes,0.0,None
19:37:22.200,Active,408.4,2.4,98.8,12.1,78.2,Yes,0.0,None
19:37:22.621,Active,413.9,2.4,97.6,12.1,78.8,Yes,0.0,None
19:37:23.033,Active,406.0,2.4,99.4,12.0,79.3,Yes,0.0,None
19:37:23.443,Active,404.0,2.4,99.4,12.0,78.8,Yes,0.0,None
19:37:23.870,Active,420.5,2.4,98.3,12.0,79.3,Yes,0.0,None
19:37:24.281,Active,405.2,2.4,99.4,12.0,79.3,Yes,0.0,None
19:37:24.697,Active,409.6,2.4,98.8,12.0,78.8,Yes,0.0,None
19:37:25.108,Active,405.5,2.4,99.4,12.0,79.3,Yes,0.0,None
19:37:25.517,Active,403.5,2.4,98.8,12.0,78.8,Yes,0.0,None
19:37:25.932,Active,404.9,2.4,98.2,12.0,78.8,Yes,0.0,None
19:37:26.344,Active,404.5,2.4,98.8,12.0,79.3,Yes,0.0,None
19:37:26.758,Active,406.2,2.4,98.8,12.0,78.8,Yes,0.0,None
19:37:27.172,Active,404.5,2.4,98.8,12.0,78.8,Yes,0.0,None
19:37:27.598,Active,420.8,2.4,99.4,12.0,79.3,Yes,0.0,None
19:37:28.015,Active,410.9,2.4,98.8,12.1,78.8,Yes,0.0,None
19:37:28.428,Active,405.6,2.4,98.2,12.1,79.3,Yes,0.0,None
19:37:28.843,Active,407.9,2.4,98.8,12.1,79.3,Yes,0.0,None
19:37:29.259,Active,407.7,2.4,98.2,12.1,79.3,Yes,0.0,None
19:37:29.682,Active,415.2,2.4,98.2,12.1,79.3,Yes,0.0,None
19:37:30.104,Active,414.6,2.4,98.2,12.1,78.8,Yes,0.0,None
19:37:30.527,Active,415.5,2.4,99.4,12.1,79.3,Yes,0.0,None
19:37:30.951,Active,418.7,2.4,98.8,12.1,79.3,Yes,0.0,None
19:37:31.372,Active,413.1,2.4,98.8,12.0,79.8,Yes,0.0,None
19:37:31.800,Active,421.0,2.4,98.2,12.0,79.3,Yes,0.0,None
19:37:32.223,Active,415.7,2.4,98.8,12.0,79.3,Yes,0.0,None
19:37:32.647,Active,418.8,2.4,98.2,12.0,79.8,Yes,0.0,None
19:37:33.075,Active,419.7,2.4,98.2,12.0,79.3,Yes,0.0,None
19:37:33.498,Active,416.3,2.4,98.8,12.0,80.4,Yes,0.0,None
19:37:33.926,Active,418.7,2.4,97.1,12.1,79.3,Yes,0.0,None
19:37:34.448,Active,412.7,2.4,79.4,12.0,79.8,Yes,0.0,None
19:37:34.877,Active,421.5,2.4,98.8,12.0,78.8,Yes,0.0,None
19:37:35.308,Active,425.4,2.4,97.1,12.0,78.8,Yes,0.0,None
19:37:35.728,Active,414.2,2.3,99.4,12.0,79.3,Yes,0.0,None
19:37:36.175,Active,408.2,2.3,91.7,12.0,79.3,Yes,0.0,None
19:37:36.592,Active,408.6,2.3,98.2,12.0,79.8,Yes,0.0,None
19:37:37.011,Active,411.9,2.3,98.2,12.0,79.3,Yes,0.0,None
19:37:37.435,Active,415.5,2.3,98.2,12.0,79.3,Yes,0.0,None
19:37:37.878,Active,433.7,2.3,97.8,12.1,79.3,Yes,0.0,None
19:37:38.303,Active,415.2,2.3,98.2,12.1,79.3,Yes,0.0,None
19:37:38.730,Active,417.5,2.3,98.2,12.1,79.3,Yes,0.0,None
19:38:24.168,Active,421.8,2.3,1.0,12.0,60.6,Yes,0.0,None
19:38:24.587,Active,408.9,2.3,98.2,12.1,62.2,Yes,0.0,None
19:38:25.004,Active,409.1,7.9,98.2,12.1,62.2,Yes,0.0,None
19:38:25.420,Active,408.8,7.9,98.8,12.1,64.5,Yes,0.0,None
19:38:25.835,Active,407.5,7.9,98.8,12.1,65.0,Yes,0.0,None
19:38:26.252,Active,407.4,7.9,98.2,12.1,65.5,Yes,0.0,None
19:38:26.670,Active,408.4,7.9,97.6,12.1,66.7,Yes,0.0,None
19:38:27.086,Active,407.2,7.9,98.2,12.1,66.7,Yes,0.0,None
19:38:27.502,Active,406.1,7.9,98.8,12.1,67.2,Yes,0.0,None
19:38:27.923,Active,411.6,7.9,98.2,12.1,67.8,Yes,0.0,None
19:38:28.336,Active,405.7,7.9,98.2,12.1,68.8,Yes,0.0,None
19:38:28.754,Active,407.7,7.9,98.2,12.0,68.8,Yes,0.0,None
19:38:29.184,Active,420.1,2.4,98.2,12.0,69.4,Yes,0.0,None
19:38:29.601,Active,408.0,2.4,98.2,12.0,70.5,Yes,0.0,None
19:38:30.016,Active,408.8,2.4,98.8,12.0,71.0,Yes,0.0,None
19:38:30.429,Active,406.5,2.4,99.4,12.0,71.0,Yes,0.0,None
19:38:30.847,Active,407.6,2.4,98.2,12.0,71.0,Yes,0.0,None
19:38:31.262,Active,405.6,2.4,98.2,12.0,71.0,Yes,0.0,None
19:38:31.705,Active,436.7,2.4,94.9,12.0,71.0,Yes,0.0,None
19:38:32.123,Active,408.3,2.4,98.2,12.0,71.6,Yes,0.0,None
19:38:32.538,Active,407.1,2.4,98.2,12.0,71.6,Yes,0.0,None
19:38:32.955,Active,408.3,2.4,98.8,12.0,72.2,Yes,0.0,None
19:38:33.370,Active,407.9,2.4,98.2,12.0,72.2,Yes,0.0,None
19:38:33.787,Active,407.3,2.4,98.8,12.0,72.7,Yes,0.0,None
19:38:34.202,Active,407.9,2.4,98.2,12.0,72.7,Yes,0.0,None
19:38:34.637,Active,426.2,2.4,95.5,12.0,73.2,Yes,0.0,None
19:38:35.097,Active,449.6,2.4,94.5,12.0,73.8,Yes,0.0,None
19:38:35.521,Active,418.2,2.4,97.0,12.0,73.2,Yes,0.0,None
19:38:35.955,Active,424.2,2.4,96.0,12.0,72.7,Yes,0.0,None
19:38:36.370,Active,408.7,2.4,98.8,12.0,73.8,Yes,0.0,None
19:38:36.792,Active,413.3,2.4,97.6,12.0,73.2,Yes,0.0,None
19:38:37.208,Active,407.5,2.4,98.2,12.0,74.3,Yes,0.0,None
19:38:37.625,Active,407.0,2.4,98.2,12.0,73.8,Yes,0.0,None
19:38:38.039,Active,408.0,2.4,98.8,12.0,73.8,Yes,0.0,None
19:38:38.454,Active,407.1,2.4,98.8,12.0,74.3,Yes,0.0,None
19:38:38.868,Active,406.4,2.4,98.2,12.0,74.3,Yes,0.0,None
19:38:39.285,Active,408.9,2.4,98.8,12.0,74.3,Yes,0.0,None
19:38:39.713,Active,419.6,2.4,98.8,12.1,74.3,Yes,0.0,None
19:38:40.128,Active,407.1,2.4,97.6,12.1,74.3,Yes,0.0,None
19:38:40.542,Active,407.4,2.4,98.8,12.1,74.9,Yes,0.0,None
19:38:40.963,Active,411.9,2.4,97.6,12.1,75.5,Yes,0.0,None
19:38:41.377,Active,407.7,2.4,98.8,12.1,75.5,Yes,0.0,None
19:38:41.793,Active,410.0,2.4,98.2,12.1,74.9,Yes,0.0,None
19:38:42.209,Active,406.6,2.4,97.6,12.1,75.5,Yes,0.0,None
19:38:42.625,Active,409.6,2.4,99.4,12.1,76.0,Yes,0.0,None
19:38:43.039,Active,408.4,2.4,98.2,12.1,74.3,Yes,0.0,None
19:38:43.451,Active,403.8,2.4,98.8,12.1,76.0,Yes,0.0,None
19:38:43.867,Active,410.4,2.4,99.4,12.1,76.0,Yes,0.0,None
19:38:44.284,Active,407.3,2.4,98.2,12.1,76.0,Yes,0.0,None
19:38:44.700,Active,408.7,2.4,98.2,12.1,76.5,Yes,0.0,None
19:38:45.114,Active,407.3,2.4,98.8,12.1,76.0,Yes,0.0,None
19:38:45.536,Active,413.0,2.4,97.6,12.1,76.5,Yes,0.0,None
19:38:45.957,Active,411.3,2.4,98.2,12.0,76.0,Yes,0.0,None
19:38:46.370,Active,407.4,2.4,98.8,12.0,77.1,Yes,0.0,None
19:38:46.789,Active,412.9,2.4,99.4,12.0,76.5,Yes,0.0,None
19:38:47.202,Active,407.2,2.4,98.2,12.0,76.5,Yes,0.0,None
19:38:47.615,Active,407.0,2.4,98.8,12.0,76.5,Yes,0.0,None
19:38:48.033,Active,409.9,2.4,98.8,12.0,75.5,Yes,0.0,None
19:38:48.544,Active,406.5,2.4,80.0,12.0,76.5,Yes,0.0,None
19:38:48.964,Active,413.0,2.4,98.2,12.0,75.5,Yes,0.0,None
19:38:49.377,Active,406.0,2.4,98.8,12.0,76.0,Yes,0.0,None
19:38:49.814,Active,426.6,2.4,97.7,12.0,76.5,Yes,0.0,None
19:38:50.240,Active,416.5,2.3,97.1,12.0,77.1,Yes,0.0,None
19:38:50.658,Active,408.1,2.3,98.2,12.0,76.5,Yes,0.0,None
19:38:51.077,Active,408.1,2.3,97.6,12.0,75.5,Yes,0.0,None
19:38:51.495,Active,407.8,2.3,98.2,12.0,77.1,Yes,0.0,None
19:38:51.916,Active,411.2,2.3,97.6,12.0,77.1,Yes,0.0,None
19:38:52.332,Active,407.9,2.3,98.8,12.0,77.1,Yes,0.0,None
19:38:52.750,Active,408.3,2.3,98.2,12.0,76.0,Yes,0.0,None
19:38:53.165,Active,405.5,2.3,98.2,12.0,77.7,Yes,0.0,None
19:38:53.582,Active,407.4,2.3,98.2,12.0,77.1,Yes,0.0,None
19:38:54.000,Active,408.7,2.3,98.2,12.0,77.7,Yes,0.0,None
19:38:54.419,Active,412.4,2.4,98.8,12.0,77.7,Yes,0.0,None
19:38:54.835,Active,408.2,2.4,98.2,12.0,77.1,Yes,0.0,None
19:38:55.249,Active,407.9,2.4,99.4,12.0,76.5,Yes,0.0,None
19:38:55.663,Active,407.4,2.4,98.8,12.0,77.1,Yes,0.0,None
19:38:56.073,Active,404.5,2.4,99.4,12.0,77.7,Yes,0.0,None
19:38:56.486,Active,406.8,2.4,99.4,12.0,77.7,Yes,0.0,None
19:38:56.908,Active,412.9,2.4,98.2,12.0,77.7,Yes,0.0,None
19:38:57.333,Active,417.6,2.4,96.4,12.0,77.1,Yes,0.0,None
19:38:57.748,Active,409.1,2.4,99.4,12.0,77.7,Yes,0.0,None
19:38:58.162,Active,407.2,2.4,98.8,12.0,78.8,Yes,0.0,None
19:38:58.583,Active,412.2,2.4,97.0,12.0,77.7,Yes,0.0,None
19:38:59.000,Active,410.6,2.4,99.4,12.0,77.7,Yes,0.0,None
19:38:59.414,Active,407.0,2.4,98.2,12.0,78.2,Yes,0.0,None
19:38:59.850,Active,430.1,2.4,99.4,12.1,76.0,Yes,0.0,None
19:39:00.263,Active,403.5,2.4,98.2,12.1,77.7,Yes,0.0,None
19:39:00.676,Active,404.5,2.4,99.4,12.1,78.2,Yes,0.0,None
19:39:01.094,Active,407.1,2.4,98.2,12.1,77.7,Yes,0.0,None
19:39:01.510,Active,408.3,2.4,98.8,12.1,78.2,Yes,0.0,None
19:39:01.923,Active,406.5,2.4,99.4,12.1,78.2,Yes,0.0,None
19:39:02.438,Active,406.7,2.4,79.7,12.1,78.2,Yes,0.0,None
19:39:02.854,Active,408.5,2.3,99.4,12.1,78.2,Yes,0.0,None
19:39:03.270,Active,406.7,2.3,98.2,12.0,77.1,Yes,0.0,None
19:39:03.686,Active,408.3,2.3,98.8,12.0,78.2,Yes,0.0,None
19:39:04.099,Active,404.8,2.3,98.8,12.0,77.7,Yes,0.0,None
19:39:04.511,Active,406.5,2.3,98.8,12.0,78.2,Yes,0.0,None
19:39:04.933,Active,411.8,2.3,98.2,12.0,77.7,Yes,0.0,None
19:39:05.348,Active,407.6,2.3,98.2,12.0,78.2,Yes,0.0,None
19:39:05.764,Active,409.5,2.3,98.8,12.0,78.8,Yes,0.0,None
19:39:06.179,Active,407.4,2.3,98.8,12.0,78.2,Yes,0.0,None
19:39:06.594,Active,407.1,2.3,98.2,12.0,78.8,Yes,0.0,None
19:39:07.024,Active,420.5,2.4,96.5,12.0,78.8,Yes,0.0,None
19:39:07.441,Active,410.1,2.4,98.8,12.0,78.2,Yes,0.0,None
19:39:07.862,Active,415.2,2.4,98.2,12.0,78.8,Yes,0.0,None
19:39:08.278,Active,407.2,2.4,98.2,12.0,78.8,Yes,0.0,None
19:39:08.694,Active,409.6,2.4,99.4,12.0,78.2,Yes,0.0,None
19:39:09.135,Active,431.7,2.4,94.9,12.0,78.8,Yes,0.0,None
19:39:09.552,Active,410.6,2.4,98.8,12.0,78.8,Yes,0.0,None
19:39:09.971,Active,410.4,2.4,97.6,12.0,79.3,Yes,0.0,None
19:39:10.401,Active,423.7,2.4,99.4,12.0,78.2,Yes,0.0,None
19:39:10.816,Active,409.0,2.4,98.2,12.1,78.8,Yes,0.0,None
19:39:11.245,Active,417.6,2.4,96.5,12.0,79.3,Yes,0.0,None
19:39:11.669,Active,417.5,2.4,97.0,12.0,79.3,Yes,0.0,None
19:39:12.082,Active,407.6,2.4,99.4,12.0,78.8,Yes,0.0,None
19:39:12.498,Active,407.5,2.4,98.2,12.0,79.3,Yes,0.0,None
19:39:12.915,Active,410.0,2.4,98.8,12.0,78.8,Yes,0.0,None
19:39:13.336,Active,408.6,2.4,97.0,12.0,78.2,Yes,0.0,None
19:39:13.756,Active,412.7,2.4,98.2,12.0,78.8,Yes,0.0,None
19:39:14.192,Active,428.5,2.4,94.8,12.0,79.3,Yes,0.0,None
19:39:14.608,Active,408.1,2.4,98.2,12.0,79.3,Yes,0.0,None
19:39:15.028,Active,410.5,2.4,97.0,12.0,79.8,Yes,0.0,None
19:39:15.549,Active,412.4,2.3,78.7,12.0,78.2,Yes,0.0,None
19:39:15.966,Active,409.3,2.3,98.2,12.0,78.8,Yes,0.0,None
19:39:16.389,Active,413.5,2.3,98.2,12.0,78.8,Yes,0.0,None
19:39:16.815,Active,417.5,2.3,98.2,12.0,79.3,Yes,0.0,None
19:39:17.241,Active,415.6,2.3,97.6,12.0,79.3,Yes,0.0,None
19:39:17.668,Active,417.4,2.3,98.2,12.0,79.3,Yes,0.0,None
19:39:18.095,Active,417.4,2.3,98.2,12.0,78.8,Yes,0.0,None
19:39:18.521,Active,417.7,2.3,98.2,12.0,79.3,Yes,0.0,None
19:39:18.946,Active,417.7,2.3,98.2,12.0,78.8,Yes,0.0,None
19:39:19.369,Active,414.8,2.3,98.2,12.0,79.3,Yes,0.0,None
19:39:19.791,Active,415.8,2.4,99.4,12.0,79.3,Yes,0.0,None
19:39:20.227,Active,429.1,2.4,96.6,12.0,79.3,Yes,0.0,None
19:39:20.673,Active,439.5,2.4,97.2,12.1,79.8,Yes,0.0,None
19:39:21.096,Active,416.8,2.4,98.8,12.1,78.8,Yes,0.0,None
19:39:21.518,Active,416.5,2.4,98.2,12.1,79.3,Yes,0.0,None
19:39:21.946,Active,418.5,2.4,98.2,12.1,79.3,Yes,0.0,None
19:39:22.370,Active,415.0,2.4,98.3,12.1,79.8,Yes,0.0,None
19:39:22.794,Active,418.1,2.4,98.8,12.1,78.8,Yes,0.0,None
19:39:23.215,Active,413.6,2.4,99.4,12.1,79.3,Yes,0.0,None
19:39:23.640,Active,418.6,2.4,98.8,12.0,81.0,Yes,0.0,None
19:39:24.063,Active,417.3,2.3,98.8,12.0,79.3,Yes,0.0,None
19:40:09.498,Active,421.5,2.3,1.3,12.0,61.1,Yes,0.0,None
19:40:09.910,Active,405.9,2.3,100.0,12.0,62.8,Yes,0.0,None
19:40:10.326,Active,407.1,2.3,98.8,12.0,62.2,Yes,0.0,None
19:40:10.743,Active,407.5,2.3,98.2,12.0,63.9,Yes,0.0,None
19:40:11.158,Active,407.4,2.3,99.4,12.0,65.5,Yes,0.0,None
19:40:11.590,Active,423.4,2.3,98.3,12.1,65.5,Yes,0.0,None
19:40:12.006,Active,409.9,2.3,99.4,12.1,66.7,Yes,0.0,None
19:40:12.441,Active,426.1,2.3,96.0,12.1,67.2,Yes,0.0,None
19:40:12.860,Active,411.3,2.3,98.2,12.1,68.3,Yes,0.0,None
19:40:13.280,Active,410.1,2.4,98.2,12.1,67.8,Yes,0.0,None
19:40:13.700,Active,414.4,2.4,98.2,12.1,68.3,Yes,0.0,None
19:40:14.114,Active,407.0,2.4,98.2,12.1,70.0,Yes,0.0,None
19:40:14.529,Active,407.5,2.4,98.8,12.1,70.5,Yes,0.0,None
19:40:14.949,Active,413.6,2.4,98.8,12.1,70.0,Yes,0.0,None
19:40:15.367,Active,412.3,2.4,98.2,12.1,70.5,Yes,0.0,None
19:40:15.789,Active,414.0,2.4,97.6,12.1,70.5,Yes,0.0,None
19:40:16.204,Active,408.7,2.4,98.8,12.1,71.6,Yes,0.0,None
19:40:16.620,Active,408.7,2.4,98.8,12.0,71.0,Yes,0.0,None
19:40:17.037,Active,410.0,2.4,98.2,12.1,71.6,Yes,0.0,None
19:40:17.451,Active,408.1,2.4,98.8,12.1,72.7,Yes,0.0,None
19:40:17.865,Active,408.4,2.4,99.4,12.1,72.2,Yes,0.0,None
19:40:18.283,Active,406.8,2.4,98.2,12.1,73.2,Yes,0.0,None
19:40:18.702,Active,409.1,2.4,98.2,12.1,72.7,Yes,0.0,None
19:40:19.123,Active,407.8,2.4,97.1,12.1,73.8,Yes,0.0,None
19:40:19.540,Active,407.8,2.4,97.6,12.1,72.7,Yes,0.0,None
19:40:19.958,Active,408.1,2.4,98.2,12.1,72.7,Yes,0.0,None
19:40:20.370,Active,405.0,2.4,98.8,12.0,72.2,Yes,0.0,None
19:40:20.789,Active,409.3,2.4,98.8,12.0,73.8,Yes,0.0,None
19:40:21.207,Active,409.4,2.4,98.8,12.1,73.2,Yes,0.0,None
19:40:21.619,Active,404.2,2.4,98.8,12.1,73.2,Yes,0.0,None
19:40:22.052,Active,427.4,2.4,99.4,12.1,74.9,Yes,0.0,None
19:40:22.464,Active,404.6,2.4,98.8,12.1,74.9,Yes,0.0,None
19:40:22.880,Active,407.0,2.4,98.8,12.1,73.8,Yes,0.0,None
19:40:23.296,Active,409.1,2.4,98.8,12.1,73.8,Yes,0.0,None
19:40:23.717,Active,411.2,2.4,98.2,12.1,74.3,Yes,0.0,None
19:40:24.131,Active,408.4,2.4,98.8,12.1,74.3,Yes,0.0,None
19:40:24.550,Active,410.5,2.4,98.2,12.1,74.3,Yes,0.0,None
19:40:24.971,Active,411.5,2.4,98.2,12.1,74.9,Yes,0.0,None
19:40:25.396,Active,416.7,2.4,98.2,12.0,75.5,Yes,0.0,None
19:40:25.811,Active,408.2,2.4,98.2,12.0,74.9,Yes,0.0,None
19:40:26.226,Active,409.1,2.4,99.4,12.1,75.5,Yes,0.0,None
19:40:26.640,Active,407.5,2.4,99.4,12.0,75.5,Yes,0.0,None
19:40:27.053,Active,407.8,2.4,98.8,12.0,76.0,Yes,0.0,None
19:40:27.475,Active,408.0,2.4,97.6,12.0,75.5,Yes,0.0,None
19:40:27.890,Active,409.2,2.4,98.8,12.0,75.5,Yes,0.0,None
19:40:28.302,Active,405.5,2.4,99.4,12.0,76.0,Yes,0.0,None
19:40:28.716,Active,406.4,2.4,99.4,12.0,75.5,Yes,0.0,None
19:40:29.131,Active,409.4,2.4,99.4,12.0,76.0,Yes,0.0,None
19:40:29.552,Active,413.6,2.4,96.4,12.0,76.0,Yes,0.0,None
19:40:29.968,Active,409.9,2.4,99.4,12.0,76.5,Yes,0.0,None
19:40:30.380,Active,406.2,2.4,98.8,12.0,76.5,Yes,0.0,None
19:40:30.795,Active,407.9,2.4,99.4,12.0,76.0,Yes,0.0,None
19:40:31.209,Active,407.8,2.4,99.4,12.0,76.5,Yes,0.0,None
19:40:31.623,Active,404.6,2.4,97.6,12.0,76.5,Yes,0.0,None
19:40:32.047,Active,417.2,2.4,98.8,12.0,76.5,Yes,0.0,None
19:40:32.462,Active,406.2,2.4,98.2,12.0,76.0,Yes,0.0,None
19:40:32.877,Active,408.2,2.4,99.4,12.1,76.5,Yes,0.0,None
19:40:33.291,Active,408.1,2.4,98.8,12.1,76.5,Yes,0.0,None
19:40:33.712,Active,411.4,2.4,98.2,12.1,76.5,Yes,0.0,None
19:40:34.132,Active,410.5,2.4,98.2,12.0,76.5,Yes,0.0,None
19:40:34.546,Active,407.0,2.4,98.2,12.0,76.0,Yes,0.0,None
19:40:34.965,Active,409.9,2.4,98.2,12.0,76.5,Yes,0.0,None
19:40:35.380,Active,408.3,2.4,99.4,12.0,76.5,Yes,0.0,None
19:40:35.797,Active,411.1,2.4,98.8,12.0,76.5,Yes,0.0,None
19:40:36.208,Active,405.9,2.4,98.8,12.0,77.7,Yes,0.0,None
19:40:36.624,Active,406.0,2.4,98.2,12.0,77.1,Yes,0.0,None
19:40:37.040,Active,408.7,2.4,98.8,12.0,77.1,Yes,0.0,None
19:40:37.457,Active,407.5,2.4,98.2,12.0,77.1,Yes,0.0,None
19:40:37.874,Active,407.3,2.4,97.6,12.0,77.7,Yes,0.0,None
19:40:38.286,Active,405.4,2.4,99.4,12.0,77.1,Yes,0.0,None
19:40:38.705,Active,410.0,2.4,97.6,12.0,77.1,Yes,0.0,None
19:40:39.124,Active,410.5,2.4,98.8,12.0,77.7,Yes,0.0,None
19:40:39.543,Active,412.5,2.4,98.2,12.0,77.7,Yes,0.0,None
19:40:39.961,Active,409.9,2.4,98.8,12.0,77.7,Yes,0.0,None
19:40:40.375,Active,405.1,2.4,98.2,12.0,77.1,Yes,0.0,None
19:40:40.825,Active,438.9,2.4,93.2,12.1,77.7,Yes,0.0,None
19:40:41.240,Active,406.7,2.4,98.8,12.1,78.2,Yes,0.0,None
19:40:41.654,Active,407.3,2.4,98.8,12.1,77.1,Yes,0.0,None
19:40:42.068,Active,407.1,2.4,99.4,12.1,77.1,Yes,0.0,None
19:40:42.496,Active,420.6,2.4,98.8,12.1,78.8,Yes,0.0,None
19:40:42.910,Active,408.4,2.4,98.8,12.1,79.3,Yes,0.0,None
19:40:43.323,Active,407.4,2.4,99.4,12.1,77.7,Yes,0.0,None
19:40:43.740,Active,410.4,2.4,99.4,12.1,77.7,Yes,0.0,None
19:40:44.155,Active,407.7,2.4,98.8,12.1,77.7,Yes,0.0,None
19:40:44.568,Active,407.1,2.4,99.4,12.1,78.2,Yes,0.0,None
19:40:44.984,Active,409.7,2.4,99.4,12.1,78.2,Yes,0.0,None
19:40:45.400,Active,408.6,2.4,98.8,12.0,77.7,Yes,0.0,None
19:40:45.814,Active,406.8,2.4,98.2,12.0,78.8,Yes,0.0,None
19:40:46.230,Active,407.4,2.4,98.8,12.0,78.2,Yes,0.0,None
19:40:46.645,Active,408.4,2.4,98.8,12.0,78.2,Yes,0.0,None
19:40:47.060,Active,409.4,2.4,98.8,12.0,78.8,Yes,0.0,None
19:40:47.476,Active,408.5,2.4,98.8,12.0,78.2,Yes,0.0,None
19:40:47.892,Active,410.6,2.4,99.4,12.0,78.8,Yes,0.0,None
19:40:48.308,Active,408.6,2.4,98.8,12.0,78.2,Yes,0.0,None
19:40:48.723,Active,407.5,2.4,98.2,12.0,78.8,Yes,0.0,None
19:40:49.139,Active,410.5,2.4,98.8,12.0,78.2,Yes,0.0,None
19:40:49.550,Active,404.7,2.4,98.8,12.0,78.8,Yes,0.0,None
19:40:49.964,Active,408.6,2.4,99.4,12.0,78.8,Yes,0.0,None
19:40:50.380,Active,406.9,2.4,98.2,12.0,78.2,Yes,0.0,None
19:40:50.795,Active,408.2,2.4,98.8,12.0,78.8,Yes,0.0,None
19:40:51.212,Active,408.8,2.4,98.8,12.0,78.8,Yes,0.0,None
19:40:51.626,Active,408.5,2.4,98.8,12.0,78.2,Yes,0.0,None
19:40:52.048,Active,412.8,2.4,97.6,12.0,78.8,Yes,0.0,None
19:40:52.465,Active,409.6,2.4,98.8,12.0,78.8,Yes,0.0,None
19:40:52.896,Active,425.2,2.4,98.3,12.1,78.8,Yes,0.0,None
19:40:53.310,Active,408.3,2.4,98.8,12.1,79.8,Yes,0.0,None
19:40:53.723,Active,406.7,2.4,99.4,12.1,78.8,Yes,0.0,None
19:40:54.138,Active,407.7,2.4,98.8,12.1,79.3,Yes,0.0,None
19:40:54.557,Active,410.7,2.4,97.6,12.1,79.3,Yes,0.0,None
19:40:54.972,Active,408.5,2.4,98.8,12.1,78.8,Yes,0.0,None
19:40:55.393,Active,409.8,2.4,98.2,12.1,78.2,Yes,0.0,None
19:40:55.809,Active,409.4,2.4,98.2,12.1,79.8,Yes,0.0,None
19:40:56.227,Active,408.4,2.4,98.2,12.0,78.8,Yes,0.0,None
19:40:56.644,Active,411.3,2.4,98.2,12.0,78.8,Yes,0.0,None
19:40:57.064,Active,413.3,2.4,97.6,12.1,79.3,Yes,0.0,None
19:40:57.484,Active,409.8,2.4,97.6,12.1,78.8,Yes,0.0,None
19:40:57.905,Active,411.1,2.4,98.2,12.1,79.8,Yes,0.0,None
19:40:58.322,Active,408.3,2.4,98.2,12.1,79.3,Yes,0.0,None
19:40:58.763,Active,432.0,2.4,96.6,12.1,78.8,Yes,0.0,None
19:40:59.180,Active,408.6,2.4,98.2,12.1,78.8,Yes,0.0,None
19:40:59.601,Active,415.3,2.4,98.8,12.1,78.8,Yes,0.0,None
19:41:00.022,Active,414.7,2.4,98.8,12.1,79.3,Yes,0.0,None
19:41:00.448,Active,419.8,2.4,98.8,12.1,79.8,Yes,0.0,None
19:41:00.872,Active,416.9,2.4,98.8,12.1,79.8,Yes,0.0,None
19:41:01.300,Active,420.7,2.4,98.8,12.1,78.8,Yes,0.0,None
19:41:01.802,Active,417.8,2.4,83.7,12.1,78.8,Yes,0.0,None
19:41:02.224,Active,415.9,2.4,98.8,12.1,79.8,Yes,0.0,None
19:41:02.649,Active,415.4,2.4,97.7,12.1,78.2,Yes,0.0,None
19:41:03.087,Active,431.6,2.4,99.4,12.1,78.8,Yes,0.0,None
19:41:03.508,Active,414.7,2.3,98.8,12.1,79.3,Yes,0.0,None
19:41:03.936,Active,420.9,2.3,98.8,12.1,78.8,Yes,0.0,None
19:41:04.356,Active,413.0,2.3,98.2,12.1,80.4,Yes,0.0,None
19:41:04.784,Active,420.9,2.3,99.4,12.1,78.8,Yes,0.0,None
19:41:05.208,Active,416.8,2.3,98.2,12.1,79.3,Yes,0.0,None
19:41:05.631,Active,416.2,2.3,98.8,12.0,78.8,Yes,0.0,None
19:41:06.055,Active,417.7,2.3,98.8,12.0,79.3,Yes,0.0,None
19:41:06.475,Active,414.5,2.3,98.8,12.0,78.2,Yes,0.0,None
19:41:06.898,Active,415.2,2.3,98.8,12.0,79.3,Yes,0.0,None
19:41:07.321,Active,416.4,2.3,98.8,12.0,78.8,Yes,0.0,None
19:41:07.744,Active,416.8,2.4,99.4,12.0,79.3,Yes,0.0,None
19:41:08.173,Active,422.1,2.4,97.6,12.0,79.8,Yes,0.0,None
19:41:08.600,Active,416.8,2.4,97.1,12.0,79.3,Yes,0.0,None
19:41:09.023,Active,416.1,2.4,98.8,12.0,79.3,Yes,0.0,None
19:41:09.459,Active,429.7,2.4,96.5,12.0,79.3,Yes,0.0,None
19:41:54.892,Active,419.4,2.4,1.0,12.3,61.1,Yes,0.0,None
19:41:55.304,Active,405.2,2.4,98.8,12.3,62.2,Yes,0.0,None
19:41:55.718,Active,407.2,2.4,98.8,12.3,63.4,Yes,0.0,None
19:41:56.139,Active,409.0,2.4,97.6,12.3,64.5,Yes,0.0,None
19:41:56.553,Active,407.5,2.4,98.8,12.3,64.5,Yes,0.0,None
19:41:56.969,Active,409.5,4.0,98.8,12.2,65.5,Yes,0.0,None
19:41:57.383,Active,408.1,4.0,98.8,12.2,66.7,Yes,0.0,None
19:41:57.799,Active,409.9,4.0,98.8,12.2,66.7,Yes,0.0,None
19:41:58.215,Active,407.9,4.0,98.2,12.2,67.8,Yes,0.0,None
19:41:58.640,Active,416.9,4.0,97.0,12.2,68.3,Yes,0.0,None
19:41:59.054,Active,408.6,4.0,98.8,12.2,68.8,Yes,0.0,None
19:41:59.472,Active,408.7,4.0,98.2,12.2,70.0,Yes,0.0,None
19:41:59.891,Active,411.6,4.0,97.6,12.2,70.0,Yes,0.0,None
19:42:00.304,Active,407.8,4.0,98.8,12.2,70.5,Yes,0.0,None
19:42:00.721,Active,409.2,4.0,99.4,12.1,71.0,Yes,0.0,None
19:42:01.135,Active,406.0,2.4,97.6,12.1,70.5,Yes,0.0,None
19:42:01.548,Active,406.6,2.4,98.8,12.1,71.0,Yes,0.0,None
19:42:01.964,Active,409.6,2.4,98.8,12.1,71.6,Yes,0.0,None
19:42:02.382,Active,408.0,2.4,98.2,12.1,72.2,Yes,0.0,None
19:42:02.798,Active,409.3,2.4,98.8,12.1,72.2,Yes,0.0,None
19:42:03.215,Active,407.6,2.4,98.2,12.1,72.2,Yes,0.0,None
19:42:03.627,Active,406.2,2.4,99.4,12.1,73.2,Yes,0.0,None
19:42:04.044,Active,408.7,2.4,98.2,12.1,72.2,Yes,0.0,None
19:42:04.497,Active,446.7,2.4,96.6,12.1,72.7,Yes,0.0,None
19:42:04.921,Active,418.1,2.4,97.0,12.1,73.8,Yes,0.0,None
19:42:05.336,Active,406.1,2.4,98.2,12.1,73.8,Yes,0.0,None
19:42:05.756,Active,412.7,2.4,98.8,12.2,73.2,Yes,0.0,None
19:42:06.171,Active,407.4,2.4,98.8,12.1,73.2,Yes,0.0,None
19:42:06.590,Active,411.1,2.4,98.2,12.1,73.2,Yes,0.0,None
19:42:07.021,Active,424.4,2.4,98.2,12.1,73.8,Yes,0.0,None
19:42:07.462,Active,435.5,2.4,94.3,12.1,73.2,Yes,0.0,None
19:42:07.874,Active,406.1,2.4,99.4,12.1,73.8,Yes,0.0,None
19:42:08.297,Active,414.0,2.4,97.6,12.1,74.3,Yes,0.0,None
19:42:08.720,Active,414.6,2.4,97.6,12.1,74.3,Yes,0.0,None
19:42:09.136,Active,406.1,2.4,98.2,12.1,74.3,Yes,0.0,None
19:42:09.548,Active,404.6,2.4,98.8,12.1,74.9,Yes,0.0,None
19:42:09.967,Active,409.3,2.4,98.2,12.1,75.5,Yes,0.0,None
19:42:10.383,Active,407.2,2.4,98.2,12.1,74.9,Yes,0.0,None
19:42:10.799,Active,408.8,2.4,98.8,12.1,74.9,Yes,0.0,None
19:42:11.213,Active,407.3,2.4,98.8,12.1,74.9,Yes,0.0,None
19:42:11.629,Active,405.8,2.4,98.2,12.1,75.5,Yes,0.0,None
19:42:12.045,Active,409.5,2.4,98.8,12.1,76.0,Yes,0.0,None
19:42:12.456,Active,405.4,2.4,98.2,12.0,76.0,Yes,0.0,None
19:42:12.871,Active,407.9,2.4,98.8,12.0,74.9,Yes,0.0,None
19:42:13.285,Active,406.3,2.4,98.2,12.0,76.0,Yes,0.0,None
19:42:13.727,Active,432.2,2.4,94.9,12.0,76.0,Yes,0.0,None
19:42:14.141,Active,405.7,2.4,98.2,12.0,75.5,Yes,0.0,None
19:42:14.574,Active,426.6,2.4,98.9,12.0,75.5,Yes,0.0,None
19:42:14.996,Active,416.5,2.4,97.0,12.0,76.0,Yes,0.0,None
19:42:15.412,Active,408.5,2.4,98.8,12.1,76.0,Yes,0.0,None
19:42:15.828,Active,409.5,2.4,98.8,12.1,76.5,Yes,0.0,None
19:42:16.340,Active,405.8,2.4,79.5,12.0,75.5,Yes,0.0,None
19:42:16.754,Active,407.5,2.4,98.8,12.0,76.5,Yes,0.0,None
19:42:17.170,Active,407.7,2.4,98.8,12.0,76.0,Yes,0.0,None
19:42:17.587,Active,408.2,2.4,97.6,12.0,76.0,Yes,0.0,None
19:42:18.007,Active,410.1,2.3,98.2,12.0,76.0,Yes,0.0,None
19:42:18.425,Active,408.5,2.3,98.2,12.0,76.0,Yes,0.0,None
19:42:18.840,Active,408.9,2.3,98.8,12.0,75.5,Yes,0.0,None
19:42:19.252,Active,404.7,2.3,98.8,12.0,77.1,Yes,0.0,None
19:42:19.668,Active,409.0,2.3,98.8,12.0,76.5,Yes,0.0,None
19:42:20.090,Active,415.9,2.3,96.4,12.0,76.5,Yes,0.0,None
19:42:20.506,Active,407.3,2.3,98.2,12.0,76.5,Yes,0.0,None
19:42:20.924,Active,411.3,2.3,98.8,12.0,76.5,Yes,0.0,None
19:42:21.340,Active,408.3,2.3,98.2,12.0,77.1,Yes,0.0,None
19:42:21.759,Active,409.1,2.3,97.6,12.0,77.1,Yes,0.0,None
19:42:22.180,Active,408.6,2.4,97.6,12.0,77.1,Yes,0.0,None
19:42:22.596,Active,408.8,2.4,98.8,12.0,77.1,Yes,0.0,None
19:42:23.012,Active,409.1,2.4,97.6,12.0,77.7,Yes,0.0,None
19:42:23.428,Active,406.5,2.4,98.2,12.0,77.7,Yes,0.0,None
19:42:23.844,Active,408.4,2.4,98.8,12.0,77.1,Yes,0.0,None
19:42:24.262,Active,410.9,2.4,98.2,12.0,77.7,Yes,0.0,None
19:42:24.681,Active,409.3,2.4,98.2,12.0,77.1,Yes,0.0,None
19:42:25.122,Active,432.3,2.4,97.2,12.0,77.1,Yes,0.0,None
19:42:25.539,Active,407.1,2.4,98.2,12.1,77.7,Yes,0.0,None
19:42:25.955,Active,408.8,2.4,98.8,12.1,76.5,Yes,0.0,None
19:42:26.376,Active,412.7,2.4,97.0,12.1,76.5,Yes,0.0,None
19:42:26.797,Active,411.1,2.4,98.2,12.1,76.5,Yes,0.0,None
19:42:27.229,Active,425.9,2.4,95.9,12.1,77.7,Yes,0.0,None
19:42:27.664,Active,429.3,2.4,95.3,12.1,77.1,Yes,0.0,None
19:42:28.081,Active,410.3,2.4,98.8,12.1,77.1,Yes,0.0,None
19:42:28.501,Active,409.2,2.4,98.2,12.1,78.2,Yes,0.0,None
19:42:28.918,Active,410.7,2.4,98.8,12.1,77.1,Yes,0.0,None
19:42:29.333,Active,406.2,2.4,98.2,12.0,78.2,Yes,0.0,None
19:42:29.748,Active,408.7,2.4,98.8,12.0,77.7,Yes,0.0,None
19:42:30.161,Active,406.0,2.4,98.8,12.0,77.7,Yes,0.0,None
19:42:30.576,Active,405.2,2.4,97.6,12.0,78.2,Yes,0.0,None
19:42:30.992,Active,408.7,2.4,98.8,12.0,77.7,Yes,0.0,None
19:42:31.416,Active,416.9,2.4,97.0,12.0,77.1,Yes,0.0,None
19:42:31.846,Active,423.3,2.4,95.9,12.0,78.2,Yes,0.0,None
19:42:32.283,Active,427.6,2.4,95.9,12.0,78.2,Yes,0.0,None
19:42:32.704,Active,408.7,2.4,97.0,12.0,77.1,Yes,0.0,None
19:42:33.120,Active,408.4,2.4,98.8,12.0,78.2,Yes,0.0,None
19:42:33.534,Active,406.6,2.4,98.2,12.0,78.2,Yes,0.0,None
19:42:33.955,Active,412.2,2.4,98.2,12.0,78.2,Yes,0.0,None
19:42:34.372,Active,408.7,2.4,98.2,12.0,78.8,Yes,0.0,None
19:42:34.796,Active,412.9,2.4,97.6,12.0,78.8,Yes,0.0,None
19:42:35.232,Active,428.6,2.4,98.3,12.0,77.1,Yes,0.0,None
19:42:35.646,Active,407.0,2.4,98.8,12.1,79.3,Yes,0.0,None
19:42:36.063,Active,407.5,2.4,98.2,12.0,78.2,Yes,0.0,None
19:42:36.478,Active,406.8,2.4,98.8,12.1,78.8,Yes,0.0,None
19:42:36.910,Active,418.9,2.4,96.0,12.1,78.2,Yes,0.0,None
19:42:37.325,Active,405.7,2.4,98.2,12.0,79.3,Yes,0.0,None
19:42:37.742,Active,408.6,2.4,98.8,12.0,79.3,Yes,0.0,None
19:42:38.159,Active,408.4,2.4,98.2,12.0,78.2,Yes,0.0,None
19:42:38.577,Active,409.9,2.4,98.8,12.0,78.8,Yes,0.0,None
19:42:38.990,Active,407.3,2.4,98.2,12.0,78.8,Yes,0.0,None
19:42:39.407,Active,407.6,2.4,98.8,12.1,78.8,Yes,0.0,None
19:42:39.820,Active,407.6,2.4,99.4,12.1,78.2,Yes,0.0,None
19:42:40.240,Active,410.7,2.4,98.2,12.0,78.8,Yes,0.0,None
19:42:40.676,Active,429.9,2.4,95.4,12.0,78.8,Yes,0.0,None
19:42:41.091,Active,408.0,2.4,98.8,12.0,78.8,Yes,0.0,None
19:42:41.503,Active,405.7,2.4,98.8,12.0,79.3,Yes,0.0,None
19:42:41.922,Active,409.8,2.4,98.2,12.0,78.8,Yes,0.0,None
19:42:42.336,Active,408.2,2.4,98.8,12.0,78.8,Yes,0.0,None
19:42:42.755,Active,409.1,2.4,98.2,12.0,79.3,Yes,0.0,None
19:42:43.172,Active,410.4,2.4,98.8,12.0,78.8,Yes,0.0,None
19:42:43.585,Active,407.4,2.4,98.8,12.0,79.8,Yes,0.0,None
19:42:44.001,Active,408.0,2.4,98.2,12.0,78.8,Yes,0.0,None
19:42:44.414,Active,406.9,2.4,98.2,12.0,78.2,Yes,0.0,None
19:42:44.832,Active,412.0,2.4,99.4,12.0,78.8,Yes,0.0,None
19:42:45.247,Active,408.1,2.4,98.2,12.0,78.8,Yes,0.0,None
19:42:45.682,Active,425.5,2.4,97.7,12.1,79.3,Yes,0.0,None
19:42:46.104,Active,413.8,2.4,97.6,12.1,78.8,Yes,0.0,None
19:42:46.517,Active,407.5,2.4,99.4,12.1,79.3,Yes,0.0,None
19:42:46.931,Active,407.1,2.4,98.2,12.1,79.3,Yes,0.0,None
19:42:47.348,Active,407.2,2.4,98.2,12.1,78.2,Yes,0.0,None
19:42:47.763,Active,409.1,2.4,99.4,12.1,79.3,Yes,0.0,None
19:42:48.180,Active,404.8,2.4,97.6,12.1,79.3,Yes,0.0,None
19:42:48.591,Active,404.4,2.4,98.8,12.1,79.3,Yes,0.0,None
19:42:49.012,Active,413.3,2.4,98.2,12.0,78.8,Yes,0.0,None
19:42:49.438,Active,415.7,2.4,97.7,12.0,79.3,Yes,0.0,None
19:42:49.862,Active,415.9,2.4,98.8,12.1,77.7,Yes,0.0,None
19:42:50.293,Active,417.6,2.4,97.1,12.0,80.4,Yes,0.0,None
19:42:50.718,Active,419.0,2.4,98.8,12.0,78.8,Yes,0.0,None
19:42:51.153,Active,427.4,2.4,96.5,12.0,79.8,Yes,0.0,None
19:42:51.580,Active,417.1,2.4,97.7,12.0,80.4,Yes,0.0,None
19:42:52.005,Active,417.8,2.4,99.4,12.0,79.3,Yes,0.0,None
19:42:52.429,Active,417.3,2.4,98.2,12.0,79.3,Yes,0.0,None
19:42:52.856,Active,420.7,2.4,98.8,12.0,78.8,Yes,0.0,None
19:42:53.280,Active,416.5,2.4,98.2,12.0,78.8,Yes,0.0,None
19:42:53.703,Active,415.6,2.4,98.2,12.0,79.3,Yes,0.0,None
19:42:54.128,Active,416.3,2.4,98.2,12.0,79.8,Yes,0.0,None
19:42:54.551,Active,416.0,2.4,98.8,12.0,79.8,Yes,0.0,None
19:43:39.991,Active,424.2,2.4,1.3,12.1,60.6,Yes,0.0,None
19:43:40.400,Active,402.7,2.4,99.4,12.2,61.7,Yes,0.0,None
19:43:40.823,Active,415.9,7.9,98.2,12.2,63.4,Yes,0.0,None
19:43:41.246,Active,416.6,7.9,97.0,12.2,65.0,Yes,0.0,None
19:43:41.663,Active,407.3,7.9,98.2,12.1,65.0,Yes,0.0,None
19:43:42.074,Active,405.8,7.9,98.8,12.1,65.5,Yes,0.0,None
19:43:42.491,Active,406.7,7.9,98.2,12.1,67.8,Yes,0.0,None
19:43:42.909,Active,408.8,7.9,98.2,12.1,67.8,Yes,0.0,None
19:43:43.321,Active,405.1,7.9,98.8,12.1,67.8,Yes,0.0,None
19:43:43.739,Active,408.4,7.9,97.6,12.1,68.3,Yes,0.0,None
19:43:44.153,Active,406.4,7.9,98.8,12.1,69.4,Yes,0.0,None
19:43:44.566,Active,406.0,7.9,99.4,12.1,69.4,Yes,0.0,None
19:43:44.985,Active,409.4,2.4,98.2,12.1,69.4,Yes,0.0,None
19:43:45.399,Active,407.9,2.4,98.8,12.1,69.4,Yes,0.0,None
19:43:45.818,Active,410.9,2.4,98.2,12.1,70.5,Yes,0.0,None
19:43:46.240,Active,412.7,2.4,97.0,12.1,71.0,Yes,0.0,None
19:43:46.657,Active,407.6,2.4,97.6,12.1,71.6,Yes,0.0,None
19:43:47.091,Active,424.7,2.4,98.9,12.1,71.6,Yes,0.0,None
19:43:47.510,Active,409.3,2.4,97.6,12.1,70.5,Yes,0.0,None
19:43:47.931,Active,411.5,2.4,98.2,12.1,72.2,Yes,0.0,None
19:43:48.349,Active,409.6,2.4,98.2,12.1,71.6,Yes,0.0,None
19:43:48.764,Active,409.3,2.4,98.8,12.1,72.7,Yes,0.0,None
19:43:49.180,Active,409.9,2.4,98.2,12.1,72.7,Yes,0.0,None
19:43:49.594,Active,406.4,2.4,98.8,12.1,72.7,Yes,0.0,None
19:43:50.016,Active,413.1,2.4,97.6,12.1,73.2,Yes,0.0,None
19:43:50.429,Active,405.9,2.4,98.8,12.1,73.8,Yes,0.0,None
19:43:50.849,Active,410.8,2.4,98.2,12.1,73.8,Yes,0.0,None
19:43:51.263,Active,409.0,2.4,98.8,12.1,73.2,Yes,0.0,None
19:43:51.678,Active,407.1,2.4,98.2,12.1,73.2,Yes,0.0,None
19:43:52.095,Active,408.5,2.4,98.8,12.1,74.3,Yes,0.0,None
19:43:52.506,Active,404.1,2.4,99.4,12.1,74.9,Yes,0.0,None
19:43:52.919,Active,407.2,2.4,99.4,12.1,73.8,Yes,0.0,None
19:43:53.331,Active,406.9,2.4,100.0,12.1,74.9,Yes,0.0,None
19:43:53.747,Active,409.5,2.4,98.8,12.0,74.3,Yes,0.0,None
19:43:54.163,Active,408.2,2.4,97.0,12.0,74.9,Yes,0.0,None
19:43:54.578,Active,406.9,2.4,98.8,12.0,74.3,Yes,0.0,None
19:43:54.995,Active,408.2,2.4,98.2,12.0,74.9,Yes,0.0,None
19:43:55.410,Active,407.2,2.4,98.8,12.0,75.5,Yes,0.0,None
19:43:55.826,Active,410.1,2.4,98.8,12.0,74.9,Yes,0.0,None
19:43:56.239,Active,407.2,2.4,99.4,12.0,74.9,Yes,0.0,None
19:43:56.656,Active,408.5,2.4,98.8,12.0,74.9,Yes,0.0,None
19:43:57.081,Active,417.2,2.4,97.6,12.1,75.5,Yes,0.0,None
19:43:57.496,Active,408.6,2.4,99.4,12.1,76.0,Yes,0.0,None
19:43:57.915,Active,412.0,2.4,98.2,12.1,75.5,Yes,0.0,None
19:43:58.331,Active,408.1,2.4,98.2,12.1,76.0,Yes,0.0,None
19:43:58.749,Active,411.7,2.4,98.2,12.1,76.0,Yes,0.0,None
19:43:59.163,Active,408.0,2.4,98.8,12.1,76.5,Yes,0.0,None
19:43:59.580,Active,408.5,2.4,98.2,12.1,77.1,Yes,0.0,None
19:44:00.001,Active,414.2,2.4,98.2,12.1,77.1,Yes,0.0,None
19:44:00.419,Active,407.7,2.4,98.2,12.1,76.0,Yes,0.0,None
19:44:00.835,Active,410.1,2.4,98.8,12.1,76.5,Yes,0.0,None
19:44:01.246,Active,405.7,2.4,98.8,12.1,76.0,Yes,0.0,None
19:44:01.660,Active,408.3,2.4,99.4,12.1,76.5,Yes,0.0,None
19:44:02.074,Active,404.9,2.4,98.2,12.1,76.5,Yes,0.0,None
19:44:02.489,Active,406.4,2.4,98.2,12.1,76.5,Yes,0.0,None
19:44:02.908,Active,408.5,2.4,98.2,12.1,77.1,Yes,0.0,None
19:44:03.324,Active,406.2,2.4,98.2,12.1,76.0,Yes,0.0,None
19:44:03.755,Active,424.5,2.4,96.5,12.1,77.1,Yes,0.0,None
19:44:04.176,Active,408.9,2.4,97.0,12.1,76.0,Yes,0.0,None
19:44:04.588,Active,406.0,2.4,99.4,12.0,77.1,Yes,0.0,None
19:44:05.001,Active,407.2,2.4,98.8,12.0,77.7,Yes,0.0,None
19:44:05.415,Active,408.3,2.4,99.4,12.0,76.5,Yes,0.0,None
19:44:05.833,Active,410.0,2.4,98.2,12.0,77.1,Yes,0.0,None
19:44:06.252,Active,409.3,2.4,98.2,12.0,76.5,Yes,0.0,None
19:44:06.670,Active,411.1,2.4,98.8,12.1,76.5,Yes,0.0,None
19:44:07.097,Active,418.2,2.4,97.6,12.1,77.7,Yes,0.0,None
19:44:07.539,Active,436.1,2.4,97.7,12.1,77.1,Yes,0.0,None
19:44:07.953,Active,407.6,2.4,99.4,12.1,77.1,Yes,0.0,None
19:44:08.370,Active,407.2,2.4,97.6,12.1,77.7,Yes,0.0,None
19:44:08.786,Active,407.2,2.4,97.6,12.1,76.5,Yes,0.0,None
19:44:09.201,Active,406.5,2.4,98.2,12.1,77.1,Yes,0.0,None
19:44:09.619,Active,409.1,2.4,98.8,12.1,77.1,Yes,0.0,None
19:44:10.039,Active,412.0,2.4,98.2,12.1,77.1,Yes,0.0,None
19:44:10.453,Active,407.8,2.4,99.4,12.1,77.1,Yes,0.0,None
19:44:10.866,Active,407.3,2.4,98.8,12.1,77.7,Yes,0.0,None
19:44:11.294,Active,419.4,2.4,97.0,12.1,78.2,Yes,0.0,None
19:44:11.711,Active,408.4,2.4,98.2,12.1,77.1,Yes,0.0,None
19:44:12.128,Active,410.4,2.4,98.8,12.1,77.1,Yes,0.0,None
19:44:12.667,Active,429.9,2.4,76.9,12.1,77.7,Yes,0.0,None
19:44:13.083,Active,408.0,2.4,99.4,12.0,77.1,Yes,0.0,None
19:44:13.498,Active,408.0,2.4,97.6,12.0,77.7,Yes,0.0,None
19:44:13.922,Active,415.4,2.4,97.6,12.0,77.7,Yes,0.0,None
19:44:14.436,Active,404.5,2.3,78.9,12.0,77.7,Yes,0.0,None
19:44:14.851,Active,408.0,2.3,98.8,12.0,77.7,Yes,0.0,None
19:44:15.270,Active,408.1,2.3,98.2,12.0,78.8,Yes,0.0,None
19:44:15.687,Active,406.7,2.3,98.2,12.0,78.2,Yes,0.0,None
19:44:16.099,Active,403.6,2.3,98.8,12.0,77.7,Yes,0.0,None
19:44:16.513,Active,408.0,2.3,99.4,12.0,76.5,Yes,0.0,None
19:44:16.927,Active,408.0,2.3,98.8,12.0,77.7,Yes,0.0,None
19:44:17.344,Active,408.0,2.3,98.8,12.0,77.7,Yes,0.0,None
19:44:17.772,Active,420.9,2.3,98.8,12.0,77.7,Yes,0.0,None
19:44:18.187,Active,409.2,2.3,98.8,12.0,78.2,Yes,0.0,None
19:44:18.602,Active,407.1,2.4,97.6,12.1,78.8,Yes,0.0,None
19:44:19.021,Active,411.9,2.4,98.2,12.1,77.7,Yes,0.0,None
19:44:19.438,Active,406.8,2.4,97.6,12.1,77.7,Yes,0.0,None
19:44:19.870,Active,418.9,2.4,97.1,12.1,78.8,Yes,0.0,None
19:44:20.286,Active,409.8,2.4,98.2,12.1,78.2,Yes,0.0,None
19:44:20.704,Active,411.7,2.4,99.4,12.1,78.2,Yes,0.0,None
19:44:21.126,Active,415.3,2.4,97.6,12.0,78.2,Yes,0.0,None
19:44:21.553,Active,417.7,2.4,97.0,12.0,78.2,Yes,0.0,None
19:44:21.975,Active,415.9,2.4,97.6,12.0,78.2,Yes,0.0,None
19:44:22.387,Active,404.8,2.4,98.8,12.0,79.3,Yes,0.0,None
19:44:22.804,Active,408.6,2.4,98.8,12.0,78.8,Yes,0.0,None
19:44:23.222,Active,411.4,2.4,98.2,12.0,78.8,Yes,0.0,None
19:44:23.636,Active,405.2,2.4,98.8,12.0,78.2,Yes,0.0,None
19:44:24.056,Active,410.3,2.4,98.2,12.0,78.8,Yes,0.0,None
19:44:24.473,Active,410.5,2.4,97.0,12.0,78.8,Yes,0.0,None
19:44:24.915,Active,436.2,2.4,94.9,12.0,79.3,Yes,0.0,None
19:44:25.332,Active,408.7,2.4,98.8,12.0,78.8,Yes,0.0,None
19:44:25.748,Active,409.1,2.4,98.2,12.0,78.2,Yes,0.0,None
19:44:26.165,Active,409.6,2.4,98.8,12.0,78.8,Yes,0.0,None
19:44:26.577,Active,406.2,2.4,98.2,12.0,78.8,Yes,0.0,None
19:44:26.995,Active,408.2,2.4,98.2,12.0,78.8,Yes,0.0,None
19:44:27.419,Active,414.7,2.4,97.6,12.0,78.8,Yes,0.0,None
19:44:27.853,Active,425.8,2.4,98.3,12.3,78.8,Yes,0.0,None
19:44:28.266,Active,407.2,2.4,98.8,12.3,79.3,Yes,0.0,None
19:44:28.678,Active,406.3,2.4,98.8,12.3,79.3,Yes,0.0,None
19:44:29.094,Active,407.1,2.4,99.4,12.3,79.3,Yes,0.0,None
19:44:29.525,Active,421.7,2.4,95.4,12.3,79.3,Yes,0.0,None
19:44:29.940,Active,409.6,2.4,99.4,12.3,79.3,Yes,0.0,None
19:44:30.355,Active,407.6,2.4,98.8,12.2,79.3,Yes,0.0,None
19:44:30.772,Active,409.2,2.4,98.2,12.2,78.8,Yes,0.0,None
19:44:31.200,Active,416.4,2.4,97.1,12.2,79.8,Yes,0.0,None
19:44:31.617,Active,409.7,2.4,98.8,12.2,79.8,Yes,0.0,None
19:44:32.047,Active,424.1,2.4,96.5,12.2,79.3,Yes,0.0,None
19:44:32.473,Active,417.4,2.4,98.2,12.2,79.3,Yes,0.0,None
19:44:32.896,Active,416.8,2.4,98.8,12.1,79.3,Yes,0.0,None
19:44:33.319,Active,415.7,2.4,99.4,12.1,79.3,Yes,0.0,None
19:44:33.749,Active,422.2,2.4,97.7,12.1,78.8,Yes,0.0,None
19:44:34.173,Active,417.1,2.4,98.8,12.1,78.8,Yes,0.0,None
19:44:34.596,Active,414.4,2.4,98.2,12.1,79.3,Yes,0.0,None
19:44:35.026,Active,422.1,2.4,97.6,12.1,79.3,Yes,0.0,None
19:44:35.468,Active,435.8,2.3,98.9,12.1,79.3,Yes,0.0,None
19:44:36.013,Active,439.0,2.3,77.5,12.1,78.8,Yes,0.0,None
19:44:36.430,Active,411.4,2.3,99.4,12.1,80.4,Yes,0.0,None
19:44:36.854,Active,418.1,2.3,99.4,12.1,79.8,Yes,0.0,None
19:44:37.288,Active,424.3,2.3,96.0,12.1,78.8,Yes,0.0,None
19:44:37.713,Active,417.4,2.3,98.8,12.1,78.8,Yes,0.0,None
19:44:38.149,Active,429.4,2.3,98.9,12.2,79.8,Yes,0.0,None
19:44:38.568,Active,413.0,2.3,99.4,12.2,80.4,Yes,0.0,None
19:44:38.992,Active,417.5,2.3,98.8,12.2,79.3,Yes,0.0,None
19:44:39.414,Active,416.3,2.3,98.8,12.2,79.3,Yes,0.0,None
19:44:39.841,Active,417.3,2.3,98.2,12.2,79.3,Yes,0.0,None
19:45:25.280,Active,425.4,2.3,1.0,12.1,60.6,Yes,0.0,None
19:45:25.695,Active,409.0,2.3,98.8,12.1,62.2,Yes,0.0,None
19:45:26.108,Active,405.8,2.3,98.8,12.1,65.5,Yes,0.0,None
19:45:26.526,Active,407.3,2.3,97.6,12.2,64.5,Yes,0.0,None
19:45:26.945,Active,409.7,2.3,98.2,12.2,65.5,Yes,0.0,None
19:45:27.361,Active,407.9,2.3,98.2,12.2,65.5,Yes,0.0,None
19:45:27.784,Active,413.8,2.3,98.2,12.1,66.7,Yes,0.0,None
19:45:28.197,Active,406.3,2.3,98.2,12.1,67.8,Yes,0.0,None
19:45:28.615,Active,409.1,2.3,98.2,12.1,68.3,Yes,0.0,None
19:45:29.032,Active,409.2,2.4,98.2,12.1,68.3,Yes,0.0,None
19:45:29.462,Active,421.3,2.4,97.7,12.4,68.8,Yes,0.0,None
19:45:29.883,Active,410.6,2.4,98.2,12.3,70.5,Yes,0.0,None
19:45:30.299,Active,406.8,2.4,98.2,12.3,70.0,Yes,0.0,None
19:45:30.719,Active,409.9,2.4,97.6,12.3,70.0,Yes,0.0,None
19:45:31.148,Active,420.3,2.4,95.9,12.3,71.0,Yes,0.0,None
19:45:31.567,Active,409.3,2.4,97.6,12.3,70.0,Yes,0.0,None
19:45:31.985,Active,408.5,2.4,98.2,12.3,71.0,Yes,0.0,None
19:45:32.403,Active,409.7,2.4,98.2,12.3,71.6,Yes,0.0,None
19:45:32.818,Active,408.1,2.4,98.8,12.3,71.6,Yes,0.0,None
19:45:33.236,Active,408.3,2.4,98.2,12.3,71.6,Yes,0.0,None
19:45:33.652,Active,407.6,2.4,98.2,12.2,72.2,Yes,0.0,None
19:45:34.068,Active,406.1,2.4,98.2,12.2,72.2,Yes,0.0,None
19:45:34.489,Active,410.3,2.4,97.6,12.2,72.2,Yes,0.0,None
19:45:34.906,Active,410.6,2.4,98.2,12.2,73.8,Yes,0.0,None
19:45:35.323,Active,407.3,2.4,98.2,12.2,72.7,Yes,0.0,None
19:45:35.741,Active,409.7,2.4,98.8,12.2,72.2,Yes,0.0,None
19:45:36.155,Active,407.3,2.4,98.2,12.2,73.2,Yes,0.0,None
19:45:36.569,Active,407.7,2.4,98.8,12.1,74.3,Yes,0.0,None
19:45:36.988,Active,408.7,2.4,98.2,12.2,73.2,Yes,0.0,None
19:45:37.401,Active,406.6,2.4,98.8,12.2,74.3,Yes,0.0,None
19:45:37.824,Active,413.7,2.4,97.0,12.2,73.8,Yes,0.0,None
19:45:38.236,Active,404.9,2.4,98.8,12.2,73.8,Yes,0.0,None
19:45:38.653,Active,409.7,2.4,98.8,12.2,73.8,Yes,0.0,None
19:45:39.072,Active,410.5,2.4,98.2,12.2,74.9,Yes,0.0,None
19:45:39.485,Active,406.3,2.4,98.2,12.2,74.9,Yes,0.0,None
19:45:39.918,Active,423.4,2.4,98.3,12.2,74.3,Yes,0.0,None
19:45:40.336,Active,407.1,2.4,97.6,12.3,74.3,Yes,0.0,None
19:45:40.755,Active,409.4,2.4,98.2,12.3,75.5,Yes,0.0,None
19:45:41.171,Active,408.0,2.4,98.2,12.3,74.9,Yes,0.0,None
19:45:41.584,Active,406.4,2.4,98.8,12.2,74.9,Yes,0.0,None
19:45:42.003,Active,410.7,2.4,98.8,12.2,74.9,Yes,0.0,None
19:45:42.419,Active,407.9,2.4,98.2,12.2,75.5,Yes,0.0,None
19:45:42.835,Active,410.4,2.4,98.8,12.2,75.5,Yes,0.0,None
19:45:43.268,Active,424.8,2.4,95.3,12.2,76.0,Yes,0.0,None
19:45:43.683,Active,407.8,2.4,98.8,12.2,75.5,Yes,0.0,None
19:45:44.097,Active,406.4,2.4,98.2,12.2,76.5,Yes,0.0,None
19:45:44.516,Active,409.1,2.4,97.6,12.2,76.5,Yes,0.0,None
19:45:44.932,Active,408.6,2.4,98.8,12.2,75.5,Yes,0.0,None
19:45:45.449,Active,409.5,2.4,79.7,12.2,75.5,Yes,0.0,None
19:45:45.864,Active,408.8,2.3,98.2,12.2,76.0,Yes,0.0,None
19:45:46.284,Active,410.3,2.3,98.2,12.1,76.0,Yes,0.0,None
19:45:46.703,Active,411.2,2.3,97.6,12.1,76.5,Yes,0.0,None
19:45:47.121,Active,408.2,2.3,98.2,12.1,76.0,Yes,0.0,None
19:45:47.540,Active,409.0,2.3,98.2,12.2,76.0,Yes,0.0,None
19:45:47.959,Active,410.3,2.3,97.0,12.1,76.0,Yes,0.0,None
19:45:48.373,Active,407.4,2.3,98.8,12.1,76.0,Yes,0.0,None
19:45:48.790,Active,411.1,2.3,98.8,12.1,77.1,Yes,0.0,None
19:45:49.204,Active,405.3,2.3,98.8,12.1,76.5,Yes,0.0,None
19:45:49.624,Active,409.8,2.3,98.2,12.1,76.0,Yes,0.0,None
19:45:50.058,Active,426.0,2.4,97.7,12.1,76.0,Yes,0.0,None
19:45:50.474,Active,406.6,2.4,97.6,12.1,77.1,Yes,0.0,None
19:45:50.893,Active,411.1,2.4,98.8,12.1,77.1,Yes,0.0,None
19:45:51.303,Active,404.2,2.4,98.8,12.1,77.1,Yes,0.0,None
19:45:51.720,Active,410.3,2.4,99.4,12.1,77.1,Yes,0.0,None
19:45:52.132,Active,406.4,2.4,98.8,12.1,76.5,Yes,0.0,None
19:45:52.552,Active,408.6,2.4,98.2,12.1,77.1,Yes,0.0,None
19:45:52.978,Active,418.6,2.4,97.0,12.1,76.5,Yes,0.0,None
19:45:53.393,Active,409.5,2.4,98.8,12.1,75.5,Yes,0.0,None
19:45:53.813,Active,410.0,2.4,98.2,12.1,77.1,Yes,0.0,None
19:45:54.227,Active,407.6,2.4,98.8,12.1,76.5,Yes,0.0,None
19:45:54.643,Active,408.4,2.4,98.2,12.1,77.1,Yes,0.0,None
19:45:55.059,Active,407.9,2.4,98.2,12.1,77.1,Yes,0.0,None
19:45:55.480,Active,414.7,2.4,99.4,12.1,77.7,Yes,0.0,None
19:45:55.901,Active,415.4,2.4,98.8,12.1,77.1,Yes,0.0,None
19:45:56.315,Active,408.2,2.4,98.2,12.1,77.1,Yes,0.0,None
19:45:56.740,Active,416.4,2.4,97.6,12.1,77.7,Yes,0.0,None
19:45:57.157,Active,409.9,2.4,98.2,12.1,77.1,Yes,0.0,None
19:45:57.569,Active,406.3,2.4,98.2,12.1,77.7,Yes,0.0,None
19:45:57.987,Active,408.3,2.4,98.2,12.1,77.1,Yes,0.0,None
19:45:58.403,Active,407.6,2.4,98.8,12.1,76.5,Yes,0.0,None
19:45:58.820,Active,408.6,2.4,98.2,12.1,77.7,Yes,0.0,None
19:45:59.234,Active,406.8,2.4,98.8,12.0,77.7,Yes,0.0,None
19:45:59.653,Active,409.6,2.4,98.2,12.0,78.2,Yes,0.0,None
19:46:00.102,Active,443.7,2.4,95.5,12.0,77.7,Yes,0.0,None
19:46:00.539,Active,427.6,2.4,96.0,12.1,78.8,Yes,0.0,None
19:46:00.957,Active,408.3,2.4,98.2,12.1,79.3,Yes,0.0,None
19:46:01.370,Active,407.1,2.4,98.8,12.1,77.7,Yes,0.0,None
19:46:01.786,Active,410.1,2.4,98.8,12.1,78.2,Yes,0.0,None
19:46:02.218,Active,423.3,2.4,95.9,12.1,77.7,Yes,0.0,None
19:46:02.646,Active,419.1,2.4,96.5,12.1,78.2,Yes,0.0,None
19:46:03.065,Active,409.6,2.4,98.2,12.0,78.2,Yes,0.0,None
19:46:03.480,Active,408.6,2.4,98.8,12.0,78.2,Yes,0.0,None
19:46:03.895,Active,409.1,2.4,98.8,12.0,78.2,Yes,0.0,None
19:46:04.312,Active,408.9,2.4,98.2,12.0,78.2,Yes,0.0,None
19:46:04.729,Active,409.9,2.4,98.8,12.0,78.2,Yes,0.0,None
19:46:05.148,Active,412.9,2.4,98.2,12.0,79.8,Yes,0.0,None
19:46:05.570,Active,414.6,2.4,97.6,12.0,77.1,Yes,0.0,None
19:46:05.991,Active,411.3,2.4,97.0,12.0,78.2,Yes,0.0,None
19:46:06.407,Active,407.9,2.4,98.2,12.0,78.2,Yes,0.0,None
19:46:06.835,Active,419.9,2.4,98.8,12.0,78.2,Yes,0.0,None
19:46:07.251,Active,408.3,2.4,98.2,12.0,79.3,Yes,0.0,None
19:46:07.667,Active,410.0,2.4,98.8,12.0,78.2,Yes,0.0,None
19:46:08.171,Active,403.9,2.4,81.1,12.0,78.2,Yes,0.0,None
19:46:08.587,Active,405.8,2.4,98.2,12.0,78.2,Yes,0.0,None
19:46:08.999,Active,406.2,2.4,100.0,12.0,78.2,Yes,0.0,None
19:46:09.411,Active,405.2,2.4,99.4,12.0,79.3,Yes,0.0,None
19:46:09.828,Active,410.1,2.4,98.8,12.0,78.2,Yes,0.0,None
19:46:10.250,Active,410.6,2.4,97.1,12.0,78.2,Yes,0.0,None
19:46:10.684,Active,425.3,2.4,98.2,12.1,78.2,Yes,0.0,None
19:46:11.100,Active,407.5,2.3,98.2,12.1,77.7,Yes,0.0,None
19:46:11.517,Active,409.7,2.3,98.8,12.1,78.2,Yes,0.0,None
19:46:11.933,Active,409.9,2.3,98.8,12.1,78.8,Yes,0.0,None
19:46:12.352,Active,408.2,2.3,97.6,12.1,78.8,Yes,0.0,None
19:46:12.771,Active,412.3,2.3,98.2,12.1,78.2,Yes,0.0,None
19:46:13.189,Active,409.5,2.3,98.8,12.1,78.8,Yes,0.0,None
19:46:13.603,Active,408.2,2.3,98.8,12.1,78.8,Yes,0.0,None
19:46:14.028,Active,418.6,2.3,97.6,12.1,79.3,Yes,0.0,None
19:46:14.449,Active,409.6,2.3,97.0,12.1,78.2,Yes,0.0,None
19:46:14.868,Active,413.0,2.3,98.8,12.1,78.8,Yes,0.0,None
19:46:15.304,Active,429.0,2.4,94.8,12.1,79.3,Yes,0.0,None
19:46:15.720,Active,408.7,2.4,98.8,12.0,79.3,Yes,0.0,None
19:46:16.136,Active,406.4,2.4,98.2,12.0,78.8,Yes,0.0,None
19:46:16.564,Active,417.8,2.4,97.7,12.0,78.8,Yes,0.0,None
19:46:16.984,Active,412.0,2.4,97.6,12.0,79.8,Yes,0.0,None
19:46:17.399,Active,407.6,2.4,98.2,12.0,79.3,Yes,0.0,None
19:46:17.817,Active,409.0,2.4,98.2,12.0,80.4,Yes,0.0,None
19:46:18.235,Active,407.3,2.4,98.2,12.0,79.3,Yes,0.0,None
19:46:18.655,Active,407.6,2.4,97.0,12.0,79.3,Yes,0.0,None
19:46:19.072,Active,407.4,2.4,98.2,12.0,79.8,Yes,0.0,None
19:46:19.493,Active,411.0,2.4,98.2,12.0,79.3,Yes,0.0,None
19:46:19.921,Active,420.9,2.4,98.2,12.0,79.3,Yes,0.0,None
19:46:20.344,Active,416.1,2.4,98.8,12.0,79.3,Yes,0.0,None
19:46:20.788,Active,434.1,2.4,98.3,12.0,79.3,Yes,0.0,None
19:46:21.212,Active,417.1,2.4,98.2,12.1,79.8,Yes,0.0,None
19:46:21.635,Active,415.8,2.4,98.8,12.1,79.3,Yes,0.0,None
19:46:22.059,Active,418.0,2.4,98.8,12.1,79.3,Yes,0.0,None
19:46:22.496,Active,430.8,2.4,96.5,12.1,79.3,Yes,0.0,None
19:46:22.920,Active,417.0,2.4,98.8,12.1,79.3,Yes,0.0,None
19:46:23.345,Active,417.6,2.4,98.8,12.1,79.3,Yes,0.0,None
19:46:23.770,Active,419.4,2.3,98.8,12.1,79.8,Yes,0.0,None
19:46:24.195,Active,415.6,2.3,98.2,12.0,79.3,Yes,0.0,None
19:46:24.619,Active,417.9,2.3,98.2,12.0,79.3,Yes,0.0,None
19:46:25.043,Active,415.6,2.3,98.8,12.0,79.3,Yes,0.0,None
19:47:10.481,Active,424.9,2.3,1.3,12.0,60.6,Yes,0.0,None
19:47:10.895,Active,407.7,2.3,99.4,12.0,61.7,Yes,0.0,None
19:47:11.306,Active,405.5,2.3,99.4,12.0,63.4,Yes,0.0,None
19:47:11.721,Active,408.8,2.3,99.4,12.0,63.9,Yes,0.0,None
19:47:12.151,Active,424.7,2.3,98.8,12.1,64.5,Yes,0.0,None
19:47:12.572,Active,413.2,2.3,97.6,12.1,66.1,Yes,0.0,None
19:47:12.990,Active,407.8,3.4,98.2,12.1,66.1,Yes,0.0,None
19:47:13.408,Active,408.6,3.4,98.2,12.1,67.2,Yes,0.0,None
19:47:13.824,Active,409.0,3.4,98.8,12.1,67.2,Yes,0.0,None
19:47:14.238,Active,407.2,3.4,99.4,12.0,67.8,Yes,0.0,None
19:47:14.647,Active,403.1,3.4,99.4,12.0,68.8,Yes,0.0,None
19:47:15.061,Active,405.9,3.4,98.8,12.0,68.8,Yes,0.0,None
19:47:15.476,Active,406.7,3.4,98.8,12.0,68.8,Yes,0.0,None
19:47:15.893,Active,409.8,3.4,99.4,12.0,69.4,Yes,0.0,None
19:47:16.305,Active,406.2,3.4,98.8,12.0,70.0,Yes,0.0,None
19:47:16.723,Active,407.8,3.4,98.2,12.0,71.0,Yes,0.0,None
19:47:17.144,Active,413.1,2.4,97.6,12.0,71.0,Yes,0.0,None
19:47:17.559,Active,408.3,2.4,98.8,12.0,71.0,Yes,0.0,None
19:47:17.980,Active,413.3,2.4,98.2,12.0,71.0,Yes,0.0,None
19:47:18.394,Active,407.2,2.4,98.8,12.1,71.6,Yes,0.0,None
19:47:18.840,Active,436.9,2.4,94.3,12.1,72.7,Yes,0.0,None
19:47:19.255,Active,407.9,2.4,98.8,12.1,72.2,Yes,0.0,None
19:47:19.672,Active,408.5,2.4,98.2,12.1,72.2,Yes,0.0,None
19:47:20.085,Active,406.0,2.4,98.8,12.1,72.7,Yes,0.0,None
19:47:20.504,Active,408.5,2.4,98.2,12.1,72.2,Yes,0.0,None
19:47:20.921,Active,409.6,2.4,98.2,12.1,72.2,Yes,0.0,None
19:47:21.337,Active,407.7,2.4,98.8,12.1,73.8,Yes,0.0,None
19:47:21.755,Active,409.1,2.4,97.6,12.1,73.2,Yes,0.0,None
19:47:22.185,Active,421.9,2.4,99.4,12.1,73.8,Yes,0.0,None
19:47:22.599,Active,404.8,2.4,98.8,12.1,73.8,Yes,0.0,None
19:47:23.014,Active,409.3,2.4,98.8,12.1,73.8,Yes,0.0,None
19:47:23.434,Active,411.1,2.4,97.6,12.1,73.2,Yes,0.0,None
19:47:23.853,Active,412.2,2.4,98.8,12.1,74.3,Yes,0.0,None
19:47:24.267,Active,407.9,2.4,98.8,12.1,74.3,Yes,0.0,None
19:47:24.685,Active,411.7,2.4,98.8,12.0,73.8,Yes,0.0,None
19:47:25.103,Active,412.4,2.4,98.2,12.0,74.9,Yes,0.0,None
19:47:25.521,Active,409.2,2.4,98.2,12.0,74.9,Yes,0.0,None
19:47:25.936,Active,408.3,2.4,98.8,12.0,74.9,Yes,0.0,None
19:47:26.348,Active,404.6,2.4,99.4,12.0,74.3,Yes,0.0,None
19:47:26.764,Active,410.1,2.4,98.8,12.0,76.0,Yes,0.0,None
19:47:27.177,Active,406.0,2.4,98.8,12.0,76.0,Yes,0.0,None
19:47:27.594,Active,406.7,2.4,98.2,12.0,74.3,Yes,0.0,None
19:47:28.012,Active,409.1,2.4,98.2,12.0,74.9,Yes,0.0,None
19:47:28.427,Active,408.0,2.4,98.8,12.0,75.5,Yes,0.0,None
19:47:28.840,Active,406.7,2.4,99.4,12.0,76.0,Yes,0.0,None
19:47:29.250,Active,404.9,2.4,99.4,12.0,76.0,Yes,0.0,None
19:47:29.667,Active,408.0,2.4,98.8,12.0,75.5,Yes,0.0,None
19:47:30.085,Active,409.7,2.4,98.8,12.0,76.0,Yes,0.0,None
19:47:30.500,Active,408.4,2.4,98.2,12.0,76.0,Yes,0.0,None
19:47:30.917,Active,410.2,2.4,98.8,12.0,74.9,Yes,0.0,None
19:47:31.328,Active,404.7,2.4,98.8,12.0,75.5,Yes,0.0,None
19:47:31.748,Active,411.2,2.4,98.8,12.0,75.5,Yes,0.0,None
19:47:32.162,Active,406.7,2.4,98.2,12.0,76.5,Yes,0.0,None
19:47:32.639,Active,467.8,2.4,93.7,12.1,75.5,Yes,0.0,None
19:47:33.055,Active,408.0,2.4,98.2,12.1,76.0,Yes,0.0,None
19:47:33.471,Active,407.7,2.4,98.2,12.1,76.0,Yes,0.0,None
19:47:33.888,Active,408.4,2.4,98.2,12.1,76.5,Yes,0.0,None
19:47:34.300,Active,405.0,2.4,98.8,12.1,77.1,Yes,0.0,None
19:47:34.717,Active,409.5,2.4,98.8,12.1,76.5,Yes,0.0,None
19:47:35.136,Active,410.4,2.4,98.2,12.1,75.5,Yes,0.0,None
19:47:35.553,Active,410.1,2.4,98.8,12.0,76.0,Yes,0.0,None
19:47:35.968,Active,409.3,2.4,98.2,12.0,77.1,Yes,0.0,None
19:47:36.382,Active,407.1,2.4,98.8,12.0,75.5,Yes,0.0,None
19:47:36.814,Active,423.5,2.4,96.5,12.0,77.1,Yes,0.0,None
19:47:37.230,Active,407.0,2.4,98.2,12.0,77.7,Yes,0.0,None
19:47:37.670,Active,431.1,2.4,95.4,12.0,77.1,Yes,0.0,None
19:47:38.083,Active,407.2,2.4,98.8,12.0,77.1,Yes,0.0,None
19:47:38.499,Active,408.2,2.4,98.8,12.0,76.0,Yes,0.0,None
19:47:38.925,Active,417.6,2.4,97.6,12.0,77.1,Yes,0.0,None
19:47:39.341,Active,409.7,2.4,98.2,12.0,77.1,Yes,0.0,None
19:47:39.757,Active,410.3,2.4,98.8,12.0,77.1,Yes,0.0,None
19:47:40.173,Active,406.4,2.4,97.6,12.0,77.1,Yes,0.0,None
19:47:40.595,Active,412.3,2.4,98.2,12.1,76.5,Yes,0.0,None
19:47:41.012,Active,409.2,2.4,98.8,12.1,77.1,Yes,0.0,None
19:47:41.427,Active,406.7,2.4,98.8,12.1,77.1,Yes,0.0,None
19:47:41.841,Active,408.0,2.4,99.4,12.1,77.1,Yes,0.0,None
19:47:42.255,Active,405.6,2.4,98.2,12.0,77.7,Yes,0.0,None
19:47:42.693,Active,431.6,2.4,98.3,12.2,77.1,Yes,0.0,None
19:47:43.105,Active,405.9,2.4,99.4,12.1,77.1,Yes,0.0,None
19:47:43.522,Active,407.1,2.4,98.2,12.2,77.1,Yes,0.0,None
19:47:43.941,Active,412.4,2.4,97.6,12.2,78.2,Yes,0.0,None
19:47:44.354,Active,406.6,2.4,98.2,12.2,77.1,Yes,0.0,None
19:47:44.769,Active,406.0,2.4,98.2,12.2,77.7,Yes,0.0,None
19:47:45.185,Active,406.6,2.4,98.2,12.2,77.7,Yes,0.0,None
19:47:45.596,Active,405.3,2.4,98.8,12.1,76.5,Yes,0.0,None
19:47:46.012,Active,409.2,2.4,99.4,12.1,78.2,Yes,0.0,None
19:47:46.428,Active,408.6,2.4,98.2,12.1,77.1,Yes,0.0,None
19:47:46.844,Active,408.9,2.4,98.8,12.1,77.1,Yes,0.0,None
19:47:47.261,Active,409.6,2.4,99.4,12.1,77.7,Yes,0.0,None
19:47:47.683,Active,416.5,2.4,97.6,12.1,79.3,Yes,0.0,None
19:47:48.110,Active,419.0,2.4,96.5,12.1,78.2,Yes,0.0,None
19:47:48.537,Active,418.3,2.4,96.4,12.1,77.7,Yes,0.0,None
19:47:48.978,Active,431.3,2.4,94.9,12.1,77.7,Yes,0.0,None
19:47:49.396,Active,408.7,2.4,98.8,12.1,77.7,Yes,0.0,None
19:47:49.812,Active,410.7,2.4,98.2,12.1,77.7,Yes,0.0,None
19:47:50.225,Active,405.8,2.4,99.4,12.1,78.8,Yes,0.0,None
19:47:50.641,Active,409.6,2.4,98.8,12.1,78.2,Yes,0.0,None
19:47:51.055,Active,408.5,2.4,98.8,12.1,78.8,Yes,0.0,None
19:47:51.472,Active,408.1,2.4,98.2,12.1,78.8,Yes,0.0,None
19:47:51.891,Active,411.9,2.4,98.8,12.1,80.4,Yes,0.0,None
19:47:52.305,Active,407.5,2.4,98.8,12.1,78.2,Yes,0.0,None
19:47:52.721,Active,410.0,2.4,98.8,12.1,78.2,Yes,0.0,None
19:47:53.160,Active,424.6,2.4,97.1,12.1,78.2,Yes,0.0,None
19:47:53.576,Active,410.2,2.4,98.2,12.1,78.2,Yes,0.0,None
19:47:53.993,Active,411.0,2.4,98.8,12.1,78.8,Yes,0.0,None
19:47:54.412,Active,413.4,2.4,97.6,12.1,79.8,Yes,0.0,None
19:47:54.832,Active,412.6,2.4,98.8,12.1,78.2,Yes,0.0,None
19:47:55.248,Active,404.7,2.4,97.6,12.1,78.2,Yes,0.0,None
19:47:55.662,Active,408.8,2.4,99.4,12.1,78.8,Yes,0.0,None
19:47:56.079,Active,407.8,2.4,98.8,12.1,78.8,Yes,0.0,None
19:47:56.498,Active,412.2,2.4,97.6,12.1,78.2,Yes,0.0,None
19:47:56.919,Active,412.2,2.4,98.2,12.1,78.8,Yes,0.0,None
19:47:57.336,Active,408.8,2.4,98.2,12.1,79.3,Yes,0.0,None
19:47:57.754,Active,410.4,2.4,98.2,12.1,78.8,Yes,0.0,None
19:47:58.171,Active,407.2,2.4,98.2,12.1,78.8,Yes,0.0,None
19:47:58.583,Active,404.8,2.4,98.8,12.1,78.2,Yes,0.0,None
19:47:58.995,Active,406.2,2.4,99.4,12.1,78.8,Yes,0.0,None
19:47:59.406,Active,405.7,2.4,99.4,12.1,78.8,Yes,0.0,None
19:47:59.822,Active,410.1,2.4,98.8,12.1,79.3,Yes,0.0,None
19:48:00.234,Active,406.3,2.4,98.8,12.1,78.8,Yes,0.0,None
19:48:00.646,Active,406.4,2.4,98.8,12.1,78.8,Yes,0.0,None
19:48:01.060,Active,407.4,2.4,99.4,12.0,79.3,Yes,0.0,None
19:48:01.480,Active,409.4,2.4,97.6,12.0,78.8,Yes,0.0,None
19:48:01.896,Active,408.0,2.4,98.2,12.0,79.3,Yes,0.0,None
19:48:02.311,Active,407.6,2.4,98.8,12.0,79.3,Yes,0.0,None
19:48:02.724,Active,406.2,2.4,98.8,12.0,79.3,Yes,0.0,None
19:48:03.160,Active,424.6,2.4,98.3,12.2,79.3,Yes,0.0,None
19:48:03.581,Active,414.8,2.4,98.8,12.2,78.8,Yes,0.0,None
19:48:04.007,Active,420.3,2.4,98.2,12.2,78.8,Yes,0.0,None
19:48:04.445,Active,429.3,2.4,96.5,12.2,79.3,Yes,0.0,None
19:48:04.880,Active,428.8,2.4,96.6,12.2,79.8,Yes,0.0,None
19:48:05.300,Active,414.2,2.4,98.8,12.2,79.3,Yes,0.0,None
19:48:05.723,Active,415.5,2.4,99.4,12.2,78.8,Yes,0.0,None
19:48:06.151,Active,419.6,2.4,97.7,12.2,77.7,Yes,0.0,None
19:48:06.575,Active,415.5,2.4,98.8,12.1,79.3,Yes,0.0,None
19:48:07.006,Active,425.5,2.4,99.4,12.1,79.3,Yes,0.0,None
19:48:07.427,Active,415.0,2.3,98.8,12.1,79.3,Yes,0.0,None
19:48:07.852,Active,418.8,2.3,99.4,12.1,78.8,Yes,0.0,None
19:48:08.274,Active,415.3,2.3,98.8,12.1,79.3,Yes,0.0,None
19:48:08.704,Active,423.5,2.3,97.6,12.1,79.3,Yes,0.0,None
19:48:09.132,Active,417.9,2.3,98.2,12.1,78.8,Yes,0.0,None
19:48:09.556,Active,416.7,2.3,98.2,12.1,79.8,Yes,0.0,None
19:48:09.984,Active,420.5,2.3,98.8,12.1,78.2,Yes,0.0,None
19:48:10.411,Active,419.0,2.3,98.2,12.1,78.8,Yes,0.0,None
19:48:55.856,Active,429.1,2.3,1.0,12.2,60.6,Yes,0.0,None
19:48:56.267,Active,405.2,2.3,99.4,12.2,62.8,Yes,0.0,None
19:48:56.684,Active,406.7,7.9,98.8,12.2,62.2,Yes,0.0,None
19:48:57.104,Active,409.4,7.9,98.2,12.1,64.5,Yes,0.0,None
19:48:57.518,Active,407.1,7.9,98.2,12.1,64.5,Yes,0.0,None
19:48:57.936,Active,408.5,7.9,98.2,12.1,65.5,Yes,0.0,None
19:48:58.357,Active,410.5,7.9,97.6,12.1,66.7,Yes,0.0,None
19:48:58.774,Active,411.1,7.9,98.8,12.1,67.2,Yes,0.0,None
19:48:59.192,Active,407.9,7.9,97.6,12.1,67.8,Yes,0.0,None
19:48:59.605,Active,405.8,7.9,98.8,12.1,68.3,Yes,0.0,None
19:49:00.025,Active,412.2,7.9,98.8,12.1,68.8,Yes,0.0,None
19:49:00.439,Active,407.7,7.9,98.2,12.1,69.4,Yes,0.0,None
19:49:00.859,Active,410.8,2.4,98.2,12.1,68.8,Yes,0.0,None
19:49:01.276,Active,407.6,2.4,98.2,12.1,70.5,Yes,0.0,None
19:49:01.694,Active,408.8,2.4,98.2,12.1,70.0,Yes,0.0,None
19:49:02.111,Active,407.1,2.4,97.6,12.1,70.0,Yes,0.0,None
19:49:02.528,Active,407.6,2.4,98.2,12.1,70.5,Yes,0.0,None
19:49:02.947,Active,408.9,2.4,98.2,12.0,71.0,Yes,0.0,None
19:49:03.365,Active,408.7,2.4,97.6,12.0,71.0,Yes,0.0,None
19:49:03.786,Active,415.4,2.4,98.8,12.0,72.2,Yes,0.0,None
19:49:04.203,Active,407.1,2.4,97.6,12.0,72.7,Yes,0.0,None
19:49:04.634,Active,421.1,2.4,98.3,12.1,72.2,Yes,0.0,None
19:49:05.054,Active,409.4,2.4,98.2,12.1,72.2,Yes,0.0,None
19:49:05.469,Active,405.8,2.4,98.2,12.1,72.2,Yes,0.0,None
19:49:05.892,Active,411.6,2.4,98.2,12.1,73.2,Yes,0.0,None
19:49:06.309,Active,407.1,2.4,97.6,12.1,73.2,Yes,0.0,None
19:49:06.727,Active,408.6,2.4,98.2,12.1,73.2,Yes,0.0,None
19:49:07.144,Active,407.3,2.4,97.6,12.1,73.2,Yes,0.0,None
19:49:07.561,Active,406.0,2.4,98.2,12.1,73.8,Yes,0.0,None
19:49:07.979,Active,409.4,2.4,98.2,12.0,73.8,Yes,0.0,None
19:49:08.396,Active,407.3,2.4,98.2,12.0,73.2,Yes,0.0,None
19:49:08.815,Active,409.7,2.4,98.2,12.1,73.8,Yes,0.0,None
19:49:09.232,Active,407.4,2.4,98.2,12.0,73.8,Yes,0.0,None
19:49:09.649,Active,406.9,2.4,98.2,12.0,74.3,Yes,0.0,None
19:49:10.069,Active,411.2,2.4,97.0,12.0,74.3,Yes,0.0,None
19:49:10.484,Active,406.7,2.4,98.2,12.0,73.8,Yes,0.0,None
19:49:10.899,Active,407.9,2.4,98.8,12.0,74.3,Yes,0.0,None
19:49:11.310,Active,404.2,2.4,98.8,12.0,74.9,Yes,0.0,None
19:49:11.726,Active,410.3,2.4,98.8,12.0,74.3,Yes,0.0,None
19:49:12.167,Active,402.5,2.4,92.0,12.0,75.5,Yes,0.0,None
19:49:12.588,Active,410.1,2.4,97.6,12.0,74.9,Yes,0.0,None
19:49:13.026,Active,430.6,2.4,94.9,12.0,74.9,Yes,0.0,None
19:49:13.457,Active,421.7,2.4,95.3,12.0,74.9,Yes,0.0,None
19:49:13.873,Active,410.4,2.4,98.8,12.0,76.5,Yes,0.0,None
19:49:14.291,Active,408.0,2.4,97.6,12.0,75.5,Yes,0.0,None
19:49:14.708,Active,408.6,2.4,98.8,12.0,74.3,Yes,0.0,None
19:49:15.132,Active,416.9,2.4,98.8,12.0,76.0,Yes,0.0,None
19:49:15.548,Active,408.5,2.4,98.8,12.0,76.0,Yes,0.0,None
19:49:15.967,Active,411.9,2.4,97.6,12.0,74.9,Yes,0.0,None
19:49:16.382,Active,407.0,2.4,98.2,12.0,75.5,Yes,0.0,None
19:49:16.805,Active,413.4,2.4,98.2,12.0,76.0,Yes,0.0,None
19:49:17.219,Active,408.0,2.4,98.8,12.0,76.0,Yes,0.0,None
19:49:17.639,Active,409.5,2.4,98.2,12.0,76.0,Yes,0.0,None
19:49:18.058,Active,409.9,2.4,97.6,12.0,76.0,Yes,0.0,None
19:49:18.476,Active,407.9,2.4,98.2,12.0,76.0,Yes,0.0,None
19:49:18.896,Active,410.8,2.4,98.2,12.0,76.5,Yes,0.0,None
19:49:19.315,Active,408.8,2.4,98.2,12.0,76.0,Yes,0.0,None
19:49:19.737,Active,412.2,2.4,98.2,12.0,76.5,Yes,0.0,None
19:49:20.149,Active,405.6,2.4,98.8,12.0,75.5,Yes,0.0,None
19:49:20.564,Active,408.7,2.4,98.8,12.0,76.5,Yes,0.0,None
19:49:20.994,Active,422.5,2.4,96.5,12.0,77.1,Yes,0.0,None
19:49:21.410,Active,407.2,2.4,98.8,12.0,77.7,Yes,0.0,None
19:49:21.827,Active,410.5,2.4,98.2,12.0,76.5,Yes,0.0,None
19:49:22.239,Active,406.2,2.4,99.4,12.0,77.1,Yes,0.0,None
19:49:22.655,Active,410.0,2.4,98.2,12.0,77.1,Yes,0.0,None
19:49:23.068,Active,404.1,2.4,98.8,12.0,76.5,Yes,0.0,None
19:49:23.482,Active,407.0,2.4,99.4,12.0,76.0,Yes,0.0,None
19:49:23.906,Active,418.3,2.4,98.8,12.0,77.7,Yes,0.0,None
19:49:24.319,Active,404.8,2.4,99.4,12.0,77.1,Yes,0.0,None
19:49:24.733,Active,408.0,2.4,99.4,12.0,77.1,Yes,0.0,None
19:49:25.166,Active,423.8,2.4,98.3,12.0,77.7,Yes,0.0,None
19:49:25.583,Active,407.9,2.4,98.2,12.0,77.1,Yes,0.0,None
19:49:26.009,Active,417.6,2.4,97.6,12.0,77.1,Yes,0.0,None
19:49:26.422,Active,407.3,2.4,99.4,12.0,77.1,Yes,0.0,None
19:49:26.839,Active,407.5,2.4,98.2,12.0,77.1,Yes,0.0,None
19:49:27.256,Active,409.4,2.4,99.4,12.0,77.1,Yes,0.0,None
19:49:27.670,Active,406.5,2.4,98.2,12.0,77.1,Yes,0.0,None
19:49:28.090,Active,407.2,2.4,97.6,12.0,77.1,Yes,0.0,None
19:49:28.500,Active,403.5,2.4,98.8,12.0,78.2,Yes,0.0,None
19:49:28.917,Active,411.1,2.4,99.4,12.0,77.1,Yes,0.0,None
19:49:29.331,Active,407.5,2.4,98.8,12.0,77.7,Yes,0.0,None
19:49:29.761,Active,421.7,2.4,97.1,12.0,77.7,Yes,0.0,None
19:49:30.174,Active,407.3,2.4,98.2,12.0,78.2,Yes,0.0,None
19:49:30.592,Active,408.8,2.4,98.8,12.0,77.1,Yes,0.0,None
19:49:31.016,Active,417.1,2.4,96.5,12.0,78.2,Yes,0.0,None
19:49:31.432,Active,409.6,2.4,99.4,12.0,78.2,Yes,0.0,None
19:49:31.849,Active,410.9,2.4,98.8,12.0,77.7,Yes,0.0,None
19:49:32.265,Active,408.5,2.4,98.2,12.0,78.2,Yes,0.0,None
19:49:32.685,Active,410.2,2.4,97.6,12.0,78.8,Yes,0.0,None
19:49:33.099,Active,408.2,2.4,98.2,12.0,78.2,Yes,0.0,None
19:49:33.512,Active,406.5,2.4,98.8,12.0,77.1,Yes,0.0,None
19:49:33.931,Active,412.0,2.4,98.8,12.0,78.2,Yes,0.0,None
19:49:34.347,Active,407.4,2.4,98.2,12.0,78.2,Yes,0.0,None
19:49:34.762,Active,407.7,2.4,98.8,12.0,78.2,Yes,0.0,None
19:49:35.175,Active,404.8,2.4,99.4,12.0,78.2,Yes,0.0,None
19:49:35.601,Active,420.3,2.4,99.4,12.1,78.2,Yes,0.0,None
19:49:36.027,Active,418.6,2.4,97.1,12.1,78.2,Yes,0.0,None
19:49:36.442,Active,406.7,2.4,98.8,12.1,77.7,Yes,0.0,None
19:49:36.887,Active,436.0,2.4,94.9,12.1,78.8,Yes,0.0,None
19:49:37.308,Active,411.0,2.4,97.6,12.1,78.8,Yes,0.0,None
19:49:37.724,Active,409.2,2.4,98.8,12.1,79.3,Yes,0.0,None
19:49:38.142,Active,410.4,2.4,98.8,12.1,78.2,Yes,0.0,None
19:49:38.558,Active,406.8,2.4,97.6,12.1,78.2,Yes,0.0,None
19:49:38.977,Active,409.9,2.4,98.2,12.0,78.8,Yes,0.0,None
19:49:39.395,Active,411.9,2.4,98.8,12.0,78.2,Yes,0.0,None
19:49:39.812,Active,408.9,2.4,98.2,12.1,78.8,Yes,0.0,None
19:49:40.226,Active,407.1,2.4,99.4,12.0,78.2,Yes,0.0,None
19:49:40.644,Active,408.7,2.4,97.6,12.0,78.8,Yes,0.0,None
19:49:41.059,Active,408.4,2.4,98.8,12.0,78.8,Yes,0.0,None
19:49:41.470,Active,404.0,2.4,98.8,12.0,78.8,Yes,0.0,None
19:49:41.891,Active,413.2,2.4,98.2,12.0,79.3,Yes,0.0,None
19:49:42.307,Active,406.7,2.4,98.2,12.0,78.2,Yes,0.0,None
19:49:42.728,Active,411.0,2.4,98.2,12.0,78.8,Yes,0.0,None
19:49:43.145,Active,409.5,2.4,98.8,12.0,79.3,Yes,0.0,None
19:49:43.559,Active,407.1,2.4,98.2,12.0,78.8,Yes,0.0,None
19:49:43.974,Active,409.1,2.4,98.8,12.0,79.3,Yes,0.0,None
19:49:44.393,Active,409.7,2.4,98.8,12.0,78.8,Yes,0.0,None
19:49:44.810,Active,410.0,2.4,98.2,12.0,79.8,Yes,0.0,None
19:49:45.225,Active,405.2,2.4,98.8,12.0,79.3,Yes,0.0,None
19:49:45.657,Active,422.2,2.4,98.3,12.1,79.3,Yes,0.0,None
19:49:46.072,Active,407.7,2.4,98.8,12.1,78.8,Yes,0.0,None
19:49:46.493,Active,413.7,2.4,97.6,12.1,78.8,Yes,0.0,None
19:49:46.908,Active,406.2,2.4,98.8,12.1,78.8,Yes,0.0,None
19:49:47.324,Active,406.6,2.4,98.2,12.1,79.8,Yes,0.0,None
19:49:47.744,Active,412.9,2.4,98.8,12.1,79.8,Yes,0.0,None
19:49:48.160,Active,408.7,2.4,98.8,12.1,79.8,Yes,0.0,None
19:49:48.574,Active,407.3,2.4,98.2,12.1,79.8,Yes,0.0,None
19:49:48.992,Active,409.2,2.4,98.8,12.1,79.8,Yes,0.0,None
19:49:49.406,Active,407.2,2.4,98.8,12.1,78.8,Yes,0.0,None
19:49:49.847,Active,432.3,2.4,96.0,12.1,79.8,Yes,0.0,None
19:49:50.271,Active,415.6,2.4,98.2,12.1,79.8,Yes,0.0,None
19:49:50.697,Active,417.9,2.4,98.8,12.1,79.3,Yes,0.0,None
19:49:51.120,Active,416.6,2.4,98.8,12.1,79.8,Yes,0.0,None
19:49:51.573,Active,446.4,2.4,94.4,12.1,79.3,Yes,0.0,None
19:49:52.027,Active,447.3,2.4,95.0,12.1,78.8,Yes,0.0,None
19:49:52.447,Active,414.9,2.4,99.4,12.1,79.8,Yes,0.0,None
19:49:52.871,Active,415.9,2.4,98.8,12.1,79.3,Yes,0.0,None
19:49:53.294,Active,414.7,2.4,98.2,12.1,79.3,Yes,0.0,None
19:49:53.725,Active,421.5,2.4,98.2,12.0,79.8,Yes,0.0,None
19:49:54.146,Active,415.0,2.4,98.2,12.0,79.8,Yes,0.0,None
19:49:54.571,Active,416.1,2.4,97.1,12.0,79.3,Yes,0.0,None
19:49:54.997,Active,417.6,2.4,98.8,12.0,79.8,Yes,0.0,None
19:49:55.421,Active,418.3,2.3,97.6,12.0,78.8,Yes,0.0,None
19:50:40.872,Active,434.6,2.3,1.3,12.0,60.6,Yes,0.0,None
19:50:41.285,Active,406.4,2.3,99.4,12.0,62.2,Yes,0.0,None
19:50:41.715,Active,420.3,2.3,96.6,12.1,63.9,Yes,0.0,None
19:50:42.132,Active,405.4,2.3,97.6,12.1,64.5,Yes,0.0,None
19:50:42.549,Active,410.6,2.3,99.4,12.1,65.5,Yes,0.0,None
19:50:42.963,Active,407.7,2.3,98.8,12.1,67.2,Yes,0.0,None
19:50:43.375,Active,406.7,2.3,99.4,12.1,66.7,Yes,0.0,None
19:50:43.790,Active,408.1,2.3,99.4,12.1,67.2,Yes,0.0,None
19:50:44.210,Active,407.2,2.3,97.6,12.1,68.3,Yes,0.0,None
19:50:44.627,Active,407.0,2.4,98.2,12.1,68.8,Yes,0.0,None
19:50:45.045,Active,410.0,2.4,98.2,12.1,69.4,Yes,0.0,None
19:50:45.457,Active,406.6,2.4,98.8,12.1,69.4,Yes,0.0,None
19:50:45.870,Active,406.7,2.4,99.4,12.0,69.4,Yes,0.0,None
19:50:46.285,Active,408.4,2.4,99.4,12.0,70.0,Yes,0.0,None
19:50:46.704,Active,412.5,2.4,98.8,12.0,70.0,Yes,0.0,None
19:50:47.136,Active,426.6,2.4,97.7,12.3,70.5,Yes,0.0,None
19:50:47.551,Active,408.2,2.4,98.8,12.3,71.0,Yes,0.0,None
19:50:47.969,Active,410.3,2.4,98.2,12.3,71.6,Yes,0.0,None
19:50:48.390,Active,408.1,2.4,97.6,12.3,71.6,Yes,0.0,None
19:50:48.811,Active,411.7,2.4,98.2,12.3,72.2,Yes,0.0,None
19:50:49.228,Active,411.1,2.4,97.6,12.3,72.2,Yes,0.0,None
19:50:49.644,Active,409.2,2.4,98.8,12.2,72.7,Yes,0.0,None
19:50:50.060,Active,409.3,2.4,98.8,12.2,73.2,Yes,0.0,None
19:50:50.475,Active,407.6,2.4,98.8,12.2,73.2,Yes,0.0,None
19:50:50.891,Active,409.4,2.4,98.8,12.2,71.6,Yes,0.0,None
19:50:51.307,Active,407.7,2.4,98.8,12.2,73.2,Yes,0.0,None
19:50:51.722,Active,407.5,2.4,98.2,12.2,73.2,Yes,0.0,None
19:50:52.137,Active,406.9,2.4,98.8,12.1,73.8,Yes,0.0,None
19:50:52.552,Active,406.0,2.4,98.8,12.2,73.8,Yes,0.0,None
19:50:52.968,Active,409.9,2.4,98.8,12.1,74.3,Yes,0.0,None
19:50:53.382,Active,406.6,2.4,98.2,12.1,74.3,Yes,0.0,None
19:50:53.799,Active,410.7,2.4,99.4,12.1,74.3,Yes,0.0,None
19:50:54.216,Active,411.4,2.4,97.6,12.1,74.9,Yes,0.0,None
19:50:54.633,Active,409.9,2.4,98.8,12.1,74.3,Yes,0.0,None
19:50:55.053,Active,413.7,2.4,98.8,12.1,74.3,Yes,0.0,None
19:50:55.467,Active,408.4,2.4,98.2,12.1,74.9,Yes,0.0,None
19:50:55.890,Active,414.6,2.4,97.6,12.1,75.5,Yes,0.0,None
19:50:56.304,Active,408.4,2.4,98.8,12.1,74.3,Yes,0.0,None
19:50:56.719,Active,407.8,2.4,98.8,12.1,75.5,Yes,0.0,None
19:50:57.129,Active,404.2,2.4,99.4,12.1,74.9,Yes,0.0,None
19:50:57.564,Active,428.8,2.4,99.4,12.1,74.3,Yes,0.0,None
19:50:57.979,Active,409.3,2.4,98.8,12.1,75.5,Yes,0.0,None
19:50:58.392,Active,407.2,2.4,99.4,12.1,76.0,Yes,0.0,None
19:50:58.815,Active,412.1,2.4,97.6,12.1,74.9,Yes,0.0,None
19:50:59.240,Active,419.0,2.4,96.4,12.1,76.0,Yes,0.0,None
19:50:59.656,Active,408.8,2.4,98.8,12.1,76.5,Yes,0.0,None
19:51:00.072,Active,407.7,2.4,98.8,12.1,76.0,Yes,0.0,None
19:51:00.508,Active,428.9,2.4,95.4,12.1,76.5,Yes,0.0,None
19:51:00.934,Active,415.3,2.4,97.7,12.1,75.5,Yes,0.0,None
19:51:01.370,Active,426.6,2.4,95.4,12.1,76.5,Yes,0.0,None
19:51:01.794,Active,414.9,2.4,97.6,12.0,76.0,Yes,0.0,None
19:51:02.207,Active,406.8,2.4,99.4,12.0,76.0,Yes,0.0,None
19:51:02.618,Active,405.3,2.4,100.0,12.0,76.0,Yes,0.0,None
19:51:03.038,Active,407.1,2.4,97.6,12.0,76.5,Yes,0.0,None
19:51:03.451,Active,407.2,2.4,100.0,12.0,76.5,Yes,0.0,None
19:51:03.870,Active,412.6,2.4,98.2,12.0,77.1,Yes,0.0,None
19:51:04.295,Active,416.7,2.4,97.6,12.0,76.5,Yes,0.0,None
19:51:04.709,Active,408.6,2.4,98.8,12.0,76.5,Yes,0.0,None
19:51:05.138,Active,420.1,2.4,96.5,12.0,76.0,Yes,0.0,None
19:51:05.565,Active,417.5,2.4,97.0,12.0,76.5,Yes,0.0,None
19:51:05.982,Active,411.1,2.4,98.2,12.0,77.1,Yes,0.0,None
19:51:06.399,Active,408.1,2.4,98.2,12.0,77.1,Yes,0.0,None
19:51:06.816,Active,411.3,2.4,98.8,12.0,77.1,Yes,0.0,None
19:51:07.231,Active,408.4,2.4,98.8,12.0,76.5,Yes,0.0,None
19:51:07.665,Active,425.6,2.4,98.8,12.1,76.5,Yes,0.0,None
19:51:08.084,Active,409.1,2.4,98.2,12.1,77.7,Yes,0.0,None
19:51:08.502,Active,408.1,2.4,97.6,12.1,76.5,Yes,0.0,None
19:51:08.920,Active,409.8,2.4,98.8,12.1,77.1,Yes,0.0,None
19:51:09.332,Active,404.9,2.4,98.8,12.1,77.7,Yes,0.0,None
19:51:09.748,Active,408.9,2.4,99.4,12.1,77.7,Yes,0.0,None
19:51:10.164,Active,409.5,2.4,98.8,12.1,77.1,Yes,0.0,None
19:51:10.578,Active,407.2,2.4,98.2,12.1,77.1,Yes,0.0,None
19:51:11.002,Active,414.1,2.4,98.2,12.0,77.1,Yes,0.0,None
19:51:11.419,Active,408.4,2.4,98.2,12.1,77.7,Yes,0.0,None
19:51:11.835,Active,409.4,2.4,98.8,12.0,77.7,Yes,0.0,None
19:51:12.248,Active,407.0,2.4,98.8,12.1,77.1,Yes,0.0,None
19:51:12.662,Active,408.2,2.4,98.2,12.1,77.7,Yes,0.0,None
19:51:13.080,Active,408.7,2.4,98.8,12.0,77.7,Yes,0.0,None
19:51:13.494,Active,407.2,2.4,98.2,12.0,78.2,Yes,0.0,None
19:51:13.928,Active,424.4,2.4,96.5,12.0,78.2,Yes,0.0,None
19:51:14.452,Active,416.6,2.4,78.9,12.0,77.1,Yes,0.0,None
19:51:14.866,Active,407.0,2.4,98.2,12.0,78.2,Yes,0.0,None
19:51:15.281,Active,405.5,2.4,98.8,12.0,78.2,Yes,0.0,None
19:51:15.697,Active,405.4,2.4,98.2,12.1,77.7,Yes,0.0,None
19:51:16.110,Active,407.4,2.4,99.4,12.0,77.7,Yes,0.0,None
19:51:16.523,Active,404.8,2.4,98.8,12.0,78.2,Yes,0.0,None
19:51:16.937,Active,408.5,2.4,99.4,12.0,77.1,Yes,0.0,None
19:51:17.350,Active,406.5,2.4,98.8,12.0,78.2,Yes,0.0,None
19:51:17.765,Active,405.7,2.4,98.2,12.0,78.2,Yes,0.0,None
19:51:18.187,Active,416.3,2.3,98.8,12.2,78.8,Yes,0.0,None
19:51:18.609,Active,412.7,2.3,97.6,12.2,78.2,Yes,0.0,None
19:51:19.024,Active,408.6,2.3,99.4,12.2,79.3,Yes,0.0,None
19:51:19.437,Active,405.7,2.3,98.8,12.2,78.2,Yes,0.0,None
19:51:19.851,Active,408.1,2.3,98.2,12.2,78.2,Yes,0.0,None
19:51:20.265,Active,406.4,2.3,98.2,12.2,78.2,Yes,0.0,None
19:51:20.695,Active,420.1,2.3,96.5,12.2,78.2,Yes,0.0,None
19:51:21.109,Active,406.4,2.3,98.8,12.2,78.8,Yes,0.0,None
19:51:21.537,Active,418.4,2.3,96.5,12.1,78.2,Yes,0.0,None
19:51:21.956,Active,408.7,2.3,97.6,12.1,78.8,Yes,0.0,None
19:51:22.370,Active,406.8,2.4,98.8,12.1,78.8,Yes,0.0,None
19:51:22.788,Active,409.4,2.4,98.2,12.1,79.8,Yes,0.0,None
19:51:23.201,Active,406.2,2.4,98.8,12.1,79.8,Yes,0.0,None
19:51:23.615,Active,407.4,2.4,99.4,12.1,78.8,Yes,0.0,None
19:51:24.028,Active,406.8,2.4,98.8,12.1,78.8,Yes,0.0,None
19:51:24.440,Active,404.7,2.4,99.4,12.1,78.8,Yes,0.0,None
19:51:24.856,Active,409.9,2.4,98.8,12.1,79.3,Yes,0.0,None
19:51:25.269,Active,406.8,2.4,98.8,12.1,78.8,Yes,0.0,None
19:51:25.691,Active,415.8,2.4,98.8,12.1,79.3,Yes,0.0,None
19:51:26.119,Active,420.0,2.4,97.7,12.1,78.2,Yes,0.0,None
19:51:26.543,Active,413.8,2.4,97.6,12.1,78.8,Yes,0.0,None
19:51:26.960,Active,409.0,2.4,98.8,12.1,79.3,Yes,0.0,None
19:51:27.376,Active,408.7,2.4,98.8,12.1,78.8,Yes,0.0,None
19:51:27.796,Active,412.7,2.4,98.8,12.1,78.2,Yes,0.0,None
19:51:28.246,Active,442.4,2.4,95.5,12.2,78.8,Yes,0.0,None
19:51:28.667,Active,411.2,2.4,97.6,12.2,78.8,Yes,0.0,None
19:51:29.081,Active,408.0,2.4,98.8,12.2,79.8,Yes,0.0,None
19:51:29.494,Active,406.5,2.4,99.4,12.2,79.3,Yes,0.0,None
19:51:29.917,Active,417.3,2.4,98.8,12.2,79.3,Yes,0.0,None
19:51:30.343,Active,420.2,2.4,97.6,12.2,79.3,Yes,0.0,None
19:51:30.762,Active,413.3,2.4,99.4,12.2,78.2,Yes,0.0,None
19:51:31.187,Active,412.2,2.4,98.2,12.2,80.4,Yes,0.0,None
19:51:31.613,Active,414.9,2.4,98.8,12.1,79.3,Yes,0.0,None
19:51:32.039,Active,418.1,2.4,98.2,12.1,78.2,Yes,0.0,None
19:51:32.464,Active,416.3,2.4,98.8,12.1,79.8,Yes,0.0,None
19:51:32.888,Active,416.8,2.4,98.2,12.1,79.8,Yes,0.0,None
19:51:33.312,Active,416.5,2.4,98.8,12.1,79.3,Yes,0.0,None
19:51:33.736,Active,416.9,2.4,98.8,12.1,79.3,Yes,0.0,None
19:51:34.163,Active,417.0,2.4,97.6,12.1,79.3,Yes,0.0,None
19:51:34.588,Active,419.1,2.4,98.8,12.1,78.8,Yes,0.0,None
19:51:35.017,Active,421.6,2.4,97.7,12.1,79.8,Yes,0.0,None
19:51:35.441,Active,414.7,2.4,98.2,12.1,79.8,Yes,0.0,None
19:51:35.874,Active,426.6,2.4,97.7,12.1,79.3,Yes,0.0,None
19:51:36.329,Active,445.5,2.4,94.4,12.1,79.3,Yes,0.0,None
19:51:36.752,Active,416.5,2.4,98.8,12.1,79.3,Yes,0.0,None
19:51:37.175,Active,414.1,2.4,98.8,12.2,79.3,Yes,0.0,None
19:51:37.595,Active,413.2,2.4,98.8,12.2,79.8,Yes,0.0,None
19:51:38.023,Active,419.9,2.4,98.8,12.2,79.3,Yes,0.0,None
19:51:38.461,Active,431.6,2.4,97.7,12.2,78.8,Yes,0.0,None
19:51:38.880,Active,413.7,2.4,99.4,12.2,80.4,Yes,0.0,None
19:51:39.305,Active,417.6,2.3,99.4,12.2,79.3,Yes,0.0,None
19:51:39.738,Active,427.8,2.3,96.6,12.2,79.8,Yes,0.0,None
19:51:40.164,Active,415.9,2.3,98.2,12.2,79.8,Yes,0.0,None
19:51:40.589,Active,415.4,2.3,98.2,12.2,79.3,Yes,0.0,None
19:52:26.022,Active,419.5,2.3,1.0,12.0,61.7,Yes,0.0,None
19:52:26.435,Active,406.7,2.3,98.2,12.0,62.8,Yes,0.0,None
19:52:26.852,Active,408.7,2.3,98.8,12.1,63.4,Yes,0.0,None
19:52:27.268,Active,410.0,2.3,98.2,12.1,65.0,Yes,0.0,None
19:52:27.682,Active,407.2,2.3,98.8,12.1,66.7,Yes,0.0,None
19:52:28.103,Active,412.2,2.3,98.2,12.2,65.5,Yes,0.0,None
19:52:28.518,Active,406.5,3.4,98.8,12.2,67.2,Yes,0.0,None
19:52:28.931,Active,407.5,3.4,99.4,12.2,67.8,Yes,0.0,None
19:52:29.349,Active,407.4,3.4,98.2,12.2,68.3,Yes,0.0,None
19:52:29.782,Active,424.2,3.4,97.7,12.5,68.3,Yes,0.0,None
19:52:30.195,Active,407.0,3.4,98.8,12.5,68.3,Yes,0.0,None
19:52:30.612,Active,408.7,3.4,98.8,12.5,68.8,Yes,0.0,None
19:52:31.029,Active,408.3,3.4,98.2,12.5,69.4,Yes,0.0,None
19:52:31.447,Active,412.4,3.4,98.2,12.5,70.0,Yes,0.0,None
19:52:31.876,Active,420.5,3.4,98.2,12.5,70.0,Yes,0.0,None
19:52:32.293,Active,409.6,3.4,97.6,12.5,71.0,Yes,0.0,None
19:52:32.709,Active,409.5,2.4,98.8,12.4,71.6,Yes,0.0,None
19:52:33.123,Active,408.2,2.4,98.2,12.4,71.6,Yes,0.0,None
19:52:33.540,Active,408.6,2.4,98.8,12.3,71.6,Yes,0.0,None
19:52:33.954,Active,408.6,2.4,97.6,12.3,71.6,Yes,0.0,None
19:52:34.371,Active,407.2,2.4,98.2,12.3,72.2,Yes,0.0,None
19:52:34.786,Active,407.1,2.4,98.2,12.3,72.2,Yes,0.0,None
19:52:35.200,Active,407.6,2.4,98.8,12.3,72.2,Yes,0.0,None
19:52:35.643,Active,436.0,2.4,96.0,12.2,72.7,Yes,0.0,None
19:52:36.067,Active,414.9,2.4,97.6,12.2,73.2,Yes,0.0,None
19:52:36.488,Active,413.0,2.4,97.6,12.2,73.2,Yes,0.0,None
19:52:36.935,Active,440.1,2.4,93.8,12.2,73.2,Yes,0.0,None
19:52:37.348,Active,406.9,2.4,98.8,12.2,73.8,Yes,0.0,None
19:52:37.765,Active,409.8,2.4,98.8,12.2,73.8,Yes,0.0,None
19:52:38.185,Active,413.8,2.4,97.6,12.2,73.2,Yes,0.0,None
19:52:38.609,Active,415.5,2.4,97.0,12.2,74.3,Yes,0.0,None
19:52:39.029,Active,410.1,2.4,98.2,12.2,73.8,Yes,0.0,None
19:52:39.442,Active,406.7,2.4,98.8,12.1,74.9,Yes,0.0,None
19:52:39.873,Active,422.0,2.4,98.2,12.2,73.8,Yes,0.0,None
19:52:40.289,Active,409.8,2.4,98.8,12.2,74.3,Yes,0.0,None
19:52:40.705,Active,409.8,2.4,98.2,12.1,74.3,Yes,0.0,None
19:52:41.119,Active,407.3,2.4,98.8,12.1,74.9,Yes,0.0,None
19:52:41.537,Active,409.7,2.4,98.2,12.1,74.9,Yes,0.0,None
19:52:41.951,Active,407.5,2.4,98.8,12.1,75.5,Yes,0.0,None
19:52:42.368,Active,408.7,2.4,98.8,12.2,75.5,Yes,0.0,None
19:52:42.787,Active,411.8,2.4,98.2,12.1,74.9,Yes,0.0,None
19:52:43.201,Active,407.3,2.4,98.2,12.1,75.5,Yes,0.0,None
19:52:43.615,Active,407.8,2.4,99.4,12.1,75.5,Yes,0.0,None
19:52:44.032,Active,408.9,2.4,98.2,12.1,76.5,Yes,0.0,None
19:52:44.446,Active,407.3,2.4,98.8,12.1,75.5,Yes,0.0,None
19:52:44.864,Active,409.3,2.4,98.2,12.1,75.5,Yes,0.0,None
19:52:45.279,Active,408.1,2.4,98.8,12.1,76.0,Yes,0.0,None
19:52:45.695,Active,410.4,2.4,98.8,12.1,75.5,Yes,0.0,None
19:52:46.117,Active,411.0,2.4,97.6,12.1,76.0,Yes,0.0,None
19:52:46.531,Active,407.9,2.4,98.2,12.1,76.0,Yes,0.0,None
19:52:46.948,Active,408.8,2.4,98.2,12.0,76.0,Yes,0.0,None
19:52:47.365,Active,409.5,2.4,98.8,12.0,76.0,Yes,0.0,None
19:52:47.780,Active,409.4,2.4,98.8,12.0,77.1,Yes,0.0,None
19:52:48.196,Active,408.7,2.4,98.8,12.0,76.0,Yes,0.0,None
19:52:48.609,Active,405.4,2.4,98.2,12.0,76.0,Yes,0.0,None
19:52:49.023,Active,408.1,2.4,99.4,12.0,76.0,Yes,0.0,None
19:52:49.441,Active,409.6,2.4,98.2,12.0,76.5,Yes,0.0,None
19:52:49.859,Active,412.0,2.4,98.2,12.0,77.1,Yes,0.0,None
19:52:50.293,Active,425.6,2.4,98.8,12.3,76.5,Yes,0.0,None
19:52:50.713,Active,412.4,2.4,97.6,12.3,76.5,Yes,0.0,None
19:52:51.125,Active,405.8,2.4,98.8,12.3,77.1,Yes,0.0,None
19:52:51.545,Active,409.7,2.4,98.2,12.2,77.1,Yes,0.0,None
19:52:51.962,Active,409.5,2.4,98.2,12.2,77.7,Yes,0.0,None
19:52:52.379,Active,408.0,2.4,97.6,12.2,77.1,Yes,0.0,None
19:52:52.795,Active,408.9,2.4,98.8,12.2,77.7,Yes,0.0,None
19:52:53.213,Active,408.6,2.4,98.2,12.2,76.5,Yes,0.0,None
19:52:53.631,Active,408.0,2.4,98.2,12.2,77.1,Yes,0.0,None
19:52:54.050,Active,410.3,2.4,97.6,12.2,77.1,Yes,0.0,None
19:52:54.468,Active,410.2,2.4,98.8,12.2,77.1,Yes,0.0,None
19:52:54.884,Active,409.4,2.4,98.2,12.2,77.1,Yes,0.0,None
19:52:55.298,Active,406.8,2.4,98.8,12.2,77.1,Yes,0.0,None
19:52:55.712,Active,408.4,2.4,99.4,12.1,77.7,Yes,0.0,None
19:52:56.133,Active,412.4,2.4,98.2,12.1,77.1,Yes,0.0,None
19:52:56.547,Active,406.9,2.4,98.8,12.1,77.1,Yes,0.0,None
19:52:56.964,Active,410.5,2.4,98.8,12.1,77.7,Yes,0.0,None
19:52:57.381,Active,407.0,2.4,98.2,12.1,76.0,Yes,0.0,None
19:52:57.800,Active,409.2,2.4,98.2,12.2,77.1,Yes,0.0,None
19:52:58.217,Active,407.5,2.4,98.2,12.2,77.7,Yes,0.0,None
19:52:58.634,Active,408.2,2.4,98.2,12.2,78.2,Yes,0.0,None
19:52:59.050,Active,406.6,2.4,98.2,12.2,77.7,Yes,0.0,None
19:52:59.467,Active,408.4,2.4,98.2,12.2,77.7,Yes,0.0,None
19:52:59.885,Active,411.4,2.4,98.8,12.2,78.2,Yes,0.0,None
19:53:00.308,Active,415.8,2.4,98.2,12.2,77.1,Yes,0.0,None
19:53:00.729,Active,409.5,2.4,97.6,12.2,77.7,Yes,0.0,None
19:53:01.147,Active,408.3,2.4,98.2,12.1,77.7,Yes,0.0,None
19:53:01.563,Active,409.4,2.4,98.2,12.1,78.2,Yes,0.0,None
19:53:01.980,Active,409.3,2.4,98.2,12.2,77.7,Yes,0.0,None
19:53:02.394,Active,407.4,2.4,98.8,12.1,78.2,Yes,0.0,None
19:53:02.813,Active,409.2,2.4,98.8,12.1,77.7,Yes,0.0,None
19:53:03.233,Active,410.8,2.4,98.2,12.1,77.7,Yes,0.0,None
19:53:03.647,Active,407.5,2.4,98.2,12.1,77.7,Yes,0.0,None
19:53:04.063,Active,406.4,2.4,98.2,12.1,77.7,Yes,0.0,None
19:53:04.479,Active,408.0,2.4,97.6,12.1,78.2,Yes,0.0,None
19:53:04.897,Active,411.5,2.4,98.2,12.1,78.2,Yes,0.0,None
19:53:05.315,Active,408.0,2.4,98.2,12.1,78.2,Yes,0.0,None
19:53:05.732,Active,410.6,2.4,98.2,12.1,77.7,Yes,0.0,None
19:53:06.149,Active,409.4,2.4,98.8,12.1,78.2,Yes,0.0,None
19:53:06.562,Active,407.4,2.4,98.2,12.1,78.2,Yes,0.0,None
19:53:06.979,Active,408.4,2.4,98.8,12.1,78.8,Yes,0.0,None
19:53:07.390,Active,404.8,2.4,99.4,12.1,79.8,Yes,0.0,None
19:53:07.808,Active,409.8,2.4,98.2,12.1,78.2,Yes,0.0,None
19:53:08.222,Active,405.9,2.4,98.8,12.1,78.2,Yes,0.0,None
19:53:08.638,Active,409.2,2.4,97.6,12.1,78.8,Yes,0.0,None
19:53:09.060,Active,411.7,2.4,98.2,12.1,78.8,Yes,0.0,None
19:53:09.474,Active,406.7,2.4,98.2,12.1,78.8,Yes,0.0,None
19:53:09.890,Active,410.5,2.4,99.4,12.1,78.8,Yes,0.0,None
19:53:10.308,Active,408.5,2.4,97.6,12.1,78.2,Yes,0.0,None
19:53:10.737,Active,421.7,2.4,98.8,12.1,79.3,Yes,0.0,None
19:53:11.151,Active,407.6,2.4,98.8,12.1,77.7,Yes,0.0,None
19:53:11.565,Active,406.4,2.4,98.8,12.1,78.8,Yes,0.0,None
19:53:11.991,Active,415.9,2.4,97.7,12.1,78.8,Yes,0.0,None
19:53:12.416,Active,415.8,2.4,98.2,12.1,79.3,Yes,0.0,None
19:53:12.840,Active,416.5,2.4,98.8,12.1,78.8,Yes,0.0,None
19:53:13.264,Active,416.7,2.4,98.8,12.1,78.2,Yes,0.0,None
19:53:13.688,Active,418.2,2.4,98.2,12.0,78.2,Yes,0.0,None
19:53:14.105,Active,406.8,2.4,98.2,12.0,78.8,Yes,0.0,None
19:53:14.516,Active,404.9,2.4,98.8,12.0,78.8,Yes,0.0,None
19:53:14.938,Active,414.5,2.4,98.2,12.0,78.8,Yes,0.0,None
19:53:15.356,Active,408.5,2.4,98.2,12.0,78.8,Yes,0.0,None
19:53:15.772,Active,408.7,2.4,98.2,12.0,78.8,Yes,0.0,None
19:53:16.186,Active,406.8,2.4,98.2,12.0,79.3,Yes,0.0,None
19:53:16.602,Active,407.0,2.4,98.2,12.0,79.3,Yes,0.0,None
19:53:17.026,Active,414.5,2.4,98.2,12.0,79.8,Yes,0.0,None
19:53:17.450,Active,414.5,2.4,98.2,12.0,79.3,Yes,0.0,None
19:53:17.875,Active,415.5,2.4,98.8,12.0,79.3,Yes,0.0,None
19:53:18.299,Active,415.8,2.4,98.2,12.0,79.3,Yes,0.0,None
19:53:18.723,Active,418.4,2.4,98.8,12.0,79.3,Yes,0.0,None
19:53:19.147,Active,417.4,2.4,98.8,12.0,78.8,Yes,0.0,None
19:53:19.569,Active,415.2,2.4,98.8,12.0,78.8,Yes,0.0,None
19:53:19.991,Active,416.1,2.4,98.8,12.0,79.3,Yes,0.0,None
19:53:20.412,Active,414.8,2.4,99.4,12.0,79.3,Yes,0.0,None
19:53:20.852,Active,433.1,2.4,98.9,12.1,79.3,Yes,0.0,None
19:53:21.277,Active,415.5,2.4,98.2,12.1,79.3,Yes,0.0,None
19:53:21.699,Active,414.9,2.4,99.4,12.1,79.3,Yes,0.0,None
19:53:22.120,Active,415.5,2.4,99.4,12.1,79.8,Yes,0.0,None
19:53:22.542,Active,414.6,2.4,98.8,12.1,79.3,Yes,0.0,None
19:53:22.967,Active,418.7,2.4,98.2,12.1,79.3,Yes,0.0,None
19:53:23.384,Active,411.0,2.4,99.4,12.1,79.8,Yes,0.0,None
19:53:23.810,Active,419.0,2.4,98.8,12.1,79.3,Yes,0.0,None
19:53:24.231,Active,414.5,2.4,99.4,12.1,79.3,Yes,0.0,None
19:53:24.648,Active,411.1,2.4,99.4,12.1,80.4,Yes,0.0,None
19:53:25.071,Active,414.4,2.4,99.4,12.1,79.3,Yes,0.0,None
19:53:25.486,Active,409.6,2.4,99.4,12.1,79.3,Yes,0.0,None
19:53:25.905,Active,412.6,2.4,100.0,12.0,82.0,Yes,0.0,None
19:54:11.346,Active,427.3,2.4,1.3,12.1,61.1,Yes,0.0,None
19:54:11.758,Active,406.7,2.4,99.4,12.1,62.2,Yes,0.0,None
19:54:12.189,Active,422.0,7.8,99.4,12.3,62.8,Yes,0.0,None
19:54:12.604,Active,408.7,7.8,99.4,12.3,63.9,Yes,0.0,None
19:54:13.024,Active,412.6,7.8,98.8,12.3,65.0,Yes,0.0,None
19:54:13.443,Active,411.7,7.8,97.6,12.3,65.5,Yes,0.0,None
19:54:13.857,Active,408.4,7.8,98.8,12.3,66.1,Yes,0.0,None
19:54:14.274,Active,407.4,7.8,98.2,12.2,67.2,Yes,0.0,None
19:54:14.691,Active,409.1,7.8,98.2,12.2,67.8,Yes,0.0,None
19:54:15.106,Active,408.9,7.8,99.4,12.2,68.3,Yes,0.0,None
19:54:15.522,Active,406.7,7.8,98.2,12.2,68.8,Yes,0.0,None
19:54:15.941,Active,409.7,7.8,98.2,12.2,69.4,Yes,0.0,None
19:54:16.360,Active,407.8,2.4,97.6,12.2,69.4,Yes,0.0,None
19:54:16.783,Active,412.0,2.4,97.7,12.2,68.8,Yes,0.0,None
19:54:17.200,Active,407.8,2.4,98.2,12.1,70.5,Yes,0.0,None
19:54:17.618,Active,408.3,2.4,98.2,12.2,70.0,Yes,0.0,None
19:54:18.040,Active,412.0,2.4,98.2,12.2,70.5,Yes,0.0,None
19:54:18.455,Active,407.9,2.4,98.2,12.2,71.6,Yes,0.0,None
19:54:18.872,Active,409.8,2.4,98.2,12.1,71.6,Yes,0.0,None
19:54:19.284,Active,406.1,2.4,99.4,12.1,71.0,Yes,0.0,None
19:54:19.715,Active,425.3,2.4,96.5,12.1,72.7,Yes,0.0,None
19:54:20.130,Active,406.7,2.4,98.8,12.1,72.2,Yes,0.0,None
19:54:20.549,Active,409.4,2.4,98.2,12.1,73.2,Yes,0.0,None
19:54:20.966,Active,409.9,2.4,98.2,12.1,72.7,Yes,0.0,None
19:54:21.384,Active,406.9,2.4,97.6,12.1,73.2,Yes,0.0,None
19:54:21.800,Active,410.0,2.4,98.8,12.1,73.8,Yes,0.0,None
19:54:22.220,Active,410.6,2.4,97.6,12.1,73.2,Yes,0.0,None
19:54:22.649,Active,421.7,2.4,98.2,12.2,73.8,Yes,0.0,None
19:54:23.061,Active,406.1,2.4,98.8,12.2,73.8,Yes,0.0,None
19:54:23.478,Active,406.6,2.4,98.2,12.2,73.8,Yes,0.0,None
19:54:23.900,Active,412.9,2.4,98.2,12.2,73.8,Yes,0.0,None
19:54:24.313,Active,406.5,2.4,98.2,12.2,74.3,Yes,0.0,None
19:54:24.730,Active,406.5,2.4,98.2,12.2,74.3,Yes,0.0,None
19:54:25.147,Active,407.4,2.4,98.2,12.1,74.3,Yes,0.0,None
19:54:25.561,Active,407.0,2.4,98.8,12.1,74.9,Yes,0.0,None
19:54:25.985,Active,415.1,2.4,97.1,12.2,74.3,Yes,0.0,None
19:54:26.401,Active,405.9,2.4,98.8,12.2,74.9,Yes,0.0,None
19:54:26.817,Active,407.7,2.4,97.6,12.2,74.3,Yes,0.0,None
19:54:27.234,Active,408.0,2.4,98.8,12.1,75.5,Yes,0.0,None
19:54:27.646,Active,406.7,2.4,98.8,12.1,74.9,Yes,0.0,None
19:54:28.058,Active,405.4,2.4,99.4,12.1,75.5,Yes,0.0,None
19:54:28.476,Active,408.2,2.4,98.8,12.1,76.0,Yes,0.0,None
19:54:28.892,Active,410.0,2.4,98.8,12.1,75.5,Yes,0.0,None
19:54:29.307,Active,408.4,2.4,98.2,12.1,75.5,Yes,0.0,None
19:54:29.725,Active,410.7,2.4,98.8,12.1,75.5,Yes,0.0,None
19:54:30.140,Active,406.3,2.4,98.2,12.1,75.5,Yes,0.0,None
19:54:30.554,Active,406.5,2.4,98.8,12.1,76.5,Yes,0.0,None
19:54:30.973,Active,409.3,2.4,98.2,12.1,76.5,Yes,0.0,None
19:54:31.390,Active,406.9,2.4,97.6,12.1,76.0,Yes,0.0,None
19:54:31.812,Active,412.1,2.4,98.2,12.1,76.5,Yes,0.0,None
19:54:32.226,Active,407.5,2.4,98.2,12.1,76.5,Yes,0.0,None
19:54:32.651,Active,415.6,2.4,98.2,12.1,76.0,Yes,0.0,None
19:54:33.068,Active,405.8,2.4,98.8,12.1,76.0,Yes,0.0,None
19:54:33.485,Active,409.8,2.4,98.8,12.1,76.5,Yes,0.0,None
19:54:33.898,Active,406.4,2.4,98.2,12.1,76.0,Yes,0.0,None
19:54:34.310,Active,406.4,2.4,99.4,12.1,76.5,Yes,0.0,None
19:54:34.732,Active,412.6,2.4,97.6,12.1,76.5,Yes,0.0,None
19:54:35.144,Active,405.5,2.4,98.8,12.1,77.7,Yes,0.0,None
19:54:35.562,Active,411.0,2.4,99.4,12.1,76.5,Yes,0.0,None
19:54:35.979,Active,408.7,2.4,97.0,12.1,77.1,Yes,0.0,None
19:54:36.398,Active,411.2,2.4,98.2,12.1,77.7,Yes,0.0,None
19:54:36.817,Active,409.7,2.4,98.2,12.1,77.1,Yes,0.0,None
19:54:37.231,Active,408.0,2.4,99.4,12.1,77.1,Yes,0.0,None
19:54:37.646,Active,407.2,2.4,98.2,12.0,77.1,Yes,0.0,None
19:54:38.059,Active,407.1,2.4,99.4,12.1,77.7,Yes,0.0,None
19:54:38.470,Active,405.1,2.4,99.4,12.0,77.7,Yes,0.0,None
19:54:38.887,Active,411.5,2.4,99.4,12.0,76.5,Yes,0.0,None
19:54:39.304,Active,410.8,2.4,98.8,12.0,77.1,Yes,0.0,None
19:54:39.719,Active,408.4,2.4,98.2,12.0,77.1,Yes,0.0,None
19:54:40.134,Active,408.0,2.4,99.4,12.0,77.7,Yes,0.0,None
19:54:40.548,Active,407.3,2.4,98.8,12.0,77.7,Yes,0.0,None
19:54:40.961,Active,406.2,2.4,98.8,12.0,78.2,Yes,0.0,None
19:54:41.382,Active,414.2,2.4,98.8,12.0,77.7,Yes,0.0,None
19:54:41.806,Active,415.3,2.4,97.7,12.0,77.7,Yes,0.0,None
19:54:42.223,Active,408.4,2.4,98.2,12.0,77.1,Yes,0.0,None
19:54:42.651,Active,420.0,2.4,97.1,12.0,78.8,Yes,0.0,None
19:54:43.089,Active,429.4,2.4,97.1,12.0,77.1,Yes,0.0,None
19:54:43.509,Active,409.7,2.4,97.6,12.0,78.2,Yes,0.0,None
19:54:43.928,Active,412.6,2.4,98.8,12.1,78.2,Yes,0.0,None
19:54:44.342,Active,406.8,2.4,98.2,12.1,78.8,Yes,0.0,None
19:54:44.761,Active,409.7,2.4,97.6,12.1,77.7,Yes,0.0,None
19:54:45.178,Active,408.8,2.4,98.2,12.1,77.7,Yes,0.0,None
19:54:45.591,Active,406.6,2.4,98.8,12.1,77.7,Yes,0.0,None
19:54:46.032,Active,432.5,2.4,96.6,12.0,78.2,Yes,0.0,None
19:54:46.452,Active,412.6,2.4,98.8,12.0,77.7,Yes,0.0,None
19:54:46.870,Active,412.8,2.4,97.6,12.0,78.2,Yes,0.0,None
19:54:47.293,Active,414.0,2.4,97.6,12.0,77.7,Yes,0.0,None
19:54:47.711,Active,409.0,2.4,98.2,12.0,77.7,Yes,0.0,None
19:54:48.131,Active,410.8,2.4,98.8,12.0,78.8,Yes,0.0,None
19:54:48.543,Active,405.7,2.4,98.8,12.0,78.2,Yes,0.0,None
19:54:48.965,Active,413.9,2.4,98.2,12.0,77.1,Yes,0.0,None
19:54:49.382,Active,408.6,2.4,98.2,12.0,78.2,Yes,0.0,None
19:54:49.812,Active,421.0,2.4,95.9,12.1,78.2,Yes,0.0,None
19:54:50.226,Active,407.4,2.4,98.8,12.0,78.2,Yes,0.0,None
19:54:50.641,Active,405.9,2.4,98.8,12.1,79.8,Yes,0.0,None
19:54:51.064,Active,413.2,2.4,97.6,12.1,78.8,Yes,0.0,None
19:54:51.479,Active,407.9,2.4,98.8,12.0,78.2,Yes,0.0,None
19:54:51.894,Active,409.4,2.4,98.8,12.0,78.2,Yes,0.0,None
19:54:52.307,Active,406.6,2.4,99.4,12.0,78.8,Yes,0.0,None
19:54:52.721,Active,408.9,2.4,99.4,12.0,78.8,Yes,0.0,None
19:54:53.154,Active,423.3,2.4,97.7,12.0,77.7,Yes,0.0,None
19:54:53.587,Active,423.7,2.4,95.9,12.1,78.2,Yes,0.0,None
19:54:54.003,Active,408.0,2.4,98.2,12.1,78.8,Yes,0.0,None
19:54:54.413,Active,404.1,2.4,99.4,12.1,78.8,Yes,0.0,None
19:54:54.828,Active,408.6,2.4,99.4,12.1,77.7,Yes,0.0,None
19:54:55.251,Active,416.3,2.4,97.6,12.0,78.8,Yes,0.0,None
19:54:55.670,Active,408.4,2.4,97.6,12.0,78.8,Yes,0.0,None
19:54:56.084,Active,405.2,2.4,98.8,12.0,79.3,Yes,0.0,None
19:54:56.497,Active,406.2,2.4,99.4,12.0,79.3,Yes,0.0,None
19:54:56.916,Active,408.5,2.4,98.2,12.0,79.3,Yes,0.0,None
19:54:57.331,Active,407.9,2.4,98.8,12.0,78.8,Yes,0.0,None
19:54:57.764,Active,425.3,2.4,95.9,12.0,78.8,Yes,0.0,None
19:54:58.178,Active,406.4,2.4,98.8,12.0,79.3,Yes,0.0,None
19:54:58.594,Active,406.5,2.4,98.2,12.0,78.8,Yes,0.0,None
19:54:59.011,Active,407.6,2.4,98.2,12.0,78.8,Yes,0.0,None
19:54:59.423,Active,406.1,2.4,100.0,12.0,78.8,Yes,0.0,None
19:54:59.840,Active,410.8,2.4,99.4,12.0,78.8,Yes,0.0,None
19:55:00.256,Active,406.2,2.4,97.6,12.0,79.3,Yes,0.0,None
19:55:00.671,Active,408.3,2.4,98.8,12.0,78.2,Yes,0.0,None
19:55:01.088,Active,408.6,2.4,98.8,12.0,78.8,Yes,0.0,None
19:55:01.510,Active,416.4,2.4,99.4,12.0,78.8,Yes,0.0,None
19:55:01.935,Active,416.0,2.4,98.2,12.0,79.3,Yes,0.0,None
19:55:02.358,Active,417.2,2.4,99.4,12.0,79.8,Yes,0.0,None
19:55:02.797,Active,429.9,2.4,96.6,12.0,79.3,Yes,0.0,None
19:55:03.220,Active,417.1,2.4,100.0,12.0,80.4,Yes,0.0,None
19:55:03.659,Active,432.2,2.4,98.3,12.0,78.8,Yes,0.0,None
19:55:04.082,Active,414.9,2.4,98.2,12.0,78.8,Yes,0.0,None
19:55:04.505,Active,416.5,2.4,98.8,12.0,78.8,Yes,0.0,None
19:55:04.932,Active,417.8,2.4,98.2,12.0,79.8,Yes,0.0,None
19:55:05.356,Active,417.9,2.4,98.8,12.0,79.3,Yes,0.0,None
19:55:05.779,Active,417.0,2.4,98.8,12.0,79.3,Yes,0.0,None
19:55:06.198,Active,413.6,2.4,99.4,12.0,79.8,Yes,0.0,None
19:55:06.615,Active,410.9,2.3,99.4,12.0,79.3,Yes,0.0,None
19:55:07.035,Active,414.1,2.3,100.0,12.0,79.8,Yes,0.0,None
19:55:07.454,Active,412.3,2.3,99.4,12.0,79.3,Yes,0.0,None
19:55:07.899,Active,435.9,2.3,96.0,12.0,79.8,Yes,0.0,None
19:55:08.323,Active,415.6,2.3,98.2,12.0,81.0,Yes,0.0,None
19:55:08.749,Active,418.0,2.3,98.8,12.0,79.3,Yes,0.0,None
19:55:09.173,Active,414.7,2.3,98.2,12.0,80.4,Yes,0.0,None
19:55:09.595,Active,415.8,2.3,98.8,12.0,79.8,Yes,0.0,None
19:55:10.024,Active,423.0,2.3,97.7,12.0,79.8,Yes,0.0,None
19:55:10.447,Active,416.4,2.3,98.2,12.0,79.3,Yes,0.0,None
19:55:10.874,Active,417.1,2.3,98.2,12.0,79.3,Yes,0.0,None
19:55:11.298,Active,414.4,2.3,98.2,12.0,79.8,Yes,0.0,None
19:55:56.734,Active,419.3,2.3,1.0,12.2,60.0,Yes,0.0,None
19:55:57.146,Active,406.4,2.3,98.8,12.1,61.7,Yes,0.0,None
19:55:57.561,Active,406.3,2.3,98.8,12.1,63.4,Yes,0.0,None
19:55:57.981,Active,409.6,2.3,97.6,12.1,64.5,Yes,0.0,None
19:55:58.402,Active,415.1,2.3,98.2,12.1,65.5,Yes,0.0,None
19:55:58.820,Active,408.7,2.3,98.2,12.1,66.1,Yes,0.0,None
19:55:59.233,Active,406.2,2.3,98.8,12.1,65.5,Yes,0.0,None
19:55:59.649,Active,405.6,2.3,98.2,12.1,66.7,Yes,0.0,None
19:56:00.063,Active,407.1,2.7,98.8,12.1,67.2,Yes,0.0,None
19:56:00.477,Active,408.3,2.7,98.8,12.1,68.3,Yes,0.0,None
19:56:00.894,Active,409.4,2.7,98.2,12.1,69.4,Yes,0.0,None
19:56:01.308,Active,406.1,2.7,98.8,12.1,68.8,Yes,0.0,None
19:56:01.724,Active,407.7,2.7,98.8,12.1,70.0,Yes,0.0,None
19:56:02.140,Active,409.7,2.7,98.2,12.1,70.0,Yes,0.0,None
19:56:02.557,Active,409.4,2.7,98.2,12.1,70.0,Yes,0.0,None
19:56:02.971,Active,408.4,2.7,98.2,12.1,70.5,Yes,0.0,None
19:56:03.398,Active,418.4,2.7,97.1,12.1,71.6,Yes,0.0,None
19:56:03.816,Active,408.7,2.7,98.2,12.1,71.6,Yes,0.0,None
19:56:04.227,Active,405.8,2.4,99.4,12.1,71.6,Yes,0.0,None
19:56:04.642,Active,406.5,2.4,98.8,12.1,72.2,Yes,0.0,None
19:56:05.079,Active,427.8,2.4,98.3,12.3,72.7,Yes,0.0,None
19:56:05.518,Active,431.3,2.4,94.9,12.3,72.2,Yes,0.0,None
19:56:05.952,Active,425.4,2.4,95.9,12.3,72.7,Yes,0.0,None
19:56:06.367,Active,408.5,2.4,98.8,12.3,72.7,Yes,0.0,None
19:56:06.786,Active,411.3,2.4,98.8,12.3,72.7,Yes,0.0,None
19:56:07.215,Active,420.3,2.4,97.1,12.3,72.7,Yes,0.0,None
19:56:07.632,Active,409.1,2.4,98.8,12.2,72.7,Yes,0.0,None
19:56:08.049,Active,409.5,2.4,98.2,12.3,73.2,Yes,0.0,None
19:56:08.463,Active,408.4,2.4,98.8,12.2,74.3,Yes,0.0,None
19:56:08.881,Active,409.9,2.4,98.2,12.2,73.2,Yes,0.0,None
19:56:09.309,Active,421.8,2.4,96.5,12.2,73.8,Yes,0.0,None
19:56:09.744,Active,428.9,2.4,96.0,12.2,74.3,Yes,0.0,None
19:56:10.161,Active,407.2,2.4,97.6,12.2,73.8,Yes,0.0,None
19:56:10.574,Active,406.9,2.4,98.8,12.2,73.8,Yes,0.0,None
19:56:10.994,Active,410.4,2.4,97.6,12.2,74.9,Yes,0.0,None
19:56:11.408,Active,406.5,2.4,98.2,12.2,74.9,Yes,0.0,None
19:56:11.828,Active,410.5,2.4,98.2,12.2,74.3,Yes,0.0,None
19:56:12.243,Active,408.0,2.4,98.8,12.2,75.5,Yes,0.0,None
19:56:12.654,Active,405.4,2.4,99.4,12.2,74.9,Yes,0.0,None
19:56:13.070,Active,406.8,2.4,98.8,12.2,75.5,Yes,0.0,None
19:56:13.482,Active,406.2,2.4,99.4,12.1,74.3,Yes,0.0,None
19:56:13.898,Active,408.4,2.4,98.8,12.1,74.9,Yes,0.0,None
19:56:14.310,Active,406.1,2.4,99.4,12.1,74.9,Yes,0.0,None
19:56:14.722,Active,406.2,2.4,99.4,12.1,75.5,Yes,0.0,None
19:56:15.142,Active,413.9,2.4,99.4,12.1,75.5,Yes,0.0,None
19:56:15.555,Active,406.8,2.4,99.4,12.1,75.5,Yes,0.0,None
19:56:15.971,Active,410.1,2.4,99.4,12.1,76.5,Yes,0.0,None
19:56:16.382,Active,405.9,2.4,99.4,12.1,74.3,Yes,0.0,None
19:56:16.799,Active,407.6,2.4,99.4,12.1,75.5,Yes,0.0,None
19:56:17.208,Active,403.7,2.4,99.4,12.1,75.5,Yes,0.0,None
19:56:17.619,Active,404.1,2.4,100.0,12.1,77.1,Yes,0.0,None
19:56:18.037,Active,412.0,2.4,99.4,12.0,76.5,Yes,0.0,None
19:56:18.450,Active,407.0,2.4,98.8,12.0,76.0,Yes,0.0,None
19:56:18.867,Active,408.0,2.4,98.2,12.0,76.5,Yes,0.0,None
19:56:19.280,Active,406.6,2.4,99.4,12.0,76.0,Yes,0.0,None
19:56:19.697,Active,411.2,2.4,98.8,12.0,76.5,Yes,0.0,None
19:56:20.112,Active,408.5,2.4,99.4,12.0,77.1,Yes,0.0,None
19:56:20.528,Active,410.0,2.4,98.8,12.0,76.5,Yes,0.0,None
19:56:20.944,Active,408.9,2.4,98.2,12.0,76.5,Yes,0.0,None
19:56:21.360,Active,409.3,2.4,98.8,12.0,76.5,Yes,0.0,None
19:56:21.773,Active,405.9,2.4,98.8,12.1,76.5,Yes,0.0,None
19:56:22.188,Active,408.6,2.4,99.4,12.1,77.1,Yes,0.0,None
19:56:22.601,Active,406.0,2.4,98.2,12.0,77.1,Yes,0.0,None
19:56:23.020,Active,410.6,2.4,98.2,12.0,77.1,Yes,0.0,None
19:56:23.436,Active,408.9,2.4,98.2,12.1,77.1,Yes,0.0,None
19:56:23.856,Active,409.5,2.4,97.6,12.1,77.1,Yes,0.0,None
19:56:24.272,Active,408.6,2.4,98.8,12.1,76.5,Yes,0.0,None
19:56:24.687,Active,409.8,2.4,98.8,12.1,77.1,Yes,0.0,None
19:56:25.104,Active,410.3,2.4,98.2,12.1,77.1,Yes,0.0,None
19:56:25.536,Active,425.4,2.4,98.3,12.1,77.7,Yes,0.0,None
19:56:25.958,Active,412.1,2.4,98.2,12.2,77.7,Yes,0.0,None
19:56:26.375,Active,407.7,2.4,98.2,12.2,78.2,Yes,0.0,None
19:56:26.796,Active,413.3,2.4,98.8,12.2,77.7,Yes,0.0,None
19:56:27.218,Active,415.8,2.4,97.0,12.1,77.1,Yes,0.0,None
19:56:27.637,Active,412.6,2.4,98.2,12.1,77.1,Yes,0.0,None
19:56:28.051,Active,407.8,2.4,98.2,12.1,77.7,Yes,0.0,None
19:56:28.469,Active,408.5,2.4,98.2,12.1,78.2,Yes,0.0,None
19:56:28.889,Active,410.1,2.4,98.2,12.1,77.7,Yes,0.0,None
19:56:29.306,Active,406.8,2.4,98.2,12.1,77.1,Yes,0.0,None
19:56:29.724,Active,408.5,2.4,98.2,12.1,77.1,Yes,0.0,None
19:56:30.141,Active,407.0,2.4,98.2,12.1,77.1,Yes,0.0,None
19:56:30.557,Active,407.7,2.4,98.2,12.1,77.7,Yes,0.0,None
19:56:30.972,Active,408.9,2.4,99.4,12.1,77.1,Yes,0.0,None
19:56:31.386,Active,406.5,2.4,98.8,12.1,78.2,Yes,0.0,None
19:56:31.808,Active,412.7,2.4,98.2,12.1,78.2,Yes,0.0,None
19:56:32.222,Active,406.6,2.4,98.2,12.1,77.7,Yes,0.0,None
19:56:32.639,Active,408.1,2.4,97.6,12.1,77.1,Yes,0.0,None
19:56:33.055,Active,408.2,2.4,98.8,12.1,77.7,Yes,0.0,None
19:56:33.475,Active,414.1,2.4,97.6,12.1,78.2,Yes,0.0,None
19:56:33.896,Active,412.7,2.4,98.8,12.0,77.7,Yes,0.0,None
19:56:34.314,Active,407.0,2.4,97.0,12.0,77.7,Yes,0.0,None
19:56:34.737,Active,413.6,2.4,98.2,12.0,78.2,Yes,0.0,None
19:56:35.183,Active,440.0,2.4,94.4,12.0,78.2,Yes,0.0,None
19:56:35.610,Active,421.3,2.4,98.8,12.2,78.2,Yes,0.0,None
19:56:36.031,Active,414.8,2.4,98.8,12.2,78.8,Yes,0.0,None
19:56:36.449,Active,409.7,2.4,98.8,12.2,77.7,Yes,0.0,None
19:56:36.865,Active,410.9,2.4,98.8,12.2,78.8,Yes,0.0,None
19:56:37.279,Active,407.1,2.4,99.4,12.2,78.2,Yes,0.0,None
19:56:37.694,Active,409.6,2.4,98.8,12.2,78.2,Yes,0.0,None
19:56:38.106,Active,406.0,2.4,99.4,12.2,78.2,Yes,0.0,None
19:56:38.523,Active,406.5,2.4,98.2,12.1,78.2,Yes,0.0,None
19:56:38.938,Active,409.6,2.4,99.4,12.1,78.8,Yes,0.0,None
19:56:39.352,Active,407.5,2.4,98.2,12.1,78.8,Yes,0.0,None
19:56:39.762,Active,404.2,2.4,99.4,12.1,78.2,Yes,0.0,None
19:56:40.179,Active,407.6,2.4,98.8,12.1,79.8,Yes,0.0,None
19:56:40.600,Active,413.4,2.4,97.0,12.1,78.2,Yes,0.0,None
19:56:41.016,Active,408.8,2.4,99.4,12.1,78.8,Yes,0.0,None
19:56:41.430,Active,406.5,2.4,98.8,12.1,79.3,Yes,0.0,None
19:56:41.848,Active,412.1,2.4,99.4,12.1,79.3,Yes,0.0,None
19:56:42.264,Active,408.7,2.4,98.2,12.1,78.8,Yes,0.0,None
19:56:42.680,Active,409.1,2.4,98.2,12.1,78.2,Yes,0.0,None
19:56:43.097,Active,409.8,2.4,98.8,12.1,79.3,Yes,0.0,None
19:56:43.510,Active,406.5,2.4,98.8,12.1,78.8,Yes,0.0,None
19:56:43.929,Active,410.0,2.4,98.2,12.1,79.3,Yes,0.0,None
19:56:44.342,Active,406.6,2.4,98.8,12.1,78.8,Yes,0.0,None
19:56:44.758,Active,406.7,2.4,98.2,12.1,79.3,Yes,0.0,None
19:56:45.170,Active,406.3,2.4,99.4,12.1,79.3,Yes,0.0,None
19:56:45.588,Active,408.8,2.4,98.2,12.1,78.8,Yes,0.0,None
19:56:46.020,Active,426.7,2.4,98.8,12.1,78.8,Yes,0.0,None
19:56:46.437,Active,407.4,2.4,98.2,12.1,79.3,Yes,0.0,None
19:56:46.853,Active,407.4,2.4,98.2,12.1,77.7,Yes,0.0,None
19:56:47.271,Active,408.2,2.4,98.2,12.1,79.3,Yes,0.0,None
19:56:47.776,Active,407.8,2.4,81.5,12.1,78.8,Yes,0.0,None
19:56:48.196,Active,413.8,2.4,98.8,12.1,79.3,Yes,0.0,None
19:56:48.611,Active,407.8,2.4,98.2,12.1,79.3,Yes,0.0,None
19:56:49.032,Active,413.3,2.4,97.6,12.1,79.3,Yes,0.0,None
19:56:49.446,Active,406.5,2.4,98.8,12.1,79.3,Yes,0.0,None
19:56:49.873,Active,416.3,2.4,98.2,12.1,78.8,Yes,0.0,None
19:56:50.303,Active,422.8,2.3,96.5,12.1,78.8,Yes,0.0,None
19:56:50.728,Active,417.8,2.3,98.8,12.1,79.3,Yes,0.0,None
19:56:51.153,Active,415.1,2.3,98.2,12.0,79.3,Yes,0.0,None
19:56:51.581,Active,419.6,2.3,96.5,12.1,79.3,Yes,0.0,None
19:56:52.012,Active,420.6,2.3,98.3,12.0,79.3,Yes,0.0,None
19:56:52.435,Active,415.6,2.3,98.2,12.0,79.3,Yes,0.0,None
19:56:52.863,Active,417.7,2.3,98.2,12.0,79.3,Yes,0.0,None
19:56:53.283,Active,413.1,2.3,98.8,12.0,78.8,Yes,0.0,None
19:56:53.707,Active,415.6,2.3,98.8,12.0,79.3,Yes,0.0,None
19:56:54.126,Active,413.5,2.3,99.4,12.0,78.8,Yes,0.0,None
19:56:54.542,Active,410.3,2.4,99.4,12.0,79.3,Yes,0.0,None
19:56:54.967,Active,415.6,2.4,98.8,12.0,79.3,Yes,0.0,None
19:56:55.387,Active,414.4,2.4,99.4,12.0,79.3,Yes,0.0,None
19:56:55.815,Active,422.0,2.4,98.8,12.0,79.8,Yes,0.0,None
19:56:56.253,Active,432.2,2.4,98.3,12.1,79.8,Yes,0.0,None
19:56:56.679,Active,416.4,2.4,98.8,12.1,79.8,Yes,0.0,None
19:57:42.111,Active,418.9,2.4,1.3,12.0,60.6,Yes,0.0,None
19:57:42.522,Active,405.3,2.4,99.4,12.1,62.8,Yes,0.0,None
19:57:42.939,Active,408.2,2.4,98.2,12.1,63.4,Yes,0.0,None
19:57:43.353,Active,406.3,2.4,98.2,12.1,65.0,Yes,0.0,None
19:57:43.772,Active,408.9,4.8,98.2,12.1,65.0,Yes,0.0,None
19:57:44.187,Active,407.6,4.8,99.4,12.1,65.5,Yes,0.0,None
19:57:44.605,Active,409.6,4.8,97.6,12.1,67.2,Yes,0.0,None
19:57:45.020,Active,409.4,4.8,98.2,12.1,66.7,Yes,0.0,None
19:57:45.435,Active,407.6,4.8,98.8,12.1,68.3,Yes,0.0,None
19:57:45.850,Active,406.9,4.8,98.8,12.1,68.8,Yes,0.0,None
19:57:46.265,Active,406.2,4.8,97.6,12.0,68.8,Yes,0.0,None
19:57:46.683,Active,410.1,4.8,98.8,12.0,70.0,Yes,0.0,None
19:57:47.101,Active,409.5,4.8,98.2,12.0,68.8,Yes,0.0,None
19:57:47.531,Active,423.5,4.8,98.3,12.1,70.5,Yes,0.0,None
19:57:47.947,Active,410.3,2.4,99.4,12.1,70.5,Yes,0.0,None
19:57:48.362,Active,407.1,2.4,98.2,12.1,71.0,Yes,0.0,None
19:57:48.778,Active,410.1,2.4,98.2,12.1,71.6,Yes,0.0,None
19:57:49.194,Active,407.0,2.4,98.2,12.1,71.6,Yes,0.0,None
19:57:49.612,Active,411.6,2.4,98.8,12.1,71.6,Yes,0.0,None
19:57:50.025,Active,406.6,2.4,98.8,12.1,72.7,Yes,0.0,None
19:57:50.438,Active,406.1,2.4,99.4,12.1,72.2,Yes,0.0,None
19:57:50.852,Active,408.7,2.4,98.8,12.1,72.7,Yes,0.0,None
19:57:51.265,Active,406.0,2.4,99.4,12.1,72.2,Yes,0.0,None
19:57:51.684,Active,410.1,2.4,97.6,12.1,73.2,Yes,0.0,None
19:57:52.098,Active,406.7,2.4,98.8,12.1,72.7,Yes,0.0,None
19:57:52.510,Active,406.7,2.4,99.4,12.1,73.8,Yes,0.0,None
19:57:52.928,Active,408.6,2.4,97.0,12.1,73.8,Yes,0.0,None
19:57:53.344,Active,406.3,2.4,98.2,12.1,73.8,Yes,0.0,None
19:57:53.763,Active,409.1,2.4,98.2,12.0,73.8,Yes,0.0,None
19:57:54.179,Active,406.4,2.4,98.2,12.0,74.3,Yes,0.0,None
19:57:54.597,Active,408.3,2.4,98.2,12.1,73.8,Yes,0.0,None
19:57:55.014,Active,407.9,2.4,97.6,12.0,74.3,Yes,0.0,None
19:57:55.431,Active,409.6,2.4,98.2,12.0,73.8,Yes,0.0,None
19:57:55.847,Active,409.6,2.4,98.8,12.0,75.5,Yes,0.0,None
19:57:56.260,Active,406.7,2.4,98.8,12.0,74.3,Yes,0.0,None
19:57:56.677,Active,410.5,2.4,98.8,12.0,75.5,Yes,0.0,None
19:57:57.097,Active,409.7,2.4,98.2,12.0,75.5,Yes,0.0,None
19:57:57.511,Active,408.3,2.4,98.2,12.0,75.5,Yes,0.0,None
19:57:57.944,Active,423.4,2.4,98.3,12.0,74.9,Yes,0.0,None
19:57:58.360,Active,406.5,2.4,98.2,12.1,75.5,Yes,0.0,None
19:57:58.778,Active,409.5,2.4,98.2,12.1,75.5,Yes,0.0,None
19:57:59.195,Active,407.8,2.4,98.2,12.1,76.0,Yes,0.0,None
19:57:59.612,Active,407.1,2.4,98.2,12.1,76.0,Yes,0.0,None
19:58:00.029,Active,409.1,2.4,98.8,12.0,75.5,Yes,0.0,None
19:58:00.444,Active,407.3,2.4,98.2,12.0,76.5,Yes,0.0,None
19:58:00.861,Active,411.2,2.4,98.8,12.0,76.0,Yes,0.0,None
19:58:01.276,Active,407.0,2.4,98.2,12.0,75.5,Yes,0.0,None
19:58:01.695,Active,413.3,2.4,97.6,12.0,76.0,Yes,0.0,None
19:58:02.108,Active,406.4,2.4,99.4,12.0,77.1,Yes,0.0,None
19:58:02.543,Active,425.6,2.4,94.3,12.0,76.5,Yes,0.0,None
19:58:02.963,Active,409.9,2.4,98.2,12.0,77.7,Yes,0.0,None
19:58:03.377,Active,407.6,2.4,98.8,12.0,76.5,Yes,0.0,None
19:58:03.796,Active,410.3,2.4,98.2,12.0,77.1,Yes,0.0,None
19:58:04.211,Active,408.4,2.4,98.8,12.0,76.5,Yes,0.0,None
19:58:04.626,Active,408.2,2.4,98.8,12.0,76.5,Yes,0.0,None
19:58:05.042,Active,407.1,2.4,98.2,12.0,76.5,Yes,0.0,None
19:58:05.455,Active,407.3,2.4,98.8,12.0,77.1,Yes,0.0,None
19:58:05.875,Active,409.4,2.4,98.2,12.0,77.1,Yes,0.0,None
19:58:06.290,Active,405.7,2.4,97.6,12.0,76.5,Yes,0.0,None
19:58:06.727,Active,424.7,2.4,94.8,12.0,77.7,Yes,0.0,None
19:58:07.161,Active,423.0,2.4,96.5,12.0,76.5,Yes,0.0,None
19:58:07.576,Active,407.4,2.4,98.8,12.0,77.7,Yes,0.0,None
19:58:08.008,Active,424.5,2.4,98.8,12.0,77.1,Yes,0.0,None
19:58:08.426,Active,409.0,2.4,97.6,12.1,77.7,Yes,0.0,None
19:58:08.851,Active,417.0,2.4,98.2,12.1,77.1,Yes,0.0,None
19:58:09.268,Active,407.4,2.4,97.6,12.0,78.2,Yes,0.0,None
19:58:09.686,Active,408.3,2.4,98.2,12.0,77.7,Yes,0.0,None
19:58:10.103,Active,406.9,2.4,98.2,12.0,77.7,Yes,0.0,None
19:58:10.518,Active,407.7,2.4,98.2,12.0,77.7,Yes,0.0,None
19:58:10.938,Active,410.6,2.4,98.2,12.0,77.1,Yes,0.0,None
19:58:11.355,Active,408.0,2.4,98.2,12.0,77.7,Yes,0.0,None
19:58:11.774,Active,409.8,2.4,98.2,12.0,77.7,Yes,0.0,None
19:58:12.199,Active,417.6,2.4,98.2,12.0,77.1,Yes,0.0,None
19:58:12.614,Active,409.0,2.4,97.6,12.2,78.2,Yes,0.0,None
19:58:13.030,Active,408.4,2.4,98.8,12.2,77.7,Yes,0.0,None
19:58:13.447,Active,408.0,2.4,98.2,12.2,77.1,Yes,0.0,None
19:58:13.857,Active,404.6,2.4,99.4,12.2,77.1,Yes,0.0,None
19:58:14.275,Active,406.8,2.4,98.2,12.1,77.7,Yes,0.0,None
19:58:14.693,Active,409.8,2.4,98.8,12.1,77.7,Yes,0.0,None
19:58:15.107,Active,406.2,2.4,98.2,12.1,78.2,Yes,0.0,None
19:58:15.528,Active,408.5,2.4,97.0,12.1,78.2,Yes,0.0,None
19:58:15.945,Active,410.1,2.4,98.8,12.1,78.2,Yes,0.0,None
19:58:16.361,Active,407.0,2.4,98.2,12.1,77.7,Yes,0.0,None
19:58:16.782,Active,414.9,2.4,98.8,12.1,77.7,Yes,0.0,None
19:58:17.194,Active,406.3,2.4,98.8,12.1,78.2,Yes,0.0,None
19:58:17.613,Active,409.6,2.4,98.2,12.1,78.2,Yes,0.0,None
19:58:18.028,Active,408.6,2.4,98.8,12.1,78.8,Yes,0.0,None
19:58:18.455,Active,417.1,2.4,98.2,12.1,78.2,Yes,0.0,None
19:58:18.869,Active,406.9,2.4,98.8,12.1,78.2,Yes,0.0,None
19:58:19.284,Active,406.8,2.4,98.8,12.1,77.7,Yes,0.0,None
19:58:19.703,Active,407.5,2.4,98.8,12.1,78.2,Yes,0.0,None
19:58:20.115,Active,403.0,2.4,98.8,12.1,78.2,Yes,0.0,None
19:58:20.531,Active,405.5,2.4,98.2,12.1,78.2,Yes,0.0,None
19:58:20.950,Active,408.7,2.4,98.2,12.1,77.7,Yes,0.0,None
19:58:21.379,Active,419.6,2.4,95.3,12.1,78.2,Yes,0.0,None
19:58:21.794,Active,409.3,2.4,98.8,12.1,77.1,Yes,0.0,None
19:58:22.208,Active,404.6,2.4,98.8,12.1,78.2,Yes,0.0,None
19:58:22.624,Active,406.5,2.4,98.2,12.1,76.0,Yes,0.0,None
19:58:23.038,Active,405.8,2.4,99.4,12.1,78.2,Yes,0.0,None
19:58:23.453,Active,405.7,2.4,98.2,12.1,77.7,Yes,0.0,None
19:58:23.894,Active,435.0,2.4,94.4,12.1,78.2,Yes,0.0,None
19:58:24.313,Active,409.3,2.4,98.2,12.1,77.1,Yes,0.0,None
19:58:24.726,Active,407.0,2.4,98.8,12.1,78.2,Yes,0.0,None
19:58:25.142,Active,406.5,2.4,97.6,12.1,78.8,Yes,0.0,None
19:58:25.560,Active,407.9,2.4,98.2,12.1,79.3,Yes,0.0,None
19:58:25.976,Active,408.1,2.4,98.8,12.1,78.8,Yes,0.0,None
19:58:26.392,Active,406.8,2.4,98.2,12.1,79.3,Yes,0.0,None
19:58:26.811,Active,411.2,2.4,98.8,12.0,78.2,Yes,0.0,None
19:58:27.229,Active,409.5,2.4,98.2,12.0,78.8,Yes,0.0,None
19:58:27.644,Active,408.1,2.4,98.2,12.0,78.8,Yes,0.0,None
19:58:28.064,Active,411.1,2.4,98.2,12.0,78.8,Yes,0.0,None
19:58:28.494,Active,423.2,2.4,98.3,12.1,78.8,Yes,0.0,None
19:58:28.912,Active,410.1,2.4,98.2,12.1,78.8,Yes,0.0,None
19:58:29.326,Active,406.6,2.4,98.8,12.1,79.3,Yes,0.0,None
19:58:29.744,Active,409.9,2.4,98.2,12.1,78.8,Yes,0.0,None
19:58:30.162,Active,408.5,2.4,98.2,12.0,78.8,Yes,0.0,None
19:58:30.575,Active,407.5,2.4,98.8,12.1,78.8,Yes,0.0,None
19:58:30.997,Active,411.6,2.4,97.6,12.0,78.8,Yes,0.0,None
19:58:31.411,Active,407.0,2.4,98.2,12.1,78.8,Yes,0.0,None
19:58:31.832,Active,410.6,2.4,98.2,12.1,79.8,Yes,0.0,None
19:58:32.249,Active,407.6,2.4,98.2,12.1,78.8,Yes,0.0,None
19:58:32.667,Active,408.1,2.4,97.6,12.1,79.3,Yes,0.0,None
19:58:33.086,Active,412.3,2.4,98.8,12.1,79.3,Yes,0.0,None
19:58:33.510,Active,414.5,2.4,98.8,12.1,79.3,Yes,0.0,None
19:58:33.931,Active,414.9,2.4,98.8,12.1,79.3,Yes,0.0,None
19:58:34.343,Active,406.8,2.4,99.4,12.0,78.8,Yes,0.0,None
19:58:34.761,Active,412.3,2.4,98.8,12.0,78.8,Yes,0.0,None
19:58:35.186,Active,412.5,2.4,97.7,12.0,79.3,Yes,0.0,None
19:58:35.611,Active,415.8,2.4,98.2,12.0,79.3,Yes,0.0,None
19:58:36.045,Active,424.2,2.4,98.3,12.0,78.8,Yes,0.0,None
19:58:36.471,Active,416.4,2.4,98.2,12.0,79.8,Yes,0.0,None
19:58:36.899,Active,418.2,2.4,98.2,12.0,79.3,Yes,0.0,None
19:58:37.325,Active,416.0,2.4,97.6,12.0,79.3,Yes,0.0,None
19:58:37.753,Active,418.7,2.4,98.2,12.0,79.3,Yes,0.0,None
19:58:38.175,Active,415.0,2.4,98.2,12.0,78.2,Yes,0.0,None
19:58:38.609,Active,424.8,2.4,98.3,12.0,78.8,Yes,0.0,None
19:58:39.033,Active,417.0,2.4,98.8,12.0,79.3,Yes,0.0,None
19:58:39.457,Active,417.6,2.4,98.8,12.0,79.3,Yes,0.0,None
19:58:39.880,Active,416.6,2.4,98.2,12.0,78.8,Yes,0.0,None
19:58:40.306,Active,415.6,2.4,98.2,12.1,78.8,Yes,0.0,None
19:58:40.732,Active,416.6,2.4,97.6,12.1,79.3,Yes,0.0,None
19:58:41.157,Active,417.7,2.4,97.6,12.1,79.3,Yes,0.0,None
19:58:41.581,Active,417.5,2.4,98.8,12.0,79.3,Yes,0.0,None
19:58:42.010,Active,423.3,2.4,98.2,12.0,79.8,Yes,0.0,None
19:59:27.451,Active,424.7,23.3,1.1,12.0,59.5,Yes,0.0,None
19:59:27.869,Active,409.6,23.3,98.8,12.1,62.2,Yes,0.0,None
19:59:28.284,Active,408.9,23.3,98.8,12.1,62.8,Yes,0.0,None
19:59:28.699,Active,408.3,23.3,98.8,12.1,63.9,Yes,0.0,None
19:59:29.110,Active,405.0,23.3,99.4,12.1,65.5,Yes,0.0,None
19:59:29.526,Active,406.1,23.3,98.2,12.0,65.0,Yes,0.0,None
19:59:29.951,Active,419.1,23.3,99.4,12.2,66.1,Yes,0.0,None
19:59:30.364,Active,406.8,23.3,98.8,12.2,67.2,Yes,0.0,None
19:59:30.780,Active,408.9,23.3,99.4,12.2,67.8,Yes,0.0,None
19:59:31.195,Active,408.5,23.3,98.8,12.2,67.8,Yes,0.0,None
19:59:31.614,Active,406.9,2.4,97.6,12.2,67.8,Yes,0.0,None
19:59:32.038,Active,414.7,2.4,97.6,12.2,68.3,Yes,0.0,None
19:59:32.455,Active,408.1,2.4,97.6,12.2,68.3,Yes,0.0,None
19:59:32.869,Active,407.4,2.4,98.8,12.1,69.4,Yes,0.0,None
19:59:33.280,Active,405.3,2.4,99.4,12.1,69.4,Yes,0.0,None
19:59:33.695,Active,408.3,2.4,99.4,12.1,70.5,Yes,0.0,None
19:59:34.111,Active,407.9,2.4,98.8,12.1,70.0,Yes,0.0,None
19:59:34.525,Active,406.0,2.4,98.2,12.1,70.5,Yes,0.0,None
19:59:34.945,Active,411.1,2.4,98.8,12.1,70.5,Yes,0.0,None
19:59:35.357,Active,405.8,2.4,98.2,12.1,72.2,Yes,0.0,None
19:59:35.777,Active,409.6,2.4,97.6,12.1,71.6,Yes,0.0,None
19:59:36.190,Active,407.4,2.4,98.8,12.1,71.6,Yes,0.0,None
19:59:36.607,Active,407.8,2.4,98.8,12.1,72.2,Yes,0.0,None
19:59:37.026,Active,409.2,2.4,97.6,12.1,72.2,Yes,0.0,None
19:59:37.444,Active,410.1,2.4,98.2,12.1,72.2,Yes,0.0,None
19:59:37.860,Active,408.9,2.4,98.8,12.1,72.7,Yes,0.0,None
19:59:38.274,Active,407.1,2.4,98.2,12.1,72.2,Yes,0.0,None
19:59:38.692,Active,408.6,2.4,98.2,12.1,73.8,Yes,0.0,None
19:59:39.103,Active,406.0,2.4,99.4,12.1,73.2,Yes,0.0,None
19:59:39.521,Active,408.4,2.4,97.6,12.0,73.8,Yes,0.0,None
19:59:39.941,Active,409.9,2.4,98.2,12.0,73.2,Yes,0.0,None
19:59:40.376,Active,429.2,2.4,98.9,12.1,73.2,Yes,0.0,None
19:59:40.792,Active,409.9,2.4,98.8,12.1,73.8,Yes,0.0,None
19:59:41.206,Active,407.2,2.4,98.8,12.1,73.8,Yes,0.0,None
19:59:41.624,Active,411.3,2.4,98.2,12.1,73.8,Yes,0.0,None
19:59:42.038,Active,407.2,2.4,98.8,12.1,73.8,Yes,0.0,None
19:59:42.456,Active,409.3,2.4,98.2,12.1,72.7,Yes,0.0,None
19:59:42.873,Active,409.9,2.4,98.8,12.0,74.3,Yes,0.0,None
19:59:43.287,Active,407.8,2.4,98.8,12.0,74.3,Yes,0.0,None
19:59:43.704,Active,409.0,2.4,98.2,12.0,74.3,Yes,0.0,None
19:59:44.118,Active,406.7,2.4,99.4,12.0,74.3,Yes,0.0,None
19:59:44.537,Active,409.7,2.4,98.2,12.0,74.3,Yes,0.0,None
19:59:44.952,Active,409.7,2.4,98.2,12.0,74.9,Yes,0.0,None
19:59:45.366,Active,407.2,2.4,98.8,12.0,74.9,Yes,0.0,None
19:59:45.792,Active,419.4,2.4,97.1,12.0,75.5,Yes,0.0,None
19:59:46.205,Active,407.0,2.4,98.8,12.0,75.5,Yes,0.0,None
19:59:46.618,Active,406.9,2.4,98.8,12.0,74.9,Yes,0.0,None
19:59:47.035,Active,407.9,2.4,98.2,12.0,74.9,Yes,0.0,None
19:59:47.452,Active,410.5,2.4,98.8,12.0,76.5,Yes,0.0,None
19:59:47.868,Active,409.9,2.4,98.8,12.0,76.5,Yes,0.0,None
19:59:48.285,Active,411.4,2.4,98.2,12.0,75.5,Yes,0.0,None
19:59:48.700,Active,406.0,2.4,98.2,12.0,75.5,Yes,0.0,None
19:59:49.114,Active,407.4,2.4,98.8,12.0,75.5,Yes,0.0,None
19:59:49.529,Active,409.1,2.4,99.4,12.0,75.5,Yes,0.0,None
19:59:49.946,Active,410.6,2.4,98.2,12.0,74.9,Yes,0.0,None
19:59:50.377,Active,421.6,2.4,98.3,12.1,74.9,Yes,0.0,None
19:59:50.797,Active,413.6,2.4,98.8,12.1,76.5,Yes,0.0,None
19:59:51.211,Active,407.7,2.4,98.8,12.1,76.5,Yes,0.0,None
19:59:51.626,Active,409.5,2.4,98.8,12.1,76.5,Yes,0.0,None
19:59:52.045,Active,413.0,2.4,98.8,12.1,76.0,Yes,0.0,None
19:59:52.464,Active,409.7,2.4,98.2,12.1,76.0,Yes,0.0,None
19:59:52.881,Active,410.4,2.4,98.8,12.1,76.0,Yes,0.0,None
19:59:53.298,Active,407.4,2.4,97.6,12.1,76.0,Yes,0.0,None
19:59:53.716,Active,409.4,2.4,98.2,12.0,76.5,Yes,0.0,None
19:59:54.132,Active,408.4,2.4,99.4,12.0,76.5,Yes,0.0,None
19:59:54.544,Active,406.4,2.4,98.8,12.0,75.5,Yes,0.0,None
19:59:54.961,Active,410.8,2.4,98.8,12.0,76.5,Yes,0.0,None
19:59:55.375,Active,406.7,2.4,98.8,12.0,77.7,Yes,0.0,None
19:59:55.794,Active,409.5,2.4,97.6,12.1,76.5,Yes,0.0,None
19:59:56.209,Active,408.9,2.4,99.4,12.0,76.5,Yes,0.0,None
19:59:56.623,Active,406.7,2.4,98.2,12.0,75.5,Yes,0.0,None
19:59:57.038,Active,409.9,2.4,98.8,12.0,76.0,Yes,0.0,None
19:59:57.461,Active,413.6,2.4,98.2,12.0,77.1,Yes,0.0,None
19:59:57.875,Active,407.8,2.4,98.8,12.0,75.5,Yes,0.0,None
19:59:58.292,Active,407.0,2.4,97.6,12.0,77.7,Yes,0.0,None
19:59:58.713,Active,412.0,2.4,98.2,12.0,77.1,Yes,0.0,None
19:59:59.153,Active,430.3,2.4,94.8,12.0,77.1,Yes,0.0,None
19:59:59.570,Active,407.0,2.4,98.2,12.0,76.5,Yes,0.0,None
19:59:59.986,Active,406.8,2.4,98.2,12.0,76.5,Yes,0.0,None
20:00:00.402,Active,408.1,2.4,98.8,12.0,76.5,Yes,0.0,None
20:00:00.841,Active,429.3,2.4,98.3,12.1,77.1,Yes,0.0,None
20:00:01.254,Active,406.2,2.4,98.2,12.1,77.1,Yes,0.0,None
20:00:01.671,Active,409.5,2.4,98.2,12.1,77.7,Yes,0.0,None
20:00:02.085,Active,407.7,2.4,98.8,12.1,77.1,Yes,0.0,None
20:00:02.501,Active,407.2,2.4,98.2,12.1,77.1,Yes,0.0,None
20:00:02.920,Active,410.4,2.4,98.2,12.1,77.1,Yes,0.0,None
20:00:03.333,Active,407.4,2.4,98.8,12.1,77.1,Yes,0.0,None
20:00:03.753,Active,410.4,2.4,97.6,12.1,77.1,Yes,0.0,None
20:00:04.166,Active,406.9,2.4,99.4,12.1,77.1,Yes,0.0,None
20:00:04.580,Active,407.2,2.4,99.4,12.1,77.7,Yes,0.0,None
20:00:04.996,Active,409.2,2.4,98.2,12.1,77.7,Yes,0.0,None
20:00:05.412,Active,408.5,2.4,98.8,12.1,77.1,Yes,0.0,None
20:00:05.835,Active,416.2,2.4,97.6,12.1,77.7,Yes,0.0,None
20:00:06.251,Active,407.6,2.4,98.8,12.1,77.1,Yes,0.0,None
20:00:06.665,Active,407.5,2.4,98.8,12.1,77.1,Yes,0.0,None
20:00:07.085,Active,409.7,2.4,98.2,12.1,77.1,Yes,0.0,None
20:00:07.512,Active,421.3,2.4,97.6,12.1,78.2,Yes,0.0,None
20:00:07.930,Active,409.9,2.4,98.2,12.0,77.7,Yes,0.0,None
20:00:08.345,Active,408.8,2.4,98.8,12.0,77.7,Yes,0.0,None
20:00:08.761,Active,409.5,2.4,98.8,12.1,77.7,Yes,0.0,None
20:00:09.173,Active,406.5,2.4,98.2,12.1,77.7,Yes,0.0,None
20:00:09.588,Active,406.7,2.4,98.2,12.1,77.7,Yes,0.0,None
20:00:10.009,Active,410.0,2.4,98.2,12.1,77.1,Yes,0.0,None
20:00:10.423,Active,408.1,2.4,98.8,12.1,77.7,Yes,0.0,None
20:00:10.852,Active,422.3,2.4,99.4,12.1,77.1,Yes,0.0,None
20:00:11.268,Active,411.0,2.4,98.2,12.1,77.7,Yes,0.0,None
20:00:11.686,Active,411.2,2.4,98.8,12.1,77.7,Yes,0.0,None
20:00:12.104,Active,409.0,2.4,98.2,12.1,78.8,Yes,0.0,None
20:00:12.520,Active,408.6,2.4,98.8,12.1,77.7,Yes,0.0,None
20:00:12.946,Active,419.9,2.4,97.1,12.1,77.7,Yes,0.0,None
20:00:13.361,Active,406.0,2.4,98.8,12.1,77.1,Yes,0.0,None
20:00:13.777,Active,407.3,2.4,98.2,12.1,77.1,Yes,0.0,None
20:00:14.206,Active,418.3,2.4,96.5,12.1,78.2,Yes,0.0,None
20:00:14.623,Active,408.4,2.4,98.2,12.1,78.2,Yes,0.0,None
20:00:15.041,Active,411.7,2.4,99.4,12.1,77.7,Yes,0.0,None
20:00:15.455,Active,408.1,2.4,98.8,12.1,78.2,Yes,0.0,None
20:00:15.871,Active,409.5,2.4,98.2,12.1,78.2,Yes,0.0,None
20:00:16.287,Active,406.6,2.4,98.8,12.1,78.2,Yes,0.0,None
20:00:16.717,Active,421.6,2.4,96.5,12.0,78.2,Yes,0.0,None
20:00:17.132,Active,408.5,2.4,98.8,12.1,78.2,Yes,0.0,None
20:00:17.551,Active,412.0,2.4,98.2,12.1,78.2,Yes,0.0,None
20:00:17.968,Active,411.1,2.4,99.4,12.1,78.2,Yes,0.0,None
20:00:18.384,Active,405.4,2.4,97.6,12.1,76.5,Yes,0.0,None
20:00:18.805,Active,410.5,2.4,98.8,12.1,78.2,Yes,0.0,None
20:00:19.215,Active,404.1,2.4,98.2,12.1,78.2,Yes,0.0,None
20:00:19.628,Active,404.7,2.4,98.8,12.1,78.8,Yes,0.0,None
20:00:20.049,Active,411.0,2.4,97.6,12.0,77.7,Yes,0.0,None
20:00:20.464,Active,407.4,2.4,98.2,12.0,78.2,Yes,0.0,None
20:00:20.879,Active,407.6,2.4,99.4,12.0,78.2,Yes,0.0,None
20:00:21.311,Active,426.0,2.4,99.4,12.1,78.8,Yes,0.0,None
20:00:21.726,Active,409.7,2.4,100.0,12.1,78.2,Yes,0.0,None
20:00:22.142,Active,407.2,2.4,98.2,12.1,78.2,Yes,0.0,None
20:00:22.559,Active,410.5,2.4,98.8,12.1,77.7,Yes,0.0,None
20:00:22.979,Active,414.8,2.4,97.6,12.1,78.8,Yes,0.0,None
20:00:23.395,Active,410.1,2.4,98.8,12.1,78.8,Yes,0.0,None
20:00:23.814,Active,410.9,2.4,98.2,12.1,78.2,Yes,0.0,None
20:00:24.231,Active,408.2,2.4,98.2,12.1,78.2,Yes,0.0,None
20:00:24.647,Active,409.9,2.4,98.8,12.1,78.8,Yes,0.0,None
20:00:25.064,Active,407.8,2.4,98.2,12.1,78.2,Yes,0.0,None
20:00:25.476,Active,407.1,2.4,99.4,12.1,78.8,Yes,0.0,None
20:00:25.894,Active,411.3,2.4,98.8,12.0,78.2,Yes,0.0,None
20:00:26.308,Active,408.2,2.4,98.8,12.0,78.2,Yes,0.0,None
20:00:26.725,Active,406.9,2.4,98.2,12.0,78.8,Yes,0.0,None
20:00:27.141,Active,408.4,2.4,98.8,12.0,78.8,Yes,0.0,None
20:01:12.594,Active,439.5,2.4,1.3,12.2,59.0,Yes,0.0,None
20:01:13.008,Active,408.7,2.4,100.0,12.2,61.7,Yes,0.0,None
20:01:13.420,Active,405.5,2.4,98.8,12.2,61.7,Yes,0.0,None
20:01:13.836,Active,408.7,2.4,98.8,12.2,63.4,Yes,0.0,None
20:01:14.253,Active,409.5,2.4,98.8,12.2,63.9,Yes,0.0,None
20:01:14.668,Active,408.7,2.4,98.8,12.2,64.5,Yes,0.0,None
20:01:15.081,Active,407.2,3.4,98.8,12.2,65.5,Yes,0.0,None
20:01:15.496,Active,408.3,3.4,99.4,12.2,66.1,Yes,0.0,None
20:01:15.917,Active,413.6,3.4,98.2,12.2,66.1,Yes,0.0,None
20:01:16.332,Active,409.6,3.4,98.8,12.2,67.2,Yes,0.0,None
20:01:16.748,Active,408.9,3.4,97.6,12.1,67.8,Yes,0.0,None
20:01:17.163,Active,408.5,3.4,98.8,12.1,67.2,Yes,0.0,None
20:01:17.589,Active,417.3,3.4,96.4,12.1,68.3,Yes,0.0,None
20:01:18.009,Active,413.9,3.4,98.8,12.1,68.8,Yes,0.0,None
20:01:18.424,Active,408.5,3.4,98.8,12.1,69.4,Yes,0.0,None
20:01:18.841,Active,410.3,3.4,98.2,12.1,69.4,Yes,0.0,None
20:01:19.251,Active,403.4,2.4,98.8,12.1,69.4,Yes,0.0,None
20:01:19.665,Active,408.2,2.4,100.0,12.1,69.4,Yes,0.0,None
20:01:20.080,Active,408.5,2.4,99.4,12.1,69.4,Yes,0.0,None
20:01:20.499,Active,412.3,2.4,97.6,12.1,69.4,Yes,0.0,None
20:01:20.919,Active,411.9,2.4,98.2,12.0,69.4,Yes,0.0,None
20:01:21.330,Active,405.4,2.4,99.4,12.0,70.5,Yes,0.0,None
20:01:21.751,Active,411.8,2.4,98.2,12.0,71.0,Yes,0.0,None
20:01:22.173,Active,413.6,2.4,97.0,12.0,71.0,Yes,0.0,None
20:01:22.602,Active,423.1,2.4,98.8,12.1,70.5,Yes,0.0,None
20:01:23.013,Active,404.5,2.4,99.4,12.1,70.5,Yes,0.0,None
20:01:23.423,Active,403.8,2.4,99.4,12.1,71.6,Yes,0.0,None
20:01:23.840,Active,411.3,2.4,99.4,12.1,71.6,Yes,0.0,None
20:01:24.259,Active,412.1,2.4,98.2,12.1,71.6,Yes,0.0,None
20:01:24.675,Active,409.0,2.4,98.8,12.1,72.7,Yes,0.0,None
20:01:25.090,Active,406.9,2.4,98.2,12.1,72.7,Yes,0.0,None
20:01:25.504,Active,407.4,2.4,98.8,12.1,72.2,Yes,0.0,None
20:01:25.920,Active,409.0,2.4,98.8,12.1,72.7,Yes,0.0,None
20:01:26.334,Active,406.5,2.4,98.2,12.1,73.2,Yes,0.0,None
20:01:26.750,Active,410.5,2.4,99.4,12.0,72.2,Yes,0.0,None
20:01:27.164,Active,408.0,2.4,99.4,12.0,72.2,Yes,0.0,None
20:01:27.574,Active,403.4,2.4,98.2,12.0,73.2,Yes,0.0,None
20:01:27.993,Active,412.4,2.4,98.8,12.0,72.7,Yes,0.0,None
20:01:28.407,Active,407.9,2.4,98.8,12.0,72.7,Yes,0.0,None
20:01:28.825,Active,410.4,2.4,98.2,12.0,73.2,Yes,0.0,None
20:01:29.242,Active,407.0,2.4,98.8,12.0,73.2,Yes,0.0,None
20:01:29.655,Active,406.8,2.4,99.4,12.0,73.8,Yes,0.0,None
20:01:30.072,Active,407.6,2.4,98.2,12.0,73.2,Yes,0.0,None
20:01:30.483,Active,405.5,2.4,99.4,12.0,73.2,Yes,0.0,None
20:01:30.899,Active,408.4,2.4,98.8,12.0,75.5,Yes,0.0,None
20:01:31.316,Active,406.5,2.4,97.6,12.0,72.2,Yes,0.0,None
20:01:31.736,Active,410.1,2.4,98.2,12.0,73.8,Yes,0.0,None
20:01:32.152,Active,408.6,2.4,98.8,12.0,73.8,Yes,0.0,None
20:01:32.565,Active,406.2,2.4,98.8,12.0,73.8,Yes,0.0,None
20:01:32.994,Active,419.0,2.4,97.7,12.1,73.8,Yes,0.0,None
20:01:33.410,Active,406.8,2.4,98.2,12.1,73.8,Yes,0.0,None
20:01:33.826,Active,410.1,2.4,98.8,12.1,74.3,Yes,0.0,None
20:01:34.240,Active,407.8,2.4,98.8,12.1,73.8,Yes,0.0,None
20:01:34.654,Active,408.2,2.4,98.2,12.1,74.9,Yes,0.0,None
20:01:35.072,Active,408.1,2.4,98.8,12.1,74.3,Yes,0.0,None
20:01:35.484,Active,404.6,2.4,98.2,12.1,74.3,Yes,0.0,None
20:01:35.899,Active,409.7,2.4,100.0,12.1,74.3,Yes,0.0,None
20:01:36.311,Active,404.2,2.4,98.8,12.1,74.9,Yes,0.0,None
20:01:36.743,Active,423.6,2.4,97.7,12.0,74.9,Yes,0.0,None
20:01:37.157,Active,408.3,2.4,97.6,12.0,74.9,Yes,0.0,None
20:01:37.570,Active,406.3,2.4,99.4,12.0,74.9,Yes,0.0,None
20:01:38.007,Active,427.9,2.4,96.0,12.0,75.5,Yes,0.0,None
20:01:38.419,Active,406.4,2.4,98.8,12.0,75.5,Yes,0.0,None
20:01:38.836,Active,410.2,2.4,98.8,12.0,74.9,Yes,0.0,None
20:01:39.249,Active,405.5,2.4,98.8,12.0,74.9,Yes,0.0,None
20:01:39.661,Active,406.1,2.4,98.8,12.0,75.5,Yes,0.0,None
20:01:40.072,Active,405.0,2.4,98.8,12.0,74.9,Yes,0.0,None
20:01:40.482,Active,403.4,2.4,99.4,12.0,76.0,Yes,0.0,None
20:01:40.900,Active,411.8,2.4,99.4,12.0,75.5,Yes,0.0,None
20:01:41.309,Active,403.6,2.4,98.8,12.0,74.9,Yes,0.0,None
20:01:41.724,Active,409.0,2.4,99.4,12.0,74.3,Yes,0.0,None
20:01:42.138,Active,407.2,2.4,98.8,12.0,76.0,Yes,0.0,None
20:01:42.552,Active,407.8,2.4,98.2,12.0,75.5,Yes,0.0,None
20:01:42.974,Active,414.9,2.4,98.8,12.0,75.5,Yes,0.0,None
20:01:43.402,Active,421.0,2.4,98.2,12.0,76.0,Yes,0.0,None
20:01:43.819,Active,408.5,2.4,98.2,12.0,75.5,Yes,0.0,None
20:01:44.250,Active,423.3,2.4,95.9,12.0,76.0,Yes,0.0,None
20:01:44.667,Active,408.4,2.4,98.2,12.0,74.9,Yes,0.0,None
20:01:45.080,Active,405.0,2.4,98.8,12.0,74.9,Yes,0.0,None
20:01:45.494,Active,406.2,2.4,99.4,12.0,75.5,Yes,0.0,None
20:01:45.912,Active,408.9,2.4,98.2,12.0,75.5,Yes,0.0,None
20:01:46.347,Active,428.3,2.4,96.0,12.0,76.5,Yes,0.0,None
20:01:46.764,Active,408.3,2.4,98.2,12.0,75.5,Yes,0.0,None
20:01:47.184,Active,413.0,2.4,97.6,12.0,76.0,Yes,0.0,None
20:01:47.600,Active,408.6,2.4,98.8,12.0,76.0,Yes,0.0,None
20:01:48.017,Active,410.0,2.4,98.8,12.0,77.7,Yes,0.0,None
20:01:48.437,Active,413.5,2.4,97.6,12.0,76.0,Yes,0.0,None
20:01:48.856,Active,412.7,2.4,98.8,12.0,76.0,Yes,0.0,None
20:01:49.268,Active,406.6,2.4,98.2,12.0,76.5,Yes,0.0,None
20:01:49.690,Active,415.3,2.4,98.2,12.0,75.5,Yes,0.0,None
20:01:50.109,Active,410.3,2.4,97.6,12.0,76.5,Yes,0.0,None
20:01:50.520,Active,404.5,2.4,99.4,12.0,76.0,Yes,0.0,None
20:01:50.939,Active,408.7,2.4,97.6,12.0,76.0,Yes,0.0,None
20:01:51.353,Active,408.1,2.4,99.4,12.0,76.0,Yes,0.0,None
20:01:51.772,Active,412.7,2.4,98.2,12.0,76.0,Yes,0.0,None
20:01:52.185,Active,406.3,2.4,98.8,12.0,76.0,Yes,0.0,None
20:01:52.601,Active,409.4,2.4,98.2,12.0,76.5,Yes,0.0,None
20:01:53.020,Active,409.4,2.4,98.2,12.0,76.0,Yes,0.0,None
20:01:53.451,Active,424.1,2.4,98.8,12.0,76.0,Yes,0.0,None
20:01:53.869,Active,411.7,2.4,99.4,12.0,76.5,Yes,0.0,None
20:01:54.279,Active,404.2,2.4,98.8,12.0,76.5,Yes,0.0,None
20:01:54.697,Active,411.5,2.4,98.8,12.0,76.5,Yes,0.0,None
20:01:55.109,Active,405.7,2.4,98.8,12.0,76.5,Yes,0.0,None
20:01:55.523,Active,407.9,2.4,99.4,12.0,76.5,Yes,0.0,None
20:01:55.936,Active,407.2,2.4,100.0,12.0,76.5,Yes,0.0,None
20:01:56.352,Active,408.6,2.4,98.8,12.0,76.5,Yes,0.0,None
20:01:56.767,Active,407.8,2.4,98.2,12.0,76.5,Yes,0.0,None
20:01:57.184,Active,410.8,2.4,98.8,12.0,76.0,Yes,0.0,None
20:01:57.598,Active,407.0,2.4,98.2,12.0,76.0,Yes,0.0,None
20:01:58.017,Active,412.6,2.4,98.8,12.0,77.1,Yes,0.0,None
20:01:58.429,Active,406.9,2.4,98.2,12.0,76.5,Yes,0.0,None
20:01:58.847,Active,409.1,2.4,98.8,12.0,76.5,Yes,0.0,None
20:01:59.265,Active,408.1,2.4,97.6,12.0,76.5,Yes,0.0,None
20:01:59.682,Active,409.5,2.4,98.2,12.0,77.1,Yes,0.0,None
20:02:00.096,Active,405.1,2.4,98.2,12.0,76.5,Yes,0.0,None
20:02:00.512,Active,409.3,2.4,98.8,12.0,76.5,Yes,0.0,None
20:02:00.935,Active,416.0,2.4,97.6,12.0,76.5,Yes,0.0,None
20:02:01.350,Active,403.4,2.4,97.6,12.0,76.0,Yes,0.0,None
20:02:01.764,Active,405.8,2.4,99.4,12.0,76.5,Yes,0.0,None
20:02:02.182,Active,408.7,2.4,98.8,12.0,76.5,Yes,0.0,None
20:02:02.596,Active,405.8,2.4,98.2,12.0,76.5,Yes,0.0,None
20:02:03.024,Active,418.7,2.4,96.5,12.0,77.1,Yes,0.0,None
20:02:03.458,Active,424.5,2.4,94.8,12.0,77.1,Yes,0.0,None
20:02:03.902,Active,437.6,2.4,98.3,12.0,76.5,Yes,0.0,None
20:02:04.317,Active,407.8,2.4,98.2,12.0,77.7,Yes,0.0,None
20:02:04.736,Active,409.3,2.4,98.2,12.0,77.1,Yes,0.0,None
20:02:05.150,Active,406.5,2.4,98.8,12.0,77.1,Yes,0.0,None
20:02:05.565,Active,409.1,2.4,98.8,12.0,76.0,Yes,0.0,None
20:02:05.981,Active,410.0,2.4,98.8,12.0,77.1,Yes,0.0,None
20:02:06.399,Active,408.5,2.4,97.6,12.0,76.5,Yes,0.0,None
20:02:06.817,Active,409.6,2.4,98.8,12.0,76.5,Yes,0.0,None
20:02:07.256,Active,431.6,2.4,95.4,12.0,76.0,Yes,0.0,None
20:02:07.670,Active,408.1,2.4,98.8,12.0,77.1,Yes,0.0,None
20:02:08.085,Active,406.1,2.4,98.2,12.0,77.1,Yes,0.0,None
20:02:08.507,Active,411.7,2.4,98.2,12.0,77.1,Yes,0.0,None
20:02:08.923,Active,407.6,2.4,98.2,12.0,77.1,Yes,0.0,None
20:02:09.435,Active,404.0,2.3,79.4,12.0,77.7,Yes,0.0,None
20:02:09.849,Active,407.4,2.3,98.8,12.0,77.1,Yes,0.0,None
20:02:10.262,Active,405.6,2.3,98.2,12.0,77.7,Yes,0.0,None
20:02:10.676,Active,407.3,2.3,98.8,12.0,76.5,Yes,0.0,None
20:02:11.090,Active,406.8,2.3,99.4,12.0,77.7,Yes,0.0,None
20:02:11.503,Active,407.2,2.3,98.8,12.0,77.1,Yes,0.0,None
20:02:11.920,Active,410.6,2.3,98.8,12.0,77.1,Yes,0.0,None
20:02:12.336,Active,408.6,2.3,98.2,12.0,77.1,Yes,0.0,None
20:02:57.777,Active,426.2,2.3,1.2,12.1,59.0,Yes,0.0,None
20:02:58.195,Active,409.0,2.3,99.4,12.1,60.0,Yes,0.0,None
20:02:58.629,Active,425.9,7.8,94.8,12.1,61.1,Yes,0.0,None
20:02:59.045,Active,410.0,7.8,99.4,12.1,62.8,Yes,0.0,None
20:02:59.458,Active,406.5,7.8,98.2,12.1,62.8,Yes,0.0,None
20:02:59.879,Active,412.0,7.8,98.2,12.1,63.9,Yes,0.0,None
20:03:00.292,Active,404.9,7.8,98.8,12.1,65.0,Yes,0.0,None
20:03:00.707,Active,408.7,7.8,98.8,12.1,66.1,Yes,0.0,None
20:03:01.123,Active,409.5,7.8,98.8,12.1,65.5,Yes,0.0,None
20:03:01.634,Active,403.1,7.8,78.9,12.1,66.1,Yes,0.0,None
20:03:02.046,Active,404.0,7.8,98.8,12.1,67.2,Yes,0.0,None
20:03:02.463,Active,409.7,7.8,98.8,12.1,66.1,Yes,0.0,None
20:03:02.888,Active,415.5,2.3,97.6,12.1,67.2,Yes,0.0,None
20:03:03.317,Active,423.0,2.3,96.5,12.1,69.4,Yes,0.0,None
20:03:03.736,Active,410.5,2.3,97.6,12.1,68.8,Yes,0.0,None
20:03:04.154,Active,408.3,2.3,98.2,12.1,68.3,Yes,0.0,None
20:03:04.571,Active,407.8,2.3,98.2,12.1,68.8,Yes,0.0,None
20:03:04.988,Active,408.8,2.3,98.2,12.1,68.8,Yes,0.0,None
20:03:05.410,Active,414.7,2.3,98.8,12.1,69.4,Yes,0.0,None
20:03:05.827,Active,410.9,2.3,98.2,12.1,68.8,Yes,0.0,None
20:03:06.243,Active,407.9,2.3,98.2,12.1,69.4,Yes,0.0,None
20:03:06.656,Active,405.0,2.3,98.2,12.1,70.0,Yes,0.0,None
20:03:07.071,Active,406.8,2.4,99.4,12.1,71.0,Yes,0.0,None
20:03:07.483,Active,406.2,2.4,99.4,12.1,70.5,Yes,0.0,None
20:03:07.902,Active,412.4,2.4,98.2,12.1,70.5,Yes,0.0,None
20:03:08.339,Active,427.1,2.4,94.8,12.1,71.0,Yes,0.0,None
20:03:08.756,Active,409.1,2.4,98.8,12.1,71.6,Yes,0.0,None
20:03:09.169,Active,407.0,2.4,98.8,12.1,70.5,Yes,0.0,None
20:03:09.584,Active,404.7,2.4,97.6,12.1,71.6,Yes,0.0,None
20:03:09.999,Active,409.3,2.4,99.4,12.1,71.0,Yes,0.0,None
20:03:10.419,Active,407.7,2.4,97.6,12.1,71.6,Yes,0.0,None
20:03:10.837,Active,412.0,2.4,98.8,12.0,71.6,Yes,0.0,None
20:03:11.251,Active,406.6,2.4,98.2,12.0,72.7,Yes,0.0,None
20:03:11.669,Active,412.2,2.4,98.8,12.0,72.2,Yes,0.0,None
20:03:12.084,Active,408.6,2.4,98.2,12.0,72.7,Yes,0.0,None
20:03:12.502,Active,407.2,2.4,97.0,12.0,72.7,Yes,0.0,None
20:03:12.922,Active,409.4,2.4,98.2,12.0,72.7,Yes,0.0,None
20:03:13.334,Active,406.3,2.4,99.4,12.0,73.2,Yes,0.0,None
20:03:13.747,Active,406.6,2.4,98.8,12.0,72.2,Yes,0.0,None
20:03:14.159,Active,406.2,2.4,99.4,12.0,72.7,Yes,0.0,None
20:03:14.570,Active,405.5,2.4,99.4,12.0,73.2,Yes,0.0,None
20:03:14.982,Active,406.2,2.4,99.4,12.0,73.2,Yes,0.0,None
20:03:15.414,Active,424.3,2.4,98.8,12.1,73.8,Yes,0.0,None
20:03:15.827,Active,406.7,2.4,99.4,12.1,73.8,Yes,0.0,None
20:03:16.242,Active,407.0,2.4,98.8,12.1,72.7,Yes,0.0,None
20:03:16.660,Active,412.0,2.4,98.2,12.1,73.8,Yes,0.0,None
20:03:17.075,Active,407.7,2.4,98.8,12.1,73.8,Yes,0.0,None
20:03:17.487,Active,405.7,2.4,98.8,12.1,73.2,Yes,0.0,None
20:03:17.902,Active,409.6,2.4,99.4,12.1,74.9,Yes,0.0,None
20:03:18.316,Active,406.1,2.4,98.8,12.1,73.8,Yes,0.0,None
20:03:18.731,Active,408.6,2.4,99.4,12.1,74.3,Yes,0.0,None
20:03:19.147,Active,409.1,2.4,98.2,12.1,74.3,Yes,0.0,None
20:03:19.561,Active,406.8,2.4,98.8,12.1,73.8,Yes,0.0,None
20:03:19.975,Active,408.1,2.4,98.8,12.1,74.3,Yes,0.0,None
20:03:20.392,Active,407.7,2.4,97.6,12.0,73.8,Yes,0.0,None
20:03:20.812,Active,412.7,2.4,98.8,12.1,72.7,Yes,0.0,None
20:03:21.228,Active,410.0,2.4,98.2,12.1,74.3,Yes,0.0,None
20:03:21.642,Active,408.7,2.4,98.8,12.1,74.3,Yes,0.0,None
20:03:22.060,Active,408.9,2.4,98.2,12.1,75.5,Yes,0.0,None
20:03:22.474,Active,407.4,2.4,99.4,12.0,74.3,Yes,0.0,None
20:03:22.898,Active,414.9,2.4,97.6,12.0,74.3,Yes,0.0,None
20:03:23.312,Active,408.2,2.4,98.8,12.0,74.3,Yes,0.0,None
20:03:23.728,Active,407.8,2.4,98.2,12.0,74.9,Yes,0.0,None
20:03:24.141,Active,407.1,2.4,98.8,12.0,74.9,Yes,0.0,None
20:03:24.558,Active,408.2,2.4,98.2,12.0,74.3,Yes,0.0,None
20:03:24.975,Active,410.8,2.4,98.8,12.0,75.5,Yes,0.0,None
20:03:25.389,Active,406.3,2.4,98.8,12.0,74.3,Yes,0.0,None
20:03:25.821,Active,425.0,2.4,98.8,12.1,74.3,Yes,0.0,None
20:03:26.244,Active,417.0,2.4,97.0,12.1,74.3,Yes,0.0,None
20:03:26.658,Active,406.4,2.4,98.8,12.1,74.9,Yes,0.0,None
20:03:27.069,Active,404.9,2.4,99.4,12.1,75.5,Yes,0.0,None
20:03:27.485,Active,409.7,2.4,99.4,12.1,74.3,Yes,0.0,None
20:03:27.904,Active,413.2,2.4,98.2,12.1,74.9,Yes,0.0,None
20:03:28.318,Active,407.9,2.4,99.4,12.1,74.3,Yes,0.0,None
20:03:28.738,Active,409.5,2.4,97.6,12.1,76.0,Yes,0.0,None
20:03:29.155,Active,407.7,2.4,98.2,12.1,76.0,Yes,0.0,None
20:03:29.570,Active,407.0,2.4,98.8,12.1,76.0,Yes,0.0,None
20:03:29.989,Active,409.5,2.4,98.2,12.1,75.5,Yes,0.0,None
20:03:30.401,Active,405.7,2.4,98.8,12.1,75.5,Yes,0.0,None
20:03:30.816,Active,409.2,2.4,99.4,12.1,75.5,Yes,0.0,None
20:03:31.231,Active,409.1,2.4,98.8,12.1,75.5,Yes,0.0,None
20:03:31.663,Active,424.0,2.4,95.3,12.1,74.9,Yes,0.0,None
20:03:32.075,Active,404.2,2.4,99.4,12.1,74.9,Yes,0.0,None
20:03:32.485,Active,404.1,2.4,99.4,12.1,75.5,Yes,0.0,None
20:03:32.904,Active,409.3,2.4,98.8,12.1,76.0,Yes,0.0,None
20:03:33.317,Active,407.1,2.4,98.2,12.1,76.0,Yes,0.0,None
20:03:33.736,Active,408.1,2.4,98.2,12.1,76.5,Yes,0.0,None
20:03:34.164,Active,417.4,2.4,96.5,12.0,76.5,Yes,0.0,None
20:03:34.580,Active,408.9,2.4,98.8,12.0,75.5,Yes,0.0,None
20:03:34.994,Active,407.2,2.4,98.2,12.0,76.5,Yes,0.0,None
20:03:35.409,Active,405.6,2.4,98.8,12.0,75.5,Yes,0.0,None
20:03:35.841,Active,423.5,2.4,97.7,12.1,76.0,Yes,0.0,None
20:03:36.256,Active,404.9,2.4,98.2,12.1,75.5,Yes,0.0,None
20:03:36.672,Active,408.8,2.4,98.8,12.1,76.0,Yes,0.0,None
20:03:37.089,Active,407.4,2.4,98.2,12.1,76.0,Yes,0.0,None
20:03:37.503,Active,408.3,2.4,98.8,12.1,76.0,Yes,0.0,None
20:03:37.919,Active,409.4,2.4,99.4,12.1,75.5,Yes,0.0,None
20:03:38.338,Active,408.7,2.4,97.6,12.1,76.0,Yes,0.0,None
20:03:38.755,Active,410.9,2.4,98.8,12.1,76.0,Yes,0.0,None
20:03:39.170,Active,408.3,2.4,98.8,12.1,76.5,Yes,0.0,None
20:03:39.584,Active,407.9,2.4,99.4,12.1,76.0,Yes,0.0,None
20:03:39.998,Active,407.1,2.4,98.2,12.1,76.5,Yes,0.0,None
20:03:40.414,Active,406.8,2.4,98.2,12.1,76.0,Yes,0.0,None
20:03:40.830,Active,409.6,2.4,98.8,12.1,74.9,Yes,0.0,None
20:03:41.248,Active,408.6,2.4,98.2,12.1,76.5,Yes,0.0,None
20:03:41.665,Active,409.7,2.4,98.2,12.1,76.5,Yes,0.0,None
20:03:42.078,Active,407.0,2.4,98.8,12.1,77.1,Yes,0.0,None
20:03:42.491,Active,407.3,2.4,98.8,12.1,76.5,Yes,0.0,None
20:03:42.910,Active,410.9,2.4,98.8,12.1,76.0,Yes,0.0,None
20:03:43.324,Active,407.9,2.4,98.8,12.0,76.5,Yes,0.0,None
20:03:43.740,Active,408.4,2.4,98.8,12.1,76.0,Yes,0.0,None
20:03:44.154,Active,408.4,2.4,98.8,12.1,76.5,Yes,0.0,None
20:03:44.566,Active,406.0,2.4,98.8,12.1,76.5,Yes,0.0,None
20:03:44.983,Active,407.7,2.4,98.2,12.0,76.0,Yes,0.0,None
20:03:45.395,Active,405.7,2.4,99.4,12.0,76.5,Yes,0.0,None
20:03:45.809,Active,408.6,2.4,98.8,12.0,77.1,Yes,0.0,None
20:03:46.243,Active,424.3,2.4,98.3,12.1,76.5,Yes,0.0,None
20:03:46.657,Active,406.4,2.4,98.8,12.1,77.1,Yes,0.0,None
20:03:47.073,Active,406.7,2.4,98.2,12.1,76.5,Yes,0.0,None
20:03:47.488,Active,408.8,2.4,98.8,12.1,76.5,Yes,0.0,None
20:03:47.903,Active,408.3,2.4,98.2,12.2,77.1,Yes,0.0,None
20:03:48.320,Active,406.9,2.4,98.2,12.2,77.1,Yes,0.0,None
20:03:48.739,Active,409.6,2.4,98.2,12.2,76.5,Yes,0.0,None
20:03:49.154,Active,408.3,2.4,98.8,12.1,76.5,Yes,0.0,None
20:03:49.571,Active,406.7,2.4,97.6,12.1,77.1,Yes,0.0,None
20:03:49.988,Active,408.7,2.4,98.8,12.1,77.1,Yes,0.0,None
20:03:50.400,Active,404.8,2.4,98.8,12.1,76.0,Yes,0.0,None
20:03:50.817,Active,409.6,2.4,98.8,12.1,77.1,Yes,0.0,None
20:03:51.233,Active,408.2,2.4,97.6,12.1,76.5,Yes,0.0,None
20:03:51.650,Active,407.0,2.4,97.6,12.1,75.5,Yes,0.0,None
20:03:52.068,Active,408.6,2.4,97.6,12.1,77.1,Yes,0.0,None
20:03:52.481,Active,407.5,2.4,98.8,12.1,76.5,Yes,0.0,None
20:03:52.897,Active,409.9,2.4,98.8,12.1,76.5,Yes,0.0,None
20:03:53.307,Active,404.0,2.4,98.8,12.1,77.1,Yes,0.0,None
20:03:53.722,Active,408.6,2.4,98.2,12.1,76.0,Yes,0.0,None
20:03:54.137,Active,407.4,2.4,98.8,12.1,76.5,Yes,0.0,None
20:03:54.555,Active,408.1,2.4,97.6,12.1,77.1,Yes,0.0,None
20:03:54.974,Active,412.2,2.4,98.8,12.1,77.7,Yes,0.0,None
20:03:55.386,Active,406.1,2.4,98.8,12.1,77.7,Yes,0.0,None
20:03:55.801,Active,406.1,2.4,99.4,12.1,77.1,Yes,0.0,None
20:03:56.216,Active,409.0,2.4,98.8,12.1,77.1,Yes,0.0,None
20:03:56.643,Active,420.0,2.4,98.8,12.2,77.1,Yes,0.0,None
20:03:57.061,Active,411.6,2.4,98.8,12.2,77.1,Yes,0.0,None
20:03:57.472,Active,405.9,2.4,98.8,12.2,77.7,Yes,0.0,None
20:04:42.915,Active,429.0,2.4,1.3,12.1,58.4,Yes,0.0,None
20:04:43.330,Active,407.2,2.4,98.2,12.1,60.0,Yes,0.0,None
20:04:43.750,Active,410.1,2.4,98.2,12.2,60.6,Yes,0.0,None
20:04:44.177,Active,416.7,2.4,96.4,12.2,61.7,Yes,0.0,None
20:04:44.591,Active,407.9,2.4,98.8,12.2,62.2,Yes,0.0,None
20:04:45.021,Active,421.7,2.4,96.5,12.2,63.4,Yes,0.0,None
20:04:45.447,Active,420.0,2.4,96.5,12.2,64.5,Yes,0.0,None
20:04:45.869,Active,414.4,2.4,98.2,12.1,64.5,Yes,0.0,None
20:04:46.286,Active,407.4,2.6,97.6,12.1,65.5,Yes,0.0,None
20:04:46.702,Active,409.5,2.6,98.8,12.1,65.5,Yes,0.0,None
20:04:47.116,Active,408.0,2.6,98.8,12.1,66.1,Yes,0.0,None
20:04:47.528,Active,404.6,2.6,98.8,12.1,67.2,Yes,0.0,None
20:04:47.969,Active,430.5,2.6,96.6,12.1,67.2,Yes,0.0,None
20:04:48.383,Active,407.7,2.6,98.8,12.1,67.8,Yes,0.0,None
20:04:48.799,Active,410.1,2.6,98.8,12.1,66.7,Yes,0.0,None
20:04:49.212,Active,404.7,2.6,98.8,12.1,68.3,Yes,0.0,None
20:04:49.625,Active,405.4,2.6,98.8,12.1,68.3,Yes,0.0,None
20:04:50.043,Active,407.9,2.6,98.8,12.1,68.3,Yes,0.0,None
20:04:50.454,Active,405.5,2.4,98.8,12.1,68.8,Yes,0.0,None
20:04:50.873,Active,408.9,2.4,98.2,12.1,70.5,Yes,0.0,None
20:04:51.285,Active,406.5,2.4,98.8,12.1,70.0,Yes,0.0,None
20:04:51.705,Active,409.7,2.4,98.2,12.0,70.0,Yes,0.0,None
20:04:52.118,Active,407.1,2.4,98.8,12.1,70.5,Yes,0.0,None
20:04:52.557,Active,428.7,2.4,93.6,12.1,69.4,Yes,0.0,None
20:04:52.975,Active,409.8,2.4,98.2,12.1,69.4,Yes,0.0,None
20:04:53.392,Active,408.7,2.4,98.2,12.1,71.0,Yes,0.0,None
20:04:53.807,Active,407.6,2.4,98.8,12.0,70.5,Yes,0.0,None
20:04:54.219,Active,406.7,2.4,99.4,12.0,72.2,Yes,0.0,None
20:04:54.632,Active,407.0,2.4,98.8,12.0,72.2,Yes,0.0,None
20:04:55.048,Active,408.5,2.4,99.4,12.0,72.2,Yes,0.0,None
20:04:55.464,Active,408.6,2.4,98.8,12.0,72.2,Yes,0.0,None
20:04:55.879,Active,409.6,2.4,98.8,12.0,71.6,Yes,0.0,None
20:04:56.292,Active,406.6,2.4,98.8,12.0,72.2,Yes,0.0,None
20:04:56.708,Active,409.3,2.4,99.4,12.0,72.2,Yes,0.0,None
20:04:57.123,Active,407.8,2.4,98.8,12.0,71.6,Yes,0.0,None
20:04:57.538,Active,406.6,2.4,98.8,12.1,72.2,Yes,0.0,None
20:04:58.062,Active,422.0,2.4,81.5,12.1,71.0,Yes,0.0,None
20:04:58.480,Active,408.0,2.4,97.6,12.1,72.2,Yes,0.0,None
20:04:58.896,Active,409.9,2.3,99.4,12.1,71.6,Yes,0.0,None
20:04:59.308,Active,405.2,2.3,98.8,12.1,72.2,Yes,0.0,None
20:04:59.725,Active,410.3,2.3,98.8,12.1,72.2,Yes,0.0,None
20:05:00.141,Active,407.8,2.3,98.2,12.1,72.7,Yes,0.0,None
20:05:00.560,Active,408.5,2.3,98.2,12.1,73.2,Yes,0.0,None
20:05:00.975,Active,407.5,2.3,98.2,12.1,72.7,Yes,0.0,None
20:05:01.418,Active,434.7,2.3,94.9,12.1,72.7,Yes,0.0,None
20:05:01.836,Active,409.2,2.3,98.2,12.1,71.6,Yes,0.0,None
20:05:02.252,Active,408.9,2.3,98.2,12.0,73.2,Yes,0.0,None
20:05:02.667,Active,407.8,2.3,98.8,12.0,72.7,Yes,0.0,None
20:05:03.081,Active,407.4,2.4,99.4,12.0,73.2,Yes,0.0,None
20:05:03.496,Active,406.8,2.4,97.6,12.0,74.3,Yes,0.0,None
20:05:03.914,Active,408.2,2.4,98.2,12.0,73.8,Yes,0.0,None
20:05:04.329,Active,405.6,2.4,98.2,12.0,73.8,Yes,0.0,None
20:05:04.746,Active,407.5,2.4,98.2,12.0,73.8,Yes,0.0,None
20:05:05.165,Active,409.5,2.4,97.6,12.0,73.2,Yes,0.0,None
20:05:05.577,Active,405.9,2.4,98.8,12.0,73.2,Yes,0.0,None
20:05:05.994,Active,409.9,2.4,98.2,12.0,74.3,Yes,0.0,None
20:05:06.411,Active,407.6,2.4,98.2,12.0,74.3,Yes,0.0,None
20:05:06.829,Active,410.8,2.4,98.8,12.0,74.3,Yes,0.0,None
20:05:07.244,Active,407.7,2.4,98.8,12.0,74.3,Yes,0.0,None
20:05:07.660,Active,408.9,2.4,98.2,12.0,73.8,Yes,0.0,None
20:05:08.094,Active,424.0,2.4,98.3,12.0,72.7,Yes,0.0,None
20:05:08.511,Active,407.4,2.4,97.6,12.1,74.3,Yes,0.0,None
20:05:08.933,Active,411.2,2.4,98.2,12.1,74.3,Yes,0.0,None
20:05:09.343,Active,403.8,2.4,98.8,12.1,74.9,Yes,0.0,None
20:05:09.759,Active,410.2,2.4,99.4,12.1,74.3,Yes,0.0,None
20:05:10.170,Active,405.1,2.4,98.8,12.1,75.5,Yes,0.0,None
20:05:10.584,Active,407.8,2.4,99.4,12.1,74.3,Yes,0.0,None
20:05:10.998,Active,406.7,2.4,98.8,12.0,73.2,Yes,0.0,None
20:05:11.408,Active,404.6,2.4,100.0,12.0,75.5,Yes,0.0,None
20:05:11.825,Active,409.7,2.4,98.8,12.0,74.3,Yes,0.0,None
20:05:12.244,Active,409.1,2.4,97.6,12.0,74.9,Yes,0.0,None
20:05:12.661,Active,409.7,2.4,98.2,12.0,74.3,Yes,0.0,None
20:05:13.080,Active,413.4,2.4,98.8,12.1,74.9,Yes,0.0,None
20:05:13.497,Active,409.7,2.4,98.2,12.1,74.9,Yes,0.0,None
20:05:13.915,Active,412.1,2.4,98.8,12.1,74.3,Yes,0.0,None
20:05:14.330,Active,409.3,2.4,98.8,12.1,74.9,Yes,0.0,None
20:05:14.751,Active,414.9,2.4,98.2,12.1,74.3,Yes,0.0,None
20:05:15.167,Active,410.3,2.4,99.4,12.1,75.5,Yes,0.0,None
20:05:15.581,Active,407.7,2.4,98.2,12.1,74.9,Yes,0.0,None
20:05:15.995,Active,408.1,2.4,98.8,12.0,74.3,Yes,0.0,None
20:05:16.412,Active,409.1,2.4,97.6,12.0,75.5,Yes,0.0,None
20:05:16.830,Active,408.2,2.4,98.2,12.0,74.9,Yes,0.0,None
20:05:17.247,Active,407.9,2.4,98.2,12.0,74.9,Yes,0.0,None
20:05:17.663,Active,407.7,2.4,98.2,12.0,75.5,Yes,0.0,None
20:05:18.081,Active,409.6,2.4,98.2,12.0,75.5,Yes,0.0,None
20:05:18.510,Active,423.2,2.4,98.8,12.1,74.9,Yes,0.0,None
20:05:18.930,Active,409.6,2.4,97.6,12.1,74.9,Yes,0.0,None
20:05:19.344,Active,404.8,2.4,98.8,12.1,75.5,Yes,0.0,None
20:05:19.759,Active,407.1,2.4,98.8,12.1,74.3,Yes,0.0,None
20:05:20.175,Active,408.0,2.4,98.8,12.1,74.9,Yes,0.0,None
20:05:20.588,Active,405.2,2.4,97.6,12.1,75.5,Yes,0.0,None
20:05:21.007,Active,412.2,2.4,98.8,12.1,74.9,Yes,0.0,None
20:05:21.424,Active,410.3,2.4,98.8,12.1,74.9,Yes,0.0,None
20:05:21.840,Active,409.5,2.4,98.8,12.1,75.5,Yes,0.0,None
20:05:22.255,Active,407.9,2.4,98.8,12.1,74.9,Yes,0.0,None
20:05:22.670,Active,409.3,2.4,98.8,12.1,74.9,Yes,0.0,None
20:05:23.083,Active,406.5,2.4,99.4,12.0,74.3,Yes,0.0,None
20:05:23.495,Active,406.2,2.4,99.4,12.0,76.0,Yes,0.0,None
20:05:23.907,Active,406.5,2.4,99.4,12.0,76.5,Yes,0.0,None
20:05:24.320,Active,406.4,2.4,99.4,12.0,76.0,Yes,0.0,None
20:05:24.737,Active,410.1,2.4,98.8,12.0,74.9,Yes,0.0,None
20:05:25.154,Active,406.7,2.4,98.2,12.0,75.5,Yes,0.0,None
20:05:25.566,Active,406.3,2.4,98.8,12.0,76.0,Yes,0.0,None
20:05:25.983,Active,408.1,2.4,98.8,12.0,77.1,Yes,0.0,None
20:05:26.396,Active,406.6,2.4,99.4,12.0,76.0,Yes,0.0,None
20:05:26.810,Active,407.8,2.4,98.8,12.0,75.5,Yes,0.0,None
20:05:27.227,Active,407.6,2.4,98.2,12.0,76.0,Yes,0.0,None
20:05:27.640,Active,407.0,2.4,98.8,12.0,76.0,Yes,0.0,None
20:05:28.062,Active,412.8,2.4,97.0,12.0,75.5,Yes,0.0,None
20:05:28.475,Active,403.1,2.4,98.2,12.0,75.5,Yes,0.0,None
20:05:28.903,Active,419.3,2.4,98.8,12.0,74.3,Yes,0.0,None
20:05:29.315,Active,405.1,2.4,98.8,12.0,76.0,Yes,0.0,None
20:05:29.752,Active,427.2,2.4,95.3,12.1,77.1,Yes,0.0,None
20:05:30.169,Active,408.9,2.4,98.2,12.1,76.0,Yes,0.0,None
20:05:30.583,Active,406.6,2.4,98.2,12.1,76.5,Yes,0.0,None
20:05:31.003,Active,410.6,2.4,98.2,12.1,76.0,Yes,0.0,None
20:05:31.421,Active,409.1,2.4,98.2,12.1,74.9,Yes,0.0,None
20:05:31.832,Active,405.2,2.4,98.8,12.1,77.1,Yes,0.0,None
20:05:32.245,Active,404.6,2.4,98.8,12.1,76.5,Yes,0.0,None
20:05:32.663,Active,408.8,2.4,99.4,12.0,76.0,Yes,0.0,None
20:05:33.076,Active,406.9,2.4,99.4,12.0,76.0,Yes,0.0,None
20:05:33.489,Active,407.2,2.4,98.8,12.0,75.5,Yes,0.0,None
20:05:33.920,Active,421.4,2.4,95.9,12.0,76.0,Yes,0.0,None
20:05:34.337,Active,407.4,2.4,98.2,12.0,75.5,Yes,0.0,None
20:05:34.755,Active,408.9,2.4,98.2,12.0,75.5,Yes,0.0,None
20:05:35.172,Active,407.0,2.4,98.2,12.0,76.5,Yes,0.0,None
20:05:35.590,Active,407.8,2.4,98.2,12.0,76.0,Yes,0.0,None
20:05:36.008,Active,408.9,2.4,98.2,12.0,77.1,Yes,0.0,None
20:05:36.422,Active,407.2,2.4,98.8,12.0,75.5,Yes,0.0,None
20:05:36.838,Active,410.2,2.4,98.8,12.0,76.5,Yes,0.0,None
20:05:37.250,Active,404.8,2.4,98.8,12.0,76.5,Yes,0.0,None
20:05:37.666,Active,407.3,2.4,98.8,12.0,76.5,Yes,0.0,None
20:05:38.085,Active,410.0,2.4,98.2,12.0,77.1,Yes,0.0,None
20:05:38.496,Active,405.1,2.4,99.4,12.0,76.5,Yes,0.0,None
20:05:38.927,Active,425.6,2.4,99.4,12.1,77.1,Yes,0.0,None
20:05:39.469,Active,433.6,2.4,77.6,12.1,75.5,Yes,0.0,None
20:05:39.887,Active,409.4,2.4,98.2,12.1,76.0,Yes,0.0,None
20:05:40.307,Active,407.7,2.4,97.6,12.1,75.5,Yes,0.0,None
20:05:40.722,Active,409.7,2.3,99.4,12.1,76.0,Yes,0.0,None
20:05:41.138,Active,408.3,2.3,98.8,12.1,76.0,Yes,0.0,None
20:05:41.551,Active,406.6,2.3,99.4,12.1,76.5,Yes,0.0,None
20:05:41.970,Active,413.7,2.3,98.8,12.1,76.0,Yes,0.0,None
20:05:42.382,Active,402.4,2.3,98.2,12.0,76.5,Yes,0.0,None
20:05:42.798,Active,407.9,2.3,99.4,12.0,76.5,Yes,0.0,None
20:06:28.230,Active,418.9,2.3,1.1,12.0,58.4,Yes,0.0,None
20:06:28.638,Active,402.3,2.3,100.0,12.0,60.0,Yes,0.0,None
20:06:29.056,Active,408.6,2.3,98.8,12.0,61.1,Yes,0.0,None
20:06:29.468,Active,405.3,2.3,98.2,12.0,61.7,Yes,0.0,None
20:06:29.887,Active,411.8,4.8,98.8,12.1,62.2,Yes,0.0,None
20:06:30.314,Active,418.6,4.8,98.8,12.1,63.4,Yes,0.0,None
20:06:30.730,Active,407.1,4.8,98.2,12.1,63.9,Yes,0.0,None
20:06:31.159,Active,419.7,4.8,96.5,12.1,64.5,Yes,0.0,None
20:06:31.586,Active,418.6,4.8,96.5,12.1,65.0,Yes,0.0,None
20:06:32.025,Active,430.2,4.8,94.8,12.1,65.5,Yes,0.0,None
20:06:32.441,Active,407.0,4.8,98.2,12.1,66.1,Yes,0.0,None
20:06:32.859,Active,409.8,4.8,97.6,12.2,66.7,Yes,0.0,None
20:06:33.292,Active,424.3,4.8,95.9,12.1,67.2,Yes,0.0,None
20:06:33.708,Active,408.5,4.8,98.8,12.1,67.2,Yes,0.0,None
20:06:34.127,Active,411.9,2.4,98.8,12.1,67.8,Yes,0.0,None
20:06:34.644,Active,406.9,2.4,78.3,12.1,68.3,Yes,0.0,None
20:06:35.066,Active,415.7,2.4,98.2,12.1,67.8,Yes,0.0,None
20:06:35.481,Active,405.6,2.4,98.2,12.1,68.8,Yes,0.0,None
20:06:35.896,Active,409.1,2.4,98.8,12.1,68.3,Yes,0.0,None
20:06:36.318,Active,415.0,2.4,98.2,12.1,68.3,Yes,0.0,None
20:06:36.738,Active,410.6,2.4,98.2,12.1,69.4,Yes,0.0,None
20:06:37.154,Active,406.9,2.4,98.2,12.1,68.8,Yes,0.0,None
20:06:37.572,Active,408.7,2.4,98.2,12.0,69.4,Yes,0.0,None
20:06:37.987,Active,408.2,2.4,98.2,12.1,68.8,Yes,0.0,None
20:06:38.401,Active,407.0,2.3,97.6,12.1,69.4,Yes,0.0,None
20:06:38.825,Active,413.5,2.3,98.2,12.0,70.0,Yes,0.0,None
20:06:39.240,Active,408.6,2.3,98.8,12.0,70.0,Yes,0.0,None
20:06:39.668,Active,422.7,2.3,96.5,12.0,70.0,Yes,0.0,None
20:06:40.082,Active,406.4,2.3,99.4,12.0,71.0,Yes,0.0,None
20:06:40.523,Active,432.1,2.3,97.7,12.1,70.5,Yes,0.0,None
20:06:40.940,Active,408.8,2.3,98.8,12.1,70.5,Yes,0.0,None
20:06:41.357,Active,410.3,2.3,98.8,12.1,71.6,Yes,0.0,None
20:06:41.775,Active,412.4,2.3,97.6,12.1,71.0,Yes,0.0,None
20:06:42.192,Active,410.3,2.3,98.8,12.1,72.2,Yes,0.0,None
20:06:42.613,Active,414.1,2.4,97.6,12.1,72.2,Yes,0.0,None
20:06:43.031,Active,409.6,2.4,98.2,12.0,72.2,Yes,0.0,None
20:06:43.448,Active,407.4,2.4,98.8,12.1,72.2,Yes,0.0,None
20:06:43.872,Active,413.1,2.4,97.7,12.1,72.2,Yes,0.0,None
20:06:44.287,Active,408.2,2.4,98.2,12.1,71.6,Yes,0.0,None
20:06:44.709,Active,411.6,2.4,98.2,12.1,72.2,Yes,0.0,None
20:06:45.127,Active,408.8,2.4,98.2,12.1,72.2,Yes,0.0,None
20:06:45.540,Active,404.6,2.4,98.8,12.1,72.7,Yes,0.0,None
20:06:45.955,Active,409.9,2.4,99.4,12.0,72.7,Yes,0.0,None
20:06:46.367,Active,404.3,2.4,99.4,12.0,73.8,Yes,0.0,None
20:06:46.784,Active,410.4,2.4,99.4,12.0,72.7,Yes,0.0,None
20:06:47.196,Active,405.5,2.4,98.8,12.0,73.2,Yes,0.0,None
20:06:47.609,Active,406.9,2.4,100.0,12.0,73.2,Yes,0.0,None
20:06:48.023,Active,408.0,2.4,99.4,12.0,72.7,Yes,0.0,None
20:06:48.439,Active,409.8,2.4,98.8,12.0,72.7,Yes,0.0,None
20:06:48.867,Active,420.4,2.4,97.1,12.0,73.2,Yes,0.0,None
20:06:49.283,Active,408.4,2.4,98.2,12.0,73.2,Yes,0.0,None
20:06:49.720,Active,428.8,2.4,95.4,12.0,72.7,Yes,0.0,None
20:06:50.135,Active,405.0,2.4,98.2,12.0,73.2,Yes,0.0,None
20:06:50.558,Active,412.6,2.4,98.2,12.0,72.7,Yes,0.0,None
20:06:50.980,Active,409.0,2.4,98.2,12.1,74.3,Yes,0.0,None
20:06:51.395,Active,406.4,2.4,98.8,12.1,73.8,Yes,0.0,None
20:06:51.811,Active,406.3,2.4,98.2,12.1,73.2,Yes,0.0,None
20:06:52.227,Active,406.1,2.4,98.2,12.1,73.2,Yes,0.0,None
20:06:52.642,Active,406.5,2.4,98.8,12.1,73.8,Yes,0.0,None
20:06:53.058,Active,407.2,2.4,98.2,12.1,73.8,Yes,0.0,None
20:06:53.474,Active,407.4,2.4,98.2,12.1,73.2,Yes,0.0,None
20:06:53.891,Active,410.8,2.4,98.8,12.0,74.3,Yes,0.0,None
20:06:54.309,Active,409.6,2.4,98.2,12.1,73.8,Yes,0.0,None
20:06:54.725,Active,408.4,2.4,98.2,12.1,73.8,Yes,0.0,None
20:06:55.143,Active,408.3,2.4,98.2,12.0,74.9,Yes,0.0,None
20:06:55.559,Active,406.9,2.4,98.2,12.0,73.8,Yes,0.0,None
20:06:55.978,Active,412.2,2.4,98.8,12.0,74.3,Yes,0.0,None
20:06:56.391,Active,406.7,2.4,98.8,12.0,74.9,Yes,0.0,None
20:06:56.807,Active,408.8,2.4,99.4,12.0,73.8,Yes,0.0,None
20:06:57.218,Active,404.7,2.4,98.8,12.0,74.3,Yes,0.0,None
20:06:57.634,Active,407.0,2.4,99.4,12.0,73.8,Yes,0.0,None
20:06:58.046,Active,405.9,2.4,99.4,12.0,74.9,Yes,0.0,None
20:06:58.465,Active,413.1,2.4,98.8,12.0,74.3,Yes,0.0,None
20:06:58.882,Active,409.3,2.4,98.2,12.0,74.3,Yes,0.0,None
20:06:59.300,Active,408.1,2.4,98.2,12.0,74.9,Yes,0.0,None
20:06:59.717,Active,408.3,2.4,97.0,12.0,74.9,Yes,0.0,None
20:07:00.134,Active,408.0,2.4,98.8,12.1,74.9,Yes,0.0,None
20:07:00.558,Active,415.0,2.4,96.5,12.1,75.5,Yes,0.0,None
20:07:01.001,Active,433.9,2.4,96.5,12.1,75.5,Yes,0.0,None
20:07:01.419,Active,409.1,2.4,98.2,12.1,74.9,Yes,0.0,None
20:07:01.835,Active,409.4,2.4,98.8,12.2,74.3,Yes,0.0,None
20:07:02.248,Active,406.9,2.4,99.4,12.1,74.3,Yes,0.0,None
20:07:02.666,Active,410.7,2.4,98.8,12.1,74.9,Yes,0.0,None
20:07:03.082,Active,406.5,2.4,98.2,12.1,74.9,Yes,0.0,None
20:07:03.496,Active,405.2,2.4,98.2,12.1,75.5,Yes,0.0,None
20:07:03.916,Active,413.1,2.4,98.8,12.1,75.5,Yes,0.0,None
20:07:04.332,Active,408.4,2.4,98.2,12.1,74.3,Yes,0.0,None
20:07:04.752,Active,411.8,2.4,98.2,12.1,74.9,Yes,0.0,None
20:07:05.168,Active,409.3,2.4,98.8,12.1,75.5,Yes,0.0,None
20:07:05.583,Active,408.9,2.4,98.8,12.1,74.9,Yes,0.0,None
20:07:06.000,Active,410.2,2.4,98.8,12.1,75.5,Yes,0.0,None
20:07:06.411,Active,405.1,2.4,98.8,12.1,75.5,Yes,0.0,None
20:07:06.824,Active,406.7,2.4,99.4,12.1,74.9,Yes,0.0,None
20:07:07.241,Active,409.7,2.4,98.8,12.1,74.9,Yes,0.0,None
20:07:07.655,Active,407.1,2.4,98.2,12.1,74.9,Yes,0.0,None
20:07:08.071,Active,406.5,2.4,98.2,12.1,75.5,Yes,0.0,None
20:07:08.487,Active,407.6,2.4,98.2,12.1,76.0,Yes,0.0,None
20:07:08.905,Active,409.5,2.4,98.8,12.1,75.5,Yes,0.0,None
20:07:09.319,Active,408.2,2.4,98.8,12.1,75.5,Yes,0.0,None
20:07:09.735,Active,407.9,2.4,98.8,12.1,76.0,Yes,0.0,None
20:07:10.152,Active,408.6,2.4,98.8,12.1,75.5,Yes,0.0,None
20:07:10.567,Active,408.1,2.4,98.2,12.1,75.5,Yes,0.0,None
20:07:10.983,Active,408.4,2.4,98.2,12.1,74.3,Yes,0.0,None
20:07:11.409,Active,417.3,2.4,98.8,12.1,76.0,Yes,0.0,None
20:07:11.823,Active,408.3,2.4,99.4,12.1,76.5,Yes,0.0,None
20:07:12.240,Active,410.5,2.4,98.8,12.1,75.5,Yes,0.0,None
20:07:12.664,Active,417.0,2.4,97.0,12.1,74.9,Yes,0.0,None
20:07:13.079,Active,408.2,2.4,98.8,12.1,76.0,Yes,0.0,None
20:07:13.492,Active,406.4,2.4,98.8,12.1,74.3,Yes,0.0,None
20:07:13.906,Active,407.3,2.4,98.8,12.1,76.5,Yes,0.0,None
20:07:14.320,Active,404.6,2.4,98.8,12.1,75.5,Yes,0.0,None
20:07:14.738,Active,411.6,2.4,98.2,12.1,76.5,Yes,0.0,None
20:07:15.156,Active,408.1,2.4,98.2,12.1,76.5,Yes,0.0,None
20:07:15.567,Active,403.9,2.4,98.8,12.1,75.5,Yes,0.0,None
20:07:15.985,Active,409.9,2.4,98.8,12.1,76.0,Yes,0.0,None
20:07:16.401,Active,408.5,2.4,98.2,12.1,76.0,Yes,0.0,None
20:07:16.817,Active,409.9,2.4,99.4,12.1,76.0,Yes,0.0,None
20:07:17.231,Active,408.1,2.4,98.8,12.1,76.5,Yes,0.0,None
20:07:17.647,Active,407.9,2.4,98.2,12.1,76.5,Yes,0.0,None
20:07:18.075,Active,422.2,2.4,96.5,12.1,76.0,Yes,0.0,None
20:07:18.486,Active,405.2,2.4,99.4,12.0,77.1,Yes,0.0,None
20:07:18.902,Active,410.2,2.4,99.4,12.0,76.0,Yes,0.0,None
20:07:19.315,Active,406.6,2.4,99.4,12.0,76.5,Yes,0.0,None
20:07:19.728,Active,407.2,2.4,99.4,12.0,76.5,Yes,0.0,None
20:07:20.141,Active,406.3,2.4,98.2,12.0,74.9,Yes,0.0,None
20:07:20.561,Active,408.6,2.4,97.6,12.0,76.5,Yes,0.0,None
20:07:20.974,Active,407.0,2.4,100.0,12.0,77.1,Yes,0.0,None
20:07:21.431,Active,450.6,2.4,96.1,12.1,75.5,Yes,0.0,None
20:07:21.848,Active,409.6,2.4,98.8,12.1,76.5,Yes,0.0,None
20:07:22.259,Active,406.0,2.4,99.4,12.1,76.5,Yes,0.0,None
20:07:22.675,Active,409.7,2.4,98.8,12.1,76.5,Yes,0.0,None
20:07:23.085,Active,404.7,2.4,98.8,12.0,76.5,Yes,0.0,None
20:07:23.502,Active,407.4,2.4,98.2,12.0,76.0,Yes,0.0,None
20:07:23.919,Active,410.4,2.4,98.2,12.0,77.1,Yes,0.0,None
20:07:24.432,Active,404.8,2.3,79.4,12.0,77.1,Yes,0.0,None
20:07:24.850,Active,410.9,2.3,98.8,12.0,77.1,Yes,0.0,None
20:07:25.277,Active,418.2,2.3,96.4,12.0,76.5,Yes,0.0,None
20:07:25.698,Active,410.7,2.3,97.6,12.0,76.5,Yes,0.0,None
20:07:26.115,Active,407.9,2.3,98.2,12.0,76.0,Yes,0.0,None
20:07:26.540,Active,417.3,2.3,97.6,12.0,76.5,Yes,0.0,None
20:07:26.957,Active,409.6,2.3,98.2,12.0,76.5,Yes,0.0,None
20:07:27.368,Active,405.3,2.3,99.4,12.0,77.1,Yes,0.0,None
20:07:27.795,Active,421.1,2.3,96.5,12.0,77.1,Yes,0.0,None
20:07:28.228,Active,424.7,2.3,95.9,12.0,76.5,Yes,0.0,None
20:08:13.670,Active,427.8,23.1,1.3,12.2,58.4,Yes,0.0,None
20:08:14.083,Active,404.3,23.1,98.8,12.2,60.0,Yes,0.0,None
20:08:14.498,Active,406.6,23.1,98.2,12.2,61.1,Yes,0.0,None
20:08:14.919,Active,412.5,23.1,98.2,12.2,61.7,Yes,0.0,None
20:08:15.337,Active,411.5,23.1,98.8,12.2,62.8,Yes,0.0,None
20:08:15.754,Active,411.1,23.1,98.8,12.2,63.4,Yes,0.0,None
20:08:16.169,Active,406.3,23.1,97.6,12.2,64.5,Yes,0.0,None
20:08:16.587,Active,407.7,23.1,98.2,12.2,65.5,Yes,0.0,None
20:08:17.004,Active,409.2,23.1,98.8,12.2,65.5,Yes,0.0,None
20:08:17.417,Active,406.0,23.1,98.8,12.2,66.1,Yes,0.0,None
20:08:17.834,Active,408.6,2.4,98.2,12.2,66.1,Yes,0.0,None
20:08:18.251,Active,408.3,2.4,98.2,12.1,67.2,Yes,0.0,None
20:08:18.666,Active,407.4,2.4,98.8,12.1,67.2,Yes,0.0,None
20:08:19.082,Active,407.1,2.4,98.8,12.1,67.8,Yes,0.0,None
20:08:19.501,Active,409.6,2.4,98.2,12.1,67.2,Yes,0.0,None
20:08:19.934,Active,427.2,2.4,96.0,12.1,68.3,Yes,0.0,None
20:08:20.349,Active,408.8,2.4,98.8,12.1,68.3,Yes,0.0,None
20:08:20.763,Active,407.6,2.4,98.2,12.1,68.8,Yes,0.0,None
20:08:21.177,Active,404.6,2.4,98.2,12.1,69.4,Yes,0.0,None
20:08:21.595,Active,407.9,2.4,97.6,12.1,69.4,Yes,0.0,None
20:08:22.013,Active,409.6,2.4,98.2,12.1,69.4,Yes,0.0,None
20:08:22.428,Active,407.3,2.4,98.2,12.1,70.0,Yes,0.0,None
20:08:22.860,Active,423.0,2.4,98.8,12.2,70.0,Yes,0.0,None
20:08:23.277,Active,410.9,2.4,98.8,12.2,70.0,Yes,0.0,None
20:08:23.689,Active,406.2,2.4,98.2,12.2,71.0,Yes,0.0,None
20:08:24.173,Active,406.8,2.4,84.9,12.2,71.0,Yes,0.0,None
20:08:24.591,Active,407.5,2.4,98.8,12.2,70.0,Yes,0.0,None
20:08:25.007,Active,410.5,2.4,99.4,12.2,70.5,Yes,0.0,None
20:08:25.422,Active,409.3,2.4,98.8,12.2,71.6,Yes,0.0,None
20:08:25.838,Active,410.2,2.4,98.8,12.1,70.5,Yes,0.0,None
20:08:26.251,Active,406.9,2.4,98.8,12.1,72.2,Yes,0.0,None
20:08:26.663,Active,405.9,2.4,99.4,12.1,72.2,Yes,0.0,None
20:08:27.078,Active,406.7,2.4,99.4,12.1,72.2,Yes,0.0,None
20:08:27.488,Active,404.0,2.4,99.4,12.1,71.6,Yes,0.0,None
20:08:27.903,Active,408.7,2.4,99.4,12.1,72.2,Yes,0.0,None
20:08:28.318,Active,408.9,2.4,99.4,12.1,71.6,Yes,0.0,None
20:08:28.730,Active,406.7,2.4,99.4,12.1,72.2,Yes,0.0,None
20:08:29.146,Active,405.8,2.4,98.2,12.1,71.6,Yes,0.0,None
20:08:29.563,Active,405.9,2.4,98.8,12.0,72.7,Yes,0.0,None
20:08:29.981,Active,411.6,2.4,98.8,12.0,72.2,Yes,0.0,None
20:08:30.396,Active,408.6,2.4,99.4,12.0,73.2,Yes,0.0,None
20:08:30.812,Active,410.2,2.4,98.2,12.0,72.7,Yes,0.0,None
20:08:31.229,Active,407.0,2.4,98.2,12.0,73.2,Yes,0.0,None
20:08:31.642,Active,407.4,2.4,98.8,12.1,73.2,Yes,0.0,None
20:08:32.058,Active,408.6,2.4,98.2,12.0,73.8,Yes,0.0,None
20:08:32.486,Active,419.1,2.4,96.5,12.1,73.2,Yes,0.0,None
20:08:32.913,Active,418.1,2.4,97.0,12.1,72.7,Yes,0.0,None
20:08:33.348,Active,424.9,2.4,97.7,12.2,73.8,Yes,0.0,None
20:08:33.777,Active,417.6,2.4,97.6,12.2,73.8,Yes,0.0,None
20:08:34.190,Active,407.4,2.4,98.2,12.2,73.2,Yes,0.0,None
20:08:34.608,Active,408.8,2.4,98.2,12.2,73.8,Yes,0.0,None
20:08:35.022,Active,408.8,2.4,98.8,12.2,74.3,Yes,0.0,None
20:08:35.441,Active,405.5,2.4,97.6,12.2,73.8,Yes,0.0,None
20:08:35.858,Active,411.5,2.4,98.8,12.2,74.3,Yes,0.0,None
20:08:36.281,Active,413.7,2.4,98.2,12.1,73.8,Yes,0.0,None
20:08:36.695,Active,408.0,2.4,98.8,12.1,73.8,Yes,0.0,None
20:08:37.109,Active,407.5,2.4,99.4,12.1,74.9,Yes,0.0,None
20:08:37.524,Active,404.6,2.4,97.6,12.1,74.3,Yes,0.0,None
20:08:37.938,Active,408.9,2.4,99.4,12.1,74.3,Yes,0.0,None
20:08:38.375,Active,428.0,2.4,94.8,12.1,74.3,Yes,0.0,None
20:08:38.800,Active,416.6,2.4,97.6,12.1,74.3,Yes,0.0,None
20:08:39.212,Active,406.4,2.4,98.8,12.0,74.3,Yes,0.0,None
20:08:39.627,Active,407.9,2.4,98.2,12.1,74.3,Yes,0.0,None
20:08:40.039,Active,403.9,2.4,98.2,12.1,74.3,Yes,0.0,None
20:08:40.451,Active,405.8,2.4,99.4,12.1,74.3,Yes,0.0,None
20:08:40.867,Active,410.0,2.4,99.4,12.1,74.9,Yes,0.0,None
20:08:41.283,Active,410.1,2.4,98.8,12.1,74.3,Yes,0.0,None
20:08:41.695,Active,406.2,2.4,98.8,12.0,74.9,Yes,0.0,None
20:08:42.110,Active,407.7,2.4,98.8,12.1,74.9,Yes,0.0,None
20:08:42.525,Active,406.6,2.4,97.6,12.1,74.3,Yes,0.0,None
20:08:42.956,Active,420.7,2.4,97.1,12.1,74.9,Yes,0.0,None
20:08:43.377,Active,415.6,2.4,99.4,12.1,75.5,Yes,0.0,None
20:08:43.801,Active,413.9,2.4,98.2,12.1,74.9,Yes,0.0,None
20:08:44.217,Active,406.2,2.4,97.6,12.1,74.9,Yes,0.0,None
20:08:44.634,Active,408.5,2.4,98.2,12.1,74.9,Yes,0.0,None
20:08:45.048,Active,407.7,2.4,99.4,12.1,75.5,Yes,0.0,None
20:08:45.472,Active,417.2,2.4,97.1,12.1,74.9,Yes,0.0,None
20:08:45.897,Active,419.6,2.4,98.2,12.1,74.9,Yes,0.0,None
20:08:46.309,Active,405.3,2.4,98.8,12.1,75.5,Yes,0.0,None
20:08:46.725,Active,409.4,2.4,98.8,12.1,74.9,Yes,0.0,None
20:08:47.154,Active,423.1,2.4,95.9,12.1,75.5,Yes,0.0,None
20:08:47.572,Active,409.1,2.4,98.2,12.1,75.5,Yes,0.0,None
20:08:48.024,Active,446.0,2.4,94.4,12.1,76.0,Yes,0.0,None
20:08:48.440,Active,408.5,2.4,98.8,12.1,76.0,Yes,0.0,None
20:08:48.861,Active,413.5,2.4,98.2,12.1,75.5,Yes,0.0,None
20:08:49.272,Active,405.0,2.4,99.4,12.1,76.5,Yes,0.0,None
20:08:49.687,Active,407.9,2.4,99.4,12.1,75.5,Yes,0.0,None
20:08:50.100,Active,406.3,2.4,98.8,12.1,76.0,Yes,0.0,None
20:08:50.513,Active,407.7,2.4,98.8,12.1,75.5,Yes,0.0,None
20:08:50.939,Active,416.4,2.4,97.1,12.1,76.0,Yes,0.0,None
20:08:51.359,Active,413.4,2.4,98.2,12.1,76.0,Yes,0.0,None
20:08:51.774,Active,407.4,2.4,98.2,12.1,76.0,Yes,0.0,None
20:08:52.188,Active,405.6,2.4,98.8,12.0,76.0,Yes,0.0,None
20:08:52.608,Active,410.3,2.4,97.6,12.0,76.0,Yes,0.0,None
20:08:53.025,Active,407.9,2.4,97.6,12.0,76.5,Yes,0.0,None
20:08:53.439,Active,405.6,2.4,98.8,12.0,76.5,Yes,0.0,None
20:08:53.869,Active,422.7,2.4,98.8,12.1,76.0,Yes,0.0,None
20:08:54.283,Active,407.9,2.4,98.8,12.1,76.5,Yes,0.0,None
20:08:54.698,Active,409.5,2.4,98.8,12.1,77.1,Yes,0.0,None
20:08:55.116,Active,411.5,2.4,99.4,12.1,76.0,Yes,0.0,None
20:08:55.530,Active,407.1,2.4,98.2,12.1,76.0,Yes,0.0,None
20:08:55.950,Active,411.3,2.4,98.2,12.1,76.0,Yes,0.0,None
20:08:56.363,Active,406.6,2.4,98.8,12.1,77.1,Yes,0.0,None
20:08:56.792,Active,421.0,2.4,97.7,12.1,76.0,Yes,0.0,None
20:08:57.206,Active,407.1,2.4,98.2,12.0,76.0,Yes,0.0,None
20:08:57.631,Active,415.9,2.4,96.5,12.0,77.1,Yes,0.0,None
20:08:58.048,Active,409.3,2.4,98.2,12.0,77.7,Yes,0.0,None
20:08:58.461,Active,405.8,2.4,99.4,12.0,76.0,Yes,0.0,None
20:08:58.876,Active,406.3,2.4,98.2,12.0,76.5,Yes,0.0,None
20:08:59.293,Active,407.8,2.4,98.8,12.0,77.1,Yes,0.0,None
20:08:59.711,Active,409.0,2.4,98.2,12.0,76.5,Yes,0.0,None
20:09:00.129,Active,409.6,2.4,98.8,12.0,76.0,Yes,0.0,None
20:09:00.545,Active,409.6,2.4,98.8,12.0,76.0,Yes,0.0,None
20:09:00.964,Active,412.7,2.4,98.2,12.0,76.5,Yes,0.0,None
20:09:01.379,Active,407.6,2.4,97.6,12.0,76.5,Yes,0.0,None
20:09:01.796,Active,408.8,2.4,98.8,12.0,76.5,Yes,0.0,None
20:09:02.209,Active,407.2,2.4,98.8,12.0,76.5,Yes,0.0,None
20:09:02.642,Active,424.7,2.4,95.4,12.0,76.5,Yes,0.0,None
20:09:03.057,Active,408.3,2.4,98.2,12.0,76.0,Yes,0.0,None
20:09:03.471,Active,408.2,2.4,99.4,12.0,76.5,Yes,0.0,None
20:09:03.924,Active,447.1,2.4,95.0,12.0,76.5,Yes,0.0,None
20:09:04.338,Active,407.9,2.4,98.8,12.1,76.5,Yes,0.0,None
20:09:04.754,Active,410.6,2.4,98.8,12.1,76.0,Yes,0.0,None
20:09:05.169,Active,406.1,2.4,98.2,12.1,76.5,Yes,0.0,None
20:09:05.588,Active,409.1,2.4,98.8,12.1,76.5,Yes,0.0,None
20:09:06.005,Active,409.4,2.4,98.2,12.1,77.1,Yes,0.0,None
20:09:06.423,Active,407.9,2.4,97.6,12.1,76.5,Yes,0.0,None
20:09:06.840,Active,409.0,2.4,98.8,12.1,76.5,Yes,0.0,None
20:09:07.256,Active,405.8,2.4,98.2,12.1,77.7,Yes,0.0,None
20:09:07.671,Active,408.3,2.4,98.8,12.1,76.5,Yes,0.0,None
20:09:08.088,Active,408.8,2.4,98.8,12.1,77.1,Yes,0.0,None
20:09:08.503,Active,408.5,2.4,98.2,12.1,76.5,Yes,0.0,None
20:09:08.924,Active,412.6,2.4,98.8,12.1,76.5,Yes,0.0,None
20:09:09.438,Active,406.8,2.4,79.2,12.1,77.1,Yes,0.0,None
20:09:09.857,Active,409.6,2.4,98.2,12.1,77.1,Yes,0.0,None
20:09:10.271,Active,408.3,2.4,98.8,12.1,77.1,Yes,0.0,None
20:09:10.683,Active,406.3,2.4,98.8,12.1,77.1,Yes,0.0,None
20:09:11.096,Active,405.1,2.4,99.4,12.0,77.1,Yes,0.0,None
20:09:11.512,Active,409.2,2.4,98.8,12.0,77.1,Yes,0.0,None
20:09:11.927,Active,408.2,2.4,98.8,12.0,76.5,Yes,0.0,None
20:09:12.342,Active,407.2,2.4,98.2,12.0,78.2,Yes,0.0,None
20:09:12.760,Active,409.3,2.4,98.2,12.0,77.1,Yes,0.0,None
20:09:13.173,Active,406.1,2.4,99.4,12.0,77.1,Yes,0.0,None
20:09:13.591,Active,409.2,2.4,97.6,12.0,76.5,Yes,0.0,None
20:09:59.035,Active,427.9,2.4,1.3,12.0,57.9,Yes,0.0,None
20:09:59.447,Active,403.7,2.4,99.4,12.1,60.0,Yes,0.0,None
20:09:59.863,Active,410.1,2.4,100.0,12.1,61.1,Yes,0.0,None
20:10:00.278,Active,408.2,2.4,98.8,12.1,62.2,Yes,0.0,None
20:10:00.697,Active,409.1,2.4,98.2,12.1,63.4,Yes,0.0,None
20:10:01.112,Active,406.7,2.4,98.2,12.1,63.9,Yes,0.0,None
20:10:01.529,Active,406.3,3.4,98.2,12.1,63.9,Yes,0.0,None
20:10:01.944,Active,409.4,3.4,98.8,12.1,65.0,Yes,0.0,None
20:10:02.357,Active,405.5,3.4,99.4,12.1,65.0,Yes,0.0,None
20:10:02.771,Active,408.1,3.4,98.8,12.1,65.5,Yes,0.0,None
20:10:03.185,Active,405.9,3.4,98.2,12.1,65.0,Yes,0.0,None
20:10:03.597,Active,406.2,3.4,99.4,12.1,67.2,Yes,0.0,None
20:10:04.015,Active,408.2,3.4,97.6,12.1,67.8,Yes,0.0,None
20:10:04.431,Active,407.8,3.4,98.8,12.1,67.8,Yes,0.0,None
20:10:04.846,Active,409.5,3.4,99.4,12.0,68.3,Yes,0.0,None
20:10:05.259,Active,407.0,3.4,99.4,12.1,68.3,Yes,0.0,None
20:10:05.687,Active,421.8,2.4,99.4,12.1,68.8,Yes,0.0,None
20:10:06.099,Active,405.7,2.4,99.4,12.1,68.3,Yes,0.0,None
20:10:06.521,Active,414.2,2.4,97.6,12.1,69.4,Yes,0.0,None
20:10:06.943,Active,412.2,2.4,98.2,12.1,69.4,Yes,0.0,None
20:10:07.370,Active,419.2,2.4,98.2,12.1,69.4,Yes,0.0,None
20:10:07.789,Active,412.0,2.4,98.8,12.1,70.0,Yes,0.0,None
20:10:08.203,Active,407.8,2.4,98.8,12.0,70.0,Yes,0.0,None
20:10:08.629,Active,418.3,2.4,96.5,12.1,70.0,Yes,0.0,None
20:10:09.044,Active,408.6,2.4,99.4,12.0,70.5,Yes,0.0,None
20:10:09.456,Active,404.6,2.4,98.8,12.0,70.5,Yes,0.0,None
20:10:09.874,Active,410.1,2.4,98.8,12.0,71.0,Yes,0.0,None
20:10:10.293,Active,410.0,2.4,98.2,12.0,71.0,Yes,0.0,None
20:10:10.714,Active,414.8,2.4,98.2,12.0,71.6,Yes,0.0,None
20:10:11.127,Active,407.2,2.4,98.8,12.0,70.5,Yes,0.0,None
20:10:11.649,Active,411.6,2.4,78.7,12.0,72.2,Yes,0.0,None
20:10:12.063,Active,407.3,2.4,98.8,12.0,71.6,Yes,0.0,None
20:10:12.481,Active,408.0,2.4,98.2,12.0,71.6,Yes,0.0,None
20:10:12.900,Active,409.6,2.4,98.2,12.0,71.0,Yes,0.0,None
20:10:13.317,Active,407.3,2.4,98.2,12.0,72.2,Yes,0.0,None
20:10:13.736,Active,409.0,2.4,97.6,12.0,73.2,Yes,0.0,None
20:10:14.154,Active,407.7,2.3,97.6,12.0,72.2,Yes,0.0,None
20:10:14.573,Active,409.5,2.3,98.2,12.0,72.2,Yes,0.0,None
20:10:14.992,Active,410.2,2.3,98.2,12.0,72.2,Yes,0.0,None
20:10:15.409,Active,407.8,2.3,97.6,12.0,72.2,Yes,0.0,None
20:10:15.841,Active,421.6,2.3,98.3,12.2,71.0,Yes,0.0,None
20:10:16.256,Active,407.4,2.3,98.8,12.2,72.7,Yes,0.0,None
20:10:16.675,Active,410.3,2.3,98.2,12.2,73.2,Yes,0.0,None
20:10:17.090,Active,408.3,2.3,99.4,12.2,72.2,Yes,0.0,None
20:10:17.503,Active,406.4,2.3,98.2,12.2,72.7,Yes,0.0,None
20:10:17.922,Active,411.2,2.3,98.2,12.2,73.2,Yes,0.0,None
20:10:18.444,Active,412.8,2.3,78.8,12.2,72.7,Yes,0.0,None
20:10:18.865,Active,410.5,2.3,98.2,12.1,72.7,Yes,0.0,None
20:10:19.281,Active,406.1,2.3,97.6,12.1,72.7,Yes,0.0,None
20:10:19.700,Active,409.1,2.3,98.2,12.1,72.7,Yes,0.0,None
20:10:20.117,Active,407.6,2.3,98.2,12.1,73.2,Yes,0.0,None
20:10:20.535,Active,408.9,2.3,98.2,12.1,73.8,Yes,0.0,None
20:10:20.967,Active,422.2,2.3,96.5,12.1,73.2,Yes,0.0,None
20:10:21.399,Active,424.2,2.3,95.9,12.1,73.8,Yes,0.0,None
20:10:21.831,Active,424.2,2.3,96.0,12.1,72.7,Yes,0.0,None
20:10:22.246,Active,407.2,2.3,98.8,12.1,73.8,Yes,0.0,None
20:10:22.658,Active,405.8,2.4,99.4,12.1,74.3,Yes,0.0,None
20:10:23.074,Active,406.3,2.4,98.2,12.1,73.8,Yes,0.0,None
20:10:23.495,Active,411.6,2.4,97.6,12.1,73.8,Yes,0.0,None
20:10:23.912,Active,409.4,2.4,98.8,12.1,74.3,Yes,0.0,None
20:10:24.330,Active,411.4,2.4,98.2,12.1,73.8,Yes,0.0,None
20:10:24.753,Active,413.5,2.4,97.6,12.0,73.8,Yes,0.0,None
20:10:25.169,Active,409.5,2.4,98.8,12.0,73.8,Yes,0.0,None
20:10:25.583,Active,407.9,2.4,98.2,12.1,74.9,Yes,0.0,None
20:10:26.018,Active,426.5,2.4,98.3,12.1,74.3,Yes,0.0,None
20:10:26.437,Active,409.7,2.4,98.2,12.1,73.8,Yes,0.0,None
20:10:26.852,Active,409.7,2.4,98.2,12.1,74.3,Yes,0.0,None
20:10:27.265,Active,406.4,2.4,99.4,12.1,74.9,Yes,0.0,None
20:10:27.685,Active,410.2,2.4,98.2,12.1,74.9,Yes,0.0,None
20:10:28.098,Active,406.7,2.4,99.4,12.1,74.3,Yes,0.0,None
20:10:28.515,Active,408.7,2.4,98.2,12.1,74.3,Yes,0.0,None
20:10:28.933,Active,412.4,2.4,98.8,12.0,74.9,Yes,0.0,None
20:10:29.352,Active,413.1,2.4,98.2,12.0,74.3,Yes,0.0,None
20:10:29.767,Active,408.0,2.4,98.8,12.0,74.9,Yes,0.0,None
20:10:30.183,Active,405.7,2.4,98.2,12.0,74.9,Yes,0.0,None
20:10:30.598,Active,405.8,2.4,98.8,12.0,74.3,Yes,0.0,None
20:10:31.018,Active,409.0,2.4,98.2,12.0,74.9,Yes,0.0,None
20:10:31.434,Active,407.4,2.4,98.2,12.0,76.5,Yes,0.0,None
20:10:31.849,Active,408.5,2.4,99.4,12.0,73.8,Yes,0.0,None
20:10:32.266,Active,407.8,2.4,98.2,12.0,75.5,Yes,0.0,None
20:10:32.687,Active,410.7,2.4,98.2,12.0,74.9,Yes,0.0,None
20:10:33.098,Active,405.7,2.4,98.8,12.0,74.9,Yes,0.0,None
20:10:33.519,Active,413.5,2.4,97.6,12.0,75.5,Yes,0.0,None
20:10:33.938,Active,411.2,2.4,98.2,12.0,75.5,Yes,0.0,None
20:10:34.361,Active,409.6,2.4,97.6,12.0,74.9,Yes,0.0,None
20:10:34.780,Active,413.7,2.4,97.6,12.0,75.5,Yes,0.0,None
20:10:35.199,Active,412.1,2.4,98.8,12.0,74.9,Yes,0.0,None
20:10:35.612,Active,406.6,2.4,98.8,12.0,75.5,Yes,0.0,None
20:10:36.027,Active,409.4,2.4,99.4,12.0,74.9,Yes,0.0,None
20:10:36.551,Active,414.8,2.4,80.5,12.1,74.9,Yes,0.0,None
20:10:36.964,Active,407.3,2.4,99.4,12.1,75.5,Yes,0.0,None
20:10:37.375,Active,404.8,2.4,99.4,12.1,76.0,Yes,0.0,None
20:10:37.790,Active,408.2,2.4,98.8,12.1,75.5,Yes,0.0,None
20:10:38.202,Active,405.7,2.4,98.8,12.1,74.9,Yes,0.0,None
20:10:38.615,Active,406.6,2.4,99.4,12.0,75.5,Yes,0.0,None
20:10:39.030,Active,409.7,2.4,100.0,12.0,76.0,Yes,0.0,None
20:10:39.442,Active,406.4,2.4,98.8,12.0,75.5,Yes,0.0,None
20:10:39.862,Active,411.2,2.4,98.8,12.0,74.3,Yes,0.0,None
20:10:40.277,Active,404.8,2.4,98.2,12.0,76.0,Yes,0.0,None
20:10:40.695,Active,408.9,2.4,98.8,12.0,77.1,Yes,0.0,None
20:10:41.107,Active,405.0,2.4,99.4,12.0,76.5,Yes,0.0,None
20:10:41.518,Active,404.4,2.4,99.4,12.0,75.5,Yes,0.0,None
20:10:41.932,Active,407.2,2.4,99.4,12.0,75.5,Yes,0.0,None
20:10:42.349,Active,409.6,2.4,98.8,12.0,76.0,Yes,0.0,None
20:10:42.764,Active,408.8,2.4,98.8,12.0,76.0,Yes,0.0,None
20:10:43.181,Active,409.7,2.4,98.8,12.0,75.5,Yes,0.0,None
20:10:43.596,Active,409.0,2.4,98.2,12.0,75.5,Yes,0.0,None
20:10:44.013,Active,410.2,2.4,98.8,12.0,75.5,Yes,0.0,None
20:10:44.432,Active,408.5,2.4,98.2,12.0,76.0,Yes,0.0,None
20:10:44.848,Active,409.3,2.4,98.2,12.0,76.0,Yes,0.0,None
20:10:45.263,Active,408.4,2.4,98.8,12.0,75.5,Yes,0.0,None
20:10:45.691,Active,421.2,2.4,97.1,12.0,76.0,Yes,0.0,None
20:10:46.111,Active,411.7,2.4,98.2,12.0,76.0,Yes,0.0,None
20:10:46.535,Active,418.6,2.4,99.4,12.1,75.5,Yes,0.0,None
20:10:46.970,Active,426.4,2.4,95.3,12.1,76.0,Yes,0.0,None
20:10:47.388,Active,409.1,2.4,97.6,12.1,77.7,Yes,0.0,None
20:10:47.804,Active,409.7,2.4,98.8,12.1,76.0,Yes,0.0,None
20:10:48.218,Active,406.7,2.4,98.8,12.1,76.0,Yes,0.0,None
20:10:48.659,Active,432.0,2.4,94.9,12.1,76.5,Yes,0.0,None
20:10:49.075,Active,408.7,2.4,98.8,12.1,77.1,Yes,0.0,None
20:10:49.489,Active,407.7,2.4,98.8,12.0,77.1,Yes,0.0,None
20:10:49.909,Active,411.7,2.4,98.2,12.1,76.5,Yes,0.0,None
20:10:50.324,Active,408.3,2.4,98.8,12.1,76.5,Yes,0.0,None
20:10:50.743,Active,411.6,2.4,98.8,12.0,76.0,Yes,0.0,None
20:10:51.159,Active,407.5,2.4,98.2,12.0,76.0,Yes,0.0,None
20:10:51.573,Active,408.1,2.4,98.8,12.0,75.5,Yes,0.0,None
20:10:51.987,Active,407.8,2.4,99.4,12.0,76.5,Yes,0.0,None
20:10:52.404,Active,410.6,2.4,98.8,12.0,76.5,Yes,0.0,None
20:10:52.820,Active,410.2,2.4,98.8,12.0,76.5,Yes,0.0,None
20:10:53.232,Active,405.4,2.4,98.8,12.0,76.5,Yes,0.0,None
20:10:53.646,Active,407.0,2.4,98.8,12.0,76.0,Yes,0.0,None
20:10:54.063,Active,410.7,2.4,98.8,12.0,76.5,Yes,0.0,None
20:10:54.475,Active,406.0,2.4,99.4,12.0,76.5,Yes,0.0,None
20:10:54.890,Active,409.7,2.4,99.4,12.0,76.5,Yes,0.0,None
20:10:55.304,Active,408.0,2.4,99.4,12.0,76.5,Yes,0.0,None
20:10:55.718,Active,408.5,2.4,98.2,12.0,76.5,Yes,0.0,None
20:10:56.136,Active,407.8,2.4,98.2,12.0,76.0,Yes,0.0,None
20:10:56.557,Active,414.8,2.4,98.8,12.1,76.5,Yes,0.0,None
20:10:56.973,Active,409.5,2.4,98.8,12.1,75.5,Yes,0.0,None
20:10:57.386,Active,407.8,2.4,99.4,12.1,76.5,Yes,0.0,None
20:10:57.804,Active,408.5,2.4,98.2,12.1,76.5,Yes,0.0,None
20:10:58.219,Active,406.4,2.4,98.2,12.1,76.5,Yes,0.0,None
20:10:58.636,Active,406.7,2.4,98.2,12.1,77.1,Yes,0.0,None
20:11:44.077,Active,426.7,2.4,1.3,12.0,57.9,Yes,0.0,None
20:11:44.489,Active,405.8,2.4,100.0,12.0,60.6,Yes,0.0,None
20:11:44.906,Active,408.7,2.4,98.8,12.0,61.1,Yes,0.0,None
20:11:45.322,Active,407.1,6.0,98.2,12.0,61.7,Yes,0.0,None
20:11:45.740,Active,410.3,6.0,98.2,12.0,63.4,Yes,0.0,None
20:11:46.159,Active,409.1,6.0,98.2,12.0,63.4,Yes,0.0,None
20:11:46.576,Active,408.9,6.0,98.2,12.0,64.5,Yes,0.0,None
20:11:46.991,Active,407.9,6.0,98.8,12.0,64.5,Yes,0.0,None
20:11:47.406,Active,406.8,6.0,98.2,12.0,65.5,Yes,0.0,None
20:11:47.841,Active,426.1,6.0,98.3,12.4,66.1,Yes,0.0,None
20:11:48.258,Active,410.6,6.0,98.2,12.4,66.7,Yes,0.0,None
20:11:48.676,Active,409.4,6.0,98.2,12.3,66.1,Yes,0.0,None
20:11:49.087,Active,403.8,6.0,98.8,12.3,67.2,Yes,0.0,None
20:11:49.503,Active,407.6,2.4,98.8,12.4,69.4,Yes,0.0,None
20:11:49.919,Active,410.7,2.4,99.4,12.3,67.8,Yes,0.0,None
20:11:50.344,Active,418.8,2.4,97.6,12.3,68.3,Yes,0.0,None
20:11:50.763,Active,412.0,2.4,98.2,12.3,68.8,Yes,0.0,None
20:11:51.176,Active,407.3,2.4,99.4,12.3,68.8,Yes,0.0,None
20:11:51.592,Active,409.6,2.4,98.8,12.3,69.4,Yes,0.0,None
20:11:52.009,Active,411.6,2.4,98.8,12.3,69.4,Yes,0.0,None
20:11:52.422,Active,407.1,2.4,98.8,12.3,69.4,Yes,0.0,None
20:11:52.841,Active,409.4,2.4,98.2,12.2,69.4,Yes,0.0,None
20:11:53.254,Active,407.1,2.4,98.8,12.2,70.5,Yes,0.0,None
20:11:53.671,Active,408.1,2.4,98.2,12.2,70.0,Yes,0.0,None
20:11:54.085,Active,405.8,2.4,98.8,12.2,70.0,Yes,0.0,None
20:11:54.500,Active,407.3,2.4,98.2,12.2,71.0,Yes,0.0,None
20:11:54.917,Active,409.8,2.4,98.8,12.2,71.0,Yes,0.0,None
20:11:55.333,Active,410.5,2.4,98.8,12.2,70.0,Yes,0.0,None
20:11:55.753,Active,414.2,2.4,98.2,12.2,71.0,Yes,0.0,None
20:11:56.175,Active,412.1,2.4,97.0,12.2,71.6,Yes,0.0,None
20:11:56.591,Active,407.8,2.4,98.8,12.2,70.5,Yes,0.0,None
20:11:57.027,Active,428.2,2.4,94.8,12.2,71.6,Yes,0.0,None
20:11:57.439,Active,406.1,2.4,99.4,12.1,71.6,Yes,0.0,None
20:11:57.854,Active,406.9,2.4,98.8,12.1,71.6,Yes,0.0,None
20:11:58.279,Active,419.2,2.4,99.4,12.2,72.2,Yes,0.0,None
20:11:58.696,Active,410.6,2.4,99.4,12.2,72.2,Yes,0.0,None
20:11:59.109,Active,407.3,2.4,99.4,12.2,71.6,Yes,0.0,None
20:11:59.528,Active,410.9,2.4,97.6,12.1,72.7,Yes,0.0,None
20:11:59.943,Active,409.1,2.4,98.2,12.1,72.2,Yes,0.0,None
20:12:00.360,Active,410.8,2.4,98.2,12.1,72.2,Yes,0.0,None
20:12:00.777,Active,409.6,2.4,98.8,12.1,73.8,Yes,0.0,None
20:12:01.192,Active,408.6,2.4,98.8,12.1,72.7,Yes,0.0,None
20:12:01.606,Active,407.9,2.4,98.2,12.1,73.2,Yes,0.0,None
20:12:02.025,Active,410.4,2.4,97.6,12.1,72.7,Yes,0.0,None
20:12:02.440,Active,408.7,2.4,98.8,12.1,73.2,Yes,0.0,None
20:12:02.869,Active,421.9,2.4,97.0,12.1,74.3,Yes,0.0,None
20:12:03.284,Active,406.4,2.4,98.2,12.1,73.8,Yes,0.0,None
20:12:03.706,Active,412.1,2.4,97.6,12.2,73.2,Yes,0.0,None
20:12:04.120,Active,405.8,2.4,98.2,12.2,73.2,Yes,0.0,None
20:12:04.536,Active,406.7,2.4,98.2,12.2,73.2,Yes,0.0,None
20:12:04.953,Active,409.1,2.4,98.8,12.2,73.8,Yes,0.0,None
20:12:05.368,Active,407.3,2.4,98.2,12.1,73.8,Yes,0.0,None
20:12:05.787,Active,409.8,2.4,98.2,12.1,73.8,Yes,0.0,None
20:12:06.202,Active,407.2,2.4,98.2,12.1,73.8,Yes,0.0,None
20:12:06.617,Active,408.0,2.4,98.8,12.1,73.8,Yes,0.0,None
20:12:07.032,Active,410.0,2.4,98.8,12.1,74.9,Yes,0.0,None
20:12:07.451,Active,411.8,2.4,98.8,12.1,73.8,Yes,0.0,None
20:12:07.867,Active,408.0,2.4,98.8,12.1,74.3,Yes,0.0,None
20:12:08.281,Active,406.4,2.4,98.2,12.1,73.8,Yes,0.0,None
20:12:08.706,Active,415.9,2.4,99.4,12.1,74.3,Yes,0.0,None
20:12:09.120,Active,405.1,2.4,98.2,12.1,74.9,Yes,0.0,None
20:12:09.534,Active,407.5,2.4,98.8,12.1,74.3,Yes,0.0,None
20:12:09.968,Active,424.9,2.4,97.1,12.1,74.3,Yes,0.0,None
20:12:10.405,Active,426.9,2.4,94.2,12.1,73.2,Yes,0.0,None
20:12:10.823,Active,408.2,2.4,98.2,12.0,74.3,Yes,0.0,None
20:12:11.242,Active,412.3,2.4,97.6,12.0,74.3,Yes,0.0,None
20:12:11.654,Active,405.5,2.4,99.4,12.0,74.3,Yes,0.0,None
20:12:12.067,Active,403.3,2.4,98.8,12.0,74.9,Yes,0.0,None
20:12:12.479,Active,406.3,2.4,99.4,12.0,73.8,Yes,0.0,None
20:12:12.891,Active,405.4,2.4,99.4,12.0,74.9,Yes,0.0,None
20:12:13.308,Active,409.0,2.4,97.6,12.1,74.9,Yes,0.0,None
20:12:13.724,Active,409.2,2.4,98.8,12.0,74.3,Yes,0.0,None
20:12:14.140,Active,408.7,2.4,98.2,12.0,74.9,Yes,0.0,None
20:12:14.554,Active,408.0,2.4,98.8,12.0,74.9,Yes,0.0,None
20:12:14.973,Active,412.6,2.4,98.8,12.0,74.9,Yes,0.0,None
20:12:15.388,Active,408.0,2.4,98.2,12.0,73.8,Yes,0.0,None
20:12:15.805,Active,409.9,2.4,98.8,12.0,75.5,Yes,0.0,None
20:12:16.220,Active,409.2,2.4,97.6,12.0,74.3,Yes,0.0,None
20:12:16.632,Active,405.5,2.4,98.8,12.0,74.9,Yes,0.0,None
20:12:17.046,Active,406.6,2.4,98.8,12.0,74.3,Yes,0.0,None
20:12:17.458,Active,406.6,2.4,99.4,12.0,74.9,Yes,0.0,None
20:12:17.876,Active,408.8,2.4,98.2,12.0,74.9,Yes,0.0,None
20:12:18.291,Active,406.8,2.4,98.2,12.0,74.9,Yes,0.0,None
20:12:18.719,Active,420.2,2.4,98.2,12.1,75.5,Yes,0.0,None
20:12:19.132,Active,406.0,2.4,99.4,12.1,75.5,Yes,0.0,None
20:12:19.547,Active,408.1,2.4,98.8,12.1,75.5,Yes,0.0,None
20:12:19.962,Active,407.4,2.4,98.2,12.1,76.5,Yes,0.0,None
20:12:20.376,Active,407.5,2.4,99.4,12.1,75.5,Yes,0.0,None
20:12:20.794,Active,409.5,2.4,98.8,12.1,75.5,Yes,0.0,None
20:12:21.210,Active,407.1,2.4,98.2,12.1,75.5,Yes,0.0,None
20:12:21.625,Active,406.5,2.4,98.2,12.1,74.9,Yes,0.0,None
20:12:22.040,Active,408.4,2.4,98.8,12.1,75.5,Yes,0.0,None
20:12:22.453,Active,405.5,2.4,99.4,12.1,74.9,Yes,0.0,None
20:12:22.872,Active,412.6,2.4,98.8,12.1,74.3,Yes,0.0,None
20:12:23.293,Active,415.5,2.4,97.6,12.1,76.5,Yes,0.0,None
20:12:23.707,Active,408.0,2.4,98.8,12.1,76.0,Yes,0.0,None
20:12:24.126,Active,410.9,2.4,98.2,12.1,76.0,Yes,0.0,None
20:12:24.550,Active,415.0,2.4,97.0,12.1,76.0,Yes,0.0,None
20:12:24.967,Active,410.6,2.4,98.8,12.1,74.9,Yes,0.0,None
20:12:25.379,Active,406.7,2.4,99.4,12.1,75.5,Yes,0.0,None
20:12:25.797,Active,409.2,2.4,97.6,12.0,76.0,Yes,0.0,None
20:12:26.216,Active,408.7,2.4,98.2,12.0,74.9,Yes,0.0,None
20:12:26.631,Active,409.2,2.4,98.2,12.0,76.0,Yes,0.0,None
20:12:27.052,Active,411.1,2.4,98.2,12.0,76.0,Yes,0.0,None
20:12:27.471,Active,409.4,2.4,98.2,12.0,75.5,Yes,0.0,None
20:12:27.886,Active,407.4,2.4,98.8,12.0,76.0,Yes,0.0,None
20:12:28.302,Active,407.2,2.4,99.4,12.0,75.5,Yes,0.0,None
20:12:28.717,Active,409.2,2.4,99.4,12.0,76.0,Yes,0.0,None
20:12:29.151,Active,424.1,2.4,97.7,12.2,76.0,Yes,0.0,None
20:12:29.567,Active,407.7,2.4,98.2,12.2,75.5,Yes,0.0,None
20:12:29.984,Active,408.5,2.4,98.2,12.2,75.5,Yes,0.0,None
20:12:30.397,Active,405.4,2.4,98.8,12.2,76.0,Yes,0.0,None
20:12:30.812,Active,407.7,2.4,99.4,12.2,76.0,Yes,0.0,None
20:12:31.224,Active,405.8,2.4,98.8,12.2,74.9,Yes,0.0,None
20:12:31.637,Active,406.8,2.4,99.4,12.2,75.5,Yes,0.0,None
20:12:32.053,Active,407.1,2.4,98.2,12.2,75.5,Yes,0.0,None
20:12:32.468,Active,408.5,2.4,98.8,12.2,76.0,Yes,0.0,None
20:12:32.883,Active,409.8,2.4,98.8,12.2,76.0,Yes,0.0,None
20:12:33.299,Active,409.9,2.4,98.2,12.2,76.0,Yes,0.0,None
20:12:33.722,Active,414.8,2.4,97.1,12.1,75.5,Yes,0.0,None
20:12:34.139,Active,409.6,2.4,98.8,12.1,75.5,Yes,0.0,None
20:12:34.554,Active,407.0,2.4,98.2,12.1,75.5,Yes,0.0,None
20:12:34.970,Active,409.7,2.4,98.8,12.1,76.0,Yes,0.0,None
20:12:35.382,Active,406.3,2.4,99.4,12.1,76.0,Yes,0.0,None
20:12:35.795,Active,406.2,2.4,98.8,12.1,76.0,Yes,0.0,None
20:12:36.209,Active,405.5,2.4,99.4,12.1,76.0,Yes,0.0,None
20:12:36.627,Active,412.4,2.4,99.4,12.1,76.0,Yes,0.0,None
20:12:37.041,Active,406.1,2.4,98.2,12.1,76.5,Yes,0.0,None
20:12:37.459,Active,409.5,2.4,98.2,12.1,76.0,Yes,0.0,None
20:12:37.889,Active,422.0,2.4,96.5,12.1,76.0,Yes,0.0,None
20:12:38.307,Active,409.0,2.4,98.2,12.1,76.0,Yes,0.0,None
20:12:38.722,Active,406.5,2.4,98.8,12.1,76.0,Yes,0.0,None
20:12:39.149,Active,419.1,2.4,98.2,12.2,76.0,Yes,0.0,None
20:12:39.564,Active,408.6,2.4,98.8,12.2,75.5,Yes,0.0,None
20:12:39.984,Active,412.7,2.4,97.6,12.2,76.5,Yes,0.0,None
20:12:40.399,Active,408.1,2.4,98.2,12.1,76.0,Yes,0.0,None
20:12:40.814,Active,409.3,2.4,98.8,12.1,76.5,Yes,0.0,None
20:12:41.230,Active,406.3,2.4,98.8,12.1,76.0,Yes,0.0,None
20:12:41.646,Active,406.8,2.4,98.2,12.1,76.5,Yes,0.0,None
20:12:42.060,Active,407.8,2.4,99.4,12.1,76.0,Yes,0.0,None
20:12:42.475,Active,408.3,2.4,98.8,12.1,77.1,Yes,0.0,None
20:12:42.892,Active,410.8,2.4,98.2,12.1,76.5,Yes,0.0,None
20:12:43.312,Active,412.7,2.4,98.2,12.1,76.5,Yes,0.0,None
20:12:43.745,Active,426.3,2.4,95.9,12.1,76.5,Yes,0.0,None
20:13:29.181,Active,422.2,2.4,1.3,12.0,58.4,Yes,0.0,None
20:13:29.592,Active,405.1,2.4,99.4,12.0,59.5,Yes,0.0,None
20:13:30.010,Active,407.7,2.4,98.8,12.0,60.6,Yes,0.0,None
20:13:30.437,Active,417.7,2.4,98.2,12.1,61.7,Yes,0.0,None
20:13:30.857,Active,409.9,2.4,98.2,12.1,62.2,Yes,0.0,None
20:13:31.274,Active,407.2,2.4,98.2,12.1,63.4,Yes,0.0,None
20:13:31.694,Active,409.5,2.4,97.6,12.1,63.9,Yes,0.0,None
20:13:32.108,Active,406.5,2.4,98.2,12.1,64.5,Yes,0.0,None
20:13:32.529,Active,410.8,2.4,98.2,12.1,65.5,Yes,0.0,None
20:13:32.946,Active,410.4,2.4,98.2,12.0,65.5,Yes,0.0,None
20:13:33.364,Active,408.4,2.4,98.2,12.0,66.1,Yes,0.0,None
20:13:33.783,Active,409.6,2.4,97.6,12.0,66.1,Yes,0.0,None
20:13:34.200,Active,407.7,2.4,98.2,12.0,67.2,Yes,0.0,None
20:13:34.616,Active,406.3,2.4,98.8,12.0,67.2,Yes,0.0,None
20:13:35.033,Active,406.4,2.4,98.2,12.0,67.8,Yes,0.0,None
20:13:35.450,Active,406.0,2.4,98.2,12.1,67.8,Yes,0.0,None
20:13:35.863,Active,407.5,2.4,99.4,12.1,68.3,Yes,0.0,None
20:13:36.279,Active,409.8,2.4,99.4,12.1,68.3,Yes,0.0,None
20:13:36.712,Active,425.7,2.4,96.5,12.1,68.8,Yes,0.0,None
20:13:37.128,Active,405.3,2.4,97.6,12.1,68.3,Yes,0.0,None
20:13:37.544,Active,406.2,2.4,98.8,12.1,69.4,Yes,0.0,None
20:13:37.963,Active,409.0,2.4,97.6,12.1,69.4,Yes,0.0,None
20:13:38.375,Active,406.2,2.4,99.4,12.1,69.4,Yes,0.0,None
20:13:38.791,Active,410.2,2.4,98.8,12.1,70.0,Yes,0.0,None
20:13:39.203,Active,404.3,2.4,98.8,12.1,70.0,Yes,0.0,None
20:13:39.620,Active,408.5,2.4,98.2,12.1,70.0,Yes,0.0,None
20:13:40.057,Active,430.3,2.4,95.4,12.1,70.0,Yes,0.0,None
20:13:40.469,Active,405.6,2.4,98.8,12.1,70.5,Yes,0.0,None
20:13:40.905,Active,427.0,2.4,98.3,12.1,71.0,Yes,0.0,None
20:13:41.317,Active,405.4,2.4,98.8,12.1,71.0,Yes,0.0,None
20:13:41.731,Active,406.9,2.4,98.8,12.1,71.0,Yes,0.0,None
20:13:42.152,Active,408.9,2.4,97.6,12.1,71.6,Yes,0.0,None
20:13:42.565,Active,406.0,2.4,98.2,12.1,71.6,Yes,0.0,None
20:13:42.983,Active,409.2,2.4,98.2,12.1,72.2,Yes,0.0,None
20:13:43.397,Active,407.4,2.4,98.8,12.1,71.6,Yes,0.0,None
20:13:43.811,Active,408.3,2.4,99.4,12.1,71.0,Yes,0.0,None
20:13:44.227,Active,407.6,2.4,98.8,12.0,71.6,Yes,0.0,None
20:13:44.644,Active,411.1,2.4,98.8,12.0,72.2,Yes,0.0,None
20:13:45.056,Active,405.5,2.4,98.2,12.0,72.2,Yes,0.0,None
20:13:45.472,Active,408.4,2.4,98.8,12.0,72.2,Yes,0.0,None
20:13:45.887,Active,409.9,2.4,99.4,12.0,72.7,Yes,0.0,None
20:13:46.301,Active,407.7,2.4,98.8,12.0,72.2,Yes,0.0,None
20:13:46.724,Active,416.6,2.4,97.1,12.0,72.2,Yes,0.0,None
20:13:47.138,Active,406.5,2.4,98.8,12.0,72.7,Yes,0.0,None
20:13:47.554,Active,407.1,2.4,98.2,12.0,72.2,Yes,0.0,None
20:13:47.971,Active,408.3,2.4,98.2,12.0,72.7,Yes,0.0,None
20:13:48.387,Active,408.1,2.4,98.8,12.0,72.7,Yes,0.0,None
20:13:48.803,Active,409.7,2.4,98.8,12.0,74.3,Yes,0.0,None
20:13:49.220,Active,408.7,2.4,98.8,12.0,73.8,Yes,0.0,None
20:13:49.637,Active,409.8,2.4,98.2,12.0,73.8,Yes,0.0,None
20:13:50.050,Active,407.6,2.4,98.8,12.0,73.2,Yes,0.0,None
20:13:50.466,Active,407.1,2.4,98.2,12.0,73.8,Yes,0.0,None
20:13:50.905,Active,429.4,2.4,98.3,12.1,73.2,Yes,0.0,None
20:13:51.318,Active,407.7,2.4,98.8,12.1,73.2,Yes,0.0,None
20:13:51.732,Active,407.9,2.4,98.8,12.1,73.8,Yes,0.0,None
20:13:52.144,Active,404.2,2.4,98.8,12.1,73.8,Yes,0.0,None
20:13:52.559,Active,409.5,2.4,99.4,12.1,73.8,Yes,0.0,None
20:13:52.974,Active,409.3,2.4,98.8,12.1,72.7,Yes,0.0,None
20:13:53.388,Active,408.0,2.4,98.8,12.1,73.8,Yes,0.0,None
20:13:53.805,Active,409.5,2.4,98.2,12.1,75.5,Yes,0.0,None
20:13:54.220,Active,408.8,2.4,98.8,12.0,73.2,Yes,0.0,None
20:13:54.649,Active,421.9,2.4,95.9,12.1,74.3,Yes,0.0,None
20:13:55.065,Active,407.6,2.4,97.6,12.0,73.8,Yes,0.0,None
20:13:55.482,Active,406.7,2.4,98.8,12.1,74.3,Yes,0.0,None
20:13:55.900,Active,409.3,2.4,98.2,12.1,73.2,Yes,0.0,None
20:13:56.315,Active,407.9,2.4,98.8,12.1,73.8,Yes,0.0,None
20:13:56.732,Active,410.9,2.4,98.8,12.1,73.8,Yes,0.0,None
20:13:57.149,Active,409.6,2.4,98.2,12.0,75.5,Yes,0.0,None
20:13:57.560,Active,405.8,2.4,98.8,12.0,74.3,Yes,0.0,None
20:13:57.975,Active,407.3,2.4,98.8,12.0,74.9,Yes,0.0,None
20:13:58.388,Active,407.2,2.4,99.4,12.0,74.3,Yes,0.0,None
20:13:58.805,Active,410.3,2.4,98.8,12.0,74.9,Yes,0.0,None
20:13:59.224,Active,412.1,2.4,98.8,12.0,74.3,Yes,0.0,None
20:13:59.640,Active,408.6,2.4,98.8,12.0,73.2,Yes,0.0,None
20:14:00.054,Active,407.9,2.4,98.8,12.0,75.5,Yes,0.0,None
20:14:00.470,Active,407.3,2.4,98.2,12.0,74.9,Yes,0.0,None
20:14:00.888,Active,409.4,2.4,98.2,12.0,74.9,Yes,0.0,None
20:14:01.316,Active,420.6,2.4,98.8,12.1,74.3,Yes,0.0,None
20:14:01.732,Active,408.7,2.4,98.2,12.1,75.5,Yes,0.0,None
20:14:02.149,Active,409.7,2.4,98.8,12.1,75.5,Yes,0.0,None
20:14:02.564,Active,409.9,2.4,98.2,12.1,74.9,Yes,0.0,None
20:14:02.982,Active,409.6,2.4,98.2,12.1,75.5,Yes,0.0,None
20:14:03.399,Active,408.1,2.4,98.2,12.1,74.9,Yes,0.0,None
20:14:03.818,Active,411.2,2.4,98.8,12.1,74.9,Yes,0.0,None
20:14:04.231,Active,407.0,2.4,98.8,12.1,74.9,Yes,0.0,None
20:14:04.645,Active,407.6,2.4,98.8,12.1,74.3,Yes,0.0,None
20:14:05.057,Active,406.3,2.4,98.8,12.1,76.0,Yes,0.0,None
20:14:05.472,Active,406.3,2.4,98.8,12.1,74.9,Yes,0.0,None
20:14:05.889,Active,409.5,2.4,98.2,12.1,75.5,Yes,0.0,None
20:14:06.302,Active,407.2,2.4,98.8,12.1,75.5,Yes,0.0,None
20:14:06.719,Active,410.5,2.4,98.8,12.0,77.1,Yes,0.0,None
20:14:07.132,Active,407.6,2.4,98.8,12.0,76.0,Yes,0.0,None
20:14:07.566,Active,426.6,2.4,98.9,12.0,76.0,Yes,0.0,None
20:14:07.983,Active,406.4,2.4,98.2,12.0,75.5,Yes,0.0,None
20:14:08.396,Active,407.1,2.4,98.8,12.0,76.5,Yes,0.0,None
20:14:08.812,Active,409.2,2.4,98.8,12.0,75.5,Yes,0.0,None
20:14:09.230,Active,407.8,2.4,97.6,12.0,75.5,Yes,0.0,None
20:14:09.649,Active,409.6,2.4,98.2,12.0,75.5,Yes,0.0,None
20:14:10.064,Active,408.9,2.4,98.2,12.0,76.0,Yes,0.0,None
20:14:10.478,Active,406.8,2.4,99.4,12.0,76.0,Yes,0.0,None
20:14:10.895,Active,408.2,2.4,97.6,12.0,76.0,Yes,0.0,None
20:14:11.323,Active,416.3,2.4,98.2,12.0,76.0,Yes,0.0,None
20:14:11.739,Active,407.7,2.4,98.8,12.1,76.5,Yes,0.0,None
20:14:12.151,Active,406.2,2.4,99.4,12.1,76.5,Yes,0.0,None
20:14:12.567,Active,409.8,2.4,99.4,12.1,76.5,Yes,0.0,None
20:14:12.999,Active,422.7,2.4,95.4,12.1,76.5,Yes,0.0,None
20:14:13.418,Active,407.2,2.4,97.6,12.1,76.5,Yes,0.0,None
20:14:13.835,Active,409.5,2.4,98.8,12.1,76.0,Yes,0.0,None
20:14:14.251,Active,406.1,2.4,98.2,12.0,76.5,Yes,0.0,None
20:14:14.669,Active,409.6,2.4,98.2,12.0,76.5,Yes,0.0,None
20:14:15.085,Active,409.8,2.4,99.4,12.0,76.0,Yes,0.0,None
20:14:15.501,Active,406.9,2.4,97.6,12.0,75.5,Yes,0.0,None
20:14:15.918,Active,409.7,2.4,98.2,12.0,76.0,Yes,0.0,None
20:14:16.336,Active,407.7,2.4,98.2,12.0,75.5,Yes,0.0,None
20:14:16.754,Active,408.5,2.4,98.2,12.0,76.0,Yes,0.0,None
20:14:17.168,Active,404.2,2.4,98.2,12.0,76.0,Yes,0.0,None
20:14:17.584,Active,406.3,2.4,98.2,12.0,75.5,Yes,0.0,None
20:14:18.003,Active,409.9,2.4,98.2,12.0,77.1,Yes,0.0,None
20:14:18.420,Active,407.1,2.4,98.2,12.0,76.5,Yes,0.0,None
20:14:18.839,Active,410.1,2.4,98.2,12.0,76.0,Yes,0.0,None
20:14:19.256,Active,408.0,2.4,98.2,12.0,76.0,Yes,0.0,None
20:14:19.671,Active,408.7,2.4,98.8,12.0,76.5,Yes,0.0,None
20:14:20.085,Active,405.8,2.4,98.2,12.0,77.1,Yes,0.0,None
20:14:20.500,Active,408.7,2.4,98.8,12.0,76.0,Yes,0.0,None
20:14:20.917,Active,411.2,2.4,98.8,12.0,76.5,Yes,0.0,None
20:14:21.333,Active,409.6,2.4,98.2,12.0,76.0,Yes,0.0,None
20:14:21.762,Active,423.5,2.4,98.8,12.0,77.1,Yes,0.0,None
20:14:22.179,Active,406.6,2.4,97.6,12.0,76.0,Yes,0.0,None
20:14:22.592,Active,405.8,2.4,98.8,12.0,76.0,Yes,0.0,None
20:14:23.011,Active,410.2,2.4,98.2,12.0,76.5,Yes,0.0,None
20:14:23.424,Active,405.8,2.4,98.8,12.0,76.5,Yes,0.0,None
20:14:23.838,Active,407.3,2.4,98.8,12.0,76.5,Yes,0.0,None
20:14:24.255,Active,407.6,2.4,98.2,12.0,76.5,Yes,0.0,None
20:14:24.672,Active,408.4,2.4,98.8,12.0,77.1,Yes,0.0,None
20:14:25.087,Active,406.1,2.4,98.2,12.0,76.0,Yes,0.0,None
20:14:25.505,Active,405.9,2.4,98.2,12.0,76.0,Yes,0.0,None
20:14:25.921,Active,410.0,2.4,98.8,12.0,77.1,Yes,0.0,None
20:14:26.333,Active,406.0,2.4,98.8,12.0,77.7,Yes,0.0,None
20:14:26.753,Active,410.1,2.4,98.2,12.0,76.5,Yes,0.0,None
20:14:27.167,Active,406.7,2.4,98.8,12.0,77.1,Yes,0.0,None
20:14:27.581,Active,406.8,2.4,98.8,12.0,76.5,Yes,0.0,None
20:14:27.996,Active,407.9,2.4,98.8,12.0,76.5,Yes,0.0,None
20:14:28.412,Active,406.3,2.4,97.6,12.0,76.5,Yes,0.0,None
20:14:28.827,Active,408.9,2.4,98.8,12.0,77.1,Yes,0.0,None
20:15:14.275,Active,432.2,2.4,1.3,12.2,57.9,Yes,0.0,None
20:15:14.692,Active,410.0,2.4,98.8,12.2,60.0,Yes,0.0,None
20:15:15.106,Active,406.9,2.4,98.8,12.2,60.0,Yes,0.0,None
20:15:15.524,Active,409.3,2.4,98.2,12.2,61.1,Yes,0.0,None
20:15:15.943,Active,412.0,2.4,98.2,12.1,61.7,Yes,0.0,None
20:15:16.360,Active,408.9,4.0,97.6,12.1,63.4,Yes,0.0,None
20:15:16.776,Active,409.4,4.0,99.4,12.1,63.9,Yes,0.0,None
20:15:17.188,Active,404.5,4.0,98.8,12.1,64.5,Yes,0.0,None
20:15:17.601,Active,407.2,4.0,99.4,12.1,65.0,Yes,0.0,None
20:15:18.016,Active,409.0,4.0,98.8,12.1,65.5,Yes,0.0,None
20:15:18.433,Active,409.6,4.0,98.8,12.1,65.5,Yes,0.0,None
20:15:18.850,Active,410.5,4.0,98.2,12.1,66.7,Yes,0.0,None
20:15:19.269,Active,408.6,4.0,98.2,12.1,66.7,Yes,0.0,None
20:15:19.687,Active,411.9,4.0,98.8,12.1,66.7,Yes,0.0,None
20:15:20.108,Active,409.0,4.0,97.6,12.1,68.8,Yes,0.0,None
20:15:20.537,Active,421.8,2.4,96.5,12.1,67.2,Yes,0.0,None
20:15:20.961,Active,417.9,2.4,97.6,12.1,68.3,Yes,0.0,None
20:15:21.402,Active,435.7,2.4,94.9,12.1,68.3,Yes,0.0,None
20:15:21.824,Active,412.7,2.4,98.2,12.1,68.3,Yes,0.0,None
20:15:22.235,Active,404.8,2.4,98.8,12.0,68.3,Yes,0.0,None
20:15:22.651,Active,407.7,2.4,98.2,12.0,68.3,Yes,0.0,None
20:15:23.075,Active,415.7,2.4,97.6,12.1,68.3,Yes,0.0,None
20:15:23.490,Active,407.3,2.4,98.2,12.1,69.4,Yes,0.0,None
20:15:23.911,Active,411.8,2.4,98.2,12.1,69.4,Yes,0.0,None
20:15:24.329,Active,408.7,2.4,97.6,12.1,70.0,Yes,0.0,None
20:15:24.758,Active,423.1,2.4,96.5,12.1,71.0,Yes,0.0,None
20:15:25.173,Active,409.2,2.4,99.4,12.1,70.5,Yes,0.0,None
20:15:25.587,Active,408.5,2.4,98.2,12.1,71.6,Yes,0.0,None
20:15:26.009,Active,413.9,2.4,98.2,12.1,70.5,Yes,0.0,None
20:15:26.423,Active,408.1,2.4,98.2,12.1,71.0,Yes,0.0,None
20:15:26.841,Active,410.0,2.4,99.4,12.1,72.2,Yes,0.0,None
20:15:27.256,Active,408.9,2.4,98.8,12.1,71.0,Yes,0.0,None
20:15:27.672,Active,410.2,2.4,98.8,12.1,71.6,Yes,0.0,None
20:15:28.086,Active,407.2,2.4,98.8,12.1,70.5,Yes,0.0,None
20:15:28.504,Active,409.0,2.4,98.2,12.1,71.6,Yes,0.0,None
20:15:28.930,Active,418.9,2.4,96.5,12.0,71.6,Yes,0.0,None
20:15:29.349,Active,408.6,2.4,98.2,12.0,72.2,Yes,0.0,None
20:15:29.768,Active,408.9,2.4,97.6,12.0,72.2,Yes,0.0,None
20:15:30.183,Active,407.6,2.4,98.2,12.0,72.2,Yes,0.0,None
20:15:30.597,Active,407.0,2.4,98.2,12.0,71.6,Yes,0.0,None
20:15:31.016,Active,409.4,2.4,98.2,12.0,72.2,Yes,0.0,None
20:15:31.431,Active,405.8,2.4,98.2,12.0,72.2,Yes,0.0,None
20:15:31.850,Active,409.6,2.4,98.2,12.0,72.7,Yes,0.0,None
20:15:32.267,Active,407.4,2.4,98.2,12.0,72.7,Yes,0.0,None
20:15:32.680,Active,406.1,2.4,98.8,12.0,72.2,Yes,0.0,None
20:15:33.098,Active,410.2,2.4,98.8,12.0,72.2,Yes,0.0,None
20:15:33.528,Active,420.7,2.4,98.2,12.2,72.7,Yes,0.0,None
20:15:33.942,Active,407.2,2.4,98.8,12.2,72.2,Yes,0.0,None
20:15:34.361,Active,409.1,2.4,98.2,12.2,72.2,Yes,0.0,None
20:15:34.777,Active,409.3,2.4,98.8,12.2,73.2,Yes,0.0,None
20:15:35.192,Active,409.0,2.4,98.2,12.2,73.2,Yes,0.0,None
20:15:35.605,Active,406.2,2.4,99.4,12.1,72.7,Yes,0.0,None
20:15:36.025,Active,411.2,2.4,98.2,12.1,71.6,Yes,0.0,None
20:15:36.442,Active,408.0,2.4,98.2,12.1,73.8,Yes,0.0,None
20:15:36.860,Active,408.7,2.4,98.2,12.1,73.8,Yes,0.0,None
20:15:37.273,Active,406.5,2.4,98.8,12.1,73.8,Yes,0.0,None
20:15:37.689,Active,410.3,2.4,98.8,12.1,73.8,Yes,0.0,None
20:15:38.105,Active,405.5,2.4,98.2,12.1,73.2,Yes,0.0,None
20:15:38.520,Active,405.9,2.4,98.2,12.1,72.7,Yes,0.0,None
20:15:38.942,Active,411.8,2.4,97.6,12.1,74.3,Yes,0.0,None
20:15:39.358,Active,406.6,2.4,98.2,12.1,73.8,Yes,0.0,None
20:15:39.775,Active,411.1,2.4,98.2,12.1,73.8,Yes,0.0,None
20:15:40.191,Active,405.8,2.4,98.2,12.1,73.8,Yes,0.0,None
20:15:40.607,Active,406.4,2.4,98.2,12.1,74.3,Yes,0.0,None
20:15:41.022,Active,407.4,2.4,98.8,12.1,73.8,Yes,0.0,None
20:15:41.440,Active,407.0,2.4,98.2,12.1,72.7,Yes,0.0,None
20:15:41.857,Active,409.7,2.4,99.4,12.0,73.2,Yes,0.0,None
20:15:42.271,Active,407.9,2.4,98.8,12.0,73.8,Yes,0.0,None
20:15:42.691,Active,410.6,2.4,98.2,12.0,73.8,Yes,0.0,None
20:15:43.106,Active,406.6,2.4,98.2,12.0,73.8,Yes,0.0,None
20:15:43.523,Active,407.9,2.4,98.2,12.1,73.8,Yes,0.0,None
20:15:43.951,Active,419.7,2.4,98.3,12.2,73.8,Yes,0.0,None
20:15:44.370,Active,413.5,2.4,98.8,12.2,73.8,Yes,0.0,None
20:15:44.793,Active,413.6,2.4,98.2,12.2,74.9,Yes,0.0,None
20:15:45.206,Active,406.6,2.4,98.8,12.2,74.9,Yes,0.0,None
20:15:45.657,Active,439.9,2.4,93.4,12.2,74.9,Yes,0.0,None
20:15:46.077,Active,408.8,2.4,98.2,12.2,74.3,Yes,0.0,None
20:15:46.491,Active,407.8,2.4,98.2,12.2,74.9,Yes,0.0,None
20:15:46.911,Active,410.7,2.4,97.6,12.2,74.9,Yes,0.0,None
20:15:47.329,Active,411.5,2.4,97.6,12.1,74.3,Yes,0.0,None
20:15:47.748,Active,409.8,2.4,97.6,12.1,74.9,Yes,0.0,None
20:15:48.168,Active,410.4,2.4,98.2,12.2,74.3,Yes,0.0,None
20:15:48.582,Active,407.6,2.4,98.2,12.2,74.3,Yes,0.0,None
20:15:48.998,Active,408.8,2.4,98.2,12.1,74.3,Yes,0.0,None
20:15:49.416,Active,408.4,2.4,98.2,12.1,74.3,Yes,0.0,None
20:15:49.829,Active,405.9,2.4,98.8,12.1,74.9,Yes,0.0,None
20:15:50.242,Active,407.6,2.4,98.8,12.1,74.3,Yes,0.0,None
20:15:50.659,Active,406.0,2.4,98.2,12.1,74.9,Yes,0.0,None
20:15:51.073,Active,406.2,2.4,98.8,12.3,74.9,Yes,0.0,None
20:15:51.489,Active,405.9,2.4,97.6,12.3,74.9,Yes,0.0,None
20:15:51.906,Active,408.5,2.4,98.2,12.3,73.8,Yes,0.0,None
20:15:52.321,Active,408.9,2.4,99.4,12.3,75.5,Yes,0.0,None
20:15:52.737,Active,410.1,2.4,98.2,12.3,74.9,Yes,0.0,None
20:15:53.154,Active,407.2,2.4,98.2,12.2,74.9,Yes,0.0,None
20:15:53.571,Active,407.0,2.4,98.2,12.2,75.5,Yes,0.0,None
20:15:54.003,Active,424.8,2.4,99.4,12.2,74.9,Yes,0.0,None
20:15:54.415,Active,404.8,2.4,98.8,12.2,74.3,Yes,0.0,None
20:15:54.830,Active,408.3,2.4,99.4,12.2,74.9,Yes,0.0,None
20:15:55.243,Active,406.7,2.4,98.8,12.2,74.9,Yes,0.0,None
20:15:55.656,Active,407.0,2.4,99.4,12.2,75.5,Yes,0.0,None
20:15:56.091,Active,427.2,2.4,96.0,12.2,74.9,Yes,0.0,None
20:15:56.502,Active,405.8,2.4,99.4,12.2,75.5,Yes,0.0,None
20:15:56.919,Active,407.7,2.4,99.4,12.2,74.9,Yes,0.0,None
20:15:57.331,Active,406.6,2.4,99.4,12.2,75.5,Yes,0.0,None
20:15:57.747,Active,409.8,2.4,99.4,12.1,76.0,Yes,0.0,None
20:15:58.163,Active,407.6,2.4,98.2,12.1,76.0,Yes,0.0,None
20:15:58.579,Active,408.0,2.4,98.2,12.1,75.5,Yes,0.0,None
20:15:58.995,Active,408.2,2.4,98.8,12.1,76.0,Yes,0.0,None
20:15:59.409,Active,407.6,2.4,98.8,12.1,75.5,Yes,0.0,None
20:15:59.825,Active,409.5,2.4,98.8,12.1,76.0,Yes,0.0,None
20:16:00.241,Active,409.7,2.4,98.8,12.1,76.5,Yes,0.0,None
20:16:00.656,Active,407.8,2.4,98.8,12.1,75.5,Yes,0.0,None
20:16:01.073,Active,409.6,2.4,98.2,12.1,76.0,Yes,0.0,None
20:16:01.492,Active,410.1,2.4,97.6,12.1,74.9,Yes,0.0,None
20:16:01.908,Active,409.0,2.4,98.2,12.1,75.5,Yes,0.0,None
20:16:02.320,Active,404.7,2.4,98.8,12.0,76.0,Yes,0.0,None
20:16:02.740,Active,413.0,2.4,98.8,12.0,76.0,Yes,0.0,None
20:16:03.164,Active,417.3,2.4,96.4,12.0,76.0,Yes,0.0,None
20:16:03.579,Active,407.5,2.4,98.8,12.0,76.0,Yes,0.0,None
20:16:04.033,Active,448.3,2.4,93.9,12.0,76.0,Yes,0.0,None
20:16:04.461,Active,417.9,2.4,96.5,12.2,76.5,Yes,0.0,None
20:16:04.879,Active,411.9,2.4,99.4,12.2,76.0,Yes,0.0,None
20:16:05.295,Active,408.0,2.4,97.6,12.2,76.0,Yes,0.0,None
20:16:05.725,Active,421.5,2.4,97.1,12.2,76.0,Yes,0.0,None
20:16:06.138,Active,407.3,2.4,98.2,12.2,76.5,Yes,0.0,None
20:16:06.552,Active,407.6,2.4,99.4,12.1,76.0,Yes,0.0,None
20:16:06.969,Active,412.0,2.4,98.2,12.1,75.5,Yes,0.0,None
20:16:07.387,Active,408.7,2.4,98.2,12.1,76.0,Yes,0.0,None
20:16:07.817,Active,424.0,2.4,98.8,12.1,75.5,Yes,0.0,None
20:16:08.231,Active,408.2,2.4,99.4,12.1,76.0,Yes,0.0,None
20:16:08.648,Active,408.9,2.4,98.2,12.1,76.0,Yes,0.0,None
20:16:09.075,Active,418.7,2.4,97.1,12.1,76.0,Yes,0.0,None
20:16:09.492,Active,408.7,2.4,98.2,12.1,76.0,Yes,0.0,None
20:16:09.912,Active,412.6,2.4,98.8,12.1,76.0,Yes,0.0,None
20:16:10.327,Active,407.7,2.4,98.8,12.1,76.0,Yes,0.0,None
20:16:10.744,Active,408.9,2.4,98.2,12.1,76.0,Yes,0.0,None
20:16:11.160,Active,408.5,2.4,98.8,12.1,76.5,Yes,0.0,None
20:16:11.572,Active,406.1,2.4,99.4,12.1,76.5,Yes,0.0,None
20:16:11.991,Active,412.5,2.4,98.2,12.1,76.5,Yes,0.0,None
20:16:12.403,Active,405.8,2.4,99.4,12.1,76.5,Yes,0.0,None
20:16:12.818,Active,409.1,2.4,98.8,12.1,77.1,Yes,0.0,None
20:16:13.234,Active,410.1,2.4,99.4,12.1,76.5,Yes,0.0,None
20:16:13.647,Active,406.7,2.4,99.4,12.0,77.1,Yes,0.0,None
20:16:14.062,Active,409.6,2.4,98.8,12.0,77.1,Yes,0.0,None
20:16:59.499,Active,423.6,2.4,1.3,12.1,57.9,Yes,0.0,None
20:16:59.915,Active,407.8,11.8,99.4,12.1,59.5,Yes,0.0,None
20:17:00.334,Active,411.0,11.8,98.2,12.1,60.6,Yes,0.0,None
20:17:00.760,Active,416.9,11.8,96.4,12.1,61.1,Yes,0.0,None
20:17:01.190,Active,420.3,11.8,96.0,12.1,62.8,Yes,0.0,None
20:17:01.614,Active,414.4,11.8,98.8,12.2,62.8,Yes,0.0,None
20:17:02.033,Active,408.9,11.8,97.6,12.2,63.9,Yes,0.0,None
20:17:02.449,Active,409.6,11.8,99.4,12.2,65.0,Yes,0.0,None
20:17:02.864,Active,409.3,11.8,98.2,12.2,65.0,Yes,0.0,None
20:17:03.276,Active,405.0,11.8,98.8,12.1,65.5,Yes,0.0,None
20:17:03.691,Active,408.8,11.8,98.8,12.1,66.1,Yes,0.0,None
20:17:04.109,Active,405.7,2.4,98.2,12.1,66.7,Yes,0.0,None
20:17:04.533,Active,414.6,2.4,96.4,12.1,66.7,Yes,0.0,None
20:17:04.952,Active,409.5,2.4,98.2,12.1,67.2,Yes,0.0,None
20:17:05.372,Active,410.2,2.4,97.6,12.1,67.2,Yes,0.0,None
20:17:05.799,Active,419.8,2.4,98.3,12.1,67.8,Yes,0.0,None
20:17:06.216,Active,407.7,2.4,98.2,12.1,67.8,Yes,0.0,None
20:17:06.632,Active,407.8,2.4,98.8,12.1,68.3,Yes,0.0,None
20:17:07.050,Active,409.2,2.4,97.6,12.1,68.3,Yes,0.0,None
20:17:07.466,Active,408.3,2.4,98.8,12.1,68.8,Yes,0.0,None
20:17:07.887,Active,411.2,2.4,98.2,12.1,68.8,Yes,0.0,None
20:17:08.305,Active,409.6,2.4,98.2,12.1,68.8,Yes,0.0,None
20:17:08.721,Active,409.1,2.4,98.2,12.1,69.4,Yes,0.0,None
20:17:09.138,Active,407.4,2.4,98.2,12.1,70.0,Yes,0.0,None
20:17:09.554,Active,405.7,2.4,98.2,12.0,70.0,Yes,0.0,None
20:17:09.973,Active,409.3,2.4,98.2,12.0,71.0,Yes,0.0,None
20:17:10.388,Active,408.0,2.4,98.2,12.0,70.5,Yes,0.0,None
20:17:10.804,Active,408.7,2.4,99.4,12.0,70.5,Yes,0.0,None
20:17:11.220,Active,407.0,2.4,98.2,12.0,70.5,Yes,0.0,None
20:17:11.633,Active,406.2,2.4,98.8,12.0,70.5,Yes,0.0,None
20:17:12.047,Active,407.4,2.4,99.4,12.0,70.5,Yes,0.0,None
20:17:12.466,Active,407.1,2.4,97.6,12.0,71.0,Yes,0.0,None
20:17:12.882,Active,410.2,2.4,99.4,12.0,70.5,Yes,0.0,None
20:17:13.300,Active,408.9,2.4,98.2,12.0,71.6,Yes,0.0,None
20:17:13.716,Active,408.9,2.4,98.2,12.0,72.2,Yes,0.0,None
20:17:14.133,Active,409.5,2.4,98.8,12.0,71.0,Yes,0.0,None
20:17:14.550,Active,407.4,2.4,97.6,12.0,71.0,Yes,0.0,None
20:17:14.971,Active,411.8,2.4,98.2,12.0,71.6,Yes,0.0,None
20:17:15.386,Active,409.2,2.4,98.8,12.0,72.7,Yes,0.0,None
20:17:15.809,Active,416.9,2.4,98.8,12.0,71.6,Yes,0.0,None
20:17:16.224,Active,407.8,2.4,98.8,12.1,71.6,Yes,0.0,None
20:17:16.657,Active,427.1,2.4,95.3,12.1,72.7,Yes,0.0,None
20:17:17.071,Active,406.8,2.4,99.4,12.1,71.6,Yes,0.0,None
20:17:17.484,Active,405.1,2.4,99.4,12.1,72.7,Yes,0.0,None
20:17:17.899,Active,407.7,2.4,99.4,12.1,73.2,Yes,0.0,None
20:17:18.310,Active,405.5,2.4,98.8,12.0,72.7,Yes,0.0,None
20:17:18.727,Active,406.7,2.4,98.8,12.0,72.2,Yes,0.0,None
20:17:19.142,Active,409.6,2.4,98.2,12.0,72.7,Yes,0.0,None
20:17:19.555,Active,406.7,2.4,99.4,12.0,72.2,Yes,0.0,None
20:17:19.967,Active,406.0,2.4,99.4,12.0,72.7,Yes,0.0,None
20:17:20.379,Active,405.3,2.4,99.4,12.0,73.2,Yes,0.0,None
20:17:20.798,Active,409.9,2.4,98.8,12.0,73.8,Yes,0.0,None
20:17:21.213,Active,406.4,2.4,98.8,12.0,72.2,Yes,0.0,None
20:17:21.630,Active,407.3,2.4,98.2,12.0,73.8,Yes,0.0,None
20:17:22.046,Active,407.3,2.4,98.8,12.0,73.2,Yes,0.0,None
20:17:22.461,Active,406.1,2.4,98.2,12.0,73.2,Yes,0.0,None
20:17:22.895,Active,423.8,2.4,96.0,12.0,72.7,Yes,0.0,None
20:17:23.310,Active,407.1,2.4,98.8,12.0,72.7,Yes,0.0,None
20:17:23.725,Active,408.7,2.4,98.8,12.0,74.3,Yes,0.0,None
20:17:24.139,Active,403.9,2.4,98.2,12.0,73.8,Yes,0.0,None
20:17:24.552,Active,407.0,2.4,99.4,12.0,74.3,Yes,0.0,None
20:17:24.968,Active,408.9,2.4,98.8,12.0,73.8,Yes,0.0,None
20:17:25.383,Active,408.5,2.4,98.8,12.0,73.8,Yes,0.0,None
20:17:25.803,Active,411.9,2.4,98.2,12.0,73.8,Yes,0.0,None
20:17:26.239,Active,428.0,2.4,97.7,12.1,72.7,Yes,0.0,None
20:17:26.662,Active,415.4,2.4,97.6,12.1,74.9,Yes,0.0,None
20:17:27.080,Active,408.7,2.4,98.2,12.1,74.3,Yes,0.0,None
20:17:27.496,Active,408.6,2.4,98.8,12.1,73.8,Yes,0.0,None
20:17:27.912,Active,410.0,2.4,98.8,12.1,73.8,Yes,0.0,None
20:17:28.339,Active,420.2,2.4,96.5,12.1,74.9,Yes,0.0,None
20:17:28.756,Active,410.4,2.4,98.8,12.1,74.9,Yes,0.0,None
20:17:29.173,Active,407.7,2.4,98.2,12.1,74.3,Yes,0.0,None
20:17:29.590,Active,411.1,2.4,98.8,12.1,74.3,Yes,0.0,None
20:17:30.015,Active,416.2,2.4,97.6,12.1,75.5,Yes,0.0,None
20:17:30.433,Active,407.8,2.4,98.2,12.1,73.8,Yes,0.0,None
20:17:30.852,Active,409.7,2.4,98.2,12.1,74.3,Yes,0.0,None
20:17:31.264,Active,404.6,2.4,98.8,12.2,74.3,Yes,0.0,None
20:17:31.683,Active,411.8,2.4,98.8,12.1,73.8,Yes,0.0,None
20:17:32.103,Active,408.3,2.4,97.0,12.1,74.9,Yes,0.0,None
20:17:32.520,Active,409.8,2.4,98.8,12.1,74.9,Yes,0.0,None
20:17:32.936,Active,409.0,2.4,98.8,12.1,74.9,Yes,0.0,None
20:17:33.352,Active,409.2,2.4,98.8,12.1,74.9,Yes,0.0,None
20:17:33.791,Active,431.9,2.4,95.4,12.1,74.3,Yes,0.0,None
20:17:34.210,Active,406.7,2.4,97.0,12.1,74.9,Yes,0.0,None
20:17:34.626,Active,407.4,2.4,98.8,12.1,74.9,Yes,0.0,None
20:17:35.042,Active,406.8,2.4,98.2,12.1,74.9,Yes,0.0,None
20:17:35.459,Active,407.8,2.4,98.2,12.1,74.9,Yes,0.0,None
20:17:35.877,Active,410.1,2.4,98.2,12.1,74.3,Yes,0.0,None
20:17:36.302,Active,414.7,2.4,98.2,12.2,74.9,Yes,0.0,None
20:17:36.721,Active,409.1,2.4,98.2,12.2,74.3,Yes,0.0,None
20:17:37.137,Active,407.5,2.4,98.2,12.2,74.9,Yes,0.0,None
20:17:37.554,Active,406.7,2.4,98.2,12.2,75.5,Yes,0.0,None
20:17:37.967,Active,406.9,2.4,98.8,12.2,74.9,Yes,0.0,None
20:17:38.408,Active,431.8,2.4,95.4,12.2,75.5,Yes,0.0,None
20:17:38.822,Active,407.4,2.4,100.0,12.2,75.5,Yes,0.0,None
20:17:39.238,Active,407.0,2.4,98.8,12.2,76.0,Yes,0.0,None
20:17:39.651,Active,406.7,2.4,98.8,12.1,76.0,Yes,0.0,None
20:17:40.063,Active,406.1,2.4,100.0,12.1,75.5,Yes,0.0,None
20:17:40.479,Active,405.1,2.4,98.2,12.1,74.9,Yes,0.0,None
20:17:40.891,Active,406.1,2.4,99.4,12.1,76.0,Yes,0.0,None
20:17:41.303,Active,405.3,2.4,99.4,12.1,75.5,Yes,0.0,None
20:17:41.714,Active,405.9,2.4,100.0,12.1,74.3,Yes,0.0,None
20:17:42.128,Active,407.1,2.4,99.4,12.1,76.0,Yes,0.0,None
20:17:42.543,Active,407.6,2.4,98.2,12.1,75.5,Yes,0.0,None
20:17:42.958,Active,409.9,2.4,99.4,12.1,75.5,Yes,0.0,None
20:17:43.379,Active,411.7,2.4,97.0,12.1,75.5,Yes,0.0,None
20:17:43.799,Active,412.1,2.4,98.8,12.1,76.5,Yes,0.0,None
20:17:44.216,Active,408.6,2.4,98.2,12.1,75.5,Yes,0.0,None
20:17:44.629,Active,406.2,2.4,98.2,12.1,76.0,Yes,0.0,None
20:17:45.049,Active,410.9,2.4,98.2,12.1,75.5,Yes,0.0,None
20:17:45.460,Active,405.7,2.4,98.8,12.1,75.5,Yes,0.0,None
20:17:45.877,Active,408.9,2.4,98.8,12.2,76.0,Yes,0.0,None
20:17:46.291,Active,407.9,2.4,98.8,12.2,76.0,Yes,0.0,None
20:17:46.717,Active,418.1,2.4,98.2,12.2,76.0,Yes,0.0,None
20:17:47.132,Active,406.1,2.4,97.6,12.2,76.0,Yes,0.0,None
20:17:47.545,Active,405.6,2.4,98.8,12.2,75.5,Yes,0.0,None
20:17:47.982,Active,431.4,2.4,95.4,12.2,76.0,Yes,0.0,None
20:17:48.398,Active,406.9,2.4,98.2,12.2,76.0,Yes,0.0,None
20:17:48.816,Active,408.1,2.4,98.2,12.2,76.0,Yes,0.0,None
20:17:49.228,Active,405.0,2.4,99.4,12.2,76.0,Yes,0.0,None
20:17:49.643,Active,407.7,2.4,98.2,12.1,76.0,Yes,0.0,None
20:17:50.068,Active,416.9,2.4,97.0,12.1,76.0,Yes,0.0,None
20:17:50.483,Active,408.0,2.4,98.8,12.1,76.5,Yes,0.0,None
20:17:50.900,Active,411.1,2.4,98.8,12.1,76.5,Yes,0.0,None
20:17:51.314,Active,406.6,2.4,98.2,12.1,77.1,Yes,0.0,None
20:17:51.731,Active,408.4,2.4,98.8,12.1,76.0,Yes,0.0,None
20:17:52.147,Active,408.4,2.4,97.6,12.1,76.0,Yes,0.0,None
20:17:52.571,Active,417.2,2.4,97.6,12.1,76.0,Yes,0.0,None
20:17:52.990,Active,408.2,2.4,98.2,12.1,77.1,Yes,0.0,None
20:17:53.408,Active,408.9,2.4,97.6,12.1,76.5,Yes,0.0,None
20:17:53.823,Active,407.7,2.4,98.8,12.1,76.0,Yes,0.0,None
20:17:54.236,Active,406.6,2.4,98.8,12.1,76.5,Yes,0.0,None
20:17:54.657,Active,414.1,2.4,97.6,12.1,76.5,Yes,0.0,None
20:17:55.077,Active,408.8,2.4,98.2,12.1,75.5,Yes,0.0,None
20:17:55.486,Active,403.4,2.4,98.8,12.1,76.0,Yes,0.0,None
20:17:55.903,Active,407.6,2.4,98.8,12.1,75.5,Yes,0.0,None
20:17:56.315,Active,406.2,2.4,99.4,12.1,76.0,Yes,0.0,None
20:17:56.730,Active,409.5,2.4,99.4,12.1,75.5,Yes,0.0,None
20:17:57.151,Active,415.4,2.4,99.4,12.1,77.7,Yes,0.0,None
20:17:57.562,Active,403.0,2.4,100.0,12.1,76.5,Yes,0.0,None
20:17:57.978,Active,410.2,2.4,99.4,12.1,76.0,Yes,0.0,None
20:17:58.395,Active,407.8,2.4,98.8,12.1,76.0,Yes,0.0,None
20:17:58.816,Active,415.2,2.4,98.2,12.1,76.5,Yes,0.0,None
20:17:59.226,Active,404.8,2.4,98.8,12.1,76.5,Yes,0.0,None
20:18:44.666,Active,423.5,2.4,1.3,12.0,57.3,Yes,0.0,None
20:18:45.080,Active,408.0,2.4,99.4,12.0,57.9,Yes,0.0,None
20:18:45.492,Active,406.7,2.4,98.2,12.0,59.5,Yes,0.0,None
20:18:45.908,Active,409.2,2.4,99.4,12.0,61.1,Yes,0.0,None
20:18:46.327,Active,412.1,2.4,98.2,12.0,62.2,Yes,0.0,None
20:18:46.746,Active,408.9,2.4,98.2,12.0,62.2,Yes,0.0,None
20:18:47.163,Active,408.4,2.4,98.2,12.0,63.4,Yes,0.0,None
20:18:47.575,Active,405.3,3.0,98.8,12.0,63.4,Yes,0.0,None
20:18:47.992,Active,410.7,3.0,99.4,12.0,64.5,Yes,0.0,None
20:18:48.423,Active,423.6,3.0,97.7,12.0,65.5,Yes,0.0,None
20:18:48.842,Active,409.5,3.0,98.2,12.1,65.0,Yes,0.0,None
20:18:49.261,Active,409.4,3.0,98.2,12.1,66.1,Yes,0.0,None
20:18:49.678,Active,410.6,3.0,97.6,12.1,66.7,Yes,0.0,None
20:18:50.092,Active,406.1,3.0,98.8,12.1,67.2,Yes,0.0,None
20:18:50.509,Active,409.7,3.0,98.8,12.1,67.2,Yes,0.0,None
20:18:50.922,Active,407.2,3.0,98.8,12.1,67.8,Yes,0.0,None
20:18:51.349,Active,418.4,3.0,97.0,12.1,67.8,Yes,0.0,None
20:18:51.791,Active,431.4,2.4,94.9,12.1,68.3,Yes,0.0,None
20:18:52.224,Active,424.6,2.4,95.9,12.0,67.8,Yes,0.0,None
20:18:52.637,Active,405.8,2.4,98.8,12.0,70.0,Yes,0.0,None
20:18:53.050,Active,407.1,2.4,98.8,12.1,68.8,Yes,0.0,None
20:18:53.464,Active,405.2,2.4,98.8,12.1,69.4,Yes,0.0,None
20:18:53.878,Active,407.2,2.4,99.4,12.1,70.0,Yes,0.0,None
20:18:54.293,Active,406.4,2.4,98.2,12.0,70.0,Yes,0.0,None
20:18:54.716,Active,411.7,2.4,98.2,12.0,70.0,Yes,0.0,None
20:18:55.133,Active,406.7,2.4,97.6,12.1,70.5,Yes,0.0,None
20:18:55.549,Active,409.7,2.4,98.8,12.1,70.0,Yes,0.0,None
20:18:55.988,Active,433.4,2.4,95.4,12.0,70.0,Yes,0.0,None
20:18:56.400,Active,405.4,2.4,98.8,12.0,71.0,Yes,0.0,None
20:18:56.816,Active,406.3,2.4,98.8,12.0,70.5,Yes,0.0,None
20:18:57.228,Active,405.2,2.4,98.8,12.0,71.0,Yes,0.0,None
20:18:57.645,Active,409.6,2.4,98.8,12.0,71.0,Yes,0.0,None
20:18:58.057,Active,406.3,2.4,98.8,12.0,70.0,Yes,0.0,None
20:18:58.486,Active,420.5,2.4,98.3,12.2,72.2,Yes,0.0,None
20:18:58.905,Active,412.2,2.4,98.2,12.2,71.0,Yes,0.0,None
20:18:59.328,Active,413.7,2.4,97.1,12.2,71.6,Yes,0.0,None
20:18:59.746,Active,409.0,2.4,98.8,12.2,71.6,Yes,0.0,None
20:19:00.163,Active,407.5,2.4,98.8,12.2,71.6,Yes,0.0,None
20:19:00.579,Active,408.9,2.4,98.2,12.2,71.6,Yes,0.0,None
20:19:00.996,Active,408.5,2.4,98.8,12.2,72.2,Yes,0.0,None
20:19:01.411,Active,407.7,2.4,98.2,12.2,71.6,Yes,0.0,None
20:19:01.847,Active,427.6,2.4,95.4,12.2,72.2,Yes,0.0,None
20:19:02.270,Active,414.5,2.4,97.6,12.2,72.7,Yes,0.0,None
20:19:02.683,Active,407.5,2.4,99.4,12.1,72.2,Yes,0.0,None
20:19:03.099,Active,406.0,2.4,98.2,12.1,72.7,Yes,0.0,None
20:19:03.517,Active,408.0,2.4,98.2,12.1,72.7,Yes,0.0,None
20:19:03.934,Active,410.2,2.4,98.8,12.1,72.7,Yes,0.0,None
20:19:04.349,Active,405.9,2.4,98.2,12.1,73.2,Yes,0.0,None
20:19:04.768,Active,408.3,2.4,98.2,12.1,72.7,Yes,0.0,None
20:19:05.184,Active,408.5,2.4,98.2,12.1,72.7,Yes,0.0,None
20:19:05.598,Active,408.8,2.4,99.4,12.1,73.2,Yes,0.0,None
20:19:06.011,Active,406.2,2.4,98.2,12.1,73.2,Yes,0.0,None
20:19:06.419,Active,402.1,2.4,100.0,12.1,73.2,Yes,0.0,None
20:19:06.835,Active,407.5,2.4,98.8,12.1,73.2,Yes,0.0,None
20:19:07.252,Active,407.8,2.4,98.2,12.1,72.2,Yes,0.0,None
20:19:07.671,Active,412.4,2.4,98.8,12.1,73.8,Yes,0.0,None
20:19:08.092,Active,412.8,2.4,97.6,12.1,73.8,Yes,0.0,None
20:19:08.507,Active,408.4,2.4,98.8,12.1,73.2,Yes,0.0,None
20:19:08.952,Active,438.6,2.4,96.6,12.2,73.8,Yes,0.0,None
20:19:09.371,Active,408.8,2.4,97.6,12.2,73.2,Yes,0.0,None
20:19:09.785,Active,408.3,2.4,98.2,12.1,73.8,Yes,0.0,None
20:19:10.198,Active,406.5,2.4,99.4,12.1,73.8,Yes,0.0,None
20:19:10.623,Active,419.6,2.4,98.3,12.1,73.8,Yes,0.0,None
20:19:11.040,Active,408.7,2.4,98.2,12.1,73.8,Yes,0.0,None
20:19:11.456,Active,408.6,2.4,98.2,12.1,73.8,Yes,0.0,None
20:19:11.872,Active,409.2,2.4,98.8,12.1,73.2,Yes,0.0,None
20:19:12.288,Active,409.0,2.4,98.8,12.1,74.3,Yes,0.0,None
20:19:12.702,Active,407.9,2.4,98.8,12.1,73.8,Yes,0.0,None
20:19:13.116,Active,405.2,2.4,98.2,12.1,73.8,Yes,0.0,None
20:19:13.533,Active,406.5,2.4,97.6,12.1,73.8,Yes,0.0,None
20:19:13.947,Active,406.9,2.4,99.4,12.1,74.3,Yes,0.0,None
20:19:14.358,Active,405.5,2.4,99.4,12.1,74.3,Yes,0.0,None
20:19:14.772,Active,407.6,2.4,99.4,12.1,73.8,Yes,0.0,None
20:19:15.183,Active,405.2,2.4,100.0,12.1,75.5,Yes,0.0,None
20:19:15.599,Active,406.8,2.4,98.2,12.1,72.2,Yes,0.0,None
20:19:16.016,Active,410.5,2.4,98.8,12.1,74.3,Yes,0.0,None
20:19:16.436,Active,411.9,2.4,97.6,12.1,74.3,Yes,0.0,None
20:19:16.855,Active,409.9,2.4,98.2,12.1,74.3,Yes,0.0,None
20:19:17.272,Active,407.4,2.4,98.2,12.1,74.9,Yes,0.0,None
20:19:17.691,Active,409.0,2.4,98.2,12.1,75.5,Yes,0.0,None
20:19:18.108,Active,408.0,2.4,98.2,12.1,74.3,Yes,0.0,None
20:19:18.522,Active,406.7,2.4,98.8,12.1,74.9,Yes,0.0,None
20:19:18.951,Active,423.3,2.4,98.8,12.1,75.5,Yes,0.0,None
20:19:19.366,Active,406.1,2.4,98.2,12.1,76.5,Yes,0.0,None
20:19:19.789,Active,413.2,2.4,97.0,12.1,74.9,Yes,0.0,None
20:19:20.206,Active,407.3,2.4,97.6,12.1,75.5,Yes,0.0,None
20:19:20.624,Active,408.9,2.4,98.8,12.1,74.3,Yes,0.0,None
20:19:21.041,Active,408.8,2.4,97.6,12.1,75.5,Yes,0.0,None
20:19:21.457,Active,407.5,2.4,98.8,12.1,74.9,Yes,0.0,None
20:19:21.881,Active,409.6,2.4,97.1,12.1,75.5,Yes,0.0,None
20:19:22.294,Active,406.8,2.4,98.8,12.1,74.9,Yes,0.0,None
20:19:22.713,Active,409.3,2.4,97.6,12.1,74.3,Yes,0.0,None
20:19:23.128,Active,405.8,2.4,98.2,12.1,75.5,Yes,0.0,None
20:19:23.544,Active,408.9,2.4,98.8,12.1,74.9,Yes,0.0,None
20:19:23.960,Active,408.6,2.4,98.2,12.1,74.3,Yes,0.0,None
20:19:24.373,Active,406.7,2.4,98.8,12.1,75.5,Yes,0.0,None
20:19:24.788,Active,409.0,2.4,99.4,12.1,76.0,Yes,0.0,None
20:19:25.201,Active,405.9,2.4,98.8,12.0,76.0,Yes,0.0,None
20:19:25.615,Active,405.3,2.4,98.8,12.1,74.9,Yes,0.0,None
20:19:26.034,Active,409.9,2.4,98.2,12.1,75.5,Yes,0.0,None
20:19:26.449,Active,406.9,2.4,98.2,12.1,74.9,Yes,0.0,None
20:19:26.866,Active,408.2,2.4,98.8,12.1,75.5,Yes,0.0,None
20:19:27.283,Active,408.2,2.4,98.8,12.1,76.0,Yes,0.0,None
20:19:27.701,Active,411.5,2.4,98.2,12.0,76.0,Yes,0.0,None
20:19:28.114,Active,407.1,2.4,98.8,12.0,74.9,Yes,0.0,None
20:19:28.526,Active,405.0,2.4,98.8,12.0,76.5,Yes,0.0,None
20:19:28.944,Active,408.8,2.4,98.2,12.0,76.5,Yes,0.0,None
20:19:29.376,Active,424.6,2.4,98.8,12.0,75.5,Yes,0.0,None
20:19:29.791,Active,409.2,2.4,98.8,12.1,75.5,Yes,0.0,None
20:19:30.206,Active,406.8,2.4,98.2,12.1,75.5,Yes,0.0,None
20:19:30.621,Active,408.7,2.4,99.4,12.1,75.5,Yes,0.0,None
20:19:31.061,Active,434.1,2.4,94.3,12.0,74.9,Yes,0.0,None
20:19:31.474,Active,406.9,2.4,98.8,12.0,76.0,Yes,0.0,None
20:19:31.890,Active,410.2,2.4,99.4,12.0,76.0,Yes,0.0,None
20:19:32.309,Active,409.6,2.4,97.6,12.0,76.0,Yes,0.0,None
20:19:32.725,Active,409.6,2.4,98.2,12.0,75.5,Yes,0.0,None
20:19:33.144,Active,408.8,2.4,97.6,12.0,74.9,Yes,0.0,None
20:19:33.558,Active,406.7,2.4,98.2,12.0,76.5,Yes,0.0,None
20:19:33.976,Active,410.3,2.4,98.2,12.0,76.0,Yes,0.0,None
20:19:34.390,Active,406.6,2.4,99.4,12.0,76.5,Yes,0.0,None
20:19:34.810,Active,410.3,2.4,97.6,12.0,76.0,Yes,0.0,None
20:19:35.227,Active,406.9,2.4,98.2,12.0,76.5,Yes,0.0,None
20:19:35.646,Active,409.1,2.4,98.2,12.0,76.0,Yes,0.0,None
20:19:36.064,Active,408.0,2.4,97.6,12.0,76.0,Yes,0.0,None
20:19:36.478,Active,407.5,2.4,98.8,12.0,76.0,Yes,0.0,None
20:19:36.897,Active,409.1,2.4,98.2,12.0,76.0,Yes,0.0,None
20:19:37.307,Active,404.3,2.4,99.4,12.0,76.5,Yes,0.0,None
20:19:37.720,Active,406.3,2.4,98.8,12.0,76.0,Yes,0.0,None
20:19:38.139,Active,409.1,2.4,98.2,12.0,76.5,Yes,0.0,None
20:19:38.551,Active,403.9,2.4,98.2,12.0,76.0,Yes,0.0,None
20:19:38.971,Active,409.1,2.4,98.8,12.0,76.0,Yes,0.0,None
20:19:39.400,Active,420.7,2.4,97.7,12.0,76.5,Yes,0.0,None
20:19:39.819,Active,411.9,2.4,97.6,12.0,76.5,Yes,0.0,None
20:19:40.236,Active,410.6,2.4,98.8,12.0,76.0,Yes,0.0,None
20:19:40.651,Active,409.3,2.4,98.8,12.0,76.5,Yes,0.0,None
20:19:41.064,Active,407.0,2.4,99.4,12.0,76.0,Yes,0.0,None
20:19:41.480,Active,409.0,2.4,98.8,12.0,76.0,Yes,0.0,None
20:19:41.898,Active,410.7,2.4,98.2,12.0,76.5,Yes,0.0,None
20:19:42.314,Active,408.3,2.4,98.8,12.0,76.0,Yes,0.0,None
20:19:42.731,Active,407.7,2.4,98.2,12.0,76.0,Yes,0.0,None
20:19:43.144,Active,406.8,2.4,98.8,12.0,77.7,Yes,0.0,None
20:19:43.557,Active,406.1,2.4,98.8,12.0,77.1,Yes,0.0,None
20:19:43.977,Active,409.8,2.4,97.6,12.0,76.5,Yes,0.0,None
20:19:44.393,Active,409.7,2.4,99.4,12.0,76.0,Yes,0.0,None
20:20:29.838,Active,431.4,2.4,1.3,12.0,56.8,Yes,0.0,None
20:20:30.271,Active,423.9,2.4,95.4,12.1,59.5,Yes,0.0,None
20:20:30.719,Active,439.9,2.4,96.1,12.1,60.0,Yes,0.0,None
20:20:31.138,Active,407.7,5.8,97.6,12.1,61.1,Yes,0.0,None
20:20:31.561,Active,414.1,5.8,97.0,12.1,62.2,Yes,0.0,None
20:20:31.979,Active,409.1,5.8,98.8,12.2,63.4,Yes,0.0,None
20:20:32.402,Active,414.7,5.8,97.0,12.1,63.9,Yes,0.0,None
20:20:32.815,Active,406.8,5.8,98.8,12.2,65.0,Yes,0.0,None
20:20:33.222,Active,401.9,5.8,100.0,12.2,65.5,Yes,0.0,None
20:20:33.639,Active,406.3,5.8,98.8,12.2,65.0,Yes,0.0,None
20:20:34.054,Active,409.6,5.8,99.4,12.1,66.1,Yes,0.0,None
20:20:34.475,Active,414.6,5.8,97.0,12.1,66.7,Yes,0.0,None
20:20:34.902,Active,420.6,5.8,97.1,12.1,66.7,Yes,0.0,None
20:20:35.316,Active,408.1,2.4,99.4,12.1,67.2,Yes,0.0,None
20:20:35.732,Active,408.6,2.4,98.8,12.1,67.8,Yes,0.0,None
20:20:36.149,Active,407.6,2.4,98.2,12.1,67.8,Yes,0.0,None
20:20:36.566,Active,407.5,2.4,97.6,12.1,68.3,Yes,0.0,None
20:20:36.991,Active,417.5,2.4,98.8,12.1,68.3,Yes,0.0,None
20:20:37.405,Active,406.4,2.4,98.2,12.1,68.3,Yes,0.0,None
20:20:37.823,Active,411.2,2.4,98.2,12.1,68.8,Yes,0.0,None
20:20:38.237,Active,406.2,2.4,98.2,12.1,70.0,Yes,0.0,None
20:20:38.650,Active,406.1,2.4,99.4,12.1,68.8,Yes,0.0,None
20:20:39.067,Active,408.1,2.4,98.8,12.1,69.4,Yes,0.0,None
20:20:39.483,Active,409.6,2.4,98.2,12.1,69.4,Yes,0.0,None
20:20:39.900,Active,408.5,2.4,98.8,12.1,70.0,Yes,0.0,None
20:20:40.312,Active,404.9,2.4,98.8,12.1,70.5,Yes,0.0,None
20:20:40.726,Active,406.7,2.4,99.4,12.1,70.5,Yes,0.0,None
20:20:41.157,Active,422.0,2.4,97.1,12.1,70.5,Yes,0.0,None
20:20:41.573,Active,409.4,2.4,99.4,12.1,70.5,Yes,0.0,None
20:20:41.987,Active,407.5,2.4,98.2,12.1,70.5,Yes,0.0,None
20:20:42.402,Active,409.3,2.4,98.8,12.1,71.0,Yes,0.0,None
20:20:42.820,Active,411.7,2.4,98.8,12.1,70.5,Yes,0.0,None
20:20:43.233,Active,407.5,2.4,99.4,12.1,71.0,Yes,0.0,None
20:20:43.652,Active,408.7,2.4,98.2,12.1,72.2,Yes,0.0,None
20:20:44.065,Active,406.0,2.4,98.2,12.1,71.0,Yes,0.0,None
20:20:44.481,Active,407.5,2.4,98.2,12.1,72.2,Yes,0.0,None
20:20:44.902,Active,410.6,2.4,98.2,12.1,71.6,Yes,0.0,None
20:20:45.318,Active,406.6,2.4,98.2,12.0,71.6,Yes,0.0,None
20:20:45.736,Active,408.9,2.4,98.2,12.1,72.2,Yes,0.0,None
20:20:46.153,Active,407.5,2.4,97.6,12.0,73.2,Yes,0.0,None
20:20:46.569,Active,406.0,2.4,98.2,12.0,72.2,Yes,0.0,None
20:20:46.988,Active,408.7,2.4,98.2,12.1,72.2,Yes,0.0,None
20:20:47.403,Active,405.7,2.4,98.2,12.1,72.2,Yes,0.0,None
20:20:47.822,Active,410.0,2.4,98.2,12.1,73.2,Yes,0.0,None
20:20:48.236,Active,406.6,2.4,98.2,12.1,72.7,Yes,0.0,None
20:20:48.653,Active,406.7,2.4,98.2,12.1,72.2,Yes,0.0,None
20:20:49.072,Active,408.7,2.4,98.2,12.1,72.7,Yes,0.0,None
20:20:49.488,Active,407.4,2.4,98.2,12.1,71.0,Yes,0.0,None
20:20:49.906,Active,409.6,2.4,98.8,12.1,72.7,Yes,0.0,None
20:20:50.321,Active,407.5,2.4,98.2,12.1,72.7,Yes,0.0,None
20:20:50.740,Active,409.4,2.4,98.2,12.1,72.7,Yes,0.0,None
20:20:51.175,Active,424.9,2.4,98.3,12.1,72.7,Yes,0.0,None
20:20:51.591,Active,408.0,2.4,98.2,12.1,72.7,Yes,0.0,None
20:20:52.007,Active,410.1,2.4,99.4,12.1,73.2,Yes,0.0,None
20:20:52.437,Active,423.4,2.4,95.9,12.1,73.2,Yes,0.0,None
20:20:52.853,Active,410.0,2.4,98.8,12.1,73.8,Yes,0.0,None
20:20:53.268,Active,408.3,2.4,98.8,12.0,73.8,Yes,0.0,None
20:20:53.679,Active,405.7,2.4,99.4,12.0,73.8,Yes,0.0,None
20:20:54.104,Active,414.3,2.4,97.6,12.1,73.8,Yes,0.0,None
20:20:54.517,Active,405.6,2.4,98.2,12.0,73.2,Yes,0.0,None
20:20:54.935,Active,412.5,2.4,99.4,12.0,73.8,Yes,0.0,None
20:20:55.351,Active,409.1,2.4,98.2,12.0,73.2,Yes,0.0,None
20:20:55.767,Active,409.8,2.4,99.4,12.0,74.3,Yes,0.0,None
20:20:56.186,Active,413.7,2.4,97.6,12.0,73.2,Yes,0.0,None
20:20:56.611,Active,415.9,2.4,97.6,12.0,73.8,Yes,0.0,None
20:20:57.041,Active,421.8,2.4,95.9,12.0,73.8,Yes,0.0,None
20:20:57.456,Active,406.3,2.4,98.2,12.0,73.8,Yes,0.0,None
20:20:57.875,Active,411.8,2.4,98.8,12.0,73.8,Yes,0.0,None
20:20:58.288,Active,406.7,2.4,98.8,12.0,73.8,Yes,0.0,None
20:20:58.708,Active,412.5,2.4,98.2,12.0,73.8,Yes,0.0,None
20:20:59.120,Active,404.9,2.4,98.2,12.0,74.3,Yes,0.0,None
20:20:59.530,Active,404.5,2.4,100.0,12.0,74.3,Yes,0.0,None
20:20:59.952,Active,413.0,2.4,98.8,12.0,73.8,Yes,0.0,None
20:21:00.367,Active,407.6,2.4,100.0,12.0,73.8,Yes,0.0,None
20:21:00.782,Active,409.6,2.4,99.4,12.0,74.3,Yes,0.0,None
20:21:01.193,Active,404.6,2.4,99.4,12.0,74.9,Yes,0.0,None
20:21:01.618,Active,418.4,2.4,99.4,12.0,74.3,Yes,0.0,None
20:21:02.033,Active,405.6,2.4,99.4,12.1,75.5,Yes,0.0,None
20:21:02.442,Active,403.0,2.4,99.4,12.1,73.2,Yes,0.0,None
20:21:02.858,Active,410.7,2.4,100.0,12.0,74.3,Yes,0.0,None
20:21:03.274,Active,407.1,2.4,97.6,12.0,74.9,Yes,0.0,None
20:21:03.687,Active,406.6,2.4,100.0,12.0,76.5,Yes,0.0,None
20:21:04.097,Active,404.3,2.4,99.4,12.0,73.2,Yes,0.0,None
20:21:04.513,Active,410.0,2.4,99.4,12.0,74.9,Yes,0.0,None
20:21:04.931,Active,412.0,2.4,98.2,12.0,74.9,Yes,0.0,None
20:21:05.348,Active,408.9,2.4,97.6,12.0,74.3,Yes,0.0,None
20:21:05.765,Active,409.7,2.4,98.8,12.0,74.9,Yes,0.0,None
20:21:06.177,Active,406.1,2.4,98.8,12.0,74.3,Yes,0.0,None
20:21:06.594,Active,406.4,2.4,98.8,12.0,74.9,Yes,0.0,None
20:21:07.009,Active,409.4,2.4,98.8,12.0,74.9,Yes,0.0,None
20:21:07.425,Active,406.3,2.4,98.2,12.0,74.9,Yes,0.0,None
20:21:07.844,Active,408.8,2.4,98.2,12.0,74.9,Yes,0.0,None
20:21:08.259,Active,407.8,2.4,98.8,12.0,74.9,Yes,0.0,None
20:21:08.677,Active,409.3,2.4,98.2,12.0,75.5,Yes,0.0,None
20:21:09.097,Active,409.5,2.4,98.2,12.0,74.9,Yes,0.0,None
20:21:09.511,Active,408.4,2.4,98.2,12.0,74.9,Yes,0.0,None
20:21:09.931,Active,412.0,2.4,98.8,12.0,74.9,Yes,0.0,None
20:21:10.348,Active,408.6,2.4,98.2,12.0,74.3,Yes,0.0,None
20:21:10.766,Active,411.3,2.4,98.2,12.0,74.3,Yes,0.0,None
20:21:11.184,Active,408.6,2.4,98.2,12.0,74.9,Yes,0.0,None
20:21:11.612,Active,421.2,2.4,98.8,12.1,74.9,Yes,0.0,None
20:21:12.031,Active,411.6,2.4,98.2,12.1,74.9,Yes,0.0,None
20:21:12.450,Active,409.0,2.4,98.2,12.1,74.3,Yes,0.0,None
20:21:12.867,Active,409.6,2.4,98.2,12.1,74.9,Yes,0.0,None
20:21:13.283,Active,409.7,2.4,98.8,12.1,76.0,Yes,0.0,None
20:21:13.707,Active,415.7,2.4,97.6,12.1,74.9,Yes,0.0,None
20:21:14.125,Active,409.9,2.4,98.2,12.1,75.5,Yes,0.0,None
20:21:14.539,Active,407.9,2.4,98.8,12.1,75.5,Yes,0.0,None
20:21:14.951,Active,406.0,2.4,99.4,12.1,75.5,Yes,0.0,None
20:21:15.363,Active,406.1,2.4,100.0,12.1,74.9,Yes,0.0,None
20:21:15.776,Active,407.3,2.4,99.4,12.1,75.5,Yes,0.0,None
20:21:16.191,Active,404.7,2.4,98.8,12.1,76.0,Yes,0.0,None
20:21:16.604,Active,406.1,2.4,98.8,12.1,74.9,Yes,0.0,None
20:21:17.020,Active,408.5,2.4,98.8,12.1,74.9,Yes,0.0,None
20:21:17.437,Active,408.1,2.4,98.2,12.1,75.5,Yes,0.0,None
20:21:17.854,Active,411.2,2.4,98.8,12.1,73.8,Yes,0.0,None
20:21:18.269,Active,408.1,2.4,98.8,12.1,75.5,Yes,0.0,None
20:21:18.684,Active,408.7,2.4,98.8,12.1,74.9,Yes,0.0,None
20:21:19.096,Active,405.2,2.4,98.8,12.1,74.9,Yes,0.0,None
20:21:19.512,Active,409.0,2.4,98.8,12.1,76.0,Yes,0.0,None
20:21:19.927,Active,408.1,2.4,98.2,12.1,75.5,Yes,0.0,None
20:21:20.343,Active,407.7,2.4,98.8,12.1,75.5,Yes,0.0,None
20:21:20.757,Active,408.6,2.4,98.8,12.1,76.0,Yes,0.0,None
20:21:21.171,Active,407.6,2.4,99.4,12.1,75.5,Yes,0.0,None
20:21:21.587,Active,409.7,2.4,97.6,12.0,75.5,Yes,0.0,None
20:21:22.015,Active,420.3,2.4,97.7,12.1,76.0,Yes,0.0,None
20:21:22.429,Active,407.1,2.4,99.4,12.1,76.0,Yes,0.0,None
20:21:22.851,Active,411.9,2.4,97.6,12.1,76.0,Yes,0.0,None
20:21:23.266,Active,409.0,2.4,98.2,12.1,74.9,Yes,0.0,None
20:21:23.683,Active,408.0,2.4,98.2,12.1,75.5,Yes,0.0,None
20:21:24.098,Active,407.3,2.4,98.8,12.1,74.9,Yes,0.0,None
20:21:24.514,Active,406.6,2.4,98.2,12.1,75.5,Yes,0.0,None
20:21:24.931,Active,408.0,2.4,98.2,12.1,76.0,Yes,0.0,None
20:21:25.344,Active,407.2,2.4,99.4,12.1,76.0,Yes,0.0,None
20:21:25.760,Active,409.0,2.4,98.8,12.1,76.0,Yes,0.0,None
20:21:26.175,Active,407.8,2.4,98.8,12.1,76.0,Yes,0.0,None
20:21:26.588,Active,407.1,2.4,98.8,12.1,76.0,Yes,0.0,None
20:21:27.004,Active,408.6,2.4,98.8,12.1,76.0,Yes,0.0,None
20:21:27.417,Active,405.7,2.4,99.4,12.1,76.5,Yes,0.0,None
20:21:27.831,Active,406.9,2.4,98.8,12.1,75.5,Yes,0.0,None
20:21:28.243,Active,406.2,2.4,100.0,12.1,76.5,Yes,0.0,None
20:21:28.660,Active,409.3,2.4,98.8,12.1,76.5,Yes,0.0,None
20:21:29.074,Active,406.9,2.4,98.2,12.1,76.0,Yes,0.0,None
20:21:29.488,Active,408.4,2.4,98.8,12.1,75.5,Yes,0.0,None
20:22:14.928,Active,425.2,2.4,1.3,12.2,59.0,Yes,0.0,None
20:22:15.337,Active,403.2,2.4,100.0,12.4,60.0,Yes,0.0,None
20:22:15.752,Active,408.9,2.4,100.0,12.3,60.0,Yes,0.0,None
20:22:16.167,Active,408.1,2.4,98.2,12.3,61.1,Yes,0.0,None
20:22:16.582,Active,409.1,2.4,98.8,12.3,61.7,Yes,0.0,None
20:22:17.024,Active,432.7,2.4,95.4,12.3,62.8,Yes,0.0,None
20:22:17.444,Active,412.8,2.4,97.0,12.3,63.4,Yes,0.0,None
20:22:17.860,Active,408.9,2.4,98.8,12.3,64.5,Yes,0.0,None
20:22:18.276,Active,408.5,2.4,98.8,12.2,64.5,Yes,0.0,None
20:22:18.689,Active,408.2,2.4,98.8,12.2,65.0,Yes,0.0,None
20:22:19.103,Active,404.1,2.4,98.8,12.2,66.1,Yes,0.0,None
20:22:19.516,Active,406.8,2.4,99.4,12.2,65.5,Yes,0.0,None
20:22:19.935,Active,408.1,2.4,97.6,12.2,66.1,Yes,0.0,None
20:22:20.352,Active,408.6,2.4,98.8,12.2,66.7,Yes,0.0,None
20:22:20.768,Active,410.4,2.4,98.8,12.2,66.7,Yes,0.0,None
20:22:21.182,Active,406.7,2.4,98.2,12.1,67.2,Yes,0.0,None
20:22:21.597,Active,406.4,2.4,98.2,12.1,67.2,Yes,0.0,None
20:22:22.016,Active,412.3,2.4,98.8,12.1,67.8,Yes,0.0,None
20:22:22.431,Active,408.3,2.4,98.2,12.1,68.3,Yes,0.0,None
20:22:22.848,Active,409.1,2.4,98.8,12.1,68.8,Yes,0.0,None
20:22:23.267,Active,408.0,2.4,97.6,12.1,68.3,Yes,0.0,None
20:22:23.710,Active,435.3,2.4,96.6,12.1,68.8,Yes,0.0,None
20:22:24.125,Active,406.3,2.4,98.8,12.1,68.8,Yes,0.0,None
20:22:24.539,Active,407.7,2.4,99.4,12.1,68.8,Yes,0.0,None
20:22:24.959,Active,414.2,2.4,97.0,12.1,69.4,Yes,0.0,None
20:22:25.374,Active,409.1,2.4,99.4,12.1,70.5,Yes,0.0,None
20:22:25.787,Active,406.7,2.4,99.4,12.1,70.0,Yes,0.0,None
20:22:26.198,Active,405.3,2.4,99.4,12.1,71.0,Yes,0.0,None
20:22:26.610,Active,406.3,2.4,99.4,12.0,70.5,Yes,0.0,None
20:22:27.026,Active,408.7,2.4,98.8,12.0,70.5,Yes,0.0,None
20:22:27.543,Active,406.8,2.4,79.5,12.0,70.5,Yes,0.0,None
20:22:27.959,Active,408.8,2.4,98.8,12.0,70.0,Yes,0.0,None
20:22:28.373,Active,408.4,2.4,98.8,12.0,71.0,Yes,0.0,None
20:22:28.792,Active,409.9,2.4,98.2,12.1,71.0,Yes,0.0,None
20:22:29.203,Active,404.1,2.4,98.8,12.1,71.6,Yes,0.0,None
20:22:29.616,Active,406.6,2.4,99.4,12.0,70.5,Yes,0.0,None
20:22:30.031,Active,409.8,2.4,99.4,12.0,71.0,Yes,0.0,None
20:22:30.448,Active,410.7,2.4,98.2,12.0,71.0,Yes,0.0,None
20:22:30.864,Active,409.3,2.4,98.8,12.0,71.6,Yes,0.0,None
20:22:31.280,Active,408.8,2.4,98.8,12.1,71.6,Yes,0.0,None
20:22:31.694,Active,407.1,2.4,98.8,12.1,72.2,Yes,0.0,None
20:22:32.115,Active,414.5,2.4,97.0,12.1,72.2,Yes,0.0,None
20:22:32.535,Active,412.4,2.4,97.6,12.1,72.2,Yes,0.0,None
20:22:32.951,Active,409.5,2.4,98.8,12.1,72.7,Yes,0.0,None
20:22:33.368,Active,410.3,2.4,98.2,12.1,72.2,Yes,0.0,None
20:22:33.805,Active,430.3,2.4,96.0,12.2,72.2,Yes,0.0,None
20:22:34.239,Active,424.1,2.4,96.0,12.2,71.6,Yes,0.0,None
20:22:34.662,Active,415.3,2.4,97.0,12.2,72.2,Yes,0.0,None
20:22:35.078,Active,406.6,2.4,98.2,12.2,72.7,Yes,0.0,None
20:22:35.521,Active,433.6,2.4,94.9,12.2,72.7,Yes,0.0,None
20:22:35.943,Active,416.2,2.4,98.2,12.2,72.7,Yes,0.0,None
20:22:36.359,Active,408.3,2.4,98.2,12.2,72.7,Yes,0.0,None
20:22:36.791,Active,424.4,2.4,97.6,12.1,72.7,Yes,0.0,None
20:22:37.205,Active,407.6,2.4,98.2,12.1,72.2,Yes,0.0,None
20:22:37.638,Active,422.9,2.4,95.9,12.1,72.7,Yes,0.0,None
20:22:38.061,Active,414.3,2.4,97.0,12.1,72.7,Yes,0.0,None
20:22:38.478,Active,406.7,2.4,98.2,12.1,73.2,Yes,0.0,None
20:22:38.901,Active,414.2,2.4,97.6,12.1,73.8,Yes,0.0,None
20:22:39.343,Active,432.3,2.4,95.5,12.1,72.7,Yes,0.0,None
20:22:39.777,Active,425.5,2.3,95.9,12.1,73.8,Yes,0.0,None
20:22:40.189,Active,405.9,2.3,98.8,12.1,73.2,Yes,0.0,None
20:22:40.605,Active,407.5,2.3,98.8,12.1,73.2,Yes,0.0,None
20:22:41.032,Active,420.3,2.3,98.2,12.1,73.2,Yes,0.0,None
20:22:41.443,Active,405.5,2.3,98.8,12.1,73.2,Yes,0.0,None
20:22:41.864,Active,411.1,2.3,98.2,12.1,73.2,Yes,0.0,None
20:22:42.280,Active,407.6,2.3,98.2,12.1,73.2,Yes,0.0,None
20:22:42.699,Active,409.4,2.3,98.2,12.1,73.8,Yes,0.0,None
20:22:43.116,Active,406.9,2.3,98.2,12.1,74.3,Yes,0.0,None
20:22:43.531,Active,406.6,2.3,98.2,12.1,73.2,Yes,0.0,None
20:22:43.967,Active,425.9,2.4,97.7,12.1,74.3,Yes,0.0,None
20:22:44.409,Active,432.7,2.4,94.9,12.1,73.2,Yes,0.0,None
20:22:44.829,Active,410.9,2.4,98.2,12.1,73.8,Yes,0.0,None
20:22:45.372,Active,437.4,2.4,78.4,12.1,73.2,Yes,0.0,None
20:22:45.791,Active,409.4,2.4,98.2,12.1,73.8,Yes,0.0,None
20:22:46.206,Active,407.3,2.4,98.2,12.1,74.3,Yes,0.0,None
20:22:46.623,Active,408.2,2.4,98.2,12.1,73.8,Yes,0.0,None
20:22:47.038,Active,409.1,2.4,99.4,12.1,73.8,Yes,0.0,None
20:22:47.450,Active,402.0,2.4,97.6,12.0,73.8,Yes,0.0,None
20:22:47.874,Active,411.2,2.4,98.2,12.1,74.3,Yes,0.0,None
20:22:48.293,Active,409.6,2.3,98.2,12.1,74.3,Yes,0.0,None
20:22:48.709,Active,409.8,2.3,98.2,12.0,74.3,Yes,0.0,None
20:22:49.126,Active,407.3,2.3,98.2,12.1,73.8,Yes,0.0,None
20:22:49.544,Active,407.8,2.3,97.6,12.1,74.9,Yes,0.0,None
20:22:49.963,Active,409.9,2.3,98.2,12.0,73.8,Yes,0.0,None
20:22:50.383,Active,413.6,2.3,98.2,12.0,74.3,Yes,0.0,None
20:22:50.801,Active,408.4,2.3,97.6,12.0,74.3,Yes,0.0,None
20:22:51.227,Active,415.9,2.3,95.9,12.0,74.9,Yes,0.0,None
20:22:51.644,Active,407.4,2.3,98.2,12.0,74.3,Yes,0.0,None
20:22:52.062,Active,407.9,2.3,98.2,12.0,74.9,Yes,0.0,None
20:22:52.483,Active,413.1,2.4,97.6,12.0,74.3,Yes,0.0,None
20:22:52.901,Active,409.5,2.4,98.8,12.0,74.9,Yes,0.0,None
20:22:53.314,Active,407.2,2.4,98.8,12.0,74.3,Yes,0.0,None
20:22:53.731,Active,408.3,2.4,98.2,12.1,74.3,Yes,0.0,None
20:22:54.165,Active,425.5,2.4,98.8,12.1,74.3,Yes,0.0,None
20:22:54.579,Active,408.3,2.4,98.8,12.1,74.3,Yes,0.0,None
20:22:55.012,Active,426.3,2.4,95.9,12.1,74.3,Yes,0.0,None
20:22:55.426,Active,409.0,2.4,98.8,12.1,74.9,Yes,0.0,None
20:22:55.855,Active,419.4,2.4,97.1,12.1,74.9,Yes,0.0,None
20:22:56.268,Active,407.2,2.4,99.4,12.1,74.3,Yes,0.0,None
20:22:56.687,Active,409.2,2.4,97.6,12.1,74.9,Yes,0.0,None
20:22:57.108,Active,412.6,2.4,98.2,12.1,75.5,Yes,0.0,None
20:22:57.525,Active,411.2,2.4,98.8,12.0,74.9,Yes,0.0,None
20:22:57.942,Active,410.8,2.4,98.2,12.0,75.5,Yes,0.0,None
20:22:58.359,Active,408.4,2.4,98.2,12.1,75.5,Yes,0.0,None
20:22:58.782,Active,415.2,2.4,97.6,12.0,75.5,Yes,0.0,None
20:22:59.213,Active,421.9,2.4,95.9,12.0,76.0,Yes,0.0,None
20:22:59.629,Active,409.7,2.4,99.4,12.0,74.9,Yes,0.0,None
20:23:00.043,Active,408.1,2.4,98.2,12.0,76.0,Yes,0.0,None
20:23:00.458,Active,407.1,2.4,98.8,12.0,76.0,Yes,0.0,None
20:23:00.875,Active,411.1,2.4,98.2,12.0,74.3,Yes,0.0,None
20:23:01.290,Active,407.2,2.4,98.2,12.0,76.0,Yes,0.0,None
20:23:01.710,Active,413.5,2.4,98.2,12.0,75.5,Yes,0.0,None
20:23:02.127,Active,407.5,2.4,97.6,12.0,75.5,Yes,0.0,None
20:23:02.544,Active,409.3,2.4,98.8,12.0,75.5,Yes,0.0,None
20:23:02.974,Active,423.6,2.4,95.9,12.0,75.5,Yes,0.0,None
20:23:03.386,Active,406.3,2.4,99.4,12.0,75.5,Yes,0.0,None
20:23:03.807,Active,410.3,2.4,97.6,12.0,75.5,Yes,0.0,None
20:23:04.224,Active,407.1,2.4,98.2,12.0,76.5,Yes,0.0,None
20:23:04.652,Active,421.0,2.4,98.2,12.0,75.5,Yes,0.0,None
20:23:05.068,Active,408.5,2.4,98.8,12.0,76.0,Yes,0.0,None
20:23:05.483,Active,408.3,2.4,98.2,12.0,75.5,Yes,0.0,None
20:23:05.910,Active,418.8,2.4,97.0,12.0,76.0,Yes,0.0,None
20:23:06.321,Active,405.8,2.4,99.4,12.0,76.0,Yes,0.0,None
20:23:06.741,Active,409.4,2.4,98.2,12.0,76.0,Yes,0.0,None
20:23:07.155,Active,407.8,2.4,98.8,12.0,75.5,Yes,0.0,None
20:23:07.566,Active,405.0,2.4,98.8,12.0,75.5,Yes,0.0,None
20:23:07.983,Active,407.7,2.4,98.2,12.0,75.5,Yes,0.0,None
20:23:08.393,Active,402.3,2.4,98.8,12.0,76.0,Yes,0.0,None
20:23:08.810,Active,406.6,2.4,98.2,12.0,76.0,Yes,0.0,None
20:23:09.226,Active,408.2,2.4,98.2,12.0,75.5,Yes,0.0,None
20:23:09.641,Active,406.4,2.4,98.2,12.0,75.5,Yes,0.0,None
20:23:10.060,Active,408.4,2.4,97.6,12.0,76.0,Yes,0.0,None
20:23:10.475,Active,407.6,2.4,98.8,12.0,76.5,Yes,0.0,None
20:23:10.909,Active,425.5,2.4,95.9,12.0,76.5,Yes,0.0,None
20:23:11.323,Active,408.0,2.4,98.8,12.0,76.0,Yes,0.0,None
20:23:11.750,Active,419.0,2.4,96.5,12.0,76.0,Yes,0.0,None
20:23:12.166,Active,406.6,2.4,98.2,12.0,76.0,Yes,0.0,None
20:23:12.582,Active,407.3,2.4,98.2,12.0,77.1,Yes,0.0,None
20:23:13.000,Active,409.3,2.4,98.2,12.0,76.0,Yes,0.0,None
20:23:13.414,Active,406.5,2.4,98.8,12.0,75.5,Yes,0.0,None
20:23:13.832,Active,409.1,2.4,98.2,12.0,75.5,Yes,0.0,None
20:23:14.245,Active,406.9,2.4,98.8,12.0,76.5,Yes,0.0,None
20:23:14.681,Active,429.6,2.4,98.9,12.1,76.5,Yes,0.0,None
20:24:00.123,Active,427.6,2.4,1.3,12.1,57.9,Yes,0.0,None
20:24:00.534,Active,405.7,2.4,100.0,12.1,59.5,Yes,0.0,None
20:24:00.952,Active,408.7,2.4,98.2,12.1,60.6,Yes,0.0,None
20:24:01.376,Active,418.5,2.4,97.0,12.1,61.7,Yes,0.0,None
20:24:01.792,Active,409.4,2.4,98.8,12.1,63.9,Yes,0.0,None
20:24:02.232,Active,433.2,2.4,94.3,12.1,62.8,Yes,0.0,None
20:24:02.648,Active,408.6,3.4,99.4,12.1,63.9,Yes,0.0,None
20:24:03.072,Active,418.5,3.4,96.5,12.1,64.5,Yes,0.0,None
20:24:03.489,Active,409.8,3.4,98.8,12.1,65.0,Yes,0.0,None
20:24:03.903,Active,408.0,3.4,98.2,12.1,65.5,Yes,0.0,None
20:24:04.318,Active,407.0,3.4,98.8,12.1,65.5,Yes,0.0,None
20:24:04.743,Active,416.3,3.4,97.0,12.1,66.1,Yes,0.0,None
20:24:05.159,Active,407.7,3.4,98.8,12.1,66.7,Yes,0.0,None
20:24:05.575,Active,407.8,3.4,98.2,12.1,67.2,Yes,0.0,None
20:24:06.012,Active,430.7,3.4,98.9,12.2,67.8,Yes,0.0,None
20:24:06.430,Active,411.3,3.4,98.2,12.2,68.3,Yes,0.0,None
20:24:06.847,Active,410.4,2.4,98.2,12.2,68.3,Yes,0.0,None
20:24:07.263,Active,408.0,2.4,98.2,12.2,68.3,Yes,0.0,None
20:24:07.687,Active,418.1,2.4,98.8,12.2,68.3,Yes,0.0,None
20:24:08.166,Active,403.7,2.4,85.3,12.2,68.3,Yes,0.0,None
20:24:08.579,Active,404.1,2.4,98.8,12.1,68.8,Yes,0.0,None
20:24:08.992,Active,407.1,2.4,99.4,12.1,69.4,Yes,0.0,None
20:24:09.405,Active,406.3,2.4,98.8,12.1,70.0,Yes,0.0,None
20:24:09.823,Active,408.4,2.4,98.2,12.1,68.8,Yes,0.0,None
20:24:10.236,Active,404.9,2.4,98.8,12.1,69.4,Yes,0.0,None
20:24:10.653,Active,409.6,2.4,98.8,12.1,70.0,Yes,0.0,None
20:24:11.068,Active,408.0,2.4,98.2,12.1,70.0,Yes,0.0,None
20:24:11.492,Active,417.2,2.4,97.0,12.1,69.4,Yes,0.0,None
20:24:11.908,Active,408.9,2.4,99.4,12.1,70.5,Yes,0.0,None
20:24:12.324,Active,409.4,2.4,99.4,12.1,70.5,Yes,0.0,None
20:24:12.739,Active,407.6,2.4,98.2,12.1,71.0,Yes,0.0,None
20:24:13.151,Active,406.2,2.4,99.4,12.1,70.5,Yes,0.0,None
20:24:13.569,Active,412.0,2.4,97.6,12.0,71.6,Yes,0.0,None
20:24:13.981,Active,407.0,2.4,99.4,12.0,71.6,Yes,0.0,None
20:24:14.400,Active,408.6,2.4,98.2,12.0,70.5,Yes,0.0,None
20:24:14.813,Active,407.6,2.4,99.4,12.0,71.6,Yes,0.0,None
20:24:15.234,Active,408.5,2.4,98.2,12.1,71.6,Yes,0.0,None
20:24:15.647,Active,407.1,2.4,98.8,12.1,71.0,Yes,0.0,None
20:24:16.078,Active,420.7,2.4,97.1,12.2,72.2,Yes,0.0,None
20:24:16.496,Active,407.9,2.4,98.2,12.2,72.2,Yes,0.0,None
20:24:16.916,Active,410.6,2.4,98.2,12.2,72.2,Yes,0.0,None
20:24:17.329,Active,406.3,2.4,98.8,12.2,71.6,Yes,0.0,None
20:24:17.748,Active,408.9,2.4,97.6,12.2,71.6,Yes,0.0,None
20:24:18.165,Active,406.8,2.4,98.2,12.2,72.7,Yes,0.0,None
20:24:18.582,Active,407.7,2.4,98.2,12.2,72.7,Yes,0.0,None
20:24:18.999,Active,407.9,2.4,98.2,12.1,72.7,Yes,0.0,None
20:24:19.415,Active,406.1,2.4,98.2,12.1,73.2,Yes,0.0,None
20:24:19.836,Active,412.9,2.4,97.6,12.1,73.2,Yes,0.0,None
20:24:20.248,Active,405.2,2.4,99.4,12.1,72.7,Yes,0.0,None
20:24:20.664,Active,408.7,2.4,98.8,12.1,72.2,Yes,0.0,None
20:24:21.084,Active,409.0,2.4,97.6,12.1,73.2,Yes,0.0,None
20:24:21.497,Active,405.6,2.4,98.2,12.1,73.2,Yes,0.0,None
20:24:21.914,Active,411.1,2.4,98.2,12.1,73.2,Yes,0.0,None
20:24:22.331,Active,407.2,2.4,98.8,12.1,72.7,Yes,0.0,None
20:24:22.750,Active,409.8,2.4,97.6,12.1,73.2,Yes,0.0,None
20:24:23.170,Active,407.2,2.4,97.6,12.1,73.2,Yes,0.0,None
20:24:23.587,Active,406.8,2.4,98.2,12.1,72.2,Yes,0.0,None
20:24:24.010,Active,414.7,2.4,97.6,12.1,73.2,Yes,0.0,None
20:24:24.425,Active,405.9,2.4,98.8,12.1,72.2,Yes,0.0,None
20:24:24.841,Active,409.9,2.4,98.8,12.1,73.2,Yes,0.0,None
20:24:25.259,Active,407.0,2.4,98.2,12.1,74.3,Yes,0.0,None
20:24:25.677,Active,409.2,2.4,97.6,12.1,73.2,Yes,0.0,None
20:24:26.097,Active,409.6,2.4,98.2,12.1,73.2,Yes,0.0,None
20:24:26.531,Active,428.0,2.4,98.3,12.1,74.3,Yes,0.0,None
20:24:26.950,Active,411.9,2.4,98.8,12.1,73.8,Yes,0.0,None
20:24:27.371,Active,407.7,2.4,96.4,12.1,74.9,Yes,0.0,None
20:24:27.789,Active,409.7,2.4,98.2,12.1,73.8,Yes,0.0,None
20:24:28.204,Active,407.6,2.4,98.8,12.1,73.2,Yes,0.0,None
20:24:28.622,Active,408.9,2.4,98.2,12.1,74.3,Yes,0.0,None
20:24:29.036,Active,407.8,2.4,98.8,12.1,74.3,Yes,0.0,None
20:24:29.459,Active,413.0,2.4,97.6,12.1,73.8,Yes,0.0,None
20:24:29.881,Active,411.6,2.4,98.2,12.1,73.8,Yes,0.0,None
20:24:30.303,Active,412.5,2.4,97.7,12.1,73.8,Yes,0.0,None
20:24:30.721,Active,408.9,2.4,98.2,12.1,74.3,Yes,0.0,None
20:24:31.137,Active,408.3,2.4,98.2,12.1,73.8,Yes,0.0,None
20:24:31.554,Active,408.4,2.4,98.2,12.1,74.9,Yes,0.0,None
20:24:31.973,Active,408.9,2.4,98.2,12.1,74.3,Yes,0.0,None
20:24:32.386,Active,407.2,2.4,98.8,12.1,73.8,Yes,0.0,None
20:24:32.798,Active,405.5,2.4,99.4,12.1,74.9,Yes,0.0,None
20:24:33.210,Active,406.4,2.4,99.4,12.1,74.3,Yes,0.0,None
20:24:33.624,Active,408.5,2.4,99.4,12.1,73.8,Yes,0.0,None
20:24:34.039,Active,409.2,2.4,98.8,12.1,74.9,Yes,0.0,None
20:24:34.455,Active,407.7,2.4,98.8,12.2,74.9,Yes,0.0,None
20:24:34.872,Active,409.5,2.4,98.2,12.2,74.9,Yes,0.0,None
20:24:35.286,Active,407.2,2.4,98.8,12.2,76.0,Yes,0.0,None
20:24:35.701,Active,408.6,2.4,99.4,12.2,74.9,Yes,0.0,None
20:24:36.113,Active,405.8,2.4,98.8,12.2,74.9,Yes,0.0,None
20:24:36.532,Active,414.1,2.4,98.2,12.1,74.9,Yes,0.0,None
20:24:36.977,Active,434.1,2.4,97.7,12.2,74.9,Yes,0.0,None
20:24:37.395,Active,408.7,2.4,97.6,12.2,74.9,Yes,0.0,None
20:24:37.817,Active,411.0,2.4,98.2,12.2,74.3,Yes,0.0,None
20:24:38.240,Active,415.6,2.4,97.6,12.2,75.5,Yes,0.0,None
20:24:38.662,Active,414.8,2.4,98.2,12.1,75.5,Yes,0.0,None
20:24:39.074,Active,406.6,2.4,98.8,12.1,74.9,Yes,0.0,None
20:24:39.486,Active,406.0,2.4,99.4,12.1,75.5,Yes,0.0,None
20:24:39.903,Active,409.3,2.4,98.8,12.1,74.9,Yes,0.0,None
20:24:40.315,Active,406.0,2.4,98.8,12.1,75.5,Yes,0.0,None
20:24:40.730,Active,409.7,2.4,99.4,12.1,74.9,Yes,0.0,None
20:24:41.142,Active,406.0,2.4,99.4,12.1,75.5,Yes,0.0,None
20:24:41.555,Active,406.8,2.4,99.4,12.1,75.5,Yes,0.0,None
20:24:41.971,Active,410.0,2.4,99.4,12.1,75.5,Yes,0.0,None
20:24:42.382,Active,405.0,2.4,99.4,12.1,76.5,Yes,0.0,None
20:24:42.798,Active,408.4,2.4,98.8,12.1,75.5,Yes,0.0,None
20:24:43.211,Active,406.8,2.4,98.8,12.1,75.5,Yes,0.0,None
20:24:43.629,Active,409.0,2.4,98.2,12.1,75.5,Yes,0.0,None
20:24:44.046,Active,408.2,2.4,98.8,12.1,76.0,Yes,0.0,None
20:24:44.462,Active,407.4,2.4,98.2,12.1,76.0,Yes,0.0,None
20:24:44.880,Active,408.8,2.4,98.2,12.1,75.5,Yes,0.0,None
20:24:45.296,Active,408.7,2.4,98.8,12.1,75.5,Yes,0.0,None
20:24:45.711,Active,408.9,2.4,98.8,12.1,76.0,Yes,0.0,None
20:24:46.126,Active,406.9,2.4,98.2,12.1,76.5,Yes,0.0,None
20:24:46.549,Active,414.0,2.4,97.6,12.1,76.5,Yes,0.0,None
20:24:46.982,Active,424.2,2.4,98.3,12.1,76.0,Yes,0.0,None
20:24:47.397,Active,407.0,2.4,98.8,12.1,75.5,Yes,0.0,None
20:24:47.813,Active,409.6,2.4,98.8,12.1,76.5,Yes,0.0,None
20:24:48.227,Active,407.9,2.4,98.8,12.1,77.1,Yes,0.0,None
20:24:48.646,Active,409.8,2.4,98.2,12.1,76.0,Yes,0.0,None
20:24:49.090,Active,434.0,2.4,94.3,12.1,76.0,Yes,0.0,None
20:24:49.503,Active,406.6,2.4,98.2,12.1,76.0,Yes,0.0,None
20:24:49.927,Active,416.2,2.4,97.6,12.0,75.5,Yes,0.0,None
20:24:50.340,Active,406.8,2.4,98.8,12.0,76.0,Yes,0.0,None
20:24:50.760,Active,412.7,2.4,98.8,12.0,75.5,Yes,0.0,None
20:24:51.179,Active,408.2,2.4,97.0,12.0,76.5,Yes,0.0,None
20:24:51.595,Active,408.4,2.4,98.8,12.0,75.5,Yes,0.0,None
20:24:52.018,Active,414.4,2.4,97.6,12.0,76.0,Yes,0.0,None
20:24:52.433,Active,409.0,2.4,99.4,12.0,75.5,Yes,0.0,None
20:24:52.852,Active,412.7,2.4,98.2,12.0,76.0,Yes,0.0,None
20:24:53.265,Active,407.9,2.4,98.2,12.0,75.5,Yes,0.0,None
20:24:53.686,Active,409.8,2.4,97.6,12.0,76.5,Yes,0.0,None
20:24:54.100,Active,407.5,2.4,99.4,12.0,76.5,Yes,0.0,None
20:24:54.514,Active,407.0,2.4,98.8,12.0,76.0,Yes,0.0,None
20:24:54.933,Active,410.0,2.4,98.2,12.0,76.5,Yes,0.0,None
20:24:55.347,Active,408.1,2.4,98.8,12.0,76.0,Yes,0.0,None
20:24:55.761,Active,408.3,2.4,99.4,12.0,77.1,Yes,0.0,None
20:24:56.205,Active,433.5,2.4,94.9,12.0,76.5,Yes,0.0,None
20:24:56.625,Active,414.2,2.4,97.6,12.0,76.0,Yes,0.0,None
20:24:57.048,Active,417.3,2.4,99.4,12.0,76.0,Yes,0.0,None
20:24:57.465,Active,409.9,2.4,98.2,12.0,76.0,Yes,0.0,None
20:24:57.882,Active,409.0,2.4,98.2,12.1,77.1,Yes,0.0,None
20:24:58.297,Active,406.4,2.4,98.2,12.1,76.0,Yes,0.0,None
20:24:58.715,Active,410.6,2.4,98.8,12.1,76.5,Yes,0.0,None
20:24:59.132,Active,406.0,2.4,98.2,12.1,76.0,Yes,0.0,None
20:24:59.549,Active,408.0,2.4,98.2,12.0,76.5,Yes,0.0,None
20:24:59.965,Active,407.6,2.4,98.2,12.0,77.1,Yes,0.0,None
20:25:45.405,Active,426.8,2.4,1.3,12.0,57.3,Yes,0.0,None
20:25:45.821,Active,410.1,2.4,99.4,12.0,59.0,Yes,0.0,None
20:25:46.234,Active,406.3,7.9,98.8,12.0,60.6,Yes,0.0,None
20:25:46.650,Active,408.2,7.9,97.6,12.0,61.1,Yes,0.0,None
20:25:47.063,Active,407.3,7.9,98.8,12.0,62.8,Yes,0.0,None
20:25:47.480,Active,407.2,7.9,98.2,12.0,64.5,Yes,0.0,None
20:25:47.900,Active,410.1,7.9,98.2,12.0,63.9,Yes,0.0,None
20:25:48.329,Active,422.0,7.9,98.8,12.1,64.5,Yes,0.0,None
20:25:48.747,Active,409.1,7.9,98.2,12.2,65.0,Yes,0.0,None
20:25:49.161,Active,406.3,7.9,98.2,12.2,64.5,Yes,0.0,None
20:25:49.578,Active,408.6,7.9,98.2,12.1,66.7,Yes,0.0,None
20:25:49.997,Active,409.7,7.9,98.8,12.2,67.2,Yes,0.0,None
20:25:50.412,Active,408.8,2.4,98.2,12.2,66.1,Yes,0.0,None
20:25:50.829,Active,410.2,2.4,98.8,12.2,67.8,Yes,0.0,None
20:25:51.249,Active,409.8,2.4,98.2,12.2,67.8,Yes,0.0,None
20:25:51.664,Active,409.7,2.4,98.8,12.1,67.8,Yes,0.0,None
20:25:52.079,Active,407.8,2.4,98.8,12.2,68.3,Yes,0.0,None
20:25:52.496,Active,408.6,2.4,98.8,12.2,67.2,Yes,0.0,None
20:25:52.913,Active,410.2,2.4,98.2,12.2,68.3,Yes,0.0,None
20:25:53.325,Active,405.4,2.4,98.8,12.2,68.8,Yes,0.0,None
20:25:53.744,Active,412.6,2.4,98.8,12.1,69.4,Yes,0.0,None
20:25:54.158,Active,408.4,2.4,98.2,12.1,69.4,Yes,0.0,None
20:25:54.574,Active,406.7,2.4,98.2,12.2,70.0,Yes,0.0,None
20:25:54.987,Active,407.3,2.4,99.4,12.2,69.4,Yes,0.0,None
20:25:55.398,Active,404.4,2.4,98.8,12.2,71.0,Yes,0.0,None
20:25:55.815,Active,411.1,2.4,100.0,12.1,71.0,Yes,0.0,None
20:25:56.227,Active,406.0,2.4,99.4,12.1,70.0,Yes,0.0,None
20:25:56.639,Active,406.3,2.4,99.4,12.1,70.5,Yes,0.0,None
20:25:57.054,Active,409.8,2.4,99.4,12.1,70.5,Yes,0.0,None
20:25:57.469,Active,408.6,2.4,98.8,12.1,70.5,Yes,0.0,None
20:25:57.895,Active,419.2,2.4,96.4,12.1,71.0,Yes,0.0,None
20:25:58.313,Active,407.6,2.4,97.6,12.1,71.0,Yes,0.0,None
20:25:58.749,Active,426.4,2.4,98.3,12.1,70.5,Yes,0.0,None
20:25:59.169,Active,414.2,2.4,97.6,12.1,71.6,Yes,0.0,None
20:25:59.589,Active,411.1,2.4,98.2,12.1,70.5,Yes,0.0,None
20:26:00.005,Active,410.4,2.4,98.2,12.1,71.6,Yes,0.0,None
20:26:00.420,Active,408.1,2.4,99.4,12.1,71.6,Yes,0.0,None
20:26:00.834,Active,407.4,2.4,98.2,12.1,71.6,Yes,0.0,None
20:26:01.248,Active,407.5,2.4,98.8,12.1,72.2,Yes,0.0,None
20:26:01.668,Active,412.9,2.4,98.8,12.1,71.6,Yes,0.0,None
20:26:02.086,Active,407.5,2.4,97.0,12.1,72.2,Yes,0.0,None
20:26:02.502,Active,407.5,2.4,98.2,12.1,71.6,Yes,0.0,None
20:26:02.923,Active,411.2,2.4,97.6,12.1,71.6,Yes,0.0,None
20:26:03.336,Active,405.2,2.4,98.8,12.1,72.7,Yes,0.0,None
20:26:03.752,Active,408.7,2.4,98.8,12.1,72.7,Yes,0.0,None
20:26:04.165,Active,405.8,2.4,98.8,12.1,72.7,Yes,0.0,None
20:26:04.579,Active,408.3,2.4,98.2,12.1,71.6,Yes,0.0,None
20:26:04.995,Active,409.8,2.4,99.4,12.1,72.7,Yes,0.0,None
20:26:05.412,Active,408.7,2.4,98.2,12.1,72.7,Yes,0.0,None
20:26:05.826,Active,408.5,2.4,98.8,12.1,72.2,Yes,0.0,None
20:26:06.339,Active,403.9,2.4,79.0,12.1,73.2,Yes,0.0,None
20:26:06.757,Active,408.7,2.4,98.8,12.1,73.8,Yes,0.0,None
20:26:07.174,Active,407.3,2.4,97.6,12.1,73.8,Yes,0.0,None
20:26:07.588,Active,406.1,2.4,98.8,12.1,73.8,Yes,0.0,None
20:26:08.009,Active,413.7,2.4,98.2,12.1,73.2,Yes,0.0,None
20:26:08.423,Active,408.3,2.4,99.4,12.2,74.3,Yes,0.0,None
20:26:08.860,Active,430.5,2.4,98.3,12.2,73.8,Yes,0.0,None
20:26:09.274,Active,406.6,2.4,98.2,12.2,73.2,Yes,0.0,None
20:26:09.688,Active,409.1,2.4,98.8,12.2,73.2,Yes,0.0,None
20:26:10.102,Active,407.0,2.4,98.8,12.2,73.8,Yes,0.0,None
20:26:10.518,Active,407.1,2.4,98.8,12.2,74.3,Yes,0.0,None
20:26:10.935,Active,411.3,2.4,97.6,12.1,73.8,Yes,0.0,None
20:26:11.352,Active,410.7,2.4,98.8,12.1,73.8,Yes,0.0,None
20:26:11.784,Active,425.1,2.4,96.0,12.1,73.8,Yes,0.0,None
20:26:12.197,Active,406.1,2.4,98.8,12.1,73.8,Yes,0.0,None
20:26:12.611,Active,407.6,2.4,99.4,12.1,72.7,Yes,0.0,None
20:26:13.023,Active,405.9,2.4,98.8,12.1,74.3,Yes,0.0,None
20:26:13.446,Active,416.9,2.4,98.2,12.1,74.3,Yes,0.0,None
20:26:13.861,Active,409.3,2.4,100.0,12.1,74.3,Yes,0.0,None
20:26:14.275,Active,406.2,2.4,98.2,12.1,73.8,Yes,0.0,None
20:26:14.687,Active,406.2,2.4,99.4,12.1,74.9,Yes,0.0,None
20:26:15.110,Active,417.7,2.4,97.6,12.1,73.8,Yes,0.0,None
20:26:15.535,Active,419.2,2.4,98.8,12.0,73.8,Yes,0.0,None
20:26:15.949,Active,407.4,2.4,99.4,12.0,75.5,Yes,0.0,None
20:26:16.358,Active,403.0,2.4,98.8,12.1,74.3,Yes,0.0,None
20:26:16.771,Active,406.3,2.4,98.8,12.1,74.3,Yes,0.0,None
20:26:17.182,Active,405.8,2.4,99.4,12.1,74.3,Yes,0.0,None
20:26:17.594,Active,406.3,2.4,99.4,12.1,74.9,Yes,0.0,None
20:26:18.010,Active,409.7,2.4,98.8,12.0,74.3,Yes,0.0,None
20:26:18.441,Active,422.3,2.4,95.9,12.0,74.3,Yes,0.0,None
20:26:18.869,Active,418.4,2.4,95.9,12.0,74.3,Yes,0.0,None
20:26:19.301,Active,422.3,2.4,98.3,12.2,74.9,Yes,0.0,None
20:26:19.735,Active,423.5,2.4,96.0,12.2,74.3,Yes,0.0,None
20:26:20.153,Active,410.1,2.4,97.6,12.2,74.9,Yes,0.0,None
20:26:20.569,Active,407.6,2.4,98.2,12.3,74.3,Yes,0.0,None
20:26:20.988,Active,408.8,2.4,97.6,12.3,74.3,Yes,0.0,None
20:26:21.401,Active,407.0,2.4,98.8,12.3,74.9,Yes,0.0,None
20:26:21.816,Active,409.3,2.4,99.4,12.2,74.9,Yes,0.0,None
20:26:22.232,Active,409.9,2.4,99.4,12.2,74.9,Yes,0.0,None
20:26:22.652,Active,412.8,2.4,97.6,12.2,74.9,Yes,0.0,None
20:26:23.068,Active,407.7,2.4,98.2,12.2,74.9,Yes,0.0,None
20:26:23.485,Active,407.7,2.4,98.2,12.2,74.9,Yes,0.0,None
20:26:23.904,Active,410.7,2.4,98.2,12.2,74.9,Yes,0.0,None
20:26:24.317,Active,405.4,2.4,98.8,12.2,74.9,Yes,0.0,None
20:26:24.732,Active,408.8,2.4,99.4,12.2,76.0,Yes,0.0,None
20:26:25.174,Active,435.3,2.4,94.9,12.1,74.9,Yes,0.0,None
20:26:25.601,Active,418.2,2.4,96.4,12.1,74.9,Yes,0.0,None
20:26:26.026,Active,414.6,2.4,97.1,12.1,75.5,Yes,0.0,None
20:26:26.469,Active,433.9,2.4,94.3,12.1,74.9,Yes,0.0,None
20:26:26.888,Active,410.5,2.4,98.8,12.1,74.9,Yes,0.0,None
20:26:27.307,Active,413.1,2.4,98.2,12.1,75.5,Yes,0.0,None
20:26:27.725,Active,410.1,2.4,98.2,12.1,75.5,Yes,0.0,None
20:26:28.140,Active,406.4,2.4,98.2,12.1,76.0,Yes,0.0,None
20:26:28.556,Active,408.8,2.4,98.8,12.1,75.5,Yes,0.0,None
20:26:28.976,Active,412.5,2.4,98.8,12.1,75.5,Yes,0.0,None
20:26:29.405,Active,423.7,2.4,98.2,12.1,75.5,Yes,0.0,None
20:26:29.825,Active,410.0,2.4,98.8,12.1,76.0,Yes,0.0,None
20:26:30.348,Active,413.4,2.4,78.8,12.1,75.5,Yes,0.0,None
20:26:30.768,Active,410.4,2.4,98.2,12.1,76.5,Yes,0.0,None
20:26:31.183,Active,407.5,2.4,98.2,12.1,74.9,Yes,0.0,None
20:26:31.602,Active,409.0,2.4,97.6,12.1,74.9,Yes,0.0,None
20:26:32.020,Active,408.6,2.4,98.8,12.1,75.5,Yes,0.0,None
20:26:32.435,Active,406.6,2.3,98.2,12.1,74.9,Yes,0.0,None
20:26:32.856,Active,413.0,2.3,98.8,12.1,75.5,Yes,0.0,None
20:26:33.270,Active,407.2,2.3,97.6,12.1,76.5,Yes,0.0,None
20:26:33.690,Active,410.0,2.3,98.2,12.1,75.5,Yes,0.0,None
20:26:34.105,Active,407.5,2.3,98.2,12.0,75.5,Yes,0.0,None
20:26:34.522,Active,407.0,2.3,98.2,12.0,75.5,Yes,0.0,None
20:26:34.940,Active,408.6,2.3,98.2,12.0,76.0,Yes,0.0,None
20:26:35.356,Active,405.9,2.3,98.2,12.0,76.0,Yes,0.0,None
20:26:35.772,Active,407.2,2.3,98.2,12.0,75.5,Yes,0.0,None
20:26:36.188,Active,405.5,2.3,98.2,12.0,76.0,Yes,0.0,None
20:26:36.605,Active,407.0,2.4,98.2,12.0,77.1,Yes,0.0,None
20:26:37.030,Active,417.0,2.4,98.8,12.1,77.1,Yes,0.0,None
20:26:37.445,Active,407.3,2.4,98.2,12.1,77.1,Yes,0.0,None
20:26:37.865,Active,409.7,2.4,98.2,12.1,76.0,Yes,0.0,None
20:26:38.280,Active,407.8,2.4,98.8,12.1,75.5,Yes,0.0,None
20:26:38.700,Active,410.7,2.4,98.2,12.1,75.5,Yes,0.0,None
20:26:39.118,Active,407.9,2.4,98.2,12.1,76.0,Yes,0.0,None
20:26:39.537,Active,409.6,2.4,98.2,12.1,75.5,Yes,0.0,None
20:26:39.954,Active,411.0,2.4,99.4,12.1,75.5,Yes,0.0,None
20:26:40.370,Active,406.3,2.4,98.8,12.1,76.0,Yes,0.0,None
20:26:40.787,Active,408.7,2.4,98.2,12.1,76.0,Yes,0.0,None
20:26:41.203,Active,406.1,2.4,98.2,12.1,76.0,Yes,0.0,None
20:26:41.616,Active,406.2,2.4,98.8,12.1,75.5,Yes,0.0,None
20:26:42.032,Active,409.1,2.4,98.8,12.0,76.5,Yes,0.0,None
20:26:42.449,Active,409.0,2.4,98.8,12.1,76.0,Yes,0.0,None
20:26:42.865,Active,409.8,2.4,98.2,12.1,76.0,Yes,0.0,None
20:26:43.280,Active,406.5,2.4,98.8,12.1,75.5,Yes,0.0,None
20:26:43.697,Active,406.9,2.4,97.6,12.1,76.0,Yes,0.0,None
20:26:44.113,Active,409.6,2.4,98.8,12.1,76.0,Yes,0.0,None
20:26:44.527,Active,408.3,2.4,98.8,12.1,76.0,Yes,0.0,None
20:26:44.945,Active,411.5,2.4,98.2,12.1,76.5,Yes,0.0,None
20:26:45.362,Active,408.3,2.4,98.2,12.0,76.0,Yes,0.0,None
20:27:30.817,Active,438.6,2.4,1.3,12.1,57.3,Yes,0.0,None
20:27:31.235,Active,407.9,2.4,99.4,12.2,59.0,Yes,0.0,None
20:27:31.650,Active,408.3,2.4,98.2,12.2,60.0,Yes,0.0,None
20:27:32.062,Active,403.2,2.4,98.8,12.2,62.2,Yes,0.0,None
20:27:32.478,Active,405.6,2.4,98.8,12.2,61.1,Yes,0.0,None
20:27:32.894,Active,408.3,2.4,98.8,12.2,62.8,Yes,0.0,None
20:27:33.310,Active,408.5,2.4,98.8,12.2,63.9,Yes,0.0,None
20:27:33.726,Active,408.3,2.4,98.8,12.1,64.5,Yes,0.0,None
20:27:34.139,Active,406.6,2.7,98.8,12.1,64.5,Yes,0.0,None
20:27:34.553,Active,407.1,2.7,98.8,12.1,65.5,Yes,0.0,None
20:27:34.970,Active,411.0,2.7,98.8,12.1,67.2,Yes,0.0,None
20:27:35.393,Active,414.3,2.7,97.6,12.1,66.1,Yes,0.0,None
20:27:35.815,Active,411.3,2.7,97.6,12.1,66.7,Yes,0.0,None
20:27:36.230,Active,408.1,2.7,98.8,12.1,66.7,Yes,0.0,None
20:27:36.646,Active,406.9,2.7,98.2,12.1,67.2,Yes,0.0,None
20:27:37.064,Active,408.4,2.7,98.2,12.0,67.2,Yes,0.0,None
20:27:37.477,Active,407.1,2.7,98.8,12.1,67.8,Yes,0.0,None
20:27:37.897,Active,411.4,2.7,98.2,12.1,67.8,Yes,0.0,None
20:27:38.313,Active,407.0,2.4,98.2,12.1,68.3,Yes,0.0,None
20:27:38.726,Active,407.2,2.4,98.8,12.1,68.3,Yes,0.0,None
20:27:39.142,Active,407.2,2.4,98.2,12.1,68.8,Yes,0.0,None
20:27:39.558,Active,407.2,2.4,98.2,12.1,69.4,Yes,0.0,None
20:27:39.980,Active,415.3,2.4,98.2,12.1,69.4,Yes,0.0,None
20:27:40.396,Active,408.7,2.4,97.6,12.1,68.8,Yes,0.0,None
20:27:40.820,Active,416.3,2.4,97.6,12.1,69.4,Yes,0.0,None
20:27:41.252,Active,424.7,2.4,98.8,12.1,68.8,Yes,0.0,None
20:27:41.668,Active,408.9,2.4,98.8,12.1,70.0,Yes,0.0,None
20:27:42.084,Active,408.7,2.4,98.8,12.1,70.0,Yes,0.0,None
20:27:42.526,Active,435.0,2.4,94.3,12.1,71.0,Yes,0.0,None
20:27:42.947,Active,412.0,2.4,98.2,12.1,70.5,Yes,0.0,None
20:27:43.359,Active,406.3,2.4,98.8,12.1,68.8,Yes,0.0,None
20:27:43.773,Active,407.4,2.4,99.4,12.1,70.5,Yes,0.0,None
20:27:44.189,Active,406.0,2.4,98.2,12.1,71.0,Yes,0.0,None
20:27:44.603,Active,407.9,2.4,98.8,12.1,71.6,Yes,0.0,None
20:27:45.019,Active,408.4,2.4,98.2,12.1,71.0,Yes,0.0,None
20:27:45.434,Active,407.3,2.4,98.8,12.1,71.0,Yes,0.0,None
20:27:45.852,Active,408.7,2.4,98.2,12.1,71.0,Yes,0.0,None
20:27:46.270,Active,407.4,2.4,97.6,12.1,71.6,Yes,0.0,None
20:27:46.688,Active,412.3,2.4,98.2,12.1,71.6,Yes,0.0,None
20:27:47.101,Active,405.6,2.4,99.4,12.1,71.6,Yes,0.0,None
20:27:47.519,Active,407.5,2.4,97.0,12.1,72.2,Yes,0.0,None
20:27:47.934,Active,409.0,2.4,98.8,12.1,71.6,Yes,0.0,None
20:27:48.354,Active,406.9,2.4,97.0,12.0,72.2,Yes,0.0,None
20:27:48.776,Active,412.7,2.4,98.2,12.0,72.7,Yes,0.0,None
20:27:49.190,Active,407.3,2.4,98.2,12.0,72.2,Yes,0.0,None
20:27:49.608,Active,408.4,2.4,98.2,12.0,72.7,Yes,0.0,None
20:27:50.025,Active,409.9,2.4,98.2,12.0,71.6,Yes,0.0,None
20:27:50.441,Active,406.3,2.4,98.2,12.0,72.7,Yes,0.0,None
20:27:50.862,Active,411.3,2.4,97.6,12.0,72.7,Yes,0.0,None
20:27:51.276,Active,405.9,2.4,98.2,12.0,72.2,Yes,0.0,None
20:27:51.700,Active,416.1,2.4,99.4,12.1,72.7,Yes,0.0,None
20:27:52.117,Active,409.7,2.4,98.8,12.1,73.2,Yes,0.0,None
20:27:52.534,Active,407.3,2.4,97.6,12.1,72.7,Yes,0.0,None
20:27:52.953,Active,409.9,2.4,98.2,12.1,73.2,Yes,0.0,None
20:27:53.367,Active,407.9,2.4,98.8,12.1,72.7,Yes,0.0,None
20:27:53.780,Active,407.3,2.4,99.4,12.1,72.7,Yes,0.0,None
20:27:54.194,Active,408.1,2.4,99.4,12.1,73.8,Yes,0.0,None
20:27:54.613,Active,409.5,2.4,98.2,12.1,72.7,Yes,0.0,None
20:27:55.047,Active,428.0,2.4,94.8,12.1,73.2,Yes,0.0,None
20:27:55.463,Active,408.4,2.4,98.8,12.1,73.8,Yes,0.0,None
20:27:55.880,Active,409.4,2.4,98.2,12.1,73.2,Yes,0.0,None
20:27:56.294,Active,406.8,2.4,98.8,12.1,73.2,Yes,0.0,None
20:27:56.710,Active,409.6,2.4,98.8,12.1,73.8,Yes,0.0,None
20:27:57.127,Active,408.4,2.4,98.2,12.1,73.2,Yes,0.0,None
20:27:57.538,Active,404.8,2.4,99.4,12.1,73.8,Yes,0.0,None
20:27:57.955,Active,410.8,2.4,98.8,12.1,73.2,Yes,0.0,None
20:27:58.373,Active,409.6,2.4,98.8,12.1,73.2,Yes,0.0,None
20:27:58.790,Active,411.9,2.4,97.6,12.1,74.3,Yes,0.0,None
20:27:59.208,Active,409.1,2.4,98.8,12.1,73.8,Yes,0.0,None
20:27:59.627,Active,412.5,2.4,97.6,12.1,73.8,Yes,0.0,None
20:28:00.044,Active,411.1,2.4,98.8,12.1,74.3,Yes,0.0,None
20:28:00.460,Active,408.7,2.4,98.2,12.1,73.8,Yes,0.0,None
20:28:00.878,Active,412.6,2.4,98.8,12.1,73.8,Yes,0.0,None
20:28:01.295,Active,408.0,2.4,98.2,12.1,74.3,Yes,0.0,None
20:28:01.722,Active,419.6,2.4,98.8,12.1,74.3,Yes,0.0,None
20:28:02.138,Active,408.6,2.4,98.2,12.1,74.3,Yes,0.0,None
20:28:02.557,Active,409.6,2.4,98.2,12.1,73.8,Yes,0.0,None
20:28:02.975,Active,411.9,2.4,98.8,12.1,74.3,Yes,0.0,None
20:28:03.389,Active,405.9,2.4,98.2,12.1,74.3,Yes,0.0,None
20:28:03.805,Active,409.8,2.4,99.4,12.1,72.7,Yes,0.0,None
20:28:04.219,Active,407.5,2.4,98.8,12.1,74.3,Yes,0.0,None
20:28:04.634,Active,406.7,2.4,98.8,12.1,74.9,Yes,0.0,None
20:28:05.049,Active,408.6,2.4,99.4,12.1,74.9,Yes,0.0,None
20:28:05.462,Active,407.0,2.4,98.8,12.1,74.9,Yes,0.0,None
20:28:05.877,Active,406.2,2.4,98.2,12.1,74.9,Yes,0.0,None
20:28:06.290,Active,406.8,2.4,100.0,12.1,74.9,Yes,0.0,None
20:28:06.710,Active,410.0,2.4,98.2,12.1,74.9,Yes,0.0,None
20:28:07.127,Active,408.2,2.4,98.8,12.0,75.5,Yes,0.0,None
20:28:07.543,Active,408.1,2.4,98.2,12.0,75.5,Yes,0.0,None
20:28:07.975,Active,426.2,2.4,97.1,12.0,74.3,Yes,0.0,None
20:28:08.388,Active,407.1,2.4,99.4,12.0,75.5,Yes,0.0,None
20:28:08.806,Active,411.1,2.4,98.8,12.0,75.5,Yes,0.0,None
20:28:09.221,Active,408.5,2.4,98.2,12.0,74.3,Yes,0.0,None
20:28:09.646,Active,416.2,2.4,97.1,12.1,74.9,Yes,0.0,None
20:28:10.067,Active,412.0,2.4,98.2,12.1,74.9,Yes,0.0,None
20:28:10.483,Active,409.6,2.4,98.8,12.1,74.9,Yes,0.0,None
20:28:10.901,Active,410.4,2.4,98.2,12.1,74.9,Yes,0.0,None
20:28:11.316,Active,408.5,2.4,99.4,12.1,74.9,Yes,0.0,None
20:28:11.733,Active,409.4,2.4,98.2,12.0,75.5,Yes,0.0,None
20:28:12.166,Active,427.3,2.4,97.1,12.1,74.9,Yes,0.0,None
20:28:12.583,Active,407.8,2.4,98.2,12.1,76.0,Yes,0.0,None
20:28:13.009,Active,417.7,2.4,97.0,12.1,74.9,Yes,0.0,None
20:28:13.421,Active,406.1,2.4,99.4,12.1,75.5,Yes,0.0,None
20:28:13.839,Active,412.1,2.4,98.8,12.1,75.5,Yes,0.0,None
20:28:14.250,Active,404.8,2.4,98.8,12.1,76.0,Yes,0.0,None
20:28:14.664,Active,407.6,2.4,99.4,12.1,75.5,Yes,0.0,None
20:28:15.075,Active,405.3,2.4,99.4,12.1,74.9,Yes,0.0,None
20:28:15.490,Active,406.8,2.4,98.2,12.1,74.3,Yes,0.0,None
20:28:15.912,Active,412.9,2.4,98.8,12.1,74.9,Yes,0.0,None
20:28:16.329,Active,409.6,2.4,97.6,12.1,75.5,Yes,0.0,None
20:28:16.748,Active,411.3,2.4,98.2,12.1,76.5,Yes,0.0,None
20:28:17.162,Active,407.6,2.4,98.8,12.1,74.9,Yes,0.0,None
20:28:17.581,Active,409.9,2.4,98.2,12.0,74.9,Yes,0.0,None
20:28:17.996,Active,409.3,2.4,98.8,12.0,75.5,Yes,0.0,None
20:28:18.412,Active,408.4,2.4,98.8,12.0,76.0,Yes,0.0,None
20:28:18.824,Active,407.0,2.4,99.4,12.0,76.5,Yes,0.0,None
20:28:19.334,Active,403.6,2.4,80.0,12.0,74.9,Yes,0.0,None
20:28:19.752,Active,407.1,2.4,98.2,12.1,74.9,Yes,0.0,None
20:28:20.169,Active,407.4,2.3,98.2,12.0,75.5,Yes,0.0,None
20:28:20.587,Active,407.9,2.3,98.2,12.0,74.9,Yes,0.0,None
20:28:21.007,Active,410.5,2.3,98.2,12.0,75.5,Yes,0.0,None
20:28:21.424,Active,410.4,2.3,98.8,12.0,75.5,Yes,0.0,None
20:28:21.851,Active,419.2,2.3,97.1,12.0,74.9,Yes,0.0,None
20:28:22.282,Active,422.7,2.3,98.3,12.1,75.5,Yes,0.0,None
20:28:22.695,Active,406.6,2.3,99.4,12.1,76.0,Yes,0.0,None
20:28:23.109,Active,408.0,2.3,99.4,12.1,76.0,Yes,0.0,None
20:28:23.523,Active,407.2,2.3,98.2,12.1,75.5,Yes,0.0,None
20:28:23.943,Active,410.2,2.3,98.2,12.1,76.0,Yes,0.0,None
20:28:24.360,Active,408.0,2.4,97.6,12.1,74.9,Yes,0.0,None
20:28:24.776,Active,408.6,2.4,98.8,12.1,76.0,Yes,0.0,None
20:28:25.192,Active,406.9,2.4,98.2,12.1,75.5,Yes,0.0,None
20:28:25.607,Active,407.6,2.4,98.8,12.0,75.5,Yes,0.0,None
20:28:26.022,Active,408.5,2.4,98.8,12.0,76.5,Yes,0.0,None
20:28:26.436,Active,405.3,2.4,98.2,12.0,74.9,Yes,0.0,None
20:28:26.851,Active,408.0,2.4,98.8,12.1,74.9,Yes,0.0,None
20:28:27.268,Active,409.0,2.4,98.8,12.0,75.5,Yes,0.0,None
20:28:27.683,Active,407.9,2.4,98.2,12.0,76.0,Yes,0.0,None
20:28:28.110,Active,418.6,2.4,97.0,12.0,75.5,Yes,0.0,None
20:28:28.525,Active,406.0,2.4,98.2,12.1,75.5,Yes,0.0,None
20:28:28.942,Active,408.5,2.4,98.2,12.1,76.0,Yes,0.0,None
20:28:29.358,Active,406.4,2.4,98.2,12.1,76.0,Yes,0.0,None
20:28:29.775,Active,410.0,2.4,98.2,12.1,75.5,Yes,0.0,None
20:28:30.190,Active,407.1,2.4,98.8,12.1,75.5,Yes,0.0,None
20:28:30.608,Active,411.3,2.4,98.8,12.1,76.0,Yes,0.0,None
20:29:16.045,Active,423.6,2.4,1.3,12.1,57.9,Yes,0.0,None
20:29:16.458,Active,407.4,2.4,99.4,12.1,59.5,Yes,0.0,None
20:29:16.899,Active,435.2,2.4,96.0,12.1,60.6,Yes,0.0,None
20:29:17.309,Active,403.6,2.4,100.0,12.1,61.7,Yes,0.0,None
20:29:17.722,Active,407.3,4.7,99.4,12.1,62.2,Yes,0.0,None
20:29:18.137,Active,406.3,4.7,98.8,12.1,62.8,Yes,0.0,None
20:29:18.556,Active,408.9,4.7,97.6,12.1,63.4,Yes,0.0,None
20:29:18.977,Active,410.9,4.7,98.2,12.1,63.4,Yes,0.0,None
20:29:19.414,Active,431.3,4.7,94.8,12.1,64.5,Yes,0.0,None
20:29:19.829,Active,408.8,4.7,98.8,12.1,65.0,Yes,0.0,None
20:29:20.243,Active,408.4,4.7,98.8,12.1,65.5,Yes,0.0,None
20:29:20.675,Active,424.4,4.7,96.0,12.1,65.5,Yes,0.0,None
20:29:21.091,Active,406.8,4.7,98.8,12.1,66.7,Yes,0.0,None
20:29:21.512,Active,413.4,4.7,97.0,12.1,67.2,Yes,0.0,None
20:29:21.931,Active,412.3,2.4,98.8,12.1,66.1,Yes,0.0,None
20:29:22.343,Active,405.5,2.4,98.8,12.0,67.8,Yes,0.0,None
20:29:22.762,Active,413.6,2.4,98.8,12.1,66.7,Yes,0.0,None
20:29:23.177,Active,405.5,2.4,98.2,12.1,68.3,Yes,0.0,None
20:29:23.609,Active,425.6,2.4,99.4,12.3,67.8,Yes,0.0,None
20:29:24.024,Active,409.5,2.4,98.2,12.3,68.3,Yes,0.0,None
20:29:24.438,Active,407.0,2.4,98.8,12.3,68.8,Yes,0.0,None
20:29:24.859,Active,412.0,2.4,98.2,12.3,69.4,Yes,0.0,None
20:29:25.275,Active,409.9,2.4,99.4,12.3,68.8,Yes,0.0,None
20:29:25.693,Active,412.0,2.4,98.2,12.2,68.8,Yes,0.0,None
20:29:26.113,Active,408.9,2.4,97.0,12.2,68.8,Yes,0.0,None
20:29:26.527,Active,408.0,2.4,99.4,12.2,69.4,Yes,0.0,None
20:29:26.943,Active,410.2,2.4,98.8,12.2,69.4,Yes,0.0,None
20:29:27.356,Active,406.1,2.4,98.8,12.2,70.0,Yes,0.0,None
20:29:27.773,Active,409.5,2.4,98.8,12.2,71.0,Yes,0.0,None
20:29:28.184,Active,405.9,2.4,99.4,12.2,71.0,Yes,0.0,None
20:29:28.597,Active,405.5,2.4,98.8,12.1,70.5,Yes,0.0,None
20:29:29.013,Active,410.1,2.4,98.8,12.2,71.0,Yes,0.0,None
20:29:29.429,Active,407.6,2.4,98.2,12.2,70.5,Yes,0.0,None
20:29:29.846,Active,410.2,2.4,98.8,12.2,71.0,Yes,0.0,None
20:29:30.268,Active,408.4,2.4,97.0,12.2,70.5,Yes,0.0,None
20:29:30.685,Active,411.6,2.4,98.8,12.1,71.0,Yes,0.0,None
20:29:31.104,Active,412.5,2.4,98.2,12.1,71.0,Yes,0.0,None
20:29:31.517,Active,405.3,2.4,98.2,12.1,71.6,Yes,0.0,None
20:29:31.933,Active,410.1,2.4,99.4,12.1,71.6,Yes,0.0,None
20:29:32.352,Active,408.9,2.4,97.6,12.1,71.6,Yes,0.0,None
20:29:32.774,Active,414.6,2.4,98.2,12.1,72.2,Yes,0.0,None
20:29:33.190,Active,407.4,2.4,98.2,12.1,72.2,Yes,0.0,None
20:29:33.611,Active,412.3,2.4,98.2,12.1,72.7,Yes,0.0,None
20:29:34.039,Active,421.8,2.4,98.8,12.2,72.2,Yes,0.0,None
20:29:34.455,Active,409.8,2.4,99.4,12.2,72.2,Yes,0.0,None
20:29:34.871,Active,410.4,2.4,98.8,12.2,72.2,Yes,0.0,None
20:29:35.282,Active,404.6,2.4,99.4,12.2,73.2,Yes,0.0,None
20:29:35.694,Active,406.6,2.4,99.4,12.2,71.6,Yes,0.0,None
20:29:36.127,Active,424.3,2.4,96.5,12.2,72.7,Yes,0.0,None
20:29:36.643,Active,406.2,2.4,79.5,12.2,72.2,Yes,0.0,None
20:29:37.061,Active,408.2,2.4,98.2,12.2,72.2,Yes,0.0,None
20:29:37.475,Active,405.3,2.4,98.8,12.2,72.7,Yes,0.0,None
20:29:37.895,Active,408.6,2.4,98.2,12.2,72.2,Yes,0.0,None
20:29:38.308,Active,408.0,2.4,99.4,12.2,72.2,Yes,0.0,None
20:29:38.726,Active,408.2,2.3,97.6,12.1,72.2,Yes,0.0,None
20:29:39.144,Active,408.1,2.3,98.8,12.1,73.2,Yes,0.0,None
20:29:39.562,Active,409.5,2.3,97.0,12.1,73.8,Yes,0.0,None
20:29:39.979,Active,407.2,2.3,98.8,12.1,72.7,Yes,0.0,None
20:29:40.394,Active,409.6,2.3,98.8,12.1,73.2,Yes,0.0,None
20:29:40.811,Active,410.3,2.3,98.8,12.1,73.2,Yes,0.0,None
20:29:41.253,Active,433.5,2.3,95.4,12.1,73.2,Yes,0.0,None
20:29:41.679,Active,417.8,2.3,95.9,12.1,73.2,Yes,0.0,None
20:29:42.094,Active,407.0,2.3,99.4,12.1,73.2,Yes,0.0,None
20:29:42.513,Active,408.7,2.3,97.6,12.1,73.2,Yes,0.0,None
20:29:42.925,Active,406.4,2.4,99.4,12.1,73.2,Yes,0.0,None
20:29:43.438,Active,406.4,2.4,80.3,12.1,73.8,Yes,0.0,None
20:29:43.859,Active,410.0,2.4,98.2,12.1,72.7,Yes,0.0,None
20:29:44.294,Active,426.7,2.4,98.3,12.2,73.2,Yes,0.0,None
20:29:44.711,Active,409.8,2.4,98.8,12.2,73.2,Yes,0.0,None
20:29:45.130,Active,409.2,2.4,98.8,12.2,73.2,Yes,0.0,None
20:29:45.542,Active,406.1,2.4,99.4,12.2,74.9,Yes,0.0,None
20:29:45.955,Active,406.7,2.4,99.4,12.1,73.2,Yes,0.0,None
20:29:46.374,Active,413.6,2.4,98.8,12.1,73.8,Yes,0.0,None
20:29:46.787,Active,407.1,2.4,99.4,12.1,73.8,Yes,0.0,None
20:29:47.201,Active,405.7,2.3,99.4,12.1,73.8,Yes,0.0,None
20:29:47.614,Active,407.3,2.3,99.4,12.1,73.8,Yes,0.0,None
20:29:48.031,Active,407.4,2.3,98.2,12.1,74.3,Yes,0.0,None
20:29:48.447,Active,407.9,2.3,98.2,12.1,74.3,Yes,0.0,None
20:29:48.868,Active,414.8,2.3,98.8,12.1,73.8,Yes,0.0,None
20:29:49.282,Active,407.4,2.3,98.8,12.1,73.8,Yes,0.0,None
20:29:49.700,Active,409.3,2.3,97.6,12.1,74.3,Yes,0.0,None
20:29:50.123,Active,412.8,2.3,97.6,12.1,74.3,Yes,0.0,None
20:29:50.541,Active,407.7,2.3,98.2,12.1,73.8,Yes,0.0,None
20:29:50.959,Active,411.4,2.3,98.2,12.1,73.8,Yes,0.0,None
20:29:51.374,Active,408.3,2.4,98.8,12.1,73.8,Yes,0.0,None
20:29:51.786,Active,406.2,2.4,99.4,12.1,74.3,Yes,0.0,None
20:29:52.203,Active,407.1,2.4,98.2,12.1,73.8,Yes,0.0,None
20:29:52.620,Active,409.8,2.4,98.8,12.1,73.8,Yes,0.0,None
20:29:53.036,Active,409.9,2.4,98.8,12.1,74.3,Yes,0.0,None
20:29:53.459,Active,416.3,2.4,97.0,12.1,73.2,Yes,0.0,None
20:29:53.876,Active,408.9,2.4,98.8,12.0,74.9,Yes,0.0,None
20:29:54.314,Active,431.8,2.4,96.6,12.1,74.3,Yes,0.0,None
20:29:54.728,Active,407.7,2.4,98.8,12.1,74.3,Yes,0.0,None
20:29:55.144,Active,406.9,2.4,98.2,12.1,75.5,Yes,0.0,None
20:29:55.582,Active,431.2,2.4,96.0,12.1,74.3,Yes,0.0,None
20:29:55.999,Active,407.6,2.4,98.2,12.1,74.9,Yes,0.0,None
20:29:56.412,Active,405.4,2.4,98.8,12.1,74.9,Yes,0.0,None
20:29:56.827,Active,408.4,2.4,98.8,12.1,74.3,Yes,0.0,None
20:29:57.246,Active,407.3,2.4,98.2,12.1,74.3,Yes,0.0,None
20:29:57.673,Active,417.7,2.4,97.6,12.1,74.3,Yes,0.0,None
20:29:58.092,Active,413.8,2.4,97.6,12.1,74.9,Yes,0.0,None
20:29:58.508,Active,408.7,2.4,98.8,12.1,75.5,Yes,0.0,None
20:29:58.924,Active,408.9,2.4,98.8,12.1,75.5,Yes,0.0,None
20:29:59.453,Active,417.3,2.4,78.2,12.1,74.9,Yes,0.0,None
20:29:59.868,Active,408.7,2.3,98.8,12.1,74.3,Yes,0.0,None
20:30:00.281,Active,406.4,2.3,98.8,12.0,74.3,Yes,0.0,None
20:30:00.700,Active,408.8,2.3,98.2,12.0,74.3,Yes,0.0,None
20:30:01.120,Active,410.1,2.3,98.2,12.0,74.9,Yes,0.0,None
20:30:01.539,Active,407.6,2.3,97.0,12.0,74.9,Yes,0.0,None
20:30:01.958,Active,410.0,2.3,98.2,12.0,75.5,Yes,0.0,None
20:30:02.374,Active,405.5,2.3,98.2,12.0,74.9,Yes,0.0,None
20:30:02.793,Active,409.9,2.3,97.6,12.0,74.3,Yes,0.0,None
20:30:03.210,Active,407.0,2.3,98.2,12.0,74.9,Yes,0.0,None
20:30:03.626,Active,408.0,2.3,98.8,12.0,74.9,Yes,0.0,None
20:30:04.041,Active,405.9,2.4,98.2,12.0,75.5,Yes,0.0,None
20:30:04.456,Active,406.2,2.4,98.8,12.1,74.9,Yes,0.0,None
20:30:04.889,Active,425.5,2.4,98.8,12.2,74.9,Yes,0.0,None
20:30:05.304,Active,409.0,2.4,98.8,12.2,74.9,Yes,0.0,None
20:30:05.721,Active,410.9,2.4,98.8,12.2,74.9,Yes,0.0,None
20:30:06.138,Active,407.9,2.4,97.6,12.2,74.9,Yes,0.0,None
20:30:06.555,Active,410.8,2.4,98.8,12.2,75.5,Yes,0.0,None
20:30:06.971,Active,408.3,2.4,98.2,12.1,74.9,Yes,0.0,None
20:30:07.390,Active,409.0,2.4,98.2,12.1,76.0,Yes,0.0,None
20:30:07.845,Active,445.6,2.4,94.4,12.1,76.5,Yes,0.0,None
20:30:08.259,Active,408.1,2.4,98.8,12.1,74.9,Yes,0.0,None
20:30:08.683,Active,415.8,2.4,97.0,12.1,75.5,Yes,0.0,None
20:30:09.098,Active,407.3,2.4,98.8,12.1,75.5,Yes,0.0,None
20:30:09.515,Active,410.9,2.4,98.2,12.1,74.9,Yes,0.0,None
20:30:09.937,Active,411.9,2.4,97.6,12.1,77.1,Yes,0.0,None
20:30:10.353,Active,405.9,2.4,98.2,12.1,76.0,Yes,0.0,None
20:30:10.769,Active,405.8,2.4,98.2,12.1,75.5,Yes,0.0,None
20:30:11.180,Active,405.0,2.4,98.8,12.1,75.5,Yes,0.0,None
20:30:11.595,Active,408.2,2.4,98.8,12.1,74.3,Yes,0.0,None
20:30:12.012,Active,410.5,2.4,99.4,12.1,76.0,Yes,0.0,None
20:30:12.426,Active,406.9,2.4,98.2,12.1,74.3,Yes,0.0,None
20:30:12.844,Active,408.6,2.4,98.8,12.1,76.5,Yes,0.0,None
20:30:13.258,Active,408.7,2.4,98.8,12.1,76.0,Yes,0.0,None
20:30:13.675,Active,407.7,2.4,98.8,12.1,75.5,Yes,0.0,None
20:30:14.085,Active,402.8,2.4,100.0,12.1,76.0,Yes,0.0,None
20:30:14.503,Active,408.6,2.4,98.8,12.1,76.0,Yes,0.0,None
20:30:14.949,Active,439.1,2.4,95.5,12.1,75.5,Yes,0.0,None
20:30:15.362,Active,407.4,2.4,98.2,12.1,75.5,Yes,0.0,None
20:30:15.781,Active,409.6,2.4,98.2,12.1,76.0,Yes,0.0,None
20:31:01.215,Active,420.5,2.4,1.3,12.0,58.4,Yes,0.0,None
20:31:01.627,Active,406.5,11.9,99.4,12.1,58.4,Yes,0.0,None
20:31:02.042,Active,409.3,11.9,99.4,12.1,59.5,Yes,0.0,None
20:31:02.458,Active,406.5,11.9,98.2,12.1,61.1,Yes,0.0,None
20:31:02.877,Active,409.6,11.9,98.2,12.1,61.1,Yes,0.0,None
20:31:03.289,Active,406.1,11.9,98.8,12.1,61.7,Yes,0.0,None
20:31:03.703,Active,407.7,11.9,98.8,12.1,63.4,Yes,0.0,None
20:31:04.115,Active,406.3,11.9,99.4,12.1,63.4,Yes,0.0,None
20:31:04.547,Active,424.0,11.9,95.9,12.1,65.0,Yes,0.0,None
20:31:04.964,Active,410.7,11.9,99.4,12.0,65.0,Yes,0.0,None
20:31:05.388,Active,417.5,11.9,96.5,12.1,65.0,Yes,0.0,None
20:31:05.812,Active,416.4,2.4,97.6,12.0,65.5,Yes,0.0,None
20:31:06.249,Active,430.4,2.4,97.7,12.2,66.1,Yes,0.0,None
20:31:06.668,Active,408.5,2.4,98.2,12.2,66.1,Yes,0.0,None
20:31:07.082,Active,406.4,2.4,99.4,12.2,67.2,Yes,0.0,None
20:31:07.505,Active,413.5,2.4,97.0,12.2,67.2,Yes,0.0,None
20:31:07.920,Active,409.5,2.4,98.8,12.2,67.8,Yes,0.0,None
20:31:08.433,Active,405.2,2.4,79.5,12.2,67.8,Yes,0.0,None
20:31:08.853,Active,414.1,2.4,98.2,12.2,68.3,Yes,0.0,None
20:31:09.268,Active,408.5,2.4,98.8,12.2,68.3,Yes,0.0,None
20:31:09.688,Active,408.8,2.4,98.2,12.2,68.3,Yes,0.0,None
20:31:10.105,Active,407.6,2.3,98.2,12.1,68.3,Yes,0.0,None
20:31:10.520,Active,404.6,2.3,98.2,12.1,68.3,Yes,0.0,None
20:31:10.935,Active,408.2,2.3,99.4,12.1,69.4,Yes,0.0,None
20:31:11.348,Active,404.4,2.3,98.8,12.1,68.8,Yes,0.0,None
20:31:11.768,Active,408.5,2.3,98.2,12.1,69.4,Yes,0.0,None
20:31:12.183,Active,409.1,2.3,98.2,12.1,70.0,Yes,0.0,None
20:31:12.598,Active,407.0,2.3,98.2,12.1,69.4,Yes,0.0,None
20:31:13.011,Active,406.6,2.3,99.4,12.1,70.0,Yes,0.0,None
20:31:13.423,Active,403.6,2.3,99.4,12.1,70.5,Yes,0.0,None
20:31:13.835,Active,406.2,2.3,99.4,12.1,70.0,Yes,0.0,None
20:31:14.244,Active,403.2,2.4,99.4,12.1,69.4,Yes,0.0,None
20:31:14.658,Active,407.3,2.4,99.4,12.1,70.0,Yes,0.0,None
20:31:15.074,Active,407.1,2.4,98.2,12.1,71.6,Yes,0.0,None
20:31:15.483,Active,400.8,2.4,98.8,12.1,70.5,Yes,0.0,None
20:31:15.903,Active,406.7,2.4,98.2,12.1,70.5,Yes,0.0,None
20:31:16.328,Active,418.1,2.4,99.4,12.1,70.5,Yes,0.0,None
20:31:16.748,Active,410.2,2.4,97.0,12.1,71.0,Yes,0.0,None
20:31:17.159,Active,403.2,2.4,98.8,12.1,71.6,Yes,0.0,None
20:31:17.571,Active,406.7,2.4,100.0,12.1,71.6,Yes,0.0,None
20:31:17.989,Active,409.7,2.4,98.8,12.1,71.6,Yes,0.0,None
20:31:18.402,Active,407.4,2.4,98.2,12.1,71.6,Yes,0.0,None
20:31:18.816,Active,408.0,2.4,98.8,12.1,72.2,Yes,0.0,None
20:31:19.234,Active,408.7,2.4,98.2,12.1,71.6,Yes,0.0,None
20:31:19.648,Active,407.8,2.4,99.4,12.1,71.6,Yes,0.0,None
20:31:20.066,Active,406.7,2.4,98.2,12.1,72.2,Yes,0.0,None
20:31:20.481,Active,408.4,2.4,98.8,12.1,70.5,Yes,0.0,None
20:31:20.902,Active,411.5,2.4,97.6,12.1,72.2,Yes,0.0,None
20:31:21.319,Active,407.7,2.4,98.8,12.1,72.2,Yes,0.0,None
20:31:21.734,Active,409.5,2.4,99.4,12.1,72.7,Yes,0.0,None
20:31:22.149,Active,408.9,2.4,98.2,12.1,72.2,Yes,0.0,None
20:31:22.582,Active,426.7,2.4,95.9,12.1,72.2,Yes,0.0,None
20:31:23.001,Active,409.5,2.4,98.2,12.0,72.2,Yes,0.0,None
20:31:23.420,Active,410.2,2.4,98.2,12.1,71.6,Yes,0.0,None
20:31:23.835,Active,408.0,2.4,98.2,12.1,72.7,Yes,0.0,None
20:31:24.253,Active,408.7,2.4,98.2,12.1,73.2,Yes,0.0,None
20:31:24.672,Active,408.9,2.4,97.6,12.1,72.2,Yes,0.0,None
20:31:25.091,Active,407.7,2.4,97.6,12.1,73.2,Yes,0.0,None
20:31:25.507,Active,406.9,2.4,98.2,12.1,72.7,Yes,0.0,None
20:31:25.925,Active,408.2,2.4,98.2,12.0,73.2,Yes,0.0,None
20:31:26.341,Active,409.6,2.4,98.8,12.0,73.2,Yes,0.0,None
20:31:26.770,Active,423.3,2.4,98.8,12.2,73.2,Yes,0.0,None
20:31:27.183,Active,406.5,2.4,98.8,12.2,73.2,Yes,0.0,None
20:31:27.599,Active,408.2,2.4,98.2,12.2,73.8,Yes,0.0,None
20:31:28.017,Active,409.6,2.4,98.2,12.2,73.8,Yes,0.0,None
20:31:28.432,Active,408.6,2.4,98.8,12.2,73.8,Yes,0.0,None
20:31:28.847,Active,407.6,2.4,98.8,12.2,73.2,Yes,0.0,None
20:31:29.258,Active,405.7,2.4,100.0,12.2,73.8,Yes,0.0,None
20:31:29.704,Active,437.0,2.4,94.4,12.2,73.2,Yes,0.0,None
20:31:30.119,Active,408.1,2.4,98.8,12.1,73.8,Yes,0.0,None
20:31:30.544,Active,418.9,2.4,97.0,12.1,73.8,Yes,0.0,None
20:31:30.961,Active,410.2,2.4,98.2,12.1,73.8,Yes,0.0,None
20:31:31.384,Active,412.8,2.4,98.2,12.1,74.9,Yes,0.0,None
20:31:31.801,Active,410.8,2.4,98.2,12.1,73.2,Yes,0.0,None
20:31:32.216,Active,408.7,2.4,99.4,12.1,73.8,Yes,0.0,None
20:31:32.632,Active,407.3,2.4,98.2,12.1,73.8,Yes,0.0,None
20:31:33.051,Active,411.9,2.4,98.8,12.1,73.2,Yes,0.0,None
20:31:33.466,Active,406.6,2.4,97.6,12.1,75.5,Yes,0.0,None
20:31:33.880,Active,408.1,2.4,99.4,12.1,74.3,Yes,0.0,None
20:31:34.297,Active,408.7,2.4,98.8,12.0,74.3,Yes,0.0,None
20:31:34.712,Active,409.3,2.4,98.2,12.0,73.8,Yes,0.0,None
20:31:35.125,Active,405.8,2.4,99.4,12.0,74.3,Yes,0.0,None
20:31:35.543,Active,407.7,2.4,98.2,12.1,74.3,Yes,0.0,None
20:31:35.964,Active,411.3,2.4,97.6,12.0,73.8,Yes,0.0,None
20:31:36.377,Active,405.7,2.4,98.8,12.0,73.8,Yes,0.0,None
20:31:36.801,Active,418.0,2.4,99.4,12.0,73.8,Yes,0.0,None
20:31:37.223,Active,412.1,2.4,98.2,12.0,74.3,Yes,0.0,None
20:31:37.638,Active,405.7,2.4,98.2,12.1,74.3,Yes,0.0,None
20:31:38.051,Active,407.7,2.4,98.8,12.1,74.3,Yes,0.0,None
20:31:38.468,Active,407.8,2.4,98.2,12.1,74.9,Yes,0.0,None
20:31:38.889,Active,411.0,2.4,98.2,12.1,74.3,Yes,0.0,None
20:31:39.302,Active,407.2,2.4,98.2,12.0,74.9,Yes,0.0,None
20:31:39.717,Active,408.1,2.4,99.4,12.1,74.9,Yes,0.0,None
20:31:40.131,Active,405.6,2.4,97.6,12.0,74.3,Yes,0.0,None
20:31:40.549,Active,407.1,2.4,98.2,12.0,74.9,Yes,0.0,None
20:31:40.966,Active,408.8,2.4,98.2,12.0,74.9,Yes,0.0,None
20:31:41.385,Active,407.9,2.4,98.2,12.0,74.3,Yes,0.0,None
20:31:41.802,Active,408.9,2.4,97.6,12.0,74.9,Yes,0.0,None
20:31:42.221,Active,409.5,2.4,98.2,12.0,74.9,Yes,0.0,None
20:31:42.636,Active,406.9,2.4,98.8,12.0,74.3,Yes,0.0,None
20:31:43.053,Active,407.5,2.4,98.2,12.0,74.3,Yes,0.0,None
20:31:43.468,Active,407.1,2.4,98.8,12.0,74.3,Yes,0.0,None
20:31:43.885,Active,409.7,2.4,98.8,12.0,75.5,Yes,0.0,None
20:31:44.298,Active,407.3,2.4,98.2,12.0,74.9,Yes,0.0,None
20:31:44.718,Active,410.5,2.4,98.2,12.0,75.5,Yes,0.0,None
20:31:45.137,Active,408.9,2.4,98.2,12.0,74.9,Yes,0.0,None
20:31:45.562,Active,418.9,2.4,96.5,12.0,74.9,Yes,0.0,None
20:31:45.985,Active,409.6,2.4,97.6,12.0,74.9,Yes,0.0,None
20:31:46.400,Active,406.7,2.4,98.2,12.0,74.9,Yes,0.0,None
20:31:46.818,Active,409.5,2.4,97.6,12.0,74.9,Yes,0.0,None
20:31:47.244,Active,418.4,2.4,98.8,12.1,75.5,Yes,0.0,None
20:31:47.658,Active,406.8,2.4,98.8,12.1,73.8,Yes,0.0,None
20:31:48.082,Active,413.1,2.4,97.0,12.1,75.5,Yes,0.0,None
20:31:48.499,Active,407.9,2.4,97.6,12.1,74.9,Yes,0.0,None
20:31:48.916,Active,410.7,2.4,98.8,12.1,74.9,Yes,0.0,None
20:31:49.329,Active,406.1,2.4,98.8,12.1,74.9,Yes,0.0,None
20:31:49.743,Active,407.7,2.4,98.8,12.1,76.0,Yes,0.0,None
20:31:50.156,Active,405.8,2.4,98.8,12.1,74.9,Yes,0.0,None
20:31:50.570,Active,406.9,2.4,98.8,12.1,74.9,Yes,0.0,None
20:31:50.983,Active,407.4,2.4,98.8,12.1,75.5,Yes,0.0,None
20:31:51.397,Active,407.7,2.4,99.4,12.1,75.5,Yes,0.0,None
20:31:51.813,Active,410.7,2.4,98.2,12.0,75.5,Yes,0.0,None
20:31:52.226,Active,406.9,2.4,99.4,12.0,75.5,Yes,0.0,None
20:31:52.645,Active,409.9,2.4,98.2,12.0,75.5,Yes,0.0,None
20:31:53.061,Active,410.1,2.4,98.2,12.0,74.9,Yes,0.0,None
20:31:53.474,Active,407.1,2.4,98.8,12.0,75.5,Yes,0.0,None
20:31:53.893,Active,409.7,2.4,98.2,12.0,75.5,Yes,0.0,None
20:31:54.307,Active,407.9,2.4,98.8,12.0,75.5,Yes,0.0,None
20:31:54.720,Active,406.8,2.4,99.4,12.0,76.0,Yes,0.0,None
20:31:55.133,Active,407.0,2.4,99.4,12.0,75.5,Yes,0.0,None
20:31:55.547,Active,406.7,2.4,98.2,12.0,76.0,Yes,0.0,None
20:31:55.966,Active,410.5,2.4,97.6,12.0,76.5,Yes,0.0,None
20:31:56.383,Active,408.0,2.4,98.2,12.0,76.0,Yes,0.0,None
20:31:56.799,Active,408.0,2.4,98.2,12.0,76.0,Yes,0.0,None
20:31:57.216,Active,408.8,2.4,98.2,12.0,76.0,Yes,0.0,None
20:31:57.648,Active,425.2,2.4,98.8,12.0,74.9,Yes,0.0,None
20:31:58.063,Active,407.6,2.4,99.4,12.0,76.0,Yes,0.0,None
20:31:58.475,Active,404.1,2.4,98.8,12.0,75.5,Yes,0.0,None
20:31:58.890,Active,406.7,2.4,98.8,12.1,75.5,Yes,0.0,None
20:31:59.305,Active,406.0,2.4,99.4,12.0,76.0,Yes,0.0,None
20:31:59.719,Active,407.9,2.4,99.4,12.0,75.5,Yes,0.0,None
20:32:00.134,Active,407.2,2.4,98.8,12.0,76.0,Yes,0.0,None
20:32:00.546,Active,406.5,2.4,99.4,12.0,75.5,Yes,0.0,None
20:32:00.961,Active,409.2,2.4,98.8,12.0,74.9,Yes,0.0,None
20:32:46.402,Active,426.5,2.4,1.3,12.1,56.8,Yes,0.0,None
20:32:46.817,Active,409.0,2.4,100.0,12.2,59.5,Yes,0.0,None
20:32:47.231,Active,407.8,2.4,98.2,12.1,60.0,Yes,0.0,None
20:32:47.648,Active,411.0,2.4,98.8,12.1,61.1,Yes,0.0,None
20:32:48.063,Active,408.0,2.4,98.2,12.1,62.2,Yes,0.0,None
20:32:48.476,Active,407.1,2.4,99.4,12.1,61.7,Yes,0.0,None
20:32:48.907,Active,424.0,2.4,98.8,12.2,63.4,Yes,0.0,None
20:32:49.346,Active,433.1,3.0,94.9,12.2,62.8,Yes,0.0,None
20:32:49.764,Active,408.5,3.0,98.8,12.2,64.5,Yes,0.0,None
20:32:50.188,Active,417.1,3.0,96.5,12.1,65.0,Yes,0.0,None
20:32:50.605,Active,409.7,3.0,98.8,12.1,65.0,Yes,0.0,None
20:32:51.027,Active,416.0,3.0,98.2,12.1,66.7,Yes,0.0,None
20:32:51.440,Active,407.1,3.0,98.8,12.1,66.1,Yes,0.0,None
20:32:51.854,Active,407.3,3.0,99.4,12.1,66.1,Yes,0.0,None
20:32:52.271,Active,410.7,3.0,98.8,12.1,66.7,Yes,0.0,None
20:32:52.724,Active,445.2,3.0,93.3,12.1,67.2,Yes,0.0,None
20:32:53.140,Active,408.7,3.0,98.8,12.1,67.8,Yes,0.0,None
20:32:53.556,Active,408.5,2.4,98.2,12.1,67.2,Yes,0.0,None
20:32:53.972,Active,409.2,2.4,98.2,12.1,67.2,Yes,0.0,None
20:32:54.388,Active,409.2,2.4,98.8,12.1,68.3,Yes,0.0,None
20:32:54.805,Active,409.3,2.4,98.8,12.1,67.8,Yes,0.0,None
20:32:55.220,Active,408.8,2.4,98.8,12.1,68.8,Yes,0.0,None
20:32:55.634,Active,406.9,2.4,98.2,12.0,68.3,Yes,0.0,None
20:32:56.053,Active,409.6,2.4,98.2,12.1,69.4,Yes,0.0,None
20:32:56.465,Active,406.3,2.4,99.4,12.1,68.8,Yes,0.0,None
20:32:56.884,Active,408.9,2.4,97.6,12.1,69.4,Yes,0.0,None
20:32:57.297,Active,406.1,2.4,98.8,12.0,68.8,Yes,0.0,None
20:32:57.716,Active,410.6,2.4,98.2,12.0,69.4,Yes,0.0,None
20:32:58.131,Active,408.0,2.4,98.8,12.0,69.4,Yes,0.0,None
20:32:58.546,Active,409.5,2.4,98.8,12.0,70.0,Yes,0.0,None
20:32:58.980,Active,425.3,2.4,98.3,12.0,70.5,Yes,0.0,None
20:32:59.400,Active,409.0,2.4,98.2,12.1,70.5,Yes,0.0,None
20:32:59.820,Active,410.5,2.4,98.2,12.1,70.5,Yes,0.0,None
20:33:00.239,Active,410.1,2.4,98.2,12.1,70.5,Yes,0.0,None
20:33:00.654,Active,407.4,2.4,98.2,12.1,71.0,Yes,0.0,None
20:33:01.077,Active,410.4,2.4,98.2,12.1,70.5,Yes,0.0,None
20:33:01.493,Active,409.6,2.4,98.8,12.1,71.0,Yes,0.0,None
20:33:01.909,Active,409.6,2.4,98.2,12.1,71.0,Yes,0.0,None
20:33:02.328,Active,410.0,2.4,98.8,12.0,71.0,Yes,0.0,None
20:33:02.742,Active,406.5,2.4,98.8,12.1,71.6,Yes,0.0,None
20:33:03.154,Active,406.4,2.4,99.4,12.1,71.0,Yes,0.0,None
20:33:03.570,Active,406.6,2.4,98.2,12.1,72.2,Yes,0.0,None
20:33:03.986,Active,407.1,2.4,98.2,12.1,71.0,Yes,0.0,None
20:33:04.400,Active,405.3,2.4,98.8,12.1,71.6,Yes,0.0,None
20:33:04.817,Active,409.6,2.4,98.8,12.0,72.2,Yes,0.0,None
20:33:05.231,Active,408.3,2.4,98.8,12.0,71.6,Yes,0.0,None
20:33:05.648,Active,408.7,2.4,98.2,12.0,72.2,Yes,0.0,None
20:33:06.080,Active,425.1,2.4,95.9,12.0,72.2,Yes,0.0,None
20:33:06.496,Active,408.5,2.4,98.8,12.0,72.7,Yes,0.0,None
20:33:06.911,Active,409.2,2.4,98.8,12.0,72.7,Yes,0.0,None
20:33:07.326,Active,406.7,2.4,98.2,12.0,72.2,Yes,0.0,None
20:33:07.769,Active,433.5,2.4,94.3,12.0,73.2,Yes,0.0,None
20:33:08.184,Active,408.7,2.4,99.4,12.0,73.8,Yes,0.0,None
20:33:08.597,Active,406.8,2.4,98.8,12.0,73.2,Yes,0.0,None
20:33:09.018,Active,415.1,2.4,98.2,12.0,72.7,Yes,0.0,None
20:33:09.455,Active,428.1,2.4,96.0,12.0,72.7,Yes,0.0,None
20:33:09.872,Active,408.5,2.4,98.8,12.1,73.2,Yes,0.0,None
20:33:10.291,Active,412.4,2.4,98.2,12.1,72.7,Yes,0.0,None
20:33:10.708,Active,409.3,2.4,98.2,12.0,72.2,Yes,0.0,None
20:33:11.132,Active,417.2,2.4,97.6,12.0,73.8,Yes,0.0,None
20:33:11.544,Active,406.0,2.4,98.8,12.0,73.2,Yes,0.0,None
20:33:11.960,Active,408.7,2.4,98.8,12.0,72.7,Yes,0.0,None
20:33:12.375,Active,408.5,2.4,98.8,12.0,74.3,Yes,0.0,None
20:33:12.791,Active,406.9,2.4,98.2,12.0,72.7,Yes,0.0,None
20:33:13.207,Active,407.6,2.4,98.8,12.0,73.2,Yes,0.0,None
20:33:13.620,Active,407.5,2.4,98.8,12.0,73.8,Yes,0.0,None
20:33:14.038,Active,408.6,2.4,98.2,12.0,74.3,Yes,0.0,None
20:33:14.465,Active,417.5,2.4,96.5,12.0,73.8,Yes,0.0,None
20:33:14.882,Active,410.9,2.4,98.8,12.0,72.7,Yes,0.0,None
20:33:15.299,Active,408.1,2.4,98.2,12.0,73.8,Yes,0.0,None
20:33:15.730,Active,423.3,2.4,96.5,12.0,73.8,Yes,0.0,None
20:33:16.146,Active,406.8,2.4,98.2,12.0,73.8,Yes,0.0,None
20:33:16.568,Active,412.5,2.4,98.2,12.0,73.2,Yes,0.0,None
20:33:16.986,Active,408.5,2.4,98.2,12.0,74.3,Yes,0.0,None
20:33:17.403,Active,408.2,2.4,98.2,12.0,73.8,Yes,0.0,None
20:33:17.838,Active,428.7,2.4,95.4,12.0,73.8,Yes,0.0,None
20:33:18.263,Active,414.7,2.4,97.1,12.0,73.8,Yes,0.0,None
20:33:18.679,Active,409.6,2.4,98.8,12.0,74.9,Yes,0.0,None
20:33:19.097,Active,409.1,2.4,98.2,12.0,73.2,Yes,0.0,None
20:33:19.529,Active,424.4,2.4,98.3,12.1,74.3,Yes,0.0,None
20:33:19.949,Active,409.7,2.4,98.2,12.1,73.2,Yes,0.0,None
20:33:20.360,Active,404.9,2.4,98.8,12.1,74.3,Yes,0.0,None
20:33:20.781,Active,411.1,2.4,98.2,12.0,74.3,Yes,0.0,None
20:33:21.196,Active,407.8,2.4,98.2,12.0,73.8,Yes,0.0,None
20:33:21.613,Active,407.4,2.4,98.2,12.0,74.3,Yes,0.0,None
20:33:22.034,Active,415.0,2.4,97.6,12.0,74.3,Yes,0.0,None
20:33:22.453,Active,409.0,2.4,98.2,12.0,74.3,Yes,0.0,None
20:33:22.867,Active,408.0,2.4,98.8,12.0,74.9,Yes,0.0,None
20:33:23.287,Active,409.1,2.4,98.2,12.0,74.9,Yes,0.0,None
20:33:23.711,Active,416.0,2.4,97.6,12.0,74.9,Yes,0.0,None
20:33:24.133,Active,414.1,2.4,97.6,12.0,74.3,Yes,0.0,None
20:33:24.561,Active,418.2,2.4,96.5,12.0,74.3,Yes,0.0,None
20:33:24.981,Active,410.3,2.4,98.2,12.0,74.9,Yes,0.0,None
20:33:25.396,Active,407.8,2.4,98.2,12.0,74.9,Yes,0.0,None
20:33:25.815,Active,409.1,2.4,98.2,12.0,74.3,Yes,0.0,None
20:33:26.234,Active,409.1,2.4,97.6,12.0,74.9,Yes,0.0,None
20:33:26.649,Active,406.1,2.4,98.2,12.0,74.9,Yes,0.0,None
20:33:27.065,Active,407.3,2.4,98.8,12.0,74.9,Yes,0.0,None
20:33:27.485,Active,409.7,2.4,97.6,12.0,75.5,Yes,0.0,None
20:33:27.903,Active,408.2,2.4,97.6,12.0,74.3,Yes,0.0,None
20:33:28.318,Active,407.0,2.4,98.2,12.0,74.9,Yes,0.0,None
20:33:28.734,Active,407.0,2.4,98.8,12.0,74.9,Yes,0.0,None
20:33:29.157,Active,413.2,2.4,97.6,12.0,75.5,Yes,0.0,None
20:33:29.595,Active,427.8,2.4,98.3,12.0,74.3,Yes,0.0,None
20:33:30.011,Active,409.6,2.4,98.2,12.0,74.9,Yes,0.0,None
20:33:30.427,Active,410.5,2.4,98.2,12.0,74.9,Yes,0.0,None
20:33:30.842,Active,409.3,2.4,99.4,12.0,76.0,Yes,0.0,None
20:33:31.262,Active,410.1,2.4,97.6,12.0,74.9,Yes,0.0,None
20:33:31.679,Active,407.5,2.4,98.8,12.1,75.5,Yes,0.0,None
20:33:32.094,Active,407.1,2.4,98.8,12.1,74.3,Yes,0.0,None
20:33:32.513,Active,410.4,2.4,98.2,12.1,75.5,Yes,0.0,None
20:33:32.934,Active,411.0,2.4,98.2,12.0,74.9,Yes,0.0,None
20:33:33.352,Active,407.7,2.4,98.2,12.0,76.0,Yes,0.0,None
20:33:33.769,Active,408.5,2.4,98.8,12.0,75.5,Yes,0.0,None
20:33:34.184,Active,408.6,2.4,98.8,12.0,75.5,Yes,0.0,None
20:33:34.600,Active,409.0,2.4,98.2,12.0,75.5,Yes,0.0,None
20:33:35.016,Active,408.7,2.4,98.2,12.0,76.0,Yes,0.0,None
20:33:35.440,Active,412.9,2.4,97.0,12.0,76.0,Yes,0.0,None
20:33:35.857,Active,410.2,2.4,98.8,12.0,75.5,Yes,0.0,None
20:33:36.274,Active,407.1,2.4,98.2,12.0,74.9,Yes,0.0,None
20:33:36.695,Active,412.3,2.4,98.2,12.0,76.0,Yes,0.0,None
20:33:37.133,Active,429.6,2.4,94.8,12.0,75.5,Yes,0.0,None
20:33:37.555,Active,415.6,2.4,97.0,12.0,75.5,Yes,0.0,None
20:33:37.986,Active,423.3,2.4,95.9,12.0,75.5,Yes,0.0,None
20:33:38.403,Active,407.8,2.4,98.2,12.0,76.0,Yes,0.0,None
20:33:38.821,Active,411.7,2.4,99.4,12.0,75.5,Yes,0.0,None
20:33:39.235,Active,408.1,2.4,98.2,12.0,75.5,Yes,0.0,None
20:33:39.650,Active,407.0,2.4,98.8,12.0,76.0,Yes,0.0,None
20:33:40.091,Active,432.3,2.4,97.7,12.0,75.5,Yes,0.0,None
20:33:40.506,Active,406.5,2.4,98.8,12.0,76.0,Yes,0.0,None
20:33:40.919,Active,407.4,2.4,98.8,12.0,76.0,Yes,0.0,None
20:33:41.331,Active,405.3,2.4,98.8,12.0,75.5,Yes,0.0,None
20:33:41.744,Active,406.8,2.4,99.4,12.0,76.0,Yes,0.0,None
20:33:42.161,Active,406.7,2.4,98.2,12.0,76.5,Yes,0.0,None
20:33:42.578,Active,408.5,2.4,98.2,12.0,76.0,Yes,0.0,None
20:33:42.995,Active,408.1,2.4,98.2,12.0,75.5,Yes,0.0,None
20:33:43.412,Active,410.6,2.4,99.4,12.0,75.5,Yes,0.0,None
20:33:43.824,Active,406.3,2.4,98.2,12.0,75.5,Yes,0.0,None
20:33:44.235,Active,405.9,2.4,99.4,12.0,74.9,Yes,0.0,None
20:33:44.651,Active,407.6,2.4,98.8,12.0,76.0,Yes,0.0,None
20:33:45.068,Active,409.1,2.4,98.2,12.0,75.5,Yes,0.0,None
20:33:45.482,Active,407.1,2.4,98.8,12.0,76.0,Yes,0.0,None
20:33:45.899,Active,408.0,2.4,98.2,12.0,76.0,Yes,0.0,None
20:33:46.312,Active,406.8,2.4,99.4,12.0,75.5,Yes,0.0,None
20:34:31.754,Active,427.2,2.4,1.3,12.1,57.3,Yes,0.0,None
20:34:32.163,Active,403.5,2.4,100.0,12.1,58.4,Yes,0.0,None
20:34:32.576,Active,406.8,2.4,100.0,12.1,60.0,Yes,0.0,None
20:34:32.990,Active,406.9,6.0,98.2,12.1,61.1,Yes,0.0,None
20:34:33.404,Active,405.3,6.0,98.8,12.1,62.2,Yes,0.0,None
20:34:33.820,Active,408.9,6.0,99.4,12.1,62.8,Yes,0.0,None
20:34:34.235,Active,408.3,6.0,98.8,12.1,63.4,Yes,0.0,None
20:34:34.652,Active,409.2,6.0,98.8,12.1,63.4,Yes,0.0,None
20:34:35.067,Active,406.9,6.0,98.8,12.1,63.9,Yes,0.0,None
20:34:35.487,Active,414.3,6.0,98.2,12.1,65.5,Yes,0.0,None
20:34:35.903,Active,407.7,6.0,99.4,12.1,65.0,Yes,0.0,None
20:34:36.318,Active,406.7,6.0,98.8,12.1,65.5,Yes,0.0,None
20:34:36.734,Active,409.0,6.0,98.8,12.1,66.1,Yes,0.0,None
20:34:37.151,Active,410.6,2.4,98.2,12.1,67.2,Yes,0.0,None
20:34:37.571,Active,411.6,2.4,99.4,12.1,67.2,Yes,0.0,None
20:34:37.987,Active,407.5,2.4,99.4,12.0,67.2,Yes,0.0,None
20:34:38.398,Active,405.7,2.4,99.4,12.0,67.2,Yes,0.0,None
20:34:38.810,Active,405.4,2.4,99.4,12.0,69.4,Yes,0.0,None
20:34:39.223,Active,407.0,2.4,99.4,12.0,67.8,Yes,0.0,None
20:34:39.634,Active,405.6,2.4,99.4,12.0,68.3,Yes,0.0,None
20:34:40.046,Active,406.6,2.4,99.4,12.0,68.8,Yes,0.0,None
20:34:40.459,Active,403.6,2.4,99.4,12.0,69.4,Yes,0.0,None
20:34:40.871,Active,404.9,2.4,99.4,12.0,68.8,Yes,0.0,None
20:34:41.284,Active,407.6,2.4,99.4,12.0,68.8,Yes,0.0,None
20:34:41.707,Active,415.5,2.4,98.8,12.0,70.0,Yes,0.0,None
20:34:42.122,Active,409.0,2.4,98.2,12.0,70.0,Yes,0.0,None
20:34:42.534,Active,406.2,2.4,99.4,12.0,70.0,Yes,0.0,None
20:34:42.951,Active,409.3,2.4,98.8,12.0,68.8,Yes,0.0,None
20:34:43.363,Active,406.0,2.4,99.4,12.0,70.0,Yes,0.0,None
20:34:43.777,Active,406.4,2.4,98.8,12.1,70.0,Yes,0.0,None
20:34:44.198,Active,407.2,2.4,97.6,12.0,70.0,Yes,0.0,None
20:34:44.613,Active,405.8,2.4,98.2,12.0,70.5,Yes,0.0,None
20:34:45.033,Active,411.5,2.4,97.6,12.0,71.0,Yes,0.0,None
20:34:45.458,Active,414.8,2.4,97.0,12.0,71.0,Yes,0.0,None
20:34:45.877,Active,408.6,2.4,98.2,12.0,70.5,Yes,0.0,None
20:34:46.294,Active,407.6,2.4,97.6,12.0,71.6,Yes,0.0,None
20:34:46.712,Active,408.0,2.4,98.2,12.0,71.0,Yes,0.0,None
20:34:47.129,Active,407.1,2.4,98.8,12.0,71.6,Yes,0.0,None
20:34:47.548,Active,408.8,2.4,98.2,12.0,71.6,Yes,0.0,None
20:34:47.968,Active,410.5,2.4,97.6,12.0,71.6,Yes,0.0,None
20:34:48.384,Active,407.1,2.4,98.2,12.0,72.2,Yes,0.0,None
20:34:48.804,Active,410.2,2.4,98.2,12.0,71.6,Yes,0.0,None
20:34:49.221,Active,409.7,2.4,98.8,12.0,72.2,Yes,0.0,None
20:34:49.634,Active,406.3,2.4,98.8,12.0,72.7,Yes,0.0,None
20:34:50.051,Active,409.5,2.4,98.2,12.0,72.2,Yes,0.0,None
20:34:50.468,Active,406.8,2.4,98.2,12.0,72.7,Yes,0.0,None
20:34:50.883,Active,408.2,2.4,98.8,12.0,72.2,Yes,0.0,None
20:34:51.300,Active,409.1,2.4,98.2,12.0,72.7,Yes,0.0,None
20:34:51.730,Active,423.9,2.4,99.4,12.1,72.2,Yes,0.0,None
20:34:52.145,Active,406.9,2.4,98.2,12.1,72.7,Yes,0.0,None
20:34:52.562,Active,408.1,2.4,98.2,12.1,72.7,Yes,0.0,None
20:34:52.981,Active,410.3,2.4,98.2,12.1,72.7,Yes,0.0,None
20:34:53.399,Active,408.2,2.4,98.2,12.1,72.7,Yes,0.0,None
20:34:53.817,Active,410.9,2.4,98.2,12.1,73.8,Yes,0.0,None
20:34:54.235,Active,408.5,2.4,98.2,12.1,73.2,Yes,0.0,None
20:34:54.651,Active,408.0,2.4,98.8,12.1,72.7,Yes,0.0,None
20:34:55.066,Active,406.6,2.4,98.2,12.1,72.2,Yes,0.0,None
20:34:55.485,Active,409.5,2.4,98.2,12.0,74.3,Yes,0.0,None
20:34:55.900,Active,409.2,2.4,98.2,12.0,72.7,Yes,0.0,None
20:34:56.317,Active,407.9,2.4,98.2,12.1,72.2,Yes,0.0,None
20:34:56.735,Active,408.5,2.4,98.2,12.1,73.8,Yes,0.0,None
20:34:57.152,Active,406.8,2.4,98.2,12.1,73.2,Yes,0.0,None
20:34:57.568,Active,407.0,2.4,97.6,12.1,74.3,Yes,0.0,None
20:34:57.986,Active,408.5,2.4,98.2,12.0,72.7,Yes,0.0,None
20:34:58.400,Active,406.5,2.4,98.2,12.0,73.8,Yes,0.0,None
20:34:58.817,Active,409.5,2.4,98.8,12.0,73.2,Yes,0.0,None
20:34:59.230,Active,407.4,2.4,98.8,12.0,73.8,Yes,0.0,None
20:34:59.645,Active,406.0,2.4,97.6,12.0,73.8,Yes,0.0,None
20:35:00.063,Active,409.0,2.4,98.2,12.1,73.2,Yes,0.0,None
20:35:00.476,Active,407.7,2.4,98.8,12.1,73.2,Yes,0.0,None
20:35:00.893,Active,408.9,2.4,98.8,12.1,73.8,Yes,0.0,None
20:35:01.310,Active,407.3,2.4,98.8,12.1,73.8,Yes,0.0,None
20:35:01.728,Active,408.5,2.4,98.2,12.1,73.8,Yes,0.0,None
20:35:02.196,Active,460.9,2.4,93.6,12.1,73.2,Yes,0.0,None
20:35:02.616,Active,410.0,2.4,98.2,12.1,73.8,Yes,0.0,None
20:35:03.058,Active,434.4,2.4,94.4,12.1,74.3,Yes,0.0,None
20:35:03.470,Active,404.0,2.4,98.8,12.1,73.8,Yes,0.0,None
20:35:03.884,Active,407.9,2.4,99.4,12.1,73.8,Yes,0.0,None
20:35:04.298,Active,406.3,2.4,98.8,12.1,74.3,Yes,0.0,None
20:35:04.717,Active,408.6,2.4,98.2,12.1,74.9,Yes,0.0,None
20:35:05.137,Active,408.6,2.4,97.0,12.1,73.2,Yes,0.0,None
20:35:05.552,Active,405.1,2.4,98.2,12.0,73.8,Yes,0.0,None
20:35:05.967,Active,410.3,2.4,99.4,12.0,74.3,Yes,0.0,None
20:35:06.383,Active,406.4,2.4,98.2,12.0,73.8,Yes,0.0,None
20:35:06.799,Active,408.2,2.4,98.2,12.0,74.3,Yes,0.0,None
20:35:07.219,Active,407.9,2.4,97.6,12.0,75.5,Yes,0.0,None
20:35:07.635,Active,408.3,2.4,98.2,12.0,73.2,Yes,0.0,None
20:35:08.051,Active,409.4,2.4,99.4,12.0,74.3,Yes,0.0,None
20:35:08.462,Active,405.7,2.4,99.4,12.0,74.9,Yes,0.0,None
20:35:08.877,Active,406.9,2.4,99.4,12.0,73.8,Yes,0.0,None
20:35:09.292,Active,406.4,2.4,98.2,12.0,74.3,Yes,0.0,None
20:35:09.710,Active,408.5,2.4,98.2,12.0,74.3,Yes,0.0,None
20:35:10.145,Active,425.5,2.4,95.9,12.1,74.3,Yes,0.0,None
20:35:10.559,Active,407.4,2.4,98.8,12.1,74.3,Yes,0.0,None
20:35:10.976,Active,408.6,2.4,98.2,12.1,74.3,Yes,0.0,None
20:35:11.401,Active,417.8,2.4,97.6,12.1,74.9,Yes,0.0,None
20:35:11.816,Active,408.9,2.4,98.8,12.1,74.9,Yes,0.0,None
20:35:12.245,Active,422.8,2.4,98.8,12.1,74.9,Yes,0.0,None
20:35:12.658,Active,406.8,2.4,99.4,12.1,74.9,Yes,0.0,None
20:35:13.071,Active,406.9,2.4,99.4,12.1,74.3,Yes,0.0,None
20:35:13.483,Active,406.2,2.4,99.4,12.1,74.9,Yes,0.0,None
20:35:13.899,Active,406.9,2.4,98.2,12.1,75.5,Yes,0.0,None
20:35:14.317,Active,411.3,2.4,98.8,12.1,74.9,Yes,0.0,None
20:35:14.732,Active,409.4,2.4,98.2,12.1,74.3,Yes,0.0,None
20:35:15.148,Active,408.9,2.4,98.8,12.1,74.9,Yes,0.0,None
20:35:15.563,Active,408.2,2.4,98.8,12.1,74.9,Yes,0.0,None
20:35:15.979,Active,410.1,2.4,99.4,12.1,74.3,Yes,0.0,None
20:35:16.394,Active,408.3,2.4,98.8,12.1,75.5,Yes,0.0,None
20:35:16.808,Active,405.6,2.4,99.4,12.1,75.5,Yes,0.0,None
20:35:17.225,Active,409.6,2.4,98.8,12.1,74.9,Yes,0.0,None
20:35:17.638,Active,407.1,2.4,98.8,12.1,75.5,Yes,0.0,None
20:35:18.054,Active,407.3,2.4,98.2,12.1,73.8,Yes,0.0,None
20:35:18.467,Active,406.5,2.4,98.8,12.1,74.9,Yes,0.0,None
20:35:18.879,Active,404.8,2.4,99.4,12.1,74.9,Yes,0.0,None
20:35:19.296,Active,410.1,2.4,98.8,12.1,75.5,Yes,0.0,None
20:35:19.721,Active,417.5,2.4,97.0,12.1,74.9,Yes,0.0,None
20:35:20.134,Active,407.6,2.4,98.8,12.1,74.9,Yes,0.0,None
20:35:20.552,Active,408.6,2.4,98.2,12.1,74.9,Yes,0.0,None
20:35:20.968,Active,408.6,2.4,98.8,12.0,74.9,Yes,0.0,None
20:35:21.384,Active,408.6,2.4,98.8,12.1,75.5,Yes,0.0,None
20:35:21.799,Active,409.6,2.4,98.2,12.1,75.5,Yes,0.0,None
20:35:22.216,Active,407.2,2.4,98.2,12.1,74.9,Yes,0.0,None
20:35:22.662,Active,438.6,2.4,95.5,12.1,74.3,Yes,0.0,None
20:35:23.081,Active,409.7,2.4,98.2,12.1,75.5,Yes,0.0,None
20:35:23.497,Active,408.1,2.4,98.2,12.1,76.0,Yes,0.0,None
20:35:24.015,Active,410.1,2.4,79.9,12.0,75.5,Yes,0.0,None
20:35:24.427,Active,405.4,2.4,99.4,12.0,74.9,Yes,0.0,None
20:35:24.842,Active,409.1,2.4,99.4,12.0,75.5,Yes,0.0,None
20:35:25.257,Active,405.7,2.4,98.2,12.0,76.0,Yes,0.0,None
20:35:25.674,Active,408.1,2.4,98.2,12.0,74.9,Yes,0.0,None
20:35:26.090,Active,407.5,2.4,98.2,12.0,74.9,Yes,0.0,None
20:35:26.507,Active,407.8,2.4,98.2,12.0,75.5,Yes,0.0,None
20:35:26.925,Active,409.7,2.4,98.2,12.0,74.9,Yes,0.0,None
20:35:27.339,Active,407.9,2.3,98.8,12.0,75.5,Yes,0.0,None
20:35:27.755,Active,410.2,2.3,99.4,12.0,75.5,Yes,0.0,None
20:35:28.168,Active,407.0,2.3,98.8,12.0,75.5,Yes,0.0,None
20:35:28.584,Active,409.5,2.3,98.8,12.0,75.5,Yes,0.0,None
20:35:29.000,Active,408.8,2.3,98.2,12.0,74.9,Yes,0.0,None
20:35:29.415,Active,408.5,2.3,98.8,12.0,76.0,Yes,0.0,None
20:35:29.833,Active,411.3,2.3,98.8,12.0,76.0,Yes,0.0,None
20:35:30.246,Active,407.3,2.3,98.8,12.0,74.3,Yes,0.0,None
20:35:30.660,Active,407.9,2.3,98.2,12.0,75.5,Yes,0.0,None
20:35:31.076,Active,405.4,2.3,98.2,12.0,74.9,Yes,0.0,None
20:35:31.491,Active,407.9,2.4,98.8,12.0,75.5,Yes,0.0,None
20:36:16.933,Active,428.4,2.4,1.3,12.1,57.3,Yes,0.0,None
20:36:17.345,Active,406.2,2.4,98.8,12.1,59.0,Yes,0.0,None
20:36:17.761,Active,409.7,2.4,98.8,12.1,60.6,Yes,0.0,None
20:36:18.174,Active,407.1,2.4,98.8,12.1,61.1,Yes,0.0,None
20:36:18.589,Active,408.9,2.4,98.8,12.1,61.7,Yes,0.0,None
20:36:19.008,Active,409.4,2.4,98.2,12.1,62.2,Yes,0.0,None
20:36:19.425,Active,407.2,2.4,98.2,12.1,63.4,Yes,0.0,None
20:36:19.837,Active,406.2,2.4,98.8,12.1,63.9,Yes,0.0,None
20:36:20.259,Active,408.3,2.4,97.6,12.1,63.9,Yes,0.0,None
20:36:20.677,Active,411.9,2.4,98.2,12.1,64.5,Yes,0.0,None
20:36:21.095,Active,411.9,2.4,98.2,12.1,65.5,Yes,0.0,None
20:36:21.520,Active,416.5,2.4,97.0,12.1,66.1,Yes,0.0,None
20:36:21.942,Active,414.2,2.4,97.1,12.0,65.5,Yes,0.0,None
20:36:22.371,Active,418.9,2.4,96.5,12.0,66.7,Yes,0.0,None
20:36:22.794,Active,414.5,2.4,97.6,12.1,67.2,Yes,0.0,None
20:36:23.211,Active,408.1,2.4,98.8,12.1,67.2,Yes,0.0,None
20:36:23.628,Active,409.2,2.4,98.2,12.1,68.3,Yes,0.0,None
20:36:24.060,Active,425.7,2.4,98.8,12.1,66.7,Yes,0.0,None
20:36:24.479,Active,408.2,2.4,97.6,12.1,67.8,Yes,0.0,None
20:36:24.895,Active,409.8,2.4,98.8,12.1,67.8,Yes,0.0,None
20:36:25.309,Active,408.5,2.4,98.2,12.1,67.8,Yes,0.0,None
20:36:25.728,Active,408.5,2.4,98.2,12.1,68.8,Yes,0.0,None
20:36:26.140,Active,406.0,2.4,98.8,12.1,69.4,Yes,0.0,None
20:36:26.559,Active,407.9,2.4,97.6,12.1,68.8,Yes,0.0,None
20:36:26.984,Active,417.4,2.4,97.6,12.1,69.4,Yes,0.0,None
20:36:27.397,Active,405.7,2.4,98.2,12.1,69.4,Yes,0.0,None
20:36:27.813,Active,409.8,2.4,98.8,12.1,70.0,Yes,0.0,None
20:36:28.226,Active,407.3,2.4,99.4,12.1,70.0,Yes,0.0,None
20:36:28.649,Active,413.5,2.4,97.6,12.1,70.0,Yes,0.0,None
20:36:29.061,Active,405.3,2.4,98.8,12.0,69.4,Yes,0.0,None
20:36:29.476,Active,404.9,2.4,98.8,12.0,70.0,Yes,0.0,None
20:36:29.893,Active,407.8,2.4,97.6,12.0,70.0,Yes,0.0,None
20:36:30.307,Active,408.6,2.4,98.2,12.0,70.5,Yes,0.0,None
20:36:30.724,Active,408.9,2.4,98.8,12.0,71.6,Yes,0.0,None
20:36:31.141,Active,409.7,2.4,98.8,12.0,70.5,Yes,0.0,None
20:36:31.555,Active,407.9,2.4,98.8,12.0,71.0,Yes,0.0,None
20:36:31.971,Active,410.2,2.4,98.8,12.0,71.0,Yes,0.0,None
20:36:32.387,Active,409.5,2.4,98.2,12.0,71.0,Yes,0.0,None
20:36:32.805,Active,411.4,2.4,98.2,12.0,71.6,Yes,0.0,None
20:36:33.217,Active,406.3,2.4,98.8,12.0,71.6,Yes,0.0,None
20:36:33.630,Active,406.3,2.4,99.4,12.0,72.2,Yes,0.0,None
20:36:34.062,Active,422.8,2.4,96.5,12.0,71.6,Yes,0.0,None
20:36:34.478,Active,406.7,2.4,98.8,12.0,71.6,Yes,0.0,None
20:36:34.909,Active,421.9,2.4,95.9,12.1,72.2,Yes,0.0,None
20:36:35.324,Active,407.0,2.4,98.8,12.1,71.6,Yes,0.0,None
20:36:35.751,Active,421.8,2.4,96.5,12.1,71.6,Yes,0.0,None
20:36:36.169,Active,407.2,2.4,98.2,12.1,72.2,Yes,0.0,None
20:36:36.589,Active,410.4,2.4,98.2,12.1,72.7,Yes,0.0,None
20:36:37.004,Active,408.3,2.4,98.2,12.0,71.6,Yes,0.0,None
20:36:37.428,Active,418.2,2.4,98.2,12.0,73.2,Yes,0.0,None
20:36:37.848,Active,410.9,2.4,98.2,12.0,72.7,Yes,0.0,None
20:36:38.269,Active,413.5,2.4,97.0,12.0,72.7,Yes,0.0,None
20:36:38.684,Active,409.1,2.4,99.4,12.0,73.2,Yes,0.0,None
20:36:39.097,Active,405.7,2.4,98.8,12.0,73.2,Yes,0.0,None
20:36:39.512,Active,406.1,2.4,98.2,12.0,73.2,Yes,0.0,None
20:36:39.928,Active,407.6,2.4,98.8,12.0,72.7,Yes,0.0,None
20:36:40.344,Active,406.0,2.4,98.2,12.0,72.7,Yes,0.0,None
20:36:40.760,Active,408.6,2.4,98.8,12.0,73.2,Yes,0.0,None
20:36:41.172,Active,405.4,2.4,98.8,12.0,73.2,Yes,0.0,None
20:36:41.588,Active,408.7,2.4,99.4,12.0,72.2,Yes,0.0,None
20:36:42.005,Active,410.0,2.4,98.8,12.0,72.7,Yes,0.0,None
20:36:42.419,Active,408.2,2.4,98.8,12.0,73.2,Yes,0.0,None
20:36:42.837,Active,411.2,2.4,99.4,12.0,73.2,Yes,0.0,None
20:36:43.252,Active,408.3,2.4,98.2,12.0,73.8,Yes,0.0,None
20:36:43.674,Active,414.7,2.4,97.6,12.0,73.2,Yes,0.0,None
20:36:44.091,Active,408.1,2.4,98.2,12.0,73.8,Yes,0.0,None
20:36:44.544,Active,445.0,2.4,96.7,12.1,73.2,Yes,0.0,None
20:36:44.961,Active,409.7,2.4,98.2,12.1,73.2,Yes,0.0,None
20:36:45.375,Active,408.5,2.4,98.8,12.1,73.2,Yes,0.0,None
20:36:45.793,Active,412.0,2.4,98.2,12.1,73.2,Yes,0.0,None
20:36:46.206,Active,407.3,2.4,98.8,12.1,73.8,Yes,0.0,None
20:36:46.623,Active,408.2,2.4,98.2,12.1,73.8,Yes,0.0,None
20:36:47.050,Active,418.7,2.4,97.7,12.1,74.3,Yes,0.0,None
20:36:47.468,Active,409.0,2.4,98.2,12.0,73.2,Yes,0.0,None
20:36:47.893,Active,417.6,2.4,97.0,12.0,73.8,Yes,0.0,None
20:36:48.307,Active,406.8,2.4,98.8,12.0,73.8,Yes,0.0,None
20:36:48.722,Active,409.6,2.4,99.4,12.0,73.8,Yes,0.0,None
20:36:49.152,Active,421.8,2.4,97.7,12.0,73.8,Yes,0.0,None
20:36:49.565,Active,406.6,2.4,98.8,12.0,74.3,Yes,0.0,None
20:36:49.979,Active,407.7,2.4,98.8,12.0,74.3,Yes,0.0,None
20:36:50.414,Active,426.2,2.4,95.9,12.0,73.2,Yes,0.0,None
20:36:50.844,Active,420.9,2.4,96.5,12.0,74.9,Yes,0.0,None
20:36:51.259,Active,407.7,2.4,98.8,12.0,74.3,Yes,0.0,None
20:36:51.681,Active,413.9,2.4,97.6,12.0,74.3,Yes,0.0,None
20:36:52.095,Active,407.9,2.4,99.4,12.0,74.9,Yes,0.0,None
20:36:52.528,Active,425.4,2.4,95.3,12.0,74.3,Yes,0.0,None
20:36:52.945,Active,410.1,2.4,98.8,12.0,74.3,Yes,0.0,None
20:36:53.361,Active,408.9,2.4,98.2,12.0,74.3,Yes,0.0,None
20:36:53.780,Active,410.6,2.4,98.8,12.0,76.0,Yes,0.0,None
20:36:54.197,Active,409.5,2.4,98.8,12.0,73.8,Yes,0.0,None
20:36:54.621,Active,418.1,2.4,98.2,12.1,74.3,Yes,0.0,None
20:36:55.041,Active,409.8,2.4,97.6,12.1,73.8,Yes,0.0,None
20:36:55.456,Active,408.2,2.4,98.2,12.1,74.3,Yes,0.0,None
20:36:55.875,Active,408.6,2.4,98.2,12.1,73.8,Yes,0.0,None
20:36:56.291,Active,407.0,2.4,98.2,12.1,74.3,Yes,0.0,None
20:36:56.709,Active,410.0,2.4,98.2,12.1,74.3,Yes,0.0,None
20:36:57.123,Active,407.6,2.4,98.8,12.1,74.9,Yes,0.0,None
20:36:57.540,Active,408.4,2.4,98.2,12.0,74.3,Yes,0.0,None
20:36:57.958,Active,408.5,2.4,98.2,12.0,74.3,Yes,0.0,None
20:36:58.383,Active,417.0,2.4,96.4,12.0,74.3,Yes,0.0,None
20:36:58.801,Active,410.2,2.4,98.8,12.0,74.3,Yes,0.0,None
20:36:59.218,Active,407.3,2.4,98.2,12.0,74.9,Yes,0.0,None
20:36:59.633,Active,406.7,2.4,98.2,12.0,74.9,Yes,0.0,None
20:37:00.046,Active,407.4,2.4,99.4,12.0,74.9,Yes,0.0,None
20:37:00.462,Active,406.1,2.4,98.2,12.0,74.9,Yes,0.0,None
20:37:00.880,Active,408.9,2.4,98.2,12.0,74.9,Yes,0.0,None
20:37:01.297,Active,409.2,2.4,98.8,12.0,74.9,Yes,0.0,None
20:37:01.715,Active,411.9,2.4,98.8,12.0,74.9,Yes,0.0,None
20:37:02.137,Active,416.0,2.4,97.6,12.0,75.5,Yes,0.0,None
20:37:02.574,Active,431.3,2.4,94.3,12.0,74.3,Yes,0.0,None
20:37:02.988,Active,407.4,2.4,99.4,12.0,74.3,Yes,0.0,None
20:37:03.404,Active,407.8,2.4,98.2,12.0,74.9,Yes,0.0,None
20:37:03.825,Active,414.3,2.4,98.2,12.0,74.9,Yes,0.0,None
20:37:04.241,Active,409.2,2.4,98.8,12.0,74.3,Yes,0.0,None
20:37:04.654,Active,407.4,2.4,98.8,12.0,76.0,Yes,0.0,None
20:37:05.087,Active,423.1,2.4,98.8,12.1,75.5,Yes,0.0,None
20:37:05.505,Active,406.8,2.4,98.2,12.1,74.9,Yes,0.0,None
20:37:05.921,Active,409.9,2.4,99.4,12.1,74.9,Yes,0.0,None
20:37:06.334,Active,406.9,2.4,98.2,12.1,75.5,Yes,0.0,None
20:37:06.751,Active,408.3,2.4,98.2,12.1,75.5,Yes,0.0,None
20:37:07.168,Active,410.9,2.4,98.8,12.1,75.5,Yes,0.0,None
20:37:07.582,Active,407.1,2.4,98.8,12.1,74.9,Yes,0.0,None
20:37:08.000,Active,411.5,2.4,98.2,12.1,74.9,Yes,0.0,None
20:37:08.415,Active,407.6,2.4,97.6,12.0,76.5,Yes,0.0,None
20:37:08.855,Active,433.1,2.4,94.8,12.0,75.5,Yes,0.0,None
20:37:09.267,Active,404.8,2.4,98.8,12.0,76.0,Yes,0.0,None
20:37:09.683,Active,408.2,2.4,98.8,12.0,74.9,Yes,0.0,None
20:37:10.100,Active,408.4,2.4,98.2,12.0,76.0,Yes,0.0,None
20:37:10.525,Active,418.4,2.4,97.0,12.0,75.5,Yes,0.0,None
20:37:10.944,Active,409.1,2.4,97.6,12.0,74.9,Yes,0.0,None
20:37:11.360,Active,408.9,2.4,98.8,12.0,74.9,Yes,0.0,None
20:37:11.776,Active,410.7,2.4,98.8,12.0,75.5,Yes,0.0,None
20:37:12.191,Active,407.9,2.4,98.8,12.0,75.5,Yes,0.0,None
20:37:12.602,Active,402.9,2.4,98.8,12.0,75.5,Yes,0.0,None
20:37:13.017,Active,409.1,2.4,100.0,12.0,76.0,Yes,0.0,None
20:37:13.431,Active,408.1,2.4,98.8,12.0,75.5,Yes,0.0,None
20:37:13.850,Active,410.0,2.4,98.2,12.0,76.5,Yes,0.0,None
20:37:14.269,Active,410.8,2.4,98.2,12.0,76.0,Yes,0.0,None
20:37:14.683,Active,407.6,2.4,98.8,12.0,75.5,Yes,0.0,None
20:37:15.112,Active,422.2,2.4,98.8,12.1,76.0,Yes,0.0,None
20:37:15.526,Active,407.4,2.4,98.2,12.1,76.0,Yes,0.0,None
20:37:15.944,Active,410.4,2.4,98.8,12.1,75.5,Yes,0.0,None
20:37:16.362,Active,407.6,2.4,98.2,12.1,76.0,Yes,0.0,None
20:37:16.782,Active,410.9,2.4,98.2,12.1,76.0,Yes,0.0,None
20:38:02.218,Active,419.9,2.4,1.2,12.1,57.9,Yes,0.0,None
20:38:02.627,Active,402.2,2.4,100.0,12.1,59.0,Yes,0.0,None
20:38:03.042,Active,409.6,2.4,100.0,12.1,59.0,Yes,0.0,None
20:38:03.457,Active,405.8,2.4,97.6,12.2,61.1,Yes,0.0,None
20:38:03.873,Active,410.0,2.4,98.8,12.2,62.2,Yes,0.0,None
20:38:04.285,Active,406.2,4.0,98.8,12.2,63.9,Yes,0.0,None
20:38:04.703,Active,407.7,4.0,98.8,12.1,63.9,Yes,0.0,None
20:38:05.111,Active,402.0,4.0,99.4,12.1,65.0,Yes,0.0,None
20:38:05.523,Active,406.7,4.0,100.0,12.2,64.5,Yes,0.0,None
20:38:05.939,Active,410.1,4.0,98.8,12.1,65.0,Yes,0.0,None
20:38:06.364,Active,418.7,4.0,99.4,12.3,65.5,Yes,0.0,None
20:38:06.780,Active,409.3,4.0,98.8,12.3,65.5,Yes,0.0,None
20:38:07.197,Active,409.7,4.0,98.8,12.3,66.1,Yes,0.0,None
20:38:07.614,Active,408.3,4.0,98.2,12.3,66.7,Yes,0.0,None
20:38:08.038,Active,417.9,4.0,99.4,12.3,67.2,Yes,0.0,None
20:38:08.450,Active,406.4,2.4,98.8,12.3,67.2,Yes,0.0,None
20:38:08.863,Active,406.7,2.4,99.4,12.2,67.2,Yes,0.0,None
20:38:09.279,Active,407.1,2.4,98.8,12.2,67.8,Yes,0.0,None
20:38:09.694,Active,409.0,2.4,98.8,12.2,67.8,Yes,0.0,None
20:38:10.111,Active,407.5,2.4,98.2,12.2,68.3,Yes,0.0,None
20:38:10.525,Active,405.5,2.4,98.8,12.2,68.8,Yes,0.0,None
20:38:10.938,Active,407.9,2.4,99.4,12.2,69.4,Yes,0.0,None
20:38:11.351,Active,404.2,2.4,98.8,12.2,69.4,Yes,0.0,None
20:38:11.768,Active,410.6,2.4,98.8,12.2,69.4,Yes,0.0,None
20:38:12.182,Active,408.4,2.4,99.4,12.2,68.8,Yes,0.0,None
20:38:12.599,Active,411.0,2.4,98.8,12.1,69.4,Yes,0.0,None
20:38:13.016,Active,408.7,2.4,98.2,12.2,69.4,Yes,0.0,None
20:38:13.432,Active,408.9,2.4,98.8,12.2,70.0,Yes,0.0,None
20:38:13.852,Active,410.6,2.4,98.2,12.1,70.0,Yes,0.0,None
20:38:14.267,Active,408.1,2.4,98.8,12.1,70.5,Yes,0.0,None
20:38:14.682,Active,407.3,2.4,98.2,12.1,70.5,Yes,0.0,None
20:38:15.101,Active,405.5,2.4,98.2,12.1,70.5,Yes,0.0,None
20:38:15.512,Active,404.7,2.4,98.8,12.1,71.0,Yes,0.0,None
20:38:15.929,Active,411.0,2.4,99.4,12.1,71.0,Yes,0.0,None
20:38:16.445,Active,409.5,2.4,79.5,12.1,71.0,Yes,0.0,None
20:38:16.875,Active,423.9,2.3,98.3,12.1,70.0,Yes,0.0,None
20:38:17.289,Active,408.3,2.3,98.8,12.1,70.5,Yes,0.0,None
20:38:17.710,Active,411.0,2.3,98.2,12.1,71.6,Yes,0.0,None
20:38:18.126,Active,407.2,2.3,98.2,12.1,71.0,Yes,0.0,None
20:38:18.543,Active,407.5,2.3,98.2,12.1,71.0,Yes,0.0,None
20:38:18.955,Active,406.8,2.3,99.4,12.1,72.2,Yes,0.0,None
20:38:19.369,Active,406.2,2.3,98.2,12.1,72.2,Yes,0.0,None
20:38:19.788,Active,410.3,2.3,98.8,12.1,72.2,Yes,0.0,None
20:38:20.209,Active,409.5,2.3,97.6,12.0,71.6,Yes,0.0,None
20:38:20.623,Active,406.7,2.3,98.2,12.1,72.2,Yes,0.0,None
20:38:21.037,Active,408.0,2.4,98.8,12.1,71.6,Yes,0.0,None
20:38:21.450,Active,407.4,2.4,98.8,12.0,72.7,Yes,0.0,None
20:38:21.867,Active,408.1,2.4,98.2,12.0,72.2,Yes,0.0,None
20:38:22.287,Active,407.9,2.4,97.6,12.0,72.2,Yes,0.0,None
20:38:22.708,Active,412.9,2.4,98.8,12.0,72.7,Yes,0.0,None
20:38:23.122,Active,406.5,2.4,97.6,12.0,72.7,Yes,0.0,None
20:38:23.536,Active,405.3,2.4,98.8,12.0,72.2,Yes,0.0,None
20:38:23.950,Active,407.6,2.4,99.4,12.0,73.2,Yes,0.0,None
20:38:24.392,Active,428.5,2.4,94.3,12.0,72.2,Yes,0.0,None
20:38:24.811,Active,412.0,2.4,98.2,12.0,72.7,Yes,0.0,None
20:38:25.229,Active,411.6,2.4,98.2,12.0,73.2,Yes,0.0,None
20:38:25.643,Active,407.7,2.4,98.2,12.0,73.2,Yes,0.0,None
20:38:26.060,Active,410.7,2.4,99.4,12.0,72.2,Yes,0.0,None
20:38:26.477,Active,410.1,2.4,97.6,12.0,73.8,Yes,0.0,None
20:38:26.923,Active,437.6,2.4,97.2,12.1,72.7,Yes,0.0,None
20:38:27.338,Active,407.0,2.4,98.8,12.1,72.7,Yes,0.0,None
20:38:27.761,Active,414.1,2.4,97.6,12.1,73.2,Yes,0.0,None
20:38:28.178,Active,406.5,2.4,98.2,12.1,72.7,Yes,0.0,None
20:38:28.594,Active,407.1,2.4,98.2,12.1,74.9,Yes,0.0,None
20:38:29.015,Active,414.6,2.4,98.2,12.1,73.8,Yes,0.0,None
20:38:29.427,Active,406.0,2.4,98.8,12.1,73.8,Yes,0.0,None
20:38:29.842,Active,409.6,2.4,100.0,12.1,73.2,Yes,0.0,None
20:38:30.254,Active,406.1,2.4,98.8,12.1,74.3,Yes,0.0,None
20:38:30.672,Active,409.3,2.4,99.4,12.0,73.8,Yes,0.0,None
20:38:31.089,Active,409.8,2.4,98.2,12.0,73.8,Yes,0.0,None
20:38:31.500,Active,405.4,2.4,98.8,12.0,73.2,Yes,0.0,None
20:38:31.916,Active,409.8,2.4,98.8,12.0,73.2,Yes,0.0,None
20:38:32.337,Active,413.9,2.4,98.8,12.0,74.3,Yes,0.0,None
20:38:32.764,Active,420.6,2.4,96.5,12.0,73.8,Yes,0.0,None
20:38:33.178,Active,406.7,2.4,98.8,12.0,73.8,Yes,0.0,None
20:38:33.593,Active,408.4,2.4,98.8,12.0,73.8,Yes,0.0,None
20:38:34.013,Active,410.2,2.4,97.6,12.0,74.3,Yes,0.0,None
20:38:34.431,Active,408.3,2.4,98.2,12.0,74.9,Yes,0.0,None
20:38:34.850,Active,408.5,2.4,97.6,12.0,74.3,Yes,0.0,None
20:38:35.264,Active,405.3,2.4,98.2,12.0,74.3,Yes,0.0,None
20:38:35.682,Active,411.4,2.4,98.8,12.0,73.8,Yes,0.0,None
20:38:36.100,Active,408.8,2.4,97.6,12.0,73.8,Yes,0.0,None
20:38:36.512,Active,406.3,2.4,98.8,12.0,73.8,Yes,0.0,None
20:38:36.927,Active,408.1,2.4,99.4,12.0,74.9,Yes,0.0,None
20:38:37.353,Active,419.3,2.4,99.4,12.1,74.9,Yes,0.0,None
20:38:37.783,Active,420.4,2.4,98.3,12.1,75.5,Yes,0.0,None
20:38:38.197,Active,407.0,2.4,98.8,12.1,74.3,Yes,0.0,None
20:38:38.613,Active,408.3,2.4,98.2,12.1,74.3,Yes,0.0,None
20:38:39.028,Active,409.2,2.4,98.8,12.1,74.9,Yes,0.0,None
20:38:39.437,Active,404.1,2.4,99.4,12.1,74.9,Yes,0.0,None
20:38:39.859,Active,408.8,2.4,97.6,12.1,74.3,Yes,0.0,None
20:38:40.287,Active,419.8,2.4,96.5,12.1,74.3,Yes,0.0,None
20:38:40.708,Active,410.9,2.4,98.2,12.1,74.3,Yes,0.0,None
20:38:41.127,Active,408.7,2.4,98.2,12.1,74.3,Yes,0.0,None
20:38:41.541,Active,406.0,2.4,98.2,12.1,74.9,Yes,0.0,None
20:38:41.959,Active,412.2,2.4,98.8,12.1,75.5,Yes,0.0,None
20:38:42.382,Active,416.4,2.4,97.0,12.0,76.5,Yes,0.0,None
20:38:42.809,Active,417.9,2.4,97.1,12.0,74.9,Yes,0.0,None
20:38:43.224,Active,406.1,2.4,98.8,12.0,75.5,Yes,0.0,None
20:38:43.640,Active,408.5,2.4,98.8,12.0,74.3,Yes,0.0,None
20:38:44.055,Active,409.4,2.4,98.2,12.0,74.9,Yes,0.0,None
20:38:44.470,Active,407.1,2.4,98.2,12.0,75.5,Yes,0.0,None
20:38:44.887,Active,408.3,2.4,98.2,12.0,76.0,Yes,0.0,None
20:38:45.301,Active,406.8,2.4,99.4,12.0,74.9,Yes,0.0,None
20:38:45.718,Active,407.2,2.4,98.2,12.0,74.9,Yes,0.0,None
20:38:46.136,Active,408.1,2.4,98.2,12.0,75.5,Yes,0.0,None
20:38:46.551,Active,408.9,2.4,98.8,12.0,75.5,Yes,0.0,None
20:38:46.967,Active,407.7,2.4,98.8,12.0,76.0,Yes,0.0,None
20:38:47.402,Active,426.5,2.4,98.9,12.0,75.5,Yes,0.0,None
20:38:47.823,Active,410.1,2.4,98.2,12.0,75.5,Yes,0.0,None
20:38:48.233,Active,403.6,2.4,99.4,12.0,75.5,Yes,0.0,None
20:38:48.648,Active,405.2,2.4,98.2,12.0,74.9,Yes,0.0,None
20:38:49.063,Active,407.6,2.4,99.4,12.0,75.5,Yes,0.0,None
20:38:49.475,Active,406.6,2.4,99.4,12.0,74.3,Yes,0.0,None
20:38:49.892,Active,410.7,2.4,99.4,12.0,74.9,Yes,0.0,None
20:38:50.307,Active,407.7,2.4,98.2,12.0,74.9,Yes,0.0,None
20:38:50.720,Active,407.3,2.4,98.8,12.0,74.9,Yes,0.0,None
20:38:51.135,Active,404.7,2.4,98.2,12.0,76.0,Yes,0.0,None
20:38:51.546,Active,405.7,2.4,99.4,12.0,76.0,Yes,0.0,None
20:38:51.961,Active,408.9,2.4,99.4,12.0,76.0,Yes,0.0,None
20:38:52.375,Active,407.5,2.4,98.2,12.0,75.5,Yes,0.0,None
20:38:52.795,Active,411.9,2.4,98.2,12.0,74.3,Yes,0.0,None
20:38:53.213,Active,409.6,2.4,98.2,12.0,75.5,Yes,0.0,None
20:38:53.626,Active,407.8,2.4,98.8,12.0,75.5,Yes,0.0,None
20:38:54.041,Active,408.3,2.4,98.8,12.0,75.5,Yes,0.0,None
20:38:54.456,Active,409.6,2.4,98.8,12.0,75.5,Yes,0.0,None
20:38:54.872,Active,408.9,2.4,98.2,12.0,76.0,Yes,0.0,None
20:38:55.291,Active,410.0,2.4,98.2,12.0,76.0,Yes,0.0,None
20:38:55.706,Active,405.7,2.4,98.8,12.0,76.0,Yes,0.0,None
20:38:56.121,Active,406.3,2.4,98.2,12.0,74.9,Yes,0.0,None
20:38:56.535,Active,407.8,2.4,99.4,12.0,76.5,Yes,0.0,None
20:38:56.950,Active,408.8,2.4,98.8,12.0,75.5,Yes,0.0,None
20:38:57.366,Active,407.2,2.4,98.2,12.0,75.5,Yes,0.0,None
20:38:57.806,Active,426.9,2.4,97.2,12.0,75.5,Yes,0.0,None
20:38:58.220,Active,406.7,2.4,98.8,12.0,76.0,Yes,0.0,None
20:38:58.636,Active,406.6,2.4,98.2,12.0,76.0,Yes,0.0,None
20:38:59.054,Active,409.3,2.4,98.2,12.0,76.0,Yes,0.0,None
20:38:59.467,Active,405.6,2.4,98.2,12.0,76.0,Yes,0.0,None
20:38:59.886,Active,411.3,2.4,98.8,12.0,76.0,Yes,0.0,None
20:39:00.301,Active,405.7,2.4,98.8,12.0,76.0,Yes,0.0,None
20:39:00.715,Active,408.1,2.4,98.8,12.0,76.0,Yes,0.0,None
20:39:01.144,Active,417.7,2.4,96.5,12.0,76.0,Yes,0.0,None
20:39:01.558,Active,406.9,2.4,99.4,12.0,76.0,Yes,0.0,None
20:39:01.976,Active,409.2,2.4,98.2,12.0,77.1,Yes,0.0,None
20:39:47.432,Active,441.2,2.4,1.3,12.0,56.8,Yes,0.0,None
20:39:47.848,Active,409.8,11.6,99.4,12.1,58.4,Yes,0.0,None
20:39:48.263,Active,407.4,11.6,98.8,12.1,59.5,Yes,0.0,None
20:39:48.685,Active,413.6,11.6,98.2,12.1,60.6,Yes,0.0,None
20:39:49.112,Active,420.6,11.6,97.7,12.1,62.8,Yes,0.0,None
20:39:49.527,Active,405.4,11.6,98.2,12.2,62.8,Yes,0.0,None
20:39:49.944,Active,409.0,11.6,98.8,12.1,63.4,Yes,0.0,None
20:39:50.361,Active,407.4,11.6,98.2,12.1,64.5,Yes,0.0,None
20:39:50.775,Active,408.4,11.6,98.2,12.1,64.5,Yes,0.0,None
20:39:51.193,Active,409.6,11.6,98.8,12.1,65.0,Yes,0.0,None
20:39:51.606,Active,406.8,11.6,98.2,12.1,65.5,Yes,0.0,None
20:39:52.026,Active,410.2,2.4,98.2,12.1,66.1,Yes,0.0,None
20:39:52.444,Active,408.1,2.4,98.2,12.1,67.2,Yes,0.0,None
20:39:52.863,Active,409.9,2.4,98.2,12.1,66.7,Yes,0.0,None
20:39:53.280,Active,407.5,2.4,98.2,12.1,67.2,Yes,0.0,None
20:39:53.697,Active,410.2,2.4,98.2,12.1,67.2,Yes,0.0,None
20:39:54.115,Active,408.2,2.4,98.2,12.1,67.8,Yes,0.0,None
20:39:54.529,Active,407.0,2.4,98.8,12.1,68.3,Yes,0.0,None
20:39:54.947,Active,409.2,2.4,97.6,12.1,67.8,Yes,0.0,None
20:39:55.360,Active,407.1,2.4,99.4,12.1,68.8,Yes,0.0,None
20:39:55.775,Active,407.5,2.4,98.8,12.1,68.3,Yes,0.0,None
20:39:56.189,Active,406.3,2.4,98.8,12.1,68.8,Yes,0.0,None
20:39:56.609,Active,409.6,2.4,98.2,12.1,70.0,Yes,0.0,None
20:39:57.028,Active,413.4,2.4,97.0,12.0,69.4,Yes,0.0,None
20:39:57.442,Active,406.7,2.4,98.8,12.0,68.8,Yes,0.0,None
20:39:57.860,Active,408.4,2.4,98.2,12.0,69.4,Yes,0.0,None
20:39:58.277,Active,409.7,2.4,98.8,12.0,69.4,Yes,0.0,None
20:39:58.695,Active,412.4,2.4,98.8,12.0,70.5,Yes,0.0,None
20:39:59.120,Active,417.3,2.4,98.2,12.1,70.0,Yes,0.0,None
20:39:59.537,Active,409.6,2.4,98.8,12.1,70.5,Yes,0.0,None
20:39:59.958,Active,415.3,2.4,98.2,12.1,68.3,Yes,0.0,None
20:40:00.375,Active,407.5,2.4,98.2,12.1,70.5,Yes,0.0,None
20:40:00.800,Active,417.2,2.4,97.0,12.1,70.5,Yes,0.0,None
20:40:01.216,Active,408.4,2.4,98.8,12.1,71.6,Yes,0.0,None
20:40:01.631,Active,410.1,2.4,99.4,12.1,70.5,Yes,0.0,None
20:40:02.055,Active,415.9,2.4,97.1,12.0,71.6,Yes,0.0,None
20:40:02.467,Active,405.8,2.4,98.8,12.0,71.0,Yes,0.0,None
20:40:02.909,Active,433.8,2.4,96.0,12.1,70.5,Yes,0.0,None
20:40:03.325,Active,409.9,2.4,97.6,12.1,71.0,Yes,0.0,None
20:40:03.740,Active,409.2,2.4,98.8,12.1,71.6,Yes,0.0,None
20:40:04.160,Active,408.8,2.4,97.6,12.0,71.0,Yes,0.0,None
20:40:04.575,Active,408.2,2.4,98.2,12.0,72.2,Yes,0.0,None
20:40:04.991,Active,409.9,2.4,98.8,12.0,72.2,Yes,0.0,None
20:40:05.412,Active,413.1,2.4,97.6,12.0,72.2,Yes,0.0,None
20:40:05.826,Active,407.5,2.4,99.4,12.0,71.6,Yes,0.0,None
20:40:06.245,Active,406.8,2.4,97.0,12.0,72.2,Yes,0.0,None
20:40:06.660,Active,406.3,2.4,98.2,12.1,72.7,Yes,0.0,None
20:40:07.075,Active,407.8,2.4,98.8,12.1,72.7,Yes,0.0,None
20:40:07.488,Active,405.3,2.4,98.2,12.1,72.7,Yes,0.0,None
20:40:07.913,Active,417.9,2.4,98.8,12.1,72.7,Yes,0.0,None
20:40:08.325,Active,406.0,2.4,98.8,12.1,73.8,Yes,0.0,None
20:40:08.740,Active,408.5,2.4,98.8,12.0,72.2,Yes,0.0,None
20:40:09.153,Active,407.3,2.4,98.8,12.0,72.7,Yes,0.0,None
20:40:09.579,Active,417.4,2.4,97.6,12.1,72.7,Yes,0.0,None
20:40:10.002,Active,414.8,2.4,97.6,12.1,72.7,Yes,0.0,None
20:40:10.418,Active,406.4,2.4,98.2,12.1,73.2,Yes,0.0,None
20:40:10.836,Active,409.8,2.4,98.2,12.1,72.7,Yes,0.0,None
20:40:11.249,Active,406.9,2.4,98.8,12.1,73.2,Yes,0.0,None
20:40:11.664,Active,408.6,2.4,99.4,12.1,72.7,Yes,0.0,None
20:40:12.079,Active,407.7,2.4,98.2,12.1,73.2,Yes,0.0,None
20:40:12.494,Active,407.0,2.4,98.2,12.1,73.2,Yes,0.0,None
20:40:12.913,Active,409.7,2.4,98.2,12.1,72.7,Yes,0.0,None
20:40:13.326,Active,406.7,2.4,98.2,12.1,73.2,Yes,0.0,None
20:40:13.742,Active,410.1,2.4,99.4,12.0,73.8,Yes,0.0,None
20:40:14.169,Active,417.7,2.4,97.1,12.0,73.2,Yes,0.0,None
20:40:14.582,Active,406.5,2.4,98.2,12.0,73.2,Yes,0.0,None
20:40:15.000,Active,408.8,2.4,98.2,12.0,73.2,Yes,0.0,None
20:40:15.411,Active,404.1,2.4,98.8,12.1,73.2,Yes,0.0,None
20:40:15.823,Active,406.4,2.4,99.4,12.1,73.8,Yes,0.0,None
20:40:16.234,Active,404.4,2.4,99.4,12.0,72.7,Yes,0.0,None
20:40:16.647,Active,407.6,2.4,100.0,12.0,74.3,Yes,0.0,None
20:40:17.062,Active,408.3,2.4,98.8,12.0,73.8,Yes,0.0,None
20:40:17.478,Active,410.1,2.4,99.4,12.0,73.8,Yes,0.0,None
20:40:17.901,Active,411.6,2.4,98.2,12.0,73.8,Yes,0.0,None
20:40:18.312,Active,404.8,2.4,98.2,12.0,74.3,Yes,0.0,None
20:40:18.733,Active,413.6,2.4,98.2,12.0,73.2,Yes,0.0,None
20:40:19.149,Active,406.3,2.4,98.2,12.0,75.5,Yes,0.0,None
20:40:19.574,Active,418.4,2.4,98.8,12.1,73.8,Yes,0.0,None
20:40:20.000,Active,418.0,2.4,97.7,12.2,74.3,Yes,0.0,None
20:40:20.414,Active,406.9,2.4,98.2,12.2,74.3,Yes,0.0,None
20:40:20.829,Active,409.5,2.4,98.8,12.2,74.3,Yes,0.0,None
20:40:21.244,Active,405.1,2.4,98.2,12.1,74.3,Yes,0.0,None
20:40:21.675,Active,423.9,2.4,97.1,12.2,73.8,Yes,0.0,None
20:40:22.089,Active,407.5,2.4,98.8,12.2,74.9,Yes,0.0,None
20:40:22.507,Active,408.9,2.4,98.2,12.2,74.3,Yes,0.0,None
20:40:22.923,Active,409.3,2.4,98.2,12.2,73.2,Yes,0.0,None
20:40:23.439,Active,407.6,2.4,80.2,12.1,73.8,Yes,0.0,None
20:40:23.856,Active,409.8,2.4,97.6,12.1,74.3,Yes,0.0,None
20:40:24.273,Active,407.2,2.4,98.8,12.1,74.3,Yes,0.0,None
20:40:24.689,Active,409.7,2.4,98.8,12.1,74.3,Yes,0.0,None
20:40:25.103,Active,407.1,2.4,98.2,12.1,74.3,Yes,0.0,None
20:40:25.518,Active,406.0,2.3,97.6,12.1,74.3,Yes,0.0,None
20:40:25.940,Active,411.5,2.3,98.2,12.1,74.9,Yes,0.0,None
20:40:26.357,Active,409.6,2.3,98.8,12.1,74.9,Yes,0.0,None
20:40:26.772,Active,408.8,2.3,98.2,12.1,74.3,Yes,0.0,None
20:40:27.184,Active,406.1,2.3,98.8,12.1,74.9,Yes,0.0,None
20:40:27.598,Active,407.4,2.3,98.8,12.1,74.3,Yes,0.0,None
20:40:28.016,Active,411.2,2.3,98.8,12.1,74.3,Yes,0.0,None
20:40:28.430,Active,407.8,2.3,98.8,12.1,74.3,Yes,0.0,None
20:40:28.848,Active,411.9,2.3,98.8,12.1,74.9,Yes,0.0,None
20:40:29.274,Active,419.2,2.3,96.5,12.0,74.9,Yes,0.0,None
20:40:29.696,Active,412.9,2.4,97.6,12.0,74.3,Yes,0.0,None
20:40:30.125,Active,422.8,2.4,98.8,12.1,75.5,Yes,0.0,None
20:40:30.540,Active,408.8,2.4,98.8,12.1,74.9,Yes,0.0,None
20:40:30.956,Active,409.0,2.4,98.2,12.1,75.5,Yes,0.0,None
20:40:31.371,Active,407.9,2.4,98.8,12.1,74.9,Yes,0.0,None
20:40:31.791,Active,414.0,2.4,98.8,12.1,74.9,Yes,0.0,None
20:40:32.205,Active,408.5,2.4,98.2,12.1,73.8,Yes,0.0,None
20:40:32.622,Active,408.4,2.4,98.2,12.1,75.5,Yes,0.0,None
20:40:33.034,Active,406.0,2.4,99.4,12.1,75.5,Yes,0.0,None
20:40:33.446,Active,403.2,2.4,99.4,12.1,75.5,Yes,0.0,None
20:40:33.861,Active,409.0,2.4,99.4,12.1,74.3,Yes,0.0,None
20:40:34.277,Active,406.1,2.4,98.2,12.1,74.3,Yes,0.0,None
20:40:34.694,Active,407.5,2.4,98.2,12.1,76.0,Yes,0.0,None
20:40:35.109,Active,405.8,2.4,98.2,12.1,74.9,Yes,0.0,None
20:40:35.529,Active,411.7,2.4,97.6,12.2,74.9,Yes,0.0,None
20:40:35.945,Active,409.9,2.4,98.2,12.2,74.9,Yes,0.0,None
20:40:36.360,Active,409.0,2.4,98.8,12.2,74.3,Yes,0.0,None
20:40:36.780,Active,412.7,2.4,98.8,12.2,74.9,Yes,0.0,None
20:40:37.199,Active,411.6,2.4,97.6,12.2,74.9,Yes,0.0,None
20:40:37.631,Active,424.3,2.4,98.2,12.1,74.9,Yes,0.0,None
20:40:38.046,Active,408.9,2.4,98.8,12.1,75.5,Yes,0.0,None
20:40:38.459,Active,407.4,2.4,98.8,12.1,74.9,Yes,0.0,None
20:40:38.876,Active,410.7,2.4,99.4,12.1,76.0,Yes,0.0,None
20:40:39.289,Active,406.8,2.4,98.8,12.1,75.5,Yes,0.0,None
20:40:39.704,Active,409.3,2.4,98.8,12.1,73.8,Yes,0.0,None
20:40:40.130,Active,419.3,2.4,98.8,12.1,75.5,Yes,0.0,None
20:40:40.566,Active,427.4,2.4,95.4,12.1,76.0,Yes,0.0,None
20:40:40.984,Active,408.7,2.4,98.8,12.1,75.5,Yes,0.0,None
20:40:41.401,Active,409.5,2.4,98.8,12.1,75.5,Yes,0.0,None
20:40:41.818,Active,410.6,2.4,98.2,12.1,75.5,Yes,0.0,None
20:40:42.251,Active,424.2,2.4,95.3,12.0,75.5,Yes,0.0,None
20:40:42.668,Active,410.2,2.4,98.8,12.0,74.9,Yes,0.0,None
20:40:43.084,Active,409.8,2.4,98.8,12.0,75.5,Yes,0.0,None
20:40:43.498,Active,406.9,2.4,98.8,12.0,76.0,Yes,0.0,None
20:40:43.918,Active,411.1,2.4,98.8,12.0,75.5,Yes,0.0,None
20:40:44.330,Active,406.2,2.4,98.8,12.0,76.0,Yes,0.0,None
20:40:44.744,Active,407.4,2.4,99.4,12.0,76.0,Yes,0.0,None
20:40:45.155,Active,405.4,2.4,99.4,12.0,76.0,Yes,0.0,None
20:40:45.571,Active,406.6,2.4,98.2,12.0,75.5,Yes,0.0,None
20:40:45.989,Active,408.6,2.4,97.6,12.0,76.0,Yes,0.0,None
20:40:46.404,Active,405.8,2.4,98.2,12.0,76.5,Yes,0.0,None
20:40:46.824,Active,409.8,2.4,98.8,12.0,76.5,Yes,0.0,None
20:40:47.237,Active,406.3,2.4,98.2,12.0,75.5,Yes,0.0,None
20:41:32.682,Active,427.7,2.4,1.1,12.1,56.8,Yes,0.0,None
20:41:33.097,Active,405.7,2.4,98.8,12.2,58.4,Yes,0.0,None
20:41:33.524,Active,420.9,2.4,96.5,12.2,60.0,Yes,0.0,None
20:41:33.945,Active,413.5,2.4,98.2,12.1,61.1,Yes,0.0,None
20:41:34.357,Active,406.1,2.4,99.4,12.1,62.2,Yes,0.0,None
20:41:34.775,Active,409.5,2.4,97.6,12.2,62.2,Yes,0.0,None
20:41:35.196,Active,413.4,2.4,97.6,12.2,64.5,Yes,0.0,None
20:41:35.608,Active,404.9,3.0,98.8,12.2,63.4,Yes,0.0,None
20:41:36.025,Active,410.3,3.0,99.4,12.2,64.5,Yes,0.0,None
20:41:36.436,Active,405.8,3.0,98.8,12.2,65.0,Yes,0.0,None
20:41:36.856,Active,412.7,3.0,98.2,12.2,65.5,Yes,0.0,None
20:41:37.272,Active,408.7,3.0,98.8,12.1,65.5,Yes,0.0,None
20:41:37.689,Active,411.0,3.0,99.4,12.1,66.1,Yes,0.0,None
20:41:38.101,Active,406.3,3.0,98.8,12.1,66.1,Yes,0.0,None
20:41:38.512,Active,404.6,3.0,98.8,12.1,67.2,Yes,0.0,None
20:41:38.932,Active,409.4,3.0,98.2,12.1,67.2,Yes,0.0,None
20:41:39.350,Active,408.6,3.0,97.6,12.1,68.8,Yes,0.0,None
20:41:39.766,Active,407.0,2.4,98.8,12.1,67.8,Yes,0.0,None
20:41:40.190,Active,414.7,2.4,96.5,12.1,68.3,Yes,0.0,None
20:41:40.606,Active,407.0,2.4,98.8,12.1,68.3,Yes,0.0,None
20:41:41.031,Active,416.1,2.4,97.0,12.1,68.3,Yes,0.0,None
20:41:41.467,Active,428.0,2.4,95.4,12.1,68.8,Yes,0.0,None
20:41:41.899,Active,426.2,2.4,98.8,12.1,68.8,Yes,0.0,None
20:41:42.315,Active,409.8,2.4,99.4,12.2,68.8,Yes,0.0,None
20:41:42.731,Active,407.5,2.4,98.2,12.2,69.4,Yes,0.0,None
20:41:43.146,Active,407.0,2.4,98.2,12.2,70.0,Yes,0.0,None
20:41:43.561,Active,406.5,2.4,98.2,12.2,69.4,Yes,0.0,None
20:41:43.980,Active,408.9,2.4,98.2,12.2,70.5,Yes,0.0,None
20:41:44.393,Active,405.5,2.4,98.8,12.2,71.0,Yes,0.0,None
20:41:44.812,Active,413.1,2.4,99.4,12.2,70.0,Yes,0.0,None
20:41:45.225,Active,406.4,2.4,98.2,12.1,69.4,Yes,0.0,None
20:41:45.641,Active,405.4,2.4,98.2,12.1,70.5,Yes,0.0,None
20:41:46.059,Active,412.3,2.4,98.8,12.1,70.5,Yes,0.0,None
20:41:46.474,Active,408.9,2.4,98.2,12.1,71.0,Yes,0.0,None
20:41:46.889,Active,408.7,2.4,98.8,12.1,70.5,Yes,0.0,None
20:41:47.305,Active,409.8,2.4,99.4,12.1,71.6,Yes,0.0,None
20:41:47.731,Active,420.3,2.4,96.4,12.1,71.0,Yes,0.0,None
20:41:48.151,Active,408.1,2.4,97.6,12.1,70.5,Yes,0.0,None
20:41:48.566,Active,409.3,2.4,98.8,12.1,71.6,Yes,0.0,None
20:41:48.980,Active,407.6,2.4,99.4,12.1,71.0,Yes,0.0,None
20:41:49.396,Active,407.4,2.4,98.2,12.1,71.6,Yes,0.0,None
20:41:49.811,Active,407.2,2.4,98.8,12.1,72.2,Yes,0.0,None
20:41:50.222,Active,405.4,2.4,99.4,12.1,71.6,Yes,0.0,None
20:41:50.635,Active,406.6,2.4,99.4,12.1,71.0,Yes,0.0,None
20:41:51.047,Active,406.2,2.4,99.4,12.0,72.2,Yes,0.0,None
20:41:51.462,Active,409.5,2.4,99.4,12.0,72.2,Yes,0.0,None
20:41:51.894,Active,426.4,2.4,98.3,12.1,72.2,Yes,0.0,None
20:41:52.307,Active,406.4,2.4,98.8,12.1,72.2,Yes,0.0,None
20:41:52.719,Active,406.1,2.4,99.4,12.1,72.7,Yes,0.0,None
20:41:53.131,Active,406.1,2.4,99.4,12.1,72.2,Yes,0.0,None
20:41:53.647,Active,409.7,2.4,79.6,12.1,71.6,Yes,0.0,None
20:41:54.063,Active,406.4,2.4,98.8,12.1,71.0,Yes,0.0,None
20:41:54.480,Active,406.3,2.4,98.8,12.1,71.6,Yes,0.0,None
20:41:54.897,Active,410.9,2.4,98.8,12.1,73.2,Yes,0.0,None
20:41:55.312,Active,408.6,2.4,98.8,12.0,72.7,Yes,0.0,None
20:41:55.727,Active,407.5,2.4,98.2,12.0,71.6,Yes,0.0,None
20:41:56.141,Active,406.3,2.4,98.8,12.0,71.6,Yes,0.0,None
20:41:56.559,Active,407.9,2.4,97.6,12.0,73.2,Yes,0.0,None
20:41:56.976,Active,410.9,2.4,99.4,12.0,72.2,Yes,0.0,None
20:41:57.391,Active,407.1,2.4,98.2,12.0,73.2,Yes,0.0,None
20:41:57.807,Active,407.6,2.4,98.2,12.0,72.7,Yes,0.0,None
20:41:58.223,Active,406.5,2.4,98.2,12.0,72.7,Yes,0.0,None
20:41:58.637,Active,406.2,2.4,98.8,12.0,73.2,Yes,0.0,None
20:41:59.057,Active,413.7,2.4,97.6,12.0,72.7,Yes,0.0,None
20:41:59.470,Active,406.3,2.4,98.8,12.0,73.2,Yes,0.0,None
20:41:59.884,Active,408.1,2.4,99.4,12.0,72.7,Yes,0.0,None
20:42:00.301,Active,407.7,2.4,98.2,12.0,73.2,Yes,0.0,None
20:42:00.717,Active,408.3,2.4,98.2,12.0,73.8,Yes,0.0,None
20:42:01.131,Active,404.9,2.4,98.2,12.0,74.3,Yes,0.0,None
20:42:01.544,Active,406.1,2.4,98.8,12.0,73.8,Yes,0.0,None
20:42:01.961,Active,410.0,2.4,98.8,12.0,73.2,Yes,0.0,None
20:42:02.391,Active,423.8,2.4,98.8,12.0,73.8,Yes,0.0,None
20:42:02.811,Active,413.3,2.4,98.2,12.1,73.2,Yes,0.0,None
20:42:03.228,Active,409.0,2.4,98.8,12.1,75.5,Yes,0.0,None
20:42:03.644,Active,409.3,2.4,98.8,12.1,73.2,Yes,0.0,None
20:42:04.069,Active,419.3,2.4,96.5,12.1,73.2,Yes,0.0,None
20:42:04.484,Active,408.1,2.4,99.4,12.1,73.8,Yes,0.0,None
20:42:04.920,Active,427.8,2.4,95.4,12.1,73.2,Yes,0.0,None
20:42:05.341,Active,414.1,2.4,97.0,12.1,73.8,Yes,0.0,None
20:42:05.760,Active,410.0,2.4,98.2,12.1,74.3,Yes,0.0,None
20:42:06.174,Active,407.2,2.4,98.8,12.1,74.9,Yes,0.0,None
20:42:06.592,Active,408.6,2.4,98.2,12.1,73.8,Yes,0.0,None
20:42:07.007,Active,408.2,2.4,98.8,12.1,74.3,Yes,0.0,None
20:42:07.423,Active,407.7,2.4,98.8,12.1,73.8,Yes,0.0,None
20:42:07.838,Active,408.7,2.4,98.8,12.1,73.8,Yes,0.0,None
20:42:08.257,Active,414.1,2.4,98.8,12.1,75.5,Yes,0.0,None
20:42:08.678,Active,410.3,2.4,98.2,12.1,74.3,Yes,0.0,None
20:42:09.092,Active,406.3,2.4,98.2,12.1,73.8,Yes,0.0,None
20:42:09.506,Active,407.6,2.4,98.8,12.1,73.2,Yes,0.0,None
20:42:09.924,Active,409.0,2.4,98.8,12.1,74.3,Yes,0.0,None
20:42:10.340,Active,406.2,2.4,98.2,12.1,73.8,Yes,0.0,None
20:42:10.758,Active,408.5,2.4,98.2,12.1,74.9,Yes,0.0,None
20:42:11.174,Active,407.4,2.4,98.2,12.0,74.9,Yes,0.0,None
20:42:11.590,Active,406.5,2.4,98.2,12.1,74.9,Yes,0.0,None
20:42:12.007,Active,408.1,2.4,98.2,12.1,74.3,Yes,0.0,None
20:42:12.439,Active,422.9,2.4,98.3,12.1,76.0,Yes,0.0,None
20:42:12.856,Active,409.9,2.4,98.8,12.0,74.3,Yes,0.0,None
20:42:13.272,Active,407.2,2.4,98.2,12.0,74.3,Yes,0.0,None
20:42:13.691,Active,410.0,2.4,98.2,12.0,73.2,Yes,0.0,None
20:42:14.108,Active,407.3,2.4,97.6,12.0,74.3,Yes,0.0,None
20:42:14.526,Active,408.5,2.4,98.2,12.0,74.9,Yes,0.0,None
20:42:14.944,Active,409.5,2.4,98.2,12.0,75.5,Yes,0.0,None
20:42:15.361,Active,406.4,2.4,98.8,12.0,74.9,Yes,0.0,None
20:42:15.779,Active,409.4,2.4,98.2,12.0,75.5,Yes,0.0,None
20:42:16.198,Active,407.2,2.4,98.2,12.0,73.8,Yes,0.0,None
20:42:16.611,Active,407.1,2.4,98.8,12.0,75.5,Yes,0.0,None
20:42:17.031,Active,410.6,2.4,97.6,12.0,74.9,Yes,0.0,None
20:42:17.448,Active,406.3,2.4,98.2,12.0,74.9,Yes,0.0,None
20:42:17.889,Active,431.7,2.4,94.9,12.0,75.5,Yes,0.0,None
20:42:18.308,Active,407.6,2.4,98.2,12.0,74.9,Yes,0.0,None
20:42:18.723,Active,409.1,2.4,99.4,12.0,74.9,Yes,0.0,None
20:42:19.141,Active,410.4,2.4,98.2,12.0,74.9,Yes,0.0,None
20:42:19.554,Active,407.5,2.4,98.2,12.0,74.9,Yes,0.0,None
20:42:19.971,Active,408.8,2.4,98.8,12.0,74.3,Yes,0.0,None
20:42:20.382,Active,405.5,2.4,99.4,12.0,74.9,Yes,0.0,None
20:42:20.798,Active,409.5,2.4,99.4,12.0,75.5,Yes,0.0,None
20:42:21.211,Active,406.2,2.4,98.8,12.0,74.9,Yes,0.0,None
20:42:21.629,Active,408.6,2.4,97.6,12.0,75.5,Yes,0.0,None
20:42:22.043,Active,407.8,2.4,98.8,12.0,76.0,Yes,0.0,None
20:42:22.456,Active,403.7,2.4,98.8,12.0,75.5,Yes,0.0,None
20:42:22.886,Active,423.2,2.4,98.9,12.0,75.5,Yes,0.0,None
20:42:23.303,Active,407.2,2.4,97.6,12.0,74.3,Yes,0.0,None
20:42:23.721,Active,409.6,2.4,98.8,12.0,74.9,Yes,0.0,None
20:42:24.138,Active,407.5,2.4,97.6,12.0,74.9,Yes,0.0,None
20:42:24.553,Active,409.2,2.4,98.8,12.0,75.5,Yes,0.0,None
20:42:24.970,Active,410.5,2.4,98.2,12.0,76.0,Yes,0.0,None
20:42:25.384,Active,407.3,2.4,98.8,12.0,75.5,Yes,0.0,None
20:42:25.800,Active,410.9,2.4,99.4,12.0,74.9,Yes,0.0,None
20:42:26.216,Active,406.9,2.4,98.2,12.0,75.5,Yes,0.0,None
20:42:26.632,Active,407.5,2.4,98.2,12.0,75.5,Yes,0.0,None
20:42:27.050,Active,409.2,2.4,97.6,12.0,75.5,Yes,0.0,None
20:42:27.466,Active,406.3,2.4,98.2,12.0,75.5,Yes,0.0,None
20:42:27.879,Active,407.1,2.4,99.4,12.0,76.0,Yes,0.0,None
20:42:28.295,Active,407.9,2.4,98.2,12.0,74.9,Yes,0.0,None
20:42:28.713,Active,409.8,2.4,98.2,12.0,74.9,Yes,0.0,None
20:42:29.127,Active,407.9,2.4,98.8,12.0,74.9,Yes,0.0,None
20:42:29.540,Active,405.0,2.4,98.2,12.0,75.5,Yes,0.0,None
20:42:29.959,Active,411.9,2.4,98.2,12.0,74.9,Yes,0.0,None
20:42:30.375,Active,408.2,2.4,98.2,12.0,77.1,Yes,0.0,None
20:42:30.793,Active,409.7,2.4,98.8,12.0,75.5,Yes,0.0,None
20:42:31.206,Active,406.1,2.4,98.8,12.0,74.9,Yes,0.0,None
20:42:31.622,Active,406.9,2.4,98.2,12.0,76.0,Yes,0.0,None
20:42:32.040,Active,409.5,2.4,98.2,12.0,75.5,Yes,0.0,None
20:42:32.457,Active,409.7,2.4,98.8,12.0,75.5,Yes,0.0,None
20:43:17.903,Active,432.8,2.4,1.3,12.1,57.3,Yes,0.0,None
20:43:18.320,Active,408.5,2.4,98.2,12.2,57.3,Yes,0.0,None
20:43:18.737,Active,410.0,2.4,98.8,12.2,60.0,Yes,0.0,None
20:43:19.153,Active,410.2,5.9,98.2,12.2,60.6,Yes,0.0,None
20:43:19.581,Active,419.1,5.9,96.5,12.2,61.1,Yes,0.0,None
20:43:20.000,Active,412.6,5.9,99.4,12.2,61.7,Yes,0.0,None
20:43:20.416,Active,408.7,5.9,98.2,12.2,62.8,Yes,0.0,None
20:43:20.836,Active,412.6,5.9,98.8,12.2,63.9,Yes,0.0,None
20:43:21.251,Active,408.0,5.9,98.2,12.2,63.9,Yes,0.0,None
20:43:21.667,Active,408.4,5.9,98.8,12.2,65.0,Yes,0.0,None
20:43:22.081,Active,406.4,5.9,98.8,12.2,65.5,Yes,0.0,None
20:43:22.498,Active,406.4,5.9,98.2,12.1,65.0,Yes,0.0,None
20:43:22.918,Active,408.0,5.9,97.6,12.1,66.1,Yes,0.0,None
20:43:23.332,Active,408.6,2.4,98.8,12.1,66.7,Yes,0.0,None
20:43:23.748,Active,409.0,2.4,99.4,12.1,66.7,Yes,0.0,None
20:43:24.178,Active,422.9,2.4,98.8,12.1,67.2,Yes,0.0,None
20:43:24.593,Active,408.7,2.4,98.8,12.2,68.3,Yes,0.0,None
20:43:25.008,Active,409.6,2.4,98.8,12.1,67.8,Yes,0.0,None
20:43:25.423,Active,407.6,2.4,98.8,12.1,67.8,Yes,0.0,None
20:43:25.837,Active,408.2,2.4,98.8,12.1,67.8,Yes,0.0,None
20:43:26.252,Active,406.7,2.4,98.2,12.1,68.3,Yes,0.0,None
20:43:26.671,Active,409.3,2.4,98.2,12.1,68.8,Yes,0.0,None
20:43:27.090,Active,407.4,2.4,97.6,12.1,68.8,Yes,0.0,None
20:43:27.507,Active,407.0,2.4,98.2,12.1,68.8,Yes,0.0,None
20:43:27.926,Active,409.7,2.4,98.2,12.1,69.4,Yes,0.0,None
20:43:28.340,Active,407.2,2.4,98.8,12.1,69.4,Yes,0.0,None
20:43:28.755,Active,408.3,2.4,98.8,12.1,68.8,Yes,0.0,None
20:43:29.170,Active,407.5,2.4,98.8,12.1,70.0,Yes,0.0,None
20:43:29.588,Active,408.9,2.4,98.2,12.1,69.4,Yes,0.0,None
20:43:30.003,Active,408.0,2.4,98.8,12.1,70.0,Yes,0.0,None
20:43:30.425,Active,414.4,2.4,97.0,12.1,70.5,Yes,0.0,None
20:43:30.852,Active,417.3,2.4,97.0,12.1,71.0,Yes,0.0,None
20:43:31.266,Active,406.5,2.4,98.8,12.0,71.0,Yes,0.0,None
20:43:31.681,Active,409.0,2.4,98.8,12.1,70.0,Yes,0.0,None
20:43:32.100,Active,408.9,2.4,98.2,12.0,71.0,Yes,0.0,None
20:43:32.514,Active,406.5,2.4,98.8,12.0,70.5,Yes,0.0,None
20:43:32.929,Active,409.6,2.4,99.4,12.0,71.0,Yes,0.0,None
20:43:33.448,Active,412.1,2.4,79.2,12.0,71.6,Yes,0.0,None
20:43:33.864,Active,409.3,2.4,98.8,12.0,71.0,Yes,0.0,None
20:43:34.276,Active,406.2,2.4,98.8,12.0,71.0,Yes,0.0,None
20:43:34.700,Active,413.4,2.4,98.8,12.1,70.0,Yes,0.0,None
20:43:35.116,Active,409.8,2.4,98.8,12.1,71.0,Yes,0.0,None
20:43:35.532,Active,409.4,2.4,98.2,12.1,71.6,Yes,0.0,None
20:43:35.943,Active,404.9,2.3,98.8,12.1,72.2,Yes,0.0,None
20:43:36.357,Active,408.0,2.3,99.4,12.1,71.0,Yes,0.0,None
20:43:36.772,Active,408.5,2.3,98.2,12.1,72.2,Yes,0.0,None
20:43:37.189,Active,407.3,2.3,98.2,12.0,72.2,Yes,0.0,None
20:43:37.606,Active,407.5,2.3,98.2,12.0,72.2,Yes,0.0,None
20:43:38.024,Active,409.0,2.3,98.2,12.0,72.2,Yes,0.0,None
20:43:38.449,Active,418.1,2.3,97.1,12.0,72.2,Yes,0.0,None
20:43:38.893,Active,437.8,2.3,96.0,12.0,72.2,Yes,0.0,None
20:43:39.308,Active,408.5,2.3,98.8,12.0,71.0,Yes,0.0,None
20:43:39.721,Active,406.0,2.3,98.2,12.0,72.7,Yes,0.0,None
20:43:40.136,Active,405.7,2.4,98.8,12.0,71.6,Yes,0.0,None
20:43:40.551,Active,407.9,2.4,98.2,12.0,73.2,Yes,0.0,None
20:43:40.967,Active,408.0,2.4,98.2,12.0,73.2,Yes,0.0,None
20:43:41.383,Active,408.0,2.4,98.8,12.0,74.3,Yes,0.0,None
20:43:41.801,Active,411.9,2.4,99.4,12.0,73.2,Yes,0.0,None
20:43:42.216,Active,408.9,2.4,98.2,12.0,72.7,Yes,0.0,None
20:43:42.632,Active,408.9,2.4,98.8,12.0,72.7,Yes,0.0,None
20:43:43.049,Active,411.8,2.4,97.6,12.0,72.7,Yes,0.0,None
20:43:43.463,Active,403.4,2.4,98.2,12.0,73.2,Yes,0.0,None
20:43:43.879,Active,406.1,2.4,98.8,12.0,73.8,Yes,0.0,None
20:43:44.293,Active,405.8,2.4,99.4,12.0,73.2,Yes,0.0,None
20:43:44.726,Active,426.9,2.4,98.9,12.1,73.8,Yes,0.0,None
20:43:45.140,Active,408.3,2.4,98.8,12.1,72.7,Yes,0.0,None
20:43:45.555,Active,408.3,2.4,98.2,12.1,74.9,Yes,0.0,None
20:43:45.972,Active,409.2,2.4,98.8,12.1,73.8,Yes,0.0,None
20:43:46.385,Active,405.7,2.4,98.8,12.1,73.8,Yes,0.0,None
20:43:46.804,Active,408.9,2.4,98.2,12.1,74.3,Yes,0.0,None
20:43:47.220,Active,406.6,2.4,97.6,12.1,73.8,Yes,0.0,None
20:43:47.637,Active,407.1,2.4,98.2,12.1,73.8,Yes,0.0,None
20:43:48.058,Active,412.0,2.4,98.2,12.1,73.8,Yes,0.0,None
20:43:48.474,Active,406.9,2.4,98.2,12.1,73.8,Yes,0.0,None
20:43:48.896,Active,412.5,2.4,98.2,12.0,73.2,Yes,0.0,None
20:43:49.307,Active,405.9,2.4,98.8,12.0,74.9,Yes,0.0,None
20:43:49.724,Active,408.6,2.4,99.4,12.0,73.2,Yes,0.0,None
20:43:50.138,Active,406.7,2.4,98.2,12.1,73.8,Yes,0.0,None
20:43:50.552,Active,405.4,2.4,98.2,12.1,73.8,Yes,0.0,None
20:43:50.970,Active,410.4,2.4,98.8,12.0,73.8,Yes,0.0,None
20:43:51.386,Active,408.2,2.4,98.2,12.0,74.3,Yes,0.0,None
20:43:51.805,Active,409.6,2.4,98.2,12.1,74.3,Yes,0.0,None
20:43:52.219,Active,406.4,2.4,98.2,12.1,74.9,Yes,0.0,None
20:43:52.631,Active,405.0,2.4,98.8,12.1,73.2,Yes,0.0,None
20:43:53.051,Active,410.2,2.4,98.2,12.1,73.8,Yes,0.0,None
20:43:53.468,Active,407.8,2.4,98.2,12.1,74.9,Yes,0.0,None
20:43:53.887,Active,409.4,2.4,98.2,12.1,73.2,Yes,0.0,None
20:43:54.300,Active,406.1,2.4,98.8,12.1,74.9,Yes,0.0,None
20:43:54.720,Active,409.6,2.4,97.6,12.1,74.3,Yes,0.0,None
20:43:55.148,Active,419.8,2.4,98.8,12.1,73.8,Yes,0.0,None
20:43:55.564,Active,405.9,2.4,98.2,12.1,74.3,Yes,0.0,None
20:43:55.985,Active,410.9,2.4,98.2,12.1,74.9,Yes,0.0,None
20:43:56.400,Active,407.9,2.4,98.2,12.1,74.9,Yes,0.0,None
20:43:56.820,Active,410.5,2.4,98.2,12.1,74.9,Yes,0.0,None
20:43:57.238,Active,408.4,2.4,98.2,12.1,74.9,Yes,0.0,None
20:43:57.656,Active,408.4,2.4,98.2,12.0,74.9,Yes,0.0,None
20:43:58.075,Active,407.3,2.4,97.6,12.0,74.3,Yes,0.0,None
20:43:58.492,Active,407.6,2.4,98.2,12.0,74.9,Yes,0.0,None
20:43:58.916,Active,416.8,2.4,97.6,12.0,74.3,Yes,0.0,None
20:43:59.331,Active,407.8,2.4,98.2,12.0,74.3,Yes,0.0,None
20:43:59.746,Active,409.3,2.4,98.8,12.0,74.9,Yes,0.0,None
20:44:00.162,Active,406.8,2.4,98.8,12.0,74.9,Yes,0.0,None
20:44:00.577,Active,405.8,2.4,98.2,12.0,76.0,Yes,0.0,None
20:44:00.992,Active,409.5,2.4,99.4,12.0,74.9,Yes,0.0,None
20:44:01.409,Active,409.7,2.4,98.8,12.0,75.5,Yes,0.0,None
20:44:01.826,Active,409.7,2.4,98.2,12.0,76.0,Yes,0.0,None
20:44:02.240,Active,404.5,2.4,98.2,12.0,74.9,Yes,0.0,None
20:44:02.656,Active,407.0,2.4,97.6,12.0,75.5,Yes,0.0,None
20:44:03.072,Active,406.0,2.4,98.2,12.0,75.5,Yes,0.0,None
20:44:03.490,Active,408.6,2.4,98.2,12.0,74.9,Yes,0.0,None
20:44:03.909,Active,409.0,2.4,98.2,12.0,75.5,Yes,0.0,None
20:44:04.432,Active,415.9,2.4,79.3,12.0,74.9,Yes,0.0,None
20:44:04.852,Active,410.8,2.4,98.8,12.0,75.5,Yes,0.0,None
20:44:05.280,Active,420.8,2.3,98.2,12.1,74.9,Yes,0.0,None
20:44:05.699,Active,409.1,2.3,98.2,12.2,74.9,Yes,0.0,None
20:44:06.117,Active,407.5,2.3,98.2,12.2,75.5,Yes,0.0,None
20:44:06.532,Active,405.6,2.3,97.6,12.2,75.5,Yes,0.0,None
20:44:06.952,Active,409.9,2.3,98.2,12.1,75.5,Yes,0.0,None
20:44:07.365,Active,405.8,2.3,98.8,12.2,74.9,Yes,0.0,None
20:44:07.777,Active,406.0,2.3,99.4,12.1,75.5,Yes,0.0,None
20:44:08.200,Active,416.7,2.3,99.4,12.1,75.5,Yes,0.0,None
20:44:08.613,Active,405.4,2.3,98.8,12.1,74.9,Yes,0.0,None
20:44:09.037,Active,415.7,2.3,97.0,12.1,75.5,Yes,0.0,None
20:44:09.457,Active,409.6,2.4,97.6,12.1,75.5,Yes,0.0,None
20:44:09.872,Active,408.2,2.4,98.2,12.1,76.0,Yes,0.0,None
20:44:10.289,Active,407.4,2.4,98.2,12.1,75.5,Yes,0.0,None
20:44:10.707,Active,409.8,2.4,98.2,12.1,75.5,Yes,0.0,None
20:44:11.123,Active,406.9,2.4,98.8,12.1,76.0,Yes,0.0,None
20:44:11.541,Active,408.6,2.4,97.6,12.1,76.0,Yes,0.0,None
20:44:11.960,Active,409.3,2.4,98.2,12.1,76.0,Yes,0.0,None
20:44:12.377,Active,407.4,2.4,97.6,12.1,76.0,Yes,0.0,None
20:44:12.797,Active,410.6,2.4,98.2,12.1,76.0,Yes,0.0,None
20:44:13.215,Active,408.3,2.4,98.2,12.1,76.0,Yes,0.0,None
20:44:13.634,Active,409.1,2.4,97.6,12.1,76.0,Yes,0.0,None
20:44:14.054,Active,410.4,2.4,98.8,12.1,75.5,Yes,0.0,None
20:44:14.469,Active,407.4,2.4,98.2,12.1,75.5,Yes,0.0,None
20:44:14.883,Active,406.7,2.4,98.8,12.1,76.5,Yes,0.0,None
20:44:15.303,Active,412.1,2.4,98.8,12.1,74.9,Yes,0.0,None
20:44:15.720,Active,410.6,2.4,99.4,12.1,75.5,Yes,0.0,None
20:44:16.140,Active,413.8,2.4,97.6,12.1,75.5,Yes,0.0,None
20:44:16.557,Active,411.1,2.4,98.8,12.1,76.0,Yes,0.0,None
20:44:16.973,Active,409.5,2.4,98.8,12.1,76.0,Yes,0.0,None
20:44:17.386,Active,406.8,2.4,98.8,12.1,76.5,Yes,0.0,None
20:44:17.800,Active,408.2,2.4,99.4,12.0,75.5,Yes,0.0,None
20:45:03.239,Active,424.7,2.4,1.0,12.0,57.3,Yes,0.0,None
20:45:03.656,Active,406.5,2.4,98.8,12.1,59.0,Yes,0.0,None
20:45:04.073,Active,408.4,2.4,98.8,12.1,60.0,Yes,0.0,None
20:45:04.488,Active,408.9,2.4,98.8,12.1,60.6,Yes,0.0,None
20:45:04.922,Active,426.9,2.4,95.4,12.1,62.2,Yes,0.0,None
20:45:05.344,Active,413.4,2.4,97.6,12.1,62.8,Yes,0.0,None
20:45:05.765,Active,415.1,2.4,98.2,12.1,62.8,Yes,0.0,None
20:45:06.180,Active,407.8,2.4,98.8,12.1,63.4,Yes,0.0,None
20:45:06.628,Active,441.0,2.4,97.2,12.1,63.4,Yes,0.0,None
20:45:07.040,Active,405.5,2.4,98.8,12.1,65.5,Yes,0.0,None
20:45:07.452,Active,405.8,2.4,99.4,12.1,66.7,Yes,0.0,None
20:45:07.865,Active,407.2,2.4,100.0,12.1,66.1,Yes,0.0,None
20:45:08.280,Active,407.0,2.4,98.8,12.1,66.7,Yes,0.0,None
20:45:08.697,Active,411.3,2.4,98.2,12.1,66.7,Yes,0.0,None
20:45:09.113,Active,407.1,2.4,98.8,12.1,68.3,Yes,0.0,None
20:45:09.529,Active,409.5,2.4,98.8,12.1,66.7,Yes,0.0,None
20:45:09.944,Active,410.0,2.4,98.2,12.1,67.2,Yes,0.0,None
20:45:10.360,Active,408.4,2.4,98.8,12.1,67.8,Yes,0.0,None
20:45:10.775,Active,409.4,2.4,98.8,12.1,68.3,Yes,0.0,None
20:45:11.192,Active,411.1,2.4,99.4,12.1,68.3,Yes,0.0,None
20:45:11.620,Active,421.2,2.4,95.9,12.1,68.8,Yes,0.0,None
20:45:12.037,Active,409.6,2.4,98.8,12.1,70.0,Yes,0.0,None
20:45:12.452,Active,408.6,2.4,98.8,12.1,68.8,Yes,0.0,None
20:45:12.865,Active,407.1,2.4,99.4,12.1,70.0,Yes,0.0,None
20:45:13.276,Active,405.5,2.4,100.0,12.1,69.4,Yes,0.0,None
20:45:13.692,Active,409.8,2.4,98.8,12.0,71.0,Yes,0.0,None
20:45:14.107,Active,408.2,2.4,98.8,12.0,68.8,Yes,0.0,None
20:45:14.524,Active,407.4,2.4,98.2,12.0,70.5,Yes,0.0,None
20:45:14.944,Active,410.2,2.4,98.2,12.0,70.0,Yes,0.0,None
20:45:15.360,Active,407.0,2.4,97.6,12.0,71.0,Yes,0.0,None
20:45:15.780,Active,410.5,2.4,98.2,12.0,70.5,Yes,0.0,None
20:45:16.193,Active,405.8,2.4,98.2,12.0,71.0,Yes,0.0,None
20:45:16.609,Active,409.7,2.4,98.8,12.0,69.4,Yes,0.0,None
20:45:17.042,Active,426.2,2.4,98.3,12.1,70.5,Yes,0.0,None
20:45:17.459,Active,407.9,2.4,98.2,12.1,71.0,Yes,0.0,None
20:45:17.874,Active,406.8,2.4,98.2,12.1,71.0,Yes,0.0,None
20:45:18.292,Active,409.7,2.4,97.6,12.1,71.0,Yes,0.0,None
20:45:18.712,Active,410.9,2.4,98.2,12.1,71.6,Yes,0.0,None
20:45:19.129,Active,407.5,2.4,98.2,12.1,71.6,Yes,0.0,None
20:45:19.546,Active,406.7,2.4,98.2,12.1,71.6,Yes,0.0,None
20:45:19.964,Active,409.2,2.4,98.2,12.0,71.6,Yes,0.0,None
20:45:20.380,Active,408.1,2.4,98.8,12.0,72.2,Yes,0.0,None
20:45:20.799,Active,409.4,2.4,98.2,12.0,71.6,Yes,0.0,None
20:45:21.218,Active,407.2,2.4,97.0,12.0,72.7,Yes,0.0,None
20:45:21.633,Active,407.5,2.4,98.8,12.0,72.2,Yes,0.0,None
20:45:22.051,Active,410.1,2.4,98.8,12.0,72.2,Yes,0.0,None
20:45:22.468,Active,407.4,2.4,97.6,12.0,72.2,Yes,0.0,None
20:45:22.884,Active,408.6,2.4,98.8,12.0,71.6,Yes,0.0,None
20:45:23.305,Active,409.6,2.4,98.2,12.0,73.2,Yes,0.0,None
20:45:23.722,Active,410.0,2.4,97.6,12.0,72.7,Yes,0.0,None
20:45:24.139,Active,408.9,2.4,98.8,12.0,73.2,Yes,0.0,None
20:45:24.553,Active,408.5,2.4,98.8,12.0,72.2,Yes,0.0,None
20:45:24.971,Active,407.8,2.4,98.2,12.0,72.7,Yes,0.0,None
20:45:25.396,Active,413.0,2.4,96.4,12.0,73.2,Yes,0.0,None
20:45:25.810,Active,406.8,2.4,98.8,12.0,72.7,Yes,0.0,None
20:45:26.225,Active,406.0,2.4,98.8,12.0,72.7,Yes,0.0,None
20:45:26.640,Active,406.5,2.4,98.2,12.0,72.7,Yes,0.0,None
20:45:27.064,Active,417.3,2.4,98.8,12.0,72.2,Yes,0.0,None
20:45:27.481,Active,407.1,2.4,98.2,12.1,72.7,Yes,0.0,None
20:45:27.900,Active,409.9,2.4,98.2,12.2,73.8,Yes,0.0,None
20:45:28.324,Active,417.2,2.4,97.0,12.2,73.2,Yes,0.0,None
20:45:28.751,Active,420.4,2.4,97.1,12.1,73.8,Yes,0.0,None
20:45:29.166,Active,407.5,2.4,98.8,12.1,73.8,Yes,0.0,None
20:45:29.585,Active,412.2,2.4,97.6,12.1,73.2,Yes,0.0,None
20:45:30.004,Active,413.4,2.4,98.2,12.1,73.2,Yes,0.0,None
20:45:30.425,Active,410.2,2.4,98.2,12.1,73.2,Yes,0.0,None
20:45:30.841,Active,409.5,2.4,98.2,12.1,73.2,Yes,0.0,None
20:45:31.255,Active,407.9,2.4,98.8,12.1,73.2,Yes,0.0,None
20:45:31.680,Active,417.1,2.4,97.6,12.1,73.8,Yes,0.0,None
20:45:32.098,Active,408.1,2.4,98.2,12.1,73.8,Yes,0.0,None
20:45:32.513,Active,407.3,2.4,98.2,12.1,73.2,Yes,0.0,None
20:45:32.925,Active,405.7,2.4,98.8,12.0,73.2,Yes,0.0,None
20:45:33.445,Active,413.2,2.4,80.1,12.0,72.7,Yes,0.0,None
20:45:33.859,Active,407.6,2.4,98.2,12.0,73.8,Yes,0.0,None
20:45:34.276,Active,409.0,2.4,98.8,12.0,73.8,Yes,0.0,None
20:45:34.696,Active,413.1,2.4,97.6,12.0,73.8,Yes,0.0,None
20:45:35.107,Active,402.8,2.4,98.8,12.0,74.3,Yes,0.0,None
20:45:35.527,Active,410.5,2.4,98.8,12.0,74.3,Yes,0.0,None
20:45:35.944,Active,408.7,2.4,98.2,12.0,74.3,Yes,0.0,None
20:45:36.360,Active,407.2,2.3,98.8,12.0,73.8,Yes,0.0,None
20:45:36.778,Active,409.3,2.3,98.2,12.0,73.8,Yes,0.0,None
20:45:37.195,Active,407.3,2.3,98.2,12.0,74.9,Yes,0.0,None
20:45:37.622,Active,416.6,2.3,97.7,12.1,74.3,Yes,0.0,None
20:45:38.039,Active,409.3,2.3,98.8,12.1,74.3,Yes,0.0,None
20:45:38.452,Active,407.2,2.3,98.8,12.1,74.3,Yes,0.0,None
20:45:38.871,Active,408.9,2.3,98.2,12.1,74.3,Yes,0.0,None
20:45:39.289,Active,408.1,2.3,97.6,12.0,74.3,Yes,0.0,None
20:45:39.707,Active,408.6,2.3,98.2,12.0,73.8,Yes,0.0,None
20:45:40.122,Active,408.3,2.3,98.2,12.0,74.3,Yes,0.0,None
20:45:40.541,Active,409.6,2.4,98.2,12.0,74.3,Yes,0.0,None
20:45:40.957,Active,409.6,2.4,98.2,12.0,74.3,Yes,0.0,None
20:45:41.374,Active,407.5,2.4,98.2,12.0,74.3,Yes,0.0,None
20:45:41.792,Active,407.9,2.4,98.2,12.0,74.3,Yes,0.0,None
20:45:42.206,Active,406.8,2.4,98.8,12.0,74.9,Yes,0.0,None
20:45:42.620,Active,406.2,2.4,98.8,12.0,74.9,Yes,0.0,None
20:45:43.035,Active,409.2,2.4,98.8,12.0,74.9,Yes,0.0,None
20:45:43.453,Active,408.4,2.4,97.6,12.0,74.3,Yes,0.0,None
20:45:43.875,Active,411.7,2.4,98.2,12.1,74.9,Yes,0.0,None
20:45:44.292,Active,408.7,2.4,98.2,12.1,74.9,Yes,0.0,None
20:45:44.708,Active,409.1,2.4,98.8,12.1,74.3,Yes,0.0,None
20:45:45.123,Active,408.3,2.4,99.4,12.1,74.3,Yes,0.0,None
20:45:45.539,Active,407.6,2.4,98.2,12.1,75.5,Yes,0.0,None
20:45:45.954,Active,409.1,2.4,98.8,12.0,74.3,Yes,0.0,None
20:45:46.368,Active,408.1,2.4,99.4,12.0,74.9,Yes,0.0,None
20:45:46.789,Active,413.7,2.4,97.6,12.1,75.5,Yes,0.0,None
20:45:47.202,Active,407.3,2.4,98.8,12.1,74.9,Yes,0.0,None
20:45:47.627,Active,418.8,2.4,98.8,12.1,75.5,Yes,0.0,None
20:45:48.043,Active,410.2,2.4,98.8,12.1,75.5,Yes,0.0,None
20:45:48.472,Active,422.9,2.4,96.4,12.1,75.5,Yes,0.0,None
20:45:48.891,Active,411.8,2.4,98.8,12.1,74.3,Yes,0.0,None
20:45:49.306,Active,409.3,2.4,98.8,12.1,74.9,Yes,0.0,None
20:45:49.739,Active,426.6,2.4,95.9,12.1,75.5,Yes,0.0,None
20:45:50.152,Active,407.2,2.4,98.8,12.1,75.5,Yes,0.0,None
20:45:50.585,Active,425.5,2.4,95.4,12.1,74.9,Yes,0.0,None
20:45:51.000,Active,408.6,2.4,98.8,12.1,75.5,Yes,0.0,None
20:45:51.418,Active,410.9,2.4,98.2,12.1,76.0,Yes,0.0,None
20:45:51.832,Active,408.3,2.4,99.4,12.1,74.9,Yes,0.0,None
20:45:52.245,Active,405.7,2.4,98.8,12.1,76.5,Yes,0.0,None
20:45:52.661,Active,410.5,2.4,99.4,12.1,74.9,Yes,0.0,None
20:45:53.075,Active,405.9,2.4,97.6,12.1,75.5,Yes,0.0,None
20:45:53.491,Active,407.5,2.4,98.8,12.1,75.5,Yes,0.0,None
20:45:53.908,Active,408.9,2.4,98.2,12.0,74.3,Yes,0.0,None
20:45:54.322,Active,408.6,2.4,99.4,12.0,75.5,Yes,0.0,None
20:45:54.741,Active,410.4,2.4,98.8,12.0,76.5,Yes,0.0,None
20:45:55.156,Active,408.0,2.4,98.8,12.0,75.5,Yes,0.0,None
20:45:55.571,Active,410.0,2.4,99.4,12.0,75.5,Yes,0.0,None
20:45:55.987,Active,408.6,2.4,98.2,12.0,74.9,Yes,0.0,None
20:45:56.403,Active,407.8,2.4,98.2,12.0,76.0,Yes,0.0,None
20:45:56.820,Active,411.0,2.4,98.2,12.0,75.5,Yes,0.0,None
20:45:57.240,Active,412.9,2.4,98.8,12.0,75.5,Yes,0.0,None
20:45:57.655,Active,408.1,2.4,98.2,12.0,74.9,Yes,0.0,None
20:45:58.086,Active,422.9,2.4,98.8,12.0,74.9,Yes,0.0,None
20:45:58.499,Active,407.0,2.4,98.8,12.0,76.5,Yes,0.0,None
20:45:58.918,Active,409.5,2.4,98.2,12.1,75.5,Yes,0.0,None
20:45:59.331,Active,406.5,2.4,98.8,12.1,76.0,Yes,0.0,None
20:45:59.749,Active,408.0,2.4,98.2,12.0,76.0,Yes,0.0,None
20:46:00.163,Active,408.1,2.4,98.2,12.0,75.5,Yes,0.0,None
20:46:00.579,Active,408.0,2.4,98.8,12.0,76.0,Yes,0.0,None
20:46:00.993,Active,408.6,2.4,98.8,12.0,76.5,Yes,0.0,None
20:46:01.413,Active,409.8,2.4,98.8,12.0,75.5,Yes,0.0,None
20:46:01.827,Active,408.4,2.4,98.2,12.0,75.5,Yes,0.0,None
20:46:02.243,Active,407.7,2.4,98.8,12.0,74.9,Yes,0.0,None
20:46:02.659,Active,408.3,2.4,98.8,12.0,76.0,Yes,0.0,None
20:46:03.070,Active,405.2,2.4,99.4,12.0,76.0,Yes,0.0,None
20:46:48.507,Active,422.8,2.4,1.3,12.0,57.9,Yes,0.0,None
20:46:48.917,Active,404.3,2.4,100.0,12.0,59.0,Yes,0.0,None
20:46:49.339,Active,415.5,2.4,99.4,12.2,60.6,Yes,0.0,None
20:46:49.754,Active,409.0,2.4,99.4,12.2,60.6,Yes,0.0,None
20:46:50.170,Active,406.8,2.4,98.2,12.2,61.7,Yes,0.0,None
20:46:50.586,Active,406.3,4.0,98.8,12.2,62.8,Yes,0.0,None
20:46:51.004,Active,408.5,4.0,98.2,12.2,63.4,Yes,0.0,None
20:46:51.421,Active,407.6,4.0,98.2,12.2,63.4,Yes,0.0,None
20:46:51.837,Active,408.4,4.0,98.2,12.2,63.9,Yes,0.0,None
20:46:52.249,Active,405.9,4.0,98.8,12.2,65.0,Yes,0.0,None
20:46:52.670,Active,412.0,4.0,97.0,12.2,65.0,Yes,0.0,None
20:46:53.086,Active,405.9,4.0,98.2,12.2,66.1,Yes,0.0,None
20:46:53.505,Active,408.7,4.0,98.2,12.2,66.1,Yes,0.0,None
20:46:53.930,Active,415.7,4.0,97.6,12.2,66.7,Yes,0.0,None
20:46:54.349,Active,409.7,4.0,98.2,12.2,67.2,Yes,0.0,None
20:46:54.767,Active,411.8,2.4,96.4,12.2,67.2,Yes,0.0,None
20:46:55.186,Active,411.5,2.4,97.6,12.1,67.2,Yes,0.0,None
20:46:55.603,Active,407.8,2.4,98.8,12.1,67.8,Yes,0.0,None
20:46:56.022,Active,410.4,2.4,97.6,12.1,68.3,Yes,0.0,None
20:46:56.440,Active,407.9,2.4,98.2,12.1,68.3,Yes,0.0,None
20:46:56.859,Active,410.0,2.4,97.6,12.1,67.8,Yes,0.0,None
20:46:57.276,Active,407.1,2.4,98.2,12.1,68.8,Yes,0.0,None
20:46:57.696,Active,410.5,2.4,98.2,12.1,68.8,Yes,0.0,None
20:46:58.113,Active,407.6,2.4,98.2,12.0,68.8,Yes,0.0,None
20:46:58.526,Active,407.8,2.4,98.8,12.0,68.8,Yes,0.0,None
20:46:58.946,Active,412.5,2.4,98.8,12.0,68.8,Yes,0.0,None
20:46:59.377,Active,422.8,2.4,98.8,12.1,69.4,Yes,0.0,None
20:46:59.801,Active,413.9,2.4,98.8,12.1,68.8,Yes,0.0,None
20:47:00.213,Active,406.4,2.4,98.2,12.1,70.5,Yes,0.0,None
20:47:00.632,Active,408.0,2.4,98.2,12.1,69.4,Yes,0.0,None
20:47:01.047,Active,408.0,2.4,98.8,12.1,70.5,Yes,0.0,None
20:47:01.460,Active,406.8,2.4,99.4,12.1,70.0,Yes,0.0,None
20:47:01.874,Active,406.9,2.4,98.8,12.1,71.0,Yes,0.0,None
20:47:02.296,Active,412.4,2.4,97.0,12.1,70.5,Yes,0.0,None
20:47:02.712,Active,410.2,2.4,99.4,12.1,71.0,Yes,0.0,None
20:47:03.124,Active,406.3,2.4,98.8,12.1,71.0,Yes,0.0,None
20:47:03.540,Active,409.0,2.4,98.8,12.1,71.0,Yes,0.0,None
20:47:03.961,Active,414.6,2.4,98.8,12.1,71.0,Yes,0.0,None
20:47:04.379,Active,412.3,2.4,98.2,12.1,71.6,Yes,0.0,None
20:47:04.796,Active,410.4,2.4,98.8,12.0,71.6,Yes,0.0,None
20:47:05.217,Active,410.0,2.4,97.6,12.0,71.0,Yes,0.0,None
20:47:05.636,Active,412.9,2.4,97.0,12.0,71.6,Yes,0.0,None
20:47:06.052,Active,410.0,2.4,98.8,12.0,71.0,Yes,0.0,None
20:47:06.467,Active,408.9,2.4,98.8,12.0,71.6,Yes,0.0,None
20:47:06.886,Active,410.6,2.4,98.8,12.0,71.6,Yes,0.0,None
20:47:07.308,Active,408.6,2.4,97.0,12.0,71.6,Yes,0.0,None
20:47:07.720,Active,406.0,2.4,98.8,12.0,71.6,Yes,0.0,None
20:47:08.140,Active,410.1,2.4,97.6,12.0,71.6,Yes,0.0,None
20:47:08.554,Active,407.8,2.4,98.8,12.0,72.2,Yes,0.0,None
20:47:08.969,Active,408.8,2.4,98.8,12.0,72.2,Yes,0.0,None
20:47:09.391,Active,408.2,2.4,97.1,12.0,72.7,Yes,0.0,None
20:47:09.821,Active,424.3,2.4,99.4,12.1,71.6,Yes,0.0,None
20:47:10.243,Active,409.0,2.4,97.6,12.1,72.2,Yes,0.0,None
20:47:10.659,Active,407.8,2.4,98.2,12.1,72.2,Yes,0.0,None
20:47:11.073,Active,406.9,2.4,98.8,12.1,72.7,Yes,0.0,None
20:47:11.494,Active,407.3,2.4,97.1,12.1,71.6,Yes,0.0,None
20:47:11.912,Active,411.0,2.4,99.4,12.1,72.7,Yes,0.0,None
20:47:12.329,Active,407.9,2.4,98.2,12.1,72.7,Yes,0.0,None
20:47:12.749,Active,410.1,2.4,97.6,12.1,72.7,Yes,0.0,None
20:47:13.162,Active,406.9,2.4,99.4,12.1,72.7,Yes,0.0,None
20:47:13.578,Active,407.1,2.4,98.2,12.1,72.7,Yes,0.0,None
20:47:13.996,Active,408.6,2.4,98.2,12.1,73.2,Yes,0.0,None
20:47:14.408,Active,406.6,2.4,98.8,12.1,72.7,Yes,0.0,None
20:47:14.829,Active,411.1,2.4,98.2,12.1,72.7,Yes,0.0,None
20:47:15.243,Active,408.1,2.4,98.2,12.0,72.7,Yes,0.0,None
20:47:15.661,Active,410.1,2.4,98.2,12.0,73.2,Yes,0.0,None
20:47:16.092,Active,422.0,2.4,96.5,12.0,73.2,Yes,0.0,None
20:47:16.507,Active,408.6,2.4,99.4,12.0,73.8,Yes,0.0,None
20:47:16.923,Active,409.7,2.4,98.8,12.0,73.2,Yes,0.0,None
20:47:17.336,Active,406.6,2.4,98.8,12.0,73.8,Yes,0.0,None
20:47:17.751,Active,410.1,2.4,99.4,12.0,73.2,Yes,0.0,None
20:47:18.166,Active,409.1,2.4,98.8,12.0,73.8,Yes,0.0,None
20:47:18.586,Active,413.7,2.4,98.8,12.0,74.9,Yes,0.0,None
20:47:19.000,Active,407.4,2.4,98.8,12.0,73.2,Yes,0.0,None
20:47:19.419,Active,412.6,2.4,97.6,12.0,73.8,Yes,0.0,None
20:47:19.853,Active,427.3,2.4,98.8,12.3,73.2,Yes,0.0,None
20:47:20.265,Active,406.8,2.4,98.8,12.4,73.8,Yes,0.0,None
20:47:20.684,Active,410.3,2.4,98.2,12.4,73.8,Yes,0.0,None
20:47:21.095,Active,404.8,2.4,99.4,12.4,73.2,Yes,0.0,None
20:47:21.508,Active,406.5,2.4,98.8,12.4,73.8,Yes,0.0,None
20:47:21.926,Active,409.7,2.4,98.8,12.3,73.8,Yes,0.0,None
20:47:22.342,Active,406.7,2.4,98.2,12.3,74.3,Yes,0.0,None
20:47:22.760,Active,408.8,2.4,98.2,12.3,73.8,Yes,0.0,None
20:47:23.175,Active,406.9,2.4,98.8,12.3,74.3,Yes,0.0,None
20:47:23.585,Active,402.9,2.4,98.8,12.2,73.8,Yes,0.0,None
20:47:24.095,Active,405.1,2.4,80.9,12.3,73.8,Yes,0.0,None
20:47:24.502,Active,402.0,2.4,99.4,12.3,73.8,Yes,0.0,None
20:47:24.922,Active,408.1,2.4,98.2,12.3,73.8,Yes,0.0,None
20:47:25.334,Active,404.5,2.4,99.4,12.2,74.9,Yes,0.0,None
20:47:25.755,Active,407.5,2.4,98.2,12.2,73.8,Yes,0.0,None
20:47:26.167,Active,406.2,2.4,99.4,12.2,73.8,Yes,0.0,None
20:47:26.579,Active,406.1,2.4,99.4,12.2,74.3,Yes,0.0,None
20:47:26.990,Active,405.7,2.4,99.4,12.2,74.3,Yes,0.0,None
20:47:27.403,Active,406.7,2.4,99.4,12.2,73.8,Yes,0.0,None
20:47:27.815,Active,406.3,2.4,99.4,12.1,74.3,Yes,0.0,None
20:47:28.227,Active,404.8,2.4,98.8,12.1,75.5,Yes,0.0,None
20:47:28.639,Active,404.8,2.4,99.4,12.1,74.3,Yes,0.0,None
20:47:29.055,Active,408.2,2.4,99.4,12.1,74.3,Yes,0.0,None
20:47:29.470,Active,407.6,2.4,98.8,12.1,74.3,Yes,0.0,None
20:47:29.923,Active,443.6,2.4,93.4,12.1,74.9,Yes,0.0,None
20:47:30.347,Active,418.1,2.4,99.4,12.2,74.3,Yes,0.0,None
20:47:30.759,Active,406.1,2.4,99.4,12.2,74.3,Yes,0.0,None
20:47:31.179,Active,411.6,2.4,98.8,12.2,74.3,Yes,0.0,None
20:47:31.591,Active,406.5,2.4,99.4,12.2,74.3,Yes,0.0,None
20:47:32.007,Active,410.2,2.4,99.4,12.2,74.9,Yes,0.0,None
20:47:32.448,Active,433.3,2.4,94.4,12.1,74.9,Yes,0.0,None
20:47:32.864,Active,409.0,2.4,99.4,12.1,74.9,Yes,0.0,None
20:47:33.276,Active,405.2,2.4,99.4,12.1,74.9,Yes,0.0,None
20:47:33.693,Active,410.1,2.4,98.8,12.1,74.3,Yes,0.0,None
20:47:34.112,Active,410.3,2.4,98.2,12.2,74.9,Yes,0.0,None
20:47:34.529,Active,409.8,2.4,97.6,12.2,74.9,Yes,0.0,None
20:47:34.943,Active,408.4,2.4,98.2,12.2,74.9,Yes,0.0,None
20:47:35.358,Active,408.5,2.4,99.4,12.2,74.9,Yes,0.0,None
20:47:35.785,Active,417.7,2.4,97.0,12.2,74.9,Yes,0.0,None
20:47:36.197,Active,406.4,2.4,98.8,12.2,73.8,Yes,0.0,None
20:47:36.612,Active,404.4,2.4,98.2,12.2,76.0,Yes,0.0,None
20:47:37.025,Active,407.9,2.4,99.4,12.2,76.0,Yes,0.0,None
20:47:37.547,Active,410.6,2.4,78.9,12.1,74.3,Yes,0.0,None
20:47:37.962,Active,407.2,2.4,98.8,12.1,75.5,Yes,0.0,None
20:47:38.375,Active,404.8,2.4,98.8,12.1,75.5,Yes,0.0,None
20:47:38.794,Active,413.0,2.4,99.4,12.1,74.9,Yes,0.0,None
20:47:39.206,Active,406.1,2.4,98.8,12.1,74.9,Yes,0.0,None
20:47:39.618,Active,406.6,2.4,98.8,12.1,73.8,Yes,0.0,None
20:47:40.034,Active,409.9,2.4,99.4,12.1,74.9,Yes,0.0,None
20:47:40.510,Active,470.4,2.4,95.2,12.1,74.3,Yes,0.0,None
20:47:40.928,Active,411.2,2.3,98.8,12.1,74.9,Yes,0.0,None
20:47:41.354,Active,419.0,2.3,95.9,12.1,74.9,Yes,0.0,None
20:47:41.772,Active,408.1,2.3,98.8,12.1,75.5,Yes,0.0,None
20:47:42.188,Active,407.1,2.3,98.2,12.1,75.5,Yes,0.0,None
20:47:42.606,Active,411.1,2.3,98.8,12.1,75.5,Yes,0.0,None
20:47:43.022,Active,410.2,2.3,99.4,12.1,75.5,Yes,0.0,None
20:47:43.435,Active,404.8,2.3,98.8,12.1,76.0,Yes,0.0,None
20:47:43.855,Active,408.6,2.3,98.2,12.1,75.5,Yes,0.0,None
20:47:44.267,Active,404.6,2.3,99.4,12.1,76.0,Yes,0.0,None
20:47:44.684,Active,409.1,2.3,98.8,12.1,75.5,Yes,0.0,None
20:47:45.098,Active,406.5,2.4,99.4,12.1,74.9,Yes,0.0,None
20:47:45.524,Active,417.4,2.4,95.9,12.1,75.5,Yes,0.0,None
20:47:45.944,Active,410.4,2.4,98.2,12.1,75.5,Yes,0.0,None
20:47:46.359,Active,407.7,2.4,98.8,12.0,76.0,Yes,0.0,None
20:47:46.792,Active,424.5,2.4,95.9,12.0,75.5,Yes,0.0,None
20:47:47.209,Active,407.6,2.4,98.2,12.1,75.5,Yes,0.0,None
20:47:47.628,Active,409.2,2.4,98.2,12.1,75.5,Yes,0.0,None
20:47:48.044,Active,408.6,2.4,98.2,12.1,74.9,Yes,0.0,None
20:47:48.460,Active,408.9,2.4,98.2,12.1,75.5,Yes,0.0,None
20:48:33.900,Active,425.7,2.4,1.0,12.1,57.9,Yes,0.0,None
20:48:34.315,Active,404.3,11.8,98.8,12.1,58.4,Yes,0.0,None
20:48:34.731,Active,405.4,11.8,98.2,12.1,60.0,Yes,0.0,None
20:48:35.142,Active,403.9,11.8,99.4,12.1,61.7,Yes,0.0,None
20:48:35.557,Active,408.5,11.8,98.8,12.1,61.7,Yes,0.0,None
20:48:35.976,Active,409.0,11.8,98.2,12.1,62.2,Yes,0.0,None
20:48:36.401,Active,415.1,11.8,97.6,12.1,63.4,Yes,0.0,None
20:48:36.816,Active,410.1,11.8,97.6,12.1,64.5,Yes,0.0,None
20:48:37.233,Active,407.4,11.8,98.2,12.1,64.5,Yes,0.0,None
20:48:37.651,Active,408.2,11.8,98.2,12.1,65.0,Yes,0.0,None
20:48:38.075,Active,417.5,11.8,98.8,12.1,65.0,Yes,0.0,None
20:48:38.486,Active,405.5,2.4,99.4,12.1,66.7,Yes,0.0,None
20:48:38.914,Active,421.9,2.4,97.1,12.1,65.5,Yes,0.0,None
20:48:39.330,Active,406.7,2.4,98.2,12.1,67.2,Yes,0.0,None
20:48:39.748,Active,408.7,2.4,98.2,12.1,66.7,Yes,0.0,None
20:48:40.162,Active,406.7,2.4,98.2,12.1,67.2,Yes,0.0,None
20:48:40.580,Active,409.1,2.4,98.2,12.1,67.8,Yes,0.0,None
20:48:40.993,Active,407.6,2.4,98.8,12.1,68.3,Yes,0.0,None
20:48:41.409,Active,406.6,2.4,98.2,12.0,68.8,Yes,0.0,None
20:48:41.843,Active,424.8,2.4,98.8,12.1,68.3,Yes,0.0,None
20:48:42.256,Active,406.7,2.4,97.6,12.1,68.3,Yes,0.0,None
20:48:42.676,Active,410.0,2.4,98.8,12.1,68.3,Yes,0.0,None
20:48:43.093,Active,407.4,2.4,98.2,12.1,68.3,Yes,0.0,None
20:48:43.508,Active,407.2,2.4,98.2,12.1,69.4,Yes,0.0,None
20:48:43.929,Active,411.6,2.4,97.6,12.1,69.4,Yes,0.0,None
20:48:44.441,Active,405.1,2.4,79.4,12.1,69.4,Yes,0.0,None
20:48:44.860,Active,411.7,2.4,98.8,12.1,70.0,Yes,0.0,None
20:48:45.276,Active,406.9,2.4,98.2,12.1,70.0,Yes,0.0,None
20:48:45.713,Active,431.0,2.4,96.0,12.0,70.0,Yes,0.0,None
20:48:46.130,Active,406.4,2.4,98.2,12.0,70.0,Yes,0.0,None
20:48:46.578,Active,438.7,2.4,93.3,12.0,70.5,Yes,0.0,None
20:48:46.997,Active,408.8,2.3,98.2,12.0,70.5,Yes,0.0,None
20:48:47.412,Active,408.0,2.3,98.2,12.0,70.5,Yes,0.0,None
20:48:47.832,Active,410.1,2.3,98.2,12.0,70.5,Yes,0.0,None
20:48:48.247,Active,408.5,2.3,98.8,12.0,69.4,Yes,0.0,None
20:48:48.689,Active,433.8,2.3,94.3,12.0,70.5,Yes,0.0,None
20:48:49.103,Active,408.5,2.3,98.8,12.0,70.5,Yes,0.0,None
20:48:49.521,Active,409.6,2.3,98.2,12.0,71.0,Yes,0.0,None
20:48:49.961,Active,433.6,2.3,95.4,12.0,71.0,Yes,0.0,None
20:48:50.375,Active,407.5,2.3,98.8,12.0,71.6,Yes,0.0,None
20:48:50.792,Active,409.3,2.3,98.2,12.0,70.5,Yes,0.0,None
20:48:51.211,Active,412.6,2.4,98.2,12.0,71.6,Yes,0.0,None
20:48:51.630,Active,411.4,2.4,98.2,12.0,72.2,Yes,0.0,None
20:48:52.054,Active,414.5,2.4,98.2,12.1,72.2,Yes,0.0,None
20:48:52.482,Active,419.5,2.4,97.0,12.1,72.7,Yes,0.0,None
20:48:52.901,Active,409.2,2.4,98.2,12.1,72.2,Yes,0.0,None
20:48:53.317,Active,409.7,2.4,98.8,12.1,72.2,Yes,0.0,None
20:48:53.747,Active,424.4,2.4,95.9,12.1,72.2,Yes,0.0,None
20:48:54.159,Active,403.9,2.4,98.8,12.1,72.7,Yes,0.0,None
20:48:54.576,Active,408.6,2.4,98.8,12.1,72.2,Yes,0.0,None
20:48:54.992,Active,409.0,2.4,98.8,12.0,71.6,Yes,0.0,None
20:48:55.408,Active,408.4,2.4,98.8,12.1,72.7,Yes,0.0,None
20:48:55.821,Active,407.5,2.4,98.8,12.1,72.7,Yes,0.0,None
20:48:56.237,Active,406.9,2.4,98.8,12.1,72.2,Yes,0.0,None
20:48:56.652,Active,409.0,2.4,98.8,12.1,72.7,Yes,0.0,None
20:48:57.069,Active,409.4,2.4,98.2,12.1,72.7,Yes,0.0,None
20:48:57.498,Active,423.4,2.4,95.9,12.1,73.8,Yes,0.0,None
20:48:57.922,Active,414.8,2.4,97.0,12.1,73.2,Yes,0.0,None
20:48:58.438,Active,406.6,2.4,79.6,12.0,73.2,Yes,0.0,None
20:48:58.857,Active,409.0,2.4,98.2,12.0,72.7,Yes,0.0,None
20:48:59.275,Active,407.0,2.4,98.2,12.0,73.2,Yes,0.0,None
20:48:59.694,Active,409.1,2.3,97.6,12.1,73.2,Yes,0.0,None
20:49:00.108,Active,407.0,2.3,98.8,12.0,73.8,Yes,0.0,None
20:49:00.525,Active,407.4,2.3,98.2,12.0,73.2,Yes,0.0,None
20:49:00.945,Active,410.3,2.3,98.2,12.0,73.2,Yes,0.0,None
20:49:01.359,Active,406.8,2.3,98.2,12.0,73.2,Yes,0.0,None
20:49:01.780,Active,412.0,2.3,98.8,12.0,73.8,Yes,0.0,None
20:49:02.193,Active,407.5,2.3,98.2,12.0,73.2,Yes,0.0,None
20:49:02.625,Active,425.9,2.3,99.4,12.0,74.3,Yes,0.0,None
20:49:03.045,Active,410.0,2.3,97.6,12.0,74.3,Yes,0.0,None
20:49:03.460,Active,406.9,2.3,98.2,12.0,74.3,Yes,0.0,None
20:49:03.876,Active,408.4,2.4,98.2,12.0,73.8,Yes,0.0,None
20:49:04.299,Active,413.2,2.4,98.2,12.0,74.3,Yes,0.0,None
20:49:04.720,Active,411.1,2.4,98.2,12.0,74.9,Yes,0.0,None
20:49:05.133,Active,405.6,2.4,98.2,12.0,73.8,Yes,0.0,None
20:49:05.550,Active,406.9,2.4,98.2,12.0,73.8,Yes,0.0,None
20:49:05.968,Active,408.7,2.4,98.2,12.0,73.8,Yes,0.0,None
20:49:06.385,Active,407.2,2.4,98.2,12.0,74.3,Yes,0.0,None
20:49:06.805,Active,410.3,2.4,98.2,12.0,74.3,Yes,0.0,None
20:49:07.219,Active,407.7,2.4,98.8,12.0,74.3,Yes,0.0,None
20:49:07.633,Active,406.3,2.4,98.2,12.0,73.8,Yes,0.0,None
20:49:08.053,Active,409.4,2.4,98.2,12.0,74.9,Yes,0.0,None
20:49:08.468,Active,407.0,2.4,98.2,12.0,74.9,Yes,0.0,None
20:49:08.892,Active,413.8,2.4,97.6,12.0,73.8,Yes,0.0,None
20:49:09.307,Active,406.9,2.4,98.2,12.0,74.9,Yes,0.0,None
20:49:09.723,Active,409.1,2.4,98.8,12.0,74.3,Yes,0.0,None
20:49:10.140,Active,407.5,2.4,98.2,12.0,74.3,Yes,0.0,None
20:49:10.569,Active,419.6,2.4,95.9,12.0,74.9,Yes,0.0,None
20:49:10.989,Active,409.5,2.4,98.2,12.0,74.9,Yes,0.0,None
20:49:11.402,Active,407.2,2.4,98.8,12.0,74.3,Yes,0.0,None
20:49:11.822,Active,410.1,2.4,97.6,12.0,75.5,Yes,0.0,None
20:49:12.237,Active,405.8,2.4,98.2,12.0,74.9,Yes,0.0,None
20:49:12.673,Active,426.3,2.4,98.3,12.1,75.5,Yes,0.0,None
20:49:13.090,Active,406.8,2.4,98.2,12.1,74.9,Yes,0.0,None
20:49:13.509,Active,409.3,2.4,97.6,12.1,74.9,Yes,0.0,None
20:49:13.923,Active,407.8,2.4,98.8,12.1,74.9,Yes,0.0,None
20:49:14.447,Active,415.7,2.4,78.9,12.1,73.8,Yes,0.0,None
20:49:14.860,Active,407.0,2.4,99.4,12.1,74.9,Yes,0.0,None
20:49:15.273,Active,407.0,2.4,98.8,12.1,74.9,Yes,0.0,None
20:49:15.688,Active,409.2,2.4,99.4,12.1,76.0,Yes,0.0,None
20:49:16.112,Active,417.0,2.4,97.0,12.0,74.9,Yes,0.0,None
20:49:16.528,Active,408.9,2.3,98.8,12.1,74.9,Yes,0.0,None
20:49:16.945,Active,409.9,2.3,98.8,12.0,74.9,Yes,0.0,None
20:49:17.358,Active,407.2,2.3,98.8,12.0,74.3,Yes,0.0,None
20:49:17.774,Active,408.9,2.3,98.8,12.0,73.2,Yes,0.0,None
20:49:18.190,Active,406.5,2.3,98.2,12.0,74.9,Yes,0.0,None
20:49:18.606,Active,407.2,2.3,98.2,12.0,74.9,Yes,0.0,None
20:49:19.023,Active,407.1,2.3,98.2,12.0,75.5,Yes,0.0,None
20:49:19.440,Active,407.9,2.3,98.2,12.0,75.5,Yes,0.0,None
20:49:19.858,Active,409.5,2.3,98.2,12.0,74.9,Yes,0.0,None
20:49:20.274,Active,405.9,2.3,98.2,12.0,75.5,Yes,0.0,None
20:49:20.691,Active,407.5,2.4,98.2,12.0,75.5,Yes,0.0,None
20:49:21.106,Active,405.2,2.4,98.2,12.0,74.9,Yes,0.0,None
20:49:21.521,Active,409.2,2.4,98.8,12.0,76.0,Yes,0.0,None
20:49:21.935,Active,408.3,2.4,98.8,12.0,76.0,Yes,0.0,None
20:49:22.351,Active,409.7,2.4,98.8,12.0,75.5,Yes,0.0,None
20:49:22.772,Active,412.6,2.4,98.2,12.0,74.9,Yes,0.0,None
20:49:23.195,Active,411.6,2.4,98.2,12.1,74.9,Yes,0.0,None
20:49:23.620,Active,416.6,2.4,97.0,12.1,76.0,Yes,0.0,None
20:49:24.035,Active,408.2,2.4,98.8,12.1,76.0,Yes,0.0,None
20:49:24.448,Active,406.4,2.4,99.4,12.1,76.0,Yes,0.0,None
20:49:24.865,Active,410.5,2.4,98.8,12.1,74.9,Yes,0.0,None
20:49:25.278,Active,406.9,2.4,98.2,12.1,76.0,Yes,0.0,None
20:49:25.712,Active,425.3,2.4,96.5,12.1,76.0,Yes,0.0,None
20:49:26.126,Active,407.1,2.4,98.8,12.0,76.0,Yes,0.0,None
20:49:26.542,Active,406.9,2.4,97.6,12.0,76.5,Yes,0.0,None
20:49:26.961,Active,409.1,2.4,98.8,12.0,76.0,Yes,0.0,None
20:49:27.376,Active,407.1,2.4,97.6,12.0,76.0,Yes,0.0,None
20:49:27.793,Active,410.5,2.4,98.8,12.0,76.0,Yes,0.0,None
20:49:28.208,Active,405.9,2.4,98.8,12.0,75.5,Yes,0.0,None
20:49:28.623,Active,408.3,2.4,98.8,12.1,76.0,Yes,0.0,None
20:49:29.040,Active,408.6,2.4,98.2,12.0,76.5,Yes,0.0,None
20:49:29.455,Active,409.5,2.4,99.4,12.0,76.5,Yes,0.0,None
20:49:29.873,Active,409.6,2.4,98.2,12.0,75.5,Yes,0.0,None
20:49:30.286,Active,406.8,2.4,98.2,12.0,75.5,Yes,0.0,None
20:49:30.705,Active,409.9,2.4,98.2,12.0,75.5,Yes,0.0,None
20:49:31.119,Active,407.7,2.4,98.8,12.0,76.0,Yes,0.0,None
20:49:31.535,Active,407.9,2.4,98.8,12.0,76.0,Yes,0.0,None
20:49:31.949,Active,408.4,2.4,98.8,12.0,76.0,Yes,0.0,None
20:49:32.368,Active,408.5,2.4,97.6,12.0,76.0,Yes,0.0,None
20:49:32.785,Active,410.0,2.4,98.2,12.0,75.5,Yes,0.0,None
20:49:33.213,Active,422.2,2.4,98.8,12.0,75.5,Yes,0.0,None
20:49:33.630,Active,407.3,2.4,98.2,12.1,76.0,Yes,0.0,None
20:50:19.072,Active,427.7,2.4,1.3,12.0,57.9,Yes,0.0,None
20:50:19.487,Active,409.6,2.4,99.4,12.1,59.5,Yes,0.0,None
20:50:19.903,Active,409.5,2.4,98.8,12.1,58.4,Yes,0.0,None
20:50:20.317,Active,408.1,2.4,98.8,12.1,61.1,Yes,0.0,None
20:50:20.731,Active,408.4,2.4,98.2,12.1,62.2,Yes,0.0,None
20:50:21.162,Active,420.8,2.4,95.9,12.1,62.8,Yes,0.0,None
20:50:21.581,Active,409.8,2.4,98.8,12.1,62.8,Yes,0.0,None
20:50:21.995,Active,408.1,2.4,98.2,12.1,64.5,Yes,0.0,None
20:50:22.410,Active,407.4,2.7,98.2,12.1,64.5,Yes,0.0,None
20:50:22.829,Active,410.5,2.7,98.8,12.1,65.0,Yes,0.0,None
20:50:23.251,Active,407.4,2.7,97.1,12.0,65.5,Yes,0.0,None
20:50:23.680,Active,420.9,2.7,96.5,12.0,66.1,Yes,0.0,None
20:50:24.104,Active,416.5,2.7,97.6,12.0,66.1,Yes,0.0,None
20:50:24.556,Active,445.2,2.7,95.6,12.1,67.2,Yes,0.0,None
20:50:24.972,Active,409.1,2.7,99.4,12.1,66.7,Yes,0.0,None
20:50:25.391,Active,407.6,2.7,97.6,12.1,67.8,Yes,0.0,None
20:50:25.807,Active,408.2,2.7,98.2,12.1,67.8,Yes,0.0,None
20:50:26.223,Active,408.3,2.7,98.8,12.1,68.3,Yes,0.0,None
20:50:26.639,Active,409.8,2.4,99.4,12.1,67.8,Yes,0.0,None
20:50:27.056,Active,410.7,2.4,98.8,12.1,68.8,Yes,0.0,None
20:50:27.484,Active,420.9,2.4,97.1,12.1,68.8,Yes,0.0,None
20:50:27.904,Active,412.7,2.4,98.8,12.0,69.4,Yes,0.0,None
20:50:28.330,Active,418.4,2.4,96.4,12.0,69.4,Yes,0.0,None
20:50:28.762,Active,423.1,2.4,96.0,12.0,69.4,Yes,0.0,None
20:50:29.178,Active,406.7,2.4,98.2,12.0,70.0,Yes,0.0,None
20:50:29.594,Active,406.9,2.4,98.2,12.0,70.5,Yes,0.0,None
20:50:30.011,Active,408.2,2.4,97.6,12.0,69.4,Yes,0.0,None
20:50:30.425,Active,407.8,2.4,99.4,12.0,70.5,Yes,0.0,None
20:50:30.843,Active,411.3,2.4,98.8,12.0,70.5,Yes,0.0,None
20:50:31.260,Active,408.7,2.4,98.2,12.0,69.4,Yes,0.0,None
20:50:31.682,Active,410.4,2.4,98.2,12.0,70.5,Yes,0.0,None
20:50:32.099,Active,408.0,2.4,98.2,12.0,70.5,Yes,0.0,None
20:50:32.515,Active,407.6,2.4,98.2,12.0,71.6,Yes,0.0,None
20:50:32.934,Active,410.6,2.4,98.2,12.0,71.6,Yes,0.0,None
20:50:33.351,Active,408.0,2.4,98.2,12.0,71.6,Yes,0.0,None
20:50:33.770,Active,409.1,2.4,98.2,12.0,71.0,Yes,0.0,None
20:50:34.185,Active,408.5,2.4,98.8,12.0,71.0,Yes,0.0,None
20:50:34.611,Active,419.9,2.4,98.8,12.1,71.6,Yes,0.0,None
20:50:35.043,Active,423.5,2.4,95.9,12.0,71.6,Yes,0.0,None
20:50:35.459,Active,408.0,2.4,98.2,12.1,72.2,Yes,0.0,None
20:50:35.874,Active,409.2,2.4,98.8,12.1,72.2,Yes,0.0,None
20:50:36.288,Active,407.3,2.4,99.4,12.1,71.6,Yes,0.0,None
20:50:36.704,Active,409.8,2.4,98.8,12.1,72.2,Yes,0.0,None
20:50:37.115,Active,404.3,2.4,99.4,12.1,72.7,Yes,0.0,None
20:50:37.530,Active,407.1,2.4,98.8,12.0,72.7,Yes,0.0,None
20:50:37.956,Active,419.8,2.4,98.8,12.0,72.7,Yes,0.0,None
20:50:38.371,Active,405.5,2.4,98.2,12.0,72.7,Yes,0.0,None
20:50:38.788,Active,410.8,2.4,98.2,12.0,73.2,Yes,0.0,None
20:50:39.202,Active,407.1,2.4,98.8,12.0,72.7,Yes,0.0,None
20:50:39.620,Active,409.1,2.4,97.6,12.0,72.7,Yes,0.0,None
20:50:40.039,Active,408.3,2.4,97.6,12.0,73.2,Yes,0.0,None
20:50:40.453,Active,407.9,2.4,99.4,12.0,72.7,Yes,0.0,None
20:50:40.872,Active,409.1,2.4,97.6,12.0,72.7,Yes,0.0,None
20:50:41.288,Active,408.7,2.4,98.8,12.0,72.2,Yes,0.0,None
20:50:41.720,Active,424.7,2.4,96.5,12.0,73.2,Yes,0.0,None
20:50:42.135,Active,408.0,2.4,98.8,12.0,73.2,Yes,0.0,None
20:50:42.547,Active,405.8,2.4,99.4,12.0,73.2,Yes,0.0,None
20:50:42.963,Active,410.9,2.4,99.4,12.0,73.2,Yes,0.0,None
20:50:43.375,Active,405.1,2.4,98.8,12.0,73.2,Yes,0.0,None
20:50:43.792,Active,410.9,2.4,98.8,12.0,73.2,Yes,0.0,None
20:50:44.209,Active,409.6,2.4,98.8,12.0,73.2,Yes,0.0,None
20:50:44.623,Active,408.3,2.4,98.2,12.1,73.2,Yes,0.0,None
20:50:45.056,Active,423.5,2.4,98.3,12.2,73.2,Yes,0.0,None
20:50:45.470,Active,408.7,2.4,98.8,12.2,73.2,Yes,0.0,None
20:50:45.886,Active,408.3,2.4,98.8,12.2,73.2,Yes,0.0,None
20:50:46.299,Active,406.7,2.4,99.4,12.2,73.8,Yes,0.0,None
20:50:46.714,Active,405.9,2.4,98.2,12.2,73.8,Yes,0.0,None
20:50:47.128,Active,406.1,2.4,99.4,12.2,74.3,Yes,0.0,None
20:50:47.545,Active,409.6,2.4,98.8,12.1,73.8,Yes,0.0,None
20:50:47.964,Active,410.5,2.4,98.2,12.1,73.8,Yes,0.0,None
20:50:48.383,Active,412.0,2.4,98.2,12.1,74.3,Yes,0.0,None
20:50:48.804,Active,412.8,2.4,98.2,12.1,73.8,Yes,0.0,None
20:50:49.225,Active,414.4,2.4,97.6,12.1,73.8,Yes,0.0,None
20:50:49.644,Active,408.8,2.4,98.2,12.1,73.8,Yes,0.0,None
20:50:50.061,Active,408.4,2.4,98.2,12.1,73.8,Yes,0.0,None
20:50:50.481,Active,410.8,2.4,98.8,12.1,73.8,Yes,0.0,None
20:50:50.904,Active,416.9,2.4,97.0,12.1,74.3,Yes,0.0,None
20:50:51.317,Active,406.0,2.4,99.4,12.1,73.8,Yes,0.0,None
20:50:51.732,Active,407.7,2.4,98.8,12.1,74.3,Yes,0.0,None
20:50:52.147,Active,408.0,2.4,99.4,12.1,73.2,Yes,0.0,None
20:50:52.558,Active,405.2,2.4,98.8,12.0,74.9,Yes,0.0,None
20:50:52.975,Active,411.2,2.4,98.8,12.0,74.3,Yes,0.0,None
20:50:53.387,Active,405.6,2.4,99.4,12.0,74.3,Yes,0.0,None
20:50:53.800,Active,406.5,2.4,99.4,12.0,74.3,Yes,0.0,None
20:50:54.217,Active,410.9,2.4,99.4,12.0,73.8,Yes,0.0,None
20:50:54.631,Active,407.9,2.4,98.2,12.0,74.9,Yes,0.0,None
20:50:55.077,Active,437.8,2.4,96.0,12.0,74.3,Yes,0.0,None
20:50:55.490,Active,407.4,2.4,98.8,12.1,74.9,Yes,0.0,None
20:50:55.906,Active,406.6,2.4,98.8,12.1,74.9,Yes,0.0,None
20:50:56.318,Active,406.8,2.4,99.4,12.1,74.9,Yes,0.0,None
20:50:56.740,Active,414.3,2.4,98.8,12.1,74.9,Yes,0.0,None
20:50:57.157,Active,411.2,2.4,98.2,12.1,74.9,Yes,0.0,None
20:50:57.571,Active,408.3,2.4,98.8,12.1,74.3,Yes,0.0,None
20:50:57.998,Active,418.8,2.4,97.1,12.1,74.9,Yes,0.0,None
20:50:58.415,Active,408.2,2.4,98.2,12.1,74.9,Yes,0.0,None
20:50:58.834,Active,412.4,2.4,98.8,12.1,74.3,Yes,0.0,None
20:50:59.251,Active,407.6,2.4,98.2,12.0,74.9,Yes,0.0,None
20:50:59.669,Active,411.8,2.4,98.8,12.0,74.3,Yes,0.0,None
20:51:00.083,Active,408.3,2.4,98.2,12.0,74.9,Yes,0.0,None
20:51:00.496,Active,406.7,2.4,98.8,12.0,74.9,Yes,0.0,None
20:51:00.916,Active,410.3,2.4,97.6,12.0,74.9,Yes,0.0,None
20:51:01.339,Active,416.0,2.4,98.2,12.0,74.9,Yes,0.0,None
20:51:01.756,Active,407.9,2.4,98.2,12.0,76.0,Yes,0.0,None
20:51:02.170,Active,404.3,2.4,98.2,12.0,76.0,Yes,0.0,None
20:51:02.596,Active,420.5,2.4,97.6,12.0,74.9,Yes,0.0,None
20:51:03.013,Active,409.8,2.4,98.2,12.0,74.9,Yes,0.0,None
20:51:03.431,Active,408.5,2.4,98.2,12.0,75.5,Yes,0.0,None
20:51:03.849,Active,409.8,2.4,98.2,12.0,74.9,Yes,0.0,None
20:51:04.262,Active,406.0,2.4,98.2,12.0,74.9,Yes,0.0,None
20:51:04.682,Active,411.8,2.4,98.2,12.0,75.5,Yes,0.0,None
20:51:05.097,Active,405.6,2.4,98.2,12.0,74.9,Yes,0.0,None
20:51:05.519,Active,416.5,2.4,98.2,12.0,76.0,Yes,0.0,None
20:51:05.938,Active,410.7,2.4,98.2,12.0,76.0,Yes,0.0,None
20:51:06.353,Active,406.3,2.4,98.2,12.0,74.9,Yes,0.0,None
20:51:06.772,Active,408.1,2.4,97.6,12.0,75.5,Yes,0.0,None
20:51:07.187,Active,409.4,2.4,99.4,12.0,76.0,Yes,0.0,None
20:51:07.604,Active,408.6,2.4,98.2,12.0,75.5,Yes,0.0,None
20:51:08.024,Active,412.7,2.4,98.2,12.0,76.0,Yes,0.0,None
20:51:08.437,Active,406.2,2.4,98.8,12.0,74.9,Yes,0.0,None
20:51:08.856,Active,412.7,2.4,99.4,12.0,74.9,Yes,0.0,None
20:51:09.273,Active,409.6,2.4,98.2,12.0,75.5,Yes,0.0,None
20:51:09.687,Active,409.0,2.4,98.2,12.0,75.5,Yes,0.0,None
20:51:10.105,Active,407.9,2.4,98.2,12.0,74.3,Yes,0.0,None
20:51:10.518,Active,407.4,2.4,98.2,12.0,76.5,Yes,0.0,None
20:51:10.934,Active,409.7,2.4,98.8,12.0,75.5,Yes,0.0,None
20:51:11.347,Active,404.4,2.4,98.2,12.0,76.0,Yes,0.0,None
20:51:11.764,Active,410.9,2.4,98.8,12.0,75.5,Yes,0.0,None
20:51:12.183,Active,407.9,2.4,97.0,12.0,74.9,Yes,0.0,None
20:51:12.604,Active,414.5,2.4,97.0,12.0,74.9,Yes,0.0,None
20:51:13.045,Active,433.7,2.4,94.8,12.0,76.5,Yes,0.0,None
20:51:13.456,Active,404.8,2.4,98.8,12.0,76.0,Yes,0.0,None
20:51:13.875,Active,412.7,2.4,98.2,12.0,75.5,Yes,0.0,None
20:51:14.311,Active,426.3,2.4,94.8,12.0,75.5,Yes,0.0,None
20:51:14.726,Active,408.3,2.4,98.8,12.0,76.0,Yes,0.0,None
20:51:15.138,Active,403.3,2.4,98.8,12.0,76.0,Yes,0.0,None
20:51:15.562,Active,417.4,2.4,99.4,12.1,75.5,Yes,0.0,None
20:51:15.978,Active,409.7,2.4,99.4,12.1,75.5,Yes,0.0,None
20:51:16.397,Active,405.5,2.4,97.0,12.1,75.5,Yes,0.0,None
20:51:16.811,Active,408.2,2.4,100.0,12.1,76.0,Yes,0.0,None
20:51:17.222,Active,404.6,2.4,99.4,12.1,76.0,Yes,0.0,None
20:51:17.640,Active,411.7,2.4,98.8,12.1,76.0,Yes,0.0,None
20:51:18.060,Active,411.8,2.4,98.2,12.1,76.0,Yes,0.0,None
20:51:18.477,Active,409.2,2.4,98.8,12.1,75.5,Yes,0.0,None
20:51:18.897,Active,413.0,2.4,98.2,12.1,75.5,Yes,0.0,None
20:52:04.332,Active,421.1,2.4,1.0,12.0,57.3,Yes,0.0,None
20:52:04.745,Active,405.7,2.4,98.8,12.1,59.0,Yes,0.0,None
20:52:05.156,Active,405.0,2.4,99.4,12.1,62.2,Yes,0.0,None
20:52:05.574,Active,408.3,2.4,98.8,12.1,60.6,Yes,0.0,None
20:52:05.995,Active,411.6,4.8,98.2,12.1,61.7,Yes,0.0,None
20:52:06.406,Active,405.7,4.8,100.0,12.1,62.8,Yes,0.0,None
20:52:06.842,Active,427.1,4.8,97.7,12.2,63.4,Yes,0.0,None
20:52:07.261,Active,409.7,4.8,97.6,12.2,65.0,Yes,0.0,None
20:52:07.679,Active,411.8,4.8,99.4,12.2,65.0,Yes,0.0,None
20:52:08.096,Active,409.4,4.8,97.6,12.2,63.4,Yes,0.0,None
20:52:08.510,Active,407.2,4.8,98.8,12.2,66.1,Yes,0.0,None
20:52:08.930,Active,411.4,4.8,98.2,12.2,65.5,Yes,0.0,None
20:52:09.345,Active,405.0,4.8,98.8,12.1,66.7,Yes,0.0,None
20:52:09.764,Active,408.6,4.8,98.2,12.1,67.8,Yes,0.0,None
20:52:10.181,Active,409.4,2.4,98.2,12.1,67.2,Yes,0.0,None
20:52:10.610,Active,424.0,2.4,96.5,12.1,67.8,Yes,0.0,None
20:52:11.026,Active,409.2,2.4,98.8,12.1,67.8,Yes,0.0,None
20:52:11.442,Active,407.7,2.4,98.2,12.1,68.3,Yes,0.0,None
20:52:11.857,Active,409.2,2.4,98.8,12.1,69.4,Yes,0.0,None
20:52:12.280,Active,416.7,2.4,98.2,12.1,68.8,Yes,0.0,None
20:52:12.697,Active,409.6,2.4,98.8,12.1,67.8,Yes,0.0,None
20:52:13.121,Active,418.3,2.4,97.0,12.1,69.4,Yes,0.0,None
20:52:13.540,Active,409.2,2.4,98.2,12.1,69.4,Yes,0.0,None
20:52:13.973,Active,427.0,2.4,97.1,12.1,69.4,Yes,0.0,None
20:52:14.412,Active,428.6,2.4,95.4,12.1,70.0,Yes,0.0,None
20:52:14.829,Active,410.1,2.4,98.8,12.1,70.0,Yes,0.0,None
20:52:15.247,Active,409.3,2.4,98.2,12.1,70.0,Yes,0.0,None
20:52:15.665,Active,409.7,2.4,98.8,12.1,70.0,Yes,0.0,None
20:52:16.077,Active,406.8,2.4,98.2,12.1,70.0,Yes,0.0,None
20:52:16.497,Active,409.6,2.4,97.6,12.1,70.5,Yes,0.0,None
20:52:16.911,Active,408.2,2.4,99.4,12.1,71.0,Yes,0.0,None
20:52:17.341,Active,423.1,2.4,98.8,12.1,71.0,Yes,0.0,None
20:52:17.755,Active,408.1,2.4,98.2,12.1,70.5,Yes,0.0,None
20:52:18.169,Active,405.7,2.4,98.8,12.1,71.0,Yes,0.0,None
20:52:18.583,Active,407.9,2.4,98.8,12.1,71.6,Yes,0.0,None
20:52:18.995,Active,406.2,2.4,98.8,12.1,72.2,Yes,0.0,None
20:52:19.407,Active,403.9,2.4,99.4,12.1,72.2,Yes,0.0,None
20:52:19.830,Active,414.7,2.4,97.6,12.1,71.6,Yes,0.0,None
20:52:20.240,Active,404.3,2.4,99.4,12.1,71.6,Yes,0.0,None
20:52:20.654,Active,407.5,2.4,98.8,12.1,72.2,Yes,0.0,None
20:52:21.077,Active,408.9,2.4,96.5,12.1,71.6,Yes,0.0,None
20:52:21.490,Active,406.7,2.4,98.8,12.1,71.6,Yes,0.0,None
20:52:21.924,Active,424.9,2.4,95.3,12.1,71.6,Yes,0.0,None
20:52:22.339,Active,407.8,2.4,98.8,12.1,71.6,Yes,0.0,None
20:52:22.755,Active,407.9,2.4,98.8,12.1,72.2,Yes,0.0,None
20:52:23.168,Active,406.9,2.4,98.8,12.1,72.2,Yes,0.0,None
20:52:23.583,Active,409.6,2.4,98.8,12.1,72.2,Yes,0.0,None
20:52:24.003,Active,410.0,2.4,98.2,12.0,71.6,Yes,0.0,None
20:52:24.416,Active,404.8,2.4,98.2,12.0,72.7,Yes,0.0,None
20:52:24.832,Active,409.8,2.4,99.4,12.0,73.2,Yes,0.0,None
20:52:25.250,Active,411.4,2.4,98.2,12.1,73.2,Yes,0.0,None
20:52:25.673,Active,411.3,2.4,98.2,12.0,72.7,Yes,0.0,None
20:52:26.087,Active,407.4,2.4,98.2,12.0,72.7,Yes,0.0,None
20:52:26.500,Active,406.2,2.4,98.8,12.0,72.7,Yes,0.0,None
20:52:26.918,Active,409.0,2.4,97.6,12.0,73.2,Yes,0.0,None
20:52:27.347,Active,418.9,2.4,98.2,12.2,73.2,Yes,0.0,None
20:52:27.768,Active,413.8,2.4,98.8,12.2,73.2,Yes,0.0,None
20:52:28.187,Active,413.4,2.4,97.6,12.2,73.2,Yes,0.0,None
20:52:28.600,Active,405.3,2.4,98.8,12.2,72.7,Yes,0.0,None
20:52:29.017,Active,409.9,2.4,98.8,12.2,72.7,Yes,0.0,None
20:52:29.430,Active,407.2,2.4,98.8,12.2,73.2,Yes,0.0,None
20:52:29.846,Active,410.5,2.4,99.4,12.2,73.8,Yes,0.0,None
20:52:30.282,Active,429.3,2.4,94.8,12.2,73.2,Yes,0.0,None
20:52:30.699,Active,407.7,2.4,98.8,12.2,73.8,Yes,0.0,None
20:52:31.113,Active,405.8,2.4,98.8,12.2,73.2,Yes,0.0,None
20:52:31.527,Active,408.1,2.4,99.4,12.2,73.2,Yes,0.0,None
20:52:31.944,Active,411.1,2.4,98.8,12.2,73.8,Yes,0.0,None
20:52:32.360,Active,408.7,2.4,98.8,12.1,72.7,Yes,0.0,None
20:52:32.777,Active,409.9,2.4,98.8,12.1,73.8,Yes,0.0,None
20:52:33.207,Active,424.5,2.4,95.9,12.1,73.2,Yes,0.0,None
20:52:33.621,Active,406.7,2.4,98.8,12.1,73.2,Yes,0.0,None
20:52:34.035,Active,407.9,2.4,99.4,12.1,73.2,Yes,0.0,None
20:52:34.455,Active,413.9,2.4,98.8,12.1,74.3,Yes,0.0,None
20:52:34.872,Active,409.2,2.4,98.8,12.1,73.8,Yes,0.0,None
20:52:35.286,Active,407.3,2.4,98.8,12.1,73.8,Yes,0.0,None
20:52:35.736,Active,440.5,2.4,94.4,12.1,74.3,Yes,0.0,None
20:52:36.149,Active,406.2,2.4,98.2,12.1,73.8,Yes,0.0,None
20:52:36.567,Active,407.6,2.4,98.2,12.1,74.3,Yes,0.0,None
20:52:36.983,Active,410.7,2.4,98.8,12.1,73.2,Yes,0.0,None
20:52:37.399,Active,408.5,2.4,98.2,12.1,74.3,Yes,0.0,None
20:52:37.830,Active,424.4,2.4,98.8,12.1,74.9,Yes,0.0,None
20:52:38.262,Active,422.7,2.4,97.7,12.1,74.3,Yes,0.0,None
20:52:38.683,Active,411.9,2.4,98.2,12.1,74.3,Yes,0.0,None
20:52:39.098,Active,406.7,2.4,98.8,12.1,73.8,Yes,0.0,None
20:52:39.514,Active,406.5,2.4,97.6,12.1,73.8,Yes,0.0,None
20:52:39.934,Active,411.2,2.4,98.8,12.1,74.3,Yes,0.0,None
20:52:40.350,Active,410.1,2.4,98.8,12.1,73.8,Yes,0.0,None
20:52:40.768,Active,411.7,2.4,98.8,12.1,74.3,Yes,0.0,None
20:52:41.185,Active,409.6,2.4,98.2,12.0,74.3,Yes,0.0,None
20:52:41.598,Active,406.7,2.4,98.2,12.0,74.3,Yes,0.0,None
20:52:42.015,Active,410.6,2.4,98.2,12.0,74.3,Yes,0.0,None
20:52:42.433,Active,409.7,2.4,98.2,12.0,74.3,Yes,0.0,None
20:52:42.848,Active,409.4,2.4,98.8,12.0,74.3,Yes,0.0,None
20:52:43.262,Active,406.7,2.4,98.8,12.0,74.3,Yes,0.0,None
20:52:43.675,Active,407.1,2.4,98.8,12.0,73.8,Yes,0.0,None
20:52:44.095,Active,411.6,2.4,97.6,12.0,75.5,Yes,0.0,None
20:52:44.508,Active,405.8,2.4,98.8,12.0,74.3,Yes,0.0,None
20:52:44.924,Active,408.4,2.4,98.8,12.0,73.8,Yes,0.0,None
20:52:45.436,Active,404.6,2.4,79.9,12.0,73.8,Yes,0.0,None
20:52:45.852,Active,408.4,2.4,98.8,12.0,73.2,Yes,0.0,None
20:52:46.269,Active,410.3,2.4,99.4,12.0,74.9,Yes,0.0,None
20:52:46.685,Active,409.4,2.4,97.6,12.0,74.9,Yes,0.0,None
20:52:47.097,Active,406.2,2.4,99.4,12.0,75.5,Yes,0.0,None
20:52:47.513,Active,405.6,2.4,98.2,12.0,74.9,Yes,0.0,None
20:52:47.948,Active,428.4,2.3,98.9,12.0,74.9,Yes,0.0,None
20:52:48.361,Active,406.4,2.3,98.8,12.0,74.3,Yes,0.0,None
20:52:48.781,Active,409.6,2.3,98.2,12.0,74.3,Yes,0.0,None
20:52:49.195,Active,408.2,2.3,98.8,12.1,74.9,Yes,0.0,None
20:52:49.610,Active,408.9,2.3,98.8,12.0,73.8,Yes,0.0,None
20:52:50.026,Active,410.2,2.3,99.4,12.0,74.3,Yes,0.0,None
20:52:50.440,Active,407.6,2.3,98.8,12.0,74.9,Yes,0.0,None
20:52:50.872,Active,423.8,2.3,95.9,12.0,74.9,Yes,0.0,None
20:52:51.284,Active,405.4,2.3,99.4,12.0,75.5,Yes,0.0,None
20:52:51.701,Active,411.5,2.3,98.8,12.0,74.9,Yes,0.0,None
20:52:52.112,Active,405.2,2.4,98.8,12.0,75.5,Yes,0.0,None
20:52:52.526,Active,407.6,2.4,100.0,12.0,74.3,Yes,0.0,None
20:52:52.944,Active,409.2,2.4,98.2,12.0,74.9,Yes,0.0,None
20:52:53.358,Active,406.7,2.4,98.2,12.0,74.9,Yes,0.0,None
20:52:53.771,Active,407.4,2.4,99.4,12.0,76.5,Yes,0.0,None
20:52:54.184,Active,406.7,2.4,99.4,12.0,75.5,Yes,0.0,None
20:52:54.598,Active,407.9,2.4,98.8,12.0,76.0,Yes,0.0,None
20:52:55.021,Active,413.9,2.4,97.6,12.0,74.9,Yes,0.0,None
20:52:55.439,Active,407.8,2.4,97.6,12.0,76.0,Yes,0.0,None
20:52:55.858,Active,409.8,2.4,98.8,12.0,75.5,Yes,0.0,None
20:52:56.276,Active,408.8,2.4,98.2,12.0,75.5,Yes,0.0,None
20:52:56.697,Active,413.7,2.4,98.8,12.0,74.3,Yes,0.0,None
20:52:57.117,Active,414.3,2.4,97.6,12.0,74.9,Yes,0.0,None
20:52:57.534,Active,407.1,2.4,97.6,12.0,74.9,Yes,0.0,None
20:52:57.951,Active,410.6,2.4,98.8,12.0,75.5,Yes,0.0,None
20:52:58.380,Active,423.2,2.4,99.4,12.0,75.5,Yes,0.0,None
20:52:58.797,Active,409.7,2.4,98.8,12.0,75.5,Yes,0.0,None
20:52:59.214,Active,408.5,2.4,98.2,12.0,74.9,Yes,0.0,None
20:52:59.628,Active,407.6,2.4,99.4,12.0,75.5,Yes,0.0,None
20:53:00.048,Active,414.2,2.4,97.6,12.0,75.5,Yes,0.0,None
20:53:00.483,Active,429.4,2.4,95.4,12.0,76.0,Yes,0.0,None
20:53:00.908,Active,415.7,2.4,97.6,12.0,75.5,Yes,0.0,None
20:53:01.324,Active,408.4,2.4,98.8,12.0,74.9,Yes,0.0,None
20:53:01.748,Active,416.7,2.4,98.2,12.0,74.9,Yes,0.0,None
20:53:02.160,Active,405.1,2.4,98.8,12.0,76.0,Yes,0.0,None
20:53:02.575,Active,407.7,2.4,99.4,12.0,76.0,Yes,0.0,None
20:53:02.988,Active,405.1,2.4,98.2,12.0,75.5,Yes,0.0,None
20:53:03.399,Active,404.9,2.4,99.4,12.0,75.5,Yes,0.0,None
20:53:03.819,Active,412.2,2.4,98.8,12.0,75.5,Yes,0.0,None
20:53:04.236,Active,408.7,2.4,98.8,12.0,76.0,Yes,0.0,None
